film,keyword,window,week,score,anchor_score,retrieved_at
Suzzanna: Santet Dosa di Atas Dosa,Suzzanna Santet Dosa di Atas Dosa,2020-01-01 2024-12-31,2019-12-29,0,81,2026-10-06T04:39:36.901483+00:00
Suzzanna: Santet Dosa di Atas Dosa,Suzzanna Santet Dosa di Atas Dosa,2020-01-01 2024-12-31,2020-01-05,0,58,2026-10-06T04:39:36.901483+00:00
Suzzanna: Santet Dosa di Atas Dosa,Suzzanna Santet Dosa di Atas Dosa,2020-01-01 2024-12-31,2020-01-12,0,51,2026-10-06T04:39:36.901483+00:00
Suzzanna: Santet Dosa di Atas Dosa,Suzzanna Santet Dosa di Atas Dosa,2020-01-01 2024-12-31,2020-01-19,0,50,2026-10-06T04:39:36.901483+00:00
Suzzanna: Santet Dosa di Atas Dosa,Suzzanna Santet Dosa di Atas Dosa,2020-01-01 2024-12-31,2020-01-26,0,49,2026-10-06T04:39:36.901483+00:00
Suzzanna: Santet Dosa di Atas Dosa,Suzzanna Santet Dosa di Atas Dosa,2020-01-01 2024-12-31,2020-02-02,0,48,2026-10-06T04:39:36.901483+00:00
Suzzanna: Santet Dosa di Atas Dosa,Suzzanna Santet Dosa di Atas Dosa,2020-01-01 2024-12-31,2020-02-09,0,47,2026-10-06T04:39:36.901483+00:00
Suzzanna: Santet Dosa di Atas Dosa,Suzzanna Santet Dosa di Atas Dosa,2020-01-01 2024-12-31,2020-02-16,0,50,2026-10-06T04:39:36.901483+00:00
Suzzanna: Santet Dosa di Atas Dosa,Suzzanna Santet Dosa di Atas Dosa,2020-01-01 2024-12-31,2020-02-23,0,49,2026-10-06T04:39:36.901483+00:00
Suzzanna: Santet Dosa di Atas Dosa,Suzzanna Santet Dosa di Atas Dosa,2020-01-01 2024-12-31,2020-03-01,0,49,2026-10-06T04:39:36.901483+00:00
Suzzanna: Santet Dosa di Atas Dosa,Suzzanna Santet Dosa di Atas Dosa,2020-01-01 2024-12-31,2020-03-08,0,53,2026-10-06T04:39:36.901483+00:00
Suzzanna: Santet Dosa di Atas Dosa,Suzzanna Santet Dosa di Atas Dosa,2020-01-01 2024-12-31,2020-03-15,0,52,2026-10-06T04:39:36.901483+00:00
Suzzanna: Santet Dosa di Atas Dosa,Suzzanna Santet Dosa di Atas Dosa,2020-01-01 2024-12-31,2020-03-22,0,67,2026-10-06T04:39:36.901483+00:00
Suzzanna: Santet Dosa di Atas Dosa,Suzzanna Santet Dosa di Atas Dosa,2020-01-01 2024-12-31,2020-03-29,0,64,2026-10-06T04:39:36.901483+00:00
Suzzanna: Santet Dosa di Atas Dosa,Suzzanna Santet Dosa di Atas Dosa,2020-01-01 2024-12-31,2020-04-05,0,68,2026-10-06T04:39:36.901483+00:00
Suzzanna: Santet Dosa di Atas Dosa,Suzzanna Santet Dosa di Atas Dosa,2020-01-01 2024-12-31,2020-04-12,0,67,2026-10-06T04:39:36.901483+00:00
Suzzanna: Santet Dosa di Atas Dosa,Suzzanna Santet Dosa di Atas Dosa,2020-01-01 2024-12-31,2020-04-19,0,70,2026-10-06T04:39:36.901483+00:00
Suzzanna: Santet Dosa di Atas Dosa,Suzzanna Santet Dosa di Atas Dosa,2020-01-01 2024-12-31,2020-04-26,0,66,2026-10-06T04:39:36.901483+00:00
Suzzanna: Santet Dosa di Atas Dosa,Suzzanna Santet Dosa di Atas Dosa,2020-01-01 2024-12-31,2020-05-03,0,59,2026-10-06T04:39:36.901483+00:00
Suzzanna: Santet Dosa di Atas Dosa,Suzzanna Santet Dosa di Atas Dosa,2020-01-01 2024-12-31,2020-05-10,0,52,2026-10-06T04:39:36.901483+00:00
Suzzanna: Santet Dosa di Atas Dosa,Suzzanna Santet Dosa di Atas Dosa,2020-01-01 2024-12-31,2020-05-17,0,53,2026-10-06T04:39:36.901483+00:00
Suzzanna: Santet Dosa di Atas Dosa,Suzzanna Santet Dosa di Atas Dosa,2020-01-01 2024-12-31,2020-05-24,0,68,2026-10-06T04:39:36.901483+00:00
Suzzanna: Santet Dosa di Atas Dosa,Suzzanna Santet Dosa di Atas Dosa,2020-01-01 2024-12-31,2020-05-31,0,61,2026-10-06T04:39:36.901483+00:00
Suzzanna: Santet Dosa di Atas Dosa,Suzzanna Santet Dosa di Atas Dosa,2020-01-01 2024-12-31,2020-06-07,0,50,2026-10-06T04:39:36.901483+00:00
Suzzanna: Santet Dosa di Atas Dosa,Suzzanna Santet Dosa di Atas Dosa,2020-01-01 2024-12-31,2020-06-14,0,59,2026-10-06T04:39:36.901483+00:00
Suzzanna: Santet Dosa di Atas Dosa,Suzzanna Santet Dosa di Atas Dosa,2020-01-01 2024-12-31,2020-06-21,0,62,2026-10-06T04:39:36.901483+00:00
Suzzanna: Santet Dosa di Atas Dosa,Suzzanna Santet Dosa di Atas Dosa,2020-01-01 2024-12-31,2020-06-28,0,57,2026-10-06T04:39:36.901483+00:00
Suzzanna: Santet Dosa di Atas Dosa,Suzzanna Santet Dosa di Atas Dosa,2020-01-01 2024-12-31,2020-07-05,0,55,2026-10-06T04:39:36.901483+00:00
Suzzanna: Santet Dosa di Atas Dosa,Suzzanna Santet Dosa di Atas Dosa,2020-01-01 2024-12-31,2020-07-12,0,50,2026-10-06T04:39:36.901483+00:00
Suzzanna: Santet Dosa di Atas Dosa,Suzzanna Santet Dosa di Atas Dosa,2020-01-01 2024-12-31,2020-07-19,0,47,2026-10-06T04:39:36.901483+00:00
Suzzanna: Santet Dosa di Atas Dosa,Suzzanna Santet Dosa di Atas Dosa,2020-01-01 2024-12-31,2020-07-26,0,51,2026-10-06T04:39:36.901483+00:00
Suzzanna: Santet Dosa di Atas Dosa,Suzzanna Santet Dosa di Atas Dosa,2020-01-01 2024-12-31,2020-08-02,0,47,2026-10-06T04:39:36.901483+00:00
Suzzanna: Santet Dosa di Atas Dosa,Suzzanna Santet Dosa di Atas Dosa,2020-01-01 2024-12-31,2020-08-09,0,49,2026-10-06T04:39:36.901483+00:00
Suzzanna: Santet Dosa di Atas Dosa,Suzzanna Santet Dosa di Atas Dosa,2020-01-01 2024-12-31,2020-08-16,0,60,2026-10-06T04:39:36.901483+00:00
Suzzanna: Santet Dosa di Atas Dosa,Suzzanna Santet Dosa di Atas Dosa,2020-01-01 2024-12-31,2020-08-23,0,52,2026-10-06T04:39:36.901483+00:00
Suzzanna: Santet Dosa di Atas Dosa,Suzzanna Santet Dosa di Atas Dosa,2020-01-01 2024-12-31,2020-08-30,0,46,2026-10-06T04:39:36.901483+00:00
Suzzanna: Santet Dosa di Atas Dosa,Suzzanna Santet Dosa di Atas Dosa,2020-01-01 2024-12-31,2020-09-06,0,47,2026-10-06T04:39:36.901483+00:00
Suzzanna: Santet Dosa di Atas Dosa,Suzzanna Santet Dosa di Atas Dosa,2020-01-01 2024-12-31,2020-09-13,0,46,2026-10-06T04:39:36.901483+00:00
Suzzanna: Santet Dosa di Atas Dosa,Suzzanna Santet Dosa di Atas Dosa,2020-01-01 2024-12-31,2020-09-20,0,43,2026-10-06T04:39:36.901483+00:00
Suzzanna: Santet Dosa di Atas Dosa,Suzzanna Santet Dosa di Atas Dosa,2020-01-01 2024-12-31,2020-09-27,0,40,2026-10-06T04:39:36.901483+00:00
Suzzanna: Santet Dosa di Atas Dosa,Suzzanna Santet Dosa di Atas Dosa,2020-01-01 2024-12-31,2020-10-04,0,40,2026-10-06T04:39:36.901483+00:00
Suzzanna: Santet Dosa di Atas Dosa,Suzzanna Santet Dosa di Atas Dosa,2020-01-01 2024-12-31,2020-10-11,0,42,2026-10-06T04:39:36.901483+00:00
Suzzanna: Santet Dosa di Atas Dosa,Suzzanna Santet Dosa di Atas Dosa,2020-01-01 2024-12-31,2020-10-18,0,41,2026-10-06T04:39:36.901483+00:00
Suzzanna: Santet Dosa di Atas Dosa,Suzzanna Santet Dosa di Atas Dosa,2020-01-01 2024-12-31,2020-10-25,0,54,2026-10-06T04:39:36.901483+00:00
Suzzanna: Santet Dosa di Atas Dosa,Suzzanna Santet Dosa di Atas Dosa,2020-01-01 2024-12-31,2020-11-01,0,44,2026-10-06T04:39:36.901483+00:00
Suzzanna: Santet Dosa di Atas Dosa,Suzzanna Santet Dosa di Atas Dosa,2020-01-01 2024-12-31,2020-11-08,0,44,2026-10-06T04:39:36.901483+00:00
Suzzanna: Santet Dosa di Atas Dosa,Suzzanna Santet Dosa di Atas Dosa,2020-01-01 2024-12-31,2020-11-15,0,44,2026-10-06T04:39:36.901483+00:00
Suzzanna: Santet Dosa di Atas Dosa,Suzzanna Santet Dosa di Atas Dosa,2020-01-01 2024-12-31,2020-11-22,0,45,2026-10-06T04:39:36.901483+00:00
Suzzanna: Santet Dosa di Atas Dosa,Suzzanna Santet Dosa di Atas Dosa,2020-01-01 2024-12-31,2020-11-29,0,42,2026-10-06T04:39:36.901483+00:00
Suzzanna: Santet Dosa di Atas Dosa,Suzzanna Santet Dosa di Atas Dosa,2020-01-01 2024-12-31,2020-12-06,0,46,2026-10-06T04:39:36.901483+00:00
Suzzanna: Santet Dosa di Atas Dosa,Suzzanna Santet Dosa di Atas Dosa,2020-01-01 2024-12-31,2020-12-13,0,51,2026-10-06T04:39:36.901483+00:00
Suzzanna: Santet Dosa di Atas Dosa,Suzzanna Santet Dosa di Atas Dosa,2020-01-01 2024-12-31,2020-12-20,0,65,2026-10-06T04:39:36.901483+00:00
Suzzanna: Santet Dosa di Atas Dosa,Suzzanna Santet Dosa di Atas Dosa,2020-01-01 2024-12-31,2020-12-27,0,89,2026-10-06T04:39:36.901483+00:00
Suzzanna: Santet Dosa di Atas Dosa,Suzzanna Santet Dosa di Atas Dosa,2020-01-01 2024-12-31,2021-01-03,0,55,2026-10-06T04:39:36.901483+00:00
Suzzanna: Santet Dosa di Atas Dosa,Suzzanna Santet Dosa di Atas Dosa,2020-01-01 2024-12-31,2021-01-10,0,44,2026-10-06T04:39:36.901483+00:00
Suzzanna: Santet Dosa di Atas Dosa,Suzzanna Santet Dosa di Atas Dosa,2020-01-01 2024-12-31,2021-01-17,0,46,2026-10-06T04:39:36.901483+00:00
Suzzanna: Santet Dosa di Atas Dosa,Suzzanna Santet Dosa di Atas Dosa,2020-01-01 2024-12-31,2021-01-24,0,45,2026-10-06T04:39:36.901483+00:00
Suzzanna: Santet Dosa di Atas Dosa,Suzzanna Santet Dosa di Atas Dosa,2020-01-01 2024-12-31,2021-01-31,0,41,2026-10-06T04:39:36.901483+00:00
Suzzanna: Santet Dosa di Atas Dosa,Suzzanna Santet Dosa di Atas Dosa,2020-01-01 2024-12-31,2021-02-07,0,43,2026-10-06T04:39:36.901483+00:00
Suzzanna: Santet Dosa di Atas Dosa,Suzzanna Santet Dosa di Atas Dosa,2020-01-01 2024-12-31,2021-02-14,0,41,2026-10-06T04:39:36.901483+00:00
Suzzanna: Santet Dosa di Atas Dosa,Suzzanna Santet Dosa di Atas Dosa,2020-01-01 2024-12-31,2021-02-21,0,39,2026-10-06T04:39:36.901483+00:00
Suzzanna: Santet Dosa di Atas Dosa,Suzzanna Santet Dosa di Atas Dosa,2020-01-01 2024-12-31,2021-02-28,0,37,2026-10-06T04:39:36.901483+00:00
Suzzanna: Santet Dosa di Atas Dosa,Suzzanna Santet Dosa di Atas Dosa,2020-01-01 2024-12-31,2021-03-07,0,40,2026-10-06T04:39:36.901483+00:00
Suzzanna: Santet Dosa di Atas Dosa,Suzzanna Santet Dosa di Atas Dosa,2020-01-01 2024-12-31,2021-03-14,0,37,2026-10-06T04:39:36.901483+00:00
Suzzanna: Santet Dosa di Atas Dosa,Suzzanna Santet Dosa di Atas Dosa,2020-01-01 2024-12-31,2021-03-21,0,37,2026-10-06T04:39:36.901483+00:00
Suzzanna: Santet Dosa di Atas Dosa,Suzzanna Santet Dosa di Atas Dosa,2020-01-01 2024-12-31,2021-03-28,0,40,2026-10-06T04:39:36.901483+00:00
Suzzanna: Santet Dosa di Atas Dosa,Suzzanna Santet Dosa di Atas Dosa,2020-01-01 2024-12-31,2021-04-04,0,41,2026-10-06T04:39:36.901483+00:00
Suzzanna: Santet Dosa di Atas Dosa,Suzzanna Santet Dosa di Atas Dosa,2020-01-01 2024-12-31,2021-04-11,0,43,2026-10-06T04:39:36.901483+00:00
Suzzanna: Santet Dosa di Atas Dosa,Suzzanna Santet Dosa di Atas Dosa,2020-01-01 2024-12-31,2021-04-18,0,42,2026-10-06T04:39:36.901483+00:00
Suzzanna: Santet Dosa di Atas Dosa,Suzzanna Santet Dosa di Atas Dosa,2020-01-01 2024-12-31,2021-04-25,0,40,2026-10-06T04:39:36.901483+00:00
Suzzanna: Santet Dosa di Atas Dosa,Suzzanna Santet Dosa di Atas Dosa,2020-01-01 2024-12-31,2021-05-02,0,40,2026-10-06T04:39:36.901483+00:00
Suzzanna: Santet Dosa di Atas Dosa,Suzzanna Santet Dosa di Atas Dosa,2020-01-01 2024-12-31,2021-05-09,0,50,2026-10-06T04:39:36.901483+00:00
Suzzanna: Santet Dosa di Atas Dosa,Suzzanna Santet Dosa di Atas Dosa,2020-01-01 2024-12-31,2021-05-16,0,49,2026-10-06T04:39:36.901483+00:00
Suzzanna: Santet Dosa di Atas Dosa,Suzzanna Santet Dosa di Atas Dosa,2020-01-01 2024-12-31,2021-05-23,0,42,2026-10-06T04:39:36.901483+00:00
Suzzanna: Santet Dosa di Atas Dosa,Suzzanna Santet Dosa di Atas Dosa,2020-01-01 2024-12-31,2021-05-30,0,46,2026-10-06T04:39:36.901483+00:00
Suzzanna: Santet Dosa di Atas Dosa,Suzzanna Santet Dosa di Atas Dosa,2020-01-01 2024-12-31,2021-06-06,0,46,2026-10-06T04:39:36.901483+00:00
Suzzanna: Santet Dosa di Atas Dosa,Suzzanna Santet Dosa di Atas Dosa,2020-01-01 2024-12-31,2021-06-13,0,49,2026-10-06T04:39:36.901483+00:00
Suzzanna: Santet Dosa di Atas Dosa,Suzzanna Santet Dosa di Atas Dosa,2020-01-01 2024-12-31,2021-06-20,0,51,2026-10-06T04:39:36.901483+00:00
Suzzanna: Santet Dosa di Atas Dosa,Suzzanna Santet Dosa di Atas Dosa,2020-01-01 2024-12-31,2021-06-27,0,52,2026-10-06T04:39:36.901483+00:00
Suzzanna: Santet Dosa di Atas Dosa,Suzzanna Santet Dosa di Atas Dosa,2020-01-01 2024-12-31,2021-07-04,0,51,2026-10-06T04:39:36.901483+00:00
Suzzanna: Santet Dosa di Atas Dosa,Suzzanna Santet Dosa di Atas Dosa,2020-01-01 2024-12-31,2021-07-11,0,49,2026-10-06T04:39:36.901483+00:00
Suzzanna: Santet Dosa di Atas Dosa,Suzzanna Santet Dosa di Atas Dosa,2020-01-01 2024-12-31,2021-07-18,0,49,2026-10-06T04:39:36.901483+00:00
Suzzanna: Santet Dosa di Atas Dosa,Suzzanna Santet Dosa di Atas Dosa,2020-01-01 2024-12-31,2021-07-25,0,41,2026-10-06T04:39:36.901483+00:00
Suzzanna: Santet Dosa di Atas Dosa,Suzzanna Santet Dosa di Atas Dosa,2020-01-01 2024-12-31,2021-08-01,0,39,2026-10-06T04:39:36.901483+00:00
Suzzanna: Santet Dosa di Atas Dosa,Suzzanna Santet Dosa di Atas Dosa,2020-01-01 2024-12-31,2021-08-08,0,41,2026-10-06T04:39:36.901483+00:00
Suzzanna: Santet Dosa di Atas Dosa,Suzzanna Santet Dosa di Atas Dosa,2020-01-01 2024-12-31,2021-08-15,0,44,2026-10-06T04:39:36.901483+00:00
Suzzanna: Santet Dosa di Atas Dosa,Suzzanna Santet Dosa di Atas Dosa,2020-01-01 2024-12-31,2021-08-22,0,42,2026-10-06T04:39:36.901483+00:00
Suzzanna: Santet Dosa di Atas Dosa,Suzzanna Santet Dosa di Atas Dosa,2020-01-01 2024-12-31,2021-08-29,0,46,2026-10-06T04:39:36.901483+00:00
Suzzanna: Santet Dosa di Atas Dosa,Suzzanna Santet Dosa di Atas Dosa,2020-01-01 2024-12-31,2021-09-05,0,40,2026-10-06T04:39:36.901483+00:00
Suzzanna: Santet Dosa di Atas Dosa,Suzzanna Santet Dosa di Atas Dosa,2020-01-01 2024-12-31,2021-09-12,0,39,2026-10-06T04:39:36.901483+00:00
Suzzanna: Santet Dosa di Atas Dosa,Suzzanna Santet Dosa di Atas Dosa,2020-01-01 2024-12-31,2021-09-19,0,34,2026-10-06T04:39:36.901483+00:00
Suzzanna: Santet Dosa di Atas Dosa,Suzzanna Santet Dosa di Atas Dosa,2020-01-01 2024-12-31,2021-09-26,0,35,2026-10-06T04:39:36.901483+00:00
Suzzanna: Santet Dosa di Atas Dosa,Suzzanna Santet Dosa di Atas Dosa,2020-01-01 2024-12-31,2021-10-03,0,37,2026-10-06T04:39:36.901483+00:00
Suzzanna: Santet Dosa di Atas Dosa,Suzzanna Santet Dosa di Atas Dosa,2020-01-01 2024-12-31,2021-10-10,0,39,2026-10-06T04:39:36.901483+00:00
Suzzanna: Santet Dosa di Atas Dosa,Suzzanna Santet Dosa di Atas Dosa,2020-01-01 2024-12-31,2021-10-17,0,43,2026-10-06T04:39:36.901483+00:00
Suzzanna: Santet Dosa di Atas Dosa,Suzzanna Santet Dosa di Atas Dosa,2020-01-01 2024-12-31,2021-10-24,0,40,2026-10-06T04:39:36.901483+00:00
Suzzanna: Santet Dosa di Atas Dosa,Suzzanna Santet Dosa di Atas Dosa,2020-01-01 2024-12-31,2021-10-31,0,50,2026-10-06T04:39:36.901483+00:00
Suzzanna: Santet Dosa di Atas Dosa,Suzzanna Santet Dosa di Atas Dosa,2020-01-01 2024-12-31,2021-11-07,0,46,2026-10-06T04:39:36.901483+00:00
Suzzanna: Santet Dosa di Atas Dosa,Suzzanna Santet Dosa di Atas Dosa,2020-01-01 2024-12-31,2021-11-14,0,52,2026-10-06T04:39:36.901483+00:00
Suzzanna: Santet Dosa di Atas Dosa,Suzzanna Santet Dosa di Atas Dosa,2020-01-01 2024-12-31,2021-11-21,0,50,2026-10-06T04:39:36.901483+00:00
Suzzanna: Santet Dosa di Atas Dosa,Suzzanna Santet Dosa di Atas Dosa,2020-01-01 2024-12-31,2021-11-28,0,40,2026-10-06T04:39:36.901483+00:00
Suzzanna: Santet Dosa di Atas Dosa,Suzzanna Santet Dosa di Atas Dosa,2020-01-01 2024-12-31,2021-12-05,0,45,2026-10-06T04:39:36.901483+00:00
Suzzanna: Santet Dosa di Atas Dosa,Suzzanna Santet Dosa di Atas Dosa,2020-01-01 2024-12-31,2021-12-12,0,49,2026-10-06T04:39:36.901483+00:00
Suzzanna: Santet Dosa di Atas Dosa,Suzzanna Santet Dosa di Atas Dosa,2020-01-01 2024-12-31,2021-12-19,0,59,2026-10-06T04:39:36.901483+00:00
Suzzanna: Santet Dosa di Atas Dosa,Suzzanna Santet Dosa di Atas Dosa,2020-01-01 2024-12-31,2021-12-26,0,79,2026-10-06T04:39:36.901483+00:00
Suzzanna: Santet Dosa di Atas Dosa,Suzzanna Santet Dosa di Atas Dosa,2020-01-01 2024-12-31,2022-01-02,0,62,2026-10-06T04:39:36.901483+00:00
Suzzanna: Santet Dosa di Atas Dosa,Suzzanna Santet Dosa di Atas Dosa,2020-01-01 2024-12-31,2022-01-09,0,66,2026-10-06T04:39:36.901483+00:00
Suzzanna: Santet Dosa di Atas Dosa,Suzzanna Santet Dosa di Atas Dosa,2020-01-01 2024-12-31,2022-01-16,0,49,2026-10-06T04:39:36.901483+00:00
Suzzanna: Santet Dosa di Atas Dosa,Suzzanna Santet Dosa di Atas Dosa,2020-01-01 2024-12-31,2022-01-23,0,51,2026-10-06T04:39:36.901483+00:00
Suzzanna: Santet Dosa di Atas Dosa,Suzzanna Santet Dosa di Atas Dosa,2020-01-01 2024-12-31,2022-01-30,0,50,2026-10-06T04:39:36.901483+00:00
Suzzanna: Santet Dosa di Atas Dosa,Suzzanna Santet Dosa di Atas Dosa,2020-01-01 2024-12-31,2022-02-06,0,49,2026-10-06T04:39:36.901483+00:00
Suzzanna: Santet Dosa di Atas Dosa,Suzzanna Santet Dosa di Atas Dosa,2020-01-01 2024-12-31,2022-02-13,0,54,2026-10-06T04:39:36.901483+00:00
Suzzanna: Santet Dosa di Atas Dosa,Suzzanna Santet Dosa di Atas Dosa,2020-01-01 2024-12-31,2022-02-20,0,50,2026-10-06T04:39:36.901483+00:00
Suzzanna: Santet Dosa di Atas Dosa,Suzzanna Santet Dosa di Atas Dosa,2020-01-01 2024-12-31,2022-02-27,0,55,2026-10-06T04:39:36.901483+00:00
Suzzanna: Santet Dosa di Atas Dosa,Suzzanna Santet Dosa di Atas Dosa,2020-01-01 2024-12-31,2022-03-06,0,41,2026-10-06T04:39:36.901483+00:00
Suzzanna: Santet Dosa di Atas Dosa,Suzzanna Santet Dosa di Atas Dosa,2020-01-01 2024-12-31,2022-03-13,0,43,2026-10-06T04:39:36.901483+00:00
Suzzanna: Santet Dosa di Atas Dosa,Suzzanna Santet Dosa di Atas Dosa,2020-01-01 2024-12-31,2022-03-20,0,46,2026-10-06T04:39:36.901483+00:00
Suzzanna: Santet Dosa di Atas Dosa,Suzzanna Santet Dosa di Atas Dosa,2020-01-01 2024-12-31,2022-03-27,0,43,2026-10-06T04:39:36.901483+00:00
Suzzanna: Santet Dosa di Atas Dosa,Suzzanna Santet Dosa di Atas Dosa,2020-01-01 2024-12-31,2022-04-03,0,45,2026-10-06T04:39:36.901483+00:00
Suzzanna: Santet Dosa di Atas Dosa,Suzzanna Santet Dosa di Atas Dosa,2020-01-01 2024-12-31,2022-04-10,0,47,2026-10-06T04:39:36.901483+00:00
Suzzanna: Santet Dosa di Atas Dosa,Suzzanna Santet Dosa di Atas Dosa,2020-01-01 2024-12-31,2022-04-17,0,51,2026-10-06T04:39:36.901483+00:00
Suzzanna: Santet Dosa di Atas Dosa,Suzzanna Santet Dosa di Atas Dosa,2020-01-01 2024-12-31,2022-04-24,0,55,2026-10-06T04:39:36.901483+00:00
Suzzanna: Santet Dosa di Atas Dosa,Suzzanna Santet Dosa di Atas Dosa,2020-01-01 2024-12-31,2022-05-01,0,98,2026-10-06T04:39:36.901483+00:00
Suzzanna: Santet Dosa di Atas Dosa,Suzzanna Santet Dosa di Atas Dosa,2020-01-01 2024-12-31,2022-05-08,0,75,2026-10-06T04:39:36.901483+00:00
Suzzanna: Santet Dosa di Atas Dosa,Suzzanna Santet Dosa di Atas Dosa,2020-01-01 2024-12-31,2022-05-15,0,62,2026-10-06T04:39:36.901483+00:00
Suzzanna: Santet Dosa di Atas Dosa,Suzzanna Santet Dosa di Atas Dosa,2020-01-01 2024-12-31,2022-05-22,0,58,2026-10-06T04:39:36.901483+00:00
Suzzanna: Santet Dosa di Atas Dosa,Suzzanna Santet Dosa di Atas Dosa,2020-01-01 2024-12-31,2022-05-29,0,53,2026-10-06T04:39:36.901483+00:00
Suzzanna: Santet Dosa di Atas Dosa,Suzzanna Santet Dosa di Atas Dosa,2020-01-01 2024-12-31,2022-06-05,0,48,2026-10-06T04:39:36.901483+00:00
Suzzanna: Santet Dosa di Atas Dosa,Suzzanna Santet Dosa di Atas Dosa,2020-01-01 2024-12-31,2022-06-12,0,50,2026-10-06T04:39:36.901483+00:00
Suzzanna: Santet Dosa di Atas Dosa,Suzzanna Santet Dosa di Atas Dosa,2020-01-01 2024-12-31,2022-06-19,0,59,2026-10-06T04:39:36.901483+00:00
Suzzanna: Santet Dosa di Atas Dosa,Suzzanna Santet Dosa di Atas Dosa,2020-01-01 2024-12-31,2022-06-26,0,56,2026-10-06T04:39:36.901483+00:00
Suzzanna: Santet Dosa di Atas Dosa,Suzzanna Santet Dosa di Atas Dosa,2020-01-01 2024-12-31,2022-07-03,0,54,2026-10-06T04:39:36.901483+00:00
Suzzanna: Santet Dosa di Atas Dosa,Suzzanna Santet Dosa di Atas Dosa,2020-01-01 2024-12-31,2022-07-10,0,59,2026-10-06T04:39:36.901483+00:00
Suzzanna: Santet Dosa di Atas Dosa,Suzzanna Santet Dosa di Atas Dosa,2020-01-01 2024-12-31,2022-07-17,0,54,2026-10-06T04:39:36.901483+00:00
Suzzanna: Santet Dosa di Atas Dosa,Suzzanna Santet Dosa di Atas Dosa,2020-01-01 2024-12-31,2022-07-24,0,47,2026-10-06T04:39:36.901483+00:00
Suzzanna: Santet Dosa di Atas Dosa,Suzzanna Santet Dosa di Atas Dosa,2020-01-01 2024-12-31,2022-07-31,0,54,2026-10-06T04:39:36.901483+00:00
Suzzanna: Santet Dosa di Atas Dosa,Suzzanna Santet Dosa di Atas Dosa,2020-01-01 2024-12-31,2022-08-07,0,52,2026-10-06T04:39:36.901483+00:00
Suzzanna: Santet Dosa di Atas Dosa,Suzzanna Santet Dosa di Atas Dosa,2020-01-01 2024-12-31,2022-08-14,0,54,2026-10-06T04:39:36.901483+00:00
Suzzanna: Santet Dosa di Atas Dosa,Suzzanna Santet Dosa di Atas Dosa,2020-01-01 2024-12-31,2022-08-21,0,48,2026-10-06T04:39:36.901483+00:00
Suzzanna: Santet Dosa di Atas Dosa,Suzzanna Santet Dosa di Atas Dosa,2020-01-01 2024-12-31,2022-08-28,0,46,2026-10-06T04:39:36.901483+00:00
Suzzanna: Santet Dosa di Atas Dosa,Suzzanna Santet Dosa di Atas Dosa,2020-01-01 2024-12-31,2022-09-04,0,47,2026-10-06T04:39:36.901483+00:00
Suzzanna: Santet Dosa di Atas Dosa,Suzzanna Santet Dosa di Atas Dosa,2020-01-01 2024-12-31,2022-09-11,0,42,2026-10-06T04:39:36.901483+00:00
Suzzanna: Santet Dosa di Atas Dosa,Suzzanna Santet Dosa di Atas Dosa,2020-01-01 2024-12-31,2022-09-18,0,42,2026-10-06T04:39:36.901483+00:00
Suzzanna: Santet Dosa di Atas Dosa,Suzzanna Santet Dosa di Atas Dosa,2020-01-01 2024-12-31,2022-09-25,0,41,2026-10-06T04:39:36.901483+00:00
Suzzanna: Santet Dosa di Atas Dosa,Suzzanna Santet Dosa di Atas Dosa,2020-01-01 2024-12-31,2022-10-02,0,46,2026-10-06T04:39:36.901483+00:00
Suzzanna: Santet Dosa di Atas Dosa,Suzzanna Santet Dosa di Atas Dosa,2020-01-01 2024-12-31,2022-10-09,0,54,2026-10-06T04:39:36.901483+00:00
Suzzanna: Santet Dosa di Atas Dosa,Suzzanna Santet Dosa di Atas Dosa,2020-01-01 2024-12-31,2022-10-16,0,53,2026-10-06T04:39:36.901483+00:00
Suzzanna: Santet Dosa di Atas Dosa,Suzzanna Santet Dosa di Atas Dosa,2020-01-01 2024-12-31,2022-10-23,0,48,2026-10-06T04:39:36.901483+00:00
Suzzanna: Santet Dosa di Atas Dosa,Suzzanna Santet Dosa di Atas Dosa,2020-01-01 2024-12-31,2022-10-30,0,50,2026-10-06T04:39:36.901483+00:00
Suzzanna: Santet Dosa di Atas Dosa,Suzzanna Santet Dosa di Atas Dosa,2020-01-01 2024-12-31,2022-11-06,0,52,2026-10-06T04:39:36.901483+00:00
Suzzanna: Santet Dosa di Atas Dosa,Suzzanna Santet Dosa di Atas Dosa,2020-01-01 2024-12-31,2022-11-13,0,53,2026-10-06T04:39:36.901483+00:00
Suzzanna: Santet Dosa di Atas Dosa,Suzzanna Santet Dosa di Atas Dosa,2020-01-01 2024-12-31,2022-11-20,0,44,2026-10-06T04:39:36.901483+00:00
Suzzanna: Santet Dosa di Atas Dosa,Suzzanna Santet Dosa di Atas Dosa,2020-01-01 2024-12-31,2022-11-27,0,43,2026-10-06T04:39:36.901483+00:00
Suzzanna: Santet Dosa di Atas Dosa,Suzzanna Santet Dosa di Atas Dosa,2020-01-01 2024-12-31,2022-12-04,0,41,2026-10-06T04:39:36.901483+00:00
Suzzanna: Santet Dosa di Atas Dosa,Suzzanna Santet Dosa di Atas Dosa,2020-01-01 2024-12-31,2022-12-11,0,52,2026-10-06T04:39:36.901483+00:00
Suzzanna: Santet Dosa di Atas Dosa,Suzzanna Santet Dosa di Atas Dosa,2020-01-01 2024-12-31,2022-12-18,0,58,2026-10-06T04:39:36.901483+00:00
Suzzanna: Santet Dosa di Atas Dosa,Suzzanna Santet Dosa di Atas Dosa,2020-01-01 2024-12-31,2022-12-25,0,100,2026-10-06T04:39:36.901483+00:00
Suzzanna: Santet Dosa di Atas Dosa,Suzzanna Santet Dosa di Atas Dosa,2020-01-01 2024-12-31,2023-01-01,0,63,2026-10-06T04:39:36.901483+00:00
Suzzanna: Santet Dosa di Atas Dosa,Suzzanna Santet Dosa di Atas Dosa,2020-01-01 2024-12-31,2023-01-08,0,50,2026-10-06T04:39:36.901483+00:00
Suzzanna: Santet Dosa di Atas Dosa,Suzzanna Santet Dosa di Atas Dosa,2020-01-01 2024-12-31,2023-01-15,0,48,2026-10-06T04:39:36.901483+00:00
Suzzanna: Santet Dosa di Atas Dosa,Suzzanna Santet Dosa di Atas Dosa,2020-01-01 2024-12-31,2023-01-22,0,55,2026-10-06T04:39:36.901483+00:00
Suzzanna: Santet Dosa di Atas Dosa,Suzzanna Santet Dosa di Atas Dosa,2020-01-01 2024-12-31,2023-01-29,0,48,2026-10-06T04:39:36.901483+00:00
Suzzanna: Santet Dosa di Atas Dosa,Suzzanna Santet Dosa di Atas Dosa,2020-01-01 2024-12-31,2023-02-05,0,51,2026-10-06T04:39:36.901483+00:00
Suzzanna: Santet Dosa di Atas Dosa,Suzzanna Santet Dosa di Atas Dosa,2020-01-01 2024-12-31,2023-02-12,0,55,2026-10-06T04:39:36.901483+00:00
Suzzanna: Santet Dosa di Atas Dosa,Suzzanna Santet Dosa di Atas Dosa,2020-01-01 2024-12-31,2023-02-19,0,50,2026-10-06T04:39:36.901483+00:00
Suzzanna: Santet Dosa di Atas Dosa,Suzzanna Santet Dosa di Atas Dosa,2020-01-01 2024-12-31,2023-02-26,0,50,2026-10-06T04:39:36.901483+00:00
Suzzanna: Santet Dosa di Atas Dosa,Suzzanna Santet Dosa di Atas Dosa,2020-01-01 2024-12-31,2023-03-05,0,46,2026-10-06T04:39:36.901483+00:00
Suzzanna: Santet Dosa di Atas Dosa,Suzzanna Santet Dosa di Atas Dosa,2020-01-01 2024-12-31,2023-03-12,0,46,2026-10-06T04:39:36.901483+00:00
Suzzanna: Santet Dosa di Atas Dosa,Suzzanna Santet Dosa di Atas Dosa,2020-01-01 2024-12-31,2023-03-19,0,56,2026-10-06T04:39:36.901483+00:00
Suzzanna: Santet Dosa di Atas Dosa,Suzzanna Santet Dosa di Atas Dosa,2020-01-01 2024-12-31,2023-03-26,0,46,2026-10-06T04:39:36.901483+00:00
Suzzanna: Santet Dosa di Atas Dosa,Suzzanna Santet Dosa di Atas Dosa,2020-01-01 2024-12-31,2023-04-02,0,49,2026-10-06T04:39:36.901483+00:00
Suzzanna: Santet Dosa di Atas Dosa,Suzzanna Santet Dosa di Atas Dosa,2020-01-01 2024-12-31,2023-04-09,0,46,2026-10-06T04:39:36.901483+00:00
Suzzanna: Santet Dosa di Atas Dosa,Suzzanna Santet Dosa di Atas Dosa,2020-01-01 2024-12-31,2023-04-16,0,59,2026-10-06T04:39:36.901483+00:00
Suzzanna: Santet Dosa di Atas Dosa,Suzzanna Santet Dosa di Atas Dosa,2020-01-01 2024-12-31,2023-04-23,0,83,2026-10-06T04:39:36.901483+00:00
Suzzanna: Santet Dosa di Atas Dosa,Suzzanna Santet Dosa di Atas Dosa,2020-01-01 2024-12-31,2023-04-30,0,68,2026-10-06T04:39:36.901483+00:00
Suzzanna: Santet Dosa di Atas Dosa,Suzzanna Santet Dosa di Atas Dosa,2020-01-01 2024-12-31,2023-05-07,0,57,2026-10-06T04:39:36.901483+00:00
Suzzanna: Santet Dosa di Atas Dosa,Suzzanna Santet Dosa di Atas Dosa,2020-01-01 2024-12-31,2023-05-14,0,61,2026-10-06T04:39:36.901483+00:00
Suzzanna: Santet Dosa di Atas Dosa,Suzzanna Santet Dosa di Atas Dosa,2020-01-01 2024-12-31,2023-05-21,0,58,2026-10-06T04:39:36.901483+00:00
Suzzanna: Santet Dosa di Atas Dosa,Suzzanna Santet Dosa di Atas Dosa,2020-01-01 2024-12-31,2023-05-28,0,54,2026-10-06T04:39:36.901483+00:00
Suzzanna: Santet Dosa di Atas Dosa,Suzzanna Santet Dosa di Atas Dosa,2020-01-01 2024-12-31,2023-06-04,0,48,2026-10-06T04:39:36.901483+00:00
Suzzanna: Santet Dosa di Atas Dosa,Suzzanna Santet Dosa di Atas Dosa,2020-01-01 2024-12-31,2023-06-11,0,50,2026-10-06T04:39:36.901483+00:00
Suzzanna: Santet Dosa di Atas Dosa,Suzzanna Santet Dosa di Atas Dosa,2020-01-01 2024-12-31,2023-06-18,0,55,2026-10-06T04:39:36.901483+00:00
Suzzanna: Santet Dosa di Atas Dosa,Suzzanna Santet Dosa di Atas Dosa,2020-01-01 2024-12-31,2023-06-25,0,64,2026-10-06T04:39:36.901483+00:00
Suzzanna: Santet Dosa di Atas Dosa,Suzzanna Santet Dosa di Atas Dosa,2020-01-01 2024-12-31,2023-07-02,0,55,2026-10-06T04:39:36.901483+00:00
Suzzanna: Santet Dosa di Atas Dosa,Suzzanna Santet Dosa di Atas Dosa,2020-01-01 2024-12-31,2023-07-09,0,59,2026-10-06T04:39:36.901483+00:00
Suzzanna: Santet Dosa di Atas Dosa,Suzzanna Santet Dosa di Atas Dosa,2020-01-01 2024-12-31,2023-07-16,0,59,2026-10-06T04:39:36.901483+00:00
Suzzanna: Santet Dosa di Atas Dosa,Suzzanna Santet Dosa di Atas Dosa,2020-01-01 2024-12-31,2023-07-23,0,50,2026-10-06T04:39:36.901483+00:00
Suzzanna: Santet Dosa di Atas Dosa,Suzzanna Santet Dosa di Atas Dosa,2020-01-01 2024-12-31,2023-07-30,0,47,2026-10-06T04:39:36.901483+00:00
Suzzanna: Santet Dosa di Atas Dosa,Suzzanna Santet Dosa di Atas Dosa,2020-01-01 2024-12-31,2023-08-06,0,51,2026-10-06T04:39:36.901483+00:00
Suzzanna: Santet Dosa di Atas Dosa,Suzzanna Santet Dosa di Atas Dosa,2020-01-01 2024-12-31,2023-08-13,0,53,2026-10-06T04:39:36.901483+00:00
Suzzanna: Santet Dosa di Atas Dosa,Suzzanna Santet Dosa di Atas Dosa,2020-01-01 2024-12-31,2023-08-20,0,48,2026-10-06T04:39:36.901483+00:00
Suzzanna: Santet Dosa di Atas Dosa,Suzzanna Santet Dosa di Atas Dosa,2020-01-01 2024-12-31,2023-08-27,0,50,2026-10-06T04:39:36.901483+00:00
Suzzanna: Santet Dosa di Atas Dosa,Suzzanna Santet Dosa di Atas Dosa,2020-01-01 2024-12-31,2023-09-03,0,55,2026-10-06T04:39:36.901483+00:00
Suzzanna: Santet Dosa di Atas Dosa,Suzzanna Santet Dosa di Atas Dosa,2020-01-01 2024-12-31,2023-09-10,0,50,2026-10-06T04:39:36.901483+00:00
Suzzanna: Santet Dosa di Atas Dosa,Suzzanna Santet Dosa di Atas Dosa,2020-01-01 2024-12-31,2023-09-17,0,52,2026-10-06T04:39:36.901483+00:00
Suzzanna: Santet Dosa di Atas Dosa,Suzzanna Santet Dosa di Atas Dosa,2020-01-01 2024-12-31,2023-09-24,0,54,2026-10-06T04:39:36.901483+00:00
Suzzanna: Santet Dosa di Atas Dosa,Suzzanna Santet Dosa di Atas Dosa,2020-01-01 2024-12-31,2023-10-01,0,57,2026-10-06T04:39:36.901483+00:00
Suzzanna: Santet Dosa di Atas Dosa,Suzzanna Santet Dosa di Atas Dosa,2020-01-01 2024-12-31,2023-10-08,0,58,2026-10-06T04:39:36.901483+00:00
Suzzanna: Santet Dosa di Atas Dosa,Suzzanna Santet Dosa di Atas Dosa,2020-01-01 2024-12-31,2023-10-15,0,55,2026-10-06T04:39:36.901483+00:00
Suzzanna: Santet Dosa di Atas Dosa,Suzzanna Santet Dosa di Atas Dosa,2020-01-01 2024-12-31,2023-10-22,0,57,2026-10-06T04:39:36.901483+00:00
Suzzanna: Santet Dosa di Atas Dosa,Suzzanna Santet Dosa di Atas Dosa,2020-01-01 2024-12-31,2023-10-29,0,56,2026-10-06T04:39:36.901483+00:00
Suzzanna: Santet Dosa di Atas Dosa,Suzzanna Santet Dosa di Atas Dosa,2020-01-01 2024-12-31,2023-11-05,0,54,2026-10-06T04:39:36.901483+00:00
Suzzanna: Santet Dosa di Atas Dosa,Suzzanna Santet Dosa di Atas Dosa,2020-01-01 2024-12-31,2023-11-12,0,54,2026-10-06T04:39:36.901483+00:00
Suzzanna: Santet Dosa di Atas Dosa,Suzzanna Santet Dosa di Atas Dosa,2020-01-01 2024-12-31,2023-11-19,0,52,2026-10-06T04:39:36.901483+00:00
Suzzanna: Santet Dosa di Atas Dosa,Suzzanna Santet Dosa di Atas Dosa,2020-01-01 2024-12-31,2023-11-26,0,49,2026-10-06T04:39:36.901483+00:00
Suzzanna: Santet Dosa di Atas Dosa,Suzzanna Santet Dosa di Atas Dosa,2020-01-01 2024-12-31,2023-12-03,0,50,2026-10-06T04:39:36.901483+00:00
Suzzanna: Santet Dosa di Atas Dosa,Suzzanna Santet Dosa di Atas Dosa,2020-01-01 2024-12-31,2023-12-10,0,58,2026-10-06T04:39:36.901483+00:00
Suzzanna: Santet Dosa di Atas Dosa,Suzzanna Santet Dosa di Atas Dosa,2020-01-01 2024-12-31,2023-12-17,0,60,2026-10-06T04:39:36.901483+00:00
Suzzanna: Santet Dosa di Atas Dosa,Suzzanna Santet Dosa di Atas Dosa,2020-01-01 2024-12-31,2023-12-24,0,88,2026-10-06T04:39:36.901483+00:00
Suzzanna: Santet Dosa di Atas Dosa,Suzzanna Santet Dosa di Atas Dosa,2020-01-01 2024-12-31,2023-12-31,0,67,2026-10-06T04:39:36.901483+00:00
Suzzanna: Santet Dosa di Atas Dosa,Suzzanna Santet Dosa di Atas Dosa,2020-01-01 2024-12-31,2024-01-07,0,51,2026-10-06T04:39:36.901483+00:00
Suzzanna: Santet Dosa di Atas Dosa,Suzzanna Santet Dosa di Atas Dosa,2020-01-01 2024-12-31,2024-01-14,0,49,2026-10-06T04:39:36.901483+00:00
Suzzanna: Santet Dosa di Atas Dosa,Suzzanna Santet Dosa di Atas Dosa,2020-01-01 2024-12-31,2024-01-21,0,50,2026-10-06T04:39:36.901483+00:00
Suzzanna: Santet Dosa di Atas Dosa,Suzzanna Santet Dosa di Atas Dosa,2020-01-01 2024-12-31,2024-01-28,0,53,2026-10-06T04:39:36.901483+00:00
Suzzanna: Santet Dosa di Atas Dosa,Suzzanna Santet Dosa di Atas Dosa,2020-01-01 2024-12-31,2024-02-04,0,57,2026-10-06T04:39:36.901483+00:00
Suzzanna: Santet Dosa di Atas Dosa,Suzzanna Santet Dosa di Atas Dosa,2020-01-01 2024-12-31,2024-02-11,0,53,2026-10-06T04:39:36.901483+00:00
Suzzanna: Santet Dosa di Atas Dosa,Suzzanna Santet Dosa di Atas Dosa,2020-01-01 2024-12-31,2024-02-18,0,49,2026-10-06T04:39:36.901483+00:00
Suzzanna: Santet Dosa di Atas Dosa,Suzzanna Santet Dosa di Atas Dosa,2020-01-01 2024-12-31,2024-02-25,0,54,2026-10-06T04:39:36.901483+00:00
Suzzanna: Santet Dosa di Atas Dosa,Suzzanna Santet Dosa di Atas Dosa,2020-01-01 2024-12-31,2024-03-03,0,51,2026-10-06T04:39:36.901483+00:00
Suzzanna: Santet Dosa di Atas Dosa,Suzzanna Santet Dosa di Atas Dosa,2020-01-01 2024-12-31,2024-03-10,0,56,2026-10-06T04:39:36.901483+00:00
Suzzanna: Santet Dosa di Atas Dosa,Suzzanna Santet Dosa di Atas Dosa,2020-01-01 2024-12-31,2024-03-17,0,47,2026-10-06T04:39:36.901483+00:00
Suzzanna: Santet Dosa di Atas Dosa,Suzzanna Santet Dosa di Atas Dosa,2020-01-01 2024-12-31,2024-03-24,0,51,2026-10-06T04:39:36.901483+00:00
Suzzanna: Santet Dosa di Atas Dosa,Suzzanna Santet Dosa di Atas Dosa,2020-01-01 2024-12-31,2024-03-31,0,47,2026-10-06T04:39:36.901483+00:00
Suzzanna: Santet Dosa di Atas Dosa,Suzzanna Santet Dosa di Atas Dosa,2020-01-01 2024-12-31,2024-04-07,0,69,2026-10-06T04:39:36.901483+00:00
Suzzanna: Santet Dosa di Atas Dosa,Suzzanna Santet Dosa di Atas Dosa,2020-01-01 2024-12-31,2024-04-14,0,60,2026-10-06T04:39:36.901483+00:00
Suzzanna: Santet Dosa di Atas Dosa,Suzzanna Santet Dosa di Atas Dosa,2020-01-01 2024-12-31,2024-04-21,0,48,2026-10-06T04:39:36.901483+00:00
Suzzanna: Santet Dosa di Atas Dosa,Suzzanna Santet Dosa di Atas Dosa,2020-01-01 2024-12-31,2024-04-28,0,46,2026-10-06T04:39:36.901483+00:00
Suzzanna: Santet Dosa di Atas Dosa,Suzzanna Santet Dosa di Atas Dosa,2020-01-01 2024-12-31,2024-05-05,0,53,2026-10-06T04:39:36.901483+00:00
Suzzanna: Santet Dosa di Atas Dosa,Suzzanna Santet Dosa di Atas Dosa,2020-01-01 2024-12-31,2024-05-12,0,54,2026-10-06T04:39:36.901483+00:00
Suzzanna: Santet Dosa di Atas Dosa,Suzzanna Santet Dosa di Atas Dosa,2020-01-01 2024-12-31,2024-05-19,0,51,2026-10-06T04:39:36.901483+00:00
Suzzanna: Santet Dosa di Atas Dosa,Suzzanna Santet Dosa di Atas Dosa,2020-01-01 2024-12-31,2024-05-26,0,41,2026-10-06T04:39:36.901483+00:00
Suzzanna: Santet Dosa di Atas Dosa,Suzzanna Santet Dosa di Atas Dosa,2020-01-01 2024-12-31,2024-06-02,0,36,2026-10-06T04:39:36.901483+00:00
Suzzanna: Santet Dosa di Atas Dosa,Suzzanna Santet Dosa di Atas Dosa,2020-01-01 2024-12-31,2024-06-09,0,41,2026-10-06T04:39:36.901483+00:00
Suzzanna: Santet Dosa di Atas Dosa,Suzzanna Santet Dosa di Atas Dosa,2020-01-01 2024-12-31,2024-06-16,0,51,2026-10-06T04:39:36.901483+00:00
Suzzanna: Santet Dosa di Atas Dosa,Suzzanna Santet Dosa di Atas Dosa,2020-01-01 2024-12-31,2024-06-23,0,48,2026-10-06T04:39:36.901483+00:00
Suzzanna: Santet Dosa di Atas Dosa,Suzzanna Santet Dosa di Atas Dosa,2020-01-01 2024-12-31,2024-06-30,0,53,2026-10-06T04:39:36.901483+00:00
Suzzanna: Santet Dosa di Atas Dosa,Suzzanna Santet Dosa di Atas Dosa,2020-01-01 2024-12-31,2024-07-07,0,52,2026-10-06T04:39:36.901483+00:00
Suzzanna: Santet Dosa di Atas Dosa,Suzzanna Santet Dosa di Atas Dosa,2020-01-01 2024-12-31,2024-07-14,0,50,2026-10-06T04:39:36.901483+00:00
Suzzanna: Santet Dosa di Atas Dosa,Suzzanna Santet Dosa di Atas Dosa,2020-01-01 2024-12-31,2024-07-21,0,51,2026-10-06T04:39:36.901483+00:00
Suzzanna: Santet Dosa di Atas Dosa,Suzzanna Santet Dosa di Atas Dosa,2020-01-01 2024-12-31,2024-07-28,0,50,2026-10-06T04:39:36.901483+00:00
Suzzanna: Santet Dosa di Atas Dosa,Suzzanna Santet Dosa di Atas Dosa,2020-01-01 2024-12-31,2024-08-04,0,46,2026-10-06T04:39:36.901483+00:00
Suzzanna: Santet Dosa di Atas Dosa,Suzzanna Santet Dosa di Atas Dosa,2020-01-01 2024-12-31,2024-08-11,0,51,2026-10-06T04:39:36.901483+00:00
Suzzanna: Santet Dosa di Atas Dosa,Suzzanna Santet Dosa di Atas Dosa,2020-01-01 2024-12-31,2024-08-18,0,48,2026-10-06T04:39:36.901483+00:00
Suzzanna: Santet Dosa di Atas Dosa,Suzzanna Santet Dosa di Atas Dosa,2020-01-01 2024-12-31,2024-08-25,0,48,2026-10-06T04:39:36.901483+00:00
Suzzanna: Santet Dosa di Atas Dosa,Suzzanna Santet Dosa di Atas Dosa,2020-01-01 2024-12-31,2024-09-01,0,45,2026-10-06T04:39:36.901483+00:00
Suzzanna: Santet Dosa di Atas Dosa,Suzzanna Santet Dosa di Atas Dosa,2020-01-01 2024-12-31,2024-09-08,0,50,2026-10-06T04:39:36.901483+00:00
Suzzanna: Santet Dosa di Atas Dosa,Suzzanna Santet Dosa di Atas Dosa,2020-01-01 2024-12-31,2024-09-15,0,55,2026-10-06T04:39:36.901483+00:00
Suzzanna: Santet Dosa di Atas Dosa,Suzzanna Santet Dosa di Atas Dosa,2020-01-01 2024-12-31,2024-09-22,0,54,2026-10-06T04:39:36.901483+00:00
Suzzanna: Santet Dosa di Atas Dosa,Suzzanna Santet Dosa di Atas Dosa,2020-01-01 2024-12-31,2024-09-29,0,54,2026-10-06T04:39:36.901483+00:00
Suzzanna: Santet Dosa di Atas Dosa,Suzzanna Santet Dosa di Atas Dosa,2020-01-01 2024-12-31,2024-10-06,0,52,2026-10-06T04:39:36.901483+00:00
Suzzanna: Santet Dosa di Atas Dosa,Suzzanna Santet Dosa di Atas Dosa,2020-01-01 2024-12-31,2024-10-13,0,50,2026-10-06T04:39:36.901483+00:00
Suzzanna: Santet Dosa di Atas Dosa,Suzzanna Santet Dosa di Atas Dosa,2020-01-01 2024-12-31,2024-10-20,0,50,2026-10-06T04:39:36.901483+00:00
Suzzanna: Santet Dosa di Atas Dosa,Suzzanna Santet Dosa di Atas Dosa,2020-01-01 2024-12-31,2024-10-27,0,50,2026-10-06T04:39:36.901483+00:00
Suzzanna: Santet Dosa di Atas Dosa,Suzzanna Santet Dosa di Atas Dosa,2020-01-01 2024-12-31,2024-11-03,0,61,2026-10-06T04:39:36.901483+00:00
Suzzanna: Santet Dosa di Atas Dosa,Suzzanna Santet Dosa di Atas Dosa,2020-01-01 2024-12-31,2024-11-10,0,57,2026-10-06T04:39:36.901483+00:00
Suzzanna: Santet Dosa di Atas Dosa,Suzzanna Santet Dosa di Atas Dosa,2020-01-01 2024-12-31,2024-11-17,0,61,2026-10-06T04:39:36.901483+00:00
Suzzanna: Santet Dosa di Atas Dosa,Suzzanna Santet Dosa di Atas Dosa,2020-01-01 2024-12-31,2024-11-24,0,59,2026-10-06T04:39:36.901483+00:00
Suzzanna: Santet Dosa di Atas Dosa,Suzzanna Santet Dosa di Atas Dosa,2020-01-01 2024-12-31,2024-12-01,0,52,2026-10-06T04:39:36.901483+00:00
Suzzanna: Santet Dosa di Atas Dosa,Suzzanna Santet Dosa di Atas Dosa,2020-01-01 2024-12-31,2024-12-08,0,56,2026-10-06T04:39:36.901483+00:00
Suzzanna: Santet Dosa di Atas Dosa,Suzzanna Santet Dosa di Atas Dosa,2020-01-01 2024-12-31,2024-12-15,0,65,2026-10-06T04:39:36.901483+00:00
Suzzanna: Santet Dosa di Atas Dosa,Suzzanna Santet Dosa di Atas Dosa,2020-01-01 2024-12-31,2024-12-22,0,78,2026-10-06T04:39:36.901483+00:00
Suzzanna: Santet Dosa di Atas Dosa,Suzzanna Santet Dosa di Atas Dosa,2020-01-01 2024-12-31,2024-12-29,0,79,2026-10-06T04:39:36.901483+00:00
Suzzanna: Santet Dosa di Atas Dosa,Suzzanna Santet Dosa di Atas Dosa,2022-01-01 2026-10-06,2021-12-26,0,73,2026-10-06T04:39:48.852224+00:00
Suzzanna: Santet Dosa di Atas Dosa,Suzzanna Santet Dosa di Atas Dosa,2022-01-01 2026-10-06,2022-01-02,0,57,2026-10-06T04:39:48.852224+00:00
Suzzanna: Santet Dosa di Atas Dosa,Suzzanna Santet Dosa di Atas Dosa,2022-01-01 2026-10-06,2022-01-09,0,61,2026-10-06T04:39:48.852224+00:00
Suzzanna: Santet Dosa di Atas Dosa,Suzzanna Santet Dosa di Atas Dosa,2022-01-01 2026-10-06,2022-01-16,0,46,2026-10-06T04:39:48.852224+00:00
Suzzanna: Santet Dosa di Atas Dosa,Suzzanna Santet Dosa di Atas Dosa,2022-01-01 2026-10-06,2022-01-23,0,47,2026-10-06T04:39:48.852224+00:00
Suzzanna: Santet Dosa di Atas Dosa,Suzzanna Santet Dosa di Atas Dosa,2022-01-01 2026-10-06,2022-01-30,0,46,2026-10-06T04:39:48.852224+00:00
Suzzanna: Santet Dosa di Atas Dosa,Suzzanna Santet Dosa di Atas Dosa,2022-01-01 2026-10-06,2022-02-06,0,46,2026-10-06T04:39:48.852224+00:00
Suzzanna: Santet Dosa di Atas Dosa,Suzzanna Santet Dosa di Atas Dosa,2022-01-01 2026-10-06,2022-02-13,0,50,2026-10-06T04:39:48.852224+00:00
Suzzanna: Santet Dosa di Atas Dosa,Suzzanna Santet Dosa di Atas Dosa,2022-01-01 2026-10-06,2022-02-20,0,46,2026-10-06T04:39:48.852224+00:00
Suzzanna: Santet Dosa di Atas Dosa,Suzzanna Santet Dosa di Atas Dosa,2022-01-01 2026-10-06,2022-02-27,0,51,2026-10-06T04:39:48.852224+00:00
Suzzanna: Santet Dosa di Atas Dosa,Suzzanna Santet Dosa di Atas Dosa,2022-01-01 2026-10-06,2022-03-06,0,38,2026-10-06T04:39:48.852224+00:00
Suzzanna: Santet Dosa di Atas Dosa,Suzzanna Santet Dosa di Atas Dosa,2022-01-01 2026-10-06,2022-03-13,0,40,2026-10-06T04:39:48.852224+00:00
Suzzanna: Santet Dosa di Atas Dosa,Suzzanna Santet Dosa di Atas Dosa,2022-01-01 2026-10-06,2022-03-20,0,42,2026-10-06T04:39:48.852224+00:00
Suzzanna: Santet Dosa di Atas Dosa,Suzzanna Santet Dosa di Atas Dosa,2022-01-01 2026-10-06,2022-03-27,0,40,2026-10-06T04:39:48.852224+00:00
Suzzanna: Santet Dosa di Atas Dosa,Suzzanna Santet Dosa di Atas Dosa,2022-01-01 2026-10-06,2022-04-03,0,42,2026-10-06T04:39:48.852224+00:00
Suzzanna: Santet Dosa di Atas Dosa,Suzzanna Santet Dosa di Atas Dosa,2022-01-01 2026-10-06,2022-04-10,0,43,2026-10-06T04:39:48.852224+00:00
Suzzanna: Santet Dosa di Atas Dosa,Suzzanna Santet Dosa di Atas Dosa,2022-01-01 2026-10-06,2022-04-17,0,47,2026-10-06T04:39:48.852224+00:00
Suzzanna: Santet Dosa di Atas Dosa,Suzzanna Santet Dosa di Atas Dosa,2022-01-01 2026-10-06,2022-04-24,0,51,2026-10-06T04:39:48.852224+00:00
Suzzanna: Santet Dosa di Atas Dosa,Suzzanna Santet Dosa di Atas Dosa,2022-01-01 2026-10-06,2022-05-01,0,90,2026-10-06T04:39:48.852224+00:00
Suzzanna: Santet Dosa di Atas Dosa,Suzzanna Santet Dosa di Atas Dosa,2022-01-01 2026-10-06,2022-05-08,0,69,2026-10-06T04:39:48.852224+00:00
Suzzanna: Santet Dosa di Atas Dosa,Suzzanna Santet Dosa di Atas Dosa,2022-01-01 2026-10-06,2022-05-15,0,57,2026-10-06T04:39:48.852224+00:00
Suzzanna: Santet Dosa di Atas Dosa,Suzzanna Santet Dosa di Atas Dosa,2022-01-01 2026-10-06,2022-05-22,0,53,2026-10-06T04:39:48.852224+00:00
Suzzanna: Santet Dosa di Atas Dosa,Suzzanna Santet Dosa di Atas Dosa,2022-01-01 2026-10-06,2022-05-29,0,49,2026-10-06T04:39:48.852224+00:00
Suzzanna: Santet Dosa di Atas Dosa,Suzzanna Santet Dosa di Atas Dosa,2022-01-01 2026-10-06,2022-06-05,0,44,2026-10-06T04:39:48.852224+00:00
Suzzanna: Santet Dosa di Atas Dosa,Suzzanna Santet Dosa di Atas Dosa,2022-01-01 2026-10-06,2022-06-12,0,46,2026-10-06T04:39:48.852224+00:00
Suzzanna: Santet Dosa di Atas Dosa,Suzzanna Santet Dosa di Atas Dosa,2022-01-01 2026-10-06,2022-06-19,0,54,2026-10-06T04:39:48.852224+00:00
Suzzanna: Santet Dosa di Atas Dosa,Suzzanna Santet Dosa di Atas Dosa,2022-01-01 2026-10-06,2022-06-26,0,52,2026-10-06T04:39:48.852224+00:00
Suzzanna: Santet Dosa di Atas Dosa,Suzzanna Santet Dosa di Atas Dosa,2022-01-01 2026-10-06,2022-07-03,0,50,2026-10-06T04:39:48.852224+00:00
Suzzanna: Santet Dosa di Atas Dosa,Suzzanna Santet Dosa di Atas Dosa,2022-01-01 2026-10-06,2022-07-10,0,55,2026-10-06T04:39:48.852224+00:00
Suzzanna: Santet Dosa di Atas Dosa,Suzzanna Santet Dosa di Atas Dosa,2022-01-01 2026-10-06,2022-07-17,0,50,2026-10-06T04:39:48.852224+00:00
Suzzanna: Santet Dosa di Atas Dosa,Suzzanna Santet Dosa di Atas Dosa,2022-01-01 2026-10-06,2022-07-24,0,44,2026-10-06T04:39:48.852224+00:00
Suzzanna: Santet Dosa di Atas Dosa,Suzzanna Santet Dosa di Atas Dosa,2022-01-01 2026-10-06,2022-07-31,0,50,2026-10-06T04:39:48.852224+00:00
Suzzanna: Santet Dosa di Atas Dosa,Suzzanna Santet Dosa di Atas Dosa,2022-01-01 2026-10-06,2022-08-07,0,48,2026-10-06T04:39:48.852224+00:00
Suzzanna: Santet Dosa di Atas Dosa,Suzzanna Santet Dosa di Atas Dosa,2022-01-01 2026-10-06,2022-08-14,0,50,2026-10-06T04:39:48.852224+00:00
Suzzanna: Santet Dosa di Atas Dosa,Suzzanna Santet Dosa di Atas Dosa,2022-01-01 2026-10-06,2022-08-21,0,45,2026-10-06T04:39:48.852224+00:00
Suzzanna: Santet Dosa di Atas Dosa,Suzzanna Santet Dosa di Atas Dosa,2022-01-01 2026-10-06,2022-08-28,0,42,2026-10-06T04:39:48.852224+00:00
Suzzanna: Santet Dosa di Atas Dosa,Suzzanna Santet Dosa di Atas Dosa,2022-01-01 2026-10-06,2022-09-04,0,43,2026-10-06T04:39:48.852224+00:00
Suzzanna: Santet Dosa di Atas Dosa,Suzzanna Santet Dosa di Atas Dosa,2022-01-01 2026-10-06,2022-09-11,0,39,2026-10-06T04:39:48.852224+00:00
Suzzanna: Santet Dosa di Atas Dosa,Suzzanna Santet Dosa di Atas Dosa,2022-01-01 2026-10-06,2022-09-18,0,39,2026-10-06T04:39:48.852224+00:00
Suzzanna: Santet Dosa di Atas Dosa,Suzzanna Santet Dosa di Atas Dosa,2022-01-01 2026-10-06,2022-09-25,0,38,2026-10-06T04:39:48.852224+00:00
Suzzanna: Santet Dosa di Atas Dosa,Suzzanna Santet Dosa di Atas Dosa,2022-01-01 2026-10-06,2022-10-02,0,43,2026-10-06T04:39:48.852224+00:00
Suzzanna: Santet Dosa di Atas Dosa,Suzzanna Santet Dosa di Atas Dosa,2022-01-01 2026-10-06,2022-10-09,0,50,2026-10-06T04:39:48.852224+00:00
Suzzanna: Santet Dosa di Atas Dosa,Suzzanna Santet Dosa di Atas Dosa,2022-01-01 2026-10-06,2022-10-16,0,49,2026-10-06T04:39:48.852224+00:00
Suzzanna: Santet Dosa di Atas Dosa,Suzzanna Santet Dosa di Atas Dosa,2022-01-01 2026-10-06,2022-10-23,0,45,2026-10-06T04:39:48.852224+00:00
Suzzanna: Santet Dosa di Atas Dosa,Suzzanna Santet Dosa di Atas Dosa,2022-01-01 2026-10-06,2022-10-30,0,46,2026-10-06T04:39:48.852224+00:00
Suzzanna: Santet Dosa di Atas Dosa,Suzzanna Santet Dosa di Atas Dosa,2022-01-01 2026-10-06,2022-11-06,0,48,2026-10-06T04:39:48.852224+00:00
Suzzanna: Santet Dosa di Atas Dosa,Suzzanna Santet Dosa di Atas Dosa,2022-01-01 2026-10-06,2022-11-13,0,49,2026-10-06T04:39:48.852224+00:00
Suzzanna: Santet Dosa di Atas Dosa,Suzzanna Santet Dosa di Atas Dosa,2022-01-01 2026-10-06,2022-11-20,0,41,2026-10-06T04:39:48.852224+00:00
Suzzanna: Santet Dosa di Atas Dosa,Suzzanna Santet Dosa di Atas Dosa,2022-01-01 2026-10-06,2022-11-27,0,40,2026-10-06T04:39:48.852224+00:00
Suzzanna: Santet Dosa di Atas Dosa,Suzzanna Santet Dosa di Atas Dosa,2022-01-01 2026-10-06,2022-12-04,0,38,2026-10-06T04:39:48.852224+00:00
Suzzanna: Santet Dosa di Atas Dosa,Suzzanna Santet Dosa di Atas Dosa,2022-01-01 2026-10-06,2022-12-11,0,48,2026-10-06T04:39:48.852224+00:00
Suzzanna: Santet Dosa di Atas Dosa,Suzzanna Santet Dosa di Atas Dosa,2022-01-01 2026-10-06,2022-12-18,0,53,2026-10-06T04:39:48.852224+00:00
Suzzanna: Santet Dosa di Atas Dosa,Suzzanna Santet Dosa di Atas Dosa,2022-01-01 2026-10-06,2022-12-25,0,92,2026-10-06T04:39:48.852224+00:00
Suzzanna: Santet Dosa di Atas Dosa,Suzzanna Santet Dosa di Atas Dosa,2022-01-01 2026-10-06,2023-01-01,0,58,2026-10-06T04:39:48.852224+00:00
Suzzanna: Santet Dosa di Atas Dosa,Suzzanna Santet Dosa di Atas Dosa,2022-01-01 2026-10-06,2023-01-08,0,46,2026-10-06T04:39:48.852224+00:00
Suzzanna: Santet Dosa di Atas Dosa,Suzzanna Santet Dosa di Atas Dosa,2022-01-01 2026-10-06,2023-01-15,0,44,2026-10-06T04:39:48.852224+00:00
Suzzanna: Santet Dosa di Atas Dosa,Suzzanna Santet Dosa di Atas Dosa,2022-01-01 2026-10-06,2023-01-22,0,51,2026-10-06T04:39:48.852224+00:00
Suzzanna: Santet Dosa di Atas Dosa,Suzzanna Santet Dosa di Atas Dosa,2022-01-01 2026-10-06,2023-01-29,0,44,2026-10-06T04:39:48.852224+00:00
Suzzanna: Santet Dosa di Atas Dosa,Suzzanna Santet Dosa di Atas Dosa,2022-01-01 2026-10-06,2023-02-05,0,47,2026-10-06T04:39:48.852224+00:00
Suzzanna: Santet Dosa di Atas Dosa,Suzzanna Santet Dosa di Atas Dosa,2022-01-01 2026-10-06,2023-02-12,0,51,2026-10-06T04:39:48.852224+00:00
Suzzanna: Santet Dosa di Atas Dosa,Suzzanna Santet Dosa di Atas Dosa,2022-01-01 2026-10-06,2023-02-19,0,46,2026-10-06T04:39:48.852224+00:00
Suzzanna: Santet Dosa di Atas Dosa,Suzzanna Santet Dosa di Atas Dosa,2022-01-01 2026-10-06,2023-02-26,0,46,2026-10-06T04:39:48.852224+00:00
Suzzanna: Santet Dosa di Atas Dosa,Suzzanna Santet Dosa di Atas Dosa,2022-01-01 2026-10-06,2023-03-05,0,43,2026-10-06T04:39:48.852224+00:00
Suzzanna: Santet Dosa di Atas Dosa,Suzzanna Santet Dosa di Atas Dosa,2022-01-01 2026-10-06,2023-03-12,0,42,2026-10-06T04:39:48.852224+00:00
Suzzanna: Santet Dosa di Atas Dosa,Suzzanna Santet Dosa di Atas Dosa,2022-01-01 2026-10-06,2023-03-19,0,52,2026-10-06T04:39:48.852224+00:00
Suzzanna: Santet Dosa di Atas Dosa,Suzzanna Santet Dosa di Atas Dosa,2022-01-01 2026-10-06,2023-03-26,0,43,2026-10-06T04:39:48.852224+00:00
Suzzanna: Santet Dosa di Atas Dosa,Suzzanna Santet Dosa di Atas Dosa,2022-01-01 2026-10-06,2023-04-02,0,45,2026-10-06T04:39:48.852224+00:00
Suzzanna: Santet Dosa di Atas Dosa,Suzzanna Santet Dosa di Atas Dosa,2022-01-01 2026-10-06,2023-04-09,0,43,2026-10-06T04:39:48.852224+00:00
Suzzanna: Santet Dosa di Atas Dosa,Suzzanna Santet Dosa di Atas Dosa,2022-01-01 2026-10-06,2023-04-16,0,54,2026-10-06T04:39:48.852224+00:00
Suzzanna: Santet Dosa di Atas Dosa,Suzzanna Santet Dosa di Atas Dosa,2022-01-01 2026-10-06,2023-04-23,0,77,2026-10-06T04:39:48.852224+00:00
Suzzanna: Santet Dosa di Atas Dosa,Suzzanna Santet Dosa di Atas Dosa,2022-01-01 2026-10-06,2023-04-30,0,63,2026-10-06T04:39:48.852224+00:00
Suzzanna: Santet Dosa di Atas Dosa,Suzzanna Santet Dosa di Atas Dosa,2022-01-01 2026-10-06,2023-05-07,0,53,2026-10-06T04:39:48.852224+00:00
Suzzanna: Santet Dosa di Atas Dosa,Suzzanna Santet Dosa di Atas Dosa,2022-01-01 2026-10-06,2023-05-14,0,56,2026-10-06T04:39:48.852224+00:00
Suzzanna: Santet Dosa di Atas Dosa,Suzzanna Santet Dosa di Atas Dosa,2022-01-01 2026-10-06,2023-05-21,0,54,2026-10-06T04:39:48.852224+00:00
Suzzanna: Santet Dosa di Atas Dosa,Suzzanna Santet Dosa di Atas Dosa,2022-01-01 2026-10-06,2023-05-28,0,50,2026-10-06T04:39:48.852224+00:00
Suzzanna: Santet Dosa di Atas Dosa,Suzzanna Santet Dosa di Atas Dosa,2022-01-01 2026-10-06,2023-06-04,0,44,2026-10-06T04:39:48.852224+00:00
Suzzanna: Santet Dosa di Atas Dosa,Suzzanna Santet Dosa di Atas Dosa,2022-01-01 2026-10-06,2023-06-11,0,47,2026-10-06T04:39:48.852224+00:00
Suzzanna: Santet Dosa di Atas Dosa,Suzzanna Santet Dosa di Atas Dosa,2022-01-01 2026-10-06,2023-06-18,0,50,2026-10-06T04:39:48.852224+00:00
Suzzanna: Santet Dosa di Atas Dosa,Suzzanna Santet Dosa di Atas Dosa,2022-01-01 2026-10-06,2023-06-25,0,59,2026-10-06T04:39:48.852224+00:00
Suzzanna: Santet Dosa di Atas Dosa,Suzzanna Santet Dosa di Atas Dosa,2022-01-01 2026-10-06,2023-07-02,0,51,2026-10-06T04:39:48.852224+00:00
Suzzanna: Santet Dosa di Atas Dosa,Suzzanna Santet Dosa di Atas Dosa,2022-01-01 2026-10-06,2023-07-09,0,55,2026-10-06T04:39:48.852224+00:00
Suzzanna: Santet Dosa di Atas Dosa,Suzzanna Santet Dosa di Atas Dosa,2022-01-01 2026-10-06,2023-07-16,0,54,2026-10-06T04:39:48.852224+00:00
Suzzanna: Santet Dosa di Atas Dosa,Suzzanna Santet Dosa di Atas Dosa,2022-01-01 2026-10-06,2023-07-23,0,47,2026-10-06T04:39:48.852224+00:00
Suzzanna: Santet Dosa di Atas Dosa,Suzzanna Santet Dosa di Atas Dosa,2022-01-01 2026-10-06,2023-07-30,0,43,2026-10-06T04:39:48.852224+00:00
Suzzanna: Santet Dosa di Atas Dosa,Suzzanna Santet Dosa di Atas Dosa,2022-01-01 2026-10-06,2023-08-06,0,47,2026-10-06T04:39:48.852224+00:00
Suzzanna: Santet Dosa di Atas Dosa,Suzzanna Santet Dosa di Atas Dosa,2022-01-01 2026-10-06,2023-08-13,0,49,2026-10-06T04:39:48.852224+00:00
Suzzanna: Santet Dosa di Atas Dosa,Suzzanna Santet Dosa di Atas Dosa,2022-01-01 2026-10-06,2023-08-20,0,44,2026-10-06T04:39:48.852224+00:00
Suzzanna: Santet Dosa di Atas Dosa,Suzzanna Santet Dosa di Atas Dosa,2022-01-01 2026-10-06,2023-08-27,0,46,2026-10-06T04:39:48.852224+00:00
Suzzanna: Santet Dosa di Atas Dosa,Suzzanna Santet Dosa di Atas Dosa,2022-01-01 2026-10-06,2023-09-03,0,51,2026-10-06T04:39:48.852224+00:00
Suzzanna: Santet Dosa di Atas Dosa,Suzzanna Santet Dosa di Atas Dosa,2022-01-01 2026-10-06,2023-09-10,0,46,2026-10-06T04:39:48.852224+00:00
Suzzanna: Santet Dosa di Atas Dosa,Suzzanna Santet Dosa di Atas Dosa,2022-01-01 2026-10-06,2023-09-17,0,48,2026-10-06T04:39:48.852224+00:00
Suzzanna: Santet Dosa di Atas Dosa,Suzzanna Santet Dosa di Atas Dosa,2022-01-01 2026-10-06,2023-09-24,0,50,2026-10-06T04:39:48.852224+00:00
Suzzanna: Santet Dosa di Atas Dosa,Suzzanna Santet Dosa di Atas Dosa,2022-01-01 2026-10-06,2023-10-01,0,52,2026-10-06T04:39:48.852224+00:00
Suzzanna: Santet Dosa di Atas Dosa,Suzzanna Santet Dosa di Atas Dosa,2022-01-01 2026-10-06,2023-10-08,0,53,2026-10-06T04:39:48.852224+00:00
Suzzanna: Santet Dosa di Atas Dosa,Suzzanna Santet Dosa di Atas Dosa,2022-01-01 2026-10-06,2023-10-15,0,51,2026-10-06T04:39:48.852224+00:00
Suzzanna: Santet Dosa di Atas Dosa,Suzzanna Santet Dosa di Atas Dosa,2022-01-01 2026-10-06,2023-10-22,0,52,2026-10-06T04:39:48.852224+00:00
Suzzanna: Santet Dosa di Atas Dosa,Suzzanna Santet Dosa di Atas Dosa,2022-01-01 2026-10-06,2023-10-29,0,52,2026-10-06T04:39:48.852224+00:00
Suzzanna: Santet Dosa di Atas Dosa,Suzzanna Santet Dosa di Atas Dosa,2022-01-01 2026-10-06,2023-11-05,0,50,2026-10-06T04:39:48.852224+00:00
Suzzanna: Santet Dosa di Atas Dosa,Suzzanna Santet Dosa di Atas Dosa,2022-01-01 2026-10-06,2023-11-12,0,50,2026-10-06T04:39:48.852224+00:00
Suzzanna: Santet Dosa di Atas Dosa,Suzzanna Santet Dosa di Atas Dosa,2022-01-01 2026-10-06,2023-11-19,0,48,2026-10-06T04:39:48.852224+00:00
Suzzanna: Santet Dosa di Atas Dosa,Suzzanna Santet Dosa di Atas Dosa,2022-01-01 2026-10-06,2023-11-26,0,45,2026-10-06T04:39:48.852224+00:00
Suzzanna: Santet Dosa di Atas Dosa,Suzzanna Santet Dosa di Atas Dosa,2022-01-01 2026-10-06,2023-12-03,0,46,2026-10-06T04:39:48.852224+00:00
Suzzanna: Santet Dosa di Atas Dosa,Suzzanna Santet Dosa di Atas Dosa,2022-01-01 2026-10-06,2023-12-10,0,53,2026-10-06T04:39:48.852224+00:00
Suzzanna: Santet Dosa di Atas Dosa,Suzzanna Santet Dosa di Atas Dosa,2022-01-01 2026-10-06,2023-12-17,0,56,2026-10-06T04:39:48.852224+00:00
Suzzanna: Santet Dosa di Atas Dosa,Suzzanna Santet Dosa di Atas Dosa,2022-01-01 2026-10-06,2023-12-24,0,81,2026-10-06T04:39:48.852224+00:00
Suzzanna: Santet Dosa di Atas Dosa,Suzzanna Santet Dosa di Atas Dosa,2022-01-01 2026-10-06,2023-12-31,0,62,2026-10-06T04:39:48.852224+00:00
Suzzanna: Santet Dosa di Atas Dosa,Suzzanna Santet Dosa di Atas Dosa,2022-01-01 2026-10-06,2024-01-07,0,47,2026-10-06T04:39:48.852224+00:00
Suzzanna: Santet Dosa di Atas Dosa,Suzzanna Santet Dosa di Atas Dosa,2022-01-01 2026-10-06,2024-01-14,0,45,2026-10-06T04:39:48.852224+00:00
Suzzanna: Santet Dosa di Atas Dosa,Suzzanna Santet Dosa di Atas Dosa,2022-01-01 2026-10-06,2024-01-21,0,46,2026-10-06T04:39:48.852224+00:00
Suzzanna: Santet Dosa di Atas Dosa,Suzzanna Santet Dosa di Atas Dosa,2022-01-01 2026-10-06,2024-01-28,0,49,2026-10-06T04:39:48.852224+00:00
Suzzanna: Santet Dosa di Atas Dosa,Suzzanna Santet Dosa di Atas Dosa,2022-01-01 2026-10-06,2024-02-04,0,52,2026-10-06T04:39:48.852224+00:00
Suzzanna: Santet Dosa di Atas Dosa,Suzzanna Santet Dosa di Atas Dosa,2022-01-01 2026-10-06,2024-02-11,0,49,2026-10-06T04:39:48.852224+00:00
Suzzanna: Santet Dosa di Atas Dosa,Suzzanna Santet Dosa di Atas Dosa,2022-01-01 2026-10-06,2024-02-18,0,45,2026-10-06T04:39:48.852224+00:00
Suzzanna: Santet Dosa di Atas Dosa,Suzzanna Santet Dosa di Atas Dosa,2022-01-01 2026-10-06,2024-02-25,0,50,2026-10-06T04:39:48.852224+00:00
Suzzanna: Santet Dosa di Atas Dosa,Suzzanna Santet Dosa di Atas Dosa,2022-01-01 2026-10-06,2024-03-03,0,47,2026-10-06T04:39:48.852224+00:00
Suzzanna: Santet Dosa di Atas Dosa,Suzzanna Santet Dosa di Atas Dosa,2022-01-01 2026-10-06,2024-03-10,0,52,2026-10-06T04:39:48.852224+00:00
Suzzanna: Santet Dosa di Atas Dosa,Suzzanna Santet Dosa di Atas Dosa,2022-01-01 2026-10-06,2024-03-17,0,43,2026-10-06T04:39:48.852224+00:00
Suzzanna: Santet Dosa di Atas Dosa,Suzzanna Santet Dosa di Atas Dosa,2022-01-01 2026-10-06,2024-03-24,0,47,2026-10-06T04:39:48.852224+00:00
Suzzanna: Santet Dosa di Atas Dosa,Suzzanna Santet Dosa di Atas Dosa,2022-01-01 2026-10-06,2024-03-31,0,44,2026-10-06T04:39:48.852224+00:00
Suzzanna: Santet Dosa di Atas Dosa,Suzzanna Santet Dosa di Atas Dosa,2022-01-01 2026-10-06,2024-04-07,0,64,2026-10-06T04:39:48.852224+00:00
Suzzanna: Santet Dosa di Atas Dosa,Suzzanna Santet Dosa di Atas Dosa,2022-01-01 2026-10-06,2024-04-14,0,55,2026-10-06T04:39:48.852224+00:00
Suzzanna: Santet Dosa di Atas Dosa,Suzzanna Santet Dosa di Atas Dosa,2022-01-01 2026-10-06,2024-04-21,0,44,2026-10-06T04:39:48.852224+00:00
Suzzanna: Santet Dosa di Atas Dosa,Suzzanna Santet Dosa di Atas Dosa,2022-01-01 2026-10-06,2024-04-28,0,42,2026-10-06T04:39:48.852224+00:00
Suzzanna: Santet Dosa di Atas Dosa,Suzzanna Santet Dosa di Atas Dosa,2022-01-01 2026-10-06,2024-05-05,0,48,2026-10-06T04:39:48.852224+00:00
Suzzanna: Santet Dosa di Atas Dosa,Suzzanna Santet Dosa di Atas Dosa,2022-01-01 2026-10-06,2024-05-12,0,50,2026-10-06T04:39:48.852224+00:00
Suzzanna: Santet Dosa di Atas Dosa,Suzzanna Santet Dosa di Atas Dosa,2022-01-01 2026-10-06,2024-05-19,0,47,2026-10-06T04:39:48.852224+00:00
Suzzanna: Santet Dosa di Atas Dosa,Suzzanna Santet Dosa di Atas Dosa,2022-01-01 2026-10-06,2024-05-26,0,38,2026-10-06T04:39:48.852224+00:00
Suzzanna: Santet Dosa di Atas Dosa,Suzzanna Santet Dosa di Atas Dosa,2022-01-01 2026-10-06,2024-06-02,0,34,2026-10-06T04:39:48.852224+00:00
Suzzanna: Santet Dosa di Atas Dosa,Suzzanna Santet Dosa di Atas Dosa,2022-01-01 2026-10-06,2024-06-09,0,38,2026-10-06T04:39:48.852224+00:00
Suzzanna: Santet Dosa di Atas Dosa,Suzzanna Santet Dosa di Atas Dosa,2022-01-01 2026-10-06,2024-06-16,0,47,2026-10-06T04:39:48.852224+00:00
Suzzanna: Santet Dosa di Atas Dosa,Suzzanna Santet Dosa di Atas Dosa,2022-01-01 2026-10-06,2024-06-23,0,44,2026-10-06T04:39:48.852224+00:00
Suzzanna: Santet Dosa di Atas Dosa,Suzzanna Santet Dosa di Atas Dosa,2022-01-01 2026-10-06,2024-06-30,0,49,2026-10-06T04:39:48.852224+00:00
Suzzanna: Santet Dosa di Atas Dosa,Suzzanna Santet Dosa di Atas Dosa,2022-01-01 2026-10-06,2024-07-07,0,48,2026-10-06T04:39:48.852224+00:00
Suzzanna: Santet Dosa di Atas Dosa,Suzzanna Santet Dosa di Atas Dosa,2022-01-01 2026-10-06,2024-07-14,0,46,2026-10-06T04:39:48.852224+00:00
Suzzanna: Santet Dosa di Atas Dosa,Suzzanna Santet Dosa di Atas Dosa,2022-01-01 2026-10-06,2024-07-21,0,47,2026-10-06T04:39:48.852224+00:00
Suzzanna: Santet Dosa di Atas Dosa,Suzzanna Santet Dosa di Atas Dosa,2022-01-01 2026-10-06,2024-07-28,0,46,2026-10-06T04:39:48.852224+00:00
Suzzanna: Santet Dosa di Atas Dosa,Suzzanna Santet Dosa di Atas Dosa,2022-01-01 2026-10-06,2024-08-04,0,42,2026-10-06T04:39:48.852224+00:00
Suzzanna: Santet Dosa di Atas Dosa,Suzzanna Santet Dosa di Atas Dosa,2022-01-01 2026-10-06,2024-08-11,0,47,2026-10-06T04:39:48.852224+00:00
Suzzanna: Santet Dosa di Atas Dosa,Suzzanna Santet Dosa di Atas Dosa,2022-01-01 2026-10-06,2024-08-18,0,45,2026-10-06T04:39:48.852224+00:00
Suzzanna: Santet Dosa di Atas Dosa,Suzzanna Santet Dosa di Atas Dosa,2022-01-01 2026-10-06,2024-08-25,0,44,2026-10-06T04:39:48.852224+00:00
Suzzanna: Santet Dosa di Atas Dosa,Suzzanna Santet Dosa di Atas Dosa,2022-01-01 2026-10-06,2024-09-01,0,42,2026-10-06T04:39:48.852224+00:00
Suzzanna: Santet Dosa di Atas Dosa,Suzzanna Santet Dosa di Atas Dosa,2022-01-01 2026-10-06,2024-09-08,0,46,2026-10-06T04:39:48.852224+00:00
Suzzanna: Santet Dosa di Atas Dosa,Suzzanna Santet Dosa di Atas Dosa,2022-01-01 2026-10-06,2024-09-15,0,51,2026-10-06T04:39:48.852224+00:00
Suzzanna: Santet Dosa di Atas Dosa,Suzzanna Santet Dosa di Atas Dosa,2022-01-01 2026-10-06,2024-09-22,0,50,2026-10-06T04:39:48.852224+00:00
Suzzanna: Santet Dosa di Atas Dosa,Suzzanna Santet Dosa di Atas Dosa,2022-01-01 2026-10-06,2024-09-29,0,50,2026-10-06T04:39:48.852224+00:00
Suzzanna: Santet Dosa di Atas Dosa,Suzzanna Santet Dosa di Atas Dosa,2022-01-01 2026-10-06,2024-10-06,0,48,2026-10-06T04:39:48.852224+00:00
Suzzanna: Santet Dosa di Atas Dosa,Suzzanna Santet Dosa di Atas Dosa,2022-01-01 2026-10-06,2024-10-13,0,46,2026-10-06T04:39:48.852224+00:00
Suzzanna: Santet Dosa di Atas Dosa,Suzzanna Santet Dosa di Atas Dosa,2022-01-01 2026-10-06,2024-10-20,0,46,2026-10-06T04:39:48.852224+00:00
Suzzanna: Santet Dosa di Atas Dosa,Suzzanna Santet Dosa di Atas Dosa,2022-01-01 2026-10-06,2024-10-27,0,46,2026-10-06T04:39:48.852224+00:00
Suzzanna: Santet Dosa di Atas Dosa,Suzzanna Santet Dosa di Atas Dosa,2022-01-01 2026-10-06,2024-11-03,0,56,2026-10-06T04:39:48.852224+00:00
Suzzanna: Santet Dosa di Atas Dosa,Suzzanna Santet Dosa di Atas Dosa,2022-01-01 2026-10-06,2024-11-10,0,52,2026-10-06T04:39:48.852224+00:00
Suzzanna: Santet Dosa di Atas Dosa,Suzzanna Santet Dosa di Atas Dosa,2022-01-01 2026-10-06,2024-11-17,0,57,2026-10-06T04:39:48.852224+00:00
Suzzanna: Santet Dosa di Atas Dosa,Suzzanna Santet Dosa di Atas Dosa,2022-01-01 2026-10-06,2024-11-24,0,55,2026-10-06T04:39:48.852224+00:00
Suzzanna: Santet Dosa di Atas Dosa,Suzzanna Santet Dosa di Atas Dosa,2022-01-01 2026-10-06,2024-12-01,0,48,2026-10-06T04:39:48.852224+00:00
Suzzanna: Santet Dosa di Atas Dosa,Suzzanna Santet Dosa di Atas Dosa,2022-01-01 2026-10-06,2024-12-08,0,52,2026-10-06T04:39:48.852224+00:00
Suzzanna: Santet Dosa di Atas Dosa,Suzzanna Santet Dosa di Atas Dosa,2022-01-01 2026-10-06,2024-12-15,0,60,2026-10-06T04:39:48.852224+00:00
Suzzanna: Santet Dosa di Atas Dosa,Suzzanna Santet Dosa di Atas Dosa,2022-01-01 2026-10-06,2024-12-22,0,72,2026-10-06T04:39:48.852224+00:00
Suzzanna: Santet Dosa di Atas Dosa,Suzzanna Santet Dosa di Atas Dosa,2022-01-01 2026-10-06,2024-12-29,0,73,2026-10-06T04:39:48.852224+00:00
Suzzanna: Santet Dosa di Atas Dosa,Suzzanna Santet Dosa di Atas Dosa,2022-01-01 2026-10-06,2025-01-05,0,61,2026-10-06T04:39:48.852224+00:00
Suzzanna: Santet Dosa di Atas Dosa,Suzzanna Santet Dosa di Atas Dosa,2022-01-01 2026-10-06,2025-01-12,0,51,2026-10-06T04:39:48.852224+00:00
Suzzanna: Santet Dosa di Atas Dosa,Suzzanna Santet Dosa di Atas Dosa,2022-01-01 2026-10-06,2025-01-19,0,59,2026-10-06T04:39:48.852224+00:00
Suzzanna: Santet Dosa di Atas Dosa,Suzzanna Santet Dosa di Atas Dosa,2022-01-01 2026-10-06,2025-01-26,0,65,2026-10-06T04:39:48.852224+00:00
Suzzanna: Santet Dosa di Atas Dosa,Suzzanna Santet Dosa di Atas Dosa,2022-01-01 2026-10-06,2025-02-02,0,49,2026-10-06T04:39:48.852224+00:00
Suzzanna: Santet Dosa di Atas Dosa,Suzzanna Santet Dosa di Atas Dosa,2022-01-01 2026-10-06,2025-02-09,0,50,2026-10-06T04:39:48.852224+00:00
Suzzanna: Santet Dosa di Atas Dosa,Suzzanna Santet Dosa di Atas Dosa,2022-01-01 2026-10-06,2025-02-16,0,49,2026-10-06T04:39:48.852224+00:00
Suzzanna: Santet Dosa di Atas Dosa,Suzzanna Santet Dosa di Atas Dosa,2022-01-01 2026-10-06,2025-02-23,0,50,2026-10-06T04:39:48.852224+00:00
Suzzanna: Santet Dosa di Atas Dosa,Suzzanna Santet Dosa di Atas Dosa,2022-01-01 2026-10-06,2025-03-02,0,47,2026-10-06T04:39:48.852224+00:00
Suzzanna: Santet Dosa di Atas Dosa,Suzzanna Santet Dosa di Atas Dosa,2022-01-01 2026-10-06,2025-03-09,0,44,2026-10-06T04:39:48.852224+00:00
Suzzanna: Santet Dosa di Atas Dosa,Suzzanna Santet Dosa di Atas Dosa,2022-01-01 2026-10-06,2025-03-16,0,49,2026-10-06T04:39:48.852224+00:00
Suzzanna: Santet Dosa di Atas Dosa,Suzzanna Santet Dosa di Atas Dosa,2022-01-01 2026-10-06,2025-03-23,0,57,2026-10-06T04:39:48.852224+00:00
Suzzanna: Santet Dosa di Atas Dosa,Suzzanna Santet Dosa di Atas Dosa,2022-01-01 2026-10-06,2025-03-30,0,100,2026-10-06T04:39:48.852224+00:00
Suzzanna: Santet Dosa di Atas Dosa,Suzzanna Santet Dosa di Atas Dosa,2022-01-01 2026-10-06,2025-04-06,0,63,2026-10-06T04:39:48.852224+00:00
Suzzanna: Santet Dosa di Atas Dosa,Suzzanna Santet Dosa di Atas Dosa,2022-01-01 2026-10-06,2025-04-13,0,48,2026-10-06T04:39:48.852224+00:00
Suzzanna: Santet Dosa di Atas Dosa,Suzzanna Santet Dosa di Atas Dosa,2022-01-01 2026-10-06,2025-04-20,0,46,2026-10-06T04:39:48.852224+00:00
Suzzanna: Santet Dosa di Atas Dosa,Suzzanna Santet Dosa di Atas Dosa,2022-01-01 2026-10-06,2025-04-27,0,44,2026-10-06T04:39:48.852224+00:00
Suzzanna: Santet Dosa di Atas Dosa,Suzzanna Santet Dosa di Atas Dosa,2022-01-01 2026-10-06,2025-05-04,0,39,2026-10-06T04:39:48.852224+00:00
Suzzanna: Santet Dosa di Atas Dosa,Suzzanna Santet Dosa di Atas Dosa,2022-01-01 2026-10-06,2025-05-11,0,49,2026-10-06T04:39:48.852224+00:00
Suzzanna: Santet Dosa di Atas Dosa,Suzzanna Santet Dosa di Atas Dosa,2022-01-01 2026-10-06,2025-05-18,0,43,2026-10-06T04:39:48.852224+00:00
Suzzanna: Santet Dosa di Atas Dosa,Suzzanna Santet Dosa di Atas Dosa,2022-01-01 2026-10-06,2025-05-25,0,44,2026-10-06T04:39:48.852224+00:00
Suzzanna: Santet Dosa di Atas Dosa,Suzzanna Santet Dosa di Atas Dosa,2022-01-01 2026-10-06,2025-06-01,0,41,2026-10-06T04:39:48.852224+00:00
Suzzanna: Santet Dosa di Atas Dosa,Suzzanna Santet Dosa di Atas Dosa,2022-01-01 2026-10-06,2025-06-08,0,44,2026-10-06T04:39:48.852224+00:00
Suzzanna: Santet Dosa di Atas Dosa,Suzzanna Santet Dosa di Atas Dosa,2022-01-01 2026-10-06,2025-06-15,0,43,2026-10-06T04:39:48.852224+00:00
Suzzanna: Santet Dosa di Atas Dosa,Suzzanna Santet Dosa di Atas Dosa,2022-01-01 2026-10-06,2025-06-22,0,50,2026-10-06T04:39:48.852224+00:00
Suzzanna: Santet Dosa di Atas Dosa,Suzzanna Santet Dosa di Atas Dosa,2022-01-01 2026-10-06,2025-06-29,0,46,2026-10-06T04:39:48.852224+00:00
Suzzanna: Santet Dosa di Atas Dosa,Suzzanna Santet Dosa di Atas Dosa,2022-01-01 2026-10-06,2025-07-06,0,44,2026-10-06T04:39:48.852224+00:00
Suzzanna: Santet Dosa di Atas Dosa,Suzzanna Santet Dosa di Atas Dosa,2022-01-01 2026-10-06,2025-07-13,0,40,2026-10-06T04:39:48.852224+00:00
Suzzanna: Santet Dosa di Atas Dosa,Suzzanna Santet Dosa di Atas Dosa,2022-01-01 2026-10-06,2025-07-20,0,39,2026-10-06T04:39:48.852224+00:00
Suzzanna: Santet Dosa di Atas Dosa,Suzzanna Santet Dosa di Atas Dosa,2022-01-01 2026-10-06,2025-07-27,0,36,2026-10-06T04:39:48.852224+00:00
Suzzanna: Santet Dosa di Atas Dosa,Suzzanna Santet Dosa di Atas Dosa,2022-01-01 2026-10-06,2025-08-03,0,39,2026-10-06T04:39:48.852224+00:00
Suzzanna: Santet Dosa di Atas Dosa,Suzzanna Santet Dosa di Atas Dosa,2022-01-01 2026-10-06,2025-08-10,0,42,2026-10-06T04:39:48.852224+00:00
Suzzanna: Santet Dosa di Atas Dosa,Suzzanna Santet Dosa di Atas Dosa,2022-01-01 2026-10-06,2025-08-17,0,43,2026-10-06T04:39:48.852224+00:00
Suzzanna: Santet Dosa di Atas Dosa,Suzzanna Santet Dosa di Atas Dosa,2022-01-01 2026-10-06,2025-08-24,0,38,2026-10-06T04:39:48.852224+00:00
Suzzanna: Santet Dosa di Atas Dosa,Suzzanna Santet Dosa di Atas Dosa,2022-01-01 2026-10-06,2025-08-31,0,41,2026-10-06T04:39:48.852224+00:00
Suzzanna: Santet Dosa di Atas Dosa,Suzzanna Santet Dosa di Atas Dosa,2022-01-01 2026-10-06,2025-09-07,0,39,2026-10-06T04:39:48.852224+00:00
Suzzanna: Santet Dosa di Atas Dosa,Suzzanna Santet Dosa di Atas Dosa,2022-01-01 2026-10-06,2025-09-14,0,38,2026-10-06T04:39:48.852224+00:00
Suzzanna: Santet Dosa di Atas Dosa,Suzzanna Santet Dosa di Atas Dosa,2022-01-01 2026-10-06,2025-09-21,0,38,2026-10-06T04:39:48.852224+00:00
Suzzanna: Santet Dosa di Atas Dosa,Suzzanna Santet Dosa di Atas Dosa,2022-01-01 2026-10-06,2025-09-28,0,36,2026-10-06T04:39:48.852224+00:00
Suzzanna: Santet Dosa di Atas Dosa,Suzzanna Santet Dosa di Atas Dosa,2022-01-01 2026-10-06,2025-10-05,0,36,2026-10-06T04:39:48.852224+00:00
Suzzanna: Santet Dosa di Atas Dosa,Suzzanna Santet Dosa di Atas Dosa,2022-01-01 2026-10-06,2025-10-12,0,36,2026-10-06T04:39:48.852224+00:00
Suzzanna: Santet Dosa di Atas Dosa,Suzzanna Santet Dosa di Atas Dosa,2022-01-01 2026-10-06,2025-10-19,0,38,2026-10-06T04:39:48.852224+00:00
Suzzanna: Santet Dosa di Atas Dosa,Suzzanna Santet Dosa di Atas Dosa,2022-01-01 2026-10-06,2025-10-26,0,42,2026-10-06T04:39:48.852224+00:00
Suzzanna: Santet Dosa di Atas Dosa,Suzzanna Santet Dosa di Atas Dosa,2022-01-01 2026-10-06,2025-11-02,0,39,2026-10-06T04:39:48.852224+00:00
Suzzanna: Santet Dosa di Atas Dosa,Suzzanna Santet Dosa di Atas Dosa,2022-01-01 2026-10-06,2025-11-09,0,37,2026-10-06T04:39:48.852224+00:00
Suzzanna: Santet Dosa di Atas Dosa,Suzzanna Santet Dosa di Atas Dosa,2022-01-01 2026-10-06,2025-11-16,0,38,2026-10-06T04:39:48.852224+00:00
Suzzanna: Santet Dosa di Atas Dosa,Suzzanna Santet Dosa di Atas Dosa,2022-01-01 2026-10-06,2025-11-23,0,34,2026-10-06T04:39:48.852224+00:00
Suzzanna: Santet Dosa di Atas Dosa,Suzzanna Santet Dosa di Atas Dosa,2022-01-01 2026-10-06,2025-11-30,0,33,2026-10-06T04:39:48.852224+00:00
Suzzanna: Santet Dosa di Atas Dosa,Suzzanna Santet Dosa di Atas Dosa,2022-01-01 2026-10-06,2025-12-07,0,38,2026-10-06T04:39:48.852224+00:00
Suzzanna: Santet Dosa di Atas Dosa,Suzzanna Santet Dosa di Atas Dosa,2022-01-01 2026-10-06,2025-12-14,0,44,2026-10-06T04:39:48.852224+00:00
Suzzanna: Santet Dosa di Atas Dosa,Suzzanna Santet Dosa di Atas Dosa,2022-01-01 2026-10-06,2025-12-21,0,53,2026-10-06T04:39:48.852224+00:00
Suzzanna: Santet Dosa di Atas Dosa,Suzzanna Santet Dosa di Atas Dosa,2022-01-01 2026-10-06,2025-12-28,0,59,2026-10-06T04:39:48.852224+00:00
Suzzanna: Santet Dosa di Atas Dosa,Suzzanna Santet Dosa di Atas Dosa,2022-01-01 2026-10-06,2026-01-04,0,44,2026-10-06T04:39:48.852224+00:00
Suzzanna: Santet Dosa di Atas Dosa,Suzzanna Santet Dosa di Atas Dosa,2022-01-01 2026-10-06,2026-01-11,0,43,2026-10-06T04:39:48.852224+00:00
Suzzanna: Santet Dosa di Atas Dosa,Suzzanna Santet Dosa di Atas Dosa,2022-01-01 2026-10-06,2026-01-18,0,39,2026-10-06T04:39:48.852224+00:00
Suzzanna: Santet Dosa di Atas Dosa,Suzzanna Santet Dosa di Atas Dosa,2022-01-01 2026-10-06,2026-01-25,0,37,2026-10-06T04:39:48.852224+00:00
Suzzanna: Santet Dosa di Atas Dosa,Suzzanna Santet Dosa di Atas Dosa,2022-01-01 2026-10-06,2026-02-01,0,38,2026-10-06T04:39:48.852224+00:00
Suzzanna: Santet Dosa di Atas Dosa,Suzzanna Santet Dosa di Atas Dosa,2022-01-01 2026-10-06,2026-02-08,0,35,2026-10-06T04:39:48.852224+00:00
Suzzanna: Santet Dosa di Atas Dosa,Suzzanna Santet Dosa di Atas Dosa,2022-01-01 2026-10-06,2026-02-15,0,41,2026-10-06T04:39:48.852224+00:00
Suzzanna: Santet Dosa di Atas Dosa,Suzzanna Santet Dosa di Atas Dosa,2022-01-01 2026-10-06,2026-02-22,0,36,2026-10-06T04:39:48.852224+00:00
Suzzanna: Santet Dosa di Atas Dosa,Suzzanna Santet Dosa di Atas Dosa,2022-01-01 2026-10-06,2026-03-01,0,32,2026-10-06T04:39:48.852224+00:00
Suzzanna: Santet Dosa di Atas Dosa,Suzzanna Santet Dosa di Atas Dosa,2022-01-01 2026-10-06,2026-03-08,0,33,2026-10-06T04:39:48.852224+00:00
Suzzanna: Santet Dosa di Atas Dosa,Suzzanna Santet Dosa di Atas Dosa,2022-01-01 2026-10-06,2026-03-15,1,45,2026-10-06T04:39:48.852224+00:00
Suzzanna: Santet Dosa di Atas Dosa,Suzzanna Santet Dosa di Atas Dosa,2022-01-01 2026-10-06,2026-03-22,2,57,2026-10-06T04:39:48.852224+00:00
Suzzanna: Santet Dosa di Atas Dosa,Suzzanna Santet Dosa di Atas Dosa,2022-01-01 2026-10-06,2026-03-29,1,42,2026-10-06T04:39:48.852224+00:00
Suzzanna: Santet Dosa di Atas Dosa,Suzzanna Santet Dosa di Atas Dosa,2022-01-01 2026-10-06,2026-04-05,1,37,2026-10-06T04:39:48.852224+00:00
Suzzanna: Santet Dosa di Atas Dosa,Suzzanna Santet Dosa di Atas Dosa,2022-01-01 2026-10-06,2026-04-12,0,37,2026-10-06T04:39:48.852224+00:00
Suzzanna: Santet Dosa di Atas Dosa,Suzzanna Santet Dosa di Atas Dosa,2022-01-01 2026-10-06,2026-04-19,0,40,2026-10-06T04:39:48.852224+00:00
Suzzanna: Santet Dosa di Atas Dosa,Suzzanna Santet Dosa di Atas Dosa,2022-01-01 2026-10-06,2026-04-26,0,42,2026-10-06T04:39:48.852224+00:00
Suzzanna: Santet Dosa di Atas Dosa,Suzzanna Santet Dosa di Atas Dosa,2022-01-01 2026-10-06,2026-05-03,0,38,2026-10-06T04:39:48.852224+00:00
Suzzanna: Santet Dosa di Atas Dosa,Suzzanna Santet Dosa di Atas Dosa,2022-01-01 2026-10-06,2026-05-10,0,42,2026-10-06T04:39:48.852224+00:00
Suzzanna: Santet Dosa di Atas Dosa,Suzzanna Santet Dosa di Atas Dosa,2022-01-01 2026-10-06,2026-05-17,0,37,2026-10-06T04:39:48.852224+00:00
Suzzanna: Santet Dosa di Atas Dosa,Suzzanna Santet Dosa di Atas Dosa,2022-01-01 2026-10-06,2026-05-24,0,44,2026-10-06T04:39:48.852224+00:00
Suzzanna: Santet Dosa di Atas Dosa,Suzzanna Santet Dosa di Atas Dosa,2022-01-01 2026-10-06,2026-05-31,0,40,2026-10-06T04:39:48.852224+00:00
Suzzanna: Santet Dosa di Atas Dosa,Suzzanna Santet Dosa di Atas Dosa,2022-01-01 2026-10-06,2026-06-07,0,36,2026-10-06T04:39:48.852224+00:00
Suzzanna: Santet Dosa di Atas Dosa,Suzzanna Santet Dosa di Atas Dosa,2022-01-01 2026-10-06,2026-06-14,0,44,2026-10-06T04:39:48.852224+00:00
Suzzanna: Santet Dosa di Atas Dosa,Suzzanna Santet Dosa di Atas Dosa,2022-01-01 2026-10-06,2026-06-21,0,43,2026-10-06T04:39:48.852224+00:00
Suzzanna: Santet Dosa di Atas Dosa,Suzzanna Santet Dosa di Atas Dosa,2022-01-01 2026-10-06,2026-06-28,0,45,2026-10-06T04:39:48.852224+00:00
Suzzanna: Santet Dosa di Atas Dosa,Suzzanna Santet Dosa di Atas Dosa,2022-01-01 2026-10-06,2026-07-05,0,44,2026-10-06T04:39:48.852224+00:00
Suzzanna: Santet Dosa di Atas Dosa,Suzzanna Santet Dosa di Atas Dosa,2022-01-01 2026-10-06,2026-07-12,0,39,2026-10-06T04:39:48.852224+00:00
Suzzanna: Santet Dosa di Atas Dosa,Suzzanna Santet Dosa di Atas Dosa,2022-01-01 2026-10-06,2026-07-19,2,37,2026-10-06T04:39:48.852224+00:00
Suzzanna: Santet Dosa di Atas Dosa,Suzzanna Santet Dosa di Atas Dosa,2022-01-01 2026-10-06,2026-07-26,1,36,2026-10-06T04:39:48.852224+00:00
Suzzanna: Santet Dosa di Atas Dosa,Suzzanna Santet Dosa di Atas Dosa,2022-01-01 2026-10-06,2026-08-02,0,31,2026-10-06T04:39:48.852224+00:00
Suzzanna: Santet Dosa di Atas Dosa,Suzzanna Santet Dosa di Atas Dosa,2022-01-01 2026-10-06,2026-08-09,0,34,2026-10-06T04:39:48.852224+00:00
Suzzanna: Santet Dosa di Atas Dosa,Suzzanna Santet Dosa di Atas Dosa,2022-01-01 2026-10-06,2026-08-16,0,40,2026-10-06T04:39:48.852224+00:00
Suzzanna: Santet Dosa di Atas Dosa,Suzzanna Santet Dosa di Atas Dosa,2022-01-01 2026-10-06,2026-08-23,0,44,2026-10-06T04:39:48.852224+00:00
Suzzanna: Santet Dosa di Atas Dosa,Suzzanna Santet Dosa di Atas Dosa,2022-01-01 2026-10-06,2026-08-30,0,36,2026-10-06T04:39:48.852224+00:00
Suzzanna: Santet Dosa di Atas Dosa,Suzzanna Santet Dosa di Atas Dosa,2022-01-01 2026-10-06,2026-09-06,0,36,2026-10-06T04:39:48.852224+00:00
Suzzanna: Santet Dosa di Atas Dosa,Suzzanna Santet Dosa di Atas Dosa,2022-01-01 2026-10-06,2026-09-13,0,35,2026-10-06T04:39:48.852224+00:00
Suzzanna: Santet Dosa di Atas Dosa,Suzzanna Santet Dosa di Atas Dosa,2022-01-01 2026-10-06,2026-09-20,0,37,2026-10-06T04:39:48.852224+00:00
Suzzanna: Santet Dosa di Atas Dosa,Suzzanna Santet Dosa di Atas Dosa,2022-01-01 2026-10-06,2026-09-27,0,37,2026-10-06T04:39:48.852224+00:00
Suzzanna: Santet Dosa di Atas Dosa,Suzzanna Santet Dosa di Atas Dosa,2022-01-01 2026-10-06,2026-10-04,0,34,2026-10-06T04:39:48.852224+00:00
Racun Sangga: Santet Pemisah Rumah Tangga,Racun Sangga,2020-01-01 2024-12-31,2019-12-29,0,81,2026-10-06T04:40:29.412460+00:00
Racun Sangga: Santet Pemisah Rumah Tangga,Racun Sangga,2020-01-01 2024-12-31,2020-01-05,0,58,2026-10-06T04:40:29.412460+00:00
Racun Sangga: Santet Pemisah Rumah Tangga,Racun Sangga,2020-01-01 2024-12-31,2020-01-12,0,51,2026-10-06T04:40:29.412460+00:00
Racun Sangga: Santet Pemisah Rumah Tangga,Racun Sangga,2020-01-01 2024-12-31,2020-01-19,0,51,2026-10-06T04:40:29.412460+00:00
Racun Sangga: Santet Pemisah Rumah Tangga,Racun Sangga,2020-01-01 2024-12-31,2020-01-26,0,49,2026-10-06T04:40:29.412460+00:00
Racun Sangga: Santet Pemisah Rumah Tangga,Racun Sangga,2020-01-01 2024-12-31,2020-02-02,0,48,2026-10-06T04:40:29.412460+00:00
Racun Sangga: Santet Pemisah Rumah Tangga,Racun Sangga,2020-01-01 2024-12-31,2020-02-09,0,47,2026-10-06T04:40:29.412460+00:00
Racun Sangga: Santet Pemisah Rumah Tangga,Racun Sangga,2020-01-01 2024-12-31,2020-02-16,0,50,2026-10-06T04:40:29.412460+00:00
Racun Sangga: Santet Pemisah Rumah Tangga,Racun Sangga,2020-01-01 2024-12-31,2020-02-23,0,48,2026-10-06T04:40:29.412460+00:00
Racun Sangga: Santet Pemisah Rumah Tangga,Racun Sangga,2020-01-01 2024-12-31,2020-03-01,0,49,2026-10-06T04:40:29.412460+00:00
Racun Sangga: Santet Pemisah Rumah Tangga,Racun Sangga,2020-01-01 2024-12-31,2020-03-08,0,53,2026-10-06T04:40:29.412460+00:00
Racun Sangga: Santet Pemisah Rumah Tangga,Racun Sangga,2020-01-01 2024-12-31,2020-03-15,0,52,2026-10-06T04:40:29.412460+00:00
Racun Sangga: Santet Pemisah Rumah Tangga,Racun Sangga,2020-01-01 2024-12-31,2020-03-22,0,67,2026-10-06T04:40:29.412460+00:00
Racun Sangga: Santet Pemisah Rumah Tangga,Racun Sangga,2020-01-01 2024-12-31,2020-03-29,0,63,2026-10-06T04:40:29.412460+00:00
Racun Sangga: Santet Pemisah Rumah Tangga,Racun Sangga,2020-01-01 2024-12-31,2020-04-05,0,68,2026-10-06T04:40:29.412460+00:00
Racun Sangga: Santet Pemisah Rumah Tangga,Racun Sangga,2020-01-01 2024-12-31,2020-04-12,0,67,2026-10-06T04:40:29.412460+00:00
Racun Sangga: Santet Pemisah Rumah Tangga,Racun Sangga,2020-01-01 2024-12-31,2020-04-19,0,71,2026-10-06T04:40:29.412460+00:00
Racun Sangga: Santet Pemisah Rumah Tangga,Racun Sangga,2020-01-01 2024-12-31,2020-04-26,0,66,2026-10-06T04:40:29.412460+00:00
Racun Sangga: Santet Pemisah Rumah Tangga,Racun Sangga,2020-01-01 2024-12-31,2020-05-03,0,59,2026-10-06T04:40:29.412460+00:00
Racun Sangga: Santet Pemisah Rumah Tangga,Racun Sangga,2020-01-01 2024-12-31,2020-05-10,0,53,2026-10-06T04:40:29.412460+00:00
Racun Sangga: Santet Pemisah Rumah Tangga,Racun Sangga,2020-01-01 2024-12-31,2020-05-17,0,53,2026-10-06T04:40:29.412460+00:00
Racun Sangga: Santet Pemisah Rumah Tangga,Racun Sangga,2020-01-01 2024-12-31,2020-05-24,0,68,2026-10-06T04:40:29.412460+00:00
Racun Sangga: Santet Pemisah Rumah Tangga,Racun Sangga,2020-01-01 2024-12-31,2020-05-31,0,61,2026-10-06T04:40:29.412460+00:00
Racun Sangga: Santet Pemisah Rumah Tangga,Racun Sangga,2020-01-01 2024-12-31,2020-06-07,0,50,2026-10-06T04:40:29.412460+00:00
Racun Sangga: Santet Pemisah Rumah Tangga,Racun Sangga,2020-01-01 2024-12-31,2020-06-14,0,59,2026-10-06T04:40:29.412460+00:00
Racun Sangga: Santet Pemisah Rumah Tangga,Racun Sangga,2020-01-01 2024-12-31,2020-06-21,0,62,2026-10-06T04:40:29.412460+00:00
Racun Sangga: Santet Pemisah Rumah Tangga,Racun Sangga,2020-01-01 2024-12-31,2020-06-28,0,58,2026-10-06T04:40:29.412460+00:00
Racun Sangga: Santet Pemisah Rumah Tangga,Racun Sangga,2020-01-01 2024-12-31,2020-07-05,0,55,2026-10-06T04:40:29.412460+00:00
Racun Sangga: Santet Pemisah Rumah Tangga,Racun Sangga,2020-01-01 2024-12-31,2020-07-12,0,50,2026-10-06T04:40:29.412460+00:00
Racun Sangga: Santet Pemisah Rumah Tangga,Racun Sangga,2020-01-01 2024-12-31,2020-07-19,0,47,2026-10-06T04:40:29.412460+00:00
Racun Sangga: Santet Pemisah Rumah Tangga,Racun Sangga,2020-01-01 2024-12-31,2020-07-26,0,50,2026-10-06T04:40:29.412460+00:00
Racun Sangga: Santet Pemisah Rumah Tangga,Racun Sangga,2020-01-01 2024-12-31,2020-08-02,0,46,2026-10-06T04:40:29.412460+00:00
Racun Sangga: Santet Pemisah Rumah Tangga,Racun Sangga,2020-01-01 2024-12-31,2020-08-09,0,49,2026-10-06T04:40:29.412460+00:00
Racun Sangga: Santet Pemisah Rumah Tangga,Racun Sangga,2020-01-01 2024-12-31,2020-08-16,0,60,2026-10-06T04:40:29.412460+00:00
Racun Sangga: Santet Pemisah Rumah Tangga,Racun Sangga,2020-01-01 2024-12-31,2020-08-23,0,52,2026-10-06T04:40:29.412460+00:00
Racun Sangga: Santet Pemisah Rumah Tangga,Racun Sangga,2020-01-01 2024-12-31,2020-08-30,0,46,2026-10-06T04:40:29.412460+00:00
Racun Sangga: Santet Pemisah Rumah Tangga,Racun Sangga,2020-01-01 2024-12-31,2020-09-06,0,47,2026-10-06T04:40:29.412460+00:00
Racun Sangga: Santet Pemisah Rumah Tangga,Racun Sangga,2020-01-01 2024-12-31,2020-09-13,0,46,2026-10-06T04:40:29.412460+00:00
Racun Sangga: Santet Pemisah Rumah Tangga,Racun Sangga,2020-01-01 2024-12-31,2020-09-20,0,42,2026-10-06T04:40:29.412460+00:00
Racun Sangga: Santet Pemisah Rumah Tangga,Racun Sangga,2020-01-01 2024-12-31,2020-09-27,0,41,2026-10-06T04:40:29.412460+00:00
Racun Sangga: Santet Pemisah Rumah Tangga,Racun Sangga,2020-01-01 2024-12-31,2020-10-04,0,41,2026-10-06T04:40:29.412460+00:00
Racun Sangga: Santet Pemisah Rumah Tangga,Racun Sangga,2020-01-01 2024-12-31,2020-10-11,0,42,2026-10-06T04:40:29.412460+00:00
Racun Sangga: Santet Pemisah Rumah Tangga,Racun Sangga,2020-01-01 2024-12-31,2020-10-18,0,42,2026-10-06T04:40:29.412460+00:00
Racun Sangga: Santet Pemisah Rumah Tangga,Racun Sangga,2020-01-01 2024-12-31,2020-10-25,0,54,2026-10-06T04:40:29.412460+00:00
Racun Sangga: Santet Pemisah Rumah Tangga,Racun Sangga,2020-01-01 2024-12-31,2020-11-01,0,44,2026-10-06T04:40:29.412460+00:00
Racun Sangga: Santet Pemisah Rumah Tangga,Racun Sangga,2020-01-01 2024-12-31,2020-11-08,0,45,2026-10-06T04:40:29.412460+00:00
Racun Sangga: Santet Pemisah Rumah Tangga,Racun Sangga,2020-01-01 2024-12-31,2020-11-15,0,43,2026-10-06T04:40:29.412460+00:00
Racun Sangga: Santet Pemisah Rumah Tangga,Racun Sangga,2020-01-01 2024-12-31,2020-11-22,0,44,2026-10-06T04:40:29.412460+00:00
Racun Sangga: Santet Pemisah Rumah Tangga,Racun Sangga,2020-01-01 2024-12-31,2020-11-29,0,42,2026-10-06T04:40:29.412460+00:00
Racun Sangga: Santet Pemisah Rumah Tangga,Racun Sangga,2020-01-01 2024-12-31,2020-12-06,0,46,2026-10-06T04:40:29.412460+00:00
Racun Sangga: Santet Pemisah Rumah Tangga,Racun Sangga,2020-01-01 2024-12-31,2020-12-13,0,51,2026-10-06T04:40:29.412460+00:00
Racun Sangga: Santet Pemisah Rumah Tangga,Racun Sangga,2020-01-01 2024-12-31,2020-12-20,0,65,2026-10-06T04:40:29.412460+00:00
Racun Sangga: Santet Pemisah Rumah Tangga,Racun Sangga,2020-01-01 2024-12-31,2020-12-27,0,88,2026-10-06T04:40:29.412460+00:00
Racun Sangga: Santet Pemisah Rumah Tangga,Racun Sangga,2020-01-01 2024-12-31,2021-01-03,0,55,2026-10-06T04:40:29.412460+00:00
Racun Sangga: Santet Pemisah Rumah Tangga,Racun Sangga,2020-01-01 2024-12-31,2021-01-10,0,45,2026-10-06T04:40:29.412460+00:00
Racun Sangga: Santet Pemisah Rumah Tangga,Racun Sangga,2020-01-01 2024-12-31,2021-01-17,0,45,2026-10-06T04:40:29.412460+00:00
Racun Sangga: Santet Pemisah Rumah Tangga,Racun Sangga,2020-01-01 2024-12-31,2021-01-24,0,45,2026-10-06T04:40:29.412460+00:00
Racun Sangga: Santet Pemisah Rumah Tangga,Racun Sangga,2020-01-01 2024-12-31,2021-01-31,0,41,2026-10-06T04:40:29.412460+00:00
Racun Sangga: Santet Pemisah Rumah Tangga,Racun Sangga,2020-01-01 2024-12-31,2021-02-07,0,43,2026-10-06T04:40:29.412460+00:00
Racun Sangga: Santet Pemisah Rumah Tangga,Racun Sangga,2020-01-01 2024-12-31,2021-02-14,0,41,2026-10-06T04:40:29.412460+00:00
Racun Sangga: Santet Pemisah Rumah Tangga,Racun Sangga,2020-01-01 2024-12-31,2021-02-21,0,39,2026-10-06T04:40:29.412460+00:00
Racun Sangga: Santet Pemisah Rumah Tangga,Racun Sangga,2020-01-01 2024-12-31,2021-02-28,0,37,2026-10-06T04:40:29.412460+00:00
Racun Sangga: Santet Pemisah Rumah Tangga,Racun Sangga,2020-01-01 2024-12-31,2021-03-07,0,40,2026-10-06T04:40:29.412460+00:00
Racun Sangga: Santet Pemisah Rumah Tangga,Racun Sangga,2020-01-01 2024-12-31,2021-03-14,0,37,2026-10-06T04:40:29.412460+00:00
Racun Sangga: Santet Pemisah Rumah Tangga,Racun Sangga,2020-01-01 2024-12-31,2021-03-21,0,37,2026-10-06T04:40:29.412460+00:00
Racun Sangga: Santet Pemisah Rumah Tangga,Racun Sangga,2020-01-01 2024-12-31,2021-03-28,0,40,2026-10-06T04:40:29.412460+00:00
Racun Sangga: Santet Pemisah Rumah Tangga,Racun Sangga,2020-01-01 2024-12-31,2021-04-04,0,41,2026-10-06T04:40:29.412460+00:00
Racun Sangga: Santet Pemisah Rumah Tangga,Racun Sangga,2020-01-01 2024-12-31,2021-04-11,0,43,2026-10-06T04:40:29.412460+00:00
Racun Sangga: Santet Pemisah Rumah Tangga,Racun Sangga,2020-01-01 2024-12-31,2021-04-18,0,42,2026-10-06T04:40:29.412460+00:00
Racun Sangga: Santet Pemisah Rumah Tangga,Racun Sangga,2020-01-01 2024-12-31,2021-04-25,0,40,2026-10-06T04:40:29.412460+00:00
Racun Sangga: Santet Pemisah Rumah Tangga,Racun Sangga,2020-01-01 2024-12-31,2021-05-02,0,40,2026-10-06T04:40:29.412460+00:00
Racun Sangga: Santet Pemisah Rumah Tangga,Racun Sangga,2020-01-01 2024-12-31,2021-05-09,0,51,2026-10-06T04:40:29.412460+00:00
Racun Sangga: Santet Pemisah Rumah Tangga,Racun Sangga,2020-01-01 2024-12-31,2021-05-16,0,49,2026-10-06T04:40:29.412460+00:00
Racun Sangga: Santet Pemisah Rumah Tangga,Racun Sangga,2020-01-01 2024-12-31,2021-05-23,0,42,2026-10-06T04:40:29.412460+00:00
Racun Sangga: Santet Pemisah Rumah Tangga,Racun Sangga,2020-01-01 2024-12-31,2021-05-30,0,46,2026-10-06T04:40:29.412460+00:00
Racun Sangga: Santet Pemisah Rumah Tangga,Racun Sangga,2020-01-01 2024-12-31,2021-06-06,0,46,2026-10-06T04:40:29.412460+00:00
Racun Sangga: Santet Pemisah Rumah Tangga,Racun Sangga,2020-01-01 2024-12-31,2021-06-13,0,49,2026-10-06T04:40:29.412460+00:00
Racun Sangga: Santet Pemisah Rumah Tangga,Racun Sangga,2020-01-01 2024-12-31,2021-06-20,0,51,2026-10-06T04:40:29.412460+00:00
Racun Sangga: Santet Pemisah Rumah Tangga,Racun Sangga,2020-01-01 2024-12-31,2021-06-27,0,52,2026-10-06T04:40:29.412460+00:00
Racun Sangga: Santet Pemisah Rumah Tangga,Racun Sangga,2020-01-01 2024-12-31,2021-07-04,0,51,2026-10-06T04:40:29.412460+00:00
Racun Sangga: Santet Pemisah Rumah Tangga,Racun Sangga,2020-01-01 2024-12-31,2021-07-11,0,49,2026-10-06T04:40:29.412460+00:00
Racun Sangga: Santet Pemisah Rumah Tangga,Racun Sangga,2020-01-01 2024-12-31,2021-07-18,0,49,2026-10-06T04:40:29.412460+00:00
Racun Sangga: Santet Pemisah Rumah Tangga,Racun Sangga,2020-01-01 2024-12-31,2021-07-25,0,40,2026-10-06T04:40:29.412460+00:00
Racun Sangga: Santet Pemisah Rumah Tangga,Racun Sangga,2020-01-01 2024-12-31,2021-08-01,0,39,2026-10-06T04:40:29.412460+00:00
Racun Sangga: Santet Pemisah Rumah Tangga,Racun Sangga,2020-01-01 2024-12-31,2021-08-08,0,41,2026-10-06T04:40:29.412460+00:00
Racun Sangga: Santet Pemisah Rumah Tangga,Racun Sangga,2020-01-01 2024-12-31,2021-08-15,0,44,2026-10-06T04:40:29.412460+00:00
Racun Sangga: Santet Pemisah Rumah Tangga,Racun Sangga,2020-01-01 2024-12-31,2021-08-22,0,42,2026-10-06T04:40:29.412460+00:00
Racun Sangga: Santet Pemisah Rumah Tangga,Racun Sangga,2020-01-01 2024-12-31,2021-08-29,0,46,2026-10-06T04:40:29.412460+00:00
Racun Sangga: Santet Pemisah Rumah Tangga,Racun Sangga,2020-01-01 2024-12-31,2021-09-05,0,40,2026-10-06T04:40:29.412460+00:00
Racun Sangga: Santet Pemisah Rumah Tangga,Racun Sangga,2020-01-01 2024-12-31,2021-09-12,0,39,2026-10-06T04:40:29.412460+00:00
Racun Sangga: Santet Pemisah Rumah Tangga,Racun Sangga,2020-01-01 2024-12-31,2021-09-19,0,34,2026-10-06T04:40:29.412460+00:00
Racun Sangga: Santet Pemisah Rumah Tangga,Racun Sangga,2020-01-01 2024-12-31,2021-09-26,0,35,2026-10-06T04:40:29.412460+00:00
Racun Sangga: Santet Pemisah Rumah Tangga,Racun Sangga,2020-01-01 2024-12-31,2021-10-03,0,37,2026-10-06T04:40:29.412460+00:00
Racun Sangga: Santet Pemisah Rumah Tangga,Racun Sangga,2020-01-01 2024-12-31,2021-10-10,0,39,2026-10-06T04:40:29.412460+00:00
Racun Sangga: Santet Pemisah Rumah Tangga,Racun Sangga,2020-01-01 2024-12-31,2021-10-17,0,43,2026-10-06T04:40:29.412460+00:00
Racun Sangga: Santet Pemisah Rumah Tangga,Racun Sangga,2020-01-01 2024-12-31,2021-10-24,0,40,2026-10-06T04:40:29.412460+00:00
Racun Sangga: Santet Pemisah Rumah Tangga,Racun Sangga,2020-01-01 2024-12-31,2021-10-31,0,50,2026-10-06T04:40:29.412460+00:00
Racun Sangga: Santet Pemisah Rumah Tangga,Racun Sangga,2020-01-01 2024-12-31,2021-11-07,0,46,2026-10-06T04:40:29.412460+00:00
Racun Sangga: Santet Pemisah Rumah Tangga,Racun Sangga,2020-01-01 2024-12-31,2021-11-14,0,52,2026-10-06T04:40:29.412460+00:00
Racun Sangga: Santet Pemisah Rumah Tangga,Racun Sangga,2020-01-01 2024-12-31,2021-11-21,0,50,2026-10-06T04:40:29.412460+00:00
Racun Sangga: Santet Pemisah Rumah Tangga,Racun Sangga,2020-01-01 2024-12-31,2021-11-28,0,40,2026-10-06T04:40:29.412460+00:00
Racun Sangga: Santet Pemisah Rumah Tangga,Racun Sangga,2020-01-01 2024-12-31,2021-12-05,0,45,2026-10-06T04:40:29.412460+00:00
Racun Sangga: Santet Pemisah Rumah Tangga,Racun Sangga,2020-01-01 2024-12-31,2021-12-12,0,49,2026-10-06T04:40:29.412460+00:00
Racun Sangga: Santet Pemisah Rumah Tangga,Racun Sangga,2020-01-01 2024-12-31,2021-12-19,0,59,2026-10-06T04:40:29.412460+00:00
Racun Sangga: Santet Pemisah Rumah Tangga,Racun Sangga,2020-01-01 2024-12-31,2021-12-26,0,79,2026-10-06T04:40:29.412460+00:00
Racun Sangga: Santet Pemisah Rumah Tangga,Racun Sangga,2020-01-01 2024-12-31,2022-01-02,0,62,2026-10-06T04:40:29.412460+00:00
Racun Sangga: Santet Pemisah Rumah Tangga,Racun Sangga,2020-01-01 2024-12-31,2022-01-09,0,66,2026-10-06T04:40:29.412460+00:00
Racun Sangga: Santet Pemisah Rumah Tangga,Racun Sangga,2020-01-01 2024-12-31,2022-01-16,0,49,2026-10-06T04:40:29.412460+00:00
Racun Sangga: Santet Pemisah Rumah Tangga,Racun Sangga,2020-01-01 2024-12-31,2022-01-23,0,51,2026-10-06T04:40:29.412460+00:00
Racun Sangga: Santet Pemisah Rumah Tangga,Racun Sangga,2020-01-01 2024-12-31,2022-01-30,0,50,2026-10-06T04:40:29.412460+00:00
Racun Sangga: Santet Pemisah Rumah Tangga,Racun Sangga,2020-01-01 2024-12-31,2022-02-06,0,49,2026-10-06T04:40:29.412460+00:00
Racun Sangga: Santet Pemisah Rumah Tangga,Racun Sangga,2020-01-01 2024-12-31,2022-02-13,0,54,2026-10-06T04:40:29.412460+00:00
Racun Sangga: Santet Pemisah Rumah Tangga,Racun Sangga,2020-01-01 2024-12-31,2022-02-20,0,50,2026-10-06T04:40:29.412460+00:00
Racun Sangga: Santet Pemisah Rumah Tangga,Racun Sangga,2020-01-01 2024-12-31,2022-02-27,0,55,2026-10-06T04:40:29.412460+00:00
Racun Sangga: Santet Pemisah Rumah Tangga,Racun Sangga,2020-01-01 2024-12-31,2022-03-06,0,41,2026-10-06T04:40:29.412460+00:00
Racun Sangga: Santet Pemisah Rumah Tangga,Racun Sangga,2020-01-01 2024-12-31,2022-03-13,0,43,2026-10-06T04:40:29.412460+00:00
Racun Sangga: Santet Pemisah Rumah Tangga,Racun Sangga,2020-01-01 2024-12-31,2022-03-20,0,46,2026-10-06T04:40:29.412460+00:00
Racun Sangga: Santet Pemisah Rumah Tangga,Racun Sangga,2020-01-01 2024-12-31,2022-03-27,0,43,2026-10-06T04:40:29.412460+00:00
Racun Sangga: Santet Pemisah Rumah Tangga,Racun Sangga,2020-01-01 2024-12-31,2022-04-03,0,45,2026-10-06T04:40:29.412460+00:00
Racun Sangga: Santet Pemisah Rumah Tangga,Racun Sangga,2020-01-01 2024-12-31,2022-04-10,0,47,2026-10-06T04:40:29.412460+00:00
Racun Sangga: Santet Pemisah Rumah Tangga,Racun Sangga,2020-01-01 2024-12-31,2022-04-17,0,51,2026-10-06T04:40:29.412460+00:00
Racun Sangga: Santet Pemisah Rumah Tangga,Racun Sangga,2020-01-01 2024-12-31,2022-04-24,0,55,2026-10-06T04:40:29.412460+00:00
Racun Sangga: Santet Pemisah Rumah Tangga,Racun Sangga,2020-01-01 2024-12-31,2022-05-01,0,98,2026-10-06T04:40:29.412460+00:00
Racun Sangga: Santet Pemisah Rumah Tangga,Racun Sangga,2020-01-01 2024-12-31,2022-05-08,0,75,2026-10-06T04:40:29.412460+00:00
Racun Sangga: Santet Pemisah Rumah Tangga,Racun Sangga,2020-01-01 2024-12-31,2022-05-15,0,62,2026-10-06T04:40:29.412460+00:00
Racun Sangga: Santet Pemisah Rumah Tangga,Racun Sangga,2020-01-01 2024-12-31,2022-05-22,0,58,2026-10-06T04:40:29.412460+00:00
Racun Sangga: Santet Pemisah Rumah Tangga,Racun Sangga,2020-01-01 2024-12-31,2022-05-29,0,53,2026-10-06T04:40:29.412460+00:00
Racun Sangga: Santet Pemisah Rumah Tangga,Racun Sangga,2020-01-01 2024-12-31,2022-06-05,0,48,2026-10-06T04:40:29.412460+00:00
Racun Sangga: Santet Pemisah Rumah Tangga,Racun Sangga,2020-01-01 2024-12-31,2022-06-12,0,50,2026-10-06T04:40:29.412460+00:00
Racun Sangga: Santet Pemisah Rumah Tangga,Racun Sangga,2020-01-01 2024-12-31,2022-06-19,0,59,2026-10-06T04:40:29.412460+00:00
Racun Sangga: Santet Pemisah Rumah Tangga,Racun Sangga,2020-01-01 2024-12-31,2022-06-26,0,56,2026-10-06T04:40:29.412460+00:00
Racun Sangga: Santet Pemisah Rumah Tangga,Racun Sangga,2020-01-01 2024-12-31,2022-07-03,0,54,2026-10-06T04:40:29.412460+00:00
Racun Sangga: Santet Pemisah Rumah Tangga,Racun Sangga,2020-01-01 2024-12-31,2022-07-10,0,59,2026-10-06T04:40:29.412460+00:00
Racun Sangga: Santet Pemisah Rumah Tangga,Racun Sangga,2020-01-01 2024-12-31,2022-07-17,0,54,2026-10-06T04:40:29.412460+00:00
Racun Sangga: Santet Pemisah Rumah Tangga,Racun Sangga,2020-01-01 2024-12-31,2022-07-24,0,47,2026-10-06T04:40:29.412460+00:00
Racun Sangga: Santet Pemisah Rumah Tangga,Racun Sangga,2020-01-01 2024-12-31,2022-07-31,0,54,2026-10-06T04:40:29.412460+00:00
Racun Sangga: Santet Pemisah Rumah Tangga,Racun Sangga,2020-01-01 2024-12-31,2022-08-07,0,52,2026-10-06T04:40:29.412460+00:00
Racun Sangga: Santet Pemisah Rumah Tangga,Racun Sangga,2020-01-01 2024-12-31,2022-08-14,0,54,2026-10-06T04:40:29.412460+00:00
Racun Sangga: Santet Pemisah Rumah Tangga,Racun Sangga,2020-01-01 2024-12-31,2022-08-21,0,48,2026-10-06T04:40:29.412460+00:00
Racun Sangga: Santet Pemisah Rumah Tangga,Racun Sangga,2020-01-01 2024-12-31,2022-08-28,0,46,2026-10-06T04:40:29.412460+00:00
Racun Sangga: Santet Pemisah Rumah Tangga,Racun Sangga,2020-01-01 2024-12-31,2022-09-04,0,47,2026-10-06T04:40:29.412460+00:00
Racun Sangga: Santet Pemisah Rumah Tangga,Racun Sangga,2020-01-01 2024-12-31,2022-09-11,0,42,2026-10-06T04:40:29.412460+00:00
Racun Sangga: Santet Pemisah Rumah Tangga,Racun Sangga,2020-01-01 2024-12-31,2022-09-18,0,42,2026-10-06T04:40:29.412460+00:00
Racun Sangga: Santet Pemisah Rumah Tangga,Racun Sangga,2020-01-01 2024-12-31,2022-09-25,0,41,2026-10-06T04:40:29.412460+00:00
Racun Sangga: Santet Pemisah Rumah Tangga,Racun Sangga,2020-01-01 2024-12-31,2022-10-02,0,46,2026-10-06T04:40:29.412460+00:00
Racun Sangga: Santet Pemisah Rumah Tangga,Racun Sangga,2020-01-01 2024-12-31,2022-10-09,0,54,2026-10-06T04:40:29.412460+00:00
Racun Sangga: Santet Pemisah Rumah Tangga,Racun Sangga,2020-01-01 2024-12-31,2022-10-16,0,53,2026-10-06T04:40:29.412460+00:00
Racun Sangga: Santet Pemisah Rumah Tangga,Racun Sangga,2020-01-01 2024-12-31,2022-10-23,0,48,2026-10-06T04:40:29.412460+00:00
Racun Sangga: Santet Pemisah Rumah Tangga,Racun Sangga,2020-01-01 2024-12-31,2022-10-30,0,50,2026-10-06T04:40:29.412460+00:00
Racun Sangga: Santet Pemisah Rumah Tangga,Racun Sangga,2020-01-01 2024-12-31,2022-11-06,0,52,2026-10-06T04:40:29.412460+00:00
Racun Sangga: Santet Pemisah Rumah Tangga,Racun Sangga,2020-01-01 2024-12-31,2022-11-13,0,53,2026-10-06T04:40:29.412460+00:00
Racun Sangga: Santet Pemisah Rumah Tangga,Racun Sangga,2020-01-01 2024-12-31,2022-11-20,0,44,2026-10-06T04:40:29.412460+00:00
Racun Sangga: Santet Pemisah Rumah Tangga,Racun Sangga,2020-01-01 2024-12-31,2022-11-27,0,43,2026-10-06T04:40:29.412460+00:00
Racun Sangga: Santet Pemisah Rumah Tangga,Racun Sangga,2020-01-01 2024-12-31,2022-12-04,0,41,2026-10-06T04:40:29.412460+00:00
Racun Sangga: Santet Pemisah Rumah Tangga,Racun Sangga,2020-01-01 2024-12-31,2022-12-11,0,52,2026-10-06T04:40:29.412460+00:00
Racun Sangga: Santet Pemisah Rumah Tangga,Racun Sangga,2020-01-01 2024-12-31,2022-12-18,0,58,2026-10-06T04:40:29.412460+00:00
Racun Sangga: Santet Pemisah Rumah Tangga,Racun Sangga,2020-01-01 2024-12-31,2022-12-25,0,100,2026-10-06T04:40:29.412460+00:00
Racun Sangga: Santet Pemisah Rumah Tangga,Racun Sangga,2020-01-01 2024-12-31,2023-01-01,0,63,2026-10-06T04:40:29.412460+00:00
Racun Sangga: Santet Pemisah Rumah Tangga,Racun Sangga,2020-01-01 2024-12-31,2023-01-08,0,50,2026-10-06T04:40:29.412460+00:00
Racun Sangga: Santet Pemisah Rumah Tangga,Racun Sangga,2020-01-01 2024-12-31,2023-01-15,0,48,2026-10-06T04:40:29.412460+00:00
Racun Sangga: Santet Pemisah Rumah Tangga,Racun Sangga,2020-01-01 2024-12-31,2023-01-22,0,55,2026-10-06T04:40:29.412460+00:00
Racun Sangga: Santet Pemisah Rumah Tangga,Racun Sangga,2020-01-01 2024-12-31,2023-01-29,0,48,2026-10-06T04:40:29.412460+00:00
Racun Sangga: Santet Pemisah Rumah Tangga,Racun Sangga,2020-01-01 2024-12-31,2023-02-05,0,51,2026-10-06T04:40:29.412460+00:00
Racun Sangga: Santet Pemisah Rumah Tangga,Racun Sangga,2020-01-01 2024-12-31,2023-02-12,0,55,2026-10-06T04:40:29.412460+00:00
Racun Sangga: Santet Pemisah Rumah Tangga,Racun Sangga,2020-01-01 2024-12-31,2023-02-19,0,50,2026-10-06T04:40:29.412460+00:00
Racun Sangga: Santet Pemisah Rumah Tangga,Racun Sangga,2020-01-01 2024-12-31,2023-02-26,0,50,2026-10-06T04:40:29.412460+00:00
Racun Sangga: Santet Pemisah Rumah Tangga,Racun Sangga,2020-01-01 2024-12-31,2023-03-05,0,46,2026-10-06T04:40:29.412460+00:00
Racun Sangga: Santet Pemisah Rumah Tangga,Racun Sangga,2020-01-01 2024-12-31,2023-03-12,0,46,2026-10-06T04:40:29.412460+00:00
Racun Sangga: Santet Pemisah Rumah Tangga,Racun Sangga,2020-01-01 2024-12-31,2023-03-19,0,56,2026-10-06T04:40:29.412460+00:00
Racun Sangga: Santet Pemisah Rumah Tangga,Racun Sangga,2020-01-01 2024-12-31,2023-03-26,0,46,2026-10-06T04:40:29.412460+00:00
Racun Sangga: Santet Pemisah Rumah Tangga,Racun Sangga,2020-01-01 2024-12-31,2023-04-02,0,49,2026-10-06T04:40:29.412460+00:00
Racun Sangga: Santet Pemisah Rumah Tangga,Racun Sangga,2020-01-01 2024-12-31,2023-04-09,0,46,2026-10-06T04:40:29.412460+00:00
Racun Sangga: Santet Pemisah Rumah Tangga,Racun Sangga,2020-01-01 2024-12-31,2023-04-16,0,59,2026-10-06T04:40:29.412460+00:00
Racun Sangga: Santet Pemisah Rumah Tangga,Racun Sangga,2020-01-01 2024-12-31,2023-04-23,0,83,2026-10-06T04:40:29.412460+00:00
Racun Sangga: Santet Pemisah Rumah Tangga,Racun Sangga,2020-01-01 2024-12-31,2023-04-30,0,68,2026-10-06T04:40:29.412460+00:00
Racun Sangga: Santet Pemisah Rumah Tangga,Racun Sangga,2020-01-01 2024-12-31,2023-05-07,0,57,2026-10-06T04:40:29.412460+00:00
Racun Sangga: Santet Pemisah Rumah Tangga,Racun Sangga,2020-01-01 2024-12-31,2023-05-14,0,61,2026-10-06T04:40:29.412460+00:00
Racun Sangga: Santet Pemisah Rumah Tangga,Racun Sangga,2020-01-01 2024-12-31,2023-05-21,0,58,2026-10-06T04:40:29.412460+00:00
Racun Sangga: Santet Pemisah Rumah Tangga,Racun Sangga,2020-01-01 2024-12-31,2023-05-28,0,54,2026-10-06T04:40:29.412460+00:00
Racun Sangga: Santet Pemisah Rumah Tangga,Racun Sangga,2020-01-01 2024-12-31,2023-06-04,0,48,2026-10-06T04:40:29.412460+00:00
Racun Sangga: Santet Pemisah Rumah Tangga,Racun Sangga,2020-01-01 2024-12-31,2023-06-11,0,50,2026-10-06T04:40:29.412460+00:00
Racun Sangga: Santet Pemisah Rumah Tangga,Racun Sangga,2020-01-01 2024-12-31,2023-06-18,0,55,2026-10-06T04:40:29.412460+00:00
Racun Sangga: Santet Pemisah Rumah Tangga,Racun Sangga,2020-01-01 2024-12-31,2023-06-25,0,64,2026-10-06T04:40:29.412460+00:00
Racun Sangga: Santet Pemisah Rumah Tangga,Racun Sangga,2020-01-01 2024-12-31,2023-07-02,0,55,2026-10-06T04:40:29.412460+00:00
Racun Sangga: Santet Pemisah Rumah Tangga,Racun Sangga,2020-01-01 2024-12-31,2023-07-09,0,59,2026-10-06T04:40:29.412460+00:00
Racun Sangga: Santet Pemisah Rumah Tangga,Racun Sangga,2020-01-01 2024-12-31,2023-07-16,0,59,2026-10-06T04:40:29.412460+00:00
Racun Sangga: Santet Pemisah Rumah Tangga,Racun Sangga,2020-01-01 2024-12-31,2023-07-23,0,50,2026-10-06T04:40:29.412460+00:00
Racun Sangga: Santet Pemisah Rumah Tangga,Racun Sangga,2020-01-01 2024-12-31,2023-07-30,0,47,2026-10-06T04:40:29.412460+00:00
Racun Sangga: Santet Pemisah Rumah Tangga,Racun Sangga,2020-01-01 2024-12-31,2023-08-06,0,51,2026-10-06T04:40:29.412460+00:00
Racun Sangga: Santet Pemisah Rumah Tangga,Racun Sangga,2020-01-01 2024-12-31,2023-08-13,0,53,2026-10-06T04:40:29.412460+00:00
Racun Sangga: Santet Pemisah Rumah Tangga,Racun Sangga,2020-01-01 2024-12-31,2023-08-20,0,48,2026-10-06T04:40:29.412460+00:00
Racun Sangga: Santet Pemisah Rumah Tangga,Racun Sangga,2020-01-01 2024-12-31,2023-08-27,0,50,2026-10-06T04:40:29.412460+00:00
Racun Sangga: Santet Pemisah Rumah Tangga,Racun Sangga,2020-01-01 2024-12-31,2023-09-03,0,55,2026-10-06T04:40:29.412460+00:00
Racun Sangga: Santet Pemisah Rumah Tangga,Racun Sangga,2020-01-01 2024-12-31,2023-09-10,0,50,2026-10-06T04:40:29.412460+00:00
Racun Sangga: Santet Pemisah Rumah Tangga,Racun Sangga,2020-01-01 2024-12-31,2023-09-17,0,52,2026-10-06T04:40:29.412460+00:00
Racun Sangga: Santet Pemisah Rumah Tangga,Racun Sangga,2020-01-01 2024-12-31,2023-09-24,0,54,2026-10-06T04:40:29.412460+00:00
Racun Sangga: Santet Pemisah Rumah Tangga,Racun Sangga,2020-01-01 2024-12-31,2023-10-01,0,57,2026-10-06T04:40:29.412460+00:00
Racun Sangga: Santet Pemisah Rumah Tangga,Racun Sangga,2020-01-01 2024-12-31,2023-10-08,0,58,2026-10-06T04:40:29.412460+00:00
Racun Sangga: Santet Pemisah Rumah Tangga,Racun Sangga,2020-01-01 2024-12-31,2023-10-15,0,55,2026-10-06T04:40:29.412460+00:00
Racun Sangga: Santet Pemisah Rumah Tangga,Racun Sangga,2020-01-01 2024-12-31,2023-10-22,0,57,2026-10-06T04:40:29.412460+00:00
Racun Sangga: Santet Pemisah Rumah Tangga,Racun Sangga,2020-01-01 2024-12-31,2023-10-29,0,56,2026-10-06T04:40:29.412460+00:00
Racun Sangga: Santet Pemisah Rumah Tangga,Racun Sangga,2020-01-01 2024-12-31,2023-11-05,0,54,2026-10-06T04:40:29.412460+00:00
Racun Sangga: Santet Pemisah Rumah Tangga,Racun Sangga,2020-01-01 2024-12-31,2023-11-12,0,54,2026-10-06T04:40:29.412460+00:00
Racun Sangga: Santet Pemisah Rumah Tangga,Racun Sangga,2020-01-01 2024-12-31,2023-11-19,0,52,2026-10-06T04:40:29.412460+00:00
Racun Sangga: Santet Pemisah Rumah Tangga,Racun Sangga,2020-01-01 2024-12-31,2023-11-26,0,49,2026-10-06T04:40:29.412460+00:00
Racun Sangga: Santet Pemisah Rumah Tangga,Racun Sangga,2020-01-01 2024-12-31,2023-12-03,0,50,2026-10-06T04:40:29.412460+00:00
Racun Sangga: Santet Pemisah Rumah Tangga,Racun Sangga,2020-01-01 2024-12-31,2023-12-10,0,58,2026-10-06T04:40:29.412460+00:00
Racun Sangga: Santet Pemisah Rumah Tangga,Racun Sangga,2020-01-01 2024-12-31,2023-12-17,0,60,2026-10-06T04:40:29.412460+00:00
Racun Sangga: Santet Pemisah Rumah Tangga,Racun Sangga,2020-01-01 2024-12-31,2023-12-24,0,88,2026-10-06T04:40:29.412460+00:00
Racun Sangga: Santet Pemisah Rumah Tangga,Racun Sangga,2020-01-01 2024-12-31,2023-12-31,0,67,2026-10-06T04:40:29.412460+00:00
Racun Sangga: Santet Pemisah Rumah Tangga,Racun Sangga,2020-01-01 2024-12-31,2024-01-07,0,51,2026-10-06T04:40:29.412460+00:00
Racun Sangga: Santet Pemisah Rumah Tangga,Racun Sangga,2020-01-01 2024-12-31,2024-01-14,0,49,2026-10-06T04:40:29.412460+00:00
Racun Sangga: Santet Pemisah Rumah Tangga,Racun Sangga,2020-01-01 2024-12-31,2024-01-21,0,50,2026-10-06T04:40:29.412460+00:00
Racun Sangga: Santet Pemisah Rumah Tangga,Racun Sangga,2020-01-01 2024-12-31,2024-01-28,0,53,2026-10-06T04:40:29.412460+00:00
Racun Sangga: Santet Pemisah Rumah Tangga,Racun Sangga,2020-01-01 2024-12-31,2024-02-04,0,57,2026-10-06T04:40:29.412460+00:00
Racun Sangga: Santet Pemisah Rumah Tangga,Racun Sangga,2020-01-01 2024-12-31,2024-02-11,0,53,2026-10-06T04:40:29.412460+00:00
Racun Sangga: Santet Pemisah Rumah Tangga,Racun Sangga,2020-01-01 2024-12-31,2024-02-18,0,49,2026-10-06T04:40:29.412460+00:00
Racun Sangga: Santet Pemisah Rumah Tangga,Racun Sangga,2020-01-01 2024-12-31,2024-02-25,0,54,2026-10-06T04:40:29.412460+00:00
Racun Sangga: Santet Pemisah Rumah Tangga,Racun Sangga,2020-01-01 2024-12-31,2024-03-03,0,51,2026-10-06T04:40:29.412460+00:00
Racun Sangga: Santet Pemisah Rumah Tangga,Racun Sangga,2020-01-01 2024-12-31,2024-03-10,0,56,2026-10-06T04:40:29.412460+00:00
Racun Sangga: Santet Pemisah Rumah Tangga,Racun Sangga,2020-01-01 2024-12-31,2024-03-17,0,47,2026-10-06T04:40:29.412460+00:00
Racun Sangga: Santet Pemisah Rumah Tangga,Racun Sangga,2020-01-01 2024-12-31,2024-03-24,0,51,2026-10-06T04:40:29.412460+00:00
Racun Sangga: Santet Pemisah Rumah Tangga,Racun Sangga,2020-01-01 2024-12-31,2024-03-31,0,47,2026-10-06T04:40:29.412460+00:00
Racun Sangga: Santet Pemisah Rumah Tangga,Racun Sangga,2020-01-01 2024-12-31,2024-04-07,0,69,2026-10-06T04:40:29.412460+00:00
Racun Sangga: Santet Pemisah Rumah Tangga,Racun Sangga,2020-01-01 2024-12-31,2024-04-14,0,60,2026-10-06T04:40:29.412460+00:00
Racun Sangga: Santet Pemisah Rumah Tangga,Racun Sangga,2020-01-01 2024-12-31,2024-04-21,0,48,2026-10-06T04:40:29.412460+00:00
Racun Sangga: Santet Pemisah Rumah Tangga,Racun Sangga,2020-01-01 2024-12-31,2024-04-28,0,46,2026-10-06T04:40:29.412460+00:00
Racun Sangga: Santet Pemisah Rumah Tangga,Racun Sangga,2020-01-01 2024-12-31,2024-05-05,0,53,2026-10-06T04:40:29.412460+00:00
Racun Sangga: Santet Pemisah Rumah Tangga,Racun Sangga,2020-01-01 2024-12-31,2024-05-12,0,54,2026-10-06T04:40:29.412460+00:00
Racun Sangga: Santet Pemisah Rumah Tangga,Racun Sangga,2020-01-01 2024-12-31,2024-05-19,0,51,2026-10-06T04:40:29.412460+00:00
Racun Sangga: Santet Pemisah Rumah Tangga,Racun Sangga,2020-01-01 2024-12-31,2024-05-26,0,41,2026-10-06T04:40:29.412460+00:00
Racun Sangga: Santet Pemisah Rumah Tangga,Racun Sangga,2020-01-01 2024-12-31,2024-06-02,0,36,2026-10-06T04:40:29.412460+00:00
Racun Sangga: Santet Pemisah Rumah Tangga,Racun Sangga,2020-01-01 2024-12-31,2024-06-09,0,41,2026-10-06T04:40:29.412460+00:00
Racun Sangga: Santet Pemisah Rumah Tangga,Racun Sangga,2020-01-01 2024-12-31,2024-06-16,0,51,2026-10-06T04:40:29.412460+00:00
Racun Sangga: Santet Pemisah Rumah Tangga,Racun Sangga,2020-01-01 2024-12-31,2024-06-23,0,48,2026-10-06T04:40:29.412460+00:00
Racun Sangga: Santet Pemisah Rumah Tangga,Racun Sangga,2020-01-01 2024-12-31,2024-06-30,0,53,2026-10-06T04:40:29.412460+00:00
Racun Sangga: Santet Pemisah Rumah Tangga,Racun Sangga,2020-01-01 2024-12-31,2024-07-07,0,52,2026-10-06T04:40:29.412460+00:00
Racun Sangga: Santet Pemisah Rumah Tangga,Racun Sangga,2020-01-01 2024-12-31,2024-07-14,0,50,2026-10-06T04:40:29.412460+00:00
Racun Sangga: Santet Pemisah Rumah Tangga,Racun Sangga,2020-01-01 2024-12-31,2024-07-21,0,51,2026-10-06T04:40:29.412460+00:00
Racun Sangga: Santet Pemisah Rumah Tangga,Racun Sangga,2020-01-01 2024-12-31,2024-07-28,0,50,2026-10-06T04:40:29.412460+00:00
Racun Sangga: Santet Pemisah Rumah Tangga,Racun Sangga,2020-01-01 2024-12-31,2024-08-04,0,46,2026-10-06T04:40:29.412460+00:00
Racun Sangga: Santet Pemisah Rumah Tangga,Racun Sangga,2020-01-01 2024-12-31,2024-08-11,0,51,2026-10-06T04:40:29.412460+00:00
Racun Sangga: Santet Pemisah Rumah Tangga,Racun Sangga,2020-01-01 2024-12-31,2024-08-18,0,48,2026-10-06T04:40:29.412460+00:00
Racun Sangga: Santet Pemisah Rumah Tangga,Racun Sangga,2020-01-01 2024-12-31,2024-08-25,0,48,2026-10-06T04:40:29.412460+00:00
Racun Sangga: Santet Pemisah Rumah Tangga,Racun Sangga,2020-01-01 2024-12-31,2024-09-01,0,45,2026-10-06T04:40:29.412460+00:00
Racun Sangga: Santet Pemisah Rumah Tangga,Racun Sangga,2020-01-01 2024-12-31,2024-09-08,0,50,2026-10-06T04:40:29.412460+00:00
Racun Sangga: Santet Pemisah Rumah Tangga,Racun Sangga,2020-01-01 2024-12-31,2024-09-15,0,55,2026-10-06T04:40:29.412460+00:00
Racun Sangga: Santet Pemisah Rumah Tangga,Racun Sangga,2020-01-01 2024-12-31,2024-09-22,0,54,2026-10-06T04:40:29.412460+00:00
Racun Sangga: Santet Pemisah Rumah Tangga,Racun Sangga,2020-01-01 2024-12-31,2024-09-29,0,54,2026-10-06T04:40:29.412460+00:00
Racun Sangga: Santet Pemisah Rumah Tangga,Racun Sangga,2020-01-01 2024-12-31,2024-10-06,0,52,2026-10-06T04:40:29.412460+00:00
Racun Sangga: Santet Pemisah Rumah Tangga,Racun Sangga,2020-01-01 2024-12-31,2024-10-13,0,50,2026-10-06T04:40:29.412460+00:00
Racun Sangga: Santet Pemisah Rumah Tangga,Racun Sangga,2020-01-01 2024-12-31,2024-10-20,1,50,2026-10-06T04:40:29.412460+00:00
Racun Sangga: Santet Pemisah Rumah Tangga,Racun Sangga,2020-01-01 2024-12-31,2024-10-27,0,50,2026-10-06T04:40:29.412460+00:00
Racun Sangga: Santet Pemisah Rumah Tangga,Racun Sangga,2020-01-01 2024-12-31,2024-11-03,2,61,2026-10-06T04:40:29.412460+00:00
Racun Sangga: Santet Pemisah Rumah Tangga,Racun Sangga,2020-01-01 2024-12-31,2024-11-10,2,57,2026-10-06T04:40:29.412460+00:00
Racun Sangga: Santet Pemisah Rumah Tangga,Racun Sangga,2020-01-01 2024-12-31,2024-11-17,1,61,2026-10-06T04:40:29.412460+00:00
Racun Sangga: Santet Pemisah Rumah Tangga,Racun Sangga,2020-01-01 2024-12-31,2024-11-24,1,59,2026-10-06T04:40:29.412460+00:00
Racun Sangga: Santet Pemisah Rumah Tangga,Racun Sangga,2020-01-01 2024-12-31,2024-12-01,2,52,2026-10-06T04:40:29.412460+00:00
Racun Sangga: Santet Pemisah Rumah Tangga,Racun Sangga,2020-01-01 2024-12-31,2024-12-08,14,56,2026-10-06T04:40:29.412460+00:00
Racun Sangga: Santet Pemisah Rumah Tangga,Racun Sangga,2020-01-01 2024-12-31,2024-12-15,27,65,2026-10-06T04:40:29.412460+00:00
Racun Sangga: Santet Pemisah Rumah Tangga,Racun Sangga,2020-01-01 2024-12-31,2024-12-22,18,78,2026-10-06T04:40:29.412460+00:00
Racun Sangga: Santet Pemisah Rumah Tangga,Racun Sangga,2020-01-01 2024-12-31,2024-12-29,8,79,2026-10-06T04:40:29.412460+00:00
Racun Sangga: Santet Pemisah Rumah Tangga,Racun Sangga,2022-01-01 2026-10-06,2021-12-26,0,73,2026-10-06T04:40:54.490116+00:00
Racun Sangga: Santet Pemisah Rumah Tangga,Racun Sangga,2022-01-01 2026-10-06,2022-01-02,0,57,2026-10-06T04:40:54.490116+00:00
Racun Sangga: Santet Pemisah Rumah Tangga,Racun Sangga,2022-01-01 2026-10-06,2022-01-09,0,61,2026-10-06T04:40:54.490116+00:00
Racun Sangga: Santet Pemisah Rumah Tangga,Racun Sangga,2022-01-01 2026-10-06,2022-01-16,0,46,2026-10-06T04:40:54.490116+00:00
Racun Sangga: Santet Pemisah Rumah Tangga,Racun Sangga,2022-01-01 2026-10-06,2022-01-23,0,47,2026-10-06T04:40:54.490116+00:00
Racun Sangga: Santet Pemisah Rumah Tangga,Racun Sangga,2022-01-01 2026-10-06,2022-01-30,0,46,2026-10-06T04:40:54.490116+00:00
Racun Sangga: Santet Pemisah Rumah Tangga,Racun Sangga,2022-01-01 2026-10-06,2022-02-06,0,46,2026-10-06T04:40:54.490116+00:00
Racun Sangga: Santet Pemisah Rumah Tangga,Racun Sangga,2022-01-01 2026-10-06,2022-02-13,0,50,2026-10-06T04:40:54.490116+00:00
Racun Sangga: Santet Pemisah Rumah Tangga,Racun Sangga,2022-01-01 2026-10-06,2022-02-20,0,46,2026-10-06T04:40:54.490116+00:00
Racun Sangga: Santet Pemisah Rumah Tangga,Racun Sangga,2022-01-01 2026-10-06,2022-02-27,0,51,2026-10-06T04:40:54.490116+00:00
Racun Sangga: Santet Pemisah Rumah Tangga,Racun Sangga,2022-01-01 2026-10-06,2022-03-06,0,38,2026-10-06T04:40:54.490116+00:00
Racun Sangga: Santet Pemisah Rumah Tangga,Racun Sangga,2022-01-01 2026-10-06,2022-03-13,0,40,2026-10-06T04:40:54.490116+00:00
Racun Sangga: Santet Pemisah Rumah Tangga,Racun Sangga,2022-01-01 2026-10-06,2022-03-20,0,42,2026-10-06T04:40:54.490116+00:00
Racun Sangga: Santet Pemisah Rumah Tangga,Racun Sangga,2022-01-01 2026-10-06,2022-03-27,0,40,2026-10-06T04:40:54.490116+00:00
Racun Sangga: Santet Pemisah Rumah Tangga,Racun Sangga,2022-01-01 2026-10-06,2022-04-03,0,42,2026-10-06T04:40:54.490116+00:00
Racun Sangga: Santet Pemisah Rumah Tangga,Racun Sangga,2022-01-01 2026-10-06,2022-04-10,0,43,2026-10-06T04:40:54.490116+00:00
Racun Sangga: Santet Pemisah Rumah Tangga,Racun Sangga,2022-01-01 2026-10-06,2022-04-17,0,47,2026-10-06T04:40:54.490116+00:00
Racun Sangga: Santet Pemisah Rumah Tangga,Racun Sangga,2022-01-01 2026-10-06,2022-04-24,0,51,2026-10-06T04:40:54.490116+00:00
Racun Sangga: Santet Pemisah Rumah Tangga,Racun Sangga,2022-01-01 2026-10-06,2022-05-01,0,90,2026-10-06T04:40:54.490116+00:00
Racun Sangga: Santet Pemisah Rumah Tangga,Racun Sangga,2022-01-01 2026-10-06,2022-05-08,0,69,2026-10-06T04:40:54.490116+00:00
Racun Sangga: Santet Pemisah Rumah Tangga,Racun Sangga,2022-01-01 2026-10-06,2022-05-15,0,57,2026-10-06T04:40:54.490116+00:00
Racun Sangga: Santet Pemisah Rumah Tangga,Racun Sangga,2022-01-01 2026-10-06,2022-05-22,0,53,2026-10-06T04:40:54.490116+00:00
Racun Sangga: Santet Pemisah Rumah Tangga,Racun Sangga,2022-01-01 2026-10-06,2022-05-29,0,49,2026-10-06T04:40:54.490116+00:00
Racun Sangga: Santet Pemisah Rumah Tangga,Racun Sangga,2022-01-01 2026-10-06,2022-06-05,0,44,2026-10-06T04:40:54.490116+00:00
Racun Sangga: Santet Pemisah Rumah Tangga,Racun Sangga,2022-01-01 2026-10-06,2022-06-12,0,46,2026-10-06T04:40:54.490116+00:00
Racun Sangga: Santet Pemisah Rumah Tangga,Racun Sangga,2022-01-01 2026-10-06,2022-06-19,0,54,2026-10-06T04:40:54.490116+00:00
Racun Sangga: Santet Pemisah Rumah Tangga,Racun Sangga,2022-01-01 2026-10-06,2022-06-26,0,52,2026-10-06T04:40:54.490116+00:00
Racun Sangga: Santet Pemisah Rumah Tangga,Racun Sangga,2022-01-01 2026-10-06,2022-07-03,0,50,2026-10-06T04:40:54.490116+00:00
Racun Sangga: Santet Pemisah Rumah Tangga,Racun Sangga,2022-01-01 2026-10-06,2022-07-10,0,55,2026-10-06T04:40:54.490116+00:00
Racun Sangga: Santet Pemisah Rumah Tangga,Racun Sangga,2022-01-01 2026-10-06,2022-07-17,0,50,2026-10-06T04:40:54.490116+00:00
Racun Sangga: Santet Pemisah Rumah Tangga,Racun Sangga,2022-01-01 2026-10-06,2022-07-24,0,44,2026-10-06T04:40:54.490116+00:00
Racun Sangga: Santet Pemisah Rumah Tangga,Racun Sangga,2022-01-01 2026-10-06,2022-07-31,0,50,2026-10-06T04:40:54.490116+00:00
Racun Sangga: Santet Pemisah Rumah Tangga,Racun Sangga,2022-01-01 2026-10-06,2022-08-07,0,48,2026-10-06T04:40:54.490116+00:00
Racun Sangga: Santet Pemisah Rumah Tangga,Racun Sangga,2022-01-01 2026-10-06,2022-08-14,0,50,2026-10-06T04:40:54.490116+00:00
Racun Sangga: Santet Pemisah Rumah Tangga,Racun Sangga,2022-01-01 2026-10-06,2022-08-21,0,45,2026-10-06T04:40:54.490116+00:00
Racun Sangga: Santet Pemisah Rumah Tangga,Racun Sangga,2022-01-01 2026-10-06,2022-08-28,0,42,2026-10-06T04:40:54.490116+00:00
Racun Sangga: Santet Pemisah Rumah Tangga,Racun Sangga,2022-01-01 2026-10-06,2022-09-04,0,43,2026-10-06T04:40:54.490116+00:00
Racun Sangga: Santet Pemisah Rumah Tangga,Racun Sangga,2022-01-01 2026-10-06,2022-09-11,0,39,2026-10-06T04:40:54.490116+00:00
Racun Sangga: Santet Pemisah Rumah Tangga,Racun Sangga,2022-01-01 2026-10-06,2022-09-18,0,39,2026-10-06T04:40:54.490116+00:00
Racun Sangga: Santet Pemisah Rumah Tangga,Racun Sangga,2022-01-01 2026-10-06,2022-09-25,0,38,2026-10-06T04:40:54.490116+00:00
Racun Sangga: Santet Pemisah Rumah Tangga,Racun Sangga,2022-01-01 2026-10-06,2022-10-02,0,43,2026-10-06T04:40:54.490116+00:00
Racun Sangga: Santet Pemisah Rumah Tangga,Racun Sangga,2022-01-01 2026-10-06,2022-10-09,0,50,2026-10-06T04:40:54.490116+00:00
Racun Sangga: Santet Pemisah Rumah Tangga,Racun Sangga,2022-01-01 2026-10-06,2022-10-16,0,49,2026-10-06T04:40:54.490116+00:00
Racun Sangga: Santet Pemisah Rumah Tangga,Racun Sangga,2022-01-01 2026-10-06,2022-10-23,0,45,2026-10-06T04:40:54.490116+00:00
Racun Sangga: Santet Pemisah Rumah Tangga,Racun Sangga,2022-01-01 2026-10-06,2022-10-30,0,46,2026-10-06T04:40:54.490116+00:00
Racun Sangga: Santet Pemisah Rumah Tangga,Racun Sangga,2022-01-01 2026-10-06,2022-11-06,0,48,2026-10-06T04:40:54.490116+00:00
Racun Sangga: Santet Pemisah Rumah Tangga,Racun Sangga,2022-01-01 2026-10-06,2022-11-13,0,49,2026-10-06T04:40:54.490116+00:00
Racun Sangga: Santet Pemisah Rumah Tangga,Racun Sangga,2022-01-01 2026-10-06,2022-11-20,0,41,2026-10-06T04:40:54.490116+00:00
Racun Sangga: Santet Pemisah Rumah Tangga,Racun Sangga,2022-01-01 2026-10-06,2022-11-27,0,40,2026-10-06T04:40:54.490116+00:00
Racun Sangga: Santet Pemisah Rumah Tangga,Racun Sangga,2022-01-01 2026-10-06,2022-12-04,0,38,2026-10-06T04:40:54.490116+00:00
Racun Sangga: Santet Pemisah Rumah Tangga,Racun Sangga,2022-01-01 2026-10-06,2022-12-11,0,48,2026-10-06T04:40:54.490116+00:00
Racun Sangga: Santet Pemisah Rumah Tangga,Racun Sangga,2022-01-01 2026-10-06,2022-12-18,0,53,2026-10-06T04:40:54.490116+00:00
Racun Sangga: Santet Pemisah Rumah Tangga,Racun Sangga,2022-01-01 2026-10-06,2022-12-25,0,92,2026-10-06T04:40:54.490116+00:00
Racun Sangga: Santet Pemisah Rumah Tangga,Racun Sangga,2022-01-01 2026-10-06,2023-01-01,0,58,2026-10-06T04:40:54.490116+00:00
Racun Sangga: Santet Pemisah Rumah Tangga,Racun Sangga,2022-01-01 2026-10-06,2023-01-08,0,46,2026-10-06T04:40:54.490116+00:00
Racun Sangga: Santet Pemisah Rumah Tangga,Racun Sangga,2022-01-01 2026-10-06,2023-01-15,0,44,2026-10-06T04:40:54.490116+00:00
Racun Sangga: Santet Pemisah Rumah Tangga,Racun Sangga,2022-01-01 2026-10-06,2023-01-22,0,51,2026-10-06T04:40:54.490116+00:00
Racun Sangga: Santet Pemisah Rumah Tangga,Racun Sangga,2022-01-01 2026-10-06,2023-01-29,0,44,2026-10-06T04:40:54.490116+00:00
Racun Sangga: Santet Pemisah Rumah Tangga,Racun Sangga,2022-01-01 2026-10-06,2023-02-05,0,47,2026-10-06T04:40:54.490116+00:00
Racun Sangga: Santet Pemisah Rumah Tangga,Racun Sangga,2022-01-01 2026-10-06,2023-02-12,0,51,2026-10-06T04:40:54.490116+00:00
Racun Sangga: Santet Pemisah Rumah Tangga,Racun Sangga,2022-01-01 2026-10-06,2023-02-19,0,46,2026-10-06T04:40:54.490116+00:00
Racun Sangga: Santet Pemisah Rumah Tangga,Racun Sangga,2022-01-01 2026-10-06,2023-02-26,0,46,2026-10-06T04:40:54.490116+00:00
Racun Sangga: Santet Pemisah Rumah Tangga,Racun Sangga,2022-01-01 2026-10-06,2023-03-05,0,43,2026-10-06T04:40:54.490116+00:00
Racun Sangga: Santet Pemisah Rumah Tangga,Racun Sangga,2022-01-01 2026-10-06,2023-03-12,0,42,2026-10-06T04:40:54.490116+00:00
Racun Sangga: Santet Pemisah Rumah Tangga,Racun Sangga,2022-01-01 2026-10-06,2023-03-19,0,52,2026-10-06T04:40:54.490116+00:00
Racun Sangga: Santet Pemisah Rumah Tangga,Racun Sangga,2022-01-01 2026-10-06,2023-03-26,0,43,2026-10-06T04:40:54.490116+00:00
Racun Sangga: Santet Pemisah Rumah Tangga,Racun Sangga,2022-01-01 2026-10-06,2023-04-02,0,45,2026-10-06T04:40:54.490116+00:00
Racun Sangga: Santet Pemisah Rumah Tangga,Racun Sangga,2022-01-01 2026-10-06,2023-04-09,0,43,2026-10-06T04:40:54.490116+00:00
Racun Sangga: Santet Pemisah Rumah Tangga,Racun Sangga,2022-01-01 2026-10-06,2023-04-16,0,54,2026-10-06T04:40:54.490116+00:00
Racun Sangga: Santet Pemisah Rumah Tangga,Racun Sangga,2022-01-01 2026-10-06,2023-04-23,0,77,2026-10-06T04:40:54.490116+00:00
Racun Sangga: Santet Pemisah Rumah Tangga,Racun Sangga,2022-01-01 2026-10-06,2023-04-30,0,63,2026-10-06T04:40:54.490116+00:00
Racun Sangga: Santet Pemisah Rumah Tangga,Racun Sangga,2022-01-01 2026-10-06,2023-05-07,0,53,2026-10-06T04:40:54.490116+00:00
Racun Sangga: Santet Pemisah Rumah Tangga,Racun Sangga,2022-01-01 2026-10-06,2023-05-14,0,56,2026-10-06T04:40:54.490116+00:00
Racun Sangga: Santet Pemisah Rumah Tangga,Racun Sangga,2022-01-01 2026-10-06,2023-05-21,0,54,2026-10-06T04:40:54.490116+00:00
Racun Sangga: Santet Pemisah Rumah Tangga,Racun Sangga,2022-01-01 2026-10-06,2023-05-28,0,50,2026-10-06T04:40:54.490116+00:00
Racun Sangga: Santet Pemisah Rumah Tangga,Racun Sangga,2022-01-01 2026-10-06,2023-06-04,0,44,2026-10-06T04:40:54.490116+00:00
Racun Sangga: Santet Pemisah Rumah Tangga,Racun Sangga,2022-01-01 2026-10-06,2023-06-11,0,47,2026-10-06T04:40:54.490116+00:00
Racun Sangga: Santet Pemisah Rumah Tangga,Racun Sangga,2022-01-01 2026-10-06,2023-06-18,0,50,2026-10-06T04:40:54.490116+00:00
Racun Sangga: Santet Pemisah Rumah Tangga,Racun Sangga,2022-01-01 2026-10-06,2023-06-25,0,59,2026-10-06T04:40:54.490116+00:00
Racun Sangga: Santet Pemisah Rumah Tangga,Racun Sangga,2022-01-01 2026-10-06,2023-07-02,0,51,2026-10-06T04:40:54.490116+00:00
Racun Sangga: Santet Pemisah Rumah Tangga,Racun Sangga,2022-01-01 2026-10-06,2023-07-09,0,55,2026-10-06T04:40:54.490116+00:00
Racun Sangga: Santet Pemisah Rumah Tangga,Racun Sangga,2022-01-01 2026-10-06,2023-07-16,0,54,2026-10-06T04:40:54.490116+00:00
Racun Sangga: Santet Pemisah Rumah Tangga,Racun Sangga,2022-01-01 2026-10-06,2023-07-23,0,47,2026-10-06T04:40:54.490116+00:00
Racun Sangga: Santet Pemisah Rumah Tangga,Racun Sangga,2022-01-01 2026-10-06,2023-07-30,0,43,2026-10-06T04:40:54.490116+00:00
Racun Sangga: Santet Pemisah Rumah Tangga,Racun Sangga,2022-01-01 2026-10-06,2023-08-06,0,47,2026-10-06T04:40:54.490116+00:00
Racun Sangga: Santet Pemisah Rumah Tangga,Racun Sangga,2022-01-01 2026-10-06,2023-08-13,0,49,2026-10-06T04:40:54.490116+00:00
Racun Sangga: Santet Pemisah Rumah Tangga,Racun Sangga,2022-01-01 2026-10-06,2023-08-20,0,44,2026-10-06T04:40:54.490116+00:00
Racun Sangga: Santet Pemisah Rumah Tangga,Racun Sangga,2022-01-01 2026-10-06,2023-08-27,0,46,2026-10-06T04:40:54.490116+00:00
Racun Sangga: Santet Pemisah Rumah Tangga,Racun Sangga,2022-01-01 2026-10-06,2023-09-03,0,51,2026-10-06T04:40:54.490116+00:00
Racun Sangga: Santet Pemisah Rumah Tangga,Racun Sangga,2022-01-01 2026-10-06,2023-09-10,0,46,2026-10-06T04:40:54.490116+00:00
Racun Sangga: Santet Pemisah Rumah Tangga,Racun Sangga,2022-01-01 2026-10-06,2023-09-17,0,48,2026-10-06T04:40:54.490116+00:00
Racun Sangga: Santet Pemisah Rumah Tangga,Racun Sangga,2022-01-01 2026-10-06,2023-09-24,0,50,2026-10-06T04:40:54.490116+00:00
Racun Sangga: Santet Pemisah Rumah Tangga,Racun Sangga,2022-01-01 2026-10-06,2023-10-01,0,52,2026-10-06T04:40:54.490116+00:00
Racun Sangga: Santet Pemisah Rumah Tangga,Racun Sangga,2022-01-01 2026-10-06,2023-10-08,0,53,2026-10-06T04:40:54.490116+00:00
Racun Sangga: Santet Pemisah Rumah Tangga,Racun Sangga,2022-01-01 2026-10-06,2023-10-15,0,51,2026-10-06T04:40:54.490116+00:00
Racun Sangga: Santet Pemisah Rumah Tangga,Racun Sangga,2022-01-01 2026-10-06,2023-10-22,0,52,2026-10-06T04:40:54.490116+00:00
Racun Sangga: Santet Pemisah Rumah Tangga,Racun Sangga,2022-01-01 2026-10-06,2023-10-29,0,52,2026-10-06T04:40:54.490116+00:00
Racun Sangga: Santet Pemisah Rumah Tangga,Racun Sangga,2022-01-01 2026-10-06,2023-11-05,0,50,2026-10-06T04:40:54.490116+00:00
Racun Sangga: Santet Pemisah Rumah Tangga,Racun Sangga,2022-01-01 2026-10-06,2023-11-12,0,50,2026-10-06T04:40:54.490116+00:00
Racun Sangga: Santet Pemisah Rumah Tangga,Racun Sangga,2022-01-01 2026-10-06,2023-11-19,0,48,2026-10-06T04:40:54.490116+00:00
Racun Sangga: Santet Pemisah Rumah Tangga,Racun Sangga,2022-01-01 2026-10-06,2023-11-26,0,45,2026-10-06T04:40:54.490116+00:00
Racun Sangga: Santet Pemisah Rumah Tangga,Racun Sangga,2022-01-01 2026-10-06,2023-12-03,0,46,2026-10-06T04:40:54.490116+00:00
Racun Sangga: Santet Pemisah Rumah Tangga,Racun Sangga,2022-01-01 2026-10-06,2023-12-10,0,53,2026-10-06T04:40:54.490116+00:00
Racun Sangga: Santet Pemisah Rumah Tangga,Racun Sangga,2022-01-01 2026-10-06,2023-12-17,0,56,2026-10-06T04:40:54.490116+00:00
Racun Sangga: Santet Pemisah Rumah Tangga,Racun Sangga,2022-01-01 2026-10-06,2023-12-24,0,81,2026-10-06T04:40:54.490116+00:00
Racun Sangga: Santet Pemisah Rumah Tangga,Racun Sangga,2022-01-01 2026-10-06,2023-12-31,0,62,2026-10-06T04:40:54.490116+00:00
Racun Sangga: Santet Pemisah Rumah Tangga,Racun Sangga,2022-01-01 2026-10-06,2024-01-07,0,47,2026-10-06T04:40:54.490116+00:00
Racun Sangga: Santet Pemisah Rumah Tangga,Racun Sangga,2022-01-01 2026-10-06,2024-01-14,0,45,2026-10-06T04:40:54.490116+00:00
Racun Sangga: Santet Pemisah Rumah Tangga,Racun Sangga,2022-01-01 2026-10-06,2024-01-21,0,46,2026-10-06T04:40:54.490116+00:00
Racun Sangga: Santet Pemisah Rumah Tangga,Racun Sangga,2022-01-01 2026-10-06,2024-01-28,0,49,2026-10-06T04:40:54.490116+00:00
Racun Sangga: Santet Pemisah Rumah Tangga,Racun Sangga,2022-01-01 2026-10-06,2024-02-04,0,52,2026-10-06T04:40:54.490116+00:00
Racun Sangga: Santet Pemisah Rumah Tangga,Racun Sangga,2022-01-01 2026-10-06,2024-02-11,0,49,2026-10-06T04:40:54.490116+00:00
Racun Sangga: Santet Pemisah Rumah Tangga,Racun Sangga,2022-01-01 2026-10-06,2024-02-18,0,45,2026-10-06T04:40:54.490116+00:00
Racun Sangga: Santet Pemisah Rumah Tangga,Racun Sangga,2022-01-01 2026-10-06,2024-02-25,0,50,2026-10-06T04:40:54.490116+00:00
Racun Sangga: Santet Pemisah Rumah Tangga,Racun Sangga,2022-01-01 2026-10-06,2024-03-03,0,47,2026-10-06T04:40:54.490116+00:00
Racun Sangga: Santet Pemisah Rumah Tangga,Racun Sangga,2022-01-01 2026-10-06,2024-03-10,0,52,2026-10-06T04:40:54.490116+00:00
Racun Sangga: Santet Pemisah Rumah Tangga,Racun Sangga,2022-01-01 2026-10-06,2024-03-17,0,43,2026-10-06T04:40:54.490116+00:00
Racun Sangga: Santet Pemisah Rumah Tangga,Racun Sangga,2022-01-01 2026-10-06,2024-03-24,0,47,2026-10-06T04:40:54.490116+00:00
Racun Sangga: Santet Pemisah Rumah Tangga,Racun Sangga,2022-01-01 2026-10-06,2024-03-31,0,44,2026-10-06T04:40:54.490116+00:00
Racun Sangga: Santet Pemisah Rumah Tangga,Racun Sangga,2022-01-01 2026-10-06,2024-04-07,0,64,2026-10-06T04:40:54.490116+00:00
Racun Sangga: Santet Pemisah Rumah Tangga,Racun Sangga,2022-01-01 2026-10-06,2024-04-14,0,55,2026-10-06T04:40:54.490116+00:00
Racun Sangga: Santet Pemisah Rumah Tangga,Racun Sangga,2022-01-01 2026-10-06,2024-04-21,0,44,2026-10-06T04:40:54.490116+00:00
Racun Sangga: Santet Pemisah Rumah Tangga,Racun Sangga,2022-01-01 2026-10-06,2024-04-28,0,42,2026-10-06T04:40:54.490116+00:00
Racun Sangga: Santet Pemisah Rumah Tangga,Racun Sangga,2022-01-01 2026-10-06,2024-05-05,0,48,2026-10-06T04:40:54.490116+00:00
Racun Sangga: Santet Pemisah Rumah Tangga,Racun Sangga,2022-01-01 2026-10-06,2024-05-12,0,50,2026-10-06T04:40:54.490116+00:00
Racun Sangga: Santet Pemisah Rumah Tangga,Racun Sangga,2022-01-01 2026-10-06,2024-05-19,0,47,2026-10-06T04:40:54.490116+00:00
Racun Sangga: Santet Pemisah Rumah Tangga,Racun Sangga,2022-01-01 2026-10-06,2024-05-26,0,38,2026-10-06T04:40:54.490116+00:00
Racun Sangga: Santet Pemisah Rumah Tangga,Racun Sangga,2022-01-01 2026-10-06,2024-06-02,0,34,2026-10-06T04:40:54.490116+00:00
Racun Sangga: Santet Pemisah Rumah Tangga,Racun Sangga,2022-01-01 2026-10-06,2024-06-09,0,38,2026-10-06T04:40:54.490116+00:00
Racun Sangga: Santet Pemisah Rumah Tangga,Racun Sangga,2022-01-01 2026-10-06,2024-06-16,0,47,2026-10-06T04:40:54.490116+00:00
Racun Sangga: Santet Pemisah Rumah Tangga,Racun Sangga,2022-01-01 2026-10-06,2024-06-23,0,44,2026-10-06T04:40:54.490116+00:00
Racun Sangga: Santet Pemisah Rumah Tangga,Racun Sangga,2022-01-01 2026-10-06,2024-06-30,0,49,2026-10-06T04:40:54.490116+00:00
Racun Sangga: Santet Pemisah Rumah Tangga,Racun Sangga,2022-01-01 2026-10-06,2024-07-07,0,48,2026-10-06T04:40:54.490116+00:00
Racun Sangga: Santet Pemisah Rumah Tangga,Racun Sangga,2022-01-01 2026-10-06,2024-07-14,0,46,2026-10-06T04:40:54.490116+00:00
Racun Sangga: Santet Pemisah Rumah Tangga,Racun Sangga,2022-01-01 2026-10-06,2024-07-21,0,47,2026-10-06T04:40:54.490116+00:00
Racun Sangga: Santet Pemisah Rumah Tangga,Racun Sangga,2022-01-01 2026-10-06,2024-07-28,0,46,2026-10-06T04:40:54.490116+00:00
Racun Sangga: Santet Pemisah Rumah Tangga,Racun Sangga,2022-01-01 2026-10-06,2024-08-04,0,42,2026-10-06T04:40:54.490116+00:00
Racun Sangga: Santet Pemisah Rumah Tangga,Racun Sangga,2022-01-01 2026-10-06,2024-08-11,0,47,2026-10-06T04:40:54.490116+00:00
Racun Sangga: Santet Pemisah Rumah Tangga,Racun Sangga,2022-01-01 2026-10-06,2024-08-18,0,45,2026-10-06T04:40:54.490116+00:00
Racun Sangga: Santet Pemisah Rumah Tangga,Racun Sangga,2022-01-01 2026-10-06,2024-08-25,0,44,2026-10-06T04:40:54.490116+00:00
Racun Sangga: Santet Pemisah Rumah Tangga,Racun Sangga,2022-01-01 2026-10-06,2024-09-01,0,42,2026-10-06T04:40:54.490116+00:00
Racun Sangga: Santet Pemisah Rumah Tangga,Racun Sangga,2022-01-01 2026-10-06,2024-09-08,0,46,2026-10-06T04:40:54.490116+00:00
Racun Sangga: Santet Pemisah Rumah Tangga,Racun Sangga,2022-01-01 2026-10-06,2024-09-15,0,51,2026-10-06T04:40:54.490116+00:00
Racun Sangga: Santet Pemisah Rumah Tangga,Racun Sangga,2022-01-01 2026-10-06,2024-09-22,0,50,2026-10-06T04:40:54.490116+00:00
Racun Sangga: Santet Pemisah Rumah Tangga,Racun Sangga,2022-01-01 2026-10-06,2024-09-29,0,50,2026-10-06T04:40:54.490116+00:00
Racun Sangga: Santet Pemisah Rumah Tangga,Racun Sangga,2022-01-01 2026-10-06,2024-10-06,0,48,2026-10-06T04:40:54.490116+00:00
Racun Sangga: Santet Pemisah Rumah Tangga,Racun Sangga,2022-01-01 2026-10-06,2024-10-13,0,46,2026-10-06T04:40:54.490116+00:00
Racun Sangga: Santet Pemisah Rumah Tangga,Racun Sangga,2022-01-01 2026-10-06,2024-10-20,1,46,2026-10-06T04:40:54.490116+00:00
Racun Sangga: Santet Pemisah Rumah Tangga,Racun Sangga,2022-01-01 2026-10-06,2024-10-27,0,46,2026-10-06T04:40:54.490116+00:00
Racun Sangga: Santet Pemisah Rumah Tangga,Racun Sangga,2022-01-01 2026-10-06,2024-11-03,1,56,2026-10-06T04:40:54.490116+00:00
Racun Sangga: Santet Pemisah Rumah Tangga,Racun Sangga,2022-01-01 2026-10-06,2024-11-10,1,52,2026-10-06T04:40:54.490116+00:00
Racun Sangga: Santet Pemisah Rumah Tangga,Racun Sangga,2022-01-01 2026-10-06,2024-11-17,1,57,2026-10-06T04:40:54.490116+00:00
Racun Sangga: Santet Pemisah Rumah Tangga,Racun Sangga,2022-01-01 2026-10-06,2024-11-24,1,55,2026-10-06T04:40:54.490116+00:00
Racun Sangga: Santet Pemisah Rumah Tangga,Racun Sangga,2022-01-01 2026-10-06,2024-12-01,1,48,2026-10-06T04:40:54.490116+00:00
Racun Sangga: Santet Pemisah Rumah Tangga,Racun Sangga,2022-01-01 2026-10-06,2024-12-08,13,52,2026-10-06T04:40:54.490116+00:00
Racun Sangga: Santet Pemisah Rumah Tangga,Racun Sangga,2022-01-01 2026-10-06,2024-12-15,25,60,2026-10-06T04:40:54.490116+00:00
Racun Sangga: Santet Pemisah Rumah Tangga,Racun Sangga,2022-01-01 2026-10-06,2024-12-22,17,72,2026-10-06T04:40:54.490116+00:00
Racun Sangga: Santet Pemisah Rumah Tangga,Racun Sangga,2022-01-01 2026-10-06,2024-12-29,7,73,2026-10-06T04:40:54.490116+00:00
Racun Sangga: Santet Pemisah Rumah Tangga,Racun Sangga,2022-01-01 2026-10-06,2025-01-05,3,61,2026-10-06T04:40:54.490116+00:00
Racun Sangga: Santet Pemisah Rumah Tangga,Racun Sangga,2022-01-01 2026-10-06,2025-01-12,2,51,2026-10-06T04:40:54.490116+00:00
Racun Sangga: Santet Pemisah Rumah Tangga,Racun Sangga,2022-01-01 2026-10-06,2025-01-19,1,59,2026-10-06T04:40:54.490116+00:00
Racun Sangga: Santet Pemisah Rumah Tangga,Racun Sangga,2022-01-01 2026-10-06,2025-01-26,1,65,2026-10-06T04:40:54.490116+00:00
Racun Sangga: Santet Pemisah Rumah Tangga,Racun Sangga,2022-01-01 2026-10-06,2025-02-02,1,49,2026-10-06T04:40:54.490116+00:00
Racun Sangga: Santet Pemisah Rumah Tangga,Racun Sangga,2022-01-01 2026-10-06,2025-02-09,1,50,2026-10-06T04:40:54.490116+00:00
Racun Sangga: Santet Pemisah Rumah Tangga,Racun Sangga,2022-01-01 2026-10-06,2025-02-16,1,49,2026-10-06T04:40:54.490116+00:00
Racun Sangga: Santet Pemisah Rumah Tangga,Racun Sangga,2022-01-01 2026-10-06,2025-02-23,1,50,2026-10-06T04:40:54.490116+00:00
Racun Sangga: Santet Pemisah Rumah Tangga,Racun Sangga,2022-01-01 2026-10-06,2025-03-02,1,47,2026-10-06T04:40:54.490116+00:00
Racun Sangga: Santet Pemisah Rumah Tangga,Racun Sangga,2022-01-01 2026-10-06,2025-03-09,1,44,2026-10-06T04:40:54.490116+00:00
Racun Sangga: Santet Pemisah Rumah Tangga,Racun Sangga,2022-01-01 2026-10-06,2025-03-16,1,49,2026-10-06T04:40:54.490116+00:00
Racun Sangga: Santet Pemisah Rumah Tangga,Racun Sangga,2022-01-01 2026-10-06,2025-03-23,1,57,2026-10-06T04:40:54.490116+00:00
Racun Sangga: Santet Pemisah Rumah Tangga,Racun Sangga,2022-01-01 2026-10-06,2025-03-30,1,100,2026-10-06T04:40:54.490116+00:00
Racun Sangga: Santet Pemisah Rumah Tangga,Racun Sangga,2022-01-01 2026-10-06,2025-04-06,1,63,2026-10-06T04:40:54.490116+00:00
Racun Sangga: Santet Pemisah Rumah Tangga,Racun Sangga,2022-01-01 2026-10-06,2025-04-13,19,48,2026-10-06T04:40:54.490116+00:00
Racun Sangga: Santet Pemisah Rumah Tangga,Racun Sangga,2022-01-01 2026-10-06,2025-04-20,52,46,2026-10-06T04:40:54.490116+00:00
Racun Sangga: Santet Pemisah Rumah Tangga,Racun Sangga,2022-01-01 2026-10-06,2025-04-27,26,44,2026-10-06T04:40:54.490116+00:00
Racun Sangga: Santet Pemisah Rumah Tangga,Racun Sangga,2022-01-01 2026-10-06,2025-05-04,13,39,2026-10-06T04:40:54.490116+00:00
Racun Sangga: Santet Pemisah Rumah Tangga,Racun Sangga,2022-01-01 2026-10-06,2025-05-11,10,49,2026-10-06T04:40:54.490116+00:00
Racun Sangga: Santet Pemisah Rumah Tangga,Racun Sangga,2022-01-01 2026-10-06,2025-05-18,5,43,2026-10-06T04:40:54.490116+00:00
Racun Sangga: Santet Pemisah Rumah Tangga,Racun Sangga,2022-01-01 2026-10-06,2025-05-25,4,44,2026-10-06T04:40:54.490116+00:00
Racun Sangga: Santet Pemisah Rumah Tangga,Racun Sangga,2022-01-01 2026-10-06,2025-06-01,4,41,2026-10-06T04:40:54.490116+00:00
Racun Sangga: Santet Pemisah Rumah Tangga,Racun Sangga,2022-01-01 2026-10-06,2025-06-08,3,44,2026-10-06T04:40:54.490116+00:00
Racun Sangga: Santet Pemisah Rumah Tangga,Racun Sangga,2022-01-01 2026-10-06,2025-06-15,2,43,2026-10-06T04:40:54.490116+00:00
Racun Sangga: Santet Pemisah Rumah Tangga,Racun Sangga,2022-01-01 2026-10-06,2025-06-22,2,50,2026-10-06T04:40:54.490116+00:00
Racun Sangga: Santet Pemisah Rumah Tangga,Racun Sangga,2022-01-01 2026-10-06,2025-06-29,2,46,2026-10-06T04:40:54.490116+00:00
Racun Sangga: Santet Pemisah Rumah Tangga,Racun Sangga,2022-01-01 2026-10-06,2025-07-06,2,44,2026-10-06T04:40:54.490116+00:00
Racun Sangga: Santet Pemisah Rumah Tangga,Racun Sangga,2022-01-01 2026-10-06,2025-07-13,2,40,2026-10-06T04:40:54.490116+00:00
Racun Sangga: Santet Pemisah Rumah Tangga,Racun Sangga,2022-01-01 2026-10-06,2025-07-20,2,39,2026-10-06T04:40:54.490116+00:00
Racun Sangga: Santet Pemisah Rumah Tangga,Racun Sangga,2022-01-01 2026-10-06,2025-07-27,1,36,2026-10-06T04:40:54.490116+00:00
Racun Sangga: Santet Pemisah Rumah Tangga,Racun Sangga,2022-01-01 2026-10-06,2025-08-03,1,39,2026-10-06T04:40:54.490116+00:00
Racun Sangga: Santet Pemisah Rumah Tangga,Racun Sangga,2022-01-01 2026-10-06,2025-08-10,1,42,2026-10-06T04:40:54.490116+00:00
Racun Sangga: Santet Pemisah Rumah Tangga,Racun Sangga,2022-01-01 2026-10-06,2025-08-17,1,43,2026-10-06T04:40:54.490116+00:00
Racun Sangga: Santet Pemisah Rumah Tangga,Racun Sangga,2022-01-01 2026-10-06,2025-08-24,1,38,2026-10-06T04:40:54.490116+00:00
Racun Sangga: Santet Pemisah Rumah Tangga,Racun Sangga,2022-01-01 2026-10-06,2025-08-31,1,41,2026-10-06T04:40:54.490116+00:00
Racun Sangga: Santet Pemisah Rumah Tangga,Racun Sangga,2022-01-01 2026-10-06,2025-09-07,2,39,2026-10-06T04:40:54.490116+00:00
Racun Sangga: Santet Pemisah Rumah Tangga,Racun Sangga,2022-01-01 2026-10-06,2025-09-14,1,38,2026-10-06T04:40:54.490116+00:00
Racun Sangga: Santet Pemisah Rumah Tangga,Racun Sangga,2022-01-01 2026-10-06,2025-09-21,1,38,2026-10-06T04:40:54.490116+00:00
Racun Sangga: Santet Pemisah Rumah Tangga,Racun Sangga,2022-01-01 2026-10-06,2025-09-28,1,36,2026-10-06T04:40:54.490116+00:00
Racun Sangga: Santet Pemisah Rumah Tangga,Racun Sangga,2022-01-01 2026-10-06,2025-10-05,1,36,2026-10-06T04:40:54.490116+00:00
Racun Sangga: Santet Pemisah Rumah Tangga,Racun Sangga,2022-01-01 2026-10-06,2025-10-12,2,36,2026-10-06T04:40:54.490116+00:00
Racun Sangga: Santet Pemisah Rumah Tangga,Racun Sangga,2022-01-01 2026-10-06,2025-10-19,1,38,2026-10-06T04:40:54.490116+00:00
Racun Sangga: Santet Pemisah Rumah Tangga,Racun Sangga,2022-01-01 2026-10-06,2025-10-26,1,42,2026-10-06T04:40:54.490116+00:00
Racun Sangga: Santet Pemisah Rumah Tangga,Racun Sangga,2022-01-01 2026-10-06,2025-11-02,1,39,2026-10-06T04:40:54.490116+00:00
Racun Sangga: Santet Pemisah Rumah Tangga,Racun Sangga,2022-01-01 2026-10-06,2025-11-09,1,37,2026-10-06T04:40:54.490116+00:00
Racun Sangga: Santet Pemisah Rumah Tangga,Racun Sangga,2022-01-01 2026-10-06,2025-11-16,1,38,2026-10-06T04:40:54.490116+00:00
Racun Sangga: Santet Pemisah Rumah Tangga,Racun Sangga,2022-01-01 2026-10-06,2025-11-23,1,34,2026-10-06T04:40:54.490116+00:00
Racun Sangga: Santet Pemisah Rumah Tangga,Racun Sangga,2022-01-01 2026-10-06,2025-11-30,1,33,2026-10-06T04:40:54.490116+00:00
Racun Sangga: Santet Pemisah Rumah Tangga,Racun Sangga,2022-01-01 2026-10-06,2025-12-07,0,38,2026-10-06T04:40:54.490116+00:00
Racun Sangga: Santet Pemisah Rumah Tangga,Racun Sangga,2022-01-01 2026-10-06,2025-12-14,0,44,2026-10-06T04:40:54.490116+00:00
Racun Sangga: Santet Pemisah Rumah Tangga,Racun Sangga,2022-01-01 2026-10-06,2025-12-21,1,53,2026-10-06T04:40:54.490116+00:00
Racun Sangga: Santet Pemisah Rumah Tangga,Racun Sangga,2022-01-01 2026-10-06,2025-12-28,1,59,2026-10-06T04:40:54.490116+00:00
Racun Sangga: Santet Pemisah Rumah Tangga,Racun Sangga,2022-01-01 2026-10-06,2026-01-04,1,44,2026-10-06T04:40:54.490116+00:00
Racun Sangga: Santet Pemisah Rumah Tangga,Racun Sangga,2022-01-01 2026-10-06,2026-01-11,1,43,2026-10-06T04:40:54.490116+00:00
Racun Sangga: Santet Pemisah Rumah Tangga,Racun Sangga,2022-01-01 2026-10-06,2026-01-18,0,39,2026-10-06T04:40:54.490116+00:00
Racun Sangga: Santet Pemisah Rumah Tangga,Racun Sangga,2022-01-01 2026-10-06,2026-01-25,0,37,2026-10-06T04:40:54.490116+00:00
Racun Sangga: Santet Pemisah Rumah Tangga,Racun Sangga,2022-01-01 2026-10-06,2026-02-01,0,38,2026-10-06T04:40:54.490116+00:00
Racun Sangga: Santet Pemisah Rumah Tangga,Racun Sangga,2022-01-01 2026-10-06,2026-02-08,1,35,2026-10-06T04:40:54.490116+00:00
Racun Sangga: Santet Pemisah Rumah Tangga,Racun Sangga,2022-01-01 2026-10-06,2026-02-15,1,41,2026-10-06T04:40:54.490116+00:00
Racun Sangga: Santet Pemisah Rumah Tangga,Racun Sangga,2022-01-01 2026-10-06,2026-02-22,1,36,2026-10-06T04:40:54.490116+00:00
Racun Sangga: Santet Pemisah Rumah Tangga,Racun Sangga,2022-01-01 2026-10-06,2026-03-01,0,32,2026-10-06T04:40:54.490116+00:00
Racun Sangga: Santet Pemisah Rumah Tangga,Racun Sangga,2022-01-01 2026-10-06,2026-03-08,0,33,2026-10-06T04:40:54.490116+00:00
Racun Sangga: Santet Pemisah Rumah Tangga,Racun Sangga,2022-01-01 2026-10-06,2026-03-15,0,45,2026-10-06T04:40:54.490116+00:00
Racun Sangga: Santet Pemisah Rumah Tangga,Racun Sangga,2022-01-01 2026-10-06,2026-03-22,1,57,2026-10-06T04:40:54.490116+00:00
Racun Sangga: Santet Pemisah Rumah Tangga,Racun Sangga,2022-01-01 2026-10-06,2026-03-29,1,42,2026-10-06T04:40:54.490116+00:00
Racun Sangga: Santet Pemisah Rumah Tangga,Racun Sangga,2022-01-01 2026-10-06,2026-04-05,1,37,2026-10-06T04:40:54.490116+00:00
Racun Sangga: Santet Pemisah Rumah Tangga,Racun Sangga,2022-01-01 2026-10-06,2026-04-12,0,37,2026-10-06T04:40:54.490116+00:00
Racun Sangga: Santet Pemisah Rumah Tangga,Racun Sangga,2022-01-01 2026-10-06,2026-04-19,1,40,2026-10-06T04:40:54.490116+00:00
Racun Sangga: Santet Pemisah Rumah Tangga,Racun Sangga,2022-01-01 2026-10-06,2026-04-26,1,42,2026-10-06T04:40:54.490116+00:00
Racun Sangga: Santet Pemisah Rumah Tangga,Racun Sangga,2022-01-01 2026-10-06,2026-05-03,1,38,2026-10-06T04:40:54.490116+00:00
Racun Sangga: Santet Pemisah Rumah Tangga,Racun Sangga,2022-01-01 2026-10-06,2026-05-10,1,42,2026-10-06T04:40:54.490116+00:00
Racun Sangga: Santet Pemisah Rumah Tangga,Racun Sangga,2022-01-01 2026-10-06,2026-05-17,0,37,2026-10-06T04:40:54.490116+00:00
Racun Sangga: Santet Pemisah Rumah Tangga,Racun Sangga,2022-01-01 2026-10-06,2026-05-24,0,44,2026-10-06T04:40:54.490116+00:00
Racun Sangga: Santet Pemisah Rumah Tangga,Racun Sangga,2022-01-01 2026-10-06,2026-05-31,1,40,2026-10-06T04:40:54.490116+00:00
Racun Sangga: Santet Pemisah Rumah Tangga,Racun Sangga,2022-01-01 2026-10-06,2026-06-07,0,36,2026-10-06T04:40:54.490116+00:00
Racun Sangga: Santet Pemisah Rumah Tangga,Racun Sangga,2022-01-01 2026-10-06,2026-06-14,0,44,2026-10-06T04:40:54.490116+00:00
Racun Sangga: Santet Pemisah Rumah Tangga,Racun Sangga,2022-01-01 2026-10-06,2026-06-21,0,43,2026-10-06T04:40:54.490116+00:00
Racun Sangga: Santet Pemisah Rumah Tangga,Racun Sangga,2022-01-01 2026-10-06,2026-06-28,0,45,2026-10-06T04:40:54.490116+00:00
Racun Sangga: Santet Pemisah Rumah Tangga,Racun Sangga,2022-01-01 2026-10-06,2026-07-05,0,44,2026-10-06T04:40:54.490116+00:00
Racun Sangga: Santet Pemisah Rumah Tangga,Racun Sangga,2022-01-01 2026-10-06,2026-07-12,0,39,2026-10-06T04:40:54.490116+00:00
Racun Sangga: Santet Pemisah Rumah Tangga,Racun Sangga,2022-01-01 2026-10-06,2026-07-19,0,37,2026-10-06T04:40:54.490116+00:00
Racun Sangga: Santet Pemisah Rumah Tangga,Racun Sangga,2022-01-01 2026-10-06,2026-07-26,0,36,2026-10-06T04:40:54.490116+00:00
Racun Sangga: Santet Pemisah Rumah Tangga,Racun Sangga,2022-01-01 2026-10-06,2026-08-02,0,31,2026-10-06T04:40:54.490116+00:00
Racun Sangga: Santet Pemisah Rumah Tangga,Racun Sangga,2022-01-01 2026-10-06,2026-08-09,0,34,2026-10-06T04:40:54.490116+00:00
Racun Sangga: Santet Pemisah Rumah Tangga,Racun Sangga,2022-01-01 2026-10-06,2026-08-16,0,40,2026-10-06T04:40:54.490116+00:00
Racun Sangga: Santet Pemisah Rumah Tangga,Racun Sangga,2022-01-01 2026-10-06,2026-08-23,0,44,2026-10-06T04:40:54.490116+00:00
Racun Sangga: Santet Pemisah Rumah Tangga,Racun Sangga,2022-01-01 2026-10-06,2026-08-30,0,36,2026-10-06T04:40:54.490116+00:00
Racun Sangga: Santet Pemisah Rumah Tangga,Racun Sangga,2022-01-01 2026-10-06,2026-09-06,0,36,2026-10-06T04:40:54.490116+00:00
Racun Sangga: Santet Pemisah Rumah Tangga,Racun Sangga,2022-01-01 2026-10-06,2026-09-13,0,35,2026-10-06T04:40:54.490116+00:00
Racun Sangga: Santet Pemisah Rumah Tangga,Racun Sangga,2022-01-01 2026-10-06,2026-09-20,0,37,2026-10-06T04:40:54.490116+00:00
Racun Sangga: Santet Pemisah Rumah Tangga,Racun Sangga,2022-01-01 2026-10-06,2026-09-27,0,37,2026-10-06T04:40:54.490116+00:00
Racun Sangga: Santet Pemisah Rumah Tangga,Racun Sangga,2022-01-01 2026-10-06,2026-10-04,0,34,2026-10-06T04:40:54.490116+00:00
Santet Segoro Pitu,Santet Segoro Pitu,2020-01-01 2024-12-31,2019-12-29,0,81,2026-10-06T04:41:34.656322+00:00
Santet Segoro Pitu,Santet Segoro Pitu,2020-01-01 2024-12-31,2020-01-05,0,58,2026-10-06T04:41:34.656322+00:00
Santet Segoro Pitu,Santet Segoro Pitu,2020-01-01 2024-12-31,2020-01-12,0,51,2026-10-06T04:41:34.656322+00:00
Santet Segoro Pitu,Santet Segoro Pitu,2020-01-01 2024-12-31,2020-01-19,0,51,2026-10-06T04:41:34.656322+00:00
Santet Segoro Pitu,Santet Segoro Pitu,2020-01-01 2024-12-31,2020-01-26,0,49,2026-10-06T04:41:34.656322+00:00
Santet Segoro Pitu,Santet Segoro Pitu,2020-01-01 2024-12-31,2020-02-02,0,48,2026-10-06T04:41:34.656322+00:00
Santet Segoro Pitu,Santet Segoro Pitu,2020-01-01 2024-12-31,2020-02-09,0,47,2026-10-06T04:41:34.656322+00:00
Santet Segoro Pitu,Santet Segoro Pitu,2020-01-01 2024-12-31,2020-02-16,0,50,2026-10-06T04:41:34.656322+00:00
Santet Segoro Pitu,Santet Segoro Pitu,2020-01-01 2024-12-31,2020-02-23,0,48,2026-10-06T04:41:34.656322+00:00
Santet Segoro Pitu,Santet Segoro Pitu,2020-01-01 2024-12-31,2020-03-01,0,49,2026-10-06T04:41:34.656322+00:00
Santet Segoro Pitu,Santet Segoro Pitu,2020-01-01 2024-12-31,2020-03-08,0,53,2026-10-06T04:41:34.656322+00:00
Santet Segoro Pitu,Santet Segoro Pitu,2020-01-01 2024-12-31,2020-03-15,0,52,2026-10-06T04:41:34.656322+00:00
Santet Segoro Pitu,Santet Segoro Pitu,2020-01-01 2024-12-31,2020-03-22,0,67,2026-10-06T04:41:34.656322+00:00
Santet Segoro Pitu,Santet Segoro Pitu,2020-01-01 2024-12-31,2020-03-29,0,63,2026-10-06T04:41:34.656322+00:00
Santet Segoro Pitu,Santet Segoro Pitu,2020-01-01 2024-12-31,2020-04-05,0,68,2026-10-06T04:41:34.656322+00:00
Santet Segoro Pitu,Santet Segoro Pitu,2020-01-01 2024-12-31,2020-04-12,0,67,2026-10-06T04:41:34.656322+00:00
Santet Segoro Pitu,Santet Segoro Pitu,2020-01-01 2024-12-31,2020-04-19,0,71,2026-10-06T04:41:34.656322+00:00
Santet Segoro Pitu,Santet Segoro Pitu,2020-01-01 2024-12-31,2020-04-26,0,66,2026-10-06T04:41:34.656322+00:00
Santet Segoro Pitu,Santet Segoro Pitu,2020-01-01 2024-12-31,2020-05-03,0,59,2026-10-06T04:41:34.656322+00:00
Santet Segoro Pitu,Santet Segoro Pitu,2020-01-01 2024-12-31,2020-05-10,0,53,2026-10-06T04:41:34.656322+00:00
Santet Segoro Pitu,Santet Segoro Pitu,2020-01-01 2024-12-31,2020-05-17,0,53,2026-10-06T04:41:34.656322+00:00
Santet Segoro Pitu,Santet Segoro Pitu,2020-01-01 2024-12-31,2020-05-24,0,68,2026-10-06T04:41:34.656322+00:00
Santet Segoro Pitu,Santet Segoro Pitu,2020-01-01 2024-12-31,2020-05-31,0,61,2026-10-06T04:41:34.656322+00:00
Santet Segoro Pitu,Santet Segoro Pitu,2020-01-01 2024-12-31,2020-06-07,0,50,2026-10-06T04:41:34.656322+00:00
Santet Segoro Pitu,Santet Segoro Pitu,2020-01-01 2024-12-31,2020-06-14,0,59,2026-10-06T04:41:34.656322+00:00
Santet Segoro Pitu,Santet Segoro Pitu,2020-01-01 2024-12-31,2020-06-21,0,62,2026-10-06T04:41:34.656322+00:00
Santet Segoro Pitu,Santet Segoro Pitu,2020-01-01 2024-12-31,2020-06-28,0,58,2026-10-06T04:41:34.656322+00:00
Santet Segoro Pitu,Santet Segoro Pitu,2020-01-01 2024-12-31,2020-07-05,0,55,2026-10-06T04:41:34.656322+00:00
Santet Segoro Pitu,Santet Segoro Pitu,2020-01-01 2024-12-31,2020-07-12,0,50,2026-10-06T04:41:34.656322+00:00
Santet Segoro Pitu,Santet Segoro Pitu,2020-01-01 2024-12-31,2020-07-19,0,47,2026-10-06T04:41:34.656322+00:00
Santet Segoro Pitu,Santet Segoro Pitu,2020-01-01 2024-12-31,2020-07-26,0,50,2026-10-06T04:41:34.656322+00:00
Santet Segoro Pitu,Santet Segoro Pitu,2020-01-01 2024-12-31,2020-08-02,0,46,2026-10-06T04:41:34.656322+00:00
Santet Segoro Pitu,Santet Segoro Pitu,2020-01-01 2024-12-31,2020-08-09,0,49,2026-10-06T04:41:34.656322+00:00
Santet Segoro Pitu,Santet Segoro Pitu,2020-01-01 2024-12-31,2020-08-16,0,60,2026-10-06T04:41:34.656322+00:00
Santet Segoro Pitu,Santet Segoro Pitu,2020-01-01 2024-12-31,2020-08-23,0,52,2026-10-06T04:41:34.656322+00:00
Santet Segoro Pitu,Santet Segoro Pitu,2020-01-01 2024-12-31,2020-08-30,0,46,2026-10-06T04:41:34.656322+00:00
Santet Segoro Pitu,Santet Segoro Pitu,2020-01-01 2024-12-31,2020-09-06,0,47,2026-10-06T04:41:34.656322+00:00
Santet Segoro Pitu,Santet Segoro Pitu,2020-01-01 2024-12-31,2020-09-13,0,46,2026-10-06T04:41:34.656322+00:00
Santet Segoro Pitu,Santet Segoro Pitu,2020-01-01 2024-12-31,2020-09-20,0,42,2026-10-06T04:41:34.656322+00:00
Santet Segoro Pitu,Santet Segoro Pitu,2020-01-01 2024-12-31,2020-09-27,0,41,2026-10-06T04:41:34.656322+00:00
Santet Segoro Pitu,Santet Segoro Pitu,2020-01-01 2024-12-31,2020-10-04,0,41,2026-10-06T04:41:34.656322+00:00
Santet Segoro Pitu,Santet Segoro Pitu,2020-01-01 2024-12-31,2020-10-11,0,42,2026-10-06T04:41:34.656322+00:00
Santet Segoro Pitu,Santet Segoro Pitu,2020-01-01 2024-12-31,2020-10-18,0,42,2026-10-06T04:41:34.656322+00:00
Santet Segoro Pitu,Santet Segoro Pitu,2020-01-01 2024-12-31,2020-10-25,0,54,2026-10-06T04:41:34.656322+00:00
Santet Segoro Pitu,Santet Segoro Pitu,2020-01-01 2024-12-31,2020-11-01,0,44,2026-10-06T04:41:34.656322+00:00
Santet Segoro Pitu,Santet Segoro Pitu,2020-01-01 2024-12-31,2020-11-08,0,45,2026-10-06T04:41:34.656322+00:00
Santet Segoro Pitu,Santet Segoro Pitu,2020-01-01 2024-12-31,2020-11-15,0,43,2026-10-06T04:41:34.656322+00:00
Santet Segoro Pitu,Santet Segoro Pitu,2020-01-01 2024-12-31,2020-11-22,0,44,2026-10-06T04:41:34.656322+00:00
Santet Segoro Pitu,Santet Segoro Pitu,2020-01-01 2024-12-31,2020-11-29,0,42,2026-10-06T04:41:34.656322+00:00
Santet Segoro Pitu,Santet Segoro Pitu,2020-01-01 2024-12-31,2020-12-06,0,46,2026-10-06T04:41:34.656322+00:00
Santet Segoro Pitu,Santet Segoro Pitu,2020-01-01 2024-12-31,2020-12-13,0,51,2026-10-06T04:41:34.656322+00:00
Santet Segoro Pitu,Santet Segoro Pitu,2020-01-01 2024-12-31,2020-12-20,0,65,2026-10-06T04:41:34.656322+00:00
Santet Segoro Pitu,Santet Segoro Pitu,2020-01-01 2024-12-31,2020-12-27,0,88,2026-10-06T04:41:34.656322+00:00
Santet Segoro Pitu,Santet Segoro Pitu,2020-01-01 2024-12-31,2021-01-03,0,55,2026-10-06T04:41:34.656322+00:00
Santet Segoro Pitu,Santet Segoro Pitu,2020-01-01 2024-12-31,2021-01-10,0,45,2026-10-06T04:41:34.656322+00:00
Santet Segoro Pitu,Santet Segoro Pitu,2020-01-01 2024-12-31,2021-01-17,0,45,2026-10-06T04:41:34.656322+00:00
Santet Segoro Pitu,Santet Segoro Pitu,2020-01-01 2024-12-31,2021-01-24,0,45,2026-10-06T04:41:34.656322+00:00
Santet Segoro Pitu,Santet Segoro Pitu,2020-01-01 2024-12-31,2021-01-31,0,41,2026-10-06T04:41:34.656322+00:00
Santet Segoro Pitu,Santet Segoro Pitu,2020-01-01 2024-12-31,2021-02-07,0,43,2026-10-06T04:41:34.656322+00:00
Santet Segoro Pitu,Santet Segoro Pitu,2020-01-01 2024-12-31,2021-02-14,0,41,2026-10-06T04:41:34.656322+00:00
Santet Segoro Pitu,Santet Segoro Pitu,2020-01-01 2024-12-31,2021-02-21,0,39,2026-10-06T04:41:34.656322+00:00
Santet Segoro Pitu,Santet Segoro Pitu,2020-01-01 2024-12-31,2021-02-28,0,37,2026-10-06T04:41:34.656322+00:00
Santet Segoro Pitu,Santet Segoro Pitu,2020-01-01 2024-12-31,2021-03-07,0,40,2026-10-06T04:41:34.656322+00:00
Santet Segoro Pitu,Santet Segoro Pitu,2020-01-01 2024-12-31,2021-03-14,0,37,2026-10-06T04:41:34.656322+00:00
Santet Segoro Pitu,Santet Segoro Pitu,2020-01-01 2024-12-31,2021-03-21,0,37,2026-10-06T04:41:34.656322+00:00
Santet Segoro Pitu,Santet Segoro Pitu,2020-01-01 2024-12-31,2021-03-28,0,40,2026-10-06T04:41:34.656322+00:00
Santet Segoro Pitu,Santet Segoro Pitu,2020-01-01 2024-12-31,2021-04-04,0,41,2026-10-06T04:41:34.656322+00:00
Santet Segoro Pitu,Santet Segoro Pitu,2020-01-01 2024-12-31,2021-04-11,0,43,2026-10-06T04:41:34.656322+00:00
Santet Segoro Pitu,Santet Segoro Pitu,2020-01-01 2024-12-31,2021-04-18,0,42,2026-10-06T04:41:34.656322+00:00
Santet Segoro Pitu,Santet Segoro Pitu,2020-01-01 2024-12-31,2021-04-25,0,40,2026-10-06T04:41:34.656322+00:00
Santet Segoro Pitu,Santet Segoro Pitu,2020-01-01 2024-12-31,2021-05-02,0,40,2026-10-06T04:41:34.656322+00:00
Santet Segoro Pitu,Santet Segoro Pitu,2020-01-01 2024-12-31,2021-05-09,0,51,2026-10-06T04:41:34.656322+00:00
Santet Segoro Pitu,Santet Segoro Pitu,2020-01-01 2024-12-31,2021-05-16,0,49,2026-10-06T04:41:34.656322+00:00
Santet Segoro Pitu,Santet Segoro Pitu,2020-01-01 2024-12-31,2021-05-23,0,42,2026-10-06T04:41:34.656322+00:00
Santet Segoro Pitu,Santet Segoro Pitu,2020-01-01 2024-12-31,2021-05-30,0,46,2026-10-06T04:41:34.656322+00:00
Santet Segoro Pitu,Santet Segoro Pitu,2020-01-01 2024-12-31,2021-06-06,0,46,2026-10-06T04:41:34.656322+00:00
Santet Segoro Pitu,Santet Segoro Pitu,2020-01-01 2024-12-31,2021-06-13,0,49,2026-10-06T04:41:34.656322+00:00
Santet Segoro Pitu,Santet Segoro Pitu,2020-01-01 2024-12-31,2021-06-20,0,51,2026-10-06T04:41:34.656322+00:00
Santet Segoro Pitu,Santet Segoro Pitu,2020-01-01 2024-12-31,2021-06-27,0,52,2026-10-06T04:41:34.656322+00:00
Santet Segoro Pitu,Santet Segoro Pitu,2020-01-01 2024-12-31,2021-07-04,0,51,2026-10-06T04:41:34.656322+00:00
Santet Segoro Pitu,Santet Segoro Pitu,2020-01-01 2024-12-31,2021-07-11,0,49,2026-10-06T04:41:34.656322+00:00
Santet Segoro Pitu,Santet Segoro Pitu,2020-01-01 2024-12-31,2021-07-18,0,49,2026-10-06T04:41:34.656322+00:00
Santet Segoro Pitu,Santet Segoro Pitu,2020-01-01 2024-12-31,2021-07-25,0,40,2026-10-06T04:41:34.656322+00:00
Santet Segoro Pitu,Santet Segoro Pitu,2020-01-01 2024-12-31,2021-08-01,0,39,2026-10-06T04:41:34.656322+00:00
Santet Segoro Pitu,Santet Segoro Pitu,2020-01-01 2024-12-31,2021-08-08,0,41,2026-10-06T04:41:34.656322+00:00
Santet Segoro Pitu,Santet Segoro Pitu,2020-01-01 2024-12-31,2021-08-15,0,44,2026-10-06T04:41:34.656322+00:00
Santet Segoro Pitu,Santet Segoro Pitu,2020-01-01 2024-12-31,2021-08-22,0,42,2026-10-06T04:41:34.656322+00:00
Santet Segoro Pitu,Santet Segoro Pitu,2020-01-01 2024-12-31,2021-08-29,0,46,2026-10-06T04:41:34.656322+00:00
Santet Segoro Pitu,Santet Segoro Pitu,2020-01-01 2024-12-31,2021-09-05,0,40,2026-10-06T04:41:34.656322+00:00
Santet Segoro Pitu,Santet Segoro Pitu,2020-01-01 2024-12-31,2021-09-12,0,39,2026-10-06T04:41:34.656322+00:00
Santet Segoro Pitu,Santet Segoro Pitu,2020-01-01 2024-12-31,2021-09-19,0,34,2026-10-06T04:41:34.656322+00:00
Santet Segoro Pitu,Santet Segoro Pitu,2020-01-01 2024-12-31,2021-09-26,0,35,2026-10-06T04:41:34.656322+00:00
Santet Segoro Pitu,Santet Segoro Pitu,2020-01-01 2024-12-31,2021-10-03,0,37,2026-10-06T04:41:34.656322+00:00
Santet Segoro Pitu,Santet Segoro Pitu,2020-01-01 2024-12-31,2021-10-10,0,39,2026-10-06T04:41:34.656322+00:00
Santet Segoro Pitu,Santet Segoro Pitu,2020-01-01 2024-12-31,2021-10-17,0,43,2026-10-06T04:41:34.656322+00:00
Santet Segoro Pitu,Santet Segoro Pitu,2020-01-01 2024-12-31,2021-10-24,0,40,2026-10-06T04:41:34.656322+00:00
Santet Segoro Pitu,Santet Segoro Pitu,2020-01-01 2024-12-31,2021-10-31,0,50,2026-10-06T04:41:34.656322+00:00
Santet Segoro Pitu,Santet Segoro Pitu,2020-01-01 2024-12-31,2021-11-07,0,46,2026-10-06T04:41:34.656322+00:00
Santet Segoro Pitu,Santet Segoro Pitu,2020-01-01 2024-12-31,2021-11-14,0,52,2026-10-06T04:41:34.656322+00:00
Santet Segoro Pitu,Santet Segoro Pitu,2020-01-01 2024-12-31,2021-11-21,0,50,2026-10-06T04:41:34.656322+00:00
Santet Segoro Pitu,Santet Segoro Pitu,2020-01-01 2024-12-31,2021-11-28,0,40,2026-10-06T04:41:34.656322+00:00
Santet Segoro Pitu,Santet Segoro Pitu,2020-01-01 2024-12-31,2021-12-05,0,45,2026-10-06T04:41:34.656322+00:00
Santet Segoro Pitu,Santet Segoro Pitu,2020-01-01 2024-12-31,2021-12-12,0,49,2026-10-06T04:41:34.656322+00:00
Santet Segoro Pitu,Santet Segoro Pitu,2020-01-01 2024-12-31,2021-12-19,0,59,2026-10-06T04:41:34.656322+00:00
Santet Segoro Pitu,Santet Segoro Pitu,2020-01-01 2024-12-31,2021-12-26,0,79,2026-10-06T04:41:34.656322+00:00
Santet Segoro Pitu,Santet Segoro Pitu,2020-01-01 2024-12-31,2022-01-02,0,62,2026-10-06T04:41:34.656322+00:00
Santet Segoro Pitu,Santet Segoro Pitu,2020-01-01 2024-12-31,2022-01-09,0,66,2026-10-06T04:41:34.656322+00:00
Santet Segoro Pitu,Santet Segoro Pitu,2020-01-01 2024-12-31,2022-01-16,0,49,2026-10-06T04:41:34.656322+00:00
Santet Segoro Pitu,Santet Segoro Pitu,2020-01-01 2024-12-31,2022-01-23,0,51,2026-10-06T04:41:34.656322+00:00
Santet Segoro Pitu,Santet Segoro Pitu,2020-01-01 2024-12-31,2022-01-30,0,50,2026-10-06T04:41:34.656322+00:00
Santet Segoro Pitu,Santet Segoro Pitu,2020-01-01 2024-12-31,2022-02-06,0,49,2026-10-06T04:41:34.656322+00:00
Santet Segoro Pitu,Santet Segoro Pitu,2020-01-01 2024-12-31,2022-02-13,0,54,2026-10-06T04:41:34.656322+00:00
Santet Segoro Pitu,Santet Segoro Pitu,2020-01-01 2024-12-31,2022-02-20,0,50,2026-10-06T04:41:34.656322+00:00
Santet Segoro Pitu,Santet Segoro Pitu,2020-01-01 2024-12-31,2022-02-27,0,55,2026-10-06T04:41:34.656322+00:00
Santet Segoro Pitu,Santet Segoro Pitu,2020-01-01 2024-12-31,2022-03-06,0,41,2026-10-06T04:41:34.656322+00:00
Santet Segoro Pitu,Santet Segoro Pitu,2020-01-01 2024-12-31,2022-03-13,0,43,2026-10-06T04:41:34.656322+00:00
Santet Segoro Pitu,Santet Segoro Pitu,2020-01-01 2024-12-31,2022-03-20,0,46,2026-10-06T04:41:34.656322+00:00
Santet Segoro Pitu,Santet Segoro Pitu,2020-01-01 2024-12-31,2022-03-27,0,43,2026-10-06T04:41:34.656322+00:00
Santet Segoro Pitu,Santet Segoro Pitu,2020-01-01 2024-12-31,2022-04-03,0,45,2026-10-06T04:41:34.656322+00:00
Santet Segoro Pitu,Santet Segoro Pitu,2020-01-01 2024-12-31,2022-04-10,0,47,2026-10-06T04:41:34.656322+00:00
Santet Segoro Pitu,Santet Segoro Pitu,2020-01-01 2024-12-31,2022-04-17,0,51,2026-10-06T04:41:34.656322+00:00
Santet Segoro Pitu,Santet Segoro Pitu,2020-01-01 2024-12-31,2022-04-24,0,55,2026-10-06T04:41:34.656322+00:00
Santet Segoro Pitu,Santet Segoro Pitu,2020-01-01 2024-12-31,2022-05-01,0,98,2026-10-06T04:41:34.656322+00:00
Santet Segoro Pitu,Santet Segoro Pitu,2020-01-01 2024-12-31,2022-05-08,0,75,2026-10-06T04:41:34.656322+00:00
Santet Segoro Pitu,Santet Segoro Pitu,2020-01-01 2024-12-31,2022-05-15,0,62,2026-10-06T04:41:34.656322+00:00
Santet Segoro Pitu,Santet Segoro Pitu,2020-01-01 2024-12-31,2022-05-22,0,58,2026-10-06T04:41:34.656322+00:00
Santet Segoro Pitu,Santet Segoro Pitu,2020-01-01 2024-12-31,2022-05-29,0,53,2026-10-06T04:41:34.656322+00:00
Santet Segoro Pitu,Santet Segoro Pitu,2020-01-01 2024-12-31,2022-06-05,0,48,2026-10-06T04:41:34.656322+00:00
Santet Segoro Pitu,Santet Segoro Pitu,2020-01-01 2024-12-31,2022-06-12,0,50,2026-10-06T04:41:34.656322+00:00
Santet Segoro Pitu,Santet Segoro Pitu,2020-01-01 2024-12-31,2022-06-19,0,59,2026-10-06T04:41:34.656322+00:00
Santet Segoro Pitu,Santet Segoro Pitu,2020-01-01 2024-12-31,2022-06-26,0,56,2026-10-06T04:41:34.656322+00:00
Santet Segoro Pitu,Santet Segoro Pitu,2020-01-01 2024-12-31,2022-07-03,0,54,2026-10-06T04:41:34.656322+00:00
Santet Segoro Pitu,Santet Segoro Pitu,2020-01-01 2024-12-31,2022-07-10,0,59,2026-10-06T04:41:34.656322+00:00
Santet Segoro Pitu,Santet Segoro Pitu,2020-01-01 2024-12-31,2022-07-17,0,54,2026-10-06T04:41:34.656322+00:00
Santet Segoro Pitu,Santet Segoro Pitu,2020-01-01 2024-12-31,2022-07-24,0,47,2026-10-06T04:41:34.656322+00:00
Santet Segoro Pitu,Santet Segoro Pitu,2020-01-01 2024-12-31,2022-07-31,0,54,2026-10-06T04:41:34.656322+00:00
Santet Segoro Pitu,Santet Segoro Pitu,2020-01-01 2024-12-31,2022-08-07,0,52,2026-10-06T04:41:34.656322+00:00
Santet Segoro Pitu,Santet Segoro Pitu,2020-01-01 2024-12-31,2022-08-14,0,54,2026-10-06T04:41:34.656322+00:00
Santet Segoro Pitu,Santet Segoro Pitu,2020-01-01 2024-12-31,2022-08-21,0,48,2026-10-06T04:41:34.656322+00:00
Santet Segoro Pitu,Santet Segoro Pitu,2020-01-01 2024-12-31,2022-08-28,0,46,2026-10-06T04:41:34.656322+00:00
Santet Segoro Pitu,Santet Segoro Pitu,2020-01-01 2024-12-31,2022-09-04,0,47,2026-10-06T04:41:34.656322+00:00
Santet Segoro Pitu,Santet Segoro Pitu,2020-01-01 2024-12-31,2022-09-11,0,42,2026-10-06T04:41:34.656322+00:00
Santet Segoro Pitu,Santet Segoro Pitu,2020-01-01 2024-12-31,2022-09-18,0,42,2026-10-06T04:41:34.656322+00:00
Santet Segoro Pitu,Santet Segoro Pitu,2020-01-01 2024-12-31,2022-09-25,0,41,2026-10-06T04:41:34.656322+00:00
Santet Segoro Pitu,Santet Segoro Pitu,2020-01-01 2024-12-31,2022-10-02,0,46,2026-10-06T04:41:34.656322+00:00
Santet Segoro Pitu,Santet Segoro Pitu,2020-01-01 2024-12-31,2022-10-09,0,54,2026-10-06T04:41:34.656322+00:00
Santet Segoro Pitu,Santet Segoro Pitu,2020-01-01 2024-12-31,2022-10-16,0,53,2026-10-06T04:41:34.656322+00:00
Santet Segoro Pitu,Santet Segoro Pitu,2020-01-01 2024-12-31,2022-10-23,0,48,2026-10-06T04:41:34.656322+00:00
Santet Segoro Pitu,Santet Segoro Pitu,2020-01-01 2024-12-31,2022-10-30,0,50,2026-10-06T04:41:34.656322+00:00
Santet Segoro Pitu,Santet Segoro Pitu,2020-01-01 2024-12-31,2022-11-06,0,52,2026-10-06T04:41:34.656322+00:00
Santet Segoro Pitu,Santet Segoro Pitu,2020-01-01 2024-12-31,2022-11-13,0,53,2026-10-06T04:41:34.656322+00:00
Santet Segoro Pitu,Santet Segoro Pitu,2020-01-01 2024-12-31,2022-11-20,0,44,2026-10-06T04:41:34.656322+00:00
Santet Segoro Pitu,Santet Segoro Pitu,2020-01-01 2024-12-31,2022-11-27,0,43,2026-10-06T04:41:34.656322+00:00
Santet Segoro Pitu,Santet Segoro Pitu,2020-01-01 2024-12-31,2022-12-04,0,41,2026-10-06T04:41:34.656322+00:00
Santet Segoro Pitu,Santet Segoro Pitu,2020-01-01 2024-12-31,2022-12-11,0,52,2026-10-06T04:41:34.656322+00:00
Santet Segoro Pitu,Santet Segoro Pitu,2020-01-01 2024-12-31,2022-12-18,0,58,2026-10-06T04:41:34.656322+00:00
Santet Segoro Pitu,Santet Segoro Pitu,2020-01-01 2024-12-31,2022-12-25,0,100,2026-10-06T04:41:34.656322+00:00
Santet Segoro Pitu,Santet Segoro Pitu,2020-01-01 2024-12-31,2023-01-01,0,63,2026-10-06T04:41:34.656322+00:00
Santet Segoro Pitu,Santet Segoro Pitu,2020-01-01 2024-12-31,2023-01-08,0,50,2026-10-06T04:41:34.656322+00:00
Santet Segoro Pitu,Santet Segoro Pitu,2020-01-01 2024-12-31,2023-01-15,0,48,2026-10-06T04:41:34.656322+00:00
Santet Segoro Pitu,Santet Segoro Pitu,2020-01-01 2024-12-31,2023-01-22,0,55,2026-10-06T04:41:34.656322+00:00
Santet Segoro Pitu,Santet Segoro Pitu,2020-01-01 2024-12-31,2023-01-29,0,48,2026-10-06T04:41:34.656322+00:00
Santet Segoro Pitu,Santet Segoro Pitu,2020-01-01 2024-12-31,2023-02-05,0,51,2026-10-06T04:41:34.656322+00:00
Santet Segoro Pitu,Santet Segoro Pitu,2020-01-01 2024-12-31,2023-02-12,0,55,2026-10-06T04:41:34.656322+00:00
Santet Segoro Pitu,Santet Segoro Pitu,2020-01-01 2024-12-31,2023-02-19,0,50,2026-10-06T04:41:34.656322+00:00
Santet Segoro Pitu,Santet Segoro Pitu,2020-01-01 2024-12-31,2023-02-26,0,50,2026-10-06T04:41:34.656322+00:00
Santet Segoro Pitu,Santet Segoro Pitu,2020-01-01 2024-12-31,2023-03-05,0,46,2026-10-06T04:41:34.656322+00:00
Santet Segoro Pitu,Santet Segoro Pitu,2020-01-01 2024-12-31,2023-03-12,0,46,2026-10-06T04:41:34.656322+00:00
Santet Segoro Pitu,Santet Segoro Pitu,2020-01-01 2024-12-31,2023-03-19,0,56,2026-10-06T04:41:34.656322+00:00
Santet Segoro Pitu,Santet Segoro Pitu,2020-01-01 2024-12-31,2023-03-26,0,46,2026-10-06T04:41:34.656322+00:00
Santet Segoro Pitu,Santet Segoro Pitu,2020-01-01 2024-12-31,2023-04-02,0,49,2026-10-06T04:41:34.656322+00:00
Santet Segoro Pitu,Santet Segoro Pitu,2020-01-01 2024-12-31,2023-04-09,0,46,2026-10-06T04:41:34.656322+00:00
Santet Segoro Pitu,Santet Segoro Pitu,2020-01-01 2024-12-31,2023-04-16,0,59,2026-10-06T04:41:34.656322+00:00
Santet Segoro Pitu,Santet Segoro Pitu,2020-01-01 2024-12-31,2023-04-23,0,83,2026-10-06T04:41:34.656322+00:00
Santet Segoro Pitu,Santet Segoro Pitu,2020-01-01 2024-12-31,2023-04-30,0,68,2026-10-06T04:41:34.656322+00:00
Santet Segoro Pitu,Santet Segoro Pitu,2020-01-01 2024-12-31,2023-05-07,0,57,2026-10-06T04:41:34.656322+00:00
Santet Segoro Pitu,Santet Segoro Pitu,2020-01-01 2024-12-31,2023-05-14,0,61,2026-10-06T04:41:34.656322+00:00
Santet Segoro Pitu,Santet Segoro Pitu,2020-01-01 2024-12-31,2023-05-21,0,58,2026-10-06T04:41:34.656322+00:00
Santet Segoro Pitu,Santet Segoro Pitu,2020-01-01 2024-12-31,2023-05-28,0,54,2026-10-06T04:41:34.656322+00:00
Santet Segoro Pitu,Santet Segoro Pitu,2020-01-01 2024-12-31,2023-06-04,0,48,2026-10-06T04:41:34.656322+00:00
Santet Segoro Pitu,Santet Segoro Pitu,2020-01-01 2024-12-31,2023-06-11,0,50,2026-10-06T04:41:34.656322+00:00
Santet Segoro Pitu,Santet Segoro Pitu,2020-01-01 2024-12-31,2023-06-18,0,55,2026-10-06T04:41:34.656322+00:00
Santet Segoro Pitu,Santet Segoro Pitu,2020-01-01 2024-12-31,2023-06-25,0,64,2026-10-06T04:41:34.656322+00:00
Santet Segoro Pitu,Santet Segoro Pitu,2020-01-01 2024-12-31,2023-07-02,0,55,2026-10-06T04:41:34.656322+00:00
Santet Segoro Pitu,Santet Segoro Pitu,2020-01-01 2024-12-31,2023-07-09,0,59,2026-10-06T04:41:34.656322+00:00
Santet Segoro Pitu,Santet Segoro Pitu,2020-01-01 2024-12-31,2023-07-16,0,59,2026-10-06T04:41:34.656322+00:00
Santet Segoro Pitu,Santet Segoro Pitu,2020-01-01 2024-12-31,2023-07-23,0,50,2026-10-06T04:41:34.656322+00:00
Santet Segoro Pitu,Santet Segoro Pitu,2020-01-01 2024-12-31,2023-07-30,0,47,2026-10-06T04:41:34.656322+00:00
Santet Segoro Pitu,Santet Segoro Pitu,2020-01-01 2024-12-31,2023-08-06,0,51,2026-10-06T04:41:34.656322+00:00
Santet Segoro Pitu,Santet Segoro Pitu,2020-01-01 2024-12-31,2023-08-13,0,53,2026-10-06T04:41:34.656322+00:00
Santet Segoro Pitu,Santet Segoro Pitu,2020-01-01 2024-12-31,2023-08-20,0,48,2026-10-06T04:41:34.656322+00:00
Santet Segoro Pitu,Santet Segoro Pitu,2020-01-01 2024-12-31,2023-08-27,0,50,2026-10-06T04:41:34.656322+00:00
Santet Segoro Pitu,Santet Segoro Pitu,2020-01-01 2024-12-31,2023-09-03,0,55,2026-10-06T04:41:34.656322+00:00
Santet Segoro Pitu,Santet Segoro Pitu,2020-01-01 2024-12-31,2023-09-10,0,50,2026-10-06T04:41:34.656322+00:00
Santet Segoro Pitu,Santet Segoro Pitu,2020-01-01 2024-12-31,2023-09-17,0,52,2026-10-06T04:41:34.656322+00:00
Santet Segoro Pitu,Santet Segoro Pitu,2020-01-01 2024-12-31,2023-09-24,0,54,2026-10-06T04:41:34.656322+00:00
Santet Segoro Pitu,Santet Segoro Pitu,2020-01-01 2024-12-31,2023-10-01,0,57,2026-10-06T04:41:34.656322+00:00
Santet Segoro Pitu,Santet Segoro Pitu,2020-01-01 2024-12-31,2023-10-08,0,58,2026-10-06T04:41:34.656322+00:00
Santet Segoro Pitu,Santet Segoro Pitu,2020-01-01 2024-12-31,2023-10-15,0,55,2026-10-06T04:41:34.656322+00:00
Santet Segoro Pitu,Santet Segoro Pitu,2020-01-01 2024-12-31,2023-10-22,0,57,2026-10-06T04:41:34.656322+00:00
Santet Segoro Pitu,Santet Segoro Pitu,2020-01-01 2024-12-31,2023-10-29,0,56,2026-10-06T04:41:34.656322+00:00
Santet Segoro Pitu,Santet Segoro Pitu,2020-01-01 2024-12-31,2023-11-05,0,54,2026-10-06T04:41:34.656322+00:00
Santet Segoro Pitu,Santet Segoro Pitu,2020-01-01 2024-12-31,2023-11-12,0,54,2026-10-06T04:41:34.656322+00:00
Santet Segoro Pitu,Santet Segoro Pitu,2020-01-01 2024-12-31,2023-11-19,0,52,2026-10-06T04:41:34.656322+00:00
Santet Segoro Pitu,Santet Segoro Pitu,2020-01-01 2024-12-31,2023-11-26,0,49,2026-10-06T04:41:34.656322+00:00
Santet Segoro Pitu,Santet Segoro Pitu,2020-01-01 2024-12-31,2023-12-03,0,50,2026-10-06T04:41:34.656322+00:00
Santet Segoro Pitu,Santet Segoro Pitu,2020-01-01 2024-12-31,2023-12-10,0,58,2026-10-06T04:41:34.656322+00:00
Santet Segoro Pitu,Santet Segoro Pitu,2020-01-01 2024-12-31,2023-12-17,0,60,2026-10-06T04:41:34.656322+00:00
Santet Segoro Pitu,Santet Segoro Pitu,2020-01-01 2024-12-31,2023-12-24,0,88,2026-10-06T04:41:34.656322+00:00
Santet Segoro Pitu,Santet Segoro Pitu,2020-01-01 2024-12-31,2023-12-31,0,67,2026-10-06T04:41:34.656322+00:00
Santet Segoro Pitu,Santet Segoro Pitu,2020-01-01 2024-12-31,2024-01-07,0,51,2026-10-06T04:41:34.656322+00:00
Santet Segoro Pitu,Santet Segoro Pitu,2020-01-01 2024-12-31,2024-01-14,0,49,2026-10-06T04:41:34.656322+00:00
Santet Segoro Pitu,Santet Segoro Pitu,2020-01-01 2024-12-31,2024-01-21,0,50,2026-10-06T04:41:34.656322+00:00
Santet Segoro Pitu,Santet Segoro Pitu,2020-01-01 2024-12-31,2024-01-28,0,53,2026-10-06T04:41:34.656322+00:00
Santet Segoro Pitu,Santet Segoro Pitu,2020-01-01 2024-12-31,2024-02-04,0,57,2026-10-06T04:41:34.656322+00:00
Santet Segoro Pitu,Santet Segoro Pitu,2020-01-01 2024-12-31,2024-02-11,0,53,2026-10-06T04:41:34.656322+00:00
Santet Segoro Pitu,Santet Segoro Pitu,2020-01-01 2024-12-31,2024-02-18,0,49,2026-10-06T04:41:34.656322+00:00
Santet Segoro Pitu,Santet Segoro Pitu,2020-01-01 2024-12-31,2024-02-25,0,54,2026-10-06T04:41:34.656322+00:00
Santet Segoro Pitu,Santet Segoro Pitu,2020-01-01 2024-12-31,2024-03-03,0,51,2026-10-06T04:41:34.656322+00:00
Santet Segoro Pitu,Santet Segoro Pitu,2020-01-01 2024-12-31,2024-03-10,0,56,2026-10-06T04:41:34.656322+00:00
Santet Segoro Pitu,Santet Segoro Pitu,2020-01-01 2024-12-31,2024-03-17,0,47,2026-10-06T04:41:34.656322+00:00
Santet Segoro Pitu,Santet Segoro Pitu,2020-01-01 2024-12-31,2024-03-24,0,51,2026-10-06T04:41:34.656322+00:00
Santet Segoro Pitu,Santet Segoro Pitu,2020-01-01 2024-12-31,2024-03-31,0,47,2026-10-06T04:41:34.656322+00:00
Santet Segoro Pitu,Santet Segoro Pitu,2020-01-01 2024-12-31,2024-04-07,0,69,2026-10-06T04:41:34.656322+00:00
Santet Segoro Pitu,Santet Segoro Pitu,2020-01-01 2024-12-31,2024-04-14,0,60,2026-10-06T04:41:34.656322+00:00
Santet Segoro Pitu,Santet Segoro Pitu,2020-01-01 2024-12-31,2024-04-21,0,48,2026-10-06T04:41:34.656322+00:00
Santet Segoro Pitu,Santet Segoro Pitu,2020-01-01 2024-12-31,2024-04-28,0,46,2026-10-06T04:41:34.656322+00:00
Santet Segoro Pitu,Santet Segoro Pitu,2020-01-01 2024-12-31,2024-05-05,0,53,2026-10-06T04:41:34.656322+00:00
Santet Segoro Pitu,Santet Segoro Pitu,2020-01-01 2024-12-31,2024-05-12,0,54,2026-10-06T04:41:34.656322+00:00
Santet Segoro Pitu,Santet Segoro Pitu,2020-01-01 2024-12-31,2024-05-19,0,51,2026-10-06T04:41:34.656322+00:00
Santet Segoro Pitu,Santet Segoro Pitu,2020-01-01 2024-12-31,2024-05-26,0,41,2026-10-06T04:41:34.656322+00:00
Santet Segoro Pitu,Santet Segoro Pitu,2020-01-01 2024-12-31,2024-06-02,1,36,2026-10-06T04:41:34.656322+00:00
Santet Segoro Pitu,Santet Segoro Pitu,2020-01-01 2024-12-31,2024-06-09,0,41,2026-10-06T04:41:34.656322+00:00
Santet Segoro Pitu,Santet Segoro Pitu,2020-01-01 2024-12-31,2024-06-16,0,51,2026-10-06T04:41:34.656322+00:00
Santet Segoro Pitu,Santet Segoro Pitu,2020-01-01 2024-12-31,2024-06-23,0,48,2026-10-06T04:41:34.656322+00:00
Santet Segoro Pitu,Santet Segoro Pitu,2020-01-01 2024-12-31,2024-06-30,0,53,2026-10-06T04:41:34.656322+00:00
Santet Segoro Pitu,Santet Segoro Pitu,2020-01-01 2024-12-31,2024-07-07,0,52,2026-10-06T04:41:34.656322+00:00
Santet Segoro Pitu,Santet Segoro Pitu,2020-01-01 2024-12-31,2024-07-14,0,50,2026-10-06T04:41:34.656322+00:00
Santet Segoro Pitu,Santet Segoro Pitu,2020-01-01 2024-12-31,2024-07-21,0,51,2026-10-06T04:41:34.656322+00:00
Santet Segoro Pitu,Santet Segoro Pitu,2020-01-01 2024-12-31,2024-07-28,0,50,2026-10-06T04:41:34.656322+00:00
Santet Segoro Pitu,Santet Segoro Pitu,2020-01-01 2024-12-31,2024-08-04,0,46,2026-10-06T04:41:34.656322+00:00
Santet Segoro Pitu,Santet Segoro Pitu,2020-01-01 2024-12-31,2024-08-11,0,51,2026-10-06T04:41:34.656322+00:00
Santet Segoro Pitu,Santet Segoro Pitu,2020-01-01 2024-12-31,2024-08-18,0,48,2026-10-06T04:41:34.656322+00:00
Santet Segoro Pitu,Santet Segoro Pitu,2020-01-01 2024-12-31,2024-08-25,0,48,2026-10-06T04:41:34.656322+00:00
Santet Segoro Pitu,Santet Segoro Pitu,2020-01-01 2024-12-31,2024-09-01,0,45,2026-10-06T04:41:34.656322+00:00
Santet Segoro Pitu,Santet Segoro Pitu,2020-01-01 2024-12-31,2024-09-08,0,50,2026-10-06T04:41:34.656322+00:00
Santet Segoro Pitu,Santet Segoro Pitu,2020-01-01 2024-12-31,2024-09-15,0,55,2026-10-06T04:41:34.656322+00:00
Santet Segoro Pitu,Santet Segoro Pitu,2020-01-01 2024-12-31,2024-09-22,1,54,2026-10-06T04:41:34.656322+00:00
Santet Segoro Pitu,Santet Segoro Pitu,2020-01-01 2024-12-31,2024-09-29,1,54,2026-10-06T04:41:34.656322+00:00
Santet Segoro Pitu,Santet Segoro Pitu,2020-01-01 2024-12-31,2024-10-06,1,52,2026-10-06T04:41:34.656322+00:00
Santet Segoro Pitu,Santet Segoro Pitu,2020-01-01 2024-12-31,2024-10-13,2,50,2026-10-06T04:41:34.656322+00:00
Santet Segoro Pitu,Santet Segoro Pitu,2020-01-01 2024-12-31,2024-10-20,3,50,2026-10-06T04:41:34.656322+00:00
Santet Segoro Pitu,Santet Segoro Pitu,2020-01-01 2024-12-31,2024-10-27,3,50,2026-10-06T04:41:34.656322+00:00
Santet Segoro Pitu,Santet Segoro Pitu,2020-01-01 2024-12-31,2024-11-03,17,61,2026-10-06T04:41:34.656322+00:00
Santet Segoro Pitu,Santet Segoro Pitu,2020-01-01 2024-12-31,2024-11-10,24,57,2026-10-06T04:41:34.656322+00:00
Santet Segoro Pitu,Santet Segoro Pitu,2020-01-01 2024-12-31,2024-11-17,14,61,2026-10-06T04:41:34.656322+00:00
Santet Segoro Pitu,Santet Segoro Pitu,2020-01-01 2024-12-31,2024-11-24,8,59,2026-10-06T04:41:34.656322+00:00
Santet Segoro Pitu,Santet Segoro Pitu,2020-01-01 2024-12-31,2024-12-01,6,52,2026-10-06T04:41:34.656322+00:00
Santet Segoro Pitu,Santet Segoro Pitu,2020-01-01 2024-12-31,2024-12-08,5,56,2026-10-06T04:41:34.656322+00:00
Santet Segoro Pitu,Santet Segoro Pitu,2020-01-01 2024-12-31,2024-12-15,4,65,2026-10-06T04:41:34.656322+00:00
Santet Segoro Pitu,Santet Segoro Pitu,2020-01-01 2024-12-31,2024-12-22,4,78,2026-10-06T04:41:34.656322+00:00
Santet Segoro Pitu,Santet Segoro Pitu,2020-01-01 2024-12-31,2024-12-29,3,79,2026-10-06T04:41:34.656322+00:00
Santet Segoro Pitu,Santet Segoro Pitu,2022-01-01 2026-10-06,2021-12-26,0,73,2026-10-06T04:41:48.248434+00:00
Santet Segoro Pitu,Santet Segoro Pitu,2022-01-01 2026-10-06,2022-01-02,0,57,2026-10-06T04:41:48.248434+00:00
Santet Segoro Pitu,Santet Segoro Pitu,2022-01-01 2026-10-06,2022-01-09,0,61,2026-10-06T04:41:48.248434+00:00
Santet Segoro Pitu,Santet Segoro Pitu,2022-01-01 2026-10-06,2022-01-16,0,46,2026-10-06T04:41:48.248434+00:00
Santet Segoro Pitu,Santet Segoro Pitu,2022-01-01 2026-10-06,2022-01-23,0,47,2026-10-06T04:41:48.248434+00:00
Santet Segoro Pitu,Santet Segoro Pitu,2022-01-01 2026-10-06,2022-01-30,0,46,2026-10-06T04:41:48.248434+00:00
Santet Segoro Pitu,Santet Segoro Pitu,2022-01-01 2026-10-06,2022-02-06,0,46,2026-10-06T04:41:48.248434+00:00
Santet Segoro Pitu,Santet Segoro Pitu,2022-01-01 2026-10-06,2022-02-13,0,50,2026-10-06T04:41:48.248434+00:00
Santet Segoro Pitu,Santet Segoro Pitu,2022-01-01 2026-10-06,2022-02-20,0,46,2026-10-06T04:41:48.248434+00:00
Santet Segoro Pitu,Santet Segoro Pitu,2022-01-01 2026-10-06,2022-02-27,0,51,2026-10-06T04:41:48.248434+00:00
Santet Segoro Pitu,Santet Segoro Pitu,2022-01-01 2026-10-06,2022-03-06,0,38,2026-10-06T04:41:48.248434+00:00
Santet Segoro Pitu,Santet Segoro Pitu,2022-01-01 2026-10-06,2022-03-13,0,40,2026-10-06T04:41:48.248434+00:00
Santet Segoro Pitu,Santet Segoro Pitu,2022-01-01 2026-10-06,2022-03-20,0,42,2026-10-06T04:41:48.248434+00:00
Santet Segoro Pitu,Santet Segoro Pitu,2022-01-01 2026-10-06,2022-03-27,0,40,2026-10-06T04:41:48.248434+00:00
Santet Segoro Pitu,Santet Segoro Pitu,2022-01-01 2026-10-06,2022-04-03,0,42,2026-10-06T04:41:48.248434+00:00
Santet Segoro Pitu,Santet Segoro Pitu,2022-01-01 2026-10-06,2022-04-10,0,43,2026-10-06T04:41:48.248434+00:00
Santet Segoro Pitu,Santet Segoro Pitu,2022-01-01 2026-10-06,2022-04-17,0,47,2026-10-06T04:41:48.248434+00:00
Santet Segoro Pitu,Santet Segoro Pitu,2022-01-01 2026-10-06,2022-04-24,0,51,2026-10-06T04:41:48.248434+00:00
Santet Segoro Pitu,Santet Segoro Pitu,2022-01-01 2026-10-06,2022-05-01,0,90,2026-10-06T04:41:48.248434+00:00
Santet Segoro Pitu,Santet Segoro Pitu,2022-01-01 2026-10-06,2022-05-08,0,69,2026-10-06T04:41:48.248434+00:00
Santet Segoro Pitu,Santet Segoro Pitu,2022-01-01 2026-10-06,2022-05-15,0,57,2026-10-06T04:41:48.248434+00:00
Santet Segoro Pitu,Santet Segoro Pitu,2022-01-01 2026-10-06,2022-05-22,0,53,2026-10-06T04:41:48.248434+00:00
Santet Segoro Pitu,Santet Segoro Pitu,2022-01-01 2026-10-06,2022-05-29,0,49,2026-10-06T04:41:48.248434+00:00
Santet Segoro Pitu,Santet Segoro Pitu,2022-01-01 2026-10-06,2022-06-05,0,44,2026-10-06T04:41:48.248434+00:00
Santet Segoro Pitu,Santet Segoro Pitu,2022-01-01 2026-10-06,2022-06-12,0,46,2026-10-06T04:41:48.248434+00:00
Santet Segoro Pitu,Santet Segoro Pitu,2022-01-01 2026-10-06,2022-06-19,0,54,2026-10-06T04:41:48.248434+00:00
Santet Segoro Pitu,Santet Segoro Pitu,2022-01-01 2026-10-06,2022-06-26,0,52,2026-10-06T04:41:48.248434+00:00
Santet Segoro Pitu,Santet Segoro Pitu,2022-01-01 2026-10-06,2022-07-03,0,50,2026-10-06T04:41:48.248434+00:00
Santet Segoro Pitu,Santet Segoro Pitu,2022-01-01 2026-10-06,2022-07-10,0,55,2026-10-06T04:41:48.248434+00:00
Santet Segoro Pitu,Santet Segoro Pitu,2022-01-01 2026-10-06,2022-07-17,0,50,2026-10-06T04:41:48.248434+00:00
Santet Segoro Pitu,Santet Segoro Pitu,2022-01-01 2026-10-06,2022-07-24,0,44,2026-10-06T04:41:48.248434+00:00
Santet Segoro Pitu,Santet Segoro Pitu,2022-01-01 2026-10-06,2022-07-31,0,50,2026-10-06T04:41:48.248434+00:00
Santet Segoro Pitu,Santet Segoro Pitu,2022-01-01 2026-10-06,2022-08-07,0,48,2026-10-06T04:41:48.248434+00:00
Santet Segoro Pitu,Santet Segoro Pitu,2022-01-01 2026-10-06,2022-08-14,0,50,2026-10-06T04:41:48.248434+00:00
Santet Segoro Pitu,Santet Segoro Pitu,2022-01-01 2026-10-06,2022-08-21,0,45,2026-10-06T04:41:48.248434+00:00
Santet Segoro Pitu,Santet Segoro Pitu,2022-01-01 2026-10-06,2022-08-28,0,42,2026-10-06T04:41:48.248434+00:00
Santet Segoro Pitu,Santet Segoro Pitu,2022-01-01 2026-10-06,2022-09-04,0,43,2026-10-06T04:41:48.248434+00:00
Santet Segoro Pitu,Santet Segoro Pitu,2022-01-01 2026-10-06,2022-09-11,0,39,2026-10-06T04:41:48.248434+00:00
Santet Segoro Pitu,Santet Segoro Pitu,2022-01-01 2026-10-06,2022-09-18,0,39,2026-10-06T04:41:48.248434+00:00
Santet Segoro Pitu,Santet Segoro Pitu,2022-01-01 2026-10-06,2022-09-25,0,38,2026-10-06T04:41:48.248434+00:00
Santet Segoro Pitu,Santet Segoro Pitu,2022-01-01 2026-10-06,2022-10-02,0,43,2026-10-06T04:41:48.248434+00:00
Santet Segoro Pitu,Santet Segoro Pitu,2022-01-01 2026-10-06,2022-10-09,0,50,2026-10-06T04:41:48.248434+00:00
Santet Segoro Pitu,Santet Segoro Pitu,2022-01-01 2026-10-06,2022-10-16,0,49,2026-10-06T04:41:48.248434+00:00
Santet Segoro Pitu,Santet Segoro Pitu,2022-01-01 2026-10-06,2022-10-23,0,45,2026-10-06T04:41:48.248434+00:00
Santet Segoro Pitu,Santet Segoro Pitu,2022-01-01 2026-10-06,2022-10-30,0,46,2026-10-06T04:41:48.248434+00:00
Santet Segoro Pitu,Santet Segoro Pitu,2022-01-01 2026-10-06,2022-11-06,0,48,2026-10-06T04:41:48.248434+00:00
Santet Segoro Pitu,Santet Segoro Pitu,2022-01-01 2026-10-06,2022-11-13,0,49,2026-10-06T04:41:48.248434+00:00
Santet Segoro Pitu,Santet Segoro Pitu,2022-01-01 2026-10-06,2022-11-20,0,41,2026-10-06T04:41:48.248434+00:00
Santet Segoro Pitu,Santet Segoro Pitu,2022-01-01 2026-10-06,2022-11-27,0,40,2026-10-06T04:41:48.248434+00:00
Santet Segoro Pitu,Santet Segoro Pitu,2022-01-01 2026-10-06,2022-12-04,0,38,2026-10-06T04:41:48.248434+00:00
Santet Segoro Pitu,Santet Segoro Pitu,2022-01-01 2026-10-06,2022-12-11,0,48,2026-10-06T04:41:48.248434+00:00
Santet Segoro Pitu,Santet Segoro Pitu,2022-01-01 2026-10-06,2022-12-18,0,53,2026-10-06T04:41:48.248434+00:00
Santet Segoro Pitu,Santet Segoro Pitu,2022-01-01 2026-10-06,2022-12-25,0,92,2026-10-06T04:41:48.248434+00:00
Santet Segoro Pitu,Santet Segoro Pitu,2022-01-01 2026-10-06,2023-01-01,0,58,2026-10-06T04:41:48.248434+00:00
Santet Segoro Pitu,Santet Segoro Pitu,2022-01-01 2026-10-06,2023-01-08,0,46,2026-10-06T04:41:48.248434+00:00
Santet Segoro Pitu,Santet Segoro Pitu,2022-01-01 2026-10-06,2023-01-15,0,44,2026-10-06T04:41:48.248434+00:00
Santet Segoro Pitu,Santet Segoro Pitu,2022-01-01 2026-10-06,2023-01-22,0,51,2026-10-06T04:41:48.248434+00:00
Santet Segoro Pitu,Santet Segoro Pitu,2022-01-01 2026-10-06,2023-01-29,0,44,2026-10-06T04:41:48.248434+00:00
Santet Segoro Pitu,Santet Segoro Pitu,2022-01-01 2026-10-06,2023-02-05,0,47,2026-10-06T04:41:48.248434+00:00
Santet Segoro Pitu,Santet Segoro Pitu,2022-01-01 2026-10-06,2023-02-12,0,51,2026-10-06T04:41:48.248434+00:00
Santet Segoro Pitu,Santet Segoro Pitu,2022-01-01 2026-10-06,2023-02-19,0,46,2026-10-06T04:41:48.248434+00:00
Santet Segoro Pitu,Santet Segoro Pitu,2022-01-01 2026-10-06,2023-02-26,0,46,2026-10-06T04:41:48.248434+00:00
Santet Segoro Pitu,Santet Segoro Pitu,2022-01-01 2026-10-06,2023-03-05,0,43,2026-10-06T04:41:48.248434+00:00
Santet Segoro Pitu,Santet Segoro Pitu,2022-01-01 2026-10-06,2023-03-12,0,42,2026-10-06T04:41:48.248434+00:00
Santet Segoro Pitu,Santet Segoro Pitu,2022-01-01 2026-10-06,2023-03-19,0,52,2026-10-06T04:41:48.248434+00:00
Santet Segoro Pitu,Santet Segoro Pitu,2022-01-01 2026-10-06,2023-03-26,0,43,2026-10-06T04:41:48.248434+00:00
Santet Segoro Pitu,Santet Segoro Pitu,2022-01-01 2026-10-06,2023-04-02,0,45,2026-10-06T04:41:48.248434+00:00
Santet Segoro Pitu,Santet Segoro Pitu,2022-01-01 2026-10-06,2023-04-09,0,43,2026-10-06T04:41:48.248434+00:00
Santet Segoro Pitu,Santet Segoro Pitu,2022-01-01 2026-10-06,2023-04-16,0,54,2026-10-06T04:41:48.248434+00:00
Santet Segoro Pitu,Santet Segoro Pitu,2022-01-01 2026-10-06,2023-04-23,0,77,2026-10-06T04:41:48.248434+00:00
Santet Segoro Pitu,Santet Segoro Pitu,2022-01-01 2026-10-06,2023-04-30,0,63,2026-10-06T04:41:48.248434+00:00
Santet Segoro Pitu,Santet Segoro Pitu,2022-01-01 2026-10-06,2023-05-07,0,53,2026-10-06T04:41:48.248434+00:00
Santet Segoro Pitu,Santet Segoro Pitu,2022-01-01 2026-10-06,2023-05-14,0,56,2026-10-06T04:41:48.248434+00:00
Santet Segoro Pitu,Santet Segoro Pitu,2022-01-01 2026-10-06,2023-05-21,0,54,2026-10-06T04:41:48.248434+00:00
Santet Segoro Pitu,Santet Segoro Pitu,2022-01-01 2026-10-06,2023-05-28,0,50,2026-10-06T04:41:48.248434+00:00
Santet Segoro Pitu,Santet Segoro Pitu,2022-01-01 2026-10-06,2023-06-04,0,44,2026-10-06T04:41:48.248434+00:00
Santet Segoro Pitu,Santet Segoro Pitu,2022-01-01 2026-10-06,2023-06-11,0,47,2026-10-06T04:41:48.248434+00:00
Santet Segoro Pitu,Santet Segoro Pitu,2022-01-01 2026-10-06,2023-06-18,0,50,2026-10-06T04:41:48.248434+00:00
Santet Segoro Pitu,Santet Segoro Pitu,2022-01-01 2026-10-06,2023-06-25,0,59,2026-10-06T04:41:48.248434+00:00
Santet Segoro Pitu,Santet Segoro Pitu,2022-01-01 2026-10-06,2023-07-02,0,51,2026-10-06T04:41:48.248434+00:00
Santet Segoro Pitu,Santet Segoro Pitu,2022-01-01 2026-10-06,2023-07-09,0,55,2026-10-06T04:41:48.248434+00:00
Santet Segoro Pitu,Santet Segoro Pitu,2022-01-01 2026-10-06,2023-07-16,0,54,2026-10-06T04:41:48.248434+00:00
Santet Segoro Pitu,Santet Segoro Pitu,2022-01-01 2026-10-06,2023-07-23,0,47,2026-10-06T04:41:48.248434+00:00
Santet Segoro Pitu,Santet Segoro Pitu,2022-01-01 2026-10-06,2023-07-30,0,43,2026-10-06T04:41:48.248434+00:00
Santet Segoro Pitu,Santet Segoro Pitu,2022-01-01 2026-10-06,2023-08-06,0,47,2026-10-06T04:41:48.248434+00:00
Santet Segoro Pitu,Santet Segoro Pitu,2022-01-01 2026-10-06,2023-08-13,0,49,2026-10-06T04:41:48.248434+00:00
Santet Segoro Pitu,Santet Segoro Pitu,2022-01-01 2026-10-06,2023-08-20,0,44,2026-10-06T04:41:48.248434+00:00
Santet Segoro Pitu,Santet Segoro Pitu,2022-01-01 2026-10-06,2023-08-27,0,46,2026-10-06T04:41:48.248434+00:00
Santet Segoro Pitu,Santet Segoro Pitu,2022-01-01 2026-10-06,2023-09-03,0,51,2026-10-06T04:41:48.248434+00:00
Santet Segoro Pitu,Santet Segoro Pitu,2022-01-01 2026-10-06,2023-09-10,0,46,2026-10-06T04:41:48.248434+00:00
Santet Segoro Pitu,Santet Segoro Pitu,2022-01-01 2026-10-06,2023-09-17,0,48,2026-10-06T04:41:48.248434+00:00
Santet Segoro Pitu,Santet Segoro Pitu,2022-01-01 2026-10-06,2023-09-24,0,50,2026-10-06T04:41:48.248434+00:00
Santet Segoro Pitu,Santet Segoro Pitu,2022-01-01 2026-10-06,2023-10-01,0,52,2026-10-06T04:41:48.248434+00:00
Santet Segoro Pitu,Santet Segoro Pitu,2022-01-01 2026-10-06,2023-10-08,0,53,2026-10-06T04:41:48.248434+00:00
Santet Segoro Pitu,Santet Segoro Pitu,2022-01-01 2026-10-06,2023-10-15,0,51,2026-10-06T04:41:48.248434+00:00
Santet Segoro Pitu,Santet Segoro Pitu,2022-01-01 2026-10-06,2023-10-22,0,52,2026-10-06T04:41:48.248434+00:00
Santet Segoro Pitu,Santet Segoro Pitu,2022-01-01 2026-10-06,2023-10-29,0,52,2026-10-06T04:41:48.248434+00:00
Santet Segoro Pitu,Santet Segoro Pitu,2022-01-01 2026-10-06,2023-11-05,0,50,2026-10-06T04:41:48.248434+00:00
Santet Segoro Pitu,Santet Segoro Pitu,2022-01-01 2026-10-06,2023-11-12,0,50,2026-10-06T04:41:48.248434+00:00
Santet Segoro Pitu,Santet Segoro Pitu,2022-01-01 2026-10-06,2023-11-19,0,48,2026-10-06T04:41:48.248434+00:00
Santet Segoro Pitu,Santet Segoro Pitu,2022-01-01 2026-10-06,2023-11-26,0,45,2026-10-06T04:41:48.248434+00:00
Santet Segoro Pitu,Santet Segoro Pitu,2022-01-01 2026-10-06,2023-12-03,0,46,2026-10-06T04:41:48.248434+00:00
Santet Segoro Pitu,Santet Segoro Pitu,2022-01-01 2026-10-06,2023-12-10,0,53,2026-10-06T04:41:48.248434+00:00
Santet Segoro Pitu,Santet Segoro Pitu,2022-01-01 2026-10-06,2023-12-17,0,56,2026-10-06T04:41:48.248434+00:00
Santet Segoro Pitu,Santet Segoro Pitu,2022-01-01 2026-10-06,2023-12-24,0,81,2026-10-06T04:41:48.248434+00:00
Santet Segoro Pitu,Santet Segoro Pitu,2022-01-01 2026-10-06,2023-12-31,0,62,2026-10-06T04:41:48.248434+00:00
Santet Segoro Pitu,Santet Segoro Pitu,2022-01-01 2026-10-06,2024-01-07,0,47,2026-10-06T04:41:48.248434+00:00
Santet Segoro Pitu,Santet Segoro Pitu,2022-01-01 2026-10-06,2024-01-14,0,45,2026-10-06T04:41:48.248434+00:00
Santet Segoro Pitu,Santet Segoro Pitu,2022-01-01 2026-10-06,2024-01-21,0,46,2026-10-06T04:41:48.248434+00:00
Santet Segoro Pitu,Santet Segoro Pitu,2022-01-01 2026-10-06,2024-01-28,0,49,2026-10-06T04:41:48.248434+00:00
Santet Segoro Pitu,Santet Segoro Pitu,2022-01-01 2026-10-06,2024-02-04,0,52,2026-10-06T04:41:48.248434+00:00
Santet Segoro Pitu,Santet Segoro Pitu,2022-01-01 2026-10-06,2024-02-11,0,49,2026-10-06T04:41:48.248434+00:00
Santet Segoro Pitu,Santet Segoro Pitu,2022-01-01 2026-10-06,2024-02-18,0,45,2026-10-06T04:41:48.248434+00:00
Santet Segoro Pitu,Santet Segoro Pitu,2022-01-01 2026-10-06,2024-02-25,0,50,2026-10-06T04:41:48.248434+00:00
Santet Segoro Pitu,Santet Segoro Pitu,2022-01-01 2026-10-06,2024-03-03,0,47,2026-10-06T04:41:48.248434+00:00
Santet Segoro Pitu,Santet Segoro Pitu,2022-01-01 2026-10-06,2024-03-10,0,52,2026-10-06T04:41:48.248434+00:00
Santet Segoro Pitu,Santet Segoro Pitu,2022-01-01 2026-10-06,2024-03-17,0,43,2026-10-06T04:41:48.248434+00:00
Santet Segoro Pitu,Santet Segoro Pitu,2022-01-01 2026-10-06,2024-03-24,0,47,2026-10-06T04:41:48.248434+00:00
Santet Segoro Pitu,Santet Segoro Pitu,2022-01-01 2026-10-06,2024-03-31,0,44,2026-10-06T04:41:48.248434+00:00
Santet Segoro Pitu,Santet Segoro Pitu,2022-01-01 2026-10-06,2024-04-07,0,64,2026-10-06T04:41:48.248434+00:00
Santet Segoro Pitu,Santet Segoro Pitu,2022-01-01 2026-10-06,2024-04-14,0,55,2026-10-06T04:41:48.248434+00:00
Santet Segoro Pitu,Santet Segoro Pitu,2022-01-01 2026-10-06,2024-04-21,0,44,2026-10-06T04:41:48.248434+00:00
Santet Segoro Pitu,Santet Segoro Pitu,2022-01-01 2026-10-06,2024-04-28,0,42,2026-10-06T04:41:48.248434+00:00
Santet Segoro Pitu,Santet Segoro Pitu,2022-01-01 2026-10-06,2024-05-05,0,48,2026-10-06T04:41:48.248434+00:00
Santet Segoro Pitu,Santet Segoro Pitu,2022-01-01 2026-10-06,2024-05-12,0,50,2026-10-06T04:41:48.248434+00:00
Santet Segoro Pitu,Santet Segoro Pitu,2022-01-01 2026-10-06,2024-05-19,0,47,2026-10-06T04:41:48.248434+00:00
Santet Segoro Pitu,Santet Segoro Pitu,2022-01-01 2026-10-06,2024-05-26,0,38,2026-10-06T04:41:48.248434+00:00
Santet Segoro Pitu,Santet Segoro Pitu,2022-01-01 2026-10-06,2024-06-02,1,34,2026-10-06T04:41:48.248434+00:00
Santet Segoro Pitu,Santet Segoro Pitu,2022-01-01 2026-10-06,2024-06-09,0,38,2026-10-06T04:41:48.248434+00:00
Santet Segoro Pitu,Santet Segoro Pitu,2022-01-01 2026-10-06,2024-06-16,0,47,2026-10-06T04:41:48.248434+00:00
Santet Segoro Pitu,Santet Segoro Pitu,2022-01-01 2026-10-06,2024-06-23,0,44,2026-10-06T04:41:48.248434+00:00
Santet Segoro Pitu,Santet Segoro Pitu,2022-01-01 2026-10-06,2024-06-30,0,49,2026-10-06T04:41:48.248434+00:00
Santet Segoro Pitu,Santet Segoro Pitu,2022-01-01 2026-10-06,2024-07-07,0,48,2026-10-06T04:41:48.248434+00:00
Santet Segoro Pitu,Santet Segoro Pitu,2022-01-01 2026-10-06,2024-07-14,0,46,2026-10-06T04:41:48.248434+00:00
Santet Segoro Pitu,Santet Segoro Pitu,2022-01-01 2026-10-06,2024-07-21,0,47,2026-10-06T04:41:48.248434+00:00
Santet Segoro Pitu,Santet Segoro Pitu,2022-01-01 2026-10-06,2024-07-28,0,46,2026-10-06T04:41:48.248434+00:00
Santet Segoro Pitu,Santet Segoro Pitu,2022-01-01 2026-10-06,2024-08-04,0,42,2026-10-06T04:41:48.248434+00:00
Santet Segoro Pitu,Santet Segoro Pitu,2022-01-01 2026-10-06,2024-08-11,0,47,2026-10-06T04:41:48.248434+00:00
Santet Segoro Pitu,Santet Segoro Pitu,2022-01-01 2026-10-06,2024-08-18,0,45,2026-10-06T04:41:48.248434+00:00
Santet Segoro Pitu,Santet Segoro Pitu,2022-01-01 2026-10-06,2024-08-25,0,44,2026-10-06T04:41:48.248434+00:00
Santet Segoro Pitu,Santet Segoro Pitu,2022-01-01 2026-10-06,2024-09-01,0,42,2026-10-06T04:41:48.248434+00:00
Santet Segoro Pitu,Santet Segoro Pitu,2022-01-01 2026-10-06,2024-09-08,0,46,2026-10-06T04:41:48.248434+00:00
Santet Segoro Pitu,Santet Segoro Pitu,2022-01-01 2026-10-06,2024-09-15,0,51,2026-10-06T04:41:48.248434+00:00
Santet Segoro Pitu,Santet Segoro Pitu,2022-01-01 2026-10-06,2024-09-22,1,50,2026-10-06T04:41:48.248434+00:00
Santet Segoro Pitu,Santet Segoro Pitu,2022-01-01 2026-10-06,2024-09-29,1,50,2026-10-06T04:41:48.248434+00:00
Santet Segoro Pitu,Santet Segoro Pitu,2022-01-01 2026-10-06,2024-10-06,1,48,2026-10-06T04:41:48.248434+00:00
Santet Segoro Pitu,Santet Segoro Pitu,2022-01-01 2026-10-06,2024-10-13,2,46,2026-10-06T04:41:48.248434+00:00
Santet Segoro Pitu,Santet Segoro Pitu,2022-01-01 2026-10-06,2024-10-20,2,46,2026-10-06T04:41:48.248434+00:00
Santet Segoro Pitu,Santet Segoro Pitu,2022-01-01 2026-10-06,2024-10-27,3,46,2026-10-06T04:41:48.248434+00:00
Santet Segoro Pitu,Santet Segoro Pitu,2022-01-01 2026-10-06,2024-11-03,16,56,2026-10-06T04:41:48.248434+00:00
Santet Segoro Pitu,Santet Segoro Pitu,2022-01-01 2026-10-06,2024-11-10,23,52,2026-10-06T04:41:48.248434+00:00
Santet Segoro Pitu,Santet Segoro Pitu,2022-01-01 2026-10-06,2024-11-17,13,57,2026-10-06T04:41:48.248434+00:00
Santet Segoro Pitu,Santet Segoro Pitu,2022-01-01 2026-10-06,2024-11-24,8,55,2026-10-06T04:41:48.248434+00:00
Santet Segoro Pitu,Santet Segoro Pitu,2022-01-01 2026-10-06,2024-12-01,5,48,2026-10-06T04:41:48.248434+00:00
Santet Segoro Pitu,Santet Segoro Pitu,2022-01-01 2026-10-06,2024-12-08,5,52,2026-10-06T04:41:48.248434+00:00
Santet Segoro Pitu,Santet Segoro Pitu,2022-01-01 2026-10-06,2024-12-15,3,60,2026-10-06T04:41:48.248434+00:00
Santet Segoro Pitu,Santet Segoro Pitu,2022-01-01 2026-10-06,2024-12-22,3,72,2026-10-06T04:41:48.248434+00:00
Santet Segoro Pitu,Santet Segoro Pitu,2022-01-01 2026-10-06,2024-12-29,3,73,2026-10-06T04:41:48.248434+00:00
Santet Segoro Pitu,Santet Segoro Pitu,2022-01-01 2026-10-06,2025-01-05,3,61,2026-10-06T04:41:48.248434+00:00
Santet Segoro Pitu,Santet Segoro Pitu,2022-01-01 2026-10-06,2025-01-12,2,51,2026-10-06T04:41:48.248434+00:00
Santet Segoro Pitu,Santet Segoro Pitu,2022-01-01 2026-10-06,2025-01-19,2,59,2026-10-06T04:41:48.248434+00:00
Santet Segoro Pitu,Santet Segoro Pitu,2022-01-01 2026-10-06,2025-01-26,3,65,2026-10-06T04:41:48.248434+00:00
Santet Segoro Pitu,Santet Segoro Pitu,2022-01-01 2026-10-06,2025-02-02,2,49,2026-10-06T04:41:48.248434+00:00
Santet Segoro Pitu,Santet Segoro Pitu,2022-01-01 2026-10-06,2025-02-09,2,50,2026-10-06T04:41:48.248434+00:00
Santet Segoro Pitu,Santet Segoro Pitu,2022-01-01 2026-10-06,2025-02-16,2,49,2026-10-06T04:41:48.248434+00:00
Santet Segoro Pitu,Santet Segoro Pitu,2022-01-01 2026-10-06,2025-02-23,3,50,2026-10-06T04:41:48.248434+00:00
Santet Segoro Pitu,Santet Segoro Pitu,2022-01-01 2026-10-06,2025-03-02,2,47,2026-10-06T04:41:48.248434+00:00
Santet Segoro Pitu,Santet Segoro Pitu,2022-01-01 2026-10-06,2025-03-09,27,44,2026-10-06T04:41:48.248434+00:00
Santet Segoro Pitu,Santet Segoro Pitu,2022-01-01 2026-10-06,2025-03-16,38,49,2026-10-06T04:41:48.248434+00:00
Santet Segoro Pitu,Santet Segoro Pitu,2022-01-01 2026-10-06,2025-03-23,15,57,2026-10-06T04:41:48.248434+00:00
Santet Segoro Pitu,Santet Segoro Pitu,2022-01-01 2026-10-06,2025-03-30,17,100,2026-10-06T04:41:48.248434+00:00
Santet Segoro Pitu,Santet Segoro Pitu,2022-01-01 2026-10-06,2025-04-06,7,63,2026-10-06T04:41:48.248434+00:00
Santet Segoro Pitu,Santet Segoro Pitu,2022-01-01 2026-10-06,2025-04-13,5,48,2026-10-06T04:41:48.248434+00:00
Santet Segoro Pitu,Santet Segoro Pitu,2022-01-01 2026-10-06,2025-04-20,4,46,2026-10-06T04:41:48.248434+00:00
Santet Segoro Pitu,Santet Segoro Pitu,2022-01-01 2026-10-06,2025-04-27,4,44,2026-10-06T04:41:48.248434+00:00
Santet Segoro Pitu,Santet Segoro Pitu,2022-01-01 2026-10-06,2025-05-04,4,39,2026-10-06T04:41:48.248434+00:00
Santet Segoro Pitu,Santet Segoro Pitu,2022-01-01 2026-10-06,2025-05-11,4,49,2026-10-06T04:41:48.248434+00:00
Santet Segoro Pitu,Santet Segoro Pitu,2022-01-01 2026-10-06,2025-05-18,2,43,2026-10-06T04:41:48.248434+00:00
Santet Segoro Pitu,Santet Segoro Pitu,2022-01-01 2026-10-06,2025-05-25,2,44,2026-10-06T04:41:48.248434+00:00
Santet Segoro Pitu,Santet Segoro Pitu,2022-01-01 2026-10-06,2025-06-01,1,41,2026-10-06T04:41:48.248434+00:00
Santet Segoro Pitu,Santet Segoro Pitu,2022-01-01 2026-10-06,2025-06-08,2,44,2026-10-06T04:41:48.248434+00:00
Santet Segoro Pitu,Santet Segoro Pitu,2022-01-01 2026-10-06,2025-06-15,2,43,2026-10-06T04:41:48.248434+00:00
Santet Segoro Pitu,Santet Segoro Pitu,2022-01-01 2026-10-06,2025-06-22,2,50,2026-10-06T04:41:48.248434+00:00
Santet Segoro Pitu,Santet Segoro Pitu,2022-01-01 2026-10-06,2025-06-29,1,46,2026-10-06T04:41:48.248434+00:00
Santet Segoro Pitu,Santet Segoro Pitu,2022-01-01 2026-10-06,2025-07-06,3,44,2026-10-06T04:41:48.248434+00:00
Santet Segoro Pitu,Santet Segoro Pitu,2022-01-01 2026-10-06,2025-07-13,2,40,2026-10-06T04:41:48.248434+00:00
Santet Segoro Pitu,Santet Segoro Pitu,2022-01-01 2026-10-06,2025-07-20,1,39,2026-10-06T04:41:48.248434+00:00
Santet Segoro Pitu,Santet Segoro Pitu,2022-01-01 2026-10-06,2025-07-27,1,36,2026-10-06T04:41:48.248434+00:00
Santet Segoro Pitu,Santet Segoro Pitu,2022-01-01 2026-10-06,2025-08-03,1,39,2026-10-06T04:41:48.248434+00:00
Santet Segoro Pitu,Santet Segoro Pitu,2022-01-01 2026-10-06,2025-08-10,1,42,2026-10-06T04:41:48.248434+00:00
Santet Segoro Pitu,Santet Segoro Pitu,2022-01-01 2026-10-06,2025-08-17,1,43,2026-10-06T04:41:48.248434+00:00
Santet Segoro Pitu,Santet Segoro Pitu,2022-01-01 2026-10-06,2025-08-24,1,38,2026-10-06T04:41:48.248434+00:00
Santet Segoro Pitu,Santet Segoro Pitu,2022-01-01 2026-10-06,2025-08-31,1,41,2026-10-06T04:41:48.248434+00:00
Santet Segoro Pitu,Santet Segoro Pitu,2022-01-01 2026-10-06,2025-09-07,1,39,2026-10-06T04:41:48.248434+00:00
Santet Segoro Pitu,Santet Segoro Pitu,2022-01-01 2026-10-06,2025-09-14,1,38,2026-10-06T04:41:48.248434+00:00
Santet Segoro Pitu,Santet Segoro Pitu,2022-01-01 2026-10-06,2025-09-21,1,38,2026-10-06T04:41:48.248434+00:00
Santet Segoro Pitu,Santet Segoro Pitu,2022-01-01 2026-10-06,2025-09-28,1,36,2026-10-06T04:41:48.248434+00:00
Santet Segoro Pitu,Santet Segoro Pitu,2022-01-01 2026-10-06,2025-10-05,0,36,2026-10-06T04:41:48.248434+00:00
Santet Segoro Pitu,Santet Segoro Pitu,2022-01-01 2026-10-06,2025-10-12,1,36,2026-10-06T04:41:48.248434+00:00
Santet Segoro Pitu,Santet Segoro Pitu,2022-01-01 2026-10-06,2025-10-19,1,38,2026-10-06T04:41:48.248434+00:00
Santet Segoro Pitu,Santet Segoro Pitu,2022-01-01 2026-10-06,2025-10-26,2,42,2026-10-06T04:41:48.248434+00:00
Santet Segoro Pitu,Santet Segoro Pitu,2022-01-01 2026-10-06,2025-11-02,1,39,2026-10-06T04:41:48.248434+00:00
Santet Segoro Pitu,Santet Segoro Pitu,2022-01-01 2026-10-06,2025-11-09,1,37,2026-10-06T04:41:48.248434+00:00
Santet Segoro Pitu,Santet Segoro Pitu,2022-01-01 2026-10-06,2025-11-16,1,38,2026-10-06T04:41:48.248434+00:00
Santet Segoro Pitu,Santet Segoro Pitu,2022-01-01 2026-10-06,2025-11-23,1,34,2026-10-06T04:41:48.248434+00:00
Santet Segoro Pitu,Santet Segoro Pitu,2022-01-01 2026-10-06,2025-11-30,1,33,2026-10-06T04:41:48.248434+00:00
Santet Segoro Pitu,Santet Segoro Pitu,2022-01-01 2026-10-06,2025-12-07,1,38,2026-10-06T04:41:48.248434+00:00
Santet Segoro Pitu,Santet Segoro Pitu,2022-01-01 2026-10-06,2025-12-14,1,44,2026-10-06T04:41:48.248434+00:00
Santet Segoro Pitu,Santet Segoro Pitu,2022-01-01 2026-10-06,2025-12-21,1,53,2026-10-06T04:41:48.248434+00:00
Santet Segoro Pitu,Santet Segoro Pitu,2022-01-01 2026-10-06,2025-12-28,1,59,2026-10-06T04:41:48.248434+00:00
Santet Segoro Pitu,Santet Segoro Pitu,2022-01-01 2026-10-06,2026-01-04,1,44,2026-10-06T04:41:48.248434+00:00
Santet Segoro Pitu,Santet Segoro Pitu,2022-01-01 2026-10-06,2026-01-11,0,43,2026-10-06T04:41:48.248434+00:00
Santet Segoro Pitu,Santet Segoro Pitu,2022-01-01 2026-10-06,2026-01-18,1,39,2026-10-06T04:41:48.248434+00:00
Santet Segoro Pitu,Santet Segoro Pitu,2022-01-01 2026-10-06,2026-01-25,0,37,2026-10-06T04:41:48.248434+00:00
Santet Segoro Pitu,Santet Segoro Pitu,2022-01-01 2026-10-06,2026-02-01,0,38,2026-10-06T04:41:48.248434+00:00
Santet Segoro Pitu,Santet Segoro Pitu,2022-01-01 2026-10-06,2026-02-08,0,35,2026-10-06T04:41:48.248434+00:00
Santet Segoro Pitu,Santet Segoro Pitu,2022-01-01 2026-10-06,2026-02-15,0,41,2026-10-06T04:41:48.248434+00:00
Santet Segoro Pitu,Santet Segoro Pitu,2022-01-01 2026-10-06,2026-02-22,0,36,2026-10-06T04:41:48.248434+00:00
Santet Segoro Pitu,Santet Segoro Pitu,2022-01-01 2026-10-06,2026-03-01,0,32,2026-10-06T04:41:48.248434+00:00
Santet Segoro Pitu,Santet Segoro Pitu,2022-01-01 2026-10-06,2026-03-08,0,33,2026-10-06T04:41:48.248434+00:00
Santet Segoro Pitu,Santet Segoro Pitu,2022-01-01 2026-10-06,2026-03-15,1,45,2026-10-06T04:41:48.248434+00:00
Santet Segoro Pitu,Santet Segoro Pitu,2022-01-01 2026-10-06,2026-03-22,1,57,2026-10-06T04:41:48.248434+00:00
Santet Segoro Pitu,Santet Segoro Pitu,2022-01-01 2026-10-06,2026-03-29,1,42,2026-10-06T04:41:48.248434+00:00
Santet Segoro Pitu,Santet Segoro Pitu,2022-01-01 2026-10-06,2026-04-05,0,37,2026-10-06T04:41:48.248434+00:00
Santet Segoro Pitu,Santet Segoro Pitu,2022-01-01 2026-10-06,2026-04-12,0,37,2026-10-06T04:41:48.248434+00:00
Santet Segoro Pitu,Santet Segoro Pitu,2022-01-01 2026-10-06,2026-04-19,1,40,2026-10-06T04:41:48.248434+00:00
Santet Segoro Pitu,Santet Segoro Pitu,2022-01-01 2026-10-06,2026-04-26,2,42,2026-10-06T04:41:48.248434+00:00
Santet Segoro Pitu,Santet Segoro Pitu,2022-01-01 2026-10-06,2026-05-03,0,38,2026-10-06T04:41:48.248434+00:00
Santet Segoro Pitu,Santet Segoro Pitu,2022-01-01 2026-10-06,2026-05-10,0,42,2026-10-06T04:41:48.248434+00:00
Santet Segoro Pitu,Santet Segoro Pitu,2022-01-01 2026-10-06,2026-05-17,1,37,2026-10-06T04:41:48.248434+00:00
Santet Segoro Pitu,Santet Segoro Pitu,2022-01-01 2026-10-06,2026-05-24,0,44,2026-10-06T04:41:48.248434+00:00
Santet Segoro Pitu,Santet Segoro Pitu,2022-01-01 2026-10-06,2026-05-31,0,40,2026-10-06T04:41:48.248434+00:00
Santet Segoro Pitu,Santet Segoro Pitu,2022-01-01 2026-10-06,2026-06-07,0,36,2026-10-06T04:41:48.248434+00:00
Santet Segoro Pitu,Santet Segoro Pitu,2022-01-01 2026-10-06,2026-06-14,0,44,2026-10-06T04:41:48.248434+00:00
Santet Segoro Pitu,Santet Segoro Pitu,2022-01-01 2026-10-06,2026-06-21,1,43,2026-10-06T04:41:48.248434+00:00
Santet Segoro Pitu,Santet Segoro Pitu,2022-01-01 2026-10-06,2026-06-28,2,45,2026-10-06T04:41:48.248434+00:00
Santet Segoro Pitu,Santet Segoro Pitu,2022-01-01 2026-10-06,2026-07-05,1,44,2026-10-06T04:41:48.248434+00:00
Santet Segoro Pitu,Santet Segoro Pitu,2022-01-01 2026-10-06,2026-07-12,0,39,2026-10-06T04:41:48.248434+00:00
Santet Segoro Pitu,Santet Segoro Pitu,2022-01-01 2026-10-06,2026-07-19,1,37,2026-10-06T04:41:48.248434+00:00
Santet Segoro Pitu,Santet Segoro Pitu,2022-01-01 2026-10-06,2026-07-26,0,36,2026-10-06T04:41:48.248434+00:00
Santet Segoro Pitu,Santet Segoro Pitu,2022-01-01 2026-10-06,2026-08-02,0,31,2026-10-06T04:41:48.248434+00:00
Santet Segoro Pitu,Santet Segoro Pitu,2022-01-01 2026-10-06,2026-08-09,0,34,2026-10-06T04:41:48.248434+00:00
Santet Segoro Pitu,Santet Segoro Pitu,2022-01-01 2026-10-06,2026-08-16,1,40,2026-10-06T04:41:48.248434+00:00
Santet Segoro Pitu,Santet Segoro Pitu,2022-01-01 2026-10-06,2026-08-23,0,44,2026-10-06T04:41:48.248434+00:00
Santet Segoro Pitu,Santet Segoro Pitu,2022-01-01 2026-10-06,2026-08-30,0,36,2026-10-06T04:41:48.248434+00:00
Santet Segoro Pitu,Santet Segoro Pitu,2022-01-01 2026-10-06,2026-09-06,1,36,2026-10-06T04:41:48.248434+00:00
Santet Segoro Pitu,Santet Segoro Pitu,2022-01-01 2026-10-06,2026-09-13,0,35,2026-10-06T04:41:48.248434+00:00
Santet Segoro Pitu,Santet Segoro Pitu,2022-01-01 2026-10-06,2026-09-20,0,37,2026-10-06T04:41:48.248434+00:00
Santet Segoro Pitu,Santet Segoro Pitu,2022-01-01 2026-10-06,2026-09-27,0,37,2026-10-06T04:41:48.248434+00:00
Santet Segoro Pitu,Santet Segoro Pitu,2022-01-01 2026-10-06,2026-10-04,0,34,2026-10-06T04:41:48.248434+00:00
Catatan Harian Menantu Sinting,Catatan Harian Menantu Sinting,2020-01-01 2024-12-31,2019-12-29,0,81,2026-10-06T04:42:30.320444+00:00
Catatan Harian Menantu Sinting,Catatan Harian Menantu Sinting,2020-01-01 2024-12-31,2020-01-05,0,58,2026-10-06T04:42:30.320444+00:00
Catatan Harian Menantu Sinting,Catatan Harian Menantu Sinting,2020-01-01 2024-12-31,2020-01-12,0,51,2026-10-06T04:42:30.320444+00:00
Catatan Harian Menantu Sinting,Catatan Harian Menantu Sinting,2020-01-01 2024-12-31,2020-01-19,0,51,2026-10-06T04:42:30.320444+00:00
Catatan Harian Menantu Sinting,Catatan Harian Menantu Sinting,2020-01-01 2024-12-31,2020-01-26,0,49,2026-10-06T04:42:30.320444+00:00
Catatan Harian Menantu Sinting,Catatan Harian Menantu Sinting,2020-01-01 2024-12-31,2020-02-02,0,48,2026-10-06T04:42:30.320444+00:00
Catatan Harian Menantu Sinting,Catatan Harian Menantu Sinting,2020-01-01 2024-12-31,2020-02-09,0,47,2026-10-06T04:42:30.320444+00:00
Catatan Harian Menantu Sinting,Catatan Harian Menantu Sinting,2020-01-01 2024-12-31,2020-02-16,0,50,2026-10-06T04:42:30.320444+00:00
Catatan Harian Menantu Sinting,Catatan Harian Menantu Sinting,2020-01-01 2024-12-31,2020-02-23,0,48,2026-10-06T04:42:30.320444+00:00
Catatan Harian Menantu Sinting,Catatan Harian Menantu Sinting,2020-01-01 2024-12-31,2020-03-01,0,49,2026-10-06T04:42:30.320444+00:00
Catatan Harian Menantu Sinting,Catatan Harian Menantu Sinting,2020-01-01 2024-12-31,2020-03-08,0,53,2026-10-06T04:42:30.320444+00:00
Catatan Harian Menantu Sinting,Catatan Harian Menantu Sinting,2020-01-01 2024-12-31,2020-03-15,0,52,2026-10-06T04:42:30.320444+00:00
Catatan Harian Menantu Sinting,Catatan Harian Menantu Sinting,2020-01-01 2024-12-31,2020-03-22,0,67,2026-10-06T04:42:30.320444+00:00
Catatan Harian Menantu Sinting,Catatan Harian Menantu Sinting,2020-01-01 2024-12-31,2020-03-29,0,63,2026-10-06T04:42:30.320444+00:00
Catatan Harian Menantu Sinting,Catatan Harian Menantu Sinting,2020-01-01 2024-12-31,2020-04-05,0,68,2026-10-06T04:42:30.320444+00:00
Catatan Harian Menantu Sinting,Catatan Harian Menantu Sinting,2020-01-01 2024-12-31,2020-04-12,0,67,2026-10-06T04:42:30.320444+00:00
Catatan Harian Menantu Sinting,Catatan Harian Menantu Sinting,2020-01-01 2024-12-31,2020-04-19,0,71,2026-10-06T04:42:30.320444+00:00
Catatan Harian Menantu Sinting,Catatan Harian Menantu Sinting,2020-01-01 2024-12-31,2020-04-26,0,66,2026-10-06T04:42:30.320444+00:00
Catatan Harian Menantu Sinting,Catatan Harian Menantu Sinting,2020-01-01 2024-12-31,2020-05-03,0,59,2026-10-06T04:42:30.320444+00:00
Catatan Harian Menantu Sinting,Catatan Harian Menantu Sinting,2020-01-01 2024-12-31,2020-05-10,0,53,2026-10-06T04:42:30.320444+00:00
Catatan Harian Menantu Sinting,Catatan Harian Menantu Sinting,2020-01-01 2024-12-31,2020-05-17,0,53,2026-10-06T04:42:30.320444+00:00
Catatan Harian Menantu Sinting,Catatan Harian Menantu Sinting,2020-01-01 2024-12-31,2020-05-24,0,68,2026-10-06T04:42:30.320444+00:00
Catatan Harian Menantu Sinting,Catatan Harian Menantu Sinting,2020-01-01 2024-12-31,2020-05-31,0,61,2026-10-06T04:42:30.320444+00:00
Catatan Harian Menantu Sinting,Catatan Harian Menantu Sinting,2020-01-01 2024-12-31,2020-06-07,0,50,2026-10-06T04:42:30.320444+00:00
Catatan Harian Menantu Sinting,Catatan Harian Menantu Sinting,2020-01-01 2024-12-31,2020-06-14,0,59,2026-10-06T04:42:30.320444+00:00
Catatan Harian Menantu Sinting,Catatan Harian Menantu Sinting,2020-01-01 2024-12-31,2020-06-21,0,62,2026-10-06T04:42:30.320444+00:00
Catatan Harian Menantu Sinting,Catatan Harian Menantu Sinting,2020-01-01 2024-12-31,2020-06-28,0,58,2026-10-06T04:42:30.320444+00:00
Catatan Harian Menantu Sinting,Catatan Harian Menantu Sinting,2020-01-01 2024-12-31,2020-07-05,0,55,2026-10-06T04:42:30.320444+00:00
Catatan Harian Menantu Sinting,Catatan Harian Menantu Sinting,2020-01-01 2024-12-31,2020-07-12,0,50,2026-10-06T04:42:30.320444+00:00
Catatan Harian Menantu Sinting,Catatan Harian Menantu Sinting,2020-01-01 2024-12-31,2020-07-19,0,47,2026-10-06T04:42:30.320444+00:00
Catatan Harian Menantu Sinting,Catatan Harian Menantu Sinting,2020-01-01 2024-12-31,2020-07-26,0,50,2026-10-06T04:42:30.320444+00:00
Catatan Harian Menantu Sinting,Catatan Harian Menantu Sinting,2020-01-01 2024-12-31,2020-08-02,0,46,2026-10-06T04:42:30.320444+00:00
Catatan Harian Menantu Sinting,Catatan Harian Menantu Sinting,2020-01-01 2024-12-31,2020-08-09,0,49,2026-10-06T04:42:30.320444+00:00
Catatan Harian Menantu Sinting,Catatan Harian Menantu Sinting,2020-01-01 2024-12-31,2020-08-16,0,60,2026-10-06T04:42:30.320444+00:00
Catatan Harian Menantu Sinting,Catatan Harian Menantu Sinting,2020-01-01 2024-12-31,2020-08-23,0,52,2026-10-06T04:42:30.320444+00:00
Catatan Harian Menantu Sinting,Catatan Harian Menantu Sinting,2020-01-01 2024-12-31,2020-08-30,0,46,2026-10-06T04:42:30.320444+00:00
Catatan Harian Menantu Sinting,Catatan Harian Menantu Sinting,2020-01-01 2024-12-31,2020-09-06,0,47,2026-10-06T04:42:30.320444+00:00
Catatan Harian Menantu Sinting,Catatan Harian Menantu Sinting,2020-01-01 2024-12-31,2020-09-13,0,46,2026-10-06T04:42:30.320444+00:00
Catatan Harian Menantu Sinting,Catatan Harian Menantu Sinting,2020-01-01 2024-12-31,2020-09-20,0,42,2026-10-06T04:42:30.320444+00:00
Catatan Harian Menantu Sinting,Catatan Harian Menantu Sinting,2020-01-01 2024-12-31,2020-09-27,0,41,2026-10-06T04:42:30.320444+00:00
Catatan Harian Menantu Sinting,Catatan Harian Menantu Sinting,2020-01-01 2024-12-31,2020-10-04,0,41,2026-10-06T04:42:30.320444+00:00
Catatan Harian Menantu Sinting,Catatan Harian Menantu Sinting,2020-01-01 2024-12-31,2020-10-11,0,42,2026-10-06T04:42:30.320444+00:00
Catatan Harian Menantu Sinting,Catatan Harian Menantu Sinting,2020-01-01 2024-12-31,2020-10-18,0,42,2026-10-06T04:42:30.320444+00:00
Catatan Harian Menantu Sinting,Catatan Harian Menantu Sinting,2020-01-01 2024-12-31,2020-10-25,0,54,2026-10-06T04:42:30.320444+00:00
Catatan Harian Menantu Sinting,Catatan Harian Menantu Sinting,2020-01-01 2024-12-31,2020-11-01,0,44,2026-10-06T04:42:30.320444+00:00
Catatan Harian Menantu Sinting,Catatan Harian Menantu Sinting,2020-01-01 2024-12-31,2020-11-08,0,45,2026-10-06T04:42:30.320444+00:00
Catatan Harian Menantu Sinting,Catatan Harian Menantu Sinting,2020-01-01 2024-12-31,2020-11-15,0,43,2026-10-06T04:42:30.320444+00:00
Catatan Harian Menantu Sinting,Catatan Harian Menantu Sinting,2020-01-01 2024-12-31,2020-11-22,0,44,2026-10-06T04:42:30.320444+00:00
Catatan Harian Menantu Sinting,Catatan Harian Menantu Sinting,2020-01-01 2024-12-31,2020-11-29,0,42,2026-10-06T04:42:30.320444+00:00
Catatan Harian Menantu Sinting,Catatan Harian Menantu Sinting,2020-01-01 2024-12-31,2020-12-06,0,46,2026-10-06T04:42:30.320444+00:00
Catatan Harian Menantu Sinting,Catatan Harian Menantu Sinting,2020-01-01 2024-12-31,2020-12-13,0,51,2026-10-06T04:42:30.320444+00:00
Catatan Harian Menantu Sinting,Catatan Harian Menantu Sinting,2020-01-01 2024-12-31,2020-12-20,0,65,2026-10-06T04:42:30.320444+00:00
Catatan Harian Menantu Sinting,Catatan Harian Menantu Sinting,2020-01-01 2024-12-31,2020-12-27,0,88,2026-10-06T04:42:30.320444+00:00
Catatan Harian Menantu Sinting,Catatan Harian Menantu Sinting,2020-01-01 2024-12-31,2021-01-03,0,55,2026-10-06T04:42:30.320444+00:00
Catatan Harian Menantu Sinting,Catatan Harian Menantu Sinting,2020-01-01 2024-12-31,2021-01-10,0,45,2026-10-06T04:42:30.320444+00:00
Catatan Harian Menantu Sinting,Catatan Harian Menantu Sinting,2020-01-01 2024-12-31,2021-01-17,0,45,2026-10-06T04:42:30.320444+00:00
Catatan Harian Menantu Sinting,Catatan Harian Menantu Sinting,2020-01-01 2024-12-31,2021-01-24,0,45,2026-10-06T04:42:30.320444+00:00
Catatan Harian Menantu Sinting,Catatan Harian Menantu Sinting,2020-01-01 2024-12-31,2021-01-31,0,41,2026-10-06T04:42:30.320444+00:00
Catatan Harian Menantu Sinting,Catatan Harian Menantu Sinting,2020-01-01 2024-12-31,2021-02-07,0,43,2026-10-06T04:42:30.320444+00:00
Catatan Harian Menantu Sinting,Catatan Harian Menantu Sinting,2020-01-01 2024-12-31,2021-02-14,0,41,2026-10-06T04:42:30.320444+00:00
Catatan Harian Menantu Sinting,Catatan Harian Menantu Sinting,2020-01-01 2024-12-31,2021-02-21,0,39,2026-10-06T04:42:30.320444+00:00
Catatan Harian Menantu Sinting,Catatan Harian Menantu Sinting,2020-01-01 2024-12-31,2021-02-28,0,37,2026-10-06T04:42:30.320444+00:00
Catatan Harian Menantu Sinting,Catatan Harian Menantu Sinting,2020-01-01 2024-12-31,2021-03-07,0,40,2026-10-06T04:42:30.320444+00:00
Catatan Harian Menantu Sinting,Catatan Harian Menantu Sinting,2020-01-01 2024-12-31,2021-03-14,0,37,2026-10-06T04:42:30.320444+00:00
Catatan Harian Menantu Sinting,Catatan Harian Menantu Sinting,2020-01-01 2024-12-31,2021-03-21,0,37,2026-10-06T04:42:30.320444+00:00
Catatan Harian Menantu Sinting,Catatan Harian Menantu Sinting,2020-01-01 2024-12-31,2021-03-28,0,40,2026-10-06T04:42:30.320444+00:00
Catatan Harian Menantu Sinting,Catatan Harian Menantu Sinting,2020-01-01 2024-12-31,2021-04-04,0,41,2026-10-06T04:42:30.320444+00:00
Catatan Harian Menantu Sinting,Catatan Harian Menantu Sinting,2020-01-01 2024-12-31,2021-04-11,0,43,2026-10-06T04:42:30.320444+00:00
Catatan Harian Menantu Sinting,Catatan Harian Menantu Sinting,2020-01-01 2024-12-31,2021-04-18,0,42,2026-10-06T04:42:30.320444+00:00
Catatan Harian Menantu Sinting,Catatan Harian Menantu Sinting,2020-01-01 2024-12-31,2021-04-25,0,40,2026-10-06T04:42:30.320444+00:00
Catatan Harian Menantu Sinting,Catatan Harian Menantu Sinting,2020-01-01 2024-12-31,2021-05-02,0,40,2026-10-06T04:42:30.320444+00:00
Catatan Harian Menantu Sinting,Catatan Harian Menantu Sinting,2020-01-01 2024-12-31,2021-05-09,0,51,2026-10-06T04:42:30.320444+00:00
Catatan Harian Menantu Sinting,Catatan Harian Menantu Sinting,2020-01-01 2024-12-31,2021-05-16,0,49,2026-10-06T04:42:30.320444+00:00
Catatan Harian Menantu Sinting,Catatan Harian Menantu Sinting,2020-01-01 2024-12-31,2021-05-23,0,42,2026-10-06T04:42:30.320444+00:00
Catatan Harian Menantu Sinting,Catatan Harian Menantu Sinting,2020-01-01 2024-12-31,2021-05-30,0,46,2026-10-06T04:42:30.320444+00:00
Catatan Harian Menantu Sinting,Catatan Harian Menantu Sinting,2020-01-01 2024-12-31,2021-06-06,0,46,2026-10-06T04:42:30.320444+00:00
Catatan Harian Menantu Sinting,Catatan Harian Menantu Sinting,2020-01-01 2024-12-31,2021-06-13,0,49,2026-10-06T04:42:30.320444+00:00
Catatan Harian Menantu Sinting,Catatan Harian Menantu Sinting,2020-01-01 2024-12-31,2021-06-20,0,51,2026-10-06T04:42:30.320444+00:00
Catatan Harian Menantu Sinting,Catatan Harian Menantu Sinting,2020-01-01 2024-12-31,2021-06-27,0,52,2026-10-06T04:42:30.320444+00:00
Catatan Harian Menantu Sinting,Catatan Harian Menantu Sinting,2020-01-01 2024-12-31,2021-07-04,0,51,2026-10-06T04:42:30.320444+00:00
Catatan Harian Menantu Sinting,Catatan Harian Menantu Sinting,2020-01-01 2024-12-31,2021-07-11,0,49,2026-10-06T04:42:30.320444+00:00
Catatan Harian Menantu Sinting,Catatan Harian Menantu Sinting,2020-01-01 2024-12-31,2021-07-18,0,49,2026-10-06T04:42:30.320444+00:00
Catatan Harian Menantu Sinting,Catatan Harian Menantu Sinting,2020-01-01 2024-12-31,2021-07-25,0,40,2026-10-06T04:42:30.320444+00:00
Catatan Harian Menantu Sinting,Catatan Harian Menantu Sinting,2020-01-01 2024-12-31,2021-08-01,0,39,2026-10-06T04:42:30.320444+00:00
Catatan Harian Menantu Sinting,Catatan Harian Menantu Sinting,2020-01-01 2024-12-31,2021-08-08,0,41,2026-10-06T04:42:30.320444+00:00
Catatan Harian Menantu Sinting,Catatan Harian Menantu Sinting,2020-01-01 2024-12-31,2021-08-15,0,44,2026-10-06T04:42:30.320444+00:00
Catatan Harian Menantu Sinting,Catatan Harian Menantu Sinting,2020-01-01 2024-12-31,2021-08-22,0,42,2026-10-06T04:42:30.320444+00:00
Catatan Harian Menantu Sinting,Catatan Harian Menantu Sinting,2020-01-01 2024-12-31,2021-08-29,0,46,2026-10-06T04:42:30.320444+00:00
Catatan Harian Menantu Sinting,Catatan Harian Menantu Sinting,2020-01-01 2024-12-31,2021-09-05,0,40,2026-10-06T04:42:30.320444+00:00
Catatan Harian Menantu Sinting,Catatan Harian Menantu Sinting,2020-01-01 2024-12-31,2021-09-12,0,39,2026-10-06T04:42:30.320444+00:00
Catatan Harian Menantu Sinting,Catatan Harian Menantu Sinting,2020-01-01 2024-12-31,2021-09-19,0,34,2026-10-06T04:42:30.320444+00:00
Catatan Harian Menantu Sinting,Catatan Harian Menantu Sinting,2020-01-01 2024-12-31,2021-09-26,0,35,2026-10-06T04:42:30.320444+00:00
Catatan Harian Menantu Sinting,Catatan Harian Menantu Sinting,2020-01-01 2024-12-31,2021-10-03,0,37,2026-10-06T04:42:30.320444+00:00
Catatan Harian Menantu Sinting,Catatan Harian Menantu Sinting,2020-01-01 2024-12-31,2021-10-10,0,39,2026-10-06T04:42:30.320444+00:00
Catatan Harian Menantu Sinting,Catatan Harian Menantu Sinting,2020-01-01 2024-12-31,2021-10-17,0,43,2026-10-06T04:42:30.320444+00:00
Catatan Harian Menantu Sinting,Catatan Harian Menantu Sinting,2020-01-01 2024-12-31,2021-10-24,0,40,2026-10-06T04:42:30.320444+00:00
Catatan Harian Menantu Sinting,Catatan Harian Menantu Sinting,2020-01-01 2024-12-31,2021-10-31,0,50,2026-10-06T04:42:30.320444+00:00
Catatan Harian Menantu Sinting,Catatan Harian Menantu Sinting,2020-01-01 2024-12-31,2021-11-07,0,46,2026-10-06T04:42:30.320444+00:00
Catatan Harian Menantu Sinting,Catatan Harian Menantu Sinting,2020-01-01 2024-12-31,2021-11-14,0,52,2026-10-06T04:42:30.320444+00:00
Catatan Harian Menantu Sinting,Catatan Harian Menantu Sinting,2020-01-01 2024-12-31,2021-11-21,0,50,2026-10-06T04:42:30.320444+00:00
Catatan Harian Menantu Sinting,Catatan Harian Menantu Sinting,2020-01-01 2024-12-31,2021-11-28,0,40,2026-10-06T04:42:30.320444+00:00
Catatan Harian Menantu Sinting,Catatan Harian Menantu Sinting,2020-01-01 2024-12-31,2021-12-05,0,45,2026-10-06T04:42:30.320444+00:00
Catatan Harian Menantu Sinting,Catatan Harian Menantu Sinting,2020-01-01 2024-12-31,2021-12-12,0,49,2026-10-06T04:42:30.320444+00:00
Catatan Harian Menantu Sinting,Catatan Harian Menantu Sinting,2020-01-01 2024-12-31,2021-12-19,0,59,2026-10-06T04:42:30.320444+00:00
Catatan Harian Menantu Sinting,Catatan Harian Menantu Sinting,2020-01-01 2024-12-31,2021-12-26,0,79,2026-10-06T04:42:30.320444+00:00
Catatan Harian Menantu Sinting,Catatan Harian Menantu Sinting,2020-01-01 2024-12-31,2022-01-02,0,62,2026-10-06T04:42:30.320444+00:00
Catatan Harian Menantu Sinting,Catatan Harian Menantu Sinting,2020-01-01 2024-12-31,2022-01-09,0,66,2026-10-06T04:42:30.320444+00:00
Catatan Harian Menantu Sinting,Catatan Harian Menantu Sinting,2020-01-01 2024-12-31,2022-01-16,0,49,2026-10-06T04:42:30.320444+00:00
Catatan Harian Menantu Sinting,Catatan Harian Menantu Sinting,2020-01-01 2024-12-31,2022-01-23,0,51,2026-10-06T04:42:30.320444+00:00
Catatan Harian Menantu Sinting,Catatan Harian Menantu Sinting,2020-01-01 2024-12-31,2022-01-30,0,50,2026-10-06T04:42:30.320444+00:00
Catatan Harian Menantu Sinting,Catatan Harian Menantu Sinting,2020-01-01 2024-12-31,2022-02-06,0,49,2026-10-06T04:42:30.320444+00:00
Catatan Harian Menantu Sinting,Catatan Harian Menantu Sinting,2020-01-01 2024-12-31,2022-02-13,0,54,2026-10-06T04:42:30.320444+00:00
Catatan Harian Menantu Sinting,Catatan Harian Menantu Sinting,2020-01-01 2024-12-31,2022-02-20,0,50,2026-10-06T04:42:30.320444+00:00
Catatan Harian Menantu Sinting,Catatan Harian Menantu Sinting,2020-01-01 2024-12-31,2022-02-27,0,55,2026-10-06T04:42:30.320444+00:00
Catatan Harian Menantu Sinting,Catatan Harian Menantu Sinting,2020-01-01 2024-12-31,2022-03-06,0,41,2026-10-06T04:42:30.320444+00:00
Catatan Harian Menantu Sinting,Catatan Harian Menantu Sinting,2020-01-01 2024-12-31,2022-03-13,0,43,2026-10-06T04:42:30.320444+00:00
Catatan Harian Menantu Sinting,Catatan Harian Menantu Sinting,2020-01-01 2024-12-31,2022-03-20,0,46,2026-10-06T04:42:30.320444+00:00
Catatan Harian Menantu Sinting,Catatan Harian Menantu Sinting,2020-01-01 2024-12-31,2022-03-27,0,43,2026-10-06T04:42:30.320444+00:00
Catatan Harian Menantu Sinting,Catatan Harian Menantu Sinting,2020-01-01 2024-12-31,2022-04-03,0,45,2026-10-06T04:42:30.320444+00:00
Catatan Harian Menantu Sinting,Catatan Harian Menantu Sinting,2020-01-01 2024-12-31,2022-04-10,0,47,2026-10-06T04:42:30.320444+00:00
Catatan Harian Menantu Sinting,Catatan Harian Menantu Sinting,2020-01-01 2024-12-31,2022-04-17,0,51,2026-10-06T04:42:30.320444+00:00
Catatan Harian Menantu Sinting,Catatan Harian Menantu Sinting,2020-01-01 2024-12-31,2022-04-24,0,55,2026-10-06T04:42:30.320444+00:00
Catatan Harian Menantu Sinting,Catatan Harian Menantu Sinting,2020-01-01 2024-12-31,2022-05-01,0,98,2026-10-06T04:42:30.320444+00:00
Catatan Harian Menantu Sinting,Catatan Harian Menantu Sinting,2020-01-01 2024-12-31,2022-05-08,0,75,2026-10-06T04:42:30.320444+00:00
Catatan Harian Menantu Sinting,Catatan Harian Menantu Sinting,2020-01-01 2024-12-31,2022-05-15,0,62,2026-10-06T04:42:30.320444+00:00
Catatan Harian Menantu Sinting,Catatan Harian Menantu Sinting,2020-01-01 2024-12-31,2022-05-22,0,58,2026-10-06T04:42:30.320444+00:00
Catatan Harian Menantu Sinting,Catatan Harian Menantu Sinting,2020-01-01 2024-12-31,2022-05-29,0,53,2026-10-06T04:42:30.320444+00:00
Catatan Harian Menantu Sinting,Catatan Harian Menantu Sinting,2020-01-01 2024-12-31,2022-06-05,0,48,2026-10-06T04:42:30.320444+00:00
Catatan Harian Menantu Sinting,Catatan Harian Menantu Sinting,2020-01-01 2024-12-31,2022-06-12,0,50,2026-10-06T04:42:30.320444+00:00
Catatan Harian Menantu Sinting,Catatan Harian Menantu Sinting,2020-01-01 2024-12-31,2022-06-19,0,59,2026-10-06T04:42:30.320444+00:00
Catatan Harian Menantu Sinting,Catatan Harian Menantu Sinting,2020-01-01 2024-12-31,2022-06-26,0,56,2026-10-06T04:42:30.320444+00:00
Catatan Harian Menantu Sinting,Catatan Harian Menantu Sinting,2020-01-01 2024-12-31,2022-07-03,0,54,2026-10-06T04:42:30.320444+00:00
Catatan Harian Menantu Sinting,Catatan Harian Menantu Sinting,2020-01-01 2024-12-31,2022-07-10,0,59,2026-10-06T04:42:30.320444+00:00
Catatan Harian Menantu Sinting,Catatan Harian Menantu Sinting,2020-01-01 2024-12-31,2022-07-17,0,54,2026-10-06T04:42:30.320444+00:00
Catatan Harian Menantu Sinting,Catatan Harian Menantu Sinting,2020-01-01 2024-12-31,2022-07-24,0,47,2026-10-06T04:42:30.320444+00:00
Catatan Harian Menantu Sinting,Catatan Harian Menantu Sinting,2020-01-01 2024-12-31,2022-07-31,0,54,2026-10-06T04:42:30.320444+00:00
Catatan Harian Menantu Sinting,Catatan Harian Menantu Sinting,2020-01-01 2024-12-31,2022-08-07,0,52,2026-10-06T04:42:30.320444+00:00
Catatan Harian Menantu Sinting,Catatan Harian Menantu Sinting,2020-01-01 2024-12-31,2022-08-14,0,54,2026-10-06T04:42:30.320444+00:00
Catatan Harian Menantu Sinting,Catatan Harian Menantu Sinting,2020-01-01 2024-12-31,2022-08-21,0,48,2026-10-06T04:42:30.320444+00:00
Catatan Harian Menantu Sinting,Catatan Harian Menantu Sinting,2020-01-01 2024-12-31,2022-08-28,0,46,2026-10-06T04:42:30.320444+00:00
Catatan Harian Menantu Sinting,Catatan Harian Menantu Sinting,2020-01-01 2024-12-31,2022-09-04,0,47,2026-10-06T04:42:30.320444+00:00
Catatan Harian Menantu Sinting,Catatan Harian Menantu Sinting,2020-01-01 2024-12-31,2022-09-11,0,42,2026-10-06T04:42:30.320444+00:00
Catatan Harian Menantu Sinting,Catatan Harian Menantu Sinting,2020-01-01 2024-12-31,2022-09-18,0,42,2026-10-06T04:42:30.320444+00:00
Catatan Harian Menantu Sinting,Catatan Harian Menantu Sinting,2020-01-01 2024-12-31,2022-09-25,0,41,2026-10-06T04:42:30.320444+00:00
Catatan Harian Menantu Sinting,Catatan Harian Menantu Sinting,2020-01-01 2024-12-31,2022-10-02,0,46,2026-10-06T04:42:30.320444+00:00
Catatan Harian Menantu Sinting,Catatan Harian Menantu Sinting,2020-01-01 2024-12-31,2022-10-09,0,54,2026-10-06T04:42:30.320444+00:00
Catatan Harian Menantu Sinting,Catatan Harian Menantu Sinting,2020-01-01 2024-12-31,2022-10-16,0,53,2026-10-06T04:42:30.320444+00:00
Catatan Harian Menantu Sinting,Catatan Harian Menantu Sinting,2020-01-01 2024-12-31,2022-10-23,0,48,2026-10-06T04:42:30.320444+00:00
Catatan Harian Menantu Sinting,Catatan Harian Menantu Sinting,2020-01-01 2024-12-31,2022-10-30,0,50,2026-10-06T04:42:30.320444+00:00
Catatan Harian Menantu Sinting,Catatan Harian Menantu Sinting,2020-01-01 2024-12-31,2022-11-06,0,52,2026-10-06T04:42:30.320444+00:00
Catatan Harian Menantu Sinting,Catatan Harian Menantu Sinting,2020-01-01 2024-12-31,2022-11-13,0,53,2026-10-06T04:42:30.320444+00:00
Catatan Harian Menantu Sinting,Catatan Harian Menantu Sinting,2020-01-01 2024-12-31,2022-11-20,0,44,2026-10-06T04:42:30.320444+00:00
Catatan Harian Menantu Sinting,Catatan Harian Menantu Sinting,2020-01-01 2024-12-31,2022-11-27,0,43,2026-10-06T04:42:30.320444+00:00
Catatan Harian Menantu Sinting,Catatan Harian Menantu Sinting,2020-01-01 2024-12-31,2022-12-04,0,41,2026-10-06T04:42:30.320444+00:00
Catatan Harian Menantu Sinting,Catatan Harian Menantu Sinting,2020-01-01 2024-12-31,2022-12-11,0,52,2026-10-06T04:42:30.320444+00:00
Catatan Harian Menantu Sinting,Catatan Harian Menantu Sinting,2020-01-01 2024-12-31,2022-12-18,0,58,2026-10-06T04:42:30.320444+00:00
Catatan Harian Menantu Sinting,Catatan Harian Menantu Sinting,2020-01-01 2024-12-31,2022-12-25,0,100,2026-10-06T04:42:30.320444+00:00
Catatan Harian Menantu Sinting,Catatan Harian Menantu Sinting,2020-01-01 2024-12-31,2023-01-01,0,63,2026-10-06T04:42:30.320444+00:00
Catatan Harian Menantu Sinting,Catatan Harian Menantu Sinting,2020-01-01 2024-12-31,2023-01-08,0,50,2026-10-06T04:42:30.320444+00:00
Catatan Harian Menantu Sinting,Catatan Harian Menantu Sinting,2020-01-01 2024-12-31,2023-01-15,0,48,2026-10-06T04:42:30.320444+00:00
Catatan Harian Menantu Sinting,Catatan Harian Menantu Sinting,2020-01-01 2024-12-31,2023-01-22,0,55,2026-10-06T04:42:30.320444+00:00
Catatan Harian Menantu Sinting,Catatan Harian Menantu Sinting,2020-01-01 2024-12-31,2023-01-29,0,48,2026-10-06T04:42:30.320444+00:00
Catatan Harian Menantu Sinting,Catatan Harian Menantu Sinting,2020-01-01 2024-12-31,2023-02-05,0,51,2026-10-06T04:42:30.320444+00:00
Catatan Harian Menantu Sinting,Catatan Harian Menantu Sinting,2020-01-01 2024-12-31,2023-02-12,0,55,2026-10-06T04:42:30.320444+00:00
Catatan Harian Menantu Sinting,Catatan Harian Menantu Sinting,2020-01-01 2024-12-31,2023-02-19,0,50,2026-10-06T04:42:30.320444+00:00
Catatan Harian Menantu Sinting,Catatan Harian Menantu Sinting,2020-01-01 2024-12-31,2023-02-26,0,50,2026-10-06T04:42:30.320444+00:00
Catatan Harian Menantu Sinting,Catatan Harian Menantu Sinting,2020-01-01 2024-12-31,2023-03-05,0,46,2026-10-06T04:42:30.320444+00:00
Catatan Harian Menantu Sinting,Catatan Harian Menantu Sinting,2020-01-01 2024-12-31,2023-03-12,0,46,2026-10-06T04:42:30.320444+00:00
Catatan Harian Menantu Sinting,Catatan Harian Menantu Sinting,2020-01-01 2024-12-31,2023-03-19,0,56,2026-10-06T04:42:30.320444+00:00
Catatan Harian Menantu Sinting,Catatan Harian Menantu Sinting,2020-01-01 2024-12-31,2023-03-26,0,46,2026-10-06T04:42:30.320444+00:00
Catatan Harian Menantu Sinting,Catatan Harian Menantu Sinting,2020-01-01 2024-12-31,2023-04-02,0,49,2026-10-06T04:42:30.320444+00:00
Catatan Harian Menantu Sinting,Catatan Harian Menantu Sinting,2020-01-01 2024-12-31,2023-04-09,0,46,2026-10-06T04:42:30.320444+00:00
Catatan Harian Menantu Sinting,Catatan Harian Menantu Sinting,2020-01-01 2024-12-31,2023-04-16,0,59,2026-10-06T04:42:30.320444+00:00
Catatan Harian Menantu Sinting,Catatan Harian Menantu Sinting,2020-01-01 2024-12-31,2023-04-23,0,83,2026-10-06T04:42:30.320444+00:00
Catatan Harian Menantu Sinting,Catatan Harian Menantu Sinting,2020-01-01 2024-12-31,2023-04-30,0,68,2026-10-06T04:42:30.320444+00:00
Catatan Harian Menantu Sinting,Catatan Harian Menantu Sinting,2020-01-01 2024-12-31,2023-05-07,0,57,2026-10-06T04:42:30.320444+00:00
Catatan Harian Menantu Sinting,Catatan Harian Menantu Sinting,2020-01-01 2024-12-31,2023-05-14,0,61,2026-10-06T04:42:30.320444+00:00
Catatan Harian Menantu Sinting,Catatan Harian Menantu Sinting,2020-01-01 2024-12-31,2023-05-21,0,58,2026-10-06T04:42:30.320444+00:00
Catatan Harian Menantu Sinting,Catatan Harian Menantu Sinting,2020-01-01 2024-12-31,2023-05-28,0,54,2026-10-06T04:42:30.320444+00:00
Catatan Harian Menantu Sinting,Catatan Harian Menantu Sinting,2020-01-01 2024-12-31,2023-06-04,0,48,2026-10-06T04:42:30.320444+00:00
Catatan Harian Menantu Sinting,Catatan Harian Menantu Sinting,2020-01-01 2024-12-31,2023-06-11,0,50,2026-10-06T04:42:30.320444+00:00
Catatan Harian Menantu Sinting,Catatan Harian Menantu Sinting,2020-01-01 2024-12-31,2023-06-18,0,55,2026-10-06T04:42:30.320444+00:00
Catatan Harian Menantu Sinting,Catatan Harian Menantu Sinting,2020-01-01 2024-12-31,2023-06-25,0,64,2026-10-06T04:42:30.320444+00:00
Catatan Harian Menantu Sinting,Catatan Harian Menantu Sinting,2020-01-01 2024-12-31,2023-07-02,0,55,2026-10-06T04:42:30.320444+00:00
Catatan Harian Menantu Sinting,Catatan Harian Menantu Sinting,2020-01-01 2024-12-31,2023-07-09,0,59,2026-10-06T04:42:30.320444+00:00
Catatan Harian Menantu Sinting,Catatan Harian Menantu Sinting,2020-01-01 2024-12-31,2023-07-16,0,59,2026-10-06T04:42:30.320444+00:00
Catatan Harian Menantu Sinting,Catatan Harian Menantu Sinting,2020-01-01 2024-12-31,2023-07-23,0,50,2026-10-06T04:42:30.320444+00:00
Catatan Harian Menantu Sinting,Catatan Harian Menantu Sinting,2020-01-01 2024-12-31,2023-07-30,0,47,2026-10-06T04:42:30.320444+00:00
Catatan Harian Menantu Sinting,Catatan Harian Menantu Sinting,2020-01-01 2024-12-31,2023-08-06,0,51,2026-10-06T04:42:30.320444+00:00
Catatan Harian Menantu Sinting,Catatan Harian Menantu Sinting,2020-01-01 2024-12-31,2023-08-13,0,53,2026-10-06T04:42:30.320444+00:00
Catatan Harian Menantu Sinting,Catatan Harian Menantu Sinting,2020-01-01 2024-12-31,2023-08-20,0,48,2026-10-06T04:42:30.320444+00:00
Catatan Harian Menantu Sinting,Catatan Harian Menantu Sinting,2020-01-01 2024-12-31,2023-08-27,0,50,2026-10-06T04:42:30.320444+00:00
Catatan Harian Menantu Sinting,Catatan Harian Menantu Sinting,2020-01-01 2024-12-31,2023-09-03,0,55,2026-10-06T04:42:30.320444+00:00
Catatan Harian Menantu Sinting,Catatan Harian Menantu Sinting,2020-01-01 2024-12-31,2023-09-10,0,50,2026-10-06T04:42:30.320444+00:00
Catatan Harian Menantu Sinting,Catatan Harian Menantu Sinting,2020-01-01 2024-12-31,2023-09-17,0,52,2026-10-06T04:42:30.320444+00:00
Catatan Harian Menantu Sinting,Catatan Harian Menantu Sinting,2020-01-01 2024-12-31,2023-09-24,0,54,2026-10-06T04:42:30.320444+00:00
Catatan Harian Menantu Sinting,Catatan Harian Menantu Sinting,2020-01-01 2024-12-31,2023-10-01,0,57,2026-10-06T04:42:30.320444+00:00
Catatan Harian Menantu Sinting,Catatan Harian Menantu Sinting,2020-01-01 2024-12-31,2023-10-08,0,58,2026-10-06T04:42:30.320444+00:00
Catatan Harian Menantu Sinting,Catatan Harian Menantu Sinting,2020-01-01 2024-12-31,2023-10-15,0,55,2026-10-06T04:42:30.320444+00:00
Catatan Harian Menantu Sinting,Catatan Harian Menantu Sinting,2020-01-01 2024-12-31,2023-10-22,0,57,2026-10-06T04:42:30.320444+00:00
Catatan Harian Menantu Sinting,Catatan Harian Menantu Sinting,2020-01-01 2024-12-31,2023-10-29,0,56,2026-10-06T04:42:30.320444+00:00
Catatan Harian Menantu Sinting,Catatan Harian Menantu Sinting,2020-01-01 2024-12-31,2023-11-05,0,54,2026-10-06T04:42:30.320444+00:00
Catatan Harian Menantu Sinting,Catatan Harian Menantu Sinting,2020-01-01 2024-12-31,2023-11-12,0,54,2026-10-06T04:42:30.320444+00:00
Catatan Harian Menantu Sinting,Catatan Harian Menantu Sinting,2020-01-01 2024-12-31,2023-11-19,0,52,2026-10-06T04:42:30.320444+00:00
Catatan Harian Menantu Sinting,Catatan Harian Menantu Sinting,2020-01-01 2024-12-31,2023-11-26,0,49,2026-10-06T04:42:30.320444+00:00
Catatan Harian Menantu Sinting,Catatan Harian Menantu Sinting,2020-01-01 2024-12-31,2023-12-03,0,50,2026-10-06T04:42:30.320444+00:00
Catatan Harian Menantu Sinting,Catatan Harian Menantu Sinting,2020-01-01 2024-12-31,2023-12-10,0,58,2026-10-06T04:42:30.320444+00:00
Catatan Harian Menantu Sinting,Catatan Harian Menantu Sinting,2020-01-01 2024-12-31,2023-12-17,0,60,2026-10-06T04:42:30.320444+00:00
Catatan Harian Menantu Sinting,Catatan Harian Menantu Sinting,2020-01-01 2024-12-31,2023-12-24,0,88,2026-10-06T04:42:30.320444+00:00
Catatan Harian Menantu Sinting,Catatan Harian Menantu Sinting,2020-01-01 2024-12-31,2023-12-31,0,67,2026-10-06T04:42:30.320444+00:00
Catatan Harian Menantu Sinting,Catatan Harian Menantu Sinting,2020-01-01 2024-12-31,2024-01-07,0,51,2026-10-06T04:42:30.320444+00:00
Catatan Harian Menantu Sinting,Catatan Harian Menantu Sinting,2020-01-01 2024-12-31,2024-01-14,0,49,2026-10-06T04:42:30.320444+00:00
Catatan Harian Menantu Sinting,Catatan Harian Menantu Sinting,2020-01-01 2024-12-31,2024-01-21,0,50,2026-10-06T04:42:30.320444+00:00
Catatan Harian Menantu Sinting,Catatan Harian Menantu Sinting,2020-01-01 2024-12-31,2024-01-28,0,53,2026-10-06T04:42:30.320444+00:00
Catatan Harian Menantu Sinting,Catatan Harian Menantu Sinting,2020-01-01 2024-12-31,2024-02-04,0,57,2026-10-06T04:42:30.320444+00:00
Catatan Harian Menantu Sinting,Catatan Harian Menantu Sinting,2020-01-01 2024-12-31,2024-02-11,0,53,2026-10-06T04:42:30.320444+00:00
Catatan Harian Menantu Sinting,Catatan Harian Menantu Sinting,2020-01-01 2024-12-31,2024-02-18,0,49,2026-10-06T04:42:30.320444+00:00
Catatan Harian Menantu Sinting,Catatan Harian Menantu Sinting,2020-01-01 2024-12-31,2024-02-25,0,54,2026-10-06T04:42:30.320444+00:00
Catatan Harian Menantu Sinting,Catatan Harian Menantu Sinting,2020-01-01 2024-12-31,2024-03-03,0,51,2026-10-06T04:42:30.320444+00:00
Catatan Harian Menantu Sinting,Catatan Harian Menantu Sinting,2020-01-01 2024-12-31,2024-03-10,0,56,2026-10-06T04:42:30.320444+00:00
Catatan Harian Menantu Sinting,Catatan Harian Menantu Sinting,2020-01-01 2024-12-31,2024-03-17,0,47,2026-10-06T04:42:30.320444+00:00
Catatan Harian Menantu Sinting,Catatan Harian Menantu Sinting,2020-01-01 2024-12-31,2024-03-24,0,51,2026-10-06T04:42:30.320444+00:00
Catatan Harian Menantu Sinting,Catatan Harian Menantu Sinting,2020-01-01 2024-12-31,2024-03-31,0,47,2026-10-06T04:42:30.320444+00:00
Catatan Harian Menantu Sinting,Catatan Harian Menantu Sinting,2020-01-01 2024-12-31,2024-04-07,0,69,2026-10-06T04:42:30.320444+00:00
Catatan Harian Menantu Sinting,Catatan Harian Menantu Sinting,2020-01-01 2024-12-31,2024-04-14,0,60,2026-10-06T04:42:30.320444+00:00
Catatan Harian Menantu Sinting,Catatan Harian Menantu Sinting,2020-01-01 2024-12-31,2024-04-21,0,48,2026-10-06T04:42:30.320444+00:00
Catatan Harian Menantu Sinting,Catatan Harian Menantu Sinting,2020-01-01 2024-12-31,2024-04-28,0,46,2026-10-06T04:42:30.320444+00:00
Catatan Harian Menantu Sinting,Catatan Harian Menantu Sinting,2020-01-01 2024-12-31,2024-05-05,0,53,2026-10-06T04:42:30.320444+00:00
Catatan Harian Menantu Sinting,Catatan Harian Menantu Sinting,2020-01-01 2024-12-31,2024-05-12,0,54,2026-10-06T04:42:30.320444+00:00
Catatan Harian Menantu Sinting,Catatan Harian Menantu Sinting,2020-01-01 2024-12-31,2024-05-19,2,51,2026-10-06T04:42:30.320444+00:00
Catatan Harian Menantu Sinting,Catatan Harian Menantu Sinting,2020-01-01 2024-12-31,2024-05-26,2,41,2026-10-06T04:42:30.320444+00:00
Catatan Harian Menantu Sinting,Catatan Harian Menantu Sinting,2020-01-01 2024-12-31,2024-06-02,2,36,2026-10-06T04:42:30.320444+00:00
Catatan Harian Menantu Sinting,Catatan Harian Menantu Sinting,2020-01-01 2024-12-31,2024-06-09,3,41,2026-10-06T04:42:30.320444+00:00
Catatan Harian Menantu Sinting,Catatan Harian Menantu Sinting,2020-01-01 2024-12-31,2024-06-16,4,51,2026-10-06T04:42:30.320444+00:00
Catatan Harian Menantu Sinting,Catatan Harian Menantu Sinting,2020-01-01 2024-12-31,2024-06-23,2,48,2026-10-06T04:42:30.320444+00:00
Catatan Harian Menantu Sinting,Catatan Harian Menantu Sinting,2020-01-01 2024-12-31,2024-06-30,2,53,2026-10-06T04:42:30.320444+00:00
Catatan Harian Menantu Sinting,Catatan Harian Menantu Sinting,2020-01-01 2024-12-31,2024-07-07,5,52,2026-10-06T04:42:30.320444+00:00
Catatan Harian Menantu Sinting,Catatan Harian Menantu Sinting,2020-01-01 2024-12-31,2024-07-14,16,50,2026-10-06T04:42:30.320444+00:00
Catatan Harian Menantu Sinting,Catatan Harian Menantu Sinting,2020-01-01 2024-12-31,2024-07-21,18,51,2026-10-06T04:42:30.320444+00:00
Catatan Harian Menantu Sinting,Catatan Harian Menantu Sinting,2020-01-01 2024-12-31,2024-07-28,11,50,2026-10-06T04:42:30.320444+00:00
Catatan Harian Menantu Sinting,Catatan Harian Menantu Sinting,2020-01-01 2024-12-31,2024-08-04,7,46,2026-10-06T04:42:30.320444+00:00
Catatan Harian Menantu Sinting,Catatan Harian Menantu Sinting,2020-01-01 2024-12-31,2024-08-11,4,51,2026-10-06T04:42:30.320444+00:00
Catatan Harian Menantu Sinting,Catatan Harian Menantu Sinting,2020-01-01 2024-12-31,2024-08-18,3,48,2026-10-06T04:42:30.320444+00:00
Catatan Harian Menantu Sinting,Catatan Harian Menantu Sinting,2020-01-01 2024-12-31,2024-08-25,2,48,2026-10-06T04:42:30.320444+00:00
Catatan Harian Menantu Sinting,Catatan Harian Menantu Sinting,2020-01-01 2024-12-31,2024-09-01,1,45,2026-10-06T04:42:30.320444+00:00
Catatan Harian Menantu Sinting,Catatan Harian Menantu Sinting,2020-01-01 2024-12-31,2024-09-08,1,50,2026-10-06T04:42:30.320444+00:00
Catatan Harian Menantu Sinting,Catatan Harian Menantu Sinting,2020-01-01 2024-12-31,2024-09-15,1,55,2026-10-06T04:42:30.320444+00:00
Catatan Harian Menantu Sinting,Catatan Harian Menantu Sinting,2020-01-01 2024-12-31,2024-09-22,1,54,2026-10-06T04:42:30.320444+00:00
Catatan Harian Menantu Sinting,Catatan Harian Menantu Sinting,2020-01-01 2024-12-31,2024-09-29,1,54,2026-10-06T04:42:30.320444+00:00
Catatan Harian Menantu Sinting,Catatan Harian Menantu Sinting,2020-01-01 2024-12-31,2024-10-06,1,52,2026-10-06T04:42:30.320444+00:00
Catatan Harian Menantu Sinting,Catatan Harian Menantu Sinting,2020-01-01 2024-12-31,2024-10-13,1,50,2026-10-06T04:42:30.320444+00:00
Catatan Harian Menantu Sinting,Catatan Harian Menantu Sinting,2020-01-01 2024-12-31,2024-10-20,1,50,2026-10-06T04:42:30.320444+00:00
Catatan Harian Menantu Sinting,Catatan Harian Menantu Sinting,2020-01-01 2024-12-31,2024-10-27,1,50,2026-10-06T04:42:30.320444+00:00
Catatan Harian Menantu Sinting,Catatan Harian Menantu Sinting,2020-01-01 2024-12-31,2024-11-03,1,61,2026-10-06T04:42:30.320444+00:00
Catatan Harian Menantu Sinting,Catatan Harian Menantu Sinting,2020-01-01 2024-12-31,2024-11-10,1,57,2026-10-06T04:42:30.320444+00:00
Catatan Harian Menantu Sinting,Catatan Harian Menantu Sinting,2020-01-01 2024-12-31,2024-11-17,8,61,2026-10-06T04:42:30.320444+00:00
Catatan Harian Menantu Sinting,Catatan Harian Menantu Sinting,2020-01-01 2024-12-31,2024-11-24,11,59,2026-10-06T04:42:30.320444+00:00
Catatan Harian Menantu Sinting,Catatan Harian Menantu Sinting,2020-01-01 2024-12-31,2024-12-01,5,52,2026-10-06T04:42:30.320444+00:00
Catatan Harian Menantu Sinting,Catatan Harian Menantu Sinting,2020-01-01 2024-12-31,2024-12-08,3,56,2026-10-06T04:42:30.320444+00:00
Catatan Harian Menantu Sinting,Catatan Harian Menantu Sinting,2020-01-01 2024-12-31,2024-12-15,2,65,2026-10-06T04:42:30.320444+00:00
Catatan Harian Menantu Sinting,Catatan Harian Menantu Sinting,2020-01-01 2024-12-31,2024-12-22,2,78,2026-10-06T04:42:30.320444+00:00
Catatan Harian Menantu Sinting,Catatan Harian Menantu Sinting,2020-01-01 2024-12-31,2024-12-29,2,79,2026-10-06T04:42:30.320444+00:00
Catatan Harian Menantu Sinting,Catatan Harian Menantu Sinting,2022-01-01 2026-10-06,2021-12-26,0,73,2026-10-06T04:42:44.493021+00:00
Catatan Harian Menantu Sinting,Catatan Harian Menantu Sinting,2022-01-01 2026-10-06,2022-01-02,0,57,2026-10-06T04:42:44.493021+00:00
Catatan Harian Menantu Sinting,Catatan Harian Menantu Sinting,2022-01-01 2026-10-06,2022-01-09,0,61,2026-10-06T04:42:44.493021+00:00
Catatan Harian Menantu Sinting,Catatan Harian Menantu Sinting,2022-01-01 2026-10-06,2022-01-16,0,46,2026-10-06T04:42:44.493021+00:00
Catatan Harian Menantu Sinting,Catatan Harian Menantu Sinting,2022-01-01 2026-10-06,2022-01-23,0,47,2026-10-06T04:42:44.493021+00:00
Catatan Harian Menantu Sinting,Catatan Harian Menantu Sinting,2022-01-01 2026-10-06,2022-01-30,0,46,2026-10-06T04:42:44.493021+00:00
Catatan Harian Menantu Sinting,Catatan Harian Menantu Sinting,2022-01-01 2026-10-06,2022-02-06,0,46,2026-10-06T04:42:44.493021+00:00
Catatan Harian Menantu Sinting,Catatan Harian Menantu Sinting,2022-01-01 2026-10-06,2022-02-13,0,50,2026-10-06T04:42:44.493021+00:00
Catatan Harian Menantu Sinting,Catatan Harian Menantu Sinting,2022-01-01 2026-10-06,2022-02-20,0,46,2026-10-06T04:42:44.493021+00:00
Catatan Harian Menantu Sinting,Catatan Harian Menantu Sinting,2022-01-01 2026-10-06,2022-02-27,0,51,2026-10-06T04:42:44.493021+00:00
Catatan Harian Menantu Sinting,Catatan Harian Menantu Sinting,2022-01-01 2026-10-06,2022-03-06,0,38,2026-10-06T04:42:44.493021+00:00
Catatan Harian Menantu Sinting,Catatan Harian Menantu Sinting,2022-01-01 2026-10-06,2022-03-13,0,40,2026-10-06T04:42:44.493021+00:00
Catatan Harian Menantu Sinting,Catatan Harian Menantu Sinting,2022-01-01 2026-10-06,2022-03-20,0,42,2026-10-06T04:42:44.493021+00:00
Catatan Harian Menantu Sinting,Catatan Harian Menantu Sinting,2022-01-01 2026-10-06,2022-03-27,0,40,2026-10-06T04:42:44.493021+00:00
Catatan Harian Menantu Sinting,Catatan Harian Menantu Sinting,2022-01-01 2026-10-06,2022-04-03,0,42,2026-10-06T04:42:44.493021+00:00
Catatan Harian Menantu Sinting,Catatan Harian Menantu Sinting,2022-01-01 2026-10-06,2022-04-10,0,43,2026-10-06T04:42:44.493021+00:00
Catatan Harian Menantu Sinting,Catatan Harian Menantu Sinting,2022-01-01 2026-10-06,2022-04-17,0,47,2026-10-06T04:42:44.493021+00:00
Catatan Harian Menantu Sinting,Catatan Harian Menantu Sinting,2022-01-01 2026-10-06,2022-04-24,0,51,2026-10-06T04:42:44.493021+00:00
Catatan Harian Menantu Sinting,Catatan Harian Menantu Sinting,2022-01-01 2026-10-06,2022-05-01,0,90,2026-10-06T04:42:44.493021+00:00
Catatan Harian Menantu Sinting,Catatan Harian Menantu Sinting,2022-01-01 2026-10-06,2022-05-08,0,69,2026-10-06T04:42:44.493021+00:00
Catatan Harian Menantu Sinting,Catatan Harian Menantu Sinting,2022-01-01 2026-10-06,2022-05-15,0,57,2026-10-06T04:42:44.493021+00:00
Catatan Harian Menantu Sinting,Catatan Harian Menantu Sinting,2022-01-01 2026-10-06,2022-05-22,0,53,2026-10-06T04:42:44.493021+00:00
Catatan Harian Menantu Sinting,Catatan Harian Menantu Sinting,2022-01-01 2026-10-06,2022-05-29,0,49,2026-10-06T04:42:44.493021+00:00
Catatan Harian Menantu Sinting,Catatan Harian Menantu Sinting,2022-01-01 2026-10-06,2022-06-05,0,44,2026-10-06T04:42:44.493021+00:00
Catatan Harian Menantu Sinting,Catatan Harian Menantu Sinting,2022-01-01 2026-10-06,2022-06-12,0,46,2026-10-06T04:42:44.493021+00:00
Catatan Harian Menantu Sinting,Catatan Harian Menantu Sinting,2022-01-01 2026-10-06,2022-06-19,0,54,2026-10-06T04:42:44.493021+00:00
Catatan Harian Menantu Sinting,Catatan Harian Menantu Sinting,2022-01-01 2026-10-06,2022-06-26,0,52,2026-10-06T04:42:44.493021+00:00
Catatan Harian Menantu Sinting,Catatan Harian Menantu Sinting,2022-01-01 2026-10-06,2022-07-03,0,50,2026-10-06T04:42:44.493021+00:00
Catatan Harian Menantu Sinting,Catatan Harian Menantu Sinting,2022-01-01 2026-10-06,2022-07-10,0,55,2026-10-06T04:42:44.493021+00:00
Catatan Harian Menantu Sinting,Catatan Harian Menantu Sinting,2022-01-01 2026-10-06,2022-07-17,0,50,2026-10-06T04:42:44.493021+00:00
Catatan Harian Menantu Sinting,Catatan Harian Menantu Sinting,2022-01-01 2026-10-06,2022-07-24,0,44,2026-10-06T04:42:44.493021+00:00
Catatan Harian Menantu Sinting,Catatan Harian Menantu Sinting,2022-01-01 2026-10-06,2022-07-31,0,50,2026-10-06T04:42:44.493021+00:00
Catatan Harian Menantu Sinting,Catatan Harian Menantu Sinting,2022-01-01 2026-10-06,2022-08-07,0,48,2026-10-06T04:42:44.493021+00:00
Catatan Harian Menantu Sinting,Catatan Harian Menantu Sinting,2022-01-01 2026-10-06,2022-08-14,0,50,2026-10-06T04:42:44.493021+00:00
Catatan Harian Menantu Sinting,Catatan Harian Menantu Sinting,2022-01-01 2026-10-06,2022-08-21,0,45,2026-10-06T04:42:44.493021+00:00
Catatan Harian Menantu Sinting,Catatan Harian Menantu Sinting,2022-01-01 2026-10-06,2022-08-28,0,42,2026-10-06T04:42:44.493021+00:00
Catatan Harian Menantu Sinting,Catatan Harian Menantu Sinting,2022-01-01 2026-10-06,2022-09-04,0,43,2026-10-06T04:42:44.493021+00:00
Catatan Harian Menantu Sinting,Catatan Harian Menantu Sinting,2022-01-01 2026-10-06,2022-09-11,0,39,2026-10-06T04:42:44.493021+00:00
Catatan Harian Menantu Sinting,Catatan Harian Menantu Sinting,2022-01-01 2026-10-06,2022-09-18,0,39,2026-10-06T04:42:44.493021+00:00
Catatan Harian Menantu Sinting,Catatan Harian Menantu Sinting,2022-01-01 2026-10-06,2022-09-25,0,38,2026-10-06T04:42:44.493021+00:00
Catatan Harian Menantu Sinting,Catatan Harian Menantu Sinting,2022-01-01 2026-10-06,2022-10-02,0,43,2026-10-06T04:42:44.493021+00:00
Catatan Harian Menantu Sinting,Catatan Harian Menantu Sinting,2022-01-01 2026-10-06,2022-10-09,0,50,2026-10-06T04:42:44.493021+00:00
Catatan Harian Menantu Sinting,Catatan Harian Menantu Sinting,2022-01-01 2026-10-06,2022-10-16,0,49,2026-10-06T04:42:44.493021+00:00
Catatan Harian Menantu Sinting,Catatan Harian Menantu Sinting,2022-01-01 2026-10-06,2022-10-23,0,45,2026-10-06T04:42:44.493021+00:00
Catatan Harian Menantu Sinting,Catatan Harian Menantu Sinting,2022-01-01 2026-10-06,2022-10-30,0,46,2026-10-06T04:42:44.493021+00:00
Catatan Harian Menantu Sinting,Catatan Harian Menantu Sinting,2022-01-01 2026-10-06,2022-11-06,0,48,2026-10-06T04:42:44.493021+00:00
Catatan Harian Menantu Sinting,Catatan Harian Menantu Sinting,2022-01-01 2026-10-06,2022-11-13,0,49,2026-10-06T04:42:44.493021+00:00
Catatan Harian Menantu Sinting,Catatan Harian Menantu Sinting,2022-01-01 2026-10-06,2022-11-20,0,41,2026-10-06T04:42:44.493021+00:00
Catatan Harian Menantu Sinting,Catatan Harian Menantu Sinting,2022-01-01 2026-10-06,2022-11-27,0,40,2026-10-06T04:42:44.493021+00:00
Catatan Harian Menantu Sinting,Catatan Harian Menantu Sinting,2022-01-01 2026-10-06,2022-12-04,0,38,2026-10-06T04:42:44.493021+00:00
Catatan Harian Menantu Sinting,Catatan Harian Menantu Sinting,2022-01-01 2026-10-06,2022-12-11,0,48,2026-10-06T04:42:44.493021+00:00
Catatan Harian Menantu Sinting,Catatan Harian Menantu Sinting,2022-01-01 2026-10-06,2022-12-18,0,53,2026-10-06T04:42:44.493021+00:00
Catatan Harian Menantu Sinting,Catatan Harian Menantu Sinting,2022-01-01 2026-10-06,2022-12-25,0,92,2026-10-06T04:42:44.493021+00:00
Catatan Harian Menantu Sinting,Catatan Harian Menantu Sinting,2022-01-01 2026-10-06,2023-01-01,0,58,2026-10-06T04:42:44.493021+00:00
Catatan Harian Menantu Sinting,Catatan Harian Menantu Sinting,2022-01-01 2026-10-06,2023-01-08,0,46,2026-10-06T04:42:44.493021+00:00
Catatan Harian Menantu Sinting,Catatan Harian Menantu Sinting,2022-01-01 2026-10-06,2023-01-15,0,44,2026-10-06T04:42:44.493021+00:00
Catatan Harian Menantu Sinting,Catatan Harian Menantu Sinting,2022-01-01 2026-10-06,2023-01-22,0,51,2026-10-06T04:42:44.493021+00:00
Catatan Harian Menantu Sinting,Catatan Harian Menantu Sinting,2022-01-01 2026-10-06,2023-01-29,0,44,2026-10-06T04:42:44.493021+00:00
Catatan Harian Menantu Sinting,Catatan Harian Menantu Sinting,2022-01-01 2026-10-06,2023-02-05,0,47,2026-10-06T04:42:44.493021+00:00
Catatan Harian Menantu Sinting,Catatan Harian Menantu Sinting,2022-01-01 2026-10-06,2023-02-12,0,51,2026-10-06T04:42:44.493021+00:00
Catatan Harian Menantu Sinting,Catatan Harian Menantu Sinting,2022-01-01 2026-10-06,2023-02-19,0,46,2026-10-06T04:42:44.493021+00:00
Catatan Harian Menantu Sinting,Catatan Harian Menantu Sinting,2022-01-01 2026-10-06,2023-02-26,0,46,2026-10-06T04:42:44.493021+00:00
Catatan Harian Menantu Sinting,Catatan Harian Menantu Sinting,2022-01-01 2026-10-06,2023-03-05,0,43,2026-10-06T04:42:44.493021+00:00
Catatan Harian Menantu Sinting,Catatan Harian Menantu Sinting,2022-01-01 2026-10-06,2023-03-12,0,42,2026-10-06T04:42:44.493021+00:00
Catatan Harian Menantu Sinting,Catatan Harian Menantu Sinting,2022-01-01 2026-10-06,2023-03-19,0,52,2026-10-06T04:42:44.493021+00:00
Catatan Harian Menantu Sinting,Catatan Harian Menantu Sinting,2022-01-01 2026-10-06,2023-03-26,0,43,2026-10-06T04:42:44.493021+00:00
Catatan Harian Menantu Sinting,Catatan Harian Menantu Sinting,2022-01-01 2026-10-06,2023-04-02,0,45,2026-10-06T04:42:44.493021+00:00
Catatan Harian Menantu Sinting,Catatan Harian Menantu Sinting,2022-01-01 2026-10-06,2023-04-09,0,43,2026-10-06T04:42:44.493021+00:00
Catatan Harian Menantu Sinting,Catatan Harian Menantu Sinting,2022-01-01 2026-10-06,2023-04-16,0,54,2026-10-06T04:42:44.493021+00:00
Catatan Harian Menantu Sinting,Catatan Harian Menantu Sinting,2022-01-01 2026-10-06,2023-04-23,0,77,2026-10-06T04:42:44.493021+00:00
Catatan Harian Menantu Sinting,Catatan Harian Menantu Sinting,2022-01-01 2026-10-06,2023-04-30,0,63,2026-10-06T04:42:44.493021+00:00
Catatan Harian Menantu Sinting,Catatan Harian Menantu Sinting,2022-01-01 2026-10-06,2023-05-07,0,53,2026-10-06T04:42:44.493021+00:00
Catatan Harian Menantu Sinting,Catatan Harian Menantu Sinting,2022-01-01 2026-10-06,2023-05-14,0,56,2026-10-06T04:42:44.493021+00:00
Catatan Harian Menantu Sinting,Catatan Harian Menantu Sinting,2022-01-01 2026-10-06,2023-05-21,0,54,2026-10-06T04:42:44.493021+00:00
Catatan Harian Menantu Sinting,Catatan Harian Menantu Sinting,2022-01-01 2026-10-06,2023-05-28,0,50,2026-10-06T04:42:44.493021+00:00
Catatan Harian Menantu Sinting,Catatan Harian Menantu Sinting,2022-01-01 2026-10-06,2023-06-04,0,44,2026-10-06T04:42:44.493021+00:00
Catatan Harian Menantu Sinting,Catatan Harian Menantu Sinting,2022-01-01 2026-10-06,2023-06-11,0,47,2026-10-06T04:42:44.493021+00:00
Catatan Harian Menantu Sinting,Catatan Harian Menantu Sinting,2022-01-01 2026-10-06,2023-06-18,0,50,2026-10-06T04:42:44.493021+00:00
Catatan Harian Menantu Sinting,Catatan Harian Menantu Sinting,2022-01-01 2026-10-06,2023-06-25,0,59,2026-10-06T04:42:44.493021+00:00
Catatan Harian Menantu Sinting,Catatan Harian Menantu Sinting,2022-01-01 2026-10-06,2023-07-02,0,51,2026-10-06T04:42:44.493021+00:00
Catatan Harian Menantu Sinting,Catatan Harian Menantu Sinting,2022-01-01 2026-10-06,2023-07-09,0,55,2026-10-06T04:42:44.493021+00:00
Catatan Harian Menantu Sinting,Catatan Harian Menantu Sinting,2022-01-01 2026-10-06,2023-07-16,0,54,2026-10-06T04:42:44.493021+00:00
Catatan Harian Menantu Sinting,Catatan Harian Menantu Sinting,2022-01-01 2026-10-06,2023-07-23,0,47,2026-10-06T04:42:44.493021+00:00
Catatan Harian Menantu Sinting,Catatan Harian Menantu Sinting,2022-01-01 2026-10-06,2023-07-30,0,43,2026-10-06T04:42:44.493021+00:00
Catatan Harian Menantu Sinting,Catatan Harian Menantu Sinting,2022-01-01 2026-10-06,2023-08-06,0,47,2026-10-06T04:42:44.493021+00:00
Catatan Harian Menantu Sinting,Catatan Harian Menantu Sinting,2022-01-01 2026-10-06,2023-08-13,0,49,2026-10-06T04:42:44.493021+00:00
Catatan Harian Menantu Sinting,Catatan Harian Menantu Sinting,2022-01-01 2026-10-06,2023-08-20,0,44,2026-10-06T04:42:44.493021+00:00
Catatan Harian Menantu Sinting,Catatan Harian Menantu Sinting,2022-01-01 2026-10-06,2023-08-27,0,46,2026-10-06T04:42:44.493021+00:00
Catatan Harian Menantu Sinting,Catatan Harian Menantu Sinting,2022-01-01 2026-10-06,2023-09-03,0,51,2026-10-06T04:42:44.493021+00:00
Catatan Harian Menantu Sinting,Catatan Harian Menantu Sinting,2022-01-01 2026-10-06,2023-09-10,0,46,2026-10-06T04:42:44.493021+00:00
Catatan Harian Menantu Sinting,Catatan Harian Menantu Sinting,2022-01-01 2026-10-06,2023-09-17,0,48,2026-10-06T04:42:44.493021+00:00
Catatan Harian Menantu Sinting,Catatan Harian Menantu Sinting,2022-01-01 2026-10-06,2023-09-24,0,50,2026-10-06T04:42:44.493021+00:00
Catatan Harian Menantu Sinting,Catatan Harian Menantu Sinting,2022-01-01 2026-10-06,2023-10-01,0,52,2026-10-06T04:42:44.493021+00:00
Catatan Harian Menantu Sinting,Catatan Harian Menantu Sinting,2022-01-01 2026-10-06,2023-10-08,0,53,2026-10-06T04:42:44.493021+00:00
Catatan Harian Menantu Sinting,Catatan Harian Menantu Sinting,2022-01-01 2026-10-06,2023-10-15,0,51,2026-10-06T04:42:44.493021+00:00
Catatan Harian Menantu Sinting,Catatan Harian Menantu Sinting,2022-01-01 2026-10-06,2023-10-22,0,52,2026-10-06T04:42:44.493021+00:00
Catatan Harian Menantu Sinting,Catatan Harian Menantu Sinting,2022-01-01 2026-10-06,2023-10-29,0,52,2026-10-06T04:42:44.493021+00:00
Catatan Harian Menantu Sinting,Catatan Harian Menantu Sinting,2022-01-01 2026-10-06,2023-11-05,0,50,2026-10-06T04:42:44.493021+00:00
Catatan Harian Menantu Sinting,Catatan Harian Menantu Sinting,2022-01-01 2026-10-06,2023-11-12,0,50,2026-10-06T04:42:44.493021+00:00
Catatan Harian Menantu Sinting,Catatan Harian Menantu Sinting,2022-01-01 2026-10-06,2023-11-19,0,48,2026-10-06T04:42:44.493021+00:00
Catatan Harian Menantu Sinting,Catatan Harian Menantu Sinting,2022-01-01 2026-10-06,2023-11-26,0,45,2026-10-06T04:42:44.493021+00:00
Catatan Harian Menantu Sinting,Catatan Harian Menantu Sinting,2022-01-01 2026-10-06,2023-12-03,0,46,2026-10-06T04:42:44.493021+00:00
Catatan Harian Menantu Sinting,Catatan Harian Menantu Sinting,2022-01-01 2026-10-06,2023-12-10,0,53,2026-10-06T04:42:44.493021+00:00
Catatan Harian Menantu Sinting,Catatan Harian Menantu Sinting,2022-01-01 2026-10-06,2023-12-17,0,56,2026-10-06T04:42:44.493021+00:00
Catatan Harian Menantu Sinting,Catatan Harian Menantu Sinting,2022-01-01 2026-10-06,2023-12-24,0,81,2026-10-06T04:42:44.493021+00:00
Catatan Harian Menantu Sinting,Catatan Harian Menantu Sinting,2022-01-01 2026-10-06,2023-12-31,0,62,2026-10-06T04:42:44.493021+00:00
Catatan Harian Menantu Sinting,Catatan Harian Menantu Sinting,2022-01-01 2026-10-06,2024-01-07,0,47,2026-10-06T04:42:44.493021+00:00
Catatan Harian Menantu Sinting,Catatan Harian Menantu Sinting,2022-01-01 2026-10-06,2024-01-14,0,45,2026-10-06T04:42:44.493021+00:00
Catatan Harian Menantu Sinting,Catatan Harian Menantu Sinting,2022-01-01 2026-10-06,2024-01-21,0,46,2026-10-06T04:42:44.493021+00:00
Catatan Harian Menantu Sinting,Catatan Harian Menantu Sinting,2022-01-01 2026-10-06,2024-01-28,0,49,2026-10-06T04:42:44.493021+00:00
Catatan Harian Menantu Sinting,Catatan Harian Menantu Sinting,2022-01-01 2026-10-06,2024-02-04,0,52,2026-10-06T04:42:44.493021+00:00
Catatan Harian Menantu Sinting,Catatan Harian Menantu Sinting,2022-01-01 2026-10-06,2024-02-11,0,49,2026-10-06T04:42:44.493021+00:00
Catatan Harian Menantu Sinting,Catatan Harian Menantu Sinting,2022-01-01 2026-10-06,2024-02-18,0,45,2026-10-06T04:42:44.493021+00:00
Catatan Harian Menantu Sinting,Catatan Harian Menantu Sinting,2022-01-01 2026-10-06,2024-02-25,0,50,2026-10-06T04:42:44.493021+00:00
Catatan Harian Menantu Sinting,Catatan Harian Menantu Sinting,2022-01-01 2026-10-06,2024-03-03,0,47,2026-10-06T04:42:44.493021+00:00
Catatan Harian Menantu Sinting,Catatan Harian Menantu Sinting,2022-01-01 2026-10-06,2024-03-10,0,52,2026-10-06T04:42:44.493021+00:00
Catatan Harian Menantu Sinting,Catatan Harian Menantu Sinting,2022-01-01 2026-10-06,2024-03-17,0,43,2026-10-06T04:42:44.493021+00:00
Catatan Harian Menantu Sinting,Catatan Harian Menantu Sinting,2022-01-01 2026-10-06,2024-03-24,0,47,2026-10-06T04:42:44.493021+00:00
Catatan Harian Menantu Sinting,Catatan Harian Menantu Sinting,2022-01-01 2026-10-06,2024-03-31,0,44,2026-10-06T04:42:44.493021+00:00
Catatan Harian Menantu Sinting,Catatan Harian Menantu Sinting,2022-01-01 2026-10-06,2024-04-07,0,64,2026-10-06T04:42:44.493021+00:00
Catatan Harian Menantu Sinting,Catatan Harian Menantu Sinting,2022-01-01 2026-10-06,2024-04-14,0,55,2026-10-06T04:42:44.493021+00:00
Catatan Harian Menantu Sinting,Catatan Harian Menantu Sinting,2022-01-01 2026-10-06,2024-04-21,0,44,2026-10-06T04:42:44.493021+00:00
Catatan Harian Menantu Sinting,Catatan Harian Menantu Sinting,2022-01-01 2026-10-06,2024-04-28,0,42,2026-10-06T04:42:44.493021+00:00
Catatan Harian Menantu Sinting,Catatan Harian Menantu Sinting,2022-01-01 2026-10-06,2024-05-05,0,48,2026-10-06T04:42:44.493021+00:00
Catatan Harian Menantu Sinting,Catatan Harian Menantu Sinting,2022-01-01 2026-10-06,2024-05-12,0,50,2026-10-06T04:42:44.493021+00:00
Catatan Harian Menantu Sinting,Catatan Harian Menantu Sinting,2022-01-01 2026-10-06,2024-05-19,2,47,2026-10-06T04:42:44.493021+00:00
Catatan Harian Menantu Sinting,Catatan Harian Menantu Sinting,2022-01-01 2026-10-06,2024-05-26,1,38,2026-10-06T04:42:44.493021+00:00
Catatan Harian Menantu Sinting,Catatan Harian Menantu Sinting,2022-01-01 2026-10-06,2024-06-02,2,34,2026-10-06T04:42:44.493021+00:00
Catatan Harian Menantu Sinting,Catatan Harian Menantu Sinting,2022-01-01 2026-10-06,2024-06-09,3,38,2026-10-06T04:42:44.493021+00:00
Catatan Harian Menantu Sinting,Catatan Harian Menantu Sinting,2022-01-01 2026-10-06,2024-06-16,4,47,2026-10-06T04:42:44.493021+00:00
Catatan Harian Menantu Sinting,Catatan Harian Menantu Sinting,2022-01-01 2026-10-06,2024-06-23,2,44,2026-10-06T04:42:44.493021+00:00
Catatan Harian Menantu Sinting,Catatan Harian Menantu Sinting,2022-01-01 2026-10-06,2024-06-30,2,49,2026-10-06T04:42:44.493021+00:00
Catatan Harian Menantu Sinting,Catatan Harian Menantu Sinting,2022-01-01 2026-10-06,2024-07-07,4,48,2026-10-06T04:42:44.493021+00:00
Catatan Harian Menantu Sinting,Catatan Harian Menantu Sinting,2022-01-01 2026-10-06,2024-07-14,15,46,2026-10-06T04:42:44.493021+00:00
Catatan Harian Menantu Sinting,Catatan Harian Menantu Sinting,2022-01-01 2026-10-06,2024-07-21,16,47,2026-10-06T04:42:44.493021+00:00
Catatan Harian Menantu Sinting,Catatan Harian Menantu Sinting,2022-01-01 2026-10-06,2024-07-28,10,46,2026-10-06T04:42:44.493021+00:00
Catatan Harian Menantu Sinting,Catatan Harian Menantu Sinting,2022-01-01 2026-10-06,2024-08-04,7,42,2026-10-06T04:42:44.493021+00:00
Catatan Harian Menantu Sinting,Catatan Harian Menantu Sinting,2022-01-01 2026-10-06,2024-08-11,4,47,2026-10-06T04:42:44.493021+00:00
Catatan Harian Menantu Sinting,Catatan Harian Menantu Sinting,2022-01-01 2026-10-06,2024-08-18,2,45,2026-10-06T04:42:44.493021+00:00
Catatan Harian Menantu Sinting,Catatan Harian Menantu Sinting,2022-01-01 2026-10-06,2024-08-25,2,44,2026-10-06T04:42:44.493021+00:00
Catatan Harian Menantu Sinting,Catatan Harian Menantu Sinting,2022-01-01 2026-10-06,2024-09-01,1,42,2026-10-06T04:42:44.493021+00:00
Catatan Harian Menantu Sinting,Catatan Harian Menantu Sinting,2022-01-01 2026-10-06,2024-09-08,1,46,2026-10-06T04:42:44.493021+00:00
Catatan Harian Menantu Sinting,Catatan Harian Menantu Sinting,2022-01-01 2026-10-06,2024-09-15,1,51,2026-10-06T04:42:44.493021+00:00
Catatan Harian Menantu Sinting,Catatan Harian Menantu Sinting,2022-01-01 2026-10-06,2024-09-22,1,50,2026-10-06T04:42:44.493021+00:00
Catatan Harian Menantu Sinting,Catatan Harian Menantu Sinting,2022-01-01 2026-10-06,2024-09-29,1,50,2026-10-06T04:42:44.493021+00:00
Catatan Harian Menantu Sinting,Catatan Harian Menantu Sinting,2022-01-01 2026-10-06,2024-10-06,1,48,2026-10-06T04:42:44.493021+00:00
Catatan Harian Menantu Sinting,Catatan Harian Menantu Sinting,2022-01-01 2026-10-06,2024-10-13,1,46,2026-10-06T04:42:44.493021+00:00
Catatan Harian Menantu Sinting,Catatan Harian Menantu Sinting,2022-01-01 2026-10-06,2024-10-20,1,46,2026-10-06T04:42:44.493021+00:00
Catatan Harian Menantu Sinting,Catatan Harian Menantu Sinting,2022-01-01 2026-10-06,2024-10-27,1,46,2026-10-06T04:42:44.493021+00:00
Catatan Harian Menantu Sinting,Catatan Harian Menantu Sinting,2022-01-01 2026-10-06,2024-11-03,1,56,2026-10-06T04:42:44.493021+00:00
Catatan Harian Menantu Sinting,Catatan Harian Menantu Sinting,2022-01-01 2026-10-06,2024-11-10,1,52,2026-10-06T04:42:44.493021+00:00
Catatan Harian Menantu Sinting,Catatan Harian Menantu Sinting,2022-01-01 2026-10-06,2024-11-17,8,57,2026-10-06T04:42:44.493021+00:00
Catatan Harian Menantu Sinting,Catatan Harian Menantu Sinting,2022-01-01 2026-10-06,2024-11-24,11,55,2026-10-06T04:42:44.493021+00:00
Catatan Harian Menantu Sinting,Catatan Harian Menantu Sinting,2022-01-01 2026-10-06,2024-12-01,5,48,2026-10-06T04:42:44.493021+00:00
Catatan Harian Menantu Sinting,Catatan Harian Menantu Sinting,2022-01-01 2026-10-06,2024-12-08,2,52,2026-10-06T04:42:44.493021+00:00
Catatan Harian Menantu Sinting,Catatan Harian Menantu Sinting,2022-01-01 2026-10-06,2024-12-15,2,60,2026-10-06T04:42:44.493021+00:00
Catatan Harian Menantu Sinting,Catatan Harian Menantu Sinting,2022-01-01 2026-10-06,2024-12-22,2,72,2026-10-06T04:42:44.493021+00:00
Catatan Harian Menantu Sinting,Catatan Harian Menantu Sinting,2022-01-01 2026-10-06,2024-12-29,2,73,2026-10-06T04:42:44.493021+00:00
Catatan Harian Menantu Sinting,Catatan Harian Menantu Sinting,2022-01-01 2026-10-06,2025-01-05,1,61,2026-10-06T04:42:44.493021+00:00
Catatan Harian Menantu Sinting,Catatan Harian Menantu Sinting,2022-01-01 2026-10-06,2025-01-12,1,51,2026-10-06T04:42:44.493021+00:00
Catatan Harian Menantu Sinting,Catatan Harian Menantu Sinting,2022-01-01 2026-10-06,2025-01-19,1,59,2026-10-06T04:42:44.493021+00:00
Catatan Harian Menantu Sinting,Catatan Harian Menantu Sinting,2022-01-01 2026-10-06,2025-01-26,1,65,2026-10-06T04:42:44.493021+00:00
Catatan Harian Menantu Sinting,Catatan Harian Menantu Sinting,2022-01-01 2026-10-06,2025-02-02,1,49,2026-10-06T04:42:44.493021+00:00
Catatan Harian Menantu Sinting,Catatan Harian Menantu Sinting,2022-01-01 2026-10-06,2025-02-09,1,50,2026-10-06T04:42:44.493021+00:00
Catatan Harian Menantu Sinting,Catatan Harian Menantu Sinting,2022-01-01 2026-10-06,2025-02-16,1,49,2026-10-06T04:42:44.493021+00:00
Catatan Harian Menantu Sinting,Catatan Harian Menantu Sinting,2022-01-01 2026-10-06,2025-02-23,1,50,2026-10-06T04:42:44.493021+00:00
Catatan Harian Menantu Sinting,Catatan Harian Menantu Sinting,2022-01-01 2026-10-06,2025-03-02,1,47,2026-10-06T04:42:44.493021+00:00
Catatan Harian Menantu Sinting,Catatan Harian Menantu Sinting,2022-01-01 2026-10-06,2025-03-09,1,44,2026-10-06T04:42:44.493021+00:00
Catatan Harian Menantu Sinting,Catatan Harian Menantu Sinting,2022-01-01 2026-10-06,2025-03-16,0,49,2026-10-06T04:42:44.493021+00:00
Catatan Harian Menantu Sinting,Catatan Harian Menantu Sinting,2022-01-01 2026-10-06,2025-03-23,1,57,2026-10-06T04:42:44.493021+00:00
Catatan Harian Menantu Sinting,Catatan Harian Menantu Sinting,2022-01-01 2026-10-06,2025-03-30,1,100,2026-10-06T04:42:44.493021+00:00
Catatan Harian Menantu Sinting,Catatan Harian Menantu Sinting,2022-01-01 2026-10-06,2025-04-06,1,63,2026-10-06T04:42:44.493021+00:00
Catatan Harian Menantu Sinting,Catatan Harian Menantu Sinting,2022-01-01 2026-10-06,2025-04-13,0,48,2026-10-06T04:42:44.493021+00:00
Catatan Harian Menantu Sinting,Catatan Harian Menantu Sinting,2022-01-01 2026-10-06,2025-04-20,0,46,2026-10-06T04:42:44.493021+00:00
Catatan Harian Menantu Sinting,Catatan Harian Menantu Sinting,2022-01-01 2026-10-06,2025-04-27,0,44,2026-10-06T04:42:44.493021+00:00
Catatan Harian Menantu Sinting,Catatan Harian Menantu Sinting,2022-01-01 2026-10-06,2025-05-04,0,39,2026-10-06T04:42:44.493021+00:00
Catatan Harian Menantu Sinting,Catatan Harian Menantu Sinting,2022-01-01 2026-10-06,2025-05-11,0,49,2026-10-06T04:42:44.493021+00:00
Catatan Harian Menantu Sinting,Catatan Harian Menantu Sinting,2022-01-01 2026-10-06,2025-05-18,0,43,2026-10-06T04:42:44.493021+00:00
Catatan Harian Menantu Sinting,Catatan Harian Menantu Sinting,2022-01-01 2026-10-06,2025-05-25,0,44,2026-10-06T04:42:44.493021+00:00
Catatan Harian Menantu Sinting,Catatan Harian Menantu Sinting,2022-01-01 2026-10-06,2025-06-01,0,41,2026-10-06T04:42:44.493021+00:00
Catatan Harian Menantu Sinting,Catatan Harian Menantu Sinting,2022-01-01 2026-10-06,2025-06-08,0,44,2026-10-06T04:42:44.493021+00:00
Catatan Harian Menantu Sinting,Catatan Harian Menantu Sinting,2022-01-01 2026-10-06,2025-06-15,0,43,2026-10-06T04:42:44.493021+00:00
Catatan Harian Menantu Sinting,Catatan Harian Menantu Sinting,2022-01-01 2026-10-06,2025-06-22,1,50,2026-10-06T04:42:44.493021+00:00
Catatan Harian Menantu Sinting,Catatan Harian Menantu Sinting,2022-01-01 2026-10-06,2025-06-29,0,46,2026-10-06T04:42:44.493021+00:00
Catatan Harian Menantu Sinting,Catatan Harian Menantu Sinting,2022-01-01 2026-10-06,2025-07-06,0,44,2026-10-06T04:42:44.493021+00:00
Catatan Harian Menantu Sinting,Catatan Harian Menantu Sinting,2022-01-01 2026-10-06,2025-07-13,0,40,2026-10-06T04:42:44.493021+00:00
Catatan Harian Menantu Sinting,Catatan Harian Menantu Sinting,2022-01-01 2026-10-06,2025-07-20,0,39,2026-10-06T04:42:44.493021+00:00
Catatan Harian Menantu Sinting,Catatan Harian Menantu Sinting,2022-01-01 2026-10-06,2025-07-27,0,36,2026-10-06T04:42:44.493021+00:00
Catatan Harian Menantu Sinting,Catatan Harian Menantu Sinting,2022-01-01 2026-10-06,2025-08-03,0,39,2026-10-06T04:42:44.493021+00:00
Catatan Harian Menantu Sinting,Catatan Harian Menantu Sinting,2022-01-01 2026-10-06,2025-08-10,0,42,2026-10-06T04:42:44.493021+00:00
Catatan Harian Menantu Sinting,Catatan Harian Menantu Sinting,2022-01-01 2026-10-06,2025-08-17,0,43,2026-10-06T04:42:44.493021+00:00
Catatan Harian Menantu Sinting,Catatan Harian Menantu Sinting,2022-01-01 2026-10-06,2025-08-24,0,38,2026-10-06T04:42:44.493021+00:00
Catatan Harian Menantu Sinting,Catatan Harian Menantu Sinting,2022-01-01 2026-10-06,2025-08-31,0,41,2026-10-06T04:42:44.493021+00:00
Catatan Harian Menantu Sinting,Catatan Harian Menantu Sinting,2022-01-01 2026-10-06,2025-09-07,0,39,2026-10-06T04:42:44.493021+00:00
Catatan Harian Menantu Sinting,Catatan Harian Menantu Sinting,2022-01-01 2026-10-06,2025-09-14,0,38,2026-10-06T04:42:44.493021+00:00
Catatan Harian Menantu Sinting,Catatan Harian Menantu Sinting,2022-01-01 2026-10-06,2025-09-21,0,38,2026-10-06T04:42:44.493021+00:00
Catatan Harian Menantu Sinting,Catatan Harian Menantu Sinting,2022-01-01 2026-10-06,2025-09-28,0,36,2026-10-06T04:42:44.493021+00:00
Catatan Harian Menantu Sinting,Catatan Harian Menantu Sinting,2022-01-01 2026-10-06,2025-10-05,0,36,2026-10-06T04:42:44.493021+00:00
Catatan Harian Menantu Sinting,Catatan Harian Menantu Sinting,2022-01-01 2026-10-06,2025-10-12,0,36,2026-10-06T04:42:44.493021+00:00
Catatan Harian Menantu Sinting,Catatan Harian Menantu Sinting,2022-01-01 2026-10-06,2025-10-19,0,38,2026-10-06T04:42:44.493021+00:00
Catatan Harian Menantu Sinting,Catatan Harian Menantu Sinting,2022-01-01 2026-10-06,2025-10-26,0,42,2026-10-06T04:42:44.493021+00:00
Catatan Harian Menantu Sinting,Catatan Harian Menantu Sinting,2022-01-01 2026-10-06,2025-11-02,0,39,2026-10-06T04:42:44.493021+00:00
Catatan Harian Menantu Sinting,Catatan Harian Menantu Sinting,2022-01-01 2026-10-06,2025-11-09,0,37,2026-10-06T04:42:44.493021+00:00
Catatan Harian Menantu Sinting,Catatan Harian Menantu Sinting,2022-01-01 2026-10-06,2025-11-16,0,38,2026-10-06T04:42:44.493021+00:00
Catatan Harian Menantu Sinting,Catatan Harian Menantu Sinting,2022-01-01 2026-10-06,2025-11-23,0,34,2026-10-06T04:42:44.493021+00:00
Catatan Harian Menantu Sinting,Catatan Harian Menantu Sinting,2022-01-01 2026-10-06,2025-11-30,0,33,2026-10-06T04:42:44.493021+00:00
Catatan Harian Menantu Sinting,Catatan Harian Menantu Sinting,2022-01-01 2026-10-06,2025-12-07,0,38,2026-10-06T04:42:44.493021+00:00
Catatan Harian Menantu Sinting,Catatan Harian Menantu Sinting,2022-01-01 2026-10-06,2025-12-14,0,44,2026-10-06T04:42:44.493021+00:00
Catatan Harian Menantu Sinting,Catatan Harian Menantu Sinting,2022-01-01 2026-10-06,2025-12-21,0,53,2026-10-06T04:42:44.493021+00:00
Catatan Harian Menantu Sinting,Catatan Harian Menantu Sinting,2022-01-01 2026-10-06,2025-12-28,1,59,2026-10-06T04:42:44.493021+00:00
Catatan Harian Menantu Sinting,Catatan Harian Menantu Sinting,2022-01-01 2026-10-06,2026-01-04,0,44,2026-10-06T04:42:44.493021+00:00
Catatan Harian Menantu Sinting,Catatan Harian Menantu Sinting,2022-01-01 2026-10-06,2026-01-11,0,43,2026-10-06T04:42:44.493021+00:00
Catatan Harian Menantu Sinting,Catatan Harian Menantu Sinting,2022-01-01 2026-10-06,2026-01-18,0,39,2026-10-06T04:42:44.493021+00:00
Catatan Harian Menantu Sinting,Catatan Harian Menantu Sinting,2022-01-01 2026-10-06,2026-01-25,0,37,2026-10-06T04:42:44.493021+00:00
Catatan Harian Menantu Sinting,Catatan Harian Menantu Sinting,2022-01-01 2026-10-06,2026-02-01,0,38,2026-10-06T04:42:44.493021+00:00
Catatan Harian Menantu Sinting,Catatan Harian Menantu Sinting,2022-01-01 2026-10-06,2026-02-08,0,35,2026-10-06T04:42:44.493021+00:00
Catatan Harian Menantu Sinting,Catatan Harian Menantu Sinting,2022-01-01 2026-10-06,2026-02-15,0,41,2026-10-06T04:42:44.493021+00:00
Catatan Harian Menantu Sinting,Catatan Harian Menantu Sinting,2022-01-01 2026-10-06,2026-02-22,0,36,2026-10-06T04:42:44.493021+00:00
Catatan Harian Menantu Sinting,Catatan Harian Menantu Sinting,2022-01-01 2026-10-06,2026-03-01,0,32,2026-10-06T04:42:44.493021+00:00
Catatan Harian Menantu Sinting,Catatan Harian Menantu Sinting,2022-01-01 2026-10-06,2026-03-08,0,33,2026-10-06T04:42:44.493021+00:00
Catatan Harian Menantu Sinting,Catatan Harian Menantu Sinting,2022-01-01 2026-10-06,2026-03-15,0,45,2026-10-06T04:42:44.493021+00:00
Catatan Harian Menantu Sinting,Catatan Harian Menantu Sinting,2022-01-01 2026-10-06,2026-03-22,0,57,2026-10-06T04:42:44.493021+00:00
Catatan Harian Menantu Sinting,Catatan Harian Menantu Sinting,2022-01-01 2026-10-06,2026-03-29,0,42,2026-10-06T04:42:44.493021+00:00
Catatan Harian Menantu Sinting,Catatan Harian Menantu Sinting,2022-01-01 2026-10-06,2026-04-05,0,37,2026-10-06T04:42:44.493021+00:00
Catatan Harian Menantu Sinting,Catatan Harian Menantu Sinting,2022-01-01 2026-10-06,2026-04-12,0,37,2026-10-06T04:42:44.493021+00:00
Catatan Harian Menantu Sinting,Catatan Harian Menantu Sinting,2022-01-01 2026-10-06,2026-04-19,0,40,2026-10-06T04:42:44.493021+00:00
Catatan Harian Menantu Sinting,Catatan Harian Menantu Sinting,2022-01-01 2026-10-06,2026-04-26,0,42,2026-10-06T04:42:44.493021+00:00
Catatan Harian Menantu Sinting,Catatan Harian Menantu Sinting,2022-01-01 2026-10-06,2026-05-03,0,38,2026-10-06T04:42:44.493021+00:00
Catatan Harian Menantu Sinting,Catatan Harian Menantu Sinting,2022-01-01 2026-10-06,2026-05-10,0,42,2026-10-06T04:42:44.493021+00:00
Catatan Harian Menantu Sinting,Catatan Harian Menantu Sinting,2022-01-01 2026-10-06,2026-05-17,0,37,2026-10-06T04:42:44.493021+00:00
Catatan Harian Menantu Sinting,Catatan Harian Menantu Sinting,2022-01-01 2026-10-06,2026-05-24,0,44,2026-10-06T04:42:44.493021+00:00
Catatan Harian Menantu Sinting,Catatan Harian Menantu Sinting,2022-01-01 2026-10-06,2026-05-31,0,40,2026-10-06T04:42:44.493021+00:00
Catatan Harian Menantu Sinting,Catatan Harian Menantu Sinting,2022-01-01 2026-10-06,2026-06-07,0,36,2026-10-06T04:42:44.493021+00:00
Catatan Harian Menantu Sinting,Catatan Harian Menantu Sinting,2022-01-01 2026-10-06,2026-06-14,0,44,2026-10-06T04:42:44.493021+00:00
Catatan Harian Menantu Sinting,Catatan Harian Menantu Sinting,2022-01-01 2026-10-06,2026-06-21,0,43,2026-10-06T04:42:44.493021+00:00
Catatan Harian Menantu Sinting,Catatan Harian Menantu Sinting,2022-01-01 2026-10-06,2026-06-28,0,45,2026-10-06T04:42:44.493021+00:00
Catatan Harian Menantu Sinting,Catatan Harian Menantu Sinting,2022-01-01 2026-10-06,2026-07-05,0,44,2026-10-06T04:42:44.493021+00:00
Catatan Harian Menantu Sinting,Catatan Harian Menantu Sinting,2022-01-01 2026-10-06,2026-07-12,0,39,2026-10-06T04:42:44.493021+00:00
Catatan Harian Menantu Sinting,Catatan Harian Menantu Sinting,2022-01-01 2026-10-06,2026-07-19,0,37,2026-10-06T04:42:44.493021+00:00
Catatan Harian Menantu Sinting,Catatan Harian Menantu Sinting,2022-01-01 2026-10-06,2026-07-26,0,36,2026-10-06T04:42:44.493021+00:00
Catatan Harian Menantu Sinting,Catatan Harian Menantu Sinting,2022-01-01 2026-10-06,2026-08-02,0,31,2026-10-06T04:42:44.493021+00:00
Catatan Harian Menantu Sinting,Catatan Harian Menantu Sinting,2022-01-01 2026-10-06,2026-08-09,0,34,2026-10-06T04:42:44.493021+00:00
Catatan Harian Menantu Sinting,Catatan Harian Menantu Sinting,2022-01-01 2026-10-06,2026-08-16,0,40,2026-10-06T04:42:44.493021+00:00
Catatan Harian Menantu Sinting,Catatan Harian Menantu Sinting,2022-01-01 2026-10-06,2026-08-23,0,44,2026-10-06T04:42:44.493021+00:00
Catatan Harian Menantu Sinting,Catatan Harian Menantu Sinting,2022-01-01 2026-10-06,2026-08-30,0,36,2026-10-06T04:42:44.493021+00:00
Catatan Harian Menantu Sinting,Catatan Harian Menantu Sinting,2022-01-01 2026-10-06,2026-09-06,0,36,2026-10-06T04:42:44.493021+00:00
Catatan Harian Menantu Sinting,Catatan Harian Menantu Sinting,2022-01-01 2026-10-06,2026-09-13,0,35,2026-10-06T04:42:44.493021+00:00
Catatan Harian Menantu Sinting,Catatan Harian Menantu Sinting,2022-01-01 2026-10-06,2026-09-20,0,37,2026-10-06T04:42:44.493021+00:00
Catatan Harian Menantu Sinting,Catatan Harian Menantu Sinting,2022-01-01 2026-10-06,2026-09-27,0,37,2026-10-06T04:42:44.493021+00:00
Catatan Harian Menantu Sinting,Catatan Harian Menantu Sinting,2022-01-01 2026-10-06,2026-10-04,0,34,2026-10-06T04:42:44.493021+00:00
Indigo: What Do You See?,film Indigo,2020-01-01 2024-12-31,2019-12-29,1,81,2026-10-06T04:43:25.466576+00:00
Indigo: What Do You See?,film Indigo,2020-01-01 2024-12-31,2020-01-05,0,58,2026-10-06T04:43:25.466576+00:00
Indigo: What Do You See?,film Indigo,2020-01-01 2024-12-31,2020-01-12,0,51,2026-10-06T04:43:25.466576+00:00
Indigo: What Do You See?,film Indigo,2020-01-01 2024-12-31,2020-01-19,0,51,2026-10-06T04:43:25.466576+00:00
Indigo: What Do You See?,film Indigo,2020-01-01 2024-12-31,2020-01-26,0,49,2026-10-06T04:43:25.466576+00:00
Indigo: What Do You See?,film Indigo,2020-01-01 2024-12-31,2020-02-02,0,48,2026-10-06T04:43:25.466576+00:00
Indigo: What Do You See?,film Indigo,2020-01-01 2024-12-31,2020-02-09,0,47,2026-10-06T04:43:25.466576+00:00
Indigo: What Do You See?,film Indigo,2020-01-01 2024-12-31,2020-02-16,0,50,2026-10-06T04:43:25.466576+00:00
Indigo: What Do You See?,film Indigo,2020-01-01 2024-12-31,2020-02-23,0,48,2026-10-06T04:43:25.466576+00:00
Indigo: What Do You See?,film Indigo,2020-01-01 2024-12-31,2020-03-01,0,49,2026-10-06T04:43:25.466576+00:00
Indigo: What Do You See?,film Indigo,2020-01-01 2024-12-31,2020-03-08,0,53,2026-10-06T04:43:25.466576+00:00
Indigo: What Do You See?,film Indigo,2020-01-01 2024-12-31,2020-03-15,0,52,2026-10-06T04:43:25.466576+00:00
Indigo: What Do You See?,film Indigo,2020-01-01 2024-12-31,2020-03-22,0,67,2026-10-06T04:43:25.466576+00:00
Indigo: What Do You See?,film Indigo,2020-01-01 2024-12-31,2020-03-29,0,63,2026-10-06T04:43:25.466576+00:00
Indigo: What Do You See?,film Indigo,2020-01-01 2024-12-31,2020-04-05,0,68,2026-10-06T04:43:25.466576+00:00
Indigo: What Do You See?,film Indigo,2020-01-01 2024-12-31,2020-04-12,0,67,2026-10-06T04:43:25.466576+00:00
Indigo: What Do You See?,film Indigo,2020-01-01 2024-12-31,2020-04-19,0,71,2026-10-06T04:43:25.466576+00:00
Indigo: What Do You See?,film Indigo,2020-01-01 2024-12-31,2020-04-26,0,66,2026-10-06T04:43:25.466576+00:00
Indigo: What Do You See?,film Indigo,2020-01-01 2024-12-31,2020-05-03,0,59,2026-10-06T04:43:25.466576+00:00
Indigo: What Do You See?,film Indigo,2020-01-01 2024-12-31,2020-05-10,0,53,2026-10-06T04:43:25.466576+00:00
Indigo: What Do You See?,film Indigo,2020-01-01 2024-12-31,2020-05-17,0,53,2026-10-06T04:43:25.466576+00:00
Indigo: What Do You See?,film Indigo,2020-01-01 2024-12-31,2020-05-24,0,68,2026-10-06T04:43:25.466576+00:00
Indigo: What Do You See?,film Indigo,2020-01-01 2024-12-31,2020-05-31,0,61,2026-10-06T04:43:25.466576+00:00
Indigo: What Do You See?,film Indigo,2020-01-01 2024-12-31,2020-06-07,0,50,2026-10-06T04:43:25.466576+00:00
Indigo: What Do You See?,film Indigo,2020-01-01 2024-12-31,2020-06-14,0,59,2026-10-06T04:43:25.466576+00:00
Indigo: What Do You See?,film Indigo,2020-01-01 2024-12-31,2020-06-21,0,62,2026-10-06T04:43:25.466576+00:00
Indigo: What Do You See?,film Indigo,2020-01-01 2024-12-31,2020-06-28,0,58,2026-10-06T04:43:25.466576+00:00
Indigo: What Do You See?,film Indigo,2020-01-01 2024-12-31,2020-07-05,0,55,2026-10-06T04:43:25.466576+00:00
Indigo: What Do You See?,film Indigo,2020-01-01 2024-12-31,2020-07-12,0,50,2026-10-06T04:43:25.466576+00:00
Indigo: What Do You See?,film Indigo,2020-01-01 2024-12-31,2020-07-19,0,47,2026-10-06T04:43:25.466576+00:00
Indigo: What Do You See?,film Indigo,2020-01-01 2024-12-31,2020-07-26,0,50,2026-10-06T04:43:25.466576+00:00
Indigo: What Do You See?,film Indigo,2020-01-01 2024-12-31,2020-08-02,0,46,2026-10-06T04:43:25.466576+00:00
Indigo: What Do You See?,film Indigo,2020-01-01 2024-12-31,2020-08-09,0,49,2026-10-06T04:43:25.466576+00:00
Indigo: What Do You See?,film Indigo,2020-01-01 2024-12-31,2020-08-16,0,60,2026-10-06T04:43:25.466576+00:00
Indigo: What Do You See?,film Indigo,2020-01-01 2024-12-31,2020-08-23,0,52,2026-10-06T04:43:25.466576+00:00
Indigo: What Do You See?,film Indigo,2020-01-01 2024-12-31,2020-08-30,0,46,2026-10-06T04:43:25.466576+00:00
Indigo: What Do You See?,film Indigo,2020-01-01 2024-12-31,2020-09-06,0,47,2026-10-06T04:43:25.466576+00:00
Indigo: What Do You See?,film Indigo,2020-01-01 2024-12-31,2020-09-13,0,46,2026-10-06T04:43:25.466576+00:00
Indigo: What Do You See?,film Indigo,2020-01-01 2024-12-31,2020-09-20,0,42,2026-10-06T04:43:25.466576+00:00
Indigo: What Do You See?,film Indigo,2020-01-01 2024-12-31,2020-09-27,0,41,2026-10-06T04:43:25.466576+00:00
Indigo: What Do You See?,film Indigo,2020-01-01 2024-12-31,2020-10-04,0,41,2026-10-06T04:43:25.466576+00:00
Indigo: What Do You See?,film Indigo,2020-01-01 2024-12-31,2020-10-11,0,42,2026-10-06T04:43:25.466576+00:00
Indigo: What Do You See?,film Indigo,2020-01-01 2024-12-31,2020-10-18,0,42,2026-10-06T04:43:25.466576+00:00
Indigo: What Do You See?,film Indigo,2020-01-01 2024-12-31,2020-10-25,0,54,2026-10-06T04:43:25.466576+00:00
Indigo: What Do You See?,film Indigo,2020-01-01 2024-12-31,2020-11-01,0,44,2026-10-06T04:43:25.466576+00:00
Indigo: What Do You See?,film Indigo,2020-01-01 2024-12-31,2020-11-08,0,45,2026-10-06T04:43:25.466576+00:00
Indigo: What Do You See?,film Indigo,2020-01-01 2024-12-31,2020-11-15,0,43,2026-10-06T04:43:25.466576+00:00
Indigo: What Do You See?,film Indigo,2020-01-01 2024-12-31,2020-11-22,0,44,2026-10-06T04:43:25.466576+00:00
Indigo: What Do You See?,film Indigo,2020-01-01 2024-12-31,2020-11-29,0,42,2026-10-06T04:43:25.466576+00:00
Indigo: What Do You See?,film Indigo,2020-01-01 2024-12-31,2020-12-06,0,46,2026-10-06T04:43:25.466576+00:00
Indigo: What Do You See?,film Indigo,2020-01-01 2024-12-31,2020-12-13,0,51,2026-10-06T04:43:25.466576+00:00
Indigo: What Do You See?,film Indigo,2020-01-01 2024-12-31,2020-12-20,0,65,2026-10-06T04:43:25.466576+00:00
Indigo: What Do You See?,film Indigo,2020-01-01 2024-12-31,2020-12-27,0,88,2026-10-06T04:43:25.466576+00:00
Indigo: What Do You See?,film Indigo,2020-01-01 2024-12-31,2021-01-03,0,55,2026-10-06T04:43:25.466576+00:00
Indigo: What Do You See?,film Indigo,2020-01-01 2024-12-31,2021-01-10,0,45,2026-10-06T04:43:25.466576+00:00
Indigo: What Do You See?,film Indigo,2020-01-01 2024-12-31,2021-01-17,0,45,2026-10-06T04:43:25.466576+00:00
Indigo: What Do You See?,film Indigo,2020-01-01 2024-12-31,2021-01-24,0,45,2026-10-06T04:43:25.466576+00:00
Indigo: What Do You See?,film Indigo,2020-01-01 2024-12-31,2021-01-31,0,41,2026-10-06T04:43:25.466576+00:00
Indigo: What Do You See?,film Indigo,2020-01-01 2024-12-31,2021-02-07,0,43,2026-10-06T04:43:25.466576+00:00
Indigo: What Do You See?,film Indigo,2020-01-01 2024-12-31,2021-02-14,0,41,2026-10-06T04:43:25.466576+00:00
Indigo: What Do You See?,film Indigo,2020-01-01 2024-12-31,2021-02-21,0,39,2026-10-06T04:43:25.466576+00:00
Indigo: What Do You See?,film Indigo,2020-01-01 2024-12-31,2021-02-28,0,37,2026-10-06T04:43:25.466576+00:00
Indigo: What Do You See?,film Indigo,2020-01-01 2024-12-31,2021-03-07,0,40,2026-10-06T04:43:25.466576+00:00
Indigo: What Do You See?,film Indigo,2020-01-01 2024-12-31,2021-03-14,0,37,2026-10-06T04:43:25.466576+00:00
Indigo: What Do You See?,film Indigo,2020-01-01 2024-12-31,2021-03-21,0,37,2026-10-06T04:43:25.466576+00:00
Indigo: What Do You See?,film Indigo,2020-01-01 2024-12-31,2021-03-28,0,40,2026-10-06T04:43:25.466576+00:00
Indigo: What Do You See?,film Indigo,2020-01-01 2024-12-31,2021-04-04,0,41,2026-10-06T04:43:25.466576+00:00
Indigo: What Do You See?,film Indigo,2020-01-01 2024-12-31,2021-04-11,0,43,2026-10-06T04:43:25.466576+00:00
Indigo: What Do You See?,film Indigo,2020-01-01 2024-12-31,2021-04-18,0,42,2026-10-06T04:43:25.466576+00:00
Indigo: What Do You See?,film Indigo,2020-01-01 2024-12-31,2021-04-25,0,40,2026-10-06T04:43:25.466576+00:00
Indigo: What Do You See?,film Indigo,2020-01-01 2024-12-31,2021-05-02,0,40,2026-10-06T04:43:25.466576+00:00
Indigo: What Do You See?,film Indigo,2020-01-01 2024-12-31,2021-05-09,0,51,2026-10-06T04:43:25.466576+00:00
Indigo: What Do You See?,film Indigo,2020-01-01 2024-12-31,2021-05-16,0,49,2026-10-06T04:43:25.466576+00:00
Indigo: What Do You See?,film Indigo,2020-01-01 2024-12-31,2021-05-23,0,42,2026-10-06T04:43:25.466576+00:00
Indigo: What Do You See?,film Indigo,2020-01-01 2024-12-31,2021-05-30,0,46,2026-10-06T04:43:25.466576+00:00
Indigo: What Do You See?,film Indigo,2020-01-01 2024-12-31,2021-06-06,0,46,2026-10-06T04:43:25.466576+00:00
Indigo: What Do You See?,film Indigo,2020-01-01 2024-12-31,2021-06-13,0,49,2026-10-06T04:43:25.466576+00:00
Indigo: What Do You See?,film Indigo,2020-01-01 2024-12-31,2021-06-20,0,51,2026-10-06T04:43:25.466576+00:00
Indigo: What Do You See?,film Indigo,2020-01-01 2024-12-31,2021-06-27,0,52,2026-10-06T04:43:25.466576+00:00
Indigo: What Do You See?,film Indigo,2020-01-01 2024-12-31,2021-07-04,0,51,2026-10-06T04:43:25.466576+00:00
Indigo: What Do You See?,film Indigo,2020-01-01 2024-12-31,2021-07-11,0,49,2026-10-06T04:43:25.466576+00:00
Indigo: What Do You See?,film Indigo,2020-01-01 2024-12-31,2021-07-18,0,49,2026-10-06T04:43:25.466576+00:00
Indigo: What Do You See?,film Indigo,2020-01-01 2024-12-31,2021-07-25,0,40,2026-10-06T04:43:25.466576+00:00
Indigo: What Do You See?,film Indigo,2020-01-01 2024-12-31,2021-08-01,0,39,2026-10-06T04:43:25.466576+00:00
Indigo: What Do You See?,film Indigo,2020-01-01 2024-12-31,2021-08-08,0,41,2026-10-06T04:43:25.466576+00:00
Indigo: What Do You See?,film Indigo,2020-01-01 2024-12-31,2021-08-15,0,44,2026-10-06T04:43:25.466576+00:00
Indigo: What Do You See?,film Indigo,2020-01-01 2024-12-31,2021-08-22,0,42,2026-10-06T04:43:25.466576+00:00
Indigo: What Do You See?,film Indigo,2020-01-01 2024-12-31,2021-08-29,0,46,2026-10-06T04:43:25.466576+00:00
Indigo: What Do You See?,film Indigo,2020-01-01 2024-12-31,2021-09-05,0,40,2026-10-06T04:43:25.466576+00:00
Indigo: What Do You See?,film Indigo,2020-01-01 2024-12-31,2021-09-12,0,39,2026-10-06T04:43:25.466576+00:00
Indigo: What Do You See?,film Indigo,2020-01-01 2024-12-31,2021-09-19,0,34,2026-10-06T04:43:25.466576+00:00
Indigo: What Do You See?,film Indigo,2020-01-01 2024-12-31,2021-09-26,0,35,2026-10-06T04:43:25.466576+00:00
Indigo: What Do You See?,film Indigo,2020-01-01 2024-12-31,2021-10-03,0,37,2026-10-06T04:43:25.466576+00:00
Indigo: What Do You See?,film Indigo,2020-01-01 2024-12-31,2021-10-10,0,39,2026-10-06T04:43:25.466576+00:00
Indigo: What Do You See?,film Indigo,2020-01-01 2024-12-31,2021-10-17,0,43,2026-10-06T04:43:25.466576+00:00
Indigo: What Do You See?,film Indigo,2020-01-01 2024-12-31,2021-10-24,0,40,2026-10-06T04:43:25.466576+00:00
Indigo: What Do You See?,film Indigo,2020-01-01 2024-12-31,2021-10-31,0,50,2026-10-06T04:43:25.466576+00:00
Indigo: What Do You See?,film Indigo,2020-01-01 2024-12-31,2021-11-07,0,46,2026-10-06T04:43:25.466576+00:00
Indigo: What Do You See?,film Indigo,2020-01-01 2024-12-31,2021-11-14,0,52,2026-10-06T04:43:25.466576+00:00
Indigo: What Do You See?,film Indigo,2020-01-01 2024-12-31,2021-11-21,0,50,2026-10-06T04:43:25.466576+00:00
Indigo: What Do You See?,film Indigo,2020-01-01 2024-12-31,2021-11-28,0,40,2026-10-06T04:43:25.466576+00:00
Indigo: What Do You See?,film Indigo,2020-01-01 2024-12-31,2021-12-05,0,45,2026-10-06T04:43:25.466576+00:00
Indigo: What Do You See?,film Indigo,2020-01-01 2024-12-31,2021-12-12,0,49,2026-10-06T04:43:25.466576+00:00
Indigo: What Do You See?,film Indigo,2020-01-01 2024-12-31,2021-12-19,0,59,2026-10-06T04:43:25.466576+00:00
Indigo: What Do You See?,film Indigo,2020-01-01 2024-12-31,2021-12-26,0,79,2026-10-06T04:43:25.466576+00:00
Indigo: What Do You See?,film Indigo,2020-01-01 2024-12-31,2022-01-02,0,62,2026-10-06T04:43:25.466576+00:00
Indigo: What Do You See?,film Indigo,2020-01-01 2024-12-31,2022-01-09,0,66,2026-10-06T04:43:25.466576+00:00
Indigo: What Do You See?,film Indigo,2020-01-01 2024-12-31,2022-01-16,0,49,2026-10-06T04:43:25.466576+00:00
Indigo: What Do You See?,film Indigo,2020-01-01 2024-12-31,2022-01-23,0,51,2026-10-06T04:43:25.466576+00:00
Indigo: What Do You See?,film Indigo,2020-01-01 2024-12-31,2022-01-30,0,50,2026-10-06T04:43:25.466576+00:00
Indigo: What Do You See?,film Indigo,2020-01-01 2024-12-31,2022-02-06,0,49,2026-10-06T04:43:25.466576+00:00
Indigo: What Do You See?,film Indigo,2020-01-01 2024-12-31,2022-02-13,0,54,2026-10-06T04:43:25.466576+00:00
Indigo: What Do You See?,film Indigo,2020-01-01 2024-12-31,2022-02-20,0,50,2026-10-06T04:43:25.466576+00:00
Indigo: What Do You See?,film Indigo,2020-01-01 2024-12-31,2022-02-27,0,55,2026-10-06T04:43:25.466576+00:00
Indigo: What Do You See?,film Indigo,2020-01-01 2024-12-31,2022-03-06,0,41,2026-10-06T04:43:25.466576+00:00
Indigo: What Do You See?,film Indigo,2020-01-01 2024-12-31,2022-03-13,0,43,2026-10-06T04:43:25.466576+00:00
Indigo: What Do You See?,film Indigo,2020-01-01 2024-12-31,2022-03-20,0,46,2026-10-06T04:43:25.466576+00:00
Indigo: What Do You See?,film Indigo,2020-01-01 2024-12-31,2022-03-27,0,43,2026-10-06T04:43:25.466576+00:00
Indigo: What Do You See?,film Indigo,2020-01-01 2024-12-31,2022-04-03,0,45,2026-10-06T04:43:25.466576+00:00
Indigo: What Do You See?,film Indigo,2020-01-01 2024-12-31,2022-04-10,0,47,2026-10-06T04:43:25.466576+00:00
Indigo: What Do You See?,film Indigo,2020-01-01 2024-12-31,2022-04-17,0,51,2026-10-06T04:43:25.466576+00:00
Indigo: What Do You See?,film Indigo,2020-01-01 2024-12-31,2022-04-24,0,55,2026-10-06T04:43:25.466576+00:00
Indigo: What Do You See?,film Indigo,2020-01-01 2024-12-31,2022-05-01,0,98,2026-10-06T04:43:25.466576+00:00
Indigo: What Do You See?,film Indigo,2020-01-01 2024-12-31,2022-05-08,0,75,2026-10-06T04:43:25.466576+00:00
Indigo: What Do You See?,film Indigo,2020-01-01 2024-12-31,2022-05-15,0,62,2026-10-06T04:43:25.466576+00:00
Indigo: What Do You See?,film Indigo,2020-01-01 2024-12-31,2022-05-22,0,58,2026-10-06T04:43:25.466576+00:00
Indigo: What Do You See?,film Indigo,2020-01-01 2024-12-31,2022-05-29,0,53,2026-10-06T04:43:25.466576+00:00
Indigo: What Do You See?,film Indigo,2020-01-01 2024-12-31,2022-06-05,0,48,2026-10-06T04:43:25.466576+00:00
Indigo: What Do You See?,film Indigo,2020-01-01 2024-12-31,2022-06-12,0,50,2026-10-06T04:43:25.466576+00:00
Indigo: What Do You See?,film Indigo,2020-01-01 2024-12-31,2022-06-19,0,59,2026-10-06T04:43:25.466576+00:00
Indigo: What Do You See?,film Indigo,2020-01-01 2024-12-31,2022-06-26,0,56,2026-10-06T04:43:25.466576+00:00
Indigo: What Do You See?,film Indigo,2020-01-01 2024-12-31,2022-07-03,0,54,2026-10-06T04:43:25.466576+00:00
Indigo: What Do You See?,film Indigo,2020-01-01 2024-12-31,2022-07-10,0,59,2026-10-06T04:43:25.466576+00:00
Indigo: What Do You See?,film Indigo,2020-01-01 2024-12-31,2022-07-17,0,54,2026-10-06T04:43:25.466576+00:00
Indigo: What Do You See?,film Indigo,2020-01-01 2024-12-31,2022-07-24,0,47,2026-10-06T04:43:25.466576+00:00
Indigo: What Do You See?,film Indigo,2020-01-01 2024-12-31,2022-07-31,0,54,2026-10-06T04:43:25.466576+00:00
Indigo: What Do You See?,film Indigo,2020-01-01 2024-12-31,2022-08-07,0,52,2026-10-06T04:43:25.466576+00:00
Indigo: What Do You See?,film Indigo,2020-01-01 2024-12-31,2022-08-14,0,54,2026-10-06T04:43:25.466576+00:00
Indigo: What Do You See?,film Indigo,2020-01-01 2024-12-31,2022-08-21,0,48,2026-10-06T04:43:25.466576+00:00
Indigo: What Do You See?,film Indigo,2020-01-01 2024-12-31,2022-08-28,0,46,2026-10-06T04:43:25.466576+00:00
Indigo: What Do You See?,film Indigo,2020-01-01 2024-12-31,2022-09-04,0,47,2026-10-06T04:43:25.466576+00:00
Indigo: What Do You See?,film Indigo,2020-01-01 2024-12-31,2022-09-11,0,42,2026-10-06T04:43:25.466576+00:00
Indigo: What Do You See?,film Indigo,2020-01-01 2024-12-31,2022-09-18,0,42,2026-10-06T04:43:25.466576+00:00
Indigo: What Do You See?,film Indigo,2020-01-01 2024-12-31,2022-09-25,0,41,2026-10-06T04:43:25.466576+00:00
Indigo: What Do You See?,film Indigo,2020-01-01 2024-12-31,2022-10-02,0,46,2026-10-06T04:43:25.466576+00:00
Indigo: What Do You See?,film Indigo,2020-01-01 2024-12-31,2022-10-09,0,54,2026-10-06T04:43:25.466576+00:00
Indigo: What Do You See?,film Indigo,2020-01-01 2024-12-31,2022-10-16,0,53,2026-10-06T04:43:25.466576+00:00
Indigo: What Do You See?,film Indigo,2020-01-01 2024-12-31,2022-10-23,0,48,2026-10-06T04:43:25.466576+00:00
Indigo: What Do You See?,film Indigo,2020-01-01 2024-12-31,2022-10-30,0,50,2026-10-06T04:43:25.466576+00:00
Indigo: What Do You See?,film Indigo,2020-01-01 2024-12-31,2022-11-06,0,52,2026-10-06T04:43:25.466576+00:00
Indigo: What Do You See?,film Indigo,2020-01-01 2024-12-31,2022-11-13,0,53,2026-10-06T04:43:25.466576+00:00
Indigo: What Do You See?,film Indigo,2020-01-01 2024-12-31,2022-11-20,0,44,2026-10-06T04:43:25.466576+00:00
Indigo: What Do You See?,film Indigo,2020-01-01 2024-12-31,2022-11-27,0,43,2026-10-06T04:43:25.466576+00:00
Indigo: What Do You See?,film Indigo,2020-01-01 2024-12-31,2022-12-04,0,41,2026-10-06T04:43:25.466576+00:00
Indigo: What Do You See?,film Indigo,2020-01-01 2024-12-31,2022-12-11,0,52,2026-10-06T04:43:25.466576+00:00
Indigo: What Do You See?,film Indigo,2020-01-01 2024-12-31,2022-12-18,0,58,2026-10-06T04:43:25.466576+00:00
Indigo: What Do You See?,film Indigo,2020-01-01 2024-12-31,2022-12-25,0,100,2026-10-06T04:43:25.466576+00:00
Indigo: What Do You See?,film Indigo,2020-01-01 2024-12-31,2023-01-01,0,63,2026-10-06T04:43:25.466576+00:00
Indigo: What Do You See?,film Indigo,2020-01-01 2024-12-31,2023-01-08,0,50,2026-10-06T04:43:25.466576+00:00
Indigo: What Do You See?,film Indigo,2020-01-01 2024-12-31,2023-01-15,0,48,2026-10-06T04:43:25.466576+00:00
Indigo: What Do You See?,film Indigo,2020-01-01 2024-12-31,2023-01-22,0,55,2026-10-06T04:43:25.466576+00:00
Indigo: What Do You See?,film Indigo,2020-01-01 2024-12-31,2023-01-29,0,48,2026-10-06T04:43:25.466576+00:00
Indigo: What Do You See?,film Indigo,2020-01-01 2024-12-31,2023-02-05,0,51,2026-10-06T04:43:25.466576+00:00
Indigo: What Do You See?,film Indigo,2020-01-01 2024-12-31,2023-02-12,0,55,2026-10-06T04:43:25.466576+00:00
Indigo: What Do You See?,film Indigo,2020-01-01 2024-12-31,2023-02-19,0,50,2026-10-06T04:43:25.466576+00:00
Indigo: What Do You See?,film Indigo,2020-01-01 2024-12-31,2023-02-26,0,50,2026-10-06T04:43:25.466576+00:00
Indigo: What Do You See?,film Indigo,2020-01-01 2024-12-31,2023-03-05,0,46,2026-10-06T04:43:25.466576+00:00
Indigo: What Do You See?,film Indigo,2020-01-01 2024-12-31,2023-03-12,0,46,2026-10-06T04:43:25.466576+00:00
Indigo: What Do You See?,film Indigo,2020-01-01 2024-12-31,2023-03-19,0,56,2026-10-06T04:43:25.466576+00:00
Indigo: What Do You See?,film Indigo,2020-01-01 2024-12-31,2023-03-26,1,46,2026-10-06T04:43:25.466576+00:00
Indigo: What Do You See?,film Indigo,2020-01-01 2024-12-31,2023-04-02,1,49,2026-10-06T04:43:25.466576+00:00
Indigo: What Do You See?,film Indigo,2020-01-01 2024-12-31,2023-04-09,0,46,2026-10-06T04:43:25.466576+00:00
Indigo: What Do You See?,film Indigo,2020-01-01 2024-12-31,2023-04-16,0,59,2026-10-06T04:43:25.466576+00:00
Indigo: What Do You See?,film Indigo,2020-01-01 2024-12-31,2023-04-23,0,83,2026-10-06T04:43:25.466576+00:00
Indigo: What Do You See?,film Indigo,2020-01-01 2024-12-31,2023-04-30,1,68,2026-10-06T04:43:25.466576+00:00
Indigo: What Do You See?,film Indigo,2020-01-01 2024-12-31,2023-05-07,0,57,2026-10-06T04:43:25.466576+00:00
Indigo: What Do You See?,film Indigo,2020-01-01 2024-12-31,2023-05-14,0,61,2026-10-06T04:43:25.466576+00:00
Indigo: What Do You See?,film Indigo,2020-01-01 2024-12-31,2023-05-21,0,58,2026-10-06T04:43:25.466576+00:00
Indigo: What Do You See?,film Indigo,2020-01-01 2024-12-31,2023-05-28,0,54,2026-10-06T04:43:25.466576+00:00
Indigo: What Do You See?,film Indigo,2020-01-01 2024-12-31,2023-06-04,0,48,2026-10-06T04:43:25.466576+00:00
Indigo: What Do You See?,film Indigo,2020-01-01 2024-12-31,2023-06-11,0,50,2026-10-06T04:43:25.466576+00:00
Indigo: What Do You See?,film Indigo,2020-01-01 2024-12-31,2023-06-18,0,55,2026-10-06T04:43:25.466576+00:00
Indigo: What Do You See?,film Indigo,2020-01-01 2024-12-31,2023-06-25,0,64,2026-10-06T04:43:25.466576+00:00
Indigo: What Do You See?,film Indigo,2020-01-01 2024-12-31,2023-07-02,0,55,2026-10-06T04:43:25.466576+00:00
Indigo: What Do You See?,film Indigo,2020-01-01 2024-12-31,2023-07-09,0,59,2026-10-06T04:43:25.466576+00:00
Indigo: What Do You See?,film Indigo,2020-01-01 2024-12-31,2023-07-16,0,59,2026-10-06T04:43:25.466576+00:00
Indigo: What Do You See?,film Indigo,2020-01-01 2024-12-31,2023-07-23,0,50,2026-10-06T04:43:25.466576+00:00
Indigo: What Do You See?,film Indigo,2020-01-01 2024-12-31,2023-07-30,0,47,2026-10-06T04:43:25.466576+00:00
Indigo: What Do You See?,film Indigo,2020-01-01 2024-12-31,2023-08-06,1,51,2026-10-06T04:43:25.466576+00:00
Indigo: What Do You See?,film Indigo,2020-01-01 2024-12-31,2023-08-13,1,53,2026-10-06T04:43:25.466576+00:00
Indigo: What Do You See?,film Indigo,2020-01-01 2024-12-31,2023-08-20,1,48,2026-10-06T04:43:25.466576+00:00
Indigo: What Do You See?,film Indigo,2020-01-01 2024-12-31,2023-08-27,1,50,2026-10-06T04:43:25.466576+00:00
Indigo: What Do You See?,film Indigo,2020-01-01 2024-12-31,2023-09-03,1,55,2026-10-06T04:43:25.466576+00:00
Indigo: What Do You See?,film Indigo,2020-01-01 2024-12-31,2023-09-10,2,50,2026-10-06T04:43:25.466576+00:00
Indigo: What Do You See?,film Indigo,2020-01-01 2024-12-31,2023-09-17,2,52,2026-10-06T04:43:25.466576+00:00
Indigo: What Do You See?,film Indigo,2020-01-01 2024-12-31,2023-09-24,2,54,2026-10-06T04:43:25.466576+00:00
Indigo: What Do You See?,film Indigo,2020-01-01 2024-12-31,2023-10-01,2,57,2026-10-06T04:43:25.466576+00:00
Indigo: What Do You See?,film Indigo,2020-01-01 2024-12-31,2023-10-08,3,58,2026-10-06T04:43:25.466576+00:00
Indigo: What Do You See?,film Indigo,2020-01-01 2024-12-31,2023-10-15,16,55,2026-10-06T04:43:25.466576+00:00
Indigo: What Do You See?,film Indigo,2020-01-01 2024-12-31,2023-10-22,19,57,2026-10-06T04:43:25.466576+00:00
Indigo: What Do You See?,film Indigo,2020-01-01 2024-12-31,2023-10-29,13,56,2026-10-06T04:43:25.466576+00:00
Indigo: What Do You See?,film Indigo,2020-01-01 2024-12-31,2023-11-05,7,54,2026-10-06T04:43:25.466576+00:00
Indigo: What Do You See?,film Indigo,2020-01-01 2024-12-31,2023-11-12,4,54,2026-10-06T04:43:25.466576+00:00
Indigo: What Do You See?,film Indigo,2020-01-01 2024-12-31,2023-11-19,2,52,2026-10-06T04:43:25.466576+00:00
Indigo: What Do You See?,film Indigo,2020-01-01 2024-12-31,2023-11-26,1,49,2026-10-06T04:43:25.466576+00:00
Indigo: What Do You See?,film Indigo,2020-01-01 2024-12-31,2023-12-03,1,50,2026-10-06T04:43:25.466576+00:00
Indigo: What Do You See?,film Indigo,2020-01-01 2024-12-31,2023-12-10,1,58,2026-10-06T04:43:25.466576+00:00
Indigo: What Do You See?,film Indigo,2020-01-01 2024-12-31,2023-12-17,1,60,2026-10-06T04:43:25.466576+00:00
Indigo: What Do You See?,film Indigo,2020-01-01 2024-12-31,2023-12-24,1,88,2026-10-06T04:43:25.466576+00:00
Indigo: What Do You See?,film Indigo,2020-01-01 2024-12-31,2023-12-31,1,67,2026-10-06T04:43:25.466576+00:00
Indigo: What Do You See?,film Indigo,2020-01-01 2024-12-31,2024-01-07,1,51,2026-10-06T04:43:25.466576+00:00
Indigo: What Do You See?,film Indigo,2020-01-01 2024-12-31,2024-01-14,1,49,2026-10-06T04:43:25.466576+00:00
Indigo: What Do You See?,film Indigo,2020-01-01 2024-12-31,2024-01-21,1,50,2026-10-06T04:43:25.466576+00:00
Indigo: What Do You See?,film Indigo,2020-01-01 2024-12-31,2024-01-28,1,53,2026-10-06T04:43:25.466576+00:00
Indigo: What Do You See?,film Indigo,2020-01-01 2024-12-31,2024-02-04,1,57,2026-10-06T04:43:25.466576+00:00
Indigo: What Do You See?,film Indigo,2020-01-01 2024-12-31,2024-02-11,1,53,2026-10-06T04:43:25.466576+00:00
Indigo: What Do You See?,film Indigo,2020-01-01 2024-12-31,2024-02-18,1,49,2026-10-06T04:43:25.466576+00:00
Indigo: What Do You See?,film Indigo,2020-01-01 2024-12-31,2024-02-25,10,54,2026-10-06T04:43:25.466576+00:00
Indigo: What Do You See?,film Indigo,2020-01-01 2024-12-31,2024-03-03,7,51,2026-10-06T04:43:25.466576+00:00
Indigo: What Do You See?,film Indigo,2020-01-01 2024-12-31,2024-03-10,6,56,2026-10-06T04:43:25.466576+00:00
Indigo: What Do You See?,film Indigo,2020-01-01 2024-12-31,2024-03-17,4,47,2026-10-06T04:43:25.466576+00:00
Indigo: What Do You See?,film Indigo,2020-01-01 2024-12-31,2024-03-24,2,51,2026-10-06T04:43:25.466576+00:00
Indigo: What Do You See?,film Indigo,2020-01-01 2024-12-31,2024-03-31,2,47,2026-10-06T04:43:25.466576+00:00
Indigo: What Do You See?,film Indigo,2020-01-01 2024-12-31,2024-04-07,3,69,2026-10-06T04:43:25.466576+00:00
Indigo: What Do You See?,film Indigo,2020-01-01 2024-12-31,2024-04-14,2,60,2026-10-06T04:43:25.466576+00:00
Indigo: What Do You See?,film Indigo,2020-01-01 2024-12-31,2024-04-21,2,48,2026-10-06T04:43:25.466576+00:00
Indigo: What Do You See?,film Indigo,2020-01-01 2024-12-31,2024-04-28,1,46,2026-10-06T04:43:25.466576+00:00
Indigo: What Do You See?,film Indigo,2020-01-01 2024-12-31,2024-05-05,1,53,2026-10-06T04:43:25.466576+00:00
Indigo: What Do You See?,film Indigo,2020-01-01 2024-12-31,2024-05-12,1,54,2026-10-06T04:43:25.466576+00:00
Indigo: What Do You See?,film Indigo,2020-01-01 2024-12-31,2024-05-19,1,51,2026-10-06T04:43:25.466576+00:00
Indigo: What Do You See?,film Indigo,2020-01-01 2024-12-31,2024-05-26,1,41,2026-10-06T04:43:25.466576+00:00
Indigo: What Do You See?,film Indigo,2020-01-01 2024-12-31,2024-06-02,1,36,2026-10-06T04:43:25.466576+00:00
Indigo: What Do You See?,film Indigo,2020-01-01 2024-12-31,2024-06-09,2,41,2026-10-06T04:43:25.466576+00:00
Indigo: What Do You See?,film Indigo,2020-01-01 2024-12-31,2024-06-16,1,51,2026-10-06T04:43:25.466576+00:00
Indigo: What Do You See?,film Indigo,2020-01-01 2024-12-31,2024-06-23,1,48,2026-10-06T04:43:25.466576+00:00
Indigo: What Do You See?,film Indigo,2020-01-01 2024-12-31,2024-06-30,2,53,2026-10-06T04:43:25.466576+00:00
Indigo: What Do You See?,film Indigo,2020-01-01 2024-12-31,2024-07-07,1,52,2026-10-06T04:43:25.466576+00:00
Indigo: What Do You See?,film Indigo,2020-01-01 2024-12-31,2024-07-14,1,50,2026-10-06T04:43:25.466576+00:00
Indigo: What Do You See?,film Indigo,2020-01-01 2024-12-31,2024-07-21,1,51,2026-10-06T04:43:25.466576+00:00
Indigo: What Do You See?,film Indigo,2020-01-01 2024-12-31,2024-07-28,1,50,2026-10-06T04:43:25.466576+00:00
Indigo: What Do You See?,film Indigo,2020-01-01 2024-12-31,2024-08-04,2,46,2026-10-06T04:43:25.466576+00:00
Indigo: What Do You See?,film Indigo,2020-01-01 2024-12-31,2024-08-11,1,51,2026-10-06T04:43:25.466576+00:00
Indigo: What Do You See?,film Indigo,2020-01-01 2024-12-31,2024-08-18,1,48,2026-10-06T04:43:25.466576+00:00
Indigo: What Do You See?,film Indigo,2020-01-01 2024-12-31,2024-08-25,0,48,2026-10-06T04:43:25.466576+00:00
Indigo: What Do You See?,film Indigo,2020-01-01 2024-12-31,2024-09-01,1,45,2026-10-06T04:43:25.466576+00:00
Indigo: What Do You See?,film Indigo,2020-01-01 2024-12-31,2024-09-08,1,50,2026-10-06T04:43:25.466576+00:00
Indigo: What Do You See?,film Indigo,2020-01-01 2024-12-31,2024-09-15,1,55,2026-10-06T04:43:25.466576+00:00
Indigo: What Do You See?,film Indigo,2020-01-01 2024-12-31,2024-09-22,1,54,2026-10-06T04:43:25.466576+00:00
Indigo: What Do You See?,film Indigo,2020-01-01 2024-12-31,2024-09-29,1,54,2026-10-06T04:43:25.466576+00:00
Indigo: What Do You See?,film Indigo,2020-01-01 2024-12-31,2024-10-06,1,52,2026-10-06T04:43:25.466576+00:00
Indigo: What Do You See?,film Indigo,2020-01-01 2024-12-31,2024-10-13,1,50,2026-10-06T04:43:25.466576+00:00
Indigo: What Do You See?,film Indigo,2020-01-01 2024-12-31,2024-10-20,1,50,2026-10-06T04:43:25.466576+00:00
Indigo: What Do You See?,film Indigo,2020-01-01 2024-12-31,2024-10-27,1,50,2026-10-06T04:43:25.466576+00:00
Indigo: What Do You See?,film Indigo,2020-01-01 2024-12-31,2024-11-03,0,61,2026-10-06T04:43:25.466576+00:00
Indigo: What Do You See?,film Indigo,2020-01-01 2024-12-31,2024-11-10,1,57,2026-10-06T04:43:25.466576+00:00
Indigo: What Do You See?,film Indigo,2020-01-01 2024-12-31,2024-11-17,0,61,2026-10-06T04:43:25.466576+00:00
Indigo: What Do You See?,film Indigo,2020-01-01 2024-12-31,2024-11-24,1,59,2026-10-06T04:43:25.466576+00:00
Indigo: What Do You See?,film Indigo,2020-01-01 2024-12-31,2024-12-01,1,52,2026-10-06T04:43:25.466576+00:00
Indigo: What Do You See?,film Indigo,2020-01-01 2024-12-31,2024-12-08,0,56,2026-10-06T04:43:25.466576+00:00
Indigo: What Do You See?,film Indigo,2020-01-01 2024-12-31,2024-12-15,1,65,2026-10-06T04:43:25.466576+00:00
Indigo: What Do You See?,film Indigo,2020-01-01 2024-12-31,2024-12-22,1,78,2026-10-06T04:43:25.466576+00:00
Indigo: What Do You See?,film Indigo,2020-01-01 2024-12-31,2024-12-29,0,79,2026-10-06T04:43:25.466576+00:00
Indigo: What Do You See?,film Indigo,2022-01-01 2026-10-06,2021-12-26,0,73,2026-10-06T04:43:37.227766+00:00
Indigo: What Do You See?,film Indigo,2022-01-01 2026-10-06,2022-01-02,0,57,2026-10-06T04:43:37.227766+00:00
Indigo: What Do You See?,film Indigo,2022-01-01 2026-10-06,2022-01-09,0,61,2026-10-06T04:43:37.227766+00:00
Indigo: What Do You See?,film Indigo,2022-01-01 2026-10-06,2022-01-16,0,46,2026-10-06T04:43:37.227766+00:00
Indigo: What Do You See?,film Indigo,2022-01-01 2026-10-06,2022-01-23,0,47,2026-10-06T04:43:37.227766+00:00
Indigo: What Do You See?,film Indigo,2022-01-01 2026-10-06,2022-01-30,0,46,2026-10-06T04:43:37.227766+00:00
Indigo: What Do You See?,film Indigo,2022-01-01 2026-10-06,2022-02-06,0,46,2026-10-06T04:43:37.227766+00:00
Indigo: What Do You See?,film Indigo,2022-01-01 2026-10-06,2022-02-13,0,50,2026-10-06T04:43:37.227766+00:00
Indigo: What Do You See?,film Indigo,2022-01-01 2026-10-06,2022-02-20,0,46,2026-10-06T04:43:37.227766+00:00
Indigo: What Do You See?,film Indigo,2022-01-01 2026-10-06,2022-02-27,0,51,2026-10-06T04:43:37.227766+00:00
Indigo: What Do You See?,film Indigo,2022-01-01 2026-10-06,2022-03-06,0,38,2026-10-06T04:43:37.227766+00:00
Indigo: What Do You See?,film Indigo,2022-01-01 2026-10-06,2022-03-13,0,40,2026-10-06T04:43:37.227766+00:00
Indigo: What Do You See?,film Indigo,2022-01-01 2026-10-06,2022-03-20,0,42,2026-10-06T04:43:37.227766+00:00
Indigo: What Do You See?,film Indigo,2022-01-01 2026-10-06,2022-03-27,0,40,2026-10-06T04:43:37.227766+00:00
Indigo: What Do You See?,film Indigo,2022-01-01 2026-10-06,2022-04-03,0,42,2026-10-06T04:43:37.227766+00:00
Indigo: What Do You See?,film Indigo,2022-01-01 2026-10-06,2022-04-10,0,43,2026-10-06T04:43:37.227766+00:00
Indigo: What Do You See?,film Indigo,2022-01-01 2026-10-06,2022-04-17,0,47,2026-10-06T04:43:37.227766+00:00
Indigo: What Do You See?,film Indigo,2022-01-01 2026-10-06,2022-04-24,0,51,2026-10-06T04:43:37.227766+00:00
Indigo: What Do You See?,film Indigo,2022-01-01 2026-10-06,2022-05-01,0,90,2026-10-06T04:43:37.227766+00:00
Indigo: What Do You See?,film Indigo,2022-01-01 2026-10-06,2022-05-08,0,69,2026-10-06T04:43:37.227766+00:00
Indigo: What Do You See?,film Indigo,2022-01-01 2026-10-06,2022-05-15,0,57,2026-10-06T04:43:37.227766+00:00
Indigo: What Do You See?,film Indigo,2022-01-01 2026-10-06,2022-05-22,0,53,2026-10-06T04:43:37.227766+00:00
Indigo: What Do You See?,film Indigo,2022-01-01 2026-10-06,2022-05-29,0,49,2026-10-06T04:43:37.227766+00:00
Indigo: What Do You See?,film Indigo,2022-01-01 2026-10-06,2022-06-05,0,44,2026-10-06T04:43:37.227766+00:00
Indigo: What Do You See?,film Indigo,2022-01-01 2026-10-06,2022-06-12,0,46,2026-10-06T04:43:37.227766+00:00
Indigo: What Do You See?,film Indigo,2022-01-01 2026-10-06,2022-06-19,0,54,2026-10-06T04:43:37.227766+00:00
Indigo: What Do You See?,film Indigo,2022-01-01 2026-10-06,2022-06-26,0,52,2026-10-06T04:43:37.227766+00:00
Indigo: What Do You See?,film Indigo,2022-01-01 2026-10-06,2022-07-03,0,50,2026-10-06T04:43:37.227766+00:00
Indigo: What Do You See?,film Indigo,2022-01-01 2026-10-06,2022-07-10,0,55,2026-10-06T04:43:37.227766+00:00
Indigo: What Do You See?,film Indigo,2022-01-01 2026-10-06,2022-07-17,0,50,2026-10-06T04:43:37.227766+00:00
Indigo: What Do You See?,film Indigo,2022-01-01 2026-10-06,2022-07-24,0,44,2026-10-06T04:43:37.227766+00:00
Indigo: What Do You See?,film Indigo,2022-01-01 2026-10-06,2022-07-31,0,50,2026-10-06T04:43:37.227766+00:00
Indigo: What Do You See?,film Indigo,2022-01-01 2026-10-06,2022-08-07,0,48,2026-10-06T04:43:37.227766+00:00
Indigo: What Do You See?,film Indigo,2022-01-01 2026-10-06,2022-08-14,0,50,2026-10-06T04:43:37.227766+00:00
Indigo: What Do You See?,film Indigo,2022-01-01 2026-10-06,2022-08-21,0,45,2026-10-06T04:43:37.227766+00:00
Indigo: What Do You See?,film Indigo,2022-01-01 2026-10-06,2022-08-28,0,42,2026-10-06T04:43:37.227766+00:00
Indigo: What Do You See?,film Indigo,2022-01-01 2026-10-06,2022-09-04,0,43,2026-10-06T04:43:37.227766+00:00
Indigo: What Do You See?,film Indigo,2022-01-01 2026-10-06,2022-09-11,0,39,2026-10-06T04:43:37.227766+00:00
Indigo: What Do You See?,film Indigo,2022-01-01 2026-10-06,2022-09-18,0,39,2026-10-06T04:43:37.227766+00:00
Indigo: What Do You See?,film Indigo,2022-01-01 2026-10-06,2022-09-25,0,38,2026-10-06T04:43:37.227766+00:00
Indigo: What Do You See?,film Indigo,2022-01-01 2026-10-06,2022-10-02,0,43,2026-10-06T04:43:37.227766+00:00
Indigo: What Do You See?,film Indigo,2022-01-01 2026-10-06,2022-10-09,0,50,2026-10-06T04:43:37.227766+00:00
Indigo: What Do You See?,film Indigo,2022-01-01 2026-10-06,2022-10-16,0,49,2026-10-06T04:43:37.227766+00:00
Indigo: What Do You See?,film Indigo,2022-01-01 2026-10-06,2022-10-23,0,45,2026-10-06T04:43:37.227766+00:00
Indigo: What Do You See?,film Indigo,2022-01-01 2026-10-06,2022-10-30,0,46,2026-10-06T04:43:37.227766+00:00
Indigo: What Do You See?,film Indigo,2022-01-01 2026-10-06,2022-11-06,0,48,2026-10-06T04:43:37.227766+00:00
Indigo: What Do You See?,film Indigo,2022-01-01 2026-10-06,2022-11-13,0,49,2026-10-06T04:43:37.227766+00:00
Indigo: What Do You See?,film Indigo,2022-01-01 2026-10-06,2022-11-20,0,41,2026-10-06T04:43:37.227766+00:00
Indigo: What Do You See?,film Indigo,2022-01-01 2026-10-06,2022-11-27,0,40,2026-10-06T04:43:37.227766+00:00
Indigo: What Do You See?,film Indigo,2022-01-01 2026-10-06,2022-12-04,0,38,2026-10-06T04:43:37.227766+00:00
Indigo: What Do You See?,film Indigo,2022-01-01 2026-10-06,2022-12-11,0,48,2026-10-06T04:43:37.227766+00:00
Indigo: What Do You See?,film Indigo,2022-01-01 2026-10-06,2022-12-18,0,53,2026-10-06T04:43:37.227766+00:00
Indigo: What Do You See?,film Indigo,2022-01-01 2026-10-06,2022-12-25,0,92,2026-10-06T04:43:37.227766+00:00
Indigo: What Do You See?,film Indigo,2022-01-01 2026-10-06,2023-01-01,0,58,2026-10-06T04:43:37.227766+00:00
Indigo: What Do You See?,film Indigo,2022-01-01 2026-10-06,2023-01-08,0,46,2026-10-06T04:43:37.227766+00:00
Indigo: What Do You See?,film Indigo,2022-01-01 2026-10-06,2023-01-15,0,44,2026-10-06T04:43:37.227766+00:00
Indigo: What Do You See?,film Indigo,2022-01-01 2026-10-06,2023-01-22,0,51,2026-10-06T04:43:37.227766+00:00
Indigo: What Do You See?,film Indigo,2022-01-01 2026-10-06,2023-01-29,0,44,2026-10-06T04:43:37.227766+00:00
Indigo: What Do You See?,film Indigo,2022-01-01 2026-10-06,2023-02-05,0,47,2026-10-06T04:43:37.227766+00:00
Indigo: What Do You See?,film Indigo,2022-01-01 2026-10-06,2023-02-12,0,51,2026-10-06T04:43:37.227766+00:00
Indigo: What Do You See?,film Indigo,2022-01-01 2026-10-06,2023-02-19,0,46,2026-10-06T04:43:37.227766+00:00
Indigo: What Do You See?,film Indigo,2022-01-01 2026-10-06,2023-02-26,0,46,2026-10-06T04:43:37.227766+00:00
Indigo: What Do You See?,film Indigo,2022-01-01 2026-10-06,2023-03-05,0,43,2026-10-06T04:43:37.227766+00:00
Indigo: What Do You See?,film Indigo,2022-01-01 2026-10-06,2023-03-12,0,42,2026-10-06T04:43:37.227766+00:00
Indigo: What Do You See?,film Indigo,2022-01-01 2026-10-06,2023-03-19,0,52,2026-10-06T04:43:37.227766+00:00
Indigo: What Do You See?,film Indigo,2022-01-01 2026-10-06,2023-03-26,0,43,2026-10-06T04:43:37.227766+00:00
Indigo: What Do You See?,film Indigo,2022-01-01 2026-10-06,2023-04-02,1,45,2026-10-06T04:43:37.227766+00:00
Indigo: What Do You See?,film Indigo,2022-01-01 2026-10-06,2023-04-09,0,43,2026-10-06T04:43:37.227766+00:00
Indigo: What Do You See?,film Indigo,2022-01-01 2026-10-06,2023-04-16,0,54,2026-10-06T04:43:37.227766+00:00
Indigo: What Do You See?,film Indigo,2022-01-01 2026-10-06,2023-04-23,0,77,2026-10-06T04:43:37.227766+00:00
Indigo: What Do You See?,film Indigo,2022-01-01 2026-10-06,2023-04-30,0,63,2026-10-06T04:43:37.227766+00:00
Indigo: What Do You See?,film Indigo,2022-01-01 2026-10-06,2023-05-07,0,53,2026-10-06T04:43:37.227766+00:00
Indigo: What Do You See?,film Indigo,2022-01-01 2026-10-06,2023-05-14,0,56,2026-10-06T04:43:37.227766+00:00
Indigo: What Do You See?,film Indigo,2022-01-01 2026-10-06,2023-05-21,0,54,2026-10-06T04:43:37.227766+00:00
Indigo: What Do You See?,film Indigo,2022-01-01 2026-10-06,2023-05-28,0,50,2026-10-06T04:43:37.227766+00:00
Indigo: What Do You See?,film Indigo,2022-01-01 2026-10-06,2023-06-04,0,44,2026-10-06T04:43:37.227766+00:00
Indigo: What Do You See?,film Indigo,2022-01-01 2026-10-06,2023-06-11,0,47,2026-10-06T04:43:37.227766+00:00
Indigo: What Do You See?,film Indigo,2022-01-01 2026-10-06,2023-06-18,0,50,2026-10-06T04:43:37.227766+00:00
Indigo: What Do You See?,film Indigo,2022-01-01 2026-10-06,2023-06-25,0,59,2026-10-06T04:43:37.227766+00:00
Indigo: What Do You See?,film Indigo,2022-01-01 2026-10-06,2023-07-02,0,51,2026-10-06T04:43:37.227766+00:00
Indigo: What Do You See?,film Indigo,2022-01-01 2026-10-06,2023-07-09,0,55,2026-10-06T04:43:37.227766+00:00
Indigo: What Do You See?,film Indigo,2022-01-01 2026-10-06,2023-07-16,0,54,2026-10-06T04:43:37.227766+00:00
Indigo: What Do You See?,film Indigo,2022-01-01 2026-10-06,2023-07-23,0,47,2026-10-06T04:43:37.227766+00:00
Indigo: What Do You See?,film Indigo,2022-01-01 2026-10-06,2023-07-30,0,43,2026-10-06T04:43:37.227766+00:00
Indigo: What Do You See?,film Indigo,2022-01-01 2026-10-06,2023-08-06,1,47,2026-10-06T04:43:37.227766+00:00
Indigo: What Do You See?,film Indigo,2022-01-01 2026-10-06,2023-08-13,1,49,2026-10-06T04:43:37.227766+00:00
Indigo: What Do You See?,film Indigo,2022-01-01 2026-10-06,2023-08-20,1,44,2026-10-06T04:43:37.227766+00:00
Indigo: What Do You See?,film Indigo,2022-01-01 2026-10-06,2023-08-27,1,46,2026-10-06T04:43:37.227766+00:00
Indigo: What Do You See?,film Indigo,2022-01-01 2026-10-06,2023-09-03,1,51,2026-10-06T04:43:37.227766+00:00
Indigo: What Do You See?,film Indigo,2022-01-01 2026-10-06,2023-09-10,2,46,2026-10-06T04:43:37.227766+00:00
Indigo: What Do You See?,film Indigo,2022-01-01 2026-10-06,2023-09-17,1,48,2026-10-06T04:43:37.227766+00:00
Indigo: What Do You See?,film Indigo,2022-01-01 2026-10-06,2023-09-24,2,50,2026-10-06T04:43:37.227766+00:00
Indigo: What Do You See?,film Indigo,2022-01-01 2026-10-06,2023-10-01,2,52,2026-10-06T04:43:37.227766+00:00
Indigo: What Do You See?,film Indigo,2022-01-01 2026-10-06,2023-10-08,3,53,2026-10-06T04:43:37.227766+00:00
Indigo: What Do You See?,film Indigo,2022-01-01 2026-10-06,2023-10-15,15,51,2026-10-06T04:43:37.227766+00:00
Indigo: What Do You See?,film Indigo,2022-01-01 2026-10-06,2023-10-22,17,52,2026-10-06T04:43:37.227766+00:00
Indigo: What Do You See?,film Indigo,2022-01-01 2026-10-06,2023-10-29,12,52,2026-10-06T04:43:37.227766+00:00
Indigo: What Do You See?,film Indigo,2022-01-01 2026-10-06,2023-11-05,7,50,2026-10-06T04:43:37.227766+00:00
Indigo: What Do You See?,film Indigo,2022-01-01 2026-10-06,2023-11-12,3,50,2026-10-06T04:43:37.227766+00:00
Indigo: What Do You See?,film Indigo,2022-01-01 2026-10-06,2023-11-19,2,48,2026-10-06T04:43:37.227766+00:00
Indigo: What Do You See?,film Indigo,2022-01-01 2026-10-06,2023-11-26,1,45,2026-10-06T04:43:37.227766+00:00
Indigo: What Do You See?,film Indigo,2022-01-01 2026-10-06,2023-12-03,1,46,2026-10-06T04:43:37.227766+00:00
Indigo: What Do You See?,film Indigo,2022-01-01 2026-10-06,2023-12-10,1,53,2026-10-06T04:43:37.227766+00:00
Indigo: What Do You See?,film Indigo,2022-01-01 2026-10-06,2023-12-17,1,56,2026-10-06T04:43:37.227766+00:00
Indigo: What Do You See?,film Indigo,2022-01-01 2026-10-06,2023-12-24,1,81,2026-10-06T04:43:37.227766+00:00
Indigo: What Do You See?,film Indigo,2022-01-01 2026-10-06,2023-12-31,1,62,2026-10-06T04:43:37.227766+00:00
Indigo: What Do You See?,film Indigo,2022-01-01 2026-10-06,2024-01-07,1,47,2026-10-06T04:43:37.227766+00:00
Indigo: What Do You See?,film Indigo,2022-01-01 2026-10-06,2024-01-14,1,45,2026-10-06T04:43:37.227766+00:00
Indigo: What Do You See?,film Indigo,2022-01-01 2026-10-06,2024-01-21,1,46,2026-10-06T04:43:37.227766+00:00
Indigo: What Do You See?,film Indigo,2022-01-01 2026-10-06,2024-01-28,1,49,2026-10-06T04:43:37.227766+00:00
Indigo: What Do You See?,film Indigo,2022-01-01 2026-10-06,2024-02-04,1,52,2026-10-06T04:43:37.227766+00:00
Indigo: What Do You See?,film Indigo,2022-01-01 2026-10-06,2024-02-11,1,49,2026-10-06T04:43:37.227766+00:00
Indigo: What Do You See?,film Indigo,2022-01-01 2026-10-06,2024-02-18,1,45,2026-10-06T04:43:37.227766+00:00
Indigo: What Do You See?,film Indigo,2022-01-01 2026-10-06,2024-02-25,9,50,2026-10-06T04:43:37.227766+00:00
Indigo: What Do You See?,film Indigo,2022-01-01 2026-10-06,2024-03-03,7,47,2026-10-06T04:43:37.227766+00:00
Indigo: What Do You See?,film Indigo,2022-01-01 2026-10-06,2024-03-10,6,52,2026-10-06T04:43:37.227766+00:00
Indigo: What Do You See?,film Indigo,2022-01-01 2026-10-06,2024-03-17,3,43,2026-10-06T04:43:37.227766+00:00
Indigo: What Do You See?,film Indigo,2022-01-01 2026-10-06,2024-03-24,2,47,2026-10-06T04:43:37.227766+00:00
Indigo: What Do You See?,film Indigo,2022-01-01 2026-10-06,2024-03-31,2,44,2026-10-06T04:43:37.227766+00:00
Indigo: What Do You See?,film Indigo,2022-01-01 2026-10-06,2024-04-07,3,64,2026-10-06T04:43:37.227766+00:00
Indigo: What Do You See?,film Indigo,2022-01-01 2026-10-06,2024-04-14,2,55,2026-10-06T04:43:37.227766+00:00
Indigo: What Do You See?,film Indigo,2022-01-01 2026-10-06,2024-04-21,2,44,2026-10-06T04:43:37.227766+00:00
Indigo: What Do You See?,film Indigo,2022-01-01 2026-10-06,2024-04-28,1,42,2026-10-06T04:43:37.227766+00:00
Indigo: What Do You See?,film Indigo,2022-01-01 2026-10-06,2024-05-05,1,48,2026-10-06T04:43:37.227766+00:00
Indigo: What Do You See?,film Indigo,2022-01-01 2026-10-06,2024-05-12,1,50,2026-10-06T04:43:37.227766+00:00
Indigo: What Do You See?,film Indigo,2022-01-01 2026-10-06,2024-05-19,1,47,2026-10-06T04:43:37.227766+00:00
Indigo: What Do You See?,film Indigo,2022-01-01 2026-10-06,2024-05-26,1,38,2026-10-06T04:43:37.227766+00:00
Indigo: What Do You See?,film Indigo,2022-01-01 2026-10-06,2024-06-02,1,34,2026-10-06T04:43:37.227766+00:00
Indigo: What Do You See?,film Indigo,2022-01-01 2026-10-06,2024-06-09,2,38,2026-10-06T04:43:37.227766+00:00
Indigo: What Do You See?,film Indigo,2022-01-01 2026-10-06,2024-06-16,1,47,2026-10-06T04:43:37.227766+00:00
Indigo: What Do You See?,film Indigo,2022-01-01 2026-10-06,2024-06-23,1,44,2026-10-06T04:43:37.227766+00:00
Indigo: What Do You See?,film Indigo,2022-01-01 2026-10-06,2024-06-30,1,49,2026-10-06T04:43:37.227766+00:00
Indigo: What Do You See?,film Indigo,2022-01-01 2026-10-06,2024-07-07,1,48,2026-10-06T04:43:37.227766+00:00
Indigo: What Do You See?,film Indigo,2022-01-01 2026-10-06,2024-07-14,1,46,2026-10-06T04:43:37.227766+00:00
Indigo: What Do You See?,film Indigo,2022-01-01 2026-10-06,2024-07-21,1,47,2026-10-06T04:43:37.227766+00:00
Indigo: What Do You See?,film Indigo,2022-01-01 2026-10-06,2024-07-28,1,46,2026-10-06T04:43:37.227766+00:00
Indigo: What Do You See?,film Indigo,2022-01-01 2026-10-06,2024-08-04,2,42,2026-10-06T04:43:37.227766+00:00
Indigo: What Do You See?,film Indigo,2022-01-01 2026-10-06,2024-08-11,1,47,2026-10-06T04:43:37.227766+00:00
Indigo: What Do You See?,film Indigo,2022-01-01 2026-10-06,2024-08-18,1,45,2026-10-06T04:43:37.227766+00:00
Indigo: What Do You See?,film Indigo,2022-01-01 2026-10-06,2024-08-25,0,44,2026-10-06T04:43:37.227766+00:00
Indigo: What Do You See?,film Indigo,2022-01-01 2026-10-06,2024-09-01,1,42,2026-10-06T04:43:37.227766+00:00
Indigo: What Do You See?,film Indigo,2022-01-01 2026-10-06,2024-09-08,1,46,2026-10-06T04:43:37.227766+00:00
Indigo: What Do You See?,film Indigo,2022-01-01 2026-10-06,2024-09-15,1,51,2026-10-06T04:43:37.227766+00:00
Indigo: What Do You See?,film Indigo,2022-01-01 2026-10-06,2024-09-22,1,50,2026-10-06T04:43:37.227766+00:00
Indigo: What Do You See?,film Indigo,2022-01-01 2026-10-06,2024-09-29,1,50,2026-10-06T04:43:37.227766+00:00
Indigo: What Do You See?,film Indigo,2022-01-01 2026-10-06,2024-10-06,1,48,2026-10-06T04:43:37.227766+00:00
Indigo: What Do You See?,film Indigo,2022-01-01 2026-10-06,2024-10-13,1,46,2026-10-06T04:43:37.227766+00:00
Indigo: What Do You See?,film Indigo,2022-01-01 2026-10-06,2024-10-20,1,46,2026-10-06T04:43:37.227766+00:00
Indigo: What Do You See?,film Indigo,2022-01-01 2026-10-06,2024-10-27,1,46,2026-10-06T04:43:37.227766+00:00
Indigo: What Do You See?,film Indigo,2022-01-01 2026-10-06,2024-11-03,0,56,2026-10-06T04:43:37.227766+00:00
Indigo: What Do You See?,film Indigo,2022-01-01 2026-10-06,2024-11-10,1,52,2026-10-06T04:43:37.227766+00:00
Indigo: What Do You See?,film Indigo,2022-01-01 2026-10-06,2024-11-17,0,57,2026-10-06T04:43:37.227766+00:00
Indigo: What Do You See?,film Indigo,2022-01-01 2026-10-06,2024-11-24,1,55,2026-10-06T04:43:37.227766+00:00
Indigo: What Do You See?,film Indigo,2022-01-01 2026-10-06,2024-12-01,0,48,2026-10-06T04:43:37.227766+00:00
Indigo: What Do You See?,film Indigo,2022-01-01 2026-10-06,2024-12-08,0,52,2026-10-06T04:43:37.227766+00:00
Indigo: What Do You See?,film Indigo,2022-01-01 2026-10-06,2024-12-15,1,60,2026-10-06T04:43:37.227766+00:00
Indigo: What Do You See?,film Indigo,2022-01-01 2026-10-06,2024-12-22,1,72,2026-10-06T04:43:37.227766+00:00
Indigo: What Do You See?,film Indigo,2022-01-01 2026-10-06,2024-12-29,0,73,2026-10-06T04:43:37.227766+00:00
Indigo: What Do You See?,film Indigo,2022-01-01 2026-10-06,2025-01-05,1,61,2026-10-06T04:43:37.227766+00:00
Indigo: What Do You See?,film Indigo,2022-01-01 2026-10-06,2025-01-12,1,51,2026-10-06T04:43:37.227766+00:00
Indigo: What Do You See?,film Indigo,2022-01-01 2026-10-06,2025-01-19,0,59,2026-10-06T04:43:37.227766+00:00
Indigo: What Do You See?,film Indigo,2022-01-01 2026-10-06,2025-01-26,1,65,2026-10-06T04:43:37.227766+00:00
Indigo: What Do You See?,film Indigo,2022-01-01 2026-10-06,2025-02-02,0,49,2026-10-06T04:43:37.227766+00:00
Indigo: What Do You See?,film Indigo,2022-01-01 2026-10-06,2025-02-09,1,50,2026-10-06T04:43:37.227766+00:00
Indigo: What Do You See?,film Indigo,2022-01-01 2026-10-06,2025-02-16,0,49,2026-10-06T04:43:37.227766+00:00
Indigo: What Do You See?,film Indigo,2022-01-01 2026-10-06,2025-02-23,0,50,2026-10-06T04:43:37.227766+00:00
Indigo: What Do You See?,film Indigo,2022-01-01 2026-10-06,2025-03-02,0,47,2026-10-06T04:43:37.227766+00:00
Indigo: What Do You See?,film Indigo,2022-01-01 2026-10-06,2025-03-09,1,44,2026-10-06T04:43:37.227766+00:00
Indigo: What Do You See?,film Indigo,2022-01-01 2026-10-06,2025-03-16,1,49,2026-10-06T04:43:37.227766+00:00
Indigo: What Do You See?,film Indigo,2022-01-01 2026-10-06,2025-03-23,1,57,2026-10-06T04:43:37.227766+00:00
Indigo: What Do You See?,film Indigo,2022-01-01 2026-10-06,2025-03-30,1,100,2026-10-06T04:43:37.227766+00:00
Indigo: What Do You See?,film Indigo,2022-01-01 2026-10-06,2025-04-06,1,63,2026-10-06T04:43:37.227766+00:00
Indigo: What Do You See?,film Indigo,2022-01-01 2026-10-06,2025-04-13,1,48,2026-10-06T04:43:37.227766+00:00
Indigo: What Do You See?,film Indigo,2022-01-01 2026-10-06,2025-04-20,1,46,2026-10-06T04:43:37.227766+00:00
Indigo: What Do You See?,film Indigo,2022-01-01 2026-10-06,2025-04-27,0,44,2026-10-06T04:43:37.227766+00:00
Indigo: What Do You See?,film Indigo,2022-01-01 2026-10-06,2025-05-04,1,39,2026-10-06T04:43:37.227766+00:00
Indigo: What Do You See?,film Indigo,2022-01-01 2026-10-06,2025-05-11,1,49,2026-10-06T04:43:37.227766+00:00
Indigo: What Do You See?,film Indigo,2022-01-01 2026-10-06,2025-05-18,0,43,2026-10-06T04:43:37.227766+00:00
Indigo: What Do You See?,film Indigo,2022-01-01 2026-10-06,2025-05-25,1,44,2026-10-06T04:43:37.227766+00:00
Indigo: What Do You See?,film Indigo,2022-01-01 2026-10-06,2025-06-01,1,41,2026-10-06T04:43:37.227766+00:00
Indigo: What Do You See?,film Indigo,2022-01-01 2026-10-06,2025-06-08,0,44,2026-10-06T04:43:37.227766+00:00
Indigo: What Do You See?,film Indigo,2022-01-01 2026-10-06,2025-06-15,0,43,2026-10-06T04:43:37.227766+00:00
Indigo: What Do You See?,film Indigo,2022-01-01 2026-10-06,2025-06-22,0,50,2026-10-06T04:43:37.227766+00:00
Indigo: What Do You See?,film Indigo,2022-01-01 2026-10-06,2025-06-29,0,46,2026-10-06T04:43:37.227766+00:00
Indigo: What Do You See?,film Indigo,2022-01-01 2026-10-06,2025-07-06,0,44,2026-10-06T04:43:37.227766+00:00
Indigo: What Do You See?,film Indigo,2022-01-01 2026-10-06,2025-07-13,0,40,2026-10-06T04:43:37.227766+00:00
Indigo: What Do You See?,film Indigo,2022-01-01 2026-10-06,2025-07-20,0,39,2026-10-06T04:43:37.227766+00:00
Indigo: What Do You See?,film Indigo,2022-01-01 2026-10-06,2025-07-27,0,36,2026-10-06T04:43:37.227766+00:00
Indigo: What Do You See?,film Indigo,2022-01-01 2026-10-06,2025-08-03,0,39,2026-10-06T04:43:37.227766+00:00
Indigo: What Do You See?,film Indigo,2022-01-01 2026-10-06,2025-08-10,0,42,2026-10-06T04:43:37.227766+00:00
Indigo: What Do You See?,film Indigo,2022-01-01 2026-10-06,2025-08-17,0,43,2026-10-06T04:43:37.227766+00:00
Indigo: What Do You See?,film Indigo,2022-01-01 2026-10-06,2025-08-24,0,38,2026-10-06T04:43:37.227766+00:00
Indigo: What Do You See?,film Indigo,2022-01-01 2026-10-06,2025-08-31,0,41,2026-10-06T04:43:37.227766+00:00
Indigo: What Do You See?,film Indigo,2022-01-01 2026-10-06,2025-09-07,0,39,2026-10-06T04:43:37.227766+00:00
Indigo: What Do You See?,film Indigo,2022-01-01 2026-10-06,2025-09-14,0,38,2026-10-06T04:43:37.227766+00:00
Indigo: What Do You See?,film Indigo,2022-01-01 2026-10-06,2025-09-21,0,38,2026-10-06T04:43:37.227766+00:00
Indigo: What Do You See?,film Indigo,2022-01-01 2026-10-06,2025-09-28,0,36,2026-10-06T04:43:37.227766+00:00
Indigo: What Do You See?,film Indigo,2022-01-01 2026-10-06,2025-10-05,0,36,2026-10-06T04:43:37.227766+00:00
Indigo: What Do You See?,film Indigo,2022-01-01 2026-10-06,2025-10-12,0,36,2026-10-06T04:43:37.227766+00:00
Indigo: What Do You See?,film Indigo,2022-01-01 2026-10-06,2025-10-19,0,38,2026-10-06T04:43:37.227766+00:00
Indigo: What Do You See?,film Indigo,2022-01-01 2026-10-06,2025-10-26,0,42,2026-10-06T04:43:37.227766+00:00
Indigo: What Do You See?,film Indigo,2022-01-01 2026-10-06,2025-11-02,0,39,2026-10-06T04:43:37.227766+00:00
Indigo: What Do You See?,film Indigo,2022-01-01 2026-10-06,2025-11-09,0,37,2026-10-06T04:43:37.227766+00:00
Indigo: What Do You See?,film Indigo,2022-01-01 2026-10-06,2025-11-16,0,38,2026-10-06T04:43:37.227766+00:00
Indigo: What Do You See?,film Indigo,2022-01-01 2026-10-06,2025-11-23,0,34,2026-10-06T04:43:37.227766+00:00
Indigo: What Do You See?,film Indigo,2022-01-01 2026-10-06,2025-11-30,1,33,2026-10-06T04:43:37.227766+00:00
Indigo: What Do You See?,film Indigo,2022-01-01 2026-10-06,2025-12-07,0,38,2026-10-06T04:43:37.227766+00:00
Indigo: What Do You See?,film Indigo,2022-01-01 2026-10-06,2025-12-14,1,44,2026-10-06T04:43:37.227766+00:00
Indigo: What Do You See?,film Indigo,2022-01-01 2026-10-06,2025-12-21,0,53,2026-10-06T04:43:37.227766+00:00
Indigo: What Do You See?,film Indigo,2022-01-01 2026-10-06,2025-12-28,1,59,2026-10-06T04:43:37.227766+00:00
Indigo: What Do You See?,film Indigo,2022-01-01 2026-10-06,2026-01-04,0,44,2026-10-06T04:43:37.227766+00:00
Indigo: What Do You See?,film Indigo,2022-01-01 2026-10-06,2026-01-11,0,43,2026-10-06T04:43:37.227766+00:00
Indigo: What Do You See?,film Indigo,2022-01-01 2026-10-06,2026-01-18,0,39,2026-10-06T04:43:37.227766+00:00
Indigo: What Do You See?,film Indigo,2022-01-01 2026-10-06,2026-01-25,0,37,2026-10-06T04:43:37.227766+00:00
Indigo: What Do You See?,film Indigo,2022-01-01 2026-10-06,2026-02-01,0,38,2026-10-06T04:43:37.227766+00:00
Indigo: What Do You See?,film Indigo,2022-01-01 2026-10-06,2026-02-08,0,35,2026-10-06T04:43:37.227766+00:00
Indigo: What Do You See?,film Indigo,2022-01-01 2026-10-06,2026-02-15,0,41,2026-10-06T04:43:37.227766+00:00
Indigo: What Do You See?,film Indigo,2022-01-01 2026-10-06,2026-02-22,0,36,2026-10-06T04:43:37.227766+00:00
Indigo: What Do You See?,film Indigo,2022-01-01 2026-10-06,2026-03-01,0,32,2026-10-06T04:43:37.227766+00:00
Indigo: What Do You See?,film Indigo,2022-01-01 2026-10-06,2026-03-08,0,33,2026-10-06T04:43:37.227766+00:00
Indigo: What Do You See?,film Indigo,2022-01-01 2026-10-06,2026-03-15,0,45,2026-10-06T04:43:37.227766+00:00
Indigo: What Do You See?,film Indigo,2022-01-01 2026-10-06,2026-03-22,1,57,2026-10-06T04:43:37.227766+00:00
Indigo: What Do You See?,film Indigo,2022-01-01 2026-10-06,2026-03-29,0,42,2026-10-06T04:43:37.227766+00:00
Indigo: What Do You See?,film Indigo,2022-01-01 2026-10-06,2026-04-05,0,37,2026-10-06T04:43:37.227766+00:00
Indigo: What Do You See?,film Indigo,2022-01-01 2026-10-06,2026-04-12,0,37,2026-10-06T04:43:37.227766+00:00
Indigo: What Do You See?,film Indigo,2022-01-01 2026-10-06,2026-04-19,1,40,2026-10-06T04:43:37.227766+00:00
Indigo: What Do You See?,film Indigo,2022-01-01 2026-10-06,2026-04-26,0,42,2026-10-06T04:43:37.227766+00:00
Indigo: What Do You See?,film Indigo,2022-01-01 2026-10-06,2026-05-03,0,38,2026-10-06T04:43:37.227766+00:00
Indigo: What Do You See?,film Indigo,2022-01-01 2026-10-06,2026-05-10,0,42,2026-10-06T04:43:37.227766+00:00
Indigo: What Do You See?,film Indigo,2022-01-01 2026-10-06,2026-05-17,0,37,2026-10-06T04:43:37.227766+00:00
Indigo: What Do You See?,film Indigo,2022-01-01 2026-10-06,2026-05-24,0,44,2026-10-06T04:43:37.227766+00:00
Indigo: What Do You See?,film Indigo,2022-01-01 2026-10-06,2026-05-31,0,40,2026-10-06T04:43:37.227766+00:00
Indigo: What Do You See?,film Indigo,2022-01-01 2026-10-06,2026-06-07,0,36,2026-10-06T04:43:37.227766+00:00
Indigo: What Do You See?,film Indigo,2022-01-01 2026-10-06,2026-06-14,0,44,2026-10-06T04:43:37.227766+00:00
Indigo: What Do You See?,film Indigo,2022-01-01 2026-10-06,2026-06-21,0,43,2026-10-06T04:43:37.227766+00:00
Indigo: What Do You See?,film Indigo,2022-01-01 2026-10-06,2026-06-28,0,45,2026-10-06T04:43:37.227766+00:00
Indigo: What Do You See?,film Indigo,2022-01-01 2026-10-06,2026-07-05,2,44,2026-10-06T04:43:37.227766+00:00
Indigo: What Do You See?,film Indigo,2022-01-01 2026-10-06,2026-07-12,0,39,2026-10-06T04:43:37.227766+00:00
Indigo: What Do You See?,film Indigo,2022-01-01 2026-10-06,2026-07-19,0,37,2026-10-06T04:43:37.227766+00:00
Indigo: What Do You See?,film Indigo,2022-01-01 2026-10-06,2026-07-26,0,36,2026-10-06T04:43:37.227766+00:00
Indigo: What Do You See?,film Indigo,2022-01-01 2026-10-06,2026-08-02,0,31,2026-10-06T04:43:37.227766+00:00
Indigo: What Do You See?,film Indigo,2022-01-01 2026-10-06,2026-08-09,0,34,2026-10-06T04:43:37.227766+00:00
Indigo: What Do You See?,film Indigo,2022-01-01 2026-10-06,2026-08-16,1,40,2026-10-06T04:43:37.227766+00:00
Indigo: What Do You See?,film Indigo,2022-01-01 2026-10-06,2026-08-23,0,44,2026-10-06T04:43:37.227766+00:00
Indigo: What Do You See?,film Indigo,2022-01-01 2026-10-06,2026-08-30,0,36,2026-10-06T04:43:37.227766+00:00
Indigo: What Do You See?,film Indigo,2022-01-01 2026-10-06,2026-09-06,0,36,2026-10-06T04:43:37.227766+00:00
Indigo: What Do You See?,film Indigo,2022-01-01 2026-10-06,2026-09-13,0,35,2026-10-06T04:43:37.227766+00:00
Indigo: What Do You See?,film Indigo,2022-01-01 2026-10-06,2026-09-20,0,37,2026-10-06T04:43:37.227766+00:00
Indigo: What Do You See?,film Indigo,2022-01-01 2026-10-06,2026-09-27,0,37,2026-10-06T04:43:37.227766+00:00
Indigo: What Do You See?,film Indigo,2022-01-01 2026-10-06,2026-10-04,0,34,2026-10-06T04:43:37.227766+00:00
Suzzanna: Malam Jumat Kliwon,Suzzanna Malam Jumat Kliwon,2020-01-01 2024-12-31,2019-12-29,0,81,2026-10-06T04:44:20.976882+00:00
Suzzanna: Malam Jumat Kliwon,Suzzanna Malam Jumat Kliwon,2020-01-01 2024-12-31,2020-01-05,0,58,2026-10-06T04:44:20.976882+00:00
Suzzanna: Malam Jumat Kliwon,Suzzanna Malam Jumat Kliwon,2020-01-01 2024-12-31,2020-01-12,0,51,2026-10-06T04:44:20.976882+00:00
Suzzanna: Malam Jumat Kliwon,Suzzanna Malam Jumat Kliwon,2020-01-01 2024-12-31,2020-01-19,0,51,2026-10-06T04:44:20.976882+00:00
Suzzanna: Malam Jumat Kliwon,Suzzanna Malam Jumat Kliwon,2020-01-01 2024-12-31,2020-01-26,0,49,2026-10-06T04:44:20.976882+00:00
Suzzanna: Malam Jumat Kliwon,Suzzanna Malam Jumat Kliwon,2020-01-01 2024-12-31,2020-02-02,0,48,2026-10-06T04:44:20.976882+00:00
Suzzanna: Malam Jumat Kliwon,Suzzanna Malam Jumat Kliwon,2020-01-01 2024-12-31,2020-02-09,0,47,2026-10-06T04:44:20.976882+00:00
Suzzanna: Malam Jumat Kliwon,Suzzanna Malam Jumat Kliwon,2020-01-01 2024-12-31,2020-02-16,0,50,2026-10-06T04:44:20.976882+00:00
Suzzanna: Malam Jumat Kliwon,Suzzanna Malam Jumat Kliwon,2020-01-01 2024-12-31,2020-02-23,0,48,2026-10-06T04:44:20.976882+00:00
Suzzanna: Malam Jumat Kliwon,Suzzanna Malam Jumat Kliwon,2020-01-01 2024-12-31,2020-03-01,0,49,2026-10-06T04:44:20.976882+00:00
Suzzanna: Malam Jumat Kliwon,Suzzanna Malam Jumat Kliwon,2020-01-01 2024-12-31,2020-03-08,0,53,2026-10-06T04:44:20.976882+00:00
Suzzanna: Malam Jumat Kliwon,Suzzanna Malam Jumat Kliwon,2020-01-01 2024-12-31,2020-03-15,0,52,2026-10-06T04:44:20.976882+00:00
Suzzanna: Malam Jumat Kliwon,Suzzanna Malam Jumat Kliwon,2020-01-01 2024-12-31,2020-03-22,0,67,2026-10-06T04:44:20.976882+00:00
Suzzanna: Malam Jumat Kliwon,Suzzanna Malam Jumat Kliwon,2020-01-01 2024-12-31,2020-03-29,0,63,2026-10-06T04:44:20.976882+00:00
Suzzanna: Malam Jumat Kliwon,Suzzanna Malam Jumat Kliwon,2020-01-01 2024-12-31,2020-04-05,0,68,2026-10-06T04:44:20.976882+00:00
Suzzanna: Malam Jumat Kliwon,Suzzanna Malam Jumat Kliwon,2020-01-01 2024-12-31,2020-04-12,0,67,2026-10-06T04:44:20.976882+00:00
Suzzanna: Malam Jumat Kliwon,Suzzanna Malam Jumat Kliwon,2020-01-01 2024-12-31,2020-04-19,0,71,2026-10-06T04:44:20.976882+00:00
Suzzanna: Malam Jumat Kliwon,Suzzanna Malam Jumat Kliwon,2020-01-01 2024-12-31,2020-04-26,0,66,2026-10-06T04:44:20.976882+00:00
Suzzanna: Malam Jumat Kliwon,Suzzanna Malam Jumat Kliwon,2020-01-01 2024-12-31,2020-05-03,0,59,2026-10-06T04:44:20.976882+00:00
Suzzanna: Malam Jumat Kliwon,Suzzanna Malam Jumat Kliwon,2020-01-01 2024-12-31,2020-05-10,0,53,2026-10-06T04:44:20.976882+00:00
Suzzanna: Malam Jumat Kliwon,Suzzanna Malam Jumat Kliwon,2020-01-01 2024-12-31,2020-05-17,0,53,2026-10-06T04:44:20.976882+00:00
Suzzanna: Malam Jumat Kliwon,Suzzanna Malam Jumat Kliwon,2020-01-01 2024-12-31,2020-05-24,0,68,2026-10-06T04:44:20.976882+00:00
Suzzanna: Malam Jumat Kliwon,Suzzanna Malam Jumat Kliwon,2020-01-01 2024-12-31,2020-05-31,0,61,2026-10-06T04:44:20.976882+00:00
Suzzanna: Malam Jumat Kliwon,Suzzanna Malam Jumat Kliwon,2020-01-01 2024-12-31,2020-06-07,0,50,2026-10-06T04:44:20.976882+00:00
Suzzanna: Malam Jumat Kliwon,Suzzanna Malam Jumat Kliwon,2020-01-01 2024-12-31,2020-06-14,0,59,2026-10-06T04:44:20.976882+00:00
Suzzanna: Malam Jumat Kliwon,Suzzanna Malam Jumat Kliwon,2020-01-01 2024-12-31,2020-06-21,0,62,2026-10-06T04:44:20.976882+00:00
Suzzanna: Malam Jumat Kliwon,Suzzanna Malam Jumat Kliwon,2020-01-01 2024-12-31,2020-06-28,0,58,2026-10-06T04:44:20.976882+00:00
Suzzanna: Malam Jumat Kliwon,Suzzanna Malam Jumat Kliwon,2020-01-01 2024-12-31,2020-07-05,0,55,2026-10-06T04:44:20.976882+00:00
Suzzanna: Malam Jumat Kliwon,Suzzanna Malam Jumat Kliwon,2020-01-01 2024-12-31,2020-07-12,0,50,2026-10-06T04:44:20.976882+00:00
Suzzanna: Malam Jumat Kliwon,Suzzanna Malam Jumat Kliwon,2020-01-01 2024-12-31,2020-07-19,0,47,2026-10-06T04:44:20.976882+00:00
Suzzanna: Malam Jumat Kliwon,Suzzanna Malam Jumat Kliwon,2020-01-01 2024-12-31,2020-07-26,0,50,2026-10-06T04:44:20.976882+00:00
Suzzanna: Malam Jumat Kliwon,Suzzanna Malam Jumat Kliwon,2020-01-01 2024-12-31,2020-08-02,0,46,2026-10-06T04:44:20.976882+00:00
Suzzanna: Malam Jumat Kliwon,Suzzanna Malam Jumat Kliwon,2020-01-01 2024-12-31,2020-08-09,0,49,2026-10-06T04:44:20.976882+00:00
Suzzanna: Malam Jumat Kliwon,Suzzanna Malam Jumat Kliwon,2020-01-01 2024-12-31,2020-08-16,0,60,2026-10-06T04:44:20.976882+00:00
Suzzanna: Malam Jumat Kliwon,Suzzanna Malam Jumat Kliwon,2020-01-01 2024-12-31,2020-08-23,0,52,2026-10-06T04:44:20.976882+00:00
Suzzanna: Malam Jumat Kliwon,Suzzanna Malam Jumat Kliwon,2020-01-01 2024-12-31,2020-08-30,0,46,2026-10-06T04:44:20.976882+00:00
Suzzanna: Malam Jumat Kliwon,Suzzanna Malam Jumat Kliwon,2020-01-01 2024-12-31,2020-09-06,0,47,2026-10-06T04:44:20.976882+00:00
Suzzanna: Malam Jumat Kliwon,Suzzanna Malam Jumat Kliwon,2020-01-01 2024-12-31,2020-09-13,0,46,2026-10-06T04:44:20.976882+00:00
Suzzanna: Malam Jumat Kliwon,Suzzanna Malam Jumat Kliwon,2020-01-01 2024-12-31,2020-09-20,0,42,2026-10-06T04:44:20.976882+00:00
Suzzanna: Malam Jumat Kliwon,Suzzanna Malam Jumat Kliwon,2020-01-01 2024-12-31,2020-09-27,0,41,2026-10-06T04:44:20.976882+00:00
Suzzanna: Malam Jumat Kliwon,Suzzanna Malam Jumat Kliwon,2020-01-01 2024-12-31,2020-10-04,0,41,2026-10-06T04:44:20.976882+00:00
Suzzanna: Malam Jumat Kliwon,Suzzanna Malam Jumat Kliwon,2020-01-01 2024-12-31,2020-10-11,0,42,2026-10-06T04:44:20.976882+00:00
Suzzanna: Malam Jumat Kliwon,Suzzanna Malam Jumat Kliwon,2020-01-01 2024-12-31,2020-10-18,0,42,2026-10-06T04:44:20.976882+00:00
Suzzanna: Malam Jumat Kliwon,Suzzanna Malam Jumat Kliwon,2020-01-01 2024-12-31,2020-10-25,0,54,2026-10-06T04:44:20.976882+00:00
Suzzanna: Malam Jumat Kliwon,Suzzanna Malam Jumat Kliwon,2020-01-01 2024-12-31,2020-11-01,0,44,2026-10-06T04:44:20.976882+00:00
Suzzanna: Malam Jumat Kliwon,Suzzanna Malam Jumat Kliwon,2020-01-01 2024-12-31,2020-11-08,0,45,2026-10-06T04:44:20.976882+00:00
Suzzanna: Malam Jumat Kliwon,Suzzanna Malam Jumat Kliwon,2020-01-01 2024-12-31,2020-11-15,0,43,2026-10-06T04:44:20.976882+00:00
Suzzanna: Malam Jumat Kliwon,Suzzanna Malam Jumat Kliwon,2020-01-01 2024-12-31,2020-11-22,0,44,2026-10-06T04:44:20.976882+00:00
Suzzanna: Malam Jumat Kliwon,Suzzanna Malam Jumat Kliwon,2020-01-01 2024-12-31,2020-11-29,0,42,2026-10-06T04:44:20.976882+00:00
Suzzanna: Malam Jumat Kliwon,Suzzanna Malam Jumat Kliwon,2020-01-01 2024-12-31,2020-12-06,0,46,2026-10-06T04:44:20.976882+00:00
Suzzanna: Malam Jumat Kliwon,Suzzanna Malam Jumat Kliwon,2020-01-01 2024-12-31,2020-12-13,0,51,2026-10-06T04:44:20.976882+00:00
Suzzanna: Malam Jumat Kliwon,Suzzanna Malam Jumat Kliwon,2020-01-01 2024-12-31,2020-12-20,0,65,2026-10-06T04:44:20.976882+00:00
Suzzanna: Malam Jumat Kliwon,Suzzanna Malam Jumat Kliwon,2020-01-01 2024-12-31,2020-12-27,0,88,2026-10-06T04:44:20.976882+00:00
Suzzanna: Malam Jumat Kliwon,Suzzanna Malam Jumat Kliwon,2020-01-01 2024-12-31,2021-01-03,0,55,2026-10-06T04:44:20.976882+00:00
Suzzanna: Malam Jumat Kliwon,Suzzanna Malam Jumat Kliwon,2020-01-01 2024-12-31,2021-01-10,0,45,2026-10-06T04:44:20.976882+00:00
Suzzanna: Malam Jumat Kliwon,Suzzanna Malam Jumat Kliwon,2020-01-01 2024-12-31,2021-01-17,0,45,2026-10-06T04:44:20.976882+00:00
Suzzanna: Malam Jumat Kliwon,Suzzanna Malam Jumat Kliwon,2020-01-01 2024-12-31,2021-01-24,0,45,2026-10-06T04:44:20.976882+00:00
Suzzanna: Malam Jumat Kliwon,Suzzanna Malam Jumat Kliwon,2020-01-01 2024-12-31,2021-01-31,0,41,2026-10-06T04:44:20.976882+00:00
Suzzanna: Malam Jumat Kliwon,Suzzanna Malam Jumat Kliwon,2020-01-01 2024-12-31,2021-02-07,0,43,2026-10-06T04:44:20.976882+00:00
Suzzanna: Malam Jumat Kliwon,Suzzanna Malam Jumat Kliwon,2020-01-01 2024-12-31,2021-02-14,0,41,2026-10-06T04:44:20.976882+00:00
Suzzanna: Malam Jumat Kliwon,Suzzanna Malam Jumat Kliwon,2020-01-01 2024-12-31,2021-02-21,0,39,2026-10-06T04:44:20.976882+00:00
Suzzanna: Malam Jumat Kliwon,Suzzanna Malam Jumat Kliwon,2020-01-01 2024-12-31,2021-02-28,0,37,2026-10-06T04:44:20.976882+00:00
Suzzanna: Malam Jumat Kliwon,Suzzanna Malam Jumat Kliwon,2020-01-01 2024-12-31,2021-03-07,0,40,2026-10-06T04:44:20.976882+00:00
Suzzanna: Malam Jumat Kliwon,Suzzanna Malam Jumat Kliwon,2020-01-01 2024-12-31,2021-03-14,0,37,2026-10-06T04:44:20.976882+00:00
Suzzanna: Malam Jumat Kliwon,Suzzanna Malam Jumat Kliwon,2020-01-01 2024-12-31,2021-03-21,0,37,2026-10-06T04:44:20.976882+00:00
Suzzanna: Malam Jumat Kliwon,Suzzanna Malam Jumat Kliwon,2020-01-01 2024-12-31,2021-03-28,0,40,2026-10-06T04:44:20.976882+00:00
Suzzanna: Malam Jumat Kliwon,Suzzanna Malam Jumat Kliwon,2020-01-01 2024-12-31,2021-04-04,0,41,2026-10-06T04:44:20.976882+00:00
Suzzanna: Malam Jumat Kliwon,Suzzanna Malam Jumat Kliwon,2020-01-01 2024-12-31,2021-04-11,0,43,2026-10-06T04:44:20.976882+00:00
Suzzanna: Malam Jumat Kliwon,Suzzanna Malam Jumat Kliwon,2020-01-01 2024-12-31,2021-04-18,0,42,2026-10-06T04:44:20.976882+00:00
Suzzanna: Malam Jumat Kliwon,Suzzanna Malam Jumat Kliwon,2020-01-01 2024-12-31,2021-04-25,0,40,2026-10-06T04:44:20.976882+00:00
Suzzanna: Malam Jumat Kliwon,Suzzanna Malam Jumat Kliwon,2020-01-01 2024-12-31,2021-05-02,0,40,2026-10-06T04:44:20.976882+00:00
Suzzanna: Malam Jumat Kliwon,Suzzanna Malam Jumat Kliwon,2020-01-01 2024-12-31,2021-05-09,0,51,2026-10-06T04:44:20.976882+00:00
Suzzanna: Malam Jumat Kliwon,Suzzanna Malam Jumat Kliwon,2020-01-01 2024-12-31,2021-05-16,0,49,2026-10-06T04:44:20.976882+00:00
Suzzanna: Malam Jumat Kliwon,Suzzanna Malam Jumat Kliwon,2020-01-01 2024-12-31,2021-05-23,0,42,2026-10-06T04:44:20.976882+00:00
Suzzanna: Malam Jumat Kliwon,Suzzanna Malam Jumat Kliwon,2020-01-01 2024-12-31,2021-05-30,0,46,2026-10-06T04:44:20.976882+00:00
Suzzanna: Malam Jumat Kliwon,Suzzanna Malam Jumat Kliwon,2020-01-01 2024-12-31,2021-06-06,0,46,2026-10-06T04:44:20.976882+00:00
Suzzanna: Malam Jumat Kliwon,Suzzanna Malam Jumat Kliwon,2020-01-01 2024-12-31,2021-06-13,0,49,2026-10-06T04:44:20.976882+00:00
Suzzanna: Malam Jumat Kliwon,Suzzanna Malam Jumat Kliwon,2020-01-01 2024-12-31,2021-06-20,0,51,2026-10-06T04:44:20.976882+00:00
Suzzanna: Malam Jumat Kliwon,Suzzanna Malam Jumat Kliwon,2020-01-01 2024-12-31,2021-06-27,0,52,2026-10-06T04:44:20.976882+00:00
Suzzanna: Malam Jumat Kliwon,Suzzanna Malam Jumat Kliwon,2020-01-01 2024-12-31,2021-07-04,0,51,2026-10-06T04:44:20.976882+00:00
Suzzanna: Malam Jumat Kliwon,Suzzanna Malam Jumat Kliwon,2020-01-01 2024-12-31,2021-07-11,0,49,2026-10-06T04:44:20.976882+00:00
Suzzanna: Malam Jumat Kliwon,Suzzanna Malam Jumat Kliwon,2020-01-01 2024-12-31,2021-07-18,0,49,2026-10-06T04:44:20.976882+00:00
Suzzanna: Malam Jumat Kliwon,Suzzanna Malam Jumat Kliwon,2020-01-01 2024-12-31,2021-07-25,0,40,2026-10-06T04:44:20.976882+00:00
Suzzanna: Malam Jumat Kliwon,Suzzanna Malam Jumat Kliwon,2020-01-01 2024-12-31,2021-08-01,0,39,2026-10-06T04:44:20.976882+00:00
Suzzanna: Malam Jumat Kliwon,Suzzanna Malam Jumat Kliwon,2020-01-01 2024-12-31,2021-08-08,0,41,2026-10-06T04:44:20.976882+00:00
Suzzanna: Malam Jumat Kliwon,Suzzanna Malam Jumat Kliwon,2020-01-01 2024-12-31,2021-08-15,0,44,2026-10-06T04:44:20.976882+00:00
Suzzanna: Malam Jumat Kliwon,Suzzanna Malam Jumat Kliwon,2020-01-01 2024-12-31,2021-08-22,0,42,2026-10-06T04:44:20.976882+00:00
Suzzanna: Malam Jumat Kliwon,Suzzanna Malam Jumat Kliwon,2020-01-01 2024-12-31,2021-08-29,0,46,2026-10-06T04:44:20.976882+00:00
Suzzanna: Malam Jumat Kliwon,Suzzanna Malam Jumat Kliwon,2020-01-01 2024-12-31,2021-09-05,0,40,2026-10-06T04:44:20.976882+00:00
Suzzanna: Malam Jumat Kliwon,Suzzanna Malam Jumat Kliwon,2020-01-01 2024-12-31,2021-09-12,0,39,2026-10-06T04:44:20.976882+00:00
Suzzanna: Malam Jumat Kliwon,Suzzanna Malam Jumat Kliwon,2020-01-01 2024-12-31,2021-09-19,0,34,2026-10-06T04:44:20.976882+00:00
Suzzanna: Malam Jumat Kliwon,Suzzanna Malam Jumat Kliwon,2020-01-01 2024-12-31,2021-09-26,0,35,2026-10-06T04:44:20.976882+00:00
Suzzanna: Malam Jumat Kliwon,Suzzanna Malam Jumat Kliwon,2020-01-01 2024-12-31,2021-10-03,0,37,2026-10-06T04:44:20.976882+00:00
Suzzanna: Malam Jumat Kliwon,Suzzanna Malam Jumat Kliwon,2020-01-01 2024-12-31,2021-10-10,0,39,2026-10-06T04:44:20.976882+00:00
Suzzanna: Malam Jumat Kliwon,Suzzanna Malam Jumat Kliwon,2020-01-01 2024-12-31,2021-10-17,0,43,2026-10-06T04:44:20.976882+00:00
Suzzanna: Malam Jumat Kliwon,Suzzanna Malam Jumat Kliwon,2020-01-01 2024-12-31,2021-10-24,0,40,2026-10-06T04:44:20.976882+00:00
Suzzanna: Malam Jumat Kliwon,Suzzanna Malam Jumat Kliwon,2020-01-01 2024-12-31,2021-10-31,0,50,2026-10-06T04:44:20.976882+00:00
Suzzanna: Malam Jumat Kliwon,Suzzanna Malam Jumat Kliwon,2020-01-01 2024-12-31,2021-11-07,0,46,2026-10-06T04:44:20.976882+00:00
Suzzanna: Malam Jumat Kliwon,Suzzanna Malam Jumat Kliwon,2020-01-01 2024-12-31,2021-11-14,0,52,2026-10-06T04:44:20.976882+00:00
Suzzanna: Malam Jumat Kliwon,Suzzanna Malam Jumat Kliwon,2020-01-01 2024-12-31,2021-11-21,0,50,2026-10-06T04:44:20.976882+00:00
Suzzanna: Malam Jumat Kliwon,Suzzanna Malam Jumat Kliwon,2020-01-01 2024-12-31,2021-11-28,0,40,2026-10-06T04:44:20.976882+00:00
Suzzanna: Malam Jumat Kliwon,Suzzanna Malam Jumat Kliwon,2020-01-01 2024-12-31,2021-12-05,0,45,2026-10-06T04:44:20.976882+00:00
Suzzanna: Malam Jumat Kliwon,Suzzanna Malam Jumat Kliwon,2020-01-01 2024-12-31,2021-12-12,0,49,2026-10-06T04:44:20.976882+00:00
Suzzanna: Malam Jumat Kliwon,Suzzanna Malam Jumat Kliwon,2020-01-01 2024-12-31,2021-12-19,0,59,2026-10-06T04:44:20.976882+00:00
Suzzanna: Malam Jumat Kliwon,Suzzanna Malam Jumat Kliwon,2020-01-01 2024-12-31,2021-12-26,0,79,2026-10-06T04:44:20.976882+00:00
Suzzanna: Malam Jumat Kliwon,Suzzanna Malam Jumat Kliwon,2020-01-01 2024-12-31,2022-01-02,0,62,2026-10-06T04:44:20.976882+00:00
Suzzanna: Malam Jumat Kliwon,Suzzanna Malam Jumat Kliwon,2020-01-01 2024-12-31,2022-01-09,0,66,2026-10-06T04:44:20.976882+00:00
Suzzanna: Malam Jumat Kliwon,Suzzanna Malam Jumat Kliwon,2020-01-01 2024-12-31,2022-01-16,0,49,2026-10-06T04:44:20.976882+00:00
Suzzanna: Malam Jumat Kliwon,Suzzanna Malam Jumat Kliwon,2020-01-01 2024-12-31,2022-01-23,0,51,2026-10-06T04:44:20.976882+00:00
Suzzanna: Malam Jumat Kliwon,Suzzanna Malam Jumat Kliwon,2020-01-01 2024-12-31,2022-01-30,0,50,2026-10-06T04:44:20.976882+00:00
Suzzanna: Malam Jumat Kliwon,Suzzanna Malam Jumat Kliwon,2020-01-01 2024-12-31,2022-02-06,0,49,2026-10-06T04:44:20.976882+00:00
Suzzanna: Malam Jumat Kliwon,Suzzanna Malam Jumat Kliwon,2020-01-01 2024-12-31,2022-02-13,0,54,2026-10-06T04:44:20.976882+00:00
Suzzanna: Malam Jumat Kliwon,Suzzanna Malam Jumat Kliwon,2020-01-01 2024-12-31,2022-02-20,0,50,2026-10-06T04:44:20.976882+00:00
Suzzanna: Malam Jumat Kliwon,Suzzanna Malam Jumat Kliwon,2020-01-01 2024-12-31,2022-02-27,0,55,2026-10-06T04:44:20.976882+00:00
Suzzanna: Malam Jumat Kliwon,Suzzanna Malam Jumat Kliwon,2020-01-01 2024-12-31,2022-03-06,0,41,2026-10-06T04:44:20.976882+00:00
Suzzanna: Malam Jumat Kliwon,Suzzanna Malam Jumat Kliwon,2020-01-01 2024-12-31,2022-03-13,0,43,2026-10-06T04:44:20.976882+00:00
Suzzanna: Malam Jumat Kliwon,Suzzanna Malam Jumat Kliwon,2020-01-01 2024-12-31,2022-03-20,0,46,2026-10-06T04:44:20.976882+00:00
Suzzanna: Malam Jumat Kliwon,Suzzanna Malam Jumat Kliwon,2020-01-01 2024-12-31,2022-03-27,0,43,2026-10-06T04:44:20.976882+00:00
Suzzanna: Malam Jumat Kliwon,Suzzanna Malam Jumat Kliwon,2020-01-01 2024-12-31,2022-04-03,0,45,2026-10-06T04:44:20.976882+00:00
Suzzanna: Malam Jumat Kliwon,Suzzanna Malam Jumat Kliwon,2020-01-01 2024-12-31,2022-04-10,0,47,2026-10-06T04:44:20.976882+00:00
Suzzanna: Malam Jumat Kliwon,Suzzanna Malam Jumat Kliwon,2020-01-01 2024-12-31,2022-04-17,0,51,2026-10-06T04:44:20.976882+00:00
Suzzanna: Malam Jumat Kliwon,Suzzanna Malam Jumat Kliwon,2020-01-01 2024-12-31,2022-04-24,0,55,2026-10-06T04:44:20.976882+00:00
Suzzanna: Malam Jumat Kliwon,Suzzanna Malam Jumat Kliwon,2020-01-01 2024-12-31,2022-05-01,0,98,2026-10-06T04:44:20.976882+00:00
Suzzanna: Malam Jumat Kliwon,Suzzanna Malam Jumat Kliwon,2020-01-01 2024-12-31,2022-05-08,0,75,2026-10-06T04:44:20.976882+00:00
Suzzanna: Malam Jumat Kliwon,Suzzanna Malam Jumat Kliwon,2020-01-01 2024-12-31,2022-05-15,0,62,2026-10-06T04:44:20.976882+00:00
Suzzanna: Malam Jumat Kliwon,Suzzanna Malam Jumat Kliwon,2020-01-01 2024-12-31,2022-05-22,0,58,2026-10-06T04:44:20.976882+00:00
Suzzanna: Malam Jumat Kliwon,Suzzanna Malam Jumat Kliwon,2020-01-01 2024-12-31,2022-05-29,0,53,2026-10-06T04:44:20.976882+00:00
Suzzanna: Malam Jumat Kliwon,Suzzanna Malam Jumat Kliwon,2020-01-01 2024-12-31,2022-06-05,0,48,2026-10-06T04:44:20.976882+00:00
Suzzanna: Malam Jumat Kliwon,Suzzanna Malam Jumat Kliwon,2020-01-01 2024-12-31,2022-06-12,0,50,2026-10-06T04:44:20.976882+00:00
Suzzanna: Malam Jumat Kliwon,Suzzanna Malam Jumat Kliwon,2020-01-01 2024-12-31,2022-06-19,0,59,2026-10-06T04:44:20.976882+00:00
Suzzanna: Malam Jumat Kliwon,Suzzanna Malam Jumat Kliwon,2020-01-01 2024-12-31,2022-06-26,0,56,2026-10-06T04:44:20.976882+00:00
Suzzanna: Malam Jumat Kliwon,Suzzanna Malam Jumat Kliwon,2020-01-01 2024-12-31,2022-07-03,0,54,2026-10-06T04:44:20.976882+00:00
Suzzanna: Malam Jumat Kliwon,Suzzanna Malam Jumat Kliwon,2020-01-01 2024-12-31,2022-07-10,0,59,2026-10-06T04:44:20.976882+00:00
Suzzanna: Malam Jumat Kliwon,Suzzanna Malam Jumat Kliwon,2020-01-01 2024-12-31,2022-07-17,0,54,2026-10-06T04:44:20.976882+00:00
Suzzanna: Malam Jumat Kliwon,Suzzanna Malam Jumat Kliwon,2020-01-01 2024-12-31,2022-07-24,0,47,2026-10-06T04:44:20.976882+00:00
Suzzanna: Malam Jumat Kliwon,Suzzanna Malam Jumat Kliwon,2020-01-01 2024-12-31,2022-07-31,0,54,2026-10-06T04:44:20.976882+00:00
Suzzanna: Malam Jumat Kliwon,Suzzanna Malam Jumat Kliwon,2020-01-01 2024-12-31,2022-08-07,0,52,2026-10-06T04:44:20.976882+00:00
Suzzanna: Malam Jumat Kliwon,Suzzanna Malam Jumat Kliwon,2020-01-01 2024-12-31,2022-08-14,0,54,2026-10-06T04:44:20.976882+00:00
Suzzanna: Malam Jumat Kliwon,Suzzanna Malam Jumat Kliwon,2020-01-01 2024-12-31,2022-08-21,0,48,2026-10-06T04:44:20.976882+00:00
Suzzanna: Malam Jumat Kliwon,Suzzanna Malam Jumat Kliwon,2020-01-01 2024-12-31,2022-08-28,0,46,2026-10-06T04:44:20.976882+00:00
Suzzanna: Malam Jumat Kliwon,Suzzanna Malam Jumat Kliwon,2020-01-01 2024-12-31,2022-09-04,0,47,2026-10-06T04:44:20.976882+00:00
Suzzanna: Malam Jumat Kliwon,Suzzanna Malam Jumat Kliwon,2020-01-01 2024-12-31,2022-09-11,0,42,2026-10-06T04:44:20.976882+00:00
Suzzanna: Malam Jumat Kliwon,Suzzanna Malam Jumat Kliwon,2020-01-01 2024-12-31,2022-09-18,0,42,2026-10-06T04:44:20.976882+00:00
Suzzanna: Malam Jumat Kliwon,Suzzanna Malam Jumat Kliwon,2020-01-01 2024-12-31,2022-09-25,0,41,2026-10-06T04:44:20.976882+00:00
Suzzanna: Malam Jumat Kliwon,Suzzanna Malam Jumat Kliwon,2020-01-01 2024-12-31,2022-10-02,0,46,2026-10-06T04:44:20.976882+00:00
Suzzanna: Malam Jumat Kliwon,Suzzanna Malam Jumat Kliwon,2020-01-01 2024-12-31,2022-10-09,0,54,2026-10-06T04:44:20.976882+00:00
Suzzanna: Malam Jumat Kliwon,Suzzanna Malam Jumat Kliwon,2020-01-01 2024-12-31,2022-10-16,0,53,2026-10-06T04:44:20.976882+00:00
Suzzanna: Malam Jumat Kliwon,Suzzanna Malam Jumat Kliwon,2020-01-01 2024-12-31,2022-10-23,0,48,2026-10-06T04:44:20.976882+00:00
Suzzanna: Malam Jumat Kliwon,Suzzanna Malam Jumat Kliwon,2020-01-01 2024-12-31,2022-10-30,0,50,2026-10-06T04:44:20.976882+00:00
Suzzanna: Malam Jumat Kliwon,Suzzanna Malam Jumat Kliwon,2020-01-01 2024-12-31,2022-11-06,0,52,2026-10-06T04:44:20.976882+00:00
Suzzanna: Malam Jumat Kliwon,Suzzanna Malam Jumat Kliwon,2020-01-01 2024-12-31,2022-11-13,0,53,2026-10-06T04:44:20.976882+00:00
Suzzanna: Malam Jumat Kliwon,Suzzanna Malam Jumat Kliwon,2020-01-01 2024-12-31,2022-11-20,0,44,2026-10-06T04:44:20.976882+00:00
Suzzanna: Malam Jumat Kliwon,Suzzanna Malam Jumat Kliwon,2020-01-01 2024-12-31,2022-11-27,0,43,2026-10-06T04:44:20.976882+00:00
Suzzanna: Malam Jumat Kliwon,Suzzanna Malam Jumat Kliwon,2020-01-01 2024-12-31,2022-12-04,0,41,2026-10-06T04:44:20.976882+00:00
Suzzanna: Malam Jumat Kliwon,Suzzanna Malam Jumat Kliwon,2020-01-01 2024-12-31,2022-12-11,0,52,2026-10-06T04:44:20.976882+00:00
Suzzanna: Malam Jumat Kliwon,Suzzanna Malam Jumat Kliwon,2020-01-01 2024-12-31,2022-12-18,0,58,2026-10-06T04:44:20.976882+00:00
Suzzanna: Malam Jumat Kliwon,Suzzanna Malam Jumat Kliwon,2020-01-01 2024-12-31,2022-12-25,0,100,2026-10-06T04:44:20.976882+00:00
Suzzanna: Malam Jumat Kliwon,Suzzanna Malam Jumat Kliwon,2020-01-01 2024-12-31,2023-01-01,0,63,2026-10-06T04:44:20.976882+00:00
Suzzanna: Malam Jumat Kliwon,Suzzanna Malam Jumat Kliwon,2020-01-01 2024-12-31,2023-01-08,0,50,2026-10-06T04:44:20.976882+00:00
Suzzanna: Malam Jumat Kliwon,Suzzanna Malam Jumat Kliwon,2020-01-01 2024-12-31,2023-01-15,0,48,2026-10-06T04:44:20.976882+00:00
Suzzanna: Malam Jumat Kliwon,Suzzanna Malam Jumat Kliwon,2020-01-01 2024-12-31,2023-01-22,0,55,2026-10-06T04:44:20.976882+00:00
Suzzanna: Malam Jumat Kliwon,Suzzanna Malam Jumat Kliwon,2020-01-01 2024-12-31,2023-01-29,0,48,2026-10-06T04:44:20.976882+00:00
Suzzanna: Malam Jumat Kliwon,Suzzanna Malam Jumat Kliwon,2020-01-01 2024-12-31,2023-02-05,0,51,2026-10-06T04:44:20.976882+00:00
Suzzanna: Malam Jumat Kliwon,Suzzanna Malam Jumat Kliwon,2020-01-01 2024-12-31,2023-02-12,0,55,2026-10-06T04:44:20.976882+00:00
Suzzanna: Malam Jumat Kliwon,Suzzanna Malam Jumat Kliwon,2020-01-01 2024-12-31,2023-02-19,0,50,2026-10-06T04:44:20.976882+00:00
Suzzanna: Malam Jumat Kliwon,Suzzanna Malam Jumat Kliwon,2020-01-01 2024-12-31,2023-02-26,0,50,2026-10-06T04:44:20.976882+00:00
Suzzanna: Malam Jumat Kliwon,Suzzanna Malam Jumat Kliwon,2020-01-01 2024-12-31,2023-03-05,0,46,2026-10-06T04:44:20.976882+00:00
Suzzanna: Malam Jumat Kliwon,Suzzanna Malam Jumat Kliwon,2020-01-01 2024-12-31,2023-03-12,0,46,2026-10-06T04:44:20.976882+00:00
Suzzanna: Malam Jumat Kliwon,Suzzanna Malam Jumat Kliwon,2020-01-01 2024-12-31,2023-03-19,0,56,2026-10-06T04:44:20.976882+00:00
Suzzanna: Malam Jumat Kliwon,Suzzanna Malam Jumat Kliwon,2020-01-01 2024-12-31,2023-03-26,0,46,2026-10-06T04:44:20.976882+00:00
Suzzanna: Malam Jumat Kliwon,Suzzanna Malam Jumat Kliwon,2020-01-01 2024-12-31,2023-04-02,0,49,2026-10-06T04:44:20.976882+00:00
Suzzanna: Malam Jumat Kliwon,Suzzanna Malam Jumat Kliwon,2020-01-01 2024-12-31,2023-04-09,0,46,2026-10-06T04:44:20.976882+00:00
Suzzanna: Malam Jumat Kliwon,Suzzanna Malam Jumat Kliwon,2020-01-01 2024-12-31,2023-04-16,0,59,2026-10-06T04:44:20.976882+00:00
Suzzanna: Malam Jumat Kliwon,Suzzanna Malam Jumat Kliwon,2020-01-01 2024-12-31,2023-04-23,0,83,2026-10-06T04:44:20.976882+00:00
Suzzanna: Malam Jumat Kliwon,Suzzanna Malam Jumat Kliwon,2020-01-01 2024-12-31,2023-04-30,0,68,2026-10-06T04:44:20.976882+00:00
Suzzanna: Malam Jumat Kliwon,Suzzanna Malam Jumat Kliwon,2020-01-01 2024-12-31,2023-05-07,0,57,2026-10-06T04:44:20.976882+00:00
Suzzanna: Malam Jumat Kliwon,Suzzanna Malam Jumat Kliwon,2020-01-01 2024-12-31,2023-05-14,1,61,2026-10-06T04:44:20.976882+00:00
Suzzanna: Malam Jumat Kliwon,Suzzanna Malam Jumat Kliwon,2020-01-01 2024-12-31,2023-05-21,2,58,2026-10-06T04:44:20.976882+00:00
Suzzanna: Malam Jumat Kliwon,Suzzanna Malam Jumat Kliwon,2020-01-01 2024-12-31,2023-05-28,1,54,2026-10-06T04:44:20.976882+00:00
Suzzanna: Malam Jumat Kliwon,Suzzanna Malam Jumat Kliwon,2020-01-01 2024-12-31,2023-06-04,1,48,2026-10-06T04:44:20.976882+00:00
Suzzanna: Malam Jumat Kliwon,Suzzanna Malam Jumat Kliwon,2020-01-01 2024-12-31,2023-06-11,1,50,2026-10-06T04:44:20.976882+00:00
Suzzanna: Malam Jumat Kliwon,Suzzanna Malam Jumat Kliwon,2020-01-01 2024-12-31,2023-06-18,1,55,2026-10-06T04:44:20.976882+00:00
Suzzanna: Malam Jumat Kliwon,Suzzanna Malam Jumat Kliwon,2020-01-01 2024-12-31,2023-06-25,2,64,2026-10-06T04:44:20.976882+00:00
Suzzanna: Malam Jumat Kliwon,Suzzanna Malam Jumat Kliwon,2020-01-01 2024-12-31,2023-07-02,1,55,2026-10-06T04:44:20.976882+00:00
Suzzanna: Malam Jumat Kliwon,Suzzanna Malam Jumat Kliwon,2020-01-01 2024-12-31,2023-07-09,1,59,2026-10-06T04:44:20.976882+00:00
Suzzanna: Malam Jumat Kliwon,Suzzanna Malam Jumat Kliwon,2020-01-01 2024-12-31,2023-07-16,2,59,2026-10-06T04:44:20.976882+00:00
Suzzanna: Malam Jumat Kliwon,Suzzanna Malam Jumat Kliwon,2020-01-01 2024-12-31,2023-07-23,4,50,2026-10-06T04:44:20.976882+00:00
Suzzanna: Malam Jumat Kliwon,Suzzanna Malam Jumat Kliwon,2020-01-01 2024-12-31,2023-07-30,24,47,2026-10-06T04:44:20.976882+00:00
Suzzanna: Malam Jumat Kliwon,Suzzanna Malam Jumat Kliwon,2020-01-01 2024-12-31,2023-08-06,22,51,2026-10-06T04:44:20.976882+00:00
Suzzanna: Malam Jumat Kliwon,Suzzanna Malam Jumat Kliwon,2020-01-01 2024-12-31,2023-08-13,12,53,2026-10-06T04:44:20.976882+00:00
Suzzanna: Malam Jumat Kliwon,Suzzanna Malam Jumat Kliwon,2020-01-01 2024-12-31,2023-08-20,7,48,2026-10-06T04:44:20.976882+00:00
Suzzanna: Malam Jumat Kliwon,Suzzanna Malam Jumat Kliwon,2020-01-01 2024-12-31,2023-08-27,6,50,2026-10-06T04:44:20.976882+00:00
Suzzanna: Malam Jumat Kliwon,Suzzanna Malam Jumat Kliwon,2020-01-01 2024-12-31,2023-09-03,4,55,2026-10-06T04:44:20.976882+00:00
Suzzanna: Malam Jumat Kliwon,Suzzanna Malam Jumat Kliwon,2020-01-01 2024-12-31,2023-09-10,2,50,2026-10-06T04:44:20.976882+00:00
Suzzanna: Malam Jumat Kliwon,Suzzanna Malam Jumat Kliwon,2020-01-01 2024-12-31,2023-09-17,3,52,2026-10-06T04:44:20.976882+00:00
Suzzanna: Malam Jumat Kliwon,Suzzanna Malam Jumat Kliwon,2020-01-01 2024-12-31,2023-09-24,2,54,2026-10-06T04:44:20.976882+00:00
Suzzanna: Malam Jumat Kliwon,Suzzanna Malam Jumat Kliwon,2020-01-01 2024-12-31,2023-10-01,2,57,2026-10-06T04:44:20.976882+00:00
Suzzanna: Malam Jumat Kliwon,Suzzanna Malam Jumat Kliwon,2020-01-01 2024-12-31,2023-10-08,2,58,2026-10-06T04:44:20.976882+00:00
Suzzanna: Malam Jumat Kliwon,Suzzanna Malam Jumat Kliwon,2020-01-01 2024-12-31,2023-10-15,2,55,2026-10-06T04:44:20.976882+00:00
Suzzanna: Malam Jumat Kliwon,Suzzanna Malam Jumat Kliwon,2020-01-01 2024-12-31,2023-10-22,2,57,2026-10-06T04:44:20.976882+00:00
Suzzanna: Malam Jumat Kliwon,Suzzanna Malam Jumat Kliwon,2020-01-01 2024-12-31,2023-10-29,1,56,2026-10-06T04:44:20.976882+00:00
Suzzanna: Malam Jumat Kliwon,Suzzanna Malam Jumat Kliwon,2020-01-01 2024-12-31,2023-11-05,1,54,2026-10-06T04:44:20.976882+00:00
Suzzanna: Malam Jumat Kliwon,Suzzanna Malam Jumat Kliwon,2020-01-01 2024-12-31,2023-11-12,1,54,2026-10-06T04:44:20.976882+00:00
Suzzanna: Malam Jumat Kliwon,Suzzanna Malam Jumat Kliwon,2020-01-01 2024-12-31,2023-11-19,1,52,2026-10-06T04:44:20.976882+00:00
Suzzanna: Malam Jumat Kliwon,Suzzanna Malam Jumat Kliwon,2020-01-01 2024-12-31,2023-11-26,1,49,2026-10-06T04:44:20.976882+00:00
Suzzanna: Malam Jumat Kliwon,Suzzanna Malam Jumat Kliwon,2020-01-01 2024-12-31,2023-12-03,4,50,2026-10-06T04:44:20.976882+00:00
Suzzanna: Malam Jumat Kliwon,Suzzanna Malam Jumat Kliwon,2020-01-01 2024-12-31,2023-12-10,6,58,2026-10-06T04:44:20.976882+00:00
Suzzanna: Malam Jumat Kliwon,Suzzanna Malam Jumat Kliwon,2020-01-01 2024-12-31,2023-12-17,4,60,2026-10-06T04:44:20.976882+00:00
Suzzanna: Malam Jumat Kliwon,Suzzanna Malam Jumat Kliwon,2020-01-01 2024-12-31,2023-12-24,3,88,2026-10-06T04:44:20.976882+00:00
Suzzanna: Malam Jumat Kliwon,Suzzanna Malam Jumat Kliwon,2020-01-01 2024-12-31,2023-12-31,2,67,2026-10-06T04:44:20.976882+00:00
Suzzanna: Malam Jumat Kliwon,Suzzanna Malam Jumat Kliwon,2020-01-01 2024-12-31,2024-01-07,1,51,2026-10-06T04:44:20.976882+00:00
Suzzanna: Malam Jumat Kliwon,Suzzanna Malam Jumat Kliwon,2020-01-01 2024-12-31,2024-01-14,1,49,2026-10-06T04:44:20.976882+00:00
Suzzanna: Malam Jumat Kliwon,Suzzanna Malam Jumat Kliwon,2020-01-01 2024-12-31,2024-01-21,1,50,2026-10-06T04:44:20.976882+00:00
Suzzanna: Malam Jumat Kliwon,Suzzanna Malam Jumat Kliwon,2020-01-01 2024-12-31,2024-01-28,1,53,2026-10-06T04:44:20.976882+00:00
Suzzanna: Malam Jumat Kliwon,Suzzanna Malam Jumat Kliwon,2020-01-01 2024-12-31,2024-02-04,1,57,2026-10-06T04:44:20.976882+00:00
Suzzanna: Malam Jumat Kliwon,Suzzanna Malam Jumat Kliwon,2020-01-01 2024-12-31,2024-02-11,1,53,2026-10-06T04:44:20.976882+00:00
Suzzanna: Malam Jumat Kliwon,Suzzanna Malam Jumat Kliwon,2020-01-01 2024-12-31,2024-02-18,1,49,2026-10-06T04:44:20.976882+00:00
Suzzanna: Malam Jumat Kliwon,Suzzanna Malam Jumat Kliwon,2020-01-01 2024-12-31,2024-02-25,1,54,2026-10-06T04:44:20.976882+00:00
Suzzanna: Malam Jumat Kliwon,Suzzanna Malam Jumat Kliwon,2020-01-01 2024-12-31,2024-03-03,1,51,2026-10-06T04:44:20.976882+00:00
Suzzanna: Malam Jumat Kliwon,Suzzanna Malam Jumat Kliwon,2020-01-01 2024-12-31,2024-03-10,1,56,2026-10-06T04:44:20.976882+00:00
Suzzanna: Malam Jumat Kliwon,Suzzanna Malam Jumat Kliwon,2020-01-01 2024-12-31,2024-03-17,1,47,2026-10-06T04:44:20.976882+00:00
Suzzanna: Malam Jumat Kliwon,Suzzanna Malam Jumat Kliwon,2020-01-01 2024-12-31,2024-03-24,1,51,2026-10-06T04:44:20.976882+00:00
Suzzanna: Malam Jumat Kliwon,Suzzanna Malam Jumat Kliwon,2020-01-01 2024-12-31,2024-03-31,0,47,2026-10-06T04:44:20.976882+00:00
Suzzanna: Malam Jumat Kliwon,Suzzanna Malam Jumat Kliwon,2020-01-01 2024-12-31,2024-04-07,1,69,2026-10-06T04:44:20.976882+00:00
Suzzanna: Malam Jumat Kliwon,Suzzanna Malam Jumat Kliwon,2020-01-01 2024-12-31,2024-04-14,1,60,2026-10-06T04:44:20.976882+00:00
Suzzanna: Malam Jumat Kliwon,Suzzanna Malam Jumat Kliwon,2020-01-01 2024-12-31,2024-04-21,1,48,2026-10-06T04:44:20.976882+00:00
Suzzanna: Malam Jumat Kliwon,Suzzanna Malam Jumat Kliwon,2020-01-01 2024-12-31,2024-04-28,0,46,2026-10-06T04:44:20.976882+00:00
Suzzanna: Malam Jumat Kliwon,Suzzanna Malam Jumat Kliwon,2020-01-01 2024-12-31,2024-05-05,1,53,2026-10-06T04:44:20.976882+00:00
Suzzanna: Malam Jumat Kliwon,Suzzanna Malam Jumat Kliwon,2020-01-01 2024-12-31,2024-05-12,0,54,2026-10-06T04:44:20.976882+00:00
Suzzanna: Malam Jumat Kliwon,Suzzanna Malam Jumat Kliwon,2020-01-01 2024-12-31,2024-05-19,0,51,2026-10-06T04:44:20.976882+00:00
Suzzanna: Malam Jumat Kliwon,Suzzanna Malam Jumat Kliwon,2020-01-01 2024-12-31,2024-05-26,0,41,2026-10-06T04:44:20.976882+00:00
Suzzanna: Malam Jumat Kliwon,Suzzanna Malam Jumat Kliwon,2020-01-01 2024-12-31,2024-06-02,0,36,2026-10-06T04:44:20.976882+00:00
Suzzanna: Malam Jumat Kliwon,Suzzanna Malam Jumat Kliwon,2020-01-01 2024-12-31,2024-06-09,0,41,2026-10-06T04:44:20.976882+00:00
Suzzanna: Malam Jumat Kliwon,Suzzanna Malam Jumat Kliwon,2020-01-01 2024-12-31,2024-06-16,1,51,2026-10-06T04:44:20.976882+00:00
Suzzanna: Malam Jumat Kliwon,Suzzanna Malam Jumat Kliwon,2020-01-01 2024-12-31,2024-06-23,1,48,2026-10-06T04:44:20.976882+00:00
Suzzanna: Malam Jumat Kliwon,Suzzanna Malam Jumat Kliwon,2020-01-01 2024-12-31,2024-06-30,0,53,2026-10-06T04:44:20.976882+00:00
Suzzanna: Malam Jumat Kliwon,Suzzanna Malam Jumat Kliwon,2020-01-01 2024-12-31,2024-07-07,0,52,2026-10-06T04:44:20.976882+00:00
Suzzanna: Malam Jumat Kliwon,Suzzanna Malam Jumat Kliwon,2020-01-01 2024-12-31,2024-07-14,0,50,2026-10-06T04:44:20.976882+00:00
Suzzanna: Malam Jumat Kliwon,Suzzanna Malam Jumat Kliwon,2020-01-01 2024-12-31,2024-07-21,0,51,2026-10-06T04:44:20.976882+00:00
Suzzanna: Malam Jumat Kliwon,Suzzanna Malam Jumat Kliwon,2020-01-01 2024-12-31,2024-07-28,0,50,2026-10-06T04:44:20.976882+00:00
Suzzanna: Malam Jumat Kliwon,Suzzanna Malam Jumat Kliwon,2020-01-01 2024-12-31,2024-08-04,0,46,2026-10-06T04:44:20.976882+00:00
Suzzanna: Malam Jumat Kliwon,Suzzanna Malam Jumat Kliwon,2020-01-01 2024-12-31,2024-08-11,0,51,2026-10-06T04:44:20.976882+00:00
Suzzanna: Malam Jumat Kliwon,Suzzanna Malam Jumat Kliwon,2020-01-01 2024-12-31,2024-08-18,0,48,2026-10-06T04:44:20.976882+00:00
Suzzanna: Malam Jumat Kliwon,Suzzanna Malam Jumat Kliwon,2020-01-01 2024-12-31,2024-08-25,0,48,2026-10-06T04:44:20.976882+00:00
Suzzanna: Malam Jumat Kliwon,Suzzanna Malam Jumat Kliwon,2020-01-01 2024-12-31,2024-09-01,0,45,2026-10-06T04:44:20.976882+00:00
Suzzanna: Malam Jumat Kliwon,Suzzanna Malam Jumat Kliwon,2020-01-01 2024-12-31,2024-09-08,0,50,2026-10-06T04:44:20.976882+00:00
Suzzanna: Malam Jumat Kliwon,Suzzanna Malam Jumat Kliwon,2020-01-01 2024-12-31,2024-09-15,0,55,2026-10-06T04:44:20.976882+00:00
Suzzanna: Malam Jumat Kliwon,Suzzanna Malam Jumat Kliwon,2020-01-01 2024-12-31,2024-09-22,0,54,2026-10-06T04:44:20.976882+00:00
Suzzanna: Malam Jumat Kliwon,Suzzanna Malam Jumat Kliwon,2020-01-01 2024-12-31,2024-09-29,0,54,2026-10-06T04:44:20.976882+00:00
Suzzanna: Malam Jumat Kliwon,Suzzanna Malam Jumat Kliwon,2020-01-01 2024-12-31,2024-10-06,0,52,2026-10-06T04:44:20.976882+00:00
Suzzanna: Malam Jumat Kliwon,Suzzanna Malam Jumat Kliwon,2020-01-01 2024-12-31,2024-10-13,0,50,2026-10-06T04:44:20.976882+00:00
Suzzanna: Malam Jumat Kliwon,Suzzanna Malam Jumat Kliwon,2020-01-01 2024-12-31,2024-10-20,0,50,2026-10-06T04:44:20.976882+00:00
Suzzanna: Malam Jumat Kliwon,Suzzanna Malam Jumat Kliwon,2020-01-01 2024-12-31,2024-10-27,0,50,2026-10-06T04:44:20.976882+00:00
Suzzanna: Malam Jumat Kliwon,Suzzanna Malam Jumat Kliwon,2020-01-01 2024-12-31,2024-11-03,0,61,2026-10-06T04:44:20.976882+00:00
Suzzanna: Malam Jumat Kliwon,Suzzanna Malam Jumat Kliwon,2020-01-01 2024-12-31,2024-11-10,0,57,2026-10-06T04:44:20.976882+00:00
Suzzanna: Malam Jumat Kliwon,Suzzanna Malam Jumat Kliwon,2020-01-01 2024-12-31,2024-11-17,0,61,2026-10-06T04:44:20.976882+00:00
Suzzanna: Malam Jumat Kliwon,Suzzanna Malam Jumat Kliwon,2020-01-01 2024-12-31,2024-11-24,0,59,2026-10-06T04:44:20.976882+00:00
Suzzanna: Malam Jumat Kliwon,Suzzanna Malam Jumat Kliwon,2020-01-01 2024-12-31,2024-12-01,0,52,2026-10-06T04:44:20.976882+00:00
Suzzanna: Malam Jumat Kliwon,Suzzanna Malam Jumat Kliwon,2020-01-01 2024-12-31,2024-12-08,0,56,2026-10-06T04:44:20.976882+00:00
Suzzanna: Malam Jumat Kliwon,Suzzanna Malam Jumat Kliwon,2020-01-01 2024-12-31,2024-12-15,0,65,2026-10-06T04:44:20.976882+00:00
Suzzanna: Malam Jumat Kliwon,Suzzanna Malam Jumat Kliwon,2020-01-01 2024-12-31,2024-12-22,1,78,2026-10-06T04:44:20.976882+00:00
Suzzanna: Malam Jumat Kliwon,Suzzanna Malam Jumat Kliwon,2020-01-01 2024-12-31,2024-12-29,2,79,2026-10-06T04:44:20.976882+00:00
Suzzanna: Malam Jumat Kliwon,Suzzanna Malam Jumat Kliwon,2022-01-01 2026-10-06,2021-12-26,0,73,2026-10-06T04:44:29.928815+00:00
Suzzanna: Malam Jumat Kliwon,Suzzanna Malam Jumat Kliwon,2022-01-01 2026-10-06,2022-01-02,0,57,2026-10-06T04:44:29.928815+00:00
Suzzanna: Malam Jumat Kliwon,Suzzanna Malam Jumat Kliwon,2022-01-01 2026-10-06,2022-01-09,0,61,2026-10-06T04:44:29.928815+00:00
Suzzanna: Malam Jumat Kliwon,Suzzanna Malam Jumat Kliwon,2022-01-01 2026-10-06,2022-01-16,0,46,2026-10-06T04:44:29.928815+00:00
Suzzanna: Malam Jumat Kliwon,Suzzanna Malam Jumat Kliwon,2022-01-01 2026-10-06,2022-01-23,0,47,2026-10-06T04:44:29.928815+00:00
Suzzanna: Malam Jumat Kliwon,Suzzanna Malam Jumat Kliwon,2022-01-01 2026-10-06,2022-01-30,0,46,2026-10-06T04:44:29.928815+00:00
Suzzanna: Malam Jumat Kliwon,Suzzanna Malam Jumat Kliwon,2022-01-01 2026-10-06,2022-02-06,0,46,2026-10-06T04:44:29.928815+00:00
Suzzanna: Malam Jumat Kliwon,Suzzanna Malam Jumat Kliwon,2022-01-01 2026-10-06,2022-02-13,0,50,2026-10-06T04:44:29.928815+00:00
Suzzanna: Malam Jumat Kliwon,Suzzanna Malam Jumat Kliwon,2022-01-01 2026-10-06,2022-02-20,0,46,2026-10-06T04:44:29.928815+00:00
Suzzanna: Malam Jumat Kliwon,Suzzanna Malam Jumat Kliwon,2022-01-01 2026-10-06,2022-02-27,0,51,2026-10-06T04:44:29.928815+00:00
Suzzanna: Malam Jumat Kliwon,Suzzanna Malam Jumat Kliwon,2022-01-01 2026-10-06,2022-03-06,0,38,2026-10-06T04:44:29.928815+00:00
Suzzanna: Malam Jumat Kliwon,Suzzanna Malam Jumat Kliwon,2022-01-01 2026-10-06,2022-03-13,0,40,2026-10-06T04:44:29.928815+00:00
Suzzanna: Malam Jumat Kliwon,Suzzanna Malam Jumat Kliwon,2022-01-01 2026-10-06,2022-03-20,0,42,2026-10-06T04:44:29.928815+00:00
Suzzanna: Malam Jumat Kliwon,Suzzanna Malam Jumat Kliwon,2022-01-01 2026-10-06,2022-03-27,0,40,2026-10-06T04:44:29.928815+00:00
Suzzanna: Malam Jumat Kliwon,Suzzanna Malam Jumat Kliwon,2022-01-01 2026-10-06,2022-04-03,0,42,2026-10-06T04:44:29.928815+00:00
Suzzanna: Malam Jumat Kliwon,Suzzanna Malam Jumat Kliwon,2022-01-01 2026-10-06,2022-04-10,0,43,2026-10-06T04:44:29.928815+00:00
Suzzanna: Malam Jumat Kliwon,Suzzanna Malam Jumat Kliwon,2022-01-01 2026-10-06,2022-04-17,0,47,2026-10-06T04:44:29.928815+00:00
Suzzanna: Malam Jumat Kliwon,Suzzanna Malam Jumat Kliwon,2022-01-01 2026-10-06,2022-04-24,0,51,2026-10-06T04:44:29.928815+00:00
Suzzanna: Malam Jumat Kliwon,Suzzanna Malam Jumat Kliwon,2022-01-01 2026-10-06,2022-05-01,0,90,2026-10-06T04:44:29.928815+00:00
Suzzanna: Malam Jumat Kliwon,Suzzanna Malam Jumat Kliwon,2022-01-01 2026-10-06,2022-05-08,0,69,2026-10-06T04:44:29.928815+00:00
Suzzanna: Malam Jumat Kliwon,Suzzanna Malam Jumat Kliwon,2022-01-01 2026-10-06,2022-05-15,0,57,2026-10-06T04:44:29.928815+00:00
Suzzanna: Malam Jumat Kliwon,Suzzanna Malam Jumat Kliwon,2022-01-01 2026-10-06,2022-05-22,0,53,2026-10-06T04:44:29.928815+00:00
Suzzanna: Malam Jumat Kliwon,Suzzanna Malam Jumat Kliwon,2022-01-01 2026-10-06,2022-05-29,0,49,2026-10-06T04:44:29.928815+00:00
Suzzanna: Malam Jumat Kliwon,Suzzanna Malam Jumat Kliwon,2022-01-01 2026-10-06,2022-06-05,0,44,2026-10-06T04:44:29.928815+00:00
Suzzanna: Malam Jumat Kliwon,Suzzanna Malam Jumat Kliwon,2022-01-01 2026-10-06,2022-06-12,0,46,2026-10-06T04:44:29.928815+00:00
Suzzanna: Malam Jumat Kliwon,Suzzanna Malam Jumat Kliwon,2022-01-01 2026-10-06,2022-06-19,0,54,2026-10-06T04:44:29.928815+00:00
Suzzanna: Malam Jumat Kliwon,Suzzanna Malam Jumat Kliwon,2022-01-01 2026-10-06,2022-06-26,0,52,2026-10-06T04:44:29.928815+00:00
Suzzanna: Malam Jumat Kliwon,Suzzanna Malam Jumat Kliwon,2022-01-01 2026-10-06,2022-07-03,0,50,2026-10-06T04:44:29.928815+00:00
Suzzanna: Malam Jumat Kliwon,Suzzanna Malam Jumat Kliwon,2022-01-01 2026-10-06,2022-07-10,0,55,2026-10-06T04:44:29.928815+00:00
Suzzanna: Malam Jumat Kliwon,Suzzanna Malam Jumat Kliwon,2022-01-01 2026-10-06,2022-07-17,0,50,2026-10-06T04:44:29.928815+00:00
Suzzanna: Malam Jumat Kliwon,Suzzanna Malam Jumat Kliwon,2022-01-01 2026-10-06,2022-07-24,0,44,2026-10-06T04:44:29.928815+00:00
Suzzanna: Malam Jumat Kliwon,Suzzanna Malam Jumat Kliwon,2022-01-01 2026-10-06,2022-07-31,0,50,2026-10-06T04:44:29.928815+00:00
Suzzanna: Malam Jumat Kliwon,Suzzanna Malam Jumat Kliwon,2022-01-01 2026-10-06,2022-08-07,0,48,2026-10-06T04:44:29.928815+00:00
Suzzanna: Malam Jumat Kliwon,Suzzanna Malam Jumat Kliwon,2022-01-01 2026-10-06,2022-08-14,0,50,2026-10-06T04:44:29.928815+00:00
Suzzanna: Malam Jumat Kliwon,Suzzanna Malam Jumat Kliwon,2022-01-01 2026-10-06,2022-08-21,0,45,2026-10-06T04:44:29.928815+00:00
Suzzanna: Malam Jumat Kliwon,Suzzanna Malam Jumat Kliwon,2022-01-01 2026-10-06,2022-08-28,0,42,2026-10-06T04:44:29.928815+00:00
Suzzanna: Malam Jumat Kliwon,Suzzanna Malam Jumat Kliwon,2022-01-01 2026-10-06,2022-09-04,0,43,2026-10-06T04:44:29.928815+00:00
Suzzanna: Malam Jumat Kliwon,Suzzanna Malam Jumat Kliwon,2022-01-01 2026-10-06,2022-09-11,0,39,2026-10-06T04:44:29.928815+00:00
Suzzanna: Malam Jumat Kliwon,Suzzanna Malam Jumat Kliwon,2022-01-01 2026-10-06,2022-09-18,0,39,2026-10-06T04:44:29.928815+00:00
Suzzanna: Malam Jumat Kliwon,Suzzanna Malam Jumat Kliwon,2022-01-01 2026-10-06,2022-09-25,0,38,2026-10-06T04:44:29.928815+00:00
Suzzanna: Malam Jumat Kliwon,Suzzanna Malam Jumat Kliwon,2022-01-01 2026-10-06,2022-10-02,0,43,2026-10-06T04:44:29.928815+00:00
Suzzanna: Malam Jumat Kliwon,Suzzanna Malam Jumat Kliwon,2022-01-01 2026-10-06,2022-10-09,0,50,2026-10-06T04:44:29.928815+00:00
Suzzanna: Malam Jumat Kliwon,Suzzanna Malam Jumat Kliwon,2022-01-01 2026-10-06,2022-10-16,0,49,2026-10-06T04:44:29.928815+00:00
Suzzanna: Malam Jumat Kliwon,Suzzanna Malam Jumat Kliwon,2022-01-01 2026-10-06,2022-10-23,0,45,2026-10-06T04:44:29.928815+00:00
Suzzanna: Malam Jumat Kliwon,Suzzanna Malam Jumat Kliwon,2022-01-01 2026-10-06,2022-10-30,0,46,2026-10-06T04:44:29.928815+00:00
Suzzanna: Malam Jumat Kliwon,Suzzanna Malam Jumat Kliwon,2022-01-01 2026-10-06,2022-11-06,0,48,2026-10-06T04:44:29.928815+00:00
Suzzanna: Malam Jumat Kliwon,Suzzanna Malam Jumat Kliwon,2022-01-01 2026-10-06,2022-11-13,0,49,2026-10-06T04:44:29.928815+00:00
Suzzanna: Malam Jumat Kliwon,Suzzanna Malam Jumat Kliwon,2022-01-01 2026-10-06,2022-11-20,0,41,2026-10-06T04:44:29.928815+00:00
Suzzanna: Malam Jumat Kliwon,Suzzanna Malam Jumat Kliwon,2022-01-01 2026-10-06,2022-11-27,0,40,2026-10-06T04:44:29.928815+00:00
Suzzanna: Malam Jumat Kliwon,Suzzanna Malam Jumat Kliwon,2022-01-01 2026-10-06,2022-12-04,0,38,2026-10-06T04:44:29.928815+00:00
Suzzanna: Malam Jumat Kliwon,Suzzanna Malam Jumat Kliwon,2022-01-01 2026-10-06,2022-12-11,0,48,2026-10-06T04:44:29.928815+00:00
Suzzanna: Malam Jumat Kliwon,Suzzanna Malam Jumat Kliwon,2022-01-01 2026-10-06,2022-12-18,0,53,2026-10-06T04:44:29.928815+00:00
Suzzanna: Malam Jumat Kliwon,Suzzanna Malam Jumat Kliwon,2022-01-01 2026-10-06,2022-12-25,0,92,2026-10-06T04:44:29.928815+00:00
Suzzanna: Malam Jumat Kliwon,Suzzanna Malam Jumat Kliwon,2022-01-01 2026-10-06,2023-01-01,0,58,2026-10-06T04:44:29.928815+00:00
Suzzanna: Malam Jumat Kliwon,Suzzanna Malam Jumat Kliwon,2022-01-01 2026-10-06,2023-01-08,0,46,2026-10-06T04:44:29.928815+00:00
Suzzanna: Malam Jumat Kliwon,Suzzanna Malam Jumat Kliwon,2022-01-01 2026-10-06,2023-01-15,0,44,2026-10-06T04:44:29.928815+00:00
Suzzanna: Malam Jumat Kliwon,Suzzanna Malam Jumat Kliwon,2022-01-01 2026-10-06,2023-01-22,0,51,2026-10-06T04:44:29.928815+00:00
Suzzanna: Malam Jumat Kliwon,Suzzanna Malam Jumat Kliwon,2022-01-01 2026-10-06,2023-01-29,0,44,2026-10-06T04:44:29.928815+00:00
Suzzanna: Malam Jumat Kliwon,Suzzanna Malam Jumat Kliwon,2022-01-01 2026-10-06,2023-02-05,0,47,2026-10-06T04:44:29.928815+00:00
Suzzanna: Malam Jumat Kliwon,Suzzanna Malam Jumat Kliwon,2022-01-01 2026-10-06,2023-02-12,0,51,2026-10-06T04:44:29.928815+00:00
Suzzanna: Malam Jumat Kliwon,Suzzanna Malam Jumat Kliwon,2022-01-01 2026-10-06,2023-02-19,0,46,2026-10-06T04:44:29.928815+00:00
Suzzanna: Malam Jumat Kliwon,Suzzanna Malam Jumat Kliwon,2022-01-01 2026-10-06,2023-02-26,0,46,2026-10-06T04:44:29.928815+00:00
Suzzanna: Malam Jumat Kliwon,Suzzanna Malam Jumat Kliwon,2022-01-01 2026-10-06,2023-03-05,0,43,2026-10-06T04:44:29.928815+00:00
Suzzanna: Malam Jumat Kliwon,Suzzanna Malam Jumat Kliwon,2022-01-01 2026-10-06,2023-03-12,0,42,2026-10-06T04:44:29.928815+00:00
Suzzanna: Malam Jumat Kliwon,Suzzanna Malam Jumat Kliwon,2022-01-01 2026-10-06,2023-03-19,0,52,2026-10-06T04:44:29.928815+00:00
Suzzanna: Malam Jumat Kliwon,Suzzanna Malam Jumat Kliwon,2022-01-01 2026-10-06,2023-03-26,0,43,2026-10-06T04:44:29.928815+00:00
Suzzanna: Malam Jumat Kliwon,Suzzanna Malam Jumat Kliwon,2022-01-01 2026-10-06,2023-04-02,0,45,2026-10-06T04:44:29.928815+00:00
Suzzanna: Malam Jumat Kliwon,Suzzanna Malam Jumat Kliwon,2022-01-01 2026-10-06,2023-04-09,0,43,2026-10-06T04:44:29.928815+00:00
Suzzanna: Malam Jumat Kliwon,Suzzanna Malam Jumat Kliwon,2022-01-01 2026-10-06,2023-04-16,0,54,2026-10-06T04:44:29.928815+00:00
Suzzanna: Malam Jumat Kliwon,Suzzanna Malam Jumat Kliwon,2022-01-01 2026-10-06,2023-04-23,0,77,2026-10-06T04:44:29.928815+00:00
Suzzanna: Malam Jumat Kliwon,Suzzanna Malam Jumat Kliwon,2022-01-01 2026-10-06,2023-04-30,0,63,2026-10-06T04:44:29.928815+00:00
Suzzanna: Malam Jumat Kliwon,Suzzanna Malam Jumat Kliwon,2022-01-01 2026-10-06,2023-05-07,0,53,2026-10-06T04:44:29.928815+00:00
Suzzanna: Malam Jumat Kliwon,Suzzanna Malam Jumat Kliwon,2022-01-01 2026-10-06,2023-05-14,1,56,2026-10-06T04:44:29.928815+00:00
Suzzanna: Malam Jumat Kliwon,Suzzanna Malam Jumat Kliwon,2022-01-01 2026-10-06,2023-05-21,2,54,2026-10-06T04:44:29.928815+00:00
Suzzanna: Malam Jumat Kliwon,Suzzanna Malam Jumat Kliwon,2022-01-01 2026-10-06,2023-05-28,1,50,2026-10-06T04:44:29.928815+00:00
Suzzanna: Malam Jumat Kliwon,Suzzanna Malam Jumat Kliwon,2022-01-01 2026-10-06,2023-06-04,1,44,2026-10-06T04:44:29.928815+00:00
Suzzanna: Malam Jumat Kliwon,Suzzanna Malam Jumat Kliwon,2022-01-01 2026-10-06,2023-06-11,1,47,2026-10-06T04:44:29.928815+00:00
Suzzanna: Malam Jumat Kliwon,Suzzanna Malam Jumat Kliwon,2022-01-01 2026-10-06,2023-06-18,1,50,2026-10-06T04:44:29.928815+00:00
Suzzanna: Malam Jumat Kliwon,Suzzanna Malam Jumat Kliwon,2022-01-01 2026-10-06,2023-06-25,2,59,2026-10-06T04:44:29.928815+00:00
Suzzanna: Malam Jumat Kliwon,Suzzanna Malam Jumat Kliwon,2022-01-01 2026-10-06,2023-07-02,1,51,2026-10-06T04:44:29.928815+00:00
Suzzanna: Malam Jumat Kliwon,Suzzanna Malam Jumat Kliwon,2022-01-01 2026-10-06,2023-07-09,1,55,2026-10-06T04:44:29.928815+00:00
Suzzanna: Malam Jumat Kliwon,Suzzanna Malam Jumat Kliwon,2022-01-01 2026-10-06,2023-07-16,2,54,2026-10-06T04:44:29.928815+00:00
Suzzanna: Malam Jumat Kliwon,Suzzanna Malam Jumat Kliwon,2022-01-01 2026-10-06,2023-07-23,4,47,2026-10-06T04:44:29.928815+00:00
Suzzanna: Malam Jumat Kliwon,Suzzanna Malam Jumat Kliwon,2022-01-01 2026-10-06,2023-07-30,22,43,2026-10-06T04:44:29.928815+00:00
Suzzanna: Malam Jumat Kliwon,Suzzanna Malam Jumat Kliwon,2022-01-01 2026-10-06,2023-08-06,20,47,2026-10-06T04:44:29.928815+00:00
Suzzanna: Malam Jumat Kliwon,Suzzanna Malam Jumat Kliwon,2022-01-01 2026-10-06,2023-08-13,11,49,2026-10-06T04:44:29.928815+00:00
Suzzanna: Malam Jumat Kliwon,Suzzanna Malam Jumat Kliwon,2022-01-01 2026-10-06,2023-08-20,6,44,2026-10-06T04:44:29.928815+00:00
Suzzanna: Malam Jumat Kliwon,Suzzanna Malam Jumat Kliwon,2022-01-01 2026-10-06,2023-08-27,6,46,2026-10-06T04:44:29.928815+00:00
Suzzanna: Malam Jumat Kliwon,Suzzanna Malam Jumat Kliwon,2022-01-01 2026-10-06,2023-09-03,3,51,2026-10-06T04:44:29.928815+00:00
Suzzanna: Malam Jumat Kliwon,Suzzanna Malam Jumat Kliwon,2022-01-01 2026-10-06,2023-09-10,2,46,2026-10-06T04:44:29.928815+00:00
Suzzanna: Malam Jumat Kliwon,Suzzanna Malam Jumat Kliwon,2022-01-01 2026-10-06,2023-09-17,3,48,2026-10-06T04:44:29.928815+00:00
Suzzanna: Malam Jumat Kliwon,Suzzanna Malam Jumat Kliwon,2022-01-01 2026-10-06,2023-09-24,2,50,2026-10-06T04:44:29.928815+00:00
Suzzanna: Malam Jumat Kliwon,Suzzanna Malam Jumat Kliwon,2022-01-01 2026-10-06,2023-10-01,2,52,2026-10-06T04:44:29.928815+00:00
Suzzanna: Malam Jumat Kliwon,Suzzanna Malam Jumat Kliwon,2022-01-01 2026-10-06,2023-10-08,2,53,2026-10-06T04:44:29.928815+00:00
Suzzanna: Malam Jumat Kliwon,Suzzanna Malam Jumat Kliwon,2022-01-01 2026-10-06,2023-10-15,1,51,2026-10-06T04:44:29.928815+00:00
Suzzanna: Malam Jumat Kliwon,Suzzanna Malam Jumat Kliwon,2022-01-01 2026-10-06,2023-10-22,2,52,2026-10-06T04:44:29.928815+00:00
Suzzanna: Malam Jumat Kliwon,Suzzanna Malam Jumat Kliwon,2022-01-01 2026-10-06,2023-10-29,1,52,2026-10-06T04:44:29.928815+00:00
Suzzanna: Malam Jumat Kliwon,Suzzanna Malam Jumat Kliwon,2022-01-01 2026-10-06,2023-11-05,1,50,2026-10-06T04:44:29.928815+00:00
Suzzanna: Malam Jumat Kliwon,Suzzanna Malam Jumat Kliwon,2022-01-01 2026-10-06,2023-11-12,1,50,2026-10-06T04:44:29.928815+00:00
Suzzanna: Malam Jumat Kliwon,Suzzanna Malam Jumat Kliwon,2022-01-01 2026-10-06,2023-11-19,1,48,2026-10-06T04:44:29.928815+00:00
Suzzanna: Malam Jumat Kliwon,Suzzanna Malam Jumat Kliwon,2022-01-01 2026-10-06,2023-11-26,1,45,2026-10-06T04:44:29.928815+00:00
Suzzanna: Malam Jumat Kliwon,Suzzanna Malam Jumat Kliwon,2022-01-01 2026-10-06,2023-12-03,3,46,2026-10-06T04:44:29.928815+00:00
Suzzanna: Malam Jumat Kliwon,Suzzanna Malam Jumat Kliwon,2022-01-01 2026-10-06,2023-12-10,6,53,2026-10-06T04:44:29.928815+00:00
Suzzanna: Malam Jumat Kliwon,Suzzanna Malam Jumat Kliwon,2022-01-01 2026-10-06,2023-12-17,4,56,2026-10-06T04:44:29.928815+00:00
Suzzanna: Malam Jumat Kliwon,Suzzanna Malam Jumat Kliwon,2022-01-01 2026-10-06,2023-12-24,3,81,2026-10-06T04:44:29.928815+00:00
Suzzanna: Malam Jumat Kliwon,Suzzanna Malam Jumat Kliwon,2022-01-01 2026-10-06,2023-12-31,2,62,2026-10-06T04:44:29.928815+00:00
Suzzanna: Malam Jumat Kliwon,Suzzanna Malam Jumat Kliwon,2022-01-01 2026-10-06,2024-01-07,1,47,2026-10-06T04:44:29.928815+00:00
Suzzanna: Malam Jumat Kliwon,Suzzanna Malam Jumat Kliwon,2022-01-01 2026-10-06,2024-01-14,1,45,2026-10-06T04:44:29.928815+00:00
Suzzanna: Malam Jumat Kliwon,Suzzanna Malam Jumat Kliwon,2022-01-01 2026-10-06,2024-01-21,1,46,2026-10-06T04:44:29.928815+00:00
Suzzanna: Malam Jumat Kliwon,Suzzanna Malam Jumat Kliwon,2022-01-01 2026-10-06,2024-01-28,1,49,2026-10-06T04:44:29.928815+00:00
Suzzanna: Malam Jumat Kliwon,Suzzanna Malam Jumat Kliwon,2022-01-01 2026-10-06,2024-02-04,1,52,2026-10-06T04:44:29.928815+00:00
Suzzanna: Malam Jumat Kliwon,Suzzanna Malam Jumat Kliwon,2022-01-01 2026-10-06,2024-02-11,1,49,2026-10-06T04:44:29.928815+00:00
Suzzanna: Malam Jumat Kliwon,Suzzanna Malam Jumat Kliwon,2022-01-01 2026-10-06,2024-02-18,1,45,2026-10-06T04:44:29.928815+00:00
Suzzanna: Malam Jumat Kliwon,Suzzanna Malam Jumat Kliwon,2022-01-01 2026-10-06,2024-02-25,1,50,2026-10-06T04:44:29.928815+00:00
Suzzanna: Malam Jumat Kliwon,Suzzanna Malam Jumat Kliwon,2022-01-01 2026-10-06,2024-03-03,1,47,2026-10-06T04:44:29.928815+00:00
Suzzanna: Malam Jumat Kliwon,Suzzanna Malam Jumat Kliwon,2022-01-01 2026-10-06,2024-03-10,1,52,2026-10-06T04:44:29.928815+00:00
Suzzanna: Malam Jumat Kliwon,Suzzanna Malam Jumat Kliwon,2022-01-01 2026-10-06,2024-03-17,0,43,2026-10-06T04:44:29.928815+00:00
Suzzanna: Malam Jumat Kliwon,Suzzanna Malam Jumat Kliwon,2022-01-01 2026-10-06,2024-03-24,0,47,2026-10-06T04:44:29.928815+00:00
Suzzanna: Malam Jumat Kliwon,Suzzanna Malam Jumat Kliwon,2022-01-01 2026-10-06,2024-03-31,0,44,2026-10-06T04:44:29.928815+00:00
Suzzanna: Malam Jumat Kliwon,Suzzanna Malam Jumat Kliwon,2022-01-01 2026-10-06,2024-04-07,1,64,2026-10-06T04:44:29.928815+00:00
Suzzanna: Malam Jumat Kliwon,Suzzanna Malam Jumat Kliwon,2022-01-01 2026-10-06,2024-04-14,1,55,2026-10-06T04:44:29.928815+00:00
Suzzanna: Malam Jumat Kliwon,Suzzanna Malam Jumat Kliwon,2022-01-01 2026-10-06,2024-04-21,1,44,2026-10-06T04:44:29.928815+00:00
Suzzanna: Malam Jumat Kliwon,Suzzanna Malam Jumat Kliwon,2022-01-01 2026-10-06,2024-04-28,0,42,2026-10-06T04:44:29.928815+00:00
Suzzanna: Malam Jumat Kliwon,Suzzanna Malam Jumat Kliwon,2022-01-01 2026-10-06,2024-05-05,0,48,2026-10-06T04:44:29.928815+00:00
Suzzanna: Malam Jumat Kliwon,Suzzanna Malam Jumat Kliwon,2022-01-01 2026-10-06,2024-05-12,0,50,2026-10-06T04:44:29.928815+00:00
Suzzanna: Malam Jumat Kliwon,Suzzanna Malam Jumat Kliwon,2022-01-01 2026-10-06,2024-05-19,0,47,2026-10-06T04:44:29.928815+00:00
Suzzanna: Malam Jumat Kliwon,Suzzanna Malam Jumat Kliwon,2022-01-01 2026-10-06,2024-05-26,0,38,2026-10-06T04:44:29.928815+00:00
Suzzanna: Malam Jumat Kliwon,Suzzanna Malam Jumat Kliwon,2022-01-01 2026-10-06,2024-06-02,0,34,2026-10-06T04:44:29.928815+00:00
Suzzanna: Malam Jumat Kliwon,Suzzanna Malam Jumat Kliwon,2022-01-01 2026-10-06,2024-06-09,0,38,2026-10-06T04:44:29.928815+00:00
Suzzanna: Malam Jumat Kliwon,Suzzanna Malam Jumat Kliwon,2022-01-01 2026-10-06,2024-06-16,0,47,2026-10-06T04:44:29.928815+00:00
Suzzanna: Malam Jumat Kliwon,Suzzanna Malam Jumat Kliwon,2022-01-01 2026-10-06,2024-06-23,1,44,2026-10-06T04:44:29.928815+00:00
Suzzanna: Malam Jumat Kliwon,Suzzanna Malam Jumat Kliwon,2022-01-01 2026-10-06,2024-06-30,0,49,2026-10-06T04:44:29.928815+00:00
Suzzanna: Malam Jumat Kliwon,Suzzanna Malam Jumat Kliwon,2022-01-01 2026-10-06,2024-07-07,0,48,2026-10-06T04:44:29.928815+00:00
Suzzanna: Malam Jumat Kliwon,Suzzanna Malam Jumat Kliwon,2022-01-01 2026-10-06,2024-07-14,0,46,2026-10-06T04:44:29.928815+00:00
Suzzanna: Malam Jumat Kliwon,Suzzanna Malam Jumat Kliwon,2022-01-01 2026-10-06,2024-07-21,0,47,2026-10-06T04:44:29.928815+00:00
Suzzanna: Malam Jumat Kliwon,Suzzanna Malam Jumat Kliwon,2022-01-01 2026-10-06,2024-07-28,0,46,2026-10-06T04:44:29.928815+00:00
Suzzanna: Malam Jumat Kliwon,Suzzanna Malam Jumat Kliwon,2022-01-01 2026-10-06,2024-08-04,0,42,2026-10-06T04:44:29.928815+00:00
Suzzanna: Malam Jumat Kliwon,Suzzanna Malam Jumat Kliwon,2022-01-01 2026-10-06,2024-08-11,0,47,2026-10-06T04:44:29.928815+00:00
Suzzanna: Malam Jumat Kliwon,Suzzanna Malam Jumat Kliwon,2022-01-01 2026-10-06,2024-08-18,0,45,2026-10-06T04:44:29.928815+00:00
Suzzanna: Malam Jumat Kliwon,Suzzanna Malam Jumat Kliwon,2022-01-01 2026-10-06,2024-08-25,0,44,2026-10-06T04:44:29.928815+00:00
Suzzanna: Malam Jumat Kliwon,Suzzanna Malam Jumat Kliwon,2022-01-01 2026-10-06,2024-09-01,0,42,2026-10-06T04:44:29.928815+00:00
Suzzanna: Malam Jumat Kliwon,Suzzanna Malam Jumat Kliwon,2022-01-01 2026-10-06,2024-09-08,0,46,2026-10-06T04:44:29.928815+00:00
Suzzanna: Malam Jumat Kliwon,Suzzanna Malam Jumat Kliwon,2022-01-01 2026-10-06,2024-09-15,0,51,2026-10-06T04:44:29.928815+00:00
Suzzanna: Malam Jumat Kliwon,Suzzanna Malam Jumat Kliwon,2022-01-01 2026-10-06,2024-09-22,0,50,2026-10-06T04:44:29.928815+00:00
Suzzanna: Malam Jumat Kliwon,Suzzanna Malam Jumat Kliwon,2022-01-01 2026-10-06,2024-09-29,0,50,2026-10-06T04:44:29.928815+00:00
Suzzanna: Malam Jumat Kliwon,Suzzanna Malam Jumat Kliwon,2022-01-01 2026-10-06,2024-10-06,0,48,2026-10-06T04:44:29.928815+00:00
Suzzanna: Malam Jumat Kliwon,Suzzanna Malam Jumat Kliwon,2022-01-01 2026-10-06,2024-10-13,0,46,2026-10-06T04:44:29.928815+00:00
Suzzanna: Malam Jumat Kliwon,Suzzanna Malam Jumat Kliwon,2022-01-01 2026-10-06,2024-10-20,0,46,2026-10-06T04:44:29.928815+00:00
Suzzanna: Malam Jumat Kliwon,Suzzanna Malam Jumat Kliwon,2022-01-01 2026-10-06,2024-10-27,0,46,2026-10-06T04:44:29.928815+00:00
Suzzanna: Malam Jumat Kliwon,Suzzanna Malam Jumat Kliwon,2022-01-01 2026-10-06,2024-11-03,0,56,2026-10-06T04:44:29.928815+00:00
Suzzanna: Malam Jumat Kliwon,Suzzanna Malam Jumat Kliwon,2022-01-01 2026-10-06,2024-11-10,0,52,2026-10-06T04:44:29.928815+00:00
Suzzanna: Malam Jumat Kliwon,Suzzanna Malam Jumat Kliwon,2022-01-01 2026-10-06,2024-11-17,0,57,2026-10-06T04:44:29.928815+00:00
Suzzanna: Malam Jumat Kliwon,Suzzanna Malam Jumat Kliwon,2022-01-01 2026-10-06,2024-11-24,0,55,2026-10-06T04:44:29.928815+00:00
Suzzanna: Malam Jumat Kliwon,Suzzanna Malam Jumat Kliwon,2022-01-01 2026-10-06,2024-12-01,0,48,2026-10-06T04:44:29.928815+00:00
Suzzanna: Malam Jumat Kliwon,Suzzanna Malam Jumat Kliwon,2022-01-01 2026-10-06,2024-12-08,0,52,2026-10-06T04:44:29.928815+00:00
Suzzanna: Malam Jumat Kliwon,Suzzanna Malam Jumat Kliwon,2022-01-01 2026-10-06,2024-12-15,0,60,2026-10-06T04:44:29.928815+00:00
Suzzanna: Malam Jumat Kliwon,Suzzanna Malam Jumat Kliwon,2022-01-01 2026-10-06,2024-12-22,0,72,2026-10-06T04:44:29.928815+00:00
Suzzanna: Malam Jumat Kliwon,Suzzanna Malam Jumat Kliwon,2022-01-01 2026-10-06,2024-12-29,2,73,2026-10-06T04:44:29.928815+00:00
Suzzanna: Malam Jumat Kliwon,Suzzanna Malam Jumat Kliwon,2022-01-01 2026-10-06,2025-01-05,0,61,2026-10-06T04:44:29.928815+00:00
Suzzanna: Malam Jumat Kliwon,Suzzanna Malam Jumat Kliwon,2022-01-01 2026-10-06,2025-01-12,0,51,2026-10-06T04:44:29.928815+00:00
Suzzanna: Malam Jumat Kliwon,Suzzanna Malam Jumat Kliwon,2022-01-01 2026-10-06,2025-01-19,0,59,2026-10-06T04:44:29.928815+00:00
Suzzanna: Malam Jumat Kliwon,Suzzanna Malam Jumat Kliwon,2022-01-01 2026-10-06,2025-01-26,0,65,2026-10-06T04:44:29.928815+00:00
Suzzanna: Malam Jumat Kliwon,Suzzanna Malam Jumat Kliwon,2022-01-01 2026-10-06,2025-02-02,1,49,2026-10-06T04:44:29.928815+00:00
Suzzanna: Malam Jumat Kliwon,Suzzanna Malam Jumat Kliwon,2022-01-01 2026-10-06,2025-02-09,0,50,2026-10-06T04:44:29.928815+00:00
Suzzanna: Malam Jumat Kliwon,Suzzanna Malam Jumat Kliwon,2022-01-01 2026-10-06,2025-02-16,0,49,2026-10-06T04:44:29.928815+00:00
Suzzanna: Malam Jumat Kliwon,Suzzanna Malam Jumat Kliwon,2022-01-01 2026-10-06,2025-02-23,0,50,2026-10-06T04:44:29.928815+00:00
Suzzanna: Malam Jumat Kliwon,Suzzanna Malam Jumat Kliwon,2022-01-01 2026-10-06,2025-03-02,0,47,2026-10-06T04:44:29.928815+00:00
Suzzanna: Malam Jumat Kliwon,Suzzanna Malam Jumat Kliwon,2022-01-01 2026-10-06,2025-03-09,0,44,2026-10-06T04:44:29.928815+00:00
Suzzanna: Malam Jumat Kliwon,Suzzanna Malam Jumat Kliwon,2022-01-01 2026-10-06,2025-03-16,0,49,2026-10-06T04:44:29.928815+00:00
Suzzanna: Malam Jumat Kliwon,Suzzanna Malam Jumat Kliwon,2022-01-01 2026-10-06,2025-03-23,0,57,2026-10-06T04:44:29.928815+00:00
Suzzanna: Malam Jumat Kliwon,Suzzanna Malam Jumat Kliwon,2022-01-01 2026-10-06,2025-03-30,0,100,2026-10-06T04:44:29.928815+00:00
Suzzanna: Malam Jumat Kliwon,Suzzanna Malam Jumat Kliwon,2022-01-01 2026-10-06,2025-04-06,0,63,2026-10-06T04:44:29.928815+00:00
Suzzanna: Malam Jumat Kliwon,Suzzanna Malam Jumat Kliwon,2022-01-01 2026-10-06,2025-04-13,0,48,2026-10-06T04:44:29.928815+00:00
Suzzanna: Malam Jumat Kliwon,Suzzanna Malam Jumat Kliwon,2022-01-01 2026-10-06,2025-04-20,0,46,2026-10-06T04:44:29.928815+00:00
Suzzanna: Malam Jumat Kliwon,Suzzanna Malam Jumat Kliwon,2022-01-01 2026-10-06,2025-04-27,0,44,2026-10-06T04:44:29.928815+00:00
Suzzanna: Malam Jumat Kliwon,Suzzanna Malam Jumat Kliwon,2022-01-01 2026-10-06,2025-05-04,0,39,2026-10-06T04:44:29.928815+00:00
Suzzanna: Malam Jumat Kliwon,Suzzanna Malam Jumat Kliwon,2022-01-01 2026-10-06,2025-05-11,0,49,2026-10-06T04:44:29.928815+00:00
Suzzanna: Malam Jumat Kliwon,Suzzanna Malam Jumat Kliwon,2022-01-01 2026-10-06,2025-05-18,0,43,2026-10-06T04:44:29.928815+00:00
Suzzanna: Malam Jumat Kliwon,Suzzanna Malam Jumat Kliwon,2022-01-01 2026-10-06,2025-05-25,0,44,2026-10-06T04:44:29.928815+00:00
Suzzanna: Malam Jumat Kliwon,Suzzanna Malam Jumat Kliwon,2022-01-01 2026-10-06,2025-06-01,0,41,2026-10-06T04:44:29.928815+00:00
Suzzanna: Malam Jumat Kliwon,Suzzanna Malam Jumat Kliwon,2022-01-01 2026-10-06,2025-06-08,0,44,2026-10-06T04:44:29.928815+00:00
Suzzanna: Malam Jumat Kliwon,Suzzanna Malam Jumat Kliwon,2022-01-01 2026-10-06,2025-06-15,0,43,2026-10-06T04:44:29.928815+00:00
Suzzanna: Malam Jumat Kliwon,Suzzanna Malam Jumat Kliwon,2022-01-01 2026-10-06,2025-06-22,0,50,2026-10-06T04:44:29.928815+00:00
Suzzanna: Malam Jumat Kliwon,Suzzanna Malam Jumat Kliwon,2022-01-01 2026-10-06,2025-06-29,0,46,2026-10-06T04:44:29.928815+00:00
Suzzanna: Malam Jumat Kliwon,Suzzanna Malam Jumat Kliwon,2022-01-01 2026-10-06,2025-07-06,0,44,2026-10-06T04:44:29.928815+00:00
Suzzanna: Malam Jumat Kliwon,Suzzanna Malam Jumat Kliwon,2022-01-01 2026-10-06,2025-07-13,0,40,2026-10-06T04:44:29.928815+00:00
Suzzanna: Malam Jumat Kliwon,Suzzanna Malam Jumat Kliwon,2022-01-01 2026-10-06,2025-07-20,0,39,2026-10-06T04:44:29.928815+00:00
Suzzanna: Malam Jumat Kliwon,Suzzanna Malam Jumat Kliwon,2022-01-01 2026-10-06,2025-07-27,0,36,2026-10-06T04:44:29.928815+00:00
Suzzanna: Malam Jumat Kliwon,Suzzanna Malam Jumat Kliwon,2022-01-01 2026-10-06,2025-08-03,0,39,2026-10-06T04:44:29.928815+00:00
Suzzanna: Malam Jumat Kliwon,Suzzanna Malam Jumat Kliwon,2022-01-01 2026-10-06,2025-08-10,0,42,2026-10-06T04:44:29.928815+00:00
Suzzanna: Malam Jumat Kliwon,Suzzanna Malam Jumat Kliwon,2022-01-01 2026-10-06,2025-08-17,0,43,2026-10-06T04:44:29.928815+00:00
Suzzanna: Malam Jumat Kliwon,Suzzanna Malam Jumat Kliwon,2022-01-01 2026-10-06,2025-08-24,0,38,2026-10-06T04:44:29.928815+00:00
Suzzanna: Malam Jumat Kliwon,Suzzanna Malam Jumat Kliwon,2022-01-01 2026-10-06,2025-08-31,0,41,2026-10-06T04:44:29.928815+00:00
Suzzanna: Malam Jumat Kliwon,Suzzanna Malam Jumat Kliwon,2022-01-01 2026-10-06,2025-09-07,0,39,2026-10-06T04:44:29.928815+00:00
Suzzanna: Malam Jumat Kliwon,Suzzanna Malam Jumat Kliwon,2022-01-01 2026-10-06,2025-09-14,0,38,2026-10-06T04:44:29.928815+00:00
Suzzanna: Malam Jumat Kliwon,Suzzanna Malam Jumat Kliwon,2022-01-01 2026-10-06,2025-09-21,0,38,2026-10-06T04:44:29.928815+00:00
Suzzanna: Malam Jumat Kliwon,Suzzanna Malam Jumat Kliwon,2022-01-01 2026-10-06,2025-09-28,0,36,2026-10-06T04:44:29.928815+00:00
Suzzanna: Malam Jumat Kliwon,Suzzanna Malam Jumat Kliwon,2022-01-01 2026-10-06,2025-10-05,0,36,2026-10-06T04:44:29.928815+00:00
Suzzanna: Malam Jumat Kliwon,Suzzanna Malam Jumat Kliwon,2022-01-01 2026-10-06,2025-10-12,0,36,2026-10-06T04:44:29.928815+00:00
Suzzanna: Malam Jumat Kliwon,Suzzanna Malam Jumat Kliwon,2022-01-01 2026-10-06,2025-10-19,0,38,2026-10-06T04:44:29.928815+00:00
Suzzanna: Malam Jumat Kliwon,Suzzanna Malam Jumat Kliwon,2022-01-01 2026-10-06,2025-10-26,0,42,2026-10-06T04:44:29.928815+00:00
Suzzanna: Malam Jumat Kliwon,Suzzanna Malam Jumat Kliwon,2022-01-01 2026-10-06,2025-11-02,0,39,2026-10-06T04:44:29.928815+00:00
Suzzanna: Malam Jumat Kliwon,Suzzanna Malam Jumat Kliwon,2022-01-01 2026-10-06,2025-11-09,0,37,2026-10-06T04:44:29.928815+00:00
Suzzanna: Malam Jumat Kliwon,Suzzanna Malam Jumat Kliwon,2022-01-01 2026-10-06,2025-11-16,0,38,2026-10-06T04:44:29.928815+00:00
Suzzanna: Malam Jumat Kliwon,Suzzanna Malam Jumat Kliwon,2022-01-01 2026-10-06,2025-11-23,0,34,2026-10-06T04:44:29.928815+00:00
Suzzanna: Malam Jumat Kliwon,Suzzanna Malam Jumat Kliwon,2022-01-01 2026-10-06,2025-11-30,0,33,2026-10-06T04:44:29.928815+00:00
Suzzanna: Malam Jumat Kliwon,Suzzanna Malam Jumat Kliwon,2022-01-01 2026-10-06,2025-12-07,0,38,2026-10-06T04:44:29.928815+00:00
Suzzanna: Malam Jumat Kliwon,Suzzanna Malam Jumat Kliwon,2022-01-01 2026-10-06,2025-12-14,0,44,2026-10-06T04:44:29.928815+00:00
Suzzanna: Malam Jumat Kliwon,Suzzanna Malam Jumat Kliwon,2022-01-01 2026-10-06,2025-12-21,0,53,2026-10-06T04:44:29.928815+00:00
Suzzanna: Malam Jumat Kliwon,Suzzanna Malam Jumat Kliwon,2022-01-01 2026-10-06,2025-12-28,1,59,2026-10-06T04:44:29.928815+00:00
Suzzanna: Malam Jumat Kliwon,Suzzanna Malam Jumat Kliwon,2022-01-01 2026-10-06,2026-01-04,0,44,2026-10-06T04:44:29.928815+00:00
Suzzanna: Malam Jumat Kliwon,Suzzanna Malam Jumat Kliwon,2022-01-01 2026-10-06,2026-01-11,0,43,2026-10-06T04:44:29.928815+00:00
Suzzanna: Malam Jumat Kliwon,Suzzanna Malam Jumat Kliwon,2022-01-01 2026-10-06,2026-01-18,0,39,2026-10-06T04:44:29.928815+00:00
Suzzanna: Malam Jumat Kliwon,Suzzanna Malam Jumat Kliwon,2022-01-01 2026-10-06,2026-01-25,0,37,2026-10-06T04:44:29.928815+00:00
Suzzanna: Malam Jumat Kliwon,Suzzanna Malam Jumat Kliwon,2022-01-01 2026-10-06,2026-02-01,0,38,2026-10-06T04:44:29.928815+00:00
Suzzanna: Malam Jumat Kliwon,Suzzanna Malam Jumat Kliwon,2022-01-01 2026-10-06,2026-02-08,0,35,2026-10-06T04:44:29.928815+00:00
Suzzanna: Malam Jumat Kliwon,Suzzanna Malam Jumat Kliwon,2022-01-01 2026-10-06,2026-02-15,0,41,2026-10-06T04:44:29.928815+00:00
Suzzanna: Malam Jumat Kliwon,Suzzanna Malam Jumat Kliwon,2022-01-01 2026-10-06,2026-02-22,0,36,2026-10-06T04:44:29.928815+00:00
Suzzanna: Malam Jumat Kliwon,Suzzanna Malam Jumat Kliwon,2022-01-01 2026-10-06,2026-03-01,0,32,2026-10-06T04:44:29.928815+00:00
Suzzanna: Malam Jumat Kliwon,Suzzanna Malam Jumat Kliwon,2022-01-01 2026-10-06,2026-03-08,0,33,2026-10-06T04:44:29.928815+00:00
Suzzanna: Malam Jumat Kliwon,Suzzanna Malam Jumat Kliwon,2022-01-01 2026-10-06,2026-03-15,0,45,2026-10-06T04:44:29.928815+00:00
Suzzanna: Malam Jumat Kliwon,Suzzanna Malam Jumat Kliwon,2022-01-01 2026-10-06,2026-03-22,2,57,2026-10-06T04:44:29.928815+00:00
Suzzanna: Malam Jumat Kliwon,Suzzanna Malam Jumat Kliwon,2022-01-01 2026-10-06,2026-03-29,1,42,2026-10-06T04:44:29.928815+00:00
Suzzanna: Malam Jumat Kliwon,Suzzanna Malam Jumat Kliwon,2022-01-01 2026-10-06,2026-04-05,0,37,2026-10-06T04:44:29.928815+00:00
Suzzanna: Malam Jumat Kliwon,Suzzanna Malam Jumat Kliwon,2022-01-01 2026-10-06,2026-04-12,0,37,2026-10-06T04:44:29.928815+00:00
Suzzanna: Malam Jumat Kliwon,Suzzanna Malam Jumat Kliwon,2022-01-01 2026-10-06,2026-04-19,0,40,2026-10-06T04:44:29.928815+00:00
Suzzanna: Malam Jumat Kliwon,Suzzanna Malam Jumat Kliwon,2022-01-01 2026-10-06,2026-04-26,0,42,2026-10-06T04:44:29.928815+00:00
Suzzanna: Malam Jumat Kliwon,Suzzanna Malam Jumat Kliwon,2022-01-01 2026-10-06,2026-05-03,0,38,2026-10-06T04:44:29.928815+00:00
Suzzanna: Malam Jumat Kliwon,Suzzanna Malam Jumat Kliwon,2022-01-01 2026-10-06,2026-05-10,0,42,2026-10-06T04:44:29.928815+00:00
Suzzanna: Malam Jumat Kliwon,Suzzanna Malam Jumat Kliwon,2022-01-01 2026-10-06,2026-05-17,0,37,2026-10-06T04:44:29.928815+00:00
Suzzanna: Malam Jumat Kliwon,Suzzanna Malam Jumat Kliwon,2022-01-01 2026-10-06,2026-05-24,0,44,2026-10-06T04:44:29.928815+00:00
Suzzanna: Malam Jumat Kliwon,Suzzanna Malam Jumat Kliwon,2022-01-01 2026-10-06,2026-05-31,0,40,2026-10-06T04:44:29.928815+00:00
Suzzanna: Malam Jumat Kliwon,Suzzanna Malam Jumat Kliwon,2022-01-01 2026-10-06,2026-06-07,0,36,2026-10-06T04:44:29.928815+00:00
Suzzanna: Malam Jumat Kliwon,Suzzanna Malam Jumat Kliwon,2022-01-01 2026-10-06,2026-06-14,0,44,2026-10-06T04:44:29.928815+00:00
Suzzanna: Malam Jumat Kliwon,Suzzanna Malam Jumat Kliwon,2022-01-01 2026-10-06,2026-06-21,0,43,2026-10-06T04:44:29.928815+00:00
Suzzanna: Malam Jumat Kliwon,Suzzanna Malam Jumat Kliwon,2022-01-01 2026-10-06,2026-06-28,0,45,2026-10-06T04:44:29.928815+00:00
Suzzanna: Malam Jumat Kliwon,Suzzanna Malam Jumat Kliwon,2022-01-01 2026-10-06,2026-07-05,0,44,2026-10-06T04:44:29.928815+00:00
Suzzanna: Malam Jumat Kliwon,Suzzanna Malam Jumat Kliwon,2022-01-01 2026-10-06,2026-07-12,0,39,2026-10-06T04:44:29.928815+00:00
Suzzanna: Malam Jumat Kliwon,Suzzanna Malam Jumat Kliwon,2022-01-01 2026-10-06,2026-07-19,0,37,2026-10-06T04:44:29.928815+00:00
Suzzanna: Malam Jumat Kliwon,Suzzanna Malam Jumat Kliwon,2022-01-01 2026-10-06,2026-07-26,0,36,2026-10-06T04:44:29.928815+00:00
Suzzanna: Malam Jumat Kliwon,Suzzanna Malam Jumat Kliwon,2022-01-01 2026-10-06,2026-08-02,0,31,2026-10-06T04:44:29.928815+00:00
Suzzanna: Malam Jumat Kliwon,Suzzanna Malam Jumat Kliwon,2022-01-01 2026-10-06,2026-08-09,0,34,2026-10-06T04:44:29.928815+00:00
Suzzanna: Malam Jumat Kliwon,Suzzanna Malam Jumat Kliwon,2022-01-01 2026-10-06,2026-08-16,0,40,2026-10-06T04:44:29.928815+00:00
Suzzanna: Malam Jumat Kliwon,Suzzanna Malam Jumat Kliwon,2022-01-01 2026-10-06,2026-08-23,0,44,2026-10-06T04:44:29.928815+00:00
Suzzanna: Malam Jumat Kliwon,Suzzanna Malam Jumat Kliwon,2022-01-01 2026-10-06,2026-08-30,0,36,2026-10-06T04:44:29.928815+00:00
Suzzanna: Malam Jumat Kliwon,Suzzanna Malam Jumat Kliwon,2022-01-01 2026-10-06,2026-09-06,0,36,2026-10-06T04:44:29.928815+00:00
Suzzanna: Malam Jumat Kliwon,Suzzanna Malam Jumat Kliwon,2022-01-01 2026-10-06,2026-09-13,0,35,2026-10-06T04:44:29.928815+00:00
Suzzanna: Malam Jumat Kliwon,Suzzanna Malam Jumat Kliwon,2022-01-01 2026-10-06,2026-09-20,0,37,2026-10-06T04:44:29.928815+00:00
Suzzanna: Malam Jumat Kliwon,Suzzanna Malam Jumat Kliwon,2022-01-01 2026-10-06,2026-09-27,0,37,2026-10-06T04:44:29.928815+00:00
Suzzanna: Malam Jumat Kliwon,Suzzanna Malam Jumat Kliwon,2022-01-01 2026-10-06,2026-10-04,0,34,2026-10-06T04:44:29.928815+00:00
The Doll 3,The Doll 3,2020-01-01 2024-12-31,2019-12-29,1,81,2026-10-06T04:45:10.459803+00:00
The Doll 3,The Doll 3,2020-01-01 2024-12-31,2020-01-05,0,58,2026-10-06T04:45:10.459803+00:00
The Doll 3,The Doll 3,2020-01-01 2024-12-31,2020-01-12,0,51,2026-10-06T04:45:10.459803+00:00
The Doll 3,The Doll 3,2020-01-01 2024-12-31,2020-01-19,0,51,2026-10-06T04:45:10.459803+00:00
The Doll 3,The Doll 3,2020-01-01 2024-12-31,2020-01-26,0,49,2026-10-06T04:45:10.459803+00:00
The Doll 3,The Doll 3,2020-01-01 2024-12-31,2020-02-02,0,48,2026-10-06T04:45:10.459803+00:00
The Doll 3,The Doll 3,2020-01-01 2024-12-31,2020-02-09,0,47,2026-10-06T04:45:10.459803+00:00
The Doll 3,The Doll 3,2020-01-01 2024-12-31,2020-02-16,0,50,2026-10-06T04:45:10.459803+00:00
The Doll 3,The Doll 3,2020-01-01 2024-12-31,2020-02-23,1,48,2026-10-06T04:45:10.459803+00:00
The Doll 3,The Doll 3,2020-01-01 2024-12-31,2020-03-01,0,49,2026-10-06T04:45:10.459803+00:00
The Doll 3,The Doll 3,2020-01-01 2024-12-31,2020-03-08,0,53,2026-10-06T04:45:10.459803+00:00
The Doll 3,The Doll 3,2020-01-01 2024-12-31,2020-03-15,0,52,2026-10-06T04:45:10.459803+00:00
The Doll 3,The Doll 3,2020-01-01 2024-12-31,2020-03-22,0,67,2026-10-06T04:45:10.459803+00:00
The Doll 3,The Doll 3,2020-01-01 2024-12-31,2020-03-29,0,63,2026-10-06T04:45:10.459803+00:00
The Doll 3,The Doll 3,2020-01-01 2024-12-31,2020-04-05,0,68,2026-10-06T04:45:10.459803+00:00
The Doll 3,The Doll 3,2020-01-01 2024-12-31,2020-04-12,0,67,2026-10-06T04:45:10.459803+00:00
The Doll 3,The Doll 3,2020-01-01 2024-12-31,2020-04-19,0,71,2026-10-06T04:45:10.459803+00:00
The Doll 3,The Doll 3,2020-01-01 2024-12-31,2020-04-26,1,66,2026-10-06T04:45:10.459803+00:00
The Doll 3,The Doll 3,2020-01-01 2024-12-31,2020-05-03,0,59,2026-10-06T04:45:10.459803+00:00
The Doll 3,The Doll 3,2020-01-01 2024-12-31,2020-05-10,0,53,2026-10-06T04:45:10.459803+00:00
The Doll 3,The Doll 3,2020-01-01 2024-12-31,2020-05-17,0,53,2026-10-06T04:45:10.459803+00:00
The Doll 3,The Doll 3,2020-01-01 2024-12-31,2020-05-24,0,68,2026-10-06T04:45:10.459803+00:00
The Doll 3,The Doll 3,2020-01-01 2024-12-31,2020-05-31,0,61,2026-10-06T04:45:10.459803+00:00
The Doll 3,The Doll 3,2020-01-01 2024-12-31,2020-06-07,0,50,2026-10-06T04:45:10.459803+00:00
The Doll 3,The Doll 3,2020-01-01 2024-12-31,2020-06-14,1,59,2026-10-06T04:45:10.459803+00:00
The Doll 3,The Doll 3,2020-01-01 2024-12-31,2020-06-21,0,62,2026-10-06T04:45:10.459803+00:00
The Doll 3,The Doll 3,2020-01-01 2024-12-31,2020-06-28,0,58,2026-10-06T04:45:10.459803+00:00
The Doll 3,The Doll 3,2020-01-01 2024-12-31,2020-07-05,0,55,2026-10-06T04:45:10.459803+00:00
The Doll 3,The Doll 3,2020-01-01 2024-12-31,2020-07-12,0,50,2026-10-06T04:45:10.459803+00:00
The Doll 3,The Doll 3,2020-01-01 2024-12-31,2020-07-19,0,47,2026-10-06T04:45:10.459803+00:00
The Doll 3,The Doll 3,2020-01-01 2024-12-31,2020-07-26,0,50,2026-10-06T04:45:10.459803+00:00
The Doll 3,The Doll 3,2020-01-01 2024-12-31,2020-08-02,0,46,2026-10-06T04:45:10.459803+00:00
The Doll 3,The Doll 3,2020-01-01 2024-12-31,2020-08-09,0,49,2026-10-06T04:45:10.459803+00:00
The Doll 3,The Doll 3,2020-01-01 2024-12-31,2020-08-16,1,60,2026-10-06T04:45:10.459803+00:00
The Doll 3,The Doll 3,2020-01-01 2024-12-31,2020-08-23,0,52,2026-10-06T04:45:10.459803+00:00
The Doll 3,The Doll 3,2020-01-01 2024-12-31,2020-08-30,0,46,2026-10-06T04:45:10.459803+00:00
The Doll 3,The Doll 3,2020-01-01 2024-12-31,2020-09-06,0,47,2026-10-06T04:45:10.459803+00:00
The Doll 3,The Doll 3,2020-01-01 2024-12-31,2020-09-13,0,46,2026-10-06T04:45:10.459803+00:00
The Doll 3,The Doll 3,2020-01-01 2024-12-31,2020-09-20,0,42,2026-10-06T04:45:10.459803+00:00
The Doll 3,The Doll 3,2020-01-01 2024-12-31,2020-09-27,0,41,2026-10-06T04:45:10.459803+00:00
The Doll 3,The Doll 3,2020-01-01 2024-12-31,2020-10-04,0,41,2026-10-06T04:45:10.459803+00:00
The Doll 3,The Doll 3,2020-01-01 2024-12-31,2020-10-11,0,42,2026-10-06T04:45:10.459803+00:00
The Doll 3,The Doll 3,2020-01-01 2024-12-31,2020-10-18,0,42,2026-10-06T04:45:10.459803+00:00
The Doll 3,The Doll 3,2020-01-01 2024-12-31,2020-10-25,0,54,2026-10-06T04:45:10.459803+00:00
The Doll 3,The Doll 3,2020-01-01 2024-12-31,2020-11-01,0,44,2026-10-06T04:45:10.459803+00:00
The Doll 3,The Doll 3,2020-01-01 2024-12-31,2020-11-08,0,45,2026-10-06T04:45:10.459803+00:00
The Doll 3,The Doll 3,2020-01-01 2024-12-31,2020-11-15,0,43,2026-10-06T04:45:10.459803+00:00
The Doll 3,The Doll 3,2020-01-01 2024-12-31,2020-11-22,0,44,2026-10-06T04:45:10.459803+00:00
The Doll 3,The Doll 3,2020-01-01 2024-12-31,2020-11-29,0,42,2026-10-06T04:45:10.459803+00:00
The Doll 3,The Doll 3,2020-01-01 2024-12-31,2020-12-06,0,46,2026-10-06T04:45:10.459803+00:00
The Doll 3,The Doll 3,2020-01-01 2024-12-31,2020-12-13,0,51,2026-10-06T04:45:10.459803+00:00
The Doll 3,The Doll 3,2020-01-01 2024-12-31,2020-12-20,0,65,2026-10-06T04:45:10.459803+00:00
The Doll 3,The Doll 3,2020-01-01 2024-12-31,2020-12-27,0,88,2026-10-06T04:45:10.459803+00:00
The Doll 3,The Doll 3,2020-01-01 2024-12-31,2021-01-03,0,55,2026-10-06T04:45:10.459803+00:00
The Doll 3,The Doll 3,2020-01-01 2024-12-31,2021-01-10,0,45,2026-10-06T04:45:10.459803+00:00
The Doll 3,The Doll 3,2020-01-01 2024-12-31,2021-01-17,0,45,2026-10-06T04:45:10.459803+00:00
The Doll 3,The Doll 3,2020-01-01 2024-12-31,2021-01-24,0,45,2026-10-06T04:45:10.459803+00:00
The Doll 3,The Doll 3,2020-01-01 2024-12-31,2021-01-31,0,41,2026-10-06T04:45:10.459803+00:00
The Doll 3,The Doll 3,2020-01-01 2024-12-31,2021-02-07,0,43,2026-10-06T04:45:10.459803+00:00
The Doll 3,The Doll 3,2020-01-01 2024-12-31,2021-02-14,0,41,2026-10-06T04:45:10.459803+00:00
The Doll 3,The Doll 3,2020-01-01 2024-12-31,2021-02-21,0,39,2026-10-06T04:45:10.459803+00:00
The Doll 3,The Doll 3,2020-01-01 2024-12-31,2021-02-28,0,37,2026-10-06T04:45:10.459803+00:00
The Doll 3,The Doll 3,2020-01-01 2024-12-31,2021-03-07,0,40,2026-10-06T04:45:10.459803+00:00
The Doll 3,The Doll 3,2020-01-01 2024-12-31,2021-03-14,0,37,2026-10-06T04:45:10.459803+00:00
The Doll 3,The Doll 3,2020-01-01 2024-12-31,2021-03-21,0,37,2026-10-06T04:45:10.459803+00:00
The Doll 3,The Doll 3,2020-01-01 2024-12-31,2021-03-28,0,40,2026-10-06T04:45:10.459803+00:00
The Doll 3,The Doll 3,2020-01-01 2024-12-31,2021-04-04,0,41,2026-10-06T04:45:10.459803+00:00
The Doll 3,The Doll 3,2020-01-01 2024-12-31,2021-04-11,0,43,2026-10-06T04:45:10.459803+00:00
The Doll 3,The Doll 3,2020-01-01 2024-12-31,2021-04-18,0,42,2026-10-06T04:45:10.459803+00:00
The Doll 3,The Doll 3,2020-01-01 2024-12-31,2021-04-25,0,40,2026-10-06T04:45:10.459803+00:00
The Doll 3,The Doll 3,2020-01-01 2024-12-31,2021-05-02,0,40,2026-10-06T04:45:10.459803+00:00
The Doll 3,The Doll 3,2020-01-01 2024-12-31,2021-05-09,0,51,2026-10-06T04:45:10.459803+00:00
The Doll 3,The Doll 3,2020-01-01 2024-12-31,2021-05-16,0,49,2026-10-06T04:45:10.459803+00:00
The Doll 3,The Doll 3,2020-01-01 2024-12-31,2021-05-23,0,42,2026-10-06T04:45:10.459803+00:00
The Doll 3,The Doll 3,2020-01-01 2024-12-31,2021-05-30,1,46,2026-10-06T04:45:10.459803+00:00
The Doll 3,The Doll 3,2020-01-01 2024-12-31,2021-06-06,0,46,2026-10-06T04:45:10.459803+00:00
The Doll 3,The Doll 3,2020-01-01 2024-12-31,2021-06-13,0,49,2026-10-06T04:45:10.459803+00:00
The Doll 3,The Doll 3,2020-01-01 2024-12-31,2021-06-20,0,51,2026-10-06T04:45:10.459803+00:00
The Doll 3,The Doll 3,2020-01-01 2024-12-31,2021-06-27,0,52,2026-10-06T04:45:10.459803+00:00
The Doll 3,The Doll 3,2020-01-01 2024-12-31,2021-07-04,0,51,2026-10-06T04:45:10.459803+00:00
The Doll 3,The Doll 3,2020-01-01 2024-12-31,2021-07-11,1,49,2026-10-06T04:45:10.459803+00:00
The Doll 3,The Doll 3,2020-01-01 2024-12-31,2021-07-18,0,49,2026-10-06T04:45:10.459803+00:00
The Doll 3,The Doll 3,2020-01-01 2024-12-31,2021-07-25,0,40,2026-10-06T04:45:10.459803+00:00
The Doll 3,The Doll 3,2020-01-01 2024-12-31,2021-08-01,0,39,2026-10-06T04:45:10.459803+00:00
The Doll 3,The Doll 3,2020-01-01 2024-12-31,2021-08-08,0,41,2026-10-06T04:45:10.459803+00:00
The Doll 3,The Doll 3,2020-01-01 2024-12-31,2021-08-15,0,44,2026-10-06T04:45:10.459803+00:00
The Doll 3,The Doll 3,2020-01-01 2024-12-31,2021-08-22,0,42,2026-10-06T04:45:10.459803+00:00
The Doll 3,The Doll 3,2020-01-01 2024-12-31,2021-08-29,1,46,2026-10-06T04:45:10.459803+00:00
The Doll 3,The Doll 3,2020-01-01 2024-12-31,2021-09-05,0,40,2026-10-06T04:45:10.459803+00:00
The Doll 3,The Doll 3,2020-01-01 2024-12-31,2021-09-12,0,39,2026-10-06T04:45:10.459803+00:00
The Doll 3,The Doll 3,2020-01-01 2024-12-31,2021-09-19,0,34,2026-10-06T04:45:10.459803+00:00
The Doll 3,The Doll 3,2020-01-01 2024-12-31,2021-09-26,0,35,2026-10-06T04:45:10.459803+00:00
The Doll 3,The Doll 3,2020-01-01 2024-12-31,2021-10-03,0,37,2026-10-06T04:45:10.459803+00:00
The Doll 3,The Doll 3,2020-01-01 2024-12-31,2021-10-10,0,39,2026-10-06T04:45:10.459803+00:00
The Doll 3,The Doll 3,2020-01-01 2024-12-31,2021-10-17,0,43,2026-10-06T04:45:10.459803+00:00
The Doll 3,The Doll 3,2020-01-01 2024-12-31,2021-10-24,0,40,2026-10-06T04:45:10.459803+00:00
The Doll 3,The Doll 3,2020-01-01 2024-12-31,2021-10-31,0,50,2026-10-06T04:45:10.459803+00:00
The Doll 3,The Doll 3,2020-01-01 2024-12-31,2021-11-07,0,46,2026-10-06T04:45:10.459803+00:00
The Doll 3,The Doll 3,2020-01-01 2024-12-31,2021-11-14,0,52,2026-10-06T04:45:10.459803+00:00
The Doll 3,The Doll 3,2020-01-01 2024-12-31,2021-11-21,0,50,2026-10-06T04:45:10.459803+00:00
The Doll 3,The Doll 3,2020-01-01 2024-12-31,2021-11-28,0,40,2026-10-06T04:45:10.459803+00:00
The Doll 3,The Doll 3,2020-01-01 2024-12-31,2021-12-05,0,45,2026-10-06T04:45:10.459803+00:00
The Doll 3,The Doll 3,2020-01-01 2024-12-31,2021-12-12,0,49,2026-10-06T04:45:10.459803+00:00
The Doll 3,The Doll 3,2020-01-01 2024-12-31,2021-12-19,0,59,2026-10-06T04:45:10.459803+00:00
The Doll 3,The Doll 3,2020-01-01 2024-12-31,2021-12-26,0,79,2026-10-06T04:45:10.459803+00:00
The Doll 3,The Doll 3,2020-01-01 2024-12-31,2022-01-02,0,62,2026-10-06T04:45:10.459803+00:00
The Doll 3,The Doll 3,2020-01-01 2024-12-31,2022-01-09,0,66,2026-10-06T04:45:10.459803+00:00
The Doll 3,The Doll 3,2020-01-01 2024-12-31,2022-01-16,0,49,2026-10-06T04:45:10.459803+00:00
The Doll 3,The Doll 3,2020-01-01 2024-12-31,2022-01-23,0,51,2026-10-06T04:45:10.459803+00:00
The Doll 3,The Doll 3,2020-01-01 2024-12-31,2022-01-30,0,50,2026-10-06T04:45:10.459803+00:00
The Doll 3,The Doll 3,2020-01-01 2024-12-31,2022-02-06,0,49,2026-10-06T04:45:10.459803+00:00
The Doll 3,The Doll 3,2020-01-01 2024-12-31,2022-02-13,0,54,2026-10-06T04:45:10.459803+00:00
The Doll 3,The Doll 3,2020-01-01 2024-12-31,2022-02-20,1,50,2026-10-06T04:45:10.459803+00:00
The Doll 3,The Doll 3,2020-01-01 2024-12-31,2022-02-27,2,55,2026-10-06T04:45:10.459803+00:00
The Doll 3,The Doll 3,2020-01-01 2024-12-31,2022-03-06,1,41,2026-10-06T04:45:10.459803+00:00
The Doll 3,The Doll 3,2020-01-01 2024-12-31,2022-03-13,0,43,2026-10-06T04:45:10.459803+00:00
The Doll 3,The Doll 3,2020-01-01 2024-12-31,2022-03-20,1,46,2026-10-06T04:45:10.459803+00:00
The Doll 3,The Doll 3,2020-01-01 2024-12-31,2022-03-27,0,43,2026-10-06T04:45:10.459803+00:00
The Doll 3,The Doll 3,2020-01-01 2024-12-31,2022-04-03,1,45,2026-10-06T04:45:10.459803+00:00
The Doll 3,The Doll 3,2020-01-01 2024-12-31,2022-04-10,3,47,2026-10-06T04:45:10.459803+00:00
The Doll 3,The Doll 3,2020-01-01 2024-12-31,2022-04-17,5,51,2026-10-06T04:45:10.459803+00:00
The Doll 3,The Doll 3,2020-01-01 2024-12-31,2022-04-24,6,55,2026-10-06T04:45:10.459803+00:00
The Doll 3,The Doll 3,2020-01-01 2024-12-31,2022-05-01,21,98,2026-10-06T04:45:10.459803+00:00
The Doll 3,The Doll 3,2020-01-01 2024-12-31,2022-05-08,26,75,2026-10-06T04:45:10.459803+00:00
The Doll 3,The Doll 3,2020-01-01 2024-12-31,2022-05-15,25,62,2026-10-06T04:45:10.459803+00:00
The Doll 3,The Doll 3,2020-01-01 2024-12-31,2022-05-22,63,58,2026-10-06T04:45:10.459803+00:00
The Doll 3,The Doll 3,2020-01-01 2024-12-31,2022-05-29,74,53,2026-10-06T04:45:10.459803+00:00
The Doll 3,The Doll 3,2020-01-01 2024-12-31,2022-06-05,41,48,2026-10-06T04:45:10.459803+00:00
The Doll 3,The Doll 3,2020-01-01 2024-12-31,2022-06-12,30,50,2026-10-06T04:45:10.459803+00:00
The Doll 3,The Doll 3,2020-01-01 2024-12-31,2022-06-19,22,59,2026-10-06T04:45:10.459803+00:00
The Doll 3,The Doll 3,2020-01-01 2024-12-31,2022-06-26,13,56,2026-10-06T04:45:10.459803+00:00
The Doll 3,The Doll 3,2020-01-01 2024-12-31,2022-07-03,8,54,2026-10-06T04:45:10.459803+00:00
The Doll 3,The Doll 3,2020-01-01 2024-12-31,2022-07-10,6,59,2026-10-06T04:45:10.459803+00:00
The Doll 3,The Doll 3,2020-01-01 2024-12-31,2022-07-17,5,54,2026-10-06T04:45:10.459803+00:00
The Doll 3,The Doll 3,2020-01-01 2024-12-31,2022-07-24,4,47,2026-10-06T04:45:10.459803+00:00
The Doll 3,The Doll 3,2020-01-01 2024-12-31,2022-07-31,3,54,2026-10-06T04:45:10.459803+00:00
The Doll 3,The Doll 3,2020-01-01 2024-12-31,2022-08-07,3,52,2026-10-06T04:45:10.459803+00:00
The Doll 3,The Doll 3,2020-01-01 2024-12-31,2022-08-14,3,54,2026-10-06T04:45:10.459803+00:00
The Doll 3,The Doll 3,2020-01-01 2024-12-31,2022-08-21,3,48,2026-10-06T04:45:10.459803+00:00
The Doll 3,The Doll 3,2020-01-01 2024-12-31,2022-08-28,3,46,2026-10-06T04:45:10.459803+00:00
The Doll 3,The Doll 3,2020-01-01 2024-12-31,2022-09-04,3,47,2026-10-06T04:45:10.459803+00:00
The Doll 3,The Doll 3,2020-01-01 2024-12-31,2022-09-11,2,42,2026-10-06T04:45:10.459803+00:00
The Doll 3,The Doll 3,2020-01-01 2024-12-31,2022-09-18,2,42,2026-10-06T04:45:10.459803+00:00
The Doll 3,The Doll 3,2020-01-01 2024-12-31,2022-09-25,6,41,2026-10-06T04:45:10.459803+00:00
The Doll 3,The Doll 3,2020-01-01 2024-12-31,2022-10-02,8,46,2026-10-06T04:45:10.459803+00:00
The Doll 3,The Doll 3,2020-01-01 2024-12-31,2022-10-09,7,54,2026-10-06T04:45:10.459803+00:00
The Doll 3,The Doll 3,2020-01-01 2024-12-31,2022-10-16,5,53,2026-10-06T04:45:10.459803+00:00
The Doll 3,The Doll 3,2020-01-01 2024-12-31,2022-10-23,5,48,2026-10-06T04:45:10.459803+00:00
The Doll 3,The Doll 3,2020-01-01 2024-12-31,2022-10-30,4,50,2026-10-06T04:45:10.459803+00:00
The Doll 3,The Doll 3,2020-01-01 2024-12-31,2022-11-06,4,52,2026-10-06T04:45:10.459803+00:00
The Doll 3,The Doll 3,2020-01-01 2024-12-31,2022-11-13,3,53,2026-10-06T04:45:10.459803+00:00
The Doll 3,The Doll 3,2020-01-01 2024-12-31,2022-11-20,2,44,2026-10-06T04:45:10.459803+00:00
The Doll 3,The Doll 3,2020-01-01 2024-12-31,2022-11-27,2,43,2026-10-06T04:45:10.459803+00:00
The Doll 3,The Doll 3,2020-01-01 2024-12-31,2022-12-04,2,41,2026-10-06T04:45:10.459803+00:00
The Doll 3,The Doll 3,2020-01-01 2024-12-31,2022-12-11,3,52,2026-10-06T04:45:10.459803+00:00
The Doll 3,The Doll 3,2020-01-01 2024-12-31,2022-12-18,2,58,2026-10-06T04:45:10.459803+00:00
The Doll 3,The Doll 3,2020-01-01 2024-12-31,2022-12-25,3,100,2026-10-06T04:45:10.459803+00:00
The Doll 3,The Doll 3,2020-01-01 2024-12-31,2023-01-01,2,63,2026-10-06T04:45:10.459803+00:00
The Doll 3,The Doll 3,2020-01-01 2024-12-31,2023-01-08,2,50,2026-10-06T04:45:10.459803+00:00
The Doll 3,The Doll 3,2020-01-01 2024-12-31,2023-01-15,2,48,2026-10-06T04:45:10.459803+00:00
The Doll 3,The Doll 3,2020-01-01 2024-12-31,2023-01-22,2,55,2026-10-06T04:45:10.459803+00:00
The Doll 3,The Doll 3,2020-01-01 2024-12-31,2023-01-29,2,48,2026-10-06T04:45:10.459803+00:00
The Doll 3,The Doll 3,2020-01-01 2024-12-31,2023-02-05,2,51,2026-10-06T04:45:10.459803+00:00
The Doll 3,The Doll 3,2020-01-01 2024-12-31,2023-02-12,1,55,2026-10-06T04:45:10.459803+00:00
The Doll 3,The Doll 3,2020-01-01 2024-12-31,2023-02-19,2,50,2026-10-06T04:45:10.459803+00:00
The Doll 3,The Doll 3,2020-01-01 2024-12-31,2023-02-26,1,50,2026-10-06T04:45:10.459803+00:00
The Doll 3,The Doll 3,2020-01-01 2024-12-31,2023-03-05,1,46,2026-10-06T04:45:10.459803+00:00
The Doll 3,The Doll 3,2020-01-01 2024-12-31,2023-03-12,1,46,2026-10-06T04:45:10.459803+00:00
The Doll 3,The Doll 3,2020-01-01 2024-12-31,2023-03-19,1,56,2026-10-06T04:45:10.459803+00:00
The Doll 3,The Doll 3,2020-01-01 2024-12-31,2023-03-26,1,46,2026-10-06T04:45:10.459803+00:00
The Doll 3,The Doll 3,2020-01-01 2024-12-31,2023-04-02,1,49,2026-10-06T04:45:10.459803+00:00
The Doll 3,The Doll 3,2020-01-01 2024-12-31,2023-04-09,1,46,2026-10-06T04:45:10.459803+00:00
The Doll 3,The Doll 3,2020-01-01 2024-12-31,2023-04-16,1,59,2026-10-06T04:45:10.459803+00:00
The Doll 3,The Doll 3,2020-01-01 2024-12-31,2023-04-23,2,83,2026-10-06T04:45:10.459803+00:00
The Doll 3,The Doll 3,2020-01-01 2024-12-31,2023-04-30,11,68,2026-10-06T04:45:10.459803+00:00
The Doll 3,The Doll 3,2020-01-01 2024-12-31,2023-05-07,2,57,2026-10-06T04:45:10.459803+00:00
The Doll 3,The Doll 3,2020-01-01 2024-12-31,2023-05-14,1,61,2026-10-06T04:45:10.459803+00:00
The Doll 3,The Doll 3,2020-01-01 2024-12-31,2023-05-21,1,58,2026-10-06T04:45:10.459803+00:00
The Doll 3,The Doll 3,2020-01-01 2024-12-31,2023-05-28,1,54,2026-10-06T04:45:10.459803+00:00
The Doll 3,The Doll 3,2020-01-01 2024-12-31,2023-06-04,1,48,2026-10-06T04:45:10.459803+00:00
The Doll 3,The Doll 3,2020-01-01 2024-12-31,2023-06-11,1,50,2026-10-06T04:45:10.459803+00:00
The Doll 3,The Doll 3,2020-01-01 2024-12-31,2023-06-18,1,55,2026-10-06T04:45:10.459803+00:00
The Doll 3,The Doll 3,2020-01-01 2024-12-31,2023-06-25,1,64,2026-10-06T04:45:10.459803+00:00
The Doll 3,The Doll 3,2020-01-01 2024-12-31,2023-07-02,1,55,2026-10-06T04:45:10.459803+00:00
The Doll 3,The Doll 3,2020-01-01 2024-12-31,2023-07-09,6,59,2026-10-06T04:45:10.459803+00:00
The Doll 3,The Doll 3,2020-01-01 2024-12-31,2023-07-16,2,59,2026-10-06T04:45:10.459803+00:00
The Doll 3,The Doll 3,2020-01-01 2024-12-31,2023-07-23,1,50,2026-10-06T04:45:10.459803+00:00
The Doll 3,The Doll 3,2020-01-01 2024-12-31,2023-07-30,1,47,2026-10-06T04:45:10.459803+00:00
The Doll 3,The Doll 3,2020-01-01 2024-12-31,2023-08-06,0,51,2026-10-06T04:45:10.459803+00:00
The Doll 3,The Doll 3,2020-01-01 2024-12-31,2023-08-13,1,53,2026-10-06T04:45:10.459803+00:00
The Doll 3,The Doll 3,2020-01-01 2024-12-31,2023-08-20,1,48,2026-10-06T04:45:10.459803+00:00
The Doll 3,The Doll 3,2020-01-01 2024-12-31,2023-08-27,1,50,2026-10-06T04:45:10.459803+00:00
The Doll 3,The Doll 3,2020-01-01 2024-12-31,2023-09-03,1,55,2026-10-06T04:45:10.459803+00:00
The Doll 3,The Doll 3,2020-01-01 2024-12-31,2023-09-10,1,50,2026-10-06T04:45:10.459803+00:00
The Doll 3,The Doll 3,2020-01-01 2024-12-31,2023-09-17,1,52,2026-10-06T04:45:10.459803+00:00
The Doll 3,The Doll 3,2020-01-01 2024-12-31,2023-09-24,1,54,2026-10-06T04:45:10.459803+00:00
The Doll 3,The Doll 3,2020-01-01 2024-12-31,2023-10-01,1,57,2026-10-06T04:45:10.459803+00:00
The Doll 3,The Doll 3,2020-01-01 2024-12-31,2023-10-08,1,58,2026-10-06T04:45:10.459803+00:00
The Doll 3,The Doll 3,2020-01-01 2024-12-31,2023-10-15,1,55,2026-10-06T04:45:10.459803+00:00
The Doll 3,The Doll 3,2020-01-01 2024-12-31,2023-10-22,1,57,2026-10-06T04:45:10.459803+00:00
The Doll 3,The Doll 3,2020-01-01 2024-12-31,2023-10-29,1,56,2026-10-06T04:45:10.459803+00:00
The Doll 3,The Doll 3,2020-01-01 2024-12-31,2023-11-05,1,54,2026-10-06T04:45:10.459803+00:00
The Doll 3,The Doll 3,2020-01-01 2024-12-31,2023-11-12,0,54,2026-10-06T04:45:10.459803+00:00
The Doll 3,The Doll 3,2020-01-01 2024-12-31,2023-11-19,1,52,2026-10-06T04:45:10.459803+00:00
The Doll 3,The Doll 3,2020-01-01 2024-12-31,2023-11-26,1,49,2026-10-06T04:45:10.459803+00:00
The Doll 3,The Doll 3,2020-01-01 2024-12-31,2023-12-03,1,50,2026-10-06T04:45:10.459803+00:00
The Doll 3,The Doll 3,2020-01-01 2024-12-31,2023-12-10,0,58,2026-10-06T04:45:10.459803+00:00
The Doll 3,The Doll 3,2020-01-01 2024-12-31,2023-12-17,1,60,2026-10-06T04:45:10.459803+00:00
The Doll 3,The Doll 3,2020-01-01 2024-12-31,2023-12-24,1,88,2026-10-06T04:45:10.459803+00:00
The Doll 3,The Doll 3,2020-01-01 2024-12-31,2023-12-31,1,67,2026-10-06T04:45:10.459803+00:00
The Doll 3,The Doll 3,2020-01-01 2024-12-31,2024-01-07,1,51,2026-10-06T04:45:10.459803+00:00
The Doll 3,The Doll 3,2020-01-01 2024-12-31,2024-01-14,0,49,2026-10-06T04:45:10.459803+00:00
The Doll 3,The Doll 3,2020-01-01 2024-12-31,2024-01-21,0,50,2026-10-06T04:45:10.459803+00:00
The Doll 3,The Doll 3,2020-01-01 2024-12-31,2024-01-28,0,53,2026-10-06T04:45:10.459803+00:00
The Doll 3,The Doll 3,2020-01-01 2024-12-31,2024-02-04,1,57,2026-10-06T04:45:10.459803+00:00
The Doll 3,The Doll 3,2020-01-01 2024-12-31,2024-02-11,0,53,2026-10-06T04:45:10.459803+00:00
The Doll 3,The Doll 3,2020-01-01 2024-12-31,2024-02-18,0,49,2026-10-06T04:45:10.459803+00:00
The Doll 3,The Doll 3,2020-01-01 2024-12-31,2024-02-25,0,54,2026-10-06T04:45:10.459803+00:00
The Doll 3,The Doll 3,2020-01-01 2024-12-31,2024-03-03,0,51,2026-10-06T04:45:10.459803+00:00
The Doll 3,The Doll 3,2020-01-01 2024-12-31,2024-03-10,1,56,2026-10-06T04:45:10.459803+00:00
The Doll 3,The Doll 3,2020-01-01 2024-12-31,2024-03-17,0,47,2026-10-06T04:45:10.459803+00:00
The Doll 3,The Doll 3,2020-01-01 2024-12-31,2024-03-24,0,51,2026-10-06T04:45:10.459803+00:00
The Doll 3,The Doll 3,2020-01-01 2024-12-31,2024-03-31,0,47,2026-10-06T04:45:10.459803+00:00
The Doll 3,The Doll 3,2020-01-01 2024-12-31,2024-04-07,1,69,2026-10-06T04:45:10.459803+00:00
The Doll 3,The Doll 3,2020-01-01 2024-12-31,2024-04-14,0,60,2026-10-06T04:45:10.459803+00:00
The Doll 3,The Doll 3,2020-01-01 2024-12-31,2024-04-21,0,48,2026-10-06T04:45:10.459803+00:00
The Doll 3,The Doll 3,2020-01-01 2024-12-31,2024-04-28,0,46,2026-10-06T04:45:10.459803+00:00
The Doll 3,The Doll 3,2020-01-01 2024-12-31,2024-05-05,1,53,2026-10-06T04:45:10.459803+00:00
The Doll 3,The Doll 3,2020-01-01 2024-12-31,2024-05-12,0,54,2026-10-06T04:45:10.459803+00:00
The Doll 3,The Doll 3,2020-01-01 2024-12-31,2024-05-19,1,51,2026-10-06T04:45:10.459803+00:00
The Doll 3,The Doll 3,2020-01-01 2024-12-31,2024-05-26,0,41,2026-10-06T04:45:10.459803+00:00
The Doll 3,The Doll 3,2020-01-01 2024-12-31,2024-06-02,1,36,2026-10-06T04:45:10.459803+00:00
The Doll 3,The Doll 3,2020-01-01 2024-12-31,2024-06-09,0,41,2026-10-06T04:45:10.459803+00:00
The Doll 3,The Doll 3,2020-01-01 2024-12-31,2024-06-16,0,51,2026-10-06T04:45:10.459803+00:00
The Doll 3,The Doll 3,2020-01-01 2024-12-31,2024-06-23,1,48,2026-10-06T04:45:10.459803+00:00
The Doll 3,The Doll 3,2020-01-01 2024-12-31,2024-06-30,2,53,2026-10-06T04:45:10.459803+00:00
The Doll 3,The Doll 3,2020-01-01 2024-12-31,2024-07-07,1,52,2026-10-06T04:45:10.459803+00:00
The Doll 3,The Doll 3,2020-01-01 2024-12-31,2024-07-14,2,50,2026-10-06T04:45:10.459803+00:00
The Doll 3,The Doll 3,2020-01-01 2024-12-31,2024-07-21,1,51,2026-10-06T04:45:10.459803+00:00
The Doll 3,The Doll 3,2020-01-01 2024-12-31,2024-07-28,1,50,2026-10-06T04:45:10.459803+00:00
The Doll 3,The Doll 3,2020-01-01 2024-12-31,2024-08-04,1,46,2026-10-06T04:45:10.459803+00:00
The Doll 3,The Doll 3,2020-01-01 2024-12-31,2024-08-11,1,51,2026-10-06T04:45:10.459803+00:00
The Doll 3,The Doll 3,2020-01-01 2024-12-31,2024-08-18,1,48,2026-10-06T04:45:10.459803+00:00
The Doll 3,The Doll 3,2020-01-01 2024-12-31,2024-08-25,0,48,2026-10-06T04:45:10.459803+00:00
The Doll 3,The Doll 3,2020-01-01 2024-12-31,2024-09-01,1,45,2026-10-06T04:45:10.459803+00:00
The Doll 3,The Doll 3,2020-01-01 2024-12-31,2024-09-08,0,50,2026-10-06T04:45:10.459803+00:00
The Doll 3,The Doll 3,2020-01-01 2024-12-31,2024-09-15,0,55,2026-10-06T04:45:10.459803+00:00
The Doll 3,The Doll 3,2020-01-01 2024-12-31,2024-09-22,0,54,2026-10-06T04:45:10.459803+00:00
The Doll 3,The Doll 3,2020-01-01 2024-12-31,2024-09-29,1,54,2026-10-06T04:45:10.459803+00:00
The Doll 3,The Doll 3,2020-01-01 2024-12-31,2024-10-06,0,52,2026-10-06T04:45:10.459803+00:00
The Doll 3,The Doll 3,2020-01-01 2024-12-31,2024-10-13,0,50,2026-10-06T04:45:10.459803+00:00
The Doll 3,The Doll 3,2020-01-01 2024-12-31,2024-10-20,0,50,2026-10-06T04:45:10.459803+00:00
The Doll 3,The Doll 3,2020-01-01 2024-12-31,2024-10-27,0,50,2026-10-06T04:45:10.459803+00:00
The Doll 3,The Doll 3,2020-01-01 2024-12-31,2024-11-03,0,61,2026-10-06T04:45:10.459803+00:00
The Doll 3,The Doll 3,2020-01-01 2024-12-31,2024-11-10,0,57,2026-10-06T04:45:10.459803+00:00
The Doll 3,The Doll 3,2020-01-01 2024-12-31,2024-11-17,0,61,2026-10-06T04:45:10.459803+00:00
The Doll 3,The Doll 3,2020-01-01 2024-12-31,2024-11-24,0,59,2026-10-06T04:45:10.459803+00:00
The Doll 3,The Doll 3,2020-01-01 2024-12-31,2024-12-01,0,52,2026-10-06T04:45:10.459803+00:00
The Doll 3,The Doll 3,2020-01-01 2024-12-31,2024-12-08,0,56,2026-10-06T04:45:10.459803+00:00
The Doll 3,The Doll 3,2020-01-01 2024-12-31,2024-12-15,0,65,2026-10-06T04:45:10.459803+00:00
The Doll 3,The Doll 3,2020-01-01 2024-12-31,2024-12-22,0,78,2026-10-06T04:45:10.459803+00:00
The Doll 3,The Doll 3,2020-01-01 2024-12-31,2024-12-29,0,79,2026-10-06T04:45:10.459803+00:00
The Doll 3,The Doll 3,2022-01-01 2026-10-06,2021-12-26,0,73,2026-10-06T04:45:22.412747+00:00
The Doll 3,The Doll 3,2022-01-01 2026-10-06,2022-01-02,0,57,2026-10-06T04:45:22.412747+00:00
The Doll 3,The Doll 3,2022-01-01 2026-10-06,2022-01-09,0,61,2026-10-06T04:45:22.412747+00:00
The Doll 3,The Doll 3,2022-01-01 2026-10-06,2022-01-16,0,46,2026-10-06T04:45:22.412747+00:00
The Doll 3,The Doll 3,2022-01-01 2026-10-06,2022-01-23,0,47,2026-10-06T04:45:22.412747+00:00
The Doll 3,The Doll 3,2022-01-01 2026-10-06,2022-01-30,0,46,2026-10-06T04:45:22.412747+00:00
The Doll 3,The Doll 3,2022-01-01 2026-10-06,2022-02-06,0,46,2026-10-06T04:45:22.412747+00:00
The Doll 3,The Doll 3,2022-01-01 2026-10-06,2022-02-13,0,50,2026-10-06T04:45:22.412747+00:00
The Doll 3,The Doll 3,2022-01-01 2026-10-06,2022-02-20,1,46,2026-10-06T04:45:22.412747+00:00
The Doll 3,The Doll 3,2022-01-01 2026-10-06,2022-02-27,2,51,2026-10-06T04:45:22.412747+00:00
The Doll 3,The Doll 3,2022-01-01 2026-10-06,2022-03-06,1,38,2026-10-06T04:45:22.412747+00:00
The Doll 3,The Doll 3,2022-01-01 2026-10-06,2022-03-13,0,40,2026-10-06T04:45:22.412747+00:00
The Doll 3,The Doll 3,2022-01-01 2026-10-06,2022-03-20,1,42,2026-10-06T04:45:22.412747+00:00
The Doll 3,The Doll 3,2022-01-01 2026-10-06,2022-03-27,0,40,2026-10-06T04:45:22.412747+00:00
The Doll 3,The Doll 3,2022-01-01 2026-10-06,2022-04-03,1,42,2026-10-06T04:45:22.412747+00:00
The Doll 3,The Doll 3,2022-01-01 2026-10-06,2022-04-10,3,43,2026-10-06T04:45:22.412747+00:00
The Doll 3,The Doll 3,2022-01-01 2026-10-06,2022-04-17,4,47,2026-10-06T04:45:22.412747+00:00
The Doll 3,The Doll 3,2022-01-01 2026-10-06,2022-04-24,6,51,2026-10-06T04:45:22.412747+00:00
The Doll 3,The Doll 3,2022-01-01 2026-10-06,2022-05-01,19,90,2026-10-06T04:45:22.412747+00:00
The Doll 3,The Doll 3,2022-01-01 2026-10-06,2022-05-08,24,69,2026-10-06T04:45:22.412747+00:00
The Doll 3,The Doll 3,2022-01-01 2026-10-06,2022-05-15,24,57,2026-10-06T04:45:22.412747+00:00
The Doll 3,The Doll 3,2022-01-01 2026-10-06,2022-05-22,58,53,2026-10-06T04:45:22.412747+00:00
The Doll 3,The Doll 3,2022-01-01 2026-10-06,2022-05-29,68,49,2026-10-06T04:45:22.412747+00:00
The Doll 3,The Doll 3,2022-01-01 2026-10-06,2022-06-05,38,44,2026-10-06T04:45:22.412747+00:00
The Doll 3,The Doll 3,2022-01-01 2026-10-06,2022-06-12,27,46,2026-10-06T04:45:22.412747+00:00
The Doll 3,The Doll 3,2022-01-01 2026-10-06,2022-06-19,20,54,2026-10-06T04:45:22.412747+00:00
The Doll 3,The Doll 3,2022-01-01 2026-10-06,2022-06-26,12,52,2026-10-06T04:45:22.412747+00:00
The Doll 3,The Doll 3,2022-01-01 2026-10-06,2022-07-03,8,50,2026-10-06T04:45:22.412747+00:00
The Doll 3,The Doll 3,2022-01-01 2026-10-06,2022-07-10,5,55,2026-10-06T04:45:22.412747+00:00
The Doll 3,The Doll 3,2022-01-01 2026-10-06,2022-07-17,5,50,2026-10-06T04:45:22.412747+00:00
The Doll 3,The Doll 3,2022-01-01 2026-10-06,2022-07-24,3,44,2026-10-06T04:45:22.412747+00:00
The Doll 3,The Doll 3,2022-01-01 2026-10-06,2022-07-31,3,50,2026-10-06T04:45:22.412747+00:00
The Doll 3,The Doll 3,2022-01-01 2026-10-06,2022-08-07,3,48,2026-10-06T04:45:22.412747+00:00
The Doll 3,The Doll 3,2022-01-01 2026-10-06,2022-08-14,3,50,2026-10-06T04:45:22.412747+00:00
The Doll 3,The Doll 3,2022-01-01 2026-10-06,2022-08-21,2,45,2026-10-06T04:45:22.412747+00:00
The Doll 3,The Doll 3,2022-01-01 2026-10-06,2022-08-28,2,42,2026-10-06T04:45:22.412747+00:00
The Doll 3,The Doll 3,2022-01-01 2026-10-06,2022-09-04,3,43,2026-10-06T04:45:22.412747+00:00
The Doll 3,The Doll 3,2022-01-01 2026-10-06,2022-09-11,2,39,2026-10-06T04:45:22.412747+00:00
The Doll 3,The Doll 3,2022-01-01 2026-10-06,2022-09-18,2,39,2026-10-06T04:45:22.412747+00:00
The Doll 3,The Doll 3,2022-01-01 2026-10-06,2022-09-25,6,38,2026-10-06T04:45:22.412747+00:00
The Doll 3,The Doll 3,2022-01-01 2026-10-06,2022-10-02,7,43,2026-10-06T04:45:22.412747+00:00
The Doll 3,The Doll 3,2022-01-01 2026-10-06,2022-10-09,6,50,2026-10-06T04:45:22.412747+00:00
The Doll 3,The Doll 3,2022-01-01 2026-10-06,2022-10-16,4,49,2026-10-06T04:45:22.412747+00:00
The Doll 3,The Doll 3,2022-01-01 2026-10-06,2022-10-23,4,45,2026-10-06T04:45:22.412747+00:00
The Doll 3,The Doll 3,2022-01-01 2026-10-06,2022-10-30,3,46,2026-10-06T04:45:22.412747+00:00
The Doll 3,The Doll 3,2022-01-01 2026-10-06,2022-11-06,4,48,2026-10-06T04:45:22.412747+00:00
The Doll 3,The Doll 3,2022-01-01 2026-10-06,2022-11-13,3,49,2026-10-06T04:45:22.412747+00:00
The Doll 3,The Doll 3,2022-01-01 2026-10-06,2022-11-20,2,41,2026-10-06T04:45:22.412747+00:00
The Doll 3,The Doll 3,2022-01-01 2026-10-06,2022-11-27,2,40,2026-10-06T04:45:22.412747+00:00
The Doll 3,The Doll 3,2022-01-01 2026-10-06,2022-12-04,2,38,2026-10-06T04:45:22.412747+00:00
The Doll 3,The Doll 3,2022-01-01 2026-10-06,2022-12-11,2,48,2026-10-06T04:45:22.412747+00:00
The Doll 3,The Doll 3,2022-01-01 2026-10-06,2022-12-18,2,53,2026-10-06T04:45:22.412747+00:00
The Doll 3,The Doll 3,2022-01-01 2026-10-06,2022-12-25,3,92,2026-10-06T04:45:22.412747+00:00
The Doll 3,The Doll 3,2022-01-01 2026-10-06,2023-01-01,2,58,2026-10-06T04:45:22.412747+00:00
The Doll 3,The Doll 3,2022-01-01 2026-10-06,2023-01-08,2,46,2026-10-06T04:45:22.412747+00:00
The Doll 3,The Doll 3,2022-01-01 2026-10-06,2023-01-15,1,44,2026-10-06T04:45:22.412747+00:00
The Doll 3,The Doll 3,2022-01-01 2026-10-06,2023-01-22,2,51,2026-10-06T04:45:22.412747+00:00
The Doll 3,The Doll 3,2022-01-01 2026-10-06,2023-01-29,1,44,2026-10-06T04:45:22.412747+00:00
The Doll 3,The Doll 3,2022-01-01 2026-10-06,2023-02-05,1,47,2026-10-06T04:45:22.412747+00:00
The Doll 3,The Doll 3,2022-01-01 2026-10-06,2023-02-12,1,51,2026-10-06T04:45:22.412747+00:00
The Doll 3,The Doll 3,2022-01-01 2026-10-06,2023-02-19,2,46,2026-10-06T04:45:22.412747+00:00
The Doll 3,The Doll 3,2022-01-01 2026-10-06,2023-02-26,1,46,2026-10-06T04:45:22.412747+00:00
The Doll 3,The Doll 3,2022-01-01 2026-10-06,2023-03-05,1,43,2026-10-06T04:45:22.412747+00:00
The Doll 3,The Doll 3,2022-01-01 2026-10-06,2023-03-12,1,42,2026-10-06T04:45:22.412747+00:00
The Doll 3,The Doll 3,2022-01-01 2026-10-06,2023-03-19,1,52,2026-10-06T04:45:22.412747+00:00
The Doll 3,The Doll 3,2022-01-01 2026-10-06,2023-03-26,1,43,2026-10-06T04:45:22.412747+00:00
The Doll 3,The Doll 3,2022-01-01 2026-10-06,2023-04-02,1,45,2026-10-06T04:45:22.412747+00:00
The Doll 3,The Doll 3,2022-01-01 2026-10-06,2023-04-09,1,43,2026-10-06T04:45:22.412747+00:00
The Doll 3,The Doll 3,2022-01-01 2026-10-06,2023-04-16,1,54,2026-10-06T04:45:22.412747+00:00
The Doll 3,The Doll 3,2022-01-01 2026-10-06,2023-04-23,1,77,2026-10-06T04:45:22.412747+00:00
The Doll 3,The Doll 3,2022-01-01 2026-10-06,2023-04-30,10,63,2026-10-06T04:45:22.412747+00:00
The Doll 3,The Doll 3,2022-01-01 2026-10-06,2023-05-07,2,53,2026-10-06T04:45:22.412747+00:00
The Doll 3,The Doll 3,2022-01-01 2026-10-06,2023-05-14,1,56,2026-10-06T04:45:22.412747+00:00
The Doll 3,The Doll 3,2022-01-01 2026-10-06,2023-05-21,1,54,2026-10-06T04:45:22.412747+00:00
The Doll 3,The Doll 3,2022-01-01 2026-10-06,2023-05-28,1,50,2026-10-06T04:45:22.412747+00:00
The Doll 3,The Doll 3,2022-01-01 2026-10-06,2023-06-04,1,44,2026-10-06T04:45:22.412747+00:00
The Doll 3,The Doll 3,2022-01-01 2026-10-06,2023-06-11,1,47,2026-10-06T04:45:22.412747+00:00
The Doll 3,The Doll 3,2022-01-01 2026-10-06,2023-06-18,1,50,2026-10-06T04:45:22.412747+00:00
The Doll 3,The Doll 3,2022-01-01 2026-10-06,2023-06-25,1,59,2026-10-06T04:45:22.412747+00:00
The Doll 3,The Doll 3,2022-01-01 2026-10-06,2023-07-02,1,51,2026-10-06T04:45:22.412747+00:00
The Doll 3,The Doll 3,2022-01-01 2026-10-06,2023-07-09,6,55,2026-10-06T04:45:22.412747+00:00
The Doll 3,The Doll 3,2022-01-01 2026-10-06,2023-07-16,1,54,2026-10-06T04:45:22.412747+00:00
The Doll 3,The Doll 3,2022-01-01 2026-10-06,2023-07-23,1,47,2026-10-06T04:45:22.412747+00:00
The Doll 3,The Doll 3,2022-01-01 2026-10-06,2023-07-30,1,43,2026-10-06T04:45:22.412747+00:00
The Doll 3,The Doll 3,2022-01-01 2026-10-06,2023-08-06,0,47,2026-10-06T04:45:22.412747+00:00
The Doll 3,The Doll 3,2022-01-01 2026-10-06,2023-08-13,1,49,2026-10-06T04:45:22.412747+00:00
The Doll 3,The Doll 3,2022-01-01 2026-10-06,2023-08-20,1,44,2026-10-06T04:45:22.412747+00:00
The Doll 3,The Doll 3,2022-01-01 2026-10-06,2023-08-27,1,46,2026-10-06T04:45:22.412747+00:00
The Doll 3,The Doll 3,2022-01-01 2026-10-06,2023-09-03,1,51,2026-10-06T04:45:22.412747+00:00
The Doll 3,The Doll 3,2022-01-01 2026-10-06,2023-09-10,0,46,2026-10-06T04:45:22.412747+00:00
The Doll 3,The Doll 3,2022-01-01 2026-10-06,2023-09-17,0,48,2026-10-06T04:45:22.412747+00:00
The Doll 3,The Doll 3,2022-01-01 2026-10-06,2023-09-24,1,50,2026-10-06T04:45:22.412747+00:00
The Doll 3,The Doll 3,2022-01-01 2026-10-06,2023-10-01,1,52,2026-10-06T04:45:22.412747+00:00
The Doll 3,The Doll 3,2022-01-01 2026-10-06,2023-10-08,1,53,2026-10-06T04:45:22.412747+00:00
The Doll 3,The Doll 3,2022-01-01 2026-10-06,2023-10-15,1,51,2026-10-06T04:45:22.412747+00:00
The Doll 3,The Doll 3,2022-01-01 2026-10-06,2023-10-22,1,52,2026-10-06T04:45:22.412747+00:00
The Doll 3,The Doll 3,2022-01-01 2026-10-06,2023-10-29,1,52,2026-10-06T04:45:22.412747+00:00
The Doll 3,The Doll 3,2022-01-01 2026-10-06,2023-11-05,1,50,2026-10-06T04:45:22.412747+00:00
The Doll 3,The Doll 3,2022-01-01 2026-10-06,2023-11-12,0,50,2026-10-06T04:45:22.412747+00:00
The Doll 3,The Doll 3,2022-01-01 2026-10-06,2023-11-19,1,48,2026-10-06T04:45:22.412747+00:00
The Doll 3,The Doll 3,2022-01-01 2026-10-06,2023-11-26,1,45,2026-10-06T04:45:22.412747+00:00
The Doll 3,The Doll 3,2022-01-01 2026-10-06,2023-12-03,0,46,2026-10-06T04:45:22.412747+00:00
The Doll 3,The Doll 3,2022-01-01 2026-10-06,2023-12-10,0,53,2026-10-06T04:45:22.412747+00:00
The Doll 3,The Doll 3,2022-01-01 2026-10-06,2023-12-17,1,56,2026-10-06T04:45:22.412747+00:00
The Doll 3,The Doll 3,2022-01-01 2026-10-06,2023-12-24,1,81,2026-10-06T04:45:22.412747+00:00
The Doll 3,The Doll 3,2022-01-01 2026-10-06,2023-12-31,0,62,2026-10-06T04:45:22.412747+00:00
The Doll 3,The Doll 3,2022-01-01 2026-10-06,2024-01-07,1,47,2026-10-06T04:45:22.412747+00:00
The Doll 3,The Doll 3,2022-01-01 2026-10-06,2024-01-14,0,45,2026-10-06T04:45:22.412747+00:00
The Doll 3,The Doll 3,2022-01-01 2026-10-06,2024-01-21,0,46,2026-10-06T04:45:22.412747+00:00
The Doll 3,The Doll 3,2022-01-01 2026-10-06,2024-01-28,0,49,2026-10-06T04:45:22.412747+00:00
The Doll 3,The Doll 3,2022-01-01 2026-10-06,2024-02-04,1,52,2026-10-06T04:45:22.412747+00:00
The Doll 3,The Doll 3,2022-01-01 2026-10-06,2024-02-11,0,49,2026-10-06T04:45:22.412747+00:00
The Doll 3,The Doll 3,2022-01-01 2026-10-06,2024-02-18,0,45,2026-10-06T04:45:22.412747+00:00
The Doll 3,The Doll 3,2022-01-01 2026-10-06,2024-02-25,0,50,2026-10-06T04:45:22.412747+00:00
The Doll 3,The Doll 3,2022-01-01 2026-10-06,2024-03-03,0,47,2026-10-06T04:45:22.412747+00:00
The Doll 3,The Doll 3,2022-01-01 2026-10-06,2024-03-10,1,52,2026-10-06T04:45:22.412747+00:00
The Doll 3,The Doll 3,2022-01-01 2026-10-06,2024-03-17,0,43,2026-10-06T04:45:22.412747+00:00
The Doll 3,The Doll 3,2022-01-01 2026-10-06,2024-03-24,0,47,2026-10-06T04:45:22.412747+00:00
The Doll 3,The Doll 3,2022-01-01 2026-10-06,2024-03-31,0,44,2026-10-06T04:45:22.412747+00:00
The Doll 3,The Doll 3,2022-01-01 2026-10-06,2024-04-07,1,64,2026-10-06T04:45:22.412747+00:00
The Doll 3,The Doll 3,2022-01-01 2026-10-06,2024-04-14,0,55,2026-10-06T04:45:22.412747+00:00
The Doll 3,The Doll 3,2022-01-01 2026-10-06,2024-04-21,0,44,2026-10-06T04:45:22.412747+00:00
The Doll 3,The Doll 3,2022-01-01 2026-10-06,2024-04-28,0,42,2026-10-06T04:45:22.412747+00:00
The Doll 3,The Doll 3,2022-01-01 2026-10-06,2024-05-05,1,48,2026-10-06T04:45:22.412747+00:00
The Doll 3,The Doll 3,2022-01-01 2026-10-06,2024-05-12,0,50,2026-10-06T04:45:22.412747+00:00
The Doll 3,The Doll 3,2022-01-01 2026-10-06,2024-05-19,1,47,2026-10-06T04:45:22.412747+00:00
The Doll 3,The Doll 3,2022-01-01 2026-10-06,2024-05-26,0,38,2026-10-06T04:45:22.412747+00:00
The Doll 3,The Doll 3,2022-01-01 2026-10-06,2024-06-02,0,34,2026-10-06T04:45:22.412747+00:00
The Doll 3,The Doll 3,2022-01-01 2026-10-06,2024-06-09,0,38,2026-10-06T04:45:22.412747+00:00
The Doll 3,The Doll 3,2022-01-01 2026-10-06,2024-06-16,0,47,2026-10-06T04:45:22.412747+00:00
The Doll 3,The Doll 3,2022-01-01 2026-10-06,2024-06-23,1,44,2026-10-06T04:45:22.412747+00:00
The Doll 3,The Doll 3,2022-01-01 2026-10-06,2024-06-30,2,49,2026-10-06T04:45:22.412747+00:00
The Doll 3,The Doll 3,2022-01-01 2026-10-06,2024-07-07,1,48,2026-10-06T04:45:22.412747+00:00
The Doll 3,The Doll 3,2022-01-01 2026-10-06,2024-07-14,2,46,2026-10-06T04:45:22.412747+00:00
The Doll 3,The Doll 3,2022-01-01 2026-10-06,2024-07-21,1,47,2026-10-06T04:45:22.412747+00:00
The Doll 3,The Doll 3,2022-01-01 2026-10-06,2024-07-28,1,46,2026-10-06T04:45:22.412747+00:00
The Doll 3,The Doll 3,2022-01-01 2026-10-06,2024-08-04,1,42,2026-10-06T04:45:22.412747+00:00
The Doll 3,The Doll 3,2022-01-01 2026-10-06,2024-08-11,1,47,2026-10-06T04:45:22.412747+00:00
The Doll 3,The Doll 3,2022-01-01 2026-10-06,2024-08-18,1,45,2026-10-06T04:45:22.412747+00:00
The Doll 3,The Doll 3,2022-01-01 2026-10-06,2024-08-25,0,44,2026-10-06T04:45:22.412747+00:00
The Doll 3,The Doll 3,2022-01-01 2026-10-06,2024-09-01,1,42,2026-10-06T04:45:22.412747+00:00
The Doll 3,The Doll 3,2022-01-01 2026-10-06,2024-09-08,0,46,2026-10-06T04:45:22.412747+00:00
The Doll 3,The Doll 3,2022-01-01 2026-10-06,2024-09-15,0,51,2026-10-06T04:45:22.412747+00:00
The Doll 3,The Doll 3,2022-01-01 2026-10-06,2024-09-22,0,50,2026-10-06T04:45:22.412747+00:00
The Doll 3,The Doll 3,2022-01-01 2026-10-06,2024-09-29,1,50,2026-10-06T04:45:22.412747+00:00
The Doll 3,The Doll 3,2022-01-01 2026-10-06,2024-10-06,0,48,2026-10-06T04:45:22.412747+00:00
The Doll 3,The Doll 3,2022-01-01 2026-10-06,2024-10-13,0,46,2026-10-06T04:45:22.412747+00:00
The Doll 3,The Doll 3,2022-01-01 2026-10-06,2024-10-20,0,46,2026-10-06T04:45:22.412747+00:00
The Doll 3,The Doll 3,2022-01-01 2026-10-06,2024-10-27,0,46,2026-10-06T04:45:22.412747+00:00
The Doll 3,The Doll 3,2022-01-01 2026-10-06,2024-11-03,0,56,2026-10-06T04:45:22.412747+00:00
The Doll 3,The Doll 3,2022-01-01 2026-10-06,2024-11-10,0,52,2026-10-06T04:45:22.412747+00:00
The Doll 3,The Doll 3,2022-01-01 2026-10-06,2024-11-17,0,57,2026-10-06T04:45:22.412747+00:00
The Doll 3,The Doll 3,2022-01-01 2026-10-06,2024-11-24,0,55,2026-10-06T04:45:22.412747+00:00
The Doll 3,The Doll 3,2022-01-01 2026-10-06,2024-12-01,0,48,2026-10-06T04:45:22.412747+00:00
The Doll 3,The Doll 3,2022-01-01 2026-10-06,2024-12-08,0,52,2026-10-06T04:45:22.412747+00:00
The Doll 3,The Doll 3,2022-01-01 2026-10-06,2024-12-15,0,60,2026-10-06T04:45:22.412747+00:00
The Doll 3,The Doll 3,2022-01-01 2026-10-06,2024-12-22,0,72,2026-10-06T04:45:22.412747+00:00
The Doll 3,The Doll 3,2022-01-01 2026-10-06,2024-12-29,0,73,2026-10-06T04:45:22.412747+00:00
The Doll 3,The Doll 3,2022-01-01 2026-10-06,2025-01-05,0,61,2026-10-06T04:45:22.412747+00:00
The Doll 3,The Doll 3,2022-01-01 2026-10-06,2025-01-12,0,51,2026-10-06T04:45:22.412747+00:00
The Doll 3,The Doll 3,2022-01-01 2026-10-06,2025-01-19,0,59,2026-10-06T04:45:22.412747+00:00
The Doll 3,The Doll 3,2022-01-01 2026-10-06,2025-01-26,0,65,2026-10-06T04:45:22.412747+00:00
The Doll 3,The Doll 3,2022-01-01 2026-10-06,2025-02-02,0,49,2026-10-06T04:45:22.412747+00:00
The Doll 3,The Doll 3,2022-01-01 2026-10-06,2025-02-09,0,50,2026-10-06T04:45:22.412747+00:00
The Doll 3,The Doll 3,2022-01-01 2026-10-06,2025-02-16,1,49,2026-10-06T04:45:22.412747+00:00
The Doll 3,The Doll 3,2022-01-01 2026-10-06,2025-02-23,1,50,2026-10-06T04:45:22.412747+00:00
The Doll 3,The Doll 3,2022-01-01 2026-10-06,2025-03-02,0,47,2026-10-06T04:45:22.412747+00:00
The Doll 3,The Doll 3,2022-01-01 2026-10-06,2025-03-09,0,44,2026-10-06T04:45:22.412747+00:00
The Doll 3,The Doll 3,2022-01-01 2026-10-06,2025-03-16,0,49,2026-10-06T04:45:22.412747+00:00
The Doll 3,The Doll 3,2022-01-01 2026-10-06,2025-03-23,0,57,2026-10-06T04:45:22.412747+00:00
The Doll 3,The Doll 3,2022-01-01 2026-10-06,2025-03-30,0,100,2026-10-06T04:45:22.412747+00:00
The Doll 3,The Doll 3,2022-01-01 2026-10-06,2025-04-06,1,63,2026-10-06T04:45:22.412747+00:00
The Doll 3,The Doll 3,2022-01-01 2026-10-06,2025-04-13,0,48,2026-10-06T04:45:22.412747+00:00
The Doll 3,The Doll 3,2022-01-01 2026-10-06,2025-04-20,0,46,2026-10-06T04:45:22.412747+00:00
The Doll 3,The Doll 3,2022-01-01 2026-10-06,2025-04-27,0,44,2026-10-06T04:45:22.412747+00:00
The Doll 3,The Doll 3,2022-01-01 2026-10-06,2025-05-04,0,39,2026-10-06T04:45:22.412747+00:00
The Doll 3,The Doll 3,2022-01-01 2026-10-06,2025-05-11,0,49,2026-10-06T04:45:22.412747+00:00
The Doll 3,The Doll 3,2022-01-01 2026-10-06,2025-05-18,0,43,2026-10-06T04:45:22.412747+00:00
The Doll 3,The Doll 3,2022-01-01 2026-10-06,2025-05-25,0,44,2026-10-06T04:45:22.412747+00:00
The Doll 3,The Doll 3,2022-01-01 2026-10-06,2025-06-01,0,41,2026-10-06T04:45:22.412747+00:00
The Doll 3,The Doll 3,2022-01-01 2026-10-06,2025-06-08,1,44,2026-10-06T04:45:22.412747+00:00
The Doll 3,The Doll 3,2022-01-01 2026-10-06,2025-06-15,0,43,2026-10-06T04:45:22.412747+00:00
The Doll 3,The Doll 3,2022-01-01 2026-10-06,2025-06-22,1,50,2026-10-06T04:45:22.412747+00:00
The Doll 3,The Doll 3,2022-01-01 2026-10-06,2025-06-29,0,46,2026-10-06T04:45:22.412747+00:00
The Doll 3,The Doll 3,2022-01-01 2026-10-06,2025-07-06,0,44,2026-10-06T04:45:22.412747+00:00
The Doll 3,The Doll 3,2022-01-01 2026-10-06,2025-07-13,0,40,2026-10-06T04:45:22.412747+00:00
The Doll 3,The Doll 3,2022-01-01 2026-10-06,2025-07-20,0,39,2026-10-06T04:45:22.412747+00:00
The Doll 3,The Doll 3,2022-01-01 2026-10-06,2025-07-27,0,36,2026-10-06T04:45:22.412747+00:00
The Doll 3,The Doll 3,2022-01-01 2026-10-06,2025-08-03,0,39,2026-10-06T04:45:22.412747+00:00
The Doll 3,The Doll 3,2022-01-01 2026-10-06,2025-08-10,0,42,2026-10-06T04:45:22.412747+00:00
The Doll 3,The Doll 3,2022-01-01 2026-10-06,2025-08-17,0,43,2026-10-06T04:45:22.412747+00:00
The Doll 3,The Doll 3,2022-01-01 2026-10-06,2025-08-24,0,38,2026-10-06T04:45:22.412747+00:00
The Doll 3,The Doll 3,2022-01-01 2026-10-06,2025-08-31,0,41,2026-10-06T04:45:22.412747+00:00
The Doll 3,The Doll 3,2022-01-01 2026-10-06,2025-09-07,0,39,2026-10-06T04:45:22.412747+00:00
The Doll 3,The Doll 3,2022-01-01 2026-10-06,2025-09-14,0,38,2026-10-06T04:45:22.412747+00:00
The Doll 3,The Doll 3,2022-01-01 2026-10-06,2025-09-21,0,38,2026-10-06T04:45:22.412747+00:00
The Doll 3,The Doll 3,2022-01-01 2026-10-06,2025-09-28,0,36,2026-10-06T04:45:22.412747+00:00
The Doll 3,The Doll 3,2022-01-01 2026-10-06,2025-10-05,0,36,2026-10-06T04:45:22.412747+00:00
The Doll 3,The Doll 3,2022-01-01 2026-10-06,2025-10-12,0,36,2026-10-06T04:45:22.412747+00:00
The Doll 3,The Doll 3,2022-01-01 2026-10-06,2025-10-19,0,38,2026-10-06T04:45:22.412747+00:00
The Doll 3,The Doll 3,2022-01-01 2026-10-06,2025-10-26,0,42,2026-10-06T04:45:22.412747+00:00
The Doll 3,The Doll 3,2022-01-01 2026-10-06,2025-11-02,0,39,2026-10-06T04:45:22.412747+00:00
The Doll 3,The Doll 3,2022-01-01 2026-10-06,2025-11-09,0,37,2026-10-06T04:45:22.412747+00:00
The Doll 3,The Doll 3,2022-01-01 2026-10-06,2025-11-16,0,38,2026-10-06T04:45:22.412747+00:00
The Doll 3,The Doll 3,2022-01-01 2026-10-06,2025-11-23,0,34,2026-10-06T04:45:22.412747+00:00
The Doll 3,The Doll 3,2022-01-01 2026-10-06,2025-11-30,0,33,2026-10-06T04:45:22.412747+00:00
The Doll 3,The Doll 3,2022-01-01 2026-10-06,2025-12-07,0,38,2026-10-06T04:45:22.412747+00:00
The Doll 3,The Doll 3,2022-01-01 2026-10-06,2025-12-14,0,44,2026-10-06T04:45:22.412747+00:00
The Doll 3,The Doll 3,2022-01-01 2026-10-06,2025-12-21,1,53,2026-10-06T04:45:22.412747+00:00
The Doll 3,The Doll 3,2022-01-01 2026-10-06,2025-12-28,0,59,2026-10-06T04:45:22.412747+00:00
The Doll 3,The Doll 3,2022-01-01 2026-10-06,2026-01-04,0,44,2026-10-06T04:45:22.412747+00:00
The Doll 3,The Doll 3,2022-01-01 2026-10-06,2026-01-11,0,43,2026-10-06T04:45:22.412747+00:00
The Doll 3,The Doll 3,2022-01-01 2026-10-06,2026-01-18,0,39,2026-10-06T04:45:22.412747+00:00
The Doll 3,The Doll 3,2022-01-01 2026-10-06,2026-01-25,0,37,2026-10-06T04:45:22.412747+00:00
The Doll 3,The Doll 3,2022-01-01 2026-10-06,2026-02-01,0,38,2026-10-06T04:45:22.412747+00:00
The Doll 3,The Doll 3,2022-01-01 2026-10-06,2026-02-08,0,35,2026-10-06T04:45:22.412747+00:00
The Doll 3,The Doll 3,2022-01-01 2026-10-06,2026-02-15,1,41,2026-10-06T04:45:22.412747+00:00
The Doll 3,The Doll 3,2022-01-01 2026-10-06,2026-02-22,0,36,2026-10-06T04:45:22.412747+00:00
The Doll 3,The Doll 3,2022-01-01 2026-10-06,2026-03-01,0,32,2026-10-06T04:45:22.412747+00:00
The Doll 3,The Doll 3,2022-01-01 2026-10-06,2026-03-08,0,33,2026-10-06T04:45:22.412747+00:00
The Doll 3,The Doll 3,2022-01-01 2026-10-06,2026-03-15,0,45,2026-10-06T04:45:22.412747+00:00
The Doll 3,The Doll 3,2022-01-01 2026-10-06,2026-03-22,1,57,2026-10-06T04:45:22.412747+00:00
The Doll 3,The Doll 3,2022-01-01 2026-10-06,2026-03-29,2,42,2026-10-06T04:45:22.412747+00:00
The Doll 3,The Doll 3,2022-01-01 2026-10-06,2026-04-05,0,37,2026-10-06T04:45:22.412747+00:00
The Doll 3,The Doll 3,2022-01-01 2026-10-06,2026-04-12,1,37,2026-10-06T04:45:22.412747+00:00
The Doll 3,The Doll 3,2022-01-01 2026-10-06,2026-04-19,0,40,2026-10-06T04:45:22.412747+00:00
The Doll 3,The Doll 3,2022-01-01 2026-10-06,2026-04-26,0,42,2026-10-06T04:45:22.412747+00:00
The Doll 3,The Doll 3,2022-01-01 2026-10-06,2026-05-03,0,38,2026-10-06T04:45:22.412747+00:00
The Doll 3,The Doll 3,2022-01-01 2026-10-06,2026-05-10,0,42,2026-10-06T04:45:22.412747+00:00
The Doll 3,The Doll 3,2022-01-01 2026-10-06,2026-05-17,0,37,2026-10-06T04:45:22.412747+00:00
The Doll 3,The Doll 3,2022-01-01 2026-10-06,2026-05-24,0,44,2026-10-06T04:45:22.412747+00:00
The Doll 3,The Doll 3,2022-01-01 2026-10-06,2026-05-31,1,40,2026-10-06T04:45:22.412747+00:00
The Doll 3,The Doll 3,2022-01-01 2026-10-06,2026-06-07,0,36,2026-10-06T04:45:22.412747+00:00
The Doll 3,The Doll 3,2022-01-01 2026-10-06,2026-06-14,0,44,2026-10-06T04:45:22.412747+00:00
The Doll 3,The Doll 3,2022-01-01 2026-10-06,2026-06-21,0,43,2026-10-06T04:45:22.412747+00:00
The Doll 3,The Doll 3,2022-01-01 2026-10-06,2026-06-28,2,45,2026-10-06T04:45:22.412747+00:00
The Doll 3,The Doll 3,2022-01-01 2026-10-06,2026-07-05,0,44,2026-10-06T04:45:22.412747+00:00
The Doll 3,The Doll 3,2022-01-01 2026-10-06,2026-07-12,0,39,2026-10-06T04:45:22.412747+00:00
The Doll 3,The Doll 3,2022-01-01 2026-10-06,2026-07-19,0,37,2026-10-06T04:45:22.412747+00:00
The Doll 3,The Doll 3,2022-01-01 2026-10-06,2026-07-26,0,36,2026-10-06T04:45:22.412747+00:00
The Doll 3,The Doll 3,2022-01-01 2026-10-06,2026-08-02,0,31,2026-10-06T04:45:22.412747+00:00
The Doll 3,The Doll 3,2022-01-01 2026-10-06,2026-08-09,1,34,2026-10-06T04:45:22.412747+00:00
The Doll 3,The Doll 3,2022-01-01 2026-10-06,2026-08-16,0,40,2026-10-06T04:45:22.412747+00:00
The Doll 3,The Doll 3,2022-01-01 2026-10-06,2026-08-23,0,44,2026-10-06T04:45:22.412747+00:00
The Doll 3,The Doll 3,2022-01-01 2026-10-06,2026-08-30,0,36,2026-10-06T04:45:22.412747+00:00
The Doll 3,The Doll 3,2022-01-01 2026-10-06,2026-09-06,0,36,2026-10-06T04:45:22.412747+00:00
The Doll 3,The Doll 3,2022-01-01 2026-10-06,2026-09-13,0,35,2026-10-06T04:45:22.412747+00:00
The Doll 3,The Doll 3,2022-01-01 2026-10-06,2026-09-20,0,37,2026-10-06T04:45:22.412747+00:00
The Doll 3,The Doll 3,2022-01-01 2026-10-06,2026-09-27,0,37,2026-10-06T04:45:22.412747+00:00
The Doll 3,The Doll 3,2022-01-01 2026-10-06,2026-10-04,0,34,2026-10-06T04:45:22.412747+00:00
Suzzanna: Bernapas dalam Kubur,Suzzanna Bernapas dalam Kubur,2020-01-01 2024-12-31,2019-12-29,2,81,2026-10-06T04:46:00.229126+00:00
Suzzanna: Bernapas dalam Kubur,Suzzanna Bernapas dalam Kubur,2020-01-01 2024-12-31,2020-01-05,0,58,2026-10-06T04:46:00.229126+00:00
Suzzanna: Bernapas dalam Kubur,Suzzanna Bernapas dalam Kubur,2020-01-01 2024-12-31,2020-01-12,0,51,2026-10-06T04:46:00.229126+00:00
Suzzanna: Bernapas dalam Kubur,Suzzanna Bernapas dalam Kubur,2020-01-01 2024-12-31,2020-01-19,1,51,2026-10-06T04:46:00.229126+00:00
Suzzanna: Bernapas dalam Kubur,Suzzanna Bernapas dalam Kubur,2020-01-01 2024-12-31,2020-01-26,0,49,2026-10-06T04:46:00.229126+00:00
Suzzanna: Bernapas dalam Kubur,Suzzanna Bernapas dalam Kubur,2020-01-01 2024-12-31,2020-02-02,0,48,2026-10-06T04:46:00.229126+00:00
Suzzanna: Bernapas dalam Kubur,Suzzanna Bernapas dalam Kubur,2020-01-01 2024-12-31,2020-02-09,0,47,2026-10-06T04:46:00.229126+00:00
Suzzanna: Bernapas dalam Kubur,Suzzanna Bernapas dalam Kubur,2020-01-01 2024-12-31,2020-02-16,0,50,2026-10-06T04:46:00.229126+00:00
Suzzanna: Bernapas dalam Kubur,Suzzanna Bernapas dalam Kubur,2020-01-01 2024-12-31,2020-02-23,0,48,2026-10-06T04:46:00.229126+00:00
Suzzanna: Bernapas dalam Kubur,Suzzanna Bernapas dalam Kubur,2020-01-01 2024-12-31,2020-03-01,0,49,2026-10-06T04:46:00.229126+00:00
Suzzanna: Bernapas dalam Kubur,Suzzanna Bernapas dalam Kubur,2020-01-01 2024-12-31,2020-03-08,0,53,2026-10-06T04:46:00.229126+00:00
Suzzanna: Bernapas dalam Kubur,Suzzanna Bernapas dalam Kubur,2020-01-01 2024-12-31,2020-03-15,0,52,2026-10-06T04:46:00.229126+00:00
Suzzanna: Bernapas dalam Kubur,Suzzanna Bernapas dalam Kubur,2020-01-01 2024-12-31,2020-03-22,0,67,2026-10-06T04:46:00.229126+00:00
Suzzanna: Bernapas dalam Kubur,Suzzanna Bernapas dalam Kubur,2020-01-01 2024-12-31,2020-03-29,0,63,2026-10-06T04:46:00.229126+00:00
Suzzanna: Bernapas dalam Kubur,Suzzanna Bernapas dalam Kubur,2020-01-01 2024-12-31,2020-04-05,1,68,2026-10-06T04:46:00.229126+00:00
Suzzanna: Bernapas dalam Kubur,Suzzanna Bernapas dalam Kubur,2020-01-01 2024-12-31,2020-04-12,0,67,2026-10-06T04:46:00.229126+00:00
Suzzanna: Bernapas dalam Kubur,Suzzanna Bernapas dalam Kubur,2020-01-01 2024-12-31,2020-04-19,0,71,2026-10-06T04:46:00.229126+00:00
Suzzanna: Bernapas dalam Kubur,Suzzanna Bernapas dalam Kubur,2020-01-01 2024-12-31,2020-04-26,0,66,2026-10-06T04:46:00.229126+00:00
Suzzanna: Bernapas dalam Kubur,Suzzanna Bernapas dalam Kubur,2020-01-01 2024-12-31,2020-05-03,0,59,2026-10-06T04:46:00.229126+00:00
Suzzanna: Bernapas dalam Kubur,Suzzanna Bernapas dalam Kubur,2020-01-01 2024-12-31,2020-05-10,0,53,2026-10-06T04:46:00.229126+00:00
Suzzanna: Bernapas dalam Kubur,Suzzanna Bernapas dalam Kubur,2020-01-01 2024-12-31,2020-05-17,0,53,2026-10-06T04:46:00.229126+00:00
Suzzanna: Bernapas dalam Kubur,Suzzanna Bernapas dalam Kubur,2020-01-01 2024-12-31,2020-05-24,0,68,2026-10-06T04:46:00.229126+00:00
Suzzanna: Bernapas dalam Kubur,Suzzanna Bernapas dalam Kubur,2020-01-01 2024-12-31,2020-05-31,0,61,2026-10-06T04:46:00.229126+00:00
Suzzanna: Bernapas dalam Kubur,Suzzanna Bernapas dalam Kubur,2020-01-01 2024-12-31,2020-06-07,0,50,2026-10-06T04:46:00.229126+00:00
Suzzanna: Bernapas dalam Kubur,Suzzanna Bernapas dalam Kubur,2020-01-01 2024-12-31,2020-06-14,0,59,2026-10-06T04:46:00.229126+00:00
Suzzanna: Bernapas dalam Kubur,Suzzanna Bernapas dalam Kubur,2020-01-01 2024-12-31,2020-06-21,0,62,2026-10-06T04:46:00.229126+00:00
Suzzanna: Bernapas dalam Kubur,Suzzanna Bernapas dalam Kubur,2020-01-01 2024-12-31,2020-06-28,0,58,2026-10-06T04:46:00.229126+00:00
Suzzanna: Bernapas dalam Kubur,Suzzanna Bernapas dalam Kubur,2020-01-01 2024-12-31,2020-07-05,0,55,2026-10-06T04:46:00.229126+00:00
Suzzanna: Bernapas dalam Kubur,Suzzanna Bernapas dalam Kubur,2020-01-01 2024-12-31,2020-07-12,0,50,2026-10-06T04:46:00.229126+00:00
Suzzanna: Bernapas dalam Kubur,Suzzanna Bernapas dalam Kubur,2020-01-01 2024-12-31,2020-07-19,0,47,2026-10-06T04:46:00.229126+00:00
Suzzanna: Bernapas dalam Kubur,Suzzanna Bernapas dalam Kubur,2020-01-01 2024-12-31,2020-07-26,0,50,2026-10-06T04:46:00.229126+00:00
Suzzanna: Bernapas dalam Kubur,Suzzanna Bernapas dalam Kubur,2020-01-01 2024-12-31,2020-08-02,0,46,2026-10-06T04:46:00.229126+00:00
Suzzanna: Bernapas dalam Kubur,Suzzanna Bernapas dalam Kubur,2020-01-01 2024-12-31,2020-08-09,0,49,2026-10-06T04:46:00.229126+00:00
Suzzanna: Bernapas dalam Kubur,Suzzanna Bernapas dalam Kubur,2020-01-01 2024-12-31,2020-08-16,0,60,2026-10-06T04:46:00.229126+00:00
Suzzanna: Bernapas dalam Kubur,Suzzanna Bernapas dalam Kubur,2020-01-01 2024-12-31,2020-08-23,0,52,2026-10-06T04:46:00.229126+00:00
Suzzanna: Bernapas dalam Kubur,Suzzanna Bernapas dalam Kubur,2020-01-01 2024-12-31,2020-08-30,0,46,2026-10-06T04:46:00.229126+00:00
Suzzanna: Bernapas dalam Kubur,Suzzanna Bernapas dalam Kubur,2020-01-01 2024-12-31,2020-09-06,0,47,2026-10-06T04:46:00.229126+00:00
Suzzanna: Bernapas dalam Kubur,Suzzanna Bernapas dalam Kubur,2020-01-01 2024-12-31,2020-09-13,0,46,2026-10-06T04:46:00.229126+00:00
Suzzanna: Bernapas dalam Kubur,Suzzanna Bernapas dalam Kubur,2020-01-01 2024-12-31,2020-09-20,0,42,2026-10-06T04:46:00.229126+00:00
Suzzanna: Bernapas dalam Kubur,Suzzanna Bernapas dalam Kubur,2020-01-01 2024-12-31,2020-09-27,0,41,2026-10-06T04:46:00.229126+00:00
Suzzanna: Bernapas dalam Kubur,Suzzanna Bernapas dalam Kubur,2020-01-01 2024-12-31,2020-10-04,0,41,2026-10-06T04:46:00.229126+00:00
Suzzanna: Bernapas dalam Kubur,Suzzanna Bernapas dalam Kubur,2020-01-01 2024-12-31,2020-10-11,0,42,2026-10-06T04:46:00.229126+00:00
Suzzanna: Bernapas dalam Kubur,Suzzanna Bernapas dalam Kubur,2020-01-01 2024-12-31,2020-10-18,0,42,2026-10-06T04:46:00.229126+00:00
Suzzanna: Bernapas dalam Kubur,Suzzanna Bernapas dalam Kubur,2020-01-01 2024-12-31,2020-10-25,0,54,2026-10-06T04:46:00.229126+00:00
Suzzanna: Bernapas dalam Kubur,Suzzanna Bernapas dalam Kubur,2020-01-01 2024-12-31,2020-11-01,0,44,2026-10-06T04:46:00.229126+00:00
Suzzanna: Bernapas dalam Kubur,Suzzanna Bernapas dalam Kubur,2020-01-01 2024-12-31,2020-11-08,0,45,2026-10-06T04:46:00.229126+00:00
Suzzanna: Bernapas dalam Kubur,Suzzanna Bernapas dalam Kubur,2020-01-01 2024-12-31,2020-11-15,0,43,2026-10-06T04:46:00.229126+00:00
Suzzanna: Bernapas dalam Kubur,Suzzanna Bernapas dalam Kubur,2020-01-01 2024-12-31,2020-11-22,0,44,2026-10-06T04:46:00.229126+00:00
Suzzanna: Bernapas dalam Kubur,Suzzanna Bernapas dalam Kubur,2020-01-01 2024-12-31,2020-11-29,0,42,2026-10-06T04:46:00.229126+00:00
Suzzanna: Bernapas dalam Kubur,Suzzanna Bernapas dalam Kubur,2020-01-01 2024-12-31,2020-12-06,0,46,2026-10-06T04:46:00.229126+00:00
Suzzanna: Bernapas dalam Kubur,Suzzanna Bernapas dalam Kubur,2020-01-01 2024-12-31,2020-12-13,0,51,2026-10-06T04:46:00.229126+00:00
Suzzanna: Bernapas dalam Kubur,Suzzanna Bernapas dalam Kubur,2020-01-01 2024-12-31,2020-12-20,0,65,2026-10-06T04:46:00.229126+00:00
Suzzanna: Bernapas dalam Kubur,Suzzanna Bernapas dalam Kubur,2020-01-01 2024-12-31,2020-12-27,0,88,2026-10-06T04:46:00.229126+00:00
Suzzanna: Bernapas dalam Kubur,Suzzanna Bernapas dalam Kubur,2020-01-01 2024-12-31,2021-01-03,0,55,2026-10-06T04:46:00.229126+00:00
Suzzanna: Bernapas dalam Kubur,Suzzanna Bernapas dalam Kubur,2020-01-01 2024-12-31,2021-01-10,0,45,2026-10-06T04:46:00.229126+00:00
Suzzanna: Bernapas dalam Kubur,Suzzanna Bernapas dalam Kubur,2020-01-01 2024-12-31,2021-01-17,0,45,2026-10-06T04:46:00.229126+00:00
Suzzanna: Bernapas dalam Kubur,Suzzanna Bernapas dalam Kubur,2020-01-01 2024-12-31,2021-01-24,0,45,2026-10-06T04:46:00.229126+00:00
Suzzanna: Bernapas dalam Kubur,Suzzanna Bernapas dalam Kubur,2020-01-01 2024-12-31,2021-01-31,0,41,2026-10-06T04:46:00.229126+00:00
Suzzanna: Bernapas dalam Kubur,Suzzanna Bernapas dalam Kubur,2020-01-01 2024-12-31,2021-02-07,0,43,2026-10-06T04:46:00.229126+00:00
Suzzanna: Bernapas dalam Kubur,Suzzanna Bernapas dalam Kubur,2020-01-01 2024-12-31,2021-02-14,0,41,2026-10-06T04:46:00.229126+00:00
Suzzanna: Bernapas dalam Kubur,Suzzanna Bernapas dalam Kubur,2020-01-01 2024-12-31,2021-02-21,0,39,2026-10-06T04:46:00.229126+00:00
Suzzanna: Bernapas dalam Kubur,Suzzanna Bernapas dalam Kubur,2020-01-01 2024-12-31,2021-02-28,0,37,2026-10-06T04:46:00.229126+00:00
Suzzanna: Bernapas dalam Kubur,Suzzanna Bernapas dalam Kubur,2020-01-01 2024-12-31,2021-03-07,0,40,2026-10-06T04:46:00.229126+00:00
Suzzanna: Bernapas dalam Kubur,Suzzanna Bernapas dalam Kubur,2020-01-01 2024-12-31,2021-03-14,0,37,2026-10-06T04:46:00.229126+00:00
Suzzanna: Bernapas dalam Kubur,Suzzanna Bernapas dalam Kubur,2020-01-01 2024-12-31,2021-03-21,0,37,2026-10-06T04:46:00.229126+00:00
Suzzanna: Bernapas dalam Kubur,Suzzanna Bernapas dalam Kubur,2020-01-01 2024-12-31,2021-03-28,0,40,2026-10-06T04:46:00.229126+00:00
Suzzanna: Bernapas dalam Kubur,Suzzanna Bernapas dalam Kubur,2020-01-01 2024-12-31,2021-04-04,0,41,2026-10-06T04:46:00.229126+00:00
Suzzanna: Bernapas dalam Kubur,Suzzanna Bernapas dalam Kubur,2020-01-01 2024-12-31,2021-04-11,0,43,2026-10-06T04:46:00.229126+00:00
Suzzanna: Bernapas dalam Kubur,Suzzanna Bernapas dalam Kubur,2020-01-01 2024-12-31,2021-04-18,1,42,2026-10-06T04:46:00.229126+00:00
Suzzanna: Bernapas dalam Kubur,Suzzanna Bernapas dalam Kubur,2020-01-01 2024-12-31,2021-04-25,0,40,2026-10-06T04:46:00.229126+00:00
Suzzanna: Bernapas dalam Kubur,Suzzanna Bernapas dalam Kubur,2020-01-01 2024-12-31,2021-05-02,0,40,2026-10-06T04:46:00.229126+00:00
Suzzanna: Bernapas dalam Kubur,Suzzanna Bernapas dalam Kubur,2020-01-01 2024-12-31,2021-05-09,0,51,2026-10-06T04:46:00.229126+00:00
Suzzanna: Bernapas dalam Kubur,Suzzanna Bernapas dalam Kubur,2020-01-01 2024-12-31,2021-05-16,0,49,2026-10-06T04:46:00.229126+00:00
Suzzanna: Bernapas dalam Kubur,Suzzanna Bernapas dalam Kubur,2020-01-01 2024-12-31,2021-05-23,0,42,2026-10-06T04:46:00.229126+00:00
Suzzanna: Bernapas dalam Kubur,Suzzanna Bernapas dalam Kubur,2020-01-01 2024-12-31,2021-05-30,0,46,2026-10-06T04:46:00.229126+00:00
Suzzanna: Bernapas dalam Kubur,Suzzanna Bernapas dalam Kubur,2020-01-01 2024-12-31,2021-06-06,0,46,2026-10-06T04:46:00.229126+00:00
Suzzanna: Bernapas dalam Kubur,Suzzanna Bernapas dalam Kubur,2020-01-01 2024-12-31,2021-06-13,0,49,2026-10-06T04:46:00.229126+00:00
Suzzanna: Bernapas dalam Kubur,Suzzanna Bernapas dalam Kubur,2020-01-01 2024-12-31,2021-06-20,0,51,2026-10-06T04:46:00.229126+00:00
Suzzanna: Bernapas dalam Kubur,Suzzanna Bernapas dalam Kubur,2020-01-01 2024-12-31,2021-06-27,0,52,2026-10-06T04:46:00.229126+00:00
Suzzanna: Bernapas dalam Kubur,Suzzanna Bernapas dalam Kubur,2020-01-01 2024-12-31,2021-07-04,0,51,2026-10-06T04:46:00.229126+00:00
Suzzanna: Bernapas dalam Kubur,Suzzanna Bernapas dalam Kubur,2020-01-01 2024-12-31,2021-07-11,0,49,2026-10-06T04:46:00.229126+00:00
Suzzanna: Bernapas dalam Kubur,Suzzanna Bernapas dalam Kubur,2020-01-01 2024-12-31,2021-07-18,0,49,2026-10-06T04:46:00.229126+00:00
Suzzanna: Bernapas dalam Kubur,Suzzanna Bernapas dalam Kubur,2020-01-01 2024-12-31,2021-07-25,0,40,2026-10-06T04:46:00.229126+00:00
Suzzanna: Bernapas dalam Kubur,Suzzanna Bernapas dalam Kubur,2020-01-01 2024-12-31,2021-08-01,0,39,2026-10-06T04:46:00.229126+00:00
Suzzanna: Bernapas dalam Kubur,Suzzanna Bernapas dalam Kubur,2020-01-01 2024-12-31,2021-08-08,0,41,2026-10-06T04:46:00.229126+00:00
Suzzanna: Bernapas dalam Kubur,Suzzanna Bernapas dalam Kubur,2020-01-01 2024-12-31,2021-08-15,0,44,2026-10-06T04:46:00.229126+00:00
Suzzanna: Bernapas dalam Kubur,Suzzanna Bernapas dalam Kubur,2020-01-01 2024-12-31,2021-08-22,0,42,2026-10-06T04:46:00.229126+00:00
Suzzanna: Bernapas dalam Kubur,Suzzanna Bernapas dalam Kubur,2020-01-01 2024-12-31,2021-08-29,0,46,2026-10-06T04:46:00.229126+00:00
Suzzanna: Bernapas dalam Kubur,Suzzanna Bernapas dalam Kubur,2020-01-01 2024-12-31,2021-09-05,0,40,2026-10-06T04:46:00.229126+00:00
Suzzanna: Bernapas dalam Kubur,Suzzanna Bernapas dalam Kubur,2020-01-01 2024-12-31,2021-09-12,0,39,2026-10-06T04:46:00.229126+00:00
Suzzanna: Bernapas dalam Kubur,Suzzanna Bernapas dalam Kubur,2020-01-01 2024-12-31,2021-09-19,0,34,2026-10-06T04:46:00.229126+00:00
Suzzanna: Bernapas dalam Kubur,Suzzanna Bernapas dalam Kubur,2020-01-01 2024-12-31,2021-09-26,0,35,2026-10-06T04:46:00.229126+00:00
Suzzanna: Bernapas dalam Kubur,Suzzanna Bernapas dalam Kubur,2020-01-01 2024-12-31,2021-10-03,0,37,2026-10-06T04:46:00.229126+00:00
Suzzanna: Bernapas dalam Kubur,Suzzanna Bernapas dalam Kubur,2020-01-01 2024-12-31,2021-10-10,0,39,2026-10-06T04:46:00.229126+00:00
Suzzanna: Bernapas dalam Kubur,Suzzanna Bernapas dalam Kubur,2020-01-01 2024-12-31,2021-10-17,0,43,2026-10-06T04:46:00.229126+00:00
Suzzanna: Bernapas dalam Kubur,Suzzanna Bernapas dalam Kubur,2020-01-01 2024-12-31,2021-10-24,0,40,2026-10-06T04:46:00.229126+00:00
Suzzanna: Bernapas dalam Kubur,Suzzanna Bernapas dalam Kubur,2020-01-01 2024-12-31,2021-10-31,0,50,2026-10-06T04:46:00.229126+00:00
Suzzanna: Bernapas dalam Kubur,Suzzanna Bernapas dalam Kubur,2020-01-01 2024-12-31,2021-11-07,0,46,2026-10-06T04:46:00.229126+00:00
Suzzanna: Bernapas dalam Kubur,Suzzanna Bernapas dalam Kubur,2020-01-01 2024-12-31,2021-11-14,0,52,2026-10-06T04:46:00.229126+00:00
Suzzanna: Bernapas dalam Kubur,Suzzanna Bernapas dalam Kubur,2020-01-01 2024-12-31,2021-11-21,0,50,2026-10-06T04:46:00.229126+00:00
Suzzanna: Bernapas dalam Kubur,Suzzanna Bernapas dalam Kubur,2020-01-01 2024-12-31,2021-11-28,0,40,2026-10-06T04:46:00.229126+00:00
Suzzanna: Bernapas dalam Kubur,Suzzanna Bernapas dalam Kubur,2020-01-01 2024-12-31,2021-12-05,0,45,2026-10-06T04:46:00.229126+00:00
Suzzanna: Bernapas dalam Kubur,Suzzanna Bernapas dalam Kubur,2020-01-01 2024-12-31,2021-12-12,0,49,2026-10-06T04:46:00.229126+00:00
Suzzanna: Bernapas dalam Kubur,Suzzanna Bernapas dalam Kubur,2020-01-01 2024-12-31,2021-12-19,0,59,2026-10-06T04:46:00.229126+00:00
Suzzanna: Bernapas dalam Kubur,Suzzanna Bernapas dalam Kubur,2020-01-01 2024-12-31,2021-12-26,0,79,2026-10-06T04:46:00.229126+00:00
Suzzanna: Bernapas dalam Kubur,Suzzanna Bernapas dalam Kubur,2020-01-01 2024-12-31,2022-01-02,0,62,2026-10-06T04:46:00.229126+00:00
Suzzanna: Bernapas dalam Kubur,Suzzanna Bernapas dalam Kubur,2020-01-01 2024-12-31,2022-01-09,0,66,2026-10-06T04:46:00.229126+00:00
Suzzanna: Bernapas dalam Kubur,Suzzanna Bernapas dalam Kubur,2020-01-01 2024-12-31,2022-01-16,0,49,2026-10-06T04:46:00.229126+00:00
Suzzanna: Bernapas dalam Kubur,Suzzanna Bernapas dalam Kubur,2020-01-01 2024-12-31,2022-01-23,0,51,2026-10-06T04:46:00.229126+00:00
Suzzanna: Bernapas dalam Kubur,Suzzanna Bernapas dalam Kubur,2020-01-01 2024-12-31,2022-01-30,0,50,2026-10-06T04:46:00.229126+00:00
Suzzanna: Bernapas dalam Kubur,Suzzanna Bernapas dalam Kubur,2020-01-01 2024-12-31,2022-02-06,0,49,2026-10-06T04:46:00.229126+00:00
Suzzanna: Bernapas dalam Kubur,Suzzanna Bernapas dalam Kubur,2020-01-01 2024-12-31,2022-02-13,0,54,2026-10-06T04:46:00.229126+00:00
Suzzanna: Bernapas dalam Kubur,Suzzanna Bernapas dalam Kubur,2020-01-01 2024-12-31,2022-02-20,0,50,2026-10-06T04:46:00.229126+00:00
Suzzanna: Bernapas dalam Kubur,Suzzanna Bernapas dalam Kubur,2020-01-01 2024-12-31,2022-02-27,0,55,2026-10-06T04:46:00.229126+00:00
Suzzanna: Bernapas dalam Kubur,Suzzanna Bernapas dalam Kubur,2020-01-01 2024-12-31,2022-03-06,0,41,2026-10-06T04:46:00.229126+00:00
Suzzanna: Bernapas dalam Kubur,Suzzanna Bernapas dalam Kubur,2020-01-01 2024-12-31,2022-03-13,0,43,2026-10-06T04:46:00.229126+00:00
Suzzanna: Bernapas dalam Kubur,Suzzanna Bernapas dalam Kubur,2020-01-01 2024-12-31,2022-03-20,0,46,2026-10-06T04:46:00.229126+00:00
Suzzanna: Bernapas dalam Kubur,Suzzanna Bernapas dalam Kubur,2020-01-01 2024-12-31,2022-03-27,0,43,2026-10-06T04:46:00.229126+00:00
Suzzanna: Bernapas dalam Kubur,Suzzanna Bernapas dalam Kubur,2020-01-01 2024-12-31,2022-04-03,1,45,2026-10-06T04:46:00.229126+00:00
Suzzanna: Bernapas dalam Kubur,Suzzanna Bernapas dalam Kubur,2020-01-01 2024-12-31,2022-04-10,1,47,2026-10-06T04:46:00.229126+00:00
Suzzanna: Bernapas dalam Kubur,Suzzanna Bernapas dalam Kubur,2020-01-01 2024-12-31,2022-04-17,0,51,2026-10-06T04:46:00.229126+00:00
Suzzanna: Bernapas dalam Kubur,Suzzanna Bernapas dalam Kubur,2020-01-01 2024-12-31,2022-04-24,0,55,2026-10-06T04:46:00.229126+00:00
Suzzanna: Bernapas dalam Kubur,Suzzanna Bernapas dalam Kubur,2020-01-01 2024-12-31,2022-05-01,0,98,2026-10-06T04:46:00.229126+00:00
Suzzanna: Bernapas dalam Kubur,Suzzanna Bernapas dalam Kubur,2020-01-01 2024-12-31,2022-05-08,0,75,2026-10-06T04:46:00.229126+00:00
Suzzanna: Bernapas dalam Kubur,Suzzanna Bernapas dalam Kubur,2020-01-01 2024-12-31,2022-05-15,0,62,2026-10-06T04:46:00.229126+00:00
Suzzanna: Bernapas dalam Kubur,Suzzanna Bernapas dalam Kubur,2020-01-01 2024-12-31,2022-05-22,0,58,2026-10-06T04:46:00.229126+00:00
Suzzanna: Bernapas dalam Kubur,Suzzanna Bernapas dalam Kubur,2020-01-01 2024-12-31,2022-05-29,0,53,2026-10-06T04:46:00.229126+00:00
Suzzanna: Bernapas dalam Kubur,Suzzanna Bernapas dalam Kubur,2020-01-01 2024-12-31,2022-06-05,0,48,2026-10-06T04:46:00.229126+00:00
Suzzanna: Bernapas dalam Kubur,Suzzanna Bernapas dalam Kubur,2020-01-01 2024-12-31,2022-06-12,0,50,2026-10-06T04:46:00.229126+00:00
Suzzanna: Bernapas dalam Kubur,Suzzanna Bernapas dalam Kubur,2020-01-01 2024-12-31,2022-06-19,0,59,2026-10-06T04:46:00.229126+00:00
Suzzanna: Bernapas dalam Kubur,Suzzanna Bernapas dalam Kubur,2020-01-01 2024-12-31,2022-06-26,0,56,2026-10-06T04:46:00.229126+00:00
Suzzanna: Bernapas dalam Kubur,Suzzanna Bernapas dalam Kubur,2020-01-01 2024-12-31,2022-07-03,0,54,2026-10-06T04:46:00.229126+00:00
Suzzanna: Bernapas dalam Kubur,Suzzanna Bernapas dalam Kubur,2020-01-01 2024-12-31,2022-07-10,0,59,2026-10-06T04:46:00.229126+00:00
Suzzanna: Bernapas dalam Kubur,Suzzanna Bernapas dalam Kubur,2020-01-01 2024-12-31,2022-07-17,0,54,2026-10-06T04:46:00.229126+00:00
Suzzanna: Bernapas dalam Kubur,Suzzanna Bernapas dalam Kubur,2020-01-01 2024-12-31,2022-07-24,0,47,2026-10-06T04:46:00.229126+00:00
Suzzanna: Bernapas dalam Kubur,Suzzanna Bernapas dalam Kubur,2020-01-01 2024-12-31,2022-07-31,0,54,2026-10-06T04:46:00.229126+00:00
Suzzanna: Bernapas dalam Kubur,Suzzanna Bernapas dalam Kubur,2020-01-01 2024-12-31,2022-08-07,0,52,2026-10-06T04:46:00.229126+00:00
Suzzanna: Bernapas dalam Kubur,Suzzanna Bernapas dalam Kubur,2020-01-01 2024-12-31,2022-08-14,0,54,2026-10-06T04:46:00.229126+00:00
Suzzanna: Bernapas dalam Kubur,Suzzanna Bernapas dalam Kubur,2020-01-01 2024-12-31,2022-08-21,0,48,2026-10-06T04:46:00.229126+00:00
Suzzanna: Bernapas dalam Kubur,Suzzanna Bernapas dalam Kubur,2020-01-01 2024-12-31,2022-08-28,0,46,2026-10-06T04:46:00.229126+00:00
Suzzanna: Bernapas dalam Kubur,Suzzanna Bernapas dalam Kubur,2020-01-01 2024-12-31,2022-09-04,0,47,2026-10-06T04:46:00.229126+00:00
Suzzanna: Bernapas dalam Kubur,Suzzanna Bernapas dalam Kubur,2020-01-01 2024-12-31,2022-09-11,0,42,2026-10-06T04:46:00.229126+00:00
Suzzanna: Bernapas dalam Kubur,Suzzanna Bernapas dalam Kubur,2020-01-01 2024-12-31,2022-09-18,0,42,2026-10-06T04:46:00.229126+00:00
Suzzanna: Bernapas dalam Kubur,Suzzanna Bernapas dalam Kubur,2020-01-01 2024-12-31,2022-09-25,0,41,2026-10-06T04:46:00.229126+00:00
Suzzanna: Bernapas dalam Kubur,Suzzanna Bernapas dalam Kubur,2020-01-01 2024-12-31,2022-10-02,0,46,2026-10-06T04:46:00.229126+00:00
Suzzanna: Bernapas dalam Kubur,Suzzanna Bernapas dalam Kubur,2020-01-01 2024-12-31,2022-10-09,0,54,2026-10-06T04:46:00.229126+00:00
Suzzanna: Bernapas dalam Kubur,Suzzanna Bernapas dalam Kubur,2020-01-01 2024-12-31,2022-10-16,0,53,2026-10-06T04:46:00.229126+00:00
Suzzanna: Bernapas dalam Kubur,Suzzanna Bernapas dalam Kubur,2020-01-01 2024-12-31,2022-10-23,0,48,2026-10-06T04:46:00.229126+00:00
Suzzanna: Bernapas dalam Kubur,Suzzanna Bernapas dalam Kubur,2020-01-01 2024-12-31,2022-10-30,0,50,2026-10-06T04:46:00.229126+00:00
Suzzanna: Bernapas dalam Kubur,Suzzanna Bernapas dalam Kubur,2020-01-01 2024-12-31,2022-11-06,0,52,2026-10-06T04:46:00.229126+00:00
Suzzanna: Bernapas dalam Kubur,Suzzanna Bernapas dalam Kubur,2020-01-01 2024-12-31,2022-11-13,0,53,2026-10-06T04:46:00.229126+00:00
Suzzanna: Bernapas dalam Kubur,Suzzanna Bernapas dalam Kubur,2020-01-01 2024-12-31,2022-11-20,0,44,2026-10-06T04:46:00.229126+00:00
Suzzanna: Bernapas dalam Kubur,Suzzanna Bernapas dalam Kubur,2020-01-01 2024-12-31,2022-11-27,0,43,2026-10-06T04:46:00.229126+00:00
Suzzanna: Bernapas dalam Kubur,Suzzanna Bernapas dalam Kubur,2020-01-01 2024-12-31,2022-12-04,0,41,2026-10-06T04:46:00.229126+00:00
Suzzanna: Bernapas dalam Kubur,Suzzanna Bernapas dalam Kubur,2020-01-01 2024-12-31,2022-12-11,0,52,2026-10-06T04:46:00.229126+00:00
Suzzanna: Bernapas dalam Kubur,Suzzanna Bernapas dalam Kubur,2020-01-01 2024-12-31,2022-12-18,0,58,2026-10-06T04:46:00.229126+00:00
Suzzanna: Bernapas dalam Kubur,Suzzanna Bernapas dalam Kubur,2020-01-01 2024-12-31,2022-12-25,0,100,2026-10-06T04:46:00.229126+00:00
Suzzanna: Bernapas dalam Kubur,Suzzanna Bernapas dalam Kubur,2020-01-01 2024-12-31,2023-01-01,0,63,2026-10-06T04:46:00.229126+00:00
Suzzanna: Bernapas dalam Kubur,Suzzanna Bernapas dalam Kubur,2020-01-01 2024-12-31,2023-01-08,0,50,2026-10-06T04:46:00.229126+00:00
Suzzanna: Bernapas dalam Kubur,Suzzanna Bernapas dalam Kubur,2020-01-01 2024-12-31,2023-01-15,0,48,2026-10-06T04:46:00.229126+00:00
Suzzanna: Bernapas dalam Kubur,Suzzanna Bernapas dalam Kubur,2020-01-01 2024-12-31,2023-01-22,0,55,2026-10-06T04:46:00.229126+00:00
Suzzanna: Bernapas dalam Kubur,Suzzanna Bernapas dalam Kubur,2020-01-01 2024-12-31,2023-01-29,0,48,2026-10-06T04:46:00.229126+00:00
Suzzanna: Bernapas dalam Kubur,Suzzanna Bernapas dalam Kubur,2020-01-01 2024-12-31,2023-02-05,0,51,2026-10-06T04:46:00.229126+00:00
Suzzanna: Bernapas dalam Kubur,Suzzanna Bernapas dalam Kubur,2020-01-01 2024-12-31,2023-02-12,0,55,2026-10-06T04:46:00.229126+00:00
Suzzanna: Bernapas dalam Kubur,Suzzanna Bernapas dalam Kubur,2020-01-01 2024-12-31,2023-02-19,0,50,2026-10-06T04:46:00.229126+00:00
Suzzanna: Bernapas dalam Kubur,Suzzanna Bernapas dalam Kubur,2020-01-01 2024-12-31,2023-02-26,0,50,2026-10-06T04:46:00.229126+00:00
Suzzanna: Bernapas dalam Kubur,Suzzanna Bernapas dalam Kubur,2020-01-01 2024-12-31,2023-03-05,0,46,2026-10-06T04:46:00.229126+00:00
Suzzanna: Bernapas dalam Kubur,Suzzanna Bernapas dalam Kubur,2020-01-01 2024-12-31,2023-03-12,0,46,2026-10-06T04:46:00.229126+00:00
Suzzanna: Bernapas dalam Kubur,Suzzanna Bernapas dalam Kubur,2020-01-01 2024-12-31,2023-03-19,0,56,2026-10-06T04:46:00.229126+00:00
Suzzanna: Bernapas dalam Kubur,Suzzanna Bernapas dalam Kubur,2020-01-01 2024-12-31,2023-03-26,0,46,2026-10-06T04:46:00.229126+00:00
Suzzanna: Bernapas dalam Kubur,Suzzanna Bernapas dalam Kubur,2020-01-01 2024-12-31,2023-04-02,0,49,2026-10-06T04:46:00.229126+00:00
Suzzanna: Bernapas dalam Kubur,Suzzanna Bernapas dalam Kubur,2020-01-01 2024-12-31,2023-04-09,0,46,2026-10-06T04:46:00.229126+00:00
Suzzanna: Bernapas dalam Kubur,Suzzanna Bernapas dalam Kubur,2020-01-01 2024-12-31,2023-04-16,0,59,2026-10-06T04:46:00.229126+00:00
Suzzanna: Bernapas dalam Kubur,Suzzanna Bernapas dalam Kubur,2020-01-01 2024-12-31,2023-04-23,0,83,2026-10-06T04:46:00.229126+00:00
Suzzanna: Bernapas dalam Kubur,Suzzanna Bernapas dalam Kubur,2020-01-01 2024-12-31,2023-04-30,0,68,2026-10-06T04:46:00.229126+00:00
Suzzanna: Bernapas dalam Kubur,Suzzanna Bernapas dalam Kubur,2020-01-01 2024-12-31,2023-05-07,0,57,2026-10-06T04:46:00.229126+00:00
Suzzanna: Bernapas dalam Kubur,Suzzanna Bernapas dalam Kubur,2020-01-01 2024-12-31,2023-05-14,0,61,2026-10-06T04:46:00.229126+00:00
Suzzanna: Bernapas dalam Kubur,Suzzanna Bernapas dalam Kubur,2020-01-01 2024-12-31,2023-05-21,1,58,2026-10-06T04:46:00.229126+00:00
Suzzanna: Bernapas dalam Kubur,Suzzanna Bernapas dalam Kubur,2020-01-01 2024-12-31,2023-05-28,0,54,2026-10-06T04:46:00.229126+00:00
Suzzanna: Bernapas dalam Kubur,Suzzanna Bernapas dalam Kubur,2020-01-01 2024-12-31,2023-06-04,0,48,2026-10-06T04:46:00.229126+00:00
Suzzanna: Bernapas dalam Kubur,Suzzanna Bernapas dalam Kubur,2020-01-01 2024-12-31,2023-06-11,0,50,2026-10-06T04:46:00.229126+00:00
Suzzanna: Bernapas dalam Kubur,Suzzanna Bernapas dalam Kubur,2020-01-01 2024-12-31,2023-06-18,0,55,2026-10-06T04:46:00.229126+00:00
Suzzanna: Bernapas dalam Kubur,Suzzanna Bernapas dalam Kubur,2020-01-01 2024-12-31,2023-06-25,1,64,2026-10-06T04:46:00.229126+00:00
Suzzanna: Bernapas dalam Kubur,Suzzanna Bernapas dalam Kubur,2020-01-01 2024-12-31,2023-07-02,0,55,2026-10-06T04:46:00.229126+00:00
Suzzanna: Bernapas dalam Kubur,Suzzanna Bernapas dalam Kubur,2020-01-01 2024-12-31,2023-07-09,1,59,2026-10-06T04:46:00.229126+00:00
Suzzanna: Bernapas dalam Kubur,Suzzanna Bernapas dalam Kubur,2020-01-01 2024-12-31,2023-07-16,0,59,2026-10-06T04:46:00.229126+00:00
Suzzanna: Bernapas dalam Kubur,Suzzanna Bernapas dalam Kubur,2020-01-01 2024-12-31,2023-07-23,1,50,2026-10-06T04:46:00.229126+00:00
Suzzanna: Bernapas dalam Kubur,Suzzanna Bernapas dalam Kubur,2020-01-01 2024-12-31,2023-07-30,2,47,2026-10-06T04:46:00.229126+00:00
Suzzanna: Bernapas dalam Kubur,Suzzanna Bernapas dalam Kubur,2020-01-01 2024-12-31,2023-08-06,2,51,2026-10-06T04:46:00.229126+00:00
Suzzanna: Bernapas dalam Kubur,Suzzanna Bernapas dalam Kubur,2020-01-01 2024-12-31,2023-08-13,1,53,2026-10-06T04:46:00.229126+00:00
Suzzanna: Bernapas dalam Kubur,Suzzanna Bernapas dalam Kubur,2020-01-01 2024-12-31,2023-08-20,1,48,2026-10-06T04:46:00.229126+00:00
Suzzanna: Bernapas dalam Kubur,Suzzanna Bernapas dalam Kubur,2020-01-01 2024-12-31,2023-08-27,1,50,2026-10-06T04:46:00.229126+00:00
Suzzanna: Bernapas dalam Kubur,Suzzanna Bernapas dalam Kubur,2020-01-01 2024-12-31,2023-09-03,1,55,2026-10-06T04:46:00.229126+00:00
Suzzanna: Bernapas dalam Kubur,Suzzanna Bernapas dalam Kubur,2020-01-01 2024-12-31,2023-09-10,0,50,2026-10-06T04:46:00.229126+00:00
Suzzanna: Bernapas dalam Kubur,Suzzanna Bernapas dalam Kubur,2020-01-01 2024-12-31,2023-09-17,0,52,2026-10-06T04:46:00.229126+00:00
Suzzanna: Bernapas dalam Kubur,Suzzanna Bernapas dalam Kubur,2020-01-01 2024-12-31,2023-09-24,0,54,2026-10-06T04:46:00.229126+00:00
Suzzanna: Bernapas dalam Kubur,Suzzanna Bernapas dalam Kubur,2020-01-01 2024-12-31,2023-10-01,0,57,2026-10-06T04:46:00.229126+00:00
Suzzanna: Bernapas dalam Kubur,Suzzanna Bernapas dalam Kubur,2020-01-01 2024-12-31,2023-10-08,0,58,2026-10-06T04:46:00.229126+00:00
Suzzanna: Bernapas dalam Kubur,Suzzanna Bernapas dalam Kubur,2020-01-01 2024-12-31,2023-10-15,0,55,2026-10-06T04:46:00.229126+00:00
Suzzanna: Bernapas dalam Kubur,Suzzanna Bernapas dalam Kubur,2020-01-01 2024-12-31,2023-10-22,0,57,2026-10-06T04:46:00.229126+00:00
Suzzanna: Bernapas dalam Kubur,Suzzanna Bernapas dalam Kubur,2020-01-01 2024-12-31,2023-10-29,0,56,2026-10-06T04:46:00.229126+00:00
Suzzanna: Bernapas dalam Kubur,Suzzanna Bernapas dalam Kubur,2020-01-01 2024-12-31,2023-11-05,0,54,2026-10-06T04:46:00.229126+00:00
Suzzanna: Bernapas dalam Kubur,Suzzanna Bernapas dalam Kubur,2020-01-01 2024-12-31,2023-11-12,0,54,2026-10-06T04:46:00.229126+00:00
Suzzanna: Bernapas dalam Kubur,Suzzanna Bernapas dalam Kubur,2020-01-01 2024-12-31,2023-11-19,0,52,2026-10-06T04:46:00.229126+00:00
Suzzanna: Bernapas dalam Kubur,Suzzanna Bernapas dalam Kubur,2020-01-01 2024-12-31,2023-11-26,0,49,2026-10-06T04:46:00.229126+00:00
Suzzanna: Bernapas dalam Kubur,Suzzanna Bernapas dalam Kubur,2020-01-01 2024-12-31,2023-12-03,0,50,2026-10-06T04:46:00.229126+00:00
Suzzanna: Bernapas dalam Kubur,Suzzanna Bernapas dalam Kubur,2020-01-01 2024-12-31,2023-12-10,1,58,2026-10-06T04:46:00.229126+00:00
Suzzanna: Bernapas dalam Kubur,Suzzanna Bernapas dalam Kubur,2020-01-01 2024-12-31,2023-12-17,0,60,2026-10-06T04:46:00.229126+00:00
Suzzanna: Bernapas dalam Kubur,Suzzanna Bernapas dalam Kubur,2020-01-01 2024-12-31,2023-12-24,0,88,2026-10-06T04:46:00.229126+00:00
Suzzanna: Bernapas dalam Kubur,Suzzanna Bernapas dalam Kubur,2020-01-01 2024-12-31,2023-12-31,0,67,2026-10-06T04:46:00.229126+00:00
Suzzanna: Bernapas dalam Kubur,Suzzanna Bernapas dalam Kubur,2020-01-01 2024-12-31,2024-01-07,0,51,2026-10-06T04:46:00.229126+00:00
Suzzanna: Bernapas dalam Kubur,Suzzanna Bernapas dalam Kubur,2020-01-01 2024-12-31,2024-01-14,0,49,2026-10-06T04:46:00.229126+00:00
Suzzanna: Bernapas dalam Kubur,Suzzanna Bernapas dalam Kubur,2020-01-01 2024-12-31,2024-01-21,0,50,2026-10-06T04:46:00.229126+00:00
Suzzanna: Bernapas dalam Kubur,Suzzanna Bernapas dalam Kubur,2020-01-01 2024-12-31,2024-01-28,0,53,2026-10-06T04:46:00.229126+00:00
Suzzanna: Bernapas dalam Kubur,Suzzanna Bernapas dalam Kubur,2020-01-01 2024-12-31,2024-02-04,0,57,2026-10-06T04:46:00.229126+00:00
Suzzanna: Bernapas dalam Kubur,Suzzanna Bernapas dalam Kubur,2020-01-01 2024-12-31,2024-02-11,0,53,2026-10-06T04:46:00.229126+00:00
Suzzanna: Bernapas dalam Kubur,Suzzanna Bernapas dalam Kubur,2020-01-01 2024-12-31,2024-02-18,0,49,2026-10-06T04:46:00.229126+00:00
Suzzanna: Bernapas dalam Kubur,Suzzanna Bernapas dalam Kubur,2020-01-01 2024-12-31,2024-02-25,0,54,2026-10-06T04:46:00.229126+00:00
Suzzanna: Bernapas dalam Kubur,Suzzanna Bernapas dalam Kubur,2020-01-01 2024-12-31,2024-03-03,0,51,2026-10-06T04:46:00.229126+00:00
Suzzanna: Bernapas dalam Kubur,Suzzanna Bernapas dalam Kubur,2020-01-01 2024-12-31,2024-03-10,0,56,2026-10-06T04:46:00.229126+00:00
Suzzanna: Bernapas dalam Kubur,Suzzanna Bernapas dalam Kubur,2020-01-01 2024-12-31,2024-03-17,0,47,2026-10-06T04:46:00.229126+00:00
Suzzanna: Bernapas dalam Kubur,Suzzanna Bernapas dalam Kubur,2020-01-01 2024-12-31,2024-03-24,0,51,2026-10-06T04:46:00.229126+00:00
Suzzanna: Bernapas dalam Kubur,Suzzanna Bernapas dalam Kubur,2020-01-01 2024-12-31,2024-03-31,0,47,2026-10-06T04:46:00.229126+00:00
Suzzanna: Bernapas dalam Kubur,Suzzanna Bernapas dalam Kubur,2020-01-01 2024-12-31,2024-04-07,0,69,2026-10-06T04:46:00.229126+00:00
Suzzanna: Bernapas dalam Kubur,Suzzanna Bernapas dalam Kubur,2020-01-01 2024-12-31,2024-04-14,0,60,2026-10-06T04:46:00.229126+00:00
Suzzanna: Bernapas dalam Kubur,Suzzanna Bernapas dalam Kubur,2020-01-01 2024-12-31,2024-04-21,0,48,2026-10-06T04:46:00.229126+00:00
Suzzanna: Bernapas dalam Kubur,Suzzanna Bernapas dalam Kubur,2020-01-01 2024-12-31,2024-04-28,0,46,2026-10-06T04:46:00.229126+00:00
Suzzanna: Bernapas dalam Kubur,Suzzanna Bernapas dalam Kubur,2020-01-01 2024-12-31,2024-05-05,0,53,2026-10-06T04:46:00.229126+00:00
Suzzanna: Bernapas dalam Kubur,Suzzanna Bernapas dalam Kubur,2020-01-01 2024-12-31,2024-05-12,0,54,2026-10-06T04:46:00.229126+00:00
Suzzanna: Bernapas dalam Kubur,Suzzanna Bernapas dalam Kubur,2020-01-01 2024-12-31,2024-05-19,0,51,2026-10-06T04:46:00.229126+00:00
Suzzanna: Bernapas dalam Kubur,Suzzanna Bernapas dalam Kubur,2020-01-01 2024-12-31,2024-05-26,0,41,2026-10-06T04:46:00.229126+00:00
Suzzanna: Bernapas dalam Kubur,Suzzanna Bernapas dalam Kubur,2020-01-01 2024-12-31,2024-06-02,0,36,2026-10-06T04:46:00.229126+00:00
Suzzanna: Bernapas dalam Kubur,Suzzanna Bernapas dalam Kubur,2020-01-01 2024-12-31,2024-06-09,0,41,2026-10-06T04:46:00.229126+00:00
Suzzanna: Bernapas dalam Kubur,Suzzanna Bernapas dalam Kubur,2020-01-01 2024-12-31,2024-06-16,0,51,2026-10-06T04:46:00.229126+00:00
Suzzanna: Bernapas dalam Kubur,Suzzanna Bernapas dalam Kubur,2020-01-01 2024-12-31,2024-06-23,0,48,2026-10-06T04:46:00.229126+00:00
Suzzanna: Bernapas dalam Kubur,Suzzanna Bernapas dalam Kubur,2020-01-01 2024-12-31,2024-06-30,0,53,2026-10-06T04:46:00.229126+00:00
Suzzanna: Bernapas dalam Kubur,Suzzanna Bernapas dalam Kubur,2020-01-01 2024-12-31,2024-07-07,0,52,2026-10-06T04:46:00.229126+00:00
Suzzanna: Bernapas dalam Kubur,Suzzanna Bernapas dalam Kubur,2020-01-01 2024-12-31,2024-07-14,0,50,2026-10-06T04:46:00.229126+00:00
Suzzanna: Bernapas dalam Kubur,Suzzanna Bernapas dalam Kubur,2020-01-01 2024-12-31,2024-07-21,0,51,2026-10-06T04:46:00.229126+00:00
Suzzanna: Bernapas dalam Kubur,Suzzanna Bernapas dalam Kubur,2020-01-01 2024-12-31,2024-07-28,0,50,2026-10-06T04:46:00.229126+00:00
Suzzanna: Bernapas dalam Kubur,Suzzanna Bernapas dalam Kubur,2020-01-01 2024-12-31,2024-08-04,0,46,2026-10-06T04:46:00.229126+00:00
Suzzanna: Bernapas dalam Kubur,Suzzanna Bernapas dalam Kubur,2020-01-01 2024-12-31,2024-08-11,0,51,2026-10-06T04:46:00.229126+00:00
Suzzanna: Bernapas dalam Kubur,Suzzanna Bernapas dalam Kubur,2020-01-01 2024-12-31,2024-08-18,0,48,2026-10-06T04:46:00.229126+00:00
Suzzanna: Bernapas dalam Kubur,Suzzanna Bernapas dalam Kubur,2020-01-01 2024-12-31,2024-08-25,0,48,2026-10-06T04:46:00.229126+00:00
Suzzanna: Bernapas dalam Kubur,Suzzanna Bernapas dalam Kubur,2020-01-01 2024-12-31,2024-09-01,0,45,2026-10-06T04:46:00.229126+00:00
Suzzanna: Bernapas dalam Kubur,Suzzanna Bernapas dalam Kubur,2020-01-01 2024-12-31,2024-09-08,0,50,2026-10-06T04:46:00.229126+00:00
Suzzanna: Bernapas dalam Kubur,Suzzanna Bernapas dalam Kubur,2020-01-01 2024-12-31,2024-09-15,0,55,2026-10-06T04:46:00.229126+00:00
Suzzanna: Bernapas dalam Kubur,Suzzanna Bernapas dalam Kubur,2020-01-01 2024-12-31,2024-09-22,0,54,2026-10-06T04:46:00.229126+00:00
Suzzanna: Bernapas dalam Kubur,Suzzanna Bernapas dalam Kubur,2020-01-01 2024-12-31,2024-09-29,0,54,2026-10-06T04:46:00.229126+00:00
Suzzanna: Bernapas dalam Kubur,Suzzanna Bernapas dalam Kubur,2020-01-01 2024-12-31,2024-10-06,0,52,2026-10-06T04:46:00.229126+00:00
Suzzanna: Bernapas dalam Kubur,Suzzanna Bernapas dalam Kubur,2020-01-01 2024-12-31,2024-10-13,0,50,2026-10-06T04:46:00.229126+00:00
Suzzanna: Bernapas dalam Kubur,Suzzanna Bernapas dalam Kubur,2020-01-01 2024-12-31,2024-10-20,0,50,2026-10-06T04:46:00.229126+00:00
Suzzanna: Bernapas dalam Kubur,Suzzanna Bernapas dalam Kubur,2020-01-01 2024-12-31,2024-10-27,0,50,2026-10-06T04:46:00.229126+00:00
Suzzanna: Bernapas dalam Kubur,Suzzanna Bernapas dalam Kubur,2020-01-01 2024-12-31,2024-11-03,0,61,2026-10-06T04:46:00.229126+00:00
Suzzanna: Bernapas dalam Kubur,Suzzanna Bernapas dalam Kubur,2020-01-01 2024-12-31,2024-11-10,0,57,2026-10-06T04:46:00.229126+00:00
Suzzanna: Bernapas dalam Kubur,Suzzanna Bernapas dalam Kubur,2020-01-01 2024-12-31,2024-11-17,0,61,2026-10-06T04:46:00.229126+00:00
Suzzanna: Bernapas dalam Kubur,Suzzanna Bernapas dalam Kubur,2020-01-01 2024-12-31,2024-11-24,0,59,2026-10-06T04:46:00.229126+00:00
Suzzanna: Bernapas dalam Kubur,Suzzanna Bernapas dalam Kubur,2020-01-01 2024-12-31,2024-12-01,0,52,2026-10-06T04:46:00.229126+00:00
Suzzanna: Bernapas dalam Kubur,Suzzanna Bernapas dalam Kubur,2020-01-01 2024-12-31,2024-12-08,0,56,2026-10-06T04:46:00.229126+00:00
Suzzanna: Bernapas dalam Kubur,Suzzanna Bernapas dalam Kubur,2020-01-01 2024-12-31,2024-12-15,0,65,2026-10-06T04:46:00.229126+00:00
Suzzanna: Bernapas dalam Kubur,Suzzanna Bernapas dalam Kubur,2020-01-01 2024-12-31,2024-12-22,0,78,2026-10-06T04:46:00.229126+00:00
Suzzanna: Bernapas dalam Kubur,Suzzanna Bernapas dalam Kubur,2020-01-01 2024-12-31,2024-12-29,0,79,2026-10-06T04:46:00.229126+00:00
Suzzanna: Bernapas dalam Kubur,Suzzanna Bernapas dalam Kubur,2022-01-01 2026-10-06,2021-12-26,0,73,2026-10-06T04:46:11.003655+00:00
Suzzanna: Bernapas dalam Kubur,Suzzanna Bernapas dalam Kubur,2022-01-01 2026-10-06,2022-01-02,0,57,2026-10-06T04:46:11.003655+00:00
Suzzanna: Bernapas dalam Kubur,Suzzanna Bernapas dalam Kubur,2022-01-01 2026-10-06,2022-01-09,0,61,2026-10-06T04:46:11.003655+00:00
Suzzanna: Bernapas dalam Kubur,Suzzanna Bernapas dalam Kubur,2022-01-01 2026-10-06,2022-01-16,0,46,2026-10-06T04:46:11.003655+00:00
Suzzanna: Bernapas dalam Kubur,Suzzanna Bernapas dalam Kubur,2022-01-01 2026-10-06,2022-01-23,0,47,2026-10-06T04:46:11.003655+00:00
Suzzanna: Bernapas dalam Kubur,Suzzanna Bernapas dalam Kubur,2022-01-01 2026-10-06,2022-01-30,0,46,2026-10-06T04:46:11.003655+00:00
Suzzanna: Bernapas dalam Kubur,Suzzanna Bernapas dalam Kubur,2022-01-01 2026-10-06,2022-02-06,0,46,2026-10-06T04:46:11.003655+00:00
Suzzanna: Bernapas dalam Kubur,Suzzanna Bernapas dalam Kubur,2022-01-01 2026-10-06,2022-02-13,0,50,2026-10-06T04:46:11.003655+00:00
Suzzanna: Bernapas dalam Kubur,Suzzanna Bernapas dalam Kubur,2022-01-01 2026-10-06,2022-02-20,0,46,2026-10-06T04:46:11.003655+00:00
Suzzanna: Bernapas dalam Kubur,Suzzanna Bernapas dalam Kubur,2022-01-01 2026-10-06,2022-02-27,0,51,2026-10-06T04:46:11.003655+00:00
Suzzanna: Bernapas dalam Kubur,Suzzanna Bernapas dalam Kubur,2022-01-01 2026-10-06,2022-03-06,0,38,2026-10-06T04:46:11.003655+00:00
Suzzanna: Bernapas dalam Kubur,Suzzanna Bernapas dalam Kubur,2022-01-01 2026-10-06,2022-03-13,0,40,2026-10-06T04:46:11.003655+00:00
Suzzanna: Bernapas dalam Kubur,Suzzanna Bernapas dalam Kubur,2022-01-01 2026-10-06,2022-03-20,0,42,2026-10-06T04:46:11.003655+00:00
Suzzanna: Bernapas dalam Kubur,Suzzanna Bernapas dalam Kubur,2022-01-01 2026-10-06,2022-03-27,0,40,2026-10-06T04:46:11.003655+00:00
Suzzanna: Bernapas dalam Kubur,Suzzanna Bernapas dalam Kubur,2022-01-01 2026-10-06,2022-04-03,1,42,2026-10-06T04:46:11.003655+00:00
Suzzanna: Bernapas dalam Kubur,Suzzanna Bernapas dalam Kubur,2022-01-01 2026-10-06,2022-04-10,1,43,2026-10-06T04:46:11.003655+00:00
Suzzanna: Bernapas dalam Kubur,Suzzanna Bernapas dalam Kubur,2022-01-01 2026-10-06,2022-04-17,0,47,2026-10-06T04:46:11.003655+00:00
Suzzanna: Bernapas dalam Kubur,Suzzanna Bernapas dalam Kubur,2022-01-01 2026-10-06,2022-04-24,0,51,2026-10-06T04:46:11.003655+00:00
Suzzanna: Bernapas dalam Kubur,Suzzanna Bernapas dalam Kubur,2022-01-01 2026-10-06,2022-05-01,0,90,2026-10-06T04:46:11.003655+00:00
Suzzanna: Bernapas dalam Kubur,Suzzanna Bernapas dalam Kubur,2022-01-01 2026-10-06,2022-05-08,0,69,2026-10-06T04:46:11.003655+00:00
Suzzanna: Bernapas dalam Kubur,Suzzanna Bernapas dalam Kubur,2022-01-01 2026-10-06,2022-05-15,0,57,2026-10-06T04:46:11.003655+00:00
Suzzanna: Bernapas dalam Kubur,Suzzanna Bernapas dalam Kubur,2022-01-01 2026-10-06,2022-05-22,0,53,2026-10-06T04:46:11.003655+00:00
Suzzanna: Bernapas dalam Kubur,Suzzanna Bernapas dalam Kubur,2022-01-01 2026-10-06,2022-05-29,0,49,2026-10-06T04:46:11.003655+00:00
Suzzanna: Bernapas dalam Kubur,Suzzanna Bernapas dalam Kubur,2022-01-01 2026-10-06,2022-06-05,0,44,2026-10-06T04:46:11.003655+00:00
Suzzanna: Bernapas dalam Kubur,Suzzanna Bernapas dalam Kubur,2022-01-01 2026-10-06,2022-06-12,0,46,2026-10-06T04:46:11.003655+00:00
Suzzanna: Bernapas dalam Kubur,Suzzanna Bernapas dalam Kubur,2022-01-01 2026-10-06,2022-06-19,0,54,2026-10-06T04:46:11.003655+00:00
Suzzanna: Bernapas dalam Kubur,Suzzanna Bernapas dalam Kubur,2022-01-01 2026-10-06,2022-06-26,0,52,2026-10-06T04:46:11.003655+00:00
Suzzanna: Bernapas dalam Kubur,Suzzanna Bernapas dalam Kubur,2022-01-01 2026-10-06,2022-07-03,0,50,2026-10-06T04:46:11.003655+00:00
Suzzanna: Bernapas dalam Kubur,Suzzanna Bernapas dalam Kubur,2022-01-01 2026-10-06,2022-07-10,0,55,2026-10-06T04:46:11.003655+00:00
Suzzanna: Bernapas dalam Kubur,Suzzanna Bernapas dalam Kubur,2022-01-01 2026-10-06,2022-07-17,0,50,2026-10-06T04:46:11.003655+00:00
Suzzanna: Bernapas dalam Kubur,Suzzanna Bernapas dalam Kubur,2022-01-01 2026-10-06,2022-07-24,0,44,2026-10-06T04:46:11.003655+00:00
Suzzanna: Bernapas dalam Kubur,Suzzanna Bernapas dalam Kubur,2022-01-01 2026-10-06,2022-07-31,0,50,2026-10-06T04:46:11.003655+00:00
Suzzanna: Bernapas dalam Kubur,Suzzanna Bernapas dalam Kubur,2022-01-01 2026-10-06,2022-08-07,0,48,2026-10-06T04:46:11.003655+00:00
Suzzanna: Bernapas dalam Kubur,Suzzanna Bernapas dalam Kubur,2022-01-01 2026-10-06,2022-08-14,0,50,2026-10-06T04:46:11.003655+00:00
Suzzanna: Bernapas dalam Kubur,Suzzanna Bernapas dalam Kubur,2022-01-01 2026-10-06,2022-08-21,0,45,2026-10-06T04:46:11.003655+00:00
Suzzanna: Bernapas dalam Kubur,Suzzanna Bernapas dalam Kubur,2022-01-01 2026-10-06,2022-08-28,0,42,2026-10-06T04:46:11.003655+00:00
Suzzanna: Bernapas dalam Kubur,Suzzanna Bernapas dalam Kubur,2022-01-01 2026-10-06,2022-09-04,0,43,2026-10-06T04:46:11.003655+00:00
Suzzanna: Bernapas dalam Kubur,Suzzanna Bernapas dalam Kubur,2022-01-01 2026-10-06,2022-09-11,0,39,2026-10-06T04:46:11.003655+00:00
Suzzanna: Bernapas dalam Kubur,Suzzanna Bernapas dalam Kubur,2022-01-01 2026-10-06,2022-09-18,0,39,2026-10-06T04:46:11.003655+00:00
Suzzanna: Bernapas dalam Kubur,Suzzanna Bernapas dalam Kubur,2022-01-01 2026-10-06,2022-09-25,0,38,2026-10-06T04:46:11.003655+00:00
Suzzanna: Bernapas dalam Kubur,Suzzanna Bernapas dalam Kubur,2022-01-01 2026-10-06,2022-10-02,0,43,2026-10-06T04:46:11.003655+00:00
Suzzanna: Bernapas dalam Kubur,Suzzanna Bernapas dalam Kubur,2022-01-01 2026-10-06,2022-10-09,0,50,2026-10-06T04:46:11.003655+00:00
Suzzanna: Bernapas dalam Kubur,Suzzanna Bernapas dalam Kubur,2022-01-01 2026-10-06,2022-10-16,0,49,2026-10-06T04:46:11.003655+00:00
Suzzanna: Bernapas dalam Kubur,Suzzanna Bernapas dalam Kubur,2022-01-01 2026-10-06,2022-10-23,0,45,2026-10-06T04:46:11.003655+00:00
Suzzanna: Bernapas dalam Kubur,Suzzanna Bernapas dalam Kubur,2022-01-01 2026-10-06,2022-10-30,0,46,2026-10-06T04:46:11.003655+00:00
Suzzanna: Bernapas dalam Kubur,Suzzanna Bernapas dalam Kubur,2022-01-01 2026-10-06,2022-11-06,0,48,2026-10-06T04:46:11.003655+00:00
Suzzanna: Bernapas dalam Kubur,Suzzanna Bernapas dalam Kubur,2022-01-01 2026-10-06,2022-11-13,0,49,2026-10-06T04:46:11.003655+00:00
Suzzanna: Bernapas dalam Kubur,Suzzanna Bernapas dalam Kubur,2022-01-01 2026-10-06,2022-11-20,0,41,2026-10-06T04:46:11.003655+00:00
Suzzanna: Bernapas dalam Kubur,Suzzanna Bernapas dalam Kubur,2022-01-01 2026-10-06,2022-11-27,0,40,2026-10-06T04:46:11.003655+00:00
Suzzanna: Bernapas dalam Kubur,Suzzanna Bernapas dalam Kubur,2022-01-01 2026-10-06,2022-12-04,0,38,2026-10-06T04:46:11.003655+00:00
Suzzanna: Bernapas dalam Kubur,Suzzanna Bernapas dalam Kubur,2022-01-01 2026-10-06,2022-12-11,0,48,2026-10-06T04:46:11.003655+00:00
Suzzanna: Bernapas dalam Kubur,Suzzanna Bernapas dalam Kubur,2022-01-01 2026-10-06,2022-12-18,0,53,2026-10-06T04:46:11.003655+00:00
Suzzanna: Bernapas dalam Kubur,Suzzanna Bernapas dalam Kubur,2022-01-01 2026-10-06,2022-12-25,0,92,2026-10-06T04:46:11.003655+00:00
Suzzanna: Bernapas dalam Kubur,Suzzanna Bernapas dalam Kubur,2022-01-01 2026-10-06,2023-01-01,0,58,2026-10-06T04:46:11.003655+00:00
Suzzanna: Bernapas dalam Kubur,Suzzanna Bernapas dalam Kubur,2022-01-01 2026-10-06,2023-01-08,0,46,2026-10-06T04:46:11.003655+00:00
Suzzanna: Bernapas dalam Kubur,Suzzanna Bernapas dalam Kubur,2022-01-01 2026-10-06,2023-01-15,0,44,2026-10-06T04:46:11.003655+00:00
Suzzanna: Bernapas dalam Kubur,Suzzanna Bernapas dalam Kubur,2022-01-01 2026-10-06,2023-01-22,0,51,2026-10-06T04:46:11.003655+00:00
Suzzanna: Bernapas dalam Kubur,Suzzanna Bernapas dalam Kubur,2022-01-01 2026-10-06,2023-01-29,0,44,2026-10-06T04:46:11.003655+00:00
Suzzanna: Bernapas dalam Kubur,Suzzanna Bernapas dalam Kubur,2022-01-01 2026-10-06,2023-02-05,0,47,2026-10-06T04:46:11.003655+00:00
Suzzanna: Bernapas dalam Kubur,Suzzanna Bernapas dalam Kubur,2022-01-01 2026-10-06,2023-02-12,0,51,2026-10-06T04:46:11.003655+00:00
Suzzanna: Bernapas dalam Kubur,Suzzanna Bernapas dalam Kubur,2022-01-01 2026-10-06,2023-02-19,0,46,2026-10-06T04:46:11.003655+00:00
Suzzanna: Bernapas dalam Kubur,Suzzanna Bernapas dalam Kubur,2022-01-01 2026-10-06,2023-02-26,0,46,2026-10-06T04:46:11.003655+00:00
Suzzanna: Bernapas dalam Kubur,Suzzanna Bernapas dalam Kubur,2022-01-01 2026-10-06,2023-03-05,0,43,2026-10-06T04:46:11.003655+00:00
Suzzanna: Bernapas dalam Kubur,Suzzanna Bernapas dalam Kubur,2022-01-01 2026-10-06,2023-03-12,0,42,2026-10-06T04:46:11.003655+00:00
Suzzanna: Bernapas dalam Kubur,Suzzanna Bernapas dalam Kubur,2022-01-01 2026-10-06,2023-03-19,0,52,2026-10-06T04:46:11.003655+00:00
Suzzanna: Bernapas dalam Kubur,Suzzanna Bernapas dalam Kubur,2022-01-01 2026-10-06,2023-03-26,0,43,2026-10-06T04:46:11.003655+00:00
Suzzanna: Bernapas dalam Kubur,Suzzanna Bernapas dalam Kubur,2022-01-01 2026-10-06,2023-04-02,0,45,2026-10-06T04:46:11.003655+00:00
Suzzanna: Bernapas dalam Kubur,Suzzanna Bernapas dalam Kubur,2022-01-01 2026-10-06,2023-04-09,0,43,2026-10-06T04:46:11.003655+00:00
Suzzanna: Bernapas dalam Kubur,Suzzanna Bernapas dalam Kubur,2022-01-01 2026-10-06,2023-04-16,0,54,2026-10-06T04:46:11.003655+00:00
Suzzanna: Bernapas dalam Kubur,Suzzanna Bernapas dalam Kubur,2022-01-01 2026-10-06,2023-04-23,0,77,2026-10-06T04:46:11.003655+00:00
Suzzanna: Bernapas dalam Kubur,Suzzanna Bernapas dalam Kubur,2022-01-01 2026-10-06,2023-04-30,0,63,2026-10-06T04:46:11.003655+00:00
Suzzanna: Bernapas dalam Kubur,Suzzanna Bernapas dalam Kubur,2022-01-01 2026-10-06,2023-05-07,0,53,2026-10-06T04:46:11.003655+00:00
Suzzanna: Bernapas dalam Kubur,Suzzanna Bernapas dalam Kubur,2022-01-01 2026-10-06,2023-05-14,0,56,2026-10-06T04:46:11.003655+00:00
Suzzanna: Bernapas dalam Kubur,Suzzanna Bernapas dalam Kubur,2022-01-01 2026-10-06,2023-05-21,0,54,2026-10-06T04:46:11.003655+00:00
Suzzanna: Bernapas dalam Kubur,Suzzanna Bernapas dalam Kubur,2022-01-01 2026-10-06,2023-05-28,0,50,2026-10-06T04:46:11.003655+00:00
Suzzanna: Bernapas dalam Kubur,Suzzanna Bernapas dalam Kubur,2022-01-01 2026-10-06,2023-06-04,0,44,2026-10-06T04:46:11.003655+00:00
Suzzanna: Bernapas dalam Kubur,Suzzanna Bernapas dalam Kubur,2022-01-01 2026-10-06,2023-06-11,0,47,2026-10-06T04:46:11.003655+00:00
Suzzanna: Bernapas dalam Kubur,Suzzanna Bernapas dalam Kubur,2022-01-01 2026-10-06,2023-06-18,0,50,2026-10-06T04:46:11.003655+00:00
Suzzanna: Bernapas dalam Kubur,Suzzanna Bernapas dalam Kubur,2022-01-01 2026-10-06,2023-06-25,0,59,2026-10-06T04:46:11.003655+00:00
Suzzanna: Bernapas dalam Kubur,Suzzanna Bernapas dalam Kubur,2022-01-01 2026-10-06,2023-07-02,0,51,2026-10-06T04:46:11.003655+00:00
Suzzanna: Bernapas dalam Kubur,Suzzanna Bernapas dalam Kubur,2022-01-01 2026-10-06,2023-07-09,1,55,2026-10-06T04:46:11.003655+00:00
Suzzanna: Bernapas dalam Kubur,Suzzanna Bernapas dalam Kubur,2022-01-01 2026-10-06,2023-07-16,0,54,2026-10-06T04:46:11.003655+00:00
Suzzanna: Bernapas dalam Kubur,Suzzanna Bernapas dalam Kubur,2022-01-01 2026-10-06,2023-07-23,1,47,2026-10-06T04:46:11.003655+00:00
Suzzanna: Bernapas dalam Kubur,Suzzanna Bernapas dalam Kubur,2022-01-01 2026-10-06,2023-07-30,2,43,2026-10-06T04:46:11.003655+00:00
Suzzanna: Bernapas dalam Kubur,Suzzanna Bernapas dalam Kubur,2022-01-01 2026-10-06,2023-08-06,2,47,2026-10-06T04:46:11.003655+00:00
Suzzanna: Bernapas dalam Kubur,Suzzanna Bernapas dalam Kubur,2022-01-01 2026-10-06,2023-08-13,1,49,2026-10-06T04:46:11.003655+00:00
Suzzanna: Bernapas dalam Kubur,Suzzanna Bernapas dalam Kubur,2022-01-01 2026-10-06,2023-08-20,1,44,2026-10-06T04:46:11.003655+00:00
Suzzanna: Bernapas dalam Kubur,Suzzanna Bernapas dalam Kubur,2022-01-01 2026-10-06,2023-08-27,1,46,2026-10-06T04:46:11.003655+00:00
Suzzanna: Bernapas dalam Kubur,Suzzanna Bernapas dalam Kubur,2022-01-01 2026-10-06,2023-09-03,1,51,2026-10-06T04:46:11.003655+00:00
Suzzanna: Bernapas dalam Kubur,Suzzanna Bernapas dalam Kubur,2022-01-01 2026-10-06,2023-09-10,0,46,2026-10-06T04:46:11.003655+00:00
Suzzanna: Bernapas dalam Kubur,Suzzanna Bernapas dalam Kubur,2022-01-01 2026-10-06,2023-09-17,0,48,2026-10-06T04:46:11.003655+00:00
Suzzanna: Bernapas dalam Kubur,Suzzanna Bernapas dalam Kubur,2022-01-01 2026-10-06,2023-09-24,0,50,2026-10-06T04:46:11.003655+00:00
Suzzanna: Bernapas dalam Kubur,Suzzanna Bernapas dalam Kubur,2022-01-01 2026-10-06,2023-10-01,0,52,2026-10-06T04:46:11.003655+00:00
Suzzanna: Bernapas dalam Kubur,Suzzanna Bernapas dalam Kubur,2022-01-01 2026-10-06,2023-10-08,0,53,2026-10-06T04:46:11.003655+00:00
Suzzanna: Bernapas dalam Kubur,Suzzanna Bernapas dalam Kubur,2022-01-01 2026-10-06,2023-10-15,0,51,2026-10-06T04:46:11.003655+00:00
Suzzanna: Bernapas dalam Kubur,Suzzanna Bernapas dalam Kubur,2022-01-01 2026-10-06,2023-10-22,0,52,2026-10-06T04:46:11.003655+00:00
Suzzanna: Bernapas dalam Kubur,Suzzanna Bernapas dalam Kubur,2022-01-01 2026-10-06,2023-10-29,0,52,2026-10-06T04:46:11.003655+00:00
Suzzanna: Bernapas dalam Kubur,Suzzanna Bernapas dalam Kubur,2022-01-01 2026-10-06,2023-11-05,0,50,2026-10-06T04:46:11.003655+00:00
Suzzanna: Bernapas dalam Kubur,Suzzanna Bernapas dalam Kubur,2022-01-01 2026-10-06,2023-11-12,0,50,2026-10-06T04:46:11.003655+00:00
Suzzanna: Bernapas dalam Kubur,Suzzanna Bernapas dalam Kubur,2022-01-01 2026-10-06,2023-11-19,0,48,2026-10-06T04:46:11.003655+00:00
Suzzanna: Bernapas dalam Kubur,Suzzanna Bernapas dalam Kubur,2022-01-01 2026-10-06,2023-11-26,0,45,2026-10-06T04:46:11.003655+00:00
Suzzanna: Bernapas dalam Kubur,Suzzanna Bernapas dalam Kubur,2022-01-01 2026-10-06,2023-12-03,0,46,2026-10-06T04:46:11.003655+00:00
Suzzanna: Bernapas dalam Kubur,Suzzanna Bernapas dalam Kubur,2022-01-01 2026-10-06,2023-12-10,0,53,2026-10-06T04:46:11.003655+00:00
Suzzanna: Bernapas dalam Kubur,Suzzanna Bernapas dalam Kubur,2022-01-01 2026-10-06,2023-12-17,0,56,2026-10-06T04:46:11.003655+00:00
Suzzanna: Bernapas dalam Kubur,Suzzanna Bernapas dalam Kubur,2022-01-01 2026-10-06,2023-12-24,0,81,2026-10-06T04:46:11.003655+00:00
Suzzanna: Bernapas dalam Kubur,Suzzanna Bernapas dalam Kubur,2022-01-01 2026-10-06,2023-12-31,0,62,2026-10-06T04:46:11.003655+00:00
Suzzanna: Bernapas dalam Kubur,Suzzanna Bernapas dalam Kubur,2022-01-01 2026-10-06,2024-01-07,0,47,2026-10-06T04:46:11.003655+00:00
Suzzanna: Bernapas dalam Kubur,Suzzanna Bernapas dalam Kubur,2022-01-01 2026-10-06,2024-01-14,0,45,2026-10-06T04:46:11.003655+00:00
Suzzanna: Bernapas dalam Kubur,Suzzanna Bernapas dalam Kubur,2022-01-01 2026-10-06,2024-01-21,0,46,2026-10-06T04:46:11.003655+00:00
Suzzanna: Bernapas dalam Kubur,Suzzanna Bernapas dalam Kubur,2022-01-01 2026-10-06,2024-01-28,0,49,2026-10-06T04:46:11.003655+00:00
Suzzanna: Bernapas dalam Kubur,Suzzanna Bernapas dalam Kubur,2022-01-01 2026-10-06,2024-02-04,0,52,2026-10-06T04:46:11.003655+00:00
Suzzanna: Bernapas dalam Kubur,Suzzanna Bernapas dalam Kubur,2022-01-01 2026-10-06,2024-02-11,0,49,2026-10-06T04:46:11.003655+00:00
Suzzanna: Bernapas dalam Kubur,Suzzanna Bernapas dalam Kubur,2022-01-01 2026-10-06,2024-02-18,0,45,2026-10-06T04:46:11.003655+00:00
Suzzanna: Bernapas dalam Kubur,Suzzanna Bernapas dalam Kubur,2022-01-01 2026-10-06,2024-02-25,0,50,2026-10-06T04:46:11.003655+00:00
Suzzanna: Bernapas dalam Kubur,Suzzanna Bernapas dalam Kubur,2022-01-01 2026-10-06,2024-03-03,0,47,2026-10-06T04:46:11.003655+00:00
Suzzanna: Bernapas dalam Kubur,Suzzanna Bernapas dalam Kubur,2022-01-01 2026-10-06,2024-03-10,0,52,2026-10-06T04:46:11.003655+00:00
Suzzanna: Bernapas dalam Kubur,Suzzanna Bernapas dalam Kubur,2022-01-01 2026-10-06,2024-03-17,0,43,2026-10-06T04:46:11.003655+00:00
Suzzanna: Bernapas dalam Kubur,Suzzanna Bernapas dalam Kubur,2022-01-01 2026-10-06,2024-03-24,0,47,2026-10-06T04:46:11.003655+00:00
Suzzanna: Bernapas dalam Kubur,Suzzanna Bernapas dalam Kubur,2022-01-01 2026-10-06,2024-03-31,0,44,2026-10-06T04:46:11.003655+00:00
Suzzanna: Bernapas dalam Kubur,Suzzanna Bernapas dalam Kubur,2022-01-01 2026-10-06,2024-04-07,0,64,2026-10-06T04:46:11.003655+00:00
Suzzanna: Bernapas dalam Kubur,Suzzanna Bernapas dalam Kubur,2022-01-01 2026-10-06,2024-04-14,0,55,2026-10-06T04:46:11.003655+00:00
Suzzanna: Bernapas dalam Kubur,Suzzanna Bernapas dalam Kubur,2022-01-01 2026-10-06,2024-04-21,0,44,2026-10-06T04:46:11.003655+00:00
Suzzanna: Bernapas dalam Kubur,Suzzanna Bernapas dalam Kubur,2022-01-01 2026-10-06,2024-04-28,0,42,2026-10-06T04:46:11.003655+00:00
Suzzanna: Bernapas dalam Kubur,Suzzanna Bernapas dalam Kubur,2022-01-01 2026-10-06,2024-05-05,0,48,2026-10-06T04:46:11.003655+00:00
Suzzanna: Bernapas dalam Kubur,Suzzanna Bernapas dalam Kubur,2022-01-01 2026-10-06,2024-05-12,0,50,2026-10-06T04:46:11.003655+00:00
Suzzanna: Bernapas dalam Kubur,Suzzanna Bernapas dalam Kubur,2022-01-01 2026-10-06,2024-05-19,0,47,2026-10-06T04:46:11.003655+00:00
Suzzanna: Bernapas dalam Kubur,Suzzanna Bernapas dalam Kubur,2022-01-01 2026-10-06,2024-05-26,0,38,2026-10-06T04:46:11.003655+00:00
Suzzanna: Bernapas dalam Kubur,Suzzanna Bernapas dalam Kubur,2022-01-01 2026-10-06,2024-06-02,0,34,2026-10-06T04:46:11.003655+00:00
Suzzanna: Bernapas dalam Kubur,Suzzanna Bernapas dalam Kubur,2022-01-01 2026-10-06,2024-06-09,0,38,2026-10-06T04:46:11.003655+00:00
Suzzanna: Bernapas dalam Kubur,Suzzanna Bernapas dalam Kubur,2022-01-01 2026-10-06,2024-06-16,0,47,2026-10-06T04:46:11.003655+00:00
Suzzanna: Bernapas dalam Kubur,Suzzanna Bernapas dalam Kubur,2022-01-01 2026-10-06,2024-06-23,0,44,2026-10-06T04:46:11.003655+00:00
Suzzanna: Bernapas dalam Kubur,Suzzanna Bernapas dalam Kubur,2022-01-01 2026-10-06,2024-06-30,0,49,2026-10-06T04:46:11.003655+00:00
Suzzanna: Bernapas dalam Kubur,Suzzanna Bernapas dalam Kubur,2022-01-01 2026-10-06,2024-07-07,0,48,2026-10-06T04:46:11.003655+00:00
Suzzanna: Bernapas dalam Kubur,Suzzanna Bernapas dalam Kubur,2022-01-01 2026-10-06,2024-07-14,0,46,2026-10-06T04:46:11.003655+00:00
Suzzanna: Bernapas dalam Kubur,Suzzanna Bernapas dalam Kubur,2022-01-01 2026-10-06,2024-07-21,0,47,2026-10-06T04:46:11.003655+00:00
Suzzanna: Bernapas dalam Kubur,Suzzanna Bernapas dalam Kubur,2022-01-01 2026-10-06,2024-07-28,0,46,2026-10-06T04:46:11.003655+00:00
Suzzanna: Bernapas dalam Kubur,Suzzanna Bernapas dalam Kubur,2022-01-01 2026-10-06,2024-08-04,0,42,2026-10-06T04:46:11.003655+00:00
Suzzanna: Bernapas dalam Kubur,Suzzanna Bernapas dalam Kubur,2022-01-01 2026-10-06,2024-08-11,0,47,2026-10-06T04:46:11.003655+00:00
Suzzanna: Bernapas dalam Kubur,Suzzanna Bernapas dalam Kubur,2022-01-01 2026-10-06,2024-08-18,0,45,2026-10-06T04:46:11.003655+00:00
Suzzanna: Bernapas dalam Kubur,Suzzanna Bernapas dalam Kubur,2022-01-01 2026-10-06,2024-08-25,0,44,2026-10-06T04:46:11.003655+00:00
Suzzanna: Bernapas dalam Kubur,Suzzanna Bernapas dalam Kubur,2022-01-01 2026-10-06,2024-09-01,0,42,2026-10-06T04:46:11.003655+00:00
Suzzanna: Bernapas dalam Kubur,Suzzanna Bernapas dalam Kubur,2022-01-01 2026-10-06,2024-09-08,0,46,2026-10-06T04:46:11.003655+00:00
Suzzanna: Bernapas dalam Kubur,Suzzanna Bernapas dalam Kubur,2022-01-01 2026-10-06,2024-09-15,0,51,2026-10-06T04:46:11.003655+00:00
Suzzanna: Bernapas dalam Kubur,Suzzanna Bernapas dalam Kubur,2022-01-01 2026-10-06,2024-09-22,0,50,2026-10-06T04:46:11.003655+00:00
Suzzanna: Bernapas dalam Kubur,Suzzanna Bernapas dalam Kubur,2022-01-01 2026-10-06,2024-09-29,0,50,2026-10-06T04:46:11.003655+00:00
Suzzanna: Bernapas dalam Kubur,Suzzanna Bernapas dalam Kubur,2022-01-01 2026-10-06,2024-10-06,0,48,2026-10-06T04:46:11.003655+00:00
Suzzanna: Bernapas dalam Kubur,Suzzanna Bernapas dalam Kubur,2022-01-01 2026-10-06,2024-10-13,0,46,2026-10-06T04:46:11.003655+00:00
Suzzanna: Bernapas dalam Kubur,Suzzanna Bernapas dalam Kubur,2022-01-01 2026-10-06,2024-10-20,0,46,2026-10-06T04:46:11.003655+00:00
Suzzanna: Bernapas dalam Kubur,Suzzanna Bernapas dalam Kubur,2022-01-01 2026-10-06,2024-10-27,0,46,2026-10-06T04:46:11.003655+00:00
Suzzanna: Bernapas dalam Kubur,Suzzanna Bernapas dalam Kubur,2022-01-01 2026-10-06,2024-11-03,0,56,2026-10-06T04:46:11.003655+00:00
Suzzanna: Bernapas dalam Kubur,Suzzanna Bernapas dalam Kubur,2022-01-01 2026-10-06,2024-11-10,0,52,2026-10-06T04:46:11.003655+00:00
Suzzanna: Bernapas dalam Kubur,Suzzanna Bernapas dalam Kubur,2022-01-01 2026-10-06,2024-11-17,0,57,2026-10-06T04:46:11.003655+00:00
Suzzanna: Bernapas dalam Kubur,Suzzanna Bernapas dalam Kubur,2022-01-01 2026-10-06,2024-11-24,0,55,2026-10-06T04:46:11.003655+00:00
Suzzanna: Bernapas dalam Kubur,Suzzanna Bernapas dalam Kubur,2022-01-01 2026-10-06,2024-12-01,0,48,2026-10-06T04:46:11.003655+00:00
Suzzanna: Bernapas dalam Kubur,Suzzanna Bernapas dalam Kubur,2022-01-01 2026-10-06,2024-12-08,0,52,2026-10-06T04:46:11.003655+00:00
Suzzanna: Bernapas dalam Kubur,Suzzanna Bernapas dalam Kubur,2022-01-01 2026-10-06,2024-12-15,0,60,2026-10-06T04:46:11.003655+00:00
Suzzanna: Bernapas dalam Kubur,Suzzanna Bernapas dalam Kubur,2022-01-01 2026-10-06,2024-12-22,0,72,2026-10-06T04:46:11.003655+00:00
Suzzanna: Bernapas dalam Kubur,Suzzanna Bernapas dalam Kubur,2022-01-01 2026-10-06,2024-12-29,0,73,2026-10-06T04:46:11.003655+00:00
Suzzanna: Bernapas dalam Kubur,Suzzanna Bernapas dalam Kubur,2022-01-01 2026-10-06,2025-01-05,0,61,2026-10-06T04:46:11.003655+00:00
Suzzanna: Bernapas dalam Kubur,Suzzanna Bernapas dalam Kubur,2022-01-01 2026-10-06,2025-01-12,0,51,2026-10-06T04:46:11.003655+00:00
Suzzanna: Bernapas dalam Kubur,Suzzanna Bernapas dalam Kubur,2022-01-01 2026-10-06,2025-01-19,0,59,2026-10-06T04:46:11.003655+00:00
Suzzanna: Bernapas dalam Kubur,Suzzanna Bernapas dalam Kubur,2022-01-01 2026-10-06,2025-01-26,0,65,2026-10-06T04:46:11.003655+00:00
Suzzanna: Bernapas dalam Kubur,Suzzanna Bernapas dalam Kubur,2022-01-01 2026-10-06,2025-02-02,0,49,2026-10-06T04:46:11.003655+00:00
Suzzanna: Bernapas dalam Kubur,Suzzanna Bernapas dalam Kubur,2022-01-01 2026-10-06,2025-02-09,0,50,2026-10-06T04:46:11.003655+00:00
Suzzanna: Bernapas dalam Kubur,Suzzanna Bernapas dalam Kubur,2022-01-01 2026-10-06,2025-02-16,0,49,2026-10-06T04:46:11.003655+00:00
Suzzanna: Bernapas dalam Kubur,Suzzanna Bernapas dalam Kubur,2022-01-01 2026-10-06,2025-02-23,0,50,2026-10-06T04:46:11.003655+00:00
Suzzanna: Bernapas dalam Kubur,Suzzanna Bernapas dalam Kubur,2022-01-01 2026-10-06,2025-03-02,0,47,2026-10-06T04:46:11.003655+00:00
Suzzanna: Bernapas dalam Kubur,Suzzanna Bernapas dalam Kubur,2022-01-01 2026-10-06,2025-03-09,0,44,2026-10-06T04:46:11.003655+00:00
Suzzanna: Bernapas dalam Kubur,Suzzanna Bernapas dalam Kubur,2022-01-01 2026-10-06,2025-03-16,0,49,2026-10-06T04:46:11.003655+00:00
Suzzanna: Bernapas dalam Kubur,Suzzanna Bernapas dalam Kubur,2022-01-01 2026-10-06,2025-03-23,0,57,2026-10-06T04:46:11.003655+00:00
Suzzanna: Bernapas dalam Kubur,Suzzanna Bernapas dalam Kubur,2022-01-01 2026-10-06,2025-03-30,0,100,2026-10-06T04:46:11.003655+00:00
Suzzanna: Bernapas dalam Kubur,Suzzanna Bernapas dalam Kubur,2022-01-01 2026-10-06,2025-04-06,0,63,2026-10-06T04:46:11.003655+00:00
Suzzanna: Bernapas dalam Kubur,Suzzanna Bernapas dalam Kubur,2022-01-01 2026-10-06,2025-04-13,0,48,2026-10-06T04:46:11.003655+00:00
Suzzanna: Bernapas dalam Kubur,Suzzanna Bernapas dalam Kubur,2022-01-01 2026-10-06,2025-04-20,0,46,2026-10-06T04:46:11.003655+00:00
Suzzanna: Bernapas dalam Kubur,Suzzanna Bernapas dalam Kubur,2022-01-01 2026-10-06,2025-04-27,0,44,2026-10-06T04:46:11.003655+00:00
Suzzanna: Bernapas dalam Kubur,Suzzanna Bernapas dalam Kubur,2022-01-01 2026-10-06,2025-05-04,0,39,2026-10-06T04:46:11.003655+00:00
Suzzanna: Bernapas dalam Kubur,Suzzanna Bernapas dalam Kubur,2022-01-01 2026-10-06,2025-05-11,0,49,2026-10-06T04:46:11.003655+00:00
Suzzanna: Bernapas dalam Kubur,Suzzanna Bernapas dalam Kubur,2022-01-01 2026-10-06,2025-05-18,0,43,2026-10-06T04:46:11.003655+00:00
Suzzanna: Bernapas dalam Kubur,Suzzanna Bernapas dalam Kubur,2022-01-01 2026-10-06,2025-05-25,0,44,2026-10-06T04:46:11.003655+00:00
Suzzanna: Bernapas dalam Kubur,Suzzanna Bernapas dalam Kubur,2022-01-01 2026-10-06,2025-06-01,0,41,2026-10-06T04:46:11.003655+00:00
Suzzanna: Bernapas dalam Kubur,Suzzanna Bernapas dalam Kubur,2022-01-01 2026-10-06,2025-06-08,0,44,2026-10-06T04:46:11.003655+00:00
Suzzanna: Bernapas dalam Kubur,Suzzanna Bernapas dalam Kubur,2022-01-01 2026-10-06,2025-06-15,0,43,2026-10-06T04:46:11.003655+00:00
Suzzanna: Bernapas dalam Kubur,Suzzanna Bernapas dalam Kubur,2022-01-01 2026-10-06,2025-06-22,0,50,2026-10-06T04:46:11.003655+00:00
Suzzanna: Bernapas dalam Kubur,Suzzanna Bernapas dalam Kubur,2022-01-01 2026-10-06,2025-06-29,0,46,2026-10-06T04:46:11.003655+00:00
Suzzanna: Bernapas dalam Kubur,Suzzanna Bernapas dalam Kubur,2022-01-01 2026-10-06,2025-07-06,0,44,2026-10-06T04:46:11.003655+00:00
Suzzanna: Bernapas dalam Kubur,Suzzanna Bernapas dalam Kubur,2022-01-01 2026-10-06,2025-07-13,0,40,2026-10-06T04:46:11.003655+00:00
Suzzanna: Bernapas dalam Kubur,Suzzanna Bernapas dalam Kubur,2022-01-01 2026-10-06,2025-07-20,0,39,2026-10-06T04:46:11.003655+00:00
Suzzanna: Bernapas dalam Kubur,Suzzanna Bernapas dalam Kubur,2022-01-01 2026-10-06,2025-07-27,0,36,2026-10-06T04:46:11.003655+00:00
Suzzanna: Bernapas dalam Kubur,Suzzanna Bernapas dalam Kubur,2022-01-01 2026-10-06,2025-08-03,0,39,2026-10-06T04:46:11.003655+00:00
Suzzanna: Bernapas dalam Kubur,Suzzanna Bernapas dalam Kubur,2022-01-01 2026-10-06,2025-08-10,0,42,2026-10-06T04:46:11.003655+00:00
Suzzanna: Bernapas dalam Kubur,Suzzanna Bernapas dalam Kubur,2022-01-01 2026-10-06,2025-08-17,0,43,2026-10-06T04:46:11.003655+00:00
Suzzanna: Bernapas dalam Kubur,Suzzanna Bernapas dalam Kubur,2022-01-01 2026-10-06,2025-08-24,0,38,2026-10-06T04:46:11.003655+00:00
Suzzanna: Bernapas dalam Kubur,Suzzanna Bernapas dalam Kubur,2022-01-01 2026-10-06,2025-08-31,0,41,2026-10-06T04:46:11.003655+00:00
Suzzanna: Bernapas dalam Kubur,Suzzanna Bernapas dalam Kubur,2022-01-01 2026-10-06,2025-09-07,0,39,2026-10-06T04:46:11.003655+00:00
Suzzanna: Bernapas dalam Kubur,Suzzanna Bernapas dalam Kubur,2022-01-01 2026-10-06,2025-09-14,0,38,2026-10-06T04:46:11.003655+00:00
Suzzanna: Bernapas dalam Kubur,Suzzanna Bernapas dalam Kubur,2022-01-01 2026-10-06,2025-09-21,0,38,2026-10-06T04:46:11.003655+00:00
Suzzanna: Bernapas dalam Kubur,Suzzanna Bernapas dalam Kubur,2022-01-01 2026-10-06,2025-09-28,0,36,2026-10-06T04:46:11.003655+00:00
Suzzanna: Bernapas dalam Kubur,Suzzanna Bernapas dalam Kubur,2022-01-01 2026-10-06,2025-10-05,0,36,2026-10-06T04:46:11.003655+00:00
Suzzanna: Bernapas dalam Kubur,Suzzanna Bernapas dalam Kubur,2022-01-01 2026-10-06,2025-10-12,0,36,2026-10-06T04:46:11.003655+00:00
Suzzanna: Bernapas dalam Kubur,Suzzanna Bernapas dalam Kubur,2022-01-01 2026-10-06,2025-10-19,0,38,2026-10-06T04:46:11.003655+00:00
Suzzanna: Bernapas dalam Kubur,Suzzanna Bernapas dalam Kubur,2022-01-01 2026-10-06,2025-10-26,0,42,2026-10-06T04:46:11.003655+00:00
Suzzanna: Bernapas dalam Kubur,Suzzanna Bernapas dalam Kubur,2022-01-01 2026-10-06,2025-11-02,0,39,2026-10-06T04:46:11.003655+00:00
Suzzanna: Bernapas dalam Kubur,Suzzanna Bernapas dalam Kubur,2022-01-01 2026-10-06,2025-11-09,0,37,2026-10-06T04:46:11.003655+00:00
Suzzanna: Bernapas dalam Kubur,Suzzanna Bernapas dalam Kubur,2022-01-01 2026-10-06,2025-11-16,0,38,2026-10-06T04:46:11.003655+00:00
Suzzanna: Bernapas dalam Kubur,Suzzanna Bernapas dalam Kubur,2022-01-01 2026-10-06,2025-11-23,0,34,2026-10-06T04:46:11.003655+00:00
Suzzanna: Bernapas dalam Kubur,Suzzanna Bernapas dalam Kubur,2022-01-01 2026-10-06,2025-11-30,0,33,2026-10-06T04:46:11.003655+00:00
Suzzanna: Bernapas dalam Kubur,Suzzanna Bernapas dalam Kubur,2022-01-01 2026-10-06,2025-12-07,0,38,2026-10-06T04:46:11.003655+00:00
Suzzanna: Bernapas dalam Kubur,Suzzanna Bernapas dalam Kubur,2022-01-01 2026-10-06,2025-12-14,0,44,2026-10-06T04:46:11.003655+00:00
Suzzanna: Bernapas dalam Kubur,Suzzanna Bernapas dalam Kubur,2022-01-01 2026-10-06,2025-12-21,0,53,2026-10-06T04:46:11.003655+00:00
Suzzanna: Bernapas dalam Kubur,Suzzanna Bernapas dalam Kubur,2022-01-01 2026-10-06,2025-12-28,0,59,2026-10-06T04:46:11.003655+00:00
Suzzanna: Bernapas dalam Kubur,Suzzanna Bernapas dalam Kubur,2022-01-01 2026-10-06,2026-01-04,0,44,2026-10-06T04:46:11.003655+00:00
Suzzanna: Bernapas dalam Kubur,Suzzanna Bernapas dalam Kubur,2022-01-01 2026-10-06,2026-01-11,0,43,2026-10-06T04:46:11.003655+00:00
Suzzanna: Bernapas dalam Kubur,Suzzanna Bernapas dalam Kubur,2022-01-01 2026-10-06,2026-01-18,0,39,2026-10-06T04:46:11.003655+00:00
Suzzanna: Bernapas dalam Kubur,Suzzanna Bernapas dalam Kubur,2022-01-01 2026-10-06,2026-01-25,0,37,2026-10-06T04:46:11.003655+00:00
Suzzanna: Bernapas dalam Kubur,Suzzanna Bernapas dalam Kubur,2022-01-01 2026-10-06,2026-02-01,0,38,2026-10-06T04:46:11.003655+00:00
Suzzanna: Bernapas dalam Kubur,Suzzanna Bernapas dalam Kubur,2022-01-01 2026-10-06,2026-02-08,0,35,2026-10-06T04:46:11.003655+00:00
Suzzanna: Bernapas dalam Kubur,Suzzanna Bernapas dalam Kubur,2022-01-01 2026-10-06,2026-02-15,0,41,2026-10-06T04:46:11.003655+00:00
Suzzanna: Bernapas dalam Kubur,Suzzanna Bernapas dalam Kubur,2022-01-01 2026-10-06,2026-02-22,0,36,2026-10-06T04:46:11.003655+00:00
Suzzanna: Bernapas dalam Kubur,Suzzanna Bernapas dalam Kubur,2022-01-01 2026-10-06,2026-03-01,0,32,2026-10-06T04:46:11.003655+00:00
Suzzanna: Bernapas dalam Kubur,Suzzanna Bernapas dalam Kubur,2022-01-01 2026-10-06,2026-03-08,0,33,2026-10-06T04:46:11.003655+00:00
Suzzanna: Bernapas dalam Kubur,Suzzanna Bernapas dalam Kubur,2022-01-01 2026-10-06,2026-03-15,0,45,2026-10-06T04:46:11.003655+00:00
Suzzanna: Bernapas dalam Kubur,Suzzanna Bernapas dalam Kubur,2022-01-01 2026-10-06,2026-03-22,0,57,2026-10-06T04:46:11.003655+00:00
Suzzanna: Bernapas dalam Kubur,Suzzanna Bernapas dalam Kubur,2022-01-01 2026-10-06,2026-03-29,0,42,2026-10-06T04:46:11.003655+00:00
Suzzanna: Bernapas dalam Kubur,Suzzanna Bernapas dalam Kubur,2022-01-01 2026-10-06,2026-04-05,0,37,2026-10-06T04:46:11.003655+00:00
Suzzanna: Bernapas dalam Kubur,Suzzanna Bernapas dalam Kubur,2022-01-01 2026-10-06,2026-04-12,0,37,2026-10-06T04:46:11.003655+00:00
Suzzanna: Bernapas dalam Kubur,Suzzanna Bernapas dalam Kubur,2022-01-01 2026-10-06,2026-04-19,0,40,2026-10-06T04:46:11.003655+00:00
Suzzanna: Bernapas dalam Kubur,Suzzanna Bernapas dalam Kubur,2022-01-01 2026-10-06,2026-04-26,0,42,2026-10-06T04:46:11.003655+00:00
Suzzanna: Bernapas dalam Kubur,Suzzanna Bernapas dalam Kubur,2022-01-01 2026-10-06,2026-05-03,0,38,2026-10-06T04:46:11.003655+00:00
Suzzanna: Bernapas dalam Kubur,Suzzanna Bernapas dalam Kubur,2022-01-01 2026-10-06,2026-05-10,0,42,2026-10-06T04:46:11.003655+00:00
Suzzanna: Bernapas dalam Kubur,Suzzanna Bernapas dalam Kubur,2022-01-01 2026-10-06,2026-05-17,0,37,2026-10-06T04:46:11.003655+00:00
Suzzanna: Bernapas dalam Kubur,Suzzanna Bernapas dalam Kubur,2022-01-01 2026-10-06,2026-05-24,0,44,2026-10-06T04:46:11.003655+00:00
Suzzanna: Bernapas dalam Kubur,Suzzanna Bernapas dalam Kubur,2022-01-01 2026-10-06,2026-05-31,0,40,2026-10-06T04:46:11.003655+00:00
Suzzanna: Bernapas dalam Kubur,Suzzanna Bernapas dalam Kubur,2022-01-01 2026-10-06,2026-06-07,0,36,2026-10-06T04:46:11.003655+00:00
Suzzanna: Bernapas dalam Kubur,Suzzanna Bernapas dalam Kubur,2022-01-01 2026-10-06,2026-06-14,0,44,2026-10-06T04:46:11.003655+00:00
Suzzanna: Bernapas dalam Kubur,Suzzanna Bernapas dalam Kubur,2022-01-01 2026-10-06,2026-06-21,0,43,2026-10-06T04:46:11.003655+00:00
Suzzanna: Bernapas dalam Kubur,Suzzanna Bernapas dalam Kubur,2022-01-01 2026-10-06,2026-06-28,0,45,2026-10-06T04:46:11.003655+00:00
Suzzanna: Bernapas dalam Kubur,Suzzanna Bernapas dalam Kubur,2022-01-01 2026-10-06,2026-07-05,0,44,2026-10-06T04:46:11.003655+00:00
Suzzanna: Bernapas dalam Kubur,Suzzanna Bernapas dalam Kubur,2022-01-01 2026-10-06,2026-07-12,0,39,2026-10-06T04:46:11.003655+00:00
Suzzanna: Bernapas dalam Kubur,Suzzanna Bernapas dalam Kubur,2022-01-01 2026-10-06,2026-07-19,0,37,2026-10-06T04:46:11.003655+00:00
Suzzanna: Bernapas dalam Kubur,Suzzanna Bernapas dalam Kubur,2022-01-01 2026-10-06,2026-07-26,0,36,2026-10-06T04:46:11.003655+00:00
Suzzanna: Bernapas dalam Kubur,Suzzanna Bernapas dalam Kubur,2022-01-01 2026-10-06,2026-08-02,0,31,2026-10-06T04:46:11.003655+00:00
Suzzanna: Bernapas dalam Kubur,Suzzanna Bernapas dalam Kubur,2022-01-01 2026-10-06,2026-08-09,0,34,2026-10-06T04:46:11.003655+00:00
Suzzanna: Bernapas dalam Kubur,Suzzanna Bernapas dalam Kubur,2022-01-01 2026-10-06,2026-08-16,0,40,2026-10-06T04:46:11.003655+00:00
Suzzanna: Bernapas dalam Kubur,Suzzanna Bernapas dalam Kubur,2022-01-01 2026-10-06,2026-08-23,0,44,2026-10-06T04:46:11.003655+00:00
Suzzanna: Bernapas dalam Kubur,Suzzanna Bernapas dalam Kubur,2022-01-01 2026-10-06,2026-08-30,0,36,2026-10-06T04:46:11.003655+00:00
Suzzanna: Bernapas dalam Kubur,Suzzanna Bernapas dalam Kubur,2022-01-01 2026-10-06,2026-09-06,0,36,2026-10-06T04:46:11.003655+00:00
Suzzanna: Bernapas dalam Kubur,Suzzanna Bernapas dalam Kubur,2022-01-01 2026-10-06,2026-09-13,0,35,2026-10-06T04:46:11.003655+00:00
Suzzanna: Bernapas dalam Kubur,Suzzanna Bernapas dalam Kubur,2022-01-01 2026-10-06,2026-09-20,0,37,2026-10-06T04:46:11.003655+00:00
Suzzanna: Bernapas dalam Kubur,Suzzanna Bernapas dalam Kubur,2022-01-01 2026-10-06,2026-09-27,0,37,2026-10-06T04:46:11.003655+00:00
Suzzanna: Bernapas dalam Kubur,Suzzanna Bernapas dalam Kubur,2022-01-01 2026-10-06,2026-10-04,0,34,2026-10-06T04:46:11.003655+00:00
Sabrina,film Sabrina,2020-01-01 2024-12-31,2019-12-29,1,81,2026-10-06T04:46:52.981349+00:00
Sabrina,film Sabrina,2020-01-01 2024-12-31,2020-01-05,1,58,2026-10-06T04:46:52.981349+00:00
Sabrina,film Sabrina,2020-01-01 2024-12-31,2020-01-12,1,51,2026-10-06T04:46:52.981349+00:00
Sabrina,film Sabrina,2020-01-01 2024-12-31,2020-01-19,1,51,2026-10-06T04:46:52.981349+00:00
Sabrina,film Sabrina,2020-01-01 2024-12-31,2020-01-26,1,49,2026-10-06T04:46:52.981349+00:00
Sabrina,film Sabrina,2020-01-01 2024-12-31,2020-02-02,1,48,2026-10-06T04:46:52.981349+00:00
Sabrina,film Sabrina,2020-01-01 2024-12-31,2020-02-09,1,47,2026-10-06T04:46:52.981349+00:00
Sabrina,film Sabrina,2020-01-01 2024-12-31,2020-02-16,1,50,2026-10-06T04:46:52.981349+00:00
Sabrina,film Sabrina,2020-01-01 2024-12-31,2020-02-23,1,48,2026-10-06T04:46:52.981349+00:00
Sabrina,film Sabrina,2020-01-01 2024-12-31,2020-03-01,1,49,2026-10-06T04:46:52.981349+00:00
Sabrina,film Sabrina,2020-01-01 2024-12-31,2020-03-08,0,53,2026-10-06T04:46:52.981349+00:00
Sabrina,film Sabrina,2020-01-01 2024-12-31,2020-03-15,1,52,2026-10-06T04:46:52.981349+00:00
Sabrina,film Sabrina,2020-01-01 2024-12-31,2020-03-22,1,67,2026-10-06T04:46:52.981349+00:00
Sabrina,film Sabrina,2020-01-01 2024-12-31,2020-03-29,1,63,2026-10-06T04:46:52.981349+00:00
Sabrina,film Sabrina,2020-01-01 2024-12-31,2020-04-05,1,68,2026-10-06T04:46:52.981349+00:00
Sabrina,film Sabrina,2020-01-01 2024-12-31,2020-04-12,1,67,2026-10-06T04:46:52.981349+00:00
Sabrina,film Sabrina,2020-01-01 2024-12-31,2020-04-19,1,71,2026-10-06T04:46:52.981349+00:00
Sabrina,film Sabrina,2020-01-01 2024-12-31,2020-04-26,1,66,2026-10-06T04:46:52.981349+00:00
Sabrina,film Sabrina,2020-01-01 2024-12-31,2020-05-03,1,59,2026-10-06T04:46:52.981349+00:00
Sabrina,film Sabrina,2020-01-01 2024-12-31,2020-05-10,1,53,2026-10-06T04:46:52.981349+00:00
Sabrina,film Sabrina,2020-01-01 2024-12-31,2020-05-17,1,53,2026-10-06T04:46:52.981349+00:00
Sabrina,film Sabrina,2020-01-01 2024-12-31,2020-05-24,1,68,2026-10-06T04:46:52.981349+00:00
Sabrina,film Sabrina,2020-01-01 2024-12-31,2020-05-31,1,61,2026-10-06T04:46:52.981349+00:00
Sabrina,film Sabrina,2020-01-01 2024-12-31,2020-06-07,1,50,2026-10-06T04:46:52.981349+00:00
Sabrina,film Sabrina,2020-01-01 2024-12-31,2020-06-14,1,59,2026-10-06T04:46:52.981349+00:00
Sabrina,film Sabrina,2020-01-01 2024-12-31,2020-06-21,1,62,2026-10-06T04:46:52.981349+00:00
Sabrina,film Sabrina,2020-01-01 2024-12-31,2020-06-28,1,58,2026-10-06T04:46:52.981349+00:00
Sabrina,film Sabrina,2020-01-01 2024-12-31,2020-07-05,1,55,2026-10-06T04:46:52.981349+00:00
Sabrina,film Sabrina,2020-01-01 2024-12-31,2020-07-12,1,50,2026-10-06T04:46:52.981349+00:00
Sabrina,film Sabrina,2020-01-01 2024-12-31,2020-07-19,1,47,2026-10-06T04:46:52.981349+00:00
Sabrina,film Sabrina,2020-01-01 2024-12-31,2020-07-26,1,50,2026-10-06T04:46:52.981349+00:00
Sabrina,film Sabrina,2020-01-01 2024-12-31,2020-08-02,1,46,2026-10-06T04:46:52.981349+00:00
Sabrina,film Sabrina,2020-01-01 2024-12-31,2020-08-09,1,49,2026-10-06T04:46:52.981349+00:00
Sabrina,film Sabrina,2020-01-01 2024-12-31,2020-08-16,2,60,2026-10-06T04:46:52.981349+00:00
Sabrina,film Sabrina,2020-01-01 2024-12-31,2020-08-23,1,52,2026-10-06T04:46:52.981349+00:00
Sabrina,film Sabrina,2020-01-01 2024-12-31,2020-08-30,1,46,2026-10-06T04:46:52.981349+00:00
Sabrina,film Sabrina,2020-01-01 2024-12-31,2020-09-06,1,47,2026-10-06T04:46:52.981349+00:00
Sabrina,film Sabrina,2020-01-01 2024-12-31,2020-09-13,1,46,2026-10-06T04:46:52.981349+00:00
Sabrina,film Sabrina,2020-01-01 2024-12-31,2020-09-20,0,42,2026-10-06T04:46:52.981349+00:00
Sabrina,film Sabrina,2020-01-01 2024-12-31,2020-09-27,1,41,2026-10-06T04:46:52.981349+00:00
Sabrina,film Sabrina,2020-01-01 2024-12-31,2020-10-04,1,41,2026-10-06T04:46:52.981349+00:00
Sabrina,film Sabrina,2020-01-01 2024-12-31,2020-10-11,1,42,2026-10-06T04:46:52.981349+00:00
Sabrina,film Sabrina,2020-01-01 2024-12-31,2020-10-18,1,42,2026-10-06T04:46:52.981349+00:00
Sabrina,film Sabrina,2020-01-01 2024-12-31,2020-10-25,0,54,2026-10-06T04:46:52.981349+00:00
Sabrina,film Sabrina,2020-01-01 2024-12-31,2020-11-01,1,44,2026-10-06T04:46:52.981349+00:00
Sabrina,film Sabrina,2020-01-01 2024-12-31,2020-11-08,1,45,2026-10-06T04:46:52.981349+00:00
Sabrina,film Sabrina,2020-01-01 2024-12-31,2020-11-15,1,43,2026-10-06T04:46:52.981349+00:00
Sabrina,film Sabrina,2020-01-01 2024-12-31,2020-11-22,0,44,2026-10-06T04:46:52.981349+00:00
Sabrina,film Sabrina,2020-01-01 2024-12-31,2020-11-29,1,42,2026-10-06T04:46:52.981349+00:00
Sabrina,film Sabrina,2020-01-01 2024-12-31,2020-12-06,1,46,2026-10-06T04:46:52.981349+00:00
Sabrina,film Sabrina,2020-01-01 2024-12-31,2020-12-13,0,51,2026-10-06T04:46:52.981349+00:00
Sabrina,film Sabrina,2020-01-01 2024-12-31,2020-12-20,1,65,2026-10-06T04:46:52.981349+00:00
Sabrina,film Sabrina,2020-01-01 2024-12-31,2020-12-27,5,88,2026-10-06T04:46:52.981349+00:00
Sabrina,film Sabrina,2020-01-01 2024-12-31,2021-01-03,2,55,2026-10-06T04:46:52.981349+00:00
Sabrina,film Sabrina,2020-01-01 2024-12-31,2021-01-10,1,45,2026-10-06T04:46:52.981349+00:00
Sabrina,film Sabrina,2020-01-01 2024-12-31,2021-01-17,1,45,2026-10-06T04:46:52.981349+00:00
Sabrina,film Sabrina,2020-01-01 2024-12-31,2021-01-24,1,45,2026-10-06T04:46:52.981349+00:00
Sabrina,film Sabrina,2020-01-01 2024-12-31,2021-01-31,1,41,2026-10-06T04:46:52.981349+00:00
Sabrina,film Sabrina,2020-01-01 2024-12-31,2021-02-07,1,43,2026-10-06T04:46:52.981349+00:00
Sabrina,film Sabrina,2020-01-01 2024-12-31,2021-02-14,1,41,2026-10-06T04:46:52.981349+00:00
Sabrina,film Sabrina,2020-01-01 2024-12-31,2021-02-21,1,39,2026-10-06T04:46:52.981349+00:00
Sabrina,film Sabrina,2020-01-01 2024-12-31,2021-02-28,0,37,2026-10-06T04:46:52.981349+00:00
Sabrina,film Sabrina,2020-01-01 2024-12-31,2021-03-07,1,40,2026-10-06T04:46:52.981349+00:00
Sabrina,film Sabrina,2020-01-01 2024-12-31,2021-03-14,0,37,2026-10-06T04:46:52.981349+00:00
Sabrina,film Sabrina,2020-01-01 2024-12-31,2021-03-21,1,37,2026-10-06T04:46:52.981349+00:00
Sabrina,film Sabrina,2020-01-01 2024-12-31,2021-03-28,0,40,2026-10-06T04:46:52.981349+00:00
Sabrina,film Sabrina,2020-01-01 2024-12-31,2021-04-04,1,41,2026-10-06T04:46:52.981349+00:00
Sabrina,film Sabrina,2020-01-01 2024-12-31,2021-04-11,0,43,2026-10-06T04:46:52.981349+00:00
Sabrina,film Sabrina,2020-01-01 2024-12-31,2021-04-18,1,42,2026-10-06T04:46:52.981349+00:00
Sabrina,film Sabrina,2020-01-01 2024-12-31,2021-04-25,1,40,2026-10-06T04:46:52.981349+00:00
Sabrina,film Sabrina,2020-01-01 2024-12-31,2021-05-02,1,40,2026-10-06T04:46:52.981349+00:00
Sabrina,film Sabrina,2020-01-01 2024-12-31,2021-05-09,1,51,2026-10-06T04:46:52.981349+00:00
Sabrina,film Sabrina,2020-01-01 2024-12-31,2021-05-16,0,49,2026-10-06T04:46:52.981349+00:00
Sabrina,film Sabrina,2020-01-01 2024-12-31,2021-05-23,1,42,2026-10-06T04:46:52.981349+00:00
Sabrina,film Sabrina,2020-01-01 2024-12-31,2021-05-30,1,46,2026-10-06T04:46:52.981349+00:00
Sabrina,film Sabrina,2020-01-01 2024-12-31,2021-06-06,0,46,2026-10-06T04:46:52.981349+00:00
Sabrina,film Sabrina,2020-01-01 2024-12-31,2021-06-13,0,49,2026-10-06T04:46:52.981349+00:00
Sabrina,film Sabrina,2020-01-01 2024-12-31,2021-06-20,0,51,2026-10-06T04:46:52.981349+00:00
Sabrina,film Sabrina,2020-01-01 2024-12-31,2021-06-27,1,52,2026-10-06T04:46:52.981349+00:00
Sabrina,film Sabrina,2020-01-01 2024-12-31,2021-07-04,1,51,2026-10-06T04:46:52.981349+00:00
Sabrina,film Sabrina,2020-01-01 2024-12-31,2021-07-11,1,49,2026-10-06T04:46:52.981349+00:00
Sabrina,film Sabrina,2020-01-01 2024-12-31,2021-07-18,1,49,2026-10-06T04:46:52.981349+00:00
Sabrina,film Sabrina,2020-01-01 2024-12-31,2021-07-25,1,40,2026-10-06T04:46:52.981349+00:00
Sabrina,film Sabrina,2020-01-01 2024-12-31,2021-08-01,0,39,2026-10-06T04:46:52.981349+00:00
Sabrina,film Sabrina,2020-01-01 2024-12-31,2021-08-08,1,41,2026-10-06T04:46:52.981349+00:00
Sabrina,film Sabrina,2020-01-01 2024-12-31,2021-08-15,1,44,2026-10-06T04:46:52.981349+00:00
Sabrina,film Sabrina,2020-01-01 2024-12-31,2021-08-22,0,42,2026-10-06T04:46:52.981349+00:00
Sabrina,film Sabrina,2020-01-01 2024-12-31,2021-08-29,3,46,2026-10-06T04:46:52.981349+00:00
Sabrina,film Sabrina,2020-01-01 2024-12-31,2021-09-05,1,40,2026-10-06T04:46:52.981349+00:00
Sabrina,film Sabrina,2020-01-01 2024-12-31,2021-09-12,0,39,2026-10-06T04:46:52.981349+00:00
Sabrina,film Sabrina,2020-01-01 2024-12-31,2021-09-19,0,34,2026-10-06T04:46:52.981349+00:00
Sabrina,film Sabrina,2020-01-01 2024-12-31,2021-09-26,0,35,2026-10-06T04:46:52.981349+00:00
Sabrina,film Sabrina,2020-01-01 2024-12-31,2021-10-03,0,37,2026-10-06T04:46:52.981349+00:00
Sabrina,film Sabrina,2020-01-01 2024-12-31,2021-10-10,0,39,2026-10-06T04:46:52.981349+00:00
Sabrina,film Sabrina,2020-01-01 2024-12-31,2021-10-17,0,43,2026-10-06T04:46:52.981349+00:00
Sabrina,film Sabrina,2020-01-01 2024-12-31,2021-10-24,1,40,2026-10-06T04:46:52.981349+00:00
Sabrina,film Sabrina,2020-01-01 2024-12-31,2021-10-31,1,50,2026-10-06T04:46:52.981349+00:00
Sabrina,film Sabrina,2020-01-01 2024-12-31,2021-11-07,1,46,2026-10-06T04:46:52.981349+00:00
Sabrina,film Sabrina,2020-01-01 2024-12-31,2021-11-14,1,52,2026-10-06T04:46:52.981349+00:00
Sabrina,film Sabrina,2020-01-01 2024-12-31,2021-11-21,1,50,2026-10-06T04:46:52.981349+00:00
Sabrina,film Sabrina,2020-01-01 2024-12-31,2021-11-28,1,40,2026-10-06T04:46:52.981349+00:00
Sabrina,film Sabrina,2020-01-01 2024-12-31,2021-12-05,0,45,2026-10-06T04:46:52.981349+00:00
Sabrina,film Sabrina,2020-01-01 2024-12-31,2021-12-12,1,49,2026-10-06T04:46:52.981349+00:00
Sabrina,film Sabrina,2020-01-01 2024-12-31,2021-12-19,1,59,2026-10-06T04:46:52.981349+00:00
Sabrina,film Sabrina,2020-01-01 2024-12-31,2021-12-26,1,79,2026-10-06T04:46:52.981349+00:00
Sabrina,film Sabrina,2020-01-01 2024-12-31,2022-01-02,1,62,2026-10-06T04:46:52.981349+00:00
Sabrina,film Sabrina,2020-01-01 2024-12-31,2022-01-09,1,66,2026-10-06T04:46:52.981349+00:00
Sabrina,film Sabrina,2020-01-01 2024-12-31,2022-01-16,1,49,2026-10-06T04:46:52.981349+00:00
Sabrina,film Sabrina,2020-01-01 2024-12-31,2022-01-23,1,51,2026-10-06T04:46:52.981349+00:00
Sabrina,film Sabrina,2020-01-01 2024-12-31,2022-01-30,0,50,2026-10-06T04:46:52.981349+00:00
Sabrina,film Sabrina,2020-01-01 2024-12-31,2022-02-06,1,49,2026-10-06T04:46:52.981349+00:00
Sabrina,film Sabrina,2020-01-01 2024-12-31,2022-02-13,1,54,2026-10-06T04:46:52.981349+00:00
Sabrina,film Sabrina,2020-01-01 2024-12-31,2022-02-20,0,50,2026-10-06T04:46:52.981349+00:00
Sabrina,film Sabrina,2020-01-01 2024-12-31,2022-02-27,1,55,2026-10-06T04:46:52.981349+00:00
Sabrina,film Sabrina,2020-01-01 2024-12-31,2022-03-06,1,41,2026-10-06T04:46:52.981349+00:00
Sabrina,film Sabrina,2020-01-01 2024-12-31,2022-03-13,1,43,2026-10-06T04:46:52.981349+00:00
Sabrina,film Sabrina,2020-01-01 2024-12-31,2022-03-20,0,46,2026-10-06T04:46:52.981349+00:00
Sabrina,film Sabrina,2020-01-01 2024-12-31,2022-03-27,1,43,2026-10-06T04:46:52.981349+00:00
Sabrina,film Sabrina,2020-01-01 2024-12-31,2022-04-03,0,45,2026-10-06T04:46:52.981349+00:00
Sabrina,film Sabrina,2020-01-01 2024-12-31,2022-04-10,1,47,2026-10-06T04:46:52.981349+00:00
Sabrina,film Sabrina,2020-01-01 2024-12-31,2022-04-17,0,51,2026-10-06T04:46:52.981349+00:00
Sabrina,film Sabrina,2020-01-01 2024-12-31,2022-04-24,1,55,2026-10-06T04:46:52.981349+00:00
Sabrina,film Sabrina,2020-01-01 2024-12-31,2022-05-01,1,98,2026-10-06T04:46:52.981349+00:00
Sabrina,film Sabrina,2020-01-01 2024-12-31,2022-05-08,1,75,2026-10-06T04:46:52.981349+00:00
Sabrina,film Sabrina,2020-01-01 2024-12-31,2022-05-15,1,62,2026-10-06T04:46:52.981349+00:00
Sabrina,film Sabrina,2020-01-01 2024-12-31,2022-05-22,1,58,2026-10-06T04:46:52.981349+00:00
Sabrina,film Sabrina,2020-01-01 2024-12-31,2022-05-29,1,53,2026-10-06T04:46:52.981349+00:00
Sabrina,film Sabrina,2020-01-01 2024-12-31,2022-06-05,2,48,2026-10-06T04:46:52.981349+00:00
Sabrina,film Sabrina,2020-01-01 2024-12-31,2022-06-12,1,50,2026-10-06T04:46:52.981349+00:00
Sabrina,film Sabrina,2020-01-01 2024-12-31,2022-06-19,1,59,2026-10-06T04:46:52.981349+00:00
Sabrina,film Sabrina,2020-01-01 2024-12-31,2022-06-26,1,56,2026-10-06T04:46:52.981349+00:00
Sabrina,film Sabrina,2020-01-01 2024-12-31,2022-07-03,1,54,2026-10-06T04:46:52.981349+00:00
Sabrina,film Sabrina,2020-01-01 2024-12-31,2022-07-10,0,59,2026-10-06T04:46:52.981349+00:00
Sabrina,film Sabrina,2020-01-01 2024-12-31,2022-07-17,0,54,2026-10-06T04:46:52.981349+00:00
Sabrina,film Sabrina,2020-01-01 2024-12-31,2022-07-24,1,47,2026-10-06T04:46:52.981349+00:00
Sabrina,film Sabrina,2020-01-01 2024-12-31,2022-07-31,0,54,2026-10-06T04:46:52.981349+00:00
Sabrina,film Sabrina,2020-01-01 2024-12-31,2022-08-07,1,52,2026-10-06T04:46:52.981349+00:00
Sabrina,film Sabrina,2020-01-01 2024-12-31,2022-08-14,1,54,2026-10-06T04:46:52.981349+00:00
Sabrina,film Sabrina,2020-01-01 2024-12-31,2022-08-21,1,48,2026-10-06T04:46:52.981349+00:00
Sabrina,film Sabrina,2020-01-01 2024-12-31,2022-08-28,0,46,2026-10-06T04:46:52.981349+00:00
Sabrina,film Sabrina,2020-01-01 2024-12-31,2022-09-04,1,47,2026-10-06T04:46:52.981349+00:00
Sabrina,film Sabrina,2020-01-01 2024-12-31,2022-09-11,0,42,2026-10-06T04:46:52.981349+00:00
Sabrina,film Sabrina,2020-01-01 2024-12-31,2022-09-18,0,42,2026-10-06T04:46:52.981349+00:00
Sabrina,film Sabrina,2020-01-01 2024-12-31,2022-09-25,0,41,2026-10-06T04:46:52.981349+00:00
Sabrina,film Sabrina,2020-01-01 2024-12-31,2022-10-02,1,46,2026-10-06T04:46:52.981349+00:00
Sabrina,film Sabrina,2020-01-01 2024-12-31,2022-10-09,1,54,2026-10-06T04:46:52.981349+00:00
Sabrina,film Sabrina,2020-01-01 2024-12-31,2022-10-16,1,53,2026-10-06T04:46:52.981349+00:00
Sabrina,film Sabrina,2020-01-01 2024-12-31,2022-10-23,1,48,2026-10-06T04:46:52.981349+00:00
Sabrina,film Sabrina,2020-01-01 2024-12-31,2022-10-30,0,50,2026-10-06T04:46:52.981349+00:00
Sabrina,film Sabrina,2020-01-01 2024-12-31,2022-11-06,1,52,2026-10-06T04:46:52.981349+00:00
Sabrina,film Sabrina,2020-01-01 2024-12-31,2022-11-13,0,53,2026-10-06T04:46:52.981349+00:00
Sabrina,film Sabrina,2020-01-01 2024-12-31,2022-11-20,0,44,2026-10-06T04:46:52.981349+00:00
Sabrina,film Sabrina,2020-01-01 2024-12-31,2022-11-27,1,43,2026-10-06T04:46:52.981349+00:00
Sabrina,film Sabrina,2020-01-01 2024-12-31,2022-12-04,1,41,2026-10-06T04:46:52.981349+00:00
Sabrina,film Sabrina,2020-01-01 2024-12-31,2022-12-11,1,52,2026-10-06T04:46:52.981349+00:00
Sabrina,film Sabrina,2020-01-01 2024-12-31,2022-12-18,1,58,2026-10-06T04:46:52.981349+00:00
Sabrina,film Sabrina,2020-01-01 2024-12-31,2022-12-25,1,100,2026-10-06T04:46:52.981349+00:00
Sabrina,film Sabrina,2020-01-01 2024-12-31,2023-01-01,1,63,2026-10-06T04:46:52.981349+00:00
Sabrina,film Sabrina,2020-01-01 2024-12-31,2023-01-08,1,50,2026-10-06T04:46:52.981349+00:00
Sabrina,film Sabrina,2020-01-01 2024-12-31,2023-01-15,0,48,2026-10-06T04:46:52.981349+00:00
Sabrina,film Sabrina,2020-01-01 2024-12-31,2023-01-22,0,55,2026-10-06T04:46:52.981349+00:00
Sabrina,film Sabrina,2020-01-01 2024-12-31,2023-01-29,0,48,2026-10-06T04:46:52.981349+00:00
Sabrina,film Sabrina,2020-01-01 2024-12-31,2023-02-05,1,51,2026-10-06T04:46:52.981349+00:00
Sabrina,film Sabrina,2020-01-01 2024-12-31,2023-02-12,0,55,2026-10-06T04:46:52.981349+00:00
Sabrina,film Sabrina,2020-01-01 2024-12-31,2023-02-19,0,50,2026-10-06T04:46:52.981349+00:00
Sabrina,film Sabrina,2020-01-01 2024-12-31,2023-02-26,0,50,2026-10-06T04:46:52.981349+00:00
Sabrina,film Sabrina,2020-01-01 2024-12-31,2023-03-05,0,46,2026-10-06T04:46:52.981349+00:00
Sabrina,film Sabrina,2020-01-01 2024-12-31,2023-03-12,0,46,2026-10-06T04:46:52.981349+00:00
Sabrina,film Sabrina,2020-01-01 2024-12-31,2023-03-19,0,56,2026-10-06T04:46:52.981349+00:00
Sabrina,film Sabrina,2020-01-01 2024-12-31,2023-03-26,1,46,2026-10-06T04:46:52.981349+00:00
Sabrina,film Sabrina,2020-01-01 2024-12-31,2023-04-02,0,49,2026-10-06T04:46:52.981349+00:00
Sabrina,film Sabrina,2020-01-01 2024-12-31,2023-04-09,1,46,2026-10-06T04:46:52.981349+00:00
Sabrina,film Sabrina,2020-01-01 2024-12-31,2023-04-16,1,59,2026-10-06T04:46:52.981349+00:00
Sabrina,film Sabrina,2020-01-01 2024-12-31,2023-04-23,0,83,2026-10-06T04:46:52.981349+00:00
Sabrina,film Sabrina,2020-01-01 2024-12-31,2023-04-30,3,68,2026-10-06T04:46:52.981349+00:00
Sabrina,film Sabrina,2020-01-01 2024-12-31,2023-05-07,1,57,2026-10-06T04:46:52.981349+00:00
Sabrina,film Sabrina,2020-01-01 2024-12-31,2023-05-14,0,61,2026-10-06T04:46:52.981349+00:00
Sabrina,film Sabrina,2020-01-01 2024-12-31,2023-05-21,0,58,2026-10-06T04:46:52.981349+00:00
Sabrina,film Sabrina,2020-01-01 2024-12-31,2023-05-28,0,54,2026-10-06T04:46:52.981349+00:00
Sabrina,film Sabrina,2020-01-01 2024-12-31,2023-06-04,0,48,2026-10-06T04:46:52.981349+00:00
Sabrina,film Sabrina,2020-01-01 2024-12-31,2023-06-11,0,50,2026-10-06T04:46:52.981349+00:00
Sabrina,film Sabrina,2020-01-01 2024-12-31,2023-06-18,0,55,2026-10-06T04:46:52.981349+00:00
Sabrina,film Sabrina,2020-01-01 2024-12-31,2023-06-25,0,64,2026-10-06T04:46:52.981349+00:00
Sabrina,film Sabrina,2020-01-01 2024-12-31,2023-07-02,0,55,2026-10-06T04:46:52.981349+00:00
Sabrina,film Sabrina,2020-01-01 2024-12-31,2023-07-09,1,59,2026-10-06T04:46:52.981349+00:00
Sabrina,film Sabrina,2020-01-01 2024-12-31,2023-07-16,1,59,2026-10-06T04:46:52.981349+00:00
Sabrina,film Sabrina,2020-01-01 2024-12-31,2023-07-23,0,50,2026-10-06T04:46:52.981349+00:00
Sabrina,film Sabrina,2020-01-01 2024-12-31,2023-07-30,0,47,2026-10-06T04:46:52.981349+00:00
Sabrina,film Sabrina,2020-01-01 2024-12-31,2023-08-06,0,51,2026-10-06T04:46:52.981349+00:00
Sabrina,film Sabrina,2020-01-01 2024-12-31,2023-08-13,0,53,2026-10-06T04:46:52.981349+00:00
Sabrina,film Sabrina,2020-01-01 2024-12-31,2023-08-20,0,48,2026-10-06T04:46:52.981349+00:00
Sabrina,film Sabrina,2020-01-01 2024-12-31,2023-08-27,0,50,2026-10-06T04:46:52.981349+00:00
Sabrina,film Sabrina,2020-01-01 2024-12-31,2023-09-03,1,55,2026-10-06T04:46:52.981349+00:00
Sabrina,film Sabrina,2020-01-01 2024-12-31,2023-09-10,0,50,2026-10-06T04:46:52.981349+00:00
Sabrina,film Sabrina,2020-01-01 2024-12-31,2023-09-17,0,52,2026-10-06T04:46:52.981349+00:00
Sabrina,film Sabrina,2020-01-01 2024-12-31,2023-09-24,0,54,2026-10-06T04:46:52.981349+00:00
Sabrina,film Sabrina,2020-01-01 2024-12-31,2023-10-01,0,57,2026-10-06T04:46:52.981349+00:00
Sabrina,film Sabrina,2020-01-01 2024-12-31,2023-10-08,0,58,2026-10-06T04:46:52.981349+00:00
Sabrina,film Sabrina,2020-01-01 2024-12-31,2023-10-15,0,55,2026-10-06T04:46:52.981349+00:00
Sabrina,film Sabrina,2020-01-01 2024-12-31,2023-10-22,0,57,2026-10-06T04:46:52.981349+00:00
Sabrina,film Sabrina,2020-01-01 2024-12-31,2023-10-29,0,56,2026-10-06T04:46:52.981349+00:00
Sabrina,film Sabrina,2020-01-01 2024-12-31,2023-11-05,0,54,2026-10-06T04:46:52.981349+00:00
Sabrina,film Sabrina,2020-01-01 2024-12-31,2023-11-12,0,54,2026-10-06T04:46:52.981349+00:00
Sabrina,film Sabrina,2020-01-01 2024-12-31,2023-11-19,0,52,2026-10-06T04:46:52.981349+00:00
Sabrina,film Sabrina,2020-01-01 2024-12-31,2023-11-26,0,49,2026-10-06T04:46:52.981349+00:00
Sabrina,film Sabrina,2020-01-01 2024-12-31,2023-12-03,0,50,2026-10-06T04:46:52.981349+00:00
Sabrina,film Sabrina,2020-01-01 2024-12-31,2023-12-10,0,58,2026-10-06T04:46:52.981349+00:00
Sabrina,film Sabrina,2020-01-01 2024-12-31,2023-12-17,0,60,2026-10-06T04:46:52.981349+00:00
Sabrina,film Sabrina,2020-01-01 2024-12-31,2023-12-24,1,88,2026-10-06T04:46:52.981349+00:00
Sabrina,film Sabrina,2020-01-01 2024-12-31,2023-12-31,0,67,2026-10-06T04:46:52.981349+00:00
Sabrina,film Sabrina,2020-01-01 2024-12-31,2024-01-07,0,51,2026-10-06T04:46:52.981349+00:00
Sabrina,film Sabrina,2020-01-01 2024-12-31,2024-01-14,0,49,2026-10-06T04:46:52.981349+00:00
Sabrina,film Sabrina,2020-01-01 2024-12-31,2024-01-21,0,50,2026-10-06T04:46:52.981349+00:00
Sabrina,film Sabrina,2020-01-01 2024-12-31,2024-01-28,0,53,2026-10-06T04:46:52.981349+00:00
Sabrina,film Sabrina,2020-01-01 2024-12-31,2024-02-04,1,57,2026-10-06T04:46:52.981349+00:00
Sabrina,film Sabrina,2020-01-01 2024-12-31,2024-02-11,0,53,2026-10-06T04:46:52.981349+00:00
Sabrina,film Sabrina,2020-01-01 2024-12-31,2024-02-18,0,49,2026-10-06T04:46:52.981349+00:00
Sabrina,film Sabrina,2020-01-01 2024-12-31,2024-02-25,0,54,2026-10-06T04:46:52.981349+00:00
Sabrina,film Sabrina,2020-01-01 2024-12-31,2024-03-03,1,51,2026-10-06T04:46:52.981349+00:00
Sabrina,film Sabrina,2020-01-01 2024-12-31,2024-03-10,0,56,2026-10-06T04:46:52.981349+00:00
Sabrina,film Sabrina,2020-01-01 2024-12-31,2024-03-17,0,47,2026-10-06T04:46:52.981349+00:00
Sabrina,film Sabrina,2020-01-01 2024-12-31,2024-03-24,0,51,2026-10-06T04:46:52.981349+00:00
Sabrina,film Sabrina,2020-01-01 2024-12-31,2024-03-31,0,47,2026-10-06T04:46:52.981349+00:00
Sabrina,film Sabrina,2020-01-01 2024-12-31,2024-04-07,1,69,2026-10-06T04:46:52.981349+00:00
Sabrina,film Sabrina,2020-01-01 2024-12-31,2024-04-14,1,60,2026-10-06T04:46:52.981349+00:00
Sabrina,film Sabrina,2020-01-01 2024-12-31,2024-04-21,0,48,2026-10-06T04:46:52.981349+00:00
Sabrina,film Sabrina,2020-01-01 2024-12-31,2024-04-28,0,46,2026-10-06T04:46:52.981349+00:00
Sabrina,film Sabrina,2020-01-01 2024-12-31,2024-05-05,1,53,2026-10-06T04:46:52.981349+00:00
Sabrina,film Sabrina,2020-01-01 2024-12-31,2024-05-12,0,54,2026-10-06T04:46:52.981349+00:00
Sabrina,film Sabrina,2020-01-01 2024-12-31,2024-05-19,0,51,2026-10-06T04:46:52.981349+00:00
Sabrina,film Sabrina,2020-01-01 2024-12-31,2024-05-26,0,41,2026-10-06T04:46:52.981349+00:00
Sabrina,film Sabrina,2020-01-01 2024-12-31,2024-06-02,0,36,2026-10-06T04:46:52.981349+00:00
Sabrina,film Sabrina,2020-01-01 2024-12-31,2024-06-09,0,41,2026-10-06T04:46:52.981349+00:00
Sabrina,film Sabrina,2020-01-01 2024-12-31,2024-06-16,1,51,2026-10-06T04:46:52.981349+00:00
Sabrina,film Sabrina,2020-01-01 2024-12-31,2024-06-23,0,48,2026-10-06T04:46:52.981349+00:00
Sabrina,film Sabrina,2020-01-01 2024-12-31,2024-06-30,1,53,2026-10-06T04:46:52.981349+00:00
Sabrina,film Sabrina,2020-01-01 2024-12-31,2024-07-07,1,52,2026-10-06T04:46:52.981349+00:00
Sabrina,film Sabrina,2020-01-01 2024-12-31,2024-07-14,0,50,2026-10-06T04:46:52.981349+00:00
Sabrina,film Sabrina,2020-01-01 2024-12-31,2024-07-21,1,51,2026-10-06T04:46:52.981349+00:00
Sabrina,film Sabrina,2020-01-01 2024-12-31,2024-07-28,1,50,2026-10-06T04:46:52.981349+00:00
Sabrina,film Sabrina,2020-01-01 2024-12-31,2024-08-04,1,46,2026-10-06T04:46:52.981349+00:00
Sabrina,film Sabrina,2020-01-01 2024-12-31,2024-08-11,0,51,2026-10-06T04:46:52.981349+00:00
Sabrina,film Sabrina,2020-01-01 2024-12-31,2024-08-18,1,48,2026-10-06T04:46:52.981349+00:00
Sabrina,film Sabrina,2020-01-01 2024-12-31,2024-08-25,0,48,2026-10-06T04:46:52.981349+00:00
Sabrina,film Sabrina,2020-01-01 2024-12-31,2024-09-01,0,45,2026-10-06T04:46:52.981349+00:00
Sabrina,film Sabrina,2020-01-01 2024-12-31,2024-09-08,1,50,2026-10-06T04:46:52.981349+00:00
Sabrina,film Sabrina,2020-01-01 2024-12-31,2024-09-15,1,55,2026-10-06T04:46:52.981349+00:00
Sabrina,film Sabrina,2020-01-01 2024-12-31,2024-09-22,0,54,2026-10-06T04:46:52.981349+00:00
Sabrina,film Sabrina,2020-01-01 2024-12-31,2024-09-29,1,54,2026-10-06T04:46:52.981349+00:00
Sabrina,film Sabrina,2020-01-01 2024-12-31,2024-10-06,0,52,2026-10-06T04:46:52.981349+00:00
Sabrina,film Sabrina,2020-01-01 2024-12-31,2024-10-13,0,50,2026-10-06T04:46:52.981349+00:00
Sabrina,film Sabrina,2020-01-01 2024-12-31,2024-10-20,1,50,2026-10-06T04:46:52.981349+00:00
Sabrina,film Sabrina,2020-01-01 2024-12-31,2024-10-27,0,50,2026-10-06T04:46:52.981349+00:00
Sabrina,film Sabrina,2020-01-01 2024-12-31,2024-11-03,0,61,2026-10-06T04:46:52.981349+00:00
Sabrina,film Sabrina,2020-01-01 2024-12-31,2024-11-10,0,57,2026-10-06T04:46:52.981349+00:00
Sabrina,film Sabrina,2020-01-01 2024-12-31,2024-11-17,1,61,2026-10-06T04:46:52.981349+00:00
Sabrina,film Sabrina,2020-01-01 2024-12-31,2024-11-24,0,59,2026-10-06T04:46:52.981349+00:00
Sabrina,film Sabrina,2020-01-01 2024-12-31,2024-12-01,0,52,2026-10-06T04:46:52.981349+00:00
Sabrina,film Sabrina,2020-01-01 2024-12-31,2024-12-08,0,56,2026-10-06T04:46:52.981349+00:00
Sabrina,film Sabrina,2020-01-01 2024-12-31,2024-12-15,0,65,2026-10-06T04:46:52.981349+00:00
Sabrina,film Sabrina,2020-01-01 2024-12-31,2024-12-22,1,78,2026-10-06T04:46:52.981349+00:00
Sabrina,film Sabrina,2020-01-01 2024-12-31,2024-12-29,0,79,2026-10-06T04:46:52.981349+00:00
Sabrina,film Sabrina,2022-01-01 2026-10-06,2021-12-26,1,73,2026-10-06T04:47:05.271254+00:00
Sabrina,film Sabrina,2022-01-01 2026-10-06,2022-01-02,1,57,2026-10-06T04:47:05.271254+00:00
Sabrina,film Sabrina,2022-01-01 2026-10-06,2022-01-09,1,61,2026-10-06T04:47:05.271254+00:00
Sabrina,film Sabrina,2022-01-01 2026-10-06,2022-01-16,1,46,2026-10-06T04:47:05.271254+00:00
Sabrina,film Sabrina,2022-01-01 2026-10-06,2022-01-23,1,47,2026-10-06T04:47:05.271254+00:00
Sabrina,film Sabrina,2022-01-01 2026-10-06,2022-01-30,0,46,2026-10-06T04:47:05.271254+00:00
Sabrina,film Sabrina,2022-01-01 2026-10-06,2022-02-06,1,46,2026-10-06T04:47:05.271254+00:00
Sabrina,film Sabrina,2022-01-01 2026-10-06,2022-02-13,0,50,2026-10-06T04:47:05.271254+00:00
Sabrina,film Sabrina,2022-01-01 2026-10-06,2022-02-20,0,46,2026-10-06T04:47:05.271254+00:00
Sabrina,film Sabrina,2022-01-01 2026-10-06,2022-02-27,1,51,2026-10-06T04:47:05.271254+00:00
Sabrina,film Sabrina,2022-01-01 2026-10-06,2022-03-06,0,38,2026-10-06T04:47:05.271254+00:00
Sabrina,film Sabrina,2022-01-01 2026-10-06,2022-03-13,0,40,2026-10-06T04:47:05.271254+00:00
Sabrina,film Sabrina,2022-01-01 2026-10-06,2022-03-20,0,42,2026-10-06T04:47:05.271254+00:00
Sabrina,film Sabrina,2022-01-01 2026-10-06,2022-03-27,0,40,2026-10-06T04:47:05.271254+00:00
Sabrina,film Sabrina,2022-01-01 2026-10-06,2022-04-03,0,42,2026-10-06T04:47:05.271254+00:00
Sabrina,film Sabrina,2022-01-01 2026-10-06,2022-04-10,1,43,2026-10-06T04:47:05.271254+00:00
Sabrina,film Sabrina,2022-01-01 2026-10-06,2022-04-17,0,47,2026-10-06T04:47:05.271254+00:00
Sabrina,film Sabrina,2022-01-01 2026-10-06,2022-04-24,1,51,2026-10-06T04:47:05.271254+00:00
Sabrina,film Sabrina,2022-01-01 2026-10-06,2022-05-01,1,90,2026-10-06T04:47:05.271254+00:00
Sabrina,film Sabrina,2022-01-01 2026-10-06,2022-05-08,1,69,2026-10-06T04:47:05.271254+00:00
Sabrina,film Sabrina,2022-01-01 2026-10-06,2022-05-15,1,57,2026-10-06T04:47:05.271254+00:00
Sabrina,film Sabrina,2022-01-01 2026-10-06,2022-05-22,1,53,2026-10-06T04:47:05.271254+00:00
Sabrina,film Sabrina,2022-01-01 2026-10-06,2022-05-29,1,49,2026-10-06T04:47:05.271254+00:00
Sabrina,film Sabrina,2022-01-01 2026-10-06,2022-06-05,2,44,2026-10-06T04:47:05.271254+00:00
Sabrina,film Sabrina,2022-01-01 2026-10-06,2022-06-12,1,46,2026-10-06T04:47:05.271254+00:00
Sabrina,film Sabrina,2022-01-01 2026-10-06,2022-06-19,1,54,2026-10-06T04:47:05.271254+00:00
Sabrina,film Sabrina,2022-01-01 2026-10-06,2022-06-26,1,52,2026-10-06T04:47:05.271254+00:00
Sabrina,film Sabrina,2022-01-01 2026-10-06,2022-07-03,1,50,2026-10-06T04:47:05.271254+00:00
Sabrina,film Sabrina,2022-01-01 2026-10-06,2022-07-10,0,55,2026-10-06T04:47:05.271254+00:00
Sabrina,film Sabrina,2022-01-01 2026-10-06,2022-07-17,0,50,2026-10-06T04:47:05.271254+00:00
Sabrina,film Sabrina,2022-01-01 2026-10-06,2022-07-24,1,44,2026-10-06T04:47:05.271254+00:00
Sabrina,film Sabrina,2022-01-01 2026-10-06,2022-07-31,0,50,2026-10-06T04:47:05.271254+00:00
Sabrina,film Sabrina,2022-01-01 2026-10-06,2022-08-07,1,48,2026-10-06T04:47:05.271254+00:00
Sabrina,film Sabrina,2022-01-01 2026-10-06,2022-08-14,1,50,2026-10-06T04:47:05.271254+00:00
Sabrina,film Sabrina,2022-01-01 2026-10-06,2022-08-21,1,45,2026-10-06T04:47:05.271254+00:00
Sabrina,film Sabrina,2022-01-01 2026-10-06,2022-08-28,0,42,2026-10-06T04:47:05.271254+00:00
Sabrina,film Sabrina,2022-01-01 2026-10-06,2022-09-04,0,43,2026-10-06T04:47:05.271254+00:00
Sabrina,film Sabrina,2022-01-01 2026-10-06,2022-09-11,0,39,2026-10-06T04:47:05.271254+00:00
Sabrina,film Sabrina,2022-01-01 2026-10-06,2022-09-18,0,39,2026-10-06T04:47:05.271254+00:00
Sabrina,film Sabrina,2022-01-01 2026-10-06,2022-09-25,0,38,2026-10-06T04:47:05.271254+00:00
Sabrina,film Sabrina,2022-01-01 2026-10-06,2022-10-02,1,43,2026-10-06T04:47:05.271254+00:00
Sabrina,film Sabrina,2022-01-01 2026-10-06,2022-10-09,1,50,2026-10-06T04:47:05.271254+00:00
Sabrina,film Sabrina,2022-01-01 2026-10-06,2022-10-16,0,49,2026-10-06T04:47:05.271254+00:00
Sabrina,film Sabrina,2022-01-01 2026-10-06,2022-10-23,1,45,2026-10-06T04:47:05.271254+00:00
Sabrina,film Sabrina,2022-01-01 2026-10-06,2022-10-30,0,46,2026-10-06T04:47:05.271254+00:00
Sabrina,film Sabrina,2022-01-01 2026-10-06,2022-11-06,1,48,2026-10-06T04:47:05.271254+00:00
Sabrina,film Sabrina,2022-01-01 2026-10-06,2022-11-13,0,49,2026-10-06T04:47:05.271254+00:00
Sabrina,film Sabrina,2022-01-01 2026-10-06,2022-11-20,0,41,2026-10-06T04:47:05.271254+00:00
Sabrina,film Sabrina,2022-01-01 2026-10-06,2022-11-27,0,40,2026-10-06T04:47:05.271254+00:00
Sabrina,film Sabrina,2022-01-01 2026-10-06,2022-12-04,1,38,2026-10-06T04:47:05.271254+00:00
Sabrina,film Sabrina,2022-01-01 2026-10-06,2022-12-11,1,48,2026-10-06T04:47:05.271254+00:00
Sabrina,film Sabrina,2022-01-01 2026-10-06,2022-12-18,1,53,2026-10-06T04:47:05.271254+00:00
Sabrina,film Sabrina,2022-01-01 2026-10-06,2022-12-25,1,92,2026-10-06T04:47:05.271254+00:00
Sabrina,film Sabrina,2022-01-01 2026-10-06,2023-01-01,1,58,2026-10-06T04:47:05.271254+00:00
Sabrina,film Sabrina,2022-01-01 2026-10-06,2023-01-08,1,46,2026-10-06T04:47:05.271254+00:00
Sabrina,film Sabrina,2022-01-01 2026-10-06,2023-01-15,0,44,2026-10-06T04:47:05.271254+00:00
Sabrina,film Sabrina,2022-01-01 2026-10-06,2023-01-22,0,51,2026-10-06T04:47:05.271254+00:00
Sabrina,film Sabrina,2022-01-01 2026-10-06,2023-01-29,0,44,2026-10-06T04:47:05.271254+00:00
Sabrina,film Sabrina,2022-01-01 2026-10-06,2023-02-05,1,47,2026-10-06T04:47:05.271254+00:00
Sabrina,film Sabrina,2022-01-01 2026-10-06,2023-02-12,0,51,2026-10-06T04:47:05.271254+00:00
Sabrina,film Sabrina,2022-01-01 2026-10-06,2023-02-19,0,46,2026-10-06T04:47:05.271254+00:00
Sabrina,film Sabrina,2022-01-01 2026-10-06,2023-02-26,0,46,2026-10-06T04:47:05.271254+00:00
Sabrina,film Sabrina,2022-01-01 2026-10-06,2023-03-05,0,43,2026-10-06T04:47:05.271254+00:00
Sabrina,film Sabrina,2022-01-01 2026-10-06,2023-03-12,0,42,2026-10-06T04:47:05.271254+00:00
Sabrina,film Sabrina,2022-01-01 2026-10-06,2023-03-19,0,52,2026-10-06T04:47:05.271254+00:00
Sabrina,film Sabrina,2022-01-01 2026-10-06,2023-03-26,1,43,2026-10-06T04:47:05.271254+00:00
Sabrina,film Sabrina,2022-01-01 2026-10-06,2023-04-02,0,45,2026-10-06T04:47:05.271254+00:00
Sabrina,film Sabrina,2022-01-01 2026-10-06,2023-04-09,0,43,2026-10-06T04:47:05.271254+00:00
Sabrina,film Sabrina,2022-01-01 2026-10-06,2023-04-16,0,54,2026-10-06T04:47:05.271254+00:00
Sabrina,film Sabrina,2022-01-01 2026-10-06,2023-04-23,0,77,2026-10-06T04:47:05.271254+00:00
Sabrina,film Sabrina,2022-01-01 2026-10-06,2023-04-30,3,63,2026-10-06T04:47:05.271254+00:00
Sabrina,film Sabrina,2022-01-01 2026-10-06,2023-05-07,1,53,2026-10-06T04:47:05.271254+00:00
Sabrina,film Sabrina,2022-01-01 2026-10-06,2023-05-14,0,56,2026-10-06T04:47:05.271254+00:00
Sabrina,film Sabrina,2022-01-01 2026-10-06,2023-05-21,0,54,2026-10-06T04:47:05.271254+00:00
Sabrina,film Sabrina,2022-01-01 2026-10-06,2023-05-28,0,50,2026-10-06T04:47:05.271254+00:00
Sabrina,film Sabrina,2022-01-01 2026-10-06,2023-06-04,0,44,2026-10-06T04:47:05.271254+00:00
Sabrina,film Sabrina,2022-01-01 2026-10-06,2023-06-11,0,47,2026-10-06T04:47:05.271254+00:00
Sabrina,film Sabrina,2022-01-01 2026-10-06,2023-06-18,0,50,2026-10-06T04:47:05.271254+00:00
Sabrina,film Sabrina,2022-01-01 2026-10-06,2023-06-25,0,59,2026-10-06T04:47:05.271254+00:00
Sabrina,film Sabrina,2022-01-01 2026-10-06,2023-07-02,0,51,2026-10-06T04:47:05.271254+00:00
Sabrina,film Sabrina,2022-01-01 2026-10-06,2023-07-09,1,55,2026-10-06T04:47:05.271254+00:00
Sabrina,film Sabrina,2022-01-01 2026-10-06,2023-07-16,1,54,2026-10-06T04:47:05.271254+00:00
Sabrina,film Sabrina,2022-01-01 2026-10-06,2023-07-23,0,47,2026-10-06T04:47:05.271254+00:00
Sabrina,film Sabrina,2022-01-01 2026-10-06,2023-07-30,0,43,2026-10-06T04:47:05.271254+00:00
Sabrina,film Sabrina,2022-01-01 2026-10-06,2023-08-06,0,47,2026-10-06T04:47:05.271254+00:00
Sabrina,film Sabrina,2022-01-01 2026-10-06,2023-08-13,0,49,2026-10-06T04:47:05.271254+00:00
Sabrina,film Sabrina,2022-01-01 2026-10-06,2023-08-20,0,44,2026-10-06T04:47:05.271254+00:00
Sabrina,film Sabrina,2022-01-01 2026-10-06,2023-08-27,0,46,2026-10-06T04:47:05.271254+00:00
Sabrina,film Sabrina,2022-01-01 2026-10-06,2023-09-03,0,51,2026-10-06T04:47:05.271254+00:00
Sabrina,film Sabrina,2022-01-01 2026-10-06,2023-09-10,0,46,2026-10-06T04:47:05.271254+00:00
Sabrina,film Sabrina,2022-01-01 2026-10-06,2023-09-17,0,48,2026-10-06T04:47:05.271254+00:00
Sabrina,film Sabrina,2022-01-01 2026-10-06,2023-09-24,0,50,2026-10-06T04:47:05.271254+00:00
Sabrina,film Sabrina,2022-01-01 2026-10-06,2023-10-01,0,52,2026-10-06T04:47:05.271254+00:00
Sabrina,film Sabrina,2022-01-01 2026-10-06,2023-10-08,0,53,2026-10-06T04:47:05.271254+00:00
Sabrina,film Sabrina,2022-01-01 2026-10-06,2023-10-15,0,51,2026-10-06T04:47:05.271254+00:00
Sabrina,film Sabrina,2022-01-01 2026-10-06,2023-10-22,0,52,2026-10-06T04:47:05.271254+00:00
Sabrina,film Sabrina,2022-01-01 2026-10-06,2023-10-29,0,52,2026-10-06T04:47:05.271254+00:00
Sabrina,film Sabrina,2022-01-01 2026-10-06,2023-11-05,0,50,2026-10-06T04:47:05.271254+00:00
Sabrina,film Sabrina,2022-01-01 2026-10-06,2023-11-12,0,50,2026-10-06T04:47:05.271254+00:00
Sabrina,film Sabrina,2022-01-01 2026-10-06,2023-11-19,0,48,2026-10-06T04:47:05.271254+00:00
Sabrina,film Sabrina,2022-01-01 2026-10-06,2023-11-26,0,45,2026-10-06T04:47:05.271254+00:00
Sabrina,film Sabrina,2022-01-01 2026-10-06,2023-12-03,0,46,2026-10-06T04:47:05.271254+00:00
Sabrina,film Sabrina,2022-01-01 2026-10-06,2023-12-10,0,53,2026-10-06T04:47:05.271254+00:00
Sabrina,film Sabrina,2022-01-01 2026-10-06,2023-12-17,0,56,2026-10-06T04:47:05.271254+00:00
Sabrina,film Sabrina,2022-01-01 2026-10-06,2023-12-24,1,81,2026-10-06T04:47:05.271254+00:00
Sabrina,film Sabrina,2022-01-01 2026-10-06,2023-12-31,0,62,2026-10-06T04:47:05.271254+00:00
Sabrina,film Sabrina,2022-01-01 2026-10-06,2024-01-07,0,47,2026-10-06T04:47:05.271254+00:00
Sabrina,film Sabrina,2022-01-01 2026-10-06,2024-01-14,0,45,2026-10-06T04:47:05.271254+00:00
Sabrina,film Sabrina,2022-01-01 2026-10-06,2024-01-21,0,46,2026-10-06T04:47:05.271254+00:00
Sabrina,film Sabrina,2022-01-01 2026-10-06,2024-01-28,0,49,2026-10-06T04:47:05.271254+00:00
Sabrina,film Sabrina,2022-01-01 2026-10-06,2024-02-04,1,52,2026-10-06T04:47:05.271254+00:00
Sabrina,film Sabrina,2022-01-01 2026-10-06,2024-02-11,0,49,2026-10-06T04:47:05.271254+00:00
Sabrina,film Sabrina,2022-01-01 2026-10-06,2024-02-18,0,45,2026-10-06T04:47:05.271254+00:00
Sabrina,film Sabrina,2022-01-01 2026-10-06,2024-02-25,0,50,2026-10-06T04:47:05.271254+00:00
Sabrina,film Sabrina,2022-01-01 2026-10-06,2024-03-03,1,47,2026-10-06T04:47:05.271254+00:00
Sabrina,film Sabrina,2022-01-01 2026-10-06,2024-03-10,0,52,2026-10-06T04:47:05.271254+00:00
Sabrina,film Sabrina,2022-01-01 2026-10-06,2024-03-17,0,43,2026-10-06T04:47:05.271254+00:00
Sabrina,film Sabrina,2022-01-01 2026-10-06,2024-03-24,0,47,2026-10-06T04:47:05.271254+00:00
Sabrina,film Sabrina,2022-01-01 2026-10-06,2024-03-31,0,44,2026-10-06T04:47:05.271254+00:00
Sabrina,film Sabrina,2022-01-01 2026-10-06,2024-04-07,1,64,2026-10-06T04:47:05.271254+00:00
Sabrina,film Sabrina,2022-01-01 2026-10-06,2024-04-14,0,55,2026-10-06T04:47:05.271254+00:00
Sabrina,film Sabrina,2022-01-01 2026-10-06,2024-04-21,0,44,2026-10-06T04:47:05.271254+00:00
Sabrina,film Sabrina,2022-01-01 2026-10-06,2024-04-28,0,42,2026-10-06T04:47:05.271254+00:00
Sabrina,film Sabrina,2022-01-01 2026-10-06,2024-05-05,1,48,2026-10-06T04:47:05.271254+00:00
Sabrina,film Sabrina,2022-01-01 2026-10-06,2024-05-12,0,50,2026-10-06T04:47:05.271254+00:00
Sabrina,film Sabrina,2022-01-01 2026-10-06,2024-05-19,0,47,2026-10-06T04:47:05.271254+00:00
Sabrina,film Sabrina,2022-01-01 2026-10-06,2024-05-26,0,38,2026-10-06T04:47:05.271254+00:00
Sabrina,film Sabrina,2022-01-01 2026-10-06,2024-06-02,0,34,2026-10-06T04:47:05.271254+00:00
Sabrina,film Sabrina,2022-01-01 2026-10-06,2024-06-09,0,38,2026-10-06T04:47:05.271254+00:00
Sabrina,film Sabrina,2022-01-01 2026-10-06,2024-06-16,1,47,2026-10-06T04:47:05.271254+00:00
Sabrina,film Sabrina,2022-01-01 2026-10-06,2024-06-23,0,44,2026-10-06T04:47:05.271254+00:00
Sabrina,film Sabrina,2022-01-01 2026-10-06,2024-06-30,1,49,2026-10-06T04:47:05.271254+00:00
Sabrina,film Sabrina,2022-01-01 2026-10-06,2024-07-07,0,48,2026-10-06T04:47:05.271254+00:00
Sabrina,film Sabrina,2022-01-01 2026-10-06,2024-07-14,0,46,2026-10-06T04:47:05.271254+00:00
Sabrina,film Sabrina,2022-01-01 2026-10-06,2024-07-21,1,47,2026-10-06T04:47:05.271254+00:00
Sabrina,film Sabrina,2022-01-01 2026-10-06,2024-07-28,1,46,2026-10-06T04:47:05.271254+00:00
Sabrina,film Sabrina,2022-01-01 2026-10-06,2024-08-04,1,42,2026-10-06T04:47:05.271254+00:00
Sabrina,film Sabrina,2022-01-01 2026-10-06,2024-08-11,0,47,2026-10-06T04:47:05.271254+00:00
Sabrina,film Sabrina,2022-01-01 2026-10-06,2024-08-18,1,45,2026-10-06T04:47:05.271254+00:00
Sabrina,film Sabrina,2022-01-01 2026-10-06,2024-08-25,0,44,2026-10-06T04:47:05.271254+00:00
Sabrina,film Sabrina,2022-01-01 2026-10-06,2024-09-01,0,42,2026-10-06T04:47:05.271254+00:00
Sabrina,film Sabrina,2022-01-01 2026-10-06,2024-09-08,1,46,2026-10-06T04:47:05.271254+00:00
Sabrina,film Sabrina,2022-01-01 2026-10-06,2024-09-15,1,51,2026-10-06T04:47:05.271254+00:00
Sabrina,film Sabrina,2022-01-01 2026-10-06,2024-09-22,0,50,2026-10-06T04:47:05.271254+00:00
Sabrina,film Sabrina,2022-01-01 2026-10-06,2024-09-29,1,50,2026-10-06T04:47:05.271254+00:00
Sabrina,film Sabrina,2022-01-01 2026-10-06,2024-10-06,0,48,2026-10-06T04:47:05.271254+00:00
Sabrina,film Sabrina,2022-01-01 2026-10-06,2024-10-13,0,46,2026-10-06T04:47:05.271254+00:00
Sabrina,film Sabrina,2022-01-01 2026-10-06,2024-10-20,1,46,2026-10-06T04:47:05.271254+00:00
Sabrina,film Sabrina,2022-01-01 2026-10-06,2024-10-27,0,46,2026-10-06T04:47:05.271254+00:00
Sabrina,film Sabrina,2022-01-01 2026-10-06,2024-11-03,0,56,2026-10-06T04:47:05.271254+00:00
Sabrina,film Sabrina,2022-01-01 2026-10-06,2024-11-10,0,52,2026-10-06T04:47:05.271254+00:00
Sabrina,film Sabrina,2022-01-01 2026-10-06,2024-11-17,0,57,2026-10-06T04:47:05.271254+00:00
Sabrina,film Sabrina,2022-01-01 2026-10-06,2024-11-24,0,55,2026-10-06T04:47:05.271254+00:00
Sabrina,film Sabrina,2022-01-01 2026-10-06,2024-12-01,0,48,2026-10-06T04:47:05.271254+00:00
Sabrina,film Sabrina,2022-01-01 2026-10-06,2024-12-08,0,52,2026-10-06T04:47:05.271254+00:00
Sabrina,film Sabrina,2022-01-01 2026-10-06,2024-12-15,0,60,2026-10-06T04:47:05.271254+00:00
Sabrina,film Sabrina,2022-01-01 2026-10-06,2024-12-22,0,72,2026-10-06T04:47:05.271254+00:00
Sabrina,film Sabrina,2022-01-01 2026-10-06,2024-12-29,0,73,2026-10-06T04:47:05.271254+00:00
Sabrina,film Sabrina,2022-01-01 2026-10-06,2025-01-05,0,61,2026-10-06T04:47:05.271254+00:00
Sabrina,film Sabrina,2022-01-01 2026-10-06,2025-01-12,0,51,2026-10-06T04:47:05.271254+00:00
Sabrina,film Sabrina,2022-01-01 2026-10-06,2025-01-19,0,59,2026-10-06T04:47:05.271254+00:00
Sabrina,film Sabrina,2022-01-01 2026-10-06,2025-01-26,0,65,2026-10-06T04:47:05.271254+00:00
Sabrina,film Sabrina,2022-01-01 2026-10-06,2025-02-02,0,49,2026-10-06T04:47:05.271254+00:00
Sabrina,film Sabrina,2022-01-01 2026-10-06,2025-02-09,0,50,2026-10-06T04:47:05.271254+00:00
Sabrina,film Sabrina,2022-01-01 2026-10-06,2025-02-16,1,49,2026-10-06T04:47:05.271254+00:00
Sabrina,film Sabrina,2022-01-01 2026-10-06,2025-02-23,0,50,2026-10-06T04:47:05.271254+00:00
Sabrina,film Sabrina,2022-01-01 2026-10-06,2025-03-02,0,47,2026-10-06T04:47:05.271254+00:00
Sabrina,film Sabrina,2022-01-01 2026-10-06,2025-03-09,0,44,2026-10-06T04:47:05.271254+00:00
Sabrina,film Sabrina,2022-01-01 2026-10-06,2025-03-16,0,49,2026-10-06T04:47:05.271254+00:00
Sabrina,film Sabrina,2022-01-01 2026-10-06,2025-03-23,0,57,2026-10-06T04:47:05.271254+00:00
Sabrina,film Sabrina,2022-01-01 2026-10-06,2025-03-30,0,100,2026-10-06T04:47:05.271254+00:00
Sabrina,film Sabrina,2022-01-01 2026-10-06,2025-04-06,0,63,2026-10-06T04:47:05.271254+00:00
Sabrina,film Sabrina,2022-01-01 2026-10-06,2025-04-13,1,48,2026-10-06T04:47:05.271254+00:00
Sabrina,film Sabrina,2022-01-01 2026-10-06,2025-04-20,0,46,2026-10-06T04:47:05.271254+00:00
Sabrina,film Sabrina,2022-01-01 2026-10-06,2025-04-27,0,44,2026-10-06T04:47:05.271254+00:00
Sabrina,film Sabrina,2022-01-01 2026-10-06,2025-05-04,0,39,2026-10-06T04:47:05.271254+00:00
Sabrina,film Sabrina,2022-01-01 2026-10-06,2025-05-11,0,49,2026-10-06T04:47:05.271254+00:00
Sabrina,film Sabrina,2022-01-01 2026-10-06,2025-05-18,1,43,2026-10-06T04:47:05.271254+00:00
Sabrina,film Sabrina,2022-01-01 2026-10-06,2025-05-25,1,44,2026-10-06T04:47:05.271254+00:00
Sabrina,film Sabrina,2022-01-01 2026-10-06,2025-06-01,0,41,2026-10-06T04:47:05.271254+00:00
Sabrina,film Sabrina,2022-01-01 2026-10-06,2025-06-08,0,44,2026-10-06T04:47:05.271254+00:00
Sabrina,film Sabrina,2022-01-01 2026-10-06,2025-06-15,0,43,2026-10-06T04:47:05.271254+00:00
Sabrina,film Sabrina,2022-01-01 2026-10-06,2025-06-22,1,50,2026-10-06T04:47:05.271254+00:00
Sabrina,film Sabrina,2022-01-01 2026-10-06,2025-06-29,1,46,2026-10-06T04:47:05.271254+00:00
Sabrina,film Sabrina,2022-01-01 2026-10-06,2025-07-06,0,44,2026-10-06T04:47:05.271254+00:00
Sabrina,film Sabrina,2022-01-01 2026-10-06,2025-07-13,0,40,2026-10-06T04:47:05.271254+00:00
Sabrina,film Sabrina,2022-01-01 2026-10-06,2025-07-20,0,39,2026-10-06T04:47:05.271254+00:00
Sabrina,film Sabrina,2022-01-01 2026-10-06,2025-07-27,0,36,2026-10-06T04:47:05.271254+00:00
Sabrina,film Sabrina,2022-01-01 2026-10-06,2025-08-03,0,39,2026-10-06T04:47:05.271254+00:00
Sabrina,film Sabrina,2022-01-01 2026-10-06,2025-08-10,0,42,2026-10-06T04:47:05.271254+00:00
Sabrina,film Sabrina,2022-01-01 2026-10-06,2025-08-17,0,43,2026-10-06T04:47:05.271254+00:00
Sabrina,film Sabrina,2022-01-01 2026-10-06,2025-08-24,0,38,2026-10-06T04:47:05.271254+00:00
Sabrina,film Sabrina,2022-01-01 2026-10-06,2025-08-31,0,41,2026-10-06T04:47:05.271254+00:00
Sabrina,film Sabrina,2022-01-01 2026-10-06,2025-09-07,0,39,2026-10-06T04:47:05.271254+00:00
Sabrina,film Sabrina,2022-01-01 2026-10-06,2025-09-14,0,38,2026-10-06T04:47:05.271254+00:00
Sabrina,film Sabrina,2022-01-01 2026-10-06,2025-09-21,0,38,2026-10-06T04:47:05.271254+00:00
Sabrina,film Sabrina,2022-01-01 2026-10-06,2025-09-28,0,36,2026-10-06T04:47:05.271254+00:00
Sabrina,film Sabrina,2022-01-01 2026-10-06,2025-10-05,0,36,2026-10-06T04:47:05.271254+00:00
Sabrina,film Sabrina,2022-01-01 2026-10-06,2025-10-12,0,36,2026-10-06T04:47:05.271254+00:00
Sabrina,film Sabrina,2022-01-01 2026-10-06,2025-10-19,0,38,2026-10-06T04:47:05.271254+00:00
Sabrina,film Sabrina,2022-01-01 2026-10-06,2025-10-26,0,42,2026-10-06T04:47:05.271254+00:00
Sabrina,film Sabrina,2022-01-01 2026-10-06,2025-11-02,0,39,2026-10-06T04:47:05.271254+00:00
Sabrina,film Sabrina,2022-01-01 2026-10-06,2025-11-09,0,37,2026-10-06T04:47:05.271254+00:00
Sabrina,film Sabrina,2022-01-01 2026-10-06,2025-11-16,0,38,2026-10-06T04:47:05.271254+00:00
Sabrina,film Sabrina,2022-01-01 2026-10-06,2025-11-23,0,34,2026-10-06T04:47:05.271254+00:00
Sabrina,film Sabrina,2022-01-01 2026-10-06,2025-11-30,0,33,2026-10-06T04:47:05.271254+00:00
Sabrina,film Sabrina,2022-01-01 2026-10-06,2025-12-07,0,38,2026-10-06T04:47:05.271254+00:00
Sabrina,film Sabrina,2022-01-01 2026-10-06,2025-12-14,0,44,2026-10-06T04:47:05.271254+00:00
Sabrina,film Sabrina,2022-01-01 2026-10-06,2025-12-21,1,53,2026-10-06T04:47:05.271254+00:00
Sabrina,film Sabrina,2022-01-01 2026-10-06,2025-12-28,0,59,2026-10-06T04:47:05.271254+00:00
Sabrina,film Sabrina,2022-01-01 2026-10-06,2026-01-04,0,44,2026-10-06T04:47:05.271254+00:00
Sabrina,film Sabrina,2022-01-01 2026-10-06,2026-01-11,0,43,2026-10-06T04:47:05.271254+00:00
Sabrina,film Sabrina,2022-01-01 2026-10-06,2026-01-18,0,39,2026-10-06T04:47:05.271254+00:00
Sabrina,film Sabrina,2022-01-01 2026-10-06,2026-01-25,0,37,2026-10-06T04:47:05.271254+00:00
Sabrina,film Sabrina,2022-01-01 2026-10-06,2026-02-01,0,38,2026-10-06T04:47:05.271254+00:00
Sabrina,film Sabrina,2022-01-01 2026-10-06,2026-02-08,0,35,2026-10-06T04:47:05.271254+00:00
Sabrina,film Sabrina,2022-01-01 2026-10-06,2026-02-15,0,41,2026-10-06T04:47:05.271254+00:00
Sabrina,film Sabrina,2022-01-01 2026-10-06,2026-02-22,0,36,2026-10-06T04:47:05.271254+00:00
Sabrina,film Sabrina,2022-01-01 2026-10-06,2026-03-01,0,32,2026-10-06T04:47:05.271254+00:00
Sabrina,film Sabrina,2022-01-01 2026-10-06,2026-03-08,0,33,2026-10-06T04:47:05.271254+00:00
Sabrina,film Sabrina,2022-01-01 2026-10-06,2026-03-15,0,45,2026-10-06T04:47:05.271254+00:00
Sabrina,film Sabrina,2022-01-01 2026-10-06,2026-03-22,0,57,2026-10-06T04:47:05.271254+00:00
Sabrina,film Sabrina,2022-01-01 2026-10-06,2026-03-29,1,42,2026-10-06T04:47:05.271254+00:00
Sabrina,film Sabrina,2022-01-01 2026-10-06,2026-04-05,0,37,2026-10-06T04:47:05.271254+00:00
Sabrina,film Sabrina,2022-01-01 2026-10-06,2026-04-12,0,37,2026-10-06T04:47:05.271254+00:00
Sabrina,film Sabrina,2022-01-01 2026-10-06,2026-04-19,1,40,2026-10-06T04:47:05.271254+00:00
Sabrina,film Sabrina,2022-01-01 2026-10-06,2026-04-26,0,42,2026-10-06T04:47:05.271254+00:00
Sabrina,film Sabrina,2022-01-01 2026-10-06,2026-05-03,0,38,2026-10-06T04:47:05.271254+00:00
Sabrina,film Sabrina,2022-01-01 2026-10-06,2026-05-10,0,42,2026-10-06T04:47:05.271254+00:00
Sabrina,film Sabrina,2022-01-01 2026-10-06,2026-05-17,0,37,2026-10-06T04:47:05.271254+00:00
Sabrina,film Sabrina,2022-01-01 2026-10-06,2026-05-24,0,44,2026-10-06T04:47:05.271254+00:00
Sabrina,film Sabrina,2022-01-01 2026-10-06,2026-05-31,1,40,2026-10-06T04:47:05.271254+00:00
Sabrina,film Sabrina,2022-01-01 2026-10-06,2026-06-07,0,36,2026-10-06T04:47:05.271254+00:00
Sabrina,film Sabrina,2022-01-01 2026-10-06,2026-06-14,0,44,2026-10-06T04:47:05.271254+00:00
Sabrina,film Sabrina,2022-01-01 2026-10-06,2026-06-21,0,43,2026-10-06T04:47:05.271254+00:00
Sabrina,film Sabrina,2022-01-01 2026-10-06,2026-06-28,0,45,2026-10-06T04:47:05.271254+00:00
Sabrina,film Sabrina,2022-01-01 2026-10-06,2026-07-05,0,44,2026-10-06T04:47:05.271254+00:00
Sabrina,film Sabrina,2022-01-01 2026-10-06,2026-07-12,0,39,2026-10-06T04:47:05.271254+00:00
Sabrina,film Sabrina,2022-01-01 2026-10-06,2026-07-19,0,37,2026-10-06T04:47:05.271254+00:00
Sabrina,film Sabrina,2022-01-01 2026-10-06,2026-07-26,0,36,2026-10-06T04:47:05.271254+00:00
Sabrina,film Sabrina,2022-01-01 2026-10-06,2026-08-02,0,31,2026-10-06T04:47:05.271254+00:00
Sabrina,film Sabrina,2022-01-01 2026-10-06,2026-08-09,0,34,2026-10-06T04:47:05.271254+00:00
Sabrina,film Sabrina,2022-01-01 2026-10-06,2026-08-16,1,40,2026-10-06T04:47:05.271254+00:00
Sabrina,film Sabrina,2022-01-01 2026-10-06,2026-08-23,0,44,2026-10-06T04:47:05.271254+00:00
Sabrina,film Sabrina,2022-01-01 2026-10-06,2026-08-30,0,36,2026-10-06T04:47:05.271254+00:00
Sabrina,film Sabrina,2022-01-01 2026-10-06,2026-09-06,0,36,2026-10-06T04:47:05.271254+00:00
Sabrina,film Sabrina,2022-01-01 2026-10-06,2026-09-13,0,35,2026-10-06T04:47:05.271254+00:00
Sabrina,film Sabrina,2022-01-01 2026-10-06,2026-09-20,0,37,2026-10-06T04:47:05.271254+00:00
Sabrina,film Sabrina,2022-01-01 2026-10-06,2026-09-27,0,37,2026-10-06T04:47:05.271254+00:00
Sabrina,film Sabrina,2022-01-01 2026-10-06,2026-10-04,0,34,2026-10-06T04:47:05.271254+00:00
Badarawuhi di Desa Penari,Badarawuhi di Desa Penari,2020-01-01 2024-12-31,2019-12-29,0,81,2026-10-06T05:16:33.361265+00:00
Badarawuhi di Desa Penari,Badarawuhi di Desa Penari,2020-01-01 2024-12-31,2020-01-05,0,58,2026-10-06T05:16:33.361265+00:00
Badarawuhi di Desa Penari,Badarawuhi di Desa Penari,2020-01-01 2024-12-31,2020-01-12,0,51,2026-10-06T05:16:33.361265+00:00
Badarawuhi di Desa Penari,Badarawuhi di Desa Penari,2020-01-01 2024-12-31,2020-01-19,0,51,2026-10-06T05:16:33.361265+00:00
Badarawuhi di Desa Penari,Badarawuhi di Desa Penari,2020-01-01 2024-12-31,2020-01-26,0,49,2026-10-06T05:16:33.361265+00:00
Badarawuhi di Desa Penari,Badarawuhi di Desa Penari,2020-01-01 2024-12-31,2020-02-02,0,48,2026-10-06T05:16:33.361265+00:00
Badarawuhi di Desa Penari,Badarawuhi di Desa Penari,2020-01-01 2024-12-31,2020-02-09,0,47,2026-10-06T05:16:33.361265+00:00
Badarawuhi di Desa Penari,Badarawuhi di Desa Penari,2020-01-01 2024-12-31,2020-02-16,0,50,2026-10-06T05:16:33.361265+00:00
Badarawuhi di Desa Penari,Badarawuhi di Desa Penari,2020-01-01 2024-12-31,2020-02-23,0,48,2026-10-06T05:16:33.361265+00:00
Badarawuhi di Desa Penari,Badarawuhi di Desa Penari,2020-01-01 2024-12-31,2020-03-01,0,49,2026-10-06T05:16:33.361265+00:00
Badarawuhi di Desa Penari,Badarawuhi di Desa Penari,2020-01-01 2024-12-31,2020-03-08,0,53,2026-10-06T05:16:33.361265+00:00
Badarawuhi di Desa Penari,Badarawuhi di Desa Penari,2020-01-01 2024-12-31,2020-03-15,0,52,2026-10-06T05:16:33.361265+00:00
Badarawuhi di Desa Penari,Badarawuhi di Desa Penari,2020-01-01 2024-12-31,2020-03-22,0,67,2026-10-06T05:16:33.361265+00:00
Badarawuhi di Desa Penari,Badarawuhi di Desa Penari,2020-01-01 2024-12-31,2020-03-29,0,63,2026-10-06T05:16:33.361265+00:00
Badarawuhi di Desa Penari,Badarawuhi di Desa Penari,2020-01-01 2024-12-31,2020-04-05,0,68,2026-10-06T05:16:33.361265+00:00
Badarawuhi di Desa Penari,Badarawuhi di Desa Penari,2020-01-01 2024-12-31,2020-04-12,0,67,2026-10-06T05:16:33.361265+00:00
Badarawuhi di Desa Penari,Badarawuhi di Desa Penari,2020-01-01 2024-12-31,2020-04-19,0,71,2026-10-06T05:16:33.361265+00:00
Badarawuhi di Desa Penari,Badarawuhi di Desa Penari,2020-01-01 2024-12-31,2020-04-26,0,66,2026-10-06T05:16:33.361265+00:00
Badarawuhi di Desa Penari,Badarawuhi di Desa Penari,2020-01-01 2024-12-31,2020-05-03,0,59,2026-10-06T05:16:33.361265+00:00
Badarawuhi di Desa Penari,Badarawuhi di Desa Penari,2020-01-01 2024-12-31,2020-05-10,0,53,2026-10-06T05:16:33.361265+00:00
Badarawuhi di Desa Penari,Badarawuhi di Desa Penari,2020-01-01 2024-12-31,2020-05-17,0,53,2026-10-06T05:16:33.361265+00:00
Badarawuhi di Desa Penari,Badarawuhi di Desa Penari,2020-01-01 2024-12-31,2020-05-24,0,68,2026-10-06T05:16:33.361265+00:00
Badarawuhi di Desa Penari,Badarawuhi di Desa Penari,2020-01-01 2024-12-31,2020-05-31,0,61,2026-10-06T05:16:33.361265+00:00
Badarawuhi di Desa Penari,Badarawuhi di Desa Penari,2020-01-01 2024-12-31,2020-06-07,0,50,2026-10-06T05:16:33.361265+00:00
Badarawuhi di Desa Penari,Badarawuhi di Desa Penari,2020-01-01 2024-12-31,2020-06-14,0,59,2026-10-06T05:16:33.361265+00:00
Badarawuhi di Desa Penari,Badarawuhi di Desa Penari,2020-01-01 2024-12-31,2020-06-21,0,62,2026-10-06T05:16:33.361265+00:00
Badarawuhi di Desa Penari,Badarawuhi di Desa Penari,2020-01-01 2024-12-31,2020-06-28,0,58,2026-10-06T05:16:33.361265+00:00
Badarawuhi di Desa Penari,Badarawuhi di Desa Penari,2020-01-01 2024-12-31,2020-07-05,0,55,2026-10-06T05:16:33.361265+00:00
Badarawuhi di Desa Penari,Badarawuhi di Desa Penari,2020-01-01 2024-12-31,2020-07-12,0,50,2026-10-06T05:16:33.361265+00:00
Badarawuhi di Desa Penari,Badarawuhi di Desa Penari,2020-01-01 2024-12-31,2020-07-19,0,47,2026-10-06T05:16:33.361265+00:00
Badarawuhi di Desa Penari,Badarawuhi di Desa Penari,2020-01-01 2024-12-31,2020-07-26,0,50,2026-10-06T05:16:33.361265+00:00
Badarawuhi di Desa Penari,Badarawuhi di Desa Penari,2020-01-01 2024-12-31,2020-08-02,0,46,2026-10-06T05:16:33.361265+00:00
Badarawuhi di Desa Penari,Badarawuhi di Desa Penari,2020-01-01 2024-12-31,2020-08-09,0,49,2026-10-06T05:16:33.361265+00:00
Badarawuhi di Desa Penari,Badarawuhi di Desa Penari,2020-01-01 2024-12-31,2020-08-16,0,60,2026-10-06T05:16:33.361265+00:00
Badarawuhi di Desa Penari,Badarawuhi di Desa Penari,2020-01-01 2024-12-31,2020-08-23,0,52,2026-10-06T05:16:33.361265+00:00
Badarawuhi di Desa Penari,Badarawuhi di Desa Penari,2020-01-01 2024-12-31,2020-08-30,0,46,2026-10-06T05:16:33.361265+00:00
Badarawuhi di Desa Penari,Badarawuhi di Desa Penari,2020-01-01 2024-12-31,2020-09-06,0,47,2026-10-06T05:16:33.361265+00:00
Badarawuhi di Desa Penari,Badarawuhi di Desa Penari,2020-01-01 2024-12-31,2020-09-13,0,46,2026-10-06T05:16:33.361265+00:00
Badarawuhi di Desa Penari,Badarawuhi di Desa Penari,2020-01-01 2024-12-31,2020-09-20,0,42,2026-10-06T05:16:33.361265+00:00
Badarawuhi di Desa Penari,Badarawuhi di Desa Penari,2020-01-01 2024-12-31,2020-09-27,0,41,2026-10-06T05:16:33.361265+00:00
Badarawuhi di Desa Penari,Badarawuhi di Desa Penari,2020-01-01 2024-12-31,2020-10-04,0,41,2026-10-06T05:16:33.361265+00:00
Badarawuhi di Desa Penari,Badarawuhi di Desa Penari,2020-01-01 2024-12-31,2020-10-11,0,42,2026-10-06T05:16:33.361265+00:00
Badarawuhi di Desa Penari,Badarawuhi di Desa Penari,2020-01-01 2024-12-31,2020-10-18,0,42,2026-10-06T05:16:33.361265+00:00
Badarawuhi di Desa Penari,Badarawuhi di Desa Penari,2020-01-01 2024-12-31,2020-10-25,0,54,2026-10-06T05:16:33.361265+00:00
Badarawuhi di Desa Penari,Badarawuhi di Desa Penari,2020-01-01 2024-12-31,2020-11-01,0,44,2026-10-06T05:16:33.361265+00:00
Badarawuhi di Desa Penari,Badarawuhi di Desa Penari,2020-01-01 2024-12-31,2020-11-08,0,45,2026-10-06T05:16:33.361265+00:00
Badarawuhi di Desa Penari,Badarawuhi di Desa Penari,2020-01-01 2024-12-31,2020-11-15,0,43,2026-10-06T05:16:33.361265+00:00
Badarawuhi di Desa Penari,Badarawuhi di Desa Penari,2020-01-01 2024-12-31,2020-11-22,0,44,2026-10-06T05:16:33.361265+00:00
Badarawuhi di Desa Penari,Badarawuhi di Desa Penari,2020-01-01 2024-12-31,2020-11-29,0,42,2026-10-06T05:16:33.361265+00:00
Badarawuhi di Desa Penari,Badarawuhi di Desa Penari,2020-01-01 2024-12-31,2020-12-06,0,46,2026-10-06T05:16:33.361265+00:00
Badarawuhi di Desa Penari,Badarawuhi di Desa Penari,2020-01-01 2024-12-31,2020-12-13,0,51,2026-10-06T05:16:33.361265+00:00
Badarawuhi di Desa Penari,Badarawuhi di Desa Penari,2020-01-01 2024-12-31,2020-12-20,0,65,2026-10-06T05:16:33.361265+00:00
Badarawuhi di Desa Penari,Badarawuhi di Desa Penari,2020-01-01 2024-12-31,2020-12-27,0,88,2026-10-06T05:16:33.361265+00:00
Badarawuhi di Desa Penari,Badarawuhi di Desa Penari,2020-01-01 2024-12-31,2021-01-03,0,55,2026-10-06T05:16:33.361265+00:00
Badarawuhi di Desa Penari,Badarawuhi di Desa Penari,2020-01-01 2024-12-31,2021-01-10,0,45,2026-10-06T05:16:33.361265+00:00
Badarawuhi di Desa Penari,Badarawuhi di Desa Penari,2020-01-01 2024-12-31,2021-01-17,0,45,2026-10-06T05:16:33.361265+00:00
Badarawuhi di Desa Penari,Badarawuhi di Desa Penari,2020-01-01 2024-12-31,2021-01-24,0,45,2026-10-06T05:16:33.361265+00:00
Badarawuhi di Desa Penari,Badarawuhi di Desa Penari,2020-01-01 2024-12-31,2021-01-31,0,41,2026-10-06T05:16:33.361265+00:00
Badarawuhi di Desa Penari,Badarawuhi di Desa Penari,2020-01-01 2024-12-31,2021-02-07,0,43,2026-10-06T05:16:33.361265+00:00
Badarawuhi di Desa Penari,Badarawuhi di Desa Penari,2020-01-01 2024-12-31,2021-02-14,0,41,2026-10-06T05:16:33.361265+00:00
Badarawuhi di Desa Penari,Badarawuhi di Desa Penari,2020-01-01 2024-12-31,2021-02-21,0,39,2026-10-06T05:16:33.361265+00:00
Badarawuhi di Desa Penari,Badarawuhi di Desa Penari,2020-01-01 2024-12-31,2021-02-28,0,37,2026-10-06T05:16:33.361265+00:00
Badarawuhi di Desa Penari,Badarawuhi di Desa Penari,2020-01-01 2024-12-31,2021-03-07,0,40,2026-10-06T05:16:33.361265+00:00
Badarawuhi di Desa Penari,Badarawuhi di Desa Penari,2020-01-01 2024-12-31,2021-03-14,0,37,2026-10-06T05:16:33.361265+00:00
Badarawuhi di Desa Penari,Badarawuhi di Desa Penari,2020-01-01 2024-12-31,2021-03-21,0,37,2026-10-06T05:16:33.361265+00:00
Badarawuhi di Desa Penari,Badarawuhi di Desa Penari,2020-01-01 2024-12-31,2021-03-28,0,40,2026-10-06T05:16:33.361265+00:00
Badarawuhi di Desa Penari,Badarawuhi di Desa Penari,2020-01-01 2024-12-31,2021-04-04,0,41,2026-10-06T05:16:33.361265+00:00
Badarawuhi di Desa Penari,Badarawuhi di Desa Penari,2020-01-01 2024-12-31,2021-04-11,0,43,2026-10-06T05:16:33.361265+00:00
Badarawuhi di Desa Penari,Badarawuhi di Desa Penari,2020-01-01 2024-12-31,2021-04-18,0,42,2026-10-06T05:16:33.361265+00:00
Badarawuhi di Desa Penari,Badarawuhi di Desa Penari,2020-01-01 2024-12-31,2021-04-25,0,40,2026-10-06T05:16:33.361265+00:00
Badarawuhi di Desa Penari,Badarawuhi di Desa Penari,2020-01-01 2024-12-31,2021-05-02,0,40,2026-10-06T05:16:33.361265+00:00
Badarawuhi di Desa Penari,Badarawuhi di Desa Penari,2020-01-01 2024-12-31,2021-05-09,0,51,2026-10-06T05:16:33.361265+00:00
Badarawuhi di Desa Penari,Badarawuhi di Desa Penari,2020-01-01 2024-12-31,2021-05-16,0,49,2026-10-06T05:16:33.361265+00:00
Badarawuhi di Desa Penari,Badarawuhi di Desa Penari,2020-01-01 2024-12-31,2021-05-23,0,42,2026-10-06T05:16:33.361265+00:00
Badarawuhi di Desa Penari,Badarawuhi di Desa Penari,2020-01-01 2024-12-31,2021-05-30,0,46,2026-10-06T05:16:33.361265+00:00
Badarawuhi di Desa Penari,Badarawuhi di Desa Penari,2020-01-01 2024-12-31,2021-06-06,0,46,2026-10-06T05:16:33.361265+00:00
Badarawuhi di Desa Penari,Badarawuhi di Desa Penari,2020-01-01 2024-12-31,2021-06-13,0,49,2026-10-06T05:16:33.361265+00:00
Badarawuhi di Desa Penari,Badarawuhi di Desa Penari,2020-01-01 2024-12-31,2021-06-20,0,51,2026-10-06T05:16:33.361265+00:00
Badarawuhi di Desa Penari,Badarawuhi di Desa Penari,2020-01-01 2024-12-31,2021-06-27,0,52,2026-10-06T05:16:33.361265+00:00
Badarawuhi di Desa Penari,Badarawuhi di Desa Penari,2020-01-01 2024-12-31,2021-07-04,0,51,2026-10-06T05:16:33.361265+00:00
Badarawuhi di Desa Penari,Badarawuhi di Desa Penari,2020-01-01 2024-12-31,2021-07-11,0,49,2026-10-06T05:16:33.361265+00:00
Badarawuhi di Desa Penari,Badarawuhi di Desa Penari,2020-01-01 2024-12-31,2021-07-18,0,49,2026-10-06T05:16:33.361265+00:00
Badarawuhi di Desa Penari,Badarawuhi di Desa Penari,2020-01-01 2024-12-31,2021-07-25,0,40,2026-10-06T05:16:33.361265+00:00
Badarawuhi di Desa Penari,Badarawuhi di Desa Penari,2020-01-01 2024-12-31,2021-08-01,0,39,2026-10-06T05:16:33.361265+00:00
Badarawuhi di Desa Penari,Badarawuhi di Desa Penari,2020-01-01 2024-12-31,2021-08-08,0,41,2026-10-06T05:16:33.361265+00:00
Badarawuhi di Desa Penari,Badarawuhi di Desa Penari,2020-01-01 2024-12-31,2021-08-15,0,44,2026-10-06T05:16:33.361265+00:00
Badarawuhi di Desa Penari,Badarawuhi di Desa Penari,2020-01-01 2024-12-31,2021-08-22,0,42,2026-10-06T05:16:33.361265+00:00
Badarawuhi di Desa Penari,Badarawuhi di Desa Penari,2020-01-01 2024-12-31,2021-08-29,0,46,2026-10-06T05:16:33.361265+00:00
Badarawuhi di Desa Penari,Badarawuhi di Desa Penari,2020-01-01 2024-12-31,2021-09-05,0,40,2026-10-06T05:16:33.361265+00:00
Badarawuhi di Desa Penari,Badarawuhi di Desa Penari,2020-01-01 2024-12-31,2021-09-12,0,39,2026-10-06T05:16:33.361265+00:00
Badarawuhi di Desa Penari,Badarawuhi di Desa Penari,2020-01-01 2024-12-31,2021-09-19,0,34,2026-10-06T05:16:33.361265+00:00
Badarawuhi di Desa Penari,Badarawuhi di Desa Penari,2020-01-01 2024-12-31,2021-09-26,0,35,2026-10-06T05:16:33.361265+00:00
Badarawuhi di Desa Penari,Badarawuhi di Desa Penari,2020-01-01 2024-12-31,2021-10-03,0,37,2026-10-06T05:16:33.361265+00:00
Badarawuhi di Desa Penari,Badarawuhi di Desa Penari,2020-01-01 2024-12-31,2021-10-10,0,39,2026-10-06T05:16:33.361265+00:00
Badarawuhi di Desa Penari,Badarawuhi di Desa Penari,2020-01-01 2024-12-31,2021-10-17,0,43,2026-10-06T05:16:33.361265+00:00
Badarawuhi di Desa Penari,Badarawuhi di Desa Penari,2020-01-01 2024-12-31,2021-10-24,0,40,2026-10-06T05:16:33.361265+00:00
Badarawuhi di Desa Penari,Badarawuhi di Desa Penari,2020-01-01 2024-12-31,2021-10-31,0,50,2026-10-06T05:16:33.361265+00:00
Badarawuhi di Desa Penari,Badarawuhi di Desa Penari,2020-01-01 2024-12-31,2021-11-07,0,46,2026-10-06T05:16:33.361265+00:00
Badarawuhi di Desa Penari,Badarawuhi di Desa Penari,2020-01-01 2024-12-31,2021-11-14,0,52,2026-10-06T05:16:33.361265+00:00
Badarawuhi di Desa Penari,Badarawuhi di Desa Penari,2020-01-01 2024-12-31,2021-11-21,0,50,2026-10-06T05:16:33.361265+00:00
Badarawuhi di Desa Penari,Badarawuhi di Desa Penari,2020-01-01 2024-12-31,2021-11-28,0,40,2026-10-06T05:16:33.361265+00:00
Badarawuhi di Desa Penari,Badarawuhi di Desa Penari,2020-01-01 2024-12-31,2021-12-05,0,45,2026-10-06T05:16:33.361265+00:00
Badarawuhi di Desa Penari,Badarawuhi di Desa Penari,2020-01-01 2024-12-31,2021-12-12,0,49,2026-10-06T05:16:33.361265+00:00
Badarawuhi di Desa Penari,Badarawuhi di Desa Penari,2020-01-01 2024-12-31,2021-12-19,0,59,2026-10-06T05:16:33.361265+00:00
Badarawuhi di Desa Penari,Badarawuhi di Desa Penari,2020-01-01 2024-12-31,2021-12-26,0,79,2026-10-06T05:16:33.361265+00:00
Badarawuhi di Desa Penari,Badarawuhi di Desa Penari,2020-01-01 2024-12-31,2022-01-02,0,62,2026-10-06T05:16:33.361265+00:00
Badarawuhi di Desa Penari,Badarawuhi di Desa Penari,2020-01-01 2024-12-31,2022-01-09,0,66,2026-10-06T05:16:33.361265+00:00
Badarawuhi di Desa Penari,Badarawuhi di Desa Penari,2020-01-01 2024-12-31,2022-01-16,0,49,2026-10-06T05:16:33.361265+00:00
Badarawuhi di Desa Penari,Badarawuhi di Desa Penari,2020-01-01 2024-12-31,2022-01-23,0,51,2026-10-06T05:16:33.361265+00:00
Badarawuhi di Desa Penari,Badarawuhi di Desa Penari,2020-01-01 2024-12-31,2022-01-30,0,50,2026-10-06T05:16:33.361265+00:00
Badarawuhi di Desa Penari,Badarawuhi di Desa Penari,2020-01-01 2024-12-31,2022-02-06,0,49,2026-10-06T05:16:33.361265+00:00
Badarawuhi di Desa Penari,Badarawuhi di Desa Penari,2020-01-01 2024-12-31,2022-02-13,0,54,2026-10-06T05:16:33.361265+00:00
Badarawuhi di Desa Penari,Badarawuhi di Desa Penari,2020-01-01 2024-12-31,2022-02-20,0,50,2026-10-06T05:16:33.361265+00:00
Badarawuhi di Desa Penari,Badarawuhi di Desa Penari,2020-01-01 2024-12-31,2022-02-27,0,55,2026-10-06T05:16:33.361265+00:00
Badarawuhi di Desa Penari,Badarawuhi di Desa Penari,2020-01-01 2024-12-31,2022-03-06,0,41,2026-10-06T05:16:33.361265+00:00
Badarawuhi di Desa Penari,Badarawuhi di Desa Penari,2020-01-01 2024-12-31,2022-03-13,0,43,2026-10-06T05:16:33.361265+00:00
Badarawuhi di Desa Penari,Badarawuhi di Desa Penari,2020-01-01 2024-12-31,2022-03-20,0,46,2026-10-06T05:16:33.361265+00:00
Badarawuhi di Desa Penari,Badarawuhi di Desa Penari,2020-01-01 2024-12-31,2022-03-27,0,43,2026-10-06T05:16:33.361265+00:00
Badarawuhi di Desa Penari,Badarawuhi di Desa Penari,2020-01-01 2024-12-31,2022-04-03,0,45,2026-10-06T05:16:33.361265+00:00
Badarawuhi di Desa Penari,Badarawuhi di Desa Penari,2020-01-01 2024-12-31,2022-04-10,0,47,2026-10-06T05:16:33.361265+00:00
Badarawuhi di Desa Penari,Badarawuhi di Desa Penari,2020-01-01 2024-12-31,2022-04-17,0,51,2026-10-06T05:16:33.361265+00:00
Badarawuhi di Desa Penari,Badarawuhi di Desa Penari,2020-01-01 2024-12-31,2022-04-24,0,55,2026-10-06T05:16:33.361265+00:00
Badarawuhi di Desa Penari,Badarawuhi di Desa Penari,2020-01-01 2024-12-31,2022-05-01,1,98,2026-10-06T05:16:33.361265+00:00
Badarawuhi di Desa Penari,Badarawuhi di Desa Penari,2020-01-01 2024-12-31,2022-05-08,3,75,2026-10-06T05:16:33.361265+00:00
Badarawuhi di Desa Penari,Badarawuhi di Desa Penari,2020-01-01 2024-12-31,2022-05-15,3,62,2026-10-06T05:16:33.361265+00:00
Badarawuhi di Desa Penari,Badarawuhi di Desa Penari,2020-01-01 2024-12-31,2022-05-22,2,58,2026-10-06T05:16:33.361265+00:00
Badarawuhi di Desa Penari,Badarawuhi di Desa Penari,2020-01-01 2024-12-31,2022-05-29,1,53,2026-10-06T05:16:33.361265+00:00
Badarawuhi di Desa Penari,Badarawuhi di Desa Penari,2020-01-01 2024-12-31,2022-06-05,0,48,2026-10-06T05:16:33.361265+00:00
Badarawuhi di Desa Penari,Badarawuhi di Desa Penari,2020-01-01 2024-12-31,2022-06-12,0,50,2026-10-06T05:16:33.361265+00:00
Badarawuhi di Desa Penari,Badarawuhi di Desa Penari,2020-01-01 2024-12-31,2022-06-19,0,59,2026-10-06T05:16:33.361265+00:00
Badarawuhi di Desa Penari,Badarawuhi di Desa Penari,2020-01-01 2024-12-31,2022-06-26,0,56,2026-10-06T05:16:33.361265+00:00
Badarawuhi di Desa Penari,Badarawuhi di Desa Penari,2020-01-01 2024-12-31,2022-07-03,0,54,2026-10-06T05:16:33.361265+00:00
Badarawuhi di Desa Penari,Badarawuhi di Desa Penari,2020-01-01 2024-12-31,2022-07-10,0,59,2026-10-06T05:16:33.361265+00:00
Badarawuhi di Desa Penari,Badarawuhi di Desa Penari,2020-01-01 2024-12-31,2022-07-17,0,54,2026-10-06T05:16:33.361265+00:00
Badarawuhi di Desa Penari,Badarawuhi di Desa Penari,2020-01-01 2024-12-31,2022-07-24,0,47,2026-10-06T05:16:33.361265+00:00
Badarawuhi di Desa Penari,Badarawuhi di Desa Penari,2020-01-01 2024-12-31,2022-07-31,0,54,2026-10-06T05:16:33.361265+00:00
Badarawuhi di Desa Penari,Badarawuhi di Desa Penari,2020-01-01 2024-12-31,2022-08-07,0,52,2026-10-06T05:16:33.361265+00:00
Badarawuhi di Desa Penari,Badarawuhi di Desa Penari,2020-01-01 2024-12-31,2022-08-14,0,54,2026-10-06T05:16:33.361265+00:00
Badarawuhi di Desa Penari,Badarawuhi di Desa Penari,2020-01-01 2024-12-31,2022-08-21,0,48,2026-10-06T05:16:33.361265+00:00
Badarawuhi di Desa Penari,Badarawuhi di Desa Penari,2020-01-01 2024-12-31,2022-08-28,0,46,2026-10-06T05:16:33.361265+00:00
Badarawuhi di Desa Penari,Badarawuhi di Desa Penari,2020-01-01 2024-12-31,2022-09-04,0,47,2026-10-06T05:16:33.361265+00:00
Badarawuhi di Desa Penari,Badarawuhi di Desa Penari,2020-01-01 2024-12-31,2022-09-11,0,42,2026-10-06T05:16:33.361265+00:00
Badarawuhi di Desa Penari,Badarawuhi di Desa Penari,2020-01-01 2024-12-31,2022-09-18,0,42,2026-10-06T05:16:33.361265+00:00
Badarawuhi di Desa Penari,Badarawuhi di Desa Penari,2020-01-01 2024-12-31,2022-09-25,0,41,2026-10-06T05:16:33.361265+00:00
Badarawuhi di Desa Penari,Badarawuhi di Desa Penari,2020-01-01 2024-12-31,2022-10-02,0,46,2026-10-06T05:16:33.361265+00:00
Badarawuhi di Desa Penari,Badarawuhi di Desa Penari,2020-01-01 2024-12-31,2022-10-09,0,54,2026-10-06T05:16:33.361265+00:00
Badarawuhi di Desa Penari,Badarawuhi di Desa Penari,2020-01-01 2024-12-31,2022-10-16,0,53,2026-10-06T05:16:33.361265+00:00
Badarawuhi di Desa Penari,Badarawuhi di Desa Penari,2020-01-01 2024-12-31,2022-10-23,0,48,2026-10-06T05:16:33.361265+00:00
Badarawuhi di Desa Penari,Badarawuhi di Desa Penari,2020-01-01 2024-12-31,2022-10-30,0,50,2026-10-06T05:16:33.361265+00:00
Badarawuhi di Desa Penari,Badarawuhi di Desa Penari,2020-01-01 2024-12-31,2022-11-06,0,52,2026-10-06T05:16:33.361265+00:00
Badarawuhi di Desa Penari,Badarawuhi di Desa Penari,2020-01-01 2024-12-31,2022-11-13,0,53,2026-10-06T05:16:33.361265+00:00
Badarawuhi di Desa Penari,Badarawuhi di Desa Penari,2020-01-01 2024-12-31,2022-11-20,0,44,2026-10-06T05:16:33.361265+00:00
Badarawuhi di Desa Penari,Badarawuhi di Desa Penari,2020-01-01 2024-12-31,2022-11-27,0,43,2026-10-06T05:16:33.361265+00:00
Badarawuhi di Desa Penari,Badarawuhi di Desa Penari,2020-01-01 2024-12-31,2022-12-04,0,41,2026-10-06T05:16:33.361265+00:00
Badarawuhi di Desa Penari,Badarawuhi di Desa Penari,2020-01-01 2024-12-31,2022-12-11,0,52,2026-10-06T05:16:33.361265+00:00
Badarawuhi di Desa Penari,Badarawuhi di Desa Penari,2020-01-01 2024-12-31,2022-12-18,0,58,2026-10-06T05:16:33.361265+00:00
Badarawuhi di Desa Penari,Badarawuhi di Desa Penari,2020-01-01 2024-12-31,2022-12-25,0,100,2026-10-06T05:16:33.361265+00:00
Badarawuhi di Desa Penari,Badarawuhi di Desa Penari,2020-01-01 2024-12-31,2023-01-01,0,63,2026-10-06T05:16:33.361265+00:00
Badarawuhi di Desa Penari,Badarawuhi di Desa Penari,2020-01-01 2024-12-31,2023-01-08,0,50,2026-10-06T05:16:33.361265+00:00
Badarawuhi di Desa Penari,Badarawuhi di Desa Penari,2020-01-01 2024-12-31,2023-01-15,0,48,2026-10-06T05:16:33.361265+00:00
Badarawuhi di Desa Penari,Badarawuhi di Desa Penari,2020-01-01 2024-12-31,2023-01-22,0,55,2026-10-06T05:16:33.361265+00:00
Badarawuhi di Desa Penari,Badarawuhi di Desa Penari,2020-01-01 2024-12-31,2023-01-29,0,48,2026-10-06T05:16:33.361265+00:00
Badarawuhi di Desa Penari,Badarawuhi di Desa Penari,2020-01-01 2024-12-31,2023-02-05,0,51,2026-10-06T05:16:33.361265+00:00
Badarawuhi di Desa Penari,Badarawuhi di Desa Penari,2020-01-01 2024-12-31,2023-02-12,0,55,2026-10-06T05:16:33.361265+00:00
Badarawuhi di Desa Penari,Badarawuhi di Desa Penari,2020-01-01 2024-12-31,2023-02-19,0,50,2026-10-06T05:16:33.361265+00:00
Badarawuhi di Desa Penari,Badarawuhi di Desa Penari,2020-01-01 2024-12-31,2023-02-26,0,50,2026-10-06T05:16:33.361265+00:00
Badarawuhi di Desa Penari,Badarawuhi di Desa Penari,2020-01-01 2024-12-31,2023-03-05,0,46,2026-10-06T05:16:33.361265+00:00
Badarawuhi di Desa Penari,Badarawuhi di Desa Penari,2020-01-01 2024-12-31,2023-03-12,0,46,2026-10-06T05:16:33.361265+00:00
Badarawuhi di Desa Penari,Badarawuhi di Desa Penari,2020-01-01 2024-12-31,2023-03-19,0,56,2026-10-06T05:16:33.361265+00:00
Badarawuhi di Desa Penari,Badarawuhi di Desa Penari,2020-01-01 2024-12-31,2023-03-26,0,46,2026-10-06T05:16:33.361265+00:00
Badarawuhi di Desa Penari,Badarawuhi di Desa Penari,2020-01-01 2024-12-31,2023-04-02,0,49,2026-10-06T05:16:33.361265+00:00
Badarawuhi di Desa Penari,Badarawuhi di Desa Penari,2020-01-01 2024-12-31,2023-04-09,0,46,2026-10-06T05:16:33.361265+00:00
Badarawuhi di Desa Penari,Badarawuhi di Desa Penari,2020-01-01 2024-12-31,2023-04-16,0,59,2026-10-06T05:16:33.361265+00:00
Badarawuhi di Desa Penari,Badarawuhi di Desa Penari,2020-01-01 2024-12-31,2023-04-23,0,83,2026-10-06T05:16:33.361265+00:00
Badarawuhi di Desa Penari,Badarawuhi di Desa Penari,2020-01-01 2024-12-31,2023-04-30,0,68,2026-10-06T05:16:33.361265+00:00
Badarawuhi di Desa Penari,Badarawuhi di Desa Penari,2020-01-01 2024-12-31,2023-05-07,0,57,2026-10-06T05:16:33.361265+00:00
Badarawuhi di Desa Penari,Badarawuhi di Desa Penari,2020-01-01 2024-12-31,2023-05-14,0,61,2026-10-06T05:16:33.361265+00:00
Badarawuhi di Desa Penari,Badarawuhi di Desa Penari,2020-01-01 2024-12-31,2023-05-21,0,58,2026-10-06T05:16:33.361265+00:00
Badarawuhi di Desa Penari,Badarawuhi di Desa Penari,2020-01-01 2024-12-31,2023-05-28,0,54,2026-10-06T05:16:33.361265+00:00
Badarawuhi di Desa Penari,Badarawuhi di Desa Penari,2020-01-01 2024-12-31,2023-06-04,0,48,2026-10-06T05:16:33.361265+00:00
Badarawuhi di Desa Penari,Badarawuhi di Desa Penari,2020-01-01 2024-12-31,2023-06-11,0,50,2026-10-06T05:16:33.361265+00:00
Badarawuhi di Desa Penari,Badarawuhi di Desa Penari,2020-01-01 2024-12-31,2023-06-18,0,55,2026-10-06T05:16:33.361265+00:00
Badarawuhi di Desa Penari,Badarawuhi di Desa Penari,2020-01-01 2024-12-31,2023-06-25,0,64,2026-10-06T05:16:33.361265+00:00
Badarawuhi di Desa Penari,Badarawuhi di Desa Penari,2020-01-01 2024-12-31,2023-07-02,0,55,2026-10-06T05:16:33.361265+00:00
Badarawuhi di Desa Penari,Badarawuhi di Desa Penari,2020-01-01 2024-12-31,2023-07-09,0,59,2026-10-06T05:16:33.361265+00:00
Badarawuhi di Desa Penari,Badarawuhi di Desa Penari,2020-01-01 2024-12-31,2023-07-16,0,59,2026-10-06T05:16:33.361265+00:00
Badarawuhi di Desa Penari,Badarawuhi di Desa Penari,2020-01-01 2024-12-31,2023-07-23,0,50,2026-10-06T05:16:33.361265+00:00
Badarawuhi di Desa Penari,Badarawuhi di Desa Penari,2020-01-01 2024-12-31,2023-07-30,0,47,2026-10-06T05:16:33.361265+00:00
Badarawuhi di Desa Penari,Badarawuhi di Desa Penari,2020-01-01 2024-12-31,2023-08-06,0,51,2026-10-06T05:16:33.361265+00:00
Badarawuhi di Desa Penari,Badarawuhi di Desa Penari,2020-01-01 2024-12-31,2023-08-13,0,53,2026-10-06T05:16:33.361265+00:00
Badarawuhi di Desa Penari,Badarawuhi di Desa Penari,2020-01-01 2024-12-31,2023-08-20,0,48,2026-10-06T05:16:33.361265+00:00
Badarawuhi di Desa Penari,Badarawuhi di Desa Penari,2020-01-01 2024-12-31,2023-08-27,0,50,2026-10-06T05:16:33.361265+00:00
Badarawuhi di Desa Penari,Badarawuhi di Desa Penari,2020-01-01 2024-12-31,2023-09-03,0,55,2026-10-06T05:16:33.361265+00:00
Badarawuhi di Desa Penari,Badarawuhi di Desa Penari,2020-01-01 2024-12-31,2023-09-10,0,50,2026-10-06T05:16:33.361265+00:00
Badarawuhi di Desa Penari,Badarawuhi di Desa Penari,2020-01-01 2024-12-31,2023-09-17,0,52,2026-10-06T05:16:33.361265+00:00
Badarawuhi di Desa Penari,Badarawuhi di Desa Penari,2020-01-01 2024-12-31,2023-09-24,0,54,2026-10-06T05:16:33.361265+00:00
Badarawuhi di Desa Penari,Badarawuhi di Desa Penari,2020-01-01 2024-12-31,2023-10-01,0,57,2026-10-06T05:16:33.361265+00:00
Badarawuhi di Desa Penari,Badarawuhi di Desa Penari,2020-01-01 2024-12-31,2023-10-08,0,58,2026-10-06T05:16:33.361265+00:00
Badarawuhi di Desa Penari,Badarawuhi di Desa Penari,2020-01-01 2024-12-31,2023-10-15,0,55,2026-10-06T05:16:33.361265+00:00
Badarawuhi di Desa Penari,Badarawuhi di Desa Penari,2020-01-01 2024-12-31,2023-10-22,0,57,2026-10-06T05:16:33.361265+00:00
Badarawuhi di Desa Penari,Badarawuhi di Desa Penari,2020-01-01 2024-12-31,2023-10-29,0,56,2026-10-06T05:16:33.361265+00:00
Badarawuhi di Desa Penari,Badarawuhi di Desa Penari,2020-01-01 2024-12-31,2023-11-05,0,54,2026-10-06T05:16:33.361265+00:00
Badarawuhi di Desa Penari,Badarawuhi di Desa Penari,2020-01-01 2024-12-31,2023-11-12,0,54,2026-10-06T05:16:33.361265+00:00
Badarawuhi di Desa Penari,Badarawuhi di Desa Penari,2020-01-01 2024-12-31,2023-11-19,0,52,2026-10-06T05:16:33.361265+00:00
Badarawuhi di Desa Penari,Badarawuhi di Desa Penari,2020-01-01 2024-12-31,2023-11-26,0,49,2026-10-06T05:16:33.361265+00:00
Badarawuhi di Desa Penari,Badarawuhi di Desa Penari,2020-01-01 2024-12-31,2023-12-03,0,50,2026-10-06T05:16:33.361265+00:00
Badarawuhi di Desa Penari,Badarawuhi di Desa Penari,2020-01-01 2024-12-31,2023-12-10,0,58,2026-10-06T05:16:33.361265+00:00
Badarawuhi di Desa Penari,Badarawuhi di Desa Penari,2020-01-01 2024-12-31,2023-12-17,0,60,2026-10-06T05:16:33.361265+00:00
Badarawuhi di Desa Penari,Badarawuhi di Desa Penari,2020-01-01 2024-12-31,2023-12-24,0,88,2026-10-06T05:16:33.361265+00:00
Badarawuhi di Desa Penari,Badarawuhi di Desa Penari,2020-01-01 2024-12-31,2023-12-31,0,67,2026-10-06T05:16:33.361265+00:00
Badarawuhi di Desa Penari,Badarawuhi di Desa Penari,2020-01-01 2024-12-31,2024-01-07,0,51,2026-10-06T05:16:33.361265+00:00
Badarawuhi di Desa Penari,Badarawuhi di Desa Penari,2020-01-01 2024-12-31,2024-01-14,0,49,2026-10-06T05:16:33.361265+00:00
Badarawuhi di Desa Penari,Badarawuhi di Desa Penari,2020-01-01 2024-12-31,2024-01-21,1,50,2026-10-06T05:16:33.361265+00:00
Badarawuhi di Desa Penari,Badarawuhi di Desa Penari,2020-01-01 2024-12-31,2024-01-28,2,53,2026-10-06T05:16:33.361265+00:00
Badarawuhi di Desa Penari,Badarawuhi di Desa Penari,2020-01-01 2024-12-31,2024-02-04,1,57,2026-10-06T05:16:33.361265+00:00
Badarawuhi di Desa Penari,Badarawuhi di Desa Penari,2020-01-01 2024-12-31,2024-02-11,1,53,2026-10-06T05:16:33.361265+00:00
Badarawuhi di Desa Penari,Badarawuhi di Desa Penari,2020-01-01 2024-12-31,2024-02-18,1,49,2026-10-06T05:16:33.361265+00:00
Badarawuhi di Desa Penari,Badarawuhi di Desa Penari,2020-01-01 2024-12-31,2024-02-25,0,54,2026-10-06T05:16:33.361265+00:00
Badarawuhi di Desa Penari,Badarawuhi di Desa Penari,2020-01-01 2024-12-31,2024-03-03,1,51,2026-10-06T05:16:33.361265+00:00
Badarawuhi di Desa Penari,Badarawuhi di Desa Penari,2020-01-01 2024-12-31,2024-03-10,1,56,2026-10-06T05:16:33.361265+00:00
Badarawuhi di Desa Penari,Badarawuhi di Desa Penari,2020-01-01 2024-12-31,2024-03-17,1,47,2026-10-06T05:16:33.361265+00:00
Badarawuhi di Desa Penari,Badarawuhi di Desa Penari,2020-01-01 2024-12-31,2024-03-24,3,51,2026-10-06T05:16:33.361265+00:00
Badarawuhi di Desa Penari,Badarawuhi di Desa Penari,2020-01-01 2024-12-31,2024-03-31,4,47,2026-10-06T05:16:33.361265+00:00
Badarawuhi di Desa Penari,Badarawuhi di Desa Penari,2020-01-01 2024-12-31,2024-04-07,33,69,2026-10-06T05:16:33.361265+00:00
Badarawuhi di Desa Penari,Badarawuhi di Desa Penari,2020-01-01 2024-12-31,2024-04-14,49,60,2026-10-06T05:16:33.361265+00:00
Badarawuhi di Desa Penari,Badarawuhi di Desa Penari,2020-01-01 2024-12-31,2024-04-21,19,48,2026-10-06T05:16:33.361265+00:00
Badarawuhi di Desa Penari,Badarawuhi di Desa Penari,2020-01-01 2024-12-31,2024-04-28,14,46,2026-10-06T05:16:33.361265+00:00
Badarawuhi di Desa Penari,Badarawuhi di Desa Penari,2020-01-01 2024-12-31,2024-05-05,10,53,2026-10-06T05:16:33.361265+00:00
Badarawuhi di Desa Penari,Badarawuhi di Desa Penari,2020-01-01 2024-12-31,2024-05-12,6,54,2026-10-06T05:16:33.361265+00:00
Badarawuhi di Desa Penari,Badarawuhi di Desa Penari,2020-01-01 2024-12-31,2024-05-19,4,51,2026-10-06T05:16:33.361265+00:00
Badarawuhi di Desa Penari,Badarawuhi di Desa Penari,2020-01-01 2024-12-31,2024-05-26,2,41,2026-10-06T05:16:33.361265+00:00
Badarawuhi di Desa Penari,Badarawuhi di Desa Penari,2020-01-01 2024-12-31,2024-06-02,2,36,2026-10-06T05:16:33.361265+00:00
Badarawuhi di Desa Penari,Badarawuhi di Desa Penari,2020-01-01 2024-12-31,2024-06-09,2,41,2026-10-06T05:16:33.361265+00:00
Badarawuhi di Desa Penari,Badarawuhi di Desa Penari,2020-01-01 2024-12-31,2024-06-16,2,51,2026-10-06T05:16:33.361265+00:00
Badarawuhi di Desa Penari,Badarawuhi di Desa Penari,2020-01-01 2024-12-31,2024-06-23,2,48,2026-10-06T05:16:33.361265+00:00
Badarawuhi di Desa Penari,Badarawuhi di Desa Penari,2020-01-01 2024-12-31,2024-06-30,2,53,2026-10-06T05:16:33.361265+00:00
Badarawuhi di Desa Penari,Badarawuhi di Desa Penari,2020-01-01 2024-12-31,2024-07-07,2,52,2026-10-06T05:16:33.361265+00:00
Badarawuhi di Desa Penari,Badarawuhi di Desa Penari,2020-01-01 2024-12-31,2024-07-14,2,50,2026-10-06T05:16:33.361265+00:00
Badarawuhi di Desa Penari,Badarawuhi di Desa Penari,2020-01-01 2024-12-31,2024-07-21,2,51,2026-10-06T05:16:33.361265+00:00
Badarawuhi di Desa Penari,Badarawuhi di Desa Penari,2020-01-01 2024-12-31,2024-07-28,5,50,2026-10-06T05:16:33.361265+00:00
Badarawuhi di Desa Penari,Badarawuhi di Desa Penari,2020-01-01 2024-12-31,2024-08-04,4,46,2026-10-06T05:16:33.361265+00:00
Badarawuhi di Desa Penari,Badarawuhi di Desa Penari,2020-01-01 2024-12-31,2024-08-11,5,51,2026-10-06T05:16:33.361265+00:00
Badarawuhi di Desa Penari,Badarawuhi di Desa Penari,2020-01-01 2024-12-31,2024-08-18,6,48,2026-10-06T05:16:33.361265+00:00
Badarawuhi di Desa Penari,Badarawuhi di Desa Penari,2020-01-01 2024-12-31,2024-08-25,3,48,2026-10-06T05:16:33.361265+00:00
Badarawuhi di Desa Penari,Badarawuhi di Desa Penari,2020-01-01 2024-12-31,2024-09-01,2,45,2026-10-06T05:16:33.361265+00:00
Badarawuhi di Desa Penari,Badarawuhi di Desa Penari,2020-01-01 2024-12-31,2024-09-08,2,50,2026-10-06T05:16:33.361265+00:00
Badarawuhi di Desa Penari,Badarawuhi di Desa Penari,2020-01-01 2024-12-31,2024-09-15,2,55,2026-10-06T05:16:33.361265+00:00
Badarawuhi di Desa Penari,Badarawuhi di Desa Penari,2020-01-01 2024-12-31,2024-09-22,1,54,2026-10-06T05:16:33.361265+00:00
Badarawuhi di Desa Penari,Badarawuhi di Desa Penari,2020-01-01 2024-12-31,2024-09-29,1,54,2026-10-06T05:16:33.361265+00:00
Badarawuhi di Desa Penari,Badarawuhi di Desa Penari,2020-01-01 2024-12-31,2024-10-06,1,52,2026-10-06T05:16:33.361265+00:00
Badarawuhi di Desa Penari,Badarawuhi di Desa Penari,2020-01-01 2024-12-31,2024-10-13,1,50,2026-10-06T05:16:33.361265+00:00
Badarawuhi di Desa Penari,Badarawuhi di Desa Penari,2020-01-01 2024-12-31,2024-10-20,1,50,2026-10-06T05:16:33.361265+00:00
Badarawuhi di Desa Penari,Badarawuhi di Desa Penari,2020-01-01 2024-12-31,2024-10-27,1,50,2026-10-06T05:16:33.361265+00:00
Badarawuhi di Desa Penari,Badarawuhi di Desa Penari,2020-01-01 2024-12-31,2024-11-03,1,61,2026-10-06T05:16:33.361265+00:00
Badarawuhi di Desa Penari,Badarawuhi di Desa Penari,2020-01-01 2024-12-31,2024-11-10,1,57,2026-10-06T05:16:33.361265+00:00
Badarawuhi di Desa Penari,Badarawuhi di Desa Penari,2020-01-01 2024-12-31,2024-11-17,1,61,2026-10-06T05:16:33.361265+00:00
Badarawuhi di Desa Penari,Badarawuhi di Desa Penari,2020-01-01 2024-12-31,2024-11-24,1,59,2026-10-06T05:16:33.361265+00:00
Badarawuhi di Desa Penari,Badarawuhi di Desa Penari,2020-01-01 2024-12-31,2024-12-01,1,52,2026-10-06T05:16:33.361265+00:00
Badarawuhi di Desa Penari,Badarawuhi di Desa Penari,2020-01-01 2024-12-31,2024-12-08,1,56,2026-10-06T05:16:33.361265+00:00
Badarawuhi di Desa Penari,Badarawuhi di Desa Penari,2020-01-01 2024-12-31,2024-12-15,1,65,2026-10-06T05:16:33.361265+00:00
Badarawuhi di Desa Penari,Badarawuhi di Desa Penari,2020-01-01 2024-12-31,2024-12-22,1,78,2026-10-06T05:16:33.361265+00:00
Badarawuhi di Desa Penari,Badarawuhi di Desa Penari,2020-01-01 2024-12-31,2024-12-29,2,79,2026-10-06T05:16:33.361265+00:00
Badarawuhi di Desa Penari,Badarawuhi di Desa Penari,2022-01-01 2026-10-06,2021-12-26,0,73,2026-10-06T05:20:17.718044+00:00
Badarawuhi di Desa Penari,Badarawuhi di Desa Penari,2022-01-01 2026-10-06,2022-01-02,0,57,2026-10-06T05:20:17.718044+00:00
Badarawuhi di Desa Penari,Badarawuhi di Desa Penari,2022-01-01 2026-10-06,2022-01-09,0,61,2026-10-06T05:20:17.718044+00:00
Badarawuhi di Desa Penari,Badarawuhi di Desa Penari,2022-01-01 2026-10-06,2022-01-16,0,46,2026-10-06T05:20:17.718044+00:00
Badarawuhi di Desa Penari,Badarawuhi di Desa Penari,2022-01-01 2026-10-06,2022-01-23,0,47,2026-10-06T05:20:17.718044+00:00
Badarawuhi di Desa Penari,Badarawuhi di Desa Penari,2022-01-01 2026-10-06,2022-01-30,0,46,2026-10-06T05:20:17.718044+00:00
Badarawuhi di Desa Penari,Badarawuhi di Desa Penari,2022-01-01 2026-10-06,2022-02-06,0,46,2026-10-06T05:20:17.718044+00:00
Badarawuhi di Desa Penari,Badarawuhi di Desa Penari,2022-01-01 2026-10-06,2022-02-13,0,50,2026-10-06T05:20:17.718044+00:00
Badarawuhi di Desa Penari,Badarawuhi di Desa Penari,2022-01-01 2026-10-06,2022-02-20,0,46,2026-10-06T05:20:17.718044+00:00
Badarawuhi di Desa Penari,Badarawuhi di Desa Penari,2022-01-01 2026-10-06,2022-02-27,0,51,2026-10-06T05:20:17.718044+00:00
Badarawuhi di Desa Penari,Badarawuhi di Desa Penari,2022-01-01 2026-10-06,2022-03-06,0,38,2026-10-06T05:20:17.718044+00:00
Badarawuhi di Desa Penari,Badarawuhi di Desa Penari,2022-01-01 2026-10-06,2022-03-13,0,40,2026-10-06T05:20:17.718044+00:00
Badarawuhi di Desa Penari,Badarawuhi di Desa Penari,2022-01-01 2026-10-06,2022-03-20,0,42,2026-10-06T05:20:17.718044+00:00
Badarawuhi di Desa Penari,Badarawuhi di Desa Penari,2022-01-01 2026-10-06,2022-03-27,0,40,2026-10-06T05:20:17.718044+00:00
Badarawuhi di Desa Penari,Badarawuhi di Desa Penari,2022-01-01 2026-10-06,2022-04-03,0,42,2026-10-06T05:20:17.718044+00:00
Badarawuhi di Desa Penari,Badarawuhi di Desa Penari,2022-01-01 2026-10-06,2022-04-10,0,43,2026-10-06T05:20:17.718044+00:00
Badarawuhi di Desa Penari,Badarawuhi di Desa Penari,2022-01-01 2026-10-06,2022-04-17,0,47,2026-10-06T05:20:17.718044+00:00
Badarawuhi di Desa Penari,Badarawuhi di Desa Penari,2022-01-01 2026-10-06,2022-04-24,0,51,2026-10-06T05:20:17.718044+00:00
Badarawuhi di Desa Penari,Badarawuhi di Desa Penari,2022-01-01 2026-10-06,2022-05-01,1,90,2026-10-06T05:20:17.718044+00:00
Badarawuhi di Desa Penari,Badarawuhi di Desa Penari,2022-01-01 2026-10-06,2022-05-08,3,69,2026-10-06T05:20:17.718044+00:00
Badarawuhi di Desa Penari,Badarawuhi di Desa Penari,2022-01-01 2026-10-06,2022-05-15,3,57,2026-10-06T05:20:17.718044+00:00
Badarawuhi di Desa Penari,Badarawuhi di Desa Penari,2022-01-01 2026-10-06,2022-05-22,1,53,2026-10-06T05:20:17.718044+00:00
Badarawuhi di Desa Penari,Badarawuhi di Desa Penari,2022-01-01 2026-10-06,2022-05-29,0,49,2026-10-06T05:20:17.718044+00:00
Badarawuhi di Desa Penari,Badarawuhi di Desa Penari,2022-01-01 2026-10-06,2022-06-05,0,44,2026-10-06T05:20:17.718044+00:00
Badarawuhi di Desa Penari,Badarawuhi di Desa Penari,2022-01-01 2026-10-06,2022-06-12,0,46,2026-10-06T05:20:17.718044+00:00
Badarawuhi di Desa Penari,Badarawuhi di Desa Penari,2022-01-01 2026-10-06,2022-06-19,0,54,2026-10-06T05:20:17.718044+00:00
Badarawuhi di Desa Penari,Badarawuhi di Desa Penari,2022-01-01 2026-10-06,2022-06-26,0,52,2026-10-06T05:20:17.718044+00:00
Badarawuhi di Desa Penari,Badarawuhi di Desa Penari,2022-01-01 2026-10-06,2022-07-03,0,50,2026-10-06T05:20:17.718044+00:00
Badarawuhi di Desa Penari,Badarawuhi di Desa Penari,2022-01-01 2026-10-06,2022-07-10,0,55,2026-10-06T05:20:17.718044+00:00
Badarawuhi di Desa Penari,Badarawuhi di Desa Penari,2022-01-01 2026-10-06,2022-07-17,0,50,2026-10-06T05:20:17.718044+00:00
Badarawuhi di Desa Penari,Badarawuhi di Desa Penari,2022-01-01 2026-10-06,2022-07-24,0,44,2026-10-06T05:20:17.718044+00:00
Badarawuhi di Desa Penari,Badarawuhi di Desa Penari,2022-01-01 2026-10-06,2022-07-31,0,50,2026-10-06T05:20:17.718044+00:00
Badarawuhi di Desa Penari,Badarawuhi di Desa Penari,2022-01-01 2026-10-06,2022-08-07,0,48,2026-10-06T05:20:17.718044+00:00
Badarawuhi di Desa Penari,Badarawuhi di Desa Penari,2022-01-01 2026-10-06,2022-08-14,0,50,2026-10-06T05:20:17.718044+00:00
Badarawuhi di Desa Penari,Badarawuhi di Desa Penari,2022-01-01 2026-10-06,2022-08-21,0,45,2026-10-06T05:20:17.718044+00:00
Badarawuhi di Desa Penari,Badarawuhi di Desa Penari,2022-01-01 2026-10-06,2022-08-28,0,42,2026-10-06T05:20:17.718044+00:00
Badarawuhi di Desa Penari,Badarawuhi di Desa Penari,2022-01-01 2026-10-06,2022-09-04,0,43,2026-10-06T05:20:17.718044+00:00
Badarawuhi di Desa Penari,Badarawuhi di Desa Penari,2022-01-01 2026-10-06,2022-09-11,0,39,2026-10-06T05:20:17.718044+00:00
Badarawuhi di Desa Penari,Badarawuhi di Desa Penari,2022-01-01 2026-10-06,2022-09-18,0,39,2026-10-06T05:20:17.718044+00:00
Badarawuhi di Desa Penari,Badarawuhi di Desa Penari,2022-01-01 2026-10-06,2022-09-25,0,38,2026-10-06T05:20:17.718044+00:00
Badarawuhi di Desa Penari,Badarawuhi di Desa Penari,2022-01-01 2026-10-06,2022-10-02,0,43,2026-10-06T05:20:17.718044+00:00
Badarawuhi di Desa Penari,Badarawuhi di Desa Penari,2022-01-01 2026-10-06,2022-10-09,0,50,2026-10-06T05:20:17.718044+00:00
Badarawuhi di Desa Penari,Badarawuhi di Desa Penari,2022-01-01 2026-10-06,2022-10-16,0,49,2026-10-06T05:20:17.718044+00:00
Badarawuhi di Desa Penari,Badarawuhi di Desa Penari,2022-01-01 2026-10-06,2022-10-23,0,45,2026-10-06T05:20:17.718044+00:00
Badarawuhi di Desa Penari,Badarawuhi di Desa Penari,2022-01-01 2026-10-06,2022-10-30,0,46,2026-10-06T05:20:17.718044+00:00
Badarawuhi di Desa Penari,Badarawuhi di Desa Penari,2022-01-01 2026-10-06,2022-11-06,0,48,2026-10-06T05:20:17.718044+00:00
Badarawuhi di Desa Penari,Badarawuhi di Desa Penari,2022-01-01 2026-10-06,2022-11-13,0,49,2026-10-06T05:20:17.718044+00:00
Badarawuhi di Desa Penari,Badarawuhi di Desa Penari,2022-01-01 2026-10-06,2022-11-20,0,41,2026-10-06T05:20:17.718044+00:00
Badarawuhi di Desa Penari,Badarawuhi di Desa Penari,2022-01-01 2026-10-06,2022-11-27,0,40,2026-10-06T05:20:17.718044+00:00
Badarawuhi di Desa Penari,Badarawuhi di Desa Penari,2022-01-01 2026-10-06,2022-12-04,0,38,2026-10-06T05:20:17.718044+00:00
Badarawuhi di Desa Penari,Badarawuhi di Desa Penari,2022-01-01 2026-10-06,2022-12-11,0,48,2026-10-06T05:20:17.718044+00:00
Badarawuhi di Desa Penari,Badarawuhi di Desa Penari,2022-01-01 2026-10-06,2022-12-18,0,53,2026-10-06T05:20:17.718044+00:00
Badarawuhi di Desa Penari,Badarawuhi di Desa Penari,2022-01-01 2026-10-06,2022-12-25,0,92,2026-10-06T05:20:17.718044+00:00
Badarawuhi di Desa Penari,Badarawuhi di Desa Penari,2022-01-01 2026-10-06,2023-01-01,0,58,2026-10-06T05:20:17.718044+00:00
Badarawuhi di Desa Penari,Badarawuhi di Desa Penari,2022-01-01 2026-10-06,2023-01-08,0,46,2026-10-06T05:20:17.718044+00:00
Badarawuhi di Desa Penari,Badarawuhi di Desa Penari,2022-01-01 2026-10-06,2023-01-15,0,44,2026-10-06T05:20:17.718044+00:00
Badarawuhi di Desa Penari,Badarawuhi di Desa Penari,2022-01-01 2026-10-06,2023-01-22,0,51,2026-10-06T05:20:17.718044+00:00
Badarawuhi di Desa Penari,Badarawuhi di Desa Penari,2022-01-01 2026-10-06,2023-01-29,0,44,2026-10-06T05:20:17.718044+00:00
Badarawuhi di Desa Penari,Badarawuhi di Desa Penari,2022-01-01 2026-10-06,2023-02-05,0,47,2026-10-06T05:20:17.718044+00:00
Badarawuhi di Desa Penari,Badarawuhi di Desa Penari,2022-01-01 2026-10-06,2023-02-12,0,51,2026-10-06T05:20:17.718044+00:00
Badarawuhi di Desa Penari,Badarawuhi di Desa Penari,2022-01-01 2026-10-06,2023-02-19,0,46,2026-10-06T05:20:17.718044+00:00
Badarawuhi di Desa Penari,Badarawuhi di Desa Penari,2022-01-01 2026-10-06,2023-02-26,0,46,2026-10-06T05:20:17.718044+00:00
Badarawuhi di Desa Penari,Badarawuhi di Desa Penari,2022-01-01 2026-10-06,2023-03-05,0,43,2026-10-06T05:20:17.718044+00:00
Badarawuhi di Desa Penari,Badarawuhi di Desa Penari,2022-01-01 2026-10-06,2023-03-12,0,42,2026-10-06T05:20:17.718044+00:00
Badarawuhi di Desa Penari,Badarawuhi di Desa Penari,2022-01-01 2026-10-06,2023-03-19,0,52,2026-10-06T05:20:17.718044+00:00
Badarawuhi di Desa Penari,Badarawuhi di Desa Penari,2022-01-01 2026-10-06,2023-03-26,0,43,2026-10-06T05:20:17.718044+00:00
Badarawuhi di Desa Penari,Badarawuhi di Desa Penari,2022-01-01 2026-10-06,2023-04-02,0,45,2026-10-06T05:20:17.718044+00:00
Badarawuhi di Desa Penari,Badarawuhi di Desa Penari,2022-01-01 2026-10-06,2023-04-09,0,43,2026-10-06T05:20:17.718044+00:00
Badarawuhi di Desa Penari,Badarawuhi di Desa Penari,2022-01-01 2026-10-06,2023-04-16,0,54,2026-10-06T05:20:17.718044+00:00
Badarawuhi di Desa Penari,Badarawuhi di Desa Penari,2022-01-01 2026-10-06,2023-04-23,0,77,2026-10-06T05:20:17.718044+00:00
Badarawuhi di Desa Penari,Badarawuhi di Desa Penari,2022-01-01 2026-10-06,2023-04-30,0,63,2026-10-06T05:20:17.718044+00:00
Badarawuhi di Desa Penari,Badarawuhi di Desa Penari,2022-01-01 2026-10-06,2023-05-07,0,53,2026-10-06T05:20:17.718044+00:00
Badarawuhi di Desa Penari,Badarawuhi di Desa Penari,2022-01-01 2026-10-06,2023-05-14,0,56,2026-10-06T05:20:17.718044+00:00
Badarawuhi di Desa Penari,Badarawuhi di Desa Penari,2022-01-01 2026-10-06,2023-05-21,0,54,2026-10-06T05:20:17.718044+00:00
Badarawuhi di Desa Penari,Badarawuhi di Desa Penari,2022-01-01 2026-10-06,2023-05-28,0,50,2026-10-06T05:20:17.718044+00:00
Badarawuhi di Desa Penari,Badarawuhi di Desa Penari,2022-01-01 2026-10-06,2023-06-04,0,44,2026-10-06T05:20:17.718044+00:00
Badarawuhi di Desa Penari,Badarawuhi di Desa Penari,2022-01-01 2026-10-06,2023-06-11,0,47,2026-10-06T05:20:17.718044+00:00
Badarawuhi di Desa Penari,Badarawuhi di Desa Penari,2022-01-01 2026-10-06,2023-06-18,0,50,2026-10-06T05:20:17.718044+00:00
Badarawuhi di Desa Penari,Badarawuhi di Desa Penari,2022-01-01 2026-10-06,2023-06-25,0,59,2026-10-06T05:20:17.718044+00:00
Badarawuhi di Desa Penari,Badarawuhi di Desa Penari,2022-01-01 2026-10-06,2023-07-02,0,51,2026-10-06T05:20:17.718044+00:00
Badarawuhi di Desa Penari,Badarawuhi di Desa Penari,2022-01-01 2026-10-06,2023-07-09,0,55,2026-10-06T05:20:17.718044+00:00
Badarawuhi di Desa Penari,Badarawuhi di Desa Penari,2022-01-01 2026-10-06,2023-07-16,0,54,2026-10-06T05:20:17.718044+00:00
Badarawuhi di Desa Penari,Badarawuhi di Desa Penari,2022-01-01 2026-10-06,2023-07-23,0,47,2026-10-06T05:20:17.718044+00:00
Badarawuhi di Desa Penari,Badarawuhi di Desa Penari,2022-01-01 2026-10-06,2023-07-30,0,43,2026-10-06T05:20:17.718044+00:00
Badarawuhi di Desa Penari,Badarawuhi di Desa Penari,2022-01-01 2026-10-06,2023-08-06,0,47,2026-10-06T05:20:17.718044+00:00
Badarawuhi di Desa Penari,Badarawuhi di Desa Penari,2022-01-01 2026-10-06,2023-08-13,0,49,2026-10-06T05:20:17.718044+00:00
Badarawuhi di Desa Penari,Badarawuhi di Desa Penari,2022-01-01 2026-10-06,2023-08-20,0,44,2026-10-06T05:20:17.718044+00:00
Badarawuhi di Desa Penari,Badarawuhi di Desa Penari,2022-01-01 2026-10-06,2023-08-27,0,46,2026-10-06T05:20:17.718044+00:00
Badarawuhi di Desa Penari,Badarawuhi di Desa Penari,2022-01-01 2026-10-06,2023-09-03,0,51,2026-10-06T05:20:17.718044+00:00
Badarawuhi di Desa Penari,Badarawuhi di Desa Penari,2022-01-01 2026-10-06,2023-09-10,0,46,2026-10-06T05:20:17.718044+00:00
Badarawuhi di Desa Penari,Badarawuhi di Desa Penari,2022-01-01 2026-10-06,2023-09-17,0,48,2026-10-06T05:20:17.718044+00:00
Badarawuhi di Desa Penari,Badarawuhi di Desa Penari,2022-01-01 2026-10-06,2023-09-24,0,50,2026-10-06T05:20:17.718044+00:00
Badarawuhi di Desa Penari,Badarawuhi di Desa Penari,2022-01-01 2026-10-06,2023-10-01,0,52,2026-10-06T05:20:17.718044+00:00
Badarawuhi di Desa Penari,Badarawuhi di Desa Penari,2022-01-01 2026-10-06,2023-10-08,0,53,2026-10-06T05:20:17.718044+00:00
Badarawuhi di Desa Penari,Badarawuhi di Desa Penari,2022-01-01 2026-10-06,2023-10-15,0,51,2026-10-06T05:20:17.718044+00:00
Badarawuhi di Desa Penari,Badarawuhi di Desa Penari,2022-01-01 2026-10-06,2023-10-22,0,52,2026-10-06T05:20:17.718044+00:00
Badarawuhi di Desa Penari,Badarawuhi di Desa Penari,2022-01-01 2026-10-06,2023-10-29,0,52,2026-10-06T05:20:17.718044+00:00
Badarawuhi di Desa Penari,Badarawuhi di Desa Penari,2022-01-01 2026-10-06,2023-11-05,0,50,2026-10-06T05:20:17.718044+00:00
Badarawuhi di Desa Penari,Badarawuhi di Desa Penari,2022-01-01 2026-10-06,2023-11-12,0,50,2026-10-06T05:20:17.718044+00:00
Badarawuhi di Desa Penari,Badarawuhi di Desa Penari,2022-01-01 2026-10-06,2023-11-19,0,48,2026-10-06T05:20:17.718044+00:00
Badarawuhi di Desa Penari,Badarawuhi di Desa Penari,2022-01-01 2026-10-06,2023-11-26,0,45,2026-10-06T05:20:17.718044+00:00
Badarawuhi di Desa Penari,Badarawuhi di Desa Penari,2022-01-01 2026-10-06,2023-12-03,0,46,2026-10-06T05:20:17.718044+00:00
Badarawuhi di Desa Penari,Badarawuhi di Desa Penari,2022-01-01 2026-10-06,2023-12-10,0,53,2026-10-06T05:20:17.718044+00:00
Badarawuhi di Desa Penari,Badarawuhi di Desa Penari,2022-01-01 2026-10-06,2023-12-17,0,56,2026-10-06T05:20:17.718044+00:00
Badarawuhi di Desa Penari,Badarawuhi di Desa Penari,2022-01-01 2026-10-06,2023-12-24,0,81,2026-10-06T05:20:17.718044+00:00
Badarawuhi di Desa Penari,Badarawuhi di Desa Penari,2022-01-01 2026-10-06,2023-12-31,0,62,2026-10-06T05:20:17.718044+00:00
Badarawuhi di Desa Penari,Badarawuhi di Desa Penari,2022-01-01 2026-10-06,2024-01-07,0,47,2026-10-06T05:20:17.718044+00:00
Badarawuhi di Desa Penari,Badarawuhi di Desa Penari,2022-01-01 2026-10-06,2024-01-14,0,45,2026-10-06T05:20:17.718044+00:00
Badarawuhi di Desa Penari,Badarawuhi di Desa Penari,2022-01-01 2026-10-06,2024-01-21,1,46,2026-10-06T05:20:17.718044+00:00
Badarawuhi di Desa Penari,Badarawuhi di Desa Penari,2022-01-01 2026-10-06,2024-01-28,1,49,2026-10-06T05:20:17.718044+00:00
Badarawuhi di Desa Penari,Badarawuhi di Desa Penari,2022-01-01 2026-10-06,2024-02-04,1,52,2026-10-06T05:20:17.718044+00:00
Badarawuhi di Desa Penari,Badarawuhi di Desa Penari,2022-01-01 2026-10-06,2024-02-11,1,49,2026-10-06T05:20:17.718044+00:00
Badarawuhi di Desa Penari,Badarawuhi di Desa Penari,2022-01-01 2026-10-06,2024-02-18,1,45,2026-10-06T05:20:17.718044+00:00
Badarawuhi di Desa Penari,Badarawuhi di Desa Penari,2022-01-01 2026-10-06,2024-02-25,0,50,2026-10-06T05:20:17.718044+00:00
Badarawuhi di Desa Penari,Badarawuhi di Desa Penari,2022-01-01 2026-10-06,2024-03-03,1,47,2026-10-06T05:20:17.718044+00:00
Badarawuhi di Desa Penari,Badarawuhi di Desa Penari,2022-01-01 2026-10-06,2024-03-10,1,52,2026-10-06T05:20:17.718044+00:00
Badarawuhi di Desa Penari,Badarawuhi di Desa Penari,2022-01-01 2026-10-06,2024-03-17,1,43,2026-10-06T05:20:17.718044+00:00
Badarawuhi di Desa Penari,Badarawuhi di Desa Penari,2022-01-01 2026-10-06,2024-03-24,2,47,2026-10-06T05:20:17.718044+00:00
Badarawuhi di Desa Penari,Badarawuhi di Desa Penari,2022-01-01 2026-10-06,2024-03-31,4,44,2026-10-06T05:20:17.718044+00:00
Badarawuhi di Desa Penari,Badarawuhi di Desa Penari,2022-01-01 2026-10-06,2024-04-07,31,64,2026-10-06T05:20:17.718044+00:00
Badarawuhi di Desa Penari,Badarawuhi di Desa Penari,2022-01-01 2026-10-06,2024-04-14,45,55,2026-10-06T05:20:17.718044+00:00
Badarawuhi di Desa Penari,Badarawuhi di Desa Penari,2022-01-01 2026-10-06,2024-04-21,17,44,2026-10-06T05:20:17.718044+00:00
Badarawuhi di Desa Penari,Badarawuhi di Desa Penari,2022-01-01 2026-10-06,2024-04-28,13,42,2026-10-06T05:20:17.718044+00:00
Badarawuhi di Desa Penari,Badarawuhi di Desa Penari,2022-01-01 2026-10-06,2024-05-05,9,48,2026-10-06T05:20:17.718044+00:00
Badarawuhi di Desa Penari,Badarawuhi di Desa Penari,2022-01-01 2026-10-06,2024-05-12,5,50,2026-10-06T05:20:17.718044+00:00
Badarawuhi di Desa Penari,Badarawuhi di Desa Penari,2022-01-01 2026-10-06,2024-05-19,3,47,2026-10-06T05:20:17.718044+00:00
Badarawuhi di Desa Penari,Badarawuhi di Desa Penari,2022-01-01 2026-10-06,2024-05-26,2,38,2026-10-06T05:20:17.718044+00:00
Badarawuhi di Desa Penari,Badarawuhi di Desa Penari,2022-01-01 2026-10-06,2024-06-02,2,34,2026-10-06T05:20:17.718044+00:00
Badarawuhi di Desa Penari,Badarawuhi di Desa Penari,2022-01-01 2026-10-06,2024-06-09,2,38,2026-10-06T05:20:17.718044+00:00
Badarawuhi di Desa Penari,Badarawuhi di Desa Penari,2022-01-01 2026-10-06,2024-06-16,2,47,2026-10-06T05:20:17.718044+00:00
Badarawuhi di Desa Penari,Badarawuhi di Desa Penari,2022-01-01 2026-10-06,2024-06-23,2,44,2026-10-06T05:20:17.718044+00:00
Badarawuhi di Desa Penari,Badarawuhi di Desa Penari,2022-01-01 2026-10-06,2024-06-30,2,49,2026-10-06T05:20:17.718044+00:00
Badarawuhi di Desa Penari,Badarawuhi di Desa Penari,2022-01-01 2026-10-06,2024-07-07,1,48,2026-10-06T05:20:17.718044+00:00
Badarawuhi di Desa Penari,Badarawuhi di Desa Penari,2022-01-01 2026-10-06,2024-07-14,2,46,2026-10-06T05:20:17.718044+00:00
Badarawuhi di Desa Penari,Badarawuhi di Desa Penari,2022-01-01 2026-10-06,2024-07-21,2,47,2026-10-06T05:20:17.718044+00:00
Badarawuhi di Desa Penari,Badarawuhi di Desa Penari,2022-01-01 2026-10-06,2024-07-28,5,46,2026-10-06T05:20:17.718044+00:00
Badarawuhi di Desa Penari,Badarawuhi di Desa Penari,2022-01-01 2026-10-06,2024-08-04,4,42,2026-10-06T05:20:17.718044+00:00
Badarawuhi di Desa Penari,Badarawuhi di Desa Penari,2022-01-01 2026-10-06,2024-08-11,5,47,2026-10-06T05:20:17.718044+00:00
Badarawuhi di Desa Penari,Badarawuhi di Desa Penari,2022-01-01 2026-10-06,2024-08-18,5,45,2026-10-06T05:20:17.718044+00:00
Badarawuhi di Desa Penari,Badarawuhi di Desa Penari,2022-01-01 2026-10-06,2024-08-25,3,44,2026-10-06T05:20:17.718044+00:00
Badarawuhi di Desa Penari,Badarawuhi di Desa Penari,2022-01-01 2026-10-06,2024-09-01,2,42,2026-10-06T05:20:17.718044+00:00
Badarawuhi di Desa Penari,Badarawuhi di Desa Penari,2022-01-01 2026-10-06,2024-09-08,2,46,2026-10-06T05:20:17.718044+00:00
Badarawuhi di Desa Penari,Badarawuhi di Desa Penari,2022-01-01 2026-10-06,2024-09-15,2,51,2026-10-06T05:20:17.718044+00:00
Badarawuhi di Desa Penari,Badarawuhi di Desa Penari,2022-01-01 2026-10-06,2024-09-22,1,50,2026-10-06T05:20:17.718044+00:00
Badarawuhi di Desa Penari,Badarawuhi di Desa Penari,2022-01-01 2026-10-06,2024-09-29,1,50,2026-10-06T05:20:17.718044+00:00
Badarawuhi di Desa Penari,Badarawuhi di Desa Penari,2022-01-01 2026-10-06,2024-10-06,1,48,2026-10-06T05:20:17.718044+00:00
Badarawuhi di Desa Penari,Badarawuhi di Desa Penari,2022-01-01 2026-10-06,2024-10-13,1,46,2026-10-06T05:20:17.718044+00:00
Badarawuhi di Desa Penari,Badarawuhi di Desa Penari,2022-01-01 2026-10-06,2024-10-20,1,46,2026-10-06T05:20:17.718044+00:00
Badarawuhi di Desa Penari,Badarawuhi di Desa Penari,2022-01-01 2026-10-06,2024-10-27,1,46,2026-10-06T05:20:17.718044+00:00
Badarawuhi di Desa Penari,Badarawuhi di Desa Penari,2022-01-01 2026-10-06,2024-11-03,1,56,2026-10-06T05:20:17.718044+00:00
Badarawuhi di Desa Penari,Badarawuhi di Desa Penari,2022-01-01 2026-10-06,2024-11-10,1,52,2026-10-06T05:20:17.718044+00:00
Badarawuhi di Desa Penari,Badarawuhi di Desa Penari,2022-01-01 2026-10-06,2024-11-17,1,57,2026-10-06T05:20:17.718044+00:00
Badarawuhi di Desa Penari,Badarawuhi di Desa Penari,2022-01-01 2026-10-06,2024-11-24,1,55,2026-10-06T05:20:17.718044+00:00
Badarawuhi di Desa Penari,Badarawuhi di Desa Penari,2022-01-01 2026-10-06,2024-12-01,1,48,2026-10-06T05:20:17.718044+00:00
Badarawuhi di Desa Penari,Badarawuhi di Desa Penari,2022-01-01 2026-10-06,2024-12-08,1,52,2026-10-06T05:20:17.718044+00:00
Badarawuhi di Desa Penari,Badarawuhi di Desa Penari,2022-01-01 2026-10-06,2024-12-15,1,60,2026-10-06T05:20:17.718044+00:00
Badarawuhi di Desa Penari,Badarawuhi di Desa Penari,2022-01-01 2026-10-06,2024-12-22,1,72,2026-10-06T05:20:17.718044+00:00
Badarawuhi di Desa Penari,Badarawuhi di Desa Penari,2022-01-01 2026-10-06,2024-12-29,1,73,2026-10-06T05:20:17.718044+00:00
Badarawuhi di Desa Penari,Badarawuhi di Desa Penari,2022-01-01 2026-10-06,2025-01-05,1,61,2026-10-06T05:20:17.718044+00:00
Badarawuhi di Desa Penari,Badarawuhi di Desa Penari,2022-01-01 2026-10-06,2025-01-12,1,51,2026-10-06T05:20:17.718044+00:00
Badarawuhi di Desa Penari,Badarawuhi di Desa Penari,2022-01-01 2026-10-06,2025-01-19,1,59,2026-10-06T05:20:17.718044+00:00
Badarawuhi di Desa Penari,Badarawuhi di Desa Penari,2022-01-01 2026-10-06,2025-01-26,1,65,2026-10-06T05:20:17.718044+00:00
Badarawuhi di Desa Penari,Badarawuhi di Desa Penari,2022-01-01 2026-10-06,2025-02-02,0,49,2026-10-06T05:20:17.718044+00:00
Badarawuhi di Desa Penari,Badarawuhi di Desa Penari,2022-01-01 2026-10-06,2025-02-09,1,50,2026-10-06T05:20:17.718044+00:00
Badarawuhi di Desa Penari,Badarawuhi di Desa Penari,2022-01-01 2026-10-06,2025-02-16,0,49,2026-10-06T05:20:17.718044+00:00
Badarawuhi di Desa Penari,Badarawuhi di Desa Penari,2022-01-01 2026-10-06,2025-02-23,1,50,2026-10-06T05:20:17.718044+00:00
Badarawuhi di Desa Penari,Badarawuhi di Desa Penari,2022-01-01 2026-10-06,2025-03-02,0,47,2026-10-06T05:20:17.718044+00:00
Badarawuhi di Desa Penari,Badarawuhi di Desa Penari,2022-01-01 2026-10-06,2025-03-09,0,44,2026-10-06T05:20:17.718044+00:00
Badarawuhi di Desa Penari,Badarawuhi di Desa Penari,2022-01-01 2026-10-06,2025-03-16,0,49,2026-10-06T05:20:17.718044+00:00
Badarawuhi di Desa Penari,Badarawuhi di Desa Penari,2022-01-01 2026-10-06,2025-03-23,0,57,2026-10-06T05:20:17.718044+00:00
Badarawuhi di Desa Penari,Badarawuhi di Desa Penari,2022-01-01 2026-10-06,2025-03-30,1,100,2026-10-06T05:20:17.718044+00:00
Badarawuhi di Desa Penari,Badarawuhi di Desa Penari,2022-01-01 2026-10-06,2025-04-06,1,63,2026-10-06T05:20:17.718044+00:00
Badarawuhi di Desa Penari,Badarawuhi di Desa Penari,2022-01-01 2026-10-06,2025-04-13,1,48,2026-10-06T05:20:17.718044+00:00
Badarawuhi di Desa Penari,Badarawuhi di Desa Penari,2022-01-01 2026-10-06,2025-04-20,0,46,2026-10-06T05:20:17.718044+00:00
Badarawuhi di Desa Penari,Badarawuhi di Desa Penari,2022-01-01 2026-10-06,2025-04-27,0,44,2026-10-06T05:20:17.718044+00:00
Badarawuhi di Desa Penari,Badarawuhi di Desa Penari,2022-01-01 2026-10-06,2025-05-04,0,39,2026-10-06T05:20:17.718044+00:00
Badarawuhi di Desa Penari,Badarawuhi di Desa Penari,2022-01-01 2026-10-06,2025-05-11,0,49,2026-10-06T05:20:17.718044+00:00
Badarawuhi di Desa Penari,Badarawuhi di Desa Penari,2022-01-01 2026-10-06,2025-05-18,0,43,2026-10-06T05:20:17.718044+00:00
Badarawuhi di Desa Penari,Badarawuhi di Desa Penari,2022-01-01 2026-10-06,2025-05-25,0,44,2026-10-06T05:20:17.718044+00:00
Badarawuhi di Desa Penari,Badarawuhi di Desa Penari,2022-01-01 2026-10-06,2025-06-01,0,41,2026-10-06T05:20:17.718044+00:00
Badarawuhi di Desa Penari,Badarawuhi di Desa Penari,2022-01-01 2026-10-06,2025-06-08,0,44,2026-10-06T05:20:17.718044+00:00
Badarawuhi di Desa Penari,Badarawuhi di Desa Penari,2022-01-01 2026-10-06,2025-06-15,0,43,2026-10-06T05:20:17.718044+00:00
Badarawuhi di Desa Penari,Badarawuhi di Desa Penari,2022-01-01 2026-10-06,2025-06-22,0,50,2026-10-06T05:20:17.718044+00:00
Badarawuhi di Desa Penari,Badarawuhi di Desa Penari,2022-01-01 2026-10-06,2025-06-29,0,46,2026-10-06T05:20:17.718044+00:00
Badarawuhi di Desa Penari,Badarawuhi di Desa Penari,2022-01-01 2026-10-06,2025-07-06,0,44,2026-10-06T05:20:17.718044+00:00
Badarawuhi di Desa Penari,Badarawuhi di Desa Penari,2022-01-01 2026-10-06,2025-07-13,0,40,2026-10-06T05:20:17.718044+00:00
Badarawuhi di Desa Penari,Badarawuhi di Desa Penari,2022-01-01 2026-10-06,2025-07-20,0,39,2026-10-06T05:20:17.718044+00:00
Badarawuhi di Desa Penari,Badarawuhi di Desa Penari,2022-01-01 2026-10-06,2025-07-27,0,36,2026-10-06T05:20:17.718044+00:00
Badarawuhi di Desa Penari,Badarawuhi di Desa Penari,2022-01-01 2026-10-06,2025-08-03,0,39,2026-10-06T05:20:17.718044+00:00
Badarawuhi di Desa Penari,Badarawuhi di Desa Penari,2022-01-01 2026-10-06,2025-08-10,0,42,2026-10-06T05:20:17.718044+00:00
Badarawuhi di Desa Penari,Badarawuhi di Desa Penari,2022-01-01 2026-10-06,2025-08-17,0,43,2026-10-06T05:20:17.718044+00:00
Badarawuhi di Desa Penari,Badarawuhi di Desa Penari,2022-01-01 2026-10-06,2025-08-24,0,38,2026-10-06T05:20:17.718044+00:00
Badarawuhi di Desa Penari,Badarawuhi di Desa Penari,2022-01-01 2026-10-06,2025-08-31,0,41,2026-10-06T05:20:17.718044+00:00
Badarawuhi di Desa Penari,Badarawuhi di Desa Penari,2022-01-01 2026-10-06,2025-09-07,0,39,2026-10-06T05:20:17.718044+00:00
Badarawuhi di Desa Penari,Badarawuhi di Desa Penari,2022-01-01 2026-10-06,2025-09-14,0,38,2026-10-06T05:20:17.718044+00:00
Badarawuhi di Desa Penari,Badarawuhi di Desa Penari,2022-01-01 2026-10-06,2025-09-21,0,38,2026-10-06T05:20:17.718044+00:00
Badarawuhi di Desa Penari,Badarawuhi di Desa Penari,2022-01-01 2026-10-06,2025-09-28,0,36,2026-10-06T05:20:17.718044+00:00
Badarawuhi di Desa Penari,Badarawuhi di Desa Penari,2022-01-01 2026-10-06,2025-10-05,0,36,2026-10-06T05:20:17.718044+00:00
Badarawuhi di Desa Penari,Badarawuhi di Desa Penari,2022-01-01 2026-10-06,2025-10-12,0,36,2026-10-06T05:20:17.718044+00:00
Badarawuhi di Desa Penari,Badarawuhi di Desa Penari,2022-01-01 2026-10-06,2025-10-19,0,38,2026-10-06T05:20:17.718044+00:00
Badarawuhi di Desa Penari,Badarawuhi di Desa Penari,2022-01-01 2026-10-06,2025-10-26,0,42,2026-10-06T05:20:17.718044+00:00
Badarawuhi di Desa Penari,Badarawuhi di Desa Penari,2022-01-01 2026-10-06,2025-11-02,0,39,2026-10-06T05:20:17.718044+00:00
Badarawuhi di Desa Penari,Badarawuhi di Desa Penari,2022-01-01 2026-10-06,2025-11-09,0,37,2026-10-06T05:20:17.718044+00:00
Badarawuhi di Desa Penari,Badarawuhi di Desa Penari,2022-01-01 2026-10-06,2025-11-16,0,38,2026-10-06T05:20:17.718044+00:00
Badarawuhi di Desa Penari,Badarawuhi di Desa Penari,2022-01-01 2026-10-06,2025-11-23,0,34,2026-10-06T05:20:17.718044+00:00
Badarawuhi di Desa Penari,Badarawuhi di Desa Penari,2022-01-01 2026-10-06,2025-11-30,0,33,2026-10-06T05:20:17.718044+00:00
Badarawuhi di Desa Penari,Badarawuhi di Desa Penari,2022-01-01 2026-10-06,2025-12-07,0,38,2026-10-06T05:20:17.718044+00:00
Badarawuhi di Desa Penari,Badarawuhi di Desa Penari,2022-01-01 2026-10-06,2025-12-14,0,44,2026-10-06T05:20:17.718044+00:00
Badarawuhi di Desa Penari,Badarawuhi di Desa Penari,2022-01-01 2026-10-06,2025-12-21,1,53,2026-10-06T05:20:17.718044+00:00
Badarawuhi di Desa Penari,Badarawuhi di Desa Penari,2022-01-01 2026-10-06,2025-12-28,4,59,2026-10-06T05:20:17.718044+00:00
Badarawuhi di Desa Penari,Badarawuhi di Desa Penari,2022-01-01 2026-10-06,2026-01-04,0,44,2026-10-06T05:20:17.718044+00:00
Badarawuhi di Desa Penari,Badarawuhi di Desa Penari,2022-01-01 2026-10-06,2026-01-11,0,43,2026-10-06T05:20:17.718044+00:00
Badarawuhi di Desa Penari,Badarawuhi di Desa Penari,2022-01-01 2026-10-06,2026-01-18,0,39,2026-10-06T05:20:17.718044+00:00
Badarawuhi di Desa Penari,Badarawuhi di Desa Penari,2022-01-01 2026-10-06,2026-01-25,0,37,2026-10-06T05:20:17.718044+00:00
Badarawuhi di Desa Penari,Badarawuhi di Desa Penari,2022-01-01 2026-10-06,2026-02-01,0,38,2026-10-06T05:20:17.718044+00:00
Badarawuhi di Desa Penari,Badarawuhi di Desa Penari,2022-01-01 2026-10-06,2026-02-08,0,35,2026-10-06T05:20:17.718044+00:00
Badarawuhi di Desa Penari,Badarawuhi di Desa Penari,2022-01-01 2026-10-06,2026-02-15,0,41,2026-10-06T05:20:17.718044+00:00
Badarawuhi di Desa Penari,Badarawuhi di Desa Penari,2022-01-01 2026-10-06,2026-02-22,0,36,2026-10-06T05:20:17.718044+00:00
Badarawuhi di Desa Penari,Badarawuhi di Desa Penari,2022-01-01 2026-10-06,2026-03-01,0,32,2026-10-06T05:20:17.718044+00:00
Badarawuhi di Desa Penari,Badarawuhi di Desa Penari,2022-01-01 2026-10-06,2026-03-08,0,33,2026-10-06T05:20:17.718044+00:00
Badarawuhi di Desa Penari,Badarawuhi di Desa Penari,2022-01-01 2026-10-06,2026-03-15,0,45,2026-10-06T05:20:17.718044+00:00
Badarawuhi di Desa Penari,Badarawuhi di Desa Penari,2022-01-01 2026-10-06,2026-03-22,2,57,2026-10-06T05:20:17.718044+00:00
Badarawuhi di Desa Penari,Badarawuhi di Desa Penari,2022-01-01 2026-10-06,2026-03-29,0,42,2026-10-06T05:20:17.718044+00:00
Badarawuhi di Desa Penari,Badarawuhi di Desa Penari,2022-01-01 2026-10-06,2026-04-05,0,37,2026-10-06T05:20:17.718044+00:00
Badarawuhi di Desa Penari,Badarawuhi di Desa Penari,2022-01-01 2026-10-06,2026-04-12,0,37,2026-10-06T05:20:17.718044+00:00
Badarawuhi di Desa Penari,Badarawuhi di Desa Penari,2022-01-01 2026-10-06,2026-04-19,0,40,2026-10-06T05:20:17.718044+00:00
Badarawuhi di Desa Penari,Badarawuhi di Desa Penari,2022-01-01 2026-10-06,2026-04-26,0,42,2026-10-06T05:20:17.718044+00:00
Badarawuhi di Desa Penari,Badarawuhi di Desa Penari,2022-01-01 2026-10-06,2026-05-03,0,38,2026-10-06T05:20:17.718044+00:00
Badarawuhi di Desa Penari,Badarawuhi di Desa Penari,2022-01-01 2026-10-06,2026-05-10,0,42,2026-10-06T05:20:17.718044+00:00
Badarawuhi di Desa Penari,Badarawuhi di Desa Penari,2022-01-01 2026-10-06,2026-05-17,0,37,2026-10-06T05:20:17.718044+00:00
Badarawuhi di Desa Penari,Badarawuhi di Desa Penari,2022-01-01 2026-10-06,2026-05-24,0,44,2026-10-06T05:20:17.718044+00:00
Badarawuhi di Desa Penari,Badarawuhi di Desa Penari,2022-01-01 2026-10-06,2026-05-31,0,40,2026-10-06T05:20:17.718044+00:00
Badarawuhi di Desa Penari,Badarawuhi di Desa Penari,2022-01-01 2026-10-06,2026-06-07,0,36,2026-10-06T05:20:17.718044+00:00
Badarawuhi di Desa Penari,Badarawuhi di Desa Penari,2022-01-01 2026-10-06,2026-06-14,0,44,2026-10-06T05:20:17.718044+00:00
Badarawuhi di Desa Penari,Badarawuhi di Desa Penari,2022-01-01 2026-10-06,2026-06-21,0,43,2026-10-06T05:20:17.718044+00:00
Badarawuhi di Desa Penari,Badarawuhi di Desa Penari,2022-01-01 2026-10-06,2026-06-28,0,45,2026-10-06T05:20:17.718044+00:00
Badarawuhi di Desa Penari,Badarawuhi di Desa Penari,2022-01-01 2026-10-06,2026-07-05,0,44,2026-10-06T05:20:17.718044+00:00
Badarawuhi di Desa Penari,Badarawuhi di Desa Penari,2022-01-01 2026-10-06,2026-07-12,0,39,2026-10-06T05:20:17.718044+00:00
Badarawuhi di Desa Penari,Badarawuhi di Desa Penari,2022-01-01 2026-10-06,2026-07-19,0,37,2026-10-06T05:20:17.718044+00:00
Badarawuhi di Desa Penari,Badarawuhi di Desa Penari,2022-01-01 2026-10-06,2026-07-26,0,36,2026-10-06T05:20:17.718044+00:00
Badarawuhi di Desa Penari,Badarawuhi di Desa Penari,2022-01-01 2026-10-06,2026-08-02,0,31,2026-10-06T05:20:17.718044+00:00
Badarawuhi di Desa Penari,Badarawuhi di Desa Penari,2022-01-01 2026-10-06,2026-08-09,0,34,2026-10-06T05:20:17.718044+00:00
Badarawuhi di Desa Penari,Badarawuhi di Desa Penari,2022-01-01 2026-10-06,2026-08-16,0,40,2026-10-06T05:20:17.718044+00:00
Badarawuhi di Desa Penari,Badarawuhi di Desa Penari,2022-01-01 2026-10-06,2026-08-23,0,44,2026-10-06T05:20:17.718044+00:00
Badarawuhi di Desa Penari,Badarawuhi di Desa Penari,2022-01-01 2026-10-06,2026-08-30,0,36,2026-10-06T05:20:17.718044+00:00
Badarawuhi di Desa Penari,Badarawuhi di Desa Penari,2022-01-01 2026-10-06,2026-09-06,0,36,2026-10-06T05:20:17.718044+00:00
Badarawuhi di Desa Penari,Badarawuhi di Desa Penari,2022-01-01 2026-10-06,2026-09-13,0,35,2026-10-06T05:20:17.718044+00:00
Badarawuhi di Desa Penari,Badarawuhi di Desa Penari,2022-01-01 2026-10-06,2026-09-20,0,38,2026-10-06T05:20:17.718044+00:00
Badarawuhi di Desa Penari,Badarawuhi di Desa Penari,2022-01-01 2026-10-06,2026-09-27,0,37,2026-10-06T05:20:17.718044+00:00
Badarawuhi di Desa Penari,Badarawuhi di Desa Penari,2022-01-01 2026-10-06,2026-10-04,0,34,2026-10-06T05:20:17.718044+00:00
Ipar Adalah Maut,Ipar Adalah Maut,2020-01-01 2024-12-31,2019-12-29,0,24,2026-10-06T05:23:39.053238+00:00
Ipar Adalah Maut,Ipar Adalah Maut,2020-01-01 2024-12-31,2020-01-05,0,17,2026-10-06T05:23:39.053238+00:00
Ipar Adalah Maut,Ipar Adalah Maut,2020-01-01 2024-12-31,2020-01-12,0,15,2026-10-06T05:23:39.053238+00:00
Ipar Adalah Maut,Ipar Adalah Maut,2020-01-01 2024-12-31,2020-01-19,0,15,2026-10-06T05:23:39.053238+00:00
Ipar Adalah Maut,Ipar Adalah Maut,2020-01-01 2024-12-31,2020-01-26,0,14,2026-10-06T05:23:39.053238+00:00
Ipar Adalah Maut,Ipar Adalah Maut,2020-01-01 2024-12-31,2020-02-02,0,14,2026-10-06T05:23:39.053238+00:00
Ipar Adalah Maut,Ipar Adalah Maut,2020-01-01 2024-12-31,2020-02-09,0,14,2026-10-06T05:23:39.053238+00:00
Ipar Adalah Maut,Ipar Adalah Maut,2020-01-01 2024-12-31,2020-02-16,0,15,2026-10-06T05:23:39.053238+00:00
Ipar Adalah Maut,Ipar Adalah Maut,2020-01-01 2024-12-31,2020-02-23,0,14,2026-10-06T05:23:39.053238+00:00
Ipar Adalah Maut,Ipar Adalah Maut,2020-01-01 2024-12-31,2020-03-01,0,14,2026-10-06T05:23:39.053238+00:00
Ipar Adalah Maut,Ipar Adalah Maut,2020-01-01 2024-12-31,2020-03-08,0,15,2026-10-06T05:23:39.053238+00:00
Ipar Adalah Maut,Ipar Adalah Maut,2020-01-01 2024-12-31,2020-03-15,0,15,2026-10-06T05:23:39.053238+00:00
Ipar Adalah Maut,Ipar Adalah Maut,2020-01-01 2024-12-31,2020-03-22,0,19,2026-10-06T05:23:39.053238+00:00
Ipar Adalah Maut,Ipar Adalah Maut,2020-01-01 2024-12-31,2020-03-29,0,18,2026-10-06T05:23:39.053238+00:00
Ipar Adalah Maut,Ipar Adalah Maut,2020-01-01 2024-12-31,2020-04-05,0,20,2026-10-06T05:23:39.053238+00:00
Ipar Adalah Maut,Ipar Adalah Maut,2020-01-01 2024-12-31,2020-04-12,0,21,2026-10-06T05:23:39.053238+00:00
Ipar Adalah Maut,Ipar Adalah Maut,2020-01-01 2024-12-31,2020-04-19,0,20,2026-10-06T05:23:39.053238+00:00
Ipar Adalah Maut,Ipar Adalah Maut,2020-01-01 2024-12-31,2020-04-26,0,19,2026-10-06T05:23:39.053238+00:00
Ipar Adalah Maut,Ipar Adalah Maut,2020-01-01 2024-12-31,2020-05-03,0,17,2026-10-06T05:23:39.053238+00:00
Ipar Adalah Maut,Ipar Adalah Maut,2020-01-01 2024-12-31,2020-05-10,0,15,2026-10-06T05:23:39.053238+00:00
Ipar Adalah Maut,Ipar Adalah Maut,2020-01-01 2024-12-31,2020-05-17,0,15,2026-10-06T05:23:39.053238+00:00
Ipar Adalah Maut,Ipar Adalah Maut,2020-01-01 2024-12-31,2020-05-24,0,20,2026-10-06T05:23:39.053238+00:00
Ipar Adalah Maut,Ipar Adalah Maut,2020-01-01 2024-12-31,2020-05-31,0,18,2026-10-06T05:23:39.053238+00:00
Ipar Adalah Maut,Ipar Adalah Maut,2020-01-01 2024-12-31,2020-06-07,0,15,2026-10-06T05:23:39.053238+00:00
Ipar Adalah Maut,Ipar Adalah Maut,2020-01-01 2024-12-31,2020-06-14,0,17,2026-10-06T05:23:39.053238+00:00
Ipar Adalah Maut,Ipar Adalah Maut,2020-01-01 2024-12-31,2020-06-21,0,18,2026-10-06T05:23:39.053238+00:00
Ipar Adalah Maut,Ipar Adalah Maut,2020-01-01 2024-12-31,2020-06-28,0,17,2026-10-06T05:23:39.053238+00:00
Ipar Adalah Maut,Ipar Adalah Maut,2020-01-01 2024-12-31,2020-07-05,0,16,2026-10-06T05:23:39.053238+00:00
Ipar Adalah Maut,Ipar Adalah Maut,2020-01-01 2024-12-31,2020-07-12,0,14,2026-10-06T05:23:39.053238+00:00
Ipar Adalah Maut,Ipar Adalah Maut,2020-01-01 2024-12-31,2020-07-19,0,14,2026-10-06T05:23:39.053238+00:00
Ipar Adalah Maut,Ipar Adalah Maut,2020-01-01 2024-12-31,2020-07-26,0,15,2026-10-06T05:23:39.053238+00:00
Ipar Adalah Maut,Ipar Adalah Maut,2020-01-01 2024-12-31,2020-08-02,0,13,2026-10-06T05:23:39.053238+00:00
Ipar Adalah Maut,Ipar Adalah Maut,2020-01-01 2024-12-31,2020-08-09,0,14,2026-10-06T05:23:39.053238+00:00
Ipar Adalah Maut,Ipar Adalah Maut,2020-01-01 2024-12-31,2020-08-16,0,17,2026-10-06T05:23:39.053238+00:00
Ipar Adalah Maut,Ipar Adalah Maut,2020-01-01 2024-12-31,2020-08-23,0,15,2026-10-06T05:23:39.053238+00:00
Ipar Adalah Maut,Ipar Adalah Maut,2020-01-01 2024-12-31,2020-08-30,0,13,2026-10-06T05:23:39.053238+00:00
Ipar Adalah Maut,Ipar Adalah Maut,2020-01-01 2024-12-31,2020-09-06,0,14,2026-10-06T05:23:39.053238+00:00
Ipar Adalah Maut,Ipar Adalah Maut,2020-01-01 2024-12-31,2020-09-13,0,13,2026-10-06T05:23:39.053238+00:00
Ipar Adalah Maut,Ipar Adalah Maut,2020-01-01 2024-12-31,2020-09-20,0,12,2026-10-06T05:23:39.053238+00:00
Ipar Adalah Maut,Ipar Adalah Maut,2020-01-01 2024-12-31,2020-09-27,0,12,2026-10-06T05:23:39.053238+00:00
Ipar Adalah Maut,Ipar Adalah Maut,2020-01-01 2024-12-31,2020-10-04,0,12,2026-10-06T05:23:39.053238+00:00
Ipar Adalah Maut,Ipar Adalah Maut,2020-01-01 2024-12-31,2020-10-11,0,12,2026-10-06T05:23:39.053238+00:00
Ipar Adalah Maut,Ipar Adalah Maut,2020-01-01 2024-12-31,2020-10-18,0,12,2026-10-06T05:23:39.053238+00:00
Ipar Adalah Maut,Ipar Adalah Maut,2020-01-01 2024-12-31,2020-10-25,0,16,2026-10-06T05:23:39.053238+00:00
Ipar Adalah Maut,Ipar Adalah Maut,2020-01-01 2024-12-31,2020-11-01,0,13,2026-10-06T05:23:39.053238+00:00
Ipar Adalah Maut,Ipar Adalah Maut,2020-01-01 2024-12-31,2020-11-08,0,13,2026-10-06T05:23:39.053238+00:00
Ipar Adalah Maut,Ipar Adalah Maut,2020-01-01 2024-12-31,2020-11-15,0,13,2026-10-06T05:23:39.053238+00:00
Ipar Adalah Maut,Ipar Adalah Maut,2020-01-01 2024-12-31,2020-11-22,0,13,2026-10-06T05:23:39.053238+00:00
Ipar Adalah Maut,Ipar Adalah Maut,2020-01-01 2024-12-31,2020-11-29,0,12,2026-10-06T05:23:39.053238+00:00
Ipar Adalah Maut,Ipar Adalah Maut,2020-01-01 2024-12-31,2020-12-06,0,13,2026-10-06T05:23:39.053238+00:00
Ipar Adalah Maut,Ipar Adalah Maut,2020-01-01 2024-12-31,2020-12-13,0,15,2026-10-06T05:23:39.053238+00:00
Ipar Adalah Maut,Ipar Adalah Maut,2020-01-01 2024-12-31,2020-12-20,0,19,2026-10-06T05:23:39.053238+00:00
Ipar Adalah Maut,Ipar Adalah Maut,2020-01-01 2024-12-31,2020-12-27,0,26,2026-10-06T05:23:39.053238+00:00
Ipar Adalah Maut,Ipar Adalah Maut,2020-01-01 2024-12-31,2021-01-03,0,16,2026-10-06T05:23:39.053238+00:00
Ipar Adalah Maut,Ipar Adalah Maut,2020-01-01 2024-12-31,2021-01-10,0,13,2026-10-06T05:23:39.053238+00:00
Ipar Adalah Maut,Ipar Adalah Maut,2020-01-01 2024-12-31,2021-01-17,0,13,2026-10-06T05:23:39.053238+00:00
Ipar Adalah Maut,Ipar Adalah Maut,2020-01-01 2024-12-31,2021-01-24,0,13,2026-10-06T05:23:39.053238+00:00
Ipar Adalah Maut,Ipar Adalah Maut,2020-01-01 2024-12-31,2021-01-31,0,12,2026-10-06T05:23:39.053238+00:00
Ipar Adalah Maut,Ipar Adalah Maut,2020-01-01 2024-12-31,2021-02-07,0,13,2026-10-06T05:23:39.053238+00:00
Ipar Adalah Maut,Ipar Adalah Maut,2020-01-01 2024-12-31,2021-02-14,0,12,2026-10-06T05:23:39.053238+00:00
Ipar Adalah Maut,Ipar Adalah Maut,2020-01-01 2024-12-31,2021-02-21,0,11,2026-10-06T05:23:39.053238+00:00
Ipar Adalah Maut,Ipar Adalah Maut,2020-01-01 2024-12-31,2021-02-28,0,11,2026-10-06T05:23:39.053238+00:00
Ipar Adalah Maut,Ipar Adalah Maut,2020-01-01 2024-12-31,2021-03-07,0,12,2026-10-06T05:23:39.053238+00:00
Ipar Adalah Maut,Ipar Adalah Maut,2020-01-01 2024-12-31,2021-03-14,0,11,2026-10-06T05:23:39.053238+00:00
Ipar Adalah Maut,Ipar Adalah Maut,2020-01-01 2024-12-31,2021-03-21,0,11,2026-10-06T05:23:39.053238+00:00
Ipar Adalah Maut,Ipar Adalah Maut,2020-01-01 2024-12-31,2021-03-28,0,12,2026-10-06T05:23:39.053238+00:00
Ipar Adalah Maut,Ipar Adalah Maut,2020-01-01 2024-12-31,2021-04-04,0,12,2026-10-06T05:23:39.053238+00:00
Ipar Adalah Maut,Ipar Adalah Maut,2020-01-01 2024-12-31,2021-04-11,0,12,2026-10-06T05:23:39.053238+00:00
Ipar Adalah Maut,Ipar Adalah Maut,2020-01-01 2024-12-31,2021-04-18,0,12,2026-10-06T05:23:39.053238+00:00
Ipar Adalah Maut,Ipar Adalah Maut,2020-01-01 2024-12-31,2021-04-25,0,12,2026-10-06T05:23:39.053238+00:00
Ipar Adalah Maut,Ipar Adalah Maut,2020-01-01 2024-12-31,2021-05-02,0,11,2026-10-06T05:23:39.053238+00:00
Ipar Adalah Maut,Ipar Adalah Maut,2020-01-01 2024-12-31,2021-05-09,0,15,2026-10-06T05:23:39.053238+00:00
Ipar Adalah Maut,Ipar Adalah Maut,2020-01-01 2024-12-31,2021-05-16,0,14,2026-10-06T05:23:39.053238+00:00
Ipar Adalah Maut,Ipar Adalah Maut,2020-01-01 2024-12-31,2021-05-23,0,12,2026-10-06T05:23:39.053238+00:00
Ipar Adalah Maut,Ipar Adalah Maut,2020-01-01 2024-12-31,2021-05-30,0,13,2026-10-06T05:23:39.053238+00:00
Ipar Adalah Maut,Ipar Adalah Maut,2020-01-01 2024-12-31,2021-06-06,0,13,2026-10-06T05:23:39.053238+00:00
Ipar Adalah Maut,Ipar Adalah Maut,2020-01-01 2024-12-31,2021-06-13,0,14,2026-10-06T05:23:39.053238+00:00
Ipar Adalah Maut,Ipar Adalah Maut,2020-01-01 2024-12-31,2021-06-20,0,15,2026-10-06T05:23:39.053238+00:00
Ipar Adalah Maut,Ipar Adalah Maut,2020-01-01 2024-12-31,2021-06-27,0,15,2026-10-06T05:23:39.053238+00:00
Ipar Adalah Maut,Ipar Adalah Maut,2020-01-01 2024-12-31,2021-07-04,0,15,2026-10-06T05:23:39.053238+00:00
Ipar Adalah Maut,Ipar Adalah Maut,2020-01-01 2024-12-31,2021-07-11,0,14,2026-10-06T05:23:39.053238+00:00
Ipar Adalah Maut,Ipar Adalah Maut,2020-01-01 2024-12-31,2021-07-18,0,14,2026-10-06T05:23:39.053238+00:00
Ipar Adalah Maut,Ipar Adalah Maut,2020-01-01 2024-12-31,2021-07-25,0,12,2026-10-06T05:23:39.053238+00:00
Ipar Adalah Maut,Ipar Adalah Maut,2020-01-01 2024-12-31,2021-08-01,0,11,2026-10-06T05:23:39.053238+00:00
Ipar Adalah Maut,Ipar Adalah Maut,2020-01-01 2024-12-31,2021-08-08,0,12,2026-10-06T05:23:39.053238+00:00
Ipar Adalah Maut,Ipar Adalah Maut,2020-01-01 2024-12-31,2021-08-15,0,13,2026-10-06T05:23:39.053238+00:00
Ipar Adalah Maut,Ipar Adalah Maut,2020-01-01 2024-12-31,2021-08-22,0,12,2026-10-06T05:23:39.053238+00:00
Ipar Adalah Maut,Ipar Adalah Maut,2020-01-01 2024-12-31,2021-08-29,0,13,2026-10-06T05:23:39.053238+00:00
Ipar Adalah Maut,Ipar Adalah Maut,2020-01-01 2024-12-31,2021-09-05,0,11,2026-10-06T05:23:39.053238+00:00
Ipar Adalah Maut,Ipar Adalah Maut,2020-01-01 2024-12-31,2021-09-12,0,11,2026-10-06T05:23:39.053238+00:00
Ipar Adalah Maut,Ipar Adalah Maut,2020-01-01 2024-12-31,2021-09-19,0,10,2026-10-06T05:23:39.053238+00:00
Ipar Adalah Maut,Ipar Adalah Maut,2020-01-01 2024-12-31,2021-09-26,0,10,2026-10-06T05:23:39.053238+00:00
Ipar Adalah Maut,Ipar Adalah Maut,2020-01-01 2024-12-31,2021-10-03,0,11,2026-10-06T05:23:39.053238+00:00
Ipar Adalah Maut,Ipar Adalah Maut,2020-01-01 2024-12-31,2021-10-10,0,11,2026-10-06T05:23:39.053238+00:00
Ipar Adalah Maut,Ipar Adalah Maut,2020-01-01 2024-12-31,2021-10-17,0,13,2026-10-06T05:23:39.053238+00:00
Ipar Adalah Maut,Ipar Adalah Maut,2020-01-01 2024-12-31,2021-10-24,0,12,2026-10-06T05:23:39.053238+00:00
Ipar Adalah Maut,Ipar Adalah Maut,2020-01-01 2024-12-31,2021-10-31,0,14,2026-10-06T05:23:39.053238+00:00
Ipar Adalah Maut,Ipar Adalah Maut,2020-01-01 2024-12-31,2021-11-07,0,13,2026-10-06T05:23:39.053238+00:00
Ipar Adalah Maut,Ipar Adalah Maut,2020-01-01 2024-12-31,2021-11-14,0,15,2026-10-06T05:23:39.053238+00:00
Ipar Adalah Maut,Ipar Adalah Maut,2020-01-01 2024-12-31,2021-11-21,0,14,2026-10-06T05:23:39.053238+00:00
Ipar Adalah Maut,Ipar Adalah Maut,2020-01-01 2024-12-31,2021-11-28,0,12,2026-10-06T05:23:39.053238+00:00
Ipar Adalah Maut,Ipar Adalah Maut,2020-01-01 2024-12-31,2021-12-05,0,13,2026-10-06T05:23:39.053238+00:00
Ipar Adalah Maut,Ipar Adalah Maut,2020-01-01 2024-12-31,2021-12-12,0,14,2026-10-06T05:23:39.053238+00:00
Ipar Adalah Maut,Ipar Adalah Maut,2020-01-01 2024-12-31,2021-12-19,0,17,2026-10-06T05:23:39.053238+00:00
Ipar Adalah Maut,Ipar Adalah Maut,2020-01-01 2024-12-31,2021-12-26,0,23,2026-10-06T05:23:39.053238+00:00
Ipar Adalah Maut,Ipar Adalah Maut,2020-01-01 2024-12-31,2022-01-02,0,18,2026-10-06T05:23:39.053238+00:00
Ipar Adalah Maut,Ipar Adalah Maut,2020-01-01 2024-12-31,2022-01-09,0,19,2026-10-06T05:23:39.053238+00:00
Ipar Adalah Maut,Ipar Adalah Maut,2020-01-01 2024-12-31,2022-01-16,0,14,2026-10-06T05:23:39.053238+00:00
Ipar Adalah Maut,Ipar Adalah Maut,2020-01-01 2024-12-31,2022-01-23,0,15,2026-10-06T05:23:39.053238+00:00
Ipar Adalah Maut,Ipar Adalah Maut,2020-01-01 2024-12-31,2022-01-30,0,14,2026-10-06T05:23:39.053238+00:00
Ipar Adalah Maut,Ipar Adalah Maut,2020-01-01 2024-12-31,2022-02-06,0,14,2026-10-06T05:23:39.053238+00:00
Ipar Adalah Maut,Ipar Adalah Maut,2020-01-01 2024-12-31,2022-02-13,0,16,2026-10-06T05:23:39.053238+00:00
Ipar Adalah Maut,Ipar Adalah Maut,2020-01-01 2024-12-31,2022-02-20,0,14,2026-10-06T05:23:39.053238+00:00
Ipar Adalah Maut,Ipar Adalah Maut,2020-01-01 2024-12-31,2022-02-27,0,16,2026-10-06T05:23:39.053238+00:00
Ipar Adalah Maut,Ipar Adalah Maut,2020-01-01 2024-12-31,2022-03-06,0,12,2026-10-06T05:23:39.053238+00:00
Ipar Adalah Maut,Ipar Adalah Maut,2020-01-01 2024-12-31,2022-03-13,0,13,2026-10-06T05:23:39.053238+00:00
Ipar Adalah Maut,Ipar Adalah Maut,2020-01-01 2024-12-31,2022-03-20,0,13,2026-10-06T05:23:39.053238+00:00
Ipar Adalah Maut,Ipar Adalah Maut,2020-01-01 2024-12-31,2022-03-27,0,12,2026-10-06T05:23:39.053238+00:00
Ipar Adalah Maut,Ipar Adalah Maut,2020-01-01 2024-12-31,2022-04-03,0,13,2026-10-06T05:23:39.053238+00:00
Ipar Adalah Maut,Ipar Adalah Maut,2020-01-01 2024-12-31,2022-04-10,0,14,2026-10-06T05:23:39.053238+00:00
Ipar Adalah Maut,Ipar Adalah Maut,2020-01-01 2024-12-31,2022-04-17,0,15,2026-10-06T05:23:39.053238+00:00
Ipar Adalah Maut,Ipar Adalah Maut,2020-01-01 2024-12-31,2022-04-24,0,16,2026-10-06T05:23:39.053238+00:00
Ipar Adalah Maut,Ipar Adalah Maut,2020-01-01 2024-12-31,2022-05-01,0,28,2026-10-06T05:23:39.053238+00:00
Ipar Adalah Maut,Ipar Adalah Maut,2020-01-01 2024-12-31,2022-05-08,0,22,2026-10-06T05:23:39.053238+00:00
Ipar Adalah Maut,Ipar Adalah Maut,2020-01-01 2024-12-31,2022-05-15,0,18,2026-10-06T05:23:39.053238+00:00
Ipar Adalah Maut,Ipar Adalah Maut,2020-01-01 2024-12-31,2022-05-22,0,17,2026-10-06T05:23:39.053238+00:00
Ipar Adalah Maut,Ipar Adalah Maut,2020-01-01 2024-12-31,2022-05-29,0,15,2026-10-06T05:23:39.053238+00:00
Ipar Adalah Maut,Ipar Adalah Maut,2020-01-01 2024-12-31,2022-06-05,0,14,2026-10-06T05:23:39.053238+00:00
Ipar Adalah Maut,Ipar Adalah Maut,2020-01-01 2024-12-31,2022-06-12,0,14,2026-10-06T05:23:39.053238+00:00
Ipar Adalah Maut,Ipar Adalah Maut,2020-01-01 2024-12-31,2022-06-19,0,17,2026-10-06T05:23:39.053238+00:00
Ipar Adalah Maut,Ipar Adalah Maut,2020-01-01 2024-12-31,2022-06-26,0,16,2026-10-06T05:23:39.053238+00:00
Ipar Adalah Maut,Ipar Adalah Maut,2020-01-01 2024-12-31,2022-07-03,0,16,2026-10-06T05:23:39.053238+00:00
Ipar Adalah Maut,Ipar Adalah Maut,2020-01-01 2024-12-31,2022-07-10,0,17,2026-10-06T05:23:39.053238+00:00
Ipar Adalah Maut,Ipar Adalah Maut,2020-01-01 2024-12-31,2022-07-17,0,16,2026-10-06T05:23:39.053238+00:00
Ipar Adalah Maut,Ipar Adalah Maut,2020-01-01 2024-12-31,2022-07-24,0,14,2026-10-06T05:23:39.053238+00:00
Ipar Adalah Maut,Ipar Adalah Maut,2020-01-01 2024-12-31,2022-07-31,0,16,2026-10-06T05:23:39.053238+00:00
Ipar Adalah Maut,Ipar Adalah Maut,2020-01-01 2024-12-31,2022-08-07,0,15,2026-10-06T05:23:39.053238+00:00
Ipar Adalah Maut,Ipar Adalah Maut,2020-01-01 2024-12-31,2022-08-14,0,16,2026-10-06T05:23:39.053238+00:00
Ipar Adalah Maut,Ipar Adalah Maut,2020-01-01 2024-12-31,2022-08-21,0,14,2026-10-06T05:23:39.053238+00:00
Ipar Adalah Maut,Ipar Adalah Maut,2020-01-01 2024-12-31,2022-08-28,0,13,2026-10-06T05:23:39.053238+00:00
Ipar Adalah Maut,Ipar Adalah Maut,2020-01-01 2024-12-31,2022-09-04,0,14,2026-10-06T05:23:39.053238+00:00
Ipar Adalah Maut,Ipar Adalah Maut,2020-01-01 2024-12-31,2022-09-11,0,12,2026-10-06T05:23:39.053238+00:00
Ipar Adalah Maut,Ipar Adalah Maut,2020-01-01 2024-12-31,2022-09-18,0,12,2026-10-06T05:23:39.053238+00:00
Ipar Adalah Maut,Ipar Adalah Maut,2020-01-01 2024-12-31,2022-09-25,0,12,2026-10-06T05:23:39.053238+00:00
Ipar Adalah Maut,Ipar Adalah Maut,2020-01-01 2024-12-31,2022-10-02,0,13,2026-10-06T05:23:39.053238+00:00
Ipar Adalah Maut,Ipar Adalah Maut,2020-01-01 2024-12-31,2022-10-09,0,16,2026-10-06T05:23:39.053238+00:00
Ipar Adalah Maut,Ipar Adalah Maut,2020-01-01 2024-12-31,2022-10-16,0,15,2026-10-06T05:23:39.053238+00:00
Ipar Adalah Maut,Ipar Adalah Maut,2020-01-01 2024-12-31,2022-10-23,0,14,2026-10-06T05:23:39.053238+00:00
Ipar Adalah Maut,Ipar Adalah Maut,2020-01-01 2024-12-31,2022-10-30,0,14,2026-10-06T05:23:39.053238+00:00
Ipar Adalah Maut,Ipar Adalah Maut,2020-01-01 2024-12-31,2022-11-06,0,15,2026-10-06T05:23:39.053238+00:00
Ipar Adalah Maut,Ipar Adalah Maut,2020-01-01 2024-12-31,2022-11-13,0,15,2026-10-06T05:23:39.053238+00:00
Ipar Adalah Maut,Ipar Adalah Maut,2020-01-01 2024-12-31,2022-11-20,0,13,2026-10-06T05:23:39.053238+00:00
Ipar Adalah Maut,Ipar Adalah Maut,2020-01-01 2024-12-31,2022-11-27,0,13,2026-10-06T05:23:39.053238+00:00
Ipar Adalah Maut,Ipar Adalah Maut,2020-01-01 2024-12-31,2022-12-04,0,12,2026-10-06T05:23:39.053238+00:00
Ipar Adalah Maut,Ipar Adalah Maut,2020-01-01 2024-12-31,2022-12-11,0,15,2026-10-06T05:23:39.053238+00:00
Ipar Adalah Maut,Ipar Adalah Maut,2020-01-01 2024-12-31,2022-12-18,0,17,2026-10-06T05:23:39.053238+00:00
Ipar Adalah Maut,Ipar Adalah Maut,2020-01-01 2024-12-31,2022-12-25,0,29,2026-10-06T05:23:39.053238+00:00
Ipar Adalah Maut,Ipar Adalah Maut,2020-01-01 2024-12-31,2023-01-01,0,18,2026-10-06T05:23:39.053238+00:00
Ipar Adalah Maut,Ipar Adalah Maut,2020-01-01 2024-12-31,2023-01-08,0,14,2026-10-06T05:23:39.053238+00:00
Ipar Adalah Maut,Ipar Adalah Maut,2020-01-01 2024-12-31,2023-01-15,0,14,2026-10-06T05:23:39.053238+00:00
Ipar Adalah Maut,Ipar Adalah Maut,2020-01-01 2024-12-31,2023-01-22,0,16,2026-10-06T05:23:39.053238+00:00
Ipar Adalah Maut,Ipar Adalah Maut,2020-01-01 2024-12-31,2023-01-29,0,14,2026-10-06T05:23:39.053238+00:00
Ipar Adalah Maut,Ipar Adalah Maut,2020-01-01 2024-12-31,2023-02-05,0,15,2026-10-06T05:23:39.053238+00:00
Ipar Adalah Maut,Ipar Adalah Maut,2020-01-01 2024-12-31,2023-02-12,0,16,2026-10-06T05:23:39.053238+00:00
Ipar Adalah Maut,Ipar Adalah Maut,2020-01-01 2024-12-31,2023-02-19,0,15,2026-10-06T05:23:39.053238+00:00
Ipar Adalah Maut,Ipar Adalah Maut,2020-01-01 2024-12-31,2023-02-26,0,14,2026-10-06T05:23:39.053238+00:00
Ipar Adalah Maut,Ipar Adalah Maut,2020-01-01 2024-12-31,2023-03-05,0,13,2026-10-06T05:23:39.053238+00:00
Ipar Adalah Maut,Ipar Adalah Maut,2020-01-01 2024-12-31,2023-03-12,0,13,2026-10-06T05:23:39.053238+00:00
Ipar Adalah Maut,Ipar Adalah Maut,2020-01-01 2024-12-31,2023-03-19,0,16,2026-10-06T05:23:39.053238+00:00
Ipar Adalah Maut,Ipar Adalah Maut,2020-01-01 2024-12-31,2023-03-26,0,13,2026-10-06T05:23:39.053238+00:00
Ipar Adalah Maut,Ipar Adalah Maut,2020-01-01 2024-12-31,2023-04-02,1,13,2026-10-06T05:23:39.053238+00:00
Ipar Adalah Maut,Ipar Adalah Maut,2020-01-01 2024-12-31,2023-04-09,0,13,2026-10-06T05:23:39.053238+00:00
Ipar Adalah Maut,Ipar Adalah Maut,2020-01-01 2024-12-31,2023-04-16,0,17,2026-10-06T05:23:39.053238+00:00
Ipar Adalah Maut,Ipar Adalah Maut,2020-01-01 2024-12-31,2023-04-23,0,24,2026-10-06T05:23:39.053238+00:00
Ipar Adalah Maut,Ipar Adalah Maut,2020-01-01 2024-12-31,2023-04-30,0,20,2026-10-06T05:23:39.053238+00:00
Ipar Adalah Maut,Ipar Adalah Maut,2020-01-01 2024-12-31,2023-05-07,0,17,2026-10-06T05:23:39.053238+00:00
Ipar Adalah Maut,Ipar Adalah Maut,2020-01-01 2024-12-31,2023-05-14,0,18,2026-10-06T05:23:39.053238+00:00
Ipar Adalah Maut,Ipar Adalah Maut,2020-01-01 2024-12-31,2023-05-21,0,17,2026-10-06T05:23:39.053238+00:00
Ipar Adalah Maut,Ipar Adalah Maut,2020-01-01 2024-12-31,2023-05-28,0,16,2026-10-06T05:23:39.053238+00:00
Ipar Adalah Maut,Ipar Adalah Maut,2020-01-01 2024-12-31,2023-06-04,0,14,2026-10-06T05:23:39.053238+00:00
Ipar Adalah Maut,Ipar Adalah Maut,2020-01-01 2024-12-31,2023-06-11,0,15,2026-10-06T05:23:39.053238+00:00
Ipar Adalah Maut,Ipar Adalah Maut,2020-01-01 2024-12-31,2023-06-18,0,16,2026-10-06T05:23:39.053238+00:00
Ipar Adalah Maut,Ipar Adalah Maut,2020-01-01 2024-12-31,2023-06-25,0,19,2026-10-06T05:23:39.053238+00:00
Ipar Adalah Maut,Ipar Adalah Maut,2020-01-01 2024-12-31,2023-07-02,0,17,2026-10-06T05:23:39.053238+00:00
Ipar Adalah Maut,Ipar Adalah Maut,2020-01-01 2024-12-31,2023-07-09,0,17,2026-10-06T05:23:39.053238+00:00
Ipar Adalah Maut,Ipar Adalah Maut,2020-01-01 2024-12-31,2023-07-16,0,17,2026-10-06T05:23:39.053238+00:00
Ipar Adalah Maut,Ipar Adalah Maut,2020-01-01 2024-12-31,2023-07-23,0,15,2026-10-06T05:23:39.053238+00:00
Ipar Adalah Maut,Ipar Adalah Maut,2020-01-01 2024-12-31,2023-07-30,0,14,2026-10-06T05:23:39.053238+00:00
Ipar Adalah Maut,Ipar Adalah Maut,2020-01-01 2024-12-31,2023-08-06,0,15,2026-10-06T05:23:39.053238+00:00
Ipar Adalah Maut,Ipar Adalah Maut,2020-01-01 2024-12-31,2023-08-13,0,15,2026-10-06T05:23:39.053238+00:00
Ipar Adalah Maut,Ipar Adalah Maut,2020-01-01 2024-12-31,2023-08-20,0,14,2026-10-06T05:23:39.053238+00:00
Ipar Adalah Maut,Ipar Adalah Maut,2020-01-01 2024-12-31,2023-08-27,0,15,2026-10-06T05:23:39.053238+00:00
Ipar Adalah Maut,Ipar Adalah Maut,2020-01-01 2024-12-31,2023-09-03,0,16,2026-10-06T05:23:39.053238+00:00
Ipar Adalah Maut,Ipar Adalah Maut,2020-01-01 2024-12-31,2023-09-10,0,15,2026-10-06T05:23:39.053238+00:00
Ipar Adalah Maut,Ipar Adalah Maut,2020-01-01 2024-12-31,2023-09-17,1,15,2026-10-06T05:23:39.053238+00:00
Ipar Adalah Maut,Ipar Adalah Maut,2020-01-01 2024-12-31,2023-09-24,0,15,2026-10-06T05:23:39.053238+00:00
Ipar Adalah Maut,Ipar Adalah Maut,2020-01-01 2024-12-31,2023-10-01,0,16,2026-10-06T05:23:39.053238+00:00
Ipar Adalah Maut,Ipar Adalah Maut,2020-01-01 2024-12-31,2023-10-08,0,17,2026-10-06T05:23:39.053238+00:00
Ipar Adalah Maut,Ipar Adalah Maut,2020-01-01 2024-12-31,2023-10-15,0,16,2026-10-06T05:23:39.053238+00:00
Ipar Adalah Maut,Ipar Adalah Maut,2020-01-01 2024-12-31,2023-10-22,0,16,2026-10-06T05:23:39.053238+00:00
Ipar Adalah Maut,Ipar Adalah Maut,2020-01-01 2024-12-31,2023-10-29,0,16,2026-10-06T05:23:39.053238+00:00
Ipar Adalah Maut,Ipar Adalah Maut,2020-01-01 2024-12-31,2023-11-05,0,15,2026-10-06T05:23:39.053238+00:00
Ipar Adalah Maut,Ipar Adalah Maut,2020-01-01 2024-12-31,2023-11-12,0,16,2026-10-06T05:23:39.053238+00:00
Ipar Adalah Maut,Ipar Adalah Maut,2020-01-01 2024-12-31,2023-11-19,0,15,2026-10-06T05:23:39.053238+00:00
Ipar Adalah Maut,Ipar Adalah Maut,2020-01-01 2024-12-31,2023-11-26,0,14,2026-10-06T05:23:39.053238+00:00
Ipar Adalah Maut,Ipar Adalah Maut,2020-01-01 2024-12-31,2023-12-03,0,15,2026-10-06T05:23:39.053238+00:00
Ipar Adalah Maut,Ipar Adalah Maut,2020-01-01 2024-12-31,2023-12-10,0,17,2026-10-06T05:23:39.053238+00:00
Ipar Adalah Maut,Ipar Adalah Maut,2020-01-01 2024-12-31,2023-12-17,0,17,2026-10-06T05:23:39.053238+00:00
Ipar Adalah Maut,Ipar Adalah Maut,2020-01-01 2024-12-31,2023-12-24,0,25,2026-10-06T05:23:39.053238+00:00
Ipar Adalah Maut,Ipar Adalah Maut,2020-01-01 2024-12-31,2023-12-31,0,19,2026-10-06T05:23:39.053238+00:00
Ipar Adalah Maut,Ipar Adalah Maut,2020-01-01 2024-12-31,2024-01-07,0,15,2026-10-06T05:23:39.053238+00:00
Ipar Adalah Maut,Ipar Adalah Maut,2020-01-01 2024-12-31,2024-01-14,0,14,2026-10-06T05:23:39.053238+00:00
Ipar Adalah Maut,Ipar Adalah Maut,2020-01-01 2024-12-31,2024-01-21,0,14,2026-10-06T05:23:39.053238+00:00
Ipar Adalah Maut,Ipar Adalah Maut,2020-01-01 2024-12-31,2024-01-28,0,15,2026-10-06T05:23:39.053238+00:00
Ipar Adalah Maut,Ipar Adalah Maut,2020-01-01 2024-12-31,2024-02-04,0,16,2026-10-06T05:23:39.053238+00:00
Ipar Adalah Maut,Ipar Adalah Maut,2020-01-01 2024-12-31,2024-02-11,0,15,2026-10-06T05:23:39.053238+00:00
Ipar Adalah Maut,Ipar Adalah Maut,2020-01-01 2024-12-31,2024-02-18,1,14,2026-10-06T05:23:39.053238+00:00
Ipar Adalah Maut,Ipar Adalah Maut,2020-01-01 2024-12-31,2024-02-25,0,16,2026-10-06T05:23:39.053238+00:00
Ipar Adalah Maut,Ipar Adalah Maut,2020-01-01 2024-12-31,2024-03-03,0,15,2026-10-06T05:23:39.053238+00:00
Ipar Adalah Maut,Ipar Adalah Maut,2020-01-01 2024-12-31,2024-03-10,0,16,2026-10-06T05:23:39.053238+00:00
Ipar Adalah Maut,Ipar Adalah Maut,2020-01-01 2024-12-31,2024-03-17,0,14,2026-10-06T05:23:39.053238+00:00
Ipar Adalah Maut,Ipar Adalah Maut,2020-01-01 2024-12-31,2024-03-24,1,15,2026-10-06T05:23:39.053238+00:00
Ipar Adalah Maut,Ipar Adalah Maut,2020-01-01 2024-12-31,2024-03-31,0,14,2026-10-06T05:23:39.053238+00:00
Ipar Adalah Maut,Ipar Adalah Maut,2020-01-01 2024-12-31,2024-04-07,1,20,2026-10-06T05:23:39.053238+00:00
Ipar Adalah Maut,Ipar Adalah Maut,2020-01-01 2024-12-31,2024-04-14,1,17,2026-10-06T05:23:39.053238+00:00
Ipar Adalah Maut,Ipar Adalah Maut,2020-01-01 2024-12-31,2024-04-21,1,14,2026-10-06T05:23:39.053238+00:00
Ipar Adalah Maut,Ipar Adalah Maut,2020-01-01 2024-12-31,2024-04-28,1,13,2026-10-06T05:23:39.053238+00:00
Ipar Adalah Maut,Ipar Adalah Maut,2020-01-01 2024-12-31,2024-05-05,1,15,2026-10-06T05:23:39.053238+00:00
Ipar Adalah Maut,Ipar Adalah Maut,2020-01-01 2024-12-31,2024-05-12,2,16,2026-10-06T05:23:39.053238+00:00
Ipar Adalah Maut,Ipar Adalah Maut,2020-01-01 2024-12-31,2024-05-19,2,15,2026-10-06T05:23:39.053238+00:00
Ipar Adalah Maut,Ipar Adalah Maut,2020-01-01 2024-12-31,2024-05-26,2,12,2026-10-06T05:23:39.053238+00:00
Ipar Adalah Maut,Ipar Adalah Maut,2020-01-01 2024-12-31,2024-06-02,2,11,2026-10-06T05:23:39.053238+00:00
Ipar Adalah Maut,Ipar Adalah Maut,2020-01-01 2024-12-31,2024-06-09,31,12,2026-10-06T05:23:39.053238+00:00
Ipar Adalah Maut,Ipar Adalah Maut,2020-01-01 2024-12-31,2024-06-16,100,15,2026-10-06T05:23:39.053238+00:00
Ipar Adalah Maut,Ipar Adalah Maut,2020-01-01 2024-12-31,2024-06-23,80,14,2026-10-06T05:23:39.053238+00:00
Ipar Adalah Maut,Ipar Adalah Maut,2020-01-01 2024-12-31,2024-06-30,44,15,2026-10-06T05:23:39.053238+00:00
Ipar Adalah Maut,Ipar Adalah Maut,2020-01-01 2024-12-31,2024-07-07,24,15,2026-10-06T05:23:39.053238+00:00
Ipar Adalah Maut,Ipar Adalah Maut,2020-01-01 2024-12-31,2024-07-14,17,14,2026-10-06T05:23:39.053238+00:00
Ipar Adalah Maut,Ipar Adalah Maut,2020-01-01 2024-12-31,2024-07-21,14,15,2026-10-06T05:23:39.053238+00:00
Ipar Adalah Maut,Ipar Adalah Maut,2020-01-01 2024-12-31,2024-07-28,11,14,2026-10-06T05:23:39.053238+00:00
Ipar Adalah Maut,Ipar Adalah Maut,2020-01-01 2024-12-31,2024-08-04,8,13,2026-10-06T05:23:39.053238+00:00
Ipar Adalah Maut,Ipar Adalah Maut,2020-01-01 2024-12-31,2024-08-11,7,15,2026-10-06T05:23:39.053238+00:00
Ipar Adalah Maut,Ipar Adalah Maut,2020-01-01 2024-12-31,2024-08-18,6,14,2026-10-06T05:23:39.053238+00:00
Ipar Adalah Maut,Ipar Adalah Maut,2020-01-01 2024-12-31,2024-08-25,6,14,2026-10-06T05:23:39.053238+00:00
Ipar Adalah Maut,Ipar Adalah Maut,2020-01-01 2024-12-31,2024-09-01,5,13,2026-10-06T05:23:39.053238+00:00
Ipar Adalah Maut,Ipar Adalah Maut,2020-01-01 2024-12-31,2024-09-08,6,15,2026-10-06T05:23:39.053238+00:00
Ipar Adalah Maut,Ipar Adalah Maut,2020-01-01 2024-12-31,2024-09-15,6,17,2026-10-06T05:23:39.053238+00:00
Ipar Adalah Maut,Ipar Adalah Maut,2020-01-01 2024-12-31,2024-09-22,5,16,2026-10-06T05:23:39.053238+00:00
Ipar Adalah Maut,Ipar Adalah Maut,2020-01-01 2024-12-31,2024-09-29,4,16,2026-10-06T05:23:39.053238+00:00
Ipar Adalah Maut,Ipar Adalah Maut,2020-01-01 2024-12-31,2024-10-06,4,15,2026-10-06T05:23:39.053238+00:00
Ipar Adalah Maut,Ipar Adalah Maut,2020-01-01 2024-12-31,2024-10-13,4,14,2026-10-06T05:23:39.053238+00:00
Ipar Adalah Maut,Ipar Adalah Maut,2020-01-01 2024-12-31,2024-10-20,4,14,2026-10-06T05:23:39.053238+00:00
Ipar Adalah Maut,Ipar Adalah Maut,2020-01-01 2024-12-31,2024-10-27,4,14,2026-10-06T05:23:39.053238+00:00
Ipar Adalah Maut,Ipar Adalah Maut,2020-01-01 2024-12-31,2024-11-03,15,18,2026-10-06T05:23:39.053238+00:00
Ipar Adalah Maut,Ipar Adalah Maut,2020-01-01 2024-12-31,2024-11-10,38,16,2026-10-06T05:23:39.053238+00:00
Ipar Adalah Maut,Ipar Adalah Maut,2020-01-01 2024-12-31,2024-11-17,28,18,2026-10-06T05:23:39.053238+00:00
Ipar Adalah Maut,Ipar Adalah Maut,2020-01-01 2024-12-31,2024-11-24,22,17,2026-10-06T05:23:39.053238+00:00
Ipar Adalah Maut,Ipar Adalah Maut,2020-01-01 2024-12-31,2024-12-01,11,15,2026-10-06T05:23:39.053238+00:00
Ipar Adalah Maut,Ipar Adalah Maut,2020-01-01 2024-12-31,2024-12-08,8,16,2026-10-06T05:23:39.053238+00:00
Ipar Adalah Maut,Ipar Adalah Maut,2020-01-01 2024-12-31,2024-12-15,8,19,2026-10-06T05:23:39.053238+00:00
Ipar Adalah Maut,Ipar Adalah Maut,2020-01-01 2024-12-31,2024-12-22,8,22,2026-10-06T05:23:39.053238+00:00
Ipar Adalah Maut,Ipar Adalah Maut,2020-01-01 2024-12-31,2024-12-29,7,23,2026-10-06T05:23:39.053238+00:00
Ipar Adalah Maut,Ipar Adalah Maut,2022-01-01 2026-10-06,2021-12-26,0,23,2026-10-06T05:25:07.920189+00:00
Ipar Adalah Maut,Ipar Adalah Maut,2022-01-01 2026-10-06,2022-01-02,0,18,2026-10-06T05:25:07.920189+00:00
Ipar Adalah Maut,Ipar Adalah Maut,2022-01-01 2026-10-06,2022-01-09,0,19,2026-10-06T05:25:07.920189+00:00
Ipar Adalah Maut,Ipar Adalah Maut,2022-01-01 2026-10-06,2022-01-16,0,14,2026-10-06T05:25:07.920189+00:00
Ipar Adalah Maut,Ipar Adalah Maut,2022-01-01 2026-10-06,2022-01-23,0,15,2026-10-06T05:25:07.920189+00:00
Ipar Adalah Maut,Ipar Adalah Maut,2022-01-01 2026-10-06,2022-01-30,0,14,2026-10-06T05:25:07.920189+00:00
Ipar Adalah Maut,Ipar Adalah Maut,2022-01-01 2026-10-06,2022-02-06,0,14,2026-10-06T05:25:07.920189+00:00
Ipar Adalah Maut,Ipar Adalah Maut,2022-01-01 2026-10-06,2022-02-13,0,16,2026-10-06T05:25:07.920189+00:00
Ipar Adalah Maut,Ipar Adalah Maut,2022-01-01 2026-10-06,2022-02-20,0,14,2026-10-06T05:25:07.920189+00:00
Ipar Adalah Maut,Ipar Adalah Maut,2022-01-01 2026-10-06,2022-02-27,0,16,2026-10-06T05:25:07.920189+00:00
Ipar Adalah Maut,Ipar Adalah Maut,2022-01-01 2026-10-06,2022-03-06,0,12,2026-10-06T05:25:07.920189+00:00
Ipar Adalah Maut,Ipar Adalah Maut,2022-01-01 2026-10-06,2022-03-13,0,13,2026-10-06T05:25:07.920189+00:00
Ipar Adalah Maut,Ipar Adalah Maut,2022-01-01 2026-10-06,2022-03-20,0,13,2026-10-06T05:25:07.920189+00:00
Ipar Adalah Maut,Ipar Adalah Maut,2022-01-01 2026-10-06,2022-03-27,0,12,2026-10-06T05:25:07.920189+00:00
Ipar Adalah Maut,Ipar Adalah Maut,2022-01-01 2026-10-06,2022-04-03,0,13,2026-10-06T05:25:07.920189+00:00
Ipar Adalah Maut,Ipar Adalah Maut,2022-01-01 2026-10-06,2022-04-10,0,14,2026-10-06T05:25:07.920189+00:00
Ipar Adalah Maut,Ipar Adalah Maut,2022-01-01 2026-10-06,2022-04-17,0,15,2026-10-06T05:25:07.920189+00:00
Ipar Adalah Maut,Ipar Adalah Maut,2022-01-01 2026-10-06,2022-04-24,0,16,2026-10-06T05:25:07.920189+00:00
Ipar Adalah Maut,Ipar Adalah Maut,2022-01-01 2026-10-06,2022-05-01,0,28,2026-10-06T05:25:07.920189+00:00
Ipar Adalah Maut,Ipar Adalah Maut,2022-01-01 2026-10-06,2022-05-08,0,22,2026-10-06T05:25:07.920189+00:00
Ipar Adalah Maut,Ipar Adalah Maut,2022-01-01 2026-10-06,2022-05-15,0,18,2026-10-06T05:25:07.920189+00:00
Ipar Adalah Maut,Ipar Adalah Maut,2022-01-01 2026-10-06,2022-05-22,0,17,2026-10-06T05:25:07.920189+00:00
Ipar Adalah Maut,Ipar Adalah Maut,2022-01-01 2026-10-06,2022-05-29,0,15,2026-10-06T05:25:07.920189+00:00
Ipar Adalah Maut,Ipar Adalah Maut,2022-01-01 2026-10-06,2022-06-05,0,14,2026-10-06T05:25:07.920189+00:00
Ipar Adalah Maut,Ipar Adalah Maut,2022-01-01 2026-10-06,2022-06-12,0,14,2026-10-06T05:25:07.920189+00:00
Ipar Adalah Maut,Ipar Adalah Maut,2022-01-01 2026-10-06,2022-06-19,0,17,2026-10-06T05:25:07.920189+00:00
Ipar Adalah Maut,Ipar Adalah Maut,2022-01-01 2026-10-06,2022-06-26,0,16,2026-10-06T05:25:07.920189+00:00
Ipar Adalah Maut,Ipar Adalah Maut,2022-01-01 2026-10-06,2022-07-03,0,16,2026-10-06T05:25:07.920189+00:00
Ipar Adalah Maut,Ipar Adalah Maut,2022-01-01 2026-10-06,2022-07-10,0,17,2026-10-06T05:25:07.920189+00:00
Ipar Adalah Maut,Ipar Adalah Maut,2022-01-01 2026-10-06,2022-07-17,0,16,2026-10-06T05:25:07.920189+00:00
Ipar Adalah Maut,Ipar Adalah Maut,2022-01-01 2026-10-06,2022-07-24,0,14,2026-10-06T05:25:07.920189+00:00
Ipar Adalah Maut,Ipar Adalah Maut,2022-01-01 2026-10-06,2022-07-31,0,16,2026-10-06T05:25:07.920189+00:00
Ipar Adalah Maut,Ipar Adalah Maut,2022-01-01 2026-10-06,2022-08-07,0,15,2026-10-06T05:25:07.920189+00:00
Ipar Adalah Maut,Ipar Adalah Maut,2022-01-01 2026-10-06,2022-08-14,0,16,2026-10-06T05:25:07.920189+00:00
Ipar Adalah Maut,Ipar Adalah Maut,2022-01-01 2026-10-06,2022-08-21,0,14,2026-10-06T05:25:07.920189+00:00
Ipar Adalah Maut,Ipar Adalah Maut,2022-01-01 2026-10-06,2022-08-28,0,13,2026-10-06T05:25:07.920189+00:00
Ipar Adalah Maut,Ipar Adalah Maut,2022-01-01 2026-10-06,2022-09-04,0,14,2026-10-06T05:25:07.920189+00:00
Ipar Adalah Maut,Ipar Adalah Maut,2022-01-01 2026-10-06,2022-09-11,0,12,2026-10-06T05:25:07.920189+00:00
Ipar Adalah Maut,Ipar Adalah Maut,2022-01-01 2026-10-06,2022-09-18,0,12,2026-10-06T05:25:07.920189+00:00
Ipar Adalah Maut,Ipar Adalah Maut,2022-01-01 2026-10-06,2022-09-25,0,12,2026-10-06T05:25:07.920189+00:00
Ipar Adalah Maut,Ipar Adalah Maut,2022-01-01 2026-10-06,2022-10-02,0,13,2026-10-06T05:25:07.920189+00:00
Ipar Adalah Maut,Ipar Adalah Maut,2022-01-01 2026-10-06,2022-10-09,0,16,2026-10-06T05:25:07.920189+00:00
Ipar Adalah Maut,Ipar Adalah Maut,2022-01-01 2026-10-06,2022-10-16,0,15,2026-10-06T05:25:07.920189+00:00
Ipar Adalah Maut,Ipar Adalah Maut,2022-01-01 2026-10-06,2022-10-23,0,14,2026-10-06T05:25:07.920189+00:00
Ipar Adalah Maut,Ipar Adalah Maut,2022-01-01 2026-10-06,2022-10-30,0,14,2026-10-06T05:25:07.920189+00:00
Ipar Adalah Maut,Ipar Adalah Maut,2022-01-01 2026-10-06,2022-11-06,0,15,2026-10-06T05:25:07.920189+00:00
Ipar Adalah Maut,Ipar Adalah Maut,2022-01-01 2026-10-06,2022-11-13,0,15,2026-10-06T05:25:07.920189+00:00
Ipar Adalah Maut,Ipar Adalah Maut,2022-01-01 2026-10-06,2022-11-20,0,13,2026-10-06T05:25:07.920189+00:00
Ipar Adalah Maut,Ipar Adalah Maut,2022-01-01 2026-10-06,2022-11-27,0,13,2026-10-06T05:25:07.920189+00:00
Ipar Adalah Maut,Ipar Adalah Maut,2022-01-01 2026-10-06,2022-12-04,0,12,2026-10-06T05:25:07.920189+00:00
Ipar Adalah Maut,Ipar Adalah Maut,2022-01-01 2026-10-06,2022-12-11,0,15,2026-10-06T05:25:07.920189+00:00
Ipar Adalah Maut,Ipar Adalah Maut,2022-01-01 2026-10-06,2022-12-18,0,17,2026-10-06T05:25:07.920189+00:00
Ipar Adalah Maut,Ipar Adalah Maut,2022-01-01 2026-10-06,2022-12-25,0,29,2026-10-06T05:25:07.920189+00:00
Ipar Adalah Maut,Ipar Adalah Maut,2022-01-01 2026-10-06,2023-01-01,0,18,2026-10-06T05:25:07.920189+00:00
Ipar Adalah Maut,Ipar Adalah Maut,2022-01-01 2026-10-06,2023-01-08,0,14,2026-10-06T05:25:07.920189+00:00
Ipar Adalah Maut,Ipar Adalah Maut,2022-01-01 2026-10-06,2023-01-15,0,14,2026-10-06T05:25:07.920189+00:00
Ipar Adalah Maut,Ipar Adalah Maut,2022-01-01 2026-10-06,2023-01-22,0,16,2026-10-06T05:25:07.920189+00:00
Ipar Adalah Maut,Ipar Adalah Maut,2022-01-01 2026-10-06,2023-01-29,0,14,2026-10-06T05:25:07.920189+00:00
Ipar Adalah Maut,Ipar Adalah Maut,2022-01-01 2026-10-06,2023-02-05,0,15,2026-10-06T05:25:07.920189+00:00
Ipar Adalah Maut,Ipar Adalah Maut,2022-01-01 2026-10-06,2023-02-12,0,16,2026-10-06T05:25:07.920189+00:00
Ipar Adalah Maut,Ipar Adalah Maut,2022-01-01 2026-10-06,2023-02-19,0,15,2026-10-06T05:25:07.920189+00:00
Ipar Adalah Maut,Ipar Adalah Maut,2022-01-01 2026-10-06,2023-02-26,0,14,2026-10-06T05:25:07.920189+00:00
Ipar Adalah Maut,Ipar Adalah Maut,2022-01-01 2026-10-06,2023-03-05,0,13,2026-10-06T05:25:07.920189+00:00
Ipar Adalah Maut,Ipar Adalah Maut,2022-01-01 2026-10-06,2023-03-12,0,13,2026-10-06T05:25:07.920189+00:00
Ipar Adalah Maut,Ipar Adalah Maut,2022-01-01 2026-10-06,2023-03-19,0,16,2026-10-06T05:25:07.920189+00:00
Ipar Adalah Maut,Ipar Adalah Maut,2022-01-01 2026-10-06,2023-03-26,0,13,2026-10-06T05:25:07.920189+00:00
Ipar Adalah Maut,Ipar Adalah Maut,2022-01-01 2026-10-06,2023-04-02,1,13,2026-10-06T05:25:07.920189+00:00
Ipar Adalah Maut,Ipar Adalah Maut,2022-01-01 2026-10-06,2023-04-09,0,13,2026-10-06T05:25:07.920189+00:00
Ipar Adalah Maut,Ipar Adalah Maut,2022-01-01 2026-10-06,2023-04-16,0,17,2026-10-06T05:25:07.920189+00:00
Ipar Adalah Maut,Ipar Adalah Maut,2022-01-01 2026-10-06,2023-04-23,0,24,2026-10-06T05:25:07.920189+00:00
Ipar Adalah Maut,Ipar Adalah Maut,2022-01-01 2026-10-06,2023-04-30,0,20,2026-10-06T05:25:07.920189+00:00
Ipar Adalah Maut,Ipar Adalah Maut,2022-01-01 2026-10-06,2023-05-07,0,17,2026-10-06T05:25:07.920189+00:00
Ipar Adalah Maut,Ipar Adalah Maut,2022-01-01 2026-10-06,2023-05-14,0,18,2026-10-06T05:25:07.920189+00:00
Ipar Adalah Maut,Ipar Adalah Maut,2022-01-01 2026-10-06,2023-05-21,0,17,2026-10-06T05:25:07.920189+00:00
Ipar Adalah Maut,Ipar Adalah Maut,2022-01-01 2026-10-06,2023-05-28,0,16,2026-10-06T05:25:07.920189+00:00
Ipar Adalah Maut,Ipar Adalah Maut,2022-01-01 2026-10-06,2023-06-04,0,14,2026-10-06T05:25:07.920189+00:00
Ipar Adalah Maut,Ipar Adalah Maut,2022-01-01 2026-10-06,2023-06-11,0,15,2026-10-06T05:25:07.920189+00:00
Ipar Adalah Maut,Ipar Adalah Maut,2022-01-01 2026-10-06,2023-06-18,0,16,2026-10-06T05:25:07.920189+00:00
Ipar Adalah Maut,Ipar Adalah Maut,2022-01-01 2026-10-06,2023-06-25,0,19,2026-10-06T05:25:07.920189+00:00
Ipar Adalah Maut,Ipar Adalah Maut,2022-01-01 2026-10-06,2023-07-02,0,17,2026-10-06T05:25:07.920189+00:00
Ipar Adalah Maut,Ipar Adalah Maut,2022-01-01 2026-10-06,2023-07-09,0,17,2026-10-06T05:25:07.920189+00:00
Ipar Adalah Maut,Ipar Adalah Maut,2022-01-01 2026-10-06,2023-07-16,0,17,2026-10-06T05:25:07.920189+00:00
Ipar Adalah Maut,Ipar Adalah Maut,2022-01-01 2026-10-06,2023-07-23,0,15,2026-10-06T05:25:07.920189+00:00
Ipar Adalah Maut,Ipar Adalah Maut,2022-01-01 2026-10-06,2023-07-30,0,14,2026-10-06T05:25:07.920189+00:00
Ipar Adalah Maut,Ipar Adalah Maut,2022-01-01 2026-10-06,2023-08-06,0,15,2026-10-06T05:25:07.920189+00:00
Ipar Adalah Maut,Ipar Adalah Maut,2022-01-01 2026-10-06,2023-08-13,0,15,2026-10-06T05:25:07.920189+00:00
Ipar Adalah Maut,Ipar Adalah Maut,2022-01-01 2026-10-06,2023-08-20,0,14,2026-10-06T05:25:07.920189+00:00
Ipar Adalah Maut,Ipar Adalah Maut,2022-01-01 2026-10-06,2023-08-27,0,15,2026-10-06T05:25:07.920189+00:00
Ipar Adalah Maut,Ipar Adalah Maut,2022-01-01 2026-10-06,2023-09-03,0,16,2026-10-06T05:25:07.920189+00:00
Ipar Adalah Maut,Ipar Adalah Maut,2022-01-01 2026-10-06,2023-09-10,0,15,2026-10-06T05:25:07.920189+00:00
Ipar Adalah Maut,Ipar Adalah Maut,2022-01-01 2026-10-06,2023-09-17,1,15,2026-10-06T05:25:07.920189+00:00
Ipar Adalah Maut,Ipar Adalah Maut,2022-01-01 2026-10-06,2023-09-24,0,15,2026-10-06T05:25:07.920189+00:00
Ipar Adalah Maut,Ipar Adalah Maut,2022-01-01 2026-10-06,2023-10-01,0,16,2026-10-06T05:25:07.920189+00:00
Ipar Adalah Maut,Ipar Adalah Maut,2022-01-01 2026-10-06,2023-10-08,0,17,2026-10-06T05:25:07.920189+00:00
Ipar Adalah Maut,Ipar Adalah Maut,2022-01-01 2026-10-06,2023-10-15,0,16,2026-10-06T05:25:07.920189+00:00
Ipar Adalah Maut,Ipar Adalah Maut,2022-01-01 2026-10-06,2023-10-22,0,16,2026-10-06T05:25:07.920189+00:00
Ipar Adalah Maut,Ipar Adalah Maut,2022-01-01 2026-10-06,2023-10-29,0,16,2026-10-06T05:25:07.920189+00:00
Ipar Adalah Maut,Ipar Adalah Maut,2022-01-01 2026-10-06,2023-11-05,0,15,2026-10-06T05:25:07.920189+00:00
Ipar Adalah Maut,Ipar Adalah Maut,2022-01-01 2026-10-06,2023-11-12,0,16,2026-10-06T05:25:07.920189+00:00
Ipar Adalah Maut,Ipar Adalah Maut,2022-01-01 2026-10-06,2023-11-19,0,15,2026-10-06T05:25:07.920189+00:00
Ipar Adalah Maut,Ipar Adalah Maut,2022-01-01 2026-10-06,2023-11-26,0,14,2026-10-06T05:25:07.920189+00:00
Ipar Adalah Maut,Ipar Adalah Maut,2022-01-01 2026-10-06,2023-12-03,0,15,2026-10-06T05:25:07.920189+00:00
Ipar Adalah Maut,Ipar Adalah Maut,2022-01-01 2026-10-06,2023-12-10,0,17,2026-10-06T05:25:07.920189+00:00
Ipar Adalah Maut,Ipar Adalah Maut,2022-01-01 2026-10-06,2023-12-17,0,17,2026-10-06T05:25:07.920189+00:00
Ipar Adalah Maut,Ipar Adalah Maut,2022-01-01 2026-10-06,2023-12-24,0,25,2026-10-06T05:25:07.920189+00:00
Ipar Adalah Maut,Ipar Adalah Maut,2022-01-01 2026-10-06,2023-12-31,0,19,2026-10-06T05:25:07.920189+00:00
Ipar Adalah Maut,Ipar Adalah Maut,2022-01-01 2026-10-06,2024-01-07,0,15,2026-10-06T05:25:07.920189+00:00
Ipar Adalah Maut,Ipar Adalah Maut,2022-01-01 2026-10-06,2024-01-14,0,14,2026-10-06T05:25:07.920189+00:00
Ipar Adalah Maut,Ipar Adalah Maut,2022-01-01 2026-10-06,2024-01-21,0,14,2026-10-06T05:25:07.920189+00:00
Ipar Adalah Maut,Ipar Adalah Maut,2022-01-01 2026-10-06,2024-01-28,0,15,2026-10-06T05:25:07.920189+00:00
Ipar Adalah Maut,Ipar Adalah Maut,2022-01-01 2026-10-06,2024-02-04,0,16,2026-10-06T05:25:07.920189+00:00
Ipar Adalah Maut,Ipar Adalah Maut,2022-01-01 2026-10-06,2024-02-11,0,15,2026-10-06T05:25:07.920189+00:00
Ipar Adalah Maut,Ipar Adalah Maut,2022-01-01 2026-10-06,2024-02-18,1,14,2026-10-06T05:25:07.920189+00:00
Ipar Adalah Maut,Ipar Adalah Maut,2022-01-01 2026-10-06,2024-02-25,0,16,2026-10-06T05:25:07.920189+00:00
Ipar Adalah Maut,Ipar Adalah Maut,2022-01-01 2026-10-06,2024-03-03,0,15,2026-10-06T05:25:07.920189+00:00
Ipar Adalah Maut,Ipar Adalah Maut,2022-01-01 2026-10-06,2024-03-10,0,16,2026-10-06T05:25:07.920189+00:00
Ipar Adalah Maut,Ipar Adalah Maut,2022-01-01 2026-10-06,2024-03-17,0,14,2026-10-06T05:25:07.920189+00:00
Ipar Adalah Maut,Ipar Adalah Maut,2022-01-01 2026-10-06,2024-03-24,1,15,2026-10-06T05:25:07.920189+00:00
Ipar Adalah Maut,Ipar Adalah Maut,2022-01-01 2026-10-06,2024-03-31,0,14,2026-10-06T05:25:07.920189+00:00
Ipar Adalah Maut,Ipar Adalah Maut,2022-01-01 2026-10-06,2024-04-07,1,20,2026-10-06T05:25:07.920189+00:00
Ipar Adalah Maut,Ipar Adalah Maut,2022-01-01 2026-10-06,2024-04-14,1,17,2026-10-06T05:25:07.920189+00:00
Ipar Adalah Maut,Ipar Adalah Maut,2022-01-01 2026-10-06,2024-04-21,1,14,2026-10-06T05:25:07.920189+00:00
Ipar Adalah Maut,Ipar Adalah Maut,2022-01-01 2026-10-06,2024-04-28,1,13,2026-10-06T05:25:07.920189+00:00
Ipar Adalah Maut,Ipar Adalah Maut,2022-01-01 2026-10-06,2024-05-05,1,15,2026-10-06T05:25:07.920189+00:00
Ipar Adalah Maut,Ipar Adalah Maut,2022-01-01 2026-10-06,2024-05-12,2,16,2026-10-06T05:25:07.920189+00:00
Ipar Adalah Maut,Ipar Adalah Maut,2022-01-01 2026-10-06,2024-05-19,2,15,2026-10-06T05:25:07.920189+00:00
Ipar Adalah Maut,Ipar Adalah Maut,2022-01-01 2026-10-06,2024-05-26,2,12,2026-10-06T05:25:07.920189+00:00
Ipar Adalah Maut,Ipar Adalah Maut,2022-01-01 2026-10-06,2024-06-02,2,11,2026-10-06T05:25:07.920189+00:00
Ipar Adalah Maut,Ipar Adalah Maut,2022-01-01 2026-10-06,2024-06-09,31,12,2026-10-06T05:25:07.920189+00:00
Ipar Adalah Maut,Ipar Adalah Maut,2022-01-01 2026-10-06,2024-06-16,100,15,2026-10-06T05:25:07.920189+00:00
Ipar Adalah Maut,Ipar Adalah Maut,2022-01-01 2026-10-06,2024-06-23,80,14,2026-10-06T05:25:07.920189+00:00
Ipar Adalah Maut,Ipar Adalah Maut,2022-01-01 2026-10-06,2024-06-30,44,15,2026-10-06T05:25:07.920189+00:00
Ipar Adalah Maut,Ipar Adalah Maut,2022-01-01 2026-10-06,2024-07-07,24,15,2026-10-06T05:25:07.920189+00:00
Ipar Adalah Maut,Ipar Adalah Maut,2022-01-01 2026-10-06,2024-07-14,17,14,2026-10-06T05:25:07.920189+00:00
Ipar Adalah Maut,Ipar Adalah Maut,2022-01-01 2026-10-06,2024-07-21,14,15,2026-10-06T05:25:07.920189+00:00
Ipar Adalah Maut,Ipar Adalah Maut,2022-01-01 2026-10-06,2024-07-28,11,14,2026-10-06T05:25:07.920189+00:00
Ipar Adalah Maut,Ipar Adalah Maut,2022-01-01 2026-10-06,2024-08-04,8,13,2026-10-06T05:25:07.920189+00:00
Ipar Adalah Maut,Ipar Adalah Maut,2022-01-01 2026-10-06,2024-08-11,7,15,2026-10-06T05:25:07.920189+00:00
Ipar Adalah Maut,Ipar Adalah Maut,2022-01-01 2026-10-06,2024-08-18,6,14,2026-10-06T05:25:07.920189+00:00
Ipar Adalah Maut,Ipar Adalah Maut,2022-01-01 2026-10-06,2024-08-25,6,14,2026-10-06T05:25:07.920189+00:00
Ipar Adalah Maut,Ipar Adalah Maut,2022-01-01 2026-10-06,2024-09-01,5,13,2026-10-06T05:25:07.920189+00:00
Ipar Adalah Maut,Ipar Adalah Maut,2022-01-01 2026-10-06,2024-09-08,6,15,2026-10-06T05:25:07.920189+00:00
Ipar Adalah Maut,Ipar Adalah Maut,2022-01-01 2026-10-06,2024-09-15,6,17,2026-10-06T05:25:07.920189+00:00
Ipar Adalah Maut,Ipar Adalah Maut,2022-01-01 2026-10-06,2024-09-22,5,16,2026-10-06T05:25:07.920189+00:00
Ipar Adalah Maut,Ipar Adalah Maut,2022-01-01 2026-10-06,2024-09-29,4,16,2026-10-06T05:25:07.920189+00:00
Ipar Adalah Maut,Ipar Adalah Maut,2022-01-01 2026-10-06,2024-10-06,4,15,2026-10-06T05:25:07.920189+00:00
Ipar Adalah Maut,Ipar Adalah Maut,2022-01-01 2026-10-06,2024-10-13,4,14,2026-10-06T05:25:07.920189+00:00
Ipar Adalah Maut,Ipar Adalah Maut,2022-01-01 2026-10-06,2024-10-20,4,14,2026-10-06T05:25:07.920189+00:00
Ipar Adalah Maut,Ipar Adalah Maut,2022-01-01 2026-10-06,2024-10-27,4,14,2026-10-06T05:25:07.920189+00:00
Ipar Adalah Maut,Ipar Adalah Maut,2022-01-01 2026-10-06,2024-11-03,15,18,2026-10-06T05:25:07.920189+00:00
Ipar Adalah Maut,Ipar Adalah Maut,2022-01-01 2026-10-06,2024-11-10,38,16,2026-10-06T05:25:07.920189+00:00
Ipar Adalah Maut,Ipar Adalah Maut,2022-01-01 2026-10-06,2024-11-17,28,18,2026-10-06T05:25:07.920189+00:00
Ipar Adalah Maut,Ipar Adalah Maut,2022-01-01 2026-10-06,2024-11-24,22,17,2026-10-06T05:25:07.920189+00:00
Ipar Adalah Maut,Ipar Adalah Maut,2022-01-01 2026-10-06,2024-12-01,11,15,2026-10-06T05:25:07.920189+00:00
Ipar Adalah Maut,Ipar Adalah Maut,2022-01-01 2026-10-06,2024-12-08,8,16,2026-10-06T05:25:07.920189+00:00
Ipar Adalah Maut,Ipar Adalah Maut,2022-01-01 2026-10-06,2024-12-15,8,19,2026-10-06T05:25:07.920189+00:00
Ipar Adalah Maut,Ipar Adalah Maut,2022-01-01 2026-10-06,2024-12-22,8,22,2026-10-06T05:25:07.920189+00:00
Ipar Adalah Maut,Ipar Adalah Maut,2022-01-01 2026-10-06,2024-12-29,7,23,2026-10-06T05:25:07.920189+00:00
Ipar Adalah Maut,Ipar Adalah Maut,2022-01-01 2026-10-06,2025-01-05,5,19,2026-10-06T05:25:07.920189+00:00
Ipar Adalah Maut,Ipar Adalah Maut,2022-01-01 2026-10-06,2025-01-12,4,16,2026-10-06T05:25:07.920189+00:00
Ipar Adalah Maut,Ipar Adalah Maut,2022-01-01 2026-10-06,2025-01-19,3,19,2026-10-06T05:25:07.920189+00:00
Ipar Adalah Maut,Ipar Adalah Maut,2022-01-01 2026-10-06,2025-01-26,4,20,2026-10-06T05:25:07.920189+00:00
Ipar Adalah Maut,Ipar Adalah Maut,2022-01-01 2026-10-06,2025-02-02,3,15,2026-10-06T05:25:07.920189+00:00
Ipar Adalah Maut,Ipar Adalah Maut,2022-01-01 2026-10-06,2025-02-09,3,16,2026-10-06T05:25:07.920189+00:00
Ipar Adalah Maut,Ipar Adalah Maut,2022-01-01 2026-10-06,2025-02-16,3,15,2026-10-06T05:25:07.920189+00:00
Ipar Adalah Maut,Ipar Adalah Maut,2022-01-01 2026-10-06,2025-02-23,3,16,2026-10-06T05:25:07.920189+00:00
Ipar Adalah Maut,Ipar Adalah Maut,2022-01-01 2026-10-06,2025-03-02,3,15,2026-10-06T05:25:07.920189+00:00
Ipar Adalah Maut,Ipar Adalah Maut,2022-01-01 2026-10-06,2025-03-09,2,14,2026-10-06T05:25:07.920189+00:00
Ipar Adalah Maut,Ipar Adalah Maut,2022-01-01 2026-10-06,2025-03-16,2,16,2026-10-06T05:25:07.920189+00:00
Ipar Adalah Maut,Ipar Adalah Maut,2022-01-01 2026-10-06,2025-03-23,2,18,2026-10-06T05:25:07.920189+00:00
Ipar Adalah Maut,Ipar Adalah Maut,2022-01-01 2026-10-06,2025-03-30,3,31,2026-10-06T05:25:07.920189+00:00
Ipar Adalah Maut,Ipar Adalah Maut,2022-01-01 2026-10-06,2025-04-06,3,20,2026-10-06T05:25:07.920189+00:00
Ipar Adalah Maut,Ipar Adalah Maut,2022-01-01 2026-10-06,2025-04-13,2,15,2026-10-06T05:25:07.920189+00:00
Ipar Adalah Maut,Ipar Adalah Maut,2022-01-01 2026-10-06,2025-04-20,2,14,2026-10-06T05:25:07.920189+00:00
Ipar Adalah Maut,Ipar Adalah Maut,2022-01-01 2026-10-06,2025-04-27,2,14,2026-10-06T05:25:07.920189+00:00
Ipar Adalah Maut,Ipar Adalah Maut,2022-01-01 2026-10-06,2025-05-04,2,12,2026-10-06T05:25:07.920189+00:00
Ipar Adalah Maut,Ipar Adalah Maut,2022-01-01 2026-10-06,2025-05-11,2,15,2026-10-06T05:25:07.920189+00:00
Ipar Adalah Maut,Ipar Adalah Maut,2022-01-01 2026-10-06,2025-05-18,2,14,2026-10-06T05:25:07.920189+00:00
Ipar Adalah Maut,Ipar Adalah Maut,2022-01-01 2026-10-06,2025-05-25,1,14,2026-10-06T05:25:07.920189+00:00
Ipar Adalah Maut,Ipar Adalah Maut,2022-01-01 2026-10-06,2025-06-01,1,13,2026-10-06T05:25:07.920189+00:00
Ipar Adalah Maut,Ipar Adalah Maut,2022-01-01 2026-10-06,2025-06-08,2,14,2026-10-06T05:25:07.920189+00:00
Ipar Adalah Maut,Ipar Adalah Maut,2022-01-01 2026-10-06,2025-06-15,1,13,2026-10-06T05:25:07.920189+00:00
Ipar Adalah Maut,Ipar Adalah Maut,2022-01-01 2026-10-06,2025-06-22,2,16,2026-10-06T05:25:07.920189+00:00
Ipar Adalah Maut,Ipar Adalah Maut,2022-01-01 2026-10-06,2025-06-29,2,15,2026-10-06T05:25:07.920189+00:00
Ipar Adalah Maut,Ipar Adalah Maut,2022-01-01 2026-10-06,2025-07-06,1,14,2026-10-06T05:25:07.920189+00:00
Ipar Adalah Maut,Ipar Adalah Maut,2022-01-01 2026-10-06,2025-07-13,2,13,2026-10-06T05:25:07.920189+00:00
Ipar Adalah Maut,Ipar Adalah Maut,2022-01-01 2026-10-06,2025-07-20,2,12,2026-10-06T05:25:07.920189+00:00
Ipar Adalah Maut,Ipar Adalah Maut,2022-01-01 2026-10-06,2025-07-27,1,11,2026-10-06T05:25:07.920189+00:00
Ipar Adalah Maut,Ipar Adalah Maut,2022-01-01 2026-10-06,2025-08-03,1,12,2026-10-06T05:25:07.920189+00:00
Ipar Adalah Maut,Ipar Adalah Maut,2022-01-01 2026-10-06,2025-08-10,2,13,2026-10-06T05:25:07.920189+00:00
Ipar Adalah Maut,Ipar Adalah Maut,2022-01-01 2026-10-06,2025-08-17,2,13,2026-10-06T05:25:07.920189+00:00
Ipar Adalah Maut,Ipar Adalah Maut,2022-01-01 2026-10-06,2025-08-24,2,12,2026-10-06T05:25:07.920189+00:00
Ipar Adalah Maut,Ipar Adalah Maut,2022-01-01 2026-10-06,2025-08-31,1,13,2026-10-06T05:25:07.920189+00:00
Ipar Adalah Maut,Ipar Adalah Maut,2022-01-01 2026-10-06,2025-09-07,1,12,2026-10-06T05:25:07.920189+00:00
Ipar Adalah Maut,Ipar Adalah Maut,2022-01-01 2026-10-06,2025-09-14,1,12,2026-10-06T05:25:07.920189+00:00
Ipar Adalah Maut,Ipar Adalah Maut,2022-01-01 2026-10-06,2025-09-21,1,12,2026-10-06T05:25:07.920189+00:00
Ipar Adalah Maut,Ipar Adalah Maut,2022-01-01 2026-10-06,2025-09-28,1,11,2026-10-06T05:25:07.920189+00:00
Ipar Adalah Maut,Ipar Adalah Maut,2022-01-01 2026-10-06,2025-10-05,1,11,2026-10-06T05:25:07.920189+00:00
Ipar Adalah Maut,Ipar Adalah Maut,2022-01-01 2026-10-06,2025-10-12,1,11,2026-10-06T05:25:07.920189+00:00
Ipar Adalah Maut,Ipar Adalah Maut,2022-01-01 2026-10-06,2025-10-19,1,12,2026-10-06T05:25:07.920189+00:00
Ipar Adalah Maut,Ipar Adalah Maut,2022-01-01 2026-10-06,2025-10-26,1,13,2026-10-06T05:25:07.920189+00:00
Ipar Adalah Maut,Ipar Adalah Maut,2022-01-01 2026-10-06,2025-11-02,10,12,2026-10-06T05:25:07.920189+00:00
Ipar Adalah Maut,Ipar Adalah Maut,2022-01-01 2026-10-06,2025-11-09,10,12,2026-10-06T05:25:07.920189+00:00
Ipar Adalah Maut,Ipar Adalah Maut,2022-01-01 2026-10-06,2025-11-16,10,12,2026-10-06T05:25:07.920189+00:00
Ipar Adalah Maut,Ipar Adalah Maut,2022-01-01 2026-10-06,2025-11-23,9,11,2026-10-06T05:25:07.920189+00:00
Ipar Adalah Maut,Ipar Adalah Maut,2022-01-01 2026-10-06,2025-11-30,8,10,2026-10-06T05:25:07.920189+00:00
Ipar Adalah Maut,Ipar Adalah Maut,2022-01-01 2026-10-06,2025-12-07,9,12,2026-10-06T05:25:07.920189+00:00
Ipar Adalah Maut,Ipar Adalah Maut,2022-01-01 2026-10-06,2025-12-14,11,14,2026-10-06T05:25:07.920189+00:00
Ipar Adalah Maut,Ipar Adalah Maut,2022-01-01 2026-10-06,2025-12-21,4,17,2026-10-06T05:25:07.920189+00:00
Ipar Adalah Maut,Ipar Adalah Maut,2022-01-01 2026-10-06,2025-12-28,5,19,2026-10-06T05:25:07.920189+00:00
Ipar Adalah Maut,Ipar Adalah Maut,2022-01-01 2026-10-06,2026-01-04,3,14,2026-10-06T05:25:07.920189+00:00
Ipar Adalah Maut,Ipar Adalah Maut,2022-01-01 2026-10-06,2026-01-11,2,14,2026-10-06T05:25:07.920189+00:00
Ipar Adalah Maut,Ipar Adalah Maut,2022-01-01 2026-10-06,2026-01-18,2,12,2026-10-06T05:25:07.920189+00:00
Ipar Adalah Maut,Ipar Adalah Maut,2022-01-01 2026-10-06,2026-01-25,2,12,2026-10-06T05:25:07.920189+00:00
Ipar Adalah Maut,Ipar Adalah Maut,2022-01-01 2026-10-06,2026-02-01,1,12,2026-10-06T05:25:07.920189+00:00
Ipar Adalah Maut,Ipar Adalah Maut,2022-01-01 2026-10-06,2026-02-08,1,11,2026-10-06T05:25:07.920189+00:00
Ipar Adalah Maut,Ipar Adalah Maut,2022-01-01 2026-10-06,2026-02-15,1,13,2026-10-06T05:25:07.920189+00:00
Ipar Adalah Maut,Ipar Adalah Maut,2022-01-01 2026-10-06,2026-02-22,1,11,2026-10-06T05:25:07.920189+00:00
Ipar Adalah Maut,Ipar Adalah Maut,2022-01-01 2026-10-06,2026-03-01,1,10,2026-10-06T05:25:07.920189+00:00
Ipar Adalah Maut,Ipar Adalah Maut,2022-01-01 2026-10-06,2026-03-08,1,10,2026-10-06T05:25:07.920189+00:00
Ipar Adalah Maut,Ipar Adalah Maut,2022-01-01 2026-10-06,2026-03-15,1,14,2026-10-06T05:25:07.920189+00:00
Ipar Adalah Maut,Ipar Adalah Maut,2022-01-01 2026-10-06,2026-03-22,1,18,2026-10-06T05:25:07.920189+00:00
Ipar Adalah Maut,Ipar Adalah Maut,2022-01-01 2026-10-06,2026-03-29,1,13,2026-10-06T05:25:07.920189+00:00
Ipar Adalah Maut,Ipar Adalah Maut,2022-01-01 2026-10-06,2026-04-05,1,12,2026-10-06T05:25:07.920189+00:00
Ipar Adalah Maut,Ipar Adalah Maut,2022-01-01 2026-10-06,2026-04-12,1,12,2026-10-06T05:25:07.920189+00:00
Ipar Adalah Maut,Ipar Adalah Maut,2022-01-01 2026-10-06,2026-04-19,1,13,2026-10-06T05:25:07.920189+00:00
Ipar Adalah Maut,Ipar Adalah Maut,2022-01-01 2026-10-06,2026-04-26,1,13,2026-10-06T05:25:07.920189+00:00
Ipar Adalah Maut,Ipar Adalah Maut,2022-01-01 2026-10-06,2026-05-03,1,12,2026-10-06T05:25:07.920189+00:00
Ipar Adalah Maut,Ipar Adalah Maut,2022-01-01 2026-10-06,2026-05-10,0,13,2026-10-06T05:25:07.920189+00:00
Ipar Adalah Maut,Ipar Adalah Maut,2022-01-01 2026-10-06,2026-05-17,1,12,2026-10-06T05:25:07.920189+00:00
Ipar Adalah Maut,Ipar Adalah Maut,2022-01-01 2026-10-06,2026-05-24,1,14,2026-10-06T05:25:07.920189+00:00
Ipar Adalah Maut,Ipar Adalah Maut,2022-01-01 2026-10-06,2026-05-31,1,13,2026-10-06T05:25:07.920189+00:00
Ipar Adalah Maut,Ipar Adalah Maut,2022-01-01 2026-10-06,2026-06-07,1,11,2026-10-06T05:25:07.920189+00:00
Ipar Adalah Maut,Ipar Adalah Maut,2022-01-01 2026-10-06,2026-06-14,1,14,2026-10-06T05:25:07.920189+00:00
Ipar Adalah Maut,Ipar Adalah Maut,2022-01-01 2026-10-06,2026-06-21,1,14,2026-10-06T05:25:07.920189+00:00
Ipar Adalah Maut,Ipar Adalah Maut,2022-01-01 2026-10-06,2026-06-28,1,14,2026-10-06T05:25:07.920189+00:00
Ipar Adalah Maut,Ipar Adalah Maut,2022-01-01 2026-10-06,2026-07-05,1,14,2026-10-06T05:25:07.920189+00:00
Ipar Adalah Maut,Ipar Adalah Maut,2022-01-01 2026-10-06,2026-07-12,1,12,2026-10-06T05:25:07.920189+00:00
Ipar Adalah Maut,Ipar Adalah Maut,2022-01-01 2026-10-06,2026-07-19,1,12,2026-10-06T05:25:07.920189+00:00
Ipar Adalah Maut,Ipar Adalah Maut,2022-01-01 2026-10-06,2026-07-26,1,11,2026-10-06T05:25:07.920189+00:00
Ipar Adalah Maut,Ipar Adalah Maut,2022-01-01 2026-10-06,2026-08-02,1,10,2026-10-06T05:25:07.920189+00:00
Ipar Adalah Maut,Ipar Adalah Maut,2022-01-01 2026-10-06,2026-08-09,1,11,2026-10-06T05:25:07.920189+00:00
Ipar Adalah Maut,Ipar Adalah Maut,2022-01-01 2026-10-06,2026-08-16,1,13,2026-10-06T05:25:07.920189+00:00
Ipar Adalah Maut,Ipar Adalah Maut,2022-01-01 2026-10-06,2026-08-23,1,14,2026-10-06T05:25:07.920189+00:00
Ipar Adalah Maut,Ipar Adalah Maut,2022-01-01 2026-10-06,2026-08-30,1,11,2026-10-06T05:25:07.920189+00:00
Ipar Adalah Maut,Ipar Adalah Maut,2022-01-01 2026-10-06,2026-09-06,1,11,2026-10-06T05:25:07.920189+00:00
Ipar Adalah Maut,Ipar Adalah Maut,2022-01-01 2026-10-06,2026-09-13,1,11,2026-10-06T05:25:07.920189+00:00
Ipar Adalah Maut,Ipar Adalah Maut,2022-01-01 2026-10-06,2026-09-20,1,12,2026-10-06T05:25:07.920189+00:00
Ipar Adalah Maut,Ipar Adalah Maut,2022-01-01 2026-10-06,2026-09-27,1,12,2026-10-06T05:25:07.920189+00:00
Ipar Adalah Maut,Ipar Adalah Maut,2022-01-01 2026-10-06,2026-10-04,0,11,2026-10-06T05:25:07.920189+00:00
Ivanna,film Ivanna,2020-01-01 2024-12-31,2019-12-29,0,81,2026-10-06T05:31:59.260111+00:00
Ivanna,film Ivanna,2020-01-01 2024-12-31,2020-01-05,0,58,2026-10-06T05:31:59.260111+00:00
Ivanna,film Ivanna,2020-01-01 2024-12-31,2020-01-12,0,51,2026-10-06T05:31:59.260111+00:00
Ivanna,film Ivanna,2020-01-01 2024-12-31,2020-01-19,0,51,2026-10-06T05:31:59.260111+00:00
Ivanna,film Ivanna,2020-01-01 2024-12-31,2020-01-26,0,49,2026-10-06T05:31:59.260111+00:00
Ivanna,film Ivanna,2020-01-01 2024-12-31,2020-02-02,0,48,2026-10-06T05:31:59.260111+00:00
Ivanna,film Ivanna,2020-01-01 2024-12-31,2020-02-09,0,47,2026-10-06T05:31:59.260111+00:00
Ivanna,film Ivanna,2020-01-01 2024-12-31,2020-02-16,0,50,2026-10-06T05:31:59.260111+00:00
Ivanna,film Ivanna,2020-01-01 2024-12-31,2020-02-23,0,48,2026-10-06T05:31:59.260111+00:00
Ivanna,film Ivanna,2020-01-01 2024-12-31,2020-03-01,0,49,2026-10-06T05:31:59.260111+00:00
Ivanna,film Ivanna,2020-01-01 2024-12-31,2020-03-08,0,53,2026-10-06T05:31:59.260111+00:00
Ivanna,film Ivanna,2020-01-01 2024-12-31,2020-03-15,0,52,2026-10-06T05:31:59.260111+00:00
Ivanna,film Ivanna,2020-01-01 2024-12-31,2020-03-22,0,67,2026-10-06T05:31:59.260111+00:00
Ivanna,film Ivanna,2020-01-01 2024-12-31,2020-03-29,0,62,2026-10-06T05:31:59.260111+00:00
Ivanna,film Ivanna,2020-01-01 2024-12-31,2020-04-05,0,68,2026-10-06T05:31:59.260111+00:00
Ivanna,film Ivanna,2020-01-01 2024-12-31,2020-04-12,0,74,2026-10-06T05:31:59.260111+00:00
Ivanna,film Ivanna,2020-01-01 2024-12-31,2020-04-19,0,71,2026-10-06T05:31:59.260111+00:00
Ivanna,film Ivanna,2020-01-01 2024-12-31,2020-04-26,0,64,2026-10-06T05:31:59.260111+00:00
Ivanna,film Ivanna,2020-01-01 2024-12-31,2020-05-03,0,59,2026-10-06T05:31:59.260111+00:00
Ivanna,film Ivanna,2020-01-01 2024-12-31,2020-05-10,0,53,2026-10-06T05:31:59.260111+00:00
Ivanna,film Ivanna,2020-01-01 2024-12-31,2020-05-17,0,53,2026-10-06T05:31:59.260111+00:00
Ivanna,film Ivanna,2020-01-01 2024-12-31,2020-05-24,0,68,2026-10-06T05:31:59.260111+00:00
Ivanna,film Ivanna,2020-01-01 2024-12-31,2020-05-31,0,61,2026-10-06T05:31:59.260111+00:00
Ivanna,film Ivanna,2020-01-01 2024-12-31,2020-06-07,0,50,2026-10-06T05:31:59.260111+00:00
Ivanna,film Ivanna,2020-01-01 2024-12-31,2020-06-14,0,59,2026-10-06T05:31:59.260111+00:00
Ivanna,film Ivanna,2020-01-01 2024-12-31,2020-06-21,0,62,2026-10-06T05:31:59.260111+00:00
Ivanna,film Ivanna,2020-01-01 2024-12-31,2020-06-28,0,58,2026-10-06T05:31:59.260111+00:00
Ivanna,film Ivanna,2020-01-01 2024-12-31,2020-07-05,0,55,2026-10-06T05:31:59.260111+00:00
Ivanna,film Ivanna,2020-01-01 2024-12-31,2020-07-12,0,50,2026-10-06T05:31:59.260111+00:00
Ivanna,film Ivanna,2020-01-01 2024-12-31,2020-07-19,0,47,2026-10-06T05:31:59.260111+00:00
Ivanna,film Ivanna,2020-01-01 2024-12-31,2020-07-26,0,50,2026-10-06T05:31:59.260111+00:00
Ivanna,film Ivanna,2020-01-01 2024-12-31,2020-08-02,0,46,2026-10-06T05:31:59.260111+00:00
Ivanna,film Ivanna,2020-01-01 2024-12-31,2020-08-09,0,49,2026-10-06T05:31:59.260111+00:00
Ivanna,film Ivanna,2020-01-01 2024-12-31,2020-08-16,0,60,2026-10-06T05:31:59.260111+00:00
Ivanna,film Ivanna,2020-01-01 2024-12-31,2020-08-23,0,52,2026-10-06T05:31:59.260111+00:00
Ivanna,film Ivanna,2020-01-01 2024-12-31,2020-08-30,0,46,2026-10-06T05:31:59.260111+00:00
Ivanna,film Ivanna,2020-01-01 2024-12-31,2020-09-06,0,47,2026-10-06T05:31:59.260111+00:00
Ivanna,film Ivanna,2020-01-01 2024-12-31,2020-09-13,0,46,2026-10-06T05:31:59.260111+00:00
Ivanna,film Ivanna,2020-01-01 2024-12-31,2020-09-20,0,43,2026-10-06T05:31:59.260111+00:00
Ivanna,film Ivanna,2020-01-01 2024-12-31,2020-09-27,0,41,2026-10-06T05:31:59.260111+00:00
Ivanna,film Ivanna,2020-01-01 2024-12-31,2020-10-04,0,41,2026-10-06T05:31:59.260111+00:00
Ivanna,film Ivanna,2020-01-01 2024-12-31,2020-10-11,0,42,2026-10-06T05:31:59.260111+00:00
Ivanna,film Ivanna,2020-01-01 2024-12-31,2020-10-18,0,41,2026-10-06T05:31:59.260111+00:00
Ivanna,film Ivanna,2020-01-01 2024-12-31,2020-10-25,0,54,2026-10-06T05:31:59.260111+00:00
Ivanna,film Ivanna,2020-01-01 2024-12-31,2020-11-01,0,44,2026-10-06T05:31:59.260111+00:00
Ivanna,film Ivanna,2020-01-01 2024-12-31,2020-11-08,0,45,2026-10-06T05:31:59.260111+00:00
Ivanna,film Ivanna,2020-01-01 2024-12-31,2020-11-15,0,43,2026-10-06T05:31:59.260111+00:00
Ivanna,film Ivanna,2020-01-01 2024-12-31,2020-11-22,0,44,2026-10-06T05:31:59.260111+00:00
Ivanna,film Ivanna,2020-01-01 2024-12-31,2020-11-29,0,42,2026-10-06T05:31:59.260111+00:00
Ivanna,film Ivanna,2020-01-01 2024-12-31,2020-12-06,0,46,2026-10-06T05:31:59.260111+00:00
Ivanna,film Ivanna,2020-01-01 2024-12-31,2020-12-13,0,51,2026-10-06T05:31:59.260111+00:00
Ivanna,film Ivanna,2020-01-01 2024-12-31,2020-12-20,0,64,2026-10-06T05:31:59.260111+00:00
Ivanna,film Ivanna,2020-01-01 2024-12-31,2020-12-27,0,89,2026-10-06T05:31:59.260111+00:00
Ivanna,film Ivanna,2020-01-01 2024-12-31,2021-01-03,0,55,2026-10-06T05:31:59.260111+00:00
Ivanna,film Ivanna,2020-01-01 2024-12-31,2021-01-10,0,45,2026-10-06T05:31:59.260111+00:00
Ivanna,film Ivanna,2020-01-01 2024-12-31,2021-01-17,0,45,2026-10-06T05:31:59.260111+00:00
Ivanna,film Ivanna,2020-01-01 2024-12-31,2021-01-24,0,45,2026-10-06T05:31:59.260111+00:00
Ivanna,film Ivanna,2020-01-01 2024-12-31,2021-01-31,0,41,2026-10-06T05:31:59.260111+00:00
Ivanna,film Ivanna,2020-01-01 2024-12-31,2021-02-07,0,43,2026-10-06T05:31:59.260111+00:00
Ivanna,film Ivanna,2020-01-01 2024-12-31,2021-02-14,0,41,2026-10-06T05:31:59.260111+00:00
Ivanna,film Ivanna,2020-01-01 2024-12-31,2021-02-21,0,39,2026-10-06T05:31:59.260111+00:00
Ivanna,film Ivanna,2020-01-01 2024-12-31,2021-02-28,0,37,2026-10-06T05:31:59.260111+00:00
Ivanna,film Ivanna,2020-01-01 2024-12-31,2021-03-07,0,40,2026-10-06T05:31:59.260111+00:00
Ivanna,film Ivanna,2020-01-01 2024-12-31,2021-03-14,0,37,2026-10-06T05:31:59.260111+00:00
Ivanna,film Ivanna,2020-01-01 2024-12-31,2021-03-21,0,37,2026-10-06T05:31:59.260111+00:00
Ivanna,film Ivanna,2020-01-01 2024-12-31,2021-03-28,0,40,2026-10-06T05:31:59.260111+00:00
Ivanna,film Ivanna,2020-01-01 2024-12-31,2021-04-04,0,41,2026-10-06T05:31:59.260111+00:00
Ivanna,film Ivanna,2020-01-01 2024-12-31,2021-04-11,0,43,2026-10-06T05:31:59.260111+00:00
Ivanna,film Ivanna,2020-01-01 2024-12-31,2021-04-18,0,42,2026-10-06T05:31:59.260111+00:00
Ivanna,film Ivanna,2020-01-01 2024-12-31,2021-04-25,0,41,2026-10-06T05:31:59.260111+00:00
Ivanna,film Ivanna,2020-01-01 2024-12-31,2021-05-02,0,39,2026-10-06T05:31:59.260111+00:00
Ivanna,film Ivanna,2020-01-01 2024-12-31,2021-05-09,0,51,2026-10-06T05:31:59.260111+00:00
Ivanna,film Ivanna,2020-01-01 2024-12-31,2021-05-16,0,49,2026-10-06T05:31:59.260111+00:00
Ivanna,film Ivanna,2020-01-01 2024-12-31,2021-05-23,0,42,2026-10-06T05:31:59.260111+00:00
Ivanna,film Ivanna,2020-01-01 2024-12-31,2021-05-30,0,46,2026-10-06T05:31:59.260111+00:00
Ivanna,film Ivanna,2020-01-01 2024-12-31,2021-06-06,0,46,2026-10-06T05:31:59.260111+00:00
Ivanna,film Ivanna,2020-01-01 2024-12-31,2021-06-13,0,49,2026-10-06T05:31:59.260111+00:00
Ivanna,film Ivanna,2020-01-01 2024-12-31,2021-06-20,0,51,2026-10-06T05:31:59.260111+00:00
Ivanna,film Ivanna,2020-01-01 2024-12-31,2021-06-27,0,52,2026-10-06T05:31:59.260111+00:00
Ivanna,film Ivanna,2020-01-01 2024-12-31,2021-07-04,0,51,2026-10-06T05:31:59.260111+00:00
Ivanna,film Ivanna,2020-01-01 2024-12-31,2021-07-11,0,49,2026-10-06T05:31:59.260111+00:00
Ivanna,film Ivanna,2020-01-01 2024-12-31,2021-07-18,0,49,2026-10-06T05:31:59.260111+00:00
Ivanna,film Ivanna,2020-01-01 2024-12-31,2021-07-25,0,40,2026-10-06T05:31:59.260111+00:00
Ivanna,film Ivanna,2020-01-01 2024-12-31,2021-08-01,0,39,2026-10-06T05:31:59.260111+00:00
Ivanna,film Ivanna,2020-01-01 2024-12-31,2021-08-08,0,41,2026-10-06T05:31:59.260111+00:00
Ivanna,film Ivanna,2020-01-01 2024-12-31,2021-08-15,0,44,2026-10-06T05:31:59.260111+00:00
Ivanna,film Ivanna,2020-01-01 2024-12-31,2021-08-22,0,42,2026-10-06T05:31:59.260111+00:00
Ivanna,film Ivanna,2020-01-01 2024-12-31,2021-08-29,0,46,2026-10-06T05:31:59.260111+00:00
Ivanna,film Ivanna,2020-01-01 2024-12-31,2021-09-05,0,40,2026-10-06T05:31:59.260111+00:00
Ivanna,film Ivanna,2020-01-01 2024-12-31,2021-09-12,0,39,2026-10-06T05:31:59.260111+00:00
Ivanna,film Ivanna,2020-01-01 2024-12-31,2021-09-19,0,34,2026-10-06T05:31:59.260111+00:00
Ivanna,film Ivanna,2020-01-01 2024-12-31,2021-09-26,0,35,2026-10-06T05:31:59.260111+00:00
Ivanna,film Ivanna,2020-01-01 2024-12-31,2021-10-03,0,37,2026-10-06T05:31:59.260111+00:00
Ivanna,film Ivanna,2020-01-01 2024-12-31,2021-10-10,0,39,2026-10-06T05:31:59.260111+00:00
Ivanna,film Ivanna,2020-01-01 2024-12-31,2021-10-17,0,43,2026-10-06T05:31:59.260111+00:00
Ivanna,film Ivanna,2020-01-01 2024-12-31,2021-10-24,0,40,2026-10-06T05:31:59.260111+00:00
Ivanna,film Ivanna,2020-01-01 2024-12-31,2021-10-31,0,50,2026-10-06T05:31:59.260111+00:00
Ivanna,film Ivanna,2020-01-01 2024-12-31,2021-11-07,0,46,2026-10-06T05:31:59.260111+00:00
Ivanna,film Ivanna,2020-01-01 2024-12-31,2021-11-14,0,52,2026-10-06T05:31:59.260111+00:00
Ivanna,film Ivanna,2020-01-01 2024-12-31,2021-11-21,0,50,2026-10-06T05:31:59.260111+00:00
Ivanna,film Ivanna,2020-01-01 2024-12-31,2021-11-28,0,40,2026-10-06T05:31:59.260111+00:00
Ivanna,film Ivanna,2020-01-01 2024-12-31,2021-12-05,0,45,2026-10-06T05:31:59.260111+00:00
Ivanna,film Ivanna,2020-01-01 2024-12-31,2021-12-12,0,49,2026-10-06T05:31:59.260111+00:00
Ivanna,film Ivanna,2020-01-01 2024-12-31,2021-12-19,0,59,2026-10-06T05:31:59.260111+00:00
Ivanna,film Ivanna,2020-01-01 2024-12-31,2021-12-26,0,79,2026-10-06T05:31:59.260111+00:00
Ivanna,film Ivanna,2020-01-01 2024-12-31,2022-01-02,0,62,2026-10-06T05:31:59.260111+00:00
Ivanna,film Ivanna,2020-01-01 2024-12-31,2022-01-09,0,66,2026-10-06T05:31:59.260111+00:00
Ivanna,film Ivanna,2020-01-01 2024-12-31,2022-01-16,0,49,2026-10-06T05:31:59.260111+00:00
Ivanna,film Ivanna,2020-01-01 2024-12-31,2022-01-23,0,51,2026-10-06T05:31:59.260111+00:00
Ivanna,film Ivanna,2020-01-01 2024-12-31,2022-01-30,0,50,2026-10-06T05:31:59.260111+00:00
Ivanna,film Ivanna,2020-01-01 2024-12-31,2022-02-06,0,49,2026-10-06T05:31:59.260111+00:00
Ivanna,film Ivanna,2020-01-01 2024-12-31,2022-02-13,0,54,2026-10-06T05:31:59.260111+00:00
Ivanna,film Ivanna,2020-01-01 2024-12-31,2022-02-20,0,47,2026-10-06T05:31:59.260111+00:00
Ivanna,film Ivanna,2020-01-01 2024-12-31,2022-02-27,0,55,2026-10-06T05:31:59.260111+00:00
Ivanna,film Ivanna,2020-01-01 2024-12-31,2022-03-06,0,41,2026-10-06T05:31:59.260111+00:00
Ivanna,film Ivanna,2020-01-01 2024-12-31,2022-03-13,0,43,2026-10-06T05:31:59.260111+00:00
Ivanna,film Ivanna,2020-01-01 2024-12-31,2022-03-20,0,46,2026-10-06T05:31:59.260111+00:00
Ivanna,film Ivanna,2020-01-01 2024-12-31,2022-03-27,0,43,2026-10-06T05:31:59.260111+00:00
Ivanna,film Ivanna,2020-01-01 2024-12-31,2022-04-03,0,45,2026-10-06T05:31:59.260111+00:00
Ivanna,film Ivanna,2020-01-01 2024-12-31,2022-04-10,0,47,2026-10-06T05:31:59.260111+00:00
Ivanna,film Ivanna,2020-01-01 2024-12-31,2022-04-17,0,51,2026-10-06T05:31:59.260111+00:00
Ivanna,film Ivanna,2020-01-01 2024-12-31,2022-04-24,1,55,2026-10-06T05:31:59.260111+00:00
Ivanna,film Ivanna,2020-01-01 2024-12-31,2022-05-01,3,97,2026-10-06T05:31:59.260111+00:00
Ivanna,film Ivanna,2020-01-01 2024-12-31,2022-05-08,3,75,2026-10-06T05:31:59.260111+00:00
Ivanna,film Ivanna,2020-01-01 2024-12-31,2022-05-15,2,62,2026-10-06T05:31:59.260111+00:00
Ivanna,film Ivanna,2020-01-01 2024-12-31,2022-05-22,1,58,2026-10-06T05:31:59.260111+00:00
Ivanna,film Ivanna,2020-01-01 2024-12-31,2022-05-29,1,53,2026-10-06T05:31:59.260111+00:00
Ivanna,film Ivanna,2020-01-01 2024-12-31,2022-06-05,2,48,2026-10-06T05:31:59.260111+00:00
Ivanna,film Ivanna,2020-01-01 2024-12-31,2022-06-12,2,50,2026-10-06T05:31:59.260111+00:00
Ivanna,film Ivanna,2020-01-01 2024-12-31,2022-06-19,2,59,2026-10-06T05:31:59.260111+00:00
Ivanna,film Ivanna,2020-01-01 2024-12-31,2022-06-26,3,56,2026-10-06T05:31:59.260111+00:00
Ivanna,film Ivanna,2020-01-01 2024-12-31,2022-07-03,5,54,2026-10-06T05:31:59.260111+00:00
Ivanna,film Ivanna,2020-01-01 2024-12-31,2022-07-10,34,59,2026-10-06T05:31:59.260111+00:00
Ivanna,film Ivanna,2020-01-01 2024-12-31,2022-07-17,51,54,2026-10-06T05:31:59.260111+00:00
Ivanna,film Ivanna,2020-01-01 2024-12-31,2022-07-24,25,47,2026-10-06T05:31:59.260111+00:00
Ivanna,film Ivanna,2020-01-01 2024-12-31,2022-07-31,17,54,2026-10-06T05:31:59.260111+00:00
Ivanna,film Ivanna,2020-01-01 2024-12-31,2022-08-07,11,52,2026-10-06T05:31:59.260111+00:00
Ivanna,film Ivanna,2020-01-01 2024-12-31,2022-08-14,8,54,2026-10-06T05:31:59.260111+00:00
Ivanna,film Ivanna,2020-01-01 2024-12-31,2022-08-21,4,48,2026-10-06T05:31:59.260111+00:00
Ivanna,film Ivanna,2020-01-01 2024-12-31,2022-08-28,5,46,2026-10-06T05:31:59.260111+00:00
Ivanna,film Ivanna,2020-01-01 2024-12-31,2022-09-04,5,47,2026-10-06T05:31:59.260111+00:00
Ivanna,film Ivanna,2020-01-01 2024-12-31,2022-09-11,4,42,2026-10-06T05:31:59.260111+00:00
Ivanna,film Ivanna,2020-01-01 2024-12-31,2022-09-18,3,42,2026-10-06T05:31:59.260111+00:00
Ivanna,film Ivanna,2020-01-01 2024-12-31,2022-09-25,3,41,2026-10-06T05:31:59.260111+00:00
Ivanna,film Ivanna,2020-01-01 2024-12-31,2022-10-02,3,46,2026-10-06T05:31:59.260111+00:00
Ivanna,film Ivanna,2020-01-01 2024-12-31,2022-10-09,3,54,2026-10-06T05:31:59.260111+00:00
Ivanna,film Ivanna,2020-01-01 2024-12-31,2022-10-16,3,53,2026-10-06T05:31:59.260111+00:00
Ivanna,film Ivanna,2020-01-01 2024-12-31,2022-10-23,2,48,2026-10-06T05:31:59.260111+00:00
Ivanna,film Ivanna,2020-01-01 2024-12-31,2022-10-30,3,50,2026-10-06T05:31:59.260111+00:00
Ivanna,film Ivanna,2020-01-01 2024-12-31,2022-11-06,3,52,2026-10-06T05:31:59.260111+00:00
Ivanna,film Ivanna,2020-01-01 2024-12-31,2022-11-13,3,53,2026-10-06T05:31:59.260111+00:00
Ivanna,film Ivanna,2020-01-01 2024-12-31,2022-11-20,2,44,2026-10-06T05:31:59.260111+00:00
Ivanna,film Ivanna,2020-01-01 2024-12-31,2022-11-27,4,43,2026-10-06T05:31:59.260111+00:00
Ivanna,film Ivanna,2020-01-01 2024-12-31,2022-12-04,4,41,2026-10-06T05:31:59.260111+00:00
Ivanna,film Ivanna,2020-01-01 2024-12-31,2022-12-11,4,52,2026-10-06T05:31:59.260111+00:00
Ivanna,film Ivanna,2020-01-01 2024-12-31,2022-12-18,5,58,2026-10-06T05:31:59.260111+00:00
Ivanna,film Ivanna,2020-01-01 2024-12-31,2022-12-25,5,100,2026-10-06T05:31:59.260111+00:00
Ivanna,film Ivanna,2020-01-01 2024-12-31,2023-01-01,4,63,2026-10-06T05:31:59.260111+00:00
Ivanna,film Ivanna,2020-01-01 2024-12-31,2023-01-08,3,50,2026-10-06T05:31:59.260111+00:00
Ivanna,film Ivanna,2020-01-01 2024-12-31,2023-01-15,3,48,2026-10-06T05:31:59.260111+00:00
Ivanna,film Ivanna,2020-01-01 2024-12-31,2023-01-22,3,55,2026-10-06T05:31:59.260111+00:00
Ivanna,film Ivanna,2020-01-01 2024-12-31,2023-01-29,3,48,2026-10-06T05:31:59.260111+00:00
Ivanna,film Ivanna,2020-01-01 2024-12-31,2023-02-05,3,51,2026-10-06T05:31:59.260111+00:00
Ivanna,film Ivanna,2020-01-01 2024-12-31,2023-02-12,2,55,2026-10-06T05:31:59.260111+00:00
Ivanna,film Ivanna,2020-01-01 2024-12-31,2023-02-19,2,50,2026-10-06T05:31:59.260111+00:00
Ivanna,film Ivanna,2020-01-01 2024-12-31,2023-02-26,2,50,2026-10-06T05:31:59.260111+00:00
Ivanna,film Ivanna,2020-01-01 2024-12-31,2023-03-05,1,46,2026-10-06T05:31:59.260111+00:00
Ivanna,film Ivanna,2020-01-01 2024-12-31,2023-03-12,1,46,2026-10-06T05:31:59.260111+00:00
Ivanna,film Ivanna,2020-01-01 2024-12-31,2023-03-19,2,56,2026-10-06T05:31:59.260111+00:00
Ivanna,film Ivanna,2020-01-01 2024-12-31,2023-03-26,1,46,2026-10-06T05:31:59.260111+00:00
Ivanna,film Ivanna,2020-01-01 2024-12-31,2023-04-02,2,45,2026-10-06T05:31:59.260111+00:00
Ivanna,film Ivanna,2020-01-01 2024-12-31,2023-04-09,1,46,2026-10-06T05:31:59.260111+00:00
Ivanna,film Ivanna,2020-01-01 2024-12-31,2023-04-16,1,59,2026-10-06T05:31:59.260111+00:00
Ivanna,film Ivanna,2020-01-01 2024-12-31,2023-04-23,2,83,2026-10-06T05:31:59.260111+00:00
Ivanna,film Ivanna,2020-01-01 2024-12-31,2023-04-30,1,69,2026-10-06T05:31:59.260111+00:00
Ivanna,film Ivanna,2020-01-01 2024-12-31,2023-05-07,1,57,2026-10-06T05:31:59.260111+00:00
Ivanna,film Ivanna,2020-01-01 2024-12-31,2023-05-14,1,61,2026-10-06T05:31:59.260111+00:00
Ivanna,film Ivanna,2020-01-01 2024-12-31,2023-05-21,1,58,2026-10-06T05:31:59.260111+00:00
Ivanna,film Ivanna,2020-01-01 2024-12-31,2023-05-28,1,54,2026-10-06T05:31:59.260111+00:00
Ivanna,film Ivanna,2020-01-01 2024-12-31,2023-06-04,1,48,2026-10-06T05:31:59.260111+00:00
Ivanna,film Ivanna,2020-01-01 2024-12-31,2023-06-11,1,50,2026-10-06T05:31:59.260111+00:00
Ivanna,film Ivanna,2020-01-01 2024-12-31,2023-06-18,1,55,2026-10-06T05:31:59.260111+00:00
Ivanna,film Ivanna,2020-01-01 2024-12-31,2023-06-25,1,64,2026-10-06T05:31:59.260111+00:00
Ivanna,film Ivanna,2020-01-01 2024-12-31,2023-07-02,1,59,2026-10-06T05:31:59.260111+00:00
Ivanna,film Ivanna,2020-01-01 2024-12-31,2023-07-09,1,59,2026-10-06T05:31:59.260111+00:00
Ivanna,film Ivanna,2020-01-01 2024-12-31,2023-07-16,1,59,2026-10-06T05:31:59.260111+00:00
Ivanna,film Ivanna,2020-01-01 2024-12-31,2023-07-23,1,50,2026-10-06T05:31:59.260111+00:00
Ivanna,film Ivanna,2020-01-01 2024-12-31,2023-07-30,1,47,2026-10-06T05:31:59.260111+00:00
Ivanna,film Ivanna,2020-01-01 2024-12-31,2023-08-06,1,51,2026-10-06T05:31:59.260111+00:00
Ivanna,film Ivanna,2020-01-01 2024-12-31,2023-08-13,1,53,2026-10-06T05:31:59.260111+00:00
Ivanna,film Ivanna,2020-01-01 2024-12-31,2023-08-20,1,48,2026-10-06T05:31:59.260111+00:00
Ivanna,film Ivanna,2020-01-01 2024-12-31,2023-08-27,1,50,2026-10-06T05:31:59.260111+00:00
Ivanna,film Ivanna,2020-01-01 2024-12-31,2023-09-03,1,55,2026-10-06T05:31:59.260111+00:00
Ivanna,film Ivanna,2020-01-01 2024-12-31,2023-09-10,1,50,2026-10-06T05:31:59.260111+00:00
Ivanna,film Ivanna,2020-01-01 2024-12-31,2023-09-17,1,52,2026-10-06T05:31:59.260111+00:00
Ivanna,film Ivanna,2020-01-01 2024-12-31,2023-09-24,1,53,2026-10-06T05:31:59.260111+00:00
Ivanna,film Ivanna,2020-01-01 2024-12-31,2023-10-01,1,57,2026-10-06T05:31:59.260111+00:00
Ivanna,film Ivanna,2020-01-01 2024-12-31,2023-10-08,1,58,2026-10-06T05:31:59.260111+00:00
Ivanna,film Ivanna,2020-01-01 2024-12-31,2023-10-15,1,55,2026-10-06T05:31:59.260111+00:00
Ivanna,film Ivanna,2020-01-01 2024-12-31,2023-10-22,1,57,2026-10-06T05:31:59.260111+00:00
Ivanna,film Ivanna,2020-01-01 2024-12-31,2023-10-29,1,56,2026-10-06T05:31:59.260111+00:00
Ivanna,film Ivanna,2020-01-01 2024-12-31,2023-11-05,1,52,2026-10-06T05:31:59.260111+00:00
Ivanna,film Ivanna,2020-01-01 2024-12-31,2023-11-12,0,54,2026-10-06T05:31:59.260111+00:00
Ivanna,film Ivanna,2020-01-01 2024-12-31,2023-11-19,0,52,2026-10-06T05:31:59.260111+00:00
Ivanna,film Ivanna,2020-01-01 2024-12-31,2023-11-26,0,49,2026-10-06T05:31:59.260111+00:00
Ivanna,film Ivanna,2020-01-01 2024-12-31,2023-12-03,0,50,2026-10-06T05:31:59.260111+00:00
Ivanna,film Ivanna,2020-01-01 2024-12-31,2023-12-10,1,58,2026-10-06T05:31:59.260111+00:00
Ivanna,film Ivanna,2020-01-01 2024-12-31,2023-12-17,1,60,2026-10-06T05:31:59.260111+00:00
Ivanna,film Ivanna,2020-01-01 2024-12-31,2023-12-24,1,88,2026-10-06T05:31:59.260111+00:00
Ivanna,film Ivanna,2020-01-01 2024-12-31,2023-12-31,1,67,2026-10-06T05:31:59.260111+00:00
Ivanna,film Ivanna,2020-01-01 2024-12-31,2024-01-07,0,51,2026-10-06T05:31:59.260111+00:00
Ivanna,film Ivanna,2020-01-01 2024-12-31,2024-01-14,0,49,2026-10-06T05:31:59.260111+00:00
Ivanna,film Ivanna,2020-01-01 2024-12-31,2024-01-21,0,48,2026-10-06T05:31:59.260111+00:00
Ivanna,film Ivanna,2020-01-01 2024-12-31,2024-01-28,0,53,2026-10-06T05:31:59.260111+00:00
Ivanna,film Ivanna,2020-01-01 2024-12-31,2024-02-04,1,57,2026-10-06T05:31:59.260111+00:00
Ivanna,film Ivanna,2020-01-01 2024-12-31,2024-02-11,0,53,2026-10-06T05:31:59.260111+00:00
Ivanna,film Ivanna,2020-01-01 2024-12-31,2024-02-18,1,49,2026-10-06T05:31:59.260111+00:00
Ivanna,film Ivanna,2020-01-01 2024-12-31,2024-02-25,0,54,2026-10-06T05:31:59.260111+00:00
Ivanna,film Ivanna,2020-01-01 2024-12-31,2024-03-03,0,51,2026-10-06T05:31:59.260111+00:00
Ivanna,film Ivanna,2020-01-01 2024-12-31,2024-03-10,0,56,2026-10-06T05:31:59.260111+00:00
Ivanna,film Ivanna,2020-01-01 2024-12-31,2024-03-17,0,47,2026-10-06T05:31:59.260111+00:00
Ivanna,film Ivanna,2020-01-01 2024-12-31,2024-03-24,1,51,2026-10-06T05:31:59.260111+00:00
Ivanna,film Ivanna,2020-01-01 2024-12-31,2024-03-31,0,47,2026-10-06T05:31:59.260111+00:00
Ivanna,film Ivanna,2020-01-01 2024-12-31,2024-04-07,1,69,2026-10-06T05:31:59.260111+00:00
Ivanna,film Ivanna,2020-01-01 2024-12-31,2024-04-14,1,60,2026-10-06T05:31:59.260111+00:00
Ivanna,film Ivanna,2020-01-01 2024-12-31,2024-04-21,0,48,2026-10-06T05:31:59.260111+00:00
Ivanna,film Ivanna,2020-01-01 2024-12-31,2024-04-28,0,46,2026-10-06T05:31:59.260111+00:00
Ivanna,film Ivanna,2020-01-01 2024-12-31,2024-05-05,1,53,2026-10-06T05:31:59.260111+00:00
Ivanna,film Ivanna,2020-01-01 2024-12-31,2024-05-12,0,54,2026-10-06T05:31:59.260111+00:00
Ivanna,film Ivanna,2020-01-01 2024-12-31,2024-05-19,1,51,2026-10-06T05:31:59.260111+00:00
Ivanna,film Ivanna,2020-01-01 2024-12-31,2024-05-26,0,41,2026-10-06T05:31:59.260111+00:00
Ivanna,film Ivanna,2020-01-01 2024-12-31,2024-06-02,0,36,2026-10-06T05:31:59.260111+00:00
Ivanna,film Ivanna,2020-01-01 2024-12-31,2024-06-09,1,41,2026-10-06T05:31:59.260111+00:00
Ivanna,film Ivanna,2020-01-01 2024-12-31,2024-06-16,0,51,2026-10-06T05:31:59.260111+00:00
Ivanna,film Ivanna,2020-01-01 2024-12-31,2024-06-23,0,48,2026-10-06T05:31:59.260111+00:00
Ivanna,film Ivanna,2020-01-01 2024-12-31,2024-06-30,0,53,2026-10-06T05:31:59.260111+00:00
Ivanna,film Ivanna,2020-01-01 2024-12-31,2024-07-07,0,52,2026-10-06T05:31:59.260111+00:00
Ivanna,film Ivanna,2020-01-01 2024-12-31,2024-07-14,0,50,2026-10-06T05:31:59.260111+00:00
Ivanna,film Ivanna,2020-01-01 2024-12-31,2024-07-21,0,51,2026-10-06T05:31:59.260111+00:00
Ivanna,film Ivanna,2020-01-01 2024-12-31,2024-07-28,0,50,2026-10-06T05:31:59.260111+00:00
Ivanna,film Ivanna,2020-01-01 2024-12-31,2024-08-04,0,46,2026-10-06T05:31:59.260111+00:00
Ivanna,film Ivanna,2020-01-01 2024-12-31,2024-08-11,0,51,2026-10-06T05:31:59.260111+00:00
Ivanna,film Ivanna,2020-01-01 2024-12-31,2024-08-18,0,48,2026-10-06T05:31:59.260111+00:00
Ivanna,film Ivanna,2020-01-01 2024-12-31,2024-08-25,0,48,2026-10-06T05:31:59.260111+00:00
Ivanna,film Ivanna,2020-01-01 2024-12-31,2024-09-01,0,45,2026-10-06T05:31:59.260111+00:00
Ivanna,film Ivanna,2020-01-01 2024-12-31,2024-09-08,0,50,2026-10-06T05:31:59.260111+00:00
Ivanna,film Ivanna,2020-01-01 2024-12-31,2024-09-15,0,57,2026-10-06T05:31:59.260111+00:00
Ivanna,film Ivanna,2020-01-01 2024-12-31,2024-09-22,1,54,2026-10-06T05:31:59.260111+00:00
Ivanna,film Ivanna,2020-01-01 2024-12-31,2024-09-29,0,54,2026-10-06T05:31:59.260111+00:00
Ivanna,film Ivanna,2020-01-01 2024-12-31,2024-10-06,0,52,2026-10-06T05:31:59.260111+00:00
Ivanna,film Ivanna,2020-01-01 2024-12-31,2024-10-13,0,50,2026-10-06T05:31:59.260111+00:00
Ivanna,film Ivanna,2020-01-01 2024-12-31,2024-10-20,0,50,2026-10-06T05:31:59.260111+00:00
Ivanna,film Ivanna,2020-01-01 2024-12-31,2024-10-27,0,50,2026-10-06T05:31:59.260111+00:00
Ivanna,film Ivanna,2020-01-01 2024-12-31,2024-11-03,1,61,2026-10-06T05:31:59.260111+00:00
Ivanna,film Ivanna,2020-01-01 2024-12-31,2024-11-10,0,56,2026-10-06T05:31:59.260111+00:00
Ivanna,film Ivanna,2020-01-01 2024-12-31,2024-11-17,0,61,2026-10-06T05:31:59.260111+00:00
Ivanna,film Ivanna,2020-01-01 2024-12-31,2024-11-24,0,59,2026-10-06T05:31:59.260111+00:00
Ivanna,film Ivanna,2020-01-01 2024-12-31,2024-12-01,0,52,2026-10-06T05:31:59.260111+00:00
Ivanna,film Ivanna,2020-01-01 2024-12-31,2024-12-08,0,56,2026-10-06T05:31:59.260111+00:00
Ivanna,film Ivanna,2020-01-01 2024-12-31,2024-12-15,0,65,2026-10-06T05:31:59.260111+00:00
Ivanna,film Ivanna,2020-01-01 2024-12-31,2024-12-22,2,77,2026-10-06T05:31:59.260111+00:00
Ivanna,film Ivanna,2020-01-01 2024-12-31,2024-12-29,1,79,2026-10-06T05:31:59.260111+00:00
Ivanna,film Ivanna,2022-01-01 2026-10-06,2021-12-26,0,73,2026-10-06T05:33:34.688520+00:00
Ivanna,film Ivanna,2022-01-01 2026-10-06,2022-01-02,0,57,2026-10-06T05:33:34.688520+00:00
Ivanna,film Ivanna,2022-01-01 2026-10-06,2022-01-09,0,61,2026-10-06T05:33:34.688520+00:00
Ivanna,film Ivanna,2022-01-01 2026-10-06,2022-01-16,0,46,2026-10-06T05:33:34.688520+00:00
Ivanna,film Ivanna,2022-01-01 2026-10-06,2022-01-23,0,47,2026-10-06T05:33:34.688520+00:00
Ivanna,film Ivanna,2022-01-01 2026-10-06,2022-01-30,0,46,2026-10-06T05:33:34.688520+00:00
Ivanna,film Ivanna,2022-01-01 2026-10-06,2022-02-06,0,46,2026-10-06T05:33:34.688520+00:00
Ivanna,film Ivanna,2022-01-01 2026-10-06,2022-02-13,0,50,2026-10-06T05:33:34.688520+00:00
Ivanna,film Ivanna,2022-01-01 2026-10-06,2022-02-20,0,44,2026-10-06T05:33:34.688520+00:00
Ivanna,film Ivanna,2022-01-01 2026-10-06,2022-02-27,0,51,2026-10-06T05:33:34.688520+00:00
Ivanna,film Ivanna,2022-01-01 2026-10-06,2022-03-06,0,38,2026-10-06T05:33:34.688520+00:00
Ivanna,film Ivanna,2022-01-01 2026-10-06,2022-03-13,0,40,2026-10-06T05:33:34.688520+00:00
Ivanna,film Ivanna,2022-01-01 2026-10-06,2022-03-20,0,42,2026-10-06T05:33:34.688520+00:00
Ivanna,film Ivanna,2022-01-01 2026-10-06,2022-03-27,0,40,2026-10-06T05:33:34.688520+00:00
Ivanna,film Ivanna,2022-01-01 2026-10-06,2022-04-03,0,42,2026-10-06T05:33:34.688520+00:00
Ivanna,film Ivanna,2022-01-01 2026-10-06,2022-04-10,0,43,2026-10-06T05:33:34.688520+00:00
Ivanna,film Ivanna,2022-01-01 2026-10-06,2022-04-17,0,47,2026-10-06T05:33:34.688520+00:00
Ivanna,film Ivanna,2022-01-01 2026-10-06,2022-04-24,1,51,2026-10-06T05:33:34.688520+00:00
Ivanna,film Ivanna,2022-01-01 2026-10-06,2022-05-01,3,90,2026-10-06T05:33:34.688520+00:00
Ivanna,film Ivanna,2022-01-01 2026-10-06,2022-05-08,3,69,2026-10-06T05:33:34.688520+00:00
Ivanna,film Ivanna,2022-01-01 2026-10-06,2022-05-15,2,57,2026-10-06T05:33:34.688520+00:00
Ivanna,film Ivanna,2022-01-01 2026-10-06,2022-05-22,1,53,2026-10-06T05:33:34.688520+00:00
Ivanna,film Ivanna,2022-01-01 2026-10-06,2022-05-29,1,49,2026-10-06T05:33:34.688520+00:00
Ivanna,film Ivanna,2022-01-01 2026-10-06,2022-06-05,2,44,2026-10-06T05:33:34.688520+00:00
Ivanna,film Ivanna,2022-01-01 2026-10-06,2022-06-12,2,46,2026-10-06T05:33:34.688520+00:00
Ivanna,film Ivanna,2022-01-01 2026-10-06,2022-06-19,2,54,2026-10-06T05:33:34.688520+00:00
Ivanna,film Ivanna,2022-01-01 2026-10-06,2022-06-26,2,52,2026-10-06T05:33:34.688520+00:00
Ivanna,film Ivanna,2022-01-01 2026-10-06,2022-07-03,4,50,2026-10-06T05:33:34.688520+00:00
Ivanna,film Ivanna,2022-01-01 2026-10-06,2022-07-10,32,55,2026-10-06T05:33:34.688520+00:00
Ivanna,film Ivanna,2022-01-01 2026-10-06,2022-07-17,47,50,2026-10-06T05:33:34.688520+00:00
Ivanna,film Ivanna,2022-01-01 2026-10-06,2022-07-24,23,44,2026-10-06T05:33:34.688520+00:00
Ivanna,film Ivanna,2022-01-01 2026-10-06,2022-07-31,16,50,2026-10-06T05:33:34.688520+00:00
Ivanna,film Ivanna,2022-01-01 2026-10-06,2022-08-07,11,48,2026-10-06T05:33:34.688520+00:00
Ivanna,film Ivanna,2022-01-01 2026-10-06,2022-08-14,8,50,2026-10-06T05:33:34.688520+00:00
Ivanna,film Ivanna,2022-01-01 2026-10-06,2022-08-21,4,44,2026-10-06T05:33:34.688520+00:00
Ivanna,film Ivanna,2022-01-01 2026-10-06,2022-08-28,4,42,2026-10-06T05:33:34.688520+00:00
Ivanna,film Ivanna,2022-01-01 2026-10-06,2022-09-04,5,43,2026-10-06T05:33:34.688520+00:00
Ivanna,film Ivanna,2022-01-01 2026-10-06,2022-09-11,3,39,2026-10-06T05:33:34.688520+00:00
Ivanna,film Ivanna,2022-01-01 2026-10-06,2022-09-18,3,39,2026-10-06T05:33:34.688520+00:00
Ivanna,film Ivanna,2022-01-01 2026-10-06,2022-09-25,3,38,2026-10-06T05:33:34.688520+00:00
Ivanna,film Ivanna,2022-01-01 2026-10-06,2022-10-02,3,43,2026-10-06T05:33:34.688520+00:00
Ivanna,film Ivanna,2022-01-01 2026-10-06,2022-10-09,3,50,2026-10-06T05:33:34.688520+00:00
Ivanna,film Ivanna,2022-01-01 2026-10-06,2022-10-16,3,49,2026-10-06T05:33:34.688520+00:00
Ivanna,film Ivanna,2022-01-01 2026-10-06,2022-10-23,2,45,2026-10-06T05:33:34.688520+00:00
Ivanna,film Ivanna,2022-01-01 2026-10-06,2022-10-30,3,46,2026-10-06T05:33:34.688520+00:00
Ivanna,film Ivanna,2022-01-01 2026-10-06,2022-11-06,3,48,2026-10-06T05:33:34.688520+00:00
Ivanna,film Ivanna,2022-01-01 2026-10-06,2022-11-13,2,49,2026-10-06T05:33:34.688520+00:00
Ivanna,film Ivanna,2022-01-01 2026-10-06,2022-11-20,2,41,2026-10-06T05:33:34.688520+00:00
Ivanna,film Ivanna,2022-01-01 2026-10-06,2022-11-27,4,40,2026-10-06T05:33:34.688520+00:00
Ivanna,film Ivanna,2022-01-01 2026-10-06,2022-12-04,4,38,2026-10-06T05:33:34.688520+00:00
Ivanna,film Ivanna,2022-01-01 2026-10-06,2022-12-11,4,48,2026-10-06T05:33:34.688520+00:00
Ivanna,film Ivanna,2022-01-01 2026-10-06,2022-12-18,5,53,2026-10-06T05:33:34.688520+00:00
Ivanna,film Ivanna,2022-01-01 2026-10-06,2022-12-25,5,92,2026-10-06T05:33:34.688520+00:00
Ivanna,film Ivanna,2022-01-01 2026-10-06,2023-01-01,3,58,2026-10-06T05:33:34.688520+00:00
Ivanna,film Ivanna,2022-01-01 2026-10-06,2023-01-08,3,46,2026-10-06T05:33:34.688520+00:00
Ivanna,film Ivanna,2022-01-01 2026-10-06,2023-01-15,2,44,2026-10-06T05:33:34.688520+00:00
Ivanna,film Ivanna,2022-01-01 2026-10-06,2023-01-22,3,51,2026-10-06T05:33:34.688520+00:00
Ivanna,film Ivanna,2022-01-01 2026-10-06,2023-01-29,2,44,2026-10-06T05:33:34.688520+00:00
Ivanna,film Ivanna,2022-01-01 2026-10-06,2023-02-05,2,47,2026-10-06T05:33:34.688520+00:00
Ivanna,film Ivanna,2022-01-01 2026-10-06,2023-02-12,2,51,2026-10-06T05:33:34.688520+00:00
Ivanna,film Ivanna,2022-01-01 2026-10-06,2023-02-19,2,46,2026-10-06T05:33:34.688520+00:00
Ivanna,film Ivanna,2022-01-01 2026-10-06,2023-02-26,1,46,2026-10-06T05:33:34.688520+00:00
Ivanna,film Ivanna,2022-01-01 2026-10-06,2023-03-05,1,43,2026-10-06T05:33:34.688520+00:00
Ivanna,film Ivanna,2022-01-01 2026-10-06,2023-03-12,1,42,2026-10-06T05:33:34.688520+00:00
Ivanna,film Ivanna,2022-01-01 2026-10-06,2023-03-19,2,52,2026-10-06T05:33:34.688520+00:00
Ivanna,film Ivanna,2022-01-01 2026-10-06,2023-03-26,1,43,2026-10-06T05:33:34.688520+00:00
Ivanna,film Ivanna,2022-01-01 2026-10-06,2023-04-02,1,41,2026-10-06T05:33:34.688520+00:00
Ivanna,film Ivanna,2022-01-01 2026-10-06,2023-04-09,1,43,2026-10-06T05:33:34.688520+00:00
Ivanna,film Ivanna,2022-01-01 2026-10-06,2023-04-16,1,54,2026-10-06T05:33:34.688520+00:00
Ivanna,film Ivanna,2022-01-01 2026-10-06,2023-04-23,2,77,2026-10-06T05:33:34.688520+00:00
Ivanna,film Ivanna,2022-01-01 2026-10-06,2023-04-30,1,63,2026-10-06T05:33:34.688520+00:00
Ivanna,film Ivanna,2022-01-01 2026-10-06,2023-05-07,1,53,2026-10-06T05:33:34.688520+00:00
Ivanna,film Ivanna,2022-01-01 2026-10-06,2023-05-14,1,56,2026-10-06T05:33:34.688520+00:00
Ivanna,film Ivanna,2022-01-01 2026-10-06,2023-05-21,1,54,2026-10-06T05:33:34.688520+00:00
Ivanna,film Ivanna,2022-01-01 2026-10-06,2023-05-28,1,50,2026-10-06T05:33:34.688520+00:00
Ivanna,film Ivanna,2022-01-01 2026-10-06,2023-06-04,1,44,2026-10-06T05:33:34.688520+00:00
Ivanna,film Ivanna,2022-01-01 2026-10-06,2023-06-11,1,47,2026-10-06T05:33:34.688520+00:00
Ivanna,film Ivanna,2022-01-01 2026-10-06,2023-06-18,1,50,2026-10-06T05:33:34.688520+00:00
Ivanna,film Ivanna,2022-01-01 2026-10-06,2023-06-25,1,59,2026-10-06T05:33:34.688520+00:00
Ivanna,film Ivanna,2022-01-01 2026-10-06,2023-07-02,1,55,2026-10-06T05:33:34.688520+00:00
Ivanna,film Ivanna,2022-01-01 2026-10-06,2023-07-09,1,55,2026-10-06T05:33:34.688520+00:00
Ivanna,film Ivanna,2022-01-01 2026-10-06,2023-07-16,1,54,2026-10-06T05:33:34.688520+00:00
Ivanna,film Ivanna,2022-01-01 2026-10-06,2023-07-23,1,47,2026-10-06T05:33:34.688520+00:00
Ivanna,film Ivanna,2022-01-01 2026-10-06,2023-07-30,1,44,2026-10-06T05:33:34.688520+00:00
Ivanna,film Ivanna,2022-01-01 2026-10-06,2023-08-06,1,47,2026-10-06T05:33:34.688520+00:00
Ivanna,film Ivanna,2022-01-01 2026-10-06,2023-08-13,1,49,2026-10-06T05:33:34.688520+00:00
Ivanna,film Ivanna,2022-01-01 2026-10-06,2023-08-20,1,44,2026-10-06T05:33:34.688520+00:00
Ivanna,film Ivanna,2022-01-01 2026-10-06,2023-08-27,1,46,2026-10-06T05:33:34.688520+00:00
Ivanna,film Ivanna,2022-01-01 2026-10-06,2023-09-03,1,51,2026-10-06T05:33:34.688520+00:00
Ivanna,film Ivanna,2022-01-01 2026-10-06,2023-09-10,1,46,2026-10-06T05:33:34.688520+00:00
Ivanna,film Ivanna,2022-01-01 2026-10-06,2023-09-17,1,48,2026-10-06T05:33:34.688520+00:00
Ivanna,film Ivanna,2022-01-01 2026-10-06,2023-09-24,1,49,2026-10-06T05:33:34.688520+00:00
Ivanna,film Ivanna,2022-01-01 2026-10-06,2023-10-01,1,52,2026-10-06T05:33:34.688520+00:00
Ivanna,film Ivanna,2022-01-01 2026-10-06,2023-10-08,1,53,2026-10-06T05:33:34.688520+00:00
Ivanna,film Ivanna,2022-01-01 2026-10-06,2023-10-15,1,51,2026-10-06T05:33:34.688520+00:00
Ivanna,film Ivanna,2022-01-01 2026-10-06,2023-10-22,1,52,2026-10-06T05:33:34.688520+00:00
Ivanna,film Ivanna,2022-01-01 2026-10-06,2023-10-29,1,52,2026-10-06T05:33:34.688520+00:00
Ivanna,film Ivanna,2022-01-01 2026-10-06,2023-11-05,1,48,2026-10-06T05:33:34.688520+00:00
Ivanna,film Ivanna,2022-01-01 2026-10-06,2023-11-12,0,50,2026-10-06T05:33:34.688520+00:00
Ivanna,film Ivanna,2022-01-01 2026-10-06,2023-11-19,0,48,2026-10-06T05:33:34.688520+00:00
Ivanna,film Ivanna,2022-01-01 2026-10-06,2023-11-26,0,45,2026-10-06T05:33:34.688520+00:00
Ivanna,film Ivanna,2022-01-01 2026-10-06,2023-12-03,0,46,2026-10-06T05:33:34.688520+00:00
Ivanna,film Ivanna,2022-01-01 2026-10-06,2023-12-10,1,53,2026-10-06T05:33:34.688520+00:00
Ivanna,film Ivanna,2022-01-01 2026-10-06,2023-12-17,1,56,2026-10-06T05:33:34.688520+00:00
Ivanna,film Ivanna,2022-01-01 2026-10-06,2023-12-24,1,81,2026-10-06T05:33:34.688520+00:00
Ivanna,film Ivanna,2022-01-01 2026-10-06,2023-12-31,1,62,2026-10-06T05:33:34.688520+00:00
Ivanna,film Ivanna,2022-01-01 2026-10-06,2024-01-07,0,47,2026-10-06T05:33:34.688520+00:00
Ivanna,film Ivanna,2022-01-01 2026-10-06,2024-01-14,0,45,2026-10-06T05:33:34.688520+00:00
Ivanna,film Ivanna,2022-01-01 2026-10-06,2024-01-21,0,45,2026-10-06T05:33:34.688520+00:00
Ivanna,film Ivanna,2022-01-01 2026-10-06,2024-01-28,0,49,2026-10-06T05:33:34.688520+00:00
Ivanna,film Ivanna,2022-01-01 2026-10-06,2024-02-04,1,52,2026-10-06T05:33:34.688520+00:00
Ivanna,film Ivanna,2022-01-01 2026-10-06,2024-02-11,0,49,2026-10-06T05:33:34.688520+00:00
Ivanna,film Ivanna,2022-01-01 2026-10-06,2024-02-18,1,45,2026-10-06T05:33:34.688520+00:00
Ivanna,film Ivanna,2022-01-01 2026-10-06,2024-02-25,0,50,2026-10-06T05:33:34.688520+00:00
Ivanna,film Ivanna,2022-01-01 2026-10-06,2024-03-03,0,47,2026-10-06T05:33:34.688520+00:00
Ivanna,film Ivanna,2022-01-01 2026-10-06,2024-03-10,0,52,2026-10-06T05:33:34.688520+00:00
Ivanna,film Ivanna,2022-01-01 2026-10-06,2024-03-17,0,43,2026-10-06T05:33:34.688520+00:00
Ivanna,film Ivanna,2022-01-01 2026-10-06,2024-03-24,1,47,2026-10-06T05:33:34.688520+00:00
Ivanna,film Ivanna,2022-01-01 2026-10-06,2024-03-31,0,44,2026-10-06T05:33:34.688520+00:00
Ivanna,film Ivanna,2022-01-01 2026-10-06,2024-04-07,1,64,2026-10-06T05:33:34.688520+00:00
Ivanna,film Ivanna,2022-01-01 2026-10-06,2024-04-14,1,55,2026-10-06T05:33:34.688520+00:00
Ivanna,film Ivanna,2022-01-01 2026-10-06,2024-04-21,0,44,2026-10-06T05:33:34.688520+00:00
Ivanna,film Ivanna,2022-01-01 2026-10-06,2024-04-28,0,42,2026-10-06T05:33:34.688520+00:00
Ivanna,film Ivanna,2022-01-01 2026-10-06,2024-05-05,1,48,2026-10-06T05:33:34.688520+00:00
Ivanna,film Ivanna,2022-01-01 2026-10-06,2024-05-12,0,50,2026-10-06T05:33:34.688520+00:00
Ivanna,film Ivanna,2022-01-01 2026-10-06,2024-05-19,1,47,2026-10-06T05:33:34.688520+00:00
Ivanna,film Ivanna,2022-01-01 2026-10-06,2024-05-26,0,38,2026-10-06T05:33:34.688520+00:00
Ivanna,film Ivanna,2022-01-01 2026-10-06,2024-06-02,0,34,2026-10-06T05:33:34.688520+00:00
Ivanna,film Ivanna,2022-01-01 2026-10-06,2024-06-09,1,38,2026-10-06T05:33:34.688520+00:00
Ivanna,film Ivanna,2022-01-01 2026-10-06,2024-06-16,0,47,2026-10-06T05:33:34.688520+00:00
Ivanna,film Ivanna,2022-01-01 2026-10-06,2024-06-23,0,44,2026-10-06T05:33:34.688520+00:00
Ivanna,film Ivanna,2022-01-01 2026-10-06,2024-06-30,0,49,2026-10-06T05:33:34.688520+00:00
Ivanna,film Ivanna,2022-01-01 2026-10-06,2024-07-07,0,48,2026-10-06T05:33:34.688520+00:00
Ivanna,film Ivanna,2022-01-01 2026-10-06,2024-07-14,0,46,2026-10-06T05:33:34.688520+00:00
Ivanna,film Ivanna,2022-01-01 2026-10-06,2024-07-21,0,47,2026-10-06T05:33:34.688520+00:00
Ivanna,film Ivanna,2022-01-01 2026-10-06,2024-07-28,0,46,2026-10-06T05:33:34.688520+00:00
Ivanna,film Ivanna,2022-01-01 2026-10-06,2024-08-04,0,42,2026-10-06T05:33:34.688520+00:00
Ivanna,film Ivanna,2022-01-01 2026-10-06,2024-08-11,0,47,2026-10-06T05:33:34.688520+00:00
Ivanna,film Ivanna,2022-01-01 2026-10-06,2024-08-18,0,44,2026-10-06T05:33:34.688520+00:00
Ivanna,film Ivanna,2022-01-01 2026-10-06,2024-08-25,0,44,2026-10-06T05:33:34.688520+00:00
Ivanna,film Ivanna,2022-01-01 2026-10-06,2024-09-01,0,42,2026-10-06T05:33:34.688520+00:00
Ivanna,film Ivanna,2022-01-01 2026-10-06,2024-09-08,0,46,2026-10-06T05:33:34.688520+00:00
Ivanna,film Ivanna,2022-01-01 2026-10-06,2024-09-15,0,53,2026-10-06T05:33:34.688520+00:00
Ivanna,film Ivanna,2022-01-01 2026-10-06,2024-09-22,1,50,2026-10-06T05:33:34.688520+00:00
Ivanna,film Ivanna,2022-01-01 2026-10-06,2024-09-29,0,50,2026-10-06T05:33:34.688520+00:00
Ivanna,film Ivanna,2022-01-01 2026-10-06,2024-10-06,0,48,2026-10-06T05:33:34.688520+00:00
Ivanna,film Ivanna,2022-01-01 2026-10-06,2024-10-13,0,46,2026-10-06T05:33:34.688520+00:00
Ivanna,film Ivanna,2022-01-01 2026-10-06,2024-10-20,0,46,2026-10-06T05:33:34.688520+00:00
Ivanna,film Ivanna,2022-01-01 2026-10-06,2024-10-27,0,46,2026-10-06T05:33:34.688520+00:00
Ivanna,film Ivanna,2022-01-01 2026-10-06,2024-11-03,0,56,2026-10-06T05:33:34.688520+00:00
Ivanna,film Ivanna,2022-01-01 2026-10-06,2024-11-10,0,52,2026-10-06T05:33:34.688520+00:00
Ivanna,film Ivanna,2022-01-01 2026-10-06,2024-11-17,0,57,2026-10-06T05:33:34.688520+00:00
Ivanna,film Ivanna,2022-01-01 2026-10-06,2024-11-24,0,55,2026-10-06T05:33:34.688520+00:00
Ivanna,film Ivanna,2022-01-01 2026-10-06,2024-12-01,0,48,2026-10-06T05:33:34.688520+00:00
Ivanna,film Ivanna,2022-01-01 2026-10-06,2024-12-08,0,52,2026-10-06T05:33:34.688520+00:00
Ivanna,film Ivanna,2022-01-01 2026-10-06,2024-12-15,0,60,2026-10-06T05:33:34.688520+00:00
Ivanna,film Ivanna,2022-01-01 2026-10-06,2024-12-22,2,71,2026-10-06T05:33:34.688520+00:00
Ivanna,film Ivanna,2022-01-01 2026-10-06,2024-12-29,1,73,2026-10-06T05:33:34.688520+00:00
Ivanna,film Ivanna,2022-01-01 2026-10-06,2025-01-05,0,61,2026-10-06T05:33:34.688520+00:00
Ivanna,film Ivanna,2022-01-01 2026-10-06,2025-01-12,0,51,2026-10-06T05:33:34.688520+00:00
Ivanna,film Ivanna,2022-01-01 2026-10-06,2025-01-19,0,59,2026-10-06T05:33:34.688520+00:00
Ivanna,film Ivanna,2022-01-01 2026-10-06,2025-01-26,1,65,2026-10-06T05:33:34.688520+00:00
Ivanna,film Ivanna,2022-01-01 2026-10-06,2025-02-02,0,49,2026-10-06T05:33:34.688520+00:00
Ivanna,film Ivanna,2022-01-01 2026-10-06,2025-02-09,0,50,2026-10-06T05:33:34.688520+00:00
Ivanna,film Ivanna,2022-01-01 2026-10-06,2025-02-16,0,49,2026-10-06T05:33:34.688520+00:00
Ivanna,film Ivanna,2022-01-01 2026-10-06,2025-02-23,1,50,2026-10-06T05:33:34.688520+00:00
Ivanna,film Ivanna,2022-01-01 2026-10-06,2025-03-02,0,47,2026-10-06T05:33:34.688520+00:00
Ivanna,film Ivanna,2022-01-01 2026-10-06,2025-03-09,0,44,2026-10-06T05:33:34.688520+00:00
Ivanna,film Ivanna,2022-01-01 2026-10-06,2025-03-16,0,49,2026-10-06T05:33:34.688520+00:00
Ivanna,film Ivanna,2022-01-01 2026-10-06,2025-03-23,0,57,2026-10-06T05:33:34.688520+00:00
Ivanna,film Ivanna,2022-01-01 2026-10-06,2025-03-30,1,100,2026-10-06T05:33:34.688520+00:00
Ivanna,film Ivanna,2022-01-01 2026-10-06,2025-04-06,0,63,2026-10-06T05:33:34.688520+00:00
Ivanna,film Ivanna,2022-01-01 2026-10-06,2025-04-13,0,48,2026-10-06T05:33:34.688520+00:00
Ivanna,film Ivanna,2022-01-01 2026-10-06,2025-04-20,0,46,2026-10-06T05:33:34.688520+00:00
Ivanna,film Ivanna,2022-01-01 2026-10-06,2025-04-27,0,44,2026-10-06T05:33:34.688520+00:00
Ivanna,film Ivanna,2022-01-01 2026-10-06,2025-05-04,1,39,2026-10-06T05:33:34.688520+00:00
Ivanna,film Ivanna,2022-01-01 2026-10-06,2025-05-11,0,49,2026-10-06T05:33:34.688520+00:00
Ivanna,film Ivanna,2022-01-01 2026-10-06,2025-05-18,0,43,2026-10-06T05:33:34.688520+00:00
Ivanna,film Ivanna,2022-01-01 2026-10-06,2025-05-25,0,44,2026-10-06T05:33:34.688520+00:00
Ivanna,film Ivanna,2022-01-01 2026-10-06,2025-06-01,0,41,2026-10-06T05:33:34.688520+00:00
Ivanna,film Ivanna,2022-01-01 2026-10-06,2025-06-08,0,44,2026-10-06T05:33:34.688520+00:00
Ivanna,film Ivanna,2022-01-01 2026-10-06,2025-06-15,0,43,2026-10-06T05:33:34.688520+00:00
Ivanna,film Ivanna,2022-01-01 2026-10-06,2025-06-22,0,50,2026-10-06T05:33:34.688520+00:00
Ivanna,film Ivanna,2022-01-01 2026-10-06,2025-06-29,0,46,2026-10-06T05:33:34.688520+00:00
Ivanna,film Ivanna,2022-01-01 2026-10-06,2025-07-06,0,44,2026-10-06T05:33:34.688520+00:00
Ivanna,film Ivanna,2022-01-01 2026-10-06,2025-07-13,0,40,2026-10-06T05:33:34.688520+00:00
Ivanna,film Ivanna,2022-01-01 2026-10-06,2025-07-20,0,39,2026-10-06T05:33:34.688520+00:00
Ivanna,film Ivanna,2022-01-01 2026-10-06,2025-07-27,0,36,2026-10-06T05:33:34.688520+00:00
Ivanna,film Ivanna,2022-01-01 2026-10-06,2025-08-03,0,39,2026-10-06T05:33:34.688520+00:00
Ivanna,film Ivanna,2022-01-01 2026-10-06,2025-08-10,0,42,2026-10-06T05:33:34.688520+00:00
Ivanna,film Ivanna,2022-01-01 2026-10-06,2025-08-17,0,43,2026-10-06T05:33:34.688520+00:00
Ivanna,film Ivanna,2022-01-01 2026-10-06,2025-08-24,0,38,2026-10-06T05:33:34.688520+00:00
Ivanna,film Ivanna,2022-01-01 2026-10-06,2025-08-31,0,41,2026-10-06T05:33:34.688520+00:00
Ivanna,film Ivanna,2022-01-01 2026-10-06,2025-09-07,0,39,2026-10-06T05:33:34.688520+00:00
Ivanna,film Ivanna,2022-01-01 2026-10-06,2025-09-14,0,38,2026-10-06T05:33:34.688520+00:00
Ivanna,film Ivanna,2022-01-01 2026-10-06,2025-09-21,0,38,2026-10-06T05:33:34.688520+00:00
Ivanna,film Ivanna,2022-01-01 2026-10-06,2025-09-28,0,36,2026-10-06T05:33:34.688520+00:00
Ivanna,film Ivanna,2022-01-01 2026-10-06,2025-10-05,0,36,2026-10-06T05:33:34.688520+00:00
Ivanna,film Ivanna,2022-01-01 2026-10-06,2025-10-12,0,36,2026-10-06T05:33:34.688520+00:00
Ivanna,film Ivanna,2022-01-01 2026-10-06,2025-10-19,0,38,2026-10-06T05:33:34.688520+00:00
Ivanna,film Ivanna,2022-01-01 2026-10-06,2025-10-26,0,42,2026-10-06T05:33:34.688520+00:00
Ivanna,film Ivanna,2022-01-01 2026-10-06,2025-11-02,0,39,2026-10-06T05:33:34.688520+00:00
Ivanna,film Ivanna,2022-01-01 2026-10-06,2025-11-09,0,37,2026-10-06T05:33:34.688520+00:00
Ivanna,film Ivanna,2022-01-01 2026-10-06,2025-11-16,0,38,2026-10-06T05:33:34.688520+00:00
Ivanna,film Ivanna,2022-01-01 2026-10-06,2025-11-23,0,34,2026-10-06T05:33:34.688520+00:00
Ivanna,film Ivanna,2022-01-01 2026-10-06,2025-11-30,0,33,2026-10-06T05:33:34.688520+00:00
Ivanna,film Ivanna,2022-01-01 2026-10-06,2025-12-07,0,38,2026-10-06T05:33:34.688520+00:00
Ivanna,film Ivanna,2022-01-01 2026-10-06,2025-12-14,0,44,2026-10-06T05:33:34.688520+00:00
Ivanna,film Ivanna,2022-01-01 2026-10-06,2025-12-21,0,53,2026-10-06T05:33:34.688520+00:00
Ivanna,film Ivanna,2022-01-01 2026-10-06,2025-12-28,0,59,2026-10-06T05:33:34.688520+00:00
Ivanna,film Ivanna,2022-01-01 2026-10-06,2026-01-04,0,44,2026-10-06T05:33:34.688520+00:00
Ivanna,film Ivanna,2022-01-01 2026-10-06,2026-01-11,0,43,2026-10-06T05:33:34.688520+00:00
Ivanna,film Ivanna,2022-01-01 2026-10-06,2026-01-18,0,39,2026-10-06T05:33:34.688520+00:00
Ivanna,film Ivanna,2022-01-01 2026-10-06,2026-01-25,0,37,2026-10-06T05:33:34.688520+00:00
Ivanna,film Ivanna,2022-01-01 2026-10-06,2026-02-01,0,38,2026-10-06T05:33:34.688520+00:00
Ivanna,film Ivanna,2022-01-01 2026-10-06,2026-02-08,0,35,2026-10-06T05:33:34.688520+00:00
Ivanna,film Ivanna,2022-01-01 2026-10-06,2026-02-15,0,41,2026-10-06T05:33:34.688520+00:00
Ivanna,film Ivanna,2022-01-01 2026-10-06,2026-02-22,0,36,2026-10-06T05:33:34.688520+00:00
Ivanna,film Ivanna,2022-01-01 2026-10-06,2026-03-01,0,32,2026-10-06T05:33:34.688520+00:00
Ivanna,film Ivanna,2022-01-01 2026-10-06,2026-03-08,0,33,2026-10-06T05:33:34.688520+00:00
Ivanna,film Ivanna,2022-01-01 2026-10-06,2026-03-15,1,45,2026-10-06T05:33:34.688520+00:00
Ivanna,film Ivanna,2022-01-01 2026-10-06,2026-03-22,1,57,2026-10-06T05:33:34.688520+00:00
Ivanna,film Ivanna,2022-01-01 2026-10-06,2026-03-29,1,42,2026-10-06T05:33:34.688520+00:00
Ivanna,film Ivanna,2022-01-01 2026-10-06,2026-04-05,0,37,2026-10-06T05:33:34.688520+00:00
Ivanna,film Ivanna,2022-01-01 2026-10-06,2026-04-12,0,37,2026-10-06T05:33:34.688520+00:00
Ivanna,film Ivanna,2022-01-01 2026-10-06,2026-04-19,0,40,2026-10-06T05:33:34.688520+00:00
Ivanna,film Ivanna,2022-01-01 2026-10-06,2026-04-26,0,42,2026-10-06T05:33:34.688520+00:00
Ivanna,film Ivanna,2022-01-01 2026-10-06,2026-05-03,0,38,2026-10-06T05:33:34.688520+00:00
Ivanna,film Ivanna,2022-01-01 2026-10-06,2026-05-10,0,42,2026-10-06T05:33:34.688520+00:00
Ivanna,film Ivanna,2022-01-01 2026-10-06,2026-05-17,0,37,2026-10-06T05:33:34.688520+00:00
Ivanna,film Ivanna,2022-01-01 2026-10-06,2026-05-24,0,44,2026-10-06T05:33:34.688520+00:00
Ivanna,film Ivanna,2022-01-01 2026-10-06,2026-05-31,0,40,2026-10-06T05:33:34.688520+00:00
Ivanna,film Ivanna,2022-01-01 2026-10-06,2026-06-07,0,36,2026-10-06T05:33:34.688520+00:00
Ivanna,film Ivanna,2022-01-01 2026-10-06,2026-06-14,0,44,2026-10-06T05:33:34.688520+00:00
Ivanna,film Ivanna,2022-01-01 2026-10-06,2026-06-21,0,43,2026-10-06T05:33:34.688520+00:00
Ivanna,film Ivanna,2022-01-01 2026-10-06,2026-06-28,0,45,2026-10-06T05:33:34.688520+00:00
Ivanna,film Ivanna,2022-01-01 2026-10-06,2026-07-05,0,44,2026-10-06T05:33:34.688520+00:00
Ivanna,film Ivanna,2022-01-01 2026-10-06,2026-07-12,0,39,2026-10-06T05:33:34.688520+00:00
Ivanna,film Ivanna,2022-01-01 2026-10-06,2026-07-19,0,37,2026-10-06T05:33:34.688520+00:00
Ivanna,film Ivanna,2022-01-01 2026-10-06,2026-07-26,0,36,2026-10-06T05:33:34.688520+00:00
Ivanna,film Ivanna,2022-01-01 2026-10-06,2026-08-02,0,31,2026-10-06T05:33:34.688520+00:00
Ivanna,film Ivanna,2022-01-01 2026-10-06,2026-08-09,0,34,2026-10-06T05:33:34.688520+00:00
Ivanna,film Ivanna,2022-01-01 2026-10-06,2026-08-16,0,40,2026-10-06T05:33:34.688520+00:00
Ivanna,film Ivanna,2022-01-01 2026-10-06,2026-08-23,0,44,2026-10-06T05:33:34.688520+00:00
Ivanna,film Ivanna,2022-01-01 2026-10-06,2026-08-30,0,36,2026-10-06T05:33:34.688520+00:00
Ivanna,film Ivanna,2022-01-01 2026-10-06,2026-09-06,0,36,2026-10-06T05:33:34.688520+00:00
Ivanna,film Ivanna,2022-01-01 2026-10-06,2026-09-13,0,35,2026-10-06T05:33:34.688520+00:00
Ivanna,film Ivanna,2022-01-01 2026-10-06,2026-09-20,0,38,2026-10-06T05:33:34.688520+00:00
Ivanna,film Ivanna,2022-01-01 2026-10-06,2026-09-27,0,37,2026-10-06T05:33:34.688520+00:00
Ivanna,film Ivanna,2022-01-01 2026-10-06,2026-10-04,0,34,2026-10-06T05:33:34.688520+00:00
Jurnal Risa by Risa Saraswati,Jurnal Risa,2020-01-01 2024-12-31,2019-12-29,0,81,2026-10-06T05:40:16.809369+00:00
Jurnal Risa by Risa Saraswati,Jurnal Risa,2020-01-01 2024-12-31,2020-01-05,0,58,2026-10-06T05:40:16.809369+00:00
Jurnal Risa by Risa Saraswati,Jurnal Risa,2020-01-01 2024-12-31,2020-01-12,0,51,2026-10-06T05:40:16.809369+00:00
Jurnal Risa by Risa Saraswati,Jurnal Risa,2020-01-01 2024-12-31,2020-01-19,1,51,2026-10-06T05:40:16.809369+00:00
Jurnal Risa by Risa Saraswati,Jurnal Risa,2020-01-01 2024-12-31,2020-01-26,0,49,2026-10-06T05:40:16.809369+00:00
Jurnal Risa by Risa Saraswati,Jurnal Risa,2020-01-01 2024-12-31,2020-02-02,1,48,2026-10-06T05:40:16.809369+00:00
Jurnal Risa by Risa Saraswati,Jurnal Risa,2020-01-01 2024-12-31,2020-02-09,1,47,2026-10-06T05:40:16.809369+00:00
Jurnal Risa by Risa Saraswati,Jurnal Risa,2020-01-01 2024-12-31,2020-02-16,1,50,2026-10-06T05:40:16.809369+00:00
Jurnal Risa by Risa Saraswati,Jurnal Risa,2020-01-01 2024-12-31,2020-02-23,1,48,2026-10-06T05:40:16.809369+00:00
Jurnal Risa by Risa Saraswati,Jurnal Risa,2020-01-01 2024-12-31,2020-03-01,1,49,2026-10-06T05:40:16.809369+00:00
Jurnal Risa by Risa Saraswati,Jurnal Risa,2020-01-01 2024-12-31,2020-03-08,1,53,2026-10-06T05:40:16.809369+00:00
Jurnal Risa by Risa Saraswati,Jurnal Risa,2020-01-01 2024-12-31,2020-03-15,0,52,2026-10-06T05:40:16.809369+00:00
Jurnal Risa by Risa Saraswati,Jurnal Risa,2020-01-01 2024-12-31,2020-03-22,0,67,2026-10-06T05:40:16.809369+00:00
Jurnal Risa by Risa Saraswati,Jurnal Risa,2020-01-01 2024-12-31,2020-03-29,0,62,2026-10-06T05:40:16.809369+00:00
Jurnal Risa by Risa Saraswati,Jurnal Risa,2020-01-01 2024-12-31,2020-04-05,0,68,2026-10-06T05:40:16.809369+00:00
Jurnal Risa by Risa Saraswati,Jurnal Risa,2020-01-01 2024-12-31,2020-04-12,0,74,2026-10-06T05:40:16.809369+00:00
Jurnal Risa by Risa Saraswati,Jurnal Risa,2020-01-01 2024-12-31,2020-04-19,0,71,2026-10-06T05:40:16.809369+00:00
Jurnal Risa by Risa Saraswati,Jurnal Risa,2020-01-01 2024-12-31,2020-04-26,0,64,2026-10-06T05:40:16.809369+00:00
Jurnal Risa by Risa Saraswati,Jurnal Risa,2020-01-01 2024-12-31,2020-05-03,0,59,2026-10-06T05:40:16.809369+00:00
Jurnal Risa by Risa Saraswati,Jurnal Risa,2020-01-01 2024-12-31,2020-05-10,1,53,2026-10-06T05:40:16.809369+00:00
Jurnal Risa by Risa Saraswati,Jurnal Risa,2020-01-01 2024-12-31,2020-05-17,0,53,2026-10-06T05:40:16.809369+00:00
Jurnal Risa by Risa Saraswati,Jurnal Risa,2020-01-01 2024-12-31,2020-05-24,0,68,2026-10-06T05:40:16.809369+00:00
Jurnal Risa by Risa Saraswati,Jurnal Risa,2020-01-01 2024-12-31,2020-05-31,0,61,2026-10-06T05:40:16.809369+00:00
Jurnal Risa by Risa Saraswati,Jurnal Risa,2020-01-01 2024-12-31,2020-06-07,2,50,2026-10-06T05:40:16.809369+00:00
Jurnal Risa by Risa Saraswati,Jurnal Risa,2020-01-01 2024-12-31,2020-06-14,1,59,2026-10-06T05:40:16.809369+00:00
Jurnal Risa by Risa Saraswati,Jurnal Risa,2020-01-01 2024-12-31,2020-06-21,1,62,2026-10-06T05:40:16.809369+00:00
Jurnal Risa by Risa Saraswati,Jurnal Risa,2020-01-01 2024-12-31,2020-06-28,1,58,2026-10-06T05:40:16.809369+00:00
Jurnal Risa by Risa Saraswati,Jurnal Risa,2020-01-01 2024-12-31,2020-07-05,1,55,2026-10-06T05:40:16.809369+00:00
Jurnal Risa by Risa Saraswati,Jurnal Risa,2020-01-01 2024-12-31,2020-07-12,1,50,2026-10-06T05:40:16.809369+00:00
Jurnal Risa by Risa Saraswati,Jurnal Risa,2020-01-01 2024-12-31,2020-07-19,0,47,2026-10-06T05:40:16.809369+00:00
Jurnal Risa by Risa Saraswati,Jurnal Risa,2020-01-01 2024-12-31,2020-07-26,0,50,2026-10-06T05:40:16.809369+00:00
Jurnal Risa by Risa Saraswati,Jurnal Risa,2020-01-01 2024-12-31,2020-08-02,0,46,2026-10-06T05:40:16.809369+00:00
Jurnal Risa by Risa Saraswati,Jurnal Risa,2020-01-01 2024-12-31,2020-08-09,0,49,2026-10-06T05:40:16.809369+00:00
Jurnal Risa by Risa Saraswati,Jurnal Risa,2020-01-01 2024-12-31,2020-08-16,0,60,2026-10-06T05:40:16.809369+00:00
Jurnal Risa by Risa Saraswati,Jurnal Risa,2020-01-01 2024-12-31,2020-08-23,1,52,2026-10-06T05:40:16.809369+00:00
Jurnal Risa by Risa Saraswati,Jurnal Risa,2020-01-01 2024-12-31,2020-08-30,0,46,2026-10-06T05:40:16.809369+00:00
Jurnal Risa by Risa Saraswati,Jurnal Risa,2020-01-01 2024-12-31,2020-09-06,0,47,2026-10-06T05:40:16.809369+00:00
Jurnal Risa by Risa Saraswati,Jurnal Risa,2020-01-01 2024-12-31,2020-09-13,0,46,2026-10-06T05:40:16.809369+00:00
Jurnal Risa by Risa Saraswati,Jurnal Risa,2020-01-01 2024-12-31,2020-09-20,0,43,2026-10-06T05:40:16.809369+00:00
Jurnal Risa by Risa Saraswati,Jurnal Risa,2020-01-01 2024-12-31,2020-09-27,0,41,2026-10-06T05:40:16.809369+00:00
Jurnal Risa by Risa Saraswati,Jurnal Risa,2020-01-01 2024-12-31,2020-10-04,0,41,2026-10-06T05:40:16.809369+00:00
Jurnal Risa by Risa Saraswati,Jurnal Risa,2020-01-01 2024-12-31,2020-10-11,1,42,2026-10-06T05:40:16.809369+00:00
Jurnal Risa by Risa Saraswati,Jurnal Risa,2020-01-01 2024-12-31,2020-10-18,1,41,2026-10-06T05:40:16.809369+00:00
Jurnal Risa by Risa Saraswati,Jurnal Risa,2020-01-01 2024-12-31,2020-10-25,1,54,2026-10-06T05:40:16.809369+00:00
Jurnal Risa by Risa Saraswati,Jurnal Risa,2020-01-01 2024-12-31,2020-11-01,2,44,2026-10-06T05:40:16.809369+00:00
Jurnal Risa by Risa Saraswati,Jurnal Risa,2020-01-01 2024-12-31,2020-11-08,0,45,2026-10-06T05:40:16.809369+00:00
Jurnal Risa by Risa Saraswati,Jurnal Risa,2020-01-01 2024-12-31,2020-11-15,1,43,2026-10-06T05:40:16.809369+00:00
Jurnal Risa by Risa Saraswati,Jurnal Risa,2020-01-01 2024-12-31,2020-11-22,1,44,2026-10-06T05:40:16.809369+00:00
Jurnal Risa by Risa Saraswati,Jurnal Risa,2020-01-01 2024-12-31,2020-11-29,0,42,2026-10-06T05:40:16.809369+00:00
Jurnal Risa by Risa Saraswati,Jurnal Risa,2020-01-01 2024-12-31,2020-12-06,0,46,2026-10-06T05:40:16.809369+00:00
Jurnal Risa by Risa Saraswati,Jurnal Risa,2020-01-01 2024-12-31,2020-12-13,0,51,2026-10-06T05:40:16.809369+00:00
Jurnal Risa by Risa Saraswati,Jurnal Risa,2020-01-01 2024-12-31,2020-12-20,0,64,2026-10-06T05:40:16.809369+00:00
Jurnal Risa by Risa Saraswati,Jurnal Risa,2020-01-01 2024-12-31,2020-12-27,1,89,2026-10-06T05:40:16.809369+00:00
Jurnal Risa by Risa Saraswati,Jurnal Risa,2020-01-01 2024-12-31,2021-01-03,1,55,2026-10-06T05:40:16.809369+00:00
Jurnal Risa by Risa Saraswati,Jurnal Risa,2020-01-01 2024-12-31,2021-01-10,1,45,2026-10-06T05:40:16.809369+00:00
Jurnal Risa by Risa Saraswati,Jurnal Risa,2020-01-01 2024-12-31,2021-01-17,1,45,2026-10-06T05:40:16.809369+00:00
Jurnal Risa by Risa Saraswati,Jurnal Risa,2020-01-01 2024-12-31,2021-01-24,0,45,2026-10-06T05:40:16.809369+00:00
Jurnal Risa by Risa Saraswati,Jurnal Risa,2020-01-01 2024-12-31,2021-01-31,0,41,2026-10-06T05:40:16.809369+00:00
Jurnal Risa by Risa Saraswati,Jurnal Risa,2020-01-01 2024-12-31,2021-02-07,0,43,2026-10-06T05:40:16.809369+00:00
Jurnal Risa by Risa Saraswati,Jurnal Risa,2020-01-01 2024-12-31,2021-02-14,0,41,2026-10-06T05:40:16.809369+00:00
Jurnal Risa by Risa Saraswati,Jurnal Risa,2020-01-01 2024-12-31,2021-02-21,0,39,2026-10-06T05:40:16.809369+00:00
Jurnal Risa by Risa Saraswati,Jurnal Risa,2020-01-01 2024-12-31,2021-02-28,0,37,2026-10-06T05:40:16.809369+00:00
Jurnal Risa by Risa Saraswati,Jurnal Risa,2020-01-01 2024-12-31,2021-03-07,1,40,2026-10-06T05:40:16.809369+00:00
Jurnal Risa by Risa Saraswati,Jurnal Risa,2020-01-01 2024-12-31,2021-03-14,0,37,2026-10-06T05:40:16.809369+00:00
Jurnal Risa by Risa Saraswati,Jurnal Risa,2020-01-01 2024-12-31,2021-03-21,0,37,2026-10-06T05:40:16.809369+00:00
Jurnal Risa by Risa Saraswati,Jurnal Risa,2020-01-01 2024-12-31,2021-03-28,0,40,2026-10-06T05:40:16.809369+00:00
Jurnal Risa by Risa Saraswati,Jurnal Risa,2020-01-01 2024-12-31,2021-04-04,0,41,2026-10-06T05:40:16.809369+00:00
Jurnal Risa by Risa Saraswati,Jurnal Risa,2020-01-01 2024-12-31,2021-04-11,1,43,2026-10-06T05:40:16.809369+00:00
Jurnal Risa by Risa Saraswati,Jurnal Risa,2020-01-01 2024-12-31,2021-04-18,0,42,2026-10-06T05:40:16.809369+00:00
Jurnal Risa by Risa Saraswati,Jurnal Risa,2020-01-01 2024-12-31,2021-04-25,0,41,2026-10-06T05:40:16.809369+00:00
Jurnal Risa by Risa Saraswati,Jurnal Risa,2020-01-01 2024-12-31,2021-05-02,0,39,2026-10-06T05:40:16.809369+00:00
Jurnal Risa by Risa Saraswati,Jurnal Risa,2020-01-01 2024-12-31,2021-05-09,1,51,2026-10-06T05:40:16.809369+00:00
Jurnal Risa by Risa Saraswati,Jurnal Risa,2020-01-01 2024-12-31,2021-05-16,0,49,2026-10-06T05:40:16.809369+00:00
Jurnal Risa by Risa Saraswati,Jurnal Risa,2020-01-01 2024-12-31,2021-05-23,1,42,2026-10-06T05:40:16.809369+00:00
Jurnal Risa by Risa Saraswati,Jurnal Risa,2020-01-01 2024-12-31,2021-05-30,1,46,2026-10-06T05:40:16.809369+00:00
Jurnal Risa by Risa Saraswati,Jurnal Risa,2020-01-01 2024-12-31,2021-06-06,1,46,2026-10-06T05:40:16.809369+00:00
Jurnal Risa by Risa Saraswati,Jurnal Risa,2020-01-01 2024-12-31,2021-06-13,0,49,2026-10-06T05:40:16.809369+00:00
Jurnal Risa by Risa Saraswati,Jurnal Risa,2020-01-01 2024-12-31,2021-06-20,0,51,2026-10-06T05:40:16.809369+00:00
Jurnal Risa by Risa Saraswati,Jurnal Risa,2020-01-01 2024-12-31,2021-06-27,0,52,2026-10-06T05:40:16.809369+00:00
Jurnal Risa by Risa Saraswati,Jurnal Risa,2020-01-01 2024-12-31,2021-07-04,0,51,2026-10-06T05:40:16.809369+00:00
Jurnal Risa by Risa Saraswati,Jurnal Risa,2020-01-01 2024-12-31,2021-07-11,0,49,2026-10-06T05:40:16.809369+00:00
Jurnal Risa by Risa Saraswati,Jurnal Risa,2020-01-01 2024-12-31,2021-07-18,0,49,2026-10-06T05:40:16.809369+00:00
Jurnal Risa by Risa Saraswati,Jurnal Risa,2020-01-01 2024-12-31,2021-07-25,0,40,2026-10-06T05:40:16.809369+00:00
Jurnal Risa by Risa Saraswati,Jurnal Risa,2020-01-01 2024-12-31,2021-08-01,0,39,2026-10-06T05:40:16.809369+00:00
Jurnal Risa by Risa Saraswati,Jurnal Risa,2020-01-01 2024-12-31,2021-08-08,0,41,2026-10-06T05:40:16.809369+00:00
Jurnal Risa by Risa Saraswati,Jurnal Risa,2020-01-01 2024-12-31,2021-08-15,0,44,2026-10-06T05:40:16.809369+00:00
Jurnal Risa by Risa Saraswati,Jurnal Risa,2020-01-01 2024-12-31,2021-08-22,0,42,2026-10-06T05:40:16.809369+00:00
Jurnal Risa by Risa Saraswati,Jurnal Risa,2020-01-01 2024-12-31,2021-08-29,0,46,2026-10-06T05:40:16.809369+00:00
Jurnal Risa by Risa Saraswati,Jurnal Risa,2020-01-01 2024-12-31,2021-09-05,1,40,2026-10-06T05:40:16.809369+00:00
Jurnal Risa by Risa Saraswati,Jurnal Risa,2020-01-01 2024-12-31,2021-09-12,0,39,2026-10-06T05:40:16.809369+00:00
Jurnal Risa by Risa Saraswati,Jurnal Risa,2020-01-01 2024-12-31,2021-09-19,1,34,2026-10-06T05:40:16.809369+00:00
Jurnal Risa by Risa Saraswati,Jurnal Risa,2020-01-01 2024-12-31,2021-09-26,0,35,2026-10-06T05:40:16.809369+00:00
Jurnal Risa by Risa Saraswati,Jurnal Risa,2020-01-01 2024-12-31,2021-10-03,1,37,2026-10-06T05:40:16.809369+00:00
Jurnal Risa by Risa Saraswati,Jurnal Risa,2020-01-01 2024-12-31,2021-10-10,0,39,2026-10-06T05:40:16.809369+00:00
Jurnal Risa by Risa Saraswati,Jurnal Risa,2020-01-01 2024-12-31,2021-10-17,0,43,2026-10-06T05:40:16.809369+00:00
Jurnal Risa by Risa Saraswati,Jurnal Risa,2020-01-01 2024-12-31,2021-10-24,1,40,2026-10-06T05:40:16.809369+00:00
Jurnal Risa by Risa Saraswati,Jurnal Risa,2020-01-01 2024-12-31,2021-10-31,1,50,2026-10-06T05:40:16.809369+00:00
Jurnal Risa by Risa Saraswati,Jurnal Risa,2020-01-01 2024-12-31,2021-11-07,0,46,2026-10-06T05:40:16.809369+00:00
Jurnal Risa by Risa Saraswati,Jurnal Risa,2020-01-01 2024-12-31,2021-11-14,1,52,2026-10-06T05:40:16.809369+00:00
Jurnal Risa by Risa Saraswati,Jurnal Risa,2020-01-01 2024-12-31,2021-11-21,0,50,2026-10-06T05:40:16.809369+00:00
Jurnal Risa by Risa Saraswati,Jurnal Risa,2020-01-01 2024-12-31,2021-11-28,1,40,2026-10-06T05:40:16.809369+00:00
Jurnal Risa by Risa Saraswati,Jurnal Risa,2020-01-01 2024-12-31,2021-12-05,0,45,2026-10-06T05:40:16.809369+00:00
Jurnal Risa by Risa Saraswati,Jurnal Risa,2020-01-01 2024-12-31,2021-12-12,1,49,2026-10-06T05:40:16.809369+00:00
Jurnal Risa by Risa Saraswati,Jurnal Risa,2020-01-01 2024-12-31,2021-12-19,1,59,2026-10-06T05:40:16.809369+00:00
Jurnal Risa by Risa Saraswati,Jurnal Risa,2020-01-01 2024-12-31,2021-12-26,0,79,2026-10-06T05:40:16.809369+00:00
Jurnal Risa by Risa Saraswati,Jurnal Risa,2020-01-01 2024-12-31,2022-01-02,1,62,2026-10-06T05:40:16.809369+00:00
Jurnal Risa by Risa Saraswati,Jurnal Risa,2020-01-01 2024-12-31,2022-01-09,1,66,2026-10-06T05:40:16.809369+00:00
Jurnal Risa by Risa Saraswati,Jurnal Risa,2020-01-01 2024-12-31,2022-01-16,1,49,2026-10-06T05:40:16.809369+00:00
Jurnal Risa by Risa Saraswati,Jurnal Risa,2020-01-01 2024-12-31,2022-01-23,0,51,2026-10-06T05:40:16.809369+00:00
Jurnal Risa by Risa Saraswati,Jurnal Risa,2020-01-01 2024-12-31,2022-01-30,0,50,2026-10-06T05:40:16.809369+00:00
Jurnal Risa by Risa Saraswati,Jurnal Risa,2020-01-01 2024-12-31,2022-02-06,0,49,2026-10-06T05:40:16.809369+00:00
Jurnal Risa by Risa Saraswati,Jurnal Risa,2020-01-01 2024-12-31,2022-02-13,0,54,2026-10-06T05:40:16.809369+00:00
Jurnal Risa by Risa Saraswati,Jurnal Risa,2020-01-01 2024-12-31,2022-02-20,1,47,2026-10-06T05:40:16.809369+00:00
Jurnal Risa by Risa Saraswati,Jurnal Risa,2020-01-01 2024-12-31,2022-02-27,0,55,2026-10-06T05:40:16.809369+00:00
Jurnal Risa by Risa Saraswati,Jurnal Risa,2020-01-01 2024-12-31,2022-03-06,0,41,2026-10-06T05:40:16.809369+00:00
Jurnal Risa by Risa Saraswati,Jurnal Risa,2020-01-01 2024-12-31,2022-03-13,1,43,2026-10-06T05:40:16.809369+00:00
Jurnal Risa by Risa Saraswati,Jurnal Risa,2020-01-01 2024-12-31,2022-03-20,0,46,2026-10-06T05:40:16.809369+00:00
Jurnal Risa by Risa Saraswati,Jurnal Risa,2020-01-01 2024-12-31,2022-03-27,0,43,2026-10-06T05:40:16.809369+00:00
Jurnal Risa by Risa Saraswati,Jurnal Risa,2020-01-01 2024-12-31,2022-04-03,0,45,2026-10-06T05:40:16.809369+00:00
Jurnal Risa by Risa Saraswati,Jurnal Risa,2020-01-01 2024-12-31,2022-04-10,0,47,2026-10-06T05:40:16.809369+00:00
Jurnal Risa by Risa Saraswati,Jurnal Risa,2020-01-01 2024-12-31,2022-04-17,0,51,2026-10-06T05:40:16.809369+00:00
Jurnal Risa by Risa Saraswati,Jurnal Risa,2020-01-01 2024-12-31,2022-04-24,0,55,2026-10-06T05:40:16.809369+00:00
Jurnal Risa by Risa Saraswati,Jurnal Risa,2020-01-01 2024-12-31,2022-05-01,1,97,2026-10-06T05:40:16.809369+00:00
Jurnal Risa by Risa Saraswati,Jurnal Risa,2020-01-01 2024-12-31,2022-05-08,1,75,2026-10-06T05:40:16.809369+00:00
Jurnal Risa by Risa Saraswati,Jurnal Risa,2020-01-01 2024-12-31,2022-05-15,1,62,2026-10-06T05:40:16.809369+00:00
Jurnal Risa by Risa Saraswati,Jurnal Risa,2020-01-01 2024-12-31,2022-05-22,1,58,2026-10-06T05:40:16.809369+00:00
Jurnal Risa by Risa Saraswati,Jurnal Risa,2020-01-01 2024-12-31,2022-05-29,1,53,2026-10-06T05:40:16.809369+00:00
Jurnal Risa by Risa Saraswati,Jurnal Risa,2020-01-01 2024-12-31,2022-06-05,1,48,2026-10-06T05:40:16.809369+00:00
Jurnal Risa by Risa Saraswati,Jurnal Risa,2020-01-01 2024-12-31,2022-06-12,0,50,2026-10-06T05:40:16.809369+00:00
Jurnal Risa by Risa Saraswati,Jurnal Risa,2020-01-01 2024-12-31,2022-06-19,1,59,2026-10-06T05:40:16.809369+00:00
Jurnal Risa by Risa Saraswati,Jurnal Risa,2020-01-01 2024-12-31,2022-06-26,1,56,2026-10-06T05:40:16.809369+00:00
Jurnal Risa by Risa Saraswati,Jurnal Risa,2020-01-01 2024-12-31,2022-07-03,1,54,2026-10-06T05:40:16.809369+00:00
Jurnal Risa by Risa Saraswati,Jurnal Risa,2020-01-01 2024-12-31,2022-07-10,1,59,2026-10-06T05:40:16.809369+00:00
Jurnal Risa by Risa Saraswati,Jurnal Risa,2020-01-01 2024-12-31,2022-07-17,1,54,2026-10-06T05:40:16.809369+00:00
Jurnal Risa by Risa Saraswati,Jurnal Risa,2020-01-01 2024-12-31,2022-07-24,1,47,2026-10-06T05:40:16.809369+00:00
Jurnal Risa by Risa Saraswati,Jurnal Risa,2020-01-01 2024-12-31,2022-07-31,1,54,2026-10-06T05:40:16.809369+00:00
Jurnal Risa by Risa Saraswati,Jurnal Risa,2020-01-01 2024-12-31,2022-08-07,1,52,2026-10-06T05:40:16.809369+00:00
Jurnal Risa by Risa Saraswati,Jurnal Risa,2020-01-01 2024-12-31,2022-08-14,1,54,2026-10-06T05:40:16.809369+00:00
Jurnal Risa by Risa Saraswati,Jurnal Risa,2020-01-01 2024-12-31,2022-08-21,0,48,2026-10-06T05:40:16.809369+00:00
Jurnal Risa by Risa Saraswati,Jurnal Risa,2020-01-01 2024-12-31,2022-08-28,1,46,2026-10-06T05:40:16.809369+00:00
Jurnal Risa by Risa Saraswati,Jurnal Risa,2020-01-01 2024-12-31,2022-09-04,0,47,2026-10-06T05:40:16.809369+00:00
Jurnal Risa by Risa Saraswati,Jurnal Risa,2020-01-01 2024-12-31,2022-09-11,1,42,2026-10-06T05:40:16.809369+00:00
Jurnal Risa by Risa Saraswati,Jurnal Risa,2020-01-01 2024-12-31,2022-09-18,1,42,2026-10-06T05:40:16.809369+00:00
Jurnal Risa by Risa Saraswati,Jurnal Risa,2020-01-01 2024-12-31,2022-09-25,1,41,2026-10-06T05:40:16.809369+00:00
Jurnal Risa by Risa Saraswati,Jurnal Risa,2020-01-01 2024-12-31,2022-10-02,0,46,2026-10-06T05:40:16.809369+00:00
Jurnal Risa by Risa Saraswati,Jurnal Risa,2020-01-01 2024-12-31,2022-10-09,1,54,2026-10-06T05:40:16.809369+00:00
Jurnal Risa by Risa Saraswati,Jurnal Risa,2020-01-01 2024-12-31,2022-10-16,1,53,2026-10-06T05:40:16.809369+00:00
Jurnal Risa by Risa Saraswati,Jurnal Risa,2020-01-01 2024-12-31,2022-10-23,1,48,2026-10-06T05:40:16.809369+00:00
Jurnal Risa by Risa Saraswati,Jurnal Risa,2020-01-01 2024-12-31,2022-10-30,1,50,2026-10-06T05:40:16.809369+00:00
Jurnal Risa by Risa Saraswati,Jurnal Risa,2020-01-01 2024-12-31,2022-11-06,1,52,2026-10-06T05:40:16.809369+00:00
Jurnal Risa by Risa Saraswati,Jurnal Risa,2020-01-01 2024-12-31,2022-11-13,1,53,2026-10-06T05:40:16.809369+00:00
Jurnal Risa by Risa Saraswati,Jurnal Risa,2020-01-01 2024-12-31,2022-11-20,0,44,2026-10-06T05:40:16.809369+00:00
Jurnal Risa by Risa Saraswati,Jurnal Risa,2020-01-01 2024-12-31,2022-11-27,1,43,2026-10-06T05:40:16.809369+00:00
Jurnal Risa by Risa Saraswati,Jurnal Risa,2020-01-01 2024-12-31,2022-12-04,1,41,2026-10-06T05:40:16.809369+00:00
Jurnal Risa by Risa Saraswati,Jurnal Risa,2020-01-01 2024-12-31,2022-12-11,1,52,2026-10-06T05:40:16.809369+00:00
Jurnal Risa by Risa Saraswati,Jurnal Risa,2020-01-01 2024-12-31,2022-12-18,1,58,2026-10-06T05:40:16.809369+00:00
Jurnal Risa by Risa Saraswati,Jurnal Risa,2020-01-01 2024-12-31,2022-12-25,1,100,2026-10-06T05:40:16.809369+00:00
Jurnal Risa by Risa Saraswati,Jurnal Risa,2020-01-01 2024-12-31,2023-01-01,1,63,2026-10-06T05:40:16.809369+00:00
Jurnal Risa by Risa Saraswati,Jurnal Risa,2020-01-01 2024-12-31,2023-01-08,1,50,2026-10-06T05:40:16.809369+00:00
Jurnal Risa by Risa Saraswati,Jurnal Risa,2020-01-01 2024-12-31,2023-01-15,1,48,2026-10-06T05:40:16.809369+00:00
Jurnal Risa by Risa Saraswati,Jurnal Risa,2020-01-01 2024-12-31,2023-01-22,1,55,2026-10-06T05:40:16.809369+00:00
Jurnal Risa by Risa Saraswati,Jurnal Risa,2020-01-01 2024-12-31,2023-01-29,1,48,2026-10-06T05:40:16.809369+00:00
Jurnal Risa by Risa Saraswati,Jurnal Risa,2020-01-01 2024-12-31,2023-02-05,1,51,2026-10-06T05:40:16.809369+00:00
Jurnal Risa by Risa Saraswati,Jurnal Risa,2020-01-01 2024-12-31,2023-02-12,1,55,2026-10-06T05:40:16.809369+00:00
Jurnal Risa by Risa Saraswati,Jurnal Risa,2020-01-01 2024-12-31,2023-02-19,2,50,2026-10-06T05:40:16.809369+00:00
Jurnal Risa by Risa Saraswati,Jurnal Risa,2020-01-01 2024-12-31,2023-02-26,1,50,2026-10-06T05:40:16.809369+00:00
Jurnal Risa by Risa Saraswati,Jurnal Risa,2020-01-01 2024-12-31,2023-03-05,1,46,2026-10-06T05:40:16.809369+00:00
Jurnal Risa by Risa Saraswati,Jurnal Risa,2020-01-01 2024-12-31,2023-03-12,1,46,2026-10-06T05:40:16.809369+00:00
Jurnal Risa by Risa Saraswati,Jurnal Risa,2020-01-01 2024-12-31,2023-03-19,1,56,2026-10-06T05:40:16.809369+00:00
Jurnal Risa by Risa Saraswati,Jurnal Risa,2020-01-01 2024-12-31,2023-03-26,1,46,2026-10-06T05:40:16.809369+00:00
Jurnal Risa by Risa Saraswati,Jurnal Risa,2020-01-01 2024-12-31,2023-04-02,1,45,2026-10-06T05:40:16.809369+00:00
Jurnal Risa by Risa Saraswati,Jurnal Risa,2020-01-01 2024-12-31,2023-04-09,2,46,2026-10-06T05:40:16.809369+00:00
Jurnal Risa by Risa Saraswati,Jurnal Risa,2020-01-01 2024-12-31,2023-04-16,2,59,2026-10-06T05:40:16.809369+00:00
Jurnal Risa by Risa Saraswati,Jurnal Risa,2020-01-01 2024-12-31,2023-04-23,3,83,2026-10-06T05:40:16.809369+00:00
Jurnal Risa by Risa Saraswati,Jurnal Risa,2020-01-01 2024-12-31,2023-04-30,2,69,2026-10-06T05:40:16.809369+00:00
Jurnal Risa by Risa Saraswati,Jurnal Risa,2020-01-01 2024-12-31,2023-05-07,2,57,2026-10-06T05:40:16.809369+00:00
Jurnal Risa by Risa Saraswati,Jurnal Risa,2020-01-01 2024-12-31,2023-05-14,3,61,2026-10-06T05:40:16.809369+00:00
Jurnal Risa by Risa Saraswati,Jurnal Risa,2020-01-01 2024-12-31,2023-05-21,3,58,2026-10-06T05:40:16.809369+00:00
Jurnal Risa by Risa Saraswati,Jurnal Risa,2020-01-01 2024-12-31,2023-05-28,6,54,2026-10-06T05:40:16.809369+00:00
Jurnal Risa by Risa Saraswati,Jurnal Risa,2020-01-01 2024-12-31,2023-06-04,5,48,2026-10-06T05:40:16.809369+00:00
Jurnal Risa by Risa Saraswati,Jurnal Risa,2020-01-01 2024-12-31,2023-06-11,5,50,2026-10-06T05:40:16.809369+00:00
Jurnal Risa by Risa Saraswati,Jurnal Risa,2020-01-01 2024-12-31,2023-06-18,5,55,2026-10-06T05:40:16.809369+00:00
Jurnal Risa by Risa Saraswati,Jurnal Risa,2020-01-01 2024-12-31,2023-06-25,6,64,2026-10-06T05:40:16.809369+00:00
Jurnal Risa by Risa Saraswati,Jurnal Risa,2020-01-01 2024-12-31,2023-07-02,7,59,2026-10-06T05:40:16.809369+00:00
Jurnal Risa by Risa Saraswati,Jurnal Risa,2020-01-01 2024-12-31,2023-07-09,7,59,2026-10-06T05:40:16.809369+00:00
Jurnal Risa by Risa Saraswati,Jurnal Risa,2020-01-01 2024-12-31,2023-07-16,6,59,2026-10-06T05:40:16.809369+00:00
Jurnal Risa by Risa Saraswati,Jurnal Risa,2020-01-01 2024-12-31,2023-07-23,4,50,2026-10-06T05:40:16.809369+00:00
Jurnal Risa by Risa Saraswati,Jurnal Risa,2020-01-01 2024-12-31,2023-07-30,3,47,2026-10-06T05:40:16.809369+00:00
Jurnal Risa by Risa Saraswati,Jurnal Risa,2020-01-01 2024-12-31,2023-08-06,2,51,2026-10-06T05:40:16.809369+00:00
Jurnal Risa by Risa Saraswati,Jurnal Risa,2020-01-01 2024-12-31,2023-08-13,3,53,2026-10-06T05:40:16.809369+00:00
Jurnal Risa by Risa Saraswati,Jurnal Risa,2020-01-01 2024-12-31,2023-08-20,2,48,2026-10-06T05:40:16.809369+00:00
Jurnal Risa by Risa Saraswati,Jurnal Risa,2020-01-01 2024-12-31,2023-08-27,2,50,2026-10-06T05:40:16.809369+00:00
Jurnal Risa by Risa Saraswati,Jurnal Risa,2020-01-01 2024-12-31,2023-09-03,2,55,2026-10-06T05:40:16.809369+00:00
Jurnal Risa by Risa Saraswati,Jurnal Risa,2020-01-01 2024-12-31,2023-09-10,3,50,2026-10-06T05:40:16.809369+00:00
Jurnal Risa by Risa Saraswati,Jurnal Risa,2020-01-01 2024-12-31,2023-09-17,2,52,2026-10-06T05:40:16.809369+00:00
Jurnal Risa by Risa Saraswati,Jurnal Risa,2020-01-01 2024-12-31,2023-09-24,2,53,2026-10-06T05:40:16.809369+00:00
Jurnal Risa by Risa Saraswati,Jurnal Risa,2020-01-01 2024-12-31,2023-10-01,2,57,2026-10-06T05:40:16.809369+00:00
Jurnal Risa by Risa Saraswati,Jurnal Risa,2020-01-01 2024-12-31,2023-10-08,2,58,2026-10-06T05:40:16.809369+00:00
Jurnal Risa by Risa Saraswati,Jurnal Risa,2020-01-01 2024-12-31,2023-10-15,2,55,2026-10-06T05:40:16.809369+00:00
Jurnal Risa by Risa Saraswati,Jurnal Risa,2020-01-01 2024-12-31,2023-10-22,2,57,2026-10-06T05:40:16.809369+00:00
Jurnal Risa by Risa Saraswati,Jurnal Risa,2020-01-01 2024-12-31,2023-10-29,2,56,2026-10-06T05:40:16.809369+00:00
Jurnal Risa by Risa Saraswati,Jurnal Risa,2020-01-01 2024-12-31,2023-11-05,2,52,2026-10-06T05:40:16.809369+00:00
Jurnal Risa by Risa Saraswati,Jurnal Risa,2020-01-01 2024-12-31,2023-11-12,2,54,2026-10-06T05:40:16.809369+00:00
Jurnal Risa by Risa Saraswati,Jurnal Risa,2020-01-01 2024-12-31,2023-11-19,2,52,2026-10-06T05:40:16.809369+00:00
Jurnal Risa by Risa Saraswati,Jurnal Risa,2020-01-01 2024-12-31,2023-11-26,1,49,2026-10-06T05:40:16.809369+00:00
Jurnal Risa by Risa Saraswati,Jurnal Risa,2020-01-01 2024-12-31,2023-12-03,2,50,2026-10-06T05:40:16.809369+00:00
Jurnal Risa by Risa Saraswati,Jurnal Risa,2020-01-01 2024-12-31,2023-12-10,2,58,2026-10-06T05:40:16.809369+00:00
Jurnal Risa by Risa Saraswati,Jurnal Risa,2020-01-01 2024-12-31,2023-12-17,2,60,2026-10-06T05:40:16.809369+00:00
Jurnal Risa by Risa Saraswati,Jurnal Risa,2020-01-01 2024-12-31,2023-12-24,3,88,2026-10-06T05:40:16.809369+00:00
Jurnal Risa by Risa Saraswati,Jurnal Risa,2020-01-01 2024-12-31,2023-12-31,2,67,2026-10-06T05:40:16.809369+00:00
Jurnal Risa by Risa Saraswati,Jurnal Risa,2020-01-01 2024-12-31,2024-01-07,1,51,2026-10-06T05:40:16.809369+00:00
Jurnal Risa by Risa Saraswati,Jurnal Risa,2020-01-01 2024-12-31,2024-01-14,1,49,2026-10-06T05:40:16.809369+00:00
Jurnal Risa by Risa Saraswati,Jurnal Risa,2020-01-01 2024-12-31,2024-01-21,1,48,2026-10-06T05:40:16.809369+00:00
Jurnal Risa by Risa Saraswati,Jurnal Risa,2020-01-01 2024-12-31,2024-01-28,1,53,2026-10-06T05:40:16.809369+00:00
Jurnal Risa by Risa Saraswati,Jurnal Risa,2020-01-01 2024-12-31,2024-02-04,2,57,2026-10-06T05:40:16.809369+00:00
Jurnal Risa by Risa Saraswati,Jurnal Risa,2020-01-01 2024-12-31,2024-02-11,2,53,2026-10-06T05:40:16.809369+00:00
Jurnal Risa by Risa Saraswati,Jurnal Risa,2020-01-01 2024-12-31,2024-02-18,2,49,2026-10-06T05:40:16.809369+00:00
Jurnal Risa by Risa Saraswati,Jurnal Risa,2020-01-01 2024-12-31,2024-02-25,1,54,2026-10-06T05:40:16.809369+00:00
Jurnal Risa by Risa Saraswati,Jurnal Risa,2020-01-01 2024-12-31,2024-03-03,1,51,2026-10-06T05:40:16.809369+00:00
Jurnal Risa by Risa Saraswati,Jurnal Risa,2020-01-01 2024-12-31,2024-03-10,1,56,2026-10-06T05:40:16.809369+00:00
Jurnal Risa by Risa Saraswati,Jurnal Risa,2020-01-01 2024-12-31,2024-03-17,1,47,2026-10-06T05:40:16.809369+00:00
Jurnal Risa by Risa Saraswati,Jurnal Risa,2020-01-01 2024-12-31,2024-03-24,2,51,2026-10-06T05:40:16.809369+00:00
Jurnal Risa by Risa Saraswati,Jurnal Risa,2020-01-01 2024-12-31,2024-03-31,1,47,2026-10-06T05:40:16.809369+00:00
Jurnal Risa by Risa Saraswati,Jurnal Risa,2020-01-01 2024-12-31,2024-04-07,2,69,2026-10-06T05:40:16.809369+00:00
Jurnal Risa by Risa Saraswati,Jurnal Risa,2020-01-01 2024-12-31,2024-04-14,1,60,2026-10-06T05:40:16.809369+00:00
Jurnal Risa by Risa Saraswati,Jurnal Risa,2020-01-01 2024-12-31,2024-04-21,1,48,2026-10-06T05:40:16.809369+00:00
Jurnal Risa by Risa Saraswati,Jurnal Risa,2020-01-01 2024-12-31,2024-04-28,2,46,2026-10-06T05:40:16.809369+00:00
Jurnal Risa by Risa Saraswati,Jurnal Risa,2020-01-01 2024-12-31,2024-05-05,1,53,2026-10-06T05:40:16.809369+00:00
Jurnal Risa by Risa Saraswati,Jurnal Risa,2020-01-01 2024-12-31,2024-05-12,1,54,2026-10-06T05:40:16.809369+00:00
Jurnal Risa by Risa Saraswati,Jurnal Risa,2020-01-01 2024-12-31,2024-05-19,2,51,2026-10-06T05:40:16.809369+00:00
Jurnal Risa by Risa Saraswati,Jurnal Risa,2020-01-01 2024-12-31,2024-05-26,2,41,2026-10-06T05:40:16.809369+00:00
Jurnal Risa by Risa Saraswati,Jurnal Risa,2020-01-01 2024-12-31,2024-06-02,2,36,2026-10-06T05:40:16.809369+00:00
Jurnal Risa by Risa Saraswati,Jurnal Risa,2020-01-01 2024-12-31,2024-06-09,2,41,2026-10-06T05:40:16.809369+00:00
Jurnal Risa by Risa Saraswati,Jurnal Risa,2020-01-01 2024-12-31,2024-06-16,3,51,2026-10-06T05:40:16.809369+00:00
Jurnal Risa by Risa Saraswati,Jurnal Risa,2020-01-01 2024-12-31,2024-06-23,4,48,2026-10-06T05:40:16.809369+00:00
Jurnal Risa by Risa Saraswati,Jurnal Risa,2020-01-01 2024-12-31,2024-06-30,6,53,2026-10-06T05:40:16.809369+00:00
Jurnal Risa by Risa Saraswati,Jurnal Risa,2020-01-01 2024-12-31,2024-07-07,30,52,2026-10-06T05:40:16.809369+00:00
Jurnal Risa by Risa Saraswati,Jurnal Risa,2020-01-01 2024-12-31,2024-07-14,21,50,2026-10-06T05:40:16.809369+00:00
Jurnal Risa by Risa Saraswati,Jurnal Risa,2020-01-01 2024-12-31,2024-07-21,10,51,2026-10-06T05:40:16.809369+00:00
Jurnal Risa by Risa Saraswati,Jurnal Risa,2020-01-01 2024-12-31,2024-07-28,6,50,2026-10-06T05:40:16.809369+00:00
Jurnal Risa by Risa Saraswati,Jurnal Risa,2020-01-01 2024-12-31,2024-08-04,4,46,2026-10-06T05:40:16.809369+00:00
Jurnal Risa by Risa Saraswati,Jurnal Risa,2020-01-01 2024-12-31,2024-08-11,2,51,2026-10-06T05:40:16.809369+00:00
Jurnal Risa by Risa Saraswati,Jurnal Risa,2020-01-01 2024-12-31,2024-08-18,2,48,2026-10-06T05:40:16.809369+00:00
Jurnal Risa by Risa Saraswati,Jurnal Risa,2020-01-01 2024-12-31,2024-08-25,2,48,2026-10-06T05:40:16.809369+00:00
Jurnal Risa by Risa Saraswati,Jurnal Risa,2020-01-01 2024-12-31,2024-09-01,2,45,2026-10-06T05:40:16.809369+00:00
Jurnal Risa by Risa Saraswati,Jurnal Risa,2020-01-01 2024-12-31,2024-09-08,3,50,2026-10-06T05:40:16.809369+00:00
Jurnal Risa by Risa Saraswati,Jurnal Risa,2020-01-01 2024-12-31,2024-09-15,4,57,2026-10-06T05:40:16.809369+00:00
Jurnal Risa by Risa Saraswati,Jurnal Risa,2020-01-01 2024-12-31,2024-09-22,2,54,2026-10-06T05:40:16.809369+00:00
Jurnal Risa by Risa Saraswati,Jurnal Risa,2020-01-01 2024-12-31,2024-09-29,2,54,2026-10-06T05:40:16.809369+00:00
Jurnal Risa by Risa Saraswati,Jurnal Risa,2020-01-01 2024-12-31,2024-10-06,2,52,2026-10-06T05:40:16.809369+00:00
Jurnal Risa by Risa Saraswati,Jurnal Risa,2020-01-01 2024-12-31,2024-10-13,2,50,2026-10-06T05:40:16.809369+00:00
Jurnal Risa by Risa Saraswati,Jurnal Risa,2020-01-01 2024-12-31,2024-10-20,2,50,2026-10-06T05:40:16.809369+00:00
Jurnal Risa by Risa Saraswati,Jurnal Risa,2020-01-01 2024-12-31,2024-10-27,2,50,2026-10-06T05:40:16.809369+00:00
Jurnal Risa by Risa Saraswati,Jurnal Risa,2020-01-01 2024-12-31,2024-11-03,7,61,2026-10-06T05:40:16.809369+00:00
Jurnal Risa by Risa Saraswati,Jurnal Risa,2020-01-01 2024-12-31,2024-11-10,17,56,2026-10-06T05:40:16.809369+00:00
Jurnal Risa by Risa Saraswati,Jurnal Risa,2020-01-01 2024-12-31,2024-11-17,8,61,2026-10-06T05:40:16.809369+00:00
Jurnal Risa by Risa Saraswati,Jurnal Risa,2020-01-01 2024-12-31,2024-11-24,6,59,2026-10-06T05:40:16.809369+00:00
Jurnal Risa by Risa Saraswati,Jurnal Risa,2020-01-01 2024-12-31,2024-12-01,3,52,2026-10-06T05:40:16.809369+00:00
Jurnal Risa by Risa Saraswati,Jurnal Risa,2020-01-01 2024-12-31,2024-12-08,3,56,2026-10-06T05:40:16.809369+00:00
Jurnal Risa by Risa Saraswati,Jurnal Risa,2020-01-01 2024-12-31,2024-12-15,3,65,2026-10-06T05:40:16.809369+00:00
Jurnal Risa by Risa Saraswati,Jurnal Risa,2020-01-01 2024-12-31,2024-12-22,3,77,2026-10-06T05:40:16.809369+00:00
Jurnal Risa by Risa Saraswati,Jurnal Risa,2020-01-01 2024-12-31,2024-12-29,3,79,2026-10-06T05:40:16.809369+00:00
Jurnal Risa by Risa Saraswati,Jurnal Risa,2020-01-01 2024-12-31,2019-12-29,0,81,2026-10-06T05:41:05.502057+00:00
Jurnal Risa by Risa Saraswati,Jurnal Risa,2020-01-01 2024-12-31,2020-01-05,0,58,2026-10-06T05:41:05.502057+00:00
Jurnal Risa by Risa Saraswati,Jurnal Risa,2020-01-01 2024-12-31,2020-01-12,0,51,2026-10-06T05:41:05.502057+00:00
Jurnal Risa by Risa Saraswati,Jurnal Risa,2020-01-01 2024-12-31,2020-01-19,1,51,2026-10-06T05:41:05.502057+00:00
Jurnal Risa by Risa Saraswati,Jurnal Risa,2020-01-01 2024-12-31,2020-01-26,0,49,2026-10-06T05:41:05.502057+00:00
Jurnal Risa by Risa Saraswati,Jurnal Risa,2020-01-01 2024-12-31,2020-02-02,1,48,2026-10-06T05:41:05.502057+00:00
Jurnal Risa by Risa Saraswati,Jurnal Risa,2020-01-01 2024-12-31,2020-02-09,1,47,2026-10-06T05:41:05.502057+00:00
Jurnal Risa by Risa Saraswati,Jurnal Risa,2020-01-01 2024-12-31,2020-02-16,1,50,2026-10-06T05:41:05.502057+00:00
Jurnal Risa by Risa Saraswati,Jurnal Risa,2020-01-01 2024-12-31,2020-02-23,1,48,2026-10-06T05:41:05.502057+00:00
Jurnal Risa by Risa Saraswati,Jurnal Risa,2020-01-01 2024-12-31,2020-03-01,1,49,2026-10-06T05:41:05.502057+00:00
Jurnal Risa by Risa Saraswati,Jurnal Risa,2020-01-01 2024-12-31,2020-03-08,1,53,2026-10-06T05:41:05.502057+00:00
Jurnal Risa by Risa Saraswati,Jurnal Risa,2020-01-01 2024-12-31,2020-03-15,0,52,2026-10-06T05:41:05.502057+00:00
Jurnal Risa by Risa Saraswati,Jurnal Risa,2020-01-01 2024-12-31,2020-03-22,0,67,2026-10-06T05:41:05.502057+00:00
Jurnal Risa by Risa Saraswati,Jurnal Risa,2020-01-01 2024-12-31,2020-03-29,0,62,2026-10-06T05:41:05.502057+00:00
Jurnal Risa by Risa Saraswati,Jurnal Risa,2020-01-01 2024-12-31,2020-04-05,0,68,2026-10-06T05:41:05.502057+00:00
Jurnal Risa by Risa Saraswati,Jurnal Risa,2020-01-01 2024-12-31,2020-04-12,0,74,2026-10-06T05:41:05.502057+00:00
Jurnal Risa by Risa Saraswati,Jurnal Risa,2020-01-01 2024-12-31,2020-04-19,0,71,2026-10-06T05:41:05.502057+00:00
Jurnal Risa by Risa Saraswati,Jurnal Risa,2020-01-01 2024-12-31,2020-04-26,0,64,2026-10-06T05:41:05.502057+00:00
Jurnal Risa by Risa Saraswati,Jurnal Risa,2020-01-01 2024-12-31,2020-05-03,0,59,2026-10-06T05:41:05.502057+00:00
Jurnal Risa by Risa Saraswati,Jurnal Risa,2020-01-01 2024-12-31,2020-05-10,1,53,2026-10-06T05:41:05.502057+00:00
Jurnal Risa by Risa Saraswati,Jurnal Risa,2020-01-01 2024-12-31,2020-05-17,0,53,2026-10-06T05:41:05.502057+00:00
Jurnal Risa by Risa Saraswati,Jurnal Risa,2020-01-01 2024-12-31,2020-05-24,0,68,2026-10-06T05:41:05.502057+00:00
Jurnal Risa by Risa Saraswati,Jurnal Risa,2020-01-01 2024-12-31,2020-05-31,0,61,2026-10-06T05:41:05.502057+00:00
Jurnal Risa by Risa Saraswati,Jurnal Risa,2020-01-01 2024-12-31,2020-06-07,2,50,2026-10-06T05:41:05.502057+00:00
Jurnal Risa by Risa Saraswati,Jurnal Risa,2020-01-01 2024-12-31,2020-06-14,1,59,2026-10-06T05:41:05.502057+00:00
Jurnal Risa by Risa Saraswati,Jurnal Risa,2020-01-01 2024-12-31,2020-06-21,1,62,2026-10-06T05:41:05.502057+00:00
Jurnal Risa by Risa Saraswati,Jurnal Risa,2020-01-01 2024-12-31,2020-06-28,1,58,2026-10-06T05:41:05.502057+00:00
Jurnal Risa by Risa Saraswati,Jurnal Risa,2020-01-01 2024-12-31,2020-07-05,1,55,2026-10-06T05:41:05.502057+00:00
Jurnal Risa by Risa Saraswati,Jurnal Risa,2020-01-01 2024-12-31,2020-07-12,1,50,2026-10-06T05:41:05.502057+00:00
Jurnal Risa by Risa Saraswati,Jurnal Risa,2020-01-01 2024-12-31,2020-07-19,0,47,2026-10-06T05:41:05.502057+00:00
Jurnal Risa by Risa Saraswati,Jurnal Risa,2020-01-01 2024-12-31,2020-07-26,0,50,2026-10-06T05:41:05.502057+00:00
Jurnal Risa by Risa Saraswati,Jurnal Risa,2020-01-01 2024-12-31,2020-08-02,0,46,2026-10-06T05:41:05.502057+00:00
Jurnal Risa by Risa Saraswati,Jurnal Risa,2020-01-01 2024-12-31,2020-08-09,0,49,2026-10-06T05:41:05.502057+00:00
Jurnal Risa by Risa Saraswati,Jurnal Risa,2020-01-01 2024-12-31,2020-08-16,0,60,2026-10-06T05:41:05.502057+00:00
Jurnal Risa by Risa Saraswati,Jurnal Risa,2020-01-01 2024-12-31,2020-08-23,1,52,2026-10-06T05:41:05.502057+00:00
Jurnal Risa by Risa Saraswati,Jurnal Risa,2020-01-01 2024-12-31,2020-08-30,0,46,2026-10-06T05:41:05.502057+00:00
Jurnal Risa by Risa Saraswati,Jurnal Risa,2020-01-01 2024-12-31,2020-09-06,0,47,2026-10-06T05:41:05.502057+00:00
Jurnal Risa by Risa Saraswati,Jurnal Risa,2020-01-01 2024-12-31,2020-09-13,0,46,2026-10-06T05:41:05.502057+00:00
Jurnal Risa by Risa Saraswati,Jurnal Risa,2020-01-01 2024-12-31,2020-09-20,0,43,2026-10-06T05:41:05.502057+00:00
Jurnal Risa by Risa Saraswati,Jurnal Risa,2020-01-01 2024-12-31,2020-09-27,0,41,2026-10-06T05:41:05.502057+00:00
Jurnal Risa by Risa Saraswati,Jurnal Risa,2020-01-01 2024-12-31,2020-10-04,0,41,2026-10-06T05:41:05.502057+00:00
Jurnal Risa by Risa Saraswati,Jurnal Risa,2020-01-01 2024-12-31,2020-10-11,1,42,2026-10-06T05:41:05.502057+00:00
Jurnal Risa by Risa Saraswati,Jurnal Risa,2020-01-01 2024-12-31,2020-10-18,1,41,2026-10-06T05:41:05.502057+00:00
Jurnal Risa by Risa Saraswati,Jurnal Risa,2020-01-01 2024-12-31,2020-10-25,1,54,2026-10-06T05:41:05.502057+00:00
Jurnal Risa by Risa Saraswati,Jurnal Risa,2020-01-01 2024-12-31,2020-11-01,2,44,2026-10-06T05:41:05.502057+00:00
Jurnal Risa by Risa Saraswati,Jurnal Risa,2020-01-01 2024-12-31,2020-11-08,0,45,2026-10-06T05:41:05.502057+00:00
Jurnal Risa by Risa Saraswati,Jurnal Risa,2020-01-01 2024-12-31,2020-11-15,1,43,2026-10-06T05:41:05.502057+00:00
Jurnal Risa by Risa Saraswati,Jurnal Risa,2020-01-01 2024-12-31,2020-11-22,1,44,2026-10-06T05:41:05.502057+00:00
Jurnal Risa by Risa Saraswati,Jurnal Risa,2020-01-01 2024-12-31,2020-11-29,0,42,2026-10-06T05:41:05.502057+00:00
Jurnal Risa by Risa Saraswati,Jurnal Risa,2020-01-01 2024-12-31,2020-12-06,0,46,2026-10-06T05:41:05.502057+00:00
Jurnal Risa by Risa Saraswati,Jurnal Risa,2020-01-01 2024-12-31,2020-12-13,0,51,2026-10-06T05:41:05.502057+00:00
Jurnal Risa by Risa Saraswati,Jurnal Risa,2020-01-01 2024-12-31,2020-12-20,0,64,2026-10-06T05:41:05.502057+00:00
Jurnal Risa by Risa Saraswati,Jurnal Risa,2020-01-01 2024-12-31,2020-12-27,1,89,2026-10-06T05:41:05.502057+00:00
Jurnal Risa by Risa Saraswati,Jurnal Risa,2020-01-01 2024-12-31,2021-01-03,1,55,2026-10-06T05:41:05.502057+00:00
Jurnal Risa by Risa Saraswati,Jurnal Risa,2020-01-01 2024-12-31,2021-01-10,1,45,2026-10-06T05:41:05.502057+00:00
Jurnal Risa by Risa Saraswati,Jurnal Risa,2020-01-01 2024-12-31,2021-01-17,1,45,2026-10-06T05:41:05.502057+00:00
Jurnal Risa by Risa Saraswati,Jurnal Risa,2020-01-01 2024-12-31,2021-01-24,0,45,2026-10-06T05:41:05.502057+00:00
Jurnal Risa by Risa Saraswati,Jurnal Risa,2020-01-01 2024-12-31,2021-01-31,0,41,2026-10-06T05:41:05.502057+00:00
Jurnal Risa by Risa Saraswati,Jurnal Risa,2020-01-01 2024-12-31,2021-02-07,0,43,2026-10-06T05:41:05.502057+00:00
Jurnal Risa by Risa Saraswati,Jurnal Risa,2020-01-01 2024-12-31,2021-02-14,0,41,2026-10-06T05:41:05.502057+00:00
Jurnal Risa by Risa Saraswati,Jurnal Risa,2020-01-01 2024-12-31,2021-02-21,0,39,2026-10-06T05:41:05.502057+00:00
Jurnal Risa by Risa Saraswati,Jurnal Risa,2020-01-01 2024-12-31,2021-02-28,0,37,2026-10-06T05:41:05.502057+00:00
Jurnal Risa by Risa Saraswati,Jurnal Risa,2020-01-01 2024-12-31,2021-03-07,1,40,2026-10-06T05:41:05.502057+00:00
Jurnal Risa by Risa Saraswati,Jurnal Risa,2020-01-01 2024-12-31,2021-03-14,0,37,2026-10-06T05:41:05.502057+00:00
Jurnal Risa by Risa Saraswati,Jurnal Risa,2020-01-01 2024-12-31,2021-03-21,0,37,2026-10-06T05:41:05.502057+00:00
Jurnal Risa by Risa Saraswati,Jurnal Risa,2020-01-01 2024-12-31,2021-03-28,0,40,2026-10-06T05:41:05.502057+00:00
Jurnal Risa by Risa Saraswati,Jurnal Risa,2020-01-01 2024-12-31,2021-04-04,0,41,2026-10-06T05:41:05.502057+00:00
Jurnal Risa by Risa Saraswati,Jurnal Risa,2020-01-01 2024-12-31,2021-04-11,1,43,2026-10-06T05:41:05.502057+00:00
Jurnal Risa by Risa Saraswati,Jurnal Risa,2020-01-01 2024-12-31,2021-04-18,0,42,2026-10-06T05:41:05.502057+00:00
Jurnal Risa by Risa Saraswati,Jurnal Risa,2020-01-01 2024-12-31,2021-04-25,0,41,2026-10-06T05:41:05.502057+00:00
Jurnal Risa by Risa Saraswati,Jurnal Risa,2020-01-01 2024-12-31,2021-05-02,0,39,2026-10-06T05:41:05.502057+00:00
Jurnal Risa by Risa Saraswati,Jurnal Risa,2020-01-01 2024-12-31,2021-05-09,1,51,2026-10-06T05:41:05.502057+00:00
Jurnal Risa by Risa Saraswati,Jurnal Risa,2020-01-01 2024-12-31,2021-05-16,0,49,2026-10-06T05:41:05.502057+00:00
Jurnal Risa by Risa Saraswati,Jurnal Risa,2020-01-01 2024-12-31,2021-05-23,1,42,2026-10-06T05:41:05.502057+00:00
Jurnal Risa by Risa Saraswati,Jurnal Risa,2020-01-01 2024-12-31,2021-05-30,1,46,2026-10-06T05:41:05.502057+00:00
Jurnal Risa by Risa Saraswati,Jurnal Risa,2020-01-01 2024-12-31,2021-06-06,1,46,2026-10-06T05:41:05.502057+00:00
Jurnal Risa by Risa Saraswati,Jurnal Risa,2020-01-01 2024-12-31,2021-06-13,0,49,2026-10-06T05:41:05.502057+00:00
Jurnal Risa by Risa Saraswati,Jurnal Risa,2020-01-01 2024-12-31,2021-06-20,0,51,2026-10-06T05:41:05.502057+00:00
Jurnal Risa by Risa Saraswati,Jurnal Risa,2020-01-01 2024-12-31,2021-06-27,0,52,2026-10-06T05:41:05.502057+00:00
Jurnal Risa by Risa Saraswati,Jurnal Risa,2020-01-01 2024-12-31,2021-07-04,0,51,2026-10-06T05:41:05.502057+00:00
Jurnal Risa by Risa Saraswati,Jurnal Risa,2020-01-01 2024-12-31,2021-07-11,0,49,2026-10-06T05:41:05.502057+00:00
Jurnal Risa by Risa Saraswati,Jurnal Risa,2020-01-01 2024-12-31,2021-07-18,0,49,2026-10-06T05:41:05.502057+00:00
Jurnal Risa by Risa Saraswati,Jurnal Risa,2020-01-01 2024-12-31,2021-07-25,0,40,2026-10-06T05:41:05.502057+00:00
Jurnal Risa by Risa Saraswati,Jurnal Risa,2020-01-01 2024-12-31,2021-08-01,0,39,2026-10-06T05:41:05.502057+00:00
Jurnal Risa by Risa Saraswati,Jurnal Risa,2020-01-01 2024-12-31,2021-08-08,0,41,2026-10-06T05:41:05.502057+00:00
Jurnal Risa by Risa Saraswati,Jurnal Risa,2020-01-01 2024-12-31,2021-08-15,0,44,2026-10-06T05:41:05.502057+00:00
Jurnal Risa by Risa Saraswati,Jurnal Risa,2020-01-01 2024-12-31,2021-08-22,0,42,2026-10-06T05:41:05.502057+00:00
Jurnal Risa by Risa Saraswati,Jurnal Risa,2020-01-01 2024-12-31,2021-08-29,0,46,2026-10-06T05:41:05.502057+00:00
Jurnal Risa by Risa Saraswati,Jurnal Risa,2020-01-01 2024-12-31,2021-09-05,1,40,2026-10-06T05:41:05.502057+00:00
Jurnal Risa by Risa Saraswati,Jurnal Risa,2020-01-01 2024-12-31,2021-09-12,0,39,2026-10-06T05:41:05.502057+00:00
Jurnal Risa by Risa Saraswati,Jurnal Risa,2020-01-01 2024-12-31,2021-09-19,1,34,2026-10-06T05:41:05.502057+00:00
Jurnal Risa by Risa Saraswati,Jurnal Risa,2020-01-01 2024-12-31,2021-09-26,0,35,2026-10-06T05:41:05.502057+00:00
Jurnal Risa by Risa Saraswati,Jurnal Risa,2020-01-01 2024-12-31,2021-10-03,1,37,2026-10-06T05:41:05.502057+00:00
Jurnal Risa by Risa Saraswati,Jurnal Risa,2020-01-01 2024-12-31,2021-10-10,0,39,2026-10-06T05:41:05.502057+00:00
Jurnal Risa by Risa Saraswati,Jurnal Risa,2020-01-01 2024-12-31,2021-10-17,0,43,2026-10-06T05:41:05.502057+00:00
Jurnal Risa by Risa Saraswati,Jurnal Risa,2020-01-01 2024-12-31,2021-10-24,1,40,2026-10-06T05:41:05.502057+00:00
Jurnal Risa by Risa Saraswati,Jurnal Risa,2020-01-01 2024-12-31,2021-10-31,1,50,2026-10-06T05:41:05.502057+00:00
Jurnal Risa by Risa Saraswati,Jurnal Risa,2020-01-01 2024-12-31,2021-11-07,0,46,2026-10-06T05:41:05.502057+00:00
Jurnal Risa by Risa Saraswati,Jurnal Risa,2020-01-01 2024-12-31,2021-11-14,1,52,2026-10-06T05:41:05.502057+00:00
Jurnal Risa by Risa Saraswati,Jurnal Risa,2020-01-01 2024-12-31,2021-11-21,0,50,2026-10-06T05:41:05.502057+00:00
Jurnal Risa by Risa Saraswati,Jurnal Risa,2020-01-01 2024-12-31,2021-11-28,1,40,2026-10-06T05:41:05.502057+00:00
Jurnal Risa by Risa Saraswati,Jurnal Risa,2020-01-01 2024-12-31,2021-12-05,0,45,2026-10-06T05:41:05.502057+00:00
Jurnal Risa by Risa Saraswati,Jurnal Risa,2020-01-01 2024-12-31,2021-12-12,1,49,2026-10-06T05:41:05.502057+00:00
Jurnal Risa by Risa Saraswati,Jurnal Risa,2020-01-01 2024-12-31,2021-12-19,1,59,2026-10-06T05:41:05.502057+00:00
Jurnal Risa by Risa Saraswati,Jurnal Risa,2020-01-01 2024-12-31,2021-12-26,0,79,2026-10-06T05:41:05.502057+00:00
Jurnal Risa by Risa Saraswati,Jurnal Risa,2020-01-01 2024-12-31,2022-01-02,1,62,2026-10-06T05:41:05.502057+00:00
Jurnal Risa by Risa Saraswati,Jurnal Risa,2020-01-01 2024-12-31,2022-01-09,1,66,2026-10-06T05:41:05.502057+00:00
Jurnal Risa by Risa Saraswati,Jurnal Risa,2020-01-01 2024-12-31,2022-01-16,1,49,2026-10-06T05:41:05.502057+00:00
Jurnal Risa by Risa Saraswati,Jurnal Risa,2020-01-01 2024-12-31,2022-01-23,0,51,2026-10-06T05:41:05.502057+00:00
Jurnal Risa by Risa Saraswati,Jurnal Risa,2020-01-01 2024-12-31,2022-01-30,0,50,2026-10-06T05:41:05.502057+00:00
Jurnal Risa by Risa Saraswati,Jurnal Risa,2020-01-01 2024-12-31,2022-02-06,0,49,2026-10-06T05:41:05.502057+00:00
Jurnal Risa by Risa Saraswati,Jurnal Risa,2020-01-01 2024-12-31,2022-02-13,0,54,2026-10-06T05:41:05.502057+00:00
Jurnal Risa by Risa Saraswati,Jurnal Risa,2020-01-01 2024-12-31,2022-02-20,1,47,2026-10-06T05:41:05.502057+00:00
Jurnal Risa by Risa Saraswati,Jurnal Risa,2020-01-01 2024-12-31,2022-02-27,0,55,2026-10-06T05:41:05.502057+00:00
Jurnal Risa by Risa Saraswati,Jurnal Risa,2020-01-01 2024-12-31,2022-03-06,0,41,2026-10-06T05:41:05.502057+00:00
Jurnal Risa by Risa Saraswati,Jurnal Risa,2020-01-01 2024-12-31,2022-03-13,1,43,2026-10-06T05:41:05.502057+00:00
Jurnal Risa by Risa Saraswati,Jurnal Risa,2020-01-01 2024-12-31,2022-03-20,0,46,2026-10-06T05:41:05.502057+00:00
Jurnal Risa by Risa Saraswati,Jurnal Risa,2020-01-01 2024-12-31,2022-03-27,0,43,2026-10-06T05:41:05.502057+00:00
Jurnal Risa by Risa Saraswati,Jurnal Risa,2020-01-01 2024-12-31,2022-04-03,0,45,2026-10-06T05:41:05.502057+00:00
Jurnal Risa by Risa Saraswati,Jurnal Risa,2020-01-01 2024-12-31,2022-04-10,0,47,2026-10-06T05:41:05.502057+00:00
Jurnal Risa by Risa Saraswati,Jurnal Risa,2020-01-01 2024-12-31,2022-04-17,0,51,2026-10-06T05:41:05.502057+00:00
Jurnal Risa by Risa Saraswati,Jurnal Risa,2020-01-01 2024-12-31,2022-04-24,0,55,2026-10-06T05:41:05.502057+00:00
Jurnal Risa by Risa Saraswati,Jurnal Risa,2020-01-01 2024-12-31,2022-05-01,1,97,2026-10-06T05:41:05.502057+00:00
Jurnal Risa by Risa Saraswati,Jurnal Risa,2020-01-01 2024-12-31,2022-05-08,1,75,2026-10-06T05:41:05.502057+00:00
Jurnal Risa by Risa Saraswati,Jurnal Risa,2020-01-01 2024-12-31,2022-05-15,1,62,2026-10-06T05:41:05.502057+00:00
Jurnal Risa by Risa Saraswati,Jurnal Risa,2020-01-01 2024-12-31,2022-05-22,1,58,2026-10-06T05:41:05.502057+00:00
Jurnal Risa by Risa Saraswati,Jurnal Risa,2020-01-01 2024-12-31,2022-05-29,1,53,2026-10-06T05:41:05.502057+00:00
Jurnal Risa by Risa Saraswati,Jurnal Risa,2020-01-01 2024-12-31,2022-06-05,1,48,2026-10-06T05:41:05.502057+00:00
Jurnal Risa by Risa Saraswati,Jurnal Risa,2020-01-01 2024-12-31,2022-06-12,0,50,2026-10-06T05:41:05.502057+00:00
Jurnal Risa by Risa Saraswati,Jurnal Risa,2020-01-01 2024-12-31,2022-06-19,1,59,2026-10-06T05:41:05.502057+00:00
Jurnal Risa by Risa Saraswati,Jurnal Risa,2020-01-01 2024-12-31,2022-06-26,1,56,2026-10-06T05:41:05.502057+00:00
Jurnal Risa by Risa Saraswati,Jurnal Risa,2020-01-01 2024-12-31,2022-07-03,1,54,2026-10-06T05:41:05.502057+00:00
Jurnal Risa by Risa Saraswati,Jurnal Risa,2020-01-01 2024-12-31,2022-07-10,1,59,2026-10-06T05:41:05.502057+00:00
Jurnal Risa by Risa Saraswati,Jurnal Risa,2020-01-01 2024-12-31,2022-07-17,1,54,2026-10-06T05:41:05.502057+00:00
Jurnal Risa by Risa Saraswati,Jurnal Risa,2020-01-01 2024-12-31,2022-07-24,1,47,2026-10-06T05:41:05.502057+00:00
Jurnal Risa by Risa Saraswati,Jurnal Risa,2020-01-01 2024-12-31,2022-07-31,1,54,2026-10-06T05:41:05.502057+00:00
Jurnal Risa by Risa Saraswati,Jurnal Risa,2020-01-01 2024-12-31,2022-08-07,1,52,2026-10-06T05:41:05.502057+00:00
Jurnal Risa by Risa Saraswati,Jurnal Risa,2020-01-01 2024-12-31,2022-08-14,1,54,2026-10-06T05:41:05.502057+00:00
Jurnal Risa by Risa Saraswati,Jurnal Risa,2020-01-01 2024-12-31,2022-08-21,0,48,2026-10-06T05:41:05.502057+00:00
Jurnal Risa by Risa Saraswati,Jurnal Risa,2020-01-01 2024-12-31,2022-08-28,1,46,2026-10-06T05:41:05.502057+00:00
Jurnal Risa by Risa Saraswati,Jurnal Risa,2020-01-01 2024-12-31,2022-09-04,0,47,2026-10-06T05:41:05.502057+00:00
Jurnal Risa by Risa Saraswati,Jurnal Risa,2020-01-01 2024-12-31,2022-09-11,1,42,2026-10-06T05:41:05.502057+00:00
Jurnal Risa by Risa Saraswati,Jurnal Risa,2020-01-01 2024-12-31,2022-09-18,1,42,2026-10-06T05:41:05.502057+00:00
Jurnal Risa by Risa Saraswati,Jurnal Risa,2020-01-01 2024-12-31,2022-09-25,1,41,2026-10-06T05:41:05.502057+00:00
Jurnal Risa by Risa Saraswati,Jurnal Risa,2020-01-01 2024-12-31,2022-10-02,0,46,2026-10-06T05:41:05.502057+00:00
Jurnal Risa by Risa Saraswati,Jurnal Risa,2020-01-01 2024-12-31,2022-10-09,1,54,2026-10-06T05:41:05.502057+00:00
Jurnal Risa by Risa Saraswati,Jurnal Risa,2020-01-01 2024-12-31,2022-10-16,1,53,2026-10-06T05:41:05.502057+00:00
Jurnal Risa by Risa Saraswati,Jurnal Risa,2020-01-01 2024-12-31,2022-10-23,1,48,2026-10-06T05:41:05.502057+00:00
Jurnal Risa by Risa Saraswati,Jurnal Risa,2020-01-01 2024-12-31,2022-10-30,1,50,2026-10-06T05:41:05.502057+00:00
Jurnal Risa by Risa Saraswati,Jurnal Risa,2020-01-01 2024-12-31,2022-11-06,1,52,2026-10-06T05:41:05.502057+00:00
Jurnal Risa by Risa Saraswati,Jurnal Risa,2020-01-01 2024-12-31,2022-11-13,1,53,2026-10-06T05:41:05.502057+00:00
Jurnal Risa by Risa Saraswati,Jurnal Risa,2020-01-01 2024-12-31,2022-11-20,0,44,2026-10-06T05:41:05.502057+00:00
Jurnal Risa by Risa Saraswati,Jurnal Risa,2020-01-01 2024-12-31,2022-11-27,1,43,2026-10-06T05:41:05.502057+00:00
Jurnal Risa by Risa Saraswati,Jurnal Risa,2020-01-01 2024-12-31,2022-12-04,1,41,2026-10-06T05:41:05.502057+00:00
Jurnal Risa by Risa Saraswati,Jurnal Risa,2020-01-01 2024-12-31,2022-12-11,1,52,2026-10-06T05:41:05.502057+00:00
Jurnal Risa by Risa Saraswati,Jurnal Risa,2020-01-01 2024-12-31,2022-12-18,1,58,2026-10-06T05:41:05.502057+00:00
Jurnal Risa by Risa Saraswati,Jurnal Risa,2020-01-01 2024-12-31,2022-12-25,1,100,2026-10-06T05:41:05.502057+00:00
Jurnal Risa by Risa Saraswati,Jurnal Risa,2020-01-01 2024-12-31,2023-01-01,1,63,2026-10-06T05:41:05.502057+00:00
Jurnal Risa by Risa Saraswati,Jurnal Risa,2020-01-01 2024-12-31,2023-01-08,1,50,2026-10-06T05:41:05.502057+00:00
Jurnal Risa by Risa Saraswati,Jurnal Risa,2020-01-01 2024-12-31,2023-01-15,1,48,2026-10-06T05:41:05.502057+00:00
Jurnal Risa by Risa Saraswati,Jurnal Risa,2020-01-01 2024-12-31,2023-01-22,1,55,2026-10-06T05:41:05.502057+00:00
Jurnal Risa by Risa Saraswati,Jurnal Risa,2020-01-01 2024-12-31,2023-01-29,1,48,2026-10-06T05:41:05.502057+00:00
Jurnal Risa by Risa Saraswati,Jurnal Risa,2020-01-01 2024-12-31,2023-02-05,1,51,2026-10-06T05:41:05.502057+00:00
Jurnal Risa by Risa Saraswati,Jurnal Risa,2020-01-01 2024-12-31,2023-02-12,1,55,2026-10-06T05:41:05.502057+00:00
Jurnal Risa by Risa Saraswati,Jurnal Risa,2020-01-01 2024-12-31,2023-02-19,2,50,2026-10-06T05:41:05.502057+00:00
Jurnal Risa by Risa Saraswati,Jurnal Risa,2020-01-01 2024-12-31,2023-02-26,1,50,2026-10-06T05:41:05.502057+00:00
Jurnal Risa by Risa Saraswati,Jurnal Risa,2020-01-01 2024-12-31,2023-03-05,1,46,2026-10-06T05:41:05.502057+00:00
Jurnal Risa by Risa Saraswati,Jurnal Risa,2020-01-01 2024-12-31,2023-03-12,1,46,2026-10-06T05:41:05.502057+00:00
Jurnal Risa by Risa Saraswati,Jurnal Risa,2020-01-01 2024-12-31,2023-03-19,1,56,2026-10-06T05:41:05.502057+00:00
Jurnal Risa by Risa Saraswati,Jurnal Risa,2020-01-01 2024-12-31,2023-03-26,1,46,2026-10-06T05:41:05.502057+00:00
Jurnal Risa by Risa Saraswati,Jurnal Risa,2020-01-01 2024-12-31,2023-04-02,1,45,2026-10-06T05:41:05.502057+00:00
Jurnal Risa by Risa Saraswati,Jurnal Risa,2020-01-01 2024-12-31,2023-04-09,2,46,2026-10-06T05:41:05.502057+00:00
Jurnal Risa by Risa Saraswati,Jurnal Risa,2020-01-01 2024-12-31,2023-04-16,2,59,2026-10-06T05:41:05.502057+00:00
Jurnal Risa by Risa Saraswati,Jurnal Risa,2020-01-01 2024-12-31,2023-04-23,3,83,2026-10-06T05:41:05.502057+00:00
Jurnal Risa by Risa Saraswati,Jurnal Risa,2020-01-01 2024-12-31,2023-04-30,2,69,2026-10-06T05:41:05.502057+00:00
Jurnal Risa by Risa Saraswati,Jurnal Risa,2020-01-01 2024-12-31,2023-05-07,2,57,2026-10-06T05:41:05.502057+00:00
Jurnal Risa by Risa Saraswati,Jurnal Risa,2020-01-01 2024-12-31,2023-05-14,3,61,2026-10-06T05:41:05.502057+00:00
Jurnal Risa by Risa Saraswati,Jurnal Risa,2020-01-01 2024-12-31,2023-05-21,3,58,2026-10-06T05:41:05.502057+00:00
Jurnal Risa by Risa Saraswati,Jurnal Risa,2020-01-01 2024-12-31,2023-05-28,6,54,2026-10-06T05:41:05.502057+00:00
Jurnal Risa by Risa Saraswati,Jurnal Risa,2020-01-01 2024-12-31,2023-06-04,5,48,2026-10-06T05:41:05.502057+00:00
Jurnal Risa by Risa Saraswati,Jurnal Risa,2020-01-01 2024-12-31,2023-06-11,5,50,2026-10-06T05:41:05.502057+00:00
Jurnal Risa by Risa Saraswati,Jurnal Risa,2020-01-01 2024-12-31,2023-06-18,5,55,2026-10-06T05:41:05.502057+00:00
Jurnal Risa by Risa Saraswati,Jurnal Risa,2020-01-01 2024-12-31,2023-06-25,6,64,2026-10-06T05:41:05.502057+00:00
Jurnal Risa by Risa Saraswati,Jurnal Risa,2020-01-01 2024-12-31,2023-07-02,7,59,2026-10-06T05:41:05.502057+00:00
Jurnal Risa by Risa Saraswati,Jurnal Risa,2020-01-01 2024-12-31,2023-07-09,7,59,2026-10-06T05:41:05.502057+00:00
Jurnal Risa by Risa Saraswati,Jurnal Risa,2020-01-01 2024-12-31,2023-07-16,6,59,2026-10-06T05:41:05.502057+00:00
Jurnal Risa by Risa Saraswati,Jurnal Risa,2020-01-01 2024-12-31,2023-07-23,4,50,2026-10-06T05:41:05.502057+00:00
Jurnal Risa by Risa Saraswati,Jurnal Risa,2020-01-01 2024-12-31,2023-07-30,3,47,2026-10-06T05:41:05.502057+00:00
Jurnal Risa by Risa Saraswati,Jurnal Risa,2020-01-01 2024-12-31,2023-08-06,2,51,2026-10-06T05:41:05.502057+00:00
Jurnal Risa by Risa Saraswati,Jurnal Risa,2020-01-01 2024-12-31,2023-08-13,3,53,2026-10-06T05:41:05.502057+00:00
Jurnal Risa by Risa Saraswati,Jurnal Risa,2020-01-01 2024-12-31,2023-08-20,2,48,2026-10-06T05:41:05.502057+00:00
Jurnal Risa by Risa Saraswati,Jurnal Risa,2020-01-01 2024-12-31,2023-08-27,2,50,2026-10-06T05:41:05.502057+00:00
Jurnal Risa by Risa Saraswati,Jurnal Risa,2020-01-01 2024-12-31,2023-09-03,2,55,2026-10-06T05:41:05.502057+00:00
Jurnal Risa by Risa Saraswati,Jurnal Risa,2020-01-01 2024-12-31,2023-09-10,3,50,2026-10-06T05:41:05.502057+00:00
Jurnal Risa by Risa Saraswati,Jurnal Risa,2020-01-01 2024-12-31,2023-09-17,2,52,2026-10-06T05:41:05.502057+00:00
Jurnal Risa by Risa Saraswati,Jurnal Risa,2020-01-01 2024-12-31,2023-09-24,2,53,2026-10-06T05:41:05.502057+00:00
Jurnal Risa by Risa Saraswati,Jurnal Risa,2020-01-01 2024-12-31,2023-10-01,2,57,2026-10-06T05:41:05.502057+00:00
Jurnal Risa by Risa Saraswati,Jurnal Risa,2020-01-01 2024-12-31,2023-10-08,2,58,2026-10-06T05:41:05.502057+00:00
Jurnal Risa by Risa Saraswati,Jurnal Risa,2020-01-01 2024-12-31,2023-10-15,2,55,2026-10-06T05:41:05.502057+00:00
Jurnal Risa by Risa Saraswati,Jurnal Risa,2020-01-01 2024-12-31,2023-10-22,2,57,2026-10-06T05:41:05.502057+00:00
Jurnal Risa by Risa Saraswati,Jurnal Risa,2020-01-01 2024-12-31,2023-10-29,2,56,2026-10-06T05:41:05.502057+00:00
Jurnal Risa by Risa Saraswati,Jurnal Risa,2020-01-01 2024-12-31,2023-11-05,2,52,2026-10-06T05:41:05.502057+00:00
Jurnal Risa by Risa Saraswati,Jurnal Risa,2020-01-01 2024-12-31,2023-11-12,2,54,2026-10-06T05:41:05.502057+00:00
Jurnal Risa by Risa Saraswati,Jurnal Risa,2020-01-01 2024-12-31,2023-11-19,2,52,2026-10-06T05:41:05.502057+00:00
Jurnal Risa by Risa Saraswati,Jurnal Risa,2020-01-01 2024-12-31,2023-11-26,1,49,2026-10-06T05:41:05.502057+00:00
Jurnal Risa by Risa Saraswati,Jurnal Risa,2020-01-01 2024-12-31,2023-12-03,2,50,2026-10-06T05:41:05.502057+00:00
Jurnal Risa by Risa Saraswati,Jurnal Risa,2020-01-01 2024-12-31,2023-12-10,2,58,2026-10-06T05:41:05.502057+00:00
Jurnal Risa by Risa Saraswati,Jurnal Risa,2020-01-01 2024-12-31,2023-12-17,2,60,2026-10-06T05:41:05.502057+00:00
Jurnal Risa by Risa Saraswati,Jurnal Risa,2020-01-01 2024-12-31,2023-12-24,3,88,2026-10-06T05:41:05.502057+00:00
Jurnal Risa by Risa Saraswati,Jurnal Risa,2020-01-01 2024-12-31,2023-12-31,2,67,2026-10-06T05:41:05.502057+00:00
Jurnal Risa by Risa Saraswati,Jurnal Risa,2020-01-01 2024-12-31,2024-01-07,1,51,2026-10-06T05:41:05.502057+00:00
Jurnal Risa by Risa Saraswati,Jurnal Risa,2020-01-01 2024-12-31,2024-01-14,1,49,2026-10-06T05:41:05.502057+00:00
Jurnal Risa by Risa Saraswati,Jurnal Risa,2020-01-01 2024-12-31,2024-01-21,1,48,2026-10-06T05:41:05.502057+00:00
Jurnal Risa by Risa Saraswati,Jurnal Risa,2020-01-01 2024-12-31,2024-01-28,1,53,2026-10-06T05:41:05.502057+00:00
Jurnal Risa by Risa Saraswati,Jurnal Risa,2020-01-01 2024-12-31,2024-02-04,2,57,2026-10-06T05:41:05.502057+00:00
Jurnal Risa by Risa Saraswati,Jurnal Risa,2020-01-01 2024-12-31,2024-02-11,2,53,2026-10-06T05:41:05.502057+00:00
Jurnal Risa by Risa Saraswati,Jurnal Risa,2020-01-01 2024-12-31,2024-02-18,2,49,2026-10-06T05:41:05.502057+00:00
Jurnal Risa by Risa Saraswati,Jurnal Risa,2020-01-01 2024-12-31,2024-02-25,1,54,2026-10-06T05:41:05.502057+00:00
Jurnal Risa by Risa Saraswati,Jurnal Risa,2020-01-01 2024-12-31,2024-03-03,1,51,2026-10-06T05:41:05.502057+00:00
Jurnal Risa by Risa Saraswati,Jurnal Risa,2020-01-01 2024-12-31,2024-03-10,1,56,2026-10-06T05:41:05.502057+00:00
Jurnal Risa by Risa Saraswati,Jurnal Risa,2020-01-01 2024-12-31,2024-03-17,1,47,2026-10-06T05:41:05.502057+00:00
Jurnal Risa by Risa Saraswati,Jurnal Risa,2020-01-01 2024-12-31,2024-03-24,2,51,2026-10-06T05:41:05.502057+00:00
Jurnal Risa by Risa Saraswati,Jurnal Risa,2020-01-01 2024-12-31,2024-03-31,1,47,2026-10-06T05:41:05.502057+00:00
Jurnal Risa by Risa Saraswati,Jurnal Risa,2020-01-01 2024-12-31,2024-04-07,2,69,2026-10-06T05:41:05.502057+00:00
Jurnal Risa by Risa Saraswati,Jurnal Risa,2020-01-01 2024-12-31,2024-04-14,1,60,2026-10-06T05:41:05.502057+00:00
Jurnal Risa by Risa Saraswati,Jurnal Risa,2020-01-01 2024-12-31,2024-04-21,1,48,2026-10-06T05:41:05.502057+00:00
Jurnal Risa by Risa Saraswati,Jurnal Risa,2020-01-01 2024-12-31,2024-04-28,2,46,2026-10-06T05:41:05.502057+00:00
Jurnal Risa by Risa Saraswati,Jurnal Risa,2020-01-01 2024-12-31,2024-05-05,1,53,2026-10-06T05:41:05.502057+00:00
Jurnal Risa by Risa Saraswati,Jurnal Risa,2020-01-01 2024-12-31,2024-05-12,1,54,2026-10-06T05:41:05.502057+00:00
Jurnal Risa by Risa Saraswati,Jurnal Risa,2020-01-01 2024-12-31,2024-05-19,2,51,2026-10-06T05:41:05.502057+00:00
Jurnal Risa by Risa Saraswati,Jurnal Risa,2020-01-01 2024-12-31,2024-05-26,2,41,2026-10-06T05:41:05.502057+00:00
Jurnal Risa by Risa Saraswati,Jurnal Risa,2020-01-01 2024-12-31,2024-06-02,2,36,2026-10-06T05:41:05.502057+00:00
Jurnal Risa by Risa Saraswati,Jurnal Risa,2020-01-01 2024-12-31,2024-06-09,2,41,2026-10-06T05:41:05.502057+00:00
Jurnal Risa by Risa Saraswati,Jurnal Risa,2020-01-01 2024-12-31,2024-06-16,3,51,2026-10-06T05:41:05.502057+00:00
Jurnal Risa by Risa Saraswati,Jurnal Risa,2020-01-01 2024-12-31,2024-06-23,4,48,2026-10-06T05:41:05.502057+00:00
Jurnal Risa by Risa Saraswati,Jurnal Risa,2020-01-01 2024-12-31,2024-06-30,6,53,2026-10-06T05:41:05.502057+00:00
Jurnal Risa by Risa Saraswati,Jurnal Risa,2020-01-01 2024-12-31,2024-07-07,30,52,2026-10-06T05:41:05.502057+00:00
Jurnal Risa by Risa Saraswati,Jurnal Risa,2020-01-01 2024-12-31,2024-07-14,21,50,2026-10-06T05:41:05.502057+00:00
Jurnal Risa by Risa Saraswati,Jurnal Risa,2020-01-01 2024-12-31,2024-07-21,10,51,2026-10-06T05:41:05.502057+00:00
Jurnal Risa by Risa Saraswati,Jurnal Risa,2020-01-01 2024-12-31,2024-07-28,6,50,2026-10-06T05:41:05.502057+00:00
Jurnal Risa by Risa Saraswati,Jurnal Risa,2020-01-01 2024-12-31,2024-08-04,4,46,2026-10-06T05:41:05.502057+00:00
Jurnal Risa by Risa Saraswati,Jurnal Risa,2020-01-01 2024-12-31,2024-08-11,2,51,2026-10-06T05:41:05.502057+00:00
Jurnal Risa by Risa Saraswati,Jurnal Risa,2020-01-01 2024-12-31,2024-08-18,2,48,2026-10-06T05:41:05.502057+00:00
Jurnal Risa by Risa Saraswati,Jurnal Risa,2020-01-01 2024-12-31,2024-08-25,2,48,2026-10-06T05:41:05.502057+00:00
Jurnal Risa by Risa Saraswati,Jurnal Risa,2020-01-01 2024-12-31,2024-09-01,2,45,2026-10-06T05:41:05.502057+00:00
Jurnal Risa by Risa Saraswati,Jurnal Risa,2020-01-01 2024-12-31,2024-09-08,3,50,2026-10-06T05:41:05.502057+00:00
Jurnal Risa by Risa Saraswati,Jurnal Risa,2020-01-01 2024-12-31,2024-09-15,4,57,2026-10-06T05:41:05.502057+00:00
Jurnal Risa by Risa Saraswati,Jurnal Risa,2020-01-01 2024-12-31,2024-09-22,2,54,2026-10-06T05:41:05.502057+00:00
Jurnal Risa by Risa Saraswati,Jurnal Risa,2020-01-01 2024-12-31,2024-09-29,2,54,2026-10-06T05:41:05.502057+00:00
Jurnal Risa by Risa Saraswati,Jurnal Risa,2020-01-01 2024-12-31,2024-10-06,2,52,2026-10-06T05:41:05.502057+00:00
Jurnal Risa by Risa Saraswati,Jurnal Risa,2020-01-01 2024-12-31,2024-10-13,2,50,2026-10-06T05:41:05.502057+00:00
Jurnal Risa by Risa Saraswati,Jurnal Risa,2020-01-01 2024-12-31,2024-10-20,2,50,2026-10-06T05:41:05.502057+00:00
Jurnal Risa by Risa Saraswati,Jurnal Risa,2020-01-01 2024-12-31,2024-10-27,2,50,2026-10-06T05:41:05.502057+00:00
Jurnal Risa by Risa Saraswati,Jurnal Risa,2020-01-01 2024-12-31,2024-11-03,7,61,2026-10-06T05:41:05.502057+00:00
Jurnal Risa by Risa Saraswati,Jurnal Risa,2020-01-01 2024-12-31,2024-11-10,17,56,2026-10-06T05:41:05.502057+00:00
Jurnal Risa by Risa Saraswati,Jurnal Risa,2020-01-01 2024-12-31,2024-11-17,8,61,2026-10-06T05:41:05.502057+00:00
Jurnal Risa by Risa Saraswati,Jurnal Risa,2020-01-01 2024-12-31,2024-11-24,6,59,2026-10-06T05:41:05.502057+00:00
Jurnal Risa by Risa Saraswati,Jurnal Risa,2020-01-01 2024-12-31,2024-12-01,3,52,2026-10-06T05:41:05.502057+00:00
Jurnal Risa by Risa Saraswati,Jurnal Risa,2020-01-01 2024-12-31,2024-12-08,3,56,2026-10-06T05:41:05.502057+00:00
Jurnal Risa by Risa Saraswati,Jurnal Risa,2020-01-01 2024-12-31,2024-12-15,3,65,2026-10-06T05:41:05.502057+00:00
Jurnal Risa by Risa Saraswati,Jurnal Risa,2020-01-01 2024-12-31,2024-12-22,3,77,2026-10-06T05:41:05.502057+00:00
Jurnal Risa by Risa Saraswati,Jurnal Risa,2020-01-01 2024-12-31,2024-12-29,3,79,2026-10-06T05:41:05.502057+00:00
Jurnal Risa by Risa Saraswati,Jurnal Risa,2022-01-01 2026-10-06,2021-12-26,0,73,2026-10-06T05:41:47.372271+00:00
Jurnal Risa by Risa Saraswati,Jurnal Risa,2022-01-01 2026-10-06,2022-01-02,1,57,2026-10-06T05:41:47.372271+00:00
Jurnal Risa by Risa Saraswati,Jurnal Risa,2022-01-01 2026-10-06,2022-01-09,1,61,2026-10-06T05:41:47.372271+00:00
Jurnal Risa by Risa Saraswati,Jurnal Risa,2022-01-01 2026-10-06,2022-01-16,0,46,2026-10-06T05:41:47.372271+00:00
Jurnal Risa by Risa Saraswati,Jurnal Risa,2022-01-01 2026-10-06,2022-01-23,0,47,2026-10-06T05:41:47.372271+00:00
Jurnal Risa by Risa Saraswati,Jurnal Risa,2022-01-01 2026-10-06,2022-01-30,0,46,2026-10-06T05:41:47.372271+00:00
Jurnal Risa by Risa Saraswati,Jurnal Risa,2022-01-01 2026-10-06,2022-02-06,0,46,2026-10-06T05:41:47.372271+00:00
Jurnal Risa by Risa Saraswati,Jurnal Risa,2022-01-01 2026-10-06,2022-02-13,0,50,2026-10-06T05:41:47.372271+00:00
Jurnal Risa by Risa Saraswati,Jurnal Risa,2022-01-01 2026-10-06,2022-02-20,0,44,2026-10-06T05:41:47.372271+00:00
Jurnal Risa by Risa Saraswati,Jurnal Risa,2022-01-01 2026-10-06,2022-02-27,0,51,2026-10-06T05:41:47.372271+00:00
Jurnal Risa by Risa Saraswati,Jurnal Risa,2022-01-01 2026-10-06,2022-03-06,0,38,2026-10-06T05:41:47.372271+00:00
Jurnal Risa by Risa Saraswati,Jurnal Risa,2022-01-01 2026-10-06,2022-03-13,1,40,2026-10-06T05:41:47.372271+00:00
Jurnal Risa by Risa Saraswati,Jurnal Risa,2022-01-01 2026-10-06,2022-03-20,0,42,2026-10-06T05:41:47.372271+00:00
Jurnal Risa by Risa Saraswati,Jurnal Risa,2022-01-01 2026-10-06,2022-03-27,0,40,2026-10-06T05:41:47.372271+00:00
Jurnal Risa by Risa Saraswati,Jurnal Risa,2022-01-01 2026-10-06,2022-04-03,0,42,2026-10-06T05:41:47.372271+00:00
Jurnal Risa by Risa Saraswati,Jurnal Risa,2022-01-01 2026-10-06,2022-04-10,0,43,2026-10-06T05:41:47.372271+00:00
Jurnal Risa by Risa Saraswati,Jurnal Risa,2022-01-01 2026-10-06,2022-04-17,0,47,2026-10-06T05:41:47.372271+00:00
Jurnal Risa by Risa Saraswati,Jurnal Risa,2022-01-01 2026-10-06,2022-04-24,0,51,2026-10-06T05:41:47.372271+00:00
Jurnal Risa by Risa Saraswati,Jurnal Risa,2022-01-01 2026-10-06,2022-05-01,1,90,2026-10-06T05:41:47.372271+00:00
Jurnal Risa by Risa Saraswati,Jurnal Risa,2022-01-01 2026-10-06,2022-05-08,1,69,2026-10-06T05:41:47.372271+00:00
Jurnal Risa by Risa Saraswati,Jurnal Risa,2022-01-01 2026-10-06,2022-05-15,0,57,2026-10-06T05:41:47.372271+00:00
Jurnal Risa by Risa Saraswati,Jurnal Risa,2022-01-01 2026-10-06,2022-05-22,1,53,2026-10-06T05:41:47.372271+00:00
Jurnal Risa by Risa Saraswati,Jurnal Risa,2022-01-01 2026-10-06,2022-05-29,1,49,2026-10-06T05:41:47.372271+00:00
Jurnal Risa by Risa Saraswati,Jurnal Risa,2022-01-01 2026-10-06,2022-06-05,1,44,2026-10-06T05:41:47.372271+00:00
Jurnal Risa by Risa Saraswati,Jurnal Risa,2022-01-01 2026-10-06,2022-06-12,0,46,2026-10-06T05:41:47.372271+00:00
Jurnal Risa by Risa Saraswati,Jurnal Risa,2022-01-01 2026-10-06,2022-06-19,1,54,2026-10-06T05:41:47.372271+00:00
Jurnal Risa by Risa Saraswati,Jurnal Risa,2022-01-01 2026-10-06,2022-06-26,1,52,2026-10-06T05:41:47.372271+00:00
Jurnal Risa by Risa Saraswati,Jurnal Risa,2022-01-01 2026-10-06,2022-07-03,1,50,2026-10-06T05:41:47.372271+00:00
Jurnal Risa by Risa Saraswati,Jurnal Risa,2022-01-01 2026-10-06,2022-07-10,1,55,2026-10-06T05:41:47.372271+00:00
Jurnal Risa by Risa Saraswati,Jurnal Risa,2022-01-01 2026-10-06,2022-07-17,1,50,2026-10-06T05:41:47.372271+00:00
Jurnal Risa by Risa Saraswati,Jurnal Risa,2022-01-01 2026-10-06,2022-07-24,1,44,2026-10-06T05:41:47.372271+00:00
Jurnal Risa by Risa Saraswati,Jurnal Risa,2022-01-01 2026-10-06,2022-07-31,1,50,2026-10-06T05:41:47.372271+00:00
Jurnal Risa by Risa Saraswati,Jurnal Risa,2022-01-01 2026-10-06,2022-08-07,0,48,2026-10-06T05:41:47.372271+00:00
Jurnal Risa by Risa Saraswati,Jurnal Risa,2022-01-01 2026-10-06,2022-08-14,1,50,2026-10-06T05:41:47.372271+00:00
Jurnal Risa by Risa Saraswati,Jurnal Risa,2022-01-01 2026-10-06,2022-08-21,0,44,2026-10-06T05:41:47.372271+00:00
Jurnal Risa by Risa Saraswati,Jurnal Risa,2022-01-01 2026-10-06,2022-08-28,0,42,2026-10-06T05:41:47.372271+00:00
Jurnal Risa by Risa Saraswati,Jurnal Risa,2022-01-01 2026-10-06,2022-09-04,0,43,2026-10-06T05:41:47.372271+00:00
Jurnal Risa by Risa Saraswati,Jurnal Risa,2022-01-01 2026-10-06,2022-09-11,1,39,2026-10-06T05:41:47.372271+00:00
Jurnal Risa by Risa Saraswati,Jurnal Risa,2022-01-01 2026-10-06,2022-09-18,1,39,2026-10-06T05:41:47.372271+00:00
Jurnal Risa by Risa Saraswati,Jurnal Risa,2022-01-01 2026-10-06,2022-09-25,0,38,2026-10-06T05:41:47.372271+00:00
Jurnal Risa by Risa Saraswati,Jurnal Risa,2022-01-01 2026-10-06,2022-10-02,0,43,2026-10-06T05:41:47.372271+00:00
Jurnal Risa by Risa Saraswati,Jurnal Risa,2022-01-01 2026-10-06,2022-10-09,1,50,2026-10-06T05:41:47.372271+00:00
Jurnal Risa by Risa Saraswati,Jurnal Risa,2022-01-01 2026-10-06,2022-10-16,1,49,2026-10-06T05:41:47.372271+00:00
Jurnal Risa by Risa Saraswati,Jurnal Risa,2022-01-01 2026-10-06,2022-10-23,1,45,2026-10-06T05:41:47.372271+00:00
Jurnal Risa by Risa Saraswati,Jurnal Risa,2022-01-01 2026-10-06,2022-10-30,1,46,2026-10-06T05:41:47.372271+00:00
Jurnal Risa by Risa Saraswati,Jurnal Risa,2022-01-01 2026-10-06,2022-11-06,1,48,2026-10-06T05:41:47.372271+00:00
Jurnal Risa by Risa Saraswati,Jurnal Risa,2022-01-01 2026-10-06,2022-11-13,1,49,2026-10-06T05:41:47.372271+00:00
Jurnal Risa by Risa Saraswati,Jurnal Risa,2022-01-01 2026-10-06,2022-11-20,0,41,2026-10-06T05:41:47.372271+00:00
Jurnal Risa by Risa Saraswati,Jurnal Risa,2022-01-01 2026-10-06,2022-11-27,1,40,2026-10-06T05:41:47.372271+00:00
Jurnal Risa by Risa Saraswati,Jurnal Risa,2022-01-01 2026-10-06,2022-12-04,1,38,2026-10-06T05:41:47.372271+00:00
Jurnal Risa by Risa Saraswati,Jurnal Risa,2022-01-01 2026-10-06,2022-12-11,1,48,2026-10-06T05:41:47.372271+00:00
Jurnal Risa by Risa Saraswati,Jurnal Risa,2022-01-01 2026-10-06,2022-12-18,1,53,2026-10-06T05:41:47.372271+00:00
Jurnal Risa by Risa Saraswati,Jurnal Risa,2022-01-01 2026-10-06,2022-12-25,1,92,2026-10-06T05:41:47.372271+00:00
Jurnal Risa by Risa Saraswati,Jurnal Risa,2022-01-01 2026-10-06,2023-01-01,1,58,2026-10-06T05:41:47.372271+00:00
Jurnal Risa by Risa Saraswati,Jurnal Risa,2022-01-01 2026-10-06,2023-01-08,1,46,2026-10-06T05:41:47.372271+00:00
Jurnal Risa by Risa Saraswati,Jurnal Risa,2022-01-01 2026-10-06,2023-01-15,1,44,2026-10-06T05:41:47.372271+00:00
Jurnal Risa by Risa Saraswati,Jurnal Risa,2022-01-01 2026-10-06,2023-01-22,1,51,2026-10-06T05:41:47.372271+00:00
Jurnal Risa by Risa Saraswati,Jurnal Risa,2022-01-01 2026-10-06,2023-01-29,1,44,2026-10-06T05:41:47.372271+00:00
Jurnal Risa by Risa Saraswati,Jurnal Risa,2022-01-01 2026-10-06,2023-02-05,1,47,2026-10-06T05:41:47.372271+00:00
Jurnal Risa by Risa Saraswati,Jurnal Risa,2022-01-01 2026-10-06,2023-02-12,1,51,2026-10-06T05:41:47.372271+00:00
Jurnal Risa by Risa Saraswati,Jurnal Risa,2022-01-01 2026-10-06,2023-02-19,1,46,2026-10-06T05:41:47.372271+00:00
Jurnal Risa by Risa Saraswati,Jurnal Risa,2022-01-01 2026-10-06,2023-02-26,1,46,2026-10-06T05:41:47.372271+00:00
Jurnal Risa by Risa Saraswati,Jurnal Risa,2022-01-01 2026-10-06,2023-03-05,1,43,2026-10-06T05:41:47.372271+00:00
Jurnal Risa by Risa Saraswati,Jurnal Risa,2022-01-01 2026-10-06,2023-03-12,1,42,2026-10-06T05:41:47.372271+00:00
Jurnal Risa by Risa Saraswati,Jurnal Risa,2022-01-01 2026-10-06,2023-03-19,1,52,2026-10-06T05:41:47.372271+00:00
Jurnal Risa by Risa Saraswati,Jurnal Risa,2022-01-01 2026-10-06,2023-03-26,1,43,2026-10-06T05:41:47.372271+00:00
Jurnal Risa by Risa Saraswati,Jurnal Risa,2022-01-01 2026-10-06,2023-04-02,1,41,2026-10-06T05:41:47.372271+00:00
Jurnal Risa by Risa Saraswati,Jurnal Risa,2022-01-01 2026-10-06,2023-04-09,2,43,2026-10-06T05:41:47.372271+00:00
Jurnal Risa by Risa Saraswati,Jurnal Risa,2022-01-01 2026-10-06,2023-04-16,2,54,2026-10-06T05:41:47.372271+00:00
Jurnal Risa by Risa Saraswati,Jurnal Risa,2022-01-01 2026-10-06,2023-04-23,3,77,2026-10-06T05:41:47.372271+00:00
Jurnal Risa by Risa Saraswati,Jurnal Risa,2022-01-01 2026-10-06,2023-04-30,2,63,2026-10-06T05:41:47.372271+00:00
Jurnal Risa by Risa Saraswati,Jurnal Risa,2022-01-01 2026-10-06,2023-05-07,2,53,2026-10-06T05:41:47.372271+00:00
Jurnal Risa by Risa Saraswati,Jurnal Risa,2022-01-01 2026-10-06,2023-05-14,3,56,2026-10-06T05:41:47.372271+00:00
Jurnal Risa by Risa Saraswati,Jurnal Risa,2022-01-01 2026-10-06,2023-05-21,3,54,2026-10-06T05:41:47.372271+00:00
Jurnal Risa by Risa Saraswati,Jurnal Risa,2022-01-01 2026-10-06,2023-05-28,5,50,2026-10-06T05:41:47.372271+00:00
Jurnal Risa by Risa Saraswati,Jurnal Risa,2022-01-01 2026-10-06,2023-06-04,4,44,2026-10-06T05:41:47.372271+00:00
Jurnal Risa by Risa Saraswati,Jurnal Risa,2022-01-01 2026-10-06,2023-06-11,5,47,2026-10-06T05:41:47.372271+00:00
Jurnal Risa by Risa Saraswati,Jurnal Risa,2022-01-01 2026-10-06,2023-06-18,5,50,2026-10-06T05:41:47.372271+00:00
Jurnal Risa by Risa Saraswati,Jurnal Risa,2022-01-01 2026-10-06,2023-06-25,6,59,2026-10-06T05:41:47.372271+00:00
Jurnal Risa by Risa Saraswati,Jurnal Risa,2022-01-01 2026-10-06,2023-07-02,6,55,2026-10-06T05:41:47.372271+00:00
Jurnal Risa by Risa Saraswati,Jurnal Risa,2022-01-01 2026-10-06,2023-07-09,7,55,2026-10-06T05:41:47.372271+00:00
Jurnal Risa by Risa Saraswati,Jurnal Risa,2022-01-01 2026-10-06,2023-07-16,5,54,2026-10-06T05:41:47.372271+00:00
Jurnal Risa by Risa Saraswati,Jurnal Risa,2022-01-01 2026-10-06,2023-07-23,4,47,2026-10-06T05:41:47.372271+00:00
Jurnal Risa by Risa Saraswati,Jurnal Risa,2022-01-01 2026-10-06,2023-07-30,3,44,2026-10-06T05:41:47.372271+00:00
Jurnal Risa by Risa Saraswati,Jurnal Risa,2022-01-01 2026-10-06,2023-08-06,2,47,2026-10-06T05:41:47.372271+00:00
Jurnal Risa by Risa Saraswati,Jurnal Risa,2022-01-01 2026-10-06,2023-08-13,2,49,2026-10-06T05:41:47.372271+00:00
Jurnal Risa by Risa Saraswati,Jurnal Risa,2022-01-01 2026-10-06,2023-08-20,2,44,2026-10-06T05:41:47.372271+00:00
Jurnal Risa by Risa Saraswati,Jurnal Risa,2022-01-01 2026-10-06,2023-08-27,1,46,2026-10-06T05:41:47.372271+00:00
Jurnal Risa by Risa Saraswati,Jurnal Risa,2022-01-01 2026-10-06,2023-09-03,1,51,2026-10-06T05:41:47.372271+00:00
Jurnal Risa by Risa Saraswati,Jurnal Risa,2022-01-01 2026-10-06,2023-09-10,3,46,2026-10-06T05:41:47.372271+00:00
Jurnal Risa by Risa Saraswati,Jurnal Risa,2022-01-01 2026-10-06,2023-09-17,2,48,2026-10-06T05:41:47.372271+00:00
Jurnal Risa by Risa Saraswati,Jurnal Risa,2022-01-01 2026-10-06,2023-09-24,2,49,2026-10-06T05:41:47.372271+00:00
Jurnal Risa by Risa Saraswati,Jurnal Risa,2022-01-01 2026-10-06,2023-10-01,1,52,2026-10-06T05:41:47.372271+00:00
Jurnal Risa by Risa Saraswati,Jurnal Risa,2022-01-01 2026-10-06,2023-10-08,2,53,2026-10-06T05:41:47.372271+00:00
Jurnal Risa by Risa Saraswati,Jurnal Risa,2022-01-01 2026-10-06,2023-10-15,2,51,2026-10-06T05:41:47.372271+00:00
Jurnal Risa by Risa Saraswati,Jurnal Risa,2022-01-01 2026-10-06,2023-10-22,2,52,2026-10-06T05:41:47.372271+00:00
Jurnal Risa by Risa Saraswati,Jurnal Risa,2022-01-01 2026-10-06,2023-10-29,2,52,2026-10-06T05:41:47.372271+00:00
Jurnal Risa by Risa Saraswati,Jurnal Risa,2022-01-01 2026-10-06,2023-11-05,2,48,2026-10-06T05:41:47.372271+00:00
Jurnal Risa by Risa Saraswati,Jurnal Risa,2022-01-01 2026-10-06,2023-11-12,2,50,2026-10-06T05:41:47.372271+00:00
Jurnal Risa by Risa Saraswati,Jurnal Risa,2022-01-01 2026-10-06,2023-11-19,1,48,2026-10-06T05:41:47.372271+00:00
Jurnal Risa by Risa Saraswati,Jurnal Risa,2022-01-01 2026-10-06,2023-11-26,1,45,2026-10-06T05:41:47.372271+00:00
Jurnal Risa by Risa Saraswati,Jurnal Risa,2022-01-01 2026-10-06,2023-12-03,2,46,2026-10-06T05:41:47.372271+00:00
Jurnal Risa by Risa Saraswati,Jurnal Risa,2022-01-01 2026-10-06,2023-12-10,2,53,2026-10-06T05:41:47.372271+00:00
Jurnal Risa by Risa Saraswati,Jurnal Risa,2022-01-01 2026-10-06,2023-12-17,2,56,2026-10-06T05:41:47.372271+00:00
Jurnal Risa by Risa Saraswati,Jurnal Risa,2022-01-01 2026-10-06,2023-12-24,3,81,2026-10-06T05:41:47.372271+00:00
Jurnal Risa by Risa Saraswati,Jurnal Risa,2022-01-01 2026-10-06,2023-12-31,2,62,2026-10-06T05:41:47.372271+00:00
Jurnal Risa by Risa Saraswati,Jurnal Risa,2022-01-01 2026-10-06,2024-01-07,1,47,2026-10-06T05:41:47.372271+00:00
Jurnal Risa by Risa Saraswati,Jurnal Risa,2022-01-01 2026-10-06,2024-01-14,1,45,2026-10-06T05:41:47.372271+00:00
Jurnal Risa by Risa Saraswati,Jurnal Risa,2022-01-01 2026-10-06,2024-01-21,1,45,2026-10-06T05:41:47.372271+00:00
Jurnal Risa by Risa Saraswati,Jurnal Risa,2022-01-01 2026-10-06,2024-01-28,1,49,2026-10-06T05:41:47.372271+00:00
Jurnal Risa by Risa Saraswati,Jurnal Risa,2022-01-01 2026-10-06,2024-02-04,2,52,2026-10-06T05:41:47.372271+00:00
Jurnal Risa by Risa Saraswati,Jurnal Risa,2022-01-01 2026-10-06,2024-02-11,2,49,2026-10-06T05:41:47.372271+00:00
Jurnal Risa by Risa Saraswati,Jurnal Risa,2022-01-01 2026-10-06,2024-02-18,1,45,2026-10-06T05:41:47.372271+00:00
Jurnal Risa by Risa Saraswati,Jurnal Risa,2022-01-01 2026-10-06,2024-02-25,1,50,2026-10-06T05:41:47.372271+00:00
Jurnal Risa by Risa Saraswati,Jurnal Risa,2022-01-01 2026-10-06,2024-03-03,1,47,2026-10-06T05:41:47.372271+00:00
Jurnal Risa by Risa Saraswati,Jurnal Risa,2022-01-01 2026-10-06,2024-03-10,1,52,2026-10-06T05:41:47.372271+00:00
Jurnal Risa by Risa Saraswati,Jurnal Risa,2022-01-01 2026-10-06,2024-03-17,1,43,2026-10-06T05:41:47.372271+00:00
Jurnal Risa by Risa Saraswati,Jurnal Risa,2022-01-01 2026-10-06,2024-03-24,2,47,2026-10-06T05:41:47.372271+00:00
Jurnal Risa by Risa Saraswati,Jurnal Risa,2022-01-01 2026-10-06,2024-03-31,1,44,2026-10-06T05:41:47.372271+00:00
Jurnal Risa by Risa Saraswati,Jurnal Risa,2022-01-01 2026-10-06,2024-04-07,1,64,2026-10-06T05:41:47.372271+00:00
Jurnal Risa by Risa Saraswati,Jurnal Risa,2022-01-01 2026-10-06,2024-04-14,1,55,2026-10-06T05:41:47.372271+00:00
Jurnal Risa by Risa Saraswati,Jurnal Risa,2022-01-01 2026-10-06,2024-04-21,1,44,2026-10-06T05:41:47.372271+00:00
Jurnal Risa by Risa Saraswati,Jurnal Risa,2022-01-01 2026-10-06,2024-04-28,1,42,2026-10-06T05:41:47.372271+00:00
Jurnal Risa by Risa Saraswati,Jurnal Risa,2022-01-01 2026-10-06,2024-05-05,1,48,2026-10-06T05:41:47.372271+00:00
Jurnal Risa by Risa Saraswati,Jurnal Risa,2022-01-01 2026-10-06,2024-05-12,1,50,2026-10-06T05:41:47.372271+00:00
Jurnal Risa by Risa Saraswati,Jurnal Risa,2022-01-01 2026-10-06,2024-05-19,1,47,2026-10-06T05:41:47.372271+00:00
Jurnal Risa by Risa Saraswati,Jurnal Risa,2022-01-01 2026-10-06,2024-05-26,2,38,2026-10-06T05:41:47.372271+00:00
Jurnal Risa by Risa Saraswati,Jurnal Risa,2022-01-01 2026-10-06,2024-06-02,2,34,2026-10-06T05:41:47.372271+00:00
Jurnal Risa by Risa Saraswati,Jurnal Risa,2022-01-01 2026-10-06,2024-06-09,2,38,2026-10-06T05:41:47.372271+00:00
Jurnal Risa by Risa Saraswati,Jurnal Risa,2022-01-01 2026-10-06,2024-06-16,3,47,2026-10-06T05:41:47.372271+00:00
Jurnal Risa by Risa Saraswati,Jurnal Risa,2022-01-01 2026-10-06,2024-06-23,3,44,2026-10-06T05:41:47.372271+00:00
Jurnal Risa by Risa Saraswati,Jurnal Risa,2022-01-01 2026-10-06,2024-06-30,5,49,2026-10-06T05:41:47.372271+00:00
Jurnal Risa by Risa Saraswati,Jurnal Risa,2022-01-01 2026-10-06,2024-07-07,28,48,2026-10-06T05:41:47.372271+00:00
Jurnal Risa by Risa Saraswati,Jurnal Risa,2022-01-01 2026-10-06,2024-07-14,20,46,2026-10-06T05:41:47.372271+00:00
Jurnal Risa by Risa Saraswati,Jurnal Risa,2022-01-01 2026-10-06,2024-07-21,9,47,2026-10-06T05:41:47.372271+00:00
Jurnal Risa by Risa Saraswati,Jurnal Risa,2022-01-01 2026-10-06,2024-07-28,5,46,2026-10-06T05:41:47.372271+00:00
Jurnal Risa by Risa Saraswati,Jurnal Risa,2022-01-01 2026-10-06,2024-08-04,4,42,2026-10-06T05:41:47.372271+00:00
Jurnal Risa by Risa Saraswati,Jurnal Risa,2022-01-01 2026-10-06,2024-08-11,2,47,2026-10-06T05:41:47.372271+00:00
Jurnal Risa by Risa Saraswati,Jurnal Risa,2022-01-01 2026-10-06,2024-08-18,2,44,2026-10-06T05:41:47.372271+00:00
Jurnal Risa by Risa Saraswati,Jurnal Risa,2022-01-01 2026-10-06,2024-08-25,2,44,2026-10-06T05:41:47.372271+00:00
Jurnal Risa by Risa Saraswati,Jurnal Risa,2022-01-01 2026-10-06,2024-09-01,2,42,2026-10-06T05:41:47.372271+00:00
Jurnal Risa by Risa Saraswati,Jurnal Risa,2022-01-01 2026-10-06,2024-09-08,2,46,2026-10-06T05:41:47.372271+00:00
Jurnal Risa by Risa Saraswati,Jurnal Risa,2022-01-01 2026-10-06,2024-09-15,3,53,2026-10-06T05:41:47.372271+00:00
Jurnal Risa by Risa Saraswati,Jurnal Risa,2022-01-01 2026-10-06,2024-09-22,2,50,2026-10-06T05:41:47.372271+00:00
Jurnal Risa by Risa Saraswati,Jurnal Risa,2022-01-01 2026-10-06,2024-09-29,2,50,2026-10-06T05:41:47.372271+00:00
Jurnal Risa by Risa Saraswati,Jurnal Risa,2022-01-01 2026-10-06,2024-10-06,2,48,2026-10-06T05:41:47.372271+00:00
Jurnal Risa by Risa Saraswati,Jurnal Risa,2022-01-01 2026-10-06,2024-10-13,2,46,2026-10-06T05:41:47.372271+00:00
Jurnal Risa by Risa Saraswati,Jurnal Risa,2022-01-01 2026-10-06,2024-10-20,2,46,2026-10-06T05:41:47.372271+00:00
Jurnal Risa by Risa Saraswati,Jurnal Risa,2022-01-01 2026-10-06,2024-10-27,1,46,2026-10-06T05:41:47.372271+00:00
Jurnal Risa by Risa Saraswati,Jurnal Risa,2022-01-01 2026-10-06,2024-11-03,7,56,2026-10-06T05:41:47.372271+00:00
Jurnal Risa by Risa Saraswati,Jurnal Risa,2022-01-01 2026-10-06,2024-11-10,16,52,2026-10-06T05:41:47.372271+00:00
Jurnal Risa by Risa Saraswati,Jurnal Risa,2022-01-01 2026-10-06,2024-11-17,7,57,2026-10-06T05:41:47.372271+00:00
Jurnal Risa by Risa Saraswati,Jurnal Risa,2022-01-01 2026-10-06,2024-11-24,5,55,2026-10-06T05:41:47.372271+00:00
Jurnal Risa by Risa Saraswati,Jurnal Risa,2022-01-01 2026-10-06,2024-12-01,3,48,2026-10-06T05:41:47.372271+00:00
Jurnal Risa by Risa Saraswati,Jurnal Risa,2022-01-01 2026-10-06,2024-12-08,3,52,2026-10-06T05:41:47.372271+00:00
Jurnal Risa by Risa Saraswati,Jurnal Risa,2022-01-01 2026-10-06,2024-12-15,3,60,2026-10-06T05:41:47.372271+00:00
Jurnal Risa by Risa Saraswati,Jurnal Risa,2022-01-01 2026-10-06,2024-12-22,3,71,2026-10-06T05:41:47.372271+00:00
Jurnal Risa by Risa Saraswati,Jurnal Risa,2022-01-01 2026-10-06,2024-12-29,3,73,2026-10-06T05:41:47.372271+00:00
Jurnal Risa by Risa Saraswati,Jurnal Risa,2022-01-01 2026-10-06,2025-01-05,2,61,2026-10-06T05:41:47.372271+00:00
Jurnal Risa by Risa Saraswati,Jurnal Risa,2022-01-01 2026-10-06,2025-01-12,2,51,2026-10-06T05:41:47.372271+00:00
Jurnal Risa by Risa Saraswati,Jurnal Risa,2022-01-01 2026-10-06,2025-01-19,2,59,2026-10-06T05:41:47.372271+00:00
Jurnal Risa by Risa Saraswati,Jurnal Risa,2022-01-01 2026-10-06,2025-01-26,2,65,2026-10-06T05:41:47.372271+00:00
Jurnal Risa by Risa Saraswati,Jurnal Risa,2022-01-01 2026-10-06,2025-02-02,2,49,2026-10-06T05:41:47.372271+00:00
Jurnal Risa by Risa Saraswati,Jurnal Risa,2022-01-01 2026-10-06,2025-02-09,2,50,2026-10-06T05:41:47.372271+00:00
Jurnal Risa by Risa Saraswati,Jurnal Risa,2022-01-01 2026-10-06,2025-02-16,2,49,2026-10-06T05:41:47.372271+00:00
Jurnal Risa by Risa Saraswati,Jurnal Risa,2022-01-01 2026-10-06,2025-02-23,2,50,2026-10-06T05:41:47.372271+00:00
Jurnal Risa by Risa Saraswati,Jurnal Risa,2022-01-01 2026-10-06,2025-03-02,2,47,2026-10-06T05:41:47.372271+00:00
Jurnal Risa by Risa Saraswati,Jurnal Risa,2022-01-01 2026-10-06,2025-03-09,1,44,2026-10-06T05:41:47.372271+00:00
Jurnal Risa by Risa Saraswati,Jurnal Risa,2022-01-01 2026-10-06,2025-03-16,3,49,2026-10-06T05:41:47.372271+00:00
Jurnal Risa by Risa Saraswati,Jurnal Risa,2022-01-01 2026-10-06,2025-03-23,2,57,2026-10-06T05:41:47.372271+00:00
Jurnal Risa by Risa Saraswati,Jurnal Risa,2022-01-01 2026-10-06,2025-03-30,2,100,2026-10-06T05:41:47.372271+00:00
Jurnal Risa by Risa Saraswati,Jurnal Risa,2022-01-01 2026-10-06,2025-04-06,2,63,2026-10-06T05:41:47.372271+00:00
Jurnal Risa by Risa Saraswati,Jurnal Risa,2022-01-01 2026-10-06,2025-04-13,1,48,2026-10-06T05:41:47.372271+00:00
Jurnal Risa by Risa Saraswati,Jurnal Risa,2022-01-01 2026-10-06,2025-04-20,1,46,2026-10-06T05:41:47.372271+00:00
Jurnal Risa by Risa Saraswati,Jurnal Risa,2022-01-01 2026-10-06,2025-04-27,1,44,2026-10-06T05:41:47.372271+00:00
Jurnal Risa by Risa Saraswati,Jurnal Risa,2022-01-01 2026-10-06,2025-05-04,1,39,2026-10-06T05:41:47.372271+00:00
Jurnal Risa by Risa Saraswati,Jurnal Risa,2022-01-01 2026-10-06,2025-05-11,2,49,2026-10-06T05:41:47.372271+00:00
Jurnal Risa by Risa Saraswati,Jurnal Risa,2022-01-01 2026-10-06,2025-05-18,1,43,2026-10-06T05:41:47.372271+00:00
Jurnal Risa by Risa Saraswati,Jurnal Risa,2022-01-01 2026-10-06,2025-05-25,1,44,2026-10-06T05:41:47.372271+00:00
Jurnal Risa by Risa Saraswati,Jurnal Risa,2022-01-01 2026-10-06,2025-06-01,1,41,2026-10-06T05:41:47.372271+00:00
Jurnal Risa by Risa Saraswati,Jurnal Risa,2022-01-01 2026-10-06,2025-06-08,1,44,2026-10-06T05:41:47.372271+00:00
Jurnal Risa by Risa Saraswati,Jurnal Risa,2022-01-01 2026-10-06,2025-06-15,1,43,2026-10-06T05:41:47.372271+00:00
Jurnal Risa by Risa Saraswati,Jurnal Risa,2022-01-01 2026-10-06,2025-06-22,2,50,2026-10-06T05:41:47.372271+00:00
Jurnal Risa by Risa Saraswati,Jurnal Risa,2022-01-01 2026-10-06,2025-06-29,1,46,2026-10-06T05:41:47.372271+00:00
Jurnal Risa by Risa Saraswati,Jurnal Risa,2022-01-01 2026-10-06,2025-07-06,1,44,2026-10-06T05:41:47.372271+00:00
Jurnal Risa by Risa Saraswati,Jurnal Risa,2022-01-01 2026-10-06,2025-07-13,1,40,2026-10-06T05:41:47.372271+00:00
Jurnal Risa by Risa Saraswati,Jurnal Risa,2022-01-01 2026-10-06,2025-07-20,1,39,2026-10-06T05:41:47.372271+00:00
Jurnal Risa by Risa Saraswati,Jurnal Risa,2022-01-01 2026-10-06,2025-07-27,1,36,2026-10-06T05:41:47.372271+00:00
Jurnal Risa by Risa Saraswati,Jurnal Risa,2022-01-01 2026-10-06,2025-08-03,1,39,2026-10-06T05:41:47.372271+00:00
Jurnal Risa by Risa Saraswati,Jurnal Risa,2022-01-01 2026-10-06,2025-08-10,1,42,2026-10-06T05:41:47.372271+00:00
Jurnal Risa by Risa Saraswati,Jurnal Risa,2022-01-01 2026-10-06,2025-08-17,1,43,2026-10-06T05:41:47.372271+00:00
Jurnal Risa by Risa Saraswati,Jurnal Risa,2022-01-01 2026-10-06,2025-08-24,1,38,2026-10-06T05:41:47.372271+00:00
Jurnal Risa by Risa Saraswati,Jurnal Risa,2022-01-01 2026-10-06,2025-08-31,1,41,2026-10-06T05:41:47.372271+00:00
Jurnal Risa by Risa Saraswati,Jurnal Risa,2022-01-01 2026-10-06,2025-09-07,1,39,2026-10-06T05:41:47.372271+00:00
Jurnal Risa by Risa Saraswati,Jurnal Risa,2022-01-01 2026-10-06,2025-09-14,1,38,2026-10-06T05:41:47.372271+00:00
Jurnal Risa by Risa Saraswati,Jurnal Risa,2022-01-01 2026-10-06,2025-09-21,1,38,2026-10-06T05:41:47.372271+00:00
Jurnal Risa by Risa Saraswati,Jurnal Risa,2022-01-01 2026-10-06,2025-09-28,1,36,2026-10-06T05:41:47.372271+00:00
Jurnal Risa by Risa Saraswati,Jurnal Risa,2022-01-01 2026-10-06,2025-10-05,1,36,2026-10-06T05:41:47.372271+00:00
Jurnal Risa by Risa Saraswati,Jurnal Risa,2022-01-01 2026-10-06,2025-10-12,1,36,2026-10-06T05:41:47.372271+00:00
Jurnal Risa by Risa Saraswati,Jurnal Risa,2022-01-01 2026-10-06,2025-10-19,1,38,2026-10-06T05:41:47.372271+00:00
Jurnal Risa by Risa Saraswati,Jurnal Risa,2022-01-01 2026-10-06,2025-10-26,1,42,2026-10-06T05:41:47.372271+00:00
Jurnal Risa by Risa Saraswati,Jurnal Risa,2022-01-01 2026-10-06,2025-11-02,1,39,2026-10-06T05:41:47.372271+00:00
Jurnal Risa by Risa Saraswati,Jurnal Risa,2022-01-01 2026-10-06,2025-11-09,1,37,2026-10-06T05:41:47.372271+00:00
Jurnal Risa by Risa Saraswati,Jurnal Risa,2022-01-01 2026-10-06,2025-11-16,1,38,2026-10-06T05:41:47.372271+00:00
Jurnal Risa by Risa Saraswati,Jurnal Risa,2022-01-01 2026-10-06,2025-11-23,1,34,2026-10-06T05:41:47.372271+00:00
Jurnal Risa by Risa Saraswati,Jurnal Risa,2022-01-01 2026-10-06,2025-11-30,1,33,2026-10-06T05:41:47.372271+00:00
Jurnal Risa by Risa Saraswati,Jurnal Risa,2022-01-01 2026-10-06,2025-12-07,1,38,2026-10-06T05:41:47.372271+00:00
Jurnal Risa by Risa Saraswati,Jurnal Risa,2022-01-01 2026-10-06,2025-12-14,1,44,2026-10-06T05:41:47.372271+00:00
Jurnal Risa by Risa Saraswati,Jurnal Risa,2022-01-01 2026-10-06,2025-12-21,1,53,2026-10-06T05:41:47.372271+00:00
Jurnal Risa by Risa Saraswati,Jurnal Risa,2022-01-01 2026-10-06,2025-12-28,1,59,2026-10-06T05:41:47.372271+00:00
Jurnal Risa by Risa Saraswati,Jurnal Risa,2022-01-01 2026-10-06,2026-01-04,1,44,2026-10-06T05:41:47.372271+00:00
Jurnal Risa by Risa Saraswati,Jurnal Risa,2022-01-01 2026-10-06,2026-01-11,1,43,2026-10-06T05:41:47.372271+00:00
Jurnal Risa by Risa Saraswati,Jurnal Risa,2022-01-01 2026-10-06,2026-01-18,1,39,2026-10-06T05:41:47.372271+00:00
Jurnal Risa by Risa Saraswati,Jurnal Risa,2022-01-01 2026-10-06,2026-01-25,1,37,2026-10-06T05:41:47.372271+00:00
Jurnal Risa by Risa Saraswati,Jurnal Risa,2022-01-01 2026-10-06,2026-02-01,1,38,2026-10-06T05:41:47.372271+00:00
Jurnal Risa by Risa Saraswati,Jurnal Risa,2022-01-01 2026-10-06,2026-02-08,1,35,2026-10-06T05:41:47.372271+00:00
Jurnal Risa by Risa Saraswati,Jurnal Risa,2022-01-01 2026-10-06,2026-02-15,1,41,2026-10-06T05:41:47.372271+00:00
Jurnal Risa by Risa Saraswati,Jurnal Risa,2022-01-01 2026-10-06,2026-02-22,1,36,2026-10-06T05:41:47.372271+00:00
Jurnal Risa by Risa Saraswati,Jurnal Risa,2022-01-01 2026-10-06,2026-03-01,2,32,2026-10-06T05:41:47.372271+00:00
Jurnal Risa by Risa Saraswati,Jurnal Risa,2022-01-01 2026-10-06,2026-03-08,2,33,2026-10-06T05:41:47.372271+00:00
Jurnal Risa by Risa Saraswati,Jurnal Risa,2022-01-01 2026-10-06,2026-03-15,1,45,2026-10-06T05:41:47.372271+00:00
Jurnal Risa by Risa Saraswati,Jurnal Risa,2022-01-01 2026-10-06,2026-03-22,3,57,2026-10-06T05:41:47.372271+00:00
Jurnal Risa by Risa Saraswati,Jurnal Risa,2022-01-01 2026-10-06,2026-03-29,2,42,2026-10-06T05:41:47.372271+00:00
Jurnal Risa by Risa Saraswati,Jurnal Risa,2022-01-01 2026-10-06,2026-04-05,2,37,2026-10-06T05:41:47.372271+00:00
Jurnal Risa by Risa Saraswati,Jurnal Risa,2022-01-01 2026-10-06,2026-04-12,2,37,2026-10-06T05:41:47.372271+00:00
Jurnal Risa by Risa Saraswati,Jurnal Risa,2022-01-01 2026-10-06,2026-04-19,1,40,2026-10-06T05:41:47.372271+00:00
Jurnal Risa by Risa Saraswati,Jurnal Risa,2022-01-01 2026-10-06,2026-04-26,1,42,2026-10-06T05:41:47.372271+00:00
Jurnal Risa by Risa Saraswati,Jurnal Risa,2022-01-01 2026-10-06,2026-05-03,1,38,2026-10-06T05:41:47.372271+00:00
Jurnal Risa by Risa Saraswati,Jurnal Risa,2022-01-01 2026-10-06,2026-05-10,1,42,2026-10-06T05:41:47.372271+00:00
Jurnal Risa by Risa Saraswati,Jurnal Risa,2022-01-01 2026-10-06,2026-05-17,1,37,2026-10-06T05:41:47.372271+00:00
Jurnal Risa by Risa Saraswati,Jurnal Risa,2022-01-01 2026-10-06,2026-05-24,1,44,2026-10-06T05:41:47.372271+00:00
Jurnal Risa by Risa Saraswati,Jurnal Risa,2022-01-01 2026-10-06,2026-05-31,1,40,2026-10-06T05:41:47.372271+00:00
Jurnal Risa by Risa Saraswati,Jurnal Risa,2022-01-01 2026-10-06,2026-06-07,1,36,2026-10-06T05:41:47.372271+00:00
Jurnal Risa by Risa Saraswati,Jurnal Risa,2022-01-01 2026-10-06,2026-06-14,1,44,2026-10-06T05:41:47.372271+00:00
Jurnal Risa by Risa Saraswati,Jurnal Risa,2022-01-01 2026-10-06,2026-06-21,1,43,2026-10-06T05:41:47.372271+00:00
Jurnal Risa by Risa Saraswati,Jurnal Risa,2022-01-01 2026-10-06,2026-06-28,1,45,2026-10-06T05:41:47.372271+00:00
Jurnal Risa by Risa Saraswati,Jurnal Risa,2022-01-01 2026-10-06,2026-07-05,2,44,2026-10-06T05:41:47.372271+00:00
Jurnal Risa by Risa Saraswati,Jurnal Risa,2022-01-01 2026-10-06,2026-07-12,1,39,2026-10-06T05:41:47.372271+00:00
Jurnal Risa by Risa Saraswati,Jurnal Risa,2022-01-01 2026-10-06,2026-07-19,1,37,2026-10-06T05:41:47.372271+00:00
Jurnal Risa by Risa Saraswati,Jurnal Risa,2022-01-01 2026-10-06,2026-07-26,2,36,2026-10-06T05:41:47.372271+00:00
Jurnal Risa by Risa Saraswati,Jurnal Risa,2022-01-01 2026-10-06,2026-08-02,2,31,2026-10-06T05:41:47.372271+00:00
Jurnal Risa by Risa Saraswati,Jurnal Risa,2022-01-01 2026-10-06,2026-08-09,1,34,2026-10-06T05:41:47.372271+00:00
Jurnal Risa by Risa Saraswati,Jurnal Risa,2022-01-01 2026-10-06,2026-08-16,1,40,2026-10-06T05:41:47.372271+00:00
Jurnal Risa by Risa Saraswati,Jurnal Risa,2022-01-01 2026-10-06,2026-08-23,1,44,2026-10-06T05:41:47.372271+00:00
Jurnal Risa by Risa Saraswati,Jurnal Risa,2022-01-01 2026-10-06,2026-08-30,1,36,2026-10-06T05:41:47.372271+00:00
Jurnal Risa by Risa Saraswati,Jurnal Risa,2022-01-01 2026-10-06,2026-09-06,1,36,2026-10-06T05:41:47.372271+00:00
Jurnal Risa by Risa Saraswati,Jurnal Risa,2022-01-01 2026-10-06,2026-09-13,0,35,2026-10-06T05:41:47.372271+00:00
Jurnal Risa by Risa Saraswati,Jurnal Risa,2022-01-01 2026-10-06,2026-09-20,1,38,2026-10-06T05:41:47.372271+00:00
Jurnal Risa by Risa Saraswati,Jurnal Risa,2022-01-01 2026-10-06,2026-09-27,1,38,2026-10-06T05:41:47.372271+00:00
Jurnal Risa by Risa Saraswati,Jurnal Risa,2022-01-01 2026-10-06,2026-10-04,1,34,2026-10-06T05:41:47.372271+00:00
Jurnal Risa by Risa Saraswati,Jurnal Risa,2022-01-01 2026-10-06,2021-12-26,0,73,2026-10-06T05:42:34.756713+00:00
Jurnal Risa by Risa Saraswati,Jurnal Risa,2022-01-01 2026-10-06,2022-01-02,1,57,2026-10-06T05:42:34.756713+00:00
Jurnal Risa by Risa Saraswati,Jurnal Risa,2022-01-01 2026-10-06,2022-01-09,1,61,2026-10-06T05:42:34.756713+00:00
Jurnal Risa by Risa Saraswati,Jurnal Risa,2022-01-01 2026-10-06,2022-01-16,0,46,2026-10-06T05:42:34.756713+00:00
Jurnal Risa by Risa Saraswati,Jurnal Risa,2022-01-01 2026-10-06,2022-01-23,0,47,2026-10-06T05:42:34.756713+00:00
Jurnal Risa by Risa Saraswati,Jurnal Risa,2022-01-01 2026-10-06,2022-01-30,0,46,2026-10-06T05:42:34.756713+00:00
Jurnal Risa by Risa Saraswati,Jurnal Risa,2022-01-01 2026-10-06,2022-02-06,0,46,2026-10-06T05:42:34.756713+00:00
Jurnal Risa by Risa Saraswati,Jurnal Risa,2022-01-01 2026-10-06,2022-02-13,0,50,2026-10-06T05:42:34.756713+00:00
Jurnal Risa by Risa Saraswati,Jurnal Risa,2022-01-01 2026-10-06,2022-02-20,0,44,2026-10-06T05:42:34.756713+00:00
Jurnal Risa by Risa Saraswati,Jurnal Risa,2022-01-01 2026-10-06,2022-02-27,0,51,2026-10-06T05:42:34.756713+00:00
Jurnal Risa by Risa Saraswati,Jurnal Risa,2022-01-01 2026-10-06,2022-03-06,0,38,2026-10-06T05:42:34.756713+00:00
Jurnal Risa by Risa Saraswati,Jurnal Risa,2022-01-01 2026-10-06,2022-03-13,1,40,2026-10-06T05:42:34.756713+00:00
Jurnal Risa by Risa Saraswati,Jurnal Risa,2022-01-01 2026-10-06,2022-03-20,0,42,2026-10-06T05:42:34.756713+00:00
Jurnal Risa by Risa Saraswati,Jurnal Risa,2022-01-01 2026-10-06,2022-03-27,0,40,2026-10-06T05:42:34.756713+00:00
Jurnal Risa by Risa Saraswati,Jurnal Risa,2022-01-01 2026-10-06,2022-04-03,0,42,2026-10-06T05:42:34.756713+00:00
Jurnal Risa by Risa Saraswati,Jurnal Risa,2022-01-01 2026-10-06,2022-04-10,0,43,2026-10-06T05:42:34.756713+00:00
Jurnal Risa by Risa Saraswati,Jurnal Risa,2022-01-01 2026-10-06,2022-04-17,0,47,2026-10-06T05:42:34.756713+00:00
Jurnal Risa by Risa Saraswati,Jurnal Risa,2022-01-01 2026-10-06,2022-04-24,0,51,2026-10-06T05:42:34.756713+00:00
Jurnal Risa by Risa Saraswati,Jurnal Risa,2022-01-01 2026-10-06,2022-05-01,1,90,2026-10-06T05:42:34.756713+00:00
Jurnal Risa by Risa Saraswati,Jurnal Risa,2022-01-01 2026-10-06,2022-05-08,1,69,2026-10-06T05:42:34.756713+00:00
Jurnal Risa by Risa Saraswati,Jurnal Risa,2022-01-01 2026-10-06,2022-05-15,0,57,2026-10-06T05:42:34.756713+00:00
Jurnal Risa by Risa Saraswati,Jurnal Risa,2022-01-01 2026-10-06,2022-05-22,1,53,2026-10-06T05:42:34.756713+00:00
Jurnal Risa by Risa Saraswati,Jurnal Risa,2022-01-01 2026-10-06,2022-05-29,1,49,2026-10-06T05:42:34.756713+00:00
Jurnal Risa by Risa Saraswati,Jurnal Risa,2022-01-01 2026-10-06,2022-06-05,1,44,2026-10-06T05:42:34.756713+00:00
Jurnal Risa by Risa Saraswati,Jurnal Risa,2022-01-01 2026-10-06,2022-06-12,0,46,2026-10-06T05:42:34.756713+00:00
Jurnal Risa by Risa Saraswati,Jurnal Risa,2022-01-01 2026-10-06,2022-06-19,1,54,2026-10-06T05:42:34.756713+00:00
Jurnal Risa by Risa Saraswati,Jurnal Risa,2022-01-01 2026-10-06,2022-06-26,1,52,2026-10-06T05:42:34.756713+00:00
Jurnal Risa by Risa Saraswati,Jurnal Risa,2022-01-01 2026-10-06,2022-07-03,1,50,2026-10-06T05:42:34.756713+00:00
Jurnal Risa by Risa Saraswati,Jurnal Risa,2022-01-01 2026-10-06,2022-07-10,1,55,2026-10-06T05:42:34.756713+00:00
Jurnal Risa by Risa Saraswati,Jurnal Risa,2022-01-01 2026-10-06,2022-07-17,1,50,2026-10-06T05:42:34.756713+00:00
Jurnal Risa by Risa Saraswati,Jurnal Risa,2022-01-01 2026-10-06,2022-07-24,1,44,2026-10-06T05:42:34.756713+00:00
Jurnal Risa by Risa Saraswati,Jurnal Risa,2022-01-01 2026-10-06,2022-07-31,1,50,2026-10-06T05:42:34.756713+00:00
Jurnal Risa by Risa Saraswati,Jurnal Risa,2022-01-01 2026-10-06,2022-08-07,0,48,2026-10-06T05:42:34.756713+00:00
Jurnal Risa by Risa Saraswati,Jurnal Risa,2022-01-01 2026-10-06,2022-08-14,1,50,2026-10-06T05:42:34.756713+00:00
Jurnal Risa by Risa Saraswati,Jurnal Risa,2022-01-01 2026-10-06,2022-08-21,0,44,2026-10-06T05:42:34.756713+00:00
Jurnal Risa by Risa Saraswati,Jurnal Risa,2022-01-01 2026-10-06,2022-08-28,0,42,2026-10-06T05:42:34.756713+00:00
Jurnal Risa by Risa Saraswati,Jurnal Risa,2022-01-01 2026-10-06,2022-09-04,0,43,2026-10-06T05:42:34.756713+00:00
Jurnal Risa by Risa Saraswati,Jurnal Risa,2022-01-01 2026-10-06,2022-09-11,1,39,2026-10-06T05:42:34.756713+00:00
Jurnal Risa by Risa Saraswati,Jurnal Risa,2022-01-01 2026-10-06,2022-09-18,1,39,2026-10-06T05:42:34.756713+00:00
Jurnal Risa by Risa Saraswati,Jurnal Risa,2022-01-01 2026-10-06,2022-09-25,0,38,2026-10-06T05:42:34.756713+00:00
Jurnal Risa by Risa Saraswati,Jurnal Risa,2022-01-01 2026-10-06,2022-10-02,0,43,2026-10-06T05:42:34.756713+00:00
Jurnal Risa by Risa Saraswati,Jurnal Risa,2022-01-01 2026-10-06,2022-10-09,1,50,2026-10-06T05:42:34.756713+00:00
Jurnal Risa by Risa Saraswati,Jurnal Risa,2022-01-01 2026-10-06,2022-10-16,1,49,2026-10-06T05:42:34.756713+00:00
Jurnal Risa by Risa Saraswati,Jurnal Risa,2022-01-01 2026-10-06,2022-10-23,1,45,2026-10-06T05:42:34.756713+00:00
Jurnal Risa by Risa Saraswati,Jurnal Risa,2022-01-01 2026-10-06,2022-10-30,1,46,2026-10-06T05:42:34.756713+00:00
Jurnal Risa by Risa Saraswati,Jurnal Risa,2022-01-01 2026-10-06,2022-11-06,1,48,2026-10-06T05:42:34.756713+00:00
Jurnal Risa by Risa Saraswati,Jurnal Risa,2022-01-01 2026-10-06,2022-11-13,1,49,2026-10-06T05:42:34.756713+00:00
Jurnal Risa by Risa Saraswati,Jurnal Risa,2022-01-01 2026-10-06,2022-11-20,0,41,2026-10-06T05:42:34.756713+00:00
Jurnal Risa by Risa Saraswati,Jurnal Risa,2022-01-01 2026-10-06,2022-11-27,1,40,2026-10-06T05:42:34.756713+00:00
Jurnal Risa by Risa Saraswati,Jurnal Risa,2022-01-01 2026-10-06,2022-12-04,1,38,2026-10-06T05:42:34.756713+00:00
Jurnal Risa by Risa Saraswati,Jurnal Risa,2022-01-01 2026-10-06,2022-12-11,1,48,2026-10-06T05:42:34.756713+00:00
Jurnal Risa by Risa Saraswati,Jurnal Risa,2022-01-01 2026-10-06,2022-12-18,1,53,2026-10-06T05:42:34.756713+00:00
Jurnal Risa by Risa Saraswati,Jurnal Risa,2022-01-01 2026-10-06,2022-12-25,1,92,2026-10-06T05:42:34.756713+00:00
Jurnal Risa by Risa Saraswati,Jurnal Risa,2022-01-01 2026-10-06,2023-01-01,1,58,2026-10-06T05:42:34.756713+00:00
Jurnal Risa by Risa Saraswati,Jurnal Risa,2022-01-01 2026-10-06,2023-01-08,1,46,2026-10-06T05:42:34.756713+00:00
Jurnal Risa by Risa Saraswati,Jurnal Risa,2022-01-01 2026-10-06,2023-01-15,1,44,2026-10-06T05:42:34.756713+00:00
Jurnal Risa by Risa Saraswati,Jurnal Risa,2022-01-01 2026-10-06,2023-01-22,1,51,2026-10-06T05:42:34.756713+00:00
Jurnal Risa by Risa Saraswati,Jurnal Risa,2022-01-01 2026-10-06,2023-01-29,1,44,2026-10-06T05:42:34.756713+00:00
Jurnal Risa by Risa Saraswati,Jurnal Risa,2022-01-01 2026-10-06,2023-02-05,1,47,2026-10-06T05:42:34.756713+00:00
Jurnal Risa by Risa Saraswati,Jurnal Risa,2022-01-01 2026-10-06,2023-02-12,1,51,2026-10-06T05:42:34.756713+00:00
Jurnal Risa by Risa Saraswati,Jurnal Risa,2022-01-01 2026-10-06,2023-02-19,1,46,2026-10-06T05:42:34.756713+00:00
Jurnal Risa by Risa Saraswati,Jurnal Risa,2022-01-01 2026-10-06,2023-02-26,1,46,2026-10-06T05:42:34.756713+00:00
Jurnal Risa by Risa Saraswati,Jurnal Risa,2022-01-01 2026-10-06,2023-03-05,1,43,2026-10-06T05:42:34.756713+00:00
Jurnal Risa by Risa Saraswati,Jurnal Risa,2022-01-01 2026-10-06,2023-03-12,1,42,2026-10-06T05:42:34.756713+00:00
Jurnal Risa by Risa Saraswati,Jurnal Risa,2022-01-01 2026-10-06,2023-03-19,1,52,2026-10-06T05:42:34.756713+00:00
Jurnal Risa by Risa Saraswati,Jurnal Risa,2022-01-01 2026-10-06,2023-03-26,1,43,2026-10-06T05:42:34.756713+00:00
Jurnal Risa by Risa Saraswati,Jurnal Risa,2022-01-01 2026-10-06,2023-04-02,1,41,2026-10-06T05:42:34.756713+00:00
Jurnal Risa by Risa Saraswati,Jurnal Risa,2022-01-01 2026-10-06,2023-04-09,2,43,2026-10-06T05:42:34.756713+00:00
Jurnal Risa by Risa Saraswati,Jurnal Risa,2022-01-01 2026-10-06,2023-04-16,2,54,2026-10-06T05:42:34.756713+00:00
Jurnal Risa by Risa Saraswati,Jurnal Risa,2022-01-01 2026-10-06,2023-04-23,3,77,2026-10-06T05:42:34.756713+00:00
Jurnal Risa by Risa Saraswati,Jurnal Risa,2022-01-01 2026-10-06,2023-04-30,2,63,2026-10-06T05:42:34.756713+00:00
Jurnal Risa by Risa Saraswati,Jurnal Risa,2022-01-01 2026-10-06,2023-05-07,2,53,2026-10-06T05:42:34.756713+00:00
Jurnal Risa by Risa Saraswati,Jurnal Risa,2022-01-01 2026-10-06,2023-05-14,3,56,2026-10-06T05:42:34.756713+00:00
Jurnal Risa by Risa Saraswati,Jurnal Risa,2022-01-01 2026-10-06,2023-05-21,3,54,2026-10-06T05:42:34.756713+00:00
Jurnal Risa by Risa Saraswati,Jurnal Risa,2022-01-01 2026-10-06,2023-05-28,5,50,2026-10-06T05:42:34.756713+00:00
Jurnal Risa by Risa Saraswati,Jurnal Risa,2022-01-01 2026-10-06,2023-06-04,4,44,2026-10-06T05:42:34.756713+00:00
Jurnal Risa by Risa Saraswati,Jurnal Risa,2022-01-01 2026-10-06,2023-06-11,5,47,2026-10-06T05:42:34.756713+00:00
Jurnal Risa by Risa Saraswati,Jurnal Risa,2022-01-01 2026-10-06,2023-06-18,5,50,2026-10-06T05:42:34.756713+00:00
Jurnal Risa by Risa Saraswati,Jurnal Risa,2022-01-01 2026-10-06,2023-06-25,6,59,2026-10-06T05:42:34.756713+00:00
Jurnal Risa by Risa Saraswati,Jurnal Risa,2022-01-01 2026-10-06,2023-07-02,6,55,2026-10-06T05:42:34.756713+00:00
Jurnal Risa by Risa Saraswati,Jurnal Risa,2022-01-01 2026-10-06,2023-07-09,7,55,2026-10-06T05:42:34.756713+00:00
Jurnal Risa by Risa Saraswati,Jurnal Risa,2022-01-01 2026-10-06,2023-07-16,5,54,2026-10-06T05:42:34.756713+00:00
Jurnal Risa by Risa Saraswati,Jurnal Risa,2022-01-01 2026-10-06,2023-07-23,4,47,2026-10-06T05:42:34.756713+00:00
Jurnal Risa by Risa Saraswati,Jurnal Risa,2022-01-01 2026-10-06,2023-07-30,3,44,2026-10-06T05:42:34.756713+00:00
Jurnal Risa by Risa Saraswati,Jurnal Risa,2022-01-01 2026-10-06,2023-08-06,2,47,2026-10-06T05:42:34.756713+00:00
Jurnal Risa by Risa Saraswati,Jurnal Risa,2022-01-01 2026-10-06,2023-08-13,2,49,2026-10-06T05:42:34.756713+00:00
Jurnal Risa by Risa Saraswati,Jurnal Risa,2022-01-01 2026-10-06,2023-08-20,2,44,2026-10-06T05:42:34.756713+00:00
Jurnal Risa by Risa Saraswati,Jurnal Risa,2022-01-01 2026-10-06,2023-08-27,1,46,2026-10-06T05:42:34.756713+00:00
Jurnal Risa by Risa Saraswati,Jurnal Risa,2022-01-01 2026-10-06,2023-09-03,1,51,2026-10-06T05:42:34.756713+00:00
Jurnal Risa by Risa Saraswati,Jurnal Risa,2022-01-01 2026-10-06,2023-09-10,3,46,2026-10-06T05:42:34.756713+00:00
Jurnal Risa by Risa Saraswati,Jurnal Risa,2022-01-01 2026-10-06,2023-09-17,2,48,2026-10-06T05:42:34.756713+00:00
Jurnal Risa by Risa Saraswati,Jurnal Risa,2022-01-01 2026-10-06,2023-09-24,2,49,2026-10-06T05:42:34.756713+00:00
Jurnal Risa by Risa Saraswati,Jurnal Risa,2022-01-01 2026-10-06,2023-10-01,1,52,2026-10-06T05:42:34.756713+00:00
Jurnal Risa by Risa Saraswati,Jurnal Risa,2022-01-01 2026-10-06,2023-10-08,2,53,2026-10-06T05:42:34.756713+00:00
Jurnal Risa by Risa Saraswati,Jurnal Risa,2022-01-01 2026-10-06,2023-10-15,2,51,2026-10-06T05:42:34.756713+00:00
Jurnal Risa by Risa Saraswati,Jurnal Risa,2022-01-01 2026-10-06,2023-10-22,2,52,2026-10-06T05:42:34.756713+00:00
Jurnal Risa by Risa Saraswati,Jurnal Risa,2022-01-01 2026-10-06,2023-10-29,2,52,2026-10-06T05:42:34.756713+00:00
Jurnal Risa by Risa Saraswati,Jurnal Risa,2022-01-01 2026-10-06,2023-11-05,2,48,2026-10-06T05:42:34.756713+00:00
Jurnal Risa by Risa Saraswati,Jurnal Risa,2022-01-01 2026-10-06,2023-11-12,2,50,2026-10-06T05:42:34.756713+00:00
Jurnal Risa by Risa Saraswati,Jurnal Risa,2022-01-01 2026-10-06,2023-11-19,1,48,2026-10-06T05:42:34.756713+00:00
Jurnal Risa by Risa Saraswati,Jurnal Risa,2022-01-01 2026-10-06,2023-11-26,1,45,2026-10-06T05:42:34.756713+00:00
Jurnal Risa by Risa Saraswati,Jurnal Risa,2022-01-01 2026-10-06,2023-12-03,2,46,2026-10-06T05:42:34.756713+00:00
Jurnal Risa by Risa Saraswati,Jurnal Risa,2022-01-01 2026-10-06,2023-12-10,2,53,2026-10-06T05:42:34.756713+00:00
Jurnal Risa by Risa Saraswati,Jurnal Risa,2022-01-01 2026-10-06,2023-12-17,2,56,2026-10-06T05:42:34.756713+00:00
Jurnal Risa by Risa Saraswati,Jurnal Risa,2022-01-01 2026-10-06,2023-12-24,3,81,2026-10-06T05:42:34.756713+00:00
Jurnal Risa by Risa Saraswati,Jurnal Risa,2022-01-01 2026-10-06,2023-12-31,2,62,2026-10-06T05:42:34.756713+00:00
Jurnal Risa by Risa Saraswati,Jurnal Risa,2022-01-01 2026-10-06,2024-01-07,1,47,2026-10-06T05:42:34.756713+00:00
Jurnal Risa by Risa Saraswati,Jurnal Risa,2022-01-01 2026-10-06,2024-01-14,1,45,2026-10-06T05:42:34.756713+00:00
Jurnal Risa by Risa Saraswati,Jurnal Risa,2022-01-01 2026-10-06,2024-01-21,1,45,2026-10-06T05:42:34.756713+00:00
Jurnal Risa by Risa Saraswati,Jurnal Risa,2022-01-01 2026-10-06,2024-01-28,1,49,2026-10-06T05:42:34.756713+00:00
Jurnal Risa by Risa Saraswati,Jurnal Risa,2022-01-01 2026-10-06,2024-02-04,2,52,2026-10-06T05:42:34.756713+00:00
Jurnal Risa by Risa Saraswati,Jurnal Risa,2022-01-01 2026-10-06,2024-02-11,2,49,2026-10-06T05:42:34.756713+00:00
Jurnal Risa by Risa Saraswati,Jurnal Risa,2022-01-01 2026-10-06,2024-02-18,1,45,2026-10-06T05:42:34.756713+00:00
Jurnal Risa by Risa Saraswati,Jurnal Risa,2022-01-01 2026-10-06,2024-02-25,1,50,2026-10-06T05:42:34.756713+00:00
Jurnal Risa by Risa Saraswati,Jurnal Risa,2022-01-01 2026-10-06,2024-03-03,1,47,2026-10-06T05:42:34.756713+00:00
Jurnal Risa by Risa Saraswati,Jurnal Risa,2022-01-01 2026-10-06,2024-03-10,1,52,2026-10-06T05:42:34.756713+00:00
Jurnal Risa by Risa Saraswati,Jurnal Risa,2022-01-01 2026-10-06,2024-03-17,1,43,2026-10-06T05:42:34.756713+00:00
Jurnal Risa by Risa Saraswati,Jurnal Risa,2022-01-01 2026-10-06,2024-03-24,2,47,2026-10-06T05:42:34.756713+00:00
Jurnal Risa by Risa Saraswati,Jurnal Risa,2022-01-01 2026-10-06,2024-03-31,1,44,2026-10-06T05:42:34.756713+00:00
Jurnal Risa by Risa Saraswati,Jurnal Risa,2022-01-01 2026-10-06,2024-04-07,1,64,2026-10-06T05:42:34.756713+00:00
Jurnal Risa by Risa Saraswati,Jurnal Risa,2022-01-01 2026-10-06,2024-04-14,1,55,2026-10-06T05:42:34.756713+00:00
Jurnal Risa by Risa Saraswati,Jurnal Risa,2022-01-01 2026-10-06,2024-04-21,1,44,2026-10-06T05:42:34.756713+00:00
Jurnal Risa by Risa Saraswati,Jurnal Risa,2022-01-01 2026-10-06,2024-04-28,1,42,2026-10-06T05:42:34.756713+00:00
Jurnal Risa by Risa Saraswati,Jurnal Risa,2022-01-01 2026-10-06,2024-05-05,1,48,2026-10-06T05:42:34.756713+00:00
Jurnal Risa by Risa Saraswati,Jurnal Risa,2022-01-01 2026-10-06,2024-05-12,1,50,2026-10-06T05:42:34.756713+00:00
Jurnal Risa by Risa Saraswati,Jurnal Risa,2022-01-01 2026-10-06,2024-05-19,1,47,2026-10-06T05:42:34.756713+00:00
Jurnal Risa by Risa Saraswati,Jurnal Risa,2022-01-01 2026-10-06,2024-05-26,2,38,2026-10-06T05:42:34.756713+00:00
Jurnal Risa by Risa Saraswati,Jurnal Risa,2022-01-01 2026-10-06,2024-06-02,2,34,2026-10-06T05:42:34.756713+00:00
Jurnal Risa by Risa Saraswati,Jurnal Risa,2022-01-01 2026-10-06,2024-06-09,2,38,2026-10-06T05:42:34.756713+00:00
Jurnal Risa by Risa Saraswati,Jurnal Risa,2022-01-01 2026-10-06,2024-06-16,3,47,2026-10-06T05:42:34.756713+00:00
Jurnal Risa by Risa Saraswati,Jurnal Risa,2022-01-01 2026-10-06,2024-06-23,3,44,2026-10-06T05:42:34.756713+00:00
Jurnal Risa by Risa Saraswati,Jurnal Risa,2022-01-01 2026-10-06,2024-06-30,5,49,2026-10-06T05:42:34.756713+00:00
Jurnal Risa by Risa Saraswati,Jurnal Risa,2022-01-01 2026-10-06,2024-07-07,28,48,2026-10-06T05:42:34.756713+00:00
Jurnal Risa by Risa Saraswati,Jurnal Risa,2022-01-01 2026-10-06,2024-07-14,20,46,2026-10-06T05:42:34.756713+00:00
Jurnal Risa by Risa Saraswati,Jurnal Risa,2022-01-01 2026-10-06,2024-07-21,9,47,2026-10-06T05:42:34.756713+00:00
Jurnal Risa by Risa Saraswati,Jurnal Risa,2022-01-01 2026-10-06,2024-07-28,5,46,2026-10-06T05:42:34.756713+00:00
Jurnal Risa by Risa Saraswati,Jurnal Risa,2022-01-01 2026-10-06,2024-08-04,4,42,2026-10-06T05:42:34.756713+00:00
Jurnal Risa by Risa Saraswati,Jurnal Risa,2022-01-01 2026-10-06,2024-08-11,2,47,2026-10-06T05:42:34.756713+00:00
Jurnal Risa by Risa Saraswati,Jurnal Risa,2022-01-01 2026-10-06,2024-08-18,2,44,2026-10-06T05:42:34.756713+00:00
Jurnal Risa by Risa Saraswati,Jurnal Risa,2022-01-01 2026-10-06,2024-08-25,2,44,2026-10-06T05:42:34.756713+00:00
Jurnal Risa by Risa Saraswati,Jurnal Risa,2022-01-01 2026-10-06,2024-09-01,2,42,2026-10-06T05:42:34.756713+00:00
Jurnal Risa by Risa Saraswati,Jurnal Risa,2022-01-01 2026-10-06,2024-09-08,2,46,2026-10-06T05:42:34.756713+00:00
Jurnal Risa by Risa Saraswati,Jurnal Risa,2022-01-01 2026-10-06,2024-09-15,3,53,2026-10-06T05:42:34.756713+00:00
Jurnal Risa by Risa Saraswati,Jurnal Risa,2022-01-01 2026-10-06,2024-09-22,2,50,2026-10-06T05:42:34.756713+00:00
Jurnal Risa by Risa Saraswati,Jurnal Risa,2022-01-01 2026-10-06,2024-09-29,2,50,2026-10-06T05:42:34.756713+00:00
Jurnal Risa by Risa Saraswati,Jurnal Risa,2022-01-01 2026-10-06,2024-10-06,2,48,2026-10-06T05:42:34.756713+00:00
Jurnal Risa by Risa Saraswati,Jurnal Risa,2022-01-01 2026-10-06,2024-10-13,2,46,2026-10-06T05:42:34.756713+00:00
Jurnal Risa by Risa Saraswati,Jurnal Risa,2022-01-01 2026-10-06,2024-10-20,2,46,2026-10-06T05:42:34.756713+00:00
Jurnal Risa by Risa Saraswati,Jurnal Risa,2022-01-01 2026-10-06,2024-10-27,1,46,2026-10-06T05:42:34.756713+00:00
Jurnal Risa by Risa Saraswati,Jurnal Risa,2022-01-01 2026-10-06,2024-11-03,7,56,2026-10-06T05:42:34.756713+00:00
Jurnal Risa by Risa Saraswati,Jurnal Risa,2022-01-01 2026-10-06,2024-11-10,16,52,2026-10-06T05:42:34.756713+00:00
Jurnal Risa by Risa Saraswati,Jurnal Risa,2022-01-01 2026-10-06,2024-11-17,7,57,2026-10-06T05:42:34.756713+00:00
Jurnal Risa by Risa Saraswati,Jurnal Risa,2022-01-01 2026-10-06,2024-11-24,5,55,2026-10-06T05:42:34.756713+00:00
Jurnal Risa by Risa Saraswati,Jurnal Risa,2022-01-01 2026-10-06,2024-12-01,3,48,2026-10-06T05:42:34.756713+00:00
Jurnal Risa by Risa Saraswati,Jurnal Risa,2022-01-01 2026-10-06,2024-12-08,3,52,2026-10-06T05:42:34.756713+00:00
Jurnal Risa by Risa Saraswati,Jurnal Risa,2022-01-01 2026-10-06,2024-12-15,3,60,2026-10-06T05:42:34.756713+00:00
Jurnal Risa by Risa Saraswati,Jurnal Risa,2022-01-01 2026-10-06,2024-12-22,3,71,2026-10-06T05:42:34.756713+00:00
Jurnal Risa by Risa Saraswati,Jurnal Risa,2022-01-01 2026-10-06,2024-12-29,3,73,2026-10-06T05:42:34.756713+00:00
Jurnal Risa by Risa Saraswati,Jurnal Risa,2022-01-01 2026-10-06,2025-01-05,2,61,2026-10-06T05:42:34.756713+00:00
Jurnal Risa by Risa Saraswati,Jurnal Risa,2022-01-01 2026-10-06,2025-01-12,2,51,2026-10-06T05:42:34.756713+00:00
Jurnal Risa by Risa Saraswati,Jurnal Risa,2022-01-01 2026-10-06,2025-01-19,2,59,2026-10-06T05:42:34.756713+00:00
Jurnal Risa by Risa Saraswati,Jurnal Risa,2022-01-01 2026-10-06,2025-01-26,2,65,2026-10-06T05:42:34.756713+00:00
Jurnal Risa by Risa Saraswati,Jurnal Risa,2022-01-01 2026-10-06,2025-02-02,2,49,2026-10-06T05:42:34.756713+00:00
Jurnal Risa by Risa Saraswati,Jurnal Risa,2022-01-01 2026-10-06,2025-02-09,2,50,2026-10-06T05:42:34.756713+00:00
Jurnal Risa by Risa Saraswati,Jurnal Risa,2022-01-01 2026-10-06,2025-02-16,2,49,2026-10-06T05:42:34.756713+00:00
Jurnal Risa by Risa Saraswati,Jurnal Risa,2022-01-01 2026-10-06,2025-02-23,2,50,2026-10-06T05:42:34.756713+00:00
Jurnal Risa by Risa Saraswati,Jurnal Risa,2022-01-01 2026-10-06,2025-03-02,2,47,2026-10-06T05:42:34.756713+00:00
Jurnal Risa by Risa Saraswati,Jurnal Risa,2022-01-01 2026-10-06,2025-03-09,1,44,2026-10-06T05:42:34.756713+00:00
Jurnal Risa by Risa Saraswati,Jurnal Risa,2022-01-01 2026-10-06,2025-03-16,3,49,2026-10-06T05:42:34.756713+00:00
Jurnal Risa by Risa Saraswati,Jurnal Risa,2022-01-01 2026-10-06,2025-03-23,2,57,2026-10-06T05:42:34.756713+00:00
Jurnal Risa by Risa Saraswati,Jurnal Risa,2022-01-01 2026-10-06,2025-03-30,2,100,2026-10-06T05:42:34.756713+00:00
Jurnal Risa by Risa Saraswati,Jurnal Risa,2022-01-01 2026-10-06,2025-04-06,2,63,2026-10-06T05:42:34.756713+00:00
Jurnal Risa by Risa Saraswati,Jurnal Risa,2022-01-01 2026-10-06,2025-04-13,1,48,2026-10-06T05:42:34.756713+00:00
Jurnal Risa by Risa Saraswati,Jurnal Risa,2022-01-01 2026-10-06,2025-04-20,1,46,2026-10-06T05:42:34.756713+00:00
Jurnal Risa by Risa Saraswati,Jurnal Risa,2022-01-01 2026-10-06,2025-04-27,1,44,2026-10-06T05:42:34.756713+00:00
Jurnal Risa by Risa Saraswati,Jurnal Risa,2022-01-01 2026-10-06,2025-05-04,1,39,2026-10-06T05:42:34.756713+00:00
Jurnal Risa by Risa Saraswati,Jurnal Risa,2022-01-01 2026-10-06,2025-05-11,2,49,2026-10-06T05:42:34.756713+00:00
Jurnal Risa by Risa Saraswati,Jurnal Risa,2022-01-01 2026-10-06,2025-05-18,1,43,2026-10-06T05:42:34.756713+00:00
Jurnal Risa by Risa Saraswati,Jurnal Risa,2022-01-01 2026-10-06,2025-05-25,1,44,2026-10-06T05:42:34.756713+00:00
Jurnal Risa by Risa Saraswati,Jurnal Risa,2022-01-01 2026-10-06,2025-06-01,1,41,2026-10-06T05:42:34.756713+00:00
Jurnal Risa by Risa Saraswati,Jurnal Risa,2022-01-01 2026-10-06,2025-06-08,1,44,2026-10-06T05:42:34.756713+00:00
Jurnal Risa by Risa Saraswati,Jurnal Risa,2022-01-01 2026-10-06,2025-06-15,1,43,2026-10-06T05:42:34.756713+00:00
Jurnal Risa by Risa Saraswati,Jurnal Risa,2022-01-01 2026-10-06,2025-06-22,2,50,2026-10-06T05:42:34.756713+00:00
Jurnal Risa by Risa Saraswati,Jurnal Risa,2022-01-01 2026-10-06,2025-06-29,1,46,2026-10-06T05:42:34.756713+00:00
Jurnal Risa by Risa Saraswati,Jurnal Risa,2022-01-01 2026-10-06,2025-07-06,1,44,2026-10-06T05:42:34.756713+00:00
Jurnal Risa by Risa Saraswati,Jurnal Risa,2022-01-01 2026-10-06,2025-07-13,1,40,2026-10-06T05:42:34.756713+00:00
Jurnal Risa by Risa Saraswati,Jurnal Risa,2022-01-01 2026-10-06,2025-07-20,1,39,2026-10-06T05:42:34.756713+00:00
Jurnal Risa by Risa Saraswati,Jurnal Risa,2022-01-01 2026-10-06,2025-07-27,1,36,2026-10-06T05:42:34.756713+00:00
Jurnal Risa by Risa Saraswati,Jurnal Risa,2022-01-01 2026-10-06,2025-08-03,1,39,2026-10-06T05:42:34.756713+00:00
Jurnal Risa by Risa Saraswati,Jurnal Risa,2022-01-01 2026-10-06,2025-08-10,1,42,2026-10-06T05:42:34.756713+00:00
Jurnal Risa by Risa Saraswati,Jurnal Risa,2022-01-01 2026-10-06,2025-08-17,1,43,2026-10-06T05:42:34.756713+00:00
Jurnal Risa by Risa Saraswati,Jurnal Risa,2022-01-01 2026-10-06,2025-08-24,1,38,2026-10-06T05:42:34.756713+00:00
Jurnal Risa by Risa Saraswati,Jurnal Risa,2022-01-01 2026-10-06,2025-08-31,1,41,2026-10-06T05:42:34.756713+00:00
Jurnal Risa by Risa Saraswati,Jurnal Risa,2022-01-01 2026-10-06,2025-09-07,1,39,2026-10-06T05:42:34.756713+00:00
Jurnal Risa by Risa Saraswati,Jurnal Risa,2022-01-01 2026-10-06,2025-09-14,1,38,2026-10-06T05:42:34.756713+00:00
Jurnal Risa by Risa Saraswati,Jurnal Risa,2022-01-01 2026-10-06,2025-09-21,1,38,2026-10-06T05:42:34.756713+00:00
Jurnal Risa by Risa Saraswati,Jurnal Risa,2022-01-01 2026-10-06,2025-09-28,1,36,2026-10-06T05:42:34.756713+00:00
Jurnal Risa by Risa Saraswati,Jurnal Risa,2022-01-01 2026-10-06,2025-10-05,1,36,2026-10-06T05:42:34.756713+00:00
Jurnal Risa by Risa Saraswati,Jurnal Risa,2022-01-01 2026-10-06,2025-10-12,1,36,2026-10-06T05:42:34.756713+00:00
Jurnal Risa by Risa Saraswati,Jurnal Risa,2022-01-01 2026-10-06,2025-10-19,1,38,2026-10-06T05:42:34.756713+00:00
Jurnal Risa by Risa Saraswati,Jurnal Risa,2022-01-01 2026-10-06,2025-10-26,1,42,2026-10-06T05:42:34.756713+00:00
Jurnal Risa by Risa Saraswati,Jurnal Risa,2022-01-01 2026-10-06,2025-11-02,1,39,2026-10-06T05:42:34.756713+00:00
Jurnal Risa by Risa Saraswati,Jurnal Risa,2022-01-01 2026-10-06,2025-11-09,1,37,2026-10-06T05:42:34.756713+00:00
Jurnal Risa by Risa Saraswati,Jurnal Risa,2022-01-01 2026-10-06,2025-11-16,1,38,2026-10-06T05:42:34.756713+00:00
Jurnal Risa by Risa Saraswati,Jurnal Risa,2022-01-01 2026-10-06,2025-11-23,1,34,2026-10-06T05:42:34.756713+00:00
Jurnal Risa by Risa Saraswati,Jurnal Risa,2022-01-01 2026-10-06,2025-11-30,1,33,2026-10-06T05:42:34.756713+00:00
Jurnal Risa by Risa Saraswati,Jurnal Risa,2022-01-01 2026-10-06,2025-12-07,1,38,2026-10-06T05:42:34.756713+00:00
Jurnal Risa by Risa Saraswati,Jurnal Risa,2022-01-01 2026-10-06,2025-12-14,1,44,2026-10-06T05:42:34.756713+00:00
Jurnal Risa by Risa Saraswati,Jurnal Risa,2022-01-01 2026-10-06,2025-12-21,1,53,2026-10-06T05:42:34.756713+00:00
Jurnal Risa by Risa Saraswati,Jurnal Risa,2022-01-01 2026-10-06,2025-12-28,1,59,2026-10-06T05:42:34.756713+00:00
Jurnal Risa by Risa Saraswati,Jurnal Risa,2022-01-01 2026-10-06,2026-01-04,1,44,2026-10-06T05:42:34.756713+00:00
Jurnal Risa by Risa Saraswati,Jurnal Risa,2022-01-01 2026-10-06,2026-01-11,1,43,2026-10-06T05:42:34.756713+00:00
Jurnal Risa by Risa Saraswati,Jurnal Risa,2022-01-01 2026-10-06,2026-01-18,1,39,2026-10-06T05:42:34.756713+00:00
Jurnal Risa by Risa Saraswati,Jurnal Risa,2022-01-01 2026-10-06,2026-01-25,1,37,2026-10-06T05:42:34.756713+00:00
Jurnal Risa by Risa Saraswati,Jurnal Risa,2022-01-01 2026-10-06,2026-02-01,1,38,2026-10-06T05:42:34.756713+00:00
Jurnal Risa by Risa Saraswati,Jurnal Risa,2022-01-01 2026-10-06,2026-02-08,1,35,2026-10-06T05:42:34.756713+00:00
Jurnal Risa by Risa Saraswati,Jurnal Risa,2022-01-01 2026-10-06,2026-02-15,1,41,2026-10-06T05:42:34.756713+00:00
Jurnal Risa by Risa Saraswati,Jurnal Risa,2022-01-01 2026-10-06,2026-02-22,1,36,2026-10-06T05:42:34.756713+00:00
Jurnal Risa by Risa Saraswati,Jurnal Risa,2022-01-01 2026-10-06,2026-03-01,2,32,2026-10-06T05:42:34.756713+00:00
Jurnal Risa by Risa Saraswati,Jurnal Risa,2022-01-01 2026-10-06,2026-03-08,2,33,2026-10-06T05:42:34.756713+00:00
Jurnal Risa by Risa Saraswati,Jurnal Risa,2022-01-01 2026-10-06,2026-03-15,1,45,2026-10-06T05:42:34.756713+00:00
Jurnal Risa by Risa Saraswati,Jurnal Risa,2022-01-01 2026-10-06,2026-03-22,3,57,2026-10-06T05:42:34.756713+00:00
Jurnal Risa by Risa Saraswati,Jurnal Risa,2022-01-01 2026-10-06,2026-03-29,2,42,2026-10-06T05:42:34.756713+00:00
Jurnal Risa by Risa Saraswati,Jurnal Risa,2022-01-01 2026-10-06,2026-04-05,2,37,2026-10-06T05:42:34.756713+00:00
Jurnal Risa by Risa Saraswati,Jurnal Risa,2022-01-01 2026-10-06,2026-04-12,2,37,2026-10-06T05:42:34.756713+00:00
Jurnal Risa by Risa Saraswati,Jurnal Risa,2022-01-01 2026-10-06,2026-04-19,1,40,2026-10-06T05:42:34.756713+00:00
Jurnal Risa by Risa Saraswati,Jurnal Risa,2022-01-01 2026-10-06,2026-04-26,1,42,2026-10-06T05:42:34.756713+00:00
Jurnal Risa by Risa Saraswati,Jurnal Risa,2022-01-01 2026-10-06,2026-05-03,1,38,2026-10-06T05:42:34.756713+00:00
Jurnal Risa by Risa Saraswati,Jurnal Risa,2022-01-01 2026-10-06,2026-05-10,1,42,2026-10-06T05:42:34.756713+00:00
Jurnal Risa by Risa Saraswati,Jurnal Risa,2022-01-01 2026-10-06,2026-05-17,1,37,2026-10-06T05:42:34.756713+00:00
Jurnal Risa by Risa Saraswati,Jurnal Risa,2022-01-01 2026-10-06,2026-05-24,1,44,2026-10-06T05:42:34.756713+00:00
Jurnal Risa by Risa Saraswati,Jurnal Risa,2022-01-01 2026-10-06,2026-05-31,1,40,2026-10-06T05:42:34.756713+00:00
Jurnal Risa by Risa Saraswati,Jurnal Risa,2022-01-01 2026-10-06,2026-06-07,1,36,2026-10-06T05:42:34.756713+00:00
Jurnal Risa by Risa Saraswati,Jurnal Risa,2022-01-01 2026-10-06,2026-06-14,1,44,2026-10-06T05:42:34.756713+00:00
Jurnal Risa by Risa Saraswati,Jurnal Risa,2022-01-01 2026-10-06,2026-06-21,1,43,2026-10-06T05:42:34.756713+00:00
Jurnal Risa by Risa Saraswati,Jurnal Risa,2022-01-01 2026-10-06,2026-06-28,1,45,2026-10-06T05:42:34.756713+00:00
Jurnal Risa by Risa Saraswati,Jurnal Risa,2022-01-01 2026-10-06,2026-07-05,2,44,2026-10-06T05:42:34.756713+00:00
Jurnal Risa by Risa Saraswati,Jurnal Risa,2022-01-01 2026-10-06,2026-07-12,1,39,2026-10-06T05:42:34.756713+00:00
Jurnal Risa by Risa Saraswati,Jurnal Risa,2022-01-01 2026-10-06,2026-07-19,1,37,2026-10-06T05:42:34.756713+00:00
Jurnal Risa by Risa Saraswati,Jurnal Risa,2022-01-01 2026-10-06,2026-07-26,2,36,2026-10-06T05:42:34.756713+00:00
Jurnal Risa by Risa Saraswati,Jurnal Risa,2022-01-01 2026-10-06,2026-08-02,2,31,2026-10-06T05:42:34.756713+00:00
Jurnal Risa by Risa Saraswati,Jurnal Risa,2022-01-01 2026-10-06,2026-08-09,1,34,2026-10-06T05:42:34.756713+00:00
Jurnal Risa by Risa Saraswati,Jurnal Risa,2022-01-01 2026-10-06,2026-08-16,1,40,2026-10-06T05:42:34.756713+00:00
Jurnal Risa by Risa Saraswati,Jurnal Risa,2022-01-01 2026-10-06,2026-08-23,1,44,2026-10-06T05:42:34.756713+00:00
Jurnal Risa by Risa Saraswati,Jurnal Risa,2022-01-01 2026-10-06,2026-08-30,1,36,2026-10-06T05:42:34.756713+00:00
Jurnal Risa by Risa Saraswati,Jurnal Risa,2022-01-01 2026-10-06,2026-09-06,1,36,2026-10-06T05:42:34.756713+00:00
Jurnal Risa by Risa Saraswati,Jurnal Risa,2022-01-01 2026-10-06,2026-09-13,0,35,2026-10-06T05:42:34.756713+00:00
Jurnal Risa by Risa Saraswati,Jurnal Risa,2022-01-01 2026-10-06,2026-09-20,1,38,2026-10-06T05:42:34.756713+00:00
Jurnal Risa by Risa Saraswati,Jurnal Risa,2022-01-01 2026-10-06,2026-09-27,1,38,2026-10-06T05:42:34.756713+00:00
Jurnal Risa by Risa Saraswati,Jurnal Risa,2022-01-01 2026-10-06,2026-10-04,1,34,2026-10-06T05:42:34.756713+00:00
Perewangan,film Perewangan,2020-01-01 2024-12-31,2019-12-29,0,81,2026-10-06T05:48:25.663734+00:00
Perewangan,film Perewangan,2020-01-01 2024-12-31,2020-01-05,0,58,2026-10-06T05:48:25.663734+00:00
Perewangan,film Perewangan,2020-01-01 2024-12-31,2020-01-12,0,51,2026-10-06T05:48:25.663734+00:00
Perewangan,film Perewangan,2020-01-01 2024-12-31,2020-01-19,0,51,2026-10-06T05:48:25.663734+00:00
Perewangan,film Perewangan,2020-01-01 2024-12-31,2020-01-26,0,49,2026-10-06T05:48:25.663734+00:00
Perewangan,film Perewangan,2020-01-01 2024-12-31,2020-02-02,0,48,2026-10-06T05:48:25.663734+00:00
Perewangan,film Perewangan,2020-01-01 2024-12-31,2020-02-09,0,47,2026-10-06T05:48:25.663734+00:00
Perewangan,film Perewangan,2020-01-01 2024-12-31,2020-02-16,0,50,2026-10-06T05:48:25.663734+00:00
Perewangan,film Perewangan,2020-01-01 2024-12-31,2020-02-23,0,48,2026-10-06T05:48:25.663734+00:00
Perewangan,film Perewangan,2020-01-01 2024-12-31,2020-03-01,0,49,2026-10-06T05:48:25.663734+00:00
Perewangan,film Perewangan,2020-01-01 2024-12-31,2020-03-08,0,53,2026-10-06T05:48:25.663734+00:00
Perewangan,film Perewangan,2020-01-01 2024-12-31,2020-03-15,0,52,2026-10-06T05:48:25.663734+00:00
Perewangan,film Perewangan,2020-01-01 2024-12-31,2020-03-22,0,67,2026-10-06T05:48:25.663734+00:00
Perewangan,film Perewangan,2020-01-01 2024-12-31,2020-03-29,0,62,2026-10-06T05:48:25.663734+00:00
Perewangan,film Perewangan,2020-01-01 2024-12-31,2020-04-05,0,68,2026-10-06T05:48:25.663734+00:00
Perewangan,film Perewangan,2020-01-01 2024-12-31,2020-04-12,0,74,2026-10-06T05:48:25.663734+00:00
Perewangan,film Perewangan,2020-01-01 2024-12-31,2020-04-19,0,71,2026-10-06T05:48:25.663734+00:00
Perewangan,film Perewangan,2020-01-01 2024-12-31,2020-04-26,0,64,2026-10-06T05:48:25.663734+00:00
Perewangan,film Perewangan,2020-01-01 2024-12-31,2020-05-03,0,59,2026-10-06T05:48:25.663734+00:00
Perewangan,film Perewangan,2020-01-01 2024-12-31,2020-05-10,0,53,2026-10-06T05:48:25.663734+00:00
Perewangan,film Perewangan,2020-01-01 2024-12-31,2020-05-17,0,53,2026-10-06T05:48:25.663734+00:00
Perewangan,film Perewangan,2020-01-01 2024-12-31,2020-05-24,0,68,2026-10-06T05:48:25.663734+00:00
Perewangan,film Perewangan,2020-01-01 2024-12-31,2020-05-31,0,61,2026-10-06T05:48:25.663734+00:00
Perewangan,film Perewangan,2020-01-01 2024-12-31,2020-06-07,0,50,2026-10-06T05:48:25.663734+00:00
Perewangan,film Perewangan,2020-01-01 2024-12-31,2020-06-14,0,59,2026-10-06T05:48:25.663734+00:00
Perewangan,film Perewangan,2020-01-01 2024-12-31,2020-06-21,0,62,2026-10-06T05:48:25.663734+00:00
Perewangan,film Perewangan,2020-01-01 2024-12-31,2020-06-28,0,58,2026-10-06T05:48:25.663734+00:00
Perewangan,film Perewangan,2020-01-01 2024-12-31,2020-07-05,0,55,2026-10-06T05:48:25.663734+00:00
Perewangan,film Perewangan,2020-01-01 2024-12-31,2020-07-12,0,50,2026-10-06T05:48:25.663734+00:00
Perewangan,film Perewangan,2020-01-01 2024-12-31,2020-07-19,0,47,2026-10-06T05:48:25.663734+00:00
Perewangan,film Perewangan,2020-01-01 2024-12-31,2020-07-26,0,50,2026-10-06T05:48:25.663734+00:00
Perewangan,film Perewangan,2020-01-01 2024-12-31,2020-08-02,0,46,2026-10-06T05:48:25.663734+00:00
Perewangan,film Perewangan,2020-01-01 2024-12-31,2020-08-09,0,49,2026-10-06T05:48:25.663734+00:00
Perewangan,film Perewangan,2020-01-01 2024-12-31,2020-08-16,0,60,2026-10-06T05:48:25.663734+00:00
Perewangan,film Perewangan,2020-01-01 2024-12-31,2020-08-23,0,52,2026-10-06T05:48:25.663734+00:00
Perewangan,film Perewangan,2020-01-01 2024-12-31,2020-08-30,0,46,2026-10-06T05:48:25.663734+00:00
Perewangan,film Perewangan,2020-01-01 2024-12-31,2020-09-06,0,47,2026-10-06T05:48:25.663734+00:00
Perewangan,film Perewangan,2020-01-01 2024-12-31,2020-09-13,0,46,2026-10-06T05:48:25.663734+00:00
Perewangan,film Perewangan,2020-01-01 2024-12-31,2020-09-20,0,43,2026-10-06T05:48:25.663734+00:00
Perewangan,film Perewangan,2020-01-01 2024-12-31,2020-09-27,0,41,2026-10-06T05:48:25.663734+00:00
Perewangan,film Perewangan,2020-01-01 2024-12-31,2020-10-04,0,41,2026-10-06T05:48:25.663734+00:00
Perewangan,film Perewangan,2020-01-01 2024-12-31,2020-10-11,0,42,2026-10-06T05:48:25.663734+00:00
Perewangan,film Perewangan,2020-01-01 2024-12-31,2020-10-18,0,41,2026-10-06T05:48:25.663734+00:00
Perewangan,film Perewangan,2020-01-01 2024-12-31,2020-10-25,0,54,2026-10-06T05:48:25.663734+00:00
Perewangan,film Perewangan,2020-01-01 2024-12-31,2020-11-01,0,44,2026-10-06T05:48:25.663734+00:00
Perewangan,film Perewangan,2020-01-01 2024-12-31,2020-11-08,0,45,2026-10-06T05:48:25.663734+00:00
Perewangan,film Perewangan,2020-01-01 2024-12-31,2020-11-15,0,43,2026-10-06T05:48:25.663734+00:00
Perewangan,film Perewangan,2020-01-01 2024-12-31,2020-11-22,0,44,2026-10-06T05:48:25.663734+00:00
Perewangan,film Perewangan,2020-01-01 2024-12-31,2020-11-29,0,42,2026-10-06T05:48:25.663734+00:00
Perewangan,film Perewangan,2020-01-01 2024-12-31,2020-12-06,0,46,2026-10-06T05:48:25.663734+00:00
Perewangan,film Perewangan,2020-01-01 2024-12-31,2020-12-13,0,51,2026-10-06T05:48:25.663734+00:00
Perewangan,film Perewangan,2020-01-01 2024-12-31,2020-12-20,0,64,2026-10-06T05:48:25.663734+00:00
Perewangan,film Perewangan,2020-01-01 2024-12-31,2020-12-27,0,89,2026-10-06T05:48:25.663734+00:00
Perewangan,film Perewangan,2020-01-01 2024-12-31,2021-01-03,0,55,2026-10-06T05:48:25.663734+00:00
Perewangan,film Perewangan,2020-01-01 2024-12-31,2021-01-10,0,45,2026-10-06T05:48:25.663734+00:00
Perewangan,film Perewangan,2020-01-01 2024-12-31,2021-01-17,0,45,2026-10-06T05:48:25.663734+00:00
Perewangan,film Perewangan,2020-01-01 2024-12-31,2021-01-24,0,45,2026-10-06T05:48:25.663734+00:00
Perewangan,film Perewangan,2020-01-01 2024-12-31,2021-01-31,0,41,2026-10-06T05:48:25.663734+00:00
Perewangan,film Perewangan,2020-01-01 2024-12-31,2021-02-07,0,43,2026-10-06T05:48:25.663734+00:00
Perewangan,film Perewangan,2020-01-01 2024-12-31,2021-02-14,0,41,2026-10-06T05:48:25.663734+00:00
Perewangan,film Perewangan,2020-01-01 2024-12-31,2021-02-21,0,39,2026-10-06T05:48:25.663734+00:00
Perewangan,film Perewangan,2020-01-01 2024-12-31,2021-02-28,0,37,2026-10-06T05:48:25.663734+00:00
Perewangan,film Perewangan,2020-01-01 2024-12-31,2021-03-07,0,40,2026-10-06T05:48:25.663734+00:00
Perewangan,film Perewangan,2020-01-01 2024-12-31,2021-03-14,0,37,2026-10-06T05:48:25.663734+00:00
Perewangan,film Perewangan,2020-01-01 2024-12-31,2021-03-21,0,37,2026-10-06T05:48:25.663734+00:00
Perewangan,film Perewangan,2020-01-01 2024-12-31,2021-03-28,0,40,2026-10-06T05:48:25.663734+00:00
Perewangan,film Perewangan,2020-01-01 2024-12-31,2021-04-04,0,41,2026-10-06T05:48:25.663734+00:00
Perewangan,film Perewangan,2020-01-01 2024-12-31,2021-04-11,0,43,2026-10-06T05:48:25.663734+00:00
Perewangan,film Perewangan,2020-01-01 2024-12-31,2021-04-18,0,42,2026-10-06T05:48:25.663734+00:00
Perewangan,film Perewangan,2020-01-01 2024-12-31,2021-04-25,0,41,2026-10-06T05:48:25.663734+00:00
Perewangan,film Perewangan,2020-01-01 2024-12-31,2021-05-02,0,39,2026-10-06T05:48:25.663734+00:00
Perewangan,film Perewangan,2020-01-01 2024-12-31,2021-05-09,0,51,2026-10-06T05:48:25.663734+00:00
Perewangan,film Perewangan,2020-01-01 2024-12-31,2021-05-16,0,49,2026-10-06T05:48:25.663734+00:00
Perewangan,film Perewangan,2020-01-01 2024-12-31,2021-05-23,0,42,2026-10-06T05:48:25.663734+00:00
Perewangan,film Perewangan,2020-01-01 2024-12-31,2021-05-30,0,46,2026-10-06T05:48:25.663734+00:00
Perewangan,film Perewangan,2020-01-01 2024-12-31,2021-06-06,0,46,2026-10-06T05:48:25.663734+00:00
Perewangan,film Perewangan,2020-01-01 2024-12-31,2021-06-13,0,49,2026-10-06T05:48:25.663734+00:00
Perewangan,film Perewangan,2020-01-01 2024-12-31,2021-06-20,0,51,2026-10-06T05:48:25.663734+00:00
Perewangan,film Perewangan,2020-01-01 2024-12-31,2021-06-27,0,52,2026-10-06T05:48:25.663734+00:00
Perewangan,film Perewangan,2020-01-01 2024-12-31,2021-07-04,0,51,2026-10-06T05:48:25.663734+00:00
Perewangan,film Perewangan,2020-01-01 2024-12-31,2021-07-11,0,49,2026-10-06T05:48:25.663734+00:00
Perewangan,film Perewangan,2020-01-01 2024-12-31,2021-07-18,0,49,2026-10-06T05:48:25.663734+00:00
Perewangan,film Perewangan,2020-01-01 2024-12-31,2021-07-25,0,40,2026-10-06T05:48:25.663734+00:00
Perewangan,film Perewangan,2020-01-01 2024-12-31,2021-08-01,0,39,2026-10-06T05:48:25.663734+00:00
Perewangan,film Perewangan,2020-01-01 2024-12-31,2021-08-08,0,41,2026-10-06T05:48:25.663734+00:00
Perewangan,film Perewangan,2020-01-01 2024-12-31,2021-08-15,0,44,2026-10-06T05:48:25.663734+00:00
Perewangan,film Perewangan,2020-01-01 2024-12-31,2021-08-22,0,42,2026-10-06T05:48:25.663734+00:00
Perewangan,film Perewangan,2020-01-01 2024-12-31,2021-08-29,0,46,2026-10-06T05:48:25.663734+00:00
Perewangan,film Perewangan,2020-01-01 2024-12-31,2021-09-05,0,40,2026-10-06T05:48:25.663734+00:00
Perewangan,film Perewangan,2020-01-01 2024-12-31,2021-09-12,0,39,2026-10-06T05:48:25.663734+00:00
Perewangan,film Perewangan,2020-01-01 2024-12-31,2021-09-19,0,34,2026-10-06T05:48:25.663734+00:00
Perewangan,film Perewangan,2020-01-01 2024-12-31,2021-09-26,0,35,2026-10-06T05:48:25.663734+00:00
Perewangan,film Perewangan,2020-01-01 2024-12-31,2021-10-03,0,37,2026-10-06T05:48:25.663734+00:00
Perewangan,film Perewangan,2020-01-01 2024-12-31,2021-10-10,0,39,2026-10-06T05:48:25.663734+00:00
Perewangan,film Perewangan,2020-01-01 2024-12-31,2021-10-17,0,43,2026-10-06T05:48:25.663734+00:00
Perewangan,film Perewangan,2020-01-01 2024-12-31,2021-10-24,0,40,2026-10-06T05:48:25.663734+00:00
Perewangan,film Perewangan,2020-01-01 2024-12-31,2021-10-31,0,50,2026-10-06T05:48:25.663734+00:00
Perewangan,film Perewangan,2020-01-01 2024-12-31,2021-11-07,0,46,2026-10-06T05:48:25.663734+00:00
Perewangan,film Perewangan,2020-01-01 2024-12-31,2021-11-14,0,52,2026-10-06T05:48:25.663734+00:00
Perewangan,film Perewangan,2020-01-01 2024-12-31,2021-11-21,0,50,2026-10-06T05:48:25.663734+00:00
Perewangan,film Perewangan,2020-01-01 2024-12-31,2021-11-28,0,40,2026-10-06T05:48:25.663734+00:00
Perewangan,film Perewangan,2020-01-01 2024-12-31,2021-12-05,0,45,2026-10-06T05:48:25.663734+00:00
Perewangan,film Perewangan,2020-01-01 2024-12-31,2021-12-12,0,49,2026-10-06T05:48:25.663734+00:00
Perewangan,film Perewangan,2020-01-01 2024-12-31,2021-12-19,0,59,2026-10-06T05:48:25.663734+00:00
Perewangan,film Perewangan,2020-01-01 2024-12-31,2021-12-26,0,79,2026-10-06T05:48:25.663734+00:00
Perewangan,film Perewangan,2020-01-01 2024-12-31,2022-01-02,0,62,2026-10-06T05:48:25.663734+00:00
Perewangan,film Perewangan,2020-01-01 2024-12-31,2022-01-09,0,66,2026-10-06T05:48:25.663734+00:00
Perewangan,film Perewangan,2020-01-01 2024-12-31,2022-01-16,0,49,2026-10-06T05:48:25.663734+00:00
Perewangan,film Perewangan,2020-01-01 2024-12-31,2022-01-23,0,51,2026-10-06T05:48:25.663734+00:00
Perewangan,film Perewangan,2020-01-01 2024-12-31,2022-01-30,0,50,2026-10-06T05:48:25.663734+00:00
Perewangan,film Perewangan,2020-01-01 2024-12-31,2022-02-06,0,49,2026-10-06T05:48:25.663734+00:00
Perewangan,film Perewangan,2020-01-01 2024-12-31,2022-02-13,0,54,2026-10-06T05:48:25.663734+00:00
Perewangan,film Perewangan,2020-01-01 2024-12-31,2022-02-20,0,47,2026-10-06T05:48:25.663734+00:00
Perewangan,film Perewangan,2020-01-01 2024-12-31,2022-02-27,0,55,2026-10-06T05:48:25.663734+00:00
Perewangan,film Perewangan,2020-01-01 2024-12-31,2022-03-06,0,41,2026-10-06T05:48:25.663734+00:00
Perewangan,film Perewangan,2020-01-01 2024-12-31,2022-03-13,0,43,2026-10-06T05:48:25.663734+00:00
Perewangan,film Perewangan,2020-01-01 2024-12-31,2022-03-20,0,46,2026-10-06T05:48:25.663734+00:00
Perewangan,film Perewangan,2020-01-01 2024-12-31,2022-03-27,0,43,2026-10-06T05:48:25.663734+00:00
Perewangan,film Perewangan,2020-01-01 2024-12-31,2022-04-03,0,45,2026-10-06T05:48:25.663734+00:00
Perewangan,film Perewangan,2020-01-01 2024-12-31,2022-04-10,0,47,2026-10-06T05:48:25.663734+00:00
Perewangan,film Perewangan,2020-01-01 2024-12-31,2022-04-17,0,51,2026-10-06T05:48:25.663734+00:00
Perewangan,film Perewangan,2020-01-01 2024-12-31,2022-04-24,0,55,2026-10-06T05:48:25.663734+00:00
Perewangan,film Perewangan,2020-01-01 2024-12-31,2022-05-01,0,97,2026-10-06T05:48:25.663734+00:00
Perewangan,film Perewangan,2020-01-01 2024-12-31,2022-05-08,0,75,2026-10-06T05:48:25.663734+00:00
Perewangan,film Perewangan,2020-01-01 2024-12-31,2022-05-15,0,62,2026-10-06T05:48:25.663734+00:00
Perewangan,film Perewangan,2020-01-01 2024-12-31,2022-05-22,0,58,2026-10-06T05:48:25.663734+00:00
Perewangan,film Perewangan,2020-01-01 2024-12-31,2022-05-29,0,53,2026-10-06T05:48:25.663734+00:00
Perewangan,film Perewangan,2020-01-01 2024-12-31,2022-06-05,0,48,2026-10-06T05:48:25.663734+00:00
Perewangan,film Perewangan,2020-01-01 2024-12-31,2022-06-12,0,50,2026-10-06T05:48:25.663734+00:00
Perewangan,film Perewangan,2020-01-01 2024-12-31,2022-06-19,0,59,2026-10-06T05:48:25.663734+00:00
Perewangan,film Perewangan,2020-01-01 2024-12-31,2022-06-26,0,56,2026-10-06T05:48:25.663734+00:00
Perewangan,film Perewangan,2020-01-01 2024-12-31,2022-07-03,0,54,2026-10-06T05:48:25.663734+00:00
Perewangan,film Perewangan,2020-01-01 2024-12-31,2022-07-10,0,59,2026-10-06T05:48:25.663734+00:00
Perewangan,film Perewangan,2020-01-01 2024-12-31,2022-07-17,0,54,2026-10-06T05:48:25.663734+00:00
Perewangan,film Perewangan,2020-01-01 2024-12-31,2022-07-24,0,47,2026-10-06T05:48:25.663734+00:00
Perewangan,film Perewangan,2020-01-01 2024-12-31,2022-07-31,0,54,2026-10-06T05:48:25.663734+00:00
Perewangan,film Perewangan,2020-01-01 2024-12-31,2022-08-07,0,52,2026-10-06T05:48:25.663734+00:00
Perewangan,film Perewangan,2020-01-01 2024-12-31,2022-08-14,0,54,2026-10-06T05:48:25.663734+00:00
Perewangan,film Perewangan,2020-01-01 2024-12-31,2022-08-21,0,48,2026-10-06T05:48:25.663734+00:00
Perewangan,film Perewangan,2020-01-01 2024-12-31,2022-08-28,0,46,2026-10-06T05:48:25.663734+00:00
Perewangan,film Perewangan,2020-01-01 2024-12-31,2022-09-04,0,47,2026-10-06T05:48:25.663734+00:00
Perewangan,film Perewangan,2020-01-01 2024-12-31,2022-09-11,0,42,2026-10-06T05:48:25.663734+00:00
Perewangan,film Perewangan,2020-01-01 2024-12-31,2022-09-18,0,42,2026-10-06T05:48:25.663734+00:00
Perewangan,film Perewangan,2020-01-01 2024-12-31,2022-09-25,0,41,2026-10-06T05:48:25.663734+00:00
Perewangan,film Perewangan,2020-01-01 2024-12-31,2022-10-02,0,46,2026-10-06T05:48:25.663734+00:00
Perewangan,film Perewangan,2020-01-01 2024-12-31,2022-10-09,0,54,2026-10-06T05:48:25.663734+00:00
Perewangan,film Perewangan,2020-01-01 2024-12-31,2022-10-16,0,53,2026-10-06T05:48:25.663734+00:00
Perewangan,film Perewangan,2020-01-01 2024-12-31,2022-10-23,0,48,2026-10-06T05:48:25.663734+00:00
Perewangan,film Perewangan,2020-01-01 2024-12-31,2022-10-30,0,50,2026-10-06T05:48:25.663734+00:00
Perewangan,film Perewangan,2020-01-01 2024-12-31,2022-11-06,0,52,2026-10-06T05:48:25.663734+00:00
Perewangan,film Perewangan,2020-01-01 2024-12-31,2022-11-13,0,53,2026-10-06T05:48:25.663734+00:00
Perewangan,film Perewangan,2020-01-01 2024-12-31,2022-11-20,0,44,2026-10-06T05:48:25.663734+00:00
Perewangan,film Perewangan,2020-01-01 2024-12-31,2022-11-27,0,43,2026-10-06T05:48:25.663734+00:00
Perewangan,film Perewangan,2020-01-01 2024-12-31,2022-12-04,0,41,2026-10-06T05:48:25.663734+00:00
Perewangan,film Perewangan,2020-01-01 2024-12-31,2022-12-11,0,52,2026-10-06T05:48:25.663734+00:00
Perewangan,film Perewangan,2020-01-01 2024-12-31,2022-12-18,0,58,2026-10-06T05:48:25.663734+00:00
Perewangan,film Perewangan,2020-01-01 2024-12-31,2022-12-25,0,100,2026-10-06T05:48:25.663734+00:00
Perewangan,film Perewangan,2020-01-01 2024-12-31,2023-01-01,0,63,2026-10-06T05:48:25.663734+00:00
Perewangan,film Perewangan,2020-01-01 2024-12-31,2023-01-08,0,50,2026-10-06T05:48:25.663734+00:00
Perewangan,film Perewangan,2020-01-01 2024-12-31,2023-01-15,0,48,2026-10-06T05:48:25.663734+00:00
Perewangan,film Perewangan,2020-01-01 2024-12-31,2023-01-22,0,55,2026-10-06T05:48:25.663734+00:00
Perewangan,film Perewangan,2020-01-01 2024-12-31,2023-01-29,0,48,2026-10-06T05:48:25.663734+00:00
Perewangan,film Perewangan,2020-01-01 2024-12-31,2023-02-05,0,51,2026-10-06T05:48:25.663734+00:00
Perewangan,film Perewangan,2020-01-01 2024-12-31,2023-02-12,0,55,2026-10-06T05:48:25.663734+00:00
Perewangan,film Perewangan,2020-01-01 2024-12-31,2023-02-19,0,50,2026-10-06T05:48:25.663734+00:00
Perewangan,film Perewangan,2020-01-01 2024-12-31,2023-02-26,0,50,2026-10-06T05:48:25.663734+00:00
Perewangan,film Perewangan,2020-01-01 2024-12-31,2023-03-05,0,46,2026-10-06T05:48:25.663734+00:00
Perewangan,film Perewangan,2020-01-01 2024-12-31,2023-03-12,0,46,2026-10-06T05:48:25.663734+00:00
Perewangan,film Perewangan,2020-01-01 2024-12-31,2023-03-19,0,56,2026-10-06T05:48:25.663734+00:00
Perewangan,film Perewangan,2020-01-01 2024-12-31,2023-03-26,0,46,2026-10-06T05:48:25.663734+00:00
Perewangan,film Perewangan,2020-01-01 2024-12-31,2023-04-02,0,45,2026-10-06T05:48:25.663734+00:00
Perewangan,film Perewangan,2020-01-01 2024-12-31,2023-04-09,0,46,2026-10-06T05:48:25.663734+00:00
Perewangan,film Perewangan,2020-01-01 2024-12-31,2023-04-16,0,59,2026-10-06T05:48:25.663734+00:00
Perewangan,film Perewangan,2020-01-01 2024-12-31,2023-04-23,0,83,2026-10-06T05:48:25.663734+00:00
Perewangan,film Perewangan,2020-01-01 2024-12-31,2023-04-30,0,69,2026-10-06T05:48:25.663734+00:00
Perewangan,film Perewangan,2020-01-01 2024-12-31,2023-05-07,0,57,2026-10-06T05:48:25.663734+00:00
Perewangan,film Perewangan,2020-01-01 2024-12-31,2023-05-14,0,61,2026-10-06T05:48:25.663734+00:00
Perewangan,film Perewangan,2020-01-01 2024-12-31,2023-05-21,0,58,2026-10-06T05:48:25.663734+00:00
Perewangan,film Perewangan,2020-01-01 2024-12-31,2023-05-28,0,54,2026-10-06T05:48:25.663734+00:00
Perewangan,film Perewangan,2020-01-01 2024-12-31,2023-06-04,0,48,2026-10-06T05:48:25.663734+00:00
Perewangan,film Perewangan,2020-01-01 2024-12-31,2023-06-11,0,50,2026-10-06T05:48:25.663734+00:00
Perewangan,film Perewangan,2020-01-01 2024-12-31,2023-06-18,0,55,2026-10-06T05:48:25.663734+00:00
Perewangan,film Perewangan,2020-01-01 2024-12-31,2023-06-25,0,64,2026-10-06T05:48:25.663734+00:00
Perewangan,film Perewangan,2020-01-01 2024-12-31,2023-07-02,0,59,2026-10-06T05:48:25.663734+00:00
Perewangan,film Perewangan,2020-01-01 2024-12-31,2023-07-09,0,59,2026-10-06T05:48:25.663734+00:00
Perewangan,film Perewangan,2020-01-01 2024-12-31,2023-07-16,0,59,2026-10-06T05:48:25.663734+00:00
Perewangan,film Perewangan,2020-01-01 2024-12-31,2023-07-23,0,50,2026-10-06T05:48:25.663734+00:00
Perewangan,film Perewangan,2020-01-01 2024-12-31,2023-07-30,0,47,2026-10-06T05:48:25.663734+00:00
Perewangan,film Perewangan,2020-01-01 2024-12-31,2023-08-06,0,51,2026-10-06T05:48:25.663734+00:00
Perewangan,film Perewangan,2020-01-01 2024-12-31,2023-08-13,0,53,2026-10-06T05:48:25.663734+00:00
Perewangan,film Perewangan,2020-01-01 2024-12-31,2023-08-20,0,48,2026-10-06T05:48:25.663734+00:00
Perewangan,film Perewangan,2020-01-01 2024-12-31,2023-08-27,0,50,2026-10-06T05:48:25.663734+00:00
Perewangan,film Perewangan,2020-01-01 2024-12-31,2023-09-03,0,55,2026-10-06T05:48:25.663734+00:00
Perewangan,film Perewangan,2020-01-01 2024-12-31,2023-09-10,0,50,2026-10-06T05:48:25.663734+00:00
Perewangan,film Perewangan,2020-01-01 2024-12-31,2023-09-17,0,52,2026-10-06T05:48:25.663734+00:00
Perewangan,film Perewangan,2020-01-01 2024-12-31,2023-09-24,0,53,2026-10-06T05:48:25.663734+00:00
Perewangan,film Perewangan,2020-01-01 2024-12-31,2023-10-01,0,57,2026-10-06T05:48:25.663734+00:00
Perewangan,film Perewangan,2020-01-01 2024-12-31,2023-10-08,0,58,2026-10-06T05:48:25.663734+00:00
Perewangan,film Perewangan,2020-01-01 2024-12-31,2023-10-15,0,55,2026-10-06T05:48:25.663734+00:00
Perewangan,film Perewangan,2020-01-01 2024-12-31,2023-10-22,0,57,2026-10-06T05:48:25.663734+00:00
Perewangan,film Perewangan,2020-01-01 2024-12-31,2023-10-29,0,56,2026-10-06T05:48:25.663734+00:00
Perewangan,film Perewangan,2020-01-01 2024-12-31,2023-11-05,0,52,2026-10-06T05:48:25.663734+00:00
Perewangan,film Perewangan,2020-01-01 2024-12-31,2023-11-12,0,54,2026-10-06T05:48:25.663734+00:00
Perewangan,film Perewangan,2020-01-01 2024-12-31,2023-11-19,0,52,2026-10-06T05:48:25.663734+00:00
Perewangan,film Perewangan,2020-01-01 2024-12-31,2023-11-26,0,49,2026-10-06T05:48:25.663734+00:00
Perewangan,film Perewangan,2020-01-01 2024-12-31,2023-12-03,0,50,2026-10-06T05:48:25.663734+00:00
Perewangan,film Perewangan,2020-01-01 2024-12-31,2023-12-10,0,58,2026-10-06T05:48:25.663734+00:00
Perewangan,film Perewangan,2020-01-01 2024-12-31,2023-12-17,0,60,2026-10-06T05:48:25.663734+00:00
Perewangan,film Perewangan,2020-01-01 2024-12-31,2023-12-24,0,88,2026-10-06T05:48:25.663734+00:00
Perewangan,film Perewangan,2020-01-01 2024-12-31,2023-12-31,0,67,2026-10-06T05:48:25.663734+00:00
Perewangan,film Perewangan,2020-01-01 2024-12-31,2024-01-07,0,51,2026-10-06T05:48:25.663734+00:00
Perewangan,film Perewangan,2020-01-01 2024-12-31,2024-01-14,0,49,2026-10-06T05:48:25.663734+00:00
Perewangan,film Perewangan,2020-01-01 2024-12-31,2024-01-21,0,48,2026-10-06T05:48:25.663734+00:00
Perewangan,film Perewangan,2020-01-01 2024-12-31,2024-01-28,0,53,2026-10-06T05:48:25.663734+00:00
Perewangan,film Perewangan,2020-01-01 2024-12-31,2024-02-04,0,57,2026-10-06T05:48:25.663734+00:00
Perewangan,film Perewangan,2020-01-01 2024-12-31,2024-02-11,0,53,2026-10-06T05:48:25.663734+00:00
Perewangan,film Perewangan,2020-01-01 2024-12-31,2024-02-18,0,49,2026-10-06T05:48:25.663734+00:00
Perewangan,film Perewangan,2020-01-01 2024-12-31,2024-02-25,0,54,2026-10-06T05:48:25.663734+00:00
Perewangan,film Perewangan,2020-01-01 2024-12-31,2024-03-03,0,51,2026-10-06T05:48:25.663734+00:00
Perewangan,film Perewangan,2020-01-01 2024-12-31,2024-03-10,0,56,2026-10-06T05:48:25.663734+00:00
Perewangan,film Perewangan,2020-01-01 2024-12-31,2024-03-17,0,47,2026-10-06T05:48:25.663734+00:00
Perewangan,film Perewangan,2020-01-01 2024-12-31,2024-03-24,0,51,2026-10-06T05:48:25.663734+00:00
Perewangan,film Perewangan,2020-01-01 2024-12-31,2024-03-31,0,47,2026-10-06T05:48:25.663734+00:00
Perewangan,film Perewangan,2020-01-01 2024-12-31,2024-04-07,0,69,2026-10-06T05:48:25.663734+00:00
Perewangan,film Perewangan,2020-01-01 2024-12-31,2024-04-14,0,60,2026-10-06T05:48:25.663734+00:00
Perewangan,film Perewangan,2020-01-01 2024-12-31,2024-04-21,0,48,2026-10-06T05:48:25.663734+00:00
Perewangan,film Perewangan,2020-01-01 2024-12-31,2024-04-28,0,46,2026-10-06T05:48:25.663734+00:00
Perewangan,film Perewangan,2020-01-01 2024-12-31,2024-05-05,0,53,2026-10-06T05:48:25.663734+00:00
Perewangan,film Perewangan,2020-01-01 2024-12-31,2024-05-12,0,54,2026-10-06T05:48:25.663734+00:00
Perewangan,film Perewangan,2020-01-01 2024-12-31,2024-05-19,0,51,2026-10-06T05:48:25.663734+00:00
Perewangan,film Perewangan,2020-01-01 2024-12-31,2024-05-26,0,41,2026-10-06T05:48:25.663734+00:00
Perewangan,film Perewangan,2020-01-01 2024-12-31,2024-06-02,0,36,2026-10-06T05:48:25.663734+00:00
Perewangan,film Perewangan,2020-01-01 2024-12-31,2024-06-09,0,41,2026-10-06T05:48:25.663734+00:00
Perewangan,film Perewangan,2020-01-01 2024-12-31,2024-06-16,0,51,2026-10-06T05:48:25.663734+00:00
Perewangan,film Perewangan,2020-01-01 2024-12-31,2024-06-23,0,48,2026-10-06T05:48:25.663734+00:00
Perewangan,film Perewangan,2020-01-01 2024-12-31,2024-06-30,0,53,2026-10-06T05:48:25.663734+00:00
Perewangan,film Perewangan,2020-01-01 2024-12-31,2024-07-07,0,52,2026-10-06T05:48:25.663734+00:00
Perewangan,film Perewangan,2020-01-01 2024-12-31,2024-07-14,0,50,2026-10-06T05:48:25.663734+00:00
Perewangan,film Perewangan,2020-01-01 2024-12-31,2024-07-21,0,51,2026-10-06T05:48:25.663734+00:00
Perewangan,film Perewangan,2020-01-01 2024-12-31,2024-07-28,0,50,2026-10-06T05:48:25.663734+00:00
Perewangan,film Perewangan,2020-01-01 2024-12-31,2024-08-04,0,46,2026-10-06T05:48:25.663734+00:00
Perewangan,film Perewangan,2020-01-01 2024-12-31,2024-08-11,0,51,2026-10-06T05:48:25.663734+00:00
Perewangan,film Perewangan,2020-01-01 2024-12-31,2024-08-18,0,48,2026-10-06T05:48:25.663734+00:00
Perewangan,film Perewangan,2020-01-01 2024-12-31,2024-08-25,0,48,2026-10-06T05:48:25.663734+00:00
Perewangan,film Perewangan,2020-01-01 2024-12-31,2024-09-01,0,45,2026-10-06T05:48:25.663734+00:00
Perewangan,film Perewangan,2020-01-01 2024-12-31,2024-09-08,0,50,2026-10-06T05:48:25.663734+00:00
Perewangan,film Perewangan,2020-01-01 2024-12-31,2024-09-15,0,57,2026-10-06T05:48:25.663734+00:00
Perewangan,film Perewangan,2020-01-01 2024-12-31,2024-09-22,0,54,2026-10-06T05:48:25.663734+00:00
Perewangan,film Perewangan,2020-01-01 2024-12-31,2024-09-29,1,54,2026-10-06T05:48:25.663734+00:00
Perewangan,film Perewangan,2020-01-01 2024-12-31,2024-10-06,1,52,2026-10-06T05:48:25.663734+00:00
Perewangan,film Perewangan,2020-01-01 2024-12-31,2024-10-13,1,50,2026-10-06T05:48:25.663734+00:00
Perewangan,film Perewangan,2020-01-01 2024-12-31,2024-10-20,5,50,2026-10-06T05:48:25.663734+00:00
Perewangan,film Perewangan,2020-01-01 2024-12-31,2024-10-27,7,50,2026-10-06T05:48:25.663734+00:00
Perewangan,film Perewangan,2020-01-01 2024-12-31,2024-11-03,6,61,2026-10-06T05:48:25.663734+00:00
Perewangan,film Perewangan,2020-01-01 2024-12-31,2024-11-10,3,56,2026-10-06T05:48:25.663734+00:00
Perewangan,film Perewangan,2020-01-01 2024-12-31,2024-11-17,1,61,2026-10-06T05:48:25.663734+00:00
Perewangan,film Perewangan,2020-01-01 2024-12-31,2024-11-24,1,59,2026-10-06T05:48:25.663734+00:00
Perewangan,film Perewangan,2020-01-01 2024-12-31,2024-12-01,0,52,2026-10-06T05:48:25.663734+00:00
Perewangan,film Perewangan,2020-01-01 2024-12-31,2024-12-08,1,56,2026-10-06T05:48:25.663734+00:00
Perewangan,film Perewangan,2020-01-01 2024-12-31,2024-12-15,1,65,2026-10-06T05:48:25.663734+00:00
Perewangan,film Perewangan,2020-01-01 2024-12-31,2024-12-22,1,77,2026-10-06T05:48:25.663734+00:00
Perewangan,film Perewangan,2020-01-01 2024-12-31,2024-12-29,0,79,2026-10-06T05:48:25.663734+00:00
Perewangan,film Perewangan,2022-01-01 2026-10-06,2021-12-26,0,73,2026-10-06T05:49:55.904203+00:00
Perewangan,film Perewangan,2022-01-01 2026-10-06,2022-01-02,0,57,2026-10-06T05:49:55.904203+00:00
Perewangan,film Perewangan,2022-01-01 2026-10-06,2022-01-09,0,61,2026-10-06T05:49:55.904203+00:00
Perewangan,film Perewangan,2022-01-01 2026-10-06,2022-01-16,0,46,2026-10-06T05:49:55.904203+00:00
Perewangan,film Perewangan,2022-01-01 2026-10-06,2022-01-23,0,47,2026-10-06T05:49:55.904203+00:00
Perewangan,film Perewangan,2022-01-01 2026-10-06,2022-01-30,0,46,2026-10-06T05:49:55.904203+00:00
Perewangan,film Perewangan,2022-01-01 2026-10-06,2022-02-06,0,46,2026-10-06T05:49:55.904203+00:00
Perewangan,film Perewangan,2022-01-01 2026-10-06,2022-02-13,0,50,2026-10-06T05:49:55.904203+00:00
Perewangan,film Perewangan,2022-01-01 2026-10-06,2022-02-20,0,44,2026-10-06T05:49:55.904203+00:00
Perewangan,film Perewangan,2022-01-01 2026-10-06,2022-02-27,0,51,2026-10-06T05:49:55.904203+00:00
Perewangan,film Perewangan,2022-01-01 2026-10-06,2022-03-06,0,38,2026-10-06T05:49:55.904203+00:00
Perewangan,film Perewangan,2022-01-01 2026-10-06,2022-03-13,0,40,2026-10-06T05:49:55.904203+00:00
Perewangan,film Perewangan,2022-01-01 2026-10-06,2022-03-20,0,42,2026-10-06T05:49:55.904203+00:00
Perewangan,film Perewangan,2022-01-01 2026-10-06,2022-03-27,0,40,2026-10-06T05:49:55.904203+00:00
Perewangan,film Perewangan,2022-01-01 2026-10-06,2022-04-03,0,42,2026-10-06T05:49:55.904203+00:00
Perewangan,film Perewangan,2022-01-01 2026-10-06,2022-04-10,0,43,2026-10-06T05:49:55.904203+00:00
Perewangan,film Perewangan,2022-01-01 2026-10-06,2022-04-17,0,47,2026-10-06T05:49:55.904203+00:00
Perewangan,film Perewangan,2022-01-01 2026-10-06,2022-04-24,0,51,2026-10-06T05:49:55.904203+00:00
Perewangan,film Perewangan,2022-01-01 2026-10-06,2022-05-01,0,90,2026-10-06T05:49:55.904203+00:00
Perewangan,film Perewangan,2022-01-01 2026-10-06,2022-05-08,0,69,2026-10-06T05:49:55.904203+00:00
Perewangan,film Perewangan,2022-01-01 2026-10-06,2022-05-15,0,57,2026-10-06T05:49:55.904203+00:00
Perewangan,film Perewangan,2022-01-01 2026-10-06,2022-05-22,0,53,2026-10-06T05:49:55.904203+00:00
Perewangan,film Perewangan,2022-01-01 2026-10-06,2022-05-29,0,49,2026-10-06T05:49:55.904203+00:00
Perewangan,film Perewangan,2022-01-01 2026-10-06,2022-06-05,0,44,2026-10-06T05:49:55.904203+00:00
Perewangan,film Perewangan,2022-01-01 2026-10-06,2022-06-12,0,46,2026-10-06T05:49:55.904203+00:00
Perewangan,film Perewangan,2022-01-01 2026-10-06,2022-06-19,0,54,2026-10-06T05:49:55.904203+00:00
Perewangan,film Perewangan,2022-01-01 2026-10-06,2022-06-26,0,52,2026-10-06T05:49:55.904203+00:00
Perewangan,film Perewangan,2022-01-01 2026-10-06,2022-07-03,0,50,2026-10-06T05:49:55.904203+00:00
Perewangan,film Perewangan,2022-01-01 2026-10-06,2022-07-10,0,55,2026-10-06T05:49:55.904203+00:00
Perewangan,film Perewangan,2022-01-01 2026-10-06,2022-07-17,0,50,2026-10-06T05:49:55.904203+00:00
Perewangan,film Perewangan,2022-01-01 2026-10-06,2022-07-24,0,44,2026-10-06T05:49:55.904203+00:00
Perewangan,film Perewangan,2022-01-01 2026-10-06,2022-07-31,0,50,2026-10-06T05:49:55.904203+00:00
Perewangan,film Perewangan,2022-01-01 2026-10-06,2022-08-07,0,48,2026-10-06T05:49:55.904203+00:00
Perewangan,film Perewangan,2022-01-01 2026-10-06,2022-08-14,0,50,2026-10-06T05:49:55.904203+00:00
Perewangan,film Perewangan,2022-01-01 2026-10-06,2022-08-21,0,44,2026-10-06T05:49:55.904203+00:00
Perewangan,film Perewangan,2022-01-01 2026-10-06,2022-08-28,0,42,2026-10-06T05:49:55.904203+00:00
Perewangan,film Perewangan,2022-01-01 2026-10-06,2022-09-04,0,43,2026-10-06T05:49:55.904203+00:00
Perewangan,film Perewangan,2022-01-01 2026-10-06,2022-09-11,0,39,2026-10-06T05:49:55.904203+00:00
Perewangan,film Perewangan,2022-01-01 2026-10-06,2022-09-18,0,39,2026-10-06T05:49:55.904203+00:00
Perewangan,film Perewangan,2022-01-01 2026-10-06,2022-09-25,0,38,2026-10-06T05:49:55.904203+00:00
Perewangan,film Perewangan,2022-01-01 2026-10-06,2022-10-02,0,43,2026-10-06T05:49:55.904203+00:00
Perewangan,film Perewangan,2022-01-01 2026-10-06,2022-10-09,0,50,2026-10-06T05:49:55.904203+00:00
Perewangan,film Perewangan,2022-01-01 2026-10-06,2022-10-16,0,49,2026-10-06T05:49:55.904203+00:00
Perewangan,film Perewangan,2022-01-01 2026-10-06,2022-10-23,0,45,2026-10-06T05:49:55.904203+00:00
Perewangan,film Perewangan,2022-01-01 2026-10-06,2022-10-30,0,46,2026-10-06T05:49:55.904203+00:00
Perewangan,film Perewangan,2022-01-01 2026-10-06,2022-11-06,0,48,2026-10-06T05:49:55.904203+00:00
Perewangan,film Perewangan,2022-01-01 2026-10-06,2022-11-13,0,49,2026-10-06T05:49:55.904203+00:00
Perewangan,film Perewangan,2022-01-01 2026-10-06,2022-11-20,0,41,2026-10-06T05:49:55.904203+00:00
Perewangan,film Perewangan,2022-01-01 2026-10-06,2022-11-27,0,40,2026-10-06T05:49:55.904203+00:00
Perewangan,film Perewangan,2022-01-01 2026-10-06,2022-12-04,0,38,2026-10-06T05:49:55.904203+00:00
Perewangan,film Perewangan,2022-01-01 2026-10-06,2022-12-11,0,48,2026-10-06T05:49:55.904203+00:00
Perewangan,film Perewangan,2022-01-01 2026-10-06,2022-12-18,0,53,2026-10-06T05:49:55.904203+00:00
Perewangan,film Perewangan,2022-01-01 2026-10-06,2022-12-25,0,92,2026-10-06T05:49:55.904203+00:00
Perewangan,film Perewangan,2022-01-01 2026-10-06,2023-01-01,0,58,2026-10-06T05:49:55.904203+00:00
Perewangan,film Perewangan,2022-01-01 2026-10-06,2023-01-08,0,46,2026-10-06T05:49:55.904203+00:00
Perewangan,film Perewangan,2022-01-01 2026-10-06,2023-01-15,0,44,2026-10-06T05:49:55.904203+00:00
Perewangan,film Perewangan,2022-01-01 2026-10-06,2023-01-22,0,51,2026-10-06T05:49:55.904203+00:00
Perewangan,film Perewangan,2022-01-01 2026-10-06,2023-01-29,0,44,2026-10-06T05:49:55.904203+00:00
Perewangan,film Perewangan,2022-01-01 2026-10-06,2023-02-05,0,47,2026-10-06T05:49:55.904203+00:00
Perewangan,film Perewangan,2022-01-01 2026-10-06,2023-02-12,0,51,2026-10-06T05:49:55.904203+00:00
Perewangan,film Perewangan,2022-01-01 2026-10-06,2023-02-19,0,46,2026-10-06T05:49:55.904203+00:00
Perewangan,film Perewangan,2022-01-01 2026-10-06,2023-02-26,0,46,2026-10-06T05:49:55.904203+00:00
Perewangan,film Perewangan,2022-01-01 2026-10-06,2023-03-05,0,43,2026-10-06T05:49:55.904203+00:00
Perewangan,film Perewangan,2022-01-01 2026-10-06,2023-03-12,0,42,2026-10-06T05:49:55.904203+00:00
Perewangan,film Perewangan,2022-01-01 2026-10-06,2023-03-19,0,52,2026-10-06T05:49:55.904203+00:00
Perewangan,film Perewangan,2022-01-01 2026-10-06,2023-03-26,0,43,2026-10-06T05:49:55.904203+00:00
Perewangan,film Perewangan,2022-01-01 2026-10-06,2023-04-02,0,41,2026-10-06T05:49:55.904203+00:00
Perewangan,film Perewangan,2022-01-01 2026-10-06,2023-04-09,0,43,2026-10-06T05:49:55.904203+00:00
Perewangan,film Perewangan,2022-01-01 2026-10-06,2023-04-16,0,54,2026-10-06T05:49:55.904203+00:00
Perewangan,film Perewangan,2022-01-01 2026-10-06,2023-04-23,0,77,2026-10-06T05:49:55.904203+00:00
Perewangan,film Perewangan,2022-01-01 2026-10-06,2023-04-30,0,63,2026-10-06T05:49:55.904203+00:00
Perewangan,film Perewangan,2022-01-01 2026-10-06,2023-05-07,0,53,2026-10-06T05:49:55.904203+00:00
Perewangan,film Perewangan,2022-01-01 2026-10-06,2023-05-14,0,56,2026-10-06T05:49:55.904203+00:00
Perewangan,film Perewangan,2022-01-01 2026-10-06,2023-05-21,0,54,2026-10-06T05:49:55.904203+00:00
Perewangan,film Perewangan,2022-01-01 2026-10-06,2023-05-28,0,50,2026-10-06T05:49:55.904203+00:00
Perewangan,film Perewangan,2022-01-01 2026-10-06,2023-06-04,0,44,2026-10-06T05:49:55.904203+00:00
Perewangan,film Perewangan,2022-01-01 2026-10-06,2023-06-11,0,47,2026-10-06T05:49:55.904203+00:00
Perewangan,film Perewangan,2022-01-01 2026-10-06,2023-06-18,0,50,2026-10-06T05:49:55.904203+00:00
Perewangan,film Perewangan,2022-01-01 2026-10-06,2023-06-25,0,59,2026-10-06T05:49:55.904203+00:00
Perewangan,film Perewangan,2022-01-01 2026-10-06,2023-07-02,0,55,2026-10-06T05:49:55.904203+00:00
Perewangan,film Perewangan,2022-01-01 2026-10-06,2023-07-09,0,55,2026-10-06T05:49:55.904203+00:00
Perewangan,film Perewangan,2022-01-01 2026-10-06,2023-07-16,0,54,2026-10-06T05:49:55.904203+00:00
Perewangan,film Perewangan,2022-01-01 2026-10-06,2023-07-23,0,47,2026-10-06T05:49:55.904203+00:00
Perewangan,film Perewangan,2022-01-01 2026-10-06,2023-07-30,0,44,2026-10-06T05:49:55.904203+00:00
Perewangan,film Perewangan,2022-01-01 2026-10-06,2023-08-06,0,47,2026-10-06T05:49:55.904203+00:00
Perewangan,film Perewangan,2022-01-01 2026-10-06,2023-08-13,0,49,2026-10-06T05:49:55.904203+00:00
Perewangan,film Perewangan,2022-01-01 2026-10-06,2023-08-20,0,44,2026-10-06T05:49:55.904203+00:00
Perewangan,film Perewangan,2022-01-01 2026-10-06,2023-08-27,0,46,2026-10-06T05:49:55.904203+00:00
Perewangan,film Perewangan,2022-01-01 2026-10-06,2023-09-03,0,51,2026-10-06T05:49:55.904203+00:00
Perewangan,film Perewangan,2022-01-01 2026-10-06,2023-09-10,0,46,2026-10-06T05:49:55.904203+00:00
Perewangan,film Perewangan,2022-01-01 2026-10-06,2023-09-17,0,48,2026-10-06T05:49:55.904203+00:00
Perewangan,film Perewangan,2022-01-01 2026-10-06,2023-09-24,0,49,2026-10-06T05:49:55.904203+00:00
Perewangan,film Perewangan,2022-01-01 2026-10-06,2023-10-01,0,52,2026-10-06T05:49:55.904203+00:00
Perewangan,film Perewangan,2022-01-01 2026-10-06,2023-10-08,0,53,2026-10-06T05:49:55.904203+00:00
Perewangan,film Perewangan,2022-01-01 2026-10-06,2023-10-15,0,51,2026-10-06T05:49:55.904203+00:00
Perewangan,film Perewangan,2022-01-01 2026-10-06,2023-10-22,0,52,2026-10-06T05:49:55.904203+00:00
Perewangan,film Perewangan,2022-01-01 2026-10-06,2023-10-29,0,52,2026-10-06T05:49:55.904203+00:00
Perewangan,film Perewangan,2022-01-01 2026-10-06,2023-11-05,0,48,2026-10-06T05:49:55.904203+00:00
Perewangan,film Perewangan,2022-01-01 2026-10-06,2023-11-12,0,50,2026-10-06T05:49:55.904203+00:00
Perewangan,film Perewangan,2022-01-01 2026-10-06,2023-11-19,0,48,2026-10-06T05:49:55.904203+00:00
Perewangan,film Perewangan,2022-01-01 2026-10-06,2023-11-26,0,45,2026-10-06T05:49:55.904203+00:00
Perewangan,film Perewangan,2022-01-01 2026-10-06,2023-12-03,0,46,2026-10-06T05:49:55.904203+00:00
Perewangan,film Perewangan,2022-01-01 2026-10-06,2023-12-10,0,53,2026-10-06T05:49:55.904203+00:00
Perewangan,film Perewangan,2022-01-01 2026-10-06,2023-12-17,0,56,2026-10-06T05:49:55.904203+00:00
Perewangan,film Perewangan,2022-01-01 2026-10-06,2023-12-24,0,81,2026-10-06T05:49:55.904203+00:00
Perewangan,film Perewangan,2022-01-01 2026-10-06,2023-12-31,0,62,2026-10-06T05:49:55.904203+00:00
Perewangan,film Perewangan,2022-01-01 2026-10-06,2024-01-07,0,47,2026-10-06T05:49:55.904203+00:00
Perewangan,film Perewangan,2022-01-01 2026-10-06,2024-01-14,0,45,2026-10-06T05:49:55.904203+00:00
Perewangan,film Perewangan,2022-01-01 2026-10-06,2024-01-21,0,45,2026-10-06T05:49:55.904203+00:00
Perewangan,film Perewangan,2022-01-01 2026-10-06,2024-01-28,0,49,2026-10-06T05:49:55.904203+00:00
Perewangan,film Perewangan,2022-01-01 2026-10-06,2024-02-04,0,52,2026-10-06T05:49:55.904203+00:00
Perewangan,film Perewangan,2022-01-01 2026-10-06,2024-02-11,0,49,2026-10-06T05:49:55.904203+00:00
Perewangan,film Perewangan,2022-01-01 2026-10-06,2024-02-18,0,45,2026-10-06T05:49:55.904203+00:00
Perewangan,film Perewangan,2022-01-01 2026-10-06,2024-02-25,0,50,2026-10-06T05:49:55.904203+00:00
Perewangan,film Perewangan,2022-01-01 2026-10-06,2024-03-03,0,47,2026-10-06T05:49:55.904203+00:00
Perewangan,film Perewangan,2022-01-01 2026-10-06,2024-03-10,0,52,2026-10-06T05:49:55.904203+00:00
Perewangan,film Perewangan,2022-01-01 2026-10-06,2024-03-17,0,43,2026-10-06T05:49:55.904203+00:00
Perewangan,film Perewangan,2022-01-01 2026-10-06,2024-03-24,0,47,2026-10-06T05:49:55.904203+00:00
Perewangan,film Perewangan,2022-01-01 2026-10-06,2024-03-31,0,44,2026-10-06T05:49:55.904203+00:00
Perewangan,film Perewangan,2022-01-01 2026-10-06,2024-04-07,0,64,2026-10-06T05:49:55.904203+00:00
Perewangan,film Perewangan,2022-01-01 2026-10-06,2024-04-14,0,55,2026-10-06T05:49:55.904203+00:00
Perewangan,film Perewangan,2022-01-01 2026-10-06,2024-04-21,0,44,2026-10-06T05:49:55.904203+00:00
Perewangan,film Perewangan,2022-01-01 2026-10-06,2024-04-28,0,42,2026-10-06T05:49:55.904203+00:00
Perewangan,film Perewangan,2022-01-01 2026-10-06,2024-05-05,0,48,2026-10-06T05:49:55.904203+00:00
Perewangan,film Perewangan,2022-01-01 2026-10-06,2024-05-12,0,50,2026-10-06T05:49:55.904203+00:00
Perewangan,film Perewangan,2022-01-01 2026-10-06,2024-05-19,0,47,2026-10-06T05:49:55.904203+00:00
Perewangan,film Perewangan,2022-01-01 2026-10-06,2024-05-26,0,38,2026-10-06T05:49:55.904203+00:00
Perewangan,film Perewangan,2022-01-01 2026-10-06,2024-06-02,0,34,2026-10-06T05:49:55.904203+00:00
Perewangan,film Perewangan,2022-01-01 2026-10-06,2024-06-09,0,38,2026-10-06T05:49:55.904203+00:00
Perewangan,film Perewangan,2022-01-01 2026-10-06,2024-06-16,0,47,2026-10-06T05:49:55.904203+00:00
Perewangan,film Perewangan,2022-01-01 2026-10-06,2024-06-23,0,44,2026-10-06T05:49:55.904203+00:00
Perewangan,film Perewangan,2022-01-01 2026-10-06,2024-06-30,0,49,2026-10-06T05:49:55.904203+00:00
Perewangan,film Perewangan,2022-01-01 2026-10-06,2024-07-07,0,48,2026-10-06T05:49:55.904203+00:00
Perewangan,film Perewangan,2022-01-01 2026-10-06,2024-07-14,0,46,2026-10-06T05:49:55.904203+00:00
Perewangan,film Perewangan,2022-01-01 2026-10-06,2024-07-21,0,47,2026-10-06T05:49:55.904203+00:00
Perewangan,film Perewangan,2022-01-01 2026-10-06,2024-07-28,0,46,2026-10-06T05:49:55.904203+00:00
Perewangan,film Perewangan,2022-01-01 2026-10-06,2024-08-04,0,42,2026-10-06T05:49:55.904203+00:00
Perewangan,film Perewangan,2022-01-01 2026-10-06,2024-08-11,0,47,2026-10-06T05:49:55.904203+00:00
Perewangan,film Perewangan,2022-01-01 2026-10-06,2024-08-18,0,44,2026-10-06T05:49:55.904203+00:00
Perewangan,film Perewangan,2022-01-01 2026-10-06,2024-08-25,0,44,2026-10-06T05:49:55.904203+00:00
Perewangan,film Perewangan,2022-01-01 2026-10-06,2024-09-01,0,42,2026-10-06T05:49:55.904203+00:00
Perewangan,film Perewangan,2022-01-01 2026-10-06,2024-09-08,0,46,2026-10-06T05:49:55.904203+00:00
Perewangan,film Perewangan,2022-01-01 2026-10-06,2024-09-15,0,53,2026-10-06T05:49:55.904203+00:00
Perewangan,film Perewangan,2022-01-01 2026-10-06,2024-09-22,0,50,2026-10-06T05:49:55.904203+00:00
Perewangan,film Perewangan,2022-01-01 2026-10-06,2024-09-29,1,50,2026-10-06T05:49:55.904203+00:00
Perewangan,film Perewangan,2022-01-01 2026-10-06,2024-10-06,0,48,2026-10-06T05:49:55.904203+00:00
Perewangan,film Perewangan,2022-01-01 2026-10-06,2024-10-13,1,46,2026-10-06T05:49:55.904203+00:00
Perewangan,film Perewangan,2022-01-01 2026-10-06,2024-10-20,5,46,2026-10-06T05:49:55.904203+00:00
Perewangan,film Perewangan,2022-01-01 2026-10-06,2024-10-27,6,46,2026-10-06T05:49:55.904203+00:00
Perewangan,film Perewangan,2022-01-01 2026-10-06,2024-11-03,5,56,2026-10-06T05:49:55.904203+00:00
Perewangan,film Perewangan,2022-01-01 2026-10-06,2024-11-10,2,52,2026-10-06T05:49:55.904203+00:00
Perewangan,film Perewangan,2022-01-01 2026-10-06,2024-11-17,1,57,2026-10-06T05:49:55.904203+00:00
Perewangan,film Perewangan,2022-01-01 2026-10-06,2024-11-24,1,55,2026-10-06T05:49:55.904203+00:00
Perewangan,film Perewangan,2022-01-01 2026-10-06,2024-12-01,0,48,2026-10-06T05:49:55.904203+00:00
Perewangan,film Perewangan,2022-01-01 2026-10-06,2024-12-08,1,52,2026-10-06T05:49:55.904203+00:00
Perewangan,film Perewangan,2022-01-01 2026-10-06,2024-12-15,1,60,2026-10-06T05:49:55.904203+00:00
Perewangan,film Perewangan,2022-01-01 2026-10-06,2024-12-22,1,71,2026-10-06T05:49:55.904203+00:00
Perewangan,film Perewangan,2022-01-01 2026-10-06,2024-12-29,0,73,2026-10-06T05:49:55.904203+00:00
Perewangan,film Perewangan,2022-01-01 2026-10-06,2025-01-05,0,61,2026-10-06T05:49:55.904203+00:00
Perewangan,film Perewangan,2022-01-01 2026-10-06,2025-01-12,0,51,2026-10-06T05:49:55.904203+00:00
Perewangan,film Perewangan,2022-01-01 2026-10-06,2025-01-19,0,59,2026-10-06T05:49:55.904203+00:00
Perewangan,film Perewangan,2022-01-01 2026-10-06,2025-01-26,1,65,2026-10-06T05:49:55.904203+00:00
Perewangan,film Perewangan,2022-01-01 2026-10-06,2025-02-02,1,49,2026-10-06T05:49:55.904203+00:00
Perewangan,film Perewangan,2022-01-01 2026-10-06,2025-02-09,0,50,2026-10-06T05:49:55.904203+00:00
Perewangan,film Perewangan,2022-01-01 2026-10-06,2025-02-16,0,49,2026-10-06T05:49:55.904203+00:00
Perewangan,film Perewangan,2022-01-01 2026-10-06,2025-02-23,0,50,2026-10-06T05:49:55.904203+00:00
Perewangan,film Perewangan,2022-01-01 2026-10-06,2025-03-02,5,47,2026-10-06T05:49:55.904203+00:00
Perewangan,film Perewangan,2022-01-01 2026-10-06,2025-03-09,6,44,2026-10-06T05:49:55.904203+00:00
Perewangan,film Perewangan,2022-01-01 2026-10-06,2025-03-16,2,49,2026-10-06T05:49:55.904203+00:00
Perewangan,film Perewangan,2022-01-01 2026-10-06,2025-03-23,2,57,2026-10-06T05:49:55.904203+00:00
Perewangan,film Perewangan,2022-01-01 2026-10-06,2025-03-30,2,100,2026-10-06T05:49:55.904203+00:00
Perewangan,film Perewangan,2022-01-01 2026-10-06,2025-04-06,1,63,2026-10-06T05:49:55.904203+00:00
Perewangan,film Perewangan,2022-01-01 2026-10-06,2025-04-13,1,48,2026-10-06T05:49:55.904203+00:00
Perewangan,film Perewangan,2022-01-01 2026-10-06,2025-04-20,0,46,2026-10-06T05:49:55.904203+00:00
Perewangan,film Perewangan,2022-01-01 2026-10-06,2025-04-27,1,44,2026-10-06T05:49:55.904203+00:00
Perewangan,film Perewangan,2022-01-01 2026-10-06,2025-05-04,0,39,2026-10-06T05:49:55.904203+00:00
Perewangan,film Perewangan,2022-01-01 2026-10-06,2025-05-11,0,49,2026-10-06T05:49:55.904203+00:00
Perewangan,film Perewangan,2022-01-01 2026-10-06,2025-05-18,0,43,2026-10-06T05:49:55.904203+00:00
Perewangan,film Perewangan,2022-01-01 2026-10-06,2025-05-25,0,44,2026-10-06T05:49:55.904203+00:00
Perewangan,film Perewangan,2022-01-01 2026-10-06,2025-06-01,0,41,2026-10-06T05:49:55.904203+00:00
Perewangan,film Perewangan,2022-01-01 2026-10-06,2025-06-08,0,44,2026-10-06T05:49:55.904203+00:00
Perewangan,film Perewangan,2022-01-01 2026-10-06,2025-06-15,0,43,2026-10-06T05:49:55.904203+00:00
Perewangan,film Perewangan,2022-01-01 2026-10-06,2025-06-22,0,50,2026-10-06T05:49:55.904203+00:00
Perewangan,film Perewangan,2022-01-01 2026-10-06,2025-06-29,0,46,2026-10-06T05:49:55.904203+00:00
Perewangan,film Perewangan,2022-01-01 2026-10-06,2025-07-06,0,44,2026-10-06T05:49:55.904203+00:00
Perewangan,film Perewangan,2022-01-01 2026-10-06,2025-07-13,0,40,2026-10-06T05:49:55.904203+00:00
Perewangan,film Perewangan,2022-01-01 2026-10-06,2025-07-20,0,39,2026-10-06T05:49:55.904203+00:00
Perewangan,film Perewangan,2022-01-01 2026-10-06,2025-07-27,0,36,2026-10-06T05:49:55.904203+00:00
Perewangan,film Perewangan,2022-01-01 2026-10-06,2025-08-03,0,39,2026-10-06T05:49:55.904203+00:00
Perewangan,film Perewangan,2022-01-01 2026-10-06,2025-08-10,0,42,2026-10-06T05:49:55.904203+00:00
Perewangan,film Perewangan,2022-01-01 2026-10-06,2025-08-17,0,43,2026-10-06T05:49:55.904203+00:00
Perewangan,film Perewangan,2022-01-01 2026-10-06,2025-08-24,0,38,2026-10-06T05:49:55.904203+00:00
Perewangan,film Perewangan,2022-01-01 2026-10-06,2025-08-31,0,41,2026-10-06T05:49:55.904203+00:00
Perewangan,film Perewangan,2022-01-01 2026-10-06,2025-09-07,0,39,2026-10-06T05:49:55.904203+00:00
Perewangan,film Perewangan,2022-01-01 2026-10-06,2025-09-14,0,38,2026-10-06T05:49:55.904203+00:00
Perewangan,film Perewangan,2022-01-01 2026-10-06,2025-09-21,0,38,2026-10-06T05:49:55.904203+00:00
Perewangan,film Perewangan,2022-01-01 2026-10-06,2025-09-28,0,36,2026-10-06T05:49:55.904203+00:00
Perewangan,film Perewangan,2022-01-01 2026-10-06,2025-10-05,0,36,2026-10-06T05:49:55.904203+00:00
Perewangan,film Perewangan,2022-01-01 2026-10-06,2025-10-12,0,36,2026-10-06T05:49:55.904203+00:00
Perewangan,film Perewangan,2022-01-01 2026-10-06,2025-10-19,0,38,2026-10-06T05:49:55.904203+00:00
Perewangan,film Perewangan,2022-01-01 2026-10-06,2025-10-26,0,42,2026-10-06T05:49:55.904203+00:00
Perewangan,film Perewangan,2022-01-01 2026-10-06,2025-11-02,0,39,2026-10-06T05:49:55.904203+00:00
Perewangan,film Perewangan,2022-01-01 2026-10-06,2025-11-09,0,37,2026-10-06T05:49:55.904203+00:00
Perewangan,film Perewangan,2022-01-01 2026-10-06,2025-11-16,0,38,2026-10-06T05:49:55.904203+00:00
Perewangan,film Perewangan,2022-01-01 2026-10-06,2025-11-23,0,34,2026-10-06T05:49:55.904203+00:00
Perewangan,film Perewangan,2022-01-01 2026-10-06,2025-11-30,0,33,2026-10-06T05:49:55.904203+00:00
Perewangan,film Perewangan,2022-01-01 2026-10-06,2025-12-07,0,38,2026-10-06T05:49:55.904203+00:00
Perewangan,film Perewangan,2022-01-01 2026-10-06,2025-12-14,0,44,2026-10-06T05:49:55.904203+00:00
Perewangan,film Perewangan,2022-01-01 2026-10-06,2025-12-21,0,53,2026-10-06T05:49:55.904203+00:00
Perewangan,film Perewangan,2022-01-01 2026-10-06,2025-12-28,0,59,2026-10-06T05:49:55.904203+00:00
Perewangan,film Perewangan,2022-01-01 2026-10-06,2026-01-04,0,44,2026-10-06T05:49:55.904203+00:00
Perewangan,film Perewangan,2022-01-01 2026-10-06,2026-01-11,0,43,2026-10-06T05:49:55.904203+00:00
Perewangan,film Perewangan,2022-01-01 2026-10-06,2026-01-18,0,39,2026-10-06T05:49:55.904203+00:00
Perewangan,film Perewangan,2022-01-01 2026-10-06,2026-01-25,0,37,2026-10-06T05:49:55.904203+00:00
Perewangan,film Perewangan,2022-01-01 2026-10-06,2026-02-01,0,38,2026-10-06T05:49:55.904203+00:00
Perewangan,film Perewangan,2022-01-01 2026-10-06,2026-02-08,0,35,2026-10-06T05:49:55.904203+00:00
Perewangan,film Perewangan,2022-01-01 2026-10-06,2026-02-15,0,41,2026-10-06T05:49:55.904203+00:00
Perewangan,film Perewangan,2022-01-01 2026-10-06,2026-02-22,0,36,2026-10-06T05:49:55.904203+00:00
Perewangan,film Perewangan,2022-01-01 2026-10-06,2026-03-01,0,32,2026-10-06T05:49:55.904203+00:00
Perewangan,film Perewangan,2022-01-01 2026-10-06,2026-03-08,0,33,2026-10-06T05:49:55.904203+00:00
Perewangan,film Perewangan,2022-01-01 2026-10-06,2026-03-15,0,45,2026-10-06T05:49:55.904203+00:00
Perewangan,film Perewangan,2022-01-01 2026-10-06,2026-03-22,0,57,2026-10-06T05:49:55.904203+00:00
Perewangan,film Perewangan,2022-01-01 2026-10-06,2026-03-29,0,42,2026-10-06T05:49:55.904203+00:00
Perewangan,film Perewangan,2022-01-01 2026-10-06,2026-04-05,0,37,2026-10-06T05:49:55.904203+00:00
Perewangan,film Perewangan,2022-01-01 2026-10-06,2026-04-12,0,37,2026-10-06T05:49:55.904203+00:00
Perewangan,film Perewangan,2022-01-01 2026-10-06,2026-04-19,0,40,2026-10-06T05:49:55.904203+00:00
Perewangan,film Perewangan,2022-01-01 2026-10-06,2026-04-26,0,42,2026-10-06T05:49:55.904203+00:00
Perewangan,film Perewangan,2022-01-01 2026-10-06,2026-05-03,0,38,2026-10-06T05:49:55.904203+00:00
Perewangan,film Perewangan,2022-01-01 2026-10-06,2026-05-10,0,42,2026-10-06T05:49:55.904203+00:00
Perewangan,film Perewangan,2022-01-01 2026-10-06,2026-05-17,0,37,2026-10-06T05:49:55.904203+00:00
Perewangan,film Perewangan,2022-01-01 2026-10-06,2026-05-24,0,44,2026-10-06T05:49:55.904203+00:00
Perewangan,film Perewangan,2022-01-01 2026-10-06,2026-05-31,0,40,2026-10-06T05:49:55.904203+00:00
Perewangan,film Perewangan,2022-01-01 2026-10-06,2026-06-07,0,36,2026-10-06T05:49:55.904203+00:00
Perewangan,film Perewangan,2022-01-01 2026-10-06,2026-06-14,0,44,2026-10-06T05:49:55.904203+00:00
Perewangan,film Perewangan,2022-01-01 2026-10-06,2026-06-21,0,43,2026-10-06T05:49:55.904203+00:00
Perewangan,film Perewangan,2022-01-01 2026-10-06,2026-06-28,0,45,2026-10-06T05:49:55.904203+00:00
Perewangan,film Perewangan,2022-01-01 2026-10-06,2026-07-05,0,44,2026-10-06T05:49:55.904203+00:00
Perewangan,film Perewangan,2022-01-01 2026-10-06,2026-07-12,0,39,2026-10-06T05:49:55.904203+00:00
Perewangan,film Perewangan,2022-01-01 2026-10-06,2026-07-19,0,37,2026-10-06T05:49:55.904203+00:00
Perewangan,film Perewangan,2022-01-01 2026-10-06,2026-07-26,0,36,2026-10-06T05:49:55.904203+00:00
Perewangan,film Perewangan,2022-01-01 2026-10-06,2026-08-02,0,31,2026-10-06T05:49:55.904203+00:00
Perewangan,film Perewangan,2022-01-01 2026-10-06,2026-08-09,0,34,2026-10-06T05:49:55.904203+00:00
Perewangan,film Perewangan,2022-01-01 2026-10-06,2026-08-16,0,40,2026-10-06T05:49:55.904203+00:00
Perewangan,film Perewangan,2022-01-01 2026-10-06,2026-08-23,0,44,2026-10-06T05:49:55.904203+00:00
Perewangan,film Perewangan,2022-01-01 2026-10-06,2026-08-30,0,36,2026-10-06T05:49:55.904203+00:00
Perewangan,film Perewangan,2022-01-01 2026-10-06,2026-09-06,0,36,2026-10-06T05:49:55.904203+00:00
Perewangan,film Perewangan,2022-01-01 2026-10-06,2026-09-13,0,35,2026-10-06T05:49:55.904203+00:00
Perewangan,film Perewangan,2022-01-01 2026-10-06,2026-09-20,0,38,2026-10-06T05:49:55.904203+00:00
Perewangan,film Perewangan,2022-01-01 2026-10-06,2026-09-27,0,38,2026-10-06T05:49:55.904203+00:00
Perewangan,film Perewangan,2022-01-01 2026-10-06,2026-10-04,0,34,2026-10-06T05:49:55.904203+00:00
