UserName,Review Text,Rating,clean_text,topic
Mila Daihatsu Murah,"TOLONG KEMBALIKAN AKUN SAYA.. Akun ig sya tiba"" di tutup oleh pihak ig nya, TIDAK BISA LOGIN, sya tidak membuat kesalahan, padahal sya sudah lama pakai aplikasi ini, dan ketika sya akan buat akun yg baru juga sma sekali tidak bisa? Aplikasi nya tidak bisa membantu sma sekali.. SANGAT SANGAT SANGAT SANGAT KECEWA KECEWA KECEWA.....",1,kembalikan akun akun ig sya tiba tutup pihak ig nya bisa login sya membuat kesalahan padahal sya lama pakai aplikasi dan sya buat akun baru sma sekali bisa aplikasi nya bisa membantu sma sekali sangat sangat sangat sangat kecewa kecewa kecewa,1
Yepri Merbin,"ini Instagram kenapa ya???? setiap buat sorotan baru plus sama sampul nya, loading nya lama bangett itu knapa yaa!?? tolong pihak Instagram benerin bug nya saya sedikit kesal dan itu terus berulang-ulang kali padahal jaringan/data saya itu bagus engga ngelag tapi knp loading nya lama, TOLONG PIHAK INSTAGRAM SEGERA BETULIN BUG NYA!!!!!!!!",1,instagram ya buat sorotan baru plus sama sampul nya loading nya lama bangett knapa yaa pihak instagram benerin bug nya sedikit kesal itu terus berulang ulang kali padahal jaringan data itu bagus engga ngelag knp loading nya lama pihak instagram segera betulin bug nya,-1
Zahiya Wardatunnisa,"salah satu aplikasi media sosial favorit aku ni🤩, buat keseluruhan aplikasinya sudah baik, tapi, terkadang sering ada bug, seperti susah buat melihat stories, atau lagu yang dipost sama seseorang gak muncul diatas. . . saya harap segera diperbaiki, thanks",5,salah satu aplikasi media sosial favorit aku ni buat keseluruhan aplikasinya baik terkadang sering bug susah buat melihat stories lagu dipost sama seseorang muncul diatas harap segera diperbaiki thanks,-1
Aditya Fadlani,"banyak update banyak juga bug, saya udah follow teman saya tapi tiba-tiba le unfollow dengan sendirinya dan itu terjadi berulang ulang, padahal koneksi ke data seluler/wifi bagus ga ada gangguan, dan juga sekarang malah sering lag dan setiap buka story ig orang lain malah ga kebuka......",1,banyak update banyak bug udah follow teman tapi tiba tiba le unfollow sendirinya itu terjadi berulang ulang padahal koneksi data seluler wifi bagus ada gangguan juga sekarang malah sering lag setiap buka story ig orang malah kebuka,-1
Aylsa,"Halo, Instagram! Aku mau sampaikan keinginanku dong buat aplikasi Instagram. Boleh ga kalau musik di cerita di perpanjang? soalnya kalau 15 detik aja itu menurutku kurang cukup. Apalagi kalau lirik²nya bagus. Nanggung ga si? Jadi aku pengen Instagram manjangin durasi musik di cerita, Thank You Instagram udah nyempetin baca ini!",4,halo instagram aku mau sampaikan keinginanku dong buat aplikasi instagram kalau musik cerita perpanjang soalnya kalau detik itu menurutku kurang cukup kalau lirik nya bagus nanggung tidak si jadi aku pengen instagram manjangin durasi musik cerita thank you instagram udah nyempetin baca,-1
Yusuf,"Makin sini makin banyak bug aplikasi ini, Mau liat Story loadingnya lama banget padahal sinyal bagus, buka beranda blank putih semua, terkadang buka reel gak maju videonya padahal pas saya scroll ke bawah video kedua jalan lancar tpi discroll ke atas lgi masih tetep gak jalan video yang pertama, tolong diperbaiki wahai pihak Instagram",2,makin sini makin banyak bug aplikasi mau liat story loadingnya lama banget padahal sinyal bagus buka beranda blank putih semua terkadang buka reel maju videonya padahal pas scroll bawah video kedua jalan lancar tpi discroll atas lgi tetep jalan video pertama diperbaiki wahai pihak instagram,0
Soto ayam,"Woi tolong lah ya, pakai akun lama malah gak bisa musik yang di profile itu, akun baru ada, mau pake akun lama tapi tombol musik di profile nya gak ada awalnya ada lalu tiba tiba hilang, jadi mau hapus lagunya pun gak bisa. Tolong diperbaiki. Terimakasih.",1,woi lah pakai akun lama malah musik profile akun baru mau pake akun lama tombol musik di profile nya awalnya ada lalu tiba tiba hilang jadi mau hapus lagunya tidak bisa tolong diperbaiki terimakasih,-1
maudy 075,"sekarang ko aneh bangett, mau upload story muter²terus, padahal jaringan bagus, dan yg lebih parahnya, foto yg baru saya ambil langsung dari instagram dan saya masukin draft,tidak bisa disimpan! gimana ini aplikasi nyaa!!",2,sekarang ko aneh bangett mau upload story muter terus padahal jaringan bagus lebih parahnya foto yang baru ambil langsung instagram saya masukin draft bisa disimpan gimana aplikasi nyaa,0
isthatrubio _,"Banyak bug! Buka DM, tampilan bar atas full putih. Info batre, sinyal, notif ga ada, full putih. Tiap buka profil, tombol Threads, Buat dan Pengaturan dan Aktivitas hilang, harus buka tab lain lalu balik lagi ke tab Profil supaya muncul tombolnya. Perbaiki lagi, saya pengguna Android 8.0 Oreo.",1,banyak bug buka dm tampilan bar atas full putih info batre sinyal notif ada full putih tiap buka profil tombol threads buat pengaturan aktivitas hilang buka tab lalu balik ke tab profil muncul tombolnya perbaiki saya pengguna android oreo,1
rilatriani,"Mohon ya untuk instagram agar lebih di upgrade lagi mengenai pemilihan foto, misal kalo mau buat foto grid kan nanti pilih foto ya, kalo bisa jangan ngulang dari awal lagi pas pemilihan foto kedua, jadi susah lagi nyari fotonya, harus di scroll bawah lagi, lebih bagus yang dulu, pemilihan foto kedua enggak perlu geser² tinggal lanjutin dari posisi foto pertama tdi.",2,mohon untuk instagram lebih upgrade mengenai pemilihan foto misal kalo mau buat foto grid kan pilih foto kalo jangan ngulang awal pas pemilihan foto kedua jadi susah nyari fotonya di scroll bawah lebih bagus dulu pemilihan foto kedua enggak perlu geser tinggal lanjutin posisi foto pertama tdi,4
Khansa Ghaida Ramadhani,"Mohon banyak sekali yang harus diperbaiki, kenapa arsipan story yang ada lagunya kita banyak yang menjadi burem, tidak menyamankan untuk dimasukkan ke highlight, dan juga beberapa foto di arsipan kita malah tidak bisa dibuka sama sekali, padahal dulu tidak ada kendala kendala seperti itu, menurut saya ini sangat merugikan banyak orang jadi tolong secepatnya perbaiki. Dimana mana fitur sosmed itu berkembang bukan malah makin banyak masalah teknisnya.",2,mohon banyak sekali harus diperbaiki arsipan story ada lagunya banyak menjadi burem menyamankan dimasukkan highlight juga beberapa foto arsipan malah bisa dibuka sama sekali padahal dulu ada kendala kendala saya sangat merugikan banyak orang jadi secepatnya perbaiki mana fitur sosmed itu berkembang bukan malah makin banyak masalah teknisnya,-1
Salwa Salsabila,"Tolong perbaiki lagi kualitas foto or vid yg kita up ke story terutama pas udah di tambahin musik, pas ke up jadi burik banget sumpah, abis itu klo yang awalnya bagus ntar pas lama2 baru di cek udah burem banget, nge up tinggi2 kuota kemakan eh kualitasnya jelek",1,perbaiki kualitas foto or vid kita up story terutama pas udah tambahin musik pas up jadi burik banget sumpah abis klo awalnya bagus ntar pas lama baru cek udah burem banget nge up tinggi kuota kemakan eh kualitasnya jelek,-1
Selly Marsya Aprilia,"sebenarnya fitur instagram yang sudah developer rancang alias kembangkan kembali ini sudah bagus & sanggat membantu kami sebagai user ( pengguna ). tetapi sebagian masalah muncul mulai dari reload reels, dm, dan stories yang tidak bisa di unggah seperti foto tersebut tidak muncul. sebagai pengguna aktif instagram saya mengakui bahwa pencanggihan memadai ini sangat baik, namun perlu diperbaiki lagi dalam perihal kendala. karena tidak sedikit mereka yang mengeluhkan hal ini, itu saja dari saya.",5,sebenarnya fitur instagram developer rancang alias kembangkan sudah bagus sanggat membantu user pengguna sebagian masalah muncul mulai reload reels dm stories di unggah foto tersebut tidak muncul sebagai pengguna aktif instagram mengakui pencanggihan memadai ini sangat baik perlu diperbaiki dalam perihal kendala tidak sedikit yang mengeluhkan ini saja saya,1
Gedebil bangettt,"Sebenarnya aplikasinya bagus tapi sekarang banyak bug yang ganggu. contohnya bug fitur musik yang ada di profil Instagram ,di pengaturan saat edit profil fitur musik nya gak ada (hilang padahal dulu ada dan udah kepake)aneh nya di profil aku gaada musiknya sementara akun lain bisa lihat fitur musik nya di profil aku.tapi aku sendiri gabisa lihat.udah aku laporkan bug nya ke Instagram 4-5 kali belum di benerin.KECEWA BANGET SIH......",3,sebenarnya aplikasinya bagus sekarang banyak bug ganggu contohnya bug fitur musik profil instagram pengaturan edit profil fitur musik nya ada hilang padahal dulu ada dan udah kepake aneh nya profil aku gaada musiknya akun bisa lihat fitur musik nya profil aku aku sendiri gabisa lihat udah aku laporkan bug nya instagram kali di benerin kecewa banget sih,-1
Budi Prasetyo,"Lebih canggih boleh, tapi easy to use lah... Jangan cuman canggih doang tapi tidak mudah untuk dioperasikan. Kalo mau jumping, buat pengenalan fitur saat pertama kali di update. Kalo masih ada yang komplain pakai checklist aja dengan klik lanjutan berarti pengguna sudah mengetahui cara menggunakan fitur terbaru, dan lebih plusnya untuk beberapa user yang tidak ramah dengan pembaharuan dikasih pilihan mau pakai ui yg baru atau lama. Bisalah developer...",1,lebih canggih easy to use lah jangan cuman canggih doang tapi tidak mudah dioperasikan kalo mau jumping buat pengenalan fitur pertama kali update kalo ada komplain pakai checklist klik lanjutan berarti pengguna mengetahui cara menggunakan fitur terbaru lebih plusnya beberapa user tidak ramah dengan pembaharuan dikasih pilihan mau pakai ui baru lama bisalah developer,-1
c0likiawan,"Aplikasi yang sangat recommended terutama fiturnya yang sangat canggih dan bisa merasakan bagaimana rasanya bermain masak²an, gobag, emprak, jemblong. Apalagi kalau tambahin fitur ""setiap like postingan/reels/story"" dapet kiss dari pengguna yang kita like, mantappp.",5,aplikasi sangat recommended terutama fiturnya sangat canggih bisa merasakan bagaimana rasanya bermain masak an gobag emprak jemblong kalau tambahin fitur like postingan reels story dapet kiss pengguna kita like mantappp,-1
Herlina Sibarani,"Instagram setelah di update malah sering ngelag, foto dan video reels atau sekedar melihat story juga lambat sekali, ketika dilihat tidak ada masalah dengan jaringan data seluler,semoga setelah di update Instagram kembali seperti kemarin"".",1,instagram di update malah sering ngelag foto video reels sekedar melihat story lambat sekali dilihat ada masalah jaringan data seluler semoga di update instagram seperti kemarin,-1
Ocha Bta,"For Mimin Instagram🤍🖤:kadang kalau bikin reel Instagram pakek musik,itu lagu sama video saya gak pas😓,jadi vidio saya nya kecepatan,dan lagu nya kadang juga lembet/telat, sama vidio saya nya,tolong dong min apa hp saya nya yang kentang🙏🏻, terimakasih",3,for mimin instagram kadang kalau bikin reel instagram pakek musik lagu sama video tidak pas jadi vidio nya kecepatan lagu nya kadang lembet telat sama vidio nya dong min apa hp nya kentang terimakasih,0
Tengku Hastriad,"Akun saya hilang. Tidak tau apa penyebabnga. Sudah coba dipulihkan tapi tidak ada gunanya. Ketika membuat akun baru, tiba tiba diberi peringatan. Setelah mengajukan banding dan meminta mengambil video diri sendiri, katanya ada masalah jaringan padahal jaringan sedang bagus. Ruang penyimpanan juga masih luas. Sebenarnya Instagram maunya apa?",2,akun hilang tau apa penyebabnga coba dipulihkan tidak gunanya membuat akun baru tiba tiba diberi peringatan mengajukan banding meminta mengambil video diri sendiri katanya masalah jaringan padahal jaringan sedang bagus ruang penyimpanan masih luas sebenarnya instagram maunya apa,1
Cemon Miban,"makin hari, fiturnya makin ga jelas. banyak yang gak bisa digunain, ada juga yang Fiturnya kadang muncul kadang nggak. akhir akhir ini juga di suruh update trs, setelah update gak ada hal hal yang baru tuh. pas mau buka reels juga, reels pertama selalu macet ga bisa di buka. mulai reels kedua baru bisa. makin aneh aja",3,makin hari fiturnya makin jelas banyak digunain fiturnya kadang muncul kadang akhir akhir juga suruh update trs update ada hal baru tuh pas mau buka reels juga reels pertama selalu macet tidak buka mulai reels kedua baru bisa makin aneh,0
Ezell Hermanus,"Bagus sih iya, updatenya yang tidak. Kenapa setiap update, setiap video atau foto yang udh disimpan di arsip tiba"" bisa hilang? Saya mau story saya sehabis saya story, bisa langsung disimpan di arsip, agar memori di hp saya tidak penuh, jdi video ato foto yg udh saya story bisa saya lihat di arsip.",5,bagus sih iya updatenya tidak update setiap video foto sudah disimpan arsip tiba hilang mau story sehabis story langsung disimpan arsip memori hp tidak penuh jdi video ato foto sudah story saya lihat arsip,2
Netto shippuden,"Untuk fitur dah bagus tapi Buat edit video pasti slalu bug sound nya bunyi terus walau sudah di pause/dicancel tapi masih bunyi terus jadi kayak suara background gak bisa hilang hilang , harus diclose dulu baru buka aplikasi lagi",2,fitur dah bagus buat edit video slalu bug sound nya bunyi terus sudah pause dicancel masih bunyi terus jadi kayak suara background bisa hilang hilang diclose dulu baru buka aplikasi,0
Sipa Aulia,"kenapa ya dari kemarin siang, ig kalau di buka layarnya selalu hitam, dan sekalinya bisa jga lama banget nunggu nya, mana tiap ngebuka selalu ada bacaan ig tidak menanggapi, ngebug parah jga, pdhl jaringan dan memo sya tidak ada masalah apa2, dan saya pikir juga, kalau di update bakalan membaik, ternyata malah makin ngebug parah, tolong ya untuk pihak ig, perbaiki kembali ig nya seperti awal² 🙏🏻🙏🏻",3,ya kemarin siang ig kalau buka layarnya selalu hitam sekalinya jga lama banget nunggu nya mana tiap ngebuka selalu bacaan ig menanggapi ngebug parah jga pdhl jaringan memo sya ada masalah apa saya pikir kalau update bakalan membaik ternyata malah makin ngebug parah ya pihak ig perbaiki ig nya awal,0
Yesya Dian nur cahyati,"Instagram reels saya gabisa digunakan beberapa hari ini, padahal koneksi saya bagus, dan sudah di update, sudah saya gunakan segala cara tapi reels nya masih belum bisa digunakan,, untuk sementara saya beri bintang 2,tolong instagram respon keluhan saya mengenai bug ini 🙏ini menganggu",2,instagram reels gabisa digunakan beberapa hari padahal koneksi bagus update sudah gunakan segala cara reels nya belum digunakan sementara beri bintang instagram respon keluhan saya mengenai bug ini menganggu,1
Muhammad yasashi Kanemochi,"Subject: Saran Fitur: Tambahkan Musik ke Postingan Foto di Feed Pesan: Halo Tim Instagram, Saya ingin mengusulkan fitur baru yang memungkinkan pengguna menambahkan musik ke postingan foto di feed. Fitur musik di Stories dan Reels sangat menarik dan membantu kami mengekspresikan diri dengan lebih kreatif. Namun, saat ini, pengguna tidak dapat menambahkan musik ke foto yang diposting di feed. Dengan adanya fitur ini, kami bisa membagikan momen-momen spesial dalam bentuk foto sambil diiringi mu",5,subject saran fitur tambahkan musik postingan foto feed pesan halo tim instagram ingin mengusulkan fitur baru memungkinkan pengguna menambahkan musik postingan foto feed fitur musik stories reels sangat menarik membantu mengekspresikan diri lebih kreatif saat pengguna dapat menambahkan musik foto diposting feed adanya fitur kami membagikan momen momen spesial bentuk foto diiringi mu,-1
Estevaniya emmanuela,"Fitur keamanan jelek, masa setiap mau minta bantuan ngebug ngebug terus. Mau rekam video wajah langsung ngebug tekembali lalu minta bantuan teman malah tidak ada notifikasi nya masuk",1,fitur keamanan jelek masa mau minta bantuan ngebug ngebug terus mau rekam video wajah langsung ngebug tekembali lalu minta bantuan teman malah ada notifikasi nya masuk,-1
Mikasa Ackarman,"Kenapa pas memulihkan akun menggunakan poto/vidio diri sendiri. sesudah memasukan kode Verifikasi email, dan menuju langkah selanjutnya layar hp saya putih semua dan gak ada tulisan apapun, udah ku tunggu 1 jam gak berubah rubah. Di perbaiki doang aplikasi ig nya buruk banget padahal sinyal pull gak ada hujan gak ada angin sampah bet lama kelamaan ig ini.",1,pas memulihkan akun menggunakan poto vidio diri sendiri memasukan kode verifikasi email menuju langkah selanjutnya layar hp putih semua tulisan apapun udah ku tunggu jam berubah rubah perbaiki doang aplikasi ig nya buruk banget padahal sinyal pull ada hujan tidak ada angin sampah bet lama kelamaan ig,-1
liasyarasputrii,"Tolong dong instagram, ini Dari bulan kemarin error terus gabisa buka story, buka reels, tulisan nya "" tidak bisa memuat beranda "" Akhir akhir kemarin udah bisa, Sekarang gabisa lagi, Padahal saya pake wifi dan wifi nya stabil, bisa buka aplikasi lain dan aman aman aja, Mohon segera diperbaiki karna instagram sangat penting bagi saya. Terimakasih banyak. 🙏🏻",1,dong instagram dari bulan kemarin error terus gabisa buka story buka reels tulisan nya memuat beranda akhir akhir kemarin udah sekarang gabisa padahal pake wifi wifi nya stabil bisa buka aplikasi dan aman aman mohon segera diperbaiki karna instagram sangat penting saya terimakasih banyak,-1
Rahadyan Prabowo,"Saya mengalami lag yang parah baru2 ini. Story selalu nge lag, tidak bisa refresh story baru, ketika mau back keluar malah nge freeze, dan aplikasi error. Tolong dibantu dan diperbaiki",1,mengalami lag parah baru story selalu nge lag bisa refresh story baru mau back keluar malah nge freeze aplikasi error dibantu diperbaiki,-1
Teresia Teravila Puspa Kirani,"salah satu aplikasi fav akuu, dari dulu sukanya pake ini dulu itu kaya ga ada kekurangan nya sama sekali, tapi kok sekarang malah kaya ada bug banyak gitu ya, salah satunya nih, kalo kita buat story ig, terus mau kita buat ke sorotan ko ga ada fotonyaa, terus pas hari besoknya ilang terus ada tulisan ""cerita tidak tersedia"" tolong dong buat di upgrade lagi ig nya, padahal itu udah bagus udah aesthetik gitu buat di masukin ke sorotan tapi malah ilangg TOLONG YA!",4,salah satu aplikasi fav akuu dulu sukanya pake dulu kaya kekurangan nya sama sekali kok sekarang malah kaya bug banyak gitu salah satunya nih kalo buat story ig terus mau buat sorotan ko ada fotonyaa terus pas hari besoknya ilang terus ada tulisan cerita tersedia dong buat upgrade ig nya padahal udah bagus udah aesthetik gitu buat masukin sorotan malah ilangg ya,0
Leony Illena Geusty,"Tolong buat pihak instagram, keluhan pengguna di tanggapin. Jangan cuma di anggurin. 😡 Instagram saya udh hampir seminggu error ngak bisa tampil gambar / reals..hanya loading2 saja. Padahal di saat yg sama saya masih bisa streaming netflix dll, masih bisa video call, dan kuota jg banyak. Tolong di perbaiki dong.",1,buat pihak instagram keluhan pengguna tanggapin jangan cuma anggurin instagram sudah hampir seminggu error ngak tampil gambar reals loading padahal saat sama masih streaming netflix masih video call kuota jg banyak di perbaiki dong,-1
Manik Metaokta,Bagus sih tapi tolong kembalikan fitur IG yang kayak dulu mau nyimpan video harus nyari yang mbuat nyimpen dulu dan itu sangat merepotkan sekali iklan nya sih tidak terlalu banyak filter nya juga bagus tapi yang buat nyimpen video itu lohh bikin bingung 😕 Tolong ya yang buat IG itu sangat merepotkan sekali bagi saya.,5,bagus sih kembalikan fitur ig kayak dulu mau nyimpan video nyari mbuat nyimpen dulu sangat merepotkan sekali iklan nya sih terlalu banyak filter nya bagus buat nyimpen video lohh bikin bingung tolong ya yang buat ig itu sangat merepotkan sekali saya,4
Suci Ramadiana,Aplikasi jelek banget! Kebangetan eror dan bug tidak di tangani cepat tolong jangan nyusahin pengguna sampai berhari hari! Masa Instagram selalu bermasalah sedangkan aplikasi lain baik baik saja! Story tidak bisa di buka dan semua serba loading padahal sinyal bagus dan untuk penggunaan pada aplikasi lain aman saja tidak lag atau bermasalah pada sinyal! Jadi yg bermasalah ya Instagram ini.,1,aplikasi jelek banget kebangetan eror bug tangani cepat jangan nyusahin pengguna berhari hari masa instagram selalu bermasalah aplikasi baik baik story bisa di buka semua serba loading padahal sinyal bagus untuk penggunaan aplikasi aman tidak lag bermasalah sinyal jadi bermasalah instagram,-1
Rama Juliansyah,"plis lah ini instagram gua udah dua bulan kebih!!!! gabisa buka setelah ganti ke pribadi, terus malah disuruh verifikasi ke nomor yang entah punya siapa, login dengan cara apapun langsung stuck dan out instagram, langsung instagram telah berhenti!!!",1,plis lah instagram gua udah bulan kebih gabisa buka ganti pribadi terus malah disuruh verifikasi nomor entah punya siapa login cara apapun langsung stuck out instagram langsung instagram berhenti,-1
wawa hikaru,"Halo sist, bisa tolong diperbaiki fitur instastory nya, saya ingin merepost pict feed ke story dan memakai background digaleri, namun kenapa ketika pict feed ingin diatas lalu background tidak bisa digeser, mohon diperbaiki, thank's🙏",1,halo sist tolong diperbaiki fitur instastory nya merepost pict feed story memakai background digaleri kenapa pict feed ingin diatas lalu background bisa digeser mohon diperbaiki thank s,-1
Yulinda Ekawati,"Setelah diupdate malah ada mode hilang yg merugikan banget karena ditaruhnya di swipe up halaman DM, remove aja fiturnya...ga sengaja ke swipe up karena ditaruhnya di halaman dm jadi hilang semua chat2 penting..lebih baik ditaruh di pengaturan saja jangan dihalaman DM. TOLONG!",2,diupdate malah mode hilang merugikan banget ditaruhnya swipe up halaman dm remove fiturnya sengaja swipe up ditaruhnya halaman dm jadi hilang semua chat penting lebih baik ditaruh pengaturan jangan dihalaman dm,0
Siska ardila,"Makin lama makin hancur. Arsip story hilang, ga bisa di play, tiap bikin story ga bisa masuk ke arsip otomatis kayak dulu, tiap di arsip story nya malah hilang. Kerja dua kali. Hadehhh apaan",1,makin lama makin hancur arsip story hilang bisa play tiap bikin story bisa masuk arsip otomatis kayak dulu tiap arsip story nya malah hilang kerja kali hadehhh apaan,0
Yusra (Cepotzz),"Saya kesal dengan hilangnya fitur/tampilan musik di profil, setelah saya cek dengan akun saya yang kedua, musik diprofil diakun utama ada, tetapi waktu login ke akun utama tidak ada fitur/tampilan musik diprofil, Entah ini Bug atau akun saya yang bermasalah. Tolong untuk Pihak Instagram Segera Secepatnya Perbaiki Bug ini, saya ingin mengganti musik Note : Tiap cek playstore Update/Apdate tapi tidak ada Fitur/Tampilan yang baru, buang-buang Kouta aja!!👊",2,kesal hilangnya fitur tampilan musik profil cek akun kedua musik diprofil diakun utama tetapi waktu login akun utama fitur tampilan musik diprofil entah bug akun saya yang bermasalah untuk pihak instagram segera secepatnya perbaiki bug saya mengganti musik note tiap cek playstore update apdate tidak ada fitur tampilan yang baru buang buang kouta,1
Ever Victorius,"tolong, saya mohon tetapkan kualitas foto atau video yang kita post, kalau post foto pasti selalu dikompres, usahakan tetap kualitas nya agar HD, dan jika sudah masuk highlight kenapa kualitasnya sangat menurun drastis? itu bahkan tidak terlihat ""jelas"" lagi. so far problem-nya cuma itu, sekali lagi untuk kualitas foto ataupun video jangan dikompres saat kita post! tidak peduli berapapun lama uploadnya tapi setidaknya itu HD tidak burik, aplikasi seterkenal ini mengatasi masalah kecil aja gabisa",1,saya mohon tetapkan kualitas foto video kita post kalau post foto selalu dikompres usahakan tetap kualitas nya hd jika masuk highlight kualitasnya sangat menurun drastis bahkan terlihat jelas so far problem nya cuma sekali untuk kualitas foto ataupun video jangan dikompres kita post peduli berapapun lama uploadnya setidaknya hd burik aplikasi seterkenal mengatasi masalah kecil gabisa,-1
Raraawaw,"Overall app best sih, mulai dari reels, acc, pesan, beranda, filter, semua nya best job. Oh ya ada beberapa yg aku pengenin/saranin dalam app ini, yaitu arsip chat atau kunci chat kayak app sebelah, jadi lebih priv gtu, lebih aman. Selebihnya oke, mungkin dari beberapa bug , kayak lihat stories ga bisa, ya mungkin hp lo yg lemot jdinya nge bug gajelas, bersihin dulu noh cache lo. And at least best job dev semoga lebih di kedepankan lagii ❤️💌",5,overall app best sih mulai reels acc pesan beranda filter semua nya best job beberapa aku pengenin saranin app yaitu arsip chat kunci chat kayak app sebelah jadi lebih priv gtu lebih aman selebihnya oke mungkin beberapa bug kayak lihat stories bisa ya mungkin hp lo lemot jdinya nge bug gajelas bersihin dulu noh cache lo and at least best job dev semoga lebih kedepankan lagii,4
Evanur Nurlaila,"fitur musik di profil ilang, padahal kalo di akun lain masi ada, fitur teks font nya gaada yang berubah, pokoknya banyak banget minesnya, padahal selalu upgrade tapi fiturnya ga pernah baru selalu itu' aja kalo pun ada yang baru tapi nanti selang beberapa hari/minggu pasti ilang anehh!! di upgrade bukannya makin bagus aan meningkatkan malah makin menurun!!",1,fitur musik profil ilang padahal kalo akun masi fitur teks font nya gaada berubah pokoknya banyak banget minesnya padahal selalu upgrade fiturnya pernah baru selalu saja kalo ada baru nanti selang beberapa hari minggu ilang anehh upgrade bukannya makin bagus aan meningkatkan malah makin menurun,-1
Intana Candra Luvita,"Kenapa ya, akhir-akhir ini tuh kalau mau liat stories suka lag sendiri layarnya jadi item kadang malah muncul tulisan ""cerita ini tidak tersedia"". Padahal jaringan lancar-lancar aja kok. Buat nonton reals juga bisa. Awalnya kukira emang sinyal yang jelek, tapi sampai sekarang sering banget bug nya. Dan tolong jangan hapus fitur archive story, itu fitur penting banget bisa buat nyimpen kenangan.",2,ya akhir akhir tuh kalau mau liat stories suka lag sendiri layarnya jadi item kadang malah muncul tulisan cerita tidak tersedia padahal jaringan lancar lancar kok buat nonton reals awalnya kukira emang sinyal jelek sampai sekarang sering banget bug nya tolong jangan hapus fitur archive story fitur penting banget bisa buat nyimpen kenangan,-1
Kitsuoka Reishi,"Untuk develpoer instagram,tolong fitur untuk menambahkan lagu di story pakai lagu yang telah disimpan jangan dihapus karena fitur nya sangat memudahkan pengguna,kemarin sempat muncul fitur itu sekarang dah dihilangkan lagi.developer tolong diberi fitur ini lagi",3,develpoer instagram fitur menambahkan lagu story pakai lagu telah disimpan jangan dihapus fitur nya sangat memudahkan pengguna kemarin sempat muncul fitur sekarang dah dihilangkan developer diberi fitur lagi,1
Haryani Puji,Kenapa ig makin kesini fiturnya makin jelek si. Mending update kualitas kalo bikin sg dikasih lagu tetep hd bukannya malah nurunin kualitas gambar. Dan jangan sampe fitur barunya beneran bakal hapus archive karena itu berharga bgt buat nyimpen kenangan dll.,4,ig makin kesini fiturnya makin jelek si mending update kualitas kalo bikin sg dikasih lagu tetep hd bukannya malah nurunin kualitas gambar jangan sampe fitur barunya beneran bakal hapus archive itu berharga banget buat nyimpen kenangan,0
OLLIVANDER S,"Kalau upload foto atau vidio di ig story kualitasnya diturunin banget ya... apalagi kalau misal foto/vidionya ditaruh di highlight. Sebulan atau setahun kemudian kalau dibuka lagi udh pecah semua gambar nya. Selain itu juga instagram sering menghapus banyak foto maupun vidio yang saya simpan di highlight, ntah alasan nya apa.. gada perbaikan bahkan makin parah dari tahun ke tahun",1,kalau upload foto vidio ig story kualitasnya diturunin banget apalagi kalau misal foto vidionya ditaruh highlight sebulan setahun kemudian kalau dibuka sudah pecah semua gambar nya itu instagram sering menghapus banyak foto maupun vidio saya simpan highlight ntah alasan nya apa gada perbaikan bahkan makin parah tahun tahun,-1
zaskya,"kenapa ya ig sering kali error/ bug, mau liat story orang misalnya, pas dipencet malah ada tulisan cerita tidak tersedia, ya gpp kalau 1 atau 2 story, tapi ini hampir semua story kayak gitu, kalau ga misal kita udah liat storynya, tapi pas di refresh muncul lagi, seakan-akan kita belum liat story itu padahal udah, jadinya habis di refresh keulang lagi², dan kemungkinan ga cuma aku yang ngalamin, beberapa temen aku juga gitu :) kan jadinya malas buat buka ig kalau gini...",3,ig sering kali error bug mau liat story orang misalnya pas dipencet malah tulisan cerita tersedia ya gpp kalau story ini hampir semua story kayak gitu kalau misal udah liat storynya pas refresh muncul seakan kita liat story padahal udah jadinya habis refresh keulang dan kemungkinan cuma aku ngalamin beberapa temen aku gitu kan jadinya malas buat buka ig kalau gini,0
Mintt?,"postingan ku beberapa saat lalu ada lagunya, trs selang brp hari gitu lagunya hilang dari postingan. Saat ku edit postingannya ada opsi ganti lagi, yaudah kepencet deh, setelah dpt lagi yg bagus eh sesudah di save kembali lagunya ga muncul. TOLONG!!!??!!!?",1,postingan ku beberapa lalu lagunya trs selang brp hari gitu lagunya hilang postingan ku edit postingannya opsi ganti yaudah kepencet deh dapat yang bagus eh di save lagunya muncul,0
Fakhrur Rozi,"Hanya tambahan buat instagram dari saya, adakan sistem create/fill icon agar penggunanya leluasa untuk meletakkan icon-icon seperti, daftar reels atau postingan yang tersimpan,pengaturan, DM, atau apapun itu agar bisa di letakkan di beranda awal sesuai penggunaan dan kebutuhan.Jika fitur itu ada, akan sangat memudahkan pengguna instagram untuk memilih icon-icon yang sering atau di butuhkan penggunaan nya...sekian terimakasih, untuk semua overall good😁😁😁",5,tambahan buat instagram saya adakan sistem create fill icon penggunanya leluasa meletakkan icon icon daftar reels postingan tersimpan pengaturan dm apapun agar letakkan di beranda awal sesuai penggunaan kebutuhan fitur ada sangat memudahkan pengguna instagram memilih icon icon sering di butuhkan penggunaan nya sekian terimakasih semua overall good,1
Nayladesthanianuraini,"apaan dah makin ngaco, foto yang terbaru malah ga kesimpen padahal foto lama kesimpen, gabisa ganti foto profil pake foto terbaru karna gak kesimpen (gatau juga kenapa ga kesimpen, padahal di galeri sendiri tuh ada) trs upload video di story kagak bisa. udah berkali kali di upload tetep aja menunggu koneksi melulu, gimana sih, padahal koneksi juga bagus dan lancar, cache juga udah dibersihin, tolong cepet benerin.",1,apaan dah makin ngaco foto terbaru malah kesimpen padahal foto lama kesimpen gabisa ganti foto profil pake foto terbaru karna kesimpen gatau kenapa kesimpen padahal galeri sendiri tuh trs upload video story kagak udah berkali kali upload tetep menunggu koneksi melulu gimana sih padahal koneksi bagus lancar cache udah dibersihin cepet benerin,0
Ryo Ardiansyah,"27-08-2023: Iklan nya terlalu banyak buat saya muak , tp dari segi postingan dan reels sudah membaik karena sebulan lalu ngebug g bisa full layar. Masalah utama nya y iklan itu sekian terima kasih. Saran iklan nya di beranda saja jangan story ataupun kolom pencarian terlalu mengganggu banget. 23-09-2024: tambah parah 3xngatur postingan gk bisa di upload stuck di memuat doang padahal jaringan bagus gk ad kendala, story juga udah ngatur nya susah² eh muncul kesalahan apa sih? Di arsip ilang juga",2,iklan nya terlalu banyak buat muak dari segi postingan reels membaik sebulan lalu ngebug g full layar masalah utama nya y iklan sekian terima kasih saran iklan nya beranda jangan story ataupun kolom pencarian terlalu mengganggu banget tambah parah xngatur postingan bisa upload stuck memuat doang padahal jaringan bagus ad kendala story udah ngatur nya susah eh muncul kesalahan apa sih arsip ilang,-1
Lintang Mahendra,"Awalnya iseng² nyoba fitur izinkan menambahkan media,eh pas di nonaktifkan malah logo/lambang fiturnya tidak bisa hilang,mohon pihak Instagram untuk membenahi fitur tersebut.sya rasa tidak ada gunanya fitur tersebut yang ada malah tambah jelek postingan jadi terasa kotor karena adanya logo tersebut.",1,awalnya iseng nyoba fitur izinkan menambahkan media eh pas nonaktifkan malah logo lambang fiturnya bisa hilang mohon pihak instagram membenahi fitur tersebut sya rasa ada gunanya fitur tersebut ada malah tambah jelek postingan jadi terasa kotor adanya logo tersebut,-1
Aifa Ghinaya,"Sering sekali eror menguploud story, sudah berkali kali di uploud tetap saja eror. Tampilan baru Instagram sangat tidak bagus, merusak gambar yang sudah di posting, kelihatannya tidak menarik dan jelek. Saya harap tampilan Instagram seperti dulu lagi, semua menyukai tampilan Instagram sebelumnya. Saran saya tambahkan fitur timer pada Instagram story, ini sangatlah bagus jika ada fitur tersebut.",1,sering sekali eror menguploud story berkali kali uploud tetap eror tampilan baru instagram sangat bagus merusak gambar sudah posting kelihatannya menarik jelek harap tampilan instagram dulu semua menyukai tampilan instagram sebelumnya saran tambahkan fitur timer instagram story sangatlah bagus ada fitur tersebut,1
Lorensa Dewi,"Setiap mau post video untuk story selalu ga bisa. Di keterangannya ""menunggu koneksi"" padahal wifi nya lancar. Terus coba pakai data seluler masih sama gitu padahal kuota juga ada. Tolong diperbaiki instagram",4,mau post video story selalu bisa keterangannya menunggu koneksi padahal wifi nya lancar terus coba pakai data seluler sama gitu padahal kuota ada diperbaiki instagram,0
Afina,"IG BUTUTTTT, KALAU BISA NGASIH BINTANG 0 LU GUA KASIH BINTANG -100 ANJINGGG. Sebelumnya baik baik aja, tapi makin kesini MAKIN SERING ngebug seolah gaada sinyal, up story gabisa padahal wifi kenceng, arsip story juga pada ilang padahal mau di add ke highlights. Tolong di benerin.",1,ig bututttt kalau ngasih bintang lu gua kasih bintang anjinggg sebelumnya baik baik tapi makin kesini makin sering ngebug gaada sinyal up story gabisa padahal wifi kenceng arsip story pada ilang padahal mau add highlights di benerin,0
Nurul Juliyanti,"ini saya kasih bintang 5, but jangan sampe fitur arsip di ilangin please, karena dari semua fitur yang ada, arsip instagram jadi salah satu fitur paling berguna, kalo fitur ini hilang pasti jadi sedikit peminat. pokonya tolong pertahankan fitur arsip, kalo yang lain mau di ilangin juga gapapa, BUT FITUR ARSIP JANGAN SAMPE ILANG POKONYA.",5,saya kasih bintang but jangan sampe fitur arsip ilangin please dari semua fitur ada arsip instagram jadi salah satu fitur paling berguna kalo fitur hilang jadi sedikit peminat pokonya pertahankan fitur arsip kalo lain mau ilangin gapapa but fitur arsip jangan sampe ilang pokonya,2
Shintya Novita Sari,"Postingan foto di feeds ada lagunya, tiba-tiba hilang sendiri. Padahal adanya lagu untuk mendukung suasana foto postingan. Selanjutnya tag foto pengguna jadi tersembunyi, tidak sekali klik langsung muncul seperti dulu. Satu lagi, jangan hapus fitur arsip video karena itu kenangan berharga semua. Terlalu banyak iklan yang bersliweran di beranda juga bikin kesal. Mohon segera diperbaiki.",1,postingan foto feeds lagunya tiba tiba hilang sendiri padahal adanya lagu mendukung suasana foto postingan selanjutnya tag foto pengguna jadi tersembunyi sekali klik langsung muncul dulu satu jangan hapus fitur arsip video itu kenangan berharga semua terlalu banyak iklan bersliweran beranda bikin kesal mohon segera diperbaiki,1
Ilham ardiansyah,"Tolong pihat ig di perhatikan lagi, masa pilihan musik di profil tiba tiba hilang, sementara di akun lain masih ada musik di profil nya, mau ngapus musik di profil jadi gk bisa karena pilihan musik nya gk ada ni, sementara musik nya masik ada kalo di lihat dari akun orang....🙏",1,pihat ig perhatikan masa pilihan musik profil tiba tiba hilang akun masih musik profil nya mau ngapus musik profil jadi bisa pilihan musik nya ni musik nya masik ada kalo di lihat akun orang,-1
Indah Astuti,"Font yg di instagram story sempat keupdate, tp sekarang balik ke semula. Font deco, poster, bubble, dan yang lain hilang. Sekarang hanya ada font default. Tampilannya juga gak keupdate, padahal versi aplikasi udah update",3,font di instagram story sempat keupdate sekarang balik semula font deco poster bubble yang hilang sekarang ada font default tampilannya tidak keupdate padahal versi aplikasi udah update,0
afrizal rhamdani,"ada bug dibagian story, setiap mau lihat story temen selalu ""catatan ini tidak tersedia"" padahal story baru upload, dan story yang sudah di lihat sebelumnya malah kayak story baru upload, giliran di klik emang story sebelumnya, sudah saya coba perbaiki pake segala uninstall terus install ulang tetap saja ""catatan ini tidak tersedia"" apaan coba?? rusak ini aplikasi",1,bug dibagian story mau lihat story temen selalu catatan tidak tersedia padahal story baru upload story lihat sebelumnya malah kayak story baru upload giliran klik emang story sebelumnya sudah saya coba perbaiki pake segala uninstall terus install ulang tetap catatan tidak tersedia apaan coba rusak aplikasi,0
Andi Dewansyah,Tingkatkan fitur & efisiensi. Fitur repost reels ke instastory dengan background foto dengan cuma isi konten atau video pun tidak muncul padahal sudah di simpan pada layar atas sendiri,5,tingkatkan fitur efisiensi fitur repost reels instastory background foto cuma isi konten video tidak muncul padahal di simpan layar atas sendiri,3
Dindaaa,"Ini kenapa ya liat story sama postingan kok jadi kayak pecah dan glitch gitu pdhl sinyal bagus. Udah di update kok malah kayak gini bug nya. Gabisa dark mode juga ya!!! Sumpah ya ig kenapa sii, habis di update kok malah kayak gini cuk, gabisa liat story, foto juga nge glitch pdhl sinyal juga bagus poll ga ada kendala. Baru upload story terus gabisa diliat, ada bintang 0 tak kasih bintang nol kalo bug nya ga segera di benerin",4,liat story sama postingan kok jadi kayak pecah glitch gitu pdhl sinyal bagus udah update kok malah kayak gini bug nya gabisa dark mode sumpah ya ig kenapa sii habis update kok malah kayak gini cuk gabisa liat story foto nge glitch pdhl sinyal bagus poll kendala baru upload story terus gabisa diliat ada bintang tak kasih bintang nol kalo bug nya segera benerin,0
nunde run,"Fiturnya udah bagus tapi,tolong Pada saat nge-post itu durasinya lagunya jangan di Converse,dan jangan di potong..jadinya kurang bagus.. Itu aja..dan efeknya juga bisa diatur agar terlihat lebih bagus..terutama untuk video",2,fiturnya udah bagus tolong saat nge post durasinya lagunya jangan converse jangan potong jadinya kurang bagus saja efeknya bisa diatur terlihat lebih bagus terutama video,-1
Dedy Richard,"apasih makin ngaco, kmrn suka ngebug gabisa nyimpen foto, udh akal akalin pakai segala cara ttp gbsa, terpaksa hps semua data ni apk. eh skrg mlh gabisa nyimpan vidio reel yg kita buat sendiri, mna gda tombol ""save/simpan"", kmrn bisa di akalin, cm pakai cara simpan draft krn otomatis masuk ke galeri, skrg nyimpan draft aj ga masuk galeri, udh gt gd fitur simpan/save lgi, ky mn mw masuk galeri. masa iya hrs posting dl baru save, udh ribet+keliatan watermark nya, tlng perbaiki ni fitur, geram gua.",1,apasih makin ngaco kmrn suka ngebug gabisa nyimpen foto akal akalin pakai segala cara ttp gbsa terpaksa hps semua data ni apk eh skrg mlh gabisa nyimpan vidio reel kita buat sendiri mna gda tombol save simpan kmrn di akalin cm pakai cara simpan draft otomatis masuk galeri skrg nyimpan draft aj masuk galeri gt gd fitur simpan save lgi ky mn mw masuk galeri masa iya hrs posting dl baru save ribet keliatan watermark nya tlng perbaiki ni fitur geram gua,0
Sinta Amelia,"tolong di perbaiki lagii.saat saya membuka kamera dan ingin mencoba efek,layar menjadi kedip kedip padahal jika saya membuka kamera biasa tanpa efek itu aman aman saja tapi jika ingin menggunakan efek layar menjadi kedip kedip",3,di perbaiki lagii saya membuka kamera ingin mencoba efek layar menjadi kedip kedip padahal saya membuka kamera biasa efek aman aman tapi ingin menggunakan efek layar menjadi kedip kedip,-1
Aulia Nur retno rahmadani,"setiap masuk apk ini selalu keluar sendiri padahal sudah muat ulang, sudah unnistal dan di istal kembali tapi tidak bisa, sudah berkali kali di buka tapi tidak bisa, ga mungkin pada hp nya apk lain aja bisa ,ini kok gak bisa sama sekali, kenapa tolong cepet diperbaiki!!!",1,masuk apk selalu keluar sendiri padahal muat ulang unnistal istal berkali kali di buka tapi tidak mungkin hp nya apk saja bisa ini kok tidak bisa sama sekali tolong cepet diperbaiki,-1
Muhammad Firqi Saputra,"Tolong perbaiki bug di catatan, karena tempat memutar musik hilang di catatan. Sebelumnya ada, dan updatenya selalu ngawur dan bug sebelum nya belum diperbaiki, ini malah nambah bug baru. Mohon update-tan terbaru nya diperbaiki semua.",1,perbaiki bug catatan tempat memutar musik hilang catatan sebelumnya updatenya selalu ngawur dan bug nya diperbaiki malah nambah bug baru mohon update tan terbaru nya diperbaiki semua,-1
djeni astuti,Tolong kembalikan ke fitur sebelum update dong...dimana saat upload foto di story Instagram langsung bisa mengkolase(menggabungkan foto) secara otomatis ada pilihan tata letak atau mau 1 frame....ini setelah diupdate malah tidak bisa otomatis untuk kolase foto di story...harus manual satu satu ...ini merepotkan 🙏🙏🙏🙏mohon kembalikan fitur seperti sebelum update,5,kembalikan fitur update dong saat upload foto story instagram langsung mengkolase menggabungkan foto otomatis pilihan tata letak mau frame setelah diupdate malah bisa otomatis kolase foto story manual satu satu merepotkan mohon kembalikan fitur sebelum update,-1
Yaya Yaya,"Biasanya instagram saya baik-baik saja. Tapi sekarang sering bgt kena bug, tiba"" aku hilang atau keluar sendiri. Bbrp fitur juga ilang seperti ""undang kolaborator"" dll, pdhl saya sudah update. Tolong segera bantu perbaiki bug dan semua kesalahannya serta kembalikan fitur-fitur yg hilang 🙏✨",1,biasanya instagram baik baik tapi sekarang sering banget kena bug tiba aku hilang keluar sendiri bbrp fitur ilang undang kolaborator pdhl sudah update segera bantu perbaiki bug semua kesalahannya kembalikan fitur fitur hilang,-1
Muhammad Naufal,"Fiturnya bikin emosi, lagi enak² nonton reels malah ke refresh dan reelsnya hilang.... minimal kasihlah fitur histori reels kayak tiktok biar video yg udah ditonton bisa diakses kembali gak nyusahin cari² dulu dah nyarinya susah malah dipersulit lagi....",1,fiturnya bikin emosi enak nonton reels malah refresh reelsnya hilang minimal kasihlah fitur histori reels kayak tiktok biar video udah ditonton diakses tidak nyusahin cari dulu dah nyarinya susah malah dipersulit,-1
stepanus simamora,"Sistem bug terparah, masa password yang benar2 setiap hari saya log in ig tiba2 salah. Dan gilanya lagi tidak dapat memulihkan password dikarnakan kendala2 aneh seperti kode tidak masuk atau setelah memasukkan kode tidak ada kelanjutan dari aplikasinya (stuck). Setelah dicoba bantuan dari konfirmasi wajah malah loading berjamjam. Ketika minta bantuan pemulihan dari teman tiba2 check confirmationnya tidak bisa di click. Aneh Instagram, makin update makin rusak.",1,sistem bug terparah masa password benar hari log in ig tiba salah gilanya memulihkan password dikarnakan kendala aneh kode masuk memasukkan kode ada kelanjutan aplikasinya stuck setelah dicoba bantuan konfirmasi wajah malah loading berjamjam minta bantuan pemulihan teman tiba check confirmationnya tidak bisa click aneh instagram makin update makin rusak,-1
Adelia Kristina,"kenapa sekarang kalo repost postingan ke story di android tidak bisa menggunakan background ? sudah coba cara biasa tapi ada tulisan ""stiker interaktif tidak bisa ditutupi"" mohon perbaikannya",1,sekarang kalo repost postingan story android bisa menggunakan background coba cara biasa ada tulisan stiker interaktif bisa ditutupi mohon perbaikannya,-1
Tamaro Mora,"Tolong rekam aktivitas akun dengan lebih baik lagi, Aktivitas akun saya pernah tak terekam, dan itu membuat saya kesal. Dan juga tolong: •Tambahkan fitur riwayat tontonan •perbaiki menu arsip (postingan saya tiba tiba hilang saat memasukannya ke menu arsip) Mohon di perbaiki ✋😞",2,rekam aktivitas akun lebih baik aktivitas akun pernah tak terekam itu membuat kesal juga tambahkan fitur riwayat tontonan perbaiki menu arsip postingan tiba tiba hilang memasukannya menu arsip mohon perbaiki,1
Hasna Fauziyyah,"kenapa si kalo mau bikin story selalu ada KESALAHAN, sering bgtttttt kaya gitu, bikin emosi aja, buat nyimpen foto pun sama, ig nambah buruk ah, percuma juga di update 👎👎👎, terus juga kenapa notifikasinya tuh keluar terus, muncul terus, padahal udah di apusin, tapi malah muncul terus, banyak juga notifikasinya, berkali-kali kaya gitu, jadi notifikasi lama sama notifikasi baru di gabung, intinya gitu deh, ig aneh bgt skrg",1,si kalo mau bikin story selalu kesalahan sering bgtttttt kaya gitu bikin emosi buat nyimpen foto sama ig nambah buruk ah percuma update terus kenapa notifikasinya tuh keluar terus muncul terus padahal udah apusin malah muncul terus banyak notifikasinya berkali kali kaya gitu jadi notifikasi lama sama notifikasi baru di gabung intinya gitu deh ig aneh banget skrg,0
Irham Fahrezi,"Udah semingguan lebih instagram saya error, ga bisa liat gambar, cuma loading aja di gambar ga sama sekali muncul. Padahal buka aplikasi lain untuk streaming, video call, dll lancar. Sinyalpun penuh, tapi entah kenapa kok instagramnya error begini terus sampe sekarang.",1,udah semingguan lebih instagram error bisa liat gambar cuma loading di gambar sama sekali muncul padahal buka aplikasi untuk streaming video call lancar sinyalpun penuh entah kok instagramnya error begini terus sampe sekarang,-1
Muhammad Bintang Pratama,"Semakin kesini semakin kesana nih aplikasi, terlalu eror dan banyak sekali bug. Akun saya tidak bisa lihat story, loading lama, kalau mau buka aplikasi sering keluar sendiri. Padahal internet stabil dan ketika buka aplikasi lain aman-aman saja. Nih aplikasi sangat bermasalah!!!!!!!!",1,semakin kesini semakin kesana nih aplikasi terlalu eror banyak sekali bug akun tidak lihat story loading lama kalau mau buka aplikasi sering keluar sendiri padahal internet stabil ketika buka aplikasi aman aman nih aplikasi sangat bermasalah,-1
Rbi Atl,"sebenarnya aplikasinya oke oke aja,cuman kenapa saat mau ganti sampul sorotan loading terus padahal sinyal bagus,dicoba lagi tetap juga loading, ujung-ujungnya tetap gabisa keganti,udah update juga tapi sama aja gada yg berubah,buat pihak Instagram tolong dong diperbaiki lagi",2,sebenarnya aplikasinya oke oke cuman saat mau ganti sampul sorotan loading terus padahal sinyal bagus dicoba tetap loading ujung ujungnya tetap gabisa keganti udah update tapi sama gada berubah buat pihak instagram dong diperbaiki,-1
Adi Hanif,Menggunakan Samsung note 10 plus. 2 postingan foto denagn audio musik tiba-tiba hilang audio nya padahal judul musik dan penyanyinya tertulis. 1 postingan gambar hilang. Tidak ada notifikasi masalah dengan hak cipta. Mohon di perbaiki bug tersebut. Sudah lapor bug.,1,menggunakan samsung note plus postingan foto denagn audio musik tiba tiba hilang audio nya padahal judul musik penyanyinya tertulis postingan gambar hilang ada notifikasi masalah hak cipta mohon perbaiki bug tersebut lapor bug,-1
lynfa,tampilan musik di profil terkadang hilang. Di 1 akun ada di akun lain tidak ada. Tolong di perbaiki. Sampai sekarang terkadang ada tampilan musiknya kadang tidak. Tolong terus di tingkatkan lagi,4,tampilan musik profil terkadang hilang akun akun tolong perbaiki sekarang terkadang tampilan musiknya kadang tidak tolong terus di tingkatkan,1
Fredick,"Bug aneh, sistem instagram makin update makin aneh, setiap hari pasti kena penangguhan tapi gatau apa masalahnya, tiap hari harus sabar dan bikin repot, pas buat akun baru kena tangguh padahal baru mau buat, disuruh selfie biar gak ditangguhkan eh malah ""Ada masalah Sepertinya ada masalah terkait koneksi internet anda atau kekurangan ruang penyimpanan di perangkat anda"" Hadehh padahal koneksi lancar+penyimpanan masih oke belum full tapi hadeh makin update makin banyak bug dan penangguhan akun☹️",1,bug aneh sistem instagram makin update makin aneh hari kena penangguhan gatau apa masalahnya tiap hari sabar bikin repot pas buat akun baru kena tangguh padahal baru mau buat disuruh selfie biar ditangguhkan eh malah masalah sepertinya masalah terkait koneksi internet atau kekurangan ruang penyimpanan perangkat hadehh padahal koneksi lancar penyimpanan oke full hadeh makin update makin banyak bug penangguhan akun,-1
Ahmad Fauzian,"setelah update malah jadi eror, saat mengirim pesan, pesan yang saya kirim tidak terkirim, padahal tidak ada masalah sebelum update, wifi yang saya gunakan juga tidak ada masalah lancar lancar saja, tapi kenapa saat menggunakan Instagram dan mengirim pesan malah tidak terkirim dan eror",1,update malah jadi eror mengirim pesan pesan saya kirim terkirim padahal masalah update wifi saya gunakan ada masalah lancar lancar tapi saat menggunakan instagram mengirim pesan malah tidak terkirim eror,1
Agung Maha,"Hp autolock 1 menit jika tidak digunakan. Ini lagi asik nonton postingan yg durasinya lebih dari 1 menit, tiba2 layar mati (ngikutin autolock), begitu dibuka lagi harus nonton lagi dari awal... Kenapa gak kayak reels, selama ada video layar ga bakal mati.",1,hp autolock menit digunakan asik nonton postingan durasinya lebih menit tiba layar mati ngikutin autolock dibuka harus nonton lagi dari awal tidak kayak reels selama video layar tidak bakal mati,-1
Ni Komang Triana Febriyanti,"Akhir-akhir ini update instagram jelek dan tidak merata. Aku punya 4 akun, dan yang paling kena update biasanya cuma akun paling pertama yang dilogin di aplikasi. Paling ga nyaman sama update beranda feed yang rasionya ga 1:1 lagi, malah memanjang. Ini merusak sekali penampilan beranda feed, khususnya yang akunnya makai grid. Herannya ini cuma terjadi di 1st acc, di akunku yang lain maupun akun temanku ga dapat upgrade yg sama. Mohon diperbaiki segera.",3,akhir akhir update instagram jelek merata aku punya akun paling kena update biasanya cuma akun paling pertama dilogin aplikasi paling nyaman sama update beranda feed rasionya lagi malah memanjang merusak sekali penampilan beranda feed khususnya akunnya makai grid herannya cuma terjadi st acc akunku lain maupun akun temanku tidak dapat upgrade yang sama mohon diperbaiki segera,-1
XI-7 Eliza Annaasya,"Lagu-lagu yang harusnya ada malah gak ada, susah nyarinya, pas dicari masih ada lagu-lagu yang kurang relevan dengan yang dicari. Fitur-fitur lain yang sebelumnya sudah benar ada, malah ditiadakan.",4,lagu lagu harusnya malah susah nyarinya pas dicari ada lagu lagu kurang relevan yang dicari fitur fitur yang sebelumnya benar ada malah ditiadakan,-1
Gully Gallerie,"Jelek banget makin kesini makin ga banget, akun aku udah 3x kena ditangguhkan, pertama ditangguhkan dimintai vertifikasi lewat email dan no.hp, kedua ditangguhkan dimintai hal yang sama tapi kolom buat ngisinya gabisa ditekan tekan, dah install ulang juga sama, berkali kali coba tetap gabisa login, 2minggu nunggu akhirnya iseng² coba lagi akhirnya bisa, eh sekarang ditangguhkan lagi bjir, dan disuruh rekam diri, tapi pas mau rekam diri, gabisa juga alasan jaringan dan memori penuh, padahal tidak",1,jelek banget makin kesini makin banget akun aku udah x kena ditangguhkan pertama ditangguhkan dimintai vertifikasi lewat email no hp kedua ditangguhkan dimintai yang sama kolom buat ngisinya gabisa ditekan tekan dah install ulang sama berkali kali coba tetap gabisa login minggu nunggu akhirnya iseng coba akhirnya eh sekarang ditangguhkan bjir disuruh rekam diri pas mau rekam diri gabisa alasan jaringan memori penuh padahal,0
Bimasari Sihotang,"Salah satu aplikasi media sosial favorit aku. Buat keseluruhan aplikasinya sudah baik. Tapi, kadang sudah melihat stories,atau lagu yang dipost sama teman. Saya harap tolong segera diperbaiki.terimakasih..",5,salah satu aplikasi media sosial favorit aku buat keseluruhan aplikasinya baik kadang melihat stories lagu dipost sama teman harap segera diperbaiki terimakasih,-1
Pengguna Google,"Tolong diperbaiki lagi... Ceritanya begini, aku mengirim reels ke temanku tapi reels yg terkirim itu tidak bisa dilihat oleh temanku dgn tulisan bahwa reels ""pesan tidak tersedia"" juga dibilang dihapus/privasi, tapi aku masih bisa menonton video itu tapi temanku tidak...kan aneh, video nya masih ada dibilang tidak tersedia, tolong ya diperbaiki, dari kemarin-kemarin begitu terus",4,diperbaiki ceritanya begini aku mengirim reels temanku reels terkirim dilihat temanku tulisan reels pesan tersedia dibilang dihapus privasi aku bisa menonton video tapi temanku kan aneh video nya ada dibilang tidak tersedia ya diperbaiki kemarin kemarin terus,-1
muh.sahrir ririn,"Apli ini bagus,kita bisa pake efek apapun,tapi kadang masih loading padahal masih punya paket kouta banyak masih bisa buka tt,wa dan lain lain jadi tolong di perbaiki lagi🙏🙏maaf kalo ulasan ini tdk berguna😔😔🙏",5,apli bagus bisa pake efek apapun kadang loading padahal punya paket kouta banyak bisa buka tt wa lain jadi di perbaiki maaf kalo ulasan tdk berguna,-1
Anatasia Maya,"Saya kasih bintang 5, tapi jangan hilangin arsip IG. Sayang banget kalau arsip IG ga ada. Saya yakin sekali, kalau Instagram membuat fitur seperti ini akan sepi peminat. Kami suka main Instagram karena ada arsipnya, jadi ga perlu simpan di galeri, di IG juga bisa. Buatlah fitur yang penting bukan krn fitur sesuai keinginan anda. Bikin lagu di catatan aja sebenant ga penting krn bisa bikin di story Instagram loh. Pokoknya jangan hilangin arsip Instagram yaaa nangis bgt klo sampe hilang🥹😭😭",5,kasih bintang jangan hilangin arsip ig sayang banget kalau arsip ig ada yakin sekali kalau instagram membuat fitur ini sepi peminat suka main instagram ada arsipnya jadi perlu simpan galeri ig bisa buatlah fitur penting bukan fitur sesuai keinginan bikin lagu catatan sebenant penting bisa bikin story instagram loh pokoknya jangan hilangin arsip instagram yaaa nangis banget klo sampe hilang,2
Syafa Ayska,"sebenarnya apk ig ini cukup baik.Keluhan saya adalah.., waktu saya meng upload video dengan kualitas yang cukup tinggi itu tidak bisa, ada tulisan ""mengirim"" dan juga ""menunggu koneksi"", padahal jaringan saya normal.Terus waktu saya upload story video dengan kualitas yang sedikit rendah itu bisa ke upload.Mohon pihak Instagram untuk meng upgrade aplikasi Instagram ini menjadi lebih baik. Terimakasih🙏🏻.",4,sebenarnya apk ig cukup baik keluhan adalah waktu meng upload video kualitas cukup tinggi tidak ada tulisan mengirim juga menunggu koneksi padahal jaringan normal terus waktu upload story video kualitas sedikit rendah bisa upload mohon pihak instagram meng upgrade aplikasi instagram menjadi lebih baik terimakasih,3
Raline Syifa,"Aplikasi nya bagus, ada 1 yang sangat disayangkan yaitu saat post story, kenapa tidak bisa menggunakan ukuran foto/vdio menggunakan ukuran lain selain ukuran 19:16, sebenarnya bisa, cuma latarnya jadi berwarna, kalo bisa latarnya warna hitam saja yang basic🙏🏻",3,aplikasi nya bagus yang sangat disayangkan saat post story tidak menggunakan ukuran foto vdio menggunakan ukuran selain ukuran sebenarnya cuma latarnya jadi berwarna kalo latarnya warna hitam yang basic,3
Andrerizky Maulana,"tolong untuk pihak Instagram, kenapa Instagram saya tidak bisa membagikan catatan cerita di video reels nya!!!! masa di akun teman saya bisa tapi di akun saya tidak bisa??!!! saya yakin saya tidak sendiri disini, ada bnyak org yg mengira blm update IG mreka, pdhl emg IG nya saja yg terlalu busukkk ga memperhatikan masalah masalah pengguna nyaa!!! sialann!!!",1,untuk pihak instagram instagram membagikan catatan cerita video reels nya masa akun teman di akun tidak bisa yakin saya tidak sendiri disini bnyak org mengira update ig mreka pdhl emg ig nya yang terlalu busukkk tidak memperhatikan masalah masalah pengguna nyaa sialann,-1
Ilham Mardiansyah,Setelah update terbaru instagram justru ngelag lebih lambat respon foto dan video susah muncul bukan karena masalah jaringan sinyal internet karena untuk membuka aplikasi lain berjalan lancar dan sinyal internet penuh tapi sepertinya masalahnya ada di aplikasi instagramnya sendiri seperti error dan sering keluar aplikasi dengan sendiri hingga saat ini.,1,update terbaru instagram justru ngelag lebih lambat respon foto video susah muncul bukan masalah jaringan sinyal internet untuk membuka aplikasi berjalan lancar sinyal internet penuh sepertinya masalahnya di aplikasi instagramnya sendiri error sering keluar aplikasi sendiri hingga ini,-1
CRESPO MANDALA SAPUTRA,"terkadang saya sering keluar sendiri dari instagram itu kenapa ya kak tolong di perbaiki makasih, sama knp sih klu mau upload story lama bener sering stak di 90%, tp klu post di apk lain lancar² aja",2,terkadang sering keluar sendiri instagram kenapa kak perbaiki makasih sama knp sih klu mau upload story lama bener sering stak tapi klu post di apk lancar,-1
Rido,"Fitur untuk mengganti ""audio tidak tersedia"" dalam postingan yg sudah diposting hanya bisa untuk 1x mengganti padahal audio sering kali terhapus, tolong fitur untuk mengganti audio musik yang error dalam postingan yg sudah diposting bisa lebih dari 1x karna sangat menggangu.",1,fitur mengganti audio tersedia postingan sudah diposting x mengganti padahal audio sering kali terhapus fitur mengganti audio musik error postingan sudah diposting bisa lebih x karna sangat menggangu,1
Ms.DnoB.p,"Saya merasa senang karena instagram bisa memberi tontonan yang menghibur. Namun saya ada saran tolong di bagian ""aktifitas saya"" ditambahkan fitur history tontonan sebab beberapa kali ada postingan yang hendak di simpan tapi terlanjur ke relock sehingga postingannya belum kesimpan dengan like ataupun komentar",5,merasa senang instagram memberi tontonan menghibur saran bagian aktifitas saya ditambahkan fitur history tontonan beberapa kali postingan hendak di simpan terlanjur relock postingannya kesimpan like ataupun komentar,1
Ria Desvitria Ningsih,"Kenapa ni tiba2 Instagram saya di tangguhkan seolah olah saya melakukan pelanggaran, saya manusia bukan robot, saya juga gak merasa melakukan pelanggaran, tolong kembalikan Instagram saya! Sudah saya rekam wajah loadingnya lama, setelah itu malah terjadi kesalahan . Sepanjang sejarah saya menggunakan Instagram 5 tahun lebih baru kali ini Instagram sangat mengecewakan!",1,ni tiba instagram di tangguhkan olah melakukan pelanggaran manusia bukan robot juga merasa melakukan pelanggaran kembalikan instagram sudah rekam wajah loadingnya lama itu malah terjadi kesalahan sepanjang sejarah menggunakan instagram tahun lebih baru kali instagram sangat mengecewakan,1
Intan Yulia,"gabisa gabisa kenapa arsip story ilang separuh woy, itu kan moment terpenting dalam hidup, terus kenapa lagi foto yg ada musiknya, di arsip itu musiknya tidak tersedia!! jadi males sekarang bikin story di Instagram, percuma nyimpen moment berharga, tapi ujung²nya ilang juga tuh foto:(",2,gabisa gabisa arsip story ilang separuh woy kan moment terpenting hidup terus lagi foto ada musiknya arsip musiknya tersedia jadi males sekarang bikin story instagram percuma nyimpen moment berharga ujung nya ilang tuh foto,2
Avitaaa,"Gabisa buat story video di ig. Tulisannya menunggu koneksi terus, pdhl udah log out log in bbrp kali, sampe matiin hp juga. Dan koneksi jaringan pun bagus pake wifi atau kuota. Gatau kenapa bisa gini ig😭😭",2,gabisa buat story video ig tulisannya menunggu koneksi terus pdhl udah log out log in bbrp kali sampe matiin hp dan koneksi jaringan bagus pake wifi kuota gatau bisa gini ig,0
2 - Rizky Fadhillah,"Tolong adakan fitur nonaktifkan reels instagram!! Jadi, nanti ada fitur settingan di instagram yang membuat kita bisa mengatur waktu produktif kita dan bisa menonaktifkan reels instagram selama fitur itu aktif. Jika di nonaktifkan, fitur reels instagram akan muncul kembali. Tolong dengan sangat, karena setiap saya ada kerjaan di instagram, tanpa sadar saya menonton reels instagram!! Tolong, ini keinginan setiap pengguna! Jangan bikin kami kecanduan sangat gila!!",1,adakan fitur nonaktifkan reels instagram jadi ada fitur settingan instagram membuat mengatur waktu produktif dan bisa menonaktifkan reels instagram selama fitur aktif nonaktifkan fitur reels instagram muncul sangat ada kerjaan di instagram sadar menonton reels instagram tolong ini keinginan setiap pengguna jangan bikin kecanduan sangat gila,1
r,"Akun² fanspage yang gua ikuti kenapa nggak muncul di beranda?? Gua refresh sampe kiamat pun tetap kagak muncul!! Udah gua cek satu² di setiap akun fanspage ternyata masih aktif posting tapi kagak muncul di beranda gua woyy!!!!!. Benerin lah bugnya nying, annoying banget udah kek tiktod fyp vidio² mulu",1,akun fanspage gua ikuti nggak muncul beranda gua refresh sampe kiamat tetap kagak muncul udah gua cek satu setiap akun fanspage ternyata aktif posting kagak muncul beranda gua woyy benerin lah bugnya nying annoying banget udah kek tiktod fyp vidio mulu,0
isnanabila,"Tolong diperbaiki bagian membuat story, pada OS Android tidak bisa membuat background, Keterangan nya ""Stiker Interaktif tidak bisa ditutupi"" Mohon segera di FIX!",1,diperbaiki bagian membuat story os android bisa membuat background keterangan nya stiker interaktif bisa ditutupi mohon segera fix,-1
Saya Dary,"Edit di pc - teks hilang - edit deskripsi - ""Editan anda belum disimpan silahkan coba lagi nanti""- ulangi - sama aja - pulih. Akun gw dibisukan tanpa kalimat yg melanggar & tanpa alasan. Masalah selesai tapi tiba² akun saya ditangguhkan dengan alasan ambigu - kode pemulihan akun email tidak dikirim (ternyata di folder spam) - mulai selfie - layar blank hitam berkali² (ternyata loading tanpa tanda) - pulih. Sekarang reupload reels ke story loading lamaaaa",5,edit pc teks hilang edit deskripsi editan belum disimpan silahkan coba nanti ulangi sama pulih akun gw dibisukan kalimat melanggar alasan masalah selesai tiba akun ditangguhkan alasan ambigu kode pemulihan akun email dikirim ternyata folder spam mulai selfie layar blank hitam berkali ternyata loading tanda pulih sekarang reupload reels story loading lamaaaa,-1
Mardian Saputra,"Ini sehari berapa kali update ya ? Yg di update apa si ? Kayanya ga nambah bagus ga ada perubahan juga malah makin mundur, juga tambahkan pengaturan pengiriman story jdi kalo ada video yg durasinya lebih dari 1 menit kita bisa atur mau di menit keberapa yang dikirim.",1,sehari berapa kali update update apa si kayanya nambah bagus perubahan malah makin mundur tambahkan pengaturan pengiriman story jdi kalo ada video durasinya lebih menit bisa atur mau menit keberapa yang dikirim,4
Aisya Nabila,"Entah mengapa tiba-tiba aplikasi instagram saya gabisa terbuka, ketika masuk aplikasi langsung keluar kembali Sudah coba ilangin data ini itu tetapi masih tidak bisa padahal sebelumnya aman² saja Sangat kecewa sekali tolong segera ditindaklanjuti",2,entah tiba tiba aplikasi instagram gabisa terbuka masuk aplikasi langsung keluar sudah coba ilangin data itu masih bisa padahal sebelumnya aman sangat kecewa sekali segera ditindaklanjuti,-1
Fitry 1030_,"Tolong caranya biar story saya yang baru di up di mnculkan di arsib‼️, itu kan g sengaja ketekan arsipkan smntra di story, nah dri situ mnghilang dari story saya dn sy liat di arsib:lah kok hilang?, ini tolong sy sda liat vid cara"" mngbalikan tapi nga ada biar satu tutorialnya yg sprti sy mksd ini. Rncnya mau di smpan dlu eh g sngja ketekan arsibkan, TOLONG SKLIIII‼️",1,caranya biar story baru up mnculkan arsib kan g sengaja ketekan arsipkan smntra story nah dri situ mnghilang story dn sy liat arsib lah kok hilang sy sda liat vid cara mngbalikan nga biar satu tutorialnya yang sprti sy mksd rncnya mau smpan dlu eh g sngja ketekan arsibkan tolong skliiii,0
Bowo Laksono,"kenapa ini sering muncul pesan ajukan banding, padahal pagi bisa dibuka, malamnya malah tidak bisa, dan itu nyambung ke thread sampai minta email lagi, kok jd bikin waspada... mohon diperbaiki lg..",1,ini sering muncul pesan ajukan banding padahal pagi dibuka malamnya malah bisa itu nyambung thread minta email kok jadi bikin waspada mohon diperbaiki lg,0
Athiyyah Salsabillah,"instagram makin lemot jaringan uda bagus tp slalu lag saat liat story dll sy kira internetny yg bermasalah, pas sy liat tiktok lancar² aj pake data internet keselll bangettt tolong pihak instagran perbaikiiiiiii woii sgt² mengganggu!!!!!!!!",1,instagram makin lemot jaringan uda bagus slalu lag liat story sy kira internetny bermasalah pas sy liat tiktok lancar aj pake data internet keselll bangettt pihak instagran perbaikiiiiiii woii sgt mengganggu,-1
Zeon By,sekarang makin bagus performanya tapi ada sedikit bug yaitu ketika siaran langsung bersama teman jadi blackscreen kadang gak keliatan itu aja yg lain udah bagus kok,5,sekarang makin bagus performanya ada sedikit bug ketika siaran langsung bersama teman jadi blackscreen kadang keliatan saja lain udah bagus kok,-1
Diki Iskandar,"Hello... Ada Bug yg sangat menggangu saat saya menggunakan Instagram, kenapa di fitur Reels saya tidak scroll konten² influence? Dan saat masuk ke Reels tidak ada gambar (Blank)... Mohon segera di perbaiki sangat menggangu sekali... Thnks",4,hello bug sangat menggangu menggunakan instagram fitur reels saya scroll konten influence saat masuk reels tidak ada gambar blank mohon segera di perbaiki sangat menggangu sekali thnks,-1
Kafi Falahul bashirah,"Tolong lah di perbaiki bug yang meresahkan ini setiap saya ini melihat reels ataupun yang lain nya di isntagram semua nya lemot tetapi sinyal saya baik baik saja,sudah berapa kali saya apus dan domload lagi tetapi hasil nya tetap sama saja.jadi tolong lah admid di perbaiki secepat nya karna ini sudah sangat meresahkan",1,lah perbaiki bug meresahkan setiap melihat reels ataupun lain nya isntagram semua nya lemot sinyal baik baik sudah berapa kali apus domload tetapi hasil nya tetap sama jadi lah admid perbaiki secepat nya karna ini sudah sangat meresahkan,-1
Farhan Agung,"T**k isi iklannya judol semua, padahal kaga pernah maen, browsing atau yang semacamnya. Udah di report, tidak tertarik dang lainnya masih tetep muncul. T**k cape gua Scroll2 terus muncul iya kalau sekali dua kali ini kadang per 3 scrollan muncul",2,t k isi iklannya judol semua padahal kaga pernah maen browsing yang semacamnya udah report tertarik dang lainnya tetep muncul t k cape gua scroll terus muncul iya kalau sekali kali kadang per scrollan muncul,0
Perdiansyah,"Setelah update, buat reels sekarang jadi aneh. Lebih suka UI yang lama, karena membuat Reels yang ada teks otomatisnya jadi lebih gampang, ketimbang sekarang jadi susah dan bingung, anehh",1,update buat reels sekarang jadi aneh lebih suka ui lama membuat reels ada teks otomatisnya jadi lebih gampang ketimbang sekarang jadi susah bingung anehh,-1
Rinda A,"kenapa tidak bisa upload reels, stuck di 90% susah banget mau upload eror, untuk bagian cerita kalau yang berbentuk video stuck tidak bisa di putar gimana sih semakin di update semakin buruk",2,upload reels stuck susah banget mau upload eror bagian cerita kalau berbentuk video stuck tidak bisa putar gimana sih semakin update semakin buruk,-1
Angel Santa Ulina Sihombing,"Aplikasi nya gakk bagus saya kira hp saya yang ngelek ternyata emang aplikasi nya yang gak bagus, padahal saya udah apdet berapa kalii, masa iya orang lain ngetag akun kita itu gak bisa di masukin ke cerita akun kitaa!!! Perbaharui lagii dong aplikasinya",1,aplikasi nya gakk bagus kira hp ngelek ternyata emang aplikasi nya yang bagus padahal udah apdet berapa kalii masa iya orang ngetag akun itu tidak bisa masukin cerita akun kitaa perbaharui lagii dong aplikasinya,-1
Oktavianti Oktavianti,"Ngga bisa buat story, kenapa ya kalok buat story pakek tata letak sama lagu pas mau di post kesalahan. Udah berulang kali loh kayak gini. Plis lah min perbaiki napa, padahal jaringan ku udah stabil loh",3,ngga buat story ya kalok buat story pakek tata letak sama lagu pas mau post kesalahan udah berulang kali loh kayak gini plis lah min perbaiki napa padahal jaringan ku udah stabil loh,0
Fathiyanazwa 02,"Sebel banget dari kemarin mau buka ig malah suruh login mulu. Giliran login malah ngga bisa nemuin akun. Tolong dong diperbaiki udah dari kemarin² nyoba login tetep ngga bisa, udh diapus terus didownload lagi tetep aja ngga bisa🗿",1,sebel banget kemarin mau buka ig malah suruh login mulu giliran login malah ngga nemuin akun dong diperbaiki udah kemarin nyoba login tetep ngga sudah diapus terus didownload tetep ngga,0
Ayodya Store,"Kenapa beberapa video di feed Instagram tidak bisa diputar lagi? Tidak ada tombol play nya dan bukan karena masa video kadaluarsa,padahal video yang lebih lama masih bisa diputar. Tolong kembalikan jadi normal ya , akan saya kasih bintang 5 jika video sudah dapat diputar lagi",1,beberapa video feed instagram bisa diputar tidak tombol play nya bukan masa video kadaluarsa padahal video lebih lama bisa diputar kembalikan jadi normal akan kasih bintang video dapat diputar,3
Fayyadh Rantisi,"Saya sangat senang menggunakan Instagram. Tetapi saya sangat kecewa. karena setelah akun saya diretas, saya tidak bisa memulihkan akunnya. Saya mencoba untuk mendapatkan dukungan untuk mengambil video selfie. Tetapi hanya muncul layar kosong berwarna putih. Sampai sekarang belum ada respon dari pihak Instagram.",2,sangat senang menggunakan instagram sangat kecewa setelah akun diretas tidak memulihkan akunnya saya mencoba mendapatkan dukungan mengambil video selfie hanya muncul layar kosong berwarna putih sekarang ada respon pihak instagram,1
ganks bocil,"dari segi manapun apk nya bagus' aja guys, tapi ada sisi lain yg harus di update yaitu fitur buat ganti music postingan yg udah di upload, sebagian besar org' bertanya tanya, bagaimana caranya ganti music postingan yg udah di upload? hal itu sebenar nya tidak ada guys, mencari tutor kesana kesini yang ada cuman tutor hapus dulu postingan nya trs upload lagi dengan music yang baru, kemungkin banyak bermanfaat buat org yg salah ambil music/music yang tidak sesuai vibe foto/video. sekian trmksh",5,segi manapun apk nya bagus guys ada sisi update fitur buat ganti music postingan udah upload sebagian besar org bertanya tanya bagaimana caranya ganti music postingan udah di upload itu sebenar nya ada guys mencari tutor kesana kesini ada cuman tutor hapus dulu postingan nya trs upload dengan music baru kemungkin banyak bermanfaat buat org salah ambil music music yang tidak sesuai vibe foto video sekian trmksh,-1
Masin Ucok,"Makin jelek aplikasinya, kalo ngeliat arsip story muter"" doang padahal jaringan wifi bagus pake data udah tapi sama aja muter"" doang, tolong di perbaikin aplikasi nya, agar pengguna yang lain lebih nyaman termasuk saya",1,makin jelek aplikasinya kalo ngeliat arsip story muter doang padahal jaringan wifi bagus pake data udah sama muter doang di perbaikin aplikasi nya pengguna lain lebih nyaman termasuk,0
Dinda Marpaung,"Instagram sebaiknya tetap mempertahankan fitur Archive Story, karena fitur ini sangat berguna untuk menyimpan kenangan dan momen berharga tanpa harus membagikannya secara permanen di profil. Selain itu, fitur ini memudahkan pengguna untuk melihat kembali cerita lama kapan saja, menjaga privasi, namun tetap bisa mengakses kenangan dengan mudah. Menghapus fitur ini akan mengurangi pengalaman pengguna yang sudah terbiasa menggunakannya.",2,instagram sebaiknya tetap mempertahankan fitur archive story fitur sangat berguna menyimpan kenangan momen berharga harus membagikannya permanen profil itu fitur memudahkan pengguna melihat cerita lama kapan menjaga privasi tetap mengakses kenangan mudah menghapus fitur akan mengurangi pengalaman pengguna sudah terbiasa menggunakannya,-1
Shyella Lolowang,Kenapa akun saya tiba-tiba ditangguhkan ya?? Tanpa alasan yg jelas pdhl tidak melakukan pelanggaran loh terus loadingnya lama bngt udh kirim foto selfie untuk banding tp masih blm pulih klr kirim selfie juga layar langsung blank berubah jd hitam?? Udh sempet masuk habis itu muncul lagi notif buat kirim banding emangnya sekali kirim harus brp kali?? What happened to Instagram?? Sering-seringlah kek gini deh....,1,akun tiba tiba ditangguhkan tanpa alasan jelas pdhl melakukan pelanggaran loh terus loadingnya lama bngt kirim foto selfie banding masih pulih klr kirim selfie layar langsung blank berubah jadi hitam sempet masuk habis muncul notif buat kirim banding emangnya sekali kirim brp kali what happened to instagram sering seringlah kek gini deh,0
Anggara rifky Saputra,"Untuk semua fitur sudah bagus tetapi satu menurut saya yg harus di tambahin ,min tolong untuk music di tambahin lagi waktu nya jangan cuman 15 detik aja minimal 30 detik TOLONGG!!!",3,semua fitur bagus satu saya harus tambahin min untuk music tambahin waktu nya jangan cuman detik minimal detik tolongg,4
Matt Talamati,"Mengapa lagu di instagram hanya sedikit? Setengah lagu ada yang hilang , pas dicari gak dapat dapat , padahal instagram yang lalu semua musik nya ada. Tapi kenapa sekarang banyak sekali lagu yang hilang? Tolong buat lagunya jadi lengkap lagi...",2,lagu instagram sedikit setengah lagu hilang pas dicari dapat padahal instagram lalu semua musik nya tapi sekarang banyak sekali lagu yang hilang buat lagunya jadi lengkap,-1
Game Account,"Aplikasinya makin lama makin buruk penuh bug, saya upload video sampe 3 jam gak selesai selesai padahal sinyal lancar, trus video yang seharusnya 6 menit kenapa malah jadi 13 menit. Tolong jika di update beneran dibenerin bug nya",1,aplikasinya makin lama makin buruk penuh bug upload video sampe jam selesai selesai padahal sinyal lancar trus video seharusnya menit malah jadi menit jika update beneran dibenerin bug nya,0
kind person,"Tim instagram gk Becus, udh saya laporkan masalah akun karena sering bug untuk opsi memunculkan lagu sering hilang tapi gak ada tindakan apapun. Saya sebagai pengguna merasa tidak dianggap, tim instagram gk peduli sama sekali 🤣",1,tim instagram becus laporkan masalah akun sering bug opsi memunculkan lagu sering hilang tindakan apapun saya sebagai pengguna merasa dianggap tim instagram tidak peduli sama sekali,-1
Faizah Ratu Zalni,"Jelek banget update an nya, plis pas mau bikin story jadi ga enak. Tolong ganti ke yang lama aj, font nya pada berubah juga males bgt. Trus pas abis bikin story, gak masuk ke arsip jdi gbisa bikin hightlight :(",1,jelek banget update an nya plis pas mau bikin story jadi enak ganti yang lama aj font nya berubah males banget trus pas abis bikin story masuk arsip jdi gbisa bikin hightlight,0
Refrina Matratilova,"Sebelumnya masih bisa untuk download foto dari yang di edit insta story, sekarang engga samsek 😬 jadi harus di ss dulu 😔 padahal dulu ngga gini deh, mohon perbaiki ya, selebihnya udah oke banget kok 😎 makasih kawandeu 🙏🏻",4,sebelumnya bisa download foto yang edit insta story sekarang engga samsek jadi di ss dulu padahal dulu ngga gini deh mohon perbaiki selebihnya udah oke banget kok makasih kawandeu,-1
Sifa,"Setiap post feed yg lebih dari 10 selalu kedip2 fotonya dan tidak ter up, hanya bisa post feed lebih dari 10 jika tanpa menggunakan lagu.",1,post feed lebih selalu kedip fotonya tidak ter up bisa post feed lebih jika menggunakan lagu,3
Billy Darmawan Lie,"Scrool dr atas kebawah atau sebaliknya tidak seperti biasanya,,ini terjadi setelah update yg terbaru Melihat foto slide ke 2 dan selanjutnya pun sulit Saya uda cek di aplikasi lain tidaj seperti ini,krna awalnya saya kira hp saya yg bermaslah Mohon diperbaiki",2,scrool atas kebawah sebaliknya biasanya terjadi update terbaru melihat foto slide dan selanjutnya sulit uda cek aplikasi tidaj seperti ini krna awalnya kira hp yang bermaslah mohon diperbaiki,1
Nicholas Hia,"tolong kepada pihak ig untuk memperbaiki bug fc ( keluar sendiri ) karena dalam update sekarang ini, saya mengalami banyak sekali bug terutama bug fc padahal memori hp saya masih banyak dan jaringan juga bagus🙏",1,kepada pihak ig memperbaiki bug fc keluar sendiri dalam update sekarang mengalami banyak sekali bug terutama bug fc padahal memori hp saya masih banyak jaringan bagus,1
Ryze9,"Kemungkinan banyak yang mengeluhkan persoalan ini, tolong untuk fitur lagu di post agar ditambahkan mengubah/menghapus lagu, saya harap tanggapannya segera terimakasih 🙏🙏",2,kemungkinan banyak mengeluhkan persoalan tolong fitur lagu post ditambahkan mengubah menghapus lagu harap tanggapannya segera terimakasih,-1
Hilma Putri,"Fitur font awalnya sudah ada. Tiba2 hilang setelah bbrpa hari, bahkan bbrp fitur batu nggk masuk padahal sudah update ke versi terbaru, mana udh sebulan fitur klik link juga nggk bisa nyambung ke situsnya.",1,fitur font awalnya ada tiba hilang bbrpa hari bahkan bbrp fitur batu nggk masuk padahal update versi terbaru mana sebulan fitur klik link nggk nyambung situsnya,-1
Ega Tifani,"Aplikasi bagus, Tetapi saya mengalami kendala. Sore ini saya memposting foto di instagram tetapi setelah saya menambahkan lagu diposting saya, foto postingan saya menjadi ngezoom, sudah saya hapus dan saya coba lagi tetapi tetap sama. Tolong segera direspon dan diperbaiki, terimakasih",1,aplikasi bagus mengalami kendala sore memposting foto instagram setelah menambahkan lagu diposting saya foto postingan saya menjadi ngezoom saya hapus saya coba tetapi tetap sama segera direspon diperbaiki terimakasih,1
Devia Pebriyanti,"Rating⭐8/10✨ Keunggulan: dari jaman dulu memang aplikasi ini sangat bagus, bisa melihat foto artis bahkan aktor, artis luar negeri bahkan sampai mancanegara, bisa juga kita saling berinteraksi dengan idola kita. Selain itu, ada banyak filter yang sangat Bagus untuk mengambil foto, sehingga membuat kita jadi cantik. Kekurangan: Sekarang semakin lama apk ini semakin berbeda, dulu foto dan video di pisah tidak di satukan, tetapi sekarang di satukan dan di Campur hal itu membuat kuota jadi cpt habs",3,rating keunggulan jaman dulu memang aplikasi sangat bagus melihat foto artis bahkan aktor artis luar negeri bahkan mancanegara juga saling berinteraksi idola selain ada banyak filter sangat bagus mengambil foto membuat jadi cantik kekurangan sekarang semakin lama apk semakin berbeda dulu foto video pisah satukan sekarang di satukan di campur itu membuat kuota jadi cpt habs,1
Rina Asih,App-nya bagus cuma pas mau nyimpen foto itu lama banget padahal dulu ga sampai selama itu terus pas keluar lalu masuk lagi kirain dah masuk galeri ternyata ga ada tolong di perbaiki lagi plisss mau masuk akun gak bisa peringatannya itu seberapa sering anda di Instagram padahal kalo masuk gak pernah gitu mau ganti atau pindah aku juga gak bisa di perbaiki pilsss udah sering di update tapi tetep eror jangan sampe mau update lagi harus berbayar ya yang unduh rugi gak bisa masuk,3,app nya bagus cuma pas mau nyimpen foto lama banget padahal dulu sampai selama terus pas keluar lalu masuk kirain dah masuk galeri ternyata ada perbaiki plisss mau masuk akun peringatannya seberapa sering di instagram padahal kalo masuk pernah gitu mau ganti pindah aku bisa di perbaiki pilsss udah sering di update tetep eror jangan sampe mau update harus berbayar yang unduh rugi tidak bisa masuk,-1
Dead Shadow,"Tolong perbaiki lagi untuk sistem Videocall dan telpon nya ya, saya akan kasih bintang 5 jika itu diperbaiki, seperti video melambat,buram,audio tiba tiba hilang,itu sangat mengesalkan",4,perbaiki untuk sistem videocall telpon nya saya kasih bintang diperbaiki video melambat buram audio tiba tiba hilang itu sangat mengesalkan,-1
Hismi Apriliani,"pas awal awal bagus si, tapi kenapa MAKIN KESINI MAKIN LAG JIR? kaya mau buka dm lowding nya lamaaaa banget banget banget, mau buka ig lowding nyaaa kaya abis paketan padahal pake wifi, di perbaik deh ya tolong banget ini mah.",4,pas awal awal bagus si kenapa makin kesini makin lag jir kaya mau buka dm lowding nya lamaaaa banget banget banget mau buka ig lowding nyaaa kaya abis paketan padahal pake wifi perbaik deh tolong banget mah,0
Ari Prabowo,"Posting snapgram grid fotonya selalu vertikal, setiap kali mau buat postingan foto tiba-tiba efek fotonya berubah. Aplikasi kadang saya update tapi hasilnya tetap sama",2,posting snapgram grid fotonya selalu vertikal kali mau buat postingan foto tiba tiba efek fotonya berubah aplikasi kadang update hasilnya tetap sama,0
Alitsky,"Ada masalah yg saya temukan, Lagi. Dimana video yang saya simpan dalam bentuk reels tidak ada di bagian ""reels"" dalam tersimpan di bagian ""semua postingan"". Nah kejadian ini bukan 1 2 kali saya alami, tapi udh sering. Jadi beberapa reels baru yg saya simpan tidak akan muncul di bagian ""reels"", malahan ada di bagian yang satunya lagi. Tolong cepat di perbaiki, terimakasih.",3,masalah temukan dimana video saya simpan bentuk reels bagian reels tersimpan bagian semua postingan nah kejadian bukan kali saya alami sudah sering jadi beberapa reels baru saya simpan akan muncul bagian reels malahan ada bagian satunya tolong cepat di perbaiki terimakasih,3
Alifah Salma,"Maaf saya beri bintang 1.karena saya cukup kecewa dgn sistem instagramnya yg skrng. Keluhan saya ialah, kerena tdk bisa membuka reels dan foto. Menonton reels saja tidak bisa, padahal jaringan dan hpnya masih baik. Tolong perbaikannya dan tolong update nya lebih spesifikasi lagi",1,maaf beri bintang cukup kecewa sistem instagramnya skrng keluhan saya ialah kerena tdk membuka reels foto menonton reels tidak padahal jaringan hpnya baik perbaikannya tolong update nya lebih spesifikasi,1
Tiara Airafaras,Perasaan dulu bisa up banyak gambar dalam satu postingan. Kenapa ini gak? Harus dibikin draft dulu baru bisa di upload. Idih bikin gregetan aja. Habis itu bagian lagu nya gak bisa di edit lagi malah kek eror dan lemot,1,perasaan dulu up banyak gambar satu postingan ini harus dibikin draft dulu baru upload idih bikin gregetan habis bagian lagu nya bisa di edit malah kek eror lemot,-1
Syahrizal Mahesa,"Kalo mau buka filter Ig suka bug teruss gabisa ngedit foto yg ada d galeri , selalu muncul foto"" yg langsung d IG nya maap kasih bintang 1 soalnya udah d update juga tetep kaya gitu , mungkin ada pengaturan nya tapi udh d cari"" masih ga ketemu 🙏",1,kalo mau buka filter ig suka bug teruss gabisa ngedit foto d galeri selalu muncul foto langsung d ig nya maap kasih bintang soalnya udah d update tetep kaya gitu mungkin ada pengaturan nya sudah d cari tidak ketemu,-1
lusi susilawati,"Makin parah aja ,akun lama kena suspend padahal gak ngapangapain banding gak bisa ga dikirim kirim kodenya, bikin akun baru lihat foto sendiri aja gak bisa dibatasi katanya. Untung aja bukan akun jualan hanya akun pribadi dan sayang sama arsipnya sih,",1,makin parah akun lama kena suspend padahal ngapangapain banding dikirim kirim kodenya bikin akun baru lihat foto sendiri tidak bisa dibatasi katanya untung bukan akun jualan akun pribadi sayang sama arsipnya sih,0
Darusman Kantan,"kenapa saya memberi bintang 1,karena akun saya selalu ada masalah seperti follower menurun tiap waktu hingga follower saya mencapai angka 0,suda sya laporkan terus tapi tidak ada perbaikan sama sekali, kejadian ini pun sudah kesekian kalinya,padahal akun saya murni dari awal buat hingga sampai sekarang,masalah nya pasti di follower terus,tolong ya pihak instagram untuk segera memperbaiki masalah di akun saya ini _018kantan follower saya ini lama lama menurun sampai ke angka 0,tolong di perbaiki",1,memberi bintang akun selalu masalah follower menurun tiap waktu hingga follower mencapai angka suda sya laporkan terus tidak perbaikan sama sekali kejadian pun kesekian kalinya padahal akun murni awal buat hingga sekarang masalah nya follower terus ya pihak instagram segera memperbaiki masalah di akun ini kantan follower saya ini lama lama menurun ke angka di perbaiki,1
Naufal Abid,"Saya suka namun, sering kali dalam penggunaan saya terjadi bug seperti tidak berfungsi nya siaran langsung, tag story, dan saya sudah laporan kan serta ajukan banding, namun pihak developer tidak merespon bug tersebut di akun saya",3,suka sering kali penggunaan terjadi bug berfungsi nya siaran langsung tag story laporan kan ajukan banding pihak developer tidak merespon bug tersebut akun saya,1
Xiaomi Ind,"Sound musik di catatan & story ga tersedia lagi secara tb², bertuliskan ""Lagu yang Anda pilih mungkin tidak tersedia di semua negara"". Tolong pihak instagram bagaimana caranya biar bisa balik lagi sound musik nya",2,sound musik catatan story tersedia secara tb bertuliskan lagu anda pilih mungkin tersedia semua negara pihak instagram bagaimana caranya biar balik sound musik nya,1
Dian,"Kasing bintang 1 soalnya pas mau buat akub baru kok gk bisa yah? Selalu muncul tulisan""terjadi kesalahan jaringan yang tidak di ketahui""pdhl jaringannya masih bagus bgt,udh pake wifi,data sendiri tetep aja g bisa,pdhl sblum²ny bisa,helpp...tolong di perbaiki😭😭",1,kasing bintang soalnya pas mau buat akub baru kok yah selalu muncul tulisan terjadi kesalahan jaringan tidak ketahui pdhl jaringannya bagus banget pake wifi data sendiri tetep g pdhl sblum ny bisa helpp di perbaiki,0
Rizki Maulana,"Akun saya dinonaktifkan dengan keterangan pelanggaran pedoman, padahal saya tidak berbuat aneh"" di ig dan jarang menggunakannya, ketika aju banding dipersulit, ketika buat akun baru dipersulit dan pasti akan di tangguhkan dan ujung-ujungnya dinonaktifkan. Kecewa",1,akun dinonaktifkan keterangan pelanggaran pedoman padahal tidak berbuat aneh ig jarang menggunakannya aju banding dipersulit buat akun baru dipersulit pasti di tangguhkan ujung ujungnya dinonaktifkan kecewa,1
manda,"fitur pada cutouts tidak berjalan dengan baik, saat ingin digunakan tidak dapat memotong dengan baik sehingga tidak bisa menjadi stiker, seharusnya dalam memotong gambar png mulus dan lancar saja, saya akan memberi bintang lima jika sudah diperbaiki, tolong kepada pihak instagram saya sangat suka sekali dengan fitur ini",3,fitur cutouts berjalan baik ingin digunakan dapat memotong baik tidak menjadi stiker dalam memotong gambar png mulus lancar memberi bintang lima sudah diperbaiki kepada pihak instagram saya sangat suka sekali fitur,1
keysha,"apknya bagus, dan memiliki banyak filter. tapi tolong diperbaiki bug story nya, saya up story tapi tertulis 'cerita ini tidak tersedia' saat teman saya membuka story saya. padahal saya belum hapus story itu, tolong diperbaiki juga bug terjemahan bio nya, saya ketik apa terjemahan nya apa. tolong segera di perbaiki, terimakasih",3,apknya bagus memiliki banyak filter diperbaiki bug story nya up story tertulis cerita tidak tersedia teman membuka story padahal belum hapus story tolong diperbaiki bug terjemahan bio nya ketik apa terjemahan nya apa tolong segera perbaiki terimakasih,-1
Nita Candra,"Bagus, cuman postingan saya tiba tiba hilang lagu nya & saat diganti tetap hilang dan tidak bisa diganti lagi. Saya juga tidak bisa mendengarkan lagu yang di postingan saya tetapi di akun lain bisa. Dan setiap upload story + lagu jadi blur, padahal foto aslinya HD",3,bagus cuman postingan tiba tiba hilang lagu nya diganti tetap hilang tidak diganti tidak mendengarkan lagu postingan saya tetapi di akun bisa setiap upload story lagu jadi blur padahal foto aslinya hd,3
Ravina Army,"Akhir² ini apk ini aneh, ngk sebagus dulu Arsip video ngk bisa di putar, dan beberapa tidak terlihat padahal ngk di hpus permanen Tolong lah apk ini dah di anggap tempat album ke 2 setelah foto jdi tolong bgt jgn sampe di hilangkan yang ada di arsip",3,akhir apk aneh ngk sebagus dulu arsip video ngk putar beberapa terlihat padahal ngk hpus permanen lah apk dah anggap tempat album setelah foto jdi banget jgn sampe hilangkan ada di arsip,2
Hukaimatul Haq Lukman AIMA,"bro, apk nya keren tpi jgn hapus arsip ya. Kenangan gue bykk disituu minnn, nnti nyimpen kenangan dimana lagiii huhuhuhuhu. Oh ya 1 lagi, udh update ig tpi yg ter-update cm akun ke 1 tpi akun ke2 ga ke update alias masih fitur lama. Trus juga klo mau upload story tb² muncul ""kesalahan"" pdhl yg mau di upload hal yg baik² aja. Tolong yee tingkatkan lagi nih instagram, nnti gue ksih ☆5😄.",3,bro apk nya keren tpi jgn hapus arsip kenangan gue bykk disituu minnn nnti nyimpen kenangan lagiii huhuhuhuhu ya sudah update ig tpi ter update cm akun tpi akun tidak update alias fitur lama trus klo mau upload story tb muncul kesalahan pdhl mau upload yang baik tolong yee tingkatkan nih instagram nnti gue ksih,0
Ricelle Novfraensta,"Mohon mudahkan dalam pemulihan akun instagram yang lupa password serta email dan nomor telepon sudah tidak aktif dipermudahkan. Dengan mengirimkan identitas foto selfie, tetapi ketika pilih opsi tersebut mohon jangan bertanya lagi tentang passwordnya apa terkahir kali dipakai, jadi saya ingin memulihkan akun tersebut semakin sangat sulit. Saya mohon bantuannya peemudahkan untuk instagram, karena saya ingin memulihkan akun instagram yang sudah 5 tahun lalu.",1,mohon mudahkan pemulihan akun instagram lupa password email nomor telepon tidak aktif dipermudahkan mengirimkan identitas foto selfie ketika pilih opsi tersebut mohon jangan bertanya tentang passwordnya apa terkahir kali dipakai jadi memulihkan akun tersebut semakin sangat sulit mohon bantuannya peemudahkan instagram saya ingin memulihkan akun instagram sudah tahun lalu,-1
Ahmad Husaeni,Bagus akan tetapi berikan prioritas khusus atau fitur khusus untuk disabilitas Saya rasa apa yang terjadi pihak center Instagram pun juga mengetahuinya mengenai kelemahan disabilitas di Instagram Mohon maaf untuk saat ini Terkadang untuk pengguna tersebut Instagram agak sedikit lemot atau terkadang sedikit bermasalah Tolong dibantu ya agar lebih bagus dan lebih meningkat dan lebih baik untuk semuanya terima kasih Maaf kalimat ini untuk pengguna disabilitas tunanetra ya mohon dibantu,4,bagus tetapi berikan prioritas khusus fitur khusus disabilitas rasa apa terjadi pihak center instagram juga mengetahuinya mengenai kelemahan disabilitas instagram mohon maaf saat terkadang pengguna tersebut instagram sedikit lemot terkadang sedikit bermasalah dibantu agar lebih bagus lebih meningkat lebih baik semuanya terima kasih maaf kalimat untuk pengguna disabilitas tunanetra mohon dibantu,-1
Aisya Aulia,"hanya bintang 1?? mengapaa?? tentunya karena terlalu banyak bug sehingga saya tidak dapat login, masalahnya saya akan mengikuti suatu kegiatan yang mengharuskan follow akun umum penyelenggara. jangan salah, saya sudah instal-uninstal instagram & instagram lite, tentu saja hasilnya sama. kegiatannya hari ini pulaa",1,bintang mengapaa tentunya terlalu banyak bug dapat login masalahnya akan mengikuti suatu kegiatan mengharuskan follow akun umum penyelenggara jangan salah saya sudah instal uninstal instagram instagram lite saja hasilnya sama kegiatannya hari pulaa,1
Rukma inna,"halo developer, aplikasi ig ku fitur komen storynya blm ada, dan fitur template yg lagi trend bagian story jg blm bisa :( kenapa yah apk instagram saya suka telat ter update ke versi terbaru nya? padahal aku rajin banget loh buat update ke versi terbaru nya, tolong dipercepat jg dong update tan aplikasi ke versi terbarunya untuk di akun aku",1,halo developer aplikasi ig ku fitur komen storynya ada fitur template lagi trend bagian story jg bisa yah apk instagram suka telat ter update versi terbaru nya padahal aku rajin banget loh buat update versi terbaru nya dipercepat jg dong update tan aplikasi versi terbarunya di akun aku,-1
Fajar Ramadhan,"Kok bisa Main account sama Second account saya beda versinya. Di Second account saya bisa menambahkan komentar di Stories orang dan saat menambahkan konten orang ke storie (video) bentuk shape nya seperti di Iphone (saya pakai Android) sedangkan di Main account saya ga bisa, padahal saya lebih sering aktif di Main account",3,kok main account sama second account beda versinya second account menambahkan komentar stories orang saat menambahkan konten orang storie video bentuk shape nya iphone pakai android di main account tidak bisa padahal lebih sering aktif di main account,1
Aziz Rifai,Setelah diupdate malah leletnya ampun2an.. padahal aplikasi lain berjalan lancar. Ini buat buka video sama foto hampir setahun baru bisa dibuka.. pas udah kebuka nggak sadar kalo udah idul fitri,5,diupdate malah leletnya ampun an padahal aplikasi berjalan lancar buat buka video sama foto hampir setahun baru dibuka pas udah kebuka sadar kalo udah idul fitri,0
Icha Melisa,Semakin di update semakin meresahkan masa udah di setting tetap ga ada perubahan nya sih kesel banget tiap update beda² kesalahannya bukannya makin bagus malah bikin rumit bagusan yang kemarin nyesel banget gw update dan kenapa setiap liat sg video nya tuh suka gak kebuka/cuma diem aja tapi suara nya ada mohon di perbaiki🙏🏻,1,semakin update semakin meresahkan masa udah setting tetap perubahan nya sih kesel banget tiap update beda kesalahannya bukannya makin bagus malah bikin rumit bagusan kemarin nyesel banget gw update kenapa liat sg video nya tuh suka kebuka cuma diem tapi suara nya ada mohon perbaiki,0
Ervin Hermawan,"tolong dong. kenapa dengan Instagram ku!! lag parah sinyalnya muter muter doang. paket banyak sinyal bagus untuk yang lain, cuman untuk Instagram!!!. tolong di perbaiki tolonggg🙏🏼 beberapa orang juga sama lag jumping.",2,dong dengan instagram ku lag parah sinyalnya muter muter doang paket banyak sinyal bagus yang cuman instagram di perbaiki tolonggg beberapa orang sama lag jumping,0
Ayyub Nurdin,"Kenapa postingan video saya sebagian di freeze/tidak bisa diputar dan menjadi gambar. Tolong disediakan fitur mengganti musik di postingan, apalagi kalau audio tidak tersedia lagi bisa diganti. Musik di profil tidak muncul",3,postingan video sebagian freeze bisa diputar menjadi gambar disediakan fitur mengganti musik postingan kalau audio tersedia bisa diganti musik profil muncul,1
Dwi Rahmadani,"Ig tolong fitur draf nya lebih di optimalkan, supaya foto video yg disimpan di draf tidak hilang jika menghapus data/menguninstal aplikasi instagram. Saya tidak sengaja menghapus data aplikasi dan smua isi draf hilang, tolong pihak instagram lebih dioptimal kan lagi fitur draf nya. Atau beri solusi untuk memulihkan kembali foto video di draf yg hilang sebelum 7hari. Pasti banyak pengguna instagram lain yg mengalami hal seperti ini juga, jadi mohon bantuan nya🙏🏻",1,ig fitur draf nya lebih optimalkan foto video disimpan draf hilang menghapus data menguninstal aplikasi instagram tidak sengaja menghapus data aplikasi smua isi draf hilang pihak instagram lebih dioptimal kan fitur draf nya beri solusi memulihkan foto video draf hilang hari banyak pengguna instagram yang mengalami seperti juga jadi mohon bantuan nya,1
Zenkaizx,"Instagram tolong di balikan fitur seperti dulu kan kita sudah simpan lagu favorit kita, tolong kalo mau post ke story fitur musik ""disimpan paling atas"" di balikin lagi dong selebihnya sudah bagus trmksih🥰",5,instagram balikan fitur dulu kan simpan lagu favorit tolong kalo mau post story fitur musik disimpan paling atas di balikin dong selebihnya sudah bagus trmksih,-1
DeniFarid,Tidak dapat mengganti musik yang sudah di sematkan di profil. Tidak dapat melihat atau mengganti musik yang ada di profil sendiri. Pengaturannya juga menghilang. Padahal lagu yang saya tambahkan bisa dilihat oleh follower namun tidak dengan diri sendiri.,1,dapat mengganti musik sudah sematkan profil dapat melihat mengganti musik ada profil sendiri pengaturannya menghilang padahal lagu saya tambahkan dilihat follower tidak diri sendiri,1
Ceng Harom,"setelah update kok kenapa ya setiap ngirim pesan malah muter terus kemaren"" gapernah kayak gitu tolong dong instagram kenapa malah jadi aneh gini pliss lah jangan update terus cape nih malah tambah banyak bug nya",1,update kok ya ngirim pesan malah muter terus kemaren gapernah kayak gitu dong instagram malah jadi aneh gini pliss lah jangan update terus cape nih malah tambah banyak bug nya,0
Aly Furqaan Abdurrafi,"Saran saya untuk instagram kedepannya adalah lebih mendengarkan pengguna khususnya kreator dan pebisnis yang memulai usahanya di platform ini. Dengan memahami dan mendengarkan mereka, saya yakin Instagram kedepannya bisa bersaing dengan platform lain bahkan menggulinya. Dan, saya juga berharap fitur yang ditambahkan Instagram bukan hanya fitur kustomisasi saja, melainkan fitur yang menambah jangkauan postingan dan memperkuat hubungan antara audience dengan kreator.",5,saran untuk instagram kedepannya lebih mendengarkan pengguna khususnya kreator pebisnis memulai usahanya platform memahami mendengarkan saya yakin instagram kedepannya bersaing platform bahkan menggulinya saya berharap fitur ditambahkan instagram bukan fitur kustomisasi melainkan fitur menambah jangkauan postingan memperkuat hubungan audience dengan kreator,1
Ela Champion,"Kenapa sekarang sorotan tidak bisa di simpan, fitur musik juga hilang dati feed, tolong diperbaiki ya.. Kalau masalah nya belum di update.. Saya sudah update aplikasi nya.. Tetap saja tidak bisa",1,sekarang sorotan simpan fitur musik hilang dati feed diperbaiki kalau masalah nya di update sudah update aplikasi nya tetap tidak bisa,-1
Firman Kasim,Saya beri bintang tiga 3️⃣ karena fitur dalam aplikasi ini kurang fitur yang kurang dalam aplikasi instagram seperti menyembunyikan daftar mengikuti seperti di aplikasi Facebook dan TikTok mungkin cuman itu fitur yang kurang dalam aplikasi ini,3,beri bintang tiga fitur aplikasi kurang fitur kurang aplikasi instagram menyembunyikan daftar mengikuti di aplikasi facebook tiktok mungkin cuman fitur kurang aplikasi,1
13 Kalviyan Ixc,"Ini kenapa belakangan ini kayak lag memuat trus, postingan nya susah muncul nya/ tidak kelihatan? Padahal sinyal lancar full, kuota banyak, wifi on jaringan bagus, kenapa kok kayak lag dan memuat lama bnget posting postingan nyab",1,belakangan kayak lag memuat trus postingan nya susah muncul nya kelihatan padahal sinyal lancar full kuota banyak wifi on jaringan bagus kenapa kok kayak lag memuat lama bnget posting postingan nyab,0
REG_24_Nor Khosiah,"Kenapa ya pas saya liat postingan teman saya kok nggak ada lagunya padahal waktu pertama kali itu ada, sekarang kok gaada suaranya Terus terkadang itu saya nggak bisa lihat komenan Maksudnya di button nya itu udah ada beberapa yang komen pas dibuka malah tidak tersedia wkwk Itu kenapa ya min ☹️☹️, plis lahh tolong perbaiki",2,pas liat postingan teman kok lagunya padahal waktu pertama kali ada sekarang kok gaada suaranya terus terkadang saya bisa lihat komenan maksudnya button nya udah ada beberapa komen pas dibuka malah tersedia wkwk kenapa ya min plis lahh perbaiki,0
Nadilla Cahyati,"aplikasinya bagus, karna ada reels juga jadi ga perlu aplikasi sebelah, tapi saya sangat kecewa igtv tidak ada, sekarang malah kaya liat video di reels tapi durasi lama gitu aja, kalo dulu kan enak liat igtv bisa di pindahin tu banyak pilihan, igtv sangat membantu saya dikala saya sedang suntuk, disana ada video seperti masak masak, streamer dll KECEWA BANGET IGTV DI APUS, kalo igtv di pisah aplikasinya kan ga bisa aku download tolong lah balikin igtv",3,aplikasinya bagus karna reels jadi perlu aplikasi sebelah sangat kecewa igtv sekarang malah kaya liat video reels durasi lama gitu kalo dulu kan enak liat igtv pindahin tu banyak pilihan igtv sangat membantu dikala saya sedang suntuk disana ada video masak masak streamer kecewa banget igtv apus kalo igtv di pisah aplikasinya kan bisa aku download lah balikin igtv,-1
Tio Gypsum (Topan Adistiono),Ingin menggunakan apk tersebut dengan mudah di pahami dan tidak lelet dalam pemutaran vidio dalam aplikasi tersebut...mohon untuk memberikan yang terbaik.,5,menggunakan apk tersebut mudah pahami tidak lelet pemutaran vidio aplikasi tersebut mohon memberikan terbaik,-1
Ega Ainayah,"Makin aneh deh, masa tiap habis di upgrade aja kendala nya. Susah login lah, reels ilang lah. Kenapa si instagram. Skrg ada masalah baru 2024 kudu diliatin dlu baru bisa ke upload, trus mau ngerepotin postingan feed ke SG jga gabisa. Lemot parah",1,makin aneh deh masa tiap habis upgrade kendala nya susah login lah reels ilang lah si instagram skrg masalah baru kudu diliatin dlu baru upload trus mau ngerepotin postingan feed ke sg jga gabisa lemot parah,-1
William Sigalemba,"tolong meta jawab, ini dari kemarin ig saya tidak bisa upload story, saya sudah coba segala cara mulai dari restart hp, hapus data, hapus chace, instal ulang, login logout, tapi tetap tidak bisa upload story, dengan ada keterangan menunggu koneksi, tapi aktifitas lain selain story masih bisa dilakukan, yang artinya jaringan bagus",1,meta jawab kemarin ig upload story sudah coba segala cara mulai dari restart hp hapus data hapus chace instal ulang login logout tetap tidak bisa upload story ada keterangan menunggu koneksi aktifitas selain story bisa dilakukan artinya jaringan bagus,-1
Amar Gumilar,"Ini knp setelah di update profil nya berubah di tambah keterangan pengikut,mengikuti,dan postingannya berubah jadi agak ngebug,jelek. Tolong di perbaiki lagi",2,knp update profil nya berubah di tambah keterangan pengikut mengikuti postingannya berubah jadi ngebug jelek di perbaiki,-1
Ricky Christino,"Setiap kali telat update aplikasi jadi sering ngeloading padahal kuota masih banyak penyimpanan juga aman, dan buka aplikasi lain juga ga pegat"" tuh nonton video sama buka foto juga.",2,kali telat update aplikasi jadi sering ngeloading padahal kuota banyak penyimpanan aman buka aplikasi pegat tuh nonton video sama buka foto juga,0
Ikrar Putra Nusa Bhakti-2023,"tolong instagram perbaiki bug force close saat membuka feeds, setelah update patch terbaru ini terdapat bug tersebut. tidak semua akun mendapatkan fitur terbaru, tolong perbaiki bug tersebut. Dan banyak akun yang tidak bisa upload foto lalu muncul pop up ""kesalahan"".",1,instagram perbaiki bug force close membuka feeds update patch terbaru terdapat bug tersebut semua akun mendapatkan fitur terbaru perbaiki bug tersebut banyak akun tidak upload foto lalu muncul pop up kesalahan,-1
christine,"ini kok story-story yg lama jd hilang ya dibikin? trus story yg lama juga kualitasnya ga hd lagi malah blur. makin lama kok makin ga jelas Instagram ni, yg paling kesal tu kenapa story yg udh lama dihilangkan??? padahal di archive kami simpan karna kalau kgn momennya ya tinggal liat di archive instagram la. tolong ya pihak instagram untuk mengatasi ini dan bikan kualitasnya ttp hd tolong kali, mks",1,kok story story lama jadi hilang dibikin trus story lama kualitasnya hd malah blur makin lama kok makin jelas instagram ni paling kesal tu story sudah lama dihilangkan padahal archive simpan karna kalau kgn momennya tinggal liat archive instagram la ya pihak instagram mengatasi dan bikan kualitasnya ttp hd kali mks,-1
Fattan,"Bnyk bug nya, contoh pas dlm mode Gelap.. itu sering kali nge bug, smuanya mlah kek eror gitu trus jg tulisannya dll.. jg kg kliatan, APLI KEBNYKN BUG NYA Fitur unduh di ig ga berguna, percuma klo ngunduh tanpa audio/suara...dan fitur unduh ini jarang tersedia di video, JELEK JELEK JELEK",1,bnyk bug nya contoh pas dlm mode gelap sering kali nge bug smuanya mlah kek eror gitu trus jg tulisannya jg kg kliatan apli kebnykn bug nya fitur unduh ig berguna percuma klo ngunduh audio suara fitur unduh jarang tersedia video jelek jelek jelek,0
Ahmad Adib,"Entah kenapa fitur2 instagram tidak bekerja di hp saya. Contohnya saat repost reels, tidak bisa auto fullscreen padahal saya sudah tarik dgn 2 jari seperti kata instagram, tapi di teman2 saya berjalan dgn mulus",1,entah fitur instagram bekerja hp contohnya repost reels bisa auto fullscreen padahal sudah tarik jari kata instagram di teman berjalan mulus,-1
devista,"Instagram knp sih??tolong lah bikin fitur yg berguna aja, pls jangan ilangin arsip story, itu penting bgt isi²nya kenangan semua, sengaja bikin sg trs mskin ke sorotan/simpen di arsip malah di apus kan percuma(?), sama aja boong, tolong lah Instagram jangan apus arsip story. Instagram sebaiknya tetap mempertahankan fitur Archive Story, karena fitur ini sangat berguna untuk menyimpan kenangan dan momen berharga tanpa harus membagikannya secara permanen di profil.",1,instagram knp sih lah bikin fitur berguna pls jangan ilangin arsip story penting banget isi nya kenangan semua sengaja bikin sg trs mskin sorotan simpen arsip malah apus kan percuma sama boong lah instagram jangan apus arsip story instagram sebaiknya tetap mempertahankan fitur archive story fitur sangat berguna menyimpan kenangan momen berharga harus membagikannya permanen profil,2
Sinta Ayu Novianti,"aplikasinya sekarang ngebug parah, story tidak bisa dilihat, tidak bisa direfresh, arsip hilang. tolong perbaiki bug nya secepatnya karena jadinya kita sebagai pengguna terganggu sekali dengan bug yang ada",1,aplikasinya sekarang ngebug parah story bisa dilihat bisa direfresh arsip hilang perbaiki bug nya secepatnya jadinya sebagai pengguna terganggu sekali bug ada,-1
Darren Lengkong,"Boleh lah, fitur² nya makin bagus dan kreatif. semakin banyak cara untuk mengekspresikan diri, seperti fitur catatan yang lumayan unik saya bisa mengekspresikan perasaan saya sesederhana dengan memasang lagu & kata², tidak hanya terbatas pada story, postingan, reels, dll",5,lah fitur nya makin bagus kreatif semakin banyak cara mengekspresikan diri fitur catatan lumayan unik bisa mengekspresikan perasaan sesederhana memasang lagu kata hanya terbatas story postingan reels,1
Ajeng Sulthonah Al-Adawiyah,"Setelah di upgrade Instagram sekarang kurang enak untuk dipakai karena notifikasi nya ngak bisa dihapus muncul pesan "" gagal menghapus notifikasi coba lagi nanti ""padahal sinyal bagus dan juga sudah dicoba selama beberapa hari masih aja begitu.Tolong di perbaikin ditambah juga setiap kali saya liat akun orang lain pengikut atau mengikuti nya malah kedobel user nya. Mohon diperbaiki lagi masalah ini untuk meningkatkan kenyamanan saya menggunakan aplikasi ini 🙏🏻",2,upgrade instagram sekarang kurang enak dipakai notifikasi nya ngak dihapus muncul pesan gagal menghapus notifikasi coba nanti padahal sinyal bagus dicoba selama beberapa hari saja tolong di perbaikin ditambah juga setiap kali liat akun orang pengikut mengikuti nya malah kedobel user nya mohon diperbaiki masalah untuk meningkatkan kenyamanan menggunakan aplikasi,1
Amelia Nurselma,"fitur banyak yang sudah update dan keren, terutama fitur arsip sangat fungsional untuk menyimpan kenangan. MOHON JANGAN HAPUS FITUR ARSIP. coba hilangkan saja fitur ""also commented..""",3,fitur banyak sudah update keren terutama fitur arsip sangat fungsional menyimpan kenangan mohon jangan hapus fitur arsip coba hilangkan fitur also commented,2
Ribka Sinaga,"Makin kesini makin kesana story orang kadang ga bisa dibuka, dan bilang nya ""cerita ini sudah dihapus"" padahal belum . Kolom komentar juga kadang error dan ga bisa di liat Musik di profil ga keliatan pas liat sendiri , tapi giliran orang lain bisa ngeliat .Ujung ujung nya ga bisa diganti. Kalo mau nge post draft igs yang udah diedit malah error dan kehapus sendiri ,dan terpaksa edit ulang. Tolong perbaiki🙏🙏",1,makin kesini makin kesana story orang kadang dibuka bilang nya cerita sudah dihapus padahal kolom komentar kadang error bisa liat musik di profil keliatan pas liat sendiri giliran orang bisa ngeliat ujung ujung nya tidak bisa diganti kalo mau nge post draft igs udah diedit malah error kehapus sendiri terpaksa edit ulang perbaiki,-1
Yahya Bahtiar,"Tolong kenapa ketika ingin ngeposting postingan tidak bisa di bagikan, padahal update sudah, paket internet ada dan sinyalpun lancaf tapi masih nge bug, tidak bisa membagikan postingan terbaru, tolong segera di perbaiki lagi!!!!!!",1,kenapa ingin ngeposting postingan bisa bagikan padahal update paket internet dan sinyalpun lancaf masih nge bug bisa membagikan postingan terbaru segera perbaiki,-1
caa,"aplikasinya bgs, tpi bugnya malah makin makin. pas diakun pertama sama kedua, gak ada pilihan musik buat ditaruh di profil. eh pas aku bikin akun lagi malah bisa, tolong diperbaiki karena itu ngeganggu bgtttttttt humn SYUBULL!!!! 🤬🤬",3,aplikasinya bgs tpi bugnya malah makin makin pas diakun pertama sama kedua ada pilihan musik buat ditaruh profil eh pas aku bikin akun malah tolong diperbaiki itu ngeganggu bgtttttttt humn syubull,-1
Aisyah Andini,"Kamera ig di hp saya tidak bisa digunakan saat ingin digunakan hanya hitam tidak terlihat gambarnya pdhl wifi lancar, sudah coba uninstall berkali² masih ttp gabisa digunakan. Tlong diperbaiki. Terimakasih😇",2,kamera ig hp digunakan ingin digunakan hitam tidak terlihat gambarnya pdhl wifi lancar coba uninstall berkali ttp gabisa digunakan tlong diperbaiki terimakasih,1
Wahyu Setya,"tolong untuk pihak instagram dimohon bantuannya terkait kendala yang saya alami akhir akhir ini, kendala saya adalah ketika mau upload foto,video di story instagram kenapa ya selalu keluar sendiri, mau posting,post, pasti tidak bisa, pasti susah karena selalu keluar dari aplikasi.kerja samanya tolong admin! , kendala kendala seperti ini seharusnya segera diperbaiki, jangan dibiarkan apalagi disepelekan kalau mau aplikasi anda berkembang dengan baik,saya udah satu minggu instagram tidak bisa pos",1,untuk pihak instagram dimohon bantuannya terkait kendala alami akhir akhir kendala adalah mau upload foto video story instagram ya selalu keluar sendiri mau posting post pasti susah selalu keluar aplikasi kerja samanya admin kendala kendala ini segera diperbaiki jangan dibiarkan disepelekan kalau mau aplikasi berkembang baik saya udah satu minggu instagram tidak bisa pos,1
eliza russida,"Semoga nanti ada fitur untuk menambah lagu pada foto lama. Harapan besar ku masih sama seperti sebelumnya semoga fitur hapus foto bisa digunakan untuk 2 slide foto juga, krna rata rata foto yg ingin ku hapus cuma 2 slide",4,semoga ada fitur menambah lagu foto lama harapan besar ku sama sebelumnya semoga fitur hapus foto digunakan slide foto krna rata rata foto ingin ku hapus cuma slide,-1
Bie Sabiand,"banyak sekali bug sekarang, seperti status yg sudah dilihat tapi lingkarannya masih menyala, terus untuk konten berlangganan susah sekali masuknya, harusnya setelah pembayaran berhasil langsung mudah untuk masuk broadcastnya artis/selebgram yang kita ikuti",2,banyak sekali bug sekarang status sudah dilihat lingkarannya menyala terus konten berlangganan susah sekali masuknya harusnya pembayaran berhasil langsung mudah masuk broadcastnya artis selebgram kita ikuti,-1
Marito Sawitri Delila Simanjuntak,"banyak bug. repost igs orang tapi gada sound dan gabisa nambahin sound manual. but, thanks atas fitur-fitur Instagram yang sangat membantu. terutama arsip story, jadi jangan pernah ngilangin fitur itu. terima kasih.",1,banyak bug repost igs orang gada sound gabisa nambahin sound manual but thanks atas fitur fitur instagram sangat membantu terutama arsip story jadi jangan pernah ngilangin fitur terima kasih,-1
Pelly Pew,"sering terjadi banyak bug, seperti tak bisa memfollow dgn notif 'permintaan anda tertunda' dan juga sering kali ada bug di bagian story, jika melihat story teman akan di perlihatkan notif 'catatan tidak tersedia' . kadang juga tak bisa memberi like banyak pada 1 akun tertentu. saya sering kali kewalahan untuk bolak-balik memberi like tetapi malah ke riset sendiri. sudah banyak yang bilang instagram sedang eror, saya harap bug bisa di perbaiki lagi agar tidak mengganggu pengguna 🙏",2,sering terjadi banyak bug tak memfollow notif permintaan tertunda sering kali bug bagian story melihat story teman di perlihatkan notif catatan tersedia kadang juga tak memberi like banyak akun tertentu sering kali kewalahan bolak balik memberi like malah riset sendiri banyak bilang instagram sedang eror harap bug di perbaiki agar mengganggu pengguna,-1
Mila Hidayah,"Aplikasi gak berguna, sering ngeblak , sering ngebug juga, sering keluar sendiri , sering membatasi komentar, story ,reels , beranda juga. Dan kalo mau upload vidio benar2 lamaaaaaa bangett , Kenapa nyebelin bangettt sih Instagram. Sangat mengecewakan!!!!",1,aplikasi berguna sering ngeblak sering ngebug sering keluar sendiri sering membatasi komentar story reels beranda dan kalo mau upload vidio benar lamaaaaaa bangett nyebelin bangettt sih instagram sangat mengecewakan,-1
Me,Video reels yang disimpan d arsip tiba tiba audio reels tersebut hilang padahal itu audio original. Yang aku permasalahkan itu voice overnya hilang 😭 kecewa banget,1,video reels disimpan d arsip tiba tiba audio reels tersebut hilang padahal audio original aku permasalahkan voice overnya hilang kecewa banget,-1
Lim Danyang,"uda 3hari instagram ku bolak balik log out sendiri. uda login tiba tiba bisa log out sendiri.. uda bertahun tahun pake di reno 1 hp, g perna di apa apain kok tiba tiba henk. capek x login log out terus.",5,uda hari instagram ku bolak balik log out sendiri uda login tiba tiba log out sendiri uda bertahun tahun pake reno hp g perna apa apain kok tiba tiba henk capek x login log out terus,0
Mickey Alvino,"Instagram sering force close, dan opsi pilihan saat menambahkan lagu di story gram tidak muncul, contoh : lyrics dan logo/cover music tidak muncul.",1,instagram sering force close opsi pilihan menambahkan lagu story gram muncul contoh lyrics logo cover music muncul,1
kales monika,"Ngelag banget udah 5hr ga bisa buka ig loading terus, pdhl jaringan lancar,tp tidak dapat memuat berita terus.. makin di-update makin jelek ni ig",1,ngelag banget udah hr bisa buka ig loading terus pdhl jaringan lancar tidak memuat berita terus makin update makin jelek ni ig,0
Razaky Pradithya,"Kebijakan gajelas akun gw gapernah dibuat yang aneh aneh malah ke banned ga lucu sama sekali,bukan masalah follower atau apapun,kenangan nya banyak bgt skrg malah dinonaktifkan bahkan sampe gabisa dilihat,parah!",1,kebijakan gajelas akun gw gapernah dibuat aneh aneh malah banned lucu sama sekali bukan masalah follower apapun kenangan nya banyak banget skrg malah dinonaktifkan bahkan sampe gabisa dilihat parah,-1
Yutt,"aplikasi sosial media terbaik 👍💯, tapi minus nya di satu akun fitur sudah terupdate tpi di akun yang lain ada beberapa fitur baru yg belum terupdate.",4,aplikasi sosial media terbaik minus nya satu akun fitur terupdate tpi akun lain beberapa fitur baru belum terupdate,1
Matheo Derryl,"Karena akun saya yang lama tiba-tiba terhapus. Dan tidak diketahui penyebabnya apa. Setelah saya mencoba untuk mendapatkan kembali akun lama saya, tidak bisa lagi dan walaupun di coba dengan cara-cara yang sudah tertera tetap tidak bisa. Malah login ke akun baru Yang baru saja saya buat. Mohon bantuan atau solusinya.",2,akun lama tiba tiba terhapus diketahui penyebabnya apa mencoba mendapatkan akun lama saya tidak lagi walaupun coba cara cara sudah tertera tetap tidak bisa malah login akun baru yang baru saya buat mohon bantuan solusinya,1
DION FELIX AGUSVITO GULTOM DION GULTOM,"Woi, kenapa kalian gak perbaiki server kalian ha?, kenapa gak turunin megabike ya, jadi 1,10 KB saja. Pokoknya aku gak mau tahu, cepat perbaiki server kalian, kalau gak ku adukan ke atasan kalian. Bikin capek aja aku instal ulang. 😡😡😡...",1,woi kalian perbaiki server kalian ha turunin megabike jadi kb pokoknya aku mau tahu cepat perbaiki server kalian kalau tidak ku adukan atasan kalian bikin capek aku instal ulang,0
Akame,"Di handphone sya ini tidak bisa di buka, bahkan selesai download pun ketika sya buka langsung keluar sendiri, ntar itu bug atau memng hp sy tidk mndukung, ttpi sya mngganti nya dengan ig lite",4,handphone sya tidak di buka bahkan selesai download ketika sya buka langsung keluar sendiri ntar bug memng hp sy tidk mndukung ttpi sya mngganti nya ig lite,0
Zaireen Syarah,"makin kesini instagram makin bnya erornya, mau liat postingan orng yg paling bawah loadingnya lama bgt, buka story jg lama bgt pdhl sinyal aman, tolongla di perbaiki",1,makin kesini instagram makin bnya erornya mau liat postingan orng paling bawah loadingnya lama banget buka story jg lama banget pdhl sinyal aman tolongla perbaiki,-1
Tommy,"Aplikasinya bermanfaat, ada hiburannnya, bisa mengisi waktu senggang saya, kekurangannya tidak bisa mencari foto dan video yang telah di simpan dengan kata kunci ketika sudah memiliki banyak koleksi.",4,aplikasinya bermanfaat hiburannnya mengisi waktu senggang kekurangannya bisa mencari foto video telah simpan kata kunci sudah memiliki banyak koleksi,-1
Biondy Satya,"Saya selalu update Instagram, tapi saya tidak tahu fitur apa saja yg baru, entah karena saya tidak sadar mungkin, tapi makin ke sini perubahan yg saya lihat ketika IG story ada perubahan pada Font nya, Ketika upload foto di IG story gambar tidak pecah, ketika seseorang mengupload foto di reels kita, ada unggahan comen di sebelah kiri , apakah itu fitur baru atau sudah lama, selebihya bintang 5 buat instagram :)",5,selalu update instagram saya tahu fitur apa baru entah saya sadar mungkin makin sini perubahan yang saya lihat ig story perubahan font nya upload foto ig story gambar pecah seseorang mengupload foto reels ada unggahan comen sebelah kiri itu fitur baru sudah lama selebihya bintang buat instagram,1
Raihan Muzakky,"Tolong admin Kenap pas saya pencet fitur arsipkan dari story Instagram malah gak bisa di balikin ke story lagi , padahal story nya baru 2 jam yg lalu , menurut saya fitur nya kurang begitu berguna ,semoga cepat di tindak atau di ganti",4,admin kenap pas pencet fitur arsipkan story instagram malah bisa balikin story padahal story nya baru jam lalu saya fitur nya kurang berguna semoga cepat tindak di ganti,-1
Sepdita Aulina,"udah berapa minggu ini ig saya nge bug buka foto bge freeze, reels loading terus, buka story gabisa. padahal internet lancar dan buka aplikasi lain lancar² aja tolong dong ig di perbaikin lagi😡 nanti saya update penilaian kalau sudah bagus😠",1,udah berapa minggu ig nge bug buka foto bge freeze reels loading terus buka story gabisa padahal internet lancar buka aplikasi lancar tolong dong ig perbaikin nanti update penilaian kalau bagus,-1
Intan Mbak,"Instagram ini memang bagus namun ada beberapa hal yg membuat sya sedikit kecewa😞... (1) bug/keluar² sendiri,saat saya ingin masuk di instagram ini, Tiba-tiba keluar sendiri, lalu saya masuk lagi malahhan ngebug. Dan saya saat ingin menganti nama instagram saya warnanya hitam dan saya saat mengetik, jadi tidak kelihatan. Dan saya saat ingin mengikuti orang lain, kok tiba2 tdk bisa ya/membatasi.Sudah sih itu saja tapi mohon untuk di perbaiki lagi🙏^^",4,instagram memang bagus ada beberapa yang membuat sya sedikit kecewa bug keluar sendiri masuk instagram tiba tiba keluar sendiri lalu masuk malahhan ngebug saya ingin menganti nama instagram saya warnanya hitam saya mengetik jadi kelihatan saya ingin mengikuti orang kok tiba tdk ya membatasi sih saja mohon di perbaiki,1
Esther Batee,"Hi, Instagram! Saya pengguna Instagram sejak lama, dan jujur saya sangat menyukai semua fitur-fitur yang ada di Instagram. Tapi setelah tau arsip Instagram akan dihapus, saya sedikit geram dengan aplikasi terkenal ini. Instagram menambah fitur-fitur yang tidak berguna seperti Threads, note pada postingan, komentar di story dll. Padahal salah satu keunggulan yang banyak disukai pengguna instagram berada pada arsip. Kami harap aplikasi terkenal ini dapat mengatasinya. Terimakasih😥",2,hi instagram pengguna instagram sejak lama jujur sangat menyukai semua fitur fitur ada instagram setelah tau arsip instagram dihapus sedikit geram aplikasi terkenal instagram menambah fitur fitur tidak berguna threads note postingan komentar story padahal salah satu keunggulan banyak disukai pengguna instagram berada arsip harap aplikasi terkenal dapat mengatasinya terimakasih,1
Tanjung Belitung,"Maaf ya kasih bintang 1 dlu , soalnya apk nya setelah diupdate jd error , jd lelet lambat gatau kenapa , padahal kalo buka apk2 lain lancar2 aja , pdahal kuota ada , sinyal penuh",1,maaf kasih bintang dlu soalnya apk nya diupdate jadi error jadi lelet lambat gatau padahal kalo buka apk lancar pdahal kuota sinyal penuh,-1
Sella Tri Wasesa (Encella Sutrisno),Kenapa arsip cerita video di bawah tahun 2022 berubah jadi foto. Kalau memang ada perubahan dan pembaruan kenapa tidak ada pemberitahuan sebelumnya . Tolong kembalikan arsipnya. Ada memory anak saya dari bayi. Sedih jadinya kalau hilang semua.,1,arsip cerita video bawah tahun berubah jadi foto kalau memang perubahan pembaruan tidak pemberitahuan sebelumnya kembalikan arsipnya memory anak dari bayi sedih jadinya kalau hilang semua,2
Fikrii Dwi Pranata,"Fitur feedback di Instragram sangat tidak berguna, sudah berkali-kali saya melakukan feedback dikarena ada fitur yang ilang di salah satu akun, tetapi dari pihak Instagram tidak melakukan apa pun hingga saat ini. Saya sudah melakukan feedback yang sangat lama namun tidak ada yang berubah sampai saat ini. Mohon cepat diselesaikan masalah ini",1,fitur feedback instragram sangat berguna berkali kali melakukan feedback dikarena fitur ilang salah satu akun dari pihak instagram melakukan apa hingga sudah melakukan feedback sangat lama tidak yang berubah saat mohon cepat diselesaikan masalah ini,1
Umik 123,"tolong perhatiannya,kami sebagai user instagram merasa bahwa fitur archive sangat berguna untuk menyimpan kenangan vidio/foto yang memang sengaja disimpan di fitur archive tsb. jadi mohon untuk tidak dihapuskannya fitur archive tsb!!!. terimakasih.",2,perhatiannya sebagai user instagram merasa fitur archive sangat berguna menyimpan kenangan vidio foto memang sengaja disimpan fitur archive tsb jadi mohon tidak dihapuskannya fitur archive tsb terimakasih,2
Desi Nilam,"Mau upload foto banyak malah hasilnya crop gbsa di full in. Ini aku aja apa kalian juga gengs ? Sedangkan yg mau di upload foto yang horizontal, malah ke set potrait gitu jd kepotong fotonya jelek. Kudu upload satu per satu kalau mau full. Sedih banget. Jadi nyampah kalau mau upload satu satu 😞",2,mau upload foto banyak malah hasilnya crop gbsa full in aku apa kalian gengs mau upload foto yang horizontal malah set potrait gitu jadi kepotong fotonya jelek kudu upload satu per satu kalau mau full sedih banget jadi nyampah kalau mau upload satu satu,-1
Lisna Kurnia Rachma,"Instagram ini kenapa akun saya tidak bisa dibuka ya, awalnya di suruh detek foto tapi gak berfungsi dan layarnya jadi hitam, tersus ada tulisan ""tidak dapat mengulang kabar beranda"", ""memuat""... Mohon bantuannya dong udah 2 kali kayak gini, yg kedua ini tidak ada info kabarkan ke Instagram. Terima kasih 🙏🏻",5,instagram kenapa akun dibuka awalnya suruh detek foto tidak berfungsi layarnya jadi hitam tersus tulisan tidak dapat mengulang kabar beranda memuat mohon bantuannya dong udah kali kayak gini kedua tidak info kabarkan instagram terima kasih,-1
QWERTY TEAM,"Setelah update ke versi terbaru, instagram jadi error. Tidak bisa mengikuti orang lain dengan alasan ” beberapa akun meninjau secara manual ”. Tolong kepada instagram, fitur fitur baru ini tolong di hapus. Tidak penting. Jangan merusak yang sudah ada. Error ini berjangka panjang. Saya sudah melaporkan ke pihak instagram. Namun hasil tetap sama. Jadi kepada instagram segera hapus fitur peninjauan pengikut. Ini menganggu.",1,update versi terbaru instagram jadi error bisa mengikuti orang dengan alasan beberapa akun meninjau manual instagram fitur fitur baru tolong hapus penting jangan merusak sudah error berjangka panjang sudah melaporkan pihak instagram hasil tetap sama jadi kepada instagram segera hapus fitur peninjauan pengikut menganggu,1
Nayla Maurien,"kenapa ya sekarang ga bisa masuk lewat Facebook lagi? padahal semua akun saya lewat Facebook semua sedangkan ig dan Facebook udah jadi satu aplikasi meta, malah bisa nya ig lite akhirnya saya pake ig lite yang bisa masuk lewat Facebook semua akun saya pun ada",1,ya sekarang masuk lewat facebook padahal semua akun lewat facebook semua ig facebook udah jadi satu aplikasi meta malah bisa nya ig lite akhirnya pake ig lite bisa masuk lewat facebook semua akun pun,0
Nabila Umar,"aplikasi nya bagus tapi kenapa kalau mau ngirim story itu lama banget padahal jaringan stabil terus selalu masuk notif menggugah story padahal nggak lagi mengunggah, tolong di perbaiki ya minn:D",3,aplikasi nya bagus kenapa kalau mau ngirim story lama banget padahal jaringan stabil terus selalu masuk notif menggugah story padahal lagi mengunggah di perbaiki minn d,0
Cindy Cynthia Devi,haloo Instagram setelah update yang terbaru : 1.kenapa sekarang banyak arsip story yang tidak muncul padahal kalau dihidupkan simpan ke arsip di tampilan ada pas dibuka kosong atau kalau gak gitu ganti ke arsip cerita yang lain ini sangat menganggu pengunaan karena itu buat kita gak bisa upload lagi foto/video kita yang pernah dibuat tolong segera diperbaiki 2. @instagram JANGAN DIHAPUS WOYYYY ARSIP STORY ITU BANYAK KENANGAN LOEE SENAK JIDAT MAIN HAPUS AJA UNTUNG APA ❓,2,haloo instagram update terbaru sekarang banyak arsip story muncul padahal kalau dihidupkan simpan arsip tampilan pas dibuka kosong kalau tidak gitu ganti arsip cerita lain sangat menganggu pengunaan buat tidak upload foto video yang pernah dibuat segera diperbaiki jangan dihapus woyyyy arsip story itu banyak kenangan loee senak jidat main hapus untung apa,2
Kheista Cahaya Katresna,"Instagram ini sangat-sangat membantu. Namun yang saya sayangkan itu katanya instagram akan menghapus fitur arsip story, setelah saya cari tahu juga ternyata banyak yang kecewa karena hal ini, saya pun begitu, karena itu kepada pihak instagram atau meta, arsip story ini sangat penting bagi saya & mungkin bagi sebagian orang lainnya, karena ini bisa mengenang kembali & menyimpan kenangan kami, maka dari itu saya pikir jangan hapus fitur arsip story. Terima kasih.",1,instagram sangat sangat membantu sayangkan katanya instagram menghapus fitur arsip story cari tahu ternyata banyak yang kecewa hal saya begitu itu pihak instagram meta arsip story sangat penting saya mungkin sebagian orang lainnya ini mengenang menyimpan kenangan maka itu saya pikir jangan hapus fitur arsip story terima kasih,2
Jennifer Sonia,"Jangan hilangkan fitur archive story & postingan karena itu satu satunya cara untuk menciptakan memori tentang hidup untuk dikenang di kemudian hari layaknya e-diary. Aku salah satu tipe orang yang suka melihat kembali archive story & postingan yang lama sekedar untuk mengenang memori pada masa ituu. Jadi mohon untuk tidak menghapus fitur archive story dan postingan. Jika mau, hapus saja fitur catatan pada postingan.",2,jangan hilangkan fitur archive story postingan itu satu satunya cara menciptakan memori hidup dikenang kemudian hari layaknya e diary aku salah satu tipe orang suka melihat archive story postingan lama sekedar mengenang memori masa ituu jadi mohon tidak menghapus fitur archive story postingan mau hapus fitur catatan postingan,2
Lathifah F. Nabilah,"Paket gua banyak, gua buka sosmed yg lain pun lancar. Tapi sudah seminggu ini semenjak habis di update versi terbaru, malah ig gua gk bisa loding apa2, liat foto dan video kaga bisa seakan2 gua kaga punya kouta, padahal kouta gua banyak. Ini aplikasi ngapa dah aneh bnr, makin kesini makin kesana perasaan. Parah bnr.",1,paket gua banyak gua buka sosmed lain lancar sudah seminggu semenjak habis update versi terbaru malah ig gua loding apa liat foto video kaga bisa seakan gua kaga punya kouta padahal kouta gua banyak aplikasi ngapa dah aneh bnr makin kesini makin kesana perasaan parah bnr,0
uri sunshine,"dear instagram. do you understand indonesian language? oh yes ofc. kenapa kalo bikin story suka gak kekirim dan katanya eror? padahal memori internal masih lowong, sinyal pun bagus.. kenapa yh? mhon bantuannya ya, makasih TERUS JANGAN 4:3 PLS BALIKIN KE 1:1 JELEK BANGET",3,dear instagram do you understand indonesian language yes ofc kalo bikin story suka kekirim katanya eror padahal memori internal lowong sinyal bagus yh mhon bantuannya makasih terus jangan pls balikin jelek banget,0
Serly Dhy,kenapa siii Instagram terus berhenti terusss error tiba tiba akunku semuanya ke log out sendiri mau di login lagi ngga bisa setelah bikin akun baru juga ngga bisa follow orang tolong diperbaiki ini kenapa padahal juga udah di hps trs install lagi kaya gitu terus tapi tetep aja ngga bisa udah dihps cache+data nya juga ngga bisa tetepan,2,siii instagram terus berhenti terusss error tiba tiba akunku semuanya log out sendiri mau login ngga setelah bikin akun baru ngga follow orang diperbaiki kenapa padahal udah hps trs install kaya gitu terus tetep ngga udah dihps cache data nya ngga tetepan,0
Cicak Nakal,"Bug menjengkelkan, tiap liat postingan foto orang fotonya malah kedip kedip di bagian fotonya, ini sangat mengganggu, awalnya gua kira hp gua yg rusak, ternyata ini bug Instagram nya. 👎👎👎",1,bug menjengkelkan tiap liat postingan foto orang fotonya malah kedip kedip bagian fotonya sangat mengganggu awalnya gua kira hp gua rusak ternyata bug instagram nya,-1
8B Dara Amiaty,"Dengan menggunakan instagram ada dampak positif dan negatif nya dampak positifnya kita bisa memposting foto/video yang bermanfaat dan bisa mencari sumber ilmu pengetahuan menjadi anak berprestasi dengan mencari akun yang mengadakan fasilitas perlombaan tapi dampak negatifnya bisa membuat kecanduan dengan postingan orang sampai lupa waktu dan menyebabkan overthingking,stres berlebihan tapi itu balik lagi ke setiap personalnya🤭",5,menggunakan instagram dampak positif negatif nya dampak positifnya memposting foto video bermanfaat bisa mencari sumber ilmu pengetahuan menjadi anak berprestasi mencari akun mengadakan fasilitas perlombaan dampak negatifnya bisa membuat kecanduan postingan orang lupa waktu menyebabkan overthingking stres berlebihan itu balik ke personalnya,1
Suci Febriyanti,"kenapaa banyak arsipan foto dan video saya yang kehapus. Tolong pihak instagram lebih bisa menimang² mana fitur yang sebaiknya di hapus mana yang sebaiknya di pertahankan. Saya yakin kebanyakan pengguna instagram lainnya juga menyimpan foto dan video nya di instagram, jadi tolong di pertimbangkan sekali lagi. Saya sangat kecewa pastinya",1,kenapaa banyak arsipan foto video kehapus pihak instagram lebih menimang mana fitur sebaiknya hapus mana yang sebaiknya pertahankan yakin kebanyakan pengguna instagram lainnya menyimpan foto video nya instagram jadi di pertimbangkan sekali saya sangat kecewa pastinya,1
Bramantiyo Wildan,"makin aneh, makin banyak bug!!!. opload story lama, kadang error gak jelas, posting beberapa foto di satu feed pas ngedit error, permasalahan ni aplikasi kalo gak error ya muter terus",3,makin aneh makin banyak bug opload story lama kadang error jelas posting beberapa foto satu feed pas ngedit error permasalahan ni aplikasi kalo error muter terus,-1
Rainka Shikinari,"Kok bisa akun login di device lain, tanpa konfirmasi ke email utama. Habis itu notifnya muncul pas email akunnya dh diganti, mau ngamanin akun tapi layanan dri aplikasinya tdk support, tidak membantu sama sekali.",1,kok akun login device tanpa konfirmasi email utama habis notifnya muncul pas email akunnya dh diganti mau ngamanin akun layanan dri aplikasinya tdk support membantu sama sekali,0
Helna Paranta,"Instagram in sngt burik, pesan yang saya krm kepada teman sy lama terkirim, mohon di perbaiki, klo sudah di perbaiki jangan kan bintang 5 saya kasih 100 bintang pun sy kasih asal kan aplikasi burik in sudah sembuh",1,instagram in sngt burik pesan krm teman sy lama terkirim mohon perbaiki klo di perbaiki jangan kan bintang saya kasih bintang sy kasih asal kan aplikasi burik in sembuh,0
Akamaru Tachibana,"Bagus, tapii..Suka banget ada kendala, trus juga notifikasi pesan nya suka nge lag, susah masuk nya, tolong di benerin ya, terimakasih Satu lagi, saya kan ngubah salah satu akun saya jadi blog pribadi, Kenapa di akun tersebut saya gak bisa nge like catatan teman saya ya? Tolong dong.",5,bagus tapii suka banget kendala trus notifikasi pesan nya suka nge lag susah masuk nya di benerin terimakasih satu kan ngubah salah satu akun jadi blog pribadi di akun tersebut tidak nge like catatan teman saya ya dong,-1
Rachel Sinaga,kenapa foto dan video yang di up ke story lama lama kehapus semua!!!!! Tolong perbaiki hal ini dan kenapa kualitas foto tau video yang di up lama lama semakin menurun kualitas fotonya.. hal ini banyak di rasakan oleh user instagram.,1,foto video up story lama lama kehapus semua perbaiki ini kenapa kualitas foto tau video di up lama lama semakin menurun kualitas fotonya ini banyak di rasakan user instagram,3
Nova Ferdianto,"Instagram memanjakan mata para penggunanya dengan menampilkan foto atau gambar yang enak dipandang. Sebelum foto diunggah, kamu bisa mengedit foto kamu secantik mungkin dan gunakan fitur filter untuk memudahkanmu mendapatkan foto indah sebelum dilihat para pengguna lain.",5,instagram memanjakan mata penggunanya menampilkan foto gambar enak dipandang foto diunggah kamu mengedit foto kamu secantik mungkin gunakan fitur filter memudahkanmu mendapatkan foto indah dilihat pengguna,-1
Adrian Fakhri,"Aplikasi eror udahh berapa Minggu loading g jelas, liat foto, video, story, loading semua, padahal jaringan full, buka aplikasi lain aja lancar lancar AE, saya harap developer memperbaiki nya.",1,aplikasi eror udahh berapa minggu loading g jelas liat foto video story loading semua padahal jaringan full buka aplikasi saja lancar lancar ae harap developer memperbaiki nya,-1
Ryuji Mamoru,Kok notifikasi Instagram lambat yang harusnya sehari yang lalu malah munculnya semenit yang lalu gara-gara ginian saya terlalu terlambat kalau ada live di Instagram,3,kok notifikasi instagram lambat harusnya sehari lalu malah munculnya semenit lalu gara gara ginian terlalu terlambat kalau live instagram,0
Pranata Satyadharma,"Tolong perbaiki bug yang ada di handphone saya, karena halaman beranda ig bergeser dengan sendirinya dari kanan kiri, sampai-sampai hampir tidak bisa dikendalikan, saya juga gagal mengirim bug ke laporan Instagram",1,perbaiki bug ada handphone karena halaman beranda ig bergeser sendirinya kanan kiri sampai hampir bisa dikendalikan juga gagal mengirim bug laporan instagram,-1
Nunung Khotimah,"Gimana si fitur menambahkan media udah di nonaktifkan tapi tampilannya ga berubah kaya awal lagi, feed nya jadi jelek rusak, bikin fitur yang jelas2 ajalah",2,gimana si fitur menambahkan media udah nonaktifkan tampilannya berubah kaya awal feed nya jadi jelek rusak bikin fitur jelas ajalah,-1
Anonim Channel177,Tiap saya mengunggah video durasi yang panjang nya 10 menit pasti macet terus. Kuota jadi kebuang sia sia gara gara memuat unggahan macet yang lamanya minta ampun. Nunggu lama lama tapi gagal upload. Mengecewakan.,1,tiap mengunggah video durasi panjang nya menit macet terus kuota jadi kebuang sia sia gara gara memuat unggahan macet lamanya minta ampun nunggu lama lama gagal upload mengecewakan,0
Nauraqurota ayunin20,makin update makin ga jelas udh ngabis'in memori kadang suka lag sendiri klau mau buat story (terjadi kesalahan) padahal jaringan aman' oke' aja!!!!,1,makin update makin jelas ngabis in memori kadang suka lag sendiri klau mau buat story terjadi kesalahan padahal jaringan aman oke,0
Ra Dinaa,"Makin kesini,makin banyak updet. Instagram jdi agak ngelag,tiba2 keluar lah,Tiba2 diam lah... TOLONG DI PERBAIKII LAGII!!! Kalau sdh di perbaiki saya tambahkan bintang nya;)",4,makin kesini makin banyak updet instagram jdi ngelag tiba keluar lah tiba diam lah perbaikii lagii kalau sdh di perbaiki tambahkan bintang nya,-1
Hanako,"Sebenernya dah bagus, cuma gw mau minta tolong buat tambahin durasi reelsnya yg dari 3 menit ke 5 menit aja bisa ga si, soaalnya gw kadang suka bikin short vlog di ig pke reels kepotong Mulu gegara durasi ny",4,sebenernya dah bagus cuma gw mau minta buat tambahin durasi reelsnya dari menit menit bisa si soaalnya gw kadang suka bikin short vlog ig pke reels kepotong mulu gegara durasi ny,-1
Sayangku22 Duadua,"Nge download video di ig musiknya ilang anjir pdhl musik plus kata kata nya udh pas tapi ahh sudah lah, kalo sekedar kata kata mah download aja atau cari di Google ngapain download di ig,udh bener dulu sekalian Ama musiknya malah d ilangin,perbarui tuh yg masih jelek bukan yg udh bagus di perjelek",1,nge download video ig musiknya ilang anjir pdhl musik plus kata kata nya pas ahh lah kalo sekedar kata kata mah download atau cari google ngapain download ig bener dulu sekalian ama musiknya malah d ilangin perbarui tuh masih jelek bukan sudah bagus perjelek,0
Samsung A03,"Kok semakin diupdate makin banyak bugnya ya??, saya mau bikin akun kedua, kok langsung jadi/ ga pake bikin sandi dulu?, kan jadi gk bisa login lagi kalo misal apknya kehapus, dan waktu ubah user kok kek banyak bugnya gitu ya???, banyak lagi lah bug di ig sekarang ckckck, TOLONG DIPERBAIKI YAA!!!",2,kok semakin diupdate makin banyak bugnya saya mau bikin akun kedua kok langsung jadi pake bikin sandi dulu kan jadi bisa login kalo misal apknya kehapus waktu ubah user kok kek banyak bugnya gitu banyak lah bug ig sekarang ckckck diperbaiki yaa,-1
Spike Crow,tolonglah bug lagu dari notes di fix masa yang harusnya 30dtk malah jadi denger full lagunya mana ga bisa di matiin walaupun udah di hapus dari latar belakang,2,tolonglah bug lagu notes fix masa harusnya dtk malah jadi denger full lagunya mana bisa matiin walaupun udah hapus latar belakang,-1
naynael frvror,"pls biarin manusya intopert inieh memiliki akun ig, msa cm karna akun saya ga direkomendasi ke temen-temen yg lain hrs di tangguhkan sii? kn kalian yg nyediain fitur untuk mw/tdk sinkronisasi kontak. pas ditangguhkan jg ada bagian memperlihatkan wajah ke kamera, tp knp ga terdeteksi trs???? pdhl sdh mengikuti instruksi yg tersedia. karna tdk bsa terdeteksi, mw tdk mw sy hrs apus akun nya. saat sdh membuat akun baru, tdk sampe sehari sdh ditangguhkan lagi BIKIN MUAK PLS!? tolong untuk perbaiki lg",1,pls biarin manusya intopert inieh memiliki akun ig msa cm karna akun direkomendasi temen temen lain hrs tangguhkan sii kn kalian nyediain fitur mw tdk sinkronisasi kontak pas ditangguhkan jg bagian memperlihatkan wajah kamera knp tidak terdeteksi trs pdhl sdh mengikuti instruksi tersedia karna tdk bsa terdeteksi mw tdk mw sy hrs apus akun nya sdh membuat akun baru tdk sampe sehari sdh ditangguhkan bikin muak pls untuk perbaiki lg,0
FORENSIUS JUNIANTO JUNIANTO,Lelet suka loding lama walaupun sinyal bagus chat suka tidak bisa di lihat ada lgi bug ngk bisa hapus postingan. TOLONG DI OERBAIKI INI APLIKASI BAGUS TAPI MASIH ADA BUG NYA,4,lelet suka loding lama walaupun sinyal bagus chat suka lihat lgi bug ngk bisa hapus postingan di oerbaiki aplikasi bagus masih bug nya,0
Lihat Aku,"The f, kenapa ig ikut ikutan blur pas bikin story pake music? Apa semua yang dinaungi meta bakal ampas dalam hal resolusi? Bro, wa status lu kompres, fb apalagi, yakali ig juga? The f bro, what an app suck.",1,the f ig ikut ikutan blur pas bikin story pake music apa semua dinaungi meta bakal ampas hal resolusi bro wa status lu kompres fb yakali ig the f bro what an app suck,0
ERAIBITO SUROTO Putra,Optimalkan lagi biar lebih mudah penggunaan terutama ketika sudah meng-upload postingan untuk bisa diedit lagi fotonya dan bisa menambahkan fotonya lagi.,5,optimalkan biar lebih mudah penggunaan terutama sudah meng upload postingan bisa diedit fotonya bisa menambahkan fotonya,-1
Gaby Mareoli,"Mohon maaf saya kasih bintang 4 alasannya akun ig saya tiba-tiba kembali login atau kayak meminta kode konfirmasi *pas saya buka Instagram langsung muncul gini mau gk mau log out dari akun (antara seperti kayak mastiin ini benar pemilik akunnya atau yang lain ya) saya ngetik gini karena sudah dua kali begitu pula di threads, sama kayak gini jg tapi 1 kali pake akun ke dua saya🙏🏻, namun aplikasi Instagram ini bagus kok reels nya, dll. Tolong di perbaiki lagi. Mohon maaf dan terimakasih🙏🏻🙏🏻",4,mohon maaf kasih bintang alasannya akun ig tiba tiba login kayak meminta kode konfirmasi pas buka instagram langsung muncul gini mau mau log out akun seperti kayak mastiin benar pemilik akunnya yang ya ngetik gini sudah kali pula threads sama kayak gini jg kali pake akun dua namun aplikasi instagram bagus kok reels nya tolong perbaiki mohon maaf terimakasih,0
Rey,"Taikkkkk! Saya tidak bisa masuk Instagram saya, sudah 3 hari namun tidak ada informasi atau opsi yang berubah saat melakukan login Instagram!!!!!!!!!! ulasan akan sy ubah jika ada respon dan perubahan dr kalian!",1,taikkkkk tidak masuk instagram sudah hari tidak informasi opsi berubah melakukan login instagram ulasan sy ubah ada respon perubahan kalian,1
Eriyansyah,"Tolong lah pihak Ig kenapa akun saya tiba"" ditangguhkan padahal gak ngapa""in udh hampir 3 hari gak bisa dibuka tolong lah, apa lagi pas mintak verifikasi banyak kali masalah mulai dari koneksi lah penyimpanan lah jelas"" pake Wifi-nya stabil disini + penyimpanan memori jauh dari kata penuh tapi tetap saja gak bisa dibuka, tolonglah bintang 1 aja semoga pihak Instagram cepat memperbaiki permasalahan ini apa lagi akun saya dari lama gk pernah Gonta ganti akun cmn punya satu Tolong lah kerja samanya",1,lah pihak ig akun tiba ditangguhkan padahal ngapa in hampir hari dibuka lah apa pas mintak verifikasi banyak kali masalah mulai koneksi lah penyimpanan lah jelas pake wifi nya stabil disini penyimpanan memori jauh kata penuh tetap bisa dibuka tolonglah bintang semoga pihak instagram cepat memperbaiki permasalahan apa akun dari lama tidak pernah gonta ganti akun cmn punya satu lah kerja samanya,-1
Juna Aja,"Selama penggunaan masih bagus dan baik, cuma saran aja sih kalo boleh untuk penghapusan chat atau batal kirim di perbarui seperti telegram, kita bisa hapus chat dari kedua obrolan orang yang ngirim kita pesan, batal kirim juga gitu sebaliknya, terimakasih",5,selama penggunaan bagus baik cuma saran sih kalo untuk penghapusan chat batal kirim perbarui telegram bisa hapus chat kedua obrolan orang ngirim pesan batal kirim gitu sebaliknya terimakasih,0
Dwika Sari,"tolong dong, di update malah sering suka error udah berkali kali logout semua akun sendiri gitu terus, kenapa sih. tolong kualitas nya di tingkatkan!",1,dong update malah sering suka error udah berkali kali logout semua akun sendiri gitu terus sih kualitas nya tingkatkan,-1
Fathullah Fathullah,"Kenapa dengan Instagram sekarang, kemarin saya daftar akun baru selang 2 hari tiba² dapat notif pengajuan bandin dan sekarang akun Instagram saya tidak bisa digunakan, tolong perbaiki data saya , saya sangat kecewa sekali",3,dengan instagram sekarang kemarin daftar akun baru selang hari tiba notif pengajuan bandin sekarang akun instagram tidak digunakan perbaiki data saya sangat kecewa sekali,1
TARUNA OFFICIAL,"sebenarnya aku pertama kali memakai Instagram aku mencoba ingin seperti orang lain yang bisa menampilkan wajah terganteng, pokoknya Jangan menatap wajahku terlalu lama yah, dikuatirkan anda memiliki diabet karena akunya terlalu manis.",5,sebenarnya aku pertama kali memakai instagram aku mencoba seperti orang yang menampilkan wajah terganteng pokoknya jangan menatap wajahku terlalu lama yah dikuatirkan memiliki diabet akunya terlalu manis,-1
Han_ ryhnn,"Tolong pihak instagram, aplikasi nya sering terjadi eror, tiba tiba akun instagram keluar sendiri dan tidak dapat di login kembali meskipun kata sandi benar tetapi di aplikasi instagram terdapat keterangan ""kata sandi anda salah"" padahal kata sandi saya benar tolong diperbaiki lagi",1,pihak instagram aplikasi nya sering terjadi eror tiba tiba akun instagram keluar sendiri tidak di login meskipun kata sandi benar di aplikasi instagram terdapat keterangan kata sandi salah padahal kata sandi benar diperbaiki,1
Iis Ermaya,"Iya kenapa ya akhir2 ini loading nya lama,,awal nya dikira Krn sinyal provider trus hape penuh,,tapi aplikasi lain baik2 aja,,sinyal bagus hape jg msh cukup memori nya,,sampe kesel bingung mau komplain ke mana",1,iya ya akhir loading nya lama awal nya dikira sinyal provider trus hape penuh aplikasi baik sinyal bagus hape jg msh cukup memori nya sampe kesel bingung mau komplain mana,0
Samsul Bahri,"Sering terjadinya bug-bug, seperti tidak munculnya hasil like dan comennt dan berbagi selalu terjadi masalah.",2,sering terjadinya bug bug tidak munculnya hasil like comennt berbagi selalu terjadi masalah,-1
Dini Amelia Putri,"baguss!!🤩 rekomendasi sii kalo orang"" yang suka foto"" download ajaa Instagram jelas+jernih koo tapi kadangg ngelag jugaa sii,tapi ga ngeganggu ko dan ada reels/vidio"" nya juga,seruu kalo nonton nyaa. segituu ajaa yaa kalo rating dari aku sih bintang 5, dan 9/10.",5,baguss rekomendasi sii kalo orang suka foto download ajaa instagram jelas jernih koo kadangg ngelag jugaa sii tidak ngeganggu ko ada reels vidio nya seruu kalo nonton nyaa segituu ajaa yaa kalo rating aku sih bintang,-1
Oji,"Tolong masih banyak bug seperti story yang sudah diarsipkan malah hilang, sangat mengganggu sekali. penyakit instagram sejak zaman dahulu ya itu",1,masih banyak bug story sudah diarsipkan malah hilang sangat mengganggu sekali penyakit instagram sejak zaman ya,-1
Elita Izza,"kenapa fitur fitur baru selalu ada di akun kedua dulu siii, nanti kalo udh bener kukasih bintang lima deh! EDITED : akunku ini udh tinggal akun utamaku doang dan baru aja update ig, tp masih gada update an nyaaaa. Ig gimana si ini",3,fitur fitur baru selalu di akun kedua dulu siii kalo bener kukasih bintang lima deh edited akunku sudah tinggal akun utamaku doang baru update ig masih gada update an nyaaaa ig gimana si,0
Rika Anggita574,"Helppp gimana caranya nge hapus musik di profil tapi fiturnya udah ilangggggg, di profil sendiri mah udah gaada tapi pas di cek sama akun orang lain masih adaaa musiknya gimanaaa cara ilanginnya pleasee!!😭mana lagunya perayaan mati rasa lagi😭udah di laporin tpi ga di tanggap terussss",4,helppp gimana caranya nge hapus musik profil fiturnya udah ilangggggg profil sendiri mah udah gaada pas cek sama akun orang masih adaaa musiknya gimanaaa cara ilanginnya pleasee mana lagunya perayaan mati rasa udah laporin tpi di tanggap terussss,-1
Neni Agustin,"Masih belajar, baru bisa ngasi efek lagu, belum bisa mengedit tulisan di gambar, mungkin bisa lebih dipermudah lagi untuk kami pemula",4,belajar baru ngasi efek lagu mengedit tulisan gambar mungkin bisa lebih dipermudah untuk pemula,-1
Haliza Fiani Tastbita,"Akun penting saya keluar dengan sendirinya, setelah dilakukan pengecekan dan login kembali proses nya lebih ribet dan sulit. Jadi saya kesulitan untuk mengembalikan akun saya dikarenakan prosesnya yang menyulitkan pengguna",1,akun penting keluar sendirinya dilakukan pengecekan login proses nya lebih ribet sulit jadi kesulitan mengembalikan akun dikarenakan prosesnya menyulitkan pengguna,-1
16_Ida Bagus Made Sivarama Dasa,"Sangat dimohonkan, ketika login kembali diberikan fitur meminta bantuan kepada teman, sebelumnya login ke akun Instagram sangatlah mudah dengan adanya fitur ini, apalagi bagi orang-orang yang lupa dengan kata sandi akun pribadinya. Dan jika ada yang akun pribadinya masih terkait dengan nomor ponsel mereka yang sudah tidak aktif, cara tersebut akan efektif dan memudahkan untuk login kembali ke akun pribadinya. Saya kesal dengan cara login yang sangat sedikit dan menyusahkan seperti saat ini. LAGI",3,sangat dimohonkan login diberikan fitur meminta bantuan teman sebelumnya login akun instagram sangatlah mudah adanya fitur apalagi orang orang lupa kata sandi akun pribadinya jika akun pribadinya terkait nomor ponsel yang tidak aktif cara tersebut efektif memudahkan login ke akun pribadinya kesal cara login yang sangat sedikit menyusahkan saat lagi,-1
Nur Winda,"yang selalu up fitur Instagram tolong lah adain fitur notification kalo ada yang unfoll, cape saya harus nyari² kalo ada yang follow terus di unfoll duluan, tolong ya orang yang selalu up fitur Instagram ada in.",5,selalu up fitur instagram lah adain fitur notification kalo unfoll cape harus nyari kalo yang follow terus unfoll duluan ya orang yang selalu up fitur instagram in,-1
Aditiya Adit,"Tolong buat pihak instagram, knp akun saya udh berapa bulan ini nga bisa live sama sekali, selalu ada notif, (belum memenuhi syarat, pdhl saya nga pernah sama sekali bikin pelanggaran, tolong aja nihh yaa di perbaiki lagi",1,buat pihak instagram knp akun sudah berapa bulan nga live sama sekali selalu notif memenuhi syarat pdhl nga pernah sama sekali bikin pelanggaran saja nihh yaa perbaiki,0
Elred Alfadion Brian,"Tolong ya instagram, aplikasinya dah bagus tapi masalahnya bugnya ada saat saya mengikuti akun. Pas dah tekan ikuti, eh mengikutinya malah jadi ikuti lagi jadi biru lagi pas coba lagi masih gabisa dah dari minggu lalu loh. Masa bug gini sampe berhari-hari. Tolonglah plislah instagram atasi masalah bug nya supaya saya dapat mengikuti akun lagi sudah ada beberapa followers saya yang unfollow gara-gara saya tidak follback masa bugnya sampe berhari-hari, plislah. 🙏🙏🙏🙏🙏🙏",2,ya instagram aplikasinya dah bagus masalahnya bugnya saat mengikuti akun pas dah tekan ikuti eh mengikutinya malah jadi ikuti jadi biru pas coba masih gabisa dah minggu lalu loh masa bug gini sampe berhari hari tolonglah plislah instagram atasi masalah bug nya mengikuti akun sudah beberapa followers yang unfollow gara gara saya tidak follback masa bugnya sampe berhari hari plislah,-1
Afif Jauhar,"Mohon bantuannya , aplikasi memang bagus namun bisakah berikan informasi detail mengapa terjadi uji banding? Mohon berikan balasan yang signifikan terkait hal tersebut dan mohon responnya!. Terimakasih 🙏🏼",5,mohon bantuannya aplikasi memang bagus bisakah berikan informasi detail terjadi uji banding mohon berikan balasan signifikan terkait tersebut mohon responnya terimakasih,-1
Nurhaliza,"Tolong fitur musik untuk di profil di perbaiki, soalnya pas liat profil fitur musiknya ga ada, tetapi ketika pakai akun lain di profil kita musiknya muncul",2,fitur musik profil di perbaiki soalnya pas liat profil fitur musiknya ada ketika pakai akun di profil musiknya muncul,-1
Aurellia Najwa Munzir,"suka ngebug,satu akun udh update tapi akun yg lain ga, post foto yang sama di dua akun tapi akun satunya cmn foto lagunya gaada, yang lain udh bisa post lebih dari 10 foto sedangkan akun saya gabisa, tolong diperbaiki",3,suka ngebug satu akun update akun lain post foto sama dua akun akun satunya cmn foto lagunya gaada lain bisa post lebih foto akun gabisa diperbaiki,-1
Davie Akmallamdani,"makin hari makin gajelas, sinyal full tapi dipake ig lemot banget semua foto/video loading. dipake aplikasi lain aman aja, makin aneh 😹🫵🏻",1,makin hari makin gajelas sinyal full dipake ig lemot banget semua foto video loading dipake aplikasi aman makin aneh,0
Lilista Milala,"Njirrr lah tiap mau buat story ig ga bisa selalu ada ketrangan ""kesalahan"" awal nya ku pikir hp ku yg salah tapi tiap di ulang ngi pun selalu ""kesalahan"" sekali duakali ok lh tapi kalau tiap buat story gitu palak juga aku tolong lah di perbaiki Masa tiap 1x dalam 2mingguan aku update",3,njirrr lah tiap mau buat story ig bisa selalu ketrangan kesalahan awal nya ku pikir hp ku salah tiap ulang ngi selalu kesalahan sekali duakali lh kalau tiap buat story gitu palak aku lah perbaiki masa tiap x mingguan aku update,0
Azza Lidia,Tolong ya Instagram ini kenapa setiap kali saya ingin posting foto itu tidak ada captionnya. setiap saya posting pasti captionnya akan hilang. Dan seterusnya itu tidak bisa diedit. Tolong Instagram ini kenapa?,1,ya instagram kenapa kali ingin posting foto tidak captionnya saya posting captionnya hilang seterusnya tidak diedit instagram kenapa,3
Nasya Amanda putri,"ini kenapa yah ig nyaa,sya mau posting foto selalu gabisa muluu,bikin saya ga mood jdinyaa,susah banget klo mau posting selalu ada bacaan ""kesalahn"" dan ""foto anda tidak menyimpan"" tlong dong ini gimanaaaa!?!??!",2,kenapa yah ig nyaa sya mau posting foto selalu gabisa muluu bikin tidak mood jdinyaa susah banget klo mau posting selalu bacaan kesalahn foto tidak menyimpan tlong dong gimanaaaa,0
Ita Asrifah,"Bagus banget, bener bener jadi aplikasi yang paling dibutuhin, buat scroll reel, posting story, fiturnya bagus banget",5,bagus banget bener bener jadi aplikasi paling dibutuhin buat scroll reel posting story fiturnya bagus banget,-1
Lins Mobile,"Kenapa saya gk bisa live selalu Katanya begini:""akun anda belum memenuhi syarat "" Tolonglah perbaiki udah tiga bulan aku memakai apk ini tetap juga gk bisa live lama"" pengen gua hapus juga ini apknya",1,saya live selalu katanya begini akun belum memenuhi syarat tolonglah perbaiki udah tiga bulan aku memakai apk tetap tidak bisa live lama pengen gua hapus ini apknya,-1
Putri Rajuna,"please suka kesel karna fitur music yg di bio sering hilang hilang and gabisa dihapus kalo udah hilang jadinya aneh, tolong dong Instagram jgn keseringan ngapus fitur fitur baru yg di bio, karna di akun ku yg lain ada biasanya di akun first malah gaada lagi, please... 😣👎🏻👎🏻",1,please suka kesel karna fitur music bio sering hilang hilang and gabisa dihapus kalo udah hilang jadinya aneh dong instagram jgn keseringan ngapus fitur fitur baru bio karna di akun ku lain biasanya di akun first malah gaada please,-1
Andini Maulidiyah Rachma,"Sumpaaa marah banget sama ig, aku arsipin postingan feeds trus beberapa hari kemudian aku pulihkan. Ga langsung ada di feeds aku pikir loading, tapi sampai sekarang ga muncul, dan aku liat di arspian gaada juga postingannya, nangisss bangett kecewa sama ig😭👎",2,sumpaaa marah banget sama ig aku arsipin postingan feeds trus beberapa hari kemudian aku pulihkan langsung feeds aku pikir loading sampai sekarang muncul aku liat di arspian gaada postingannya nangisss bangett kecewa sama ig,0
Imas Susanty,"Aplikasi ini juga sangat bermanfaat dan tidak terancam apapun dan tidak ada berbahaya nya. Tetapi ada satu hal yang paling inginkan saya. Tolong, bagaimana cara agar tidak limit. Saya memfollow seseorang saya kenal dan tiba limit atau batasan. Maaf ya ada kesalahan yang saya berbicara",5,aplikasi juga sangat bermanfaat tidak terancam apapun tidak berbahaya nya ada satu paling inginkan tolong bagaimana cara tidak limit memfollow seseorang kenal tiba limit batasan maaf ada kesalahan yang saya berbicara,1
rifki _armindho,"tolong pihak Instagram mengapa Instagram saya tidak memenuhi syarat live sedangkan devices yang saya gunakan adalah devices terbaru dan selalu update,saya sudah sering mengirim laporan tapi tidak ada tindakan apa apa.",1,pihak instagram instagram tidak memenuhi syarat live devices gunakan devices terbaru selalu update saya sudah sering mengirim laporan tidak tindakan apa apa,-1
Joshua wira Nataniel,"Bug mulu kaga dibener benerin. Sg temen gabisa diliat, harus diliat dati scnd account, semua postingan poto yang ada lagunya jadi reals, ig temen online tapi gada tandannya. Lama-lama ig bakalan tenggelem ama bug semua. Tolong di dengar karna banyak orang yang beranggapan seperti ini",1,bug mulu kaga dibener benerin sg temen gabisa diliat diliat dati scnd account semua postingan poto ada lagunya jadi reals ig temen online gada tandannya lama lama ig bakalan tenggelem ama bug semua di dengar karna banyak orang beranggapan ini,0
Iwan S,Saya sudah update bbrp x ttp ada bug dan loading lama.. Jgn kecewakan para pengguna bug nya di perbaiki.,1,sudah update bbrp x ttp bug loading lama jgn kecewakan pengguna bug nya perbaiki,-1
Agus Sugianto,"Dalam menyiapkan akun profesional kreator saya tidak bisa melewati langkah ke 7 (PELAJARI TENTANG CARA BERIKLAN), sudah saya ikuti semua langkahnya, bahkan sudah coba beriklan tapi langkah ini tetap tidak bisa saya lewati dan saya juga sudah email IG dan menghubungi bantuan di aplikasi IG,nya tapi gak dibalas sampai sekarang. Jika langkah sudah saya lewati, saya kembali kasih 5 bintang. Thanks🙏",1,menyiapkan akun profesional kreator melewati langkah pelajari cara beriklan ikuti semua langkahnya bahkan coba beriklan langkah tetap tidak bisa lewati saya email ig menghubungi bantuan aplikasi ig nya tidak dibalas sekarang langkah sudah saya lewati saya kembali kasih bintang thanks,1
Muhammad Bryan Rich Jwern,"Kepada pihak Instagram, kenapa saya tidak bisa login ya, padahal username dan password sudah benar dan sudah saya cek ke beberapa ponsel lainya bisa login, tetapi hanya ponsel saya yang tidak bisa di loginin, mohon kerjasamanya demi kenyamanan saya, terimakasih",1,pihak instagram login padahal username password benar sudah cek beberapa ponsel lainya bisa login hanya ponsel yang bisa loginin mohon kerjasamanya kenyamanan saya terimakasih,1
Herkin Doni,Kenapa Instagram sekarang setiap ganti story pasti iklannya judol ya? Ini sangat sangat tidak wajar dan tidak dianjurkan dimohon untuk segera dihapuskan iklan iklan judi onlen tersebut,1,instagram sekarang ganti story iklannya judol ini sangat sangat wajar tidak dianjurkan dimohon segera dihapuskan iklan iklan judi onlen tersebut,1
Rina Amelia,"ig aku kenapa kalau liat foto diakun org ga bisa di slide sampai akhir ya,max slide ke 4 udah ga bisa slide sampai akhir...tolong dong ini kenapa,soalnya aku suka bgt sama ig",3,ig aku kalau liat foto diakun org bisa slide akhir max slide udah bisa slide akhir dong kenapa soalnya aku suka banget sama ig,-1
Savira Putriana,"tolong diperbaiki lagi,krna au punya 2 akun semuanya kembali dengan sendirinya,pas udah mau login malah nggak bisa masuk gitu trus,setelah buat akun baru masih tetep nggak bisa,tolong diperbaiki lagi sedemikian ya🙏",3,diperbaiki krna au punya akun semuanya dengan sendirinya pas udah mau login malah bisa masuk gitu trus buat akun baru tetep bisa diperbaiki sedemikian,0
Moza Pransiska,"apaan banget ig sekarang, masa 3 akun temen saya hilang, kalo kayak gini ya rugi dong kita, udah nyimpen banyak kenangan di sana malah hilang gitu aja, udah bener kemarin balik akun nya, sekarang malah hilang lagi, terus ga bisa masuk lagi, gimana coba. dikira enak apa ngumpulin temen, ngumpulin foto² di sana, tolong banget ya segera di perbaiki, paling ngga kasih saran gimana cara biar bisa balik ke akun kita lagi. mohon di respon karna ini bener² bikin jengkel",1,apaan banget ig sekarang masa akun temen hilang kalo kayak gini rugi dong udah nyimpen banyak kenangan sana malah hilang gitu udah bener kemarin balik akun nya sekarang malah hilang terus masuk gimana coba dikira enak apa ngumpulin temen ngumpulin foto sana banget segera perbaiki paling ngga kasih saran gimana cara biar bisa balik akun lagi mohon respon karna bener bikin jengkel,-1
Nadiyya,Yup bagus baaangeet sebagai gen z yang suka scroll2 ini aplikasi favoritku sih. Fitur2 barunya juga oke banget (Kembaliin fitur flipside plissss😔) Tapi aku saran dong tambahin fitur repostt (hehe;⁠),5,yup bagus baaangeet gen z suka scroll aplikasi favoritku sih fitur barunya oke banget kembaliin fitur flipside plissss aku saran dong tambahin fitur repostt hehe,-1
someone,"ayolahh instagram, kapan mau bener ini aplikasinya, masa fiturnya ga merata, di akun first malah yg gaada fitur baru, di akun lain ada, tolong lah saya juga pengen gunain fitur barunya, tolong segera diperbaiki.",1,ayolahh instagram kapan mau bener aplikasinya masa fiturnya merata akun first malah gaada fitur baru akun ada lah juga pengen gunain fitur barunya segera diperbaiki,0
Amanda Cinta,"Aplikasinya bagus, Tetapi mohon untuk pihak instagram akun saya yang dulu sudah ditangguhkan dan sekarang akun saya yang baru ditangguhkan lagi, Sebenarnya aplikasinya maunya gimana? Jadi dimohon untuk diperbaiki lagi.🙏🏻",1,aplikasinya bagus mohon pihak instagram akun yang dulu ditangguhkan sekarang akun yang baru ditangguhkan sebenarnya aplikasinya maunya gimana jadi dimohon diperbaiki,1
Adarusman,"Ga tau kenapa akun saya tiba tiba ke baned, udah saya aku banding tapi pas pengiriman otp ke Gmail nya tidak ada yang masuk masuk, saya minta tolong kepada pihak team Instagram agar memperbaiki nya, Terimakasih",1,tau akun tiba tiba baned udah aku banding pas pengiriman otp gmail nya ada masuk masuk minta kepada pihak team instagram memperbaiki nya terimakasih,-1
Mila 2024,"Masa saya mau like video line foto ngefollow gk bisa tulisannya melindungi komunitas kami terus tolong dong pihak instagram diperbaiki punya saya, saya juga ada keperluan lho tolong banget diperbaiki secepatnya",3,masa mau like video line foto ngefollow bisa tulisannya melindungi komunitas terus dong pihak instagram diperbaiki punya saya ada keperluan lho banget diperbaiki secepatnya,-1
Kim -,"Tambahin fitur privasi sorotan dong, walaupun akunnya udah private, tapi saya rasa perlu juga untuk menambahkan privasi sorotan atau menyembunyikan sorotan dari orang orang tertentu",4,tambahin fitur privasi sorotan dong walaupun akunnya udah private saya rasa perlu untuk menambahkan privasi sorotan menyembunyikan sorotan orang orang tertentu,-1
Abay Darman,"sngt kecwa dengan pihak instagram,awal mula nya saya tidak ngapa ngapain lah kok akun sy dinonaktifkan tiba tiba,setelah itu sy mengajukan banding karena lama menunggu saya logut lah akun sy dan Sy uninstall setelah itu sy instal lgi stlh saya mengajukan banding permohonan sya diterima tpi yg susah nya ialah untuk kmbli login akun sy tdk bisa akhirnya saya memutuskan untuk lupa sandi setelah dikirm kode ke wa dan disuruh untuk mengatur kata sandi yg baru slalu kata sndi slh silhkn coba lgi,",1,sngt kecwa pihak instagram awal mula nya tidak ngapa ngapain lah kok akun sy dinonaktifkan tiba tiba itu sy mengajukan banding lama menunggu logut lah akun sy sy uninstall itu sy instal lgi stlh mengajukan banding permohonan sya diterima tpi susah nya ialah kmbli login akun sy tdk akhirnya memutuskan lupa sandi dikirm kode wa disuruh mengatur kata sandi baru slalu kata sndi slh silhkn coba lgi,0
Yanti Yanti,"Alhamdulillah sejauh ini sudah sangat bagus, tapi beberapa waktu lalu akun saya pernah ditangguhkan padahal ini real akun saya jadi semoga kedepannya bisa lebih baik lagi. terimakasih karena dengan adanya isntagram saya bisa berbagi hal yang bermanfaat dan Alhamdulillah banyak konten positif yang ada di instagram untuk diambil manfaatnya dari akun2 yang Masya Allah menginspirasi untuk hal agama dan akhirat. dan keamanan pemilik akun kalau bisa lebih ditingkatkan lagi terimakasih.",3,alhamdulillah sejauh sudah sangat bagus beberapa waktu lalu akun pernah ditangguhkan padahal real akun jadi semoga kedepannya lebih baik terimakasih dengan adanya isntagram berbagi bermanfaat alhamdulillah banyak konten positif ada instagram diambil manfaatnya akun yang masya allah menginspirasi hal agama akhirat keamanan pemilik akun kalau bisa lebih ditingkatkan terimakasih,1
Melya Dita,"ini Instagram lagi eror apa gimana? kenapa tiba' ig saya gabisa masuk dan malah di kasi kode uda di kasi kode trs malah minta vidio muka kita ngeliatin sekitar kanan kiri kita terus gabisa di pencet cara nge vdiony gbsa di lnjut juga mentok di vidio itu, jadi gimana ya solusinya, akun saya udah lama banget itu masa hilang si",2,instagram eror apa gimana tiba ig gabisa masuk malah kasi kode uda kasi kode trs malah minta vidio muka ngeliatin kanan kiri terus gabisa pencet cara nge vdiony gbsa lnjut mentok vidio jadi gimana solusinya akun udah lama banget masa hilang si,-1
AldiCP,Untuk fitur sebenernya udah bagus tapi di lebihin lagi untuk durasi lagunya kurang rasanya kalo cuman 15 detik,4,fitur sebenernya udah bagus di lebihin untuk durasi lagunya kurang rasanya kalo cuman detik,4
Philipp Newlinski,tidak bisa post reel katanya spam padahal tidak ada pelanggaran apapun. istagram terlalu baperan. dan algoritma AI nya rusak. yang bukan pelanggaran dianggap pelanggaran. sedangkan yang benar2 pelanggaran tidak dianggap pelanggaran,1,bisa post reel katanya spam padahal ada pelanggaran apapun istagram terlalu baperan algoritma ai nya rusak bukan pelanggaran dianggap pelanggaran yang benar pelanggaran dianggap pelanggaran,-1
Dinda Wulan,"Ini gimana sih udah di download tapi gak bisa daftar... Makaudnya itu tuh gimana, udah login pake akun yang lama tapi tetep gak bisa masuk katanya sandi salah, padahal bener loh itu sandinya karna aku tulis sandi itu di kertas biar gak lupa",1,gimana sih udah download daftar makaudnya tuh gimana udah login pake akun lama tetep bisa masuk katanya sandi salah padahal bener loh sandinya karna aku tulis sandi di kertas biar tidak lupa,0
winn 123,Sudah di update masih sama masalahnya. Direct message sudah dibaca tapi masih terdeteksi sebagai pesan yang belum dibaca. Perbaiki.,1,di update sama masalahnya direct message dibaca masih terdeteksi pesan belum dibaca perbaiki,-1
Pengguna Google,"Knp habis diperbarui malah nge bug, koneksi internet 4G+ mlh di blg tidak ada koneksi internet. Buka medsos lain lancar aj. Tolong diperbaiki!!",5,knp habis diperbarui malah nge bug koneksi internet g mlh blg ada koneksi internet buka medsos lancar aj diperbaiki,0
revi andrey,"sangat kecewa, kenapa akun saya di tangguhkan, padahal saya tidak pernah memposting seperti pelecahan/aktivitas seksual dan lainya, tolong perbaiki masalah seperti ini , ini sangat merugikan pengguna Instagram yg followers nya banyak dan lain""",1,sangat kecewa akun di tangguhkan padahal tidak pernah memposting pelecahan aktivitas seksual lainya perbaiki masalah ini sangat merugikan pengguna instagram followers nya banyak lain,1
Suci Marito,"instagram sekarang jelekkk g bagusss,masa iya dm an lama kehps otomatiss tau g sii instagram itu penting bangett moment,kenangannya ituuu loohhh susahhh aku nyari dimana lagi coba???please lh balikin lagi kaya awal kami berhak kn atas itu😓😓",1,instagram sekarang jelekkk g bagusss masa iya dm an lama kehps otomatiss tau g sii instagram penting bangett moment kenangannya ituuu loohhh susahhh aku nyari coba please lh balikin lagi kaya awal berhak kn atas,-1
tagor topsellgroup,Ketika saya install aplikasi Instagram di android dan iphone Masalah itu muncul ketika suara notifikasi dan suara music yang ada di handphone saya jadi kecil dan pelan Tolong diperbaiki,1,install aplikasi instagram android iphone masalah muncul suara notifikasi suara music ada handphone saya jadi kecil pelan diperbaiki,-1
Mytha Novescor,"Sya kecewa. Followers sya naik turun secara drastis tanpa ada kejelasan,. Jumlah asli 1300an. Kadang kalau dibuka tbtb brubah 1000, di refresh berubah jdi 1200, direfresh lagi berubah 900 . Kan aneh",3,sya kecewa followers sya naik turun drastis ada kejelasan jumlah asli an kadang kalau dibuka tbtb brubah refresh berubah jdi direfresh berubah kan aneh,0
プッシー,"saya mengalami tidak bisa login ,padahal sudah memasukan email dan nomor hp buat reset sandi. tetapi tidak bisa & tertulis "" maaf ada masalah coba lagi "" .Mohon untuk Instagram segera memperbaiki bug tsb",1,mengalami login padahal memasukan email nomor hp buat reset sandi tidak bisa tertulis maaf masalah coba mohon instagram segera memperbaiki bug tsb,1
Allisah M,"bagus sih, cuma pas orang komen dipost ku komennya ga muncul dipostku, pdhl di notif tuh ada, trs ak pencet komen lalu klik yg ""terbaru"" tuh komennya baru muncul, itu cara ngeliat semua komen tanpa hrs mencet itu tuh gmn yak, perbaikin dong developer😿😿",5,bagus sih cuma pas orang komen dipost ku komennya muncul dipostku pdhl notif tuh trs ak pencet komen lalu klik terbaru tuh komennya baru muncul cara ngeliat semua komen hrs mencet tuh gmn yak perbaikin dong developer,0
Echa Leiwakabessy,Tolong tambahkan fitur simpan untuk yg kalo mau di repost di snap wa atau sebagainya agar mereka unduh saja video/fotonya agar lebih memudahkan😇🙏,4,tambahkan fitur simpan yang kalo mau repost snap wa sebagainya mereka unduh video fotonya lebih memudahkan,3
Ilham Nurdin,"saya sangat suka sama instagram,dan saya juga sangat suka foto dengan efek² di instagram,pliss supoort instagram ku🙏,kembalikan akun instagram ku kak,aku gak berbuat apa² tiba tiba kena ajukan banding katanya,plis bantuin kak🙏,proses nya udah aku jalanin,trus udah 1 hari gak juga bisa login..",4,sangat suka sama instagram saya sangat suka foto efek instagram pliss supoort instagram ku kembalikan akun instagram ku kak aku berbuat apa tiba tiba kena ajukan banding katanya plis bantuin kak proses nya udah aku jalanin trus udah hari juga login,-1
Icka Mey,"Sangat membantu untuk menaikkan penjualan kue saya,terimakasih sudah membantu umkm mempermudah memperkenalkan menu yg diiklankan🙏semoga semakin jaya aplikasi Ig berkah selalu",5,sangat membantu menaikkan penjualan kue terimakasih membantu umkm mempermudah memperkenalkan menu diiklankan semoga semakin jaya aplikasi ig berkah selalu,1
INDOKO TRAVEL,"kenapa ya tiba tiba ig keluar terus waktu masuk kaya di tangguhkan dan harus verifikasi gitu, eh sekarang malah gabisa dibuka akun akunnya kata sandi salah terus padahal masukinnya udah benar?? tolong dong ig",2,ya tiba tiba ig keluar terus waktu masuk kaya tangguhkan harus verifikasi gitu eh sekarang malah gabisa dibuka akun akunnya kata sandi salah terus padahal masukinnya udah benar dong ig,0
shanty novitasari,"abis update malah jdi ribet,ga bisa tag ,kl ngetik keyboard nya error,soalnya keyboard dipake diaplikasi lain aman.",2,abis update malah jdi ribet bisa tag kl ngetik keyboard nya error soalnya keyboard dipake diaplikasi aman,-1
Artyka Paramitha,"Maunya apasih instagram. Update udah coba instal ulang udah kenapa masih loading terus, buka apa apa gabisa ini kenapa medsos lain lancar lancar aja, meresahkan banget sih",1,maunya apasih instagram update udah coba instal ulang udah masih loading terus buka apa apa gabisa kenapa medsos lancar lancar meresahkan banget sih,-1
aisyah ramadhani,"padahal aplikasi nya baguss, tapi update terus aplikasi nya, kalo ga di update pasti aplikasi nya nge bug. Tolong di perbaiki lah jangan dikit dikit update. Padahal baru minggu lalu update hari ini update lagi. kebanyakan update jadi nge bug aplikasi nya",2,padahal aplikasi nya baguss update terus aplikasi nya kalo di update aplikasi nya nge bug di perbaiki lah jangan dikit dikit update padahal baru minggu lalu update hari update kebanyakan update jadi nge bug aplikasi nya,0
tarahayu wulann,"Apa apaan,saya sudah menggunakan foto saya setengah wajah,tapi kenapa waktu pemeriksaan wajah dengan vidio,pihak tidak percaya,bagaimana saya harus meyakinkan?sedangkan itu akun saya yang baru akun yang satu' nya saya,sangat tidak memuaskan bintang 1",1,apa apaan sudah menggunakan foto setengah wajah kenapa waktu pemeriksaan wajah vidio pihak percaya bagaimana harus meyakinkan itu akun baru akun yang satu nya sangat memuaskan bintang,1
agung al bukhori,"Min saya masuk ke akun saya yg @dapzstoree_ ko ga bisa, malah gini, intagram terhenti, pas saya klik akun saya yg itu, gmn nih min, akun saya penting min buat promosi, saya sudah lama menggunakan intagram sebelum nya ga ada kendala kaya gini, tolong min ya",2,min masuk akun yang ko bisa malah gini intagram terhenti pas klik akun yang gmn nih min akun penting min buat promosi sudah lama menggunakan intagram nya ada kendala kaya gini min,0
Jelantik Wibisana,"Semua Instagram teman saya bisa memposting video dan foto + musik, tapi Instagram saya malah nggak bisa padahal sudah ke upgrade Instagram nya",1,semua instagram teman bisa memposting video foto musik instagram malah bisa padahal ke upgrade instagram nya,-1
dalbit99,"greget bgt asli, mau bikin akun baru aja susaahhhh, mau bikin akun baru biasanya masukin username asal2an dulu di awal baru nnti pas udh jadi akunnya bisa ganti username nya, tapi ini GABISAA GAGAL TERUS ampe bingung mau ngacak nama gimana lagi",4,greget banget asli mau bikin akun baru susaahhhh mau bikin akun baru biasanya masukin username asal an dulu awal baru nnti pas jadi akunnya ganti username nya ini gabisaa gagal terus ampe bingung mau ngacak nama gimana,0
Fahmi Jamhari,"Sekarang ig lemot sinyalnya lihat postingan lama banget fotonya apalagi reel coba ke apk lain youtube lancar aja, mohon perbaiki.",3,sekarang ig lemot sinyalnya lihat postingan lama banget fotonya reel coba apk youtube lancar mohon perbaiki,-1
Rio Cuk,Pas posting video sering ke ulang sountrack nya jadi ga enak banget sumpah pas di paus video sering masih ada sountrack yg masih bunyi,3,pas posting video sering ulang sountrack nya jadi enak banget sumpah pas paus video sering ada sountrack masih bunyi,-1
Safira Leesdy,Tanda titik tiga disebelah nama akun suka tidak ada dan meski di refresh masih tetap bgtu harus yg berulang ulang kali tolong diperbaiki untuk next update.,4,tanda titik tiga disebelah nama akun suka ada meski refresh tetap bgtu yang berulang ulang kali diperbaiki next update,-1
Carrisa Putri,"setelah update jelek bug terus, mau posting foto atau story pasti (kesalahan) terus, berulang kali di post tpi tetap sama,tolong di tangani maz",1,update jelek bug terus mau posting foto story kesalahan terus berulang kali post tpi tetap sama di tangani maz,-1
Khaliel Khanz,Di update makin buruk dan makin gak respect sama Instagram padahal dulu video call tampilan layarnya ok ok ajah. Lah sekarang malah besar kecil kayak WhatsApp. Tolong kembalikan tampilan video call dari tampilan awal. Yang atas bawah jangan besar kecil. Gak enak saja tampilan kayak gitu. Tolong saya costumer harus di layani tolong tanggepin pengajuan saya. Terimakasih,1,update makin buruk makin respect sama instagram padahal dulu video call tampilan layarnya ok ajah lah sekarang malah besar kecil kayak whatsapp kembalikan tampilan video call tampilan awal atas bawah jangan besar kecil enak tampilan kayak gitu costumer di layani tanggepin pengajuan saya terimakasih,-1
Reswyn,"Entah bug atau kenapa, tiap ngesave video kagak kesave lagi, tetiba ngirim pesan delay parah padahal make apk lain lancar aja..herannn",1,entah bug kenapa tiap ngesave video kagak kesave tetiba ngirim pesan delay parah padahal make apk lancar herannn,0
zieza pramudi Wk879,"instagram kenapa sih gabisa post foto lebih dari satu, terus gabisa nambahin lagu di profil padahal udah di update berkali kali tp tetep aja gabisa bug nya jg mkin bnyk, tolong diperbaiki.",1,instagram sih gabisa post foto lebih satu terus gabisa nambahin lagu profil padahal udah update berkali kali tetep gabisa bug nya jg mkin bnyk diperbaiki,-1
Shandy Rizqi,"Aplikasi sosial media paling SAMPAH, mendingan gua nyari informasi di tiktok daripada di instagram. ALGORITMANYA GAK JELAS. Fyp reels gua isinya jadi konten-konten aneh dan sepi, padahal tadinya konten yang banyak views dan likenya. Udah pilih ""tidak tertarik"" masih aja muncul konten-konten yang sepi. LU URUS TUH BUG ALGORITMANYA! SOSMED SAMPAH!",1,aplikasi sosial media paling sampah mendingan gua nyari informasi tiktok di instagram algoritmanya jelas fyp reels gua isinya jadi konten konten aneh sepi padahal tadinya konten banyak views likenya udah pilih tertarik saja muncul konten konten sepi lu urus tuh bug algoritmanya sosmed sampah,0
jalis syarifah128,"Tolong dong ada fitur privasi status, jangan cuma teman dekat. soalnya kalo teman dekat ada tandanya hijau gitu. jadi, kalo bisa ada 3 pilihan, dibagikan ke, pengikut saya, umum, dan pengikut saya kecuali",4,dong fitur privasi status jangan cuma teman dekat soalnya kalo teman dekat tandanya hijau gitu jadi kalo ada pilihan dibagikan pengikut umum pengikut kecuali,-1
Sesa Agustin,"ini kenapa ig tuh makin kesini makin jelek kualitas gambarnya? padahal aku baru posting video bulan kmren trs aku masukin highlight, kok pas diliat di akun lain jadi buram gitu, tolong kualitasnya diperbaiki lagi, knp makin ksini makin jelek?",2,kenapa ig tuh makin kesini makin jelek kualitas gambarnya padahal aku baru posting video bulan kmren trs aku masukin highlight kok pas diliat akun jadi buram gitu kualitasnya diperbaiki knp makin ksini makin jelek,-1
HK GAMER,"Banyak BUG jir...Mulai Dari Opsi Musing yang bisa di tampilkan di Profil tiba tiba Hilang....Trus Padahal Jaringan udah bagus Dan Kenceng mau liat Story temen eh malah Cerita ini Tidak Tersedia...apa apa ini...Segera dong di Fix Bugnya Buang buang Data Internet Aja ini...Bukan Update Tambah""Fitur""lain...apa gunanya jirr....tapi itu benerin beberapa bug yang Ada dalam aplikasi dulu",1,banyak bug jir mulai opsi musing bisa tampilkan profil tiba tiba hilang trus padahal jaringan udah bagus kenceng mau liat story temen eh malah cerita tidak tersedia apa apa segera dong fix bugnya buang buang data internet ini bukan update tambah fitur apa gunanya jirr itu benerin beberapa bug ada aplikasi dulu,0
Felix Felix,sangat aneh Ig sekarang udah di update masih ajah ngeliat sg teman sama reels muter muter truss ngelag padahal jaringan data bagus tolong di bantu perbaiki bug ini!!,1,sangat aneh ig sekarang udah update ajah ngeliat sg teman sama reels muter muter truss ngelag padahal jaringan data bagus di bantu perbaiki bug,0
Vioni Siti nurhadijah,"TOLONG JANGAN HAPUS FITUR ARSIP. Balikin arsippp gueee helppp!!! Instagram lo the Best krna ada arsip di mata gue. Sebenarnya fitur lo udah baguss kok, tpi makin kesini makin kesono. sudah ya Cukup dunia yg memporak porandakan hati ini, apk Instagram jangan ikutan.",4,jangan hapus fitur arsip balikin arsippp gueee helppp instagram lo the best krna arsip mata gue sebenarnya fitur lo udah baguss kok tpi makin kesini makin kesono ya cukup dunia memporak porandakan hati apk instagram jangan ikutan,2
kezia michaelia,"aplikasinya makin buruk. kalau loading lama banget pdahal kuota lancar banget. kenapa si makin hri makin ngebug? kalau pas dibuka, itu juga lama banget. instagram tolong diperbaiki lagi ya.",1,aplikasinya makin buruk kalau loading lama banget pdahal kuota lancar banget si makin hri makin ngebug kalau pas dibuka juga lama banget instagram diperbaiki ya,-1
DMochi Zythe,"bug pada profil, tolong perbaiki bug di akun saya, bug di bagian profil lagu itu tiba tiba hilang tapi waktu saya cek pake akun lain ada, tapi di akun sendiri tidak ada, padahal pengen hapus lagu nya, tolong bug nya di perbaiki di akun saya. nanti kalau sudah saya beri rating 5",1,bug profil perbaiki bug akun bug bagian profil lagu tiba tiba hilang waktu cek pake akun ada akun sendiri ada padahal pengen hapus lagu nya bug nya perbaiki di akun nanti kalau saya beri rating,-1
Si Ayem00,"permisi,,meta, saya tidak setuju kalo fitur arsip akan dihilangkan,kenapa?karna dengan adanya fitur arsip kita bisa melihat semua kenangan"" dalam fitur arsip tersebut! Saya tidak mau update kalo fitur arsip akan dihapus!! Mohon koreksinya terimakasih!",5,permisi meta tidak setuju kalo fitur arsip dihilangkan karna adanya fitur arsip bisa melihat semua kenangan fitur arsip tersebut tidak mau update kalo fitur arsip dihapus mohon koreksinya terimakasih,2
imelptrrr imelptrrr,"knpa ya story yg 2/3 hari sebelumnya tidak muncul di arsip, beneran uda ada fitur hapus arsip? aku kasi bintang 5 deh tapi plis jangan ada fitur itu rela post story di secc account biar bisa disimpen eh malah ada fitur itu, ini dpt ide dari manaaasiiii😭😭",5,knpa story hari sebelumnya muncul arsip beneran uda fitur hapus arsip aku kasi bintang deh plis jangan fitur rela post story secc account biar disimpen eh malah fitur ini ide manaaasiiii,-1
Muhammad Syam,"Instagram?? Aplikasi sering nge-bug, Suka kesel saat liat sebuah postingan terus tiba² ngebug dan mau cari lagi susah. Tolong kasih fitur terakhir kali dilihat dong.",2,instagram aplikasi sering nge bug suka kesel liat sebuah postingan terus tiba ngebug mau cari susah kasih fitur terakhir kali dilihat dong,-1
Herna Fitriana,"Udh 2 hari ini dri tgl 19 sampe sekarang, error mulu apk ini, pas mau liat reels sama postingan foto muter mulu bahkan sampe gk ada gambar trus rumek gtu pecah2 gambar nya, dahal kuota banyak loh sampe saya beli lgi malah, tolong di perbaiki, Saya gk nyaman pke nya, ke ganggu banget..",1,hari dri tgl sampe sekarang error mulu apk pas mau liat reels sama postingan foto muter mulu bahkan sampe ada gambar trus rumek gtu pecah gambar nya dahal kuota banyak loh sampe beli lgi malah di perbaiki tidak nyaman pke nya ganggu banget,0
Vella Nisa,"jelek. pas gue dulu masih punya ig, gue logout karena isinya 18+ gajelas, padahal gue ga pernah nonton begituan, bahkan sampe ke Facebook sekalipun ketularan 18+ sampe 21+. pas masalah udah beres, dua duanya gue logout, justru malah gue gabisa login INSTAGRAM sama sekali. buat akun baru selalu ""error, harap coba lagi"", mau login akun dulu, "" terjadi kesalahan, harap coba lagi"" mau lu apa? gue udah coba berbagai cara, tetep aja ERROR GAK JELAS. gue minta developernya buat tolongin gue, please 🙏",1,jelek pas gue dulu punya ig gue logout isinya gajelas padahal gue pernah nonton begituan bahkan sampe facebook sekalipun ketularan sampe pas masalah udah beres duanya gue logout justru malah gue gabisa login instagram sama sekali buat akun baru selalu error harap coba mau login akun dulu terjadi kesalahan harap coba mau lu apa gue udah coba berbagai cara tetep error jelas gue minta developernya buat tolongin gue please,-1
Sts27,Ini kenapa sih ig saya kalau lihat reels/video ga jalan videonya. Suaranya doang yang jalan. Padahal pakai wifi. Gak pakai pun kayak gitu juga.,3,kenapa sih ig kalau lihat reels video jalan videonya suaranya doang jalan padahal pakai wifi pakai kayak gitu,0
Soffi Putrisalsabila,Untuk fitur Ig nya bagus semua cuman sekarang ini Ig lagi banyak banyak nya iklan ya sedikit saran sih mending untuk apk kayak gini gak usah pake iklan bikin gak nyaman penguna udah gitu iklannya tentang judol lagi kalo bisa hilangkan aja deh iklan nya biar gak ganggu penguna,4,fitur ig nya bagus semua cuman sekarang ig banyak banyak nya iklan sedikit saran sih mending apk kayak gini usah pake iklan bikin nyaman penguna udah gitu iklannya judol kalo hilangkan deh iklan nya biar ganggu penguna,4
NIndya Firmansyah,"Ini masalah yang saya dan temen saya alamin. Saat mau buat akun baru halamannya eror dan gabisa buat akun baru, saya juga gak bisa login. Padahal mau pake aplikasi ini tapi kalo belum punya akun gabisa masuk, terus pas mau buat akun malah eror. Tolong segera diperbaiki, saya kecewa",1,masalah temen alamin mau buat akun baru halamannya eror gabisa buat akun baru juga bisa login padahal mau pake aplikasi tapi kalo punya akun gabisa masuk terus pas mau buat akun malah eror segera diperbaiki saya kecewa,0
Fadilah Misbah,"Mohon maap ini, kenapa kalo liat story ada video yang bisa diputar ada juga yang engga cuma muncul suara doang. setelah di-update malah suka close sendiri aplikasinya, why?",3,mohon maap kenapa kalo liat story video bisa diputar juga engga cuma muncul suara doang di update malah suka close sendiri aplikasinya why,0
Intan bengawan,"Banyak bug, gw blokir org kok masih bisa muncul. Pas gw cek daftar blokiran, malah tu akun GK ada di daftar blokiran. Cek hadduh makin di update, makin hancur ni apk. Bug nya banyak banget",1,banyak bug gw blokir org kok bisa muncul pas gw cek daftar blokiran malah tu akun ada daftar blokiran cek hadduh makin update makin hancur ni apk bug nya banyak banget,-1
I Don't Know,"Abis diupdate malah makin ngeselin sumpah, reels sering sendat².. waktu bikin story saat musiknya diputar ulang tapi videonya tetap jalan terus bukannya ikut keulang dari awal sama musiknya",2,abis diupdate malah makin ngeselin sumpah reels sering sendat waktu bikin story musiknya diputar ulang videonya tetap jalan terus bukannya ikut keulang awal sama musiknya,-1
intan nestri wardhanny,Udah update ke versi paling baru tapi font di instastory ga update. Gimana sih? Hanya akun tertentu aja kah yg bisa menikmati fitur itu. Sebel bgt. Sampe instal ulang berkali2 tetep aja ga bisa,3,udah update versi paling baru font instastory update gimana sih akun tertentu kah menikmati fitur sebel banget sampe instal ulang berkali tetep tidak bisa,0
Agil C. Musadat [A.C.M],"Setelah di update Instagram sering tidak merespon & sistem android pun ikut tidak merespon, masih banyak bug menjadikan Instagram tidak berjalan dengan lancar.",2,di update instagram sering merespon sistem android ikut merespon banyak bug menjadikan instagram berjalan lancar,-1
Tarman Ghe Ghe,Buat pihak Instagram tolong perbaiki lagi setelah update ngirim pesan lama banget sampe gk kekirim² harus keluar dulu truss masuk lagi baru kekirim pesan nya tolong lah kalo update tuh benerin asw bukan nya makin parah babi,2,buat pihak instagram perbaiki setelah update ngirim pesan lama banget sampe kekirim keluar dulu truss masuk baru kekirim pesan nya lah kalo update tuh benerin asw bukan nya makin parah babi,0
soraya kirani,"tolong instagram, sediakan upload foto bisa lebih dari 10 dan untuk lagu, detiknya ditambahin. Terimakasih🙏🏻",3,instagram sediakan upload foto lebih dan lagu detiknya ditambahin terimakasih,-1
Eky Rendika,Aplikasi ini kenapa semakin menyebalkan ya .. story gak bisa muncul musik .. udah d update padahal tp tetsp aja .. aampek tak uninstal download lagi tetap g bisa. Hmmmmm sy lapor di pusat bantuan gak ada respon pula,5,aplikasi kenapa semakin menyebalkan story muncul musik udah d update padahal tetsp aampek tak uninstal download tetap g bisa hmmmmm sy lapor pusat bantuan ada respon,-1
nunu.,"Aplikasi sosial terburuk yang pernah saya alami. Akun ditangguhkan, postingan tidak bisa disukai, tidak bisa follow banyak orang untuk mengembalikan akun. Pokoknya the worst, and shouldn't exist",1,aplikasi sosial terburuk pernah alami akun ditangguhkan postingan bisa disukai bisa follow banyak orang mengembalikan akun pokoknya the worst and shouldn t exist,1
thedauw Dauw,"Hari ini 6 :11:2024 akun Instagram saya di tangguhkan dari pihak Instagram ""saya tidak memposting hal hal melanggar peraturan Instagram ""semua postingan saya foto hewan peliharaan dan foto matahari terbenam itu saja tidak ada postingan negatif . Bintang 0",2,hari akun instagram di tangguhkan pihak instagram memposting hal melanggar peraturan instagram semua postingan foto hewan peliharaan foto matahari terbenam saja tidak ada postingan negatif bintang,1
Mutiara isfahtun,"ig tolong dong ini gua baru download tapi pas dibuka kembali sendiri ama ada tulisan ""Instagram terus berhenti"" gua udh cb cari tutor dan cobain smua tp gada yg bisa. tolong cara ngembaliin nya gmn. jangan dibaca doang ini keluhan gua",1,ig dong gua baru download pas dibuka sendiri ama tulisan instagram terus berhenti gua cb cari tutor cobain smua gada bisa cara ngembaliin nya gmn jangan dibaca doang keluhan gua,-1
Siti Alwaroh,"Instagram sangat bermanfaat untuk saya, tapi sayangnya sejak tadi malam tidak bisa saya buka, bahkan saya sudah laporkan masalah ini namun belum ada respon dari instagram, padahal saya sudah kirim email untuk mendapatkan sandi untuk memulihkan akun tp tidak terkirim juga 🙈",5,instagram sangat bermanfaat sayangnya sejak tadi malam bisa buka bahkan sudah laporkan masalah namun ada respon instagram padahal saya sudah kirim email mendapatkan sandi memulihkan akun tidak terkirim,-1
Gusty paramita,"tolong dibantu kak perbaiki ig nya.. ko ig saya seperti messenjer,di bagian chat ada akun lain "" ketuk untuk memulai obrolan"" sampe chat lama saya tenggelam kebawah. tolong bantu perbaiki ka, saya sangat kesal. terimakasii",3,dibantu kak perbaiki ig nya ko ig seperti messenjer bagian chat akun ketuk memulai obrolan sampe chat lama tenggelam kebawah bantu perbaiki ka sangat kesal terimakasii,-1
Crow,"saya keluar aplikasi sebentar tanpa menghapus riwayat, tapi kenapa saat saya kembali malah merefresh otomatis, saya kehilangan post yang ingin saya komentari dengan sedikit reset, dan itu menyebalkan",2,keluar aplikasi sebentar menghapus riwayat kenapa malah merefresh otomatis kehilangan post ingin saya komentari sedikit reset itu menyebalkan,-1
Cut Amalia P.S,"Musik di rells kenapa selalu terberhenti terus, sinyalnya sangat stabil. Tolong diperbaiki lagi!!",2,musik rells selalu terberhenti terus sinyalnya sangat stabil diperbaiki,-1
Aga Prawira,"Tidak ada notifikasi yang muncul ketika seseorang menyebut saya di kolom komentar, tolong perbaiki bug nya, meta kenapa sih gak ig gak Facebook ngebug mulu",1,ada notifikasi muncul seseorang menyebut di kolom komentar perbaiki bug nya meta sih ig facebook ngebug mulu,-1
Raylan Fahzam Firdaus,"tolong perbaikan nya tentang reset password, ketika saya masuk ke lupa sandi, masukan nama pengguna saya, kenapa cuma ada tulisan MAAF COBA LAGI? , masalah nya dimana yaa tolong diperbaiki",1,perbaikan nya reset password masuk lupa sandi masukan nama pengguna saya kenapa cuma tulisan maaf coba masalah nya yaa diperbaiki,1
Diana Dewi,"Makin kesini searchingnya makin ngawur, males bangeeet isi fypnya ga lagi relatable, malah konten2 g penting, ga berbobot, ga relate, ga kenal, capek mem filter satu2 tetep aja keluar orang2 g dikenal... muak bgt",1,makin kesini searchingnya makin ngawur males bangeeet isi fypnya lagi relatable malah konten g penting berbobot relate kenal capek mem filter satu tetep keluar orang g dikenal muak banget,0
Hafdira Gank,"maaf untuk instagram akhir-akhir ini banyak sekali bug, saya mengalami bug tidak bisa kirim DM , tolong untuk pihak meta dan instagram agar di jaga supaya tidak ada bug terus menerus🙏",5,maaf instagram akhir akhir banyak sekali bug mengalami bug bisa kirim dm untuk pihak meta instagram di jaga tidak bug terus menerus,1
Zacky Vaiqazola,"Fitur Live tidak bisa saya gunakan, padahal saya sudah memenuhi semua persyaratan komunitas instagram. Saya juga sudah beri laporan tapi belum ada perubahan hingga kini, tolong pihak Instagram segera menindak lanjuti keluhan saya, terimakasih",3,fitur live bisa gunakan padahal memenuhi semua persyaratan komunitas instagram juga sudah beri laporan belum perubahan hingga kini pihak instagram segera menindak lanjuti keluhan terimakasih,-1
Anisa Kumalasari,"terlalu banyak fitur yang tidak berguna, arsip story vidio malah ngefreeze mohon di kembalikan seperti semula, padahal tujuan up story biar bisa dilihat ulang kenangan² nya.",1,terlalu banyak fitur tidak berguna arsip story vidio malah ngefreeze mohon kembalikan semula padahal tujuan up story biar dilihat ulang kenangan nya,-1
dian ramadhina,"menurut saya aplikasi instagram yang paling banyak peminat di banding apk lainnya, IG juga semakin lama semakin banyak fitur terbarunya, tapi please untuk berita bakal hilang nya fitur archive mnurutku sangat tidak bisa diterima semua orang. karena adanya fitur archive mereka(termasuk saya sendiri) bisa melihat kembali kenangan yg ada disana. SOO PLEASE JANGAN DIHILANGIN PLEASE 😥😥🙏🙏 karena nantinya juga bakalan berkurang penggunanya. semoga dipertimbangkan lagi sebelum mengambil keputusan",5,aplikasi instagram paling banyak peminat banding apk lainnya ig semakin lama semakin banyak fitur terbarunya please berita bakal hilang nya fitur archive mnurutku sangat diterima semua orang adanya fitur archive termasuk saya sendiri bisa melihat kenangan ada disana soo please jangan dihilangin please nantinya bakalan berkurang penggunanya semoga dipertimbangkan sebelum mengambil keputusan,-1
Wanda YogiNoviana,Tolong jangan hapus fitur arsip pada Instagram. Fitur arsip itu penting karena banyak cerita-cerita yang telah dihapus tetapi kisahnya tetap ada di arsip. Bagi saya kami dan seluruh pengguna fitur arsip itu sangat PENTING. Jadi tolong jangan hapus fitur arsipnya!!,1,jangan hapus fitur arsip instagram fitur arsip penting banyak cerita cerita telah dihapus kisahnya tetap di arsip saya dan seluruh pengguna fitur arsip sangat penting jadi jangan hapus fitur arsipnya,2
Srinah Dewi,ada bug di bagian draf masa saya tadi simpan foto2 di dalam draf belum ada 7 hari udah kehapus kan ga masuk akal tolong dong diperbaiki bug nya kalo aplikasi nya seperti ini orang jadi males mau pake aplikasi ini aku kemarin² make aplikasi ini nggak ada kendala kok sekarang banyak kendalanya yang story ga bisa dilihat padahal baru di upload lah ini yang draf bisa hilang sendiri padahal belum 7hari,1,bug bagian draf masa tadi simpan foto dalam draf hari udah kehapus kan masuk akal dong diperbaiki bug nya kalo aplikasi nya orang jadi males mau pake aplikasi aku kemarin make aplikasi nggak ada kendala kok sekarang banyak kendalanya story dilihat padahal baru upload lah ini yang draf bisa hilang sendiri padahal hari,-1
cintakairaa 777,"saya tidak bisa fto ketika mau foto cuman hitam aja dan kalo mau posting story gambar nya jadi blur,sudah melaporkan ke pihak Ig malah tidak ada jawaban tolong Ig banyak sekali bug saya bingung mau foto pake efek malah ga bisa tolong diperbaiki bug ini,ini sangat menyusahkan oranggg",1,fto mau foto cuman hitam dan kalo mau posting story gambar nya jadi blur melaporkan pihak ig malah ada jawaban ig banyak sekali bug bingung mau foto pake efek malah tidak bisa diperbaiki bug ini sangat menyusahkan oranggg,-1
Putri Maharani,"malah makin tambah jelek nih aplikasi fitur video callnya malah jadi kyk call di wa gitu, gak terbelah dua atas bawah kyk dulu skrg udh jelek amat karena banyak bug terutama pas selesai video call muncul layar putih segede Gaban hampir Menuhin layar HP terus kadang pas vc ada bug layarnya kebelah dua sebelahan jadi gak bisa liat muka full kadang ngebug juga pas vc MUKA DAN BADAN KITANYA JADI KAYAK LEBAR PLIS LAH KALAU UPDATE TUH PERBAIKI MASALAH SEBELUMNYA GAK USAH NAMBAH FITUR FITUR GAK GUNA.",1,malah makin tambah jelek nih aplikasi fitur video callnya malah jadi kyk call wa gitu terbelah atas bawah kyk dulu skrg jelek karena banyak bug terutama pas selesai video call muncul layar putih segede gaban hampir menuhin layar hp terus kadang pas vc bug layarnya kebelah sebelahan jadi bisa liat muka full kadang ngebug pas vc muka badan kitanya jadi kayak lebar plis lah kalau update tuh perbaiki masalah sebelumnya usah nambah fitur fitur guna,-1
rasya azzahraa,"Kamera di akun saya hitam atau tidak terdeteksi adanya objek yang akan diambil gambarnya entah bug atau apa, sudah berapa kali instal-pasang terus bahkan sampai reset hp karena barang kali eror dari hp saya tapi tetep ga bekerja. Saya sudah melaporkan masalah tetapi tidak ada jawaban, sangat disayangkan aplikasi bagus tapi banyak bug nya.",1,kamera akun hitam terdeteksi adanya objek akan diambil gambarnya entah bug apa berapa kali instal pasang terus bahkan reset hp barang kali eror hp tetep tidak bekerja sudah melaporkan masalah tidak jawaban sangat disayangkan aplikasi bagus tapi banyak bug nya,-1
Diya Salsabila,"bingung sm ig stiap update sllu fitur barunya cm muncul di second account, sllu di akun utama ga muncul, kirain lama² bakal muncul ternyata gak, ini udh brp bulan update fitur musik di propil cm ada di second account, glrn akun utama smpe skrg ga mncl², kmrn smpt mncl skrg udh hlg lagi, GAJELAS LAH IG",1,bingung sama ig stiap update sllu fitur barunya cm muncul second account sllu akun utama muncul kirain lama bakal muncul ternyata ini brp bulan update fitur musik propil cm di second account glrn akun utama smpe skrg mncl kmrn smpt mncl skrg hlg gajelas lah ig,0
Maulana Malik Al-fajar,"gk bisa masukin sound di profil ig utama, pdhl di akun second bisa, tolong diperbaiki agar lebih memberikan pengalaman yg baik terhadap saya dalam menggunakan aplikasi ini. Terimakasih",1,masukin sound profil ig utama pdhl akun second bisa tolong diperbaiki lebih memberikan pengalaman baik saya menggunakan aplikasi terimakasih,1
Kezia Febiola,"Instagram,kalau kata aku mending balik kayak dulu deh. Ini archieve jgn diubah dari video ke foto weii ,kenangan2ku ilang jdinya,padahal fitur archive itu paling membantu bisa jadi backup 😩 please balikin video jadi video gausah jadi foto. Please!!! Kalo udah balik aku kasih bintang 10000 deh!",1,instagram kalau kata aku mending balik kayak dulu deh archieve jgn diubah video foto weii kenangan ku ilang jdinya padahal fitur archive paling membantu jadi backup please balikin video jadi video gausah jadi foto please kalo udah balik aku kasih bintang deh,2
Jihan,"Saya merasa sangat terganggu dengan masalah yang terjadi pada akun Instagram pertama saya. Keterlambatan update fitur dan batasan dalam berinteraksi dengan pengguna lain seperti tidak dapat memfollow orang, tidak bisa melihat semua following/followers akun lain secara menyeluruh, kesulitan mencari akun tertentu, dan tidak dapat melihat semua komentar pada postingan sangat menghambat pengalaman saya menggunakan Instagram. Dan tampaknya masalah ini hanya terjadi di akun pertama saya.",2,merasa sangat terganggu masalah terjadi akun instagram pertama keterlambatan update fitur batasan berinteraksi pengguna seperti memfollow orang bisa melihat semua following followers akun secara menyeluruh kesulitan mencari akun tertentu tidak dapat melihat semua komentar postingan sangat menghambat pengalaman menggunakan instagram tampaknya masalah hanya terjadi akun pertama,1
Bima Maddan Amrizal-11,"Tingkatin lagi durasi buat story ig, dan perbaiki pada saat mengupload story ig video, selalu terjadi kesalahan yg tidak jelas seperti (menunggu koneksi, tidk dapat diunggah).",4,tingkatin durasi buat story ig perbaiki saat mengupload story ig video selalu terjadi kesalahan tidak jelas menunggu koneksi tidk diunggah,3
Wika Putri,"Aplikasi ini kenapa sih, akun aku tiba-tiba gak bisa dipake, Tiba-tiba ngilang, padahal disitu ada vidio penting buat masuk OSIS, mana vidionua di galeri udah kehapus lagi, aku minta tolong kembaliin akun aku secepatnya soalnya itu penting banget.",1,aplikasi kenapa sih akun aku tiba tiba bisa dipake tiba tiba ngilang padahal disitu vidio penting buat masuk osis mana vidionua galeri udah kehapus aku minta kembaliin akun aku secepatnya soalnya penting banget,0
M Riski,"Sinyal bagus dipake ngegame, browsing, nonton youtube 4k pun lancar.. giliran buka ig, langsung sinyal jadi jelek.. buka story loading terus, buka feed pun sama begitu.. hadeh diupdate malah makin buruk nih aplikasi ig skrng",1,sinyal bagus dipake ngegame browsing nonton youtube k lancar giliran buka ig langsung sinyal jadi jelek buka story loading terus buka feed sama hadeh diupdate malah makin buruk nih aplikasi ig skrng,0
Alib Rizky Pratama,"bug yang paling ngeselin adalah ketika gw mau upload story berupa video selalu menunggu koneksi, tapi pas gw coba upload story berupa foto langsung ke upload. tolong diperbaiki, gak tau ya kalau emang dari hp gw atau ignya, tolong dicek",1,bug paling ngeselin ketika gw mau upload story berupa video selalu menunggu koneksi pas gw coba upload story berupa foto langsung upload diperbaiki tau kalau emang hp gw ignya dicek,-1
A_013_I Gusti Agung Dwi Intan Pratiwi,"semakin lama, semakin gajelas. klo mau ngisi fitur baru yg bermanfaat dikit, lebih bagus perbaiki & isi fitur siapa aja yg udah ga ngikutin kita drpd tbtb ngapus archive-an. terus fungsi isi highlight di profile untuk apa klo archive-an lama dihapus? ngantuk ya?",1,semakin lama semakin gajelas klo mau ngisi fitur baru bermanfaat dikit lebih bagus perbaiki isi fitur siapa yang udah ngikutin drpd tbtb ngapus archive an terus fungsi isi highlight profile apa klo archive an lama dihapus ngantuk,-1
chelsea wardhana,"ig ini bagus tapi setiap aku download masuk ke akun mama aku? I don't know why either.tolong buat instagram perbaiki,walau sudah bagus masi ada bug"" yang ga aku perkira.yang aku kira gakan ada bug ternyata ada,aku jiga bingung kok bisa begitu jadi instagram tolong perbaiki, dan walaupun cuman ada bug sedikit usahakan gada bug ya,instagram tetap baguss kok terimakasih.PLEASE FIX THIS BUG, INSTAGRAM",4,ig bagus setiap aku download masuk akun mama aku i don t know why either buat instagram perbaiki sudah bagus masi bug tidak aku perkira aku kira gakan bug ternyata aku jiga bingung kok begitu jadi instagram perbaiki walaupun cuman bug sedikit usahakan gada bug instagram tetap baguss kok terimakasih please fix this bug instagram,-1
KOMALA SARI,"Saya dowload instagram dan menggunakannya dengan benar tpi kenapa??? Akun instagram saya harus pemulihan mulu, dan saat saya pencet rekam video untuk pemulihan malah tidak bisa dipencet dan kosong(putih saja) saya binggung",3,dowload instagram menggunakannya benar tpi akun instagram harus pemulihan mulu saat pencet rekam video pemulihan malah bisa dipencet kosong putih saya binggung,0
Imelda Qorina,"Instagram sebaiknya tetap mempertahankan fitur Archive Story, karena fitur ini sangat berguna untuk menyimpan kenangan dan momen berharga tanpa harus membagikannya secara permanen di profil. Terimakasih",5,instagram sebaiknya tetap mempertahankan fitur archive story fitur sangat berguna menyimpan kenangan momen berharga harus membagikannya permanen profil terimakasih,-1
Muhammad Alif Dandy,"diliat dari hp sendiri pake akun utama, video story yg diupload jernih tp pas orang lain yg liat resolusinya pecah dan burem, berlaku juga buat 2nd akun di hp yang sama, ngeliat story akun utama hasilnya pecah², padahal videonya 1080p dan beberapa mb aja ukurannya 🤨",1,diliat hp sendiri pake akun utama video story diupload jernih pas orang liat resolusinya pecah burem berlaku buat nd akun hp yang sama ngeliat story akun utama hasilnya pecah padahal videonya p beberapa mb ukurannya,-1
Erika Aprianti,"tolong ya kpd pihak instagram utk tidak menghilangkan fitur arsip sorotan di ig karna arsi itu sgt menguntungkan bagi kami,utk kak menyimpan kenangan’ bersama keluarga dan teman teman,satu lagi,tolong tingkatkan kualitas video di status ig nya,setiap kali saya post video pasti selalu nge blur 🙏🏻",1,ya kpd pihak instagram tidak menghilangkan fitur arsip sorotan ig karna arsi sgt menguntungkan kami kak menyimpan kenangan bersama keluarga teman teman satu tolong tingkatkan kualitas video status ig nya kali post video selalu nge blur,2
Muh. Dzul Fakhri walikram,Tolong pihak Instagram di benahi lagi kalau posting video/foto tolong kalau bisa kualitasnya jangan di kompres. Foto dan video HD ketika di upload jadinya buram,3,pihak instagram benahi kalau posting video foto kalau kualitasnya jangan kompres foto video hd di upload jadinya buram,3
Nikky Bie,"Akun ditangguhkan lagi padahal bulan kemarin udah ditangguhkan juga tapi berhasil banding dan ke buka lagi , sekarang dapat notifnya karena masalah integritas akun. Tiap ditangguhkan karena masalah integritas akun terus, ini sebenarnya kenapa sih?",1,akun ditangguhkan padahal bulan kemarin udah ditangguhkan tapi berhasil banding ke buka sekarang notifnya masalah integritas akun tiap ditangguhkan masalah integritas akun terus sebenarnya sih,0
Deva Mahendra,"gatau kenapa ig storyku ga update di timeline mutual aku, tapi pas disearch baru ada. why? ini kenapa cuy, mana viewersnya jadi dikit banget, update aplikasi lancar tapi malah seperti ini. tolong lah diperbaiki secepatnya plis.",1,gatau ig storyku update timeline mutual aku pas disearch baru why kenapa cuy mana viewersnya jadi dikit banget update aplikasi lancar malah ini lah diperbaiki secepatnya plis,-1
Nabila Alyasyifa,"instagram sungguh membuat saya merasa tidak nyaman, saya kasih nilai -11 dari 100, samping story yang kita follow harusnya jangan ada pengikut yang disarankan, sudah susah susah saya setting biar tidak ada pengikut yang disarankan, ini malah ada, ujung ujungnya kepencet, terus orangnya bingung kita siapa, jadi salah paham padahal saya tidak berniat mengikuti, saya sungguh malas dengan fitur instagram yang satu ini. saya mohon untuk menghilangkan pengikut yang disarankan di samping story.",1,instagram sungguh membuat merasa nyaman kasih nilai samping story follow harusnya jangan pengikut disarankan susah susah setting biar pengikut disarankan malah ada ujung ujungnya kepencet terus orangnya bingung kita siapa jadi salah paham padahal tidak berniat mengikuti sungguh malas fitur instagram satu saya mohon menghilangkan pengikut disarankan samping story,1
Santi Difinubun,"Saya kasih bintang lima, tetapi jangan menghapus fitur arsip pada aplikasi ini. Fitur ini sangat bermanfaat bagi kami yang ingin menyimpan kenangan dan bisa di lihat kembali kapan pun. Banyak kenangan yang sudah kami bagikan dan simpan pada arsip dan tidak ingin di hilangkan, maka dari itu tolong jangan di hapus fitur tersebut🥺🙏🏻",5,kasih bintang lima jangan menghapus fitur arsip aplikasi fitur sangat bermanfaat menyimpan kenangan bisa lihat kapan banyak kenangan sudah kami bagikan simpan arsip tidak ingin hilangkan dari tolong jangan di hapus fitur tersebut,2
32_VANIA KHANSADILA. A.R,"gajelas bgt, tiba"" hari ini g bisa di buka, udah bolak balik hapus install ttp eror, bisa ke buka sekali aja habis install itu, terus pas keluar apk mau masuk lagi malah item doang , gajelas tiba"" bgt !!!",1,gajelas banget tiba hari g di buka udah bolak balik hapus install ttp eror ke buka sekali habis install terus pas keluar apk mau masuk malah item doang gajelas tiba banget,-1
Nurhasanah nuy,"ini kenapa ya Instagram, tadi pagi habis di update, sekarang malah ga bisa di buka samsek?? ke log out sendiri masaa, padahal nungguin tiba tiba keluar tiba tiba keluar, terus ga ada pemberitahuan Ig yang masuk satupun, kenapa yaa tolong dongg, habis di update bukan nya ga bermasalah ini malah bermasalah kaya gini, ayoo dong pihak Instagram gimana ini, baru di update lhoo Instagram saya, masa tiba tiba ga bisa di buka, ga ada pemberitahuan pula, kaya pemberitahuan DM atau apapun itu samsek ga ad",5,instagram tadi pagi habis update sekarang malah bisa buka samsek log out sendiri masaa padahal nungguin tiba tiba keluar tiba tiba keluar terus ada pemberitahuan ig masuk satupun kenapa yaa dongg habis update bukan nya bermasalah malah bermasalah kaya gini ayoo dong pihak instagram gimana baru update lhoo instagram masa tiba tiba bisa buka ada pemberitahuan kaya pemberitahuan dm apapun samsek ad,-1
Kak saribi,"Audio tidak tersedia kenapa yaa, padahal udah cape² posting dan ketika sudah diposting audionya masih ada tpi lama kelamaan kok audionya menghilang yaa(audio tidak tersedia) TOLONG SOLUSINYA DAN DIPERBAIKI",1,audio tersedia yaa padahal udah cape posting ketika diposting audionya ada tpi lama kelamaan kok audionya menghilang yaa audio tersedia solusinya diperbaiki,0
Stephen Sebastian,"sebenarnya aplikasi ini bagus sih, tapi masa selama beberapa hari saya coba mau up story ngga bisa. malah muncul tulisan(kesalahan). kek, tolonglah diperbaiki",2,sebenarnya aplikasi bagus sih masa selama beberapa hari coba mau up story ngga malah muncul tulisan kesalahan kek tolonglah diperbaiki,0
Siti Hamdanah,"Dulu ada fitur musik di profile, sekarang fiturnya gaada, tapi liat dari akun temen di profile ku masih ada musik nya, terus juga kalau mau masuk akun terus lupa sandi, pas mau masukin usn/email malah error mulu, padahal ga kenapa-napa, tolong dong ig, bikin emosi lama-lama",1,dulu fitur musik profile sekarang fiturnya gaada liat akun temen profile ku ada musik nya terus kalau mau masuk akun terus lupa sandi pas mau masukin usn email malah error mulu padahal kenapa napa dong ig bikin emosi lama lama,-1
Nadia Afrilia,"Heh Instagram lu ya kenapa ketika gw nyari audio nya Karina yg up kok gaada sih sedangkan lagu solo nya member lain muncul yg ga muncul cuma si Karina doang😭 Plis lah ini di dua Ig gw sendiri loh kok gaada sih, dari awal gw dah nunggu lagu nya si Karina keluar eh si Instagram malah bikin kesel, di gw gaada tapi orang lain nyari kok ada, lu ada masalah apa sm gw Instagram?? Plis perbaiki klo bug bug macam apa ini?",1,heh instagram lu kenapa gw nyari audio nya karina up kok gaada sih lagu solo nya member muncul tidak muncul cuma si karina doang plis lah ig gw sendiri loh kok gaada sih awal gw dah nunggu lagu nya si karina keluar eh si instagram malah bikin kesel di gw gaada orang nyari kok lu masalah apa sama gw instagram plis perbaiki klo bug bug macam apa,0
Maria Merlin Berliani,"Bisa diem gak sih? Instagram sekarang udah paling bagus menurutku, kamarin2 bikin fitur flipside yang useless, sekarang fitur arsip ig yang justru penting malah dihapus. Kenapa nggak bikin fitur posting ulang aja? Aku kasi bintang 1 krn gak ada bintang 0👎",1,diem sih instagram sekarang udah paling bagus menurutku kamarin bikin fitur flipside useless sekarang fitur arsip ig justru penting malah dihapus nggak bikin fitur posting ulang aku kasi bintang tidak bintang,2
Nora Riskina,Saya rajin update IG supaya bisa mengikuti perkembangan fitur terbaru. Tapi baru-baru ini kok suka nge Bug gak jelas. Nge lag gak jelas. Gak bisa liat story dan postingan orang2 padahal jaringan internet lancar2 aja. Sudah uninstall dan install ulang berkali-kali tetap sama aja. Instagram ada masalah apa ya? Bikin kesel dan malas buka ig jadinya😩👎🏻,1,rajin update ig bisa mengikuti perkembangan fitur terbaru baru baru kok suka nge bug jelas nge lag jelas bisa liat story postingan orang padahal jaringan internet lancar sudah uninstall install ulang berkali kali tetap sama instagram masalah apa bikin kesel malas buka ig jadinya,0
heidy putri,Hey Instagram atau meta atau apalah. Kenapa akunku di tangguhkan? Ga pernah komen tiba2 di tangguhkan. Sudah ajukan banding tapi kodenya ga pernah di kirim ke email atau WhatsApp. Dan tiba-tiba akunku hilang permanen. Apa maksudnya?,1,hey instagram meta apalah akunku tangguhkan pernah komen tiba tangguhkan ajukan banding kodenya pernah kirim email whatsapp tiba tiba akunku hilang permanen apa maksudnya,-1
Nadya P,"Tiap mau posting foto gak bisa, tidak dapat menyimpan gambar mulu, saya sudah laporkan masalah dan mengirim buktinya, tetapi tidak ada tindakan/perbaikan apa-apa. Mending kalian uninstal aja, buat yang belum download sebaiknya jangan download, takutnya ntar malah nyesel!!",1,tiap mau posting foto bisa dapat menyimpan gambar mulu sudah laporkan masalah mengirim buktinya tidak tindakan perbaikan apa apa mending kalian uninstal buat belum download sebaiknya jangan download takutnya ntar malah nyesel,-1
Muhammad Dody Riono,"Aplikasinya Ok. Kalo bisa bila mau beriklannya, lebih banyak dan luas lagi jangkauan . Kalo perlu tak terbatas",5,aplikasinya kalo bila mau beriklannya lebih banyak luas jangkauan kalo perlu tak terbatas,4
Vierlya,"Lumayan bagus, namun tetap ditingkatkan kembali. Apalagi jangan sampai menghilangkan fitur highlight atau apapun itu. Tolong diperbaiki lagi, beberapa video saya hilang lagunya",3,lumayan bagus tetap ditingkatkan apalagi jangan menghilangkan fitur highlight apapun tolong diperbaiki beberapa video hilang lagunya,-1
Muhammad Qadlizaka,"Ini sistem lagi kenapa , tiap buka instagram notifikasi saya banyak tapi waktu di buka ngk ada dan reels yang saya kirim juga terhapus , tolong di perbaiki secepatnya !!!",1,sistem kenapa tiap buka instagram notifikasi banyak waktu buka ngk dan reels saya kirim terhapus di perbaiki secepatnya,-1
Diezaa,"Ah elah, balikin instagram yg dulu, ribet banget tau gk!! Minta bantuan gk membantu asli, pdhl mau login malah ngirim otp ke nomor lama, sedian kek kirim ke email bisa, mana sekarang nge lag mulu tau gak!!!😡😡",1,ah elah balikin instagram dulu ribet banget tau minta bantuan membantu asli pdhl mau login malah ngirim otp nomor lama sedian kek kirim email mana sekarang nge lag mulu tau,-1
syaikha Aqilah,"Ni apk bagus-bagus aja sii, cuma kenapa kalau bikin igs pake lagu pas di post malah lagu nya kepotong??! Jadi lebih pendek gituuu, padahal udah 15 detikkk tapi hasilnya malah kyk 5 detik 🥲 update 2024, FITUR ARSIP JANGAN DIILANGIN LAH WOOUII",4,ni apk bagus bagus sii cuma kalau bikin igs pake lagu pas post malah lagu nya kepotong jadi lebih pendek gituuu padahal udah detikkk hasilnya malah kyk detik update fitur arsip jangan diilangin lah woouii,0
Faizal umar,"tolong diperbaiki lagi deh, ig makin kesini makin bututt bjir mana kebanyakan ngebug lagi. padal koneksi uda stabil dan parahnya profil lagu tb' gabisa dihapus gegara fiturnya uda ilang tpi di akun org lain tetep ada dan gabisa dihapus sama sekali !! tolong diperbaiki yaa",1,diperbaiki deh ig makin kesini makin bututt bjir mana kebanyakan ngebug padal koneksi uda stabil parahnya profil lagu tb gabisa dihapus gegara fiturnya uda ilang tpi akun org tetep dan gabisa dihapus sama sekali diperbaiki yaa,-1
Hijra A.S,"Mohon bantuannya min, istri saya tidak bisa login akunnya namun data beserta informasi sudah benar, setalah input code selalu diarahkan ke no hp dan email yang beda, akun sudah terkunci, sudah dicoba solusi2nya yang ada di ig tetap tidak bisa, mohon solusinya, untuk saran lebih diperbagus terkait terkunci nya akun",3,mohon bantuannya min istri login akunnya data beserta informasi benar setalah input code selalu diarahkan no hp email beda akun terkunci dicoba solusi nya ada ig tetap tidak bisa mohon solusinya saran lebih diperbagus terkait terkunci nya akun,1
Feyrhen Feyrhen leozhie,"sejauh ini bagus banget aplikasi nya tapi tolong ya untuk font"" terbarunya itu bisa di semua akun mau akun pertama ataupun akun kedua sama fitur"" yang baru di update jg nih bisain dong ke akun yang lain ga harus akun pertama biar para pengguna nyaman untuk sementara ini aku kasih bintang 5 dulu tapi untuk developer nya tolong diperbaiki ya jangan keseringan iklan & bug juga itu bahkan bikin para pengguna jadi ngga nyaman, sama satu lagi untuk fitur"" iPhone nya bisa dong dipindahin ke android jg",5,sejauh bagus banget aplikasi nya font terbarunya semua akun mau akun pertama ataupun akun kedua sama fitur baru update jg nih bisain dong akun lain harus akun pertama biar pengguna nyaman untuk sementara aku kasih bintang dulu untuk developer nya tolong diperbaiki jangan keseringan iklan bug itu bahkan bikin pengguna jadi ngga nyaman sama satu untuk fitur iphone nya bisa dong dipindahin android jg,-1
Haikal Usman,"sedih bngt soalnya akun instagram yang second acc nggak bisa login udah 2 minggu lebih padahal saya udah masukin password yang benar tetapi selalu muncul tulisan ""terjadi kesalahan tak terduga mohon login kembali"" selalu gitu terus saya kesal,tolong lah pihak instagram fix kan lah masalah saya ini,saya sudah cari"" solusi malah ngga ke fix"",sudah segala cara saya coba tetap muncul tulisan seperti itu",1,sedih bngt soalnya akun instagram second acc bisa login udah minggu lebih padahal udah masukin password benar selalu muncul tulisan terjadi kesalahan tak terduga mohon login selalu gitu terus kesal lah pihak instagram fix kan lah masalah ini cari solusi malah ngga fix sudah segala cara coba tetap muncul tulisan itu,0
Laila Karima,Instagram mulai menghapus arsip beberapa story video IG dan mengubahnya menjadi foto. saya jadi berfikir untuk pindah platform jika Instagram tidak punya solusi nya.,3,instagram mulai menghapus arsip beberapa story video ig mengubahnya menjadi foto jadi berfikir pindah platform instagram punya solusi nya,2
dwi amelia,"Tolong pihak Instagram saya memohon agar developer tidak menghapus fitur archive di Instagram karena banyak yang menentangnya, banyak yang sengaja upload story agar bisa disimpan di archive, jika di hapus fitur ini, banyak yang akan uninstall aplikasi ini. Mohon pengertiannya sekali lagi 🙏🏻🙏🏻",3,pihak instagram memohon developer menghapus fitur archive instagram banyak menentangnya banyak sengaja upload story bisa disimpan archive di hapus fitur banyak akan uninstall aplikasi mohon pengertiannya sekali,1
muhamad wais,tolong perbaiki lag saat melihat reel atau postingan. padahak sinyal bagus tapi sering stuk loading atau tiba tiba jeda kayak ga ada sinyal,3,perbaiki lag melihat reel postingan padahak sinyal bagus sering stuk loading tiba tiba jeda kayak ada sinyal,0
Aku dan Diriku,"Minimal kalo gak di sedia in fitur buat ngecek siapa aja yg nge unfol atau gk ge unfol kita di perbolehkan pake apk tambahan lah, ini gk ada fitur nya tapi gk di bolehin pake apk tambahan ya ngerepotin pengguna lah. Tolong tambahin fitur nya jangan cuman buat kebijakan penggunaan doang!!",1,minimal kalo sedia in fitur buat ngecek siapa yang nge unfol tidak ge unfol di perbolehkan pake apk tambahan lah tidak fitur nya tidak di bolehin pake apk tambahan ngerepotin pengguna lah tambahin fitur nya jangan cuman buat kebijakan penggunaan doang,4
Satrio Pandutomo,"Sudah sangat bagus akan tetapi terkadang aplikasi suka eror tidak bisa dibuka sekalinya terbuka kadang keluar dari aplikasi dengan sendirinya, perlu ada peningkatan dari aplikasi instagram ini. Selain itu, kadang suka hapus komentar seenaknya saja padahal tdk menyalahi aturan baik pornografi, caci maki/hinaan, dll hanya karena kebanyakan tag teman buat mengikuti suatu akun kan aneh banget ini.",5,sangat bagus tetapi terkadang aplikasi suka eror bisa dibuka sekalinya terbuka kadang keluar aplikasi sendirinya perlu peningkatan aplikasi instagram selain kadang suka hapus komentar seenaknya padahal tdk menyalahi aturan baik pornografi caci maki hinaan hanya kebanyakan tag teman buat mengikuti suatu akun kan aneh banget,-1
Tempe anakherex,"Kenapa kalo mau ubah sandi udah di link Gmail tapi loading nya lama bgt di tunggu udah mau 2 jam masih tetep loading dan gak cuman aku yang merasakan hal ini orang orang lain juga,tolong pihak Instagram tolong masalah ini di perbaiki secepat mungkin🙏🏻🙏🏻",1,kalo mau ubah sandi udah link gmail loading nya lama banget tunggu udah mau jam tetep loading tidak cuman aku merasakan orang orang juga pihak instagram masalah ini di perbaiki secepat mungkin,-1
Purnama Ningsih,Apknya sangat bagus!! Tapi saya hanya berpesan ini saja. Tolong dongg banyak orang tertipu karna penjualan di ig. Tolong lebih relafan lagi jika akun tersebut beneran berjualan atau penipuan.! Kasian yang jualan lewat ig jadinya ga laku karna banyak yang menipu lewat akun ig.,3,apknya sangat bagus saya berpesan saja dongg banyak orang tertipu karna penjualan ig lebih relafan jika akun tersebut beneran berjualan penipuan kasian jualan lewat ig jadinya laku karna banyak menipu lewat akun ig,-1
Pengguna Google,"IG. Kenapa ga tiba2 Log out ? Dan kenapa Log in harus Autentifikasi? Sudah coba pake Google Autentificator, masih saja ga bisa2 kodenya Apa ada postingan saya yg Melanggar Ketentuan? Melanggar Standar Komunitas? Mohon pencerahannya dan bantuannya. Terima kasih",2,ig tiba log out kenapa log in autentifikasi coba pake google autentificator saja tidak bisa kodenya apa postingan yang melanggar ketentuan melanggar standar komunitas mohon pencerahannya bantuannya terima kasih,-1
Zahra,"Instagram makin lama makin gila dan bodoh. Aplikasi SAMPAH ! jelek. Lebih oke yang tahun 2022 ga ada batasan. Sekarang baru komen sekali aja udah di hapus komennya. Gila bener.. Balikin dong IG versi lama. Gak untung, yg bikin aplikasi jd makin kaya",1,instagram makin lama makin gila bodoh aplikasi sampah jelek lebih oke tahun ada batasan sekarang baru komen sekali udah hapus komennya gila bener balikin dong ig versi lama untung bikin aplikasi jadi makin kaya,-1
Peter Parker,"Instagram sekarang jelek, mau komen apa bnyak kesalahan, apa apa terlalu dibatasi, apa apa di hapus, apa apa diblokir, terlalu banyak batasan bikin emosi, komen gini bisa jadi masukan tdk??? Developer anjiiingg!!! Unistall ig!!!",1,instagram sekarang jelek mau komen apa bnyak kesalahan apa apa terlalu dibatasi apa apa hapus apa apa diblokir terlalu banyak batasan bikin emosi komen gini jadi masukan tdk developer anjiiingg unistall ig,-1
Muamar Sanbaihaqi,"Tolong pulihkan akun instagram saya seperti semua, saya sudah melakukan banding selalu ditolak, saya tidak melakukan konten yg dilarang. Cuma karena postingan saya arsip lalu akun saya di suspend. Makin kesini instagram makin bermasalah dalam sistem tolong perbaiki sistem dan pulihkan akun saya kembali",1,pulihkan akun instagram seperti semua sudah melakukan banding selalu ditolak tidak melakukan konten dilarang cuma postingan arsip lalu akun di suspend makin kesini instagram makin bermasalah sistem perbaiki sistem pulihkan akun kembali,1
Panda Gaming,"Kalo ada iklan di instagram jangan ada unsur 18+ nya nanti kalo umur di bawah 18 tahun pake instagram dan lihat kan jadi gak bagus tolong di ilangin iklannya bukan instagramnya tiap minggu atau tiap hari itu jangan update terus apk indtagramnya,mohon agar di perbaiki lagi aplikasinya",5,kalo iklan instagram jangan unsur nya kalo umur bawah tahun pake instagram lihat kan jadi bagus di ilangin iklannya bukan instagramnya tiap minggu tiap hari jangan update terus apk indtagramnya mohon di perbaiki aplikasinya,4
Ju Eria,Untuk pihak Instagram kenapa akun saya tiba tiba kena banding ya padahal saya ga pernah nge pos2 yang gak gak komen yang gak gak juga engga saya cuman buat scrol scrol reel doang kok. Bisa kaya gini sih tolong ya. Untuk pihak Instagram,1,pihak instagram akun tiba tiba kena banding padahal pernah nge pos tidak komen tidak tidak juga engga cuman buat scrol scrol reel doang kok kaya gini sih ya pihak instagram,-1
Anggara,"Gimana sih ini apk nya malah kek gini apaan dah heran gua mau bikin story aja ga bisa"" padahal udah di-update juga lohh jaringan juga lancar... emang sebagus apa sih jaringan biar bisa upload?? ##(kalo orang nanya tuh jawab jangan dibaca doang)",1,gimana sih apk nya malah kek gini apaan dah heran gua mau bikin story tidak padahal udah update lohh jaringan lancar emang sebagus apa sih jaringan biar upload kalo orang nanya tuh jawab jangan dibaca doang,0
Shofie aulia,"Sumpah yaaa udah berapa kalii ig pertama ku tiba2 keluar sendiri,, tolong dong di tingkatkan lagi kualitas nya, jangan seperti ini terus, mending kalau di verifikasi langsung masuk ke akun nya,, inii pake bug segala lagii..",1,sumpah yaaa udah berapa kalii ig pertama ku tiba keluar sendiri dong tingkatkan kualitas nya jangan ini terus mending kalau verifikasi langsung masuk akun nya inii pake bug segala lagii,-1
Ayesha Aura,"Woi mana ni , kok puny aku gk ad fitur komentar ny katany ad fitur baru kok gk ad, padahal jga udh berkali kali lho diupdate , padahal aku rajin lho update ny tpi kok masih belum ad jga fitur baru komentar ny , gimana ni tolong lh kerjasamany .",2,woi mana ni kok puny aku ad fitur komentar ny katany ad fitur baru kok ad padahal jga berkali kali lho diupdate padahal aku rajin lho update ny tpi kok belum ad jga fitur baru komentar ny gimana ni lh kerjasamany,0
Lukizac channel,"Untuk Instagram, coba pitur VC nya seperti di Whatsapp salah satu video bisa dikecilkan, jangan atas bawah ataupun kiri kanan, ini membuat sangat tidak nyaman",2,instagram coba pitur vc nya di whatsapp salah satu video dikecilkan jangan atas bawah ataupun kiri kanan membuat sangat nyaman,3
acong ok,"Untuk instastory kenapa postingan utama tidak bisa di move paling atas, terdapat notifikasi stiker interaktif tidak bisa ditutupi. Ini sangat mengganggu penggunaan instastory creative. Mohon perbaiki lagi, seperti semula.",1,instastory postingan utama bisa move paling atas terdapat notifikasi stiker interaktif bisa ditutupi sangat mengganggu penggunaan instastory creative mohon perbaiki seperti semula,-1
Sylfi Rahayu,"tolong pihak Instagram,kenapa akun saya tiba""harus aju banding padahal saya tidak pernah melakukan pelanggaran apapun yg kalian buat. suka bug ga jelas,fitur yg kadang ad di Ig pertama kadang gaada di Ig kedua,tolong di perbaiki lagi ya,terimakasih",1,pihak instagram akun tiba aju banding padahal pernah melakukan pelanggaran apapun kalian buat suka bug tidak jelas fitur kadang ad ig pertama kadang gaada ig kedua di perbaiki ya terimakasih,-1
Ahmal Bagus,"akun @ahmall_ barusan di retas, sudah saya usaha untuk mengembalikan, dan mengganti kata sandi. tapi setelah itu tidak bisa login, malah terjadi bug dan keluar dari aplikasi, saya sudah mencoba mencari informasi pelaporan bug, tapi tidak menemukan hasil, tolong bantuannya admin",3,akun barusan retas usaha mengembalikan mengganti kata sandi setelah tidak login malah terjadi bug keluar aplikasi saya sudah mencoba mencari informasi pelaporan bug tidak menemukan hasil bantuannya admin,1
Britney Alexandra,"Duuhhh ig lagi bermasalah kah?? Mohon segera di betulkan lagi ya... Kenapa pada saat saya ingin memposting cerita orang lain malah muncul kata 'Kesalahan' maksudnya gimana? Pdhl wifi lancar lancar aja tuh, memori juga udah saya hapuskan.. Tolong dong segera diperbaiki yah saya jadi tidak leluasa untuk memposting beberapa foto, video, atau cerita orang lain. Terimakasih 🙏🏻🙏🏻",4,duuhhh ig bermasalah mohon segera betulkan ya pada memposting cerita orang malah muncul kata kesalahan maksudnya gimana pdhl wifi lancar lancar tuh memori udah hapuskan dong segera diperbaiki yah saya jadi leluasa memposting beberapa foto video cerita orang terimakasih,-1
Dinda Mp,Kenapa ya setiap Saya ingin mengupdate atau mengupload Story Instagram baik foto ataupun video bakalan sabun atau buram padahal aslinya dari video ataupun foto tersebut hasilnya HD atau jernih terlihat jelas mohon di perbaiki ya terima kasih,1,saya mengupdate mengupload story instagram baik foto ataupun video bakalan sabun buram padahal aslinya video ataupun foto tersebut hasilnya hd jernih terlihat jelas mohon perbaiki ya terima kasih,3
Kurnia aiz,"AKUN INSTAGRAM dengan password yang BENAR, kenapa tidak bisa Log in di satu unit gadget, kondisi sudah upgrade aplikasi. PADAHAL, log in di website laptop bisa, di HP yang lain pun bisa. Mohon solusinya. Terima kasih.",1,akun instagram password benar tidak log in satu unit gadget kondisi upgrade aplikasi padahal log in website laptop di hp lain bisa mohon solusinya terima kasih,1
Hazell,"semua fitur hilang di akun saya, music di profile font story juga hilang, style music di story juga hilang, kenapa bisa gini? sementara di akun teman' saya semua fitu sangat lengkap, mohon bantuannya ya 🙂🙏",1,semua fitur hilang akun music profile font story hilang style music story hilang bisa gini di akun teman semua fitu sangat lengkap mohon bantuannya,1
Zahra Fatim,"Instagram sekarang kenapa ya kalo mau nge post story ig terus niatnya mau bikin highlight malah nge blur klo dilihat pake akun lainnya,tapi kalo pake akun sendiri engga,mohon diperbaiki.Saya jadi males buat upload cerita ig karna ngeblur, terimakasih.",3,instagram sekarang ya kalo mau nge post story ig terus niatnya mau bikin highlight malah nge blur klo dilihat pake akun lainnya kalo pake akun sendiri engga mohon diperbaiki jadi males buat upload cerita ig karna ngeblur terimakasih,4
Dania Rachel Sihombing,kenapa musik yg di profil tiba' hilang? padahal susah ditambahkan. mau ganti musik jadi tidak bisa gara' pilihan musiknya hilang.,2,musik di profil tiba hilang padahal susah ditambahkan mau ganti musik jadi bisa gara pilihan musiknya hilang,-1
Sri Maharani,Tolong dong pertimbangan penghapusan arsip story. Pengguna mau selametin gimana lagi story video foto yg udah dipost di Instagram. Bahkan punya saya banyak banget yg udah kekonversi jadi foto. Dan ada yg udah hilang kehapus total tanpa ada pemberitahuan apa2 terlebih dahulu. Please lebih baik hapus aja fitur lain yang kurang berguna. Kalo arsip ini ya sangat amat berguna.,3,dong pertimbangan penghapusan arsip story pengguna mau selametin gimana story video foto udah dipost instagram bahkan punya banyak banget udah kekonversi jadi foto ada udah hilang kehapus total ada pemberitahuan apa terlebih please lebih baik hapus fitur yang kurang berguna kalo arsip ya sangat berguna,2
Laura Angels M.,"Tolong arsip IG jangan dihapus/diubah, banyak arsip stories saya yang sudah tidak bisa dilihat. Saya sudah unduh/transfer informasi malah zipnya tidak bisa dibuka medianya. Tolong bgt, bisa tidak yang lain aja, jangan arsip IG yg dihapus🙂",1,arsip ig jangan dihapus diubah banyak arsip stories dilihat sudah unduh transfer informasi malah zipnya tidak dibuka medianya banget bisa tidak lain jangan arsip ig yang dihapus,2
Putrie abik,"dislike, masa stiap bikin akun gabisa,pas mau login dari akun yg sudah ada masukin password malah inconnect rusak ni Instagram bug nya tolong benerin dong masa update kaga jls perubahan itu2 aja perhatiin dong bagian login² nya udh bener masukin username password malah gabisa,aneh.",1,dislike masa stiap bikin akun gabisa pas mau login akun masukin password malah inconnect rusak ni instagram bug nya benerin dong masa update kaga jls perubahan saja perhatiin dong bagian login nya sudah bener masukin username password malah gabisa aneh,-1
Jihan Aulia,"Lama-lama dibikin kesel sumpah soalnya login aja gak bisa mau bikin akun lagi tapi malah muncul ""halaman tidak tersedia"" maksudnya apaa login pake akun google gak bisa bikin akun lain gak bisa udah dari lama loh ini hampir 2 tahun ada lah masa gak coba diperbaiki, pastinya banyak yang ngalamin",1,lama lama dibikin kesel sumpah soalnya login mau bikin akun tapi malah muncul halaman tersedia maksudnya apaa login pake akun google bikin akun tidak bisa udah lama loh hampir tahun lah masa tidak coba diperbaiki pastinya banyak ngalamin,0
Sanita Nita,"Kenala sangat sulit untuk login di username saya, bagaimana cara loginnya biasanya pakai imel bisa skrng knapa harus verifikasi pake no hp sedangan no hp sudah nonaktif/kadaluarsa bagaimana instagram saya kesulitan login!!! Padahal biasanya login pake imel saja sudah bisa masuk sekarang kenapa tidak bisa dan finishnya harus masukkan kode yg di kirim ke nomor hp lama yg sudah tidak aktif????",1,kenala sangat sulit login username bagaimana cara loginnya biasanya pakai imel skrng knapa verifikasi pake no hp sedangan no hp nonaktif kadaluarsa bagaimana instagram kesulitan login padahal biasanya login pake imel sudah masuk sekarang dan finishnya masukkan kode di kirim nomor hp lama sudah tidak aktif,1
Kuyung sun,Kk kenapa ya ig orang lain ada tambahkan komentar di samping kirim pesan kok punya aku ngk ada kayak gitu cuma ada 2 kirim pesan sama love yang tambahkan komentar itu ngk ada padahal selalu di update,3,kk ya ig orang tambahkan komentar samping kirim pesan kok punya aku ngk kayak gitu cuma kirim pesan sama love tambahkan komentar ngk ada padahal selalu update,0
mellody hilyatul awliya,kenapa kalo aku bikin lebih dari satu akun pasti salah satu akunnya modelnya terlama gitu belum terupdate ke versi barunyaa.. please yahh tolong di perbarui update annya biar semuanya ter update akun akun yang lainnya. oh ya bisa tolong updatekan akun saya @2708dump.__,5,kalo aku bikin lebih satu akun salah satu akunnya modelnya terlama gitu terupdate versi barunyaa please yahh di perbarui update annya biar semuanya ter update akun akun lainnya ya tolong updatekan akun,0
Pak Diyan,"Mudah digunakan, user interface yang intuitif. Meskipun, kadang ada masalah dalam upload story seperti story lemot dan lainnya. Tapi bisa dimaklumi",5,mudah digunakan user interface intuitif meskipun kadang masalah upload story story lemot lainnya bisa dimaklumi,-1
Rafidah Fida,"Awalnya akun yg sering dipake dapat font terbaru terus 2 akun yg lain ga update fontnya eh ga lama ketukar 2 akun yg lain fontnya update sekarang first acc malah teubah jadi font lama, sebel bgt kenapa sih ko beda beda tiap akun. Padahal kalau update ig selalu yg first acc yg nyangkut di ig biar terupdate eh tetep aja sama. Mohon perbaikannya dong",3,awalnya akun sering dipake font terbaru terus akun lain update fontnya eh lama ketukar akun lain fontnya update sekarang first acc malah teubah jadi font lama sebel banget sih ko beda beda tiap akun padahal kalau update ig selalu first acc nyangkut ig biar terupdate eh tetep sama mohon perbaikannya dong,-1
Ros Mawaty,"kenapa pas mau di buka ""instagram terus berhenti"" pdhl penyimpan an msi banyak jaringan internet bagus lancar, udh bbrpa kali di instal ulang ttep aja gtuu biasanya juga ngga gmna siee tolongg dng perbaiki msa ngebug lma amatt",4,pas mau buka instagram terus berhenti pdhl penyimpan an msi banyak jaringan internet bagus lancar bbrpa kali instal ulang ttep gtuu biasanya ngga gmna siee tolongg dng perbaiki msa ngebug lma amatt,0
DESTIANI MAULIDYA MUFI,"Instagram yg sekarang, gak seperti Instagram yg dulu, mau ikutan giveaway aja susahnya minta ampun, bentar² kena blokir, banned, sampai² akun-ku sampai hilang, gak ngerti lagi sama aplikasi ini 😡😡😡",1,instagram sekarang seperti instagram dulu mau ikutan giveaway susahnya minta ampun bentar kena blokir banned akun ku hilang ngerti sama aplikasi,0
Juita Patabang,"Cinta banget sama ni aplikasi, tapi plisslah kenapa fitur lagu di bio profil hilang? Perbaiki bug ini biar dapat bintang 5:))",2,cinta banget sama ni aplikasi plisslah fitur lagu bio profil hilang perbaiki bug biar bintang,-1
marshandaamelia17,"gabisa masuk aplikasi ini sama skali padahal udh update pas masuk apk malah ada tulisan ""terjadi kesalahan yang tidak terduga, coba lagi nanti"" udh saya coba berkali kali malah ttep aja sama, gimana deh.",3,gabisa masuk aplikasi sama skali padahal update pas masuk apk malah tulisan terjadi kesalahan tidak terduga coba nanti saya coba berkali kali malah ttep sama gimana deh,-1
Dwie Ony,Min kenapa akun ku ditampilannya masih tampilan lama ya ? Padahal sudah update ke versi paling baru.. font dan fiturnya juga belum berubah..,2,min akun ku ditampilannya tampilan lama padahal update versi paling baru font fiturnya belum berubah,0
achmad fadhly,"Tolong donk kak balikin fitur yg dulu,dulu bisa login pke Facebook otp dikirim ke WhatsApp tpi knp ada tulisannya TDK dpt login sedang bermasalah suruh tunggu bbrp menitnya ini luar biasa bngt lama bngt GK login²",1,donk kak balikin fitur dulu dulu login pke facebook otp dikirim whatsapp tpi knp tulisannya tdk login sedang bermasalah suruh tunggu bbrp menitnya luar biasa bngt lama bngt login,0
Riska Apriliana,"sejujur nya setelah update, aku malah sedih karena filter tokyo dan rio de janeiro nya ga sepekat yang dulu, filter tokyo dulu bagus banget sedangkan sekarang malah aneh dan ga se gelap dulu, rio de janeiro pun sama, ga sepekat dulu lagi, saya cuma mau filter kedua favorit saya itu kembali seperti semula",2,sejujur nya update aku malah sedih filter tokyo rio de janeiro nya sepekat dulu filter tokyo dulu bagus banget sekarang malah aneh se gelap dulu rio de janeiro sama tidak sepekat dulu cuma mau filter kedua favorit saya itu seperti semula,4
Tuti Andaryatni,"Saya senang ke Optik Manding krn kalau janjian tepat waktu, pelayanannya baik, ramah. Tidak hanya menjual prodak sayatetapi memberikan solusi yg tepat dan terbaik.",5,senang optik manding kalau janjian tepat waktu pelayanannya baik ramah hanya menjual prodak sayatetapi memberikan solusi tepat terbaik,-1
Desi Yani,Kenapa Instagram ku ngk bisa lihat story diawal berandaku...trus yg diarsipkan jg ngk bisa dilihat diarsipkan...hilang...trus cerita arsip jg ngk bisa dibuka krna crta tdk tersedia. Pdahal fto saya musik saya tetap aj ngk bisa ..Tolong Admin Instagram bantu akun saya🙏banyak sekali masalah Ig saya,2,instagram ku ngk lihat story diawal berandaku trus diarsipkan jg ngk dilihat diarsipkan hilang trus cerita arsip jg ngk dibuka krna crta tdk tersedia pdahal fto musik tetap aj ngk tolong admin instagram bantu akun banyak sekali masalah ig,0
Ss Auren,"GAJELAS!! TIBA TIBA DITANGGUHKAN DENGAN ALASAN YANG TIDAK ADA BUKTINYA!! Akun saya ditangguhkan ""dikarenakan menjual obat2an terlarang dan barang2 atau senjata terlarang"" Padahal isi akun saya hanya foto2 saya. Saya dapat email untuk meninjau akun saya sampai 10 maret 2025, tapi dinonaktifkan permanen tanggal 11 september tanpa melihat apa yang salah pada akun saya. Kecewa berat!!",1,gajelas tiba tiba ditangguhkan alasan tidak buktinya akun ditangguhkan dikarenakan menjual obat an terlarang barang senjata terlarang padahal isi akun hanya foto email meninjau akun sampai maret dinonaktifkan permanen tanggal september melihat apa salah akun saya kecewa berat,1
Rafani,Tambahin fitur yang lebih berguna kek biar tahu orang yang mengunfollow kita dan tidak mengikuti kita balik biar ga cape ngecek satu2 soalnya org2 suka nge unfollow pdhl bukan seleb. Sama adain fitur postingan ulang kalo bisa wkwkkw,1,tambahin fitur lebih berguna kek biar tahu orang mengunfollow dan mengikuti balik biar cape ngecek satu soalnya org suka nge unfollow pdhl bukan seleb sama adain fitur postingan ulang kalo wkwkkw,-1
Abil,"Update malah error, DM ga jalan, kirim text DM ga kekirim tapi gambar bisa padahal jaringan normal dan aplikasi lain lancar aja",1,update malah error dm jalan kirim text dm kekirim gambar padahal jaringan normal aplikasi lancar,-1
Var Syafar,Kok mau upload foto mode landscape berubah jd mode potret dan tdk bisa diedit atau diatur. Makin bnyak bugnya instagram,3,kok mau upload foto mode landscape berubah jadi mode potret tdk diedit diatur makin bnyak bugnya instagram,3
Yoesary_1308,"Kenapa sihh instagram sekarangg, banyak bangett bug nya, herann. Disuruh update, giliran mau di update tapi gabisa di update, gitu gitu aja teruss, padahal bukan karena masalah penyimpanan, ganggu bangett. Tolong diperbaiki bug nya🙏🏻",2,sihh instagram sekarangg banyak bangett bug nya herann disuruh update giliran mau update gabisa update gitu gitu teruss padahal bukan masalah penyimpanan ganggu bangett diperbaiki bug nya,0
Ayu Wulandari,"setelah di-update banyak fitur yang ga bisa muncul padahal sudah disetting, contohnya musik yang ada di bawah profil, awalannya bisa tapi lama lama ilang sendiri harus setting terus, giliran disetting ulang ga muncul itu musiknya",3,update banyak fitur muncul padahal disetting contohnya musik ada di bawah profil awalannya tapi lama lama ilang sendiri setting terus giliran disetting ulang tidak muncul musiknya,-1
lissa Melissa Zauhari,Kalau sudah di update ..kenapa banyak yg hilang .icon efek tampilan baru font di story pun malah hilang ..malah jadi tampilan yg lama ..trus kemana fitur efek di pengeditan gambar di bagian story malah pada dihilangkan..,1,kalau update banyak hilang icon efek tampilan baru font story malah hilang malah jadi tampilan lama trus fitur efek pengeditan gambar di bagian story malah dihilangkan,-1
Eko Anega,Tolong pihak instagram direspon bahwa Instagram sehabis update malah gak bisa dibuat ngirim chat sama sekali cuman bisa ngirim gambar..mohon segera direspon dan ditindak lanjuti masalah ini 🙏🏻,1,pihak instagram direspon instagram sehabis update malah dibuat ngirim chat sama sekali cuman bisa ngirim gambar mohon segera direspon ditindak lanjuti masalah,-1
Sepgia Gia,AQ udh download tp masa ga bisa masuk alesan Instagram ada masalah di Indonesia coba pake bahasa Inggris pas AQ coba bahasa Inggris tetep ja ga bisa suruh coba trus sampe berhari hari AQ kasih 2 dulu bintang nya nanti kalo saya udh bisa masuk baru saya tambah lagi bintang nya,2,aq download masa masuk alesan instagram masalah indonesia coba pake bahasa inggris pas aq coba bahasa inggris tetep ja bisa suruh coba trus sampe berhari hari aq kasih dulu bintang nya kalo sudah bisa masuk baru tambah bintang nya,-1
Rasidcoy Rasidcoy,Tolong diperbaiki lagi update selanjutnya kenapa disaat bikin sg video yang dikasih musik dari app nya kadang gak mau tersimpan ke galeri dan gak bisa di dowload sg nya,2,diperbaiki update selanjutnya disaat bikin sg video dikasih musik app nya kadang mau tersimpan galeri tidak di dowload sg nya,0
Sabb Onlyy,"Ad masalah cokk tiba² barusann,pas lagi asik² liat follow an malah keluar aplikasi,trus pas dibuka lagi ga bisa,cuma layar itemm,KLARIFIKASII INSTAGRAMM!!",3,ad masalah cokk tiba barusann pas asik liat follow an malah keluar aplikasi trus pas dibuka tidak cuma layar itemm klarifikasii instagramm,0
Risma Nanda putri,"Saya mengalami kendala tidak bisa mengakses akun saya sendiri karna kode keamanan 2 faktor sedangkan nomor ponsel yg saya cantumkan itu sudah mati. Dari instagram juga tidak ada fitur yg bisa membantu permasalahan saya ini. Saya sangat kecewa sekali karna ini mempersulit media komunikasi saya di sosial media. saya kecewa sekali pihak instagram tidak pernah menanggapi keluhan saya, tidak ada fitur satupun yg membantu kendala saya ini. tolong di perbaiki lagi aplikasinya",1,mengalami kendala bisa mengakses akun sendiri karna kode keamanan faktor nomor ponsel cantumkan sudah mati instagram fitur bisa membantu permasalahan sangat kecewa sekali karna ini mempersulit media komunikasi di sosial media kecewa sekali pihak instagram tidak pernah menanggapi keluhan tidak fitur satupun membantu kendala saya ini di perbaiki aplikasinya,1
IPULBATE Bate,"Instagram membantu saya untuk mengenali orang sekitar dengan mudah ,dan juga saya dapat mencari kata motivasi di Instagram dengan sangat mudah hanya ini saja yang dapat saya katakan tentang Instagram selebihnya tambahkan lebih banyak fitur di Instagram.",5,instagram membantu untuk mengenali orang mudah juga mencari kata motivasi instagram dengan sangat mudah ini yang dapat saya katakan instagram selebihnya tambahkan lebih banyak fitur instagram,1
Cintasa Erwin,"Pdhl apk nya bagus tp tolong diperbaiki ya habis dowoloand ig ini WhatsApp saya pas pesan suara jadi eror suaranya,,habis ig nya saya hps lgi udh normal lagi suaranya",2,pdhl apk nya bagus tolong diperbaiki habis dowoloand ig whatsapp pas pesan suara jadi eror suaranya habis ig nya hps lgi normal suaranya,-1
Riski Nur Rahman,"Vidio yg di unggah menjadi lelet tidak sesuai dengan lagu/sound ,paling sering di bagian unggah video di status/cerita",2,vidio unggah menjadi lelet sesuai lagu sound paling sering bagian unggah video di status cerita,3
Farhan Salmaniar,"Tolong diperbaiki lagi aplikasinya,aneh fitur² yang tersedia kadang suka hilang,terus juga cuma tersedia di beberapa second account,ga merata ke semua akun,misalnya fitur music di bio tadinya ada sekarang tiba² hilang,kadang juga lagu yang sudah dipasang suka hilang tiba²,aneh masih banyak bug kalo bisa diperbaiki",2,diperbaiki aplikasinya aneh fitur tersedia kadang suka hilang terus cuma tersedia beberapa second account merata semua akun misalnya fitur music bio tadinya sekarang tiba hilang kadang lagu sudah dipasang suka hilang tiba aneh banyak bug kalo diperbaiki,-1
Richard Hayon,"Instagram saya sudah dibanet oleh pihak INSTAGRAM sendiri sejak 2 September 2024. Perlu diketahui Instagram saya adalah Official Instagram sejak 2017. Saya tidak pernah ngapa2in tiba2 kog dibatasi tanpa alasan. Dan saya bahkan langsung mengajukan banding waktu itu dgn mengirimkan ID saya. Namun hingga hari ini sudah satu bulan lebih, pihak INSTAGRAM tidak pernah menindaklanjuti pengajuan saya. Saya sangat kecewa.",1,instagram sudah dibanet pihak instagram sendiri sejak september perlu diketahui instagram adalah official instagram sejak pernah ngapa in tiba kog dibatasi alasan bahkan langsung mengajukan banding waktu dengan mengirimkan id namun hingga hari sudah satu bulan lebih pihak instagram tidak pernah menindaklanjuti pengajuan saya saya sangat kecewa,1
shin chan,"udah ajukan banding account sampai disuruh ngerekam video tapi ngga bisa sama sekali padahal udah diulang berkali kali. padahal ngga ngapa ngapain juga di ig tapi pas buka ig tiba tiba akunnya gabisa, tolongggg diperbaiki!!!!!",1,udah ajukan banding account disuruh ngerekam video ngga sama sekali padahal udah diulang berkali kali padahal ngga ngapa ngapain di ig pas buka ig tiba tiba akunnya gabisa tolongggg diperbaiki,0
Robet Van Royen,"Sejak Hari ini saya mengupdate versi Instagram yang baru,saya buka beranda dan nge freeze terus keluar lagi dari aplikasi,padahal jaringan saya berjalan dengan baik,buat developer tolong perbaiki masalah ini secepatnya.",1,sejak hari mengupdate versi instagram baru buka beranda nge freeze terus keluar dari aplikasi padahal jaringan saya berjalan baik buat developer perbaiki masalah secepatnya,-1
Mar Linsyah,"kenapa beberapa fiture gak muncul di akun pertama sedangkan di akunke2 muncul semua , tolong segera diperbaiki + kalau post story kenapa kdg g bisa trus muncul tulisan ""kesalahan"" anj",1,beberapa fiture muncul akun pertama di akunke muncul semua segera diperbaiki kalau post story kdg g trus muncul tulisan kesalahan anj,-1
Livia Rhea A,"lemot sekali setelah di update, sudah unistall dan install ulang berkali2 tetap sama aja... 😞😞😞 buka aplikasi lain aman2 saja dgn sinyalnya.",2,lemot sekali di update unistall install ulang berkali tetap sama buka aplikasi aman dengan sinyalnya,-1
miftakhul faqih,untuk developer udah bagus fitur dan argoritmanya nyatanya aplikasi ini bisa bertahan dan tetep sebagai sumber informasi tapi di harapkan bisa memantau jika ada penjualan lewat aplikasi Instagram masih bayak penipuan dan lain lain harap di perhatikan apabila berjualan seharusnya di amankan seperti aplikasi jualan lainya yg mengedepankan pelanggan...terkadang terdapat beberapa akun bisnis namun menutup komen sehingga pelanggan yg tidak tahu apakah akun tersebut aman atau tidak menjadi ragu,3,developer udah bagus fitur argoritmanya nyatanya aplikasi bertahan tetep sumber informasi harapkan bisa memantau ada penjualan lewat aplikasi instagram bayak penipuan lain harap di perhatikan apabila berjualan di amankan aplikasi jualan lainya mengedepankan pelanggan terkadang terdapat beberapa akun bisnis menutup komen pelanggan tidak tahu akun tersebut aman tidak menjadi ragu,1
Ahmad Nasoha,"Udah 3 hari ngadat ,buka reals macet vidio nya ,buka postingan sama , hadeeh entah bug atau kek mana ? Tapi untuk divice sendiri ok , buat liat apk lain lancar lancar aja , terutama buka sosial media yg lain kek tiktok 💁🏼 tolong lah...",1,udah hari ngadat buka reals macet vidio nya buka postingan sama hadeeh entah bug kek mana untuk divice sendiri buat liat apk lancar lancar terutama buka sosial media lain kek tiktok lah,0
Hirhaisya,"Tolong yaa!!! Akun saya sering hilang padahal saya ngak ngapa ngapainnn, Instagram sekarang gak kayak duluu, tolong yaa di perbaiki lagii dan dipilih2 lagii jangan main menonaktifkan akun orng dulu, disitu bnyk kenangannya malah dinonaktifkan, tolongg ini di notice yaa",2,yaa akun sering hilang padahal ngak ngapa ngapainnn instagram sekarang kayak duluu yaa perbaiki lagii dipilih lagii jangan main menonaktifkan akun orng dulu disitu bnyk kenangannya malah dinonaktifkan tolongg di notice yaa,-1
sultan pro,"Entah kenapa akhir akhir ini reels sering ga ke load sama juga kaya postingan, padahal koneksi lancar saat nonton youtube, pas buka ig malah ga keload kontennya saya harap segera diperbaiki",1,entah akhir akhir reels sering ke load sama kaya postingan padahal koneksi lancar nonton youtube pas buka ig malah keload kontennya harap segera diperbaiki,0
Nana Sukarna,Setiap.kali liat video reels video suka berhrnti sendiri padahal sinyal bagus tolong bug nya segera di perbaiki demi kenyamanan pengguna🙏,3,kali liat video reels video suka berhrnti sendiri padahal sinyal bagus bug nya segera perbaiki kenyamanan pengguna,0
Andrianto Ramadhani,"Halo Instagram, kenapa fitur terupdate Instagram di main acc saya tidak dapat digunakan/tidak ada, sedangkan di second acc saya fitur terupdate tersedia semua. Mohon tanggapannya, saya sudah melaporkannya melalui aplikasi Instagram langsung, tapi belum ada tanggapannya.",2,halo instagram fitur terupdate instagram main acc digunakan tidak di second acc fitur terupdate tersedia semua mohon tanggapannya sudah melaporkannya melalui aplikasi instagram langsung belum ada tanggapannya,-1
Lulu Zahirah,"imi gimana si aplikasinya? saya kan punya akun 3, nah tiba tiba keluar sendiri, disitu bacaannya saya telah keluar dari akun tersebut, pada saat saya login kembali di ketiga akun saya, beberapa hari kemudian terjadi lagi hal seperti itu. tolong perbaiki bug nya ya🙏🏻 terimakasih.",3,imi gimana si aplikasinya kan punya akun nah tiba tiba keluar sendiri disitu bacaannya telah keluar akun tersebut saat login di ketiga akun beberapa hari kemudian terjadi hal itu perbaiki bug nya terimakasih,-1
Iqbal Muhammad,"Saya kehilangan akses untuk login melalui hp,nomor,dan email....tetapi saya hafal dengan nama akun dan sandi Instagram,lalu saya mencoba login melalui nama akun dan sandi tetapi tidak bisa.....menurut saya aplikasi Instagram harus di-update untuk menghapus bug'' yang mengganggu kenyamanan penggunanya",1,kehilangan akses login melalui hp nomor email hafal nama akun sandi instagram lalu mencoba login melalui nama akun sandi tidak menurut saya aplikasi instagram di update menghapus bug mengganggu kenyamanan penggunanya,-1
MUHAMMAD RIFQI FAUZAN,"Logika search buat lagu nya aneh, masa udah nyari dengan judul yang benar (bahkan disertai penyanyi nya) tetep gak ketemu lagu yang ingin dicari...",4,logika search buat lagu nya aneh masa udah nyari judul benar bahkan disertai penyanyi nya tetep ketemu lagu ingin dicari,0
Pengguna Google,"Lagi scroll ig, tiba2 muncul notif anda sudah log out dan ketikaa login gak bisa, ada tulisan tidak dapat login ada kesalahan tidak terduga cobalah login lagi. Udah login lagi dengan pass beda tulisan sama",1,scroll ig tiba muncul notif sudah log out ketikaa login bisa tulisan dapat login kesalahan terduga cobalah login udah login dengan pass beda tulisan sama,1
Novelia Ardianti,"Kurang suka sama Instagram yg sekarang, kenapa terlalu banyak yg dikurangin? Mau ganti lagu gak bisa, terus yaa pokoknya gak nyaman sama IG yg sekarang. Harusnya update itu menjadi lebih baik, ini malah... Ah entahlah ☹️",3,kurang suka sama instagram sekarang terlalu banyak dikurangin mau ganti lagu bisa terus yaa pokoknya nyaman sama ig sekarang harusnya update menjadi lebih baik malah ah entahlah,-1
Faiz Rosyad,"tolong, jika mau upload reels ke story jangan cuma 15dtk Dev... atau kalo engga gtu, bisa dipangkas/diatur gitu bila mau upload reels yang panjang ke story, hehe",5,jika mau upload reels story jangan cuma dtk dev kalo engga gtu dipangkas diatur gitu bila mau upload reels panjang story hehe,-1
Fita Gmgch,Instagram aneh bgt paket gue banyak malah lag gue sampe rugii beli paket Instagram lagi masih aja lag foto foto ngga kebuka buka apk lain lancar lancar aja kenceng instgram doang yg payah sampe unistal download berkali kali parah si,2,instagram aneh banget paket gue banyak malah lag gue sampe rugii beli paket instagram masih lag foto foto ngga kebuka buka apk lancar lancar kenceng instgram doang payah sampe unistal download berkali kali parah si,0
Pengguna Google,"Instagram kenapa loading nya lama??? Kuota ada, tp pas ganti pake wifi lancar² aja...tp kenapa pas tidak pake wifi jam pasir, sudah di update, hpus chace, tp ttp jam pasir???? Instagram kenapa kah dng dirimu?????",1,instagram loading nya lama kuota pas ganti pake wifi lancar tapi pas pake wifi jam pasir di update hpus chace tapi ttp jam pasir instagram kah dng dirimu,0
Ajeng Novita,"ini kenapa Ig load aja ya buat buka vidio"" smaa SG orang habis di update???padahal buat buka aplikasi lain sinyal nya lancar ga loadd.tolong deh di perbaiki jangan error kek gini dong",2,kenapa ig load ya buat buka vidio smaa sg orang habis update padahal buat buka aplikasi sinyal nya lancar loadd deh perbaiki jangan error kek gini dong,0
Nando Gans,Saya mengalami masalah pada fitur musik frofil di akun saya.masalah nya ialah fitur nya hilang pada akun saya ketika saya berpindah akun ke 2 saya. fitur nya ada tetapi di akun utama saya tidak ada Mohon perbaikan nya!,2,mengalami masalah fitur musik frofil akun masalah nya ialah fitur nya hilang akun ketika berpindah akun fitur nya tetapi akun utama saya tidak mohon perbaikan nya,-1
Griyo Orion Malang,Halo Instagram... Mengapa sekarang jika postingan video rasionya nampak terlalu melebar sehingga gambar video terpotong atau terlihat melebihi rasio ukuran layar ? Mohon diperbaiki seperti awalnya dulu ....🙏,1,halo instagram sekarang postingan video rasionya nampak terlalu melebar gambar video terpotong terlihat melebihi rasio ukuran layar mohon diperbaiki awalnya dulu,-1
Salsabila Adja,"Ini kenapa ya kok ig saya udh hmpir seminggu ini g bisa dibuka, padahal kuota saya masih banyak dan lancar² aj utk buka apk lain, cuma apk ini aj yang g bisa, padahal udh saya update, bisa tolong diperbaiki segera?!",1,kenapa kok ig hmpir seminggu g dibuka padahal kuota masih banyak lancar aj buka apk cuma apk aj g padahal sudah saya update tolong diperbaiki segera,-1
Jimmy Saputra,"Sangat mengecewakan instagram seminggu ini, ngelag gk jelas padahal aplikasi lain berfungsi dengan normal dan sinyal aman-aman saja.",1,sangat mengecewakan instagram seminggu ngelag jelas padahal aplikasi berfungsi normal sinyal aman aman,-1
Irsula Ramadan,Instagram sangat bagus untuk berkomunikasi berkomunikasi dengan teman-teman dan bisa mengenal banyak orang semoga Instagram terus meningkat dan maju sehingga kedepannya dan lebih banyak lagi yang menggunakan aplikasi Instagram ini.,5,instagram sangat bagus berkomunikasi berkomunikasi teman teman bisa mengenal banyak orang semoga instagram terus meningkat maju kedepannya lebih banyak yang menggunakan aplikasi instagram,1
Adam Mulya,"Sangat kagum karena bisa menembus banyak pengguna melihat menonton apa yang kita share. Sehingga mempermudah cara kita berpromosi. Sayangnya jika ingin lebih bnyk menjangkau pengguna IG lainnya, harus berbayar.",5,sangat kagum bisa menembus banyak pengguna melihat menonton apa share mempermudah cara kita berpromosi sayangnya ingin lebih bnyk menjangkau pengguna ig lainnya berbayar,1
Pasha Nur Aziza,Halo saya punya masalah akun tiba tiba logout dan gabisa login karena harus pake kode login a2f yang ga pernah aku aktifin pake kode cadangan pun gatau sudah coba beberapa cara tetap tidak bisa login aku kasi bintang 5 kalo akun ku dah bisa login,1,halo punya masalah akun tiba tiba logout gabisa login harus pake kode login a f pernah aku aktifin pake kode cadangan gatau coba beberapa cara tetap tidak login aku kasi bintang kalo akun ku dah bisa login,0
Yudi Wirasena,"Iklan judi Online makin merajalela.Lelet sekali cuma muter2,saya pikir jaringan tempatku yang lelet,rupanya setelah baca komentar2 d sini, bnyk yg mengeluhkan jg, ternyata Lelet.",1,iklan judi online makin merajalela lelet sekali cuma muter pikir jaringan tempatku lelet rupanya baca komentar d sini bnyk mengeluhkan jg ternyata lelet,-1
Wong Sepele,"Ini kenapa akun ig ku kok gak bisa login malah disuruh banding,mana udah di banding malah gak masuk masuk.padahal itu akun ig awal saya mana banyak kenangan nya lagi tolong dong ini gimana solusi nya udah 1minggu lagi",1,kenapa akun ig ku kok bisa login malah disuruh banding mana udah banding malah masuk masuk padahal akun ig awal mana banyak kenangan nya tolong dong gimana solusi nya udah minggu,0
Rama Adi,"Setelah update aplikasi terbaru, justru respon membuka foto and video jadi lambat, bukan karena jaringan internet, ketika saya membuka aplikasi lain lancar jaya, namun ketika membuka instagram respon foto and video jadi lambat",1,update aplikasi terbaru justru respon membuka foto and video jadi lambat bukan jaringan internet saya membuka aplikasi lancar jaya ketika membuka instagram respon foto and video jadi lambat,-1
Puji Laksono,"Untuk pihak ig tolong ya diperbaiki masalah di apk nya,saya mau daftar akun ig tiba tiba muncul tulisan ""halaman ini tidak tersedia"" tolong cepat diperbaiki ya terima kasih🙏",1,pihak ig diperbaiki masalah apk nya mau daftar akun ig tiba tiba muncul tulisan halaman tidak tersedia cepat diperbaiki ya terima kasih,1
ARIEF DHARMADI,"Algoritmanya gimana sih, konten akun saya gak pernah diboost, coba cek akun terasexperience kalau memang gak bervalue jgn diboost kontennya. At least kalau kontennya bervalue tolong boost kontennya setidaknya 1 konten its oke.",4,algoritmanya gimana sih konten akun pernah diboost coba cek akun terasexperience kalau memang tidak bervalue jgn diboost kontennya at least kalau kontennya bervalue boost kontennya konten its oke,-1
Qaishar Zhafir Afkar,"Saya senang menggunakan sosial media ini, akan tetapi saya sering menemukan bug terutama saat melihat postingan atau story Ig sepertinya itu saja terimakasih.",4,senang menggunakan sosial media akan saya sering menemukan bug terutama melihat postingan story ig sepertinya saja terimakasih,-1
Alcleandro C.N,"Semakin hari semakin jelek, sejak dulu hingga sekarang bug error login tidak pernah diselesaikan / dituntaskan. Selalu saja tidak bisa login, perkara sinyal jelek / tidak ada respon login...",1,semakin hari semakin jelek sejak dulu hingga sekarang bug error login pernah diselesaikan dituntaskan selalu login perkara sinyal jelek tidak ada respon login,-1
Owen,tolong diperbaiki dong kenapa Instagram aku ga bisa post foto 16:9 dan ga bisa kolaborasi postingan😩😩😩 udah berkali-kali report problem tapi ga terselesaikan sampe sekarang,3,diperbaiki dong instagram aku post foto tidak bisa kolaborasi postingan udah berkali kali report problem tidak terselesaikan sampe sekarang,-1
Dinda Putri,"Bagus apk nyaa.. Tapi tambahin efek nya dong biar mirip snow, sekarang jadi banyak yg pindah ke snow soalnya lebih cantik,bagus,dll. Jadi ubah yaa makasih 🙏🏻",5,bagus apk nyaa tambahin efek nya dong biar mirip snow sekarang jadi banyak pindah snow soalnya lebih cantik bagus jadi ubah yaa makasih,4
ENOS HAREFA PRODUCTION,Tolong dong buat instagram..... Setiap saya mengupload story.... Mau dia foto atau video selalu lag (lama) padahal sinyal saya bagus..... Tolong di perbaiki,1,dong buat instagram mengupload story mau foto video selalu lag lama padahal sinyal saya bagus di perbaiki,0
Piraa,"perbaikan bug login, saya sudah sering tiba-tiba keluar sendiri dari akun saya. dan juga sandi yang sebelumnya tidak dapat dipakai, padahal saya tidak menganti sandi.",1,perbaikan bug login sudah sering tiba tiba keluar sendiri akun dan sandi sebelumnya dapat dipakai padahal tidak menganti sandi,1
Imelda Chandra,Ini ig gimana ya kasih tautkan k fb kemarin-kemarin masih ada kolom log in with fb ini sekarang tidak ada lalu sy tdk bkn id sm pass kalau dak bisa konsisten jgn di buat seperti itu,1,ig gimana kasih tautkan k fb kemarin kemarin ada kolom log in with fb sekarang ada lalu sy tdk bkn id sama pass kalau dak konsisten jgn buat itu,0
Irsyad Badriyansyah,"Setelah di update ke versi terbaru jadi aneh, nonton reels cuma jalan sebentar abis itu macet, padahal jaringan lancar",1,di update versi terbaru jadi aneh nonton reels cuma jalan sebentar abis macet padahal jaringan lancar,0
Alex Sandro,"Tolong instagram, tambahkan fitur meludah. Soalnya banyak konten2 yang mengundang ingin memukul, mencaci dan ingin menganu. Wkwkwkkwk",5,instagram tambahkan fitur meludah soalnya banyak konten mengundang memukul mencaci ingin menganu wkwkwkkwk,-1
Rizkia Rizkia,"bagus si cuman perbaiki bug nya ya seperti repost story jg lagu nya g muncul, untuk aplikasi baguss aj cmn perbaiki bug ny ajaa",4,bagus si cuman perbaiki bug nya seperti repost story jg lagu nya g muncul aplikasi baguss aj cmn perbaiki bug ny ajaa,0
Suwandi Zull,"Tolong di perbaiki lah,masa buat nonton video ngelag parah sampai tidak terbuka kadang. Pakai vpn baru lancar buka reels",2,di perbaiki lah masa buat nonton video ngelag parah tidak terbuka kadang pakai vpn baru lancar buka reels,0
Nabilah Khairunnisa,"Sudah berapa hari instagram saya error, postingan, story, akun semuanya loading lama banget, padahal kuota banyak, jaringan bagus. Tolong segera diperbaiki. Terimakasih",1,berapa hari instagram error postingan story akun semuanya loading lama banget padahal kuota banyak jaringan bagus segera diperbaiki terimakasih,1
yudha iswanto,"Busukk. Semakin berat, internet lancarpun tetap berat, padahal aplikasi laen lancar jaya. Loading doang di semua menu haha, kusut",1,busukk semakin berat internet lancarpun tetap berat padahal aplikasi laen lancar jaya loading doang semua menu haha kusut,0
rustandiss,"instagram sekarang sering terjadi kesalahan saat memberi like reels atau like postingan,akibatnya akun saya diblokir tidak bisa like,saya memakai aplikasi instagram resmi tolong perbaiki",5,instagram sekarang sering terjadi kesalahan memberi like reels like postingan akibatnya akun diblokir bisa like memakai aplikasi instagram resmi perbaiki,1
CNC Cole Angelo,"Tolong banget nih kalo ni app minta update bisa kasih notif aja nggak ? Masa pake ig tiba tiba error sendiri padahal sinyal lancar switch account bisa ternyata masalahnya cuma belum update kan Tolol, Belum lagi tiba-tiba upload story gak bisa nyari musik, ayolah...",1,banget nih kalo ni app minta update kasih notif nggak masa pake ig tiba tiba error sendiri padahal sinyal lancar switch account ternyata masalahnya cuma update kan tolol lagi tiba tiba upload story bisa nyari musik ayolah,-1
Nur Zahra Lutfia,"Instagram tolong jangan hapus archive story. Tolong berhenti membuat fitur baru yang tidak berguna dan tetap pertahankan fitur yabg ada sekarang. Padahal archive story adalah fitur keunggulan Instagram, sebagai pengguna Instagram saya akan merasa sangat kecewa jika itu dihilangkan.",2,instagram jangan hapus archive story berhenti membuat fitur baru tidak berguna tetap pertahankan fitur yabg sekarang padahal archive story fitur keunggulan instagram pengguna instagram akan merasa sangat kecewa itu dihilangkan,1
Asiyah putri Permatasari,"saya mohon fitur arsip di ig jangan dihapus, disitu tempat kami menaruh semua kenangan, justru tambah kan fitur² yg relevan yg dapat digunakan untuk menaruh memori dan kenangan yg lama, maaf..bukan malah membuat fitur² yg tidak berguna.",3,mohon fitur arsip ig jangan dihapus disitu tempat menaruh semua kenangan justru tambah kan fitur relevan dapat digunakan menaruh memori kenangan lama maaf bukan malah membuat fitur tidak berguna,2
Syahira Aryanti,"Gimana sih,aplikasi ga jelas, masa aku udah jelas jelas pencet ""cerita anda"" tiba tiba ga ke upload dan tiba tiba lagsung ke hapus, padahal bagus banget, KESEL BANGET.",1,gimana sih aplikasi jelas masa aku udah jelas jelas pencet cerita tiba tiba upload tiba tiba lagsung ke hapus padahal bagus banget kesel banget,-1
Putri Handayani,"Ini instagram kenapa sih? Setiap mau liat komen gak bisa mulu, komen bejibun pas mau di buka gak adaan, ngeselin banget udah dua kali di update juga. Jelek jelek jelek.",1,instagram sih mau liat komen bisa mulu komen bejibun pas mau buka adaan ngeselin banget udah kali update jelek jelek jelek,0
Rizal Arief,"sudah pakai instagram lumayan lama,mengapa fitur Arsip Video di rubah menjadi semacam foto screen shot? kita sengaja mengarsip video atau foto kita agar tetap tersimpan, kenapa mengecewakan kami?",1,pakai instagram lumayan lama fitur arsip video rubah menjadi semacam foto screen shot sengaja mengarsip video foto agar tetap tersimpan mengecewakan,2
NM 7X,"Setelah di update saat melihat story kok kualitas fotonya berkurang dan agak ngezoom dikit ya mohon di perbaiki ke semula, tidak nyaman untuk di pandang.",1,update melihat story kok kualitas fotonya berkurang agak ngezoom dikit mohon di perbaiki semula nyaman di pandang,-1
Khanifah Hidayati,"Ini saya kasih 2 knp karna kok di kamera ig sya gk ad stikernya nah gm. Tuh cba klo itu,tolong di perbaiki lebih mantep lgi biar banyak yng dowlot pokoknya mntep jadi cmn itu aj kok oke bay semuanya",5,saya kasih knp karna kok kamera ig sya ad stikernya nah gm tuh cba klo tolong perbaiki lebih mantep lgi biar banyak yng dowlot pokoknya mntep jadi cmn aj kok oke bay semuanya,0
Denis Bogagmail,"Aplikasi sampah tak berguna,saya pengguna IG sejak tahun 2012,baru kali ini akun saya di blokir dengan alasan pelanggaran komunitas,salah saya apa ? saya tidak posting yg berbau pornografi,sebab semua yg saya posting di IG gambar gambar animasi alam,hewan dan seni,dasar bodoh lu semua....!!!!!!!! copot pemasangan ga guna ni aplikasi.",1,aplikasi sampah tak berguna pengguna ig sejak tahun baru kali akun blokir alasan pelanggaran komunitas salah apa posting berbau pornografi semua saya posting di ig gambar gambar animasi alam hewan seni dasar bodoh lu semua copot pemasangan tidak guna ni aplikasi,1
Trisyahfri Harpanta A.A,"Tolong buat team atau pihak instagram,kenapa di akun instagram saya tidak bisa menggunakan fitur live stereaming pernyatanya, akun anda tidak memenuhi syarat padahal saya tidak pernah melakukan pelanggaran,jadi mohon di pertinjau kembali",1,buat team pihak instagram akun instagram tidak menggunakan fitur live stereaming pernyatanya akun tidak memenuhi syarat padahal tidak pernah melakukan pelanggaran jadi mohon di pertinjau,1
okta viani,"ig skrng malah bnyk bug nyy dan jg baru sekali mengikuti seseorang pas mauu mengikuti lgii gabisa kena limitt ,, tolong pembaruan nyy dong jngn limit mulu",1,ig skrng malah bnyk bug nyy jg baru sekali mengikuti seseorang pas mauu mengikuti lgii gabisa kena limitt pembaruan nyy dong jngn limit mulu,0
St aisyah_023,"Tidak bisa login padahal kata sandi sdh benar username juga, selalu ada pemberitahuan kata sandi salah tp dihp lain bisa, tolong ditanggapi dengan baik apa yg menyebabkan hal itu",1,bisa login padahal kata sandi sdh benar username selalu pemberitahuan kata sandi salah dihp bisa ditanggapi baik apa menyebabkan itu,1
Mokhamad Rezza,"ngelag parah udh 2 hr, koneksi internet bagus, dipake browsing lancar, cm di aplikasi pny meta aja ngelag parah.....akun ane bbrp kali kena blokir, entah apa alasannya pdhl gk dipake nyepam atau yg aneh2",1,ngelag parah hr koneksi internet bagus dipake browsing lancar cm aplikasi pny meta ngelag parah akun ane bbrp kali kena blokir entah apa alasannya pdhl dipake nyepam yang aneh,0
hudzaifah tsaabit73,"Semenjak update yang terbaru ini, malah makin lemot, di beranda buffering semua, apalagi di pencarian.. Tolong pihak yang bersangkutan untuk memperbaiki bug yang terjadi, terima kasih",3,semenjak update terbaru malah makin lemot beranda buffering semua di pencarian pihak bersangkutan memperbaiki bug terjadi terima kasih,-1
Yunus Sinay,"Tolong bgt apk in sgtlah bagus tapi jangan hilangin arsip plis lah Instagram banyak foto dan video momen yg tidak bisa kita ulangi, dengan arsip kita dapat melihat dan mengenang kembali foto"" lama kita",5,banget apk in sgtlah bagus jangan hilangin arsip plis lah instagram banyak foto video momen tidak ulangi arsip dapat melihat mengenang foto lama kita,2
Melisa,Tlong lah udh brkali2 nglporin gk ada balesan knpa gabisa liat story orang cuma loading trus aplg pas nnton reels cuma muter2 doang pdhl Kouta sinyal ada bgus2 gliran buka apk lain lncar2 aja cuma Ig doang yg bug ini gmn tlong yaaa!!! GK nyaman bgt,2,tlong lah brkali nglporin balesan knpa gabisa liat story orang cuma loading trus aplg pas nnton reels cuma muter doang pdhl kouta sinyal ada bgus gliran buka apk lncar cuma ig doang bug gmn tlong yaaa nyaman banget,0
- via,Tolong dong jangan suka nambahin fitur yang ga berguna🙏🏻 salah satu nya delete archive. Saya bukan tipe orang yang suka taro video di feeds. Saya lebih suka di story dan saya bikin highlight. Niat hati pengen di jadiin kenangan.. eh malah mau di apus🫠 padahal saya suka banget sama aplikasi instagram ( tanpa fitur fitur yang ngacoo ),5,dong jangan suka nambahin fitur tidak berguna salah satu nya delete archive bukan tipe orang suka taro video feeds lebih suka story bikin highlight niat hati pengen jadiin kenangan eh malah mau apus padahal saya suka banget sama aplikasi instagram fitur fitur ngacoo,-1
Maya Yuliana,"Makin kesini makin agak lain instagram ini, pertemanan dibatasi terusssssssss, udah dilaporkan masalah yang sama berulang² masih aja gak di perbaiki, saya gak suka instagram ini, mending copot aja, nyesel download nya, gak bisa interaksi sama akun² baru lainnya.",1,makin kesini makin lain instagram pertemanan dibatasi terusssssssss udah dilaporkan masalah sama berulang di perbaiki suka instagram mending copot saja nyesel download nya tidak bisa interaksi sama akun baru lainnya,-1
Candra Gunawan,"Halo kenapa fitur profile music ga ada diakun utama aku ya?? Tapi di akun yang lain aku malah ada tolong fix...... Padahal udah diupdate terus, tetep aja masi ga ada.... , ini bug atau apa? Kadang muncul kadang ilang lagi fiturnyaaaaa",2,halo fitur profile music diakun utama aku tapi akun lain aku malah ada tolong fix padahal udah diupdate terus tetep masi ada bug apa kadang muncul kadang ilang fiturnyaaaaa,-1
Elsa Saputri,"ini ig mau di update terus sampe kapan sih, ada aja masalahnya. sekarang gamau update ig nanti arsip storynya ilang. udah bener bener fitur yg tersedia sekarang malah diupdate terus. kalo update fiturnya makin bagus mah gapapa ini malah kualitasnya menurun",1,ig mau update terus sampe kapan sih saja masalahnya sekarang gamau update ig arsip storynya ilang udah bener bener fitur tersedia sekarang malah diupdate terus kalo update fiturnya makin bagus mah gapapa malah kualitasnya menurun,-1
Hastina,"Please. Untuk fitur hapus cerita/snapgram, bisa nggak kalau hapus cerita/snapgram itu tetap tersimpan di arsip cerita, bukan malah ke ruangan ""baru saja dihapus"". Buat sbagian orng itu ribet. Tolong dong penanganannya🙏🙏",1,please fitur hapus cerita snapgram nggak kalau hapus cerita snapgram tetap tersimpan arsip cerita bukan malah ruangan baru dihapus buat sbagian orng ribet dong penanganannya,2
Ata Atana,bisa gak sih kalo update tuh yang jelas ini update tiba² besok nya ilang. fitur musik yang di profil juga gak ada di akun ku terus juga fitur musik yang baru itu juga gak ada di akun ku tolong lah kalo update tu merata padahal aku gak punya akun ke 2 harusnya semua fitur ada di akun ku.,1,sih kalo update tuh jelas update tiba besok nya ilang fitur musik profil di akun ku terus fitur musik baru juga tidak di akun ku lah kalo update tu merata padahal aku tidak punya akun harusnya semua fitur ada di akun ku,-1
Rahmad Fajar,"Kenapa sekarang semua jadi rels, foto sama vidio biasa diklik jadi rels. Enakan dulu bisa liat foto terus kebawah ketata rapi kalo buka sepak bola scrol sampe bawah postingan bola, buka otomotif scrol sampe bawah otomotif. Sekarang apa2 jadi rels, buka sepak bola scrol bawah udah rels random semua isinya",1,sekarang semua jadi rels foto sama vidio biasa diklik jadi rels enakan dulu liat foto terus kebawah ketata rapi kalo buka sepak bola scrol sampe bawah postingan bola buka otomotif scrol sampe bawah otomotif sekarang apa jadi rels buka sepak bola scrol bawah udah rels random semua isinya,-1
Meieva Mei,"kenapa ya Instagram story selalu ada tulisan ""cerita tidak tersedia"" kalo cuma 1 atau 2 itu its oke lah, ini banyak bngt yg bikin story tpi klo di buka selalu muncul tulisan kya gitu. tolong diperbaiki lagi ya",3,ya instagram story selalu tulisan cerita tersedia kalo cuma itu its oke lah banyak bngt bikin story tpi klo buka selalu muncul tulisan kya gitu diperbaiki ya,-1
Nadilla Lutfiani,"no, harus diperbaiki. setiap mau ngepost story instagram, pasti ada tulisan ""kesalahan"" dan berujung gabisa diposting. ini harus diperbaiki, soalnya ngeganggu dan bikin emosi banget. sampe nangis emosinya, gabisa diposting. kenapa ya ig sekarang?",2,no diperbaiki mau ngepost story instagram ada tulisan kesalahan berujung gabisa diposting harus diperbaiki soalnya ngeganggu bikin emosi banget sampe nangis emosinya gabisa diposting ya ig sekarang,0
Rosdiana,"saya kasih bintang 5 tapi mohon jngan hapus fitur archive/ arsip yang ada di Instagram. soalnya itu sangat penting bagi saya mngkin di orang lain juga, karena dpt menyimpan kenangan (bkn hanya tntng mantan kekasih) melainkan kenangan bersama keluarga, teman, kerabat, sahabat yg udah ga bisa/mngkin udah ga bisa kmbli diulang kejadian tersebut. Saya hanya minta itu saya. krna saya jga tertarik pd Instagram karena ada fitur arsip/ archive nya. untk lain nya menurut saya udah bagus👍🏻👍🏻",5,kasih bintang mohon jngan hapus fitur archive arsip ada instagram soalnya sangat penting mngkin orang juga dapat menyimpan kenangan bkn tntng mantan kekasih kenangan bersama keluarga teman kerabat sahabat udah bisa mngkin udah bisa kmbli diulang kejadian tersebut hanya minta saya krna saya jga tertarik pd instagram ada fitur arsip archive nya untk nya saya udah bagus,0
Zio Aliandra,"Aplikasi ig sekarang sudah jelek masa iya bikin akun kedua gak bisa. Kalo updatenya cuma bikin pengguna kecewa mending gausah update, buang buang duit aja tau gak. Paham konsep gak sih!!!!!.",1,aplikasi ig sekarang jelek masa iya bikin akun kedua bisa kalo updatenya cuma bikin pengguna kecewa mending gausah update buang buang duit tau paham konsep sih,-1
Ryan Patric John,Setiap posting foto sekarang knp jadi gak bisa lagi fitur landscape pada semua nya harus fitur potrait 😠 Tolong di perbaiki apk Instagram nya semakin lama semakin di update malah kek ngebung kya begini sialan 😡🤬 sama juga kalo mau me repost tag orang gak ada musik nya,1,posting foto sekarang knp jadi bisa fitur landscape semua nya fitur potrait perbaiki apk instagram nya semakin lama semakin di update malah kek ngebung kya begini sialan sama kalo mau me repost tag orang ada musik nya,4
Risky Dita Saputri,"ARCHIVE STORY ADALAH SEGALA-GALANYA BUAT AKU. Archive ku ada beberapa yang tidak bisa ke buka. SEDIH BANGET, padahal sengaja aku taruh di instagram biar awett, nangis banget kalau hilang semua😔 PLEASE INSTAGRAM, DON'T DO THAT‼️‼️😔😔",1,archive story segala galanya buat aku archive ku beberapa tidak ke buka sedih banget padahal sengaja aku taruh instagram biar awett nangis banget kalau hilang semua please instagram don t do that,2
Susanti Kasim,sebenarnya ig lagi kenapa sih?kok setiap mau upload foto atau video di instastory selalu muncul kesalahan apalagi apklikasi ig udah diupdate!!!!???,1,sebenarnya ig kenapa sih kok mau upload foto video instastory selalu muncul kesalahan apklikasi ig udah diupdate,-1
Nita,"Sekarang kalau mau posting foto lebih dari 1 ada semacam info untuk mengizinkan atau tidaknya orang lain untuk menambahkan ke postingan ini yg bener"" udah ngerusak algoritma postingan bener"" ga baguss bangett, jadi ngerusak tampilan postingan, mohon untuk di hilangkan saja karna, di klik maupun engga itu tetep ngerusak tampilan foto yg di posting, terimakasii",1,sekarang kalau mau posting foto lebih ada semacam info mengizinkan tidaknya orang menambahkan postingan bener udah ngerusak algoritma postingan bener baguss bangett jadi ngerusak tampilan postingan mohon untuk hilangkan karna di klik maupun engga tetep ngerusak tampilan foto yang di posting terimakasii,4
MUZAKKI ACHMAD Z,foto lama di arsip tiba-tiba hilang dan dihapus oleh Instagram sering terjadi bug pengikut tiba-tiba turun sendiri banyak update meta tapi bug belum di perbaiki.🤬🤬,3,foto lama arsip tiba tiba hilang dihapus instagram sering terjadi bug pengikut tiba tiba turun sendiri banyak update meta bug di perbaiki,-1
35 Mochamad Dava Wardana,"Aplikasi ini sangat susah dan merepotkan, disaat ingin memposting sorotan kenapa harus posting cerita dulu, kalau memposting cerita bingkai nya jadi mengecil, itu sangat jelek sekali",1,aplikasi sangat susah merepotkan disaat memposting sorotan harus posting cerita dulu kalau memposting cerita bingkai nya jadi mengecil sangat jelek sekali,-1
Yusa Setia Budi,"10 tahun main Instagram tiba tiba akun ditangguhkan, alasannya terkait identitas palsu / berpura pura jadi orang lain. Padahal gak pernah ganti username, banyak postingan foto pribadi, sudah tertaut FB & WA. Itu tandanya sudah tidak diperkenankan main Instagram lagi, ya sudah auto uninstall",1,tahun main instagram tiba tiba akun ditangguhkan alasannya terkait identitas palsu berpura pura jadi orang padahal pernah ganti username banyak postingan foto pribadi tertaut fb wa tandanya tidak diperkenankan main instagram ya auto uninstall,1
Nurrohma Febriyani,"Saya menjamin jika anda menghilangkan seluruh memori arsip Instagram kamu akan bangkrut sejadi jadinya karena kami peminat Instagram karena fitur itu yang paling penting. Lebih baik kamu hapus catatan karena itu tidak penting!! Buatlah fitur yang berguna, bermanfaat dan membuat orang tertarik. Jangan membuat fitur asal-asalan apalagi fitur penting mau di hapus 100% ga akan ada lagi peminat Instagram.",2,menjamin anda menghilangkan seluruh memori arsip instagram kamu bangkrut sejadi jadinya kami peminat instagram fitur paling penting lebih baik kamu hapus catatan itu penting buatlah fitur yang berguna bermanfaat membuat orang tertarik jangan membuat fitur asal asalan fitur penting mau hapus akan lagi peminat instagram,-1
Indy Putri irawan,"Instagram kenapa sih notifikasi ga pernah tepat waktu?? Padahal udah diatur supaya semua notifnya aktif,kalau telat 1 atau 2 menit sih wajar tapi ini sampai ½ jam,bahkan sampai ga dapat notif mending tingkatkan instagram daripada menambah aplikasi threads,karna menurut saya orang-orang jarang menggunakan threads",2,instagram sih notifikasi pernah tepat waktu padahal udah diatur semua notifnya aktif kalau telat menit sih wajar ini jam bahkan tidak notif mending tingkatkan instagram menambah aplikasi threads karna saya orang orang jarang menggunakan threads,-1
Shidqi Ryza Nugraha,"Pada versi sebelumnya, saya bisa share reels dengan tampilan terbaru yg utuh, tetapi pada versi terbaru menjadi tidak bisa & kembali ke tampilan lama. Sayang sekali, padahal saya lebuh menyukai tampilan terbaru.",3,versi sebelumnya bisa share reels tampilan terbaru utuh pada versi terbaru menjadi bisa ke tampilan lama sayang sekali padahal lebuh menyukai tampilan terbaru,0
NurFitri Asma,Instagram sekarang aneh yaa.. follow/follback gak banyak² amat paling banyak saya follow orang cuma 5 per hari nya..tapi di batasi Saya udah ganti akun instagramnya 3 kali karena di nonaktifkan secara tiba-tiba karena follow Ig orang yang gak banyak² amat Kecewa 100% sama Instagram sekarang Tolong dong perbaiki lagi Instagram nya,1,instagram sekarang aneh yaa follow follback banyak paling banyak follow orang cuma per hari nya di batasi udah ganti akun instagramnya kali di nonaktifkan tiba tiba follow ig orang tidak banyak kecewa sama instagram sekarang dong perbaiki instagram nya,-1
Naufal Yahya,"Mohon kepada pihak instagram agar bug loading saat reset passwordnya diperbaiki. Karena ketika saya menerima email dari instagram untuk reset password, saya sudah memasuki link reset password tersebut, namun setelah masuk, loadingnya lama sekali dan tidak ada perubahan sama sekali. Mohon untuk segera diperbaiki karena saya ingin menghapus akun Instagram saya",1,mohon pihak instagram bug loading reset passwordnya diperbaiki ketika menerima email instagram reset password sudah memasuki link reset password tersebut setelah masuk loadingnya lama sekali tidak perubahan sama sekali mohon segera diperbaiki menghapus akun instagram saya,1
Maz Yopan,"Maaf sebelumnya kenapa upload insta story selalu gagal terus, padahal jaringan wifi atau data seluler masih lancar, mohon untuk memperbaiki bug pada insta story agar bisa terkirim Insta story nya 🙏🏼🙏🏼🙏🏼",1,maaf sebelumnya upload insta story selalu gagal terus padahal jaringan wifi data seluler lancar mohon memperbaiki bug insta story bisa terkirim insta story nya,1
Rendy Firmansyah Haris R,"Ada bug untuk pada device Samsung a35,a54 dst,,, ketika memakai filter kamera menjadi berkedip.... Mohon solusinya.... Bug dari Instagram atau dari OS Samsung nya kurang tahu",5,bug pada device samsung a a ketika memakai filter kamera menjadi berkedip mohon solusinya bug instagram dari os samsung nya kurang tahu,-1
Almira Tsania Aflah,"kenapa bbrpa kali buat snapgram menggunakan grid, tulisan, lagu dan dengan tambahan fitur2 lainnya saat di up selalu kesalahan dan otomatis terhapus pdhal dah kita edit sedemikian rupa",2,bbrpa kali buat snapgram menggunakan grid tulisan lagu dengan tambahan fitur lainnya di up selalu kesalahan otomatis terhapus pdhal dah edit sedemikian rupa,3
Alan Budi Kusuma,"Saya memposting sesuatu di Instagram supaya bisa mengenang momen"" nya. Makannya tolong batalkan tentang penghapusan arsip di Instagram. Karna itu akan membuat banyak orang yang kecewa, dan mungkin tidak ingin lagi mengunggah apa"" di Instagram",1,memposting instagram bisa mengenang momen nya makannya batalkan penghapusan arsip instagram karna akan membuat banyak orang kecewa mungkin ingin mengunggah apa di instagram,2
Michael Frily,"niat ga sih? bukan nya makin maju malah makin ngaco ! gue cuman mau bikin akun baru, muncul terus tulisan ""harap tunggu beberapa menit sebelum mencoba lagi"" heyyy? saya nunggu lama tapi hasil nya tulisan nya gitu mulu... gue tunggu sampai 3 hari lebih buat nyoba buat masih aja yang muncul tulisan itu... lalu juga buat mulihin akun sedikit"" ada masalah, gue juga cuman mau riset sandi akun gue yang ilang heyy masih aja tulisan ada masalah mau sampai kapan?? gue saranin perbaikin lagi apk nya.",3,niat sih bukan nya makin maju malah makin ngaco gue cuman mau bikin akun baru muncul terus tulisan harap tunggu beberapa menit mencoba heyyy nunggu lama hasil nya tulisan nya gitu mulu gue tunggu hari lebih buat nyoba buat saja muncul tulisan lalu buat mulihin akun sedikit masalah gue cuman mau riset sandi akun gue ilang heyy saja tulisan masalah mau kapan gue saranin perbaikin apk nya,-1
Gia suciani,"Sejauh ini saya pengguna instagram yg cukup lama,tapi ketika ada pembaharuan fitur font di akun saya,selalu tidak muncul,padahal sudah saya update di playstore.Sudah saya cba log out dahulu dan sudah saya coba hapus aplikasinya,namun hasilnya sama",3,sejauh pengguna instagram cukup lama ketika pembaharuan fitur font akun saya selalu muncul padahal saya update playstore saya cba log out dan saya coba hapus aplikasinya hasilnya sama,-1
Wildan Anugrah Pratama,"Saya kasih bintang 5 karena fitur nya sudah sangat bagus, dan tolong untuk tingkatkan terus saran saya tolong adakan fitur yang bisa melihat orang lain itu follow ga akun kita, atau unfollow serta tolong hapus centang biru bagi orang yang bukan publik figure karena centang biru itu hanya bisa didapatkan oleh orang yang memang benar benar membutuhkannya, seperti artis, aktor/aktris, dan lembaga lembaga yang sudah resmi Terimakasih sebelumnya",5,kasih bintang fitur nya sangat bagus tolong tingkatkan terus saran tolong adakan fitur melihat orang follow akun atau unfollow tolong hapus centang biru orang bukan publik figure centang biru itu hanya bisa didapatkan orang memang benar benar membutuhkannya artis aktor aktris lembaga lembaga sudah resmi terimakasih sebelumnya,1
pan pan,"ig kenapa si? kok saya gabisa ngeliat sg orng' ya? malah ada tulisan 'cerita ini tidak tersedia' pas saya mau ngeliat sg orng', kenapa ini? bug kah? tolong perbaiki lagi 🙏🏻 seharusnya semakin di update semakin bagus, bukannya semakin di update malah semakin rusak. TOLONG DI PERBAIKI LAGI PIHAK IG.",1,ig si kok gabisa ngeliat sg orng malah tulisan cerita tidak tersedia pas mau ngeliat sg orng ini bug perbaiki seharusnya semakin update semakin bagus bukannya semakin update malah semakin rusak tolong di perbaiki pihak ig,-1
Fitri Cirebon,"Tolong di perbaiki ya, kenapa sudah beberapa hari ini ketika saya sedang membuka apk Instagram terus tiba tiba dia berhenti dan keluar dengan sendiri nya, macet pdahal sudah saya perbaiki.. tolong ya di perbaiki kembali",4,perbaiki kenapa beberapa hari ketika sedang membuka apk instagram terus tiba tiba berhenti keluar sendiri nya macet pdahal saya perbaiki ya di perbaiki,1
Ines Ines,"Instagram sudah bagus, tapi seharian ini story saya terus terkena pelanggaran dengan alasan tidak masuk akal. Itu hanca lelucon. Saya merasa kecewa karena hal yang tidak mengandung unsur sensitif terkena pelanggaran, sedangkan yang jelas konten sensitif malah di biarkan saja",2,instagram bagus seharian story terus terkena pelanggaran alasan masuk akal hanca lelucon merasa kecewa hal tidak mengandung unsur sensitif terkena pelanggaran yang jelas konten sensitif malah biarkan,1
Tsaqif TJ Ro'uf,"tolong dong untuk pihak instagram, supaya ngembangin lagi, dan memperhatikan lagi mengenai banding dan penangguhan akun, karena dari kita tuh ada yang butuh dan itu urgent... yang mana itu sangat berkendala sekali... tolong pihak instagram untuk memperbaiki lagi🙏",1,dong pihak instagram ngembangin memperhatikan mengenai banding penangguhan akun dari tuh butuh dan urgent yang mana itu sangat berkendala sekali pihak instagram memperbaiki,-1
Ayla Filifera,"Instagram sebaiknya tetap mempertahankan fitur Archive Story, karena fitur ini sangat berguna untuk menyimpan kenangan dan momen berharga tanpa harus membagikannya secara permanen di profil. (jika fitur Archive Story tidak dihapus, saya akan kasih bintang 5)",4,instagram sebaiknya tetap mempertahankan fitur archive story fitur sangat berguna menyimpan kenangan momen berharga harus membagikannya permanen profil fitur archive story dihapus akan kasih bintang,-1
hartina pangaribuan,"Tolong diperbaiki sistem nya Meta. Buka ig dan fb di pc suka offline tiba tiba namun ketika buka dari hp bagus bagus saja. Sekelas meta bisa down server nya begini, tapi kalau memblokir wa kalian cepat kali",1,diperbaiki sistem nya meta buka ig fb pc suka offline tiba tiba ketika buka hp bagus bagus sekelas meta down server nya begini kalau memblokir wa kalian cepat kali,-1
rahmaa fadhilah,"suka banget sama instagramm, aku download dari aku masih kelas 5 sekolah dasar sampe sekarang aku udah tamat sekolah masih di akun yang sama dan aku selalu bangga sama instagram. sedikit ulasan aja for developer plisss fitur archive story jangan di ilangin yaa, itu ngebantu banget kalo mau bikin sorotan atau mau simpen kenangan selain di galeri. karna di galeri mudah ke hapus sendiri, jadi tolong banget jangan sampe di ilangin yaa archive story/arsip cerita nyaa tolooonggg bangettt makasiih",5,suka banget sama instagramm aku download aku kelas sekolah dasar sampe sekarang aku udah tamat sekolah akun sama aku selalu bangga sama instagram sedikit ulasan for developer plisss fitur archive story jangan ilangin yaa ngebantu banget kalo mau bikin sorotan mau simpen kenangan galeri karna di galeri mudah hapus sendiri jadi banget jangan sampe di ilangin yaa archive story arsip cerita nyaa tolooonggg bangettt makasiih,2
Nabil Sasbianto89,"banyak fitur Instagram yang dihapus padahal fitur tuh berguna banget buat user fitur simpan music dicatatan,daftar musik yang disimpan juga dihapus apalah Instagram nih padahal banyak lagi enak yang udah di simpen malah di hapus fiturnya",1,banyak fitur instagram dihapus padahal fitur tuh berguna banget buat user fitur simpan music dicatatan daftar musik disimpan dihapus apalah instagram nih padahal banyak enak udah simpen malah hapus fiturnya,2
Lutfiah Amalia,"Gimana ini sih masa aku pakai camera Instagram mau pakai filter terus klik fitur hands-free, Boomerang klik di filter buat video camera erro dan kedap kedip, tolong dong diperbaiki sudah lamaa pakai Instagram.. untuk hp tidak ada masalah 😡😡😡😡",1,gimana sih masa aku pakai camera instagram mau pakai filter terus klik fitur hands free boomerang klik filter buat video camera erro kedap kedip dong diperbaiki lamaa pakai instagram hp ada masalah,-1
Rasyida333,"kesel bgt slalu aja klo mw ngepost kesalahan mulu padahal jaringan bagus memo juga masi bnyk tetep aja gabisa, bisa juga paling klo polosan gpke filter sama musik jdinya jelek ew tolong dong benerin udh dr lama sabar terus tetep aja kesalahan kenapa si?? pengen tu ngepost tinggal ngepost gausa mikirin memo jaringan gajelas, eror deh apk ini cpetan benrin, jadi klo mau post gaenak, bnyak bug lagi TOLONG BACA!",2,kesel banget slalu klo mw ngepost kesalahan mulu padahal jaringan bagus memo masi bnyk tetep gabisa juga paling klo polosan gpke filter sama musik jdinya jelek ew dong benerin dari lama sabar terus tetep kesalahan si pengen tu ngepost tinggal ngepost gausa mikirin memo jaringan gajelas eror deh apk cpetan benrin jadi klo mau post gaenak bnyak bug tolong baca,0
Khaerul,"Ini ig kenapa kayak bermasalah yaa, saya ga bisa liat postingan² terbaru, ada juga beberapa postingan atau story yang sudah saya lihat, tiba² hilang padahal tidak dihapus sama yang punyaa, apakah ig saya dibajak, atau gimana? Mohon diperhatikan😭😭",1,ig kayak bermasalah yaa liat postingan terbaru juga beberapa postingan story sudah lihat tiba hilang padahal tidak dihapus sama punyaa ig dibajak gimana mohon diperhatikan,-1
Zidan Nabil,"banyak bug gajelas skarang!, saya lagi kena bug gabisa di tag sama orang sama sekali, padahal akun ga private dan saya pun udah mengizinkan semua orang untuk ngetag saya, tapi tetap tidak bisa, udah kasih laporan masalah di apk, tapi masih gada respon sama sekali, KECEWA!!.",1,banyak bug gajelas skarang lagi kena bug gabisa tag sama orang sama sekali padahal akun private udah mengizinkan semua orang ngetag saya tetap bisa udah kasih laporan masalah apk tapi masih gada respon sama sekali kecewa,-1
Choco Jelly,"aplikasi Instagram sekarang gajelas banget, akun saya sama sekali ngga ngelakuin tindakan mencurigakan/criminal malah kena suspend, terus waktu mau ngajuin banding malah di persulit, kalo kaya gini gimana akun saya bisa kembali? tolong doang sistem nya di perbaiki lagi, ini jelas merugikan dan menghambat saya dalam menggunakan aplikasi Instagram",1,aplikasi instagram sekarang gajelas banget akun sama sekali ngga ngelakuin tindakan mencurigakan criminal malah kena suspend terus waktu mau ngajuin banding malah persulit kalo kaya gini gimana akun bisa tolong doang sistem nya perbaiki ini jelas merugikan menghambat dalam menggunakan aplikasi instagram,-1
Shandika Dika,"Setelah update makin byk bug, story yg diarsipkan tidak muncul ketika saya melihat di pengaturan arsip cerita, story Ig saya hilang begitu saja bak ditelan bumi.",1,update makin byk bug story diarsipkan muncul melihat pengaturan arsip cerita story ig saya hilang saja bak ditelan bumi,-1
Rezy Alfionita,"Aplikasi nya semuanya bagus tapi kekurangan nya cuma satu, saat kita buat video di filter ig itu jadi lambat padahal pas ngevidio itu pas",4,aplikasi nya semuanya bagus kekurangan nya cuma satu kita buat video filter ig jadi lambat padahal pas ngevidio pas,0
Dimas Angkasa,Sebenarnya Instagram tidak perlu menambahkan fitur keamanan bahwa akun ini milik anda Karena sebenarnya fitur ini yang ada malah membuat kami sulit login di hp lain.. Tolong berfikirlah Instagram.! Upaya mencurigakan sampah! Gaberguna! Bikin susah login! Mikirlah!,1,sebenarnya instagram perlu menambahkan fitur keamanan akun milik karena sebenarnya fitur yang malah membuat sulit login hp tolong berfikirlah instagram upaya mencurigakan sampah gaberguna bikin susah login mikirlah,1
Mufida Amilatusholekha,"Instagram sebaiknya tetap mempertahankan fitur Archive Story, karena fitur ini sangat berguna untuk menyimpan kenangan dan momen berharga tanpa harus membagikannya secara permanen di profil. plz la Instagram",2,instagram sebaiknya tetap mempertahankan fitur archive story fitur sangat berguna menyimpan kenangan momen berharga harus membagikannya permanen profil plz la instagram,-1
Kesya,"plis ini ig bermasalah atau akun ku yg error? stiap mau follow akun yg publik pasti ngga bisa dn muncul tulisan ""permintaan anda tertunda"" tapi giliran follow akun yg privat itu bisa, tlong lah klo kek gini jdi nyusahin banget, udah update jga pdahal",1,plis ig bermasalah akun ku error stiap mau follow akun publik ngga dn muncul tulisan permintaan tertunda giliran follow akun privat bisa tlong lah klo kek gini jdi nyusahin banget udah update jga pdahal,0
Daffa Maulana,"Banyak bug,contohnya ada beberapa video yg ga bisa disimpan ke koleksi,tekan tertarik tapi malah konten lain yg muncul.Tolong diperbaiki",1,banyak bug contohnya beberapa video tidak disimpan koleksi tekan tertarik malah konten yang muncul diperbaiki,-1
Muhammad Arifandi Priyandana,saran saya untuk tim developer untuk lebih teliti lagi dalam hal kinerja nya. baru saja kemarin saya tiba-tiba di suspend dengan alasan tidak mengikuti peraturan komunitas sedangkan saya tidak melakukan apa-apa. bahkan sampai sekarang saya masih belum bisa memakai akun instagram saya. Sekali lagi teruntuk tim developer mohon pencerahan nya. terimakasih : ),1,saran tim developer untuk lebih teliti dalam kinerja nya baru kemarin tiba tiba suspend alasan mengikuti peraturan komunitas melakukan apa apa bahkan sekarang masih bisa memakai akun instagram saya sekali teruntuk tim developer mohon pencerahan nya terimakasih,1
Andi Taru,"Bugnya semakin parah. Gambar pertama carousel selalu ga muncul, ada notifikasi comment tp setelah di click kosong, dan banyak hal lucu lainnya.",2,bugnya semakin parah gambar pertama carousel selalu muncul notifikasi comment setelah click kosong banyak lucu lainnya,-1
Cantika Ratnasari,"Semuanya bagus,tapi ada satu saran sih, tolong dong kalau bisa karena Sekarang kan ada catatan nya nih,nah untuk catatan itu bisa ngak sih dibuatin orang ngeliat catatan kita atau tampilan yg melihat catatan kita Hanya itu deh Sekian terimakasih",5,semuanya bagus satu saran sih dong kalau karena sekarang kan ada catatan nya nih nah catatan bisa ngak sih dibuatin orang ngeliat catatan atau tampilan melihat catatan hanya deh sekian terimakasih,2
Fiqih Maulana,"Sering bug, buka aplikasi sendiri, padahal lagi buka aplikasi lain tiba² buka sendiri. Sering refresh sendiri juga. Perbaiki lagi bug nya",2,sering bug buka aplikasi sendiri padahal buka aplikasi tiba buka sendiri sering refresh sendiri perbaiki bug nya,-1
Easty _86,Kenapa akun saya di suspend dan dibilang akun palsu padahal ada foto profil dan pribadi. Terus harus ajukan banding kalo gak dihapus permanen. Memang nya saya ngapain ?? Trus di suruh masukkan email dan nomor telepon katanya tidak valid. Padahal dari awal saya bikin Ig nomor itu. Aplikasi taik,1,akun suspend dibilang akun palsu padahal foto profil pribadi terus ajukan banding kalo dihapus permanen memang nya ngapain trus di suruh masukkan email nomor telepon katanya valid padahal awal bikin ig nomor aplikasi taik,0
Joni AH Sitorus,Saya tidak suka pembatasan postingan saya krn sebenarnya saya lah yang telah terhasut oleh kelakukan Wasit asal Oman atas pertandingan Sepak bola antara Bahrain vs Indonesia. Saya akan uninstall ini aplikasi selama beberapa waktu jika akun saya tidak segera di normalisasi oleh Meta. Saya akan gunakan aplikasi TELEGRAM buatan Rusia atau VK nya Rusia..,1,tidak suka pembatasan postingan karena sebenarnya lah telah terhasut kelakukan wasit asal oman atas pertandingan sepak bola bahrain vs indonesia akan uninstall aplikasi selama beberapa waktu akun tidak segera normalisasi meta akan gunakan aplikasi telegram buatan rusia vk nya rusia,1
Indra Muliana,"Kok setiap saya buka vidio Instagram kadang vidionya g gerak tapi waktu nya jalan, ini bug atau gimna ya ? Padahal saya pake wifi dan data tetep g jalan. MOHON DI PERBAIKI DOANG",1,kok buka vidio instagram kadang vidionya g gerak waktu nya jalan bug gimna padahal saya pake wifi data tetep g jalan mohon perbaiki doang,0
Danindrarhmat putra,"sering error, uda seminggu ini sering error harus install ulang trs login ulang baru bisa, capek tiap hari kek gitu mulu. mohon perbaiki maintenance nya sangat mengganggu🙏🏻",1,sering error uda seminggu sering error install ulang trs login ulang baru capek tiap hari kek gitu mulu mohon perbaiki maintenance nya sangat mengganggu,-1
Rima Nor Fadilla,"buruk,sudah rutin diperbarui bukannya makin bagus malah makin sering tidak respon, pdhl hp saya masih luas sekali penyimpanananya. jadi apa kelebihannya kalau di update? menyedihkan",1,buruk rutin diperbarui bukannya makin bagus malah makin sering respon pdhl hp masih luas sekali penyimpanananya jadi apa kelebihannya kalau update menyedihkan,0
Xen122 Xen-,"aplikasi nya bagus,cuman kenapa setiap kita ingin ganti password yang lupa tidak verifikasi ke nomor atau ke email kita sendiri,malah harus email dari Instagram nya,saya lupa apa kata sandi ig saya,dan saya saat ingin mengganti kata sandi ig saya tapi loading nya sangat lama,bahkan tidak akan bisa muncul",2,aplikasi nya bagus cuman setiap ganti password lupa verifikasi nomor ke email sendiri malah email instagram nya lupa apa kata sandi ig dan saat ingin mengganti kata sandi ig tapi loading nya sangat lama bahkan akan muncul,-1
Putra Tarigan81,"tolong perbaiki aplikasi nya, saya punya 3 akun di ig dan semua nya kena banding, saya bermain ig hanya untuk mencari hiburan tapi kenapa semua akun saya kena banding, TOLONG SEGERA DI PERBAIKI APLIKASI NYA",1,perbaiki aplikasi nya punya akun ig semua nya kena banding bermain ig untuk mencari hiburan kenapa semua akun kena banding segera perbaiki aplikasi nya,-1
Silky Ezra Alawiya,kalo sampe fitur arsip dihilangkan gabakalan make ig lagi!!! pliss dong kami semua mau pake apk ini karna fitur arsipnya. klo fitur arsip ilang udah gada spesialnya ni apk mending di apus aja akunnya dan ga akan pernah pake ni apk lagi!!! plis kecewa beratt,5,kalo sampe fitur arsip dihilangkan gabakalan make ig pliss dong semua mau pake apk karna fitur arsipnya klo fitur arsip ilang udah gada spesialnya ni apk mending apus akunnya tidak pernah pake ni apk plis kecewa beratt,-1
Ayu Kurnia pratiwi,"Story sekarang terbatas hanya sampai beberapa org aja, gak bisa di scroll kesamping, foto momen berharga tiba2 hilang dr profil tanpa pemberitahuan. Udah lama males pakai instagram. Mentang2 udah banyak penggunanya jadi semena2.",1,story sekarang terbatas sampai beberapa org tidak di scroll kesamping foto momen berharga tiba hilang profil pemberitahuan udah lama males pakai instagram mentang udah banyak penggunanya jadi semena,-1
gunggeklaksmi,"Aku sempat deactive 1 minggu, tpi kemarin mau log in kenapa susah banget ya.. Biasanya langsung bisa log in.. Ini terus muncul notifikasi BUG.. tlg dung perbaiki dung.. makasi",3,aku sempat deactive minggu tpi kemarin mau log in susah banget biasanya langsung log in terus muncul notifikasi bug tlg dung perbaiki dung makasi,0
Giah S,kenapa saya tidak memberikan 5 bintang karena di berbincang sosmed apakah benar meta akan menghapus arsip ig?? menurut saya arsip itu sangat penting karena kita bisa melihat moment² yang sudah kita posting dan semisal di galeri hilang atau gimana kita bisa melihat di arsip,4,saya memberikan bintang berbincang sosmed benar meta menghapus arsip ig saya arsip sangat penting melihat moment sudah posting semisal galeri hilang gimana kita bisa melihat di arsip,2
agust kihelta,Media yang fleksibel untuk banyak hal dan menyenangkan untuk digunakan. Hanya saja saya jarang menggunakannya dan sulit juga karna harus menggunakan data 👍😅😁,2,media fleksibel banyak menyenangkan digunakan saja jarang menggunakannya dan sulit karna menggunakan data,1
Muhammad Shaquel Bachdar,"untuk sementara aku kasih bintang 3 yah, kecewa banget biasanya setiap mau bagikan ke fb langsung bisalah setelah update an terbaru malah ngk bisa kek nge bug gitu ngk tau dah kenapa pusing sumpah udah gua utam atik sana sini malah tetap ngk bisa",4,sementara aku kasih bintang yah kecewa banget biasanya mau bagikan fb langsung bisalah update an terbaru malah ngk kek nge bug gitu ngk tau dah pusing sumpah udah gua utam atik sana sini malah tetap ngk,0
Tika Ponsel,Tolong ini gimana yah kok Instagram nya nggak bisa liat sg orang yang baru bisa nya cmn yg di buat kmren² doang sama postingan juga nggak ada postingan yang baru ada nya cuman yang kmren² doang tolong di perbaiki lagi Instagram nya🙏🏻,1,ini gimana yah kok instagram nya liat sg orang baru bisa nya cmn di buat kmren doang sama postingan nggak postingan baru nya cuman kmren doang di perbaiki instagram nya,-1
Vevy Ardiyanti,"kek manaa inii skrg bugnya banyak bangettt, restore story tapi yg ke restrore bukan story yg w mau malah story yg lain.. follower/following tiap hari nurun abistu besoknya balik lagi.. tlg dong dibenerin lagi bugnya, aplikasi anda ini populer loh berguna buat semua khalayak.. thankyou",1,kek manaa inii skrg bugnya banyak bangettt restore story restrore bukan story w mau malah story yang lain follower following tiap hari nurun abistu besoknya balik tlg dong dibenerin bugnya aplikasi ini populer loh berguna buat semua khalayak thankyou,-1
Daniel Gunforce,Udah bikin story kok malah enggak bisa.. (Menunggu koneksi) padahal wifi & paket data aman lancar Tolong diperbaiki lagi min..,4,udah bikin story kok malah enggak menunggu koneksi padahal wifi paket data aman lancar diperbaiki min,0
Wijdan,tolong perbaiki bagian lihat pengikut yang mulai ada bug. mulai dari pengikut yang akunnya menjadi dua atau freeze saat memulai penyegaran di bagian pengikut,3,perbaiki bagian lihat pengikut mulai bug mulai pengikut akunnya menjadi atau freeze memulai penyegaran bagian pengikut,1
Fadli Bimantoro,"payah skrg instagram sejak dibeli facebook, akun ig gue ke hack 2x, intinya gua gapernah macem2, tiba2 ke logout, and then, sudah nomer orang ga dikenal didalamnya, udh ngelakuin berbagai cara mulai dari yt, tiktok, jasa, tetep aja gada yg berfungsi, emg klo udh masuk ke bukan nomor kita susah, safety all",1,payah skrg instagram sejak dibeli facebook akun ig gue hack x intinya gua gapernah macem tiba logout and then nomer orang dikenal didalamnya ngelakuin berbagai cara mulai yt tiktok jasa tetep gada berfungsi emg klo masuk bukan nomor susah safety all,0
Putra Rahmansyah,"kenapa instagram saya seperti ada gangguan jaringan? tapi saya membuka sosial media lainnya masih bisa. sempat saya uninstal lalu download lagi bisa dibuka, setelah beberapa menit begitu lagi. padahal bertahun² menggunakan instagram gapernah seperti ini",3,instagram gangguan jaringan membuka sosial media lainnya bisa sempat saya uninstal lalu download bisa dibuka beberapa menit lagi padahal bertahun menggunakan instagram gapernah seperti ini,-1
yudhanim “yutanime” #,"bagus si, cuman kenapa saran tambahkan teman selalu muncul di beranda di atas dekat bar story, mengganggu banget. tolong beri fitur hapus saran teman atau apalah itu. jika sudah berhasil menghapus atau menambahkan fitur masukan saya, saya beri bintang 5. overall bagus. terimakasih",3,bagus si cuman saran tambahkan teman selalu muncul beranda atas dekat bar story mengganggu banget beri fitur hapus saran teman apalah jika berhasil menghapus menambahkan fitur masukan saya beri bintang overall bagus terimakasih,1
Dasya Noya,kecewa sama instagram. fitur yang spesial menurut sy ya arsipnya. skrg malah mau di apus 😴 trs jg vidio di arsip jd foti banyak foto2 yg udh ilang. gmn sih instagram?? gapernah sekecewa ini sama aplikasi 🥺 semoga banget arsip ga di ilangin 🥺🙏,1,kecewa sama instagram fitur spesial sy arsipnya skrg malah mau apus trs jg vidio arsip jadi foti banyak foto sudah ilang gmn sih instagram gapernah sekecewa sama aplikasi semoga banget arsip di ilangin,-1
Zufri Zefti,"Tiap buka ig selalu melanggar aturan postingan dari cerita/reel facebook. Dan setelah itu apk ngeblank warna putih semua, kalau gak mau bisa sinkron dg post dari facebook ya udah gak usah bertele2, di update bukane membaik malah makij busuk",1,tiap buka ig selalu melanggar aturan postingan cerita reel facebook setelah apk ngeblank warna putih semua kalau mau sinkron dg post facebook udah usah bertele update bukane membaik malah makij busuk,-1
Pipin Alzian,"Makin lama makin kaga jelas tiba tiba sering ngefollow orng sendiri udh di unfoll malah di follow sendiri lagi, trus pas mau ganti kata sandi malah kaga bisa malah kata sandi salah padahal udh bener masukin sandi nya, tapi tetep aja salah, arsip vidio malah jadi foto, arsip foto malah jadi item",1,makin lama makin kaga jelas tiba tiba sering ngefollow orng sendiri unfoll malah di follow sendiri trus pas mau ganti kata sandi malah kaga malah kata sandi salah padahal bener masukin sandi nya tetep salah arsip vidio malah jadi foto arsip foto malah jadi item,0
Qanisma Ainindri,"kabarnya archive story instagram akan di hapus, saya sangat tidak setuju, karna alasan saya memakai instagram itu untuk menyimpan kenangan yg tidak dapat saya simpan di galeri hp saya, tolong jangan hilangkan vitur archive story, lebih baik vitur yg lain di tambah, thanks",1,kabarnya archive story instagram hapus sangat setuju karna alasan memakai instagram untuk menyimpan kenangan tidak simpan galeri hp saya tolong jangan hilangkan vitur archive story lebih baik vitur lain di tambah thanks,2
Hasan Al mas'ud,"Tolong developer lagu yang aku cari gak ada dulu pernah ada tapi habis di update malah ilang lagunya. padahal, lagunya terkenal umum tapi kok di Ig, lagunya gak ada??",2,developer lagu aku cari dulu pernah ada habis update malah ilang lagunya padahal lagunya terkenal umum tapi kok ig lagunya ada,-1
Deni 113,"Jaringan bagus, tapi upload story ig hampir satu jam stuck di 90%, di coba hapus dan upload ulang tetap sama, di batas 90%, siklusnya gitu terus.",1,jaringan bagus upload story ig hampir satu jam stuck coba hapus upload ulang tetap sama di batas siklusnya gitu terus,0
Shelly Lusiana,Ntah lah menurut saya ig makin kesini makin gak bagus awal nya suka banget bikin video dri ig berhubung kamera ig di hp saya gak bisa di gunakan ya jdi males aja buka2 ig lagi selain nonton berita terupdate.,1,ntah lah ig makin kesini makin bagus awal nya suka banget bikin video dri ig berhubung kamera ig hp saya tidak di gunakan jdi males buka ig selain nonton berita terupdate,-1
Vynna Nurhayati,"Kenapa filter nya suka susah di pake,padahal dah ngeupdate beberapa kali dah di uninstal trs instal lagi bru bisa ke pake filter nya eh bebrapa minggu kemudian gk bisa lagi,tolong di perbaiki",3,filter nya suka susah pake padahal dah ngeupdate beberapa kali dah uninstal trs instal bru ke pake filter nya eh bebrapa minggu kemudian bisa tolong perbaiki,0
make Imeng,"Banyak bug misal, filter pada fitur photo berkedip² saat hendak digunakan bikin susah aja udah di laporkan masalah bug belum dibenerin",5,banyak bug misal filter fitur photo berkedip hendak digunakan bikin susah udah laporkan masalah bug dibenerin,-1
Gabriela Kiran,"Di akun utama gak ada fitur terbaru, di akun lainnya baru ada fitur terbaru. Kadang akun lain itu selalu ke fitur lama, lalu setiap mau nonton reels selalu patah. Mau posting foto di postingan, yang awalnya landscape malah jadi kotak setengah. Jadinya ngulang, tapi tetap sama terus menerusss👹👹💔 WOI KAPAN UPDATE NYET? INI DI AKUN FIRST, MAU LIHAT SG ORANG MALAH GAK TERSEDIA. GILIRAN DI AKUN SECC, BARU KELIHATAN APA ISI SG NYA SAT‼️",1,akun utama fitur terbaru akun lainnya baru ada fitur terbaru kadang akun itu selalu fitur lama lalu mau nonton reels selalu patah mau posting foto postingan awalnya landscape malah jadi kotak setengah jadinya ngulang tetap sama terus menerusss woi kapan update nyet akun first mau lihat sg orang malah tersedia giliran di akun secc baru kelihatan apa isi sg nya sat,-1
Chusnul Chotimah,"Alhamdulillah , materi yang disampaikan sangat bagus, menambah pengetahuan, semoga bisa menerapkan pada anak didik kami. Materi dan contoh modul segera di share , terima kasih",5,alhamdulillah materi disampaikan sangat bagus menambah pengetahuan semoga menerapkan anak didik materi contoh modul segera share terima kasih,1
Astri Marini,Aplikasi yg banyak fitur mudah digunakan dan bisa terhubung dengan semua orang maupun terhubung dengan idola lewat Instagram semoga kedepannya lebih banyak fitur dan lebih berkembang lagi aplikasi thanks for meta🙏,5,aplikasi banyak fitur mudah digunakan bisa terhubung semua orang maupun terhubung idola lewat instagram semoga kedepannya lebih banyak fitur lebih berkembang aplikasi thanks for meta,1
Jangan Kepo,Kalau ada bintang 0 pasti gua kasiu bintang 0 tiap mau upload reels selalu gagal dan lama. Belum lagi pesan yg selalu eror tolong lag kalau update tuh ditingkatin semua fiturnya apk kocak.,1,kalau bintang gua kasiu bintang tiap mau upload reels selalu gagal lama lagi pesan selalu eror lag kalau update tuh ditingkatin semua fiturnya apk kocak,-1
Pika Pikatcu,"Sorry instagram,, saya kecewa,, akun instagram saya selalu kena banded,, bikin lagi kena lagi. Akhirnya hilang permanen, tidak bisa diakses. Padahal saya tidak melanggar pedoman komunitas instagram,, sangat mengecewakan.. Tolong perbaiki sistemnya..",1,sorry instagram kecewa akun instagram selalu kena banded bikin kena akhirnya hilang permanen bisa diakses padahal tidak melanggar pedoman komunitas instagram sangat mengecewakan perbaiki sistemnya,1
_Capricon_,"Tolong fitur arsip story jangan dihilangkan,‼️❗ karena dengan adanya fitur arsip story, kita dapat melihat lagi apa saja yang pernah kita bagikan kepada yang lain, terimakasih.",4,fitur arsip story jangan dihilangkan dengan adanya fitur arsip story dapat melihat apa yang pernah bagikan yang terimakasih,2
Rinda,"Apk sering ngelag, sering keluar sendiri tanpa sebab. Kalo ga mau di rating jelak perbaikan lagi bugnya. Segera mungkin",1,apk sering ngelag sering keluar sendiri sebab kalo mau rating jelak perbaikan bugnya segera mungkin,0
Fahmi Rizky,"bug di bagian profil musik, fitur tambahkan musik menghilang jadi saya tidak bisa menghapus musik yang sudah saya taro di bio profil, sedangkan di akun lain fitunya masih ada tetapi di akun pribadi saya fiturnya tidak ada",1,bug bagian profil musik fitur tambahkan musik menghilang jadi menghapus musik sudah taro bio profil di akun fitunya ada di akun pribadi fiturnya tidak ada,1
Kyoko Yamate,"Instagram nge bug, gak bisa buat story, gagal terus! Minimal kalau update yang benar jangan banyak bug 🙂",1,instagram nge bug bisa buat story gagal terus minimal kalau update benar jangan banyak bug,-1
Fany salwa,"Setiap update selalu lemot/Ng bug,kalo GK gitu layarnya redup,terus kalo di buat foto² itu gambar nya telat/kayak layarnya tuh GK ngikutin kita gitu loh,jadi mohon di perbaiki yaaa...🙏🏻🙏🏻",3,update selalu lemot ng bug kalo gitu layarnya redup terus kalo buat foto gambar nya telat kayak layarnya tuh ngikutin gitu loh jadi mohon perbaiki yaaa,-1
Nurhikmah,"cara masuk di ig sekarang makin rumit, biar kata sandi benarpun juga sdh tdk berguna, harus lagi pake kode verifikasi, mana kodenya gak mau dikirim kirim lagi, jadinya gak bisa kuakses lagi akunku, kasian akunku dari tahun 2018 aku pake banyak isinya jadi hilang begitu saja, diminta dukungannya gak ada bantuan sama skali, gak kek aplikasi lain.",1,cara masuk ig sekarang makin rumit biar kata sandi benarpun sdh tdk berguna pake kode verifikasi mana kodenya mau dikirim kirim jadinya bisa kuakses lagi akunku kasian akunku tahun aku pake banyak isinya jadi hilang saja diminta dukungannya ada bantuan sama skali kek aplikasi,-1
tyxndre4,"kecewa Instagram ngeselin ny minta ampun. pas masuk ngeleg terus. dan mau masuk aja Instagram nya langsung ngeleg update terus, tambah ngeleg tambah ga bagus Instagram skrng. tolong ,perbaiki lagi Instagram nya sngt kecewa ga kaya dulu skrng jd jelek bgt.",1,kecewa instagram ngeselin ny minta ampun pas masuk ngeleg terus mau masuk instagram nya langsung ngeleg update terus tambah ngeleg tambah bagus instagram skrng perbaiki instagram nya sngt kecewa kaya dulu skrng jadi jelek banget,0
Ridho Basutod,"Terlalu banyak iklan di reels nya, setiap 2-4 vidio pasti muncul iklan nya, dulu jarang ada iklan padahal kok sekarang banyak banget, kecewa sama kelakuan kapitalis lu",2,terlalu banyak iklan reels nya vidio muncul iklan nya dulu jarang iklan padahal kok sekarang banyak banget kecewa sama kelakuan kapitalis lu,-1
hasanah unmul,"Saya punya masalah saat ganti thumbnail reel, tdk bisa pilih di frame dan jika pilih dri roll kamera hanya berfungsi sekali.",4,punya masalah ganti thumbnail reel tdk pilih frame jika pilih dri roll kamera berfungsi sekali,3
Faqih Haedar,"Akun igku tiba² ditangguhkan padahal tidak pernah posting aneh², mau dipulihkan tapi pas mau masukkan nomor ponsel terjadi error bahkan saya sudah coba 2 nomor tetap tidak bisa",1,akun igku tiba ditangguhkan padahal pernah posting aneh mau dipulihkan pas mau masukkan nomor ponsel terjadi error bahkan sudah coba nomor tetap bisa,-1
Anak Baik,"Kasih bintang satu, karena katanya instagram mau hapus archive story Jujur punya instagram tu cuma mau bikin kenangan aja didalamnya biar foto dan video2 kenangan tidak hilang Tapi kalo fitur archive dihilangkan bagaimana??! Jujur kecewa banget Instagram mohon jangan hilangkan fitur archive, karena sebagian archive story ig emang udah ada yang hilang sedikit😔😔😭💔 Please kembalikan kenangan ku🥺😫",1,kasih bintang satu katanya instagram mau hapus archive story jujur punya instagram tu cuma mau bikin kenangan didalamnya biar foto video kenangan hilang kalo fitur archive dihilangkan bagaimana jujur kecewa banget instagram mohon jangan hilangkan fitur archive sebagian archive story ig emang udah yang hilang sedikit please kembalikan kenangan ku,2
Sopi Sopiani,"pleasee lah instagram akun saya kena suspend😭, padahal saya tidak melakukan pelanggaran apapun. udh masukin email, tapi kode nya ga ke kirim"" ke email tsb mna bisa masuk.pliss di akun utama itu banyakk banget kenangan nyaa😭😭 tolongg perbaiki lagi knp bug mlu🙏. udh ruwet sma ig.",2,pleasee lah instagram akun kena suspend padahal melakukan pelanggaran apapun masukin email kode nya tidak kirim ke email tsb mna masuk pliss akun utama banyakk banget kenangan nyaa tolongg perbaiki knp bug mlu ruwet sma ig,-1
KEiYZA APRILLIA,"suka sama ig karna bisa buat vidio teruss bisa simpann ke galerii, sekarang kok gabisa lagi yaa padahal itu yg paling saya sukaa dari ig wahh kecewaa sih saya buat vidio kemaren eh gabisa di simpan ke geleri sama sekali, di update malah kacauu wkwk",1,suka sama ig karna buat vidio teruss simpann galerii sekarang kok gabisa yaa padahal yang paling sukaa ig wahh kecewaa sih buat vidio kemaren eh gabisa simpan geleri sama sekali update malah kacauu wkwk,-1
Dandi Akbar,"Hedehh akun utama tiba-tiba di nonaktifkan, mau aj banding ga bisa, terus nyoba lewat help center malah ga ada pilihan untuk aju banding ny, pdahal ga ngapa""in tiba-tiba aj di nonaktifkan, gimana solusinyaa inii",1,hedehh akun utama tiba tiba nonaktifkan mau aj banding bisa terus nyoba lewat help center malah ada pilihan aju banding ny pdahal ngapa in tiba tiba aj nonaktifkan gimana solusinyaa inii,0
Pengguna Google,"Tolong admin istagram akun saya ditangguhkan,atas nama:arfnbintang_,dan akun saya disuruh mengupload foto data pribadi saya,namun kenapa saya tidak bisa mengirim foto,tolong direspon sangat,setiap ingin mengirim,terjadi kesalahan,dan coba lagi nanti,tolong didengarkan,saya akan kasih rating 5 lagi jika saya dibantu",1,admin istagram akun ditangguhkan atas nama arfnbintang akun disuruh mengupload foto data pribadi namun bisa mengirim foto direspon sangat ingin mengirim terjadi kesalahan coba nanti didengarkan akan kasih rating jika saya dibantu,1
Alfrsss160,"Di Instagram Ada Hal Yang Bikin Saya Kecewa, Tolong Beri Fitur Untuk Bisa MengPrivat Pengikut/Yang Diikuti Diakun Instagram, Saya Ada Masalah Mengenai Hal Itu. Setelah Diperbaiki/DiUpdate Menambahkan Fitur Itu Saya Akan Beri Bintang 5.🙏🏻🙏🏻🙏🏻",1,instagram bikin kecewa beri fitur bisa mengprivat pengikut diikuti diakun instagram ada masalah mengenai hal diperbaiki diupdate menambahkan fitur itu saya beri bintang,1
Wilda Marcellina,"proses penyimpanan vidio / foto sangat lama dan tidak bisa tersimpan,,tolong di perbaiki ya ag nya/cerita karna nge bug ga bisa ngeliat story org",3,proses penyimpanan vidio foto sangat lama tersimpan di perbaiki ag nya cerita karna nge bug tidak bisa ngeliat story org,-1
MARYUTIS,"Lebih Suka fitur ig yang lama, sekarang melihat following orang lain kenapa tidak berurutan lagi, biasanya yang baru saja diikutin akan terlihat di following, sekarang sudah acak.... Balikin lagi deh fitur lama",3,lebih suka fitur ig lama sekarang melihat following orang kenapa berurutan biasanya baru diikutin terlihat following sekarang acak balikin deh fitur lama,-1
Raihan Nisfu,"Tidak Bisa menerima Kode Verifikasi pdhl e-mail yg saya pakai ini soalnya Akun tiba2 ditangguhkan entah ada apa, tolong saya Butuh buat kuliah! Dan arsipannya banyak kenangan. Tolong Kirimkan saya Kode verifikasi nya!! saya sudah tungguin di Gmail tapi tak kunjung muncull!!!! Sorry saya bintang 1 kan😡😡",1,bisa menerima kode verifikasi pdhl e mail pakai soalnya akun tiba ditangguhkan entah apa butuh buat kuliah arsipannya banyak kenangan kirimkan kode verifikasi nya saya sudah tungguin gmail tak kunjung muncull sorry saya bintang kan,-1
Ziazia Lali,Enggak jelas udah 1 tahun gini gini aja Instagram ini akunya saya bolak balik di nonaktifkan buat lagi di nonaktifkan.. enggak jelas banget ya Instagram ini mending tutup aja udah kalau gini terus!!! Kesal saya lihatnya,1,enggak jelas udah tahun gini gini instagram akunya bolak balik nonaktifkan buat di nonaktifkan enggak jelas banget instagram mending tutup udah kalau gini terus kesal lihatnya,-1
RSX Singa,"Dari 2016 punya IG sampai sekarang, saya tidak pernah membuat ulasan karna selama itu baik baik saja tidak ada fitur² yg aneh selama saya menggunakan. Kalo ada pembaharuan saya update lagi menyesuaikan keinginan apk. Tapi untuk yg kali ini saya meminta kepada pihak IG tolong fitur arsip story jgn di hapus, karna arsip ini pilihan yg memudahkan mnyimpan kenangan selain di galeri HP. Gak kebayang klo benar dihapus, semua hal apapun hilang begitu saja. Saya kasih bintang 2 jika di hapus!",2,punya ig sekarang pernah membuat ulasan karna selama baik baik tidak fitur aneh selama menggunakan kalo pembaharuan update menyesuaikan keinginan apk untuk kali meminta pihak ig fitur arsip story jgn hapus karna arsip pilihan memudahkan mnyimpan kenangan di galeri hp tidak kebayang klo benar dihapus semua apapun hilang saja saya kasih bintang di hapus,1
Mohamad Fajar,"Sdh baguss ,tapi yg sy sayangkan adalah mengapa akun sy kemarin di nonaktifkan oleh pihak Instagram???, padahal sy tidak pernah melakukan pelanggaran,atau apapun itu, sy merasa tidak pernah melakukan nya ,jadi kalau memang benar ada kesalahan pada sistem,harus segera di perbaiki, biar tidak terulang kembali kejadian yang sama.tapi ya sudahlah sy sdh ikhlas akun sy hilang 😊, terimakasih mungkin ini sja keluh kesah sy , Instagram memang tebaik, salah satu platform untuk sy sebagai seorang seniman",4,sdh baguss sy sayangkan mengapa akun sy kemarin nonaktifkan pihak instagram padahal sy pernah melakukan pelanggaran apapun sy merasa pernah melakukan nya jadi kalau memang benar kesalahan sistem segera perbaiki biar terulang kejadian yang sama ya sudahlah sy sdh ikhlas akun sy hilang terimakasih mungkin sja keluh kesah sy instagram memang tebaik salah satu platform sy seorang seniman,0
Nafilwa Nafilwa hafizah,"min jangan ada update terbaru tentang fitur archive ig yg dihapus. kalo ada saya bakal ajak semua orang untuk hapus Instagram. tujuan saya bikin story buat masukin kedalam arsip, kalau kangen bisa melihat secara langsung momen itu di arsipan. jika bener bakal di hapus fitur arsip dihapus, saya berdoa supaya tidak ada peminat ig. you understand min?",4,min jangan update terbaru fitur archive ig dihapus kalo bakal ajak semua orang hapus instagram tujuan bikin story buat masukin kedalam arsip kalau kangen melihat langsung momen arsipan bener bakal di hapus fitur arsip dihapus saya berdoa tidak peminat ig you understand min,2
Arum Ningtiasih,Tidak muncul notifikasi. Fitur catatan di DM tidak muncul. Tiap refresh selalu ada notif tidak ada jaringan padahal jaringan aman.,2,muncul notifikasi fitur catatan dm muncul tiap refresh selalu notif ada jaringan padahal jaringan aman,-1
Virnayani,"Aplikasi sangat bagus sangat membantu buat berkomunikasi dgn teman dan keluarga ,tapi instagran saya selalu kena pelanggaran padahal video reel saya ga terlalu sensitif.",5,aplikasi sangat bagus sangat membantu buat berkomunikasi teman keluarga instagran selalu kena pelanggaran padahal video reel tidak terlalu sensitif,-1
CoArab,"ini gimana si, bikin ig baru ga bisa bisa. udah jadi ig barunya, login pun ga bisa, padahal sandinya dah bener. di hapus data, akun utama gua keluar, dan sekarang akun utama gua ga bisa login jg. padahal kata sandi dah bener dan yg muncul malah "" kata sandi salah"", login pake tautan email "" kesalahan teknis"" dan login di web dengan sandi yg sama bisa, solusinya apa ini?",1,gimana si bikin ig baru udah jadi ig barunya login padahal sandinya dah bener hapus data akun utama gua keluar sekarang akun utama gua tidak bisa login jg padahal kata sandi dah bener muncul malah kata sandi salah login pake tautan email kesalahan teknis login web sandi yang sama bisa solusinya apa,0
andi putricahyaningsih,Kenapa setiap mau login selalu saja terhenti bukan sekali tapi berkali kali bahkan gak bisa masuk karena masalah itu doang..tolong dong perbaikin bug nya mau login saja susah bener,1,setiap mau login selalu terhenti bukan sekali berkali kali bahkan bisa masuk masalah doang dong perbaikin bug nya mau login susah bener,-1
Raditya Setiasa,"fitur musik yang ada di bio di beberapa akun tidak muncul, lalu sering ada notifikasi tapi pas dibuka tidak ada apapun, dan tolong jangan hapus fitur arsip",3,fitur musik bio beberapa akun muncul lalu sering ada notifikasi pas dibuka ada apapun tolong jangan hapus fitur arsip,-1
Rachmad Kevin,"Teruntuk pihak instagram, Kenapa instagram akhir akhir ini jaringan nya selalu buruk/gak stabil? Saya buka apk selain instagram lancar jaringan, tolong donk perbaiki bug/jaringan instagram nya?",1,teruntuk pihak instagram instagram akhir akhir jaringan nya selalu buruk stabil buka apk instagram lancar jaringan donk perbaiki bug jaringan instagram nya,1
khalidah lid,"saya sudah kasih bintang 4, plissss ig jangan pernah hapus fitur archive story😭😭😭😭😭 terimakasih karna dengan adanya fitur itu saya dapat melihat kenangan yang lalu, sekali lagi mohon untuk tidak menghilangkan fitur arsip story, terimakasih",4,sudah kasih bintang plissss ig jangan pernah hapus fitur archive story terimakasih karna adanya fitur saya melihat kenangan lalu sekali mohon tidak menghilangkan fitur arsip story terimakasih,2
M Yusuf,"Aplikasinya kesering eror ,kdang ke unfol sndiri teman teman saya dan kadang liat status terbaru kadang tidak bisa,tolong di perbaiki lagi sistem aplikasinya",1,aplikasinya kesering eror kdang unfol sndiri teman teman dan kadang liat status terbaru kadang bisa di perbaiki sistem aplikasinya,-1
ALFIAN,Sebagai pemula sosial Instagram mohon kiranya admin pengurus ataupun pengelola Instagram Indonesia agar membantu dan mempromosihkan reel saya kepada pengguna di seluruh penjuru negara Republik Indonesia yang saya sangat banggakan🫰☺️☺️☺️,5,pemula sosial instagram mohon kiranya admin pengurus ataupun pengelola instagram indonesia membantu mempromosihkan reel kepada pengguna seluruh penjuru negara republik indonesia saya sangat banggakan,-1
Prillydifana Safira Lapadengan,"ini kenapa akun instagram saya difitur FONT tidak terperbaharui? masih paki FONT yang model lama. padahal selalu di update terus, tapi kenapa fitur FONT nya tidak berubah ke FONT terbaru. tolong diperbaiki yah!",1,kenapa akun instagram difitur font terperbaharui paki font model lama padahal selalu update terus kenapa fitur font nya berubah font terbaru diperbaiki yah,0
Muhammad Andika,"Saya sangat kecewa dengan algoritma ig padahal vidio saya sudah sangat menarik, kualitas pun sangat hd. Tapi kenapa masih viewers 2 hari di bawah 200 kenapa gak naik naik, saya kasih bintang 1 ya karena algoritma aneh ga jelas",1,sangat kecewa algoritma ig padahal vidio sudah sangat menarik kualitas sangat hd viewers hari bawah kenapa naik naik kasih bintang karena algoritma aneh tidak jelas,-1
ddewi putrii,"Jelek ih ig skrng. Arsip-arsip nya yg video udh gak bisa keputar sprti biasanya.. Padahal sengaja gak download video/foto di ig krna tdi nya membantu mengingat kenangan"" jaman baheula.",1,jelek ih ig skrng arsip arsip nya video keputar sprti biasanya padahal sengaja tidak download video foto ig krna tdi nya membantu mengingat kenangan jaman baheula,-1
Dimaz Azhar,"Banyak bug, seperti arsip story tiba tiba gk bisa dibuka trrus tuh ada peringatan arsip akan hilang sama kalau mau bikin akun baru gk bisa",1,banyak bug arsip story tiba tiba bisa dibuka trrus tuh peringatan arsip hilang sama kalau mau bikin akun baru bisa,-1
Hani 66,"bagian fitur arsipkan yang biasanya di titik 3 i story gaada, harap lebih diperhatikan soalnya saya mau bikin highlight tanpa spam story.",1,bagian fitur arsipkan biasanya titik i story gaada harap lebih diperhatikan soalnya mau bikin highlight spam story,-1
Amanda mayara tsany,hallo Instagram saya suka sma smua fitur anda tetapi untuk fitur terbaru anda saya kurang suka karna semua video yang saya upload jdi nge freeze semuanya karna semua kenangan tersimpan di sorotan di arsip kenangan kenangannya jadi kembalikan fitur yang seperti biasanya tolong ya Instagram ini untuk semuanya bukan hanya saya,5,hallo instagram suka sma smua fitur tetapi fitur terbaru saya kurang suka karna semua video saya upload jdi nge freeze semuanya karna semua kenangan tersimpan sorotan arsip kenangan kenangannya jadi kembalikan fitur seperti biasanya ya instagram untuk semuanya bukan saya,2
Bang Jibon,"Tolonglah Instagram,, hilangkan spam iklan judol,, saya gak pernah ikut judol,, tiba tiba banyak spam judol,, tolonglah, ini sangat tidak nyaman setiap buka story, terima kasih",2,tolonglah instagram hilangkan spam iklan judol pernah ikut judol tiba tiba banyak spam judol tolonglah sangat tidak nyaman buka story terima kasih,-1
rubygummy,"Agak kecewa sama instagram bulan kemarin font untuk story instagram udah ke update jadi bagus dan keren, eh engga tau kenapa berubah kesetelan awal lagi padahal sering update aplikasi, diperbaiki lagi dong admin",3,kecewa sama instagram bulan kemarin font story instagram udah update jadi bagus keren eh engga tau berubah kesetelan awal padahal sering update aplikasi diperbaiki dong admin,0
dek hulu,"Tolong dong beri sedikit kebebasan untuk live, dan tolong jangan dikit dikit pelanggaran🤬 makin di update makin ketat aturan nya nanti lama lama gue hapus juga nanti kalau di persulit pengguna Instagram Semoga kembali seperti semula bebas dan leluasa menikmati reel favorit🙏",4,dong beri sedikit kebebasan live tolong jangan dikit dikit pelanggaran makin update makin ketat aturan nya lama lama gue hapus nanti kalau persulit pengguna instagram semoga seperti semula bebas leluasa menikmati reel favorit,-1
Yumi Z,Susahnya baca caption yg panjang. Mau scroll malah keganti profil lain. Kalo ketarik dikit udaah langsung keganti yang baru dan yg barusan dibaca ilang.,5,susahnya baca caption panjang mau scroll malah keganti profil kalo ketarik dikit udaah langsung keganti baru yang barusan dibaca ilang,-1
Mar Kar (Marvel Karuna),Saya memiliki beberapa masalah dimana beberap video menunjukkan warna video sperti di invert atau seperti ada garis garis dan titik pada video namun lauar saya tetap aman,3,memiliki beberapa masalah beberap video menunjukkan warna video sperti invert seperti garis garis titik video lauar tetap aman,3
Khairiyatul Jannah,"Bintang 1 karena Ig sekarang gk seru,yg di arsipan jangn di hapus dong banyak kenangan nya,sayang klo hilang padahl sengaja simpan di arsipan malah sekarang ada fitur baru arsipan hilang secara perlahan ,mna yg hilang video, video tu kn kangan pling seru klo di lihat"",jangn di hapus lh masalah nya kangan nya dari zaman smp🥺di simpan di gelri semuajadi nya memo pnuh, TOLONG DONG FOTO"" & VIDEO"" DIARSIPAN JANGAN DI HAPUS .... ................🥺😔🙏🙏",1,bintang ig sekarang seru arsipan jangn hapus dong banyak kenangan nya sayang klo hilang padahl sengaja simpan arsipan malah sekarang fitur baru arsipan hilang perlahan mna hilang video video tu kn kangan pling seru klo lihat jangn hapus lh masalah nya kangan nya zaman smp simpan gelri semuajadi nya memo pnuh dong foto video diarsipan jangan di hapus,2
Lody Achmad,"Sebenarnya udh bagus ya seluruh fiturnya, dan masalahnya itu banyak iklan judi online, undian penipu, dan iklan investasi saham bodong yang oknumnya dari facebook. Saya sudah report iklannya namun tidak dihapus iklannya oleh pihak meta. Mencari uang dengan cara menipu itu haram dan dosa besar, TOLONG META SECARA CERDAS PILAH IKLAN DENGAN BAIK UNTUK DIPROMOSIKAN KE IG DAN FB!",1,sebenarnya bagus seluruh fiturnya masalahnya banyak iklan judi online undian penipu iklan investasi saham bodong oknumnya facebook sudah report iklannya tidak dihapus iklannya pihak meta mencari uang cara menipu haram dosa besar meta cerdas pilah iklan baik dipromosikan ig fb,1
lintang aurelya wahyu kinasih11,minta tolong pihak instagram kenapa di ig profil gak muncul musiknya sedangkan di akun lain masih muncul musiknya dan juga followers 394 ini kenapa di akun ig sendiri jadi 392 sama gak muncul musiknya 😤😤💔,1,minta pihak instagram ig profil muncul musiknya di akun masih muncul musiknya juga followers kenapa di akun ig sendiri jadi sama muncul musiknya,-1
Faidza Syahbuddin,"sekarang habis update selalu kalo mau follow orang yang akunnya publik itu pasti ga bisa, malah muncul ""permintaan tertunda"". tolong dong kalau habis update harusnya makin bagus bukan kayak gini, saya udah pencet ""beri tahu kami jika ada kesalahan"" berulang ulang kali. mohon di perbaiki ya",2,sekarang habis update selalu kalo mau follow orang akunnya publik pasti bisa malah muncul permintaan tertunda dong kalau habis update harusnya makin bagus bukan kayak gini udah pencet beri tahu jika kesalahan berulang ulang kali mohon perbaiki,0
Sri Mahayanti,"Kacau deh kirain stlh kmrn di update bakal lebih bagus lg, eh malah muncul bbrp yg hrs diklik tp ujung""nya mlh gk bisa didownload, hilang tautannya juga, musik juga hilang...maaf aku uninstal lagi",1,kacau deh kirain stlh kmrn update bakal lebih bagus lg eh malah muncul bbrp hrs diklik ujung nya mlh bisa didownload hilang tautannya musik hilang maaf aku uninstal,0
Filsa anggraini Syafruddin,Instagram ini sangat bagus dan kita bisa pilih JJ atau filter yg mau di cari ya walaupun yg di ambil memori ny sangat banyak tapi kita jug bisa mengobrol dengan teman yg dii ikuti dan sebalik ny jug Instagram ini sangat berguna dan kita jug bisa menyimpan foto atau pin vidio kita jug bisa bikin story dan banyak orng bisa lihat aku beri reting bintang 5😋,5,instagram sangat bagus pilih jj filter mau cari walaupun di ambil memori ny sangat banyak kita jug mengobrol teman dii ikuti sebalik ny jug instagram sangat berguna kita jug menyimpan foto pin vidio kita jug bikin story banyak orng lihat aku beri reting bintang,1
Ndaa,"minta tolong untuk lebih di perbaiki lagi ya bug nya, kenapa di akun pertama fitur catatan dan musik nya hilang sedangkan diakun yang kedua tidak, oh ya dan juga kenapa banyak fitur yang tidak ada diakun yang pertama tapi diakun ke dua ada padahal sudah diupdate 🙏🏻",1,minta untuk lebih perbaiki bug nya di akun pertama fitur catatan musik nya hilang diakun kedua oh ya dan kenapa banyak fitur tidak diakun pertama diakun dua padahal diupdate,-1
agustina Dewi,"Ini lagi eror apa gmna ya? Mau buat story pakai filter kameranya kedip kedip padhaal normal normal aja kamera aku. Udah aku restart, instal ulang juga tetep aja eror. Kenapa sih ini",3,lagi eror apa gmna mau buat story pakai filter kameranya kedip kedip padhaal normal normal kamera aku udah aku restart instal ulang tetep eror sih,0
Mrs.Kim127,"Secara keseluruhan bagus cuma ada beberapa yang ngebug, contoh mau ngepost story malah gk bisa dan muncul peringatan 'kesalahan' lol",4,keseluruhan bagus cuma beberapa ngebug contoh mau ngepost story malah bisa muncul peringatan kesalahan lol,0
Fibri Adna,"Kemarin akun saya tiba-tiba ditangguhkan. padahal saya tidak pernah melakukan hal-hal yang melanggar ketentuan dari instagram. Saya langsung bingung kok tiba-tiba seperti itu. setelah saya ajukan banding, sampai sekarang belum kembali akun saya. Saya khawatir kalau sampai dinonaktifkan permanen karena itu instagram sudah lama dan pastinya banyak kenangan didalamnya. Mohon untuk pihak instagram kalau mau menangguhkan akun setidaknya kasih tahu alasanya, biar kita tidak bingung seperti ini. Kecewa",1,kemarin akun tiba tiba ditangguhkan padahal tidak pernah melakukan hal melanggar ketentuan instagram langsung bingung kok tiba tiba itu ajukan banding sekarang kembali akun saya saya khawatir kalau dinonaktifkan permanen itu instagram lama pastinya banyak kenangan didalamnya mohon pihak instagram kalau mau menangguhkan akun kasih tahu alasanya biar tidak bingung ini kecewa,1
Akyla medina,"terlalu banyak bug, akun saya banyak yang ter logout sendiri, lalu terjadi aju banding, ribet banget tolong di perbaiki dong aga kurang nyaman nih make nya masa harus login ulang terus",1,terlalu banyak bug akun banyak ter logout sendiri lalu terjadi aju banding ribet banget di perbaiki dong aga kurang nyaman nih make nya masa login ulang terus,-1
Mulyadi Gaming21,"Karena ada sistem arsip story nya jadi kenangan ga bakalan hilang dan semoga rumor arsip story mau di hapus itu tidak benar, dan jikalau rumor tersebut benar semoga di pertimbangkan lagi karena itu salah satu penyebab orang banyak bermain Ig karena ingin menyimpan kenangan nya. Semoga atas saran dan masukan yg saya berikan dapat di terima dgn baik dan di pertimbangkan Atas perhatian dan waktu saya ucapkan Terimakasih 🙏🏻",5,ada sistem arsip story nya jadi kenangan bakalan hilang semoga rumor arsip story mau hapus tidak benar jikalau rumor tersebut benar semoga pertimbangkan salah satu penyebab orang banyak bermain ig karena ingin menyimpan kenangan nya semoga atas saran masukan berikan di terima baik di pertimbangkan atas perhatian waktu saya ucapkan terimakasih,2
Lathifah Azzahra,"Dear instagram, jangan pernah menghapus fitur arsip, but semua kenangan kami ada disana, mulai dari saya SMP sampai Kuliah sekarang, mulai dari tahun 2015 kenangan saya ada di arsip itu, itupun yang tahun 2015 sampai 2020 sudah tidak bisa lagi video arsip nya diputar, why??? Kembalikan kenangan kamiii!!!😢😭 saya sangat kecewa saat memutar kembali kenangan saya di arsip pada tahun 2015 sampai 2020 i'm so sad melihat isu tentang instagram akan menghapus fitur arsip😭 sekali lagi, saya kecewa!",1,dear instagram jangan pernah menghapus fitur arsip but semua kenangan ada disana mulai smp kuliah sekarang mulai tahun kenangan ada arsip itupun tahun sudah bisa video arsip nya diputar why kembalikan kenangan kamiii sangat kecewa memutar kenangan saya di arsip tahun i m so sad melihat isu instagram menghapus fitur arsip sekali saya kecewa,2
ROCK D TEO,Ini kenapa nya video reels ku tidak bisa diputar suaranya si normal tapi tidak bisa diputar gambar nya gak gerak Dan vidoe reels yg satunya lagi tidak bisa diputar cuma ada iklan suaranya,2,kenapa nya video reels ku diputar suaranya si normal diputar gambar nya tidak gerak vidoe reels satunya tidak bisa diputar cuma iklan suaranya,-1
ramdan ramadani,Assalamualaikum developer ini saya meng instal 2x yahhh garagara gaaaa bisa buat akunn Permasalahannya di registrasi setelah mengisi kata sandi setuju dengan syarat dankebijakan instagram ituuuuu stuck diii situuuu terjadi masalah lahhh apalah lahhh dari kemaren,3,assalamualaikum developer saya meng instal x yahhh garagara gaaaa buat akunn permasalahannya registrasi mengisi kata sandi setuju syarat dankebijakan instagram ituuuuu stuck diii situuuu terjadi masalah lahhh apalah lahhh kemaren,0
yuyu ree,"Baru aja diupdate tapi kenapa malah nge bug. Postingan foto/video hanya bisa dibuka sampai slide ke-2 aja, slide berikutnya hanya layar hitam",3,baru diupdate kenapa malah nge bug postingan foto video bisa dibuka slide saja slide berikutnya layar hitam,-1
Nabila Asy'ariya,Duh nyebelin banget sih 😡💔💔😭😭😭😫😫😫😫😫 igsaya pas ingin menerima pertemanan malah di tunda permintaanya tidak seperti ig2 yg dulu tak pernah di tunda permintaanya... kesel gonta2 ganti akun ig ...terus!!! Tolong dong untuk aplikasi ignya di perbaiki lagi.. Biar tidak kayak gini terus....saya udah bosan ganti2 akun ig terus... saya sudah tidak suka ig saya sprt ini terus ..,3,duh nyebelin banget sih igsaya pas menerima pertemanan malah tunda permintaanya seperti ig dulu tak pernah tunda permintaanya kesel gonta ganti akun ig terus dong aplikasi ignya perbaiki biar kayak gini terus udah bosan ganti akun ig terus sudah suka ig sprt terus,-1
Ananda Febriani,"Sejauh ini baik² aja gk ada kendala apapun, tapi kemarin tiba² akun saya akan di nonaktifkan, padahal saya tidak melakukan apapun, lalu saya ajukan banding tapi balum ada informasi apa² dari pihak Instagram nya, jika memang akun saya sedang di perbaiki, tolong lebih cepat di perbaiki nya",4,sejauh baik tidak kendala apapun kemarin tiba akun akan nonaktifkan padahal tidak melakukan apapun lalu ajukan banding balum informasi apa pihak instagram nya memang akun sedang perbaiki lebih cepat perbaiki nya,1
Desvita candra dewi pratiwi,"Banyak bgt bug, heran. Apalagi arsip story kadang suka hilang padahal storynya gak dihapus. Banyak banyak ngasih perbaikan deh.",3,banyak banget bug heran arsip story kadang suka hilang padahal storynya dihapus banyak banyak ngasih perbaikan deh,0
Alpukat Fit,Ini gimana sih !!!? Masa akun aku di nonaktifkan secara sepihak doang?! Padahal selama ini ga pernah melanggar peraturan apapun. Udah pake beberapa cara apapun tetep tidak bisa masuk. Jelas2 email dan nomor hp ku yang lagi aku pake tp tetep gak bisa masuk. Asli sebel banget !!!!!!!,1,gimana sih masa akun aku nonaktifkan sepihak doang padahal selama pernah melanggar peraturan apapun udah pake beberapa cara apapun tetep bisa masuk jelas email nomor hp ku lagi aku pake tetep tidak bisa masuk asli sebel banget,0
Ana Tea,tolong update lagi jadi kalo mau ngambil link video atau foto susah gak seperti dulu lagi dulu ini bagus kalo saya bikin sw di WhatsApp lihat ini dulu trus link nya pencet jadi gampang saya nya kalo mau download video dari link sekarang susah tolong update lagi seperti dulu.,1,update jadi kalo mau ngambil link video foto susah seperti dulu dulu bagus kalo bikin sw whatsapp lihat dulu trus link nya pencet jadi gampang nya kalo mau download video link sekarang susah update seperti dulu,-1
Doxs. Art,Tolong user interface waktu melakukan video call jangan di ubah..biarkan tampilan seperti biasanya (halfscreen) jangan di bikin mirip kayak di WhatsApp ( sangatt jelekk sekaliii saya tidak sukaaa),1,user interface waktu melakukan video call jangan ubah biarkan tampilan biasanya halfscreen jangan bikin mirip kayak whatsapp sangatt jelekk sekaliii tidak sukaaa,-1
14.I Putu Gede Ardiasa,"untuk akun saya ga bisa ngetag seseorang, Gatau kenapa, udah saya cari tau caranya d ytb, ga ada, udh saya atur pengaturan semua orang bisa ngetag saya, msih juga tidak bisa, ini bug apa gmn, saya ga tau, saya minta tolong dengan bug ini🙏🙏",1,akun ngetag seseorang gatau udah cari tau caranya d ytb tidak ada atur pengaturan semua orang ngetag msih tidak bug apa gmn tidak tau saya minta dengan bug ini,0
gunawan adi w,"sudah pake IG >10 thn hampir setiap hari, apps yg tepat untuk sharing & berkontak sosial dgn media foto2. sayangnya sekarang tiba2 ke suspend dan sekarang sedang proses banding & dalam pengecekan pedoman komunitas. smoga bisa segera lanjut pakai IG, karena sekian lama & hingga saat ini tdk pernah upload hal2 yg negative.",4,pake ig thn hampir hari apps tepat sharing berkontak sosial media foto sayangnya sekarang tiba suspend sekarang sedang proses banding pengecekan pedoman komunitas smoga segera lanjut pakai ig sekian lama hingga ini tdk pernah upload yang negative,1
I Made Darma Nara Swara,"Hai pihak Instagram, di Instagram saya masih terdapat bug seperti membuka story ig tiba-tiba tergeser ke siaran langsung user yang saya follow. Terima kasih",3,hai pihak instagram instagram masih terdapat bug membuka story ig tiba tiba tergeser siaran langsung user saya follow terima kasih,-1
annisasal sabila,"Kalau mau nambah fitur nggak papa tapi asal kn fitur arship an nya jangan dihilanginn,soalnya di situ ada kenangan yg nggk mungkin bisa di ulang,fitur repost nya di perbaiki jujur saya agak kecewa tapi nggak papa semangat yg terbaik lah buat para pekerja Instagram",5,kalau mau nambah fitur papa asal kn fitur arship an nya jangan dihilanginn soalnya situ kenangan nggk mungkin ulang fitur repost nya di perbaiki jujur agak kecewa nggak papa semangat terbaik lah buat pekerja instagram,4
Indryy,"Minus nya sekarang filter/efek di ig udah ga bagus apa lagi bagi pengguna android, malah sekarang lebih bagus filter di tiktok dari pada di ig",2,minus nya sekarang filter efek ig udah bagus apa bagi pengguna android malah sekarang lebih bagus filter tiktok pada ig,-1
Fazar Rizky,"Please Instagram jangan hilangin fitur arsip nya dong😭😭 soalnya disitu banyak kenangan ku sama mantan ku🙏😩 mau dimana lagi kami menyimpan photo buat kenangan coba, di galeri ram kami penuh jadi di arsip lah yg emang berguna buat kami... Tolong buat meta jangan hilangin fitur itu🙏🥲 gw bisa gila kalau itu dihilangkan. Yg lain ga papa asalkan jangan fitur itu yg di hilangkan🙏🙏🙏🙏",5,please instagram jangan hilangin fitur arsip nya dong soalnya disitu banyak kenangan ku sama mantan ku mau lagi menyimpan photo buat kenangan coba galeri ram penuh jadi arsip lah emang berguna buat tolong buat meta jangan hilangin fitur gw gila kalau dihilangkan lain papa asalkan jangan fitur yang hilangkan,2
Muhammad Rafli Adi Permana,"ini Ig kenapa jadi sering error' dah? kadang pas lagi liat SG orng tiba2 freeze trs kalo mau login ke akun lain malah ada tulisan ""coba lain kali lagi""? ini kenapa sih padahal memo hp masih banyak",2,ig jadi sering error dah kadang pas liat sg orng tiba freeze trs kalo mau login akun malah tulisan coba kali ini sih padahal memo hp banyak,0
Hafizah Ajha,"akun nya tiba' hilang dan di benerin gk bisa pdhl di akun yng hilang itu bnyk sekali foto' dan tugas' sya, semua sandi, nama pengguna, nomor tlp, e-mail semua sudah benar tetapi akun nya tetap saja tidak bisa untuk di login kan kembali",1,akun nya tiba hilang benerin pdhl akun yng hilang bnyk sekali foto tugas sya semua sandi nama pengguna nomor tlp e mail semua benar akun nya tetap tidak bisa untuk di login kan,-1
Alex Chandrawinata,"Filter instagram di hp samsung a35 tolong di perbaiki sepertinya error pada update'an baru,karna berkedip saat memakai filter di instagram. Terima kasih",1,filter instagram hp samsung a perbaiki sepertinya error update an baru karna berkedip memakai filter di instagram terima kasih,1
Kaji Rozaq,"serius ini story archive Instagram di ilangin???story archives Instagram ku juga pd ilang , pdhl sengaja selama ini nyimpen kenangan di story IG krna biar memori gk full dan kpn kpn bisa dilihat. otw g pake instagram lagi klo kyk gini, kecewa berattttt. saran aku sih jangan gegabah ya!!",2,serius story archive instagram ilangin story archives instagram ku pd ilang pdhl sengaja selama nyimpen kenangan story ig krna biar memori full kpn kpn dilihat otw g pake instagram klo kyk gini kecewa berattttt saran aku sih jangan gegabah,0
Mughanni Ojy,"tolong Ig udh sebulan gak bisa masukin akun di Instagram padahal nama ama sandi da benar tpi gak bisa masuk"" sandi salah terus, padahal cobain masuk di ig teman kok bisa,tolong lah masa apk se laris ini punya bug yg gak masuk akal gitu sih",1,ig sebulan masukin akun instagram padahal nama ama sandi da benar tpi bisa masuk sandi salah terus padahal cobain masuk ig teman kok bisa tolong lah masa apk se laris punya bug tidak masuk akal gitu sih,0
PASMOD teknik,untuk saat ini instagram tidak seperti dulu.terlalu menutup mata dengan kejadian yg ada.kabanyakan koment yg di take down untuk kebenaran. dan aplikasi terlalu berat juga.,1,saat instagram seperti dulu terlalu menutup mata kejadian ada kabanyakan koment di take down kebenaran aplikasi terlalu berat,-1
yoona raechela,Aplikasi nya sudah cukup bagus bagi saya. Namun saya menyarankan agar menambahkan fitur pengganti lagu pada postingan foto dan juga pengeditan rasio foto yang sudah terlanjur diposting🙏,5,aplikasi nya cukup bagus saya saya menyarankan menambahkan fitur pengganti lagu postingan foto juga pengeditan rasio foto sudah terlanjur diposting,-1
Surya Kencana,Instagram error kah? Apa sedang ada perbaikan sistem? Saya mau buat story menggunakan foto knpa tiba-tiba tidak bisa?! Tolong development segera perbaiki.,2,instagram error apa sedang perbaikan sistem mau buat story menggunakan foto knpa tiba tiba bisa development segera perbaiki,1
Ginger HaHan,"setelah di update malah susah jaringan. padahal download film lancar. putar youtube gk masalah, fb gak maslaah. kok cmn ig yg kayak susah jaringan!!",1,di update malah susah jaringan padahal download film lancar putar youtube masalah fb maslaah kok cmn ig kayak susah jaringan,0
Muhamad Mirwan,Akun saya tiba tiba diblokir sementara sedangkan nomor hp dan email sudah tidak aktif. Semenjak meta Ig baru saya juga tiba tiba hilang ntah berantah sudah diikuti secara langsung langkah langkah nya tetep aja hilang anehhh,1,akun tiba tiba diblokir sedangkan nomor hp email tidak aktif semenjak meta ig baru juga tiba tiba hilang ntah berantah diikuti langsung langkah langkah nya tetep hilang anehhh,0
Wildatul Jannah,Kenapa story ig tidak dapat dilihat sedangkan story nya baru di naikin di story. Dan satu hal lagi aku telah mengupdate ig tpi kenapa fungsinya error,2,story ig dapat dilihat story nya baru naikin story satu lagi aku mengupdate ig tpi fungsinya error,0
Raiqa Adzra,"Camera nya di fix ya, soalnya saya buka jadinya blackscreen terus yang muncul, trus mau tambah musik juga ga bisa..bug nya tolong di perbaiki 🙏",2,camera nya fix soalnya buka jadinya blackscreen terus muncul trus mau tambah musik tidak bug nya di perbaiki,0
Ananda Adelia F,Punya teman temanku Instagram nya sudah versi terbaru semua cuma punyaku yg tidak padahal sudah di update berkali-kali sedih sekali jika begini font tidak ada yg baru begitupun dengan instastory nya,4,punya teman temanku instagram nya versi terbaru semua cuma punyaku padahal di update berkali kali sedih sekali begini font tidak ada baru begitupun instastory nya,0
Wkwk 1234,"saya kasih bintang 5, tapi tolong jangan hilangkan fitur arsip, karna itu sangat berguna sekali untuk kami pengguna Instagram, sayang sekali kalau fitur arsip dihilangkan.. semua kenangan kami otomatis terhapus juga karna kami menyimpan nya di Instagram (arsip). saya tidak rela fitur arsip dihilangkan, saya pun yakin kalau fitur arsip dihilangkan akan sepi peminat. jadi tolong jangan dihilangkan ya please 🥺",5,kasih bintang jangan hilangkan fitur arsip karna sangat berguna sekali pengguna instagram sayang sekali kalau fitur arsip dihilangkan semua kenangan otomatis terhapus karna kami menyimpan nya instagram arsip tidak rela fitur arsip dihilangkan pun yakin kalau fitur arsip dihilangkan sepi peminat jadi tolong jangan dihilangkan please,2
Taniaza Hra,"DEAR INSTAGRAM, padahal kita cuman mengubah nama-nama yg sama. Lalu mengapa frekuensi yg tertera di ""tentang akun ini"" terhitung begitu banyak? Seakan-akan kita seperti orang yg berkarakter plin-plan & tidak berkomitmen.. mohon kebijakannya.",5,dear instagram padahal cuman mengubah nama nama sama lalu frekuensi tertera tentang akun terhitung banyak seakan kita orang berkarakter plin plan berkomitmen mohon kebijakannya,-1
Erzyy Arhamm,"Pleasee arsipnya jangan di hapus. Soalnya Salah satu alasan gk keluar dari instagram karna bnyak kenangan yg tersimpan di arsip yg gaada di galeri lagi,kalau mau di simpan satu persatupun lamaa,soalnya banyak.Jangan ya.😭😭",5,pleasee arsipnya jangan hapus soalnya salah satu alasan keluar instagram karna bnyak kenangan tersimpan arsip gaada galeri kalau mau simpan satu persatupun lamaa soalnya banyak jangan,2
Restu agustia,Untuk pihak instragram mengapa akun instagram yang baru saya buat dari kemarin saya pakai menjadi tidak bisa dipakai mohon diperbaiki🙏 saya kasih bintang satu dulu kalau instagram nya kalau sudah diperbaiki,1,pihak instragram akun instagram baru buat kemarin pakai menjadi bisa dipakai mohon diperbaiki kasih bintang satu dulu kalau instagram nya kalau diperbaiki,1
ninola,"akun instagram saya sudah 3 hari tidak bisa login. Saat ingin login diberi info ada masalah tak terduga. Tolong dr pihak instagram jgn dibuat susah akun yg ingin login !!!! kalau begini caranya, semua pada tidak bisa menikmati aplikasi ini",1,akun instagram sudah hari login ingin login diberi info masalah tak terduga dari pihak instagram jgn dibuat susah akun ingin login kalau begini caranya semua tidak bisa menikmati aplikasi,1
Ocha Salud Adianto (オチャです),"tolong untuk Instagram saat meng-upload video 16:9 saat selesai kenapa menjadi rasio 9:16 ya? pdhal versi sebelumnya sudh tidak seperti itu, knp sekarang menjadi seperti ini lagi ya? mohon segera diperbaiki!",4,untuk instagram meng upload video selesai menjadi rasio pdhal versi sebelumnya sudh knp sekarang menjadi seperti ini ya mohon segera diperbaiki,1
Andina Mara Santoso,Udah ngasih bintang 5 ternyata akunQ di tangguhkan tanpa sebab.. Konfirmasi via email gaaa di kirim2 kodenya.. Via fb yg tertaut tidak bisa login jg.. Via wa katanya nomer tidak terdaftar.. Daftar baru nomernya katanya terdaftar di ig yg di tangguhkan.. Saya tidak pernah melanggar aturan kenapa di tangguhkan,1,udah ngasih bintang ternyata akunq tangguhkan sebab konfirmasi via email gaaa kirim kodenya via fb tertaut bisa login jg via wa katanya nomer terdaftar daftar baru nomernya katanya terdaftar ig di tangguhkan tidak pernah melanggar aturan di tangguhkan,0
rizky adittama,aplikasinya sudah bagus fiturnya juga oke tapi ad sedikit bug setiap mau ngirim video atau ngechat lewat ig jadi mohon diperbaiki untuk developer nya,5,aplikasinya bagus fiturnya oke ad sedikit bug mau ngirim video ngechat lewat ig jadi mohon diperbaiki developer nya,-1
COLD FREZEE,"Tolong dong kalo kita upload vidio, kualitas vidionya bisa di naikin. Soalnya saya kalo upload vidio kualitasnya suka pecah kalo di bikin story. Padahal vidio aslinya jernih.",5,dong kalo upload vidio kualitas vidionya naikin soalnya kalo upload vidio kualitasnya suka pecah kalo di bikin story padahal vidio aslinya jernih,-1
Siti Nurjanah,"Apk baguss, cuma aku mau minta permintaan buatin fitur baru dong kak, biar lebih privasi foto pp IG bisa dikunci, soalnya pengalaman aku sampe ada orang lain pake identitas dan foto aku disebarkn Buat fitur lebih kekinian ya kak , Terimakasih😊",5,apk baguss cuma aku mau minta permintaan buatin fitur baru dong kak biar lebih privasi foto pp ig dikunci soalnya pengalaman aku sampe orang pake identitas foto aku disebarkn buat fitur lebih kekinian kak terimakasih,-1
Elyse,"baguss, fitur nya lengkap dan nyaman di gunakan, jenis video jg bagus dan sesuai ama size/ klo emg hd ya hd pas di sv, filter dan stickernya pada lucuu🥺🎀💗🌷",5,baguss fitur nya lengkap nyaman gunakan jenis video jg bagus sesuai ama size klo emg hd hd pas sv filter stickernya lucuu,-1
Dewanty apa,"Kenapa yang gua jelek ya, story nya gabisa lama yang orang lain mah bisa semenit,trus sekarang gada lagu nya,semenjak update jadi jelek,sekarang jadi ada limitnya untuk follow orang pdhl sebelum nya ga pernah folow follow malah jadi gabisa follow karena di batasi",1,gua jelek story nya gabisa lama yang orang mah semenit trus sekarang gada lagu nya semenjak update jadi jelek sekarang jadi limitnya follow orang pdhl nya pernah folow follow malah jadi gabisa follow di batasi,-1
ke_rian _za,"Tolong kepada developer agar menyediakan fitur penghemat data , aplikasi nya masih sangat teramat boros dalam pemakaian data , handphone cepat panas ruang data nya begitu besar.",1,kepada developer menyediakan fitur penghemat data aplikasi nya sangat teramat boros pemakaian data handphone cepat panas ruang data nya besar,-1
kezia ramadhania,"Pliesss lahhh fitur arsip jangan di ilangin, and ig lagi kenapa dah??? Kok gbisa lihat SG orang dari tadi siang tiba"". Pdhl udh di uninstall, di update, sampe di non aktifkan juga masih begitu juga🥺🥺",3,pliesss lahhh fitur arsip jangan ilangin and ig kenapa dah kok gbisa lihat sg orang tadi siang tiba pdhl uninstall update sampe di non aktifkan masih juga,0
renaresma,"knp sekarang jadi ga bisa log in ya? Padahal password nya bener tapi muncul terus kata ""kata sandi salah"", dicobain di Instagram web nya bisa dan udh bener tapi kalo di apk nya gabisa log in:(( udh dicoba semua akun dan muncul terus kata sandi salah:(",1,knp sekarang jadi log in padahal password nya bener muncul terus kata kata sandi salah dicobain instagram web nya bisa bener kalo apk nya gabisa log in dicoba semua akun dan muncul terus kata sandi salah,0
HookBait Biter,"Wouuuupy, ini aplikasi jujur sangat banyak membantu saya sih apa lagi saya mendapat cukup banyak keuntungan di sinikarana saya juga dapet banyak orderan dari aplikasi ini, bahkan ini juga bisa di bilang sebagai aplikasi multi fungsi sih, ya entah kalian mau mencari ide, tips, meme ,dan lain lain ya intinya insyaallah semuanya ada dah keren keren 👍",4,wouuuupy aplikasi jujur sangat banyak membantu sih apa mendapat cukup banyak keuntungan sinikarana saya juga dapet banyak orderan aplikasi bahkan juga di bilang aplikasi multi fungsi sih entah kalian mau mencari ide tips meme lain ya intinya insyaallah semuanya dah keren keren,4
Shara Ardiyan,"Halo..saya pengguna instagram dari lama..tetapi kenapa sekarang di akun saya tidak tersedia musik? Di catatan bertuliskan ""lagu yang anda pilih mungkin tidak tersedia di semua negara"", dan ketika saya ingin mempostinh story dengan lagu..itu tidak muncul lirik seperti sebelumnya, ini kenapa ya? Mohon untuk diperbaiki segera, karena saya ingin ngodein crush..terimakasih!😔💗🙏",4,halo pengguna instagram lama kenapa sekarang akun tersedia musik catatan bertuliskan lagu anda pilih mungkin tidak tersedia semua negara ketika mempostinh story lagu tidak muncul lirik sebelumnya kenapa mohon diperbaiki segera saya ingin ngodein crush terimakasih,-1
Elisabet Inesa,"tolong dong instagram jangan ilangin fitur arsip ig, sayang story² yang udah lama ke save di arsip dan kenangan nya, masa harus ilang gitu aja, apalagi kalo di ig kelas, sayang banget, kenangan pas masa sekolah... minta tolong perbaiki fitur nya, agar instagar tetap ada arsip dan arsip yg sifatnya video jangan dijadiin gambar🥺🥺🙏🏻🙏🏻🙏🏻",3,dong instagram jangan ilangin fitur arsip ig sayang story udah lama save arsip kenangan nya masa ilang gitu apalagi kalo ig kelas sayang banget kenangan pas masa sekolah minta perbaiki fitur nya instagar tetap arsip arsip sifatnya video jangan dijadiin gambar,2
gallant 2307,"semua perizinan kamera sudah saya aktifkan tapi mengapa kamera Instagram tidak bisa di gunakan tampilan layar nya hitam baik kamera depan dan belakang,harap segera di beri cara dan di perbaiki lagi aplikasi ini",1,semua perizinan kamera saya aktifkan mengapa kamera instagram bisa gunakan tampilan layar nya hitam baik kamera depan belakang harap segera beri cara di perbaiki aplikasi,-1
Lrs Alita,"Saya sudah 3 kali kehilangan akun, da selalu bermasalah untuk login. Aplikasi yang buruk, keamanan buruk, sama sekali tidak ada peningkatan",1,sudah kali kehilangan akun da selalu bermasalah login aplikasi buruk keamanan buruk sama sekali ada peningkatan,-1
Anggia Febrina,"Fitur Instagramkan makin terupdate nih ya, nah sempet beberapa lalu font tulisan tuh pada bagus bagus. trus skrg udh gk ada lg, tpi di Instagram org org masih ada font barunya tpi di aku gk ada itu gmna yaaa",5,fitur instagramkan makin terupdate nih nah sempet beberapa lalu font tulisan tuh bagus bagus trus skrg lg tpi instagram org org ada font barunya tpi aku tidak ada gmna yaaa,-1
Zahro Putri,"hari ini knpa kalo saat saya lihat story ig tulisannya ""cerita tidak tersedia"", pdahal emng ada story di orang lain, tolong untuk diperbaiki, saya sampe mati hidupin data berulang kali, tpi sama aja",2,hari knpa kalo lihat story ig tulisannya cerita tersedia pdahal emng story orang tolong diperbaiki saya sampe mati hidupin data berulang kali tpi sama,0
Patricia Leman,"Instagram, tolong perbaiki fitur ""pengajuan banding"". Saya tau fitur ini dibuat demi kenyamanan dan keamanan bersama, tapi saya sedang memiliki kebutuhan yang cukup urgent, dan sayangnya saya tidak bisa membuat akun khusus. katanya ditinjau selama 24 jam, tapi ini sudah 4 hari dan tidak ada kemajuan. Mohon bantuannya. 🙏",3,instagram perbaiki fitur pengajuan banding tau fitur dibuat kenyamanan keamanan bersama sedang memiliki kebutuhan cukup urgent sayangnya saya tidak membuat akun khusus katanya ditinjau selama jam ini hari tidak kemajuan mohon bantuannya,-1
M. Dani Abdurrahman,"kenapa skrng ig jadi ngerubah suara story jadi semakin rendah? yg asal mula nya musik nya nyaring jadi suara pelan gini, plis update woi..",2,skrng ig jadi ngerubah suara story jadi semakin rendah asal mula nya musik nya nyaring jadi suara pelan gini plis update woi,0
Sudiri Alby,"Aplikasi ini mudah digunakan. Banyak memperoleh informasi dan hiburan. Saya sudah lama memiliki apliksi ini, tapi sayangnya hanya sedikit teman saya yang menggunakan aplikasi ini jadi kurang berinteraksi.",5,aplikasi mudah digunakan banyak memperoleh informasi hiburan sudah lama memiliki apliksi tapi sayangnya sedikit teman yang menggunakan aplikasi jadi kurang berinteraksi,1
Ryan Aziz,"Tolong di permudah waktu edit sorotan, soalnya saya tekan selesai memuatnya sangat lama hingga beberapa menit , membuat saya kesal dan saya coba 10 × baru bisa. *SEMOGA KOMENTAR SAYA DI JAWAB*",5,di permudah waktu edit sorotan soalnya tekan selesai memuatnya sangat lama hingga beberapa menit membuat kesal coba baru semoga komentar saya di jawab,-1
Amanda Puteri,"Buka story trus pake filter malah kelap kelip item putih gejelas uda di uninstal trus download lg masi sama aja pdhl kondisi hp dan kamera bisa itu baik"" saja gmn si ini ig nya yg bug atau gmn si tolong di perbaiki",1,buka story trus pake filter malah kelap kelip item putih gejelas uda uninstal trus download lg masi sama pdhl kondisi hp kamera itu baik gmn si ig nya bug gmn si di perbaiki,0
Afwan Riyadi,"kenapa model repost an video balik ke setelan awal ya? padahal uda bagus loh yg kemarin modelnya lengkung mirip repost an iPhone, eh ini balik jdi persegi panjang lagi. ubah lagi dong ke model lengkung repost an nya!",3,model repost an video balik setelan awal padahal uda bagus loh kemarin modelnya lengkung mirip repost an iphone eh balik jdi persegi panjang ubah dong model lengkung repost an nya,-1
Hilda Tiara,"tolong jangan hapus fitur arsip cerita, jadi semakin ga suka main instagram semenjak beberapa foto/video di arsipan akun instagram saya hilang dan meta tidak bisa bertanggung jawab untuk mengembalikannya:(((",1,jangan hapus fitur arsip cerita jadi semakin suka main instagram semenjak beberapa foto video arsipan akun instagram hilang meta bisa bertanggung jawab mengembalikannya,2
Pengguna Google,"Cuma 1 sih kekurangan yang sangat menggangu sih buat gua, iklan lewat pas kita liat SG, ya gua tau kalau itu salah satu pemasukan buat meta, tapi kalau bisa kurangin dikitlah, selebihnya dah cukup sih",4,cuma sih kekurangan sangat menggangu sih buat gua iklan lewat pas liat sg gua tau kalau salah satu pemasukan buat meta kalau kurangin dikitlah selebihnya dah cukup sih,-1
salon cece,"Banyak bget masalah nya di Instagram ini update story aja susah banyak ini itu nya .. padahal Instagram gak pernah di apa""in . sinyal kuat jg update status GK bisa hapus cache sama ..apa sih aplikasi bgni amat..dah 3 hri upload story GK kekirim trus.. update story di Instagram banyak banget yang gagal terkirim.arsip jg banyak yg kehapus smkin buruk aja .playann nya .GK kayak apk"" yg lain",1,banyak bget masalah nya instagram update story susah banyak itu nya padahal instagram pernah apa in sinyal kuat jg update status bisa hapus cache sama apa sih aplikasi bgni dah hri upload story kekirim trus update story instagram banyak banget gagal terkirim arsip jg banyak kehapus smkin buruk playann nya kayak apk lain,-1
Wulan,"makin gaje Instagram, mo nambahin audio di story dan postingan ga ada. ngesave audio ga ada fiturnya hadehhhhhhhhhh",1,makin gaje instagram mo nambahin audio story postingan ada ngesave audio ada fiturnya hadehhhhhhhhhh,-1
Tri Muliyana,Kenapa foto srsipan saya gelap ada tanda seru nya dan katanya cerita ini sudah tersedia lagi dan tidak dapat di pulihkan otomatis akan di hapus dari arsip paling lambat Juli 2025 Banyak kenangan lo di arisan dengan gampang nya menghapus smua itu tolong ya di perbaiki itu jangan sampai terhapus,1,foto srsipan gelap tanda seru nya katanya cerita sudah tersedia dan dapat pulihkan otomatis hapus arsip paling lambat juli banyak kenangan lo di arisan gampang nya menghapus smua tolong di perbaiki jangan terhapus,2
R U D Z,"Di HP temen bisa pause reels tanpa perlu ditahan yaitu tinggal klik doan, lah di HP saya masih perlu ditahan untuk meng pause suatu vidio reels, ini gimana sih updatenya kok gk merata?",1,hp temen pause reels perlu ditahan tinggal klik doan lah hp masih perlu ditahan meng pause suatu vidio reels gimana sih updatenya kok merata,0
dzakiyyah,"pliss jangan dihapus archive nya jangan dihilangin, justrus archive yang bikin kita betah pake aplikasi ini, kalo dia dihilangin bakal kurang, jadinya sama aja dong kayak aplikasi sebelah. udah nyaman sama instagram tolong jangan dihilangin fitur apapun itu, pliss... kenangan kenangan semua ada disana, ribet kalo harus mindahin lagi, intinya jangan sampe dihilangin itu aja...",5,pliss jangan dihapus archive nya jangan dihilangin justrus archive bikin betah pake aplikasi kalo dihilangin bakal kurang jadinya sama dong kayak aplikasi sebelah udah nyaman sama instagram jangan dihilangin fitur apapun pliss kenangan kenangan semua disana ribet kalo mindahin intinya jangan sampe dihilangin saja,2
Anisa Oktaviani,"saya beri bintang 5 asalkan Instagram tetap mempertahankan fitur Archive Story, karena fitur ini sangat berguna untuk menyimpan kenangan dan momen berharga tanpa harus membagikannya secara permanen di profil.",5,beri bintang asalkan instagram tetap mempertahankan fitur archive story fitur sangat berguna menyimpan kenangan momen berharga harus membagikannya permanen profil,-1
wahyu kharisma,"Instagram kenapa menghapus postingan design yang jelas jelas saya buat original dari 0 tanpa plagiat mencontek atau meng upload karya orang lain, sistem penilaian ai Instagram sangat buruk, tolong di perbaiki, sebelumnya terjadi dgn beberapa teman creator yang postingan karya orisinil mereka di hapus dengan alasan plagiasi, sekarang terjadi lagi di saya.",3,instagram menghapus postingan design jelas jelas buat original tanpa plagiat mencontek meng upload karya orang sistem penilaian ai instagram sangat buruk di perbaiki sebelumnya terjadi beberapa teman creator postingan karya orisinil di hapus alasan plagiasi sekarang terjadi di,1
Miftachul Au'lidhina,Tolong teramat sangat!!! Fitur highlight nya jangan di hapus!!! Arsipannya juga jangan di hapus!!! Karna itu penting dan mempermudah kita. Kalau seperti ini ya jadinya IG ga berfungsi lagi & dijamin 100% semua orang akan hilang respect dengan IG. TOLONG DI PERTIMBANGKAN YA!!!,3,teramat sangat fitur highlight nya jangan hapus arsipannya jangan hapus karna penting mempermudah kalau ini jadinya ig berfungsi dijamin semua orang hilang respect ig di pertimbangkan,2
Zero Gaming,"untuk pihak instagram saya ingin menanyakan terkait masalah saya, saya tidak bisa mengupload vidio (memeriksa koneksi) seperti itu terus kenapa ya? .untuk repost dan post foto masih bisa cuma untuk vidio selalu seperti itu",5,pihak instagram ingin menanyakan terkait masalah saya bisa mengupload vidio memeriksa koneksi itu terus ya repost post foto bisa cuma vidio selalu itu,3
Muhammad Azmi Maulana,"Perbaiki lagi bug menambahkan musik dibio, sudah ditambahkan tapi setelah itu hilang lagi.",3,perbaiki bug menambahkan musik dibio ditambahkan setelah hilang,1
FAJAR RIZQI AKBAR,saya mendengar kalau fitur archive akan segera di hapus apakah benar?? jika memang benar.... tolong untuk jangan sampai hapus fitur archive tersebut..... karna banyak orang yang memanfaatkan fitur tersebut untuk menyimpan sebuah kenangan,1,mendengar kalau fitur archive segera hapus benar memang benar jangan hapus fitur archive tersebut karna banyak orang memanfaatkan fitur tersebut untuk menyimpan sebuah kenangan,2
Nurliana liana,Ah makin ke sini gak bagus banyak fitur yang hilang.. tiba tiba comen hilang.. vidio susah upload.. kebijakannya kurang bagus. masa komen dikit ja gak bisa.. tolong perbaiki donk.,1,ah makin sini bagus banyak fitur hilang tiba tiba comen hilang vidio susah upload kebijakannya kurang bagus masa komen dikit ja bisa perbaiki donk,-1
Aulia Firokhah,"Bintang satu jika pihak Instagram menghilangkan arsip story , please banget jangan dihapus karna arsip lah membuat kenangan dari foto dan Vidio yg udh lama di simpan ini sangat berguna banget dalam aplikasi Instagram 🙏🏻",1,bintang satu pihak instagram menghilangkan arsip story please banget jangan dihapus karna arsip lah membuat kenangan foto vidio sudah lama simpan sangat berguna banget aplikasi instagram,2
Firgiawan Dwi,"Masalah mulu sumpah ""maaf.ada masalah"".tolong ini kenapa masukin pw bener gl bisa masukin pw salah gk bisa, terus harus di masukin apa truk molen sumpah dah tolong ini du fix. Gw tau ini demi keamanan tapi ya gk gini, masak log in pake HP yg pertama buat aku gk bisa. Dahlah. Moga di baca",1,masalah mulu sumpah maaf masalah masukin pw bener gl masukin pw salah bisa terus masukin apa truk molen sumpah dah ini du fix gw tau ini demi keamanan ya gini masak log in pake hp pertama buat aku bisa dahlah moga di baca,0
Wa Ode Aulia Maulida Sari,Ga Jelas! Diminta ajukan banding. Giliran dah disetujui disuruh masukin kode yang dikirim lewat email. Tapi sampai sekarang tuh kode kagak dikirim kirim. Padahal jaringan juga stabil dah ga tau apa yang salah. Emang dari aplikasi nya aja yang GA JELAS,1,jelas diminta ajukan banding giliran dah disetujui disuruh masukin kode dikirim lewat email sampai sekarang tuh kode kagak dikirim kirim padahal jaringan stabil dah tau apa salah emang aplikasi nya yang jelas,0
Febbyola,"kalo kata gua adain aja fitur hd nya kaya apk sebelah, gua kirim download dari ig, gila kualitas videonya jelek banget. baca napa minimal, jangan fitur kaya font yang ga dibutuh butuhin doang yang diperhatiin ini masalah kualitas gabisa hd",1,kalo kata gua adain fitur hd nya kaya apk sebelah gua kirim download ig gila kualitas videonya jelek banget baca napa minimal jangan fitur kaya font tidak dibutuh butuhin doang diperhatiin masalah kualitas gabisa hd,0
vicka nailah,kenapa di Instagram ketika ingin memposting foto ada bacaan terjadi kesalahan yang tidak diketahui ya? sewaktu mencari solusi hapus cache dan update aplikasi tetap saja terjadi bug seperti itu,3,di instagram ingin memposting foto bacaan terjadi kesalahan tidak diketahui sewaktu mencari solusi hapus cache update aplikasi tetap terjadi bug itu,-1
Herlina Shafiradaryanto,"Kenapa video arsip dari 2021 kebawah tidak bisa bergerak sama sekali, padahal sengaja banyak simpan kenangan disana. tapi tidak bisa diputar kembali. Tolong pihak instagram",3,video arsip kebawah bergerak sama sekali padahal sengaja banyak simpan kenangan disana tidak bisa diputar tolong pihak instagram,2
raraiqAa,"ig banyak bug nya, setiap up story selalu ga bisa dan muncul tulisan kesalahan, tolong di perbaiki",3,ig banyak bug nya up story selalu bisa muncul tulisan kesalahan di perbaiki,-1
Resti Sari,"Instagram ini emng beda ya audio/suaranya sangat kecil dari aplikasi yang lain seperti threads dsb. Padahal volume sudah besar, Tolong perbaiki",2,instagram emng beda audio suaranya sangat kecil aplikasi lain threads padahal volume besar perbaiki,0
Janeta Maulana,"jujur aja fitur barunya sih makin banyak, tapi minimal perbaikin dulu kek masalah arsipan story ig (ada yg gabisa dibuka, blur, trs vid jd fto) , yakali eror trs diapus pihak ignya? jujur aja ya daripada banyakin fitur ga terlalu penting mending perbaikin masalah arsip ig dulu, masalahnya banyak kenangan di arsip ig yakali ilang eror trs lu apus.",1,jujur fitur barunya sih makin banyak minimal perbaikin dulu kek masalah arsipan story ig yang gabisa dibuka blur trs vid jadi fto yakali eror trs diapus pihak ignya jujur ya banyakin fitur terlalu penting mending perbaikin masalah arsip ig dulu masalahnya banyak kenangan arsip ig yakali ilang eror trs lu apus,-1
Anggia Pitaomas Rajagukguk,"Tolong Instagram, kenapa setelah update versi terbaru waktu buat instagram story menggunakan effect jadi kedip-kedip yaaa??? Ngebug gitu tolong gmn solusinya",1,instagram setelah update versi terbaru waktu buat instagram story menggunakan effect jadi kedip kedip yaaa ngebug gitu gmn solusinya,-1
Antan Bahrul,"Tolong dong masa hp saya kamerany udaa 108mp , support 4K , kenapa yaa setiap upload story selalu buram hasil nya , ini PR sih buat IG , apa harus selalu merek hp tertentu saja yang dapet fitur jernih kalo upload story ?",1,dong masa hp kamerany udaa mp support k yaa upload story selalu buram hasil nya pr sih buat ig apa selalu merek hp tertentu yang dapet fitur jernih kalo upload story,-1
Khairunisa,"kenapa tiba tiba fitur musik di profil/di bio hilang di akun saya? di akun kedua saya masih ada namun, di akun yang pertama udah ilang fiturnya. Mohon di percepat perbaikan nya, terimakasih atas perhatiannya🙏",4,tiba tiba fitur musik profil bio hilang akun akun kedua masih namun akun pertama udah ilang fiturnya mohon di percepat perbaikan nya terimakasih atas perhatiannya,1
Alok Diskon,"aplikasi gajelas saya tidak salah apa apa akun saya kena blokir, lalu buat akun lagi bermasalah tidak bisa mengikuti apk banyak ngebugnya aneh, dan tolong perbaiki lagi, terimakasih",1,aplikasi gajelas salah apa apa akun kena blokir lalu buat akun bermasalah tidak bisa mengikuti apk banyak ngebugnya aneh tolong perbaiki terimakasih,-1
Riyanti Riyanti,Kenangan tetap ada di Instagram... walaupun HP lama telah hilang..yaah beruntung punya Instagram bisa mengekspor ke HP baru dari akun lama.. thank you 🙏☺️,5,kenangan tetap di instagram walaupun hp lama hilang yaah beruntung punya instagram mengekspor hp baru akun lama thank you,-1
Nurul Qamri,"Tolong kualitas foto dan video jangan di kompres saat di post. Dan tolong jangan hilangkan arsip Ig, hanya di ig saja saya menyimpan arsip2 kenangan digital saya.",1,kualitas foto video jangan kompres di post tolong jangan hilangkan arsip ig di ig menyimpan arsip kenangan digital saya,2
indah berliana,"dah bagus, cuman kalo ada tambahan fitur tolong ada di semua akun ya. soalnya fitur-fitur yang baru (kayak font, bingkai, dll) itu cuman ada di akun kedua saya yang jarang saya pakai, di akun utama yang sering saya pakai malah tidak ada. tolong diperbaiki lagi ya🙏🏻",5,dah bagus cuman kalo tambahan fitur semua akun soalnya fitur fitur baru kayak font bingkai itu cuman ada akun kedua jarang pakai di akun utama yang sering pakai malah ada diperbaiki ya,0
Sofia Murida,"Hari ini instagram ku seharian gak ada muncul story instagram di beranda, udah di refresh terus, tetap gak ada hasil, tapi kalau lihat akun orang ada story nya, tapi di beranda sama sekali tidak muncul story followers, tolong dijawab admin, saya sudah coba laporkan masalah di instagram, belum di respon sampai sekarang Terimakasih",4,hari instagram ku seharian muncul story instagram beranda udah refresh terus tetap ada hasil kalau lihat akun orang ada story nya beranda sama sekali muncul story followers dijawab admin sudah coba laporkan masalah di instagram di respon sekarang terimakasih,1
Juri Anto,Assalamualaikum rekomendasi dari saya Instagram bagus buat yang insekyur sama wajah nya sendiri termasuk saya sendiri dan yang gak PD sama muka nya sekian dari saya kurang lebih nya mohon maaf wassalamualaykum🙏,1,assalamualaikum rekomendasi instagram bagus buat insekyur sama wajah nya sendiri termasuk saya sendiri yang pd sama muka nya sekian saya kurang lebih nya mohon maaf wassalamualaykum,2
Mambaul Khofshoh,"fitur arsip jangan di hilangkan, overall bagus. tapi fitur arsip jangan dihilangkan karena itu fitur paling berguna.",5,fitur arsip jangan hilangkan overall bagus fitur arsip jangan dihilangkan itu fitur paling berguna,2
Ariven Barca,"Aplikasinya lumayan bagus, banyak konten hiburan dan juga edukasi. Yang perlu ditingkatkan, filterasi terhadap konten yang berbau pornografi, karena yang menggunakan apk ini tidak hanya orang dewasa",5,aplikasinya lumayan bagus banyak konten hiburan juga edukasi perlu ditingkatkan filterasi konten berbau pornografi yang menggunakan apk tidak orang dewasa,1
Gita Febrianti,"kenapa ya pas saya mau foto, buka kamera tiba tiba jadi full hitam. padahal kemarin kemarin aman aman aja. tolong dong ini kenapa? rata rata yang pake hp samsung pada kaya gini semua. tolong konfirmasi nya...",1,ya pas mau foto buka kamera tiba tiba jadi full hitam padahal kemarin kemarin aman aman dong kenapa rata rata pake hp samsung kaya gini semua tolong konfirmasi nya,-1
Nadine Kirana putri,"bagusss,banyak fitur baru..tapi ini kenapa akun saya tiba tiba kehapus permanen ya?? udah nyoba buat akun baru pake Gmail yang lain juga tetep ga bisa,tolong dongg. soalnya disana banyak foto kenang kenangan,masalah followers bodoamat bener dah",4,bagusss banyak fitur baru ini akun tiba tiba kehapus permanen udah nyoba buat akun baru pake gmail lain tetep bisa dongg soalnya disana banyak foto kenang kenangan masalah followers bodoamat bener dah,0
Amel Amelannisa,Kenapa ig jadi tidak bisa dibuka disuruh pengajuan 180 hari. Apaan ig aku mau hilang kah. Pdhl ig probadi itu. Sdh di vidio dan no hp juga semoga balik ig aku .klo gak balik gak mau main ig lg ribet.,1,ig jadi bisa dibuka disuruh pengajuan hari apaan ig aku mau hilang pdhl ig probadi sdh vidio no hp semoga balik ig aku klo balik mau main ig lg ribet,-1
Nofa Ardiansyah,"tolong lebih diperbaiki lagi bug nya, tidak bisa menambahkan sorotan, musik tidak bisa muncul padahal di akun lainnya bisa",2,lebih diperbaiki bug nya menambahkan sorotan musik bisa muncul padahal akun lainnya bisa,-1
Laksamana Angga,"Devlopert instagram yg terhormat, sya tdk merasa melakukan planggaran apa pun, tiba-tiba sja akun sya di tangguhkan. Sya sdh mengajukan banding sejak kemarin, namun sampai detik ini belum membuahkan hasil yg baik.",1,devlopert instagram terhormat sya tdk merasa melakukan planggaran apa tiba tiba sja akun sya tangguhkan sya sdh mengajukan banding sejak kemarin sampai detik belum membuahkan hasil baik,0
Alin Cia,"kenapa sih instagram, padahal saya mau daftar tpi kenapa selalu muat ulang dan ga bisa? padahal itu mau saya buat post tugas sekolah tpi kenapa daftar aja instagram muat ulang terus? TOLONG DI PERBAIKI DONG",1,sih instagram padahal mau daftar tpi selalu muat ulang tidak padahal mau buat post tugas sekolah tpi daftar instagram muat ulang terus di perbaiki dong,0
Zulfadli Rahmat04,"unggah cerita dan postingan aja udah 2 jam nggk terunggah pulak, padahal kuota internet hidup 5gb tapi nggk bisa katanya menunggu koneksi plus satu lagi, orang lain bisa untuk ngepost ulang cerita orang ke ceritanya, karena ada opsi tambahkan ke cerita lah kenapa saya tidak ada, padahal saya sudah versi terbaru sudah update",1,unggah cerita postingan udah jam nggk terunggah pulak padahal kuota internet hidup gb nggk katanya menunggu koneksi plus satu orang bisa ngepost ulang cerita orang ceritanya ada opsi tambahkan cerita lah ada padahal saya versi terbaru sudah update,0
idk thx,"tolong di perbaiki bnyk error nya, ga ada otak bgt,masa iya ga ngefollow siapa² tiba² following nambah, trus jg tiba² di aktivitas like gue, nge like bnyk video orang luar gajelas amat",2,perbaiki bnyk error nya ada otak banget masa iya ngefollow siapa tiba following nambah trus jg tiba di aktivitas like gue nge like bnyk video orang luar gajelas,-1
Ricky Setiawan,"Device saya setelah update ke Android 15, fitur stories pada aplikasi mengalami gangguan (freeze) ketika mencoba melihat stories selanjutnya . Tolong diperbaiki",2,device setelah update android fitur stories aplikasi mengalami gangguan freeze mencoba melihat stories selanjutnya diperbaiki,-1
Rendy Ardianto,Tiba2 terlogout dan tidak bisa login lagi. Padahal password dan username sudah benar. Tp anehnya di instagram lite bisa login tanpa masalah,1,tiba terlogout tidak login padahal password username benar anehnya instagram lite login masalah,1
Nunung Ratna Dewi,"Aplikasi yang mudah digunakan, banyak pilihannya, dan tidak susah untuk menyiarkan siaran langsung. Saya sangat menyukai nya. Good Job Instagram",5,aplikasi mudah digunakan banyak pilihannya tidak susah menyiarkan siaran langsung sangat menyukai nya good job instagram,1
fajar pathul padhillah,Instagram kenapa ya?? akun ig saya ditangguhkan mulu. padahal saya login sendiri diperangkat saya. Malah disuruh banding. tolong dong diperbaiki keamanannya. dan harus nunggu 3 hari akunnya setelah banding,1,instagram ya akun ig ditangguhkan mulu padahal login sendiri diperangkat malah disuruh banding dong diperbaiki keamanannya harus nunggu hari akunnya banding,0
LATIF ICHTIYAR,"setelah update, malah ngebug. setiap liat video reels or story pasti videonya nge delay. ga sinkron sama audionya. tlg diperbaiki ya",5,update malah ngebug liat video reels or story videonya nge delay sinkron sama audionya tlg diperbaiki,-1
Christemanuel Harvin Budiman,"Algoritma videonya sangat bagus, dimana saya sedang over eating dan ingin konsisten ingin makan sehat 100% tanpa tepung, gula, minyak, pengawet, dll lalu ternyata ada video yang memotivasi saya untuk terus melakukan itu dengan lebih baik dan tidak perlu menghakimi makanan lain agar kedepan saya tidak over eating akan makanan yang saya cap kurang baik",5,algoritma videonya sangat bagus sedang over eating konsisten ingin makan sehat tepung gula minyak pengawet lalu ternyata video memotivasi untuk terus melakukan dengan lebih baik tidak perlu menghakimi makanan agar kedepan saya tidak over eating makanan saya cap kurang baik,-1
Muhajir royhan Daffa,"sudah bagus cuman ada beberapa kendala seperti saya yang sering menyukai reels dan postingan orang lain yang emang karena saya sukai dan malah di anggap sebagai aktivitas spam, kejadian ini sudah terulang lebih dari 7 kali mohon lebih di perbaiki lagi,karena tujuan murni saya memang menyukai postingan orang lain, sudah saya lakukan pengajuan tapi proses verifikasinya bisa memakan waktu 1-2 bulan hal ini sangat menggangu mohon segera di perbaiki.",4,bagus cuman beberapa kendala sering menyukai reels postingan orang yang emang sukai malah anggap aktivitas spam kejadian sudah terulang lebih kali mohon lebih perbaiki karena tujuan murni saya memang menyukai postingan orang sudah saya lakukan pengajuan proses verifikasinya memakan waktu bulan ini sangat menggangu mohon segera perbaiki,1
Fidia Novita Rahmawati,"kenapa saat membuat reels kita sendiri di Instagram tidak ada fitur menyimpan ke galeri, padahal dulu masih bisa sekarang udah ga ada,mohon di perbaiki.",3,saat membuat reels sendiri instagram ada fitur menyimpan galeri padahal dulu bisa sekarang udah ada mohon perbaiki,3
R.Sakura-chan,"Mengapa saya tidak bisa mendaftarkan akun saya??? Ma pake fb ataupun tidak tetap saja tidak mau??saya udh coba cek ulng siapa tau ad kesalahan namun mendapatkan hasil yg sm jga, saya juga udh mencoba buat download ulang Krn saya pikir ad sistem yg slh namun tetap saja mendapatkan hasil yg sm.Bahakan saya jga sudah menyampaikan mslh saya k tim Ig namun tidak menerima jawaban tolonglah perbaiki masalah ini",1,bisa mendaftarkan akun ma pake fb ataupun tetap tidak mau coba cek ulng siapa tau ad kesalahan mendapatkan hasil sama jga juga mencoba buat download ulang pikir ad sistem slh tetap mendapatkan hasil sama bahakan saya jga sudah menyampaikan mslh saya k tim ig tidak menerima jawaban tolonglah perbaiki masalah,0
Elfi Ramadhani,Tolong dong fitur arsip story yang lama2 jangan dihilangkan. Apalagi video lama jd freeze. Itu ada kenang2an nya,1,dong fitur arsip story lama jangan dihilangkan video lama jadi freeze ada kenang an nya,-1
Ricky Silvester,"Cukup bintang yang berbicara Udah dikasi bintang 1 pun masi aja gak dibereskan nih aplikasi,masa setiap lihat story' muncul layar hitam terus perasaan hp aku gak kentang amat dah,tolong developer perhatikan lagi untuk kenyamanan",1,cukup bintang berbicara udah dikasi bintang masi dibereskan nih aplikasi masa lihat story muncul layar hitam terus perasaan hp aku tidak kentang dah developer perhatikan untuk kenyamanan,-1
yola fadila,"Tiba tiba kamera IG nya hitam di samsung A05, sebelumnya tidak seperti ini, di kamera utama tidak ada masalah dan kamera di aplikasi lainnya juga aman, apakah ada bug atau lagi error IG ini",3,tiba tiba kamera ig nya hitam samsung a sebelumnya seperti kamera utama ada masalah kamera di aplikasi lainnya aman ada bug lagi error ig,-1
Rokib Marzuki,"Mantap.saya baru nginstall senang sekali instagram ngasih tontonan yang menghibur banyak inspirasi juga semoga kedepan instagram, bisa nambahin fitur yang keren lagi dan semoga semakiin jaya Dan bisa ngasih pengguna instagram seluruh dunia bisa berkarya .mantap",5,mantap baru nginstall senang sekali instagram ngasih tontonan menghibur banyak inspirasi semoga kedepan instagram nambahin fitur keren semoga semakiin jaya dan ngasih pengguna instagram seluruh dunia bisa berkarya mantap,1
Kim Taehyung,"nstagram sebaiknya tetap mempertahankan fitur Archive Story, karena fitur ini sangat berguna untuk menyimpan kenangan dan momen berharga tanpa harus membagikannya secara permanen di profil 🙏🙏🙏",1,nstagram sebaiknya tetap mempertahankan fitur archive story fitur sangat berguna menyimpan kenangan momen berharga harus membagikannya permanen profil,-1
Pandiangan Benedit,Aplikasi Instagram ini sangat mudah penggunaanya dan praktis. Fitur2nya cangih canggih. Saya menggunakan hanya sekedar menunggu benar2 tau bagaimana menghasilkan heveng di sini... 😁😁🤣🤣👍👍👍🏅🏅🏅🏆🏆🏆.,5,aplikasi instagram sangat mudah penggunaanya praktis fitur nya cangih canggih menggunakan sekedar menunggu benar tau bagaimana menghasilkan heveng sini,1
Putri Budi,"Pliss kecewa banget skrng sama Instagram, knpa fitur arsip yg bnr2 kita jadiin kenangan malah d apus, parah bgt si.. vidio arsip gue jdi Poto dan ada yg dah ga di buka lagi.. malah makin jelek kesini2",1,pliss kecewa banget skrng sama instagram knpa fitur arsip bnr jadiin kenangan malah d apus parah banget si vidio arsip gue jdi poto ada dah di buka malah makin jelek kesini,0
Anggun Setiyani,"sangat mudah, tetapi belum ada fitur terbarunya yg lebih mudah untuk ig profesional nya, kembangkan ya, saya suka main Instagram",5,sangat mudah belum fitur terbarunya lebih mudah ig profesional nya kembangkan saya suka main instagram,1
Jee,"lagi dan lagi ada bug, udh seneng ada fitur komentar nya di story eh pas mau setting di pengaturan terjadi kesalahan. sebel bangettttt",3,dan bug seneng ada fitur komentar nya story eh pas mau setting pengaturan terjadi kesalahan sebel bangettttt,0
Muhammad Azmar,Instagram selalu memberikan informasi dan sistem yg baik buat konten kita selalu ditingkatkan dan cepat merespon kesalahan yg kita butuhkan..👌🫰🙏🙏,5,instagram selalu memberikan informasi sistem baik buat konten selalu ditingkatkan cepat merespon kesalahan kita butuhkan,-1
Outter,"Ni kenapa dah Instagram aneh, akun gw kena suspend 2× padahal ga ngapa-ngapain, upload foto aja jarang, apanya yang melanggar komunitas coba, masa gw harus upload tiap hari gitu stres, plis lah perbaiki masa tiap buka Instagram harus ngajuin banding mulu, pegel kepala di suruh selfi kanan kiri atas bawah",1,ni dah instagram aneh akun gw kena suspend padahal ngapa ngapain upload foto jarang apanya melanggar komunitas coba masa gw upload tiap hari gitu stres plis lah perbaiki masa tiap buka instagram ngajuin banding mulu pegel kepala suruh selfi kanan kiri atas bawah,0
gusti ariyadi,"Instagram nggak jelas. Gua hanya foto lengan dan kaki saya yang ber otot malah dapat pelanggaran. Sedangkan yang cewek"" full hot parah bisa bebas begitu saja. Gua pamer urat dan otot bukan aurat",1,instagram jelas gua foto lengan kaki yang ber otot malah pelanggaran yang cewek full hot parah bebas saja gua pamer urat otot bukan aurat,0
Vhynii Gheofanny,Tidak bisa mengundang kolaborator. Pilihannya tidak muncul. Bahkan saya juga tidak bisa di undang sebagai kolaborator. Sdh mengikuti semua cara dgn publik akun dan mengubah ke profesional akun ttp tidak bisa,1,bisa mengundang kolaborator pilihannya muncul bahkan juga bisa undang kolaborator sdh mengikuti semua cara publik akun mengubah profesional akun ttp bisa,-1
Naida Almira Putri Dhifa,"Sayaa sangat suka dengan aplikasi ini karena aplikasi ini ada pengingat batas waktu bermain di instagram. Tapi tolong, untuk cerita bisa di tambah kan tempat untuk caption. Itu saja, terima kasih",5,sayaa sangat suka aplikasi karena aplikasi ada pengingat batas waktu bermain instagram tolong cerita di tambah kan tempat caption saja terima kasih,2
Alfinah Rohmi,Ini kenapa akunku mau dinon aktifkan padahal aq ngga pernah mencet apa²tiba²gitu perbaiki sistemnya sementara aq kasih bintang 1 dulu kalau sudah bisa aq naikin rating nya jangan bikin orang lain kecewa,1,kenapa akunku mau dinon aktifkan padahal aq ngga pernah mencet apa tiba gitu perbaiki sistemnya aq kasih bintang dulu kalau bisa aq naikin rating nya jangan bikin orang kecewa,-1
Egis Saputra,ni instagram lagi eror apa gimana mau login ke akun malah gk bisa padahal kata sandi nya bener user juga bener malah gk bisa. mohon dong pihak instagram perbaiki bug nya. dan gk bisa nautkan akun ig juga di tiktok. pliss deh jangan gila,1,ni instagram eror apa gimana mau login akun malah padahal kata sandi nya bener user bener malah bisa mohon dong pihak instagram perbaiki bug nya tidak bisa nautkan akun ig di tiktok pliss deh jangan gila,0
Razikk Aww,Saya kasih bintang 1 dah buat Instagram karena loadingnya lama dan lelet banget terutama pas buka DM sama bionya gada tempat musik Sama masalah kekurangan lainnya tolong di perbaiki NTR kasih bintang 5😁,1,kasih bintang dah buat instagram loadingnya lama lelet banget terutama pas buka dm sama bionya gada tempat musik sama masalah kekurangan lainnya di perbaiki ntr kasih bintang,-1
Ahmad Muhammad syukur,"Saya kalau mau buat story Ig kenapa fotonya acak, dan tidak sesuai tanggal yang ada di galeri padahal pengaturan nya sudah di setel tapi kok tetap gak bisa. Tolong diperbaiki",2,kalau mau buat story ig fotonya acak sesuai tanggal ada galeri padahal pengaturan nya di setel kok tetap tidak bisa diperbaiki,-1
Aroel syahrul,Begitu buruk aplikasi setelah di up date kenapa yg muncul di beranda saya semuanya konten masakan/ makanan setiap hari selalu muncul sedangkan yg saya suka tidak pernah ada muncul di beranda.trims.,1,buruk aplikasi up date yang muncul beranda semuanya konten masakan makanan hari selalu muncul yang suka pernah muncul di beranda trims,1
Wulan 123,"sementara saya kasih 3 bintang dulu, soalnya udh diupdate ttp gaada fitur tambahkan music, sm font baru. tlg segera diperbaiki yaa !!! trms",3,saya kasih bintang dulu soalnya diupdate ttp gaada fitur tambahkan music sama font baru tlg segera diperbaiki yaa trms,-1
Herlika,"Instagram ga jelas, pdhal udh update masih aja kalo nnton reelsnya suka ngelag2, ngelag nya lama bgt pula Pdhal buka tiktok lancar aja. Ga ada ngelag",1,instagram jelas pdhal update kalo nnton reelsnya suka ngelag ngelag nya lama banget pdhal buka tiktok lancar saja tidak ngelag,0
KalKal,"fitur template di story saya tidak bisa di gunakan, tetapi pas saya coba di akun ke-2 saya, pakai template itu bisa, gatau ini bug atau apa tapi mohon segera di perbaiki secepatnya, saya merasa terganggu dengan hal ini 👊",1,fitur template story tidak gunakan pas coba akun pakai template bisa gatau bug apa mohon segera di perbaiki secepatnya saya merasa terganggu hal,1
Titis inoy,"brsan buka Instagram kok lngsng di suruh rekam muka sgala Bru ngeh brsan apa smua hrs gtu pake kirim muka suruh tengok kanan kiri,kmrn2 tiap update gak kyk gni,mlah skrg suruh nunggu 48 jam loh...ini mksd nya gmn sih Instagram nya,dri pagi siang sore gak papa,kok brsan hrs ulang lg daftar nya,tmbh ruwet aja nih",1,brsan buka instagram kok lngsng suruh rekam muka sgala bru ngeh brsan apa smua hrs gtu pake kirim muka suruh tengok kanan kiri kmrn tiap update kyk gni mlah skrg suruh nunggu jam loh mksd nya gmn sih instagram nya dri pagi siang sore papa kok brsan hrs ulang lg daftar nya tmbh ruwet nih,0
Lian Nah,Akun saya dihapus permanen padahal sudah ngirim foto ktp tp nomor nik dan ttd saya coret!! Padahal saya sudah bertahun tahun pakai aplikasi ini...TANGGUNG JAWAB GAK FOTO SAYA YG DULU DULU MASIH ADA DISITU!!!!,1,akun dihapus permanen padahal ngirim foto ktp nomor nik ttd coret padahal sudah bertahun tahun pakai aplikasi tanggung jawab foto yang dulu dulu ada disitu,0
Flora Fitri Yani Hasibuan,Akhir-akhir ini akun instagram punya saya tiba-tiba keluar sendiri dgn keterangan klau pengguna akun telah mengganti kata sandi padahal saya sama sekali gk ada mengganti kata sandi & saya login hanya di handphone saya doang dan di Handphone ibu saya Tolong di perbaiki lgi & tingkatkan keamanan instagram nya.,3,akhir akhir akun instagram punya tiba tiba keluar sendiri keterangan klau pengguna akun mengganti kata sandi padahal sama sekali ada mengganti kata sandi login handphone doang di handphone ibu tolong di perbaiki lgi tingkatkan keamanan instagram nya,-1
Nazwa 02,"ig sekarang lain, kalau kita mau posting foto di ig, foto nya ga bisa full semua, tolong kembalikan ig ku yg kalau posting foto bisa full semuanya",2,ig sekarang kalau mau posting foto ig foto nya full semua kembalikan ig ku kalau posting foto bisa full semuanya,-1
Kumala Deiq,"aplikasi ini udah bagus, tpi filternya tiba” hilanh dan gabisa di gunakan lgi, itu knpa ya tolong di perbxiamsbjsao",5,aplikasi udah bagus tpi filternya tiba hilanh gabisa gunakan lgi knpa tolong perbxiamsbjsao,0
farisaa,"apk gajelas, makin lama makin rusak, mau ngeup story aj ga bisa selalu ada tulisan MENUNGU JARINGAN, padahal mah sinyal lancar, SEJAM 2 JAM SI GAPAPA, lah ya ini JALAN 3 HARI, benerin dong, ribet banget!!!",1,apk gajelas makin lama makin rusak mau ngeup story aj bisa selalu tulisan menungu jaringan padahal mah sinyal lancar sejam jam si gapapa lah ini jalan hari benerin dong ribet banget,0
Abdus official,instagram tolong ya arsip story jangan di hapus please karna fitur arsip itu sangat penting bgt bagi para pengguna ig saya sudah 7tahun menggunakan Instagram dan semuanya aman2 aja tpi ketika arsip story mau dihapus jujur agak kecewa sih ntar bintangnya saya kasih 1 loh beneran,5,instagram ya arsip story jangan hapus please karna fitur arsip sangat penting banget para pengguna ig sudah tahun menggunakan instagram semuanya aman tpi arsip story mau dihapus jujur kecewa sih ntar bintangnya kasih loh beneran,2
Anggi Artha Project Art,"Surat terbuka untuk ig Tolong fitur arsip jangan di hapus, karena banyak kenangan di fitur tersebut. Jadi saya harap untuk TIDAK MENGHAPUS FITUR ARSIP PADA STORY Sekian terimakasih",1,surat terbuka ig fitur arsip jangan hapus banyak kenangan fitur tersebut jadi harap tidak menghapus fitur arsip story sekian terimakasih,2
Rahma Auliyah,Kenapa setiap saya mau post foto lebih dari 10 kenapa tidak bisa ? Dan kenapa yang lain bisa min? Tolong bgt yaaa soalnya saya pengen bgt post foto lebih banyak lagi. Tapi fitur nya juga bagus . Terimakasih:),4,setiap mau post foto lebih kenapa kenapa lain bisa min banget yaaa soalnya pengen banget post foto lebih banyak tapi fitur nya bagus terimakasih,-1
Elly Yohana,Untuk android samsung filter ig kedap kedip bahkan ada yg mati total. Total bug nya perbaiki,1,android samsung filter ig kedap kedip bahkan yang mati total total bug nya perbaiki,-1
Glean_15.v,"Apk Instagramnya gak jelas banget dah, masak iya aku arsipin foto doang, terus mau publik lagi fotonya yang dari arsip malah hilang udh mondar mandir cek arsip ganti akun, hapus Instagram terus login lagi tetap gak ada. anehh",1,apk instagramnya jelas banget dah masak iya aku arsipin foto doang terus mau publik fotonya dari arsip malah hilang mondar mandir cek arsip ganti akun hapus instagram terus login tetap ada anehh,2
Affarelhg,ini aplikasi gimana ya kok tidak sesuai dengan isinya? cewe saya di notif bilang apa sayangf tetapi waktu saya pencet notif nya dan saya lihat chat nya tiba tiba berubah menjadi apa itu? mohon perbaikan nya ya,1,aplikasi gimana kok sesuai isinya cewe di notif bilang apa sayangf waktu pencet notif nya saya lihat chat nya tiba tiba berubah menjadi apa mohon perbaikan nya,-1
Aisah Yumna,Kok kalau ngeliat postingan orng sandret² sih video nya dan satu lagi kok gk bisa nyimpan efek yg bagus bagus instagram sekarang berubah sebelum di update bagus setelah di update jelekk gimana sihh tolong di perbaiki ya permasalahan nya,1,kok kalau ngeliat postingan orng sandret sih video nya satu kok bisa nyimpan efek bagus bagus instagram sekarang berubah di update bagus di update jelekk gimana sihh di perbaiki permasalahan nya,-1
Flas Gusion,Tolong diperbaiki !!!!!! Kenapa komentar Yg awalnya harus Ratusan lebih. Tapi ketika kita melihat LG malah hanya muncul puluhan saja.Itu selalu terjadi ketika menulis komentar orang lain dan orang lain membalas komentar yg kita buat. Itu bagaimana cara atasinya? Lalu tolong banget di Instagram itu harus ada EDIT KOMENTAR. selama bertahun-tahun tidak ada fitur itu di aplikasi ini. Tolong UPDATE INSTAGRAM-NYA.,1,diperbaiki komentar awalnya ratusan lebih melihat lg malah muncul puluhan selalu terjadi ketika menulis komentar orang dan orang membalas komentar kita buat bagaimana cara atasinya lalu banget instagram harus edit komentar selama bertahun tahun ada fitur itu di aplikasi tolong update instagram nya,-1
Iink Rahmawani,"Instagram kenapa video"" di arsip yg 2018 berubah jadi foto. Padahal gunanya ig ya buat nyimpan kenangan video"" dan foto. Eh video malah di ubah jdi foto.",3,instagram video arsip berubah jadi foto padahal gunanya ig buat nyimpan kenangan video foto eh video malah ubah jdi foto,-1
rolita,"ig skrg makin aneh aja, bisa""nya org luar yg ga saya ikutin malah saya ikutin padahal itu bukan saya, aneh aja tiba-tiba ada ig orang luar yang saya ikutin, tolong di perbaiki lagi, bug banget juga",1,ig skrg makin aneh bisa nya org luar tidak ikutin malah ikutin padahal bukan aneh tiba tiba ig orang luar saya ikutin di perbaiki bug banget,-1
Anisa Fitriani,"padahal aku blom update samsek, kenapa makin error ya? kek story yang lain pada tidak tersedia kayak udah kehapus gitu, itupun semua story please lah tolong perbaiki lagi🙏🏻",1,padahal aku blom update samsek makin error kek story lain tidak tersedia kayak udah kehapus gitu itupun semua story please lah perbaiki,0
febry tri pamungkas,"Saya sudah melakukan pelaporan di pusat bantuan, sejak kemarin saya sudah membayar postingan untuk diiklankan dan saldo saya sudah berkurang tetapi sampai sekarang tidak ada respon/tanggapan dari Instagram.. Bagaimana bisa seperti ini? 🥲",3,sudah melakukan pelaporan pusat bantuan sejak kemarin sudah membayar postingan diiklankan saldo sudah berkurang sampai sekarang ada respon tanggapan instagram bagaimana seperti,1
nitdaw,"aplikasi aneh. aku mau posting foto ""selamat ulang tahun"" untuk teman ku, kenapa kena pelanggaran?! memang nya itu berbau hal 18+ atau lain lain?! aplikasi anehh, jadi nya aku harus berulang kali membuat akun dan membuat postingan itu agar tidak kena pelanggaran, eh terkena pelanggaran mulu!!!!",1,aplikasi aneh aku mau posting foto selamat ulang tahun teman ku kena pelanggaran memang nya berbau atau lain aplikasi anehh jadi nya aku berulang kali membuat akun membuat postingan agar kena pelanggaran eh terkena pelanggaran mulu,-1
Zdhilan Zdhalila,"Instagram saya baru di update, saat saya mau repost story Instagram suara nya tidak ada. Tolong segera diperbaiki. tau begini ga akan saya update Instagram nya. Tolong sekali segera diperbaiki.",3,instagram baru update mau repost story instagram suara nya ada segera diperbaiki tau begini akan saya update instagram nya sekali segera diperbaiki,1
Trias evan,"Banyak banget bug sih Ga bisa unlike, video sering nge stuck sendiri, dll. Tolong di perbaiki",1,banyak banget bug sih bisa unlike video sering nge stuck sendiri tolong perbaiki,-1
Alkhuzna Syaqila,"Alasan aku mau mendownload instragam adalah 1. Karena aku ingin menjadi artis/follow nya banyakk 2. Karena Instragram tidak iklan , tidak seperti YouTube Sudah itu saja jadi saya memberi 5 bintang 🌟🌟🌟🌟🌟",5,alasan aku mau mendownload instragam aku menjadi artis follow nya banyakk karena instragram iklan seperti youtube itu jadi memberi bintang,-1
Noer sri mulyani,"udah baguss, tapi tolong buat arsip story jangan sampai hilang. dan untuk fitur fitur yang tidak berguna tolong jangan di tambahkan, karena udah bagus",5,udah baguss buat arsip story jangan hilang untuk fitur fitur tidak berguna tolong jangan tambahkan udah bagus,2
Insan isslamay Qirani,"suka bngettt, tapi tolong deh instagram peerimbangin lagi klo mau ilangin fitur arsip, soalnya disitu bnyak kenangan bngett sama temen' lamaa, klo arsip d apus otomatis semua kenagan juga ilangg, pliss tolong pertimbangin lagi yaa🥺🙏",5,suka bngettt deh instagram peerimbangin klo mau ilangin fitur arsip soalnya disitu bnyak kenangan bngett sama temen lamaa klo arsip d apus otomatis semua kenagan ilangg pliss tolong pertimbangin yaa,0
Fenny aprellia,Kenapa kamera nya cuma layar hitam saja? Ini sudah hampir 4 harian. Tolong dong perbaiki masalah bug nya. Terimakasih,1,kamera nya cuma layar hitam ini hampir harian dong perbaiki masalah bug nya terimakasih,-1
Sky Satya,"Saya sangat amat kecewa, karena tiba-tiba akun saya di tangguhkan begitu saja tanpa adanya pesan konfirmasi dan alasan yang spesifik mengenai hal tersebut. Padahal saya merasa tidak melanggar salah satu hal dari sekian peraturan pedoman komunitas. harapan saya kedepan nya mohon untuk dibenahi lagi dan jangan ada kesalahan seperti itu, karena saya sebagai pengguna merasa terganggu bila terjadi hal yang sama di kemudian hari.",2,sangat kecewa tiba tiba akun tangguhkan saja adanya pesan konfirmasi alasan spesifik mengenai tersebut padahal merasa melanggar salah satu dari sekian peraturan pedoman komunitas harapan kedepan nya mohon dibenahi dan jangan kesalahan itu saya pengguna merasa terganggu bila terjadi yang sama di kemudian hari,1
Ridho Fatkhul,"Akun saya diretas, diganti email dan nomor telepon. Sebenarnya bisa dipulihkan karena email awal masih aktif tapi harus dikirim kode ke nomor telpon dan itu tidak bisa karena nomor telpon sudah diganti peretas. Mohon dibantu",1,akun diretas diganti email nomor telepon sebenarnya dipulihkan email awal aktif harus dikirim kode nomor telpon itu bisa nomor telpon diganti peretas mohon dibantu,1
M. Ariq,"Satu yang saya keluhkan, adalah fitur arsip yang lama kelamaan mulai bermasalah dan dari kabar nya akan hilang. Saya harap ini tidak terjadi, tolong perbaiki dan ubah kebijakannya🙏 Jangan hapus fitur ini, terimakasih.",2,satu keluhkan fitur arsip lama kelamaan mulai bermasalah dari kabar nya hilang saya harap tidak terjadi perbaiki ubah kebijakannya jangan hapus fitur terimakasih,-1
ifti rosy,"Banyak bug nya, gw posting foto ga bisa ke post lah, gw kirim pesan ke temen ga kekirim lah padahal saling mengikuti, aneh apk nya",1,banyak bug nya gw posting foto bisa post lah gw kirim pesan temen kekirim lah padahal saling mengikuti aneh apk nya,-1
rnr07 jumpalibas,"tolong perbaikin bug, saya upload story Ig di akun kedua saya,terus saya tag di akun pertama saya storynya gamuncul mlh hilng. sama akun Ig utama saya kurang update sedangkan yg kedua udh versi baru",2,perbaikin bug upload story ig akun kedua terus tag akun pertama storynya gamuncul mlh hilng sama akun ig utama kurang update yang kedua versi baru,0
Rifdah Dzakirah,"Thiss app is really cool!! But, makin kesini kok jadi sering update ga penting dan ngurangin fitur adalan, tp overall udah keren dan jadi andalan sejaak duluu 💖💖💖",4,thiss app is really cool but makin kesini kok jadi sering update penting ngurangin fitur adalan overall udah keren jadi andalan sejaak duluu,-1
Muhammad Bagir,"tolong perbaiki lagi bug nya lah, masa eror terus tiap liat story, bacaannya ""cerita ini tidak tersedia"" semua orang sg nya kaya gitu, tolong perbaiki lagi lah min",1,perbaiki bug nya lah masa eror terus tiap liat story bacaannya cerita tidak tersedia semua orang sg nya kaya gitu perbaiki lah min,0
eza? yes i'am,"gk ada notif kalo lawan chat ketiduran, tadi gw abis diomelin doi gegara dia ketiduran sampe isya' pas lagi chatan, kelewat waktu sholat magrib. Jdinya gw diomelin kenapa ga bangunin shalat magrib, besok besok buat ya min pemberitahuan kalo lawan chat kita ketiduran pas lagi chatan",5,ada notif kalo lawan chat ketiduran tadi gw abis diomelin doi gegara ketiduran sampe isya pas chatan kelewat waktu sholat magrib jdinya gw diomelin tidak bangunin shalat magrib besok besok buat min pemberitahuan kalo lawan chat ketiduran pas chatan,0
Akbar Ml,"Instagram sekarang ada2 saja banyak masalah sedikir2 di bandingkan sekalian hapus saja aplikasi Instagram ini meresahkan saja, banyak fitur yang gak jelas beda dengan Instagram dulu tahan",1,instagram sekarang banyak masalah sedikir bandingkan sekalian hapus aplikasi instagram meresahkan saja banyak fitur tidak jelas beda instagram dulu tahan,1
danky,"apk nya udah bagus cuma sering sekali ada bug ga bisa masuk, jadi harus uninstall dulu abis itu download lagi baru bisa",4,apk nya udah bagus cuma sering sekali bug masuk jadi uninstall dulu abis download baru bisa,-1
Itzwo,"Apaan nih, tiba2 autentikasi aktif. Password berubah sendiri. Mau loggin malah ga bisa. Udah req buat di konfirm temen. Malah ga nongol notif di akun yg di tuju.",1,apaan nih tiba autentikasi aktif password berubah sendiri mau loggin malah bisa udah req buat konfirm temen malah nongol notif akun di tuju,0
nadya lolita,"JANGAN HILANGIN FITUR ARSIP DI INSTAGRAM!!!! Gak pernah sekecewa inii deh sumpah, semuaa kenangan foto dan videoku di arsip instagram semuanyaa Sumpah ya kalo fitur arsip nya dihilangin, percaya deh instagram bakalan anjlok dan cuma sedikit yang pakai, termasuk aku juga bakalan hapus karena merugikan menurutku Ini bntangnya 1 aja dulu, kalau gak jadi dihapus baru aku kasih bintang 5 lagi",1,jangan hilangin fitur arsip instagram pernah sekecewa inii deh sumpah semuaa kenangan foto videoku arsip instagram semuanyaa sumpah kalo fitur arsip nya dihilangin percaya deh instagram bakalan anjlok cuma sedikit pakai termasuk aku bakalan hapus merugikan menurutku bntangnya dulu kalau jadi dihapus baru aku kasih bintang,2
Helen Pratama,"Instagram tolong dong jangan ilangin arsipan story/foto,pdhl kan up Ig biar bisa jadi kenang""an ga menuhin memori hp. Jangan dihilangin ya semua arsip nyaa please😭 aku dah kasih bintang 5 nih,aku maksa biar ga dihapus",5,instagram dong jangan ilangin arsipan story foto pdhl kan up ig biar jadi kenang an menuhin memori hp jangan dihilangin semua arsip nyaa please aku dah kasih bintang nih aku maksa biar dihapus,2
Angel Ika,"pdhl udah di update, tapi kok sama aja? bener' gaada yang berubah padahal di handphone tmn' aku udh pada berubah tampilannya, ini kenapa gabisa berubah ya? tolong bgt..",2,pdhl udah update kok sama bener gaada berubah padahal handphone tmn aku pada berubah tampilannya kenapa gabisa berubah tolong banget,-1
Putri Agustiana,Saat saya menggunakan efek untuk foto malah jadi kedip2 itu kenapa ya ? Masalhnya cuman di Instagram aja di apk lain kalau foto pakai efek tidak ada masalah,1,saya menggunakan efek foto malah jadi kedip kenapa masalhnya cuman instagram di apk kalau foto pakai efek ada masalah,-1
Indah Andani,"haloo,pihak intagram saya mohon archive ig jangan di hapus ya cukup yang lain di hapus archive nya jangan,justru keuunggulan nya di ig ya archive dan jangan nambahin fitur yang ga di butuh kan semoga pihak intagram baca ini ya.",4,haloo pihak intagram mohon archive ig jangan hapus cukup lain hapus archive nya jangan justru keuunggulan nya ig archive jangan nambahin fitur tidak butuh kan semoga pihak intagram baca ya,2
Arum Noviana Ramadhan,"Instagram makin bagus fitur fitur nya ya saya sangat suka apalagi bisa berkomentar di stories dan pengikut dari akun tersebut bisa melihat komennya, pliss tolong instagram ayo buat fitur dong kayak whatsapp biar akun-akun yang melihat stories kita ada jam nya kapan atau seperti beberapa menit yang lalu begitu biar kita tau akun tersebut melihat stories kita pada jam berapa🙏🏻🙏🏻☺",5,instagram makin bagus fitur fitur nya saya sangat suka berkomentar stories pengikut akun tersebut bisa melihat komennya pliss instagram ayo buat fitur dong kayak whatsapp biar akun akun melihat stories ada jam nya kapan seperti beberapa menit lalu biar tau akun tersebut melihat stories pada jam berapa,-1
Donel,"saya tidak merasa melanggar aturan dari Instagram, sayya juga sudah 27 tahun , tapi kenapa akun saya dinonaktifkan, akun tidak pernah di retas , email nomor telepon yang tercantum di Instagram masih aktif , tapi tidak bisa dipulihkan mohon beri penjelasan",1,merasa melanggar aturan instagram sayya sudah tahun kenapa akun dinonaktifkan akun tidak pernah retas email nomor telepon tercantum instagram aktif tidak dipulihkan mohon beri penjelasan,1
Ikmah Jayanti,"tolong dong min masa baru di update fitur lagu di bio ga ada,gue mau hapus dari bio jadi gak bisa,tapi klo dilihat lewat akun lain masih ada,tolong perbaiki!!!gue mau hapus lagu di bio akun gue",5,dong min masa baru update fitur lagu bio gue mau hapus bio jadi bisa klo dilihat lewat akun masih ada tolong perbaiki gue mau hapus lagu bio akun gue,-1
Luluk Khuroidah,"Tampilan beranda ig kok jadi tampilan lama banget ga terupdate ga bisa memuat ulang beranda sudah saya coba beberapa cara masih gagal, adakah yang bisa membantu",1,tampilan beranda ig kok jadi tampilan lama banget terupdate bisa memuat ulang beranda saya coba beberapa cara gagal adakah bisa membantu,-1
Dewi Dew,"Plis kenapa Instagram ku pas repost cerita temen lagunya ga bersuara ya, padahal itu cerita nya berlagu lohh. Plis tolongin banget udah liat di yt tapi tetep ga bisa🙏🙏🙏",5,plis instagram ku pas repost cerita temen lagunya bersuara padahal cerita nya berlagu lohh plis tolongin banget udah liat yt tetep bisa,0
Brenda Maulyta,"mau bikin akun baru gabisa, awalnya masih bisa ditoleransi tapi ini udah berapa bulan mau buat akun baru tetep aja gabisa, posting foto jg blur bgt jadinya. tolong diperbarui dong instagram",1,mau bikin akun baru gabisa awalnya bisa ditoleransi ini udah berapa bulan mau buat akun baru tetep gabisa posting foto jg blur banget jadinya diperbarui dong instagram,-1
Nazwa Tambusai,"saya sudah update tapi Instagram saya berbeda dari Instagram yg lainnya,seperti tidak ada yg berubah sama sekali,untuk apa di update tapi tidak ada yg berubah pls deh di ubah segera sy sudah emosi.",1,update instagram berbeda instagram lainnya tidak yang berubah sama sekali apa update tidak yang berubah pls deh ubah segera sy sudah emosi,1
Arya Akram,ini kenapa ya Instagram saya mau mengambil Selfi karena akun saya Ter autentikasi 2 faktor dan saat saya mau mengambil Selfi malah di suruh keluar dari Instagram ini bug atau apa?,1,kenapa instagram mau mengambil selfi akun ter autentikasi faktor saat mau mengambil selfi malah suruh keluar instagram bug apa,1
Usman,"Terlalu banyak fitur yang tidak berguna, arsip story video malah ngefreeze mohon dikembalikan seperti semula",1,terlalu banyak fitur tidak berguna arsip story video malah ngefreeze mohon dikembalikan semula,-1
Jaya Negara,"kenapa ya akhir akhir ijin banyak banget yang mengalami kendala waktu mau foto itu layarnya gelap(full item),tolong diperbaiki dongg susah buat selfienya",1,ya akhir akhir ijin banyak banget mengalami kendala waktu mau foto layarnya gelap full item diperbaiki dongg susah buat selfienya,-1
Mallory Flo,"Overall bagus, tapi mungkin ada bug atau semacamnya. Fitur terbarunya tidak muncul di akun pertama saya, tetapi di akun kedua saya ada. Mohon bantuannya, ya.",5,overall bagus mungkin bug semacamnya fitur terbarunya muncul akun pertama tetapi akun kedua ada mohon bantuannya,1
Tanty Santira,Ini kenapa pas buka foto pke efek koq kedap kedip mulu??? Kaya ngehank gtu. Pdhl tiap hr dipke aman² aja skrg kamera'a gk bs dipke sama skali. Tolong donk balikin versi dlu skrg bnyk bug'a. Plisss meta baca komentar guee😤😤,1,kenapa pas buka foto pke efek koq kedap kedip mulu kaya ngehank gtu pdhl tiap hr dipke aman skrg kamera a bs dipke sama skali donk balikin versi dlu skrg bnyk bug a plisss meta baca komentar guee,0
Suci Maharani,"Instagram sangat bergunaa bagii sayaa,apalagi bagian archive story,sumpahh gunaa bangett,sayaa bisa melihat semua kenangan² bareng temann😻makasih yaa meta, sudah menyediakan fitur archive 🫰🏻sumpaah fitur fitur di Instagram gunaa bangettt👏🏻kerenn buat metaa👏🏻",5,instagram sangat bergunaa bagii sayaa bagian archive story sumpahh gunaa bangett sayaa melihat semua kenangan bareng temann makasih yaa meta menyediakan fitur archive sumpaah fitur fitur instagram gunaa bangettt kerenn buat metaa,2
Ilalang Setiawan,"Tolong jangan hapus fitur arsip, saya punya banyak kenangan foto/video disana. Jika ingin dihapus, maka berikan opsi download semua arsip dalam bentuk ZIP/RAR agar bisa dicadangkan.",3,jangan hapus fitur arsip punya banyak kenangan foto video disana ingin dihapus berikan opsi download semua arsip bentuk zip rar bisa dicadangkan,2
IPSM Desa Resmi Tingal,"Baru memakai Instagram lagi, sedikit ada keluhan di bagian setting untuk video agar tidak diputar otomatis, saya cukup kesulitan.",4,baru memakai instagram sedikit keluhan bagian setting video tidak diputar otomatis cukup kesulitan,-1
Bus Tomi,"apaan ini ga bisa upload postingan lebih dari 15 menit/1 jam,pdhl mau ngepost video tugas mlhn ga bisa,tolong dong untuk ig di tambah lagi durasi post videonya",1,apaan upload postingan lebih menit jam pdhl mau ngepost video tugas mlhn tidak bisa dong ig tambah durasi post videonya,0
Chkwnmdr,Tolong dari pihak Instagram kenapa ketika saya mengirim pesan setiap beberapa menit selalu tdk terkirim padahal jaringan saya lancar² aja Tolong lebih di perhatikan lagi.,4,dari pihak instagram ketika mengirim pesan beberapa menit selalu tdk terkirim padahal jaringan lancar tolong lebih perhatikan,1
Pengguna Google,"Ini gimana ceritanya kok bisa beda. Antara akun pertama dan akun kedua bisa-bisanya tampilannya nya berbeda, padahal udah di update, cache juga udah bersih. Reboot juga udah kok masi sama aja?. Tolong segera di perbaiki.....!!!!!!",3,gimana ceritanya kok beda akun pertama akun kedua bisanya tampilannya nya berbeda padahal udah update cache udah bersih reboot udah kok masi sama tolong segera perbaiki,-1
Kaisar Arta,"banyak bug follower dan following, trs ada bug juga di fitur menambahkan lagu di profil, ada bug story ig jg dan masih bnyk lg bug""nya",1,banyak bug follower following trs bug fitur menambahkan lagu di profil bug story ig jg masih bnyk lg bug nya,-1
zaza meylanie,"bug, selalu keluar sendiri kalau mau repost story. tolong pihak Instagram perbaiki lagi ya, sudah lebih dari 1 minggu bug terus di akun utama 😔😔😔",1,bug selalu keluar sendiri kalau mau repost story pihak instagram perbaiki ya lebih minggu bug terus akun utama,0
Rafzan Gaming,"Saya sangat senang melihat info-info dari aplikasi Instagram ini, tapi saat itu saya hapus lagi Instagram saya, nah pas saya mau daftar lagi sudah berhasil namun saat itu di suruh masukkan kode 6 digit,namun saya tidak menerima dan tidak dapat pesan apapun dari Instagram, sampai saat ini saya bingung bagaimana cara memasukkan kode digit ini, jika tak dikirim",5,sangat senang melihat info info aplikasi instagram tapi hapus instagram nah pas mau daftar sudah berhasil saat itu di suruh masukkan kode digit saya menerima tidak pesan apapun instagram saat saya bingung bagaimana cara memasukkan kode digit jika tak dikirim,1
Arjuna Astinova,"Pembaruan pembatasan akun lambat. Admin nggak kerja klo gini. Instagram lambat berinovasi... Sediakan juga upload foto dg banyak ukuran, nggak cuma 1:1 aja, misal 3:4 atau 9:16 jadi foto tidak melulu terpotong",1,pembaruan pembatasan akun lambat admin kerja klo gini instagram lambat berinovasi sediakan upload foto dg banyak ukuran cuma misal jadi foto melulu terpotong,-1
Yeshaya ivander Tampubolon,"Saya memiliki keresahan, jika saya informasi yang berhubungan dengan instagram dari Google, pasti selalu terbuka ke ig lite, padahal saya tidak memiliki ig lite, tolong perbaiki terimakasih",5,memiliki keresahan informasi berhubungan instagram google selalu terbuka ig lite padahal saya tidak memiliki ig lite perbaiki terimakasih,-1
Shinta Meli,"aduuuuhh tolong dong ig, ini knp ig nya nge bug, sy udah oke kan keluar dari akun, tapi knp malah sepam"" trs sih di layarnya, sy jadi ga bisa buka ig sy kan jadinya",2,aduuuuhh dong ig knp ig nya nge bug sy udah oke kan keluar akun knp malah sepam trs sih layarnya sy jadi bisa buka ig sy kan jadinya,0
Sri Fitriyani,Instagram tuh lagi kenapa sih padahal yah engga posting apa-apaan tapi di suruh ngajuin banding katanya posting macem-macem tolong dong pihak Ig yang rasional buka Ig aja jarang kok pas buka tiba tiba begitu,2,instagram tuh kenapa sih padahal yah engga posting apa apaan di suruh ngajuin banding katanya posting macem macem dong pihak ig rasional buka ig jarang kok pas buka tiba tiba,0
BEA JUNIA ISKA,"Sukak kesel aku tiap kali mau posting foto lama dari album/gallery, pasti yg muncul malah foto itu lagi itu lagi, gak ngerefresh banget! Banyakan hank nya😡",2,sukak kesel aku tiap kali mau posting foto lama album gallery yang muncul malah foto lagi lagi ngerefresh banget banyakan hank nya,0
I Gusti Putu Ngurah Dika Purnama Wardana,"Saya mau repost postingan saya di story dan menambahkan stiker pertanyaan, tapi setelah saya pencet bagikan ke story tiba tiba muncul bacaan "" kesalahan "". tolong instagram ini sudah sekian kalinya mengalami bug seperti ini SANGAT MENGGANGGU DAN MERUGIKAN SAYA DENGAN BISNIS SAYA!",1,mau repost postingan di story menambahkan stiker pertanyaan setelah pencet bagikan story tiba tiba muncul bacaan kesalahan instagram sudah sekian kalinya mengalami bug ini sangat mengganggu merugikan dengan bisnis,1
Srikandi,"makin kesini makin ga karuan nih ig, tolong dong di perbaikin, ko sekarang kalo bikin stori vidio jadi ga HD, terus vidio yang di arsip jadi jelek banget, malah jadi burem, kecewa!!!!!",5,makin kesini makin karuan nih ig dong perbaikin ko sekarang kalo bikin stori vidio jadi hd terus vidio di arsip jadi jelek banget malah jadi burem kecewa,-1
Rika Mufita,"Aku kok g bisa nyimpen video ke galeri knp y? Kn aku rekam pakek efek biasanya bisa disimpan ini koo gkkk ada tulisan ""Kesalahan"" Sampk tak uninstall pun tetep",1,aku kok g nyimpen video galeri knp y kn aku rekam pakek efek biasanya disimpan koo gkkk tulisan kesalahan sampk tak uninstall tetep,0
Rahmawati,"Agak gimana gitu fitur skrg, sering hilang2. Fitur penambah lagu di info akun itu ilang, pdhl kmrn msih ada. Pdhl pengen ganti lagu. Knp ya",3,gimana gitu fitur skrg sering hilang fitur penambah lagu info akun ilang pdhl kmrn msih pdhl pengen ganti lagu knp,0
Yon DoSa,"Kenapa instagram sekarang gak enak digunakan, dikit-dikit hapus komentar, kalau admin nya baperan, ganti aja namanya menjadi bapergram jangan instagram, karena gak cocok, ya!",1,instagram sekarang enak digunakan dikit dikit hapus komentar kalau admin nya baperan ganti namanya menjadi bapergram jangan instagram tidak cocok,-1
Risma Ike,Sangat membantu saya. Bisa di ser juga di fb. Ketika reel fb Q gk bisa muncul karena meng aktif kan uji coba A/b.tapi gk bisa di nonaktifkan kembali🤗🫰,5,sangat membantu ser di fb reel fb q bisa muncul meng aktif kan uji coba a b tidak bisa di nonaktifkan,-1
Puja Galang,"gimana siii instagram ko fitur arsip malah mau dihapus, awas yaa kalo sampe fitur arsip nya di hapus parah bgttt siii, bisa bisaaa kedepannya ga pake Instagram lagiiii, parah siieee kata guwe th, kecewa berat kalo sampe emang kejadiann, parahhh pokoknyaaaa😠😠😠😠",3,gimana siii instagram ko fitur arsip malah mau dihapus awas yaa kalo sampe fitur arsip nya hapus parah bgttt siii bisaaa kedepannya pake instagram lagiiii parah siieee kata guwe th kecewa berat kalo sampe emang kejadiann parahhh pokoknyaaaa,-1
Eriel Jacho,"Sy udah update masih ga bs downloax foto2 di arsip,juga ga bisa balikin ke feed. Mestinya upgrade malah downgrade. Jd bintangnya juga downgrade ke Bintang 1.",1,sy udah update tidak bs downloax foto arsip tidak balikin feed mestinya upgrade malah downgrade jadi bintangnya downgrade bintang,0
Rere Aji,"Setelah di update mau bikin story, reel,post kok ga ga ada fitur musiknya...jadi nyesel abis update",3,di update mau bikin story reel post kok tidak fitur musiknya jadi nyesel abis update,-1
naylabalqis 574,"habis di update kok apk nya keluar² sendiri yaa, pas udah di uninstall terus di install lagi malah gabisa dibuka, selalu stuck di logo🙏",2,habis update kok apk nya keluar sendiri yaa pas udah uninstall terus install malah gabisa dibuka selalu stuck logo,-1
Nhuning 24,Sering update instagram tp hasilny jelek trus klau buka aplikasinya. Kadang gak bisa buka. Heran aku sama ni aplikasi. Makin ke update makin gak jelas aja aplikasiny,1,sering update instagram hasilny jelek trus klau buka aplikasinya kadang bisa buka heran aku sama ni aplikasi makin update makin jelas aplikasiny,-1
Said hafidz Muharram,Bgus tp...ada yang kurang knp pas mau menyimpan foto sma musik nya kok gk bisa nya apa saya blm download musik ya atau ig nya bermasalh ya,5,bgus ada kurang knp pas mau menyimpan foto sma musik nya kok bisa nya apa belum download musik atau ig nya bermasalh,0
Muhammad Raihan,"ini kenapa ya? semenjak di update jaringannya jadi nge lag"" padahal waktu saya buka aplikasi lain itu jaringanny lancar tolong pihak instagram",3,kenapa semenjak update jaringannya jadi nge lag padahal waktu buka aplikasi itu jaringanny lancar pihak instagram,0
Si Dik,"kenapa sekarang Instagram tiba-tiba akun kita di nonaktifkan, padahal kami tidak melakukan yang aneh-aneh!!!!????? 🤔 ku beri bintang satu karena akun Instagram ku di nonaktifkan!!! Okee terimakasih",1,sekarang instagram tiba tiba akun nonaktifkan padahal tidak melakukan aneh aneh ku beri bintang satu akun instagram ku di nonaktifkan okee terimakasih,-1
Firmansyah,"Udah berkali kali update Instagram, tapi tetap sama aja nggak ada yang baru setelah di update, ada fitur font baru tapi kenapa tiap di update fitur ny tetap nggak ada",1,udah berkali kali update instagram tetap sama yang baru update fitur font baru kenapa tiap di update fitur ny tetap nggak ada,0
mario pranoto,Bagus buat nonton juga bagus saat aku lihat scrolling itu muncul video yang aku ikuti tapi saat nonton tanpa nyentuh layar kan masih hidup itu hpnya itu mati sendiri,3,bagus buat nonton bagus aku lihat scrolling muncul video aku ikuti saat nonton nyentuh layar kan hidup hpnya mati sendiri,0
Sylla SusiLawaty,Kenapa tidak bisa masukan kata sandi padahal kata sandi sudah sesuai dan di verifikasi berharap bisa pake kode email karna no kartu sudah ga aktif tolong di bantu saya butuh Instagram ituu sudah ke 2 x nya begini saya selalu kehilangan Instagram kesayangan teruss,1,tidak masukan kata sandi padahal kata sandi sesuai di verifikasi berharap pake kode email karna no kartu tidak aktif di bantu butuh instagram ituu ke x nya begini selalu kehilangan instagram kesayangan teruss,-1
Mak Nyami,"Sebelumnya dulu Instagram saya gak seperti ini,dulu enak dipakai sekarang kok setiap lihat vidio reel itu gak bisa dibuat lihat sw Instagram juga gak bisa tp kalau dibuat cari akun temen itu bisa kenapa y",1,sebelumnya dulu instagram tidak ini dulu enak dipakai sekarang kok lihat vidio reel tidak dibuat lihat sw instagram tidak tapi kalau dibuat cari akun temen bisa y,-1
Kadja,"Bro, kenapa Ig sekarang kayak tiktok? Jujur aja aku gak nyaman sih masa fitur baru ini dan ditambah lagi gambar dan video jadiin satu di kolom pencarian dan itu bikin aku gak nyaman.",2,bro ig sekarang kayak tiktok jujur aku nyaman sih masa fitur baru ditambah gambar video jadiin satu kolom pencarian dan itu bikin aku nyaman,-1
Muhammad Fajri,"gajelas ni Instagram makin lama,banyak banget bugnya, masa di akun utama fitur note di postingan dan reel ga ada,padahal di akun kedua ada",1,gajelas ni instagram makin lama banyak banget bugnya masa akun utama fitur note postingan reel padahal akun kedua ada,0
Dhita Azzahra,"Saya kasih bintang 1 karena tidak bisa menggunakan Instagram ini.,. ketika mau memposting foto selalu keluar dan harus log out dari akun pribadi saya,.,. dan harus mengajukan banding,,.akan tetapi sya sdh melakukan nya tetap saja tidak bisa dan harus menunggu waktu yang lama.,, saya minta tolong di perbaiki lagi",1,kasih bintang tidak menggunakan instagram ketika mau memposting foto selalu keluar log out akun pribadi dan mengajukan banding tetapi sya sdh melakukan nya tetap tidak dan harus menunggu waktu lama minta di perbaiki,1
Kania Chandra Puspita dewi,"Ini ig emang error atau gimana ya? Awalnya kan saya blokir orang terus saya buka lagi,tapi kok pas mau dm ada pilihan ""buka blokir,hapus"" sedangkan saya udah pilih ""buka blokir"" terus juga udah follow""an,tapi kenapa ada pilihan""buka blokir,hapus"" jadinya gabisa dman lagi deh. Tolong bantu yaa,terima kasih",2,ig emang error gimana awalnya kan blokir orang terus buka kok pas mau dm pilihan buka blokir hapus saya udah pilih buka blokir terus udah follow an tapi kenapa pilihan buka blokir hapus jadinya gabisa dman deh bantu yaa terima kasih,0
naya ziifara,"bagus, tapi kenapa aku gabisa liat story di instagram? setiap orang bikin story pasti tulisannya cerita sudah di hapus, padahal story nya masih ada, di semua akun aku begitu",5,bagus kenapa aku gabisa liat story instagram orang bikin story tulisannya cerita hapus padahal story nya ada di semua akun aku,0
Sara Simahara,"Ini kenapa filter di ig nya kedip kedip,gabisa dipakai Tolong diperbaiki dong, Sudah dilaporkan tapi tidak ada perubahan sam sekali,tolong di notice",1,kenapa filter ig nya kedip kedip gabisa dipakai diperbaiki dong dilaporkan tidak perubahan sam sekali di notice,0
Rasya Alika,"knp ya sekarang semenjak sudah update jadi bug truss,,saya jadi gak bisa liat status Ig orng orng,,cerita ini tidak tersedia Mulu bacaan nya tolong perbaiki lagii dong minnnnnn",2,knp sekarang semenjak update jadi bug truss jadi bisa liat status ig orng orng cerita tidak tersedia mulu bacaan nya perbaiki lagii dong minnnnnn,0
Dini Aulya,"hallo, fitur instagram kenapa ga support ke hp samsung ya? dr kemarin setiap buka kamera ig ga muncul tampilan kamera hanya layar item. mohon konfirmasinya!",2,hallo fitur instagram support hp samsung dari kemarin buka kamera ig tidak muncul tampilan kamera layar item mohon konfirmasinya,-1
Zahrotul Marzazila,"saya mengalami bug, saya tidak bisa mengikuti balik followers saya, saya minta bantuannya dihp saya terdapat tulisan seperti ini Akun dibatasi beberapa sering melakukan hal tertentu seperti mengikuti untuk melindungi komunitas instagram",1,mengalami bug tidak mengikuti balik followers minta bantuannya dihp saya terdapat tulisan ini akun dibatasi beberapa sering melakukan tertentu mengikuti melindungi komunitas instagram,1
Meli Amanda,"Kenapa ya pas buka kamera gelap aja tapi pas di pencet tombolnya muncul gambar, sedangkan kita kalo mau foto jadi ga keliatan kamera belakang apa depannya karna gelap",2,ya pas buka kamera gelap tapi pas pencet tombolnya muncul gambar kita kalo mau foto jadi keliatan kamera belakang apa depannya karna gelap,-1
Silvia Nurazmi Zahra,"Aku kasih bintang 5, tapi please jgn hilangkan arsip IG .🥲🥲 please please please jangan dong. Cuma di arsip aja aku bisa liat kenang kenangan yg lama setelah hp ku ke riset. Nnti ku ubah bintang lagi kalo sampe di hilangkan arsip😭😭",5,aku kasih bintang please jgn hilangkan arsip ig please please please jangan dong cuma arsip aku liat kenang kenangan lama hp ku riset nnti ku ubah bintang kalo sampe hilangkan arsip,2
Scout T,"(izinkan menambahkan media) tolong di perbaiki lagi, masa udah di nonaktifkan fiturnya ga ilang ilang woy, balikin ga seperti semula 👊👊👊👊👊👊",1,izinkan menambahkan media perbaiki masa udah di nonaktifkan fiturnya ilang ilang woy balikin seperti semula,-1
Intan Stella Nadeak,"Instagram banyak bug, lihat mention ig gabisa, sg diikuti kadang hilang/postingan tidam tersedia. Tolong diperbaiki",1,instagram banyak bug lihat mention ig gabisa sg diikuti kadang hilang postingan tidam tersedia diperbaiki,-1
DINDA RAFIKA SUKMA TANJUNG,"Aku kasih bintang 5., TAPI PLEASE JANGAN ILANGIN FITUR ARSIP , sejauh ini fitur itu yg berguna bgt buat ngeliat kenangan., gapapa deh fitur yg lain di ILANGIN , asal jangan arsip ., sumpah gapapa bgt ., tapi jangan ARSIP😭",5,aku kasih bintang please jangan ilangin fitur arsip sejauh fitur berguna banget buat ngeliat kenangan gapapa deh fitur yang lain ilangin asal jangan arsip sumpah gapapa banget jangan arsip,2
Asri Ut,habis keupdate tiba tiba fitur musik distory sm dicatatan hilang trus juga sering gabisa up story.. ini knp yaa tolong yaa benerin lgi ini instagram,1,habis keupdate tiba tiba fitur musik distory sama dicatatan hilang trus sering gabisa up story knp yaa yaa benerin lgi instagram,0
Dzaky Muhammad,"Mengapa hal yang tidak saya sukai semakin banyak Muncul tiba-tiba dan pencarian, saya seorang Boxer dan suka olahraga di gym tapi apa yang ada di Instagram saya sekarang berubah drastis bahkan tanpa ada perubahan yang saya lakukan",1,hal tidak sukai semakin banyak muncul tiba tiba pencarian seorang boxer suka olahraga gym apa ada instagram sekarang berubah drastis bahkan ada perubahan saya lakukan,-1
위도황,"Apalah.. padahal udah diperbaharui melulu tp kok suruh memperbarui lagi? Trs klo mau upload story pasti ada tulisan ""kesalahan"" tolong dong ditingkatkan lagi",1,apalah padahal udah diperbaharui melulu kok suruh memperbarui trs klo mau upload story ada tulisan kesalahan dong ditingkatkan,-1
Claire Xlynn,"hadeh ni apk makin gajelas, fitur fitur nya suka muncul sama hilang sendiri secara tiba tiba, makin banyak bug",1,hadeh ni apk makin gajelas fitur fitur nya suka muncul sama hilang sendiri tiba tiba makin banyak bug,-1
Gina Aufa,ig nya kenapa ya? kalo liat status ig nya gabisa di liat pasti ada tulisan cerita tidak tersedia atau malah diliattin yang sudah saya liat kek muter muter disitu aja jadi gj maaf bngt😭😭,2,ig nya ya kalo liat status ig nya gabisa liat ada tulisan cerita tersedia malah diliattin sudah liat kek muter muter disitu jadi gj maaf bngt,-1
justmyrandom,"Mohon maaf, saya capek sama instagram, aplikasi saya sering ada masalah dan tidak kunjung membaik, dan ada beberapa komplain dari kerabat juga kalau instagram tidak berkembang karena sering ngebug di akunnya",1,mohon maaf capek sama instagram aplikasi sering masalah kunjung membaik ada beberapa komplain kerabat kalau instagram tidak berkembang sering ngebug akunnya,1
M. ANNUR FUAD FADHOLI,"Sebenarnya fitur-fitur yang di rilis Instagram baru-baru ini bagus tapi ada bagian fitur add notes untuk menanggapi postingan orang lain yang tidak ada serta tidak tertata untuk jumlah like,comment,dan shere padahal sudah sy update.",3,sebenarnya fitur fitur di rilis instagram baru baru bagus ada bagian fitur add notes menanggapi postingan orang yang ada tidak tertata jumlah like comment shere padahal sy update,-1
A Roni 03,"tolong developer cara ngatasin gak bisa lobe gimana yah,tolong di bantu,susah banget kalo mau live tapi ada tulisan tidak memenuhi syarat,tolong developer bantuan nya",5,developer cara ngatasin bisa lobe gimana yah di bantu susah banget kalo mau live ada tulisan memenuhi syarat developer bantuan nya,-1
Addini Nur fadilah,"Instagram lu mending balikin fitur lagu yg ada di profile deh,benci banget gw kalo udah bela belain update eh malah tambah ngajelas aja fiturnya,ada yg hilang kek,keganti lah dll,kembaliin kayak dulu lagi deh benci bgt gw,perbaiki eror mu dong,mls gw,eror mulu anj",1,instagram lu mending balikin fitur lagu profile deh benci banget gw kalo udah bela belain update eh malah tambah ngajelas fiturnya ada yang hilang kek keganti lah kembaliin kayak dulu deh benci banget gw perbaiki eror mu dong mls gw eror mulu anj,0
Timotius Imanuel,"Kenapa akun saya ditangguhkan dan pas saya mengajukan banding tidak bisa/ stuck di bagian pengiriman kode lewat nomor hp, dan saya sampai saat ini masih tidak tau kenapa kok akun ig saya di tangguhkan, padahal saya tidak memakai nya untuk yang aneh-aneh seperti penipuan, pengexploitasi an, bahkan tindakan yang berbau sexual pun tidak pernah saya lakukan!!!, mohon untuk cs ataupun dev bisa segera membantu saya, memberi tahu cara nya yang benar seperti apa🙏. Trimakasih 🙏",2,akun ditangguhkan pas mengajukan banding stuck bagian pengiriman kode lewat nomor hp saat masih tau kok akun ig di tangguhkan padahal tidak memakai nya aneh aneh penipuan pengexploitasi an bahkan tindakan berbau sexual tidak pernah lakukan mohon cs ataupun dev bisa segera membantu saya memberi tahu cara nya yang benar apa trimakasih,1
Aldo Morrisey,"Udah seminggu ini di hp samsung saya kalau pake Filter Layarnya Kedip2, kalau bkin Video Hasilnya Kedip2 juga, tolong dong perbaikin..",2,udah seminggu di hp samsung kalau pake filter layarnya kedip kalau bkin video hasilnya kedip tolong dong perbaikin,0
YAN STORY,"Ini apaansi diupdate udh dah sllu di-update tpi knpaaa ig ny eror gini,mau mengikuti orang malah gabisa""tlonglah kesal jadinya kayak gak merubah apa apa malah jadinyaaa masa di UP eror gini hadehhhh tlongla diperbaikiiii gmna caranya mau ngikutin orang tp malah gabisa ngikutin giniii",2,apaansi diupdate dah sllu update tpi knpaaa ig ny eror gini mau mengikuti orang malah gabisa tlonglah kesal jadinya kayak merubah apa apa malah jadinyaaa masa up eror gini hadehhhh tlongla diperbaikiiii gmna caranya mau ngikutin orang malah gabisa ngikutin giniii,0
ruri,"Akun gw ada beberapa tp tiap akun tuh ada yg telat update nya gitu lah, di satu akun ada fitur baru tp di akun lain gaada, itu kenapa sih benerin TOLONG.",3,akun gw beberapa tiap akun tuh yang telat update nya gitu lah satu akun fitur baru di akun gaada kenapa sih benerin,0
Aviola Tryani putri,"setelah diupdate fiturnya malah makin ga jelas, kalo ada yang nge tag di snapgram malah ke hapus sendiri kecewa banget, tolong perbaiki secepatnya",1,diupdate fiturnya malah makin jelas kalo yang nge tag snapgram malah hapus sendiri kecewa banget perbaiki secepatnya,-1
Syifa denito,"Kenapa setiap saya nonton reels atau story itu selalu slowmo ga sinkron sama suara? Apa yg harus saya lakukan untuk mengatasi permasalahan pada instagram saya, tolong kasih saya solusi",2,setiap nonton reels story selalu slowmo sinkron sama suara apa harus lakukan mengatasi permasalahan instagram tolong kasih solusi,0
Hardiyarti Farah Sadewi,"tolong pihak instagram membetulkan aplikasi instagram, saya sudah berkali kali menghapus kemudian menginstal lagi instagram karena ada masalah saat saya ingin login kembali ke akun saya karena tidak sengaja keluar. saya lupa kata sandinya tapi setiap saya menekan tombol lupa kata sandi selalu saja ada masalah dan diminta untuk mencoba lagi, tolong responnya🙏🏻🙏🏻",1,pihak instagram membetulkan aplikasi instagram sudah berkali kali menghapus kemudian menginstal instagram ada masalah login ke akun karena sengaja keluar lupa kata sandinya setiap saya menekan tombol lupa kata sandi selalu ada masalah diminta mencoba tolong responnya,1
Dita Qurotul,Kenapa di saat saya mau nge like postingan orang gabisa padahal sudah saya update tolong di perbaiki pihak ig tanggung jawab di update malah makin down kualitas nya bukan nya bagus malah makin buruk padahal sebelum nya gk gini pliss tolong perbaiki lagi ig sayaa admin ig mohon pertanggungjawaban nya jangan diam sajaaa,1,saya mau nge like postingan orang gabisa padahal saya update di perbaiki pihak ig tanggung jawab di update malah makin down kualitas nya bukan nya bagus malah makin buruk padahal nya gini pliss perbaiki ig sayaa admin ig mohon pertanggungjawaban nya jangan diam sajaaa,-1
Jahra Baduy,Aku sangat puas mengguankan instagarm tetapi belakangan ini promosi jual saya kaya kuarang di rekomendasikan tolong bantu rekomedasikan ke publik biar banyak tayang dan menjangkau iklan saya,4,aku sangat puas mengguankan instagarm belakangan promosi jual kaya kuarang rekomendasikan bantu rekomedasikan publik biar banyak tayang menjangkau iklan,-1
Fibri Fibri,"Halo kak kok aku ajukan banding kenapaya pada saat aku rekam muka,kok bermasalah padahal jaringan udah baik dan udah ikuti instruksinya sedih deh Instagram skrng jadi aneh udah 1 Minggu kak GK main ig😭",2,halo kak kok aku ajukan banding kenapaya saat aku rekam muka kok bermasalah padahal jaringan udah baik udah ikuti instruksinya sedih deh instagram skrng jadi aneh udah minggu kak main ig,-1
Fira Nabila,"kenapa tidak bisa dibuka? setiap mau login ig tiba tiba keluar. ""Instagram telah berhenti"" selalu ada text kaya gitu setiap buka ig. tiba tiba keluar sendiri. itu kenapa?",3,tidak dibuka mau login ig tiba tiba keluar instagram berhenti selalu text kaya gitu buka ig tiba tiba keluar sendiri kenapa,0
Juliani waruwu,Instagram ini kalau mau nyimpan vidio ada lagu nya tapi ketika sudah di album malah lagu nggak ada gimana dong tolong,1,instagram kalau mau nyimpan vidio lagu nya ketika di album malah lagu ada gimana dong,0
Saskia Rahma,"saya sangat suka intagram, saya bisa membuat 1 akun lebih. setiap akun berbeda beda kepribadian. dan diantara banyaknya akun saya, saya punya akun yang di dalamnya saya sangat mengabadikan moment. saya sangat suka mengabadikan momen dan memposting foto yg saya punya tanpa ragu",5,sangat suka intagram bisa membuat akun lebih akun berbeda beda kepribadian diantara banyaknya akun punya akun di dalamnya sangat mengabadikan moment saya sangat suka mengabadikan momen memposting foto saya punya ragu,1
Zihan Syahira,"ini kenapa nge bug mulu dah, kok makin di update makin nge bug? apk ig sy jdi gak ad fitur sorotan nya, itu kenapa yaa?!!! tolongg perbaiki dong minnn!!!!",1,kenapa nge bug mulu dah kok makin update makin nge bug apk ig sy jdi ad fitur sorotan nya kenapa yaa tolongg perbaiki dong minnn,0
Muhamadisan wiran,"tolong dong, ko ini bug terus sih. gak bisa kirim dm malah ber icon ""mengirim"" load mulu saat mau bales dm. tolong perbaiki keluhan nya",4,dong ko bug terus sih bisa kirim dm malah ber icon mengirim load mulu mau bales dm perbaiki keluhan nya,-1
Yayuk NH,"Kenapa sya tidak bisa menambahkan musik y, k postingan sya. Dlu bs , knp skrg tdk. Apakah Ig skrg sdh tdk bs menambahkan musik lg kah pada postingannya?",3,sya bisa menambahkan musik y k postingan sya dlu bs knp skrg tdk ig skrg sdh tdk bs menambahkan musik lg pada postingannya,0
Rahma Amaliaputri,mohon jangan hapus arsip Instagram karna itu alasan saya dan mungkin banyak orang juga untuk menggunakan Instagram dan menyimpan memory kehidupan di sana akan tetap bintang 5 jika terhapus saya akan memberikan ulasan buruk❗❗❗❗,5,mohon jangan hapus arsip instagram karna alasan mungkin banyak orang untuk menggunakan instagram dan menyimpan memory kehidupan sana tetap bintang terhapus akan memberikan ulasan buruk,2
Suneo Kexcrot,"setiap saya memposting sebuah foto hasilnya selalu buram,pecah pecah,dan lain nya begitu juga ketika membagikan foto ke sebuah cerita hasilnya selalu tidak sesuai dengan yang di harapkan padahal,saya sudah mengatur untuk tidak menghemat data,dan upload foto dengan kualitas tinggi",1,memposting sebuah foto hasilnya selalu buram pecah pecah lain nya juga membagikan foto sebuah cerita hasilnya selalu sesuai yang harapkan padahal saya sudah mengatur tidak menghemat data upload foto kualitas tinggi,-1
Narita Meisya,"Enak di pakai, aplikasi nya juga menarik, dan bisa di pakai kapan saja, contohnya buat saya up video / foto, dan saya bisa foto menggunakan filter² di ig, i love ig 🫶🏻",5,enak pakai aplikasi nya menarik pakai kapan contohnya buat up video foto saya bisa foto menggunakan filter ig i love ig,-1
Moc Miftach Farid,"Saya memberikan 5 bintang, tetapi saya mohon jangan hilangkan fitur arsip. Sebab fitur tersebut sangat berguna untuk saya dan mungkin untuk seluruh pengguna instagram.",5,memberikan bintang saya mohon jangan hilangkan fitur arsip fitur tersebut sangat berguna saya mungkin seluruh pengguna instagram,2
Faeyza Hidayat,Salah satu media sosial yang sangat bagus.Fitur-fitur yang disediakan oleh Instagram sangat simple dan mudah dimengerti serta dapat menjangkau orang lebih banyak,5,salah satu media sosial sangat bagus fitur fitur disediakan instagram sangat simple mudah dimengerti dapat menjangkau orang lebih banyak,1
Surya Pratiwi,Aplikasi nya bagus banget tapi kenapa yaa setiap ada yang buat story baru tu selalu gak bisa di liat yaa (cerita ini tidak tersedia) tolong di bantu dongg,5,aplikasi nya bagus banget kenapa yaa ada buat story baru tu selalu bisa liat yaa cerita tidak tersedia di bantu dongg,-1
Choirotun vira Agustina,"bagus sih tp saya pengen font nya kayak dulu, kadang sering bug lihat stori orang, semoga bisa diperbaiki lagi terimakasii 😍❤️‍🩹",5,bagus sih saya pengen font nya kayak dulu kadang sering bug lihat stori orang semoga diperbaiki terimakasii,-1
windri lestari,"Hai Instagram. Akun instagram milik saya sudah kembali normal, semua fitur bisa dinikmati seperti semula. Terimakasih atas perbaikannya.",5,hai instagram akun instagram milik sudah normal semua fitur dinikmati semula terimakasih atas perbaikannya,1
Sebastian B,Mau tanya dong ini kenapa di IG saya untuk story tulis textnya dia selalu ada background color dan tidak bisa dihilangkan (samsung s23),3,mau tanya dong kenapa ig untuk story tulis textnya selalu background color tidak dihilangkan samsung s,-1
Bagus Pinuji,Fitur filter yang untuk story gabisa. Pas buka kedip2 hitam terus. Mau buat story ga enak. Solusinya tolong.,3,fitur filter untuk story gabisa pas buka kedip hitam terus mau buat story enak solusinya,0
Nabila Avliyatul Faizah,"Okey si kak cuma kadang agak ngehang entah karna hp saya atau ig nya si, cuma saya kasih apresiasi buat ig karna ada ig aku jadi punya kesibukan dan hiburan, jadi tau banyak hal juga",5,okey si kak cuma kadang ngehang entah karna hp atau ig nya si cuma kasih apresiasi buat ig karna ig aku jadi punya kesibukan hiburan jadi tau banyak juga,-1
One ST,"Tolong diperbaiki dong bug suara yg dipostingan, Setiap saya melihat postingan ig dengan foto lebih dari 1 (postingan foto slide) suara lagu selalu tidak ada dan simbol speaker yg dipojok kanan bawah pun tidak ada, berbeda dengan postingan 1 foto saja.. Disana suara lagu selalu keluar dan tidak ada kendala.. Segera diperbaiki karena bug nya terlalu meresahkan dan menganggu",2,diperbaiki dong bug suara dipostingan saya melihat postingan ig foto lebih postingan foto slide suara lagu selalu simbol speaker dipojok kanan bawah tidak berbeda postingan foto disana suara lagu selalu keluar tidak ada kendala segera diperbaiki bug nya terlalu meresahkan menganggu,-1
M.Refin Aditya,"Banyak bug, terutama kalo ganti profil ig sama ganti profil sorotan, ga mungkin bisa kalo ganti PP pake wifi di ig mah pasti bakal stak loading kalo pake data bisa yang ke 2 kalo pake tema gelap, banyak bnget bug, trutama soal warna ga masuk gitu kadang item putih kadang item biru, kadang juga font ga keliatan banyak deh sekarang instagram bug nya, sampah bnget akun rame pengguna... Bug juga banyak minimal utamain clear bug di bandingkan update fitur lah....!!",1,banyak bug terutama kalo ganti profil ig sama ganti profil sorotan mungkin kalo ganti pp pake wifi ig mah bakal stak loading kalo pake data yang kalo pake tema gelap banyak bnget bug trutama soal warna masuk gitu kadang item putih kadang item biru kadang font keliatan banyak deh sekarang instagram bug nya sampah bnget akun rame pengguna bug banyak minimal utamain clear bug bandingkan update fitur lah,-1
Prima Kurnia,Tingkat keamanan kurang dan mudah sekali teretas / terkena hack. Tolong perbaiki dan tingkatkan keamanan serta tingkat privasi. Perbaiki juga tampilan dark mode pada pusat akun meta (berlaku juga untuk facebook) karena tampilan terlalu berwarna warni dan terkesan kurang bagus.,1,tingkat keamanan kurang mudah sekali teretas terkena hack perbaiki tingkatkan keamanan tingkat privasi perbaiki tampilan dark mode pusat akun meta berlaku untuk facebook tampilan terlalu berwarna warni terkesan kurang bagus,1
Firdaus Abdllah,"Sekarang bugnya jadi makin banyak dan cukup mengganggu. Seperti lagu yang ditambah ke postingan, tidak ada suaranya dan tidak ada lambang speaker di pojok. Setelah dicek di akun orang lain lagunya masih ada dan masih bisa diputar. Aplikasi sudah diupdate tapi masih belum hilang bugnya. Semoga ada perbaikan (*masih tetap sama, sekarang malah kalo pindah aplikasi jadi kerefresh berandanya. Meresahkan.) (Tambahan lagi, foto yg diambil di kamera ig, ketika disimpan ke draf jadi ngebug)",2,sekarang bugnya jadi makin banyak cukup mengganggu lagu ditambah postingan suaranya tidak lambang speaker pojok dicek akun orang lagunya ada diputar aplikasi diupdate masih hilang bugnya semoga ada perbaikan masih tetap sama sekarang malah kalo pindah aplikasi jadi kerefresh berandanya meresahkan tambahan foto diambil kamera ig disimpan draf jadi ngebug,-1
Vivo New,"Saya suka intagram begitu banyak video bermanfaat di dalamnya, namu saya jarang membukanya di karenakan videonya berresolusi sangat tinggi sehingga menghabiskan banyak data saya! Saya mohon untuk pihak insta untuk menyediakan kualitas video nya di insta dan bisa memilih sendiri kualitas video sesuai kesediaan data masing-masing! Terimakasih Intagram🙏👍👍",4,suka intagram banyak video bermanfaat dalamnya namu jarang membukanya karenakan videonya berresolusi sangat tinggi menghabiskan banyak data saya mohon pihak insta menyediakan kualitas video nya insta bisa memilih sendiri kualitas video sesuai kesediaan data masing masing terimakasih intagram,-1
Rahadian Ilham,"Hai developer, saya mengalami masalah dalam editing dan upload reels dengan video 1080p/100fps 16:9, ketika melakukan edit reels di Instagram terlalu lama, hasil edit tidak bisa di upload, alhasil harus di save dulu tanpa suara kemudian baru bisa di upload, yang mengakibatkan kualitas video kurang bagus, semoga bisa lekas diperbaiki untuk masalah editing dan upload reelsnya, terimakasih",4,hai developer mengalami masalah editing upload reels video p fps melakukan edit reels instagram terlalu lama hasil edit upload alhasil di save dulu suara kemudian baru di upload mengakibatkan kualitas video kurang bagus semoga bisa lekas diperbaiki masalah editing upload reelsnya terimakasih,-1
Chicha Vitha,"Sudah beberapa hari lagu yg ada dipostingan hilang suaranya,padahal masih ada keterangan lagunya.Udah beberapa kali diuninstal coba instal lagi,malah susah masuk ke ig..Katanya ig ada memiliki bug..Aneh..sebenarnya kenapa yaa??Tolong diperbaiki dong.",2,beberapa hari lagu dipostingan hilang suaranya padahal ada keterangan lagunya udah beberapa kali diuninstal coba instal malah susah masuk ig katanya ig ada memiliki bug aneh sebenarnya yaa diperbaiki dong,-1
Ahmad Rizal,"Setelah update jadi makin ngaco. Sekarang setiap ada video kita tap (normalnya untuk mengaktifkan suara) sekarang malah jadi reel. Padahal video tsb bukan reel. Semakin mirip aplikasi tiktod. Tolong kembalikan fungsi lama seperti semula. Setelah update tampilan berubah lagi, belajar uinya lagi. Bukannya mempermudah user malah makin bikin bingung.",1,update jadi makin ngaco sekarang ada video tap normalnya mengaktifkan suara sekarang malah jadi reel padahal video tsb bukan reel semakin mirip aplikasi tiktod kembalikan fungsi lama semula update tampilan berubah belajar uinya bukannya mempermudah user malah makin bikin bingung,0
Cantika Fadiya Adillah,"Kenapa ya akun Instagram saya ketiga²nya jika menonton video reels suka delay videonya dari suaranya, ga sesuai dengan suaranya gitu lho. Saya sudah uninstall aplikasi sudah hapus data masih aja video reelsnya delay, bikin nonton jadi ga nyaman, padahal buka tiktok videonya ga delay. Saya ga tau ini cuma hp saya doang atau ga, tapi jujur ini ga nyaman banget, tolong diperbaiki bugnya!",2,ya akun instagram ketiga nya menonton video reels suka delay videonya suaranya sesuai suaranya gitu lho uninstall aplikasi sudah hapus data saja video reelsnya delay bikin nonton jadi nyaman padahal buka tiktok videonya delay tidak tau cuma hp doang tidak jujur tidak nyaman banget diperbaiki bugnya,-1
Natasya Tasya,"Apalahh, instagram makin lama makin banyak bug nya, dari filter, bahkan kalo mau post reel atau story juga selalu ada tulisan 'kesalahan', udah berkali kali dicoba masih aja kyk gitu, tolong dong di perbaiki, kesabaran gw yang setipis tisu, berkelahi dengan bug instagram😔👎",1,apalahh instagram makin lama makin banyak bug nya filter bahkan kalo mau post reel story selalu tulisan kesalahan udah berkali kali dicoba saja kyk gitu dong perbaiki kesabaran gw setipis tisu berkelahi bug instagram,0
Vebi,"apk nya makin di update skrg malah tambah bug, tiap kali mau bikin sorotan baru pasti lama banget nunggu nya kadang ngga selesai selesai dan gabisa kembali, jadi terpaksa keluar dari apk dulu. kalau mau ganti profil jg kadang bug kaya gitu, ga sekali dua kali tapi udah beberapa kali kaya gini, kadang di postingan juga musik di fotonya sering hilang sendiri. smg kedepannya bisa di perbaiki biar makin nyaman main ig nya.",3,apk nya makin update skrg malah tambah bug tiap kali mau bikin sorotan baru lama banget nunggu nya kadang ngga selesai selesai gabisa jadi terpaksa keluar apk dulu kalau mau ganti profil jg kadang bug kaya gitu sekali kali udah beberapa kali kaya gini kadang postingan musik fotonya sering hilang sendiri smg kedepannya di perbaiki biar makin nyaman main ig nya,0
SAITATI AL ISTIFAIYYAH,"Plis instagram kenapa berubah sih, camera video call udah bagus setengah setengah sama lawan bicara(atas bawah), sekarang malah berubah jadi kaya di whatsapp, layar aku jadi kecil sementara layar camera lawan bicara aku full. Gasuka! Ayolah instagram sesuai sama diri sendiri aja gausah ikut2 whatsapp! Kan kalo atas bawah enak, kelihatan jelas trus bisa sambil share reels(aku jadi gabisa share reels juga) trus bisa main main filter sama lawan bicara, seru. Kok gini sih😞😞",1,plis instagram berubah sih camera video call udah bagus setengah setengah sama lawan bicara atas bawah sekarang malah berubah jadi kaya whatsapp layar aku jadi kecil layar camera lawan bicara aku full gasuka ayolah instagram sesuai sama diri sendiri gausah ikut whatsapp kan kalo atas bawah enak kelihatan jelas trus sambil share reels aku jadi gabisa share reels trus main main filter sama lawan bicara seru kok gini sih,-1
Su Wignyo,"Gatau ig skrng banyak bug nya. Mulai dari, postingan ga ada suaranya dan simbol speakernya, emoji yg direkomendasikan di keyboard pas dipencet beda(misal, sy pencet emoji ""😭"" yg direkomendasikan, tpi pas dipencet bukan emoji ""😭"" yg keluar, tpi emoji lain). Ntah bug ini cuman dihp ku aja atau smua hp gini, tpi temen ku juga ngalamin hal itu, udh coba ku uninstall ttp sama aja, gada perubahan. Mohon diperbaiki, ini sangat mengganggu terutama bug tidak ada suara dan simbol speaker",3,gatau ig skrng banyak bug nya mulai postingan ada suaranya simbol speakernya emoji direkomendasikan keyboard pas dipencet beda misal sy pencet emoji direkomendasikan tpi pas dipencet bukan emoji keluar tpi emoji ntah bug cuman dihp ku atau smua hp gini tpi temen ku ngalamin itu coba ku uninstall ttp sama gada perubahan mohon diperbaiki sangat mengganggu terutama bug ada suara simbol speaker,-1
Alfionita,"ini udah kejadian dari dulu si, tiap post story foto dikasih musik selalu kepotong musiknya. yang harusnya 15 detik pas sebelum upload eh malah jadinya cuma 3 detik, trus tiap bikin story kadang di arsip malah ga muncul jadi gabisa bikin highlight. sekali dua kali si gapapa, kalo 3 kali 4 sama dengan 12 gimana?",2,udah kejadian dulu si tiap post story foto dikasih musik selalu kepotong musiknya harusnya detik pas upload eh malah jadinya cuma detik trus tiap bikin story kadang arsip malah muncul jadi gabisa bikin highlight sekali kali si gapapa kalo kali sama gimana,-1
Karina Ramadhani,"gimana ya, ig makin kesini makin banyak bug nya, awalnya maklum tapi lama² bikin kesel juga, salah satu yang bikin aku kesel banget akhir² ini pas aku posting video (dikasih musik atau ga) ga pernah bisa kekirim, loading lama banget trs di pojok kiri bawa ada tulisan ""menunggu koneksi"" aku udah coba hapus -> posting lagi berulang dan coba posting beberapa video yang berbeda tapi tetep aja ga bisa, aku capek bangett udah abis kesabaran aku yaa (⁠╥⁠﹏⁠╥⁠), tolong dong perbaikannya plss",1,gimana ig makin kesini makin banyak bug nya awalnya maklum lama bikin kesel salah satu bikin aku kesel banget akhir pas aku posting video dikasih musik tidak pernah kekirim loading lama banget trs pojok kiri bawa tulisan menunggu koneksi aku udah coba hapus posting berulang coba posting beberapa video berbeda tetep tidak aku capek bangett udah abis kesabaran aku yaa dong perbaikannya plss,0
Cheisya Assifa,"apk bagus tapi kenapa sering keluar sendiri, udah tiga kali harus login lagi ke Instagram padahal ga ada apa-apa masa tiga kali disuruh membersihkan riwayat, riwayat apa yg di bersihkan? kenapa Instagram jadi begini",4,apk bagus sering keluar sendiri udah tiga kali login ke instagram padahal ada apa apa masa tiga kali disuruh membersihkan riwayat riwayat apa di bersihkan kenapa instagram jadi begini,-1
cindy,"over all semua update an nya bagus dari fitur instagram, mulai dari bisa post video/foto lebih 10 dll, tapi kecewa banget kenapa font aslinya dari bawaan hp kita sendiri ilang??? tergantikan yang baru :( please, aku user emoji ios pake zfont... tolong banget balikin font bawaan dari hp :((",3,over all semua update an nya bagus fitur instagram mulai bisa post video foto lebih tapi kecewa banget font aslinya bawaan hp sendiri ilang tergantikan baru please aku user emoji ios pake zfont banget balikin font bawaan hp,0
ramadhika disini,"banyak bugnya sekarang, habis di perbaharui malah kek apk cacat, layar camera tb"" item, tiba"" ngescroll berkali kali, dll",1,banyak bugnya sekarang habis perbaharui malah kek apk cacat layar camera tb item tiba ngescroll berkali kali,-1
Siti Aisyah,"sebenernya udah bagus kok, cm ada beberapa fitur yg seharusnya gausah di ubah, seperti mengubah lagu di postingan, (sekarang gabisa, tp dulu pas awal"" bisa) Terus, mungkin bisa ditambahkan fitur yg bermanfaat, seperti pas lagi post story pakai lagu ga cuma 15s, fitur supaya kita bisa tahu acount yg kita follow sepihak itu yg mana saja. Itu saja, terimakasih ya",5,sebenernya udah bagus kok cm beberapa fitur seharusnya gausah ubah mengubah lagu postingan sekarang gabisa dulu pas awal terus mungkin ditambahkan fitur bermanfaat pas post story pakai lagu cuma s fitur kita tahu acount kita follow sepihak yang mana itu terimakasih,-1
Aghisti Rizqi,"Sering eror! Kemarin bug tiba-tiba akun ke log out sendiri, sekarang bikin ig story selalu terjadi kesalahan (ga bisa ke post). Mau di update juga udah otomatis ga ada yang perlu diupdate. Mohon di maksimal kan lagi dong fiturnya. Saya mau post igs buat keperluan malah ga bisa ke kirim terus.",3,sering eror kemarin bug tiba tiba akun log out sendiri sekarang bikin ig story selalu terjadi kesalahan bisa post mau update udah otomatis ada perlu diupdate mohon maksimal kan dong fiturnya mau post igs buat keperluan malah bisa kirim terus,0
Nur asikin,"Tolong dong min tambahin fitur pengganti lagu di postingan foto Instagram, supaya memudahkan dalam mengubah jd ga perlu lgi membuat postingan ulangg",2,dong min tambahin fitur pengganti lagu postingan foto instagram memudahkan mengubah jadi perlu lgi membuat postingan ulangg,-1
Raisya Qolby Surya,"habis di update kok reels nya malah ngelag2 ya? kadang ga bisa keputer juga padahal sinyal lancar. Juga dibagian menambahkan lagu di story kadang foto yang diberi lagunya jadi blur, itu sih saran saya diperbaiki bug2 nya, terimakasih 🙏🙏",2,habis update kok reels nya malah ngelag kadang bisa keputer padahal sinyal lancar dibagian menambahkan lagu story kadang foto diberi lagunya jadi blur sih saran diperbaiki bug nya terimakasih,0
M. Rusydi Ilman Huda,"Sungguh mengecewakan saat fitur flipside telah dihapus, padahal itu fitur yang bagus agar dari setiap pengguna tetap menyematkan identitas khusus dari dirinya untuk orang-orang tertentu, juga agar kita tidak terlalu berlebihan dalam membuat akun clonning. Upload story ig kadang durasinya mesti terpotong dan kualitasnya menurun. Setiap layar ponsel mati mesti otomatis tereload halaman berandanya, terkadang hal itu menjadi kekecewaan dari kita yang belum selesai membaca ataupun menonton postingan.",2,sungguh mengecewakan fitur flipside dihapus padahal fitur bagus pengguna tetap menyematkan identitas khusus dirinya orang orang tertentu agar tidak terlalu berlebihan membuat akun clonning upload story ig kadang durasinya mesti terpotong kualitasnya menurun layar ponsel mati mesti otomatis tereload halaman berandanya terkadang itu menjadi kekecewaan dari kita belum selesai membaca ataupun menonton postingan,1
Triyono bontot (Triyono46_stark),Terus tingkatkan fitur dan efisiensi. Fitur repost reels ke instastory dengan background foto dah ada cmn isi konten/video tidak muncul padahal sudah di taruh pada layer atas sendiri,5,terus tingkatkan fitur efisiensi fitur repost reels instastory background foto dah cmn isi konten video muncul padahal di taruh layer atas sendiri,3
Kirana Aulia Putri,"Baru diupdate malah tambah error aja. Tampilan reels di beranda jadi terpotong, harus di klik dulu biar jadi full. Chattingan dm juga sukanya ngelag, pesan sering hilang padahal nggak dihapus. Mana sekarang reels juga bermasalah lagi. Kirim dm doang juga lama banget padahal nggak ada masalah jaringan, nggak bisa memperbarui beranda. Tolonglah diperbaiki.",2,baru diupdate malah tambah error tampilan reels beranda jadi terpotong di klik dulu biar jadi full chattingan dm sukanya ngelag pesan sering hilang padahal dihapus mana sekarang reels bermasalah kirim dm doang lama banget padahal ada masalah jaringan bisa memperbarui beranda tolonglah diperbaiki,0
pangeran bertopeng,"Bintang satu, karena fitur arsip akan dihilangkan, padahal fitur arsip sangat berguna bagi saya pribadi untuk menyimpan kenangan dari masa ke masa, tapi sayang bukanya di perbaiki malah di hapus.",1,bintang satu fitur arsip dihilangkan padahal fitur arsip sangat berguna saya pribadi menyimpan kenangan masa masa sayang bukanya perbaiki malah hapus,2
Elena Amira,"Tolong bgt ini kenapa followers nya bisa ilang2 an yaa kek otomatis gtu ilang nyaa sehari bisa ilang 100 lebih followers, dari dulu sempet ga ilang tapi skrg dah mulai ilang, Tolong dong ini gimana.",2,banget kenapa followers nya ilang an yaa kek otomatis gtu ilang nyaa sehari ilang lebih followers dulu sempet ilang skrg dah mulai ilang dong gimana,0
Agra Hizbullah,Saya tidak bisa login di instagram. Instagram aneh padahal saya sudah melakukan login dengan benar. Saat login selalu muncul tulisan kesalahan dalam login. Bagaimana ini instagram?,2,tidak login instagram instagram aneh padahal sudah melakukan login benar login selalu muncul tulisan kesalahan login bagaimana instagram,1
Andina Safitri,"Tiba-tiba ig saya eror tdk ada gambar dan loading, padahal wifi saya lancar-lancar saja. Tolong segera diperbaiki. Terimakasih",3,tiba tiba ig eror tdk gambar loading padahal wifi lancar lancar tolong segera diperbaiki terimakasih,1
Drian astina,"Tolong dong, saat upload story opsi lagu yang sudah saya simpan bisa di akses lebih mudah lagi saat mengupload story ig",5,dong upload story opsi lagu sudah simpan di akses lebih mudah saat mengupload story ig,3
Wahyu Edy Gunawan,"Tolong perbaiki fitur menyematkan musik pada informasi bio akun, karena beberapa akun tidak mendapatkan fitur tersebut (termasuk akun milik saya)",1,perbaiki fitur menyematkan musik informasi bio akun beberapa akun mendapatkan fitur tersebut termasuk akun milik,1
Queen Rara,"Sebel banget sekarang instagram jelek banget,bug nya itu lho banyak banget,pas mau ngedit deskripsi gk bisa,pas mau phosting eror,pas mau kolaborasi eror,semua gk bisa,sumpah jelek sekarang terlalu banyak bug,semakin di upgrade semakin banyak bug nya. Mohon segera di benarkan dong.",2,sebel banget sekarang instagram jelek banget bug nya lho banyak banget pas mau ngedit deskripsi bisa pas mau phosting eror pas mau kolaborasi eror semua bisa sumpah jelek sekarang terlalu banyak bug semakin upgrade semakin banyak bug nya mohon segera benarkan dong,-1
Papan Jawa,Kepada developer kenapa fitur login dari Facebook tidak ada lagi saya kesusahan ketika login ingin memulihkan akun tapi kata sandi salah kenapa ??!,2,developer fitur login facebook ada saya kesusahan login memulihkan akun kata sandi salah,1
Sinchan Azha,"tolong dong aplikasi nya dibenerin, saya mau upload story ig tidak bisa dan malah stuck diangka 90%, tolong secepatnya untuk diperbaiki terimakasih",1,dong aplikasi nya dibenerin mau upload story ig bisa malah stuck diangka secepatnya diperbaiki terimakasih,1
Fox Sins,"Apansih sekarang sering mengalami masalah apload sering stuck di 90% padahal jaringan saya lancar banget, gak kayak biasanya cepat, tolong perbaiki🙏",5,apansih sekarang sering mengalami masalah apload sering stuck padahal jaringan lancar banget kayak biasanya cepat perbaiki,0
Ayundaa,"kenapa notifikasi memposting foto dan cerita selalu telat????, saya jadi tidak gercep saat belahan dunia saya (idol kpop) me ngepost postingannya, mohon di perbaiki lagi",2,notifikasi memposting foto cerita selalu telat jadi gercep belahan dunia idol kpop me ngepost postingannya mohon perbaiki,-1
putri anisa,"Tolong pihak instagram untuk dapat merespon email yang kami kirimkan tentang permasalahan yang di alami pada saat login, bukannya di abaikan... Etika kerja terhadap para pengguna mohon dijalan kan.. Apabila permasalahan saya yang dikirim ke email pihak instagram sudah dibalas maka ranting dan ulasan akan saya rubah, Terimakasih...",1,pihak instagram dapat merespon email kami kirimkan permasalahan alami saat login bukannya di abaikan etika kerja para pengguna mohon dijalan kan apabila permasalahan yang dikirim email pihak instagram dibalas ranting ulasan saya rubah terimakasih,-1
AS. Firdaus,"Sangat tidak menyenangkan, tidak ada pelanggaran apapun akun saya yang kedua tiba-tiba ditangguhkan tanpa alasan. Tolong jelaskan !!! Perlakuan anda buruk sekali.",1,sangat menyenangkan ada pelanggaran apapun akun yang kedua tiba tiba ditangguhkan alasan jelaskan perlakuan buruk sekali,1
Salma Khairunnisa',"Baik buruknya tergantung pengguna, kalau mencari ilmu dan kebaikan atau manfaat tentunya banyak dan mudah, tapi juga dapat menjadi pintu besar untuk keburukan",5,baik buruknya tergantung pengguna kalau mencari ilmu kebaikan manfaat tentunya banyak mudah juga menjadi pintu besar keburukan,1
Arnita duwi Anggraini,Tolong dong developer buat instagram aplikasinya di buat bisa bedain mana yang gak follback dan mana yang follback biar ga harus bukain satu persatu,5,dong developer buat instagram aplikasinya buat bedain mana follback mana follback biar tidak harus bukain satu persatu,0
Wijayati,Kenapa saya login malah muncul tulisan 'terjadi kesalahan tidak terduga silahkan cobalagi' Tapi dicoba lagi ttp gabisa pdhl apk sudah saya update,1,saya login malah muncul tulisan terjadi kesalahan terduga silahkan cobalagi dicoba ttp gabisa pdhl apk saya update,-1
Dwi Sulistiawati,Gak ngerti klo bikin iklan suka susah buat di promosiin postingan. Mudahin dong utk utk buat iklan di ig jgn dibikin ribet & susah,3,ngerti klo bikin iklan suka susah buat promosiin postingan mudahin dong untuk buat iklan ig jgn dibikin ribet susah,4
Lailatul Masruroh,"Font baru yg di story mana yaa, baru juga update bbrpa hari lalu, kok udah balik ke setelan awal, padahal udah suka sama font nya udah bagus²😭😭",3,font baru di story mana yaa baru update bbrpa hari lalu kok udah balik setelan awal padahal udah suka sama font nya udah bagus,0
Ivan Vlog,"fitur ""izin menambah foto"" tidak bisa di hilangkan dari tampilan, sehingga jelek dilihat tampilan postingannya. Apk sekelas meta kok begini",1,fitur izin menambah foto bisa hilangkan tampilan jelek dilihat tampilan postingannya apk sekelas meta kok begini,3
F.Abiyyu Bahy,"tolong untuk pihak aplikasi ini akun saya ingin hilang saya akun saya sudah tertaut oleh fb tetapi tidak diterima/tombol opsi login fb tidak ada, mohon untuk kejelasannya kalau sudah tdk bekerja sama dgn fb mohon untuk bersikap profesional karna ini sangat merugikan bagi saya mohon untuk solusinya ig saya byubhy_ saya butuh 4thn untuk mengumpulkan followersaya dan sangat kecewa akun hilang secara instant",1,pihak aplikasi akun ingin hilang akun tertaut fb diterima tombol opsi login fb tidak ada mohon kejelasannya kalau sudah tdk bekerja sama fb mohon bersikap profesional karna sangat merugikan mohon solusinya ig byubhy saya butuh thn untuk mengumpulkan followersaya sangat kecewa akun hilang instant,1
Pengguna Google,"Kesel tiap up video lama bgt pdhl jaringan full,paket ada,pake wifi juga sama mentok 90,ga keunggah² udh 20 menitan,sllu gitu. Apl ny udh paling update pdhl😭",3,kesel tiap up video lama banget pdhl jaringan full paket pake wifi sama mentok keunggah menitan sllu gitu apl ny paling update pdhl,0
Sely Amelia,"Semuanya sudah bagus tetapi ketika disediakan sorotan loading untuk menambahkan sampulnya itu sangat lama, tolong segera dibenarkan",4,semuanya bagus ketika disediakan sorotan loading menambahkan sampulnya sangat lama segera dibenarkan,-1
Viking Calm,"pencarian lagu buat story tidak sesuai dengan kata kunci nya, sering kali lagu yg diinginkan tidak tersedia di pencarian. trus hasil edit buat story juga kadang ga pas sama waktu edit, ada yg stickernya beda posisi, ada yg ga masuk ke frame. plis mohon diperbaiki bug² tersebut.",1,pencarian lagu buat story sesuai kata kunci nya sering kali lagu diinginkan tersedia pencarian trus hasil edit buat story kadang pas sama waktu edit yang stickernya beda posisi yang masuk frame plis mohon diperbaiki bug tersebut,0
Orang Biasa,"Untuk Instagram, aku ada saran plis tolong buat fitur daftar mengikuti di Instagram bisa di privat walaupun orang udah follow Instagram kita, tapi tetap mereka ga akan bisa lihat daftar mengikuti kita di Instagram seperti fitur tik tok yaitu daftar mengikuti cuma kita yang bisa lihat dan orang lain ga akan bisa lihat walaupun mereka udah follow tik tok kita aku sangat berharap fitur ini bisa ada di Instagram 🥺🥹",4,instagram aku saran plis buat fitur daftar mengikuti instagram di privat walaupun orang udah follow instagram tapi tetap tidak lihat daftar mengikuti di instagram fitur tik tok daftar mengikuti cuma yang bisa lihat orang tidak bisa lihat walaupun udah follow tik tok aku sangat berharap fitur bisa di instagram,-1
"RUDIYANSYAH .,SP",Instagram sekarang banyak aneh nah kok bisa bisa akun gue engga bisa di gunakan.. tolong lah pihak Instagram di perbaiki secepatnya. Bikin jadi darah tinggi aja..,1,instagram sekarang banyak aneh nah kok akun gue engga bisa gunakan lah pihak instagram di perbaiki secepatnya bikin jadi darah tinggi,-1
Vivo Keren,Dipermudah lagi ya untuk pemilihan akun instagram nya soalnya saya sudah tidak dapat akses lagi melalui whatsapp atau SMS dikarenakan nomor teleponya sudah tidak aktif lagi terimakasih 🙏🙏🙏,5,dipermudah ya pemilihan akun instagram nya soalnya dapat akses melalui whatsapp sms dikarenakan nomor teleponya sudah tidak aktif terimakasih,-1
Aulyazarra Nurmulya,Lama nunggu ke cerita untuk foto di instagram padahal wife udah jaringan nya bagus. ini aplikasiNya lemot cape gua . Nunggu berasa se jam aku gak suka sama aplikasi ini 🤬😡,1,lama nunggu cerita foto instagram padahal wife udah jaringan nya bagus aplikasinya lemot cape gua nunggu berasa se jam aku suka sama aplikasi,0
Grktng,"Tolong pihak instagram perbaiki juga bagian arsipnya, masa iya dengan alasan teknis tapi tidak bisa diperbaiki dan malah akan dihapus arsip² yang sudah orang simpan, sayang sekali orang sudah menyimpan momennya masing-masing diarsip itu dari setiap tahun.",1,pihak instagram perbaiki bagian arsipnya masa iya alasan teknis tidak diperbaiki malah dihapus arsip orang simpan sayang sekali orang sudah menyimpan momennya masing masing diarsip dari tahun,2
"Samuel P Harianja,SH","Saya sudah bertahun2 pake IG makin kesini makin gak jelas, vidio gak bisa full di upload jadi kepotong, dan gak bisa stanby suka mati sendiri klo liat vidio, lama2 saya unistal juga ini IG.",1,sudah bertahun pake ig makin kesini makin jelas vidio full upload jadi kepotong tidak bisa stanby suka mati sendiri klo liat vidio lama unistal ini ig,-1
Radit Taulandi,Halo developer ini bug atau gimana saya tidak bisa melakukan live streaming setelah update kemarin dan sampai sekarang saya tidak bisa melakukan atau mendapatkan fitur tersebut tolong developer gimana cara mengatasinya,1,halo developer bug gimana tidak melakukan live streaming update kemarin sampai sekarang tidak melakukan mendapatkan fitur tersebut developer gimana cara mengatasinya,-1
Nazw _a*24.,akun saya gabisa login!! awalnya kena suspend gajelas dab itupun semua akun saya dan saya gabisa bikin Instagram baru lalu saya daftar lewat web baru bisa tpi lemit puoll dan saya login pake hp mamah saya bisa tolong dong gimana inii udh di chat di gmail ga dibales!!,1,akun gabisa login awalnya kena suspend gajelas dab itupun semua akun gabisa bikin instagram baru lalu daftar lewat web baru tpi lemit puoll dan login pake hp mamah saya bisa dong gimana inii chat di gmail dibales,0
Nabilal Basyeh,"Tolong admin bug nya perbaiki saya tidak bisa mengunggah story, ini sangat menggangu kenyamanan saya sebagai pengguna aplikasi, terimakasih.",1,admin bug nya perbaiki tidak mengunggah story sangat menggangu kenyamanan sebagai pengguna aplikasi terimakasih,-1
Panisa Nisa,Ini Instagram lagi kena bug atau bagaimana ya? Kenapa dari tadi gak bisa buka komentar di setiap postingan? Padahal udah saya update tapi tetap tidak bisa,2,instagram kena bug bagaimana kenapa tadi bisa buka komentar setiap postingan padahal udah update tetap bisa,0
