record_id,username,text,baseline_sentiment,indobert_9emotion,confidence_score
1,Mila Daihatsu Murah,"TOLONG KEMBALIKAN AKUN SAYA.. Akun ig sya tiba"" di tutup oleh pihak ig nya, TIDAK BISA LOGIN, sya tidak membuat kesalahan, padahal sya sudah",neutral,anger,0.81
2,Yepri Merbin,"ini Instagram kenapa ya???? setiap buat sorotan baru plus sama sampul nya, loading nya lama bangett itu knapa yaa!?? tolong pihak Instagram ",negative,anger,0.98
3,Zahiya Wardatunnisa,"salah satu aplikasi media sosial favorit aku ni🤩, buat keseluruhan aplikasinya sudah baik, tapi, terkadang sering ada bug, seperti susah bua",neutral,anticipation,0.89
4,Aditya Fadlani,"banyak update banyak juga bug, saya udah follow teman saya tapi tiba-tiba le unfollow dengan sendirinya dan itu terjadi berulang ulang, pada",neutral,anger,0.73
5,Aylsa,"Halo, Instagram! Aku mau sampaikan keinginanku dong buat aplikasi Instagram. Boleh ga kalau musik di cerita di perpanjang? soalnya kalau 15 ",positive,joy,0.85
6,Yusuf,"Makin sini makin banyak bug aplikasi ini, Mau liat Story loadingnya lama banget padahal sinyal bagus, buka beranda blank putih semua, terkad",neutral,anticipation,0.89
7,Soto ayam,"Woi tolong lah ya, pakai akun lama malah gak bisa musik yang di profile itu, akun baru ada, mau pake akun lama tapi tombol musik di profile ",neutral,anticipation,0.89
8,maudy 075,"sekarang ko aneh bangett, mau upload story muter²terus, padahal jaringan bagus, dan yg lebih parahnya, foto yg baru saya ambil langsung dari",positive,joy,0.85
9,isthatrubio _,"Banyak bug! Buka DM, tampilan bar atas full putih. Info batre, sinyal, notif ga ada, full putih. Tiap buka profil, tombol Threads, Buat dan ",negative,anger,0.826
10,rilatriani,"Mohon ya untuk instagram agar lebih di upgrade lagi mengenai pemilihan foto, misal kalo mau buat foto grid kan nanti pilih foto ya, kalo bis",positive,joy,0.85
11,Khansa Ghaida Ramadhani,"Mohon banyak sekali yang harus diperbaiki, kenapa arsipan story yang ada lagunya kita banyak yang menjadi burem, tidak menyamankan untuk dim",neutral,anticipation,0.98
12,Salwa Salsabila,"Tolong perbaiki lagi kualitas foto or vid yg kita up ke story terutama pas udah di tambahin musik, pas ke up jadi burik banget sumpah, abis ",positive,joy,0.85
13,Selly Marsya Aprilia,sebenarnya fitur instagram yang sudah developer rancang alias kembangkan kembali ini sudah bagus & sanggat membantu kami sebagai user ( peng,positive,joy,0.85
14,Gedebil bangettt,"Sebenarnya aplikasinya bagus tapi sekarang banyak bug yang ganggu. contohnya bug fitur musik yang ada di profil Instagram ,di pengaturan saa",negative,anger,0.906
15,Budi Prasetyo,"Lebih canggih boleh, tapi easy to use lah... Jangan cuman canggih doang tapi tidak mudah untuk dioperasikan. Kalo mau jumping, buat pengenal",neutral,joy,0.73
16,c0likiawan,"Aplikasi yang sangat recommended terutama fiturnya yang sangat canggih dan bisa merasakan bagaimana rasanya bermain masak²an, gobag, emprak,",neutral,joy,0.73
17,Herlina Sibarani,"Instagram setelah di update malah sering ngelag, foto dan video reels atau sekedar melihat story juga lambat sekali, ketika dilihat tidak ad",negative,anger,0.826
18,Ocha Bta,"For Mimin Instagram🤍🖤:kadang kalau bikin reel Instagram pakek musik,itu lagu sama video saya gak pas😓,jadi vidio saya nya kecepatan,dan lagu",neutral,anticipation,0.89
19,Tengku Hastriad,"Akun saya hilang. Tidak tau apa penyebabnga. Sudah coba dipulihkan tapi tidak ada gunanya. Ketika membuat akun baru, tiba tiba diberi pering",positive,joy,0.85
20,Cemon Miban,"makin hari, fiturnya makin ga jelas. banyak yang gak bisa digunain, ada juga yang Fiturnya kadang muncul kadang nggak. akhir akhir ini juga ",neutral,surprise,0.73
21,Ezell Hermanus,"Bagus sih iya, updatenya yang tidak. Kenapa setiap update, setiap video atau foto yang udh disimpan di arsip tiba"" bisa hilang? Saya mau sto",positive,joy,0.85
22,Netto shippuden,Untuk fitur dah bagus tapi Buat edit video pasti slalu bug sound nya bunyi terus walau sudah di pause/dicancel tapi masih bunyi terus jadi k,neutral,anger,0.73
23,Sipa Aulia,"kenapa ya dari kemarin siang, ig kalau di buka layarnya selalu hitam, dan sekalinya bisa jga lama banget nunggu nya, mana tiap ngebuka selal",neutral,anticipation,0.89
24,Yesya Dian nur cahyati,"Instagram reels saya gabisa digunakan beberapa hari ini, padahal koneksi saya bagus, dan sudah di update, sudah saya gunakan segala cara tap",neutral,anticipation,0.81
25,Muhammad yasashi Kanemochi,"Subject: Saran Fitur: Tambahkan Musik ke Postingan Foto di Feed Pesan: Halo Tim Instagram, Saya ingin mengusulkan fitur baru yang memungkink",positive,joy,0.77
26,Estevaniya emmanuela,"Fitur keamanan jelek, masa setiap mau minta bantuan ngebug ngebug terus. Mau rekam video wajah langsung ngebug tekembali lalu minta bantuan ",neutral,anger,0.81
27,Mikasa Ackarman,"Kenapa pas memulihkan akun menggunakan poto/vidio diri sendiri. sesudah memasukan kode Verifikasi email, dan menuju langkah selanjutnya laya",negative,anger,0.826
28,liasyarasputrii,"Tolong dong instagram, ini Dari bulan kemarin error terus gabisa buka story, buka reels, tulisan nya "" tidak bisa memuat beranda "" Akhir akh",negative,anticipation,0.98
29,Rahadyan Prabowo,"Saya mengalami lag yang parah baru2 ini. Story selalu nge lag, tidak bisa refresh story baru, ketika mau back keluar malah nge freeze, dan a",negative,anger,0.826
30,Teresia Teravila Puspa Kirani,"salah satu aplikasi fav akuu, dari dulu sukanya pake ini dulu itu kaya ga ada kekurangan nya sama sekali, tapi kok sekarang malah kaya ada b",neutral,anticipation,0.89
31,Leony Illena Geusty,"Tolong buat pihak instagram, keluhan pengguna di tanggapin. Jangan cuma di anggurin. 😡 Instagram saya udh hampir seminggu error ngak bisa ta",negative,anticipation,0.81
32,Manik Metaokta,Bagus sih tapi tolong kembalikan fitur IG yang kayak dulu mau nyimpan video harus nyari yang mbuat nyimpen dulu dan itu sangat merepotkan se,positive,joy,0.85
33,Suci Ramadiana,Aplikasi jelek banget! Kebangetan eror dan bug tidak di tangani cepat tolong jangan nyusahin pengguna sampai berhari hari! Masa Instagram se,positive,joy,0.85
34,Rama Juliansyah,"plis lah ini instagram gua udah dua bulan kebih!!!! gabisa buka setelah ganti ke pribadi, terus malah disuruh verifikasi ke nomor yang entah",neutral,anticipation,0.73
35,wawa hikaru,"Halo sist, bisa tolong diperbaiki fitur instastory nya, saya ingin merepost pict feed ke story dan memakai background digaleri, namun kenapa",neutral,anticipation,0.97
36,Yulinda Ekawati,"Setelah diupdate malah ada mode hilang yg merugikan banget karena ditaruhnya di swipe up halaman DM, remove aja fiturnya...ga sengaja ke swi",positive,joy,0.77
37,Siska ardila,"Makin lama makin hancur. Arsip story hilang, ga bisa di play, tiap bikin story ga bisa masuk ke arsip otomatis kayak dulu, tiap di arsip sto",neutral,anger,0.73
38,Yusra (Cepotzz),"Saya kesal dengan hilangnya fitur/tampilan musik di profil, setelah saya cek dengan akun saya yang kedua, musik diprofil diakun utama ada, t",negative,anger,0.906
39,Ever Victorius,"tolong, saya mohon tetapkan kualitas foto atau video yang kita post, kalau post foto pasti selalu dikompres, usahakan tetap kualitas nya aga",neutral,anticipation,0.89
40,Raraawaw,"Overall app best sih, mulai dari reels, acc, pesan, beranda, filter, semua nya best job. Oh ya ada beberapa yg aku pengenin/saranin dalam ap",negative,anger,0.906
41,Evanur Nurlaila,"fitur musik di profil ilang, padahal kalo di akun lain masi ada, fitur teks font nya gaada yang berubah, pokoknya banyak banget minesnya, pa",positive,joy,0.85
42,Intana Candra Luvita,"Kenapa ya, akhir-akhir ini tuh kalau mau liat stories suka lag sendiri layarnya jadi item kadang malah muncul tulisan ""cerita ini tidak ters",neutral,anger,0.81
43,Kitsuoka Reishi,"Untuk develpoer instagram,tolong fitur untuk menambahkan lagu di story pakai lagu yang telah disimpan jangan dihapus karena fitur nya sangat",neutral,anticipation,0.81
44,Haryani Puji,Kenapa ig makin kesini fiturnya makin jelek si. Mending update kualitas kalo bikin sg dikasih lagu tetep hd bukannya malah nurunin kualitas ,neutral,anger,0.73
45,OLLIVANDER S,Kalau upload foto atau vidio di ig story kualitasnya diturunin banget ya... apalagi kalau misal foto/vidionya ditaruh di highlight. Sebulan ,neutral,anger,0.73
46,zaskya,"kenapa ya ig sering kali error/ bug, mau liat story orang misalnya, pas dipencet malah ada tulisan cerita tidak tersedia, ya gpp kalau 1 ata",negative,anger,0.826
47,Mintt?,"postingan ku beberapa saat lalu ada lagunya, trs selang brp hari gitu lagunya hilang dari postingan. Saat ku edit postingannya ada opsi gant",positive,joy,0.85
48,Fakhrur Rozi,"Hanya tambahan buat instagram dari saya, adakan sistem create/fill icon agar penggunanya leluasa untuk meletakkan icon-icon seperti, daftar ",neutral,anticipation,0.73
49,Nayladesthanianuraini,"apaan dah makin ngaco, foto yang terbaru malah ga kesimpen padahal foto lama kesimpen, gabisa ganti foto profil pake foto terbaru karna gak ",positive,joy,0.85
50,Ryo Ardiansyah,"27-08-2023: Iklan nya terlalu banyak buat saya muak , tp dari segi postingan dan reels sudah membaik karena sebulan lalu ngebug g bisa full ",positive,anger,0.89
51,Lintang Mahendra,"Awalnya iseng² nyoba fitur izinkan menambahkan media,eh pas di nonaktifkan malah logo/lambang fiturnya tidak bisa hilang,mohon pihak Instagr",neutral,anticipation,0.81
52,Aifa Ghinaya,"Sering sekali eror menguploud story, sudah berkali kali di uploud tetap saja eror. Tampilan baru Instagram sangat tidak bagus, merusak gamba",positive,joy,0.85
53,Lorensa Dewi,"Setiap mau post video untuk story selalu ga bisa. Di keterangannya ""menunggu koneksi"" padahal wifi nya lancar. Terus coba pakai data seluler",neutral,anticipation,0.89
54,Afina,"IG BUTUTTTT, KALAU BISA NGASIH BINTANG 0 LU GUA KASIH BINTANG -100 ANJINGGG. Sebelumnya baik baik aja, tapi makin kesini MAKIN SERING ngebug",positive,anger,0.81
55,Nurul Juliyanti,"ini saya kasih bintang 5, but jangan sampe fitur arsip di ilangin please, karena dari semua fitur yang ada, arsip instagram jadi salah satu ",neutral,anticipation,0.81
56,Shintya Novita Sari,"Postingan foto di feeds ada lagunya, tiba-tiba hilang sendiri. Padahal adanya lagu untuk mendukung suasana foto postingan. Selanjutnya tag f",negative,anticipation,0.89
57,Ilham ardiansyah,"Tolong pihat ig di perhatikan lagi, masa pilihan musik di profil tiba tiba hilang, sementara di akun lain masih ada musik di profil nya, mau",neutral,anticipation,0.81
58,Indah Astuti,"Font yg di instagram story sempat keupdate, tp sekarang balik ke semula. Font deco, poster, bubble, dan yang lain hilang. Sekarang hanya ada",neutral,sadness,0.73
59,afrizal rhamdani,"ada bug dibagian story, setiap mau lihat story temen selalu ""catatan ini tidak tersedia"" padahal story baru upload, dan story yang sudah di ",negative,anger,0.906
60,Andi Dewansyah,Tingkatkan fitur & efisiensi. Fitur repost reels ke instastory dengan background foto dengan cuma isi konten atau video pun tidak muncul pad,neutral,anticipation,0.73
61,Dindaaa,Ini kenapa ya liat story sama postingan kok jadi kayak pecah dan glitch gitu pdhl sinyal bagus. Udah di update kok malah kayak gini bug nya.,neutral,anticipation,0.81
62,nunde run,"Fiturnya udah bagus tapi,tolong Pada saat nge-post itu durasinya lagunya jangan di Converse,dan jangan di potong..jadinya kurang bagus.. Itu",positive,joy,0.85
63,Dedy Richard,"apasih makin ngaco, kmrn suka ngebug gabisa nyimpen foto, udh akal akalin pakai segala cara ttp gbsa, terpaksa hps semua data ni apk. eh skr",positive,joy,0.85
64,Sinta Amelia,"tolong di perbaiki lagii.saat saya membuka kamera dan ingin mencoba efek,layar menjadi kedip kedip padahal jika saya membuka kamera biasa ta",neutral,anticipation,0.89
65,Aulia Nur retno rahmadani,"setiap masuk apk ini selalu keluar sendiri padahal sudah muat ulang, sudah unnistal dan di istal kembali tapi tidak bisa, sudah berkali kali",neutral,anticipation,0.89
66,Muhammad Firqi Saputra,"Tolong perbaiki bug di catatan, karena tempat memutar musik hilang di catatan. Sebelumnya ada, dan updatenya selalu ngawur dan bug sebelum n",negative,anticipation,0.89
67,djeni astuti,Tolong kembalikan ke fitur sebelum update dong...dimana saat upload foto di story Instagram langsung bisa mengkolase(menggabungkan foto) sec,neutral,anticipation,0.89
68,Yaya Yaya,"Biasanya instagram saya baik-baik saja. Tapi sekarang sering bgt kena bug, tiba"" aku hilang atau keluar sendiri. Bbrp fitur juga ilang seper",neutral,anticipation,0.97
69,Muhammad Naufal,"Fiturnya bikin emosi, lagi enak² nonton reels malah ke refresh dan reelsnya hilang.... minimal kasihlah fitur histori reels kayak tiktok bia",neutral,sadness,0.73
70,stepanus simamora,"Sistem bug terparah, masa password yang benar2 setiap hari saya log in ig tiba2 salah. Dan gilanya lagi tidak dapat memulihkan password dika",negative,anger,0.98
71,Adelia Kristina,"kenapa sekarang kalo repost postingan ke story di android tidak bisa menggunakan background ? sudah coba cara biasa tapi ada tulisan ""stiker",neutral,anticipation,0.81
72,Tamaro Mora,"Tolong rekam aktivitas akun dengan lebih baik lagi, Aktivitas akun saya pernah tak terekam, dan itu membuat saya kesal. Dan juga tolong: •Ta",neutral,anticipation,0.97
73,Hasna Fauziyyah,"kenapa si kalo mau bikin story selalu ada KESALAHAN, sering bgtttttt kaya gitu, bikin emosi aja, buat nyimpen foto pun sama, ig nambah buruk",negative,anger,0.906
74,Irham Fahrezi,"Udah semingguan lebih instagram saya error, ga bisa liat gambar, cuma loading aja di gambar ga sama sekali muncul. Padahal buka aplikasi lai",negative,anger,0.746
75,Muhammad Bintang Pratama,"Semakin kesini semakin kesana nih aplikasi, terlalu eror dan banyak sekali bug. Akun saya tidak bisa lihat story, loading lama, kalau mau bu",negative,anger,0.826
76,Rbi Atl,"sebenarnya aplikasinya oke oke aja,cuman kenapa saat mau ganti sampul sorotan loading terus padahal sinyal bagus,dicoba lagi tetap juga load",positive,anticipation,0.89
77,Adi Hanif,Menggunakan Samsung note 10 plus. 2 postingan foto denagn audio musik tiba-tiba hilang audio nya padahal judul musik dan penyanyinya tertuli,negative,anger,0.826
78,lynfa,tampilan musik di profil terkadang hilang. Di 1 akun ada di akun lain tidak ada. Tolong di perbaiki. Sampai sekarang terkadang ada tampilan ,neutral,anticipation,0.89
79,Fredick,"Bug aneh, sistem instagram makin update makin aneh, setiap hari pasti kena penangguhan tapi gatau apa masalahnya, tiap hari harus sabar dan ",negative,anger,0.826
80,Ahmad Fauzian,"setelah update malah jadi eror, saat mengirim pesan, pesan yang saya kirim tidak terkirim, padahal tidak ada masalah sebelum update, wifi ya",neutral,anticipation,0.73
81,Agung Maha,"Hp autolock 1 menit jika tidak digunakan. Ini lagi asik nonton postingan yg durasinya lebih dari 1 menit, tiba2 layar mati (ngikutin autoloc",neutral,joy,0.73
82,Ni Komang Triana Febriyanti,"Akhir-akhir ini update instagram jelek dan tidak merata. Aku punya 4 akun, dan yang paling kena update biasanya cuma akun paling pertama yan",neutral,anticipation,0.97
83,XI-7 Eliza Annaasya,"Lagu-lagu yang harusnya ada malah gak ada, susah nyarinya, pas dicari masih ada lagu-lagu yang kurang relevan dengan yang dicari. Fitur-fitu",neutral,anticipation,0.73
84,Gully Gallerie,"Jelek banget makin kesini makin ga banget, akun aku udah 3x kena ditangguhkan, pertama ditangguhkan dimintai vertifikasi lewat email dan no.",neutral,anger,0.73
85,Bimasari Sihotang,"Salah satu aplikasi media sosial favorit aku. Buat keseluruhan aplikasinya sudah baik. Tapi, kadang sudah melihat stories,atau lagu yang dip",positive,anticipation,0.89
86,Pengguna Google,"Tolong diperbaiki lagi... Ceritanya begini, aku mengirim reels ke temanku tapi reels yg terkirim itu tidak bisa dilihat oleh temanku dgn tul",neutral,anticipation,0.89
87,muh.sahrir ririn,"Apli ini bagus,kita bisa pake efek apapun,tapi kadang masih loading padahal masih punya paket kouta banyak masih bisa buka tt,wa dan lain la",positive,joy,0.85
88,Anatasia Maya,"Saya kasih bintang 5, tapi jangan hilangin arsip IG. Sayang banget kalau arsip IG ga ada. Saya yakin sekali, kalau Instagram membuat fitur s",positive,sadness,0.89
89,Syafa Ayska,"sebenarnya apk ig ini cukup baik.Keluhan saya adalah.., waktu saya meng upload video dengan kualitas yang cukup tinggi itu tidak bisa, ada t",positive,joy,0.77
90,Raline Syifa,"Aplikasi nya bagus, ada 1 yang sangat disayangkan yaitu saat post story, kenapa tidak bisa menggunakan ukuran foto/vdio menggunakan ukuran l",positive,joy,0.85
91,Andrerizky Maulana,"tolong untuk pihak Instagram, kenapa Instagram saya tidak bisa membagikan catatan cerita di video reels nya!!!! masa di akun teman saya bisa",neutral,anticipation,0.81
92,Ilham Mardiansyah,Setelah update terbaru instagram justru ngelag lebih lambat respon foto dan video susah muncul bukan karena masalah jaringan sinyal internet,negative,anger,0.826
93,CRESPO MANDALA SAPUTRA,"terkadang saya sering keluar sendiri dari instagram itu kenapa ya kak tolong di perbaiki makasih, sama knp sih klu mau upload story lama ben",neutral,anticipation,0.89
94,Rido,"Fitur untuk mengganti ""audio tidak tersedia"" dalam postingan yg sudah diposting hanya bisa untuk 1x mengganti padahal audio sering kali terh",negative,anger,0.746
95,Ms.DnoB.p,"Saya merasa senang karena instagram bisa memberi tontonan yang menghibur. Namun saya ada saran tolong di bagian ""aktifitas saya"" ditambahkan",positive,joy,0.93
96,Ria Desvitria Ningsih,"Kenapa ni tiba2 Instagram saya di tangguhkan seolah olah saya melakukan pelanggaran, saya manusia bukan robot, saya juga gak merasa melakuka",neutral,anger,0.81
97,Intan Yulia,"gabisa gabisa kenapa arsip story ilang separuh woy, itu kan moment terpenting dalam hidup, terus kenapa lagi foto yg ada musiknya, di arsip ",neutral,anticipation,0.73
98,Avitaaa,"Gabisa buat story video di ig. Tulisannya menunggu koneksi terus, pdhl udah log out log in bbrp kali, sampe matiin hp juga. Dan koneksi jari",positive,joy,0.85
99,2 - Rizky Fadhillah,"Tolong adakan fitur nonaktifkan reels instagram!! Jadi, nanti ada fitur settingan di instagram yang membuat kita bisa mengatur waktu produkt",neutral,anticipation,0.81
100,r,Akun² fanspage yang gua ikuti kenapa nggak muncul di beranda?? Gua refresh sampe kiamat pun tetap kagak muncul!! Udah gua cek satu² di setia,neutral,anger,0.73
101,isnanabila,"Tolong diperbaiki bagian membuat story, pada OS Android tidak bisa membuat background, Keterangan nya ""Stiker Interaktif tidak bisa ditutupi",neutral,anticipation,0.98
102,Saya Dary,"Edit di pc - teks hilang - edit deskripsi - ""Editan anda belum disimpan silahkan coba lagi nanti""- ulangi - sama aja - pulih. Akun gw dibisu",neutral,disgust,0.73
103,Mardian Saputra,"Ini sehari berapa kali update ya ? Yg di update apa si ? Kayanya ga nambah bagus ga ada perubahan juga malah makin mundur, juga tambahkan pe",positive,joy,0.85
104,Aisya Nabila,"Entah mengapa tiba-tiba aplikasi instagram saya gabisa terbuka, ketika masuk aplikasi langsung keluar kembali Sudah coba ilangin data ini it",negative,anger,0.826
105,Fitry 1030_,"Tolong caranya biar story saya yang baru di up di mnculkan di arsib‼️, itu kan g sengaja ketekan arsipkan smntra di story, nah dri situ mngh",neutral,anticipation,0.81
106,Bowo Laksono,"kenapa ini sering muncul pesan ajukan banding, padahal pagi bisa dibuka, malamnya malah tidak bisa, dan itu nyambung ke thread sampai minta ",neutral,anticipation,0.89
107,Athiyyah Salsabillah,"instagram makin lemot jaringan uda bagus tp slalu lag saat liat story dll sy kira internetny yg bermasalah, pas sy liat tiktok lancar² aj pa",positive,joy,0.85
108,Zeon By,sekarang makin bagus performanya tapi ada sedikit bug yaitu ketika siaran langsung bersama teman jadi blackscreen kadang gak keliatan itu aj,neutral,anger,0.73
109,Diki Iskandar,"Hello... Ada Bug yg sangat menggangu saat saya menggunakan Instagram, kenapa di fitur Reels saya tidak scroll konten² influence? Dan saat ma",negative,anticipation,0.89
110,Kafi Falahul bashirah,Tolong lah di perbaiki bug yang meresahkan ini setiap saya ini melihat reels ataupun yang lain nya di isntagram semua nya lemot tetapi sinya,neutral,anticipation,0.89
111,Farhan Agung,"T**k isi iklannya judol semua, padahal kaga pernah maen, browsing atau yang semacamnya. Udah di report, tidak tertarik dang lainnya masih te",neutral,anticipation,0.73
112,Perdiansyah,"Setelah update, buat reels sekarang jadi aneh. Lebih suka UI yang lama, karena membuat Reels yang ada teks otomatisnya jadi lebih gampang, k",positive,joy,0.85
113,Rinda A,"kenapa tidak bisa upload reels, stuck di 90% susah banget mau upload eror, untuk bagian cerita kalau yang berbentuk video stuck tidak bisa d",negative,anger,0.826
114,Angel Santa Ulina Sihombing,"Aplikasi nya gakk bagus saya kira hp saya yang ngelek ternyata emang aplikasi nya yang gak bagus, padahal saya udah apdet berapa kalii, masa",positive,joy,0.85
115,Oktavianti Oktavianti,"Ngga bisa buat story, kenapa ya kalok buat story pakek tata letak sama lagu pas mau di post kesalahan. Udah berulang kali loh kayak gini. Pl",neutral,anticipation,0.81
116,Fathiyanazwa 02,Sebel banget dari kemarin mau buka ig malah suruh login mulu. Giliran login malah ngga bisa nemuin akun. Tolong dong diperbaiki udah dari ke,neutral,anticipation,0.97
117,Ayodya Store,"Kenapa beberapa video di feed Instagram tidak bisa diputar lagi? Tidak ada tombol play nya dan bukan karena masa video kadaluarsa,padahal vi",neutral,anticipation,0.81
118,Fayyadh Rantisi,"Saya sangat senang menggunakan Instagram. Tetapi saya sangat kecewa. karena setelah akun saya diretas, saya tidak bisa memulihkan akunnya. S",neutral,anger,0.73
119,ganks bocil,"dari segi manapun apk nya bagus' aja guys, tapi ada sisi lain yg harus di update yaitu fitur buat ganti music postingan yg udah di upload, s",positive,joy,0.85
120,Masin Ucok,"Makin jelek aplikasinya, kalo ngeliat arsip story muter"" doang padahal jaringan wifi bagus pake data udah tapi sama aja muter"" doang, tolong",positive,joy,0.85
121,Dinda Marpaung,"Instagram sebaiknya tetap mempertahankan fitur Archive Story, karena fitur ini sangat berguna untuk menyimpan kenangan dan momen berharga ta",neutral,trust,0.81
122,Shyella Lolowang,Kenapa akun saya tiba-tiba ditangguhkan ya?? Tanpa alasan yg jelas pdhl tidak melakukan pelanggaran loh terus loadingnya lama bngt udh kirim,neutral,surprise,0.81
123,Anggara rifky Saputra,"Untuk semua fitur sudah bagus tetapi satu menurut saya yg harus di tambahin ,min tolong untuk music di tambahin lagi waktu nya jangan cuman ",positive,joy,0.85
124,Matt Talamati,"Mengapa lagu di instagram hanya sedikit? Setengah lagu ada yang hilang , pas dicari gak dapat dapat , padahal instagram yang lalu semua musi",neutral,anticipation,0.81
125,Game Account,"Aplikasinya makin lama makin buruk penuh bug, saya upload video sampe 3 jam gak selesai selesai padahal sinyal lancar, trus video yang sehar",negative,anger,0.906
126,kind person,"Tim instagram gk Becus, udh saya laporkan masalah akun karena sering bug untuk opsi memunculkan lagu sering hilang tapi gak ada tindakan apa",negative,anger,0.826
127,Faizah Ratu Zalni,"Jelek banget update an nya, plis pas mau bikin story jadi ga enak. Tolong ganti ke yang lama aj, font nya pada berubah juga males bgt. Trus ",neutral,anticipation,0.81
128,Refrina Matratilova,"Sebelumnya masih bisa untuk download foto dari yang di edit insta story, sekarang engga samsek 😬 jadi harus di ss dulu 😔 padahal dulu ngga g",neutral,anticipation,0.89
129,Sifa,"Setiap post feed yg lebih dari 10 selalu kedip2 fotonya dan tidak ter up, hanya bisa post feed lebih dari 10 jika tanpa menggunakan lagu.",neutral,anticipation,0.73
130,Billy Darmawan Lie,"Scrool dr atas kebawah atau sebaliknya tidak seperti biasanya,,ini terjadi setelah update yg terbaru Melihat foto slide ke 2 dan selanjutnya",neutral,anticipation,0.89
131,Nicholas Hia,"tolong kepada pihak ig untuk memperbaiki bug fc ( keluar sendiri ) karena dalam update sekarang ini, saya mengalami banyak sekali bug teruta",neutral,anticipation,0.89
132,Ryze9,"Kemungkinan banyak yang mengeluhkan persoalan ini, tolong untuk fitur lagu di post agar ditambahkan mengubah/menghapus lagu, saya harap tang",neutral,anticipation,0.89
133,Hilma Putri,"Fitur font awalnya sudah ada. Tiba2 hilang setelah bbrpa hari, bahkan bbrp fitur batu nggk masuk padahal sudah update ke versi terbaru, mana",neutral,sadness,0.73
134,Ega Tifani,"Aplikasi bagus, Tetapi saya mengalami kendala. Sore ini saya memposting foto di instagram tetapi setelah saya menambahkan lagu diposting say",positive,anticipation,0.89
135,Devia Pebriyanti,"Rating⭐8/10✨ Keunggulan: dari jaman dulu memang aplikasi ini sangat bagus, bisa melihat foto artis bahkan aktor, artis luar negeri bahkan sa",positive,joy,0.85
136,Rina Asih,App-nya bagus cuma pas mau nyimpen foto itu lama banget padahal dulu ga sampai selama itu terus pas keluar lalu masuk lagi kirain dah masuk ,positive,joy,0.85
137,Dead Shadow,"Tolong perbaiki lagi untuk sistem Videocall dan telpon nya ya, saya akan kasih bintang 5 jika itu diperbaiki, seperti video melambat,buram,a",neutral,anticipation,0.89
138,Hismi Apriliani,"pas awal awal bagus si, tapi kenapa MAKIN KESINI MAKIN LAG JIR? kaya mau buka dm lowding nya lamaaaa banget banget banget, mau buka ig lowdi",positive,joy,0.85
139,Ari Prabowo,"Posting snapgram grid fotonya selalu vertikal, setiap kali mau buat postingan foto tiba-tiba efek fotonya berubah. Aplikasi kadang saya upda",neutral,surprise,0.73
140,Alitsky,"Ada masalah yg saya temukan, Lagi. Dimana video yang saya simpan dalam bentuk reels tidak ada di bagian ""reels"" dalam tersimpan di bagian ""s",neutral,anticipation,0.89
141,Alifah Salma,"Maaf saya beri bintang 1.karena saya cukup kecewa dgn sistem instagramnya yg skrng. Keluhan saya ialah, kerena tdk bisa membuka reels dan fo",neutral,anticipation,0.81
142,Tiara Airafaras,Perasaan dulu bisa up banyak gambar dalam satu postingan. Kenapa ini gak? Harus dibikin draft dulu baru bisa di upload. Idih bikin gregetan ,neutral,anger,0.73
143,Syahrizal Mahesa,"Kalo mau buka filter Ig suka bug teruss gabisa ngedit foto yg ada d galeri , selalu muncul foto"" yg langsung d IG nya maap kasih bintang 1 s",neutral,anger,0.73
144,lusi susilawati,"Makin parah aja ,akun lama kena suspend padahal gak ngapangapain banding gak bisa ga dikirim kirim kodenya, bikin akun baru lihat foto sendi",neutral,anger,0.73
145,Darusman Kantan,"kenapa saya memberi bintang 1,karena akun saya selalu ada masalah seperti follower menurun tiap waktu hingga follower saya mencapai angka 0,",neutral,anticipation,0.97
146,Naufal Abid,"Saya suka namun, sering kali dalam penggunaan saya terjadi bug seperti tidak berfungsi nya siaran langsung, tag story, dan saya sudah lapora",neutral,anger,0.73
147,Xiaomi Ind,"Sound musik di catatan & story ga tersedia lagi secara tb², bertuliskan ""Lagu yang Anda pilih mungkin tidak tersedia di semua negara"". Tolon",neutral,anticipation,0.81
148,Dian,"Kasing bintang 1 soalnya pas mau buat akub baru kok gk bisa yah? Selalu muncul tulisan""terjadi kesalahan jaringan yang tidak di ketahui""pdhl",positive,joy,0.85
149,Rizki Maulana,"Akun saya dinonaktifkan dengan keterangan pelanggaran pedoman, padahal saya tidak berbuat aneh"" di ig dan jarang menggunakannya, ketika aju ",negative,anger,0.826
150,manda,"fitur pada cutouts tidak berjalan dengan baik, saat ingin digunakan tidak dapat memotong dengan baik sehingga tidak bisa menjadi stiker, seh",positive,joy,0.85
151,keysha,"apknya bagus, dan memiliki banyak filter. tapi tolong diperbaiki bug story nya, saya up story tapi tertulis 'cerita ini tidak tersedia' saat",neutral,anticipation,0.97
152,Nita Candra,"Bagus, cuman postingan saya tiba tiba hilang lagu nya & saat diganti tetap hilang dan tidak bisa diganti lagi. Saya juga tidak bisa mendenga",positive,joy,0.85
153,Ravina Army,"Akhir² ini apk ini aneh, ngk sebagus dulu Arsip video ngk bisa di putar, dan beberapa tidak terlihat padahal ngk di hpus permanen Tolong lah",neutral,anticipation,0.81
154,Hukaimatul Haq Lukman AIMA,"bro, apk nya keren tpi jgn hapus arsip ya. Kenangan gue bykk disituu minnn, nnti nyimpen kenangan dimana lagiii huhuhuhuhu. Oh ya 1 lagi, ud",positive,joy,0.85
155,Ricelle Novfraensta,Mohon mudahkan dalam pemulihan akun instagram yang lupa password serta email dan nomor telepon sudah tidak aktif dipermudahkan. Dengan mengi,neutral,anticipation,0.81
156,Ahmad Husaeni,Bagus akan tetapi berikan prioritas khusus atau fitur khusus untuk disabilitas Saya rasa apa yang terjadi pihak center Instagram pun juga me,positive,joy,0.85
157,Aisya Aulia,"hanya bintang 1?? mengapaa?? tentunya karena terlalu banyak bug sehingga saya tidak dapat login, masalahnya saya akan mengikuti suatu kegiat",negative,anger,0.826
158,Rukma inna,"halo developer, aplikasi ig ku fitur komen storynya blm ada, dan fitur template yg lagi trend bagian story jg blm bisa :( kenapa yah apk ins",positive,joy,0.85
159,Fajar Ramadhan,Kok bisa Main account sama Second account saya beda versinya. Di Second account saya bisa menambahkan komentar di Stories orang dan saat men,neutral,anticipation,0.73
160,Aziz Rifai,Setelah diupdate malah leletnya ampun2an.. padahal aplikasi lain berjalan lancar. Ini buat buka video sama foto hampir setahun baru bisa dib,neutral,anticipation,0.73
161,Icha Melisa,Semakin di update semakin meresahkan masa udah di setting tetap ga ada perubahan nya sih kesel banget tiap update beda² kesalahannya bukanny,positive,joy,0.93
162,Ervin Hermawan,"tolong dong. kenapa dengan Instagram ku!! lag parah sinyalnya muter muter doang. paket banyak sinyal bagus untuk yang lain, cuman untuk Inst",positive,anticipation,0.89
163,Ayyub Nurdin,"Kenapa postingan video saya sebagian di freeze/tidak bisa diputar dan menjadi gambar. Tolong disediakan fitur mengganti musik di postingan, ",neutral,anticipation,0.81
164,Dwi Rahmadani,"Ig tolong fitur draf nya lebih di optimalkan, supaya foto video yg disimpan di draf tidak hilang jika menghapus data/menguninstal aplikasi i",neutral,anticipation,0.89
165,Zenkaizx,"Instagram tolong di balikan fitur seperti dulu kan kita sudah simpan lagu favorit kita, tolong kalo mau post ke story fitur musik ""disimpan ",positive,joy,0.85
166,DeniFarid,Tidak dapat mengganti musik yang sudah di sematkan di profil. Tidak dapat melihat atau mengganti musik yang ada di profil sendiri. Pengatura,neutral,sadness,0.73
167,Ceng Harom,"setelah update kok kenapa ya setiap ngirim pesan malah muter terus kemaren"" gapernah kayak gitu tolong dong instagram kenapa malah jadi aneh",negative,anger,0.826
168,Aly Furqaan Abdurrafi,Saran saya untuk instagram kedepannya adalah lebih mendengarkan pengguna khususnya kreator dan pebisnis yang memulai usahanya di platform in,neutral,anticipation,0.73
169,Ela Champion,"Kenapa sekarang sorotan tidak bisa di simpan, fitur musik juga hilang dati feed, tolong diperbaiki ya.. Kalau masalah nya belum di update.. ",neutral,anticipation,0.89
170,Firman Kasim,Saya beri bintang tiga 3️⃣ karena fitur dalam aplikasi ini kurang fitur yang kurang dalam aplikasi instagram seperti menyembunyikan daftar m,neutral,anticipation,0.73
171,13 Kalviyan Ixc,"Ini kenapa belakangan ini kayak lag memuat trus, postingan nya susah muncul nya/ tidak kelihatan? Padahal sinyal lancar full, kuota banyak, ",positive,joy,0.85
172,REG_24_Nor Khosiah,"Kenapa ya pas saya liat postingan teman saya kok nggak ada lagunya padahal waktu pertama kali itu ada, sekarang kok gaada suaranya Terus ter",neutral,anticipation,0.89
173,Nadilla Cahyati,"aplikasinya bagus, karna ada reels juga jadi ga perlu aplikasi sebelah, tapi saya sangat kecewa igtv tidak ada, sekarang malah kaya liat vid",positive,joy,0.85
174,Tio Gypsum (Topan Adistiono),Ingin menggunakan apk tersebut dengan mudah di pahami dan tidak lelet dalam pemutaran vidio dalam aplikasi tersebut...mohon untuk memberikan,neutral,anticipation,0.81
175,Ega Ainayah,"Makin aneh deh, masa tiap habis di upgrade aja kendala nya. Susah login lah, reels ilang lah. Kenapa si instagram. Skrg ada masalah baru 202",neutral,anger,0.81
176,William Sigalemba,"tolong meta jawab, ini dari kemarin ig saya tidak bisa upload story, saya sudah coba segala cara mulai dari restart hp, hapus data, hapus ch",positive,joy,0.85
177,Amar Gumilar,"Ini knp setelah di update profil nya berubah di tambah keterangan pengikut,mengikuti,dan postingannya berubah jadi agak ngebug,jelek. Tolong",neutral,anticipation,0.89
178,Ricky Christino,"Setiap kali telat update aplikasi jadi sering ngeloading padahal kuota masih banyak penyimpanan juga aman, dan buka aplikasi lain juga ga pe",neutral,trust,0.73
179,Ikrar Putra Nusa Bhakti-2023,"tolong instagram perbaiki bug force close saat membuka feeds, setelah update patch terbaru ini terdapat bug tersebut. tidak semua akun menda",negative,anger,0.906
180,christine,ini kok story-story yg lama jd hilang ya dibikin? trus story yg lama juga kualitasnya ga hd lagi malah blur. makin lama kok makin ga jelas I,negative,anger,0.826
181,Fattan,"Bnyk bug nya, contoh pas dlm mode Gelap.. itu sering kali nge bug, smuanya mlah kek eror gitu trus jg tulisannya dll.. jg kg kliatan, APLI K",negative,anger,0.906
182,Ahmad Adib,"Entah kenapa fitur2 instagram tidak bekerja di hp saya. Contohnya saat repost reels, tidak bisa auto fullscreen padahal saya sudah tarik dgn",neutral,anticipation,0.73
183,devista,"Instagram knp sih??tolong lah bikin fitur yg berguna aja, pls jangan ilangin arsip story, itu penting bgt isi²nya kenangan semua, sengaja bi",neutral,anticipation,0.81
184,Sinta Ayu Novianti,"aplikasinya sekarang ngebug parah, story tidak bisa dilihat, tidak bisa direfresh, arsip hilang. tolong perbaiki bug nya secepatnya karena j",negative,anger,0.906
185,Darren Lengkong,"Boleh lah, fitur² nya makin bagus dan kreatif. semakin banyak cara untuk mengekspresikan diri, seperti fitur catatan yang lumayan unik saya ",positive,joy,0.85
186,Ajeng Sulthonah Al-Adawiyah,"Setelah di upgrade Instagram sekarang kurang enak untuk dipakai karena notifikasi nya ngak bisa dihapus muncul pesan "" gagal menghapus notif",neutral,anticipation,0.97
187,Amelia Nurselma,"fitur banyak yang sudah update dan keren, terutama fitur arsip sangat fungsional untuk menyimpan kenangan. MOHON JANGAN HAPUS FITUR ARSIP. c",positive,joy,0.85
188,Ribka Sinaga,"Makin kesini makin kesana story orang kadang ga bisa dibuka, dan bilang nya ""cerita ini sudah dihapus"" padahal belum . Kolom komentar juga k",negative,anticipation,0.81
189,Yahya Bahtiar,"Tolong kenapa ketika ingin ngeposting postingan tidak bisa di bagikan, padahal update sudah, paket internet ada dan sinyalpun lancaf tapi ma",negative,anticipation,0.89
190,caa,"aplikasinya bgs, tpi bugnya malah makin makin. pas diakun pertama sama kedua, gak ada pilihan musik buat ditaruh di profil. eh pas aku bikin",neutral,anticipation,0.89
191,Aisyah Andini,"Kamera ig di hp saya tidak bisa digunakan saat ingin digunakan hanya hitam tidak terlihat gambarnya pdhl wifi lancar, sudah coba uninstall b",neutral,anticipation,0.81
192,Wahyu Setya,"tolong untuk pihak instagram dimohon bantuannya terkait kendala yang saya alami akhir akhir ini, kendala saya adalah ketika mau upload foto,",positive,anticipation,0.97
193,eliza russida,Semoga nanti ada fitur untuk menambah lagu pada foto lama. Harapan besar ku masih sama seperti sebelumnya semoga fitur hapus foto bisa digun,neutral,anticipation,0.89
194,Bie Sabiand,"banyak sekali bug sekarang, seperti status yg sudah dilihat tapi lingkarannya masih menyala, terus untuk konten berlangganan susah sekali ma",negative,anger,0.826
195,Marito Sawitri Delila Simanjuntak,"banyak bug. repost igs orang tapi gada sound dan gabisa nambahin sound manual. but, thanks atas fitur-fitur Instagram yang sangat membantu. ",positive,joy,0.77
196,Pelly Pew,"sering terjadi banyak bug, seperti tak bisa memfollow dgn notif 'permintaan anda tertunda' dan juga sering kali ada bug di bagian story, jik",negative,anger,0.826
197,Mila Hidayah,"Aplikasi gak berguna, sering ngeblak , sering ngebug juga, sering keluar sendiri , sering membatasi komentar, story ,reels , beranda juga. D",neutral,anger,0.81
198,Me,Video reels yang disimpan d arsip tiba tiba audio reels tersebut hilang padahal itu audio original. Yang aku permasalahkan itu voice overnya,negative,anger,0.826
199,Lim Danyang,"uda 3hari instagram ku bolak balik log out sendiri. uda login tiba tiba bisa log out sendiri.. uda bertahun tahun pake di reno 1 hp, g perna",neutral,anticipation,0.73
200,Mickey Alvino,"Instagram sering force close, dan opsi pilihan saat menambahkan lagu di story gram tidak muncul, contoh : lyrics dan logo/cover music tidak ",neutral,anticipation,0.73
201,kales monika,"Ngelag banget udah 5hr ga bisa buka ig loading terus, pdhl jaringan lancar,tp tidak dapat memuat berita terus.. makin di-update makin jelek ",neutral,anger,0.81
202,Razaky Pradithya,"Kebijakan gajelas akun gw gapernah dibuat yang aneh aneh malah ke banned ga lucu sama sekali,bukan masalah follower atau apapun,kenangan nya",neutral,anger,0.73
203,Yutt,"aplikasi sosial media terbaik 👍💯, tapi minus nya di satu akun fitur sudah terupdate tpi di akun yang lain ada beberapa fitur baru yg belum t",neutral,joy,0.73
204,Matheo Derryl,Karena akun saya yang lama tiba-tiba terhapus. Dan tidak diketahui penyebabnya apa. Setelah saya mencoba untuk mendapatkan kembali akun lama,neutral,anticipation,0.81
205,DION FELIX AGUSVITO GULTOM DION GULTOM,"Woi, kenapa kalian gak perbaiki server kalian ha?, kenapa gak turunin megabike ya, jadi 1,10 KB saja. Pokoknya aku gak mau tahu, cepat perba",neutral,anticipation,0.81
206,Akame,"Di handphone sya ini tidak bisa di buka, bahkan selesai download pun ketika sya buka langsung keluar sendiri, ntar itu bug atau memng hp sy ",negative,anger,0.826
207,Zaireen Syarah,"makin kesini instagram makin bnya erornya, mau liat postingan orng yg paling bawah loadingnya lama bgt, buka story jg lama bgt pdhl sinyal a",neutral,anticipation,0.89
208,Tommy,"Aplikasinya bermanfaat, ada hiburannnya, bisa mengisi waktu senggang saya, kekurangannya tidak bisa mencari foto dan video yang telah di sim",neutral,anticipation,0.73
209,Biondy Satya,"Saya selalu update Instagram, tapi saya tidak tahu fitur apa saja yg baru, entah karena saya tidak sadar mungkin, tapi makin ke sini perubah",neutral,anticipation,0.73
210,Raihan Muzakky,"Tolong admin Kenap pas saya pencet fitur arsipkan dari story Instagram malah gak bisa di balikin ke story lagi , padahal story nya baru 2 ja",neutral,anticipation,0.89
211,Sepdita Aulina,"udah berapa minggu ini ig saya nge bug buka foto bge freeze, reels loading terus, buka story gabisa. padahal internet lancar dan buka aplika",neutral,anticipation,0.97
212,Intan Mbak,"Instagram ini memang bagus namun ada beberapa hal yg membuat sya sedikit kecewa😞... (1) bug/keluar² sendiri,saat saya ingin masuk di instagr",negative,anger,0.906
213,Esther Batee,"Hi, Instagram! Saya pengguna Instagram sejak lama, dan jujur saya sangat menyukai semua fitur-fitur yang ada di Instagram. Tapi setelah tau ",neutral,joy,0.73
214,Tanjung Belitung,"Maaf ya kasih bintang 1 dlu , soalnya apk nya setelah diupdate jd error , jd lelet lambat gatau kenapa , padahal kalo buka apk2 lain lancar2",negative,anger,0.746
215,Sella Tri Wasesa (Encella Sutrisno),Kenapa arsip cerita video di bawah tahun 2022 berubah jadi foto. Kalau memang ada perubahan dan pembaruan kenapa tidak ada pemberitahuan seb,neutral,sadness,0.81
216,Fikrii Dwi Pranata,"Fitur feedback di Instragram sangat tidak berguna, sudah berkali-kali saya melakukan feedback dikarena ada fitur yang ilang di salah satu ak",neutral,anticipation,0.81
217,Umik 123,"tolong perhatiannya,kami sebagai user instagram merasa bahwa fitur archive sangat berguna untuk menyimpan kenangan vidio/foto yang memang se",neutral,anticipation,0.89
218,Desi Nilam,Mau upload foto banyak malah hasilnya crop gbsa di full in. Ini aku aja apa kalian juga gengs ? Sedangkan yg mau di upload foto yang horizon,neutral,anger,0.73
219,Lisna Kurnia Rachma,"Instagram ini kenapa akun saya tidak bisa dibuka ya, awalnya di suruh detek foto tapi gak berfungsi dan layarnya jadi hitam, tersus ada tuli",positive,joy,0.77
220,QWERTY TEAM,"Setelah update ke versi terbaru, instagram jadi error. Tidak bisa mengikuti orang lain dengan alasan ” beberapa akun meninjau secara manual ",negative,anger,0.826
221,Nayla Maurien,kenapa ya sekarang ga bisa masuk lewat Facebook lagi? padahal semua akun saya lewat Facebook semua sedangkan ig dan Facebook udah jadi satu ,neutral,anticipation,0.73
222,Nabila Umar,aplikasi nya bagus tapi kenapa kalau mau ngirim story itu lama banget padahal jaringan stabil terus selalu masuk notif menggugah story padah,positive,joy,0.85
223,Cindy Cynthia Devi,haloo Instagram setelah update yang terbaru : 1.kenapa sekarang banyak arsip story yang tidak muncul padahal kalau dihidupkan simpan ke arsi,neutral,anticipation,0.97
224,Kheista Cahaya Katresna,"Instagram ini sangat-sangat membantu. Namun yang saya sayangkan itu katanya instagram akan menghapus fitur arsip story, setelah saya cari ta",positive,love,0.794
225,Jennifer Sonia,Jangan hilangkan fitur archive story & postingan karena itu satu satunya cara untuk menciptakan memori tentang hidup untuk dikenang di kemud,positive,joy,0.85
226,Lathifah F. Nabilah,"Paket gua banyak, gua buka sosmed yg lain pun lancar. Tapi sudah seminggu ini semenjak habis di update versi terbaru, malah ig gua gk bisa l",neutral,anger,0.73
227,uri sunshine,dear instagram. do you understand indonesian language? oh yes ofc. kenapa kalo bikin story suka gak kekirim dan katanya eror? padahal memori,positive,joy,0.93
228,Serly Dhy,kenapa siii Instagram terus berhenti terusss error tiba tiba akunku semuanya ke log out sendiri mau di login lagi ngga bisa setelah bikin ak,negative,anticipation,0.81
229,Cicak Nakal,"Bug menjengkelkan, tiap liat postingan foto orang fotonya malah kedip kedip di bagian fotonya, ini sangat mengganggu, awalnya gua kira hp gu",negative,anger,0.98
230,8B Dara Amiaty,Dengan menggunakan instagram ada dampak positif dan negatif nya dampak positifnya kita bisa memposting foto/video yang bermanfaat dan bisa m,neutral,anticipation,0.73
231,Suci Febriyanti,kenapaa banyak arsipan foto dan video saya yang kehapus. Tolong pihak instagram lebih bisa menimang² mana fitur yang sebaiknya di hapus mana,negative,anger,0.826
232,Bramantiyo Wildan,"makin aneh, makin banyak bug!!!. opload story lama, kadang error gak jelas, posting beberapa foto di satu feed pas ngedit error, permasalaha",negative,anger,0.826
233,Rainka Shikinari,"Kok bisa akun login di device lain, tanpa konfirmasi ke email utama. Habis itu notifnya muncul pas email akunnya dh diganti, mau ngamanin ak",positive,joy,0.77
234,Helna Paranta,"Instagram in sngt burik, pesan yang saya krm kepada teman sy lama terkirim, mohon di perbaiki, klo sudah di perbaiki jangan kan bintang 5 sa",neutral,anticipation,0.89
235,Akamaru Tachibana,"Bagus, tapii..Suka banget ada kendala, trus juga notifikasi pesan nya suka nge lag, susah masuk nya, tolong di benerin ya, terimakasih Satu ",positive,joy,0.93
236,Rachel Sinaga,kenapa foto dan video yang di up ke story lama lama kehapus semua!!!!! Tolong perbaiki hal ini dan kenapa kualitas foto tau video yang di up,neutral,anticipation,0.89
237,Nova Ferdianto,"Instagram memanjakan mata para penggunanya dengan menampilkan foto atau gambar yang enak dipandang. Sebelum foto diunggah, kamu bisa mengedi",neutral,anticipation,0.73
238,Adrian Fakhri,"Aplikasi eror udahh berapa Minggu loading g jelas, liat foto, video, story, loading semua, padahal jaringan full, buka aplikasi lain aja lan",neutral,anticipation,0.81
239,Ryuji Mamoru,Kok notifikasi Instagram lambat yang harusnya sehari yang lalu malah munculnya semenit yang lalu gara-gara ginian saya terlalu terlambat kal,negative,anger,0.746
240,Pranata Satyadharma,"Tolong perbaiki bug yang ada di handphone saya, karena halaman beranda ig bergeser dengan sendirinya dari kanan kiri, sampai-sampai hampir t",negative,anger,0.906
241,Nunung Khotimah,"Gimana si fitur menambahkan media udah di nonaktifkan tapi tampilannya ga berubah kaya awal lagi, feed nya jadi jelek rusak, bikin fitur yan",negative,anger,0.906
242,Anonim Channel177,Tiap saya mengunggah video durasi yang panjang nya 10 menit pasti macet terus. Kuota jadi kebuang sia sia gara gara memuat unggahan macet ya,negative,anger,0.906
243,Nauraqurota ayunin20,makin update makin ga jelas udh ngabis'in memori kadang suka lag sendiri klau mau buat story (terjadi kesalahan) padahal jaringan aman' oke',positive,joy,0.85
244,Ra Dinaa,"Makin kesini,makin banyak updet. Instagram jdi agak ngelag,tiba2 keluar lah,Tiba2 diam lah... TOLONG DI PERBAIKII LAGII!!! Kalau sdh di perb",neutral,anticipation,0.89
245,Hanako,"Sebenernya dah bagus, cuma gw mau minta tolong buat tambahin durasi reelsnya yg dari 3 menit ke 5 menit aja bisa ga si, soaalnya gw kadang s",positive,joy,0.93
246,Sayangku22 Duadua,"Nge download video di ig musiknya ilang anjir pdhl musik plus kata kata nya udh pas tapi ahh sudah lah, kalo sekedar kata kata mah download ",positive,joy,0.85
247,Samsung A03,"Kok semakin diupdate makin banyak bugnya ya??, saya mau bikin akun kedua, kok langsung jadi/ ga pake bikin sandi dulu?, kan jadi gk bisa log",negative,anticipation,0.89
248,Spike Crow,tolonglah bug lagu dari notes di fix masa yang harusnya 30dtk malah jadi denger full lagunya mana ga bisa di matiin walaupun udah di hapus d,negative,anger,0.826
249,naynael frvror,"pls biarin manusya intopert inieh memiliki akun ig, msa cm karna akun saya ga direkomendasi ke temen-temen yg lain hrs di tangguhkan sii? kn",neutral,anticipation,0.89
250,FORENSIUS JUNIANTO JUNIANTO,Lelet suka loding lama walaupun sinyal bagus chat suka tidak bisa di lihat ada lgi bug ngk bisa hapus postingan. TOLONG DI OERBAIKI INI APLI,positive,joy,0.93
251,Lihat Aku,"The f, kenapa ig ikut ikutan blur pas bikin story pake music? Apa semua yang dinaungi meta bakal ampas dalam hal resolusi? Bro, wa status lu",neutral,anticipation,0.73
252,ERAIBITO SUROTO Putra,Optimalkan lagi biar lebih mudah penggunaan terutama ketika sudah meng-upload postingan untuk bisa diedit lagi fotonya dan bisa menambahkan ,neutral,anticipation,0.73
253,Gaby Mareoli,Mohon maaf saya kasih bintang 4 alasannya akun ig saya tiba-tiba kembali login atau kayak meminta kode konfirmasi *pas saya buka Instagram l,positive,anticipation,0.89
254,Rey,"Taikkkkk! Saya tidak bisa masuk Instagram saya, sudah 3 hari namun tidak ada informasi atau opsi yang berubah saat melakukan login Instagram",neutral,anticipation,0.73
255,Eriyansyah,"Tolong lah pihak Ig kenapa akun saya tiba"" ditangguhkan padahal gak ngapa""in udh hampir 3 hari gak bisa dibuka tolong lah, apa lagi pas mint",neutral,anticipation,0.97
256,Juna Aja,"Selama penggunaan masih bagus dan baik, cuma saran aja sih kalo boleh untuk penghapusan chat atau batal kirim di perbarui seperti telegram, ",positive,joy,0.85
257,Dwika Sari,"tolong dong, di update malah sering suka error udah berkali kali logout semua akun sendiri gitu terus, kenapa sih. tolong kualitas nya di ti",neutral,anticipation,0.89
258,Fathullah Fathullah,"Kenapa dengan Instagram sekarang, kemarin saya daftar akun baru selang 2 hari tiba² dapat notif pengajuan bandin dan sekarang akun Instagram",negative,anger,0.826
259,TARUNA OFFICIAL,"sebenarnya aku pertama kali memakai Instagram aku mencoba ingin seperti orang lain yang bisa menampilkan wajah terganteng, pokoknya Jangan m",neutral,anticipation,0.73
260,Han_ ryhnn,"Tolong pihak instagram, aplikasi nya sering terjadi eror, tiba tiba akun instagram keluar sendiri dan tidak dapat di login kembali meskipun ",neutral,anticipation,0.89
261,Iis Ermaya,"Iya kenapa ya akhir2 ini loading nya lama,,awal nya dikira Krn sinyal provider trus hape penuh,,tapi aplikasi lain baik2 aja,,sinyal bagus h",positive,joy,0.85
262,Samsul Bahri,"Sering terjadinya bug-bug, seperti tidak munculnya hasil like dan comennt dan berbagi selalu terjadi masalah.",negative,anger,0.826
263,Dini Amelia Putri,"baguss!!🤩 rekomendasi sii kalo orang"" yang suka foto"" download ajaa Instagram jelas+jernih koo tapi kadangg ngelag jugaa sii,tapi ga ngegang",positive,joy,0.98
264,Oji,"Tolong masih banyak bug seperti story yang sudah diarsipkan malah hilang, sangat mengganggu sekali. penyakit instagram sejak zaman dahulu ya",negative,anger,0.826
265,Elita Izza,"kenapa fitur fitur baru selalu ada di akun kedua dulu siii, nanti kalo udh bener kukasih bintang lima deh! EDITED : akunku ini udh tinggal a",neutral,anticipation,0.73
266,Rika Anggita574,"Helppp gimana caranya nge hapus musik di profil tapi fiturnya udah ilangggggg, di profil sendiri mah udah gaada tapi pas di cek sama akun or",neutral,anticipation,0.73
267,Neni Agustin,"Masih belajar, baru bisa ngasi efek lagu, belum bisa mengedit tulisan di gambar, mungkin bisa lebih dipermudah lagi untuk kami pemula",neutral,anticipation,0.73
268,Haliza Fiani Tastbita,"Akun penting saya keluar dengan sendirinya, setelah dilakukan pengecekan dan login kembali proses nya lebih ribet dan sulit. Jadi saya kesul",neutral,anticipation,0.73
269,16_Ida Bagus Made Sivarama Dasa,"Sangat dimohonkan, ketika login kembali diberikan fitur meminta bantuan kepada teman, sebelumnya login ke akun Instagram sangatlah mudah den",negative,anger,0.826
270,Nur Winda,"yang selalu up fitur Instagram tolong lah adain fitur notification kalo ada yang unfoll, cape saya harus nyari² kalo ada yang follow terus d",neutral,anticipation,0.81
271,Aditiya Adit,"Tolong buat pihak instagram, knp akun saya udh berapa bulan ini nga bisa live sama sekali, selalu ada notif, (belum memenuhi syarat, pdhl sa",neutral,anticipation,0.89
272,Elred Alfadion Brian,"Tolong ya instagram, aplikasinya dah bagus tapi masalahnya bugnya ada saat saya mengikuti akun. Pas dah tekan ikuti, eh mengikutinya malah j",neutral,anticipation,0.81
273,Afif Jauhar,"Mohon bantuannya , aplikasi memang bagus namun bisakah berikan informasi detail mengapa terjadi uji banding? Mohon berikan balasan yang sign",positive,joy,0.85
274,Nurhaliza,"Tolong fitur musik untuk di profil di perbaiki, soalnya pas liat profil fitur musiknya ga ada, tetapi ketika pakai akun lain di profil kita ",neutral,anticipation,0.89
275,Aurellia Najwa Munzir,"suka ngebug,satu akun udh update tapi akun yg lain ga, post foto yang sama di dua akun tapi akun satunya cmn foto lagunya gaada, yang lain u",positive,joy,0.85
276,Davie Akmallamdani,"makin hari makin gajelas, sinyal full tapi dipake ig lemot banget semua foto/video loading. dipake aplikasi lain aman aja, makin aneh 😹🫵🏻",neutral,anger,0.73
277,Lilista Milala,"Njirrr lah tiap mau buat story ig ga bisa selalu ada ketrangan ""kesalahan"" awal nya ku pikir hp ku yg salah tapi tiap di ulang ngi pun selal",neutral,anticipation,0.89
278,Azza Lidia,Tolong ya Instagram ini kenapa setiap kali saya ingin posting foto itu tidak ada captionnya. setiap saya posting pasti captionnya akan hilan,neutral,anticipation,0.81
279,Nasya Amanda putri,"ini kenapa yah ig nyaa,sya mau posting foto selalu gabisa muluu,bikin saya ga mood jdinyaa,susah banget klo mau posting selalu ada bacaan ""k",neutral,anger,0.73
280,Ita Asrifah,"Bagus banget, bener bener jadi aplikasi yang paling dibutuhin, buat scroll reel, posting story, fiturnya bagus banget",positive,joy,0.85
281,Lins Mobile,"Kenapa saya gk bisa live selalu Katanya begini:""akun anda belum memenuhi syarat "" Tolonglah perbaiki udah tiga bulan aku memakai apk ini tet",neutral,anticipation,0.89
282,Putri Rajuna,"please suka kesel karna fitur music yg di bio sering hilang hilang and gabisa dihapus kalo udah hilang jadinya aneh, tolong dong Instagram j",positive,joy,0.85
283,Andini Maulidiyah Rachma,"Sumpaaa marah banget sama ig, aku arsipin postingan feeds trus beberapa hari kemudian aku pulihkan. Ga langsung ada di feeds aku pikir loadi",negative,anger,0.826
284,Imas Susanty,Aplikasi ini juga sangat bermanfaat dan tidak terancam apapun dan tidak ada berbahaya nya. Tetapi ada satu hal yang paling inginkan saya. To,neutral,anticipation,0.81
285,rifki _armindho,tolong pihak Instagram mengapa Instagram saya tidak memenuhi syarat live sedangkan devices yang saya gunakan adalah devices terbaru dan sela,neutral,anticipation,0.81
286,Joshua wira Nataniel,"Bug mulu kaga dibener benerin. Sg temen gabisa diliat, harus diliat dati scnd account, semua postingan poto yang ada lagunya jadi reals, ig ",negative,anger,0.826
287,Iwan S,Saya sudah update bbrp x ttp ada bug dan loading lama.. Jgn kecewakan para pengguna bug nya di perbaiki.,negative,anger,0.906
288,Agus Sugianto,"Dalam menyiapkan akun profesional kreator saya tidak bisa melewati langkah ke 7 (PELAJARI TENTANG CARA BERIKLAN), sudah saya ikuti semua lan",neutral,trust,0.73
289,Muhammad Bryan Rich Jwern,"Kepada pihak Instagram, kenapa saya tidak bisa login ya, padahal username dan password sudah benar dan sudah saya cek ke beberapa ponsel lai",neutral,trust,0.81
290,Herkin Doni,Kenapa Instagram sekarang setiap ganti story pasti iklannya judol ya? Ini sangat sangat tidak wajar dan tidak dianjurkan dimohon untuk seger,neutral,anticipation,0.89
291,Rina Amelia,"ig aku kenapa kalau liat foto diakun org ga bisa di slide sampai akhir ya,max slide ke 4 udah ga bisa slide sampai akhir...tolong dong ini k",positive,joy,0.85
292,Savira Putriana,"tolong diperbaiki lagi,krna au punya 2 akun semuanya kembali dengan sendirinya,pas udah mau login malah nggak bisa masuk gitu trus,setelah b",neutral,anticipation,0.89
293,Moza Pransiska,"apaan banget ig sekarang, masa 3 akun temen saya hilang, kalo kayak gini ya rugi dong kita, udah nyimpen banyak kenangan di sana malah hilan",neutral,anticipation,0.98
294,Nadiyya,Yup bagus baaangeet sebagai gen z yang suka scroll2 ini aplikasi favoritku sih. Fitur2 barunya juga oke banget (Kembaliin fitur flipside pli,positive,joy,0.93
295,someone,"ayolahh instagram, kapan mau bener ini aplikasinya, masa fiturnya ga merata, di akun first malah yg gaada fitur baru, di akun lain ada, tolo",neutral,anticipation,0.97
296,Amanda Cinta,"Aplikasinya bagus, Tetapi mohon untuk pihak instagram akun saya yang dulu sudah ditangguhkan dan sekarang akun saya yang baru ditangguhkan l",positive,joy,0.85
297,Adarusman,"Ga tau kenapa akun saya tiba tiba ke baned, udah saya aku banding tapi pas pengiriman otp ke Gmail nya tidak ada yang masuk masuk, saya mint",neutral,anticipation,0.97
298,Mila 2024,Masa saya mau like video line foto ngefollow gk bisa tulisannya melindungi komunitas kami terus tolong dong pihak instagram diperbaiki punya,neutral,anticipation,0.97
299,Kim -,"Tambahin fitur privasi sorotan dong, walaupun akunnya udah private, tapi saya rasa perlu juga untuk menambahkan privasi sorotan atau menyemb",neutral,trust,0.73
300,Abay Darman,"sngt kecwa dengan pihak instagram,awal mula nya saya tidak ngapa ngapain lah kok akun sy dinonaktifkan tiba tiba,setelah itu sy mengajukan b",neutral,anticipation,0.81
301,Yanti Yanti,"Alhamdulillah sejauh ini sudah sangat bagus, tapi beberapa waktu lalu akun saya pernah ditangguhkan padahal ini real akun saya jadi semoga k",positive,joy,0.85
302,Melya Dita,ini Instagram lagi eror apa gimana? kenapa tiba' ig saya gabisa masuk dan malah di kasi kode uda di kasi kode trs malah minta vidio muka kit,neutral,disgust,0.73
303,AldiCP,Untuk fitur sebenernya udah bagus tapi di lebihin lagi untuk durasi lagunya kurang rasanya kalo cuman 15 detik,positive,joy,0.85
304,Philipp Newlinski,tidak bisa post reel katanya spam padahal tidak ada pelanggaran apapun. istagram terlalu baperan. dan algoritma AI nya rusak. yang bukan pel,negative,anger,0.826
305,Dinda Wulan,"Ini gimana sih udah di download tapi gak bisa daftar... Makaudnya itu tuh gimana, udah login pake akun yang lama tapi tetep gak bisa masuk k",neutral,sadness,0.73
306,winn 123,Sudah di update masih sama masalahnya. Direct message sudah dibaca tapi masih terdeteksi sebagai pesan yang belum dibaca. Perbaiki.,neutral,anticipation,0.81
307,Pengguna Google,"Knp habis diperbarui malah nge bug, koneksi internet 4G+ mlh di blg tidak ada koneksi internet. Buka medsos lain lancar aj. Tolong diperbaik",negative,anger,0.826
308,revi andrey,"sangat kecewa, kenapa akun saya di tangguhkan, padahal saya tidak pernah memposting seperti pelecahan/aktivitas seksual dan lainya, tolong p",negative,anger,0.826
309,Suci Marito,"instagram sekarang jelekkk g bagusss,masa iya dm an lama kehps otomatiss tau g sii instagram itu penting bangett moment,kenangannya ituuu lo",neutral,anger,0.73
310,tagor topsellgroup,Ketika saya install aplikasi Instagram di android dan iphone Masalah itu muncul ketika suara notifikasi dan suara music yang ada di handphon,neutral,anticipation,0.89
311,Mytha Novescor,"Sya kecewa. Followers sya naik turun secara drastis tanpa ada kejelasan,. Jumlah asli 1300an. Kadang kalau dibuka tbtb brubah 1000, di refre",negative,anger,0.826
312,プッシー,"saya mengalami tidak bisa login ,padahal sudah memasukan email dan nomor hp buat reset sandi. tetapi tidak bisa & tertulis "" maaf ada masala",negative,anticipation,0.89
313,Allisah M,"bagus sih, cuma pas orang komen dipost ku komennya ga muncul dipostku, pdhl di notif tuh ada, trs ak pencet komen lalu klik yg ""terbaru"" tuh",positive,joy,0.85
314,Echa Leiwakabessy,Tolong tambahkan fitur simpan untuk yg kalo mau di repost di snap wa atau sebagainya agar mereka unduh saja video/fotonya agar lebih memudah,neutral,anticipation,0.81
315,Ilham Nurdin,"saya sangat suka sama instagram,dan saya juga sangat suka foto dengan efek² di instagram,pliss supoort instagram ku🙏,kembalikan akun instagr",positive,joy,0.85
316,Icka Mey,"Sangat membantu untuk menaikkan penjualan kue saya,terimakasih sudah membantu umkm mempermudah memperkenalkan menu yg diiklankan🙏semoga sema",positive,joy,0.77
317,INDOKO TRAVEL,"kenapa ya tiba tiba ig keluar terus waktu masuk kaya di tangguhkan dan harus verifikasi gitu, eh sekarang malah gabisa dibuka akun akunnya k",neutral,anticipation,0.89
318,shanty novitasari,"abis update malah jdi ribet,ga bisa tag ,kl ngetik keyboard nya error,soalnya keyboard dipake diaplikasi lain aman.",negative,anger,0.746
319,Artyka Paramitha,"Maunya apasih instagram. Update udah coba instal ulang udah kenapa masih loading terus, buka apa apa gabisa ini kenapa medsos lain lancar la",neutral,anticipation,0.73
320,aisyah ramadhani,"padahal aplikasi nya baguss, tapi update terus aplikasi nya, kalo ga di update pasti aplikasi nya nge bug. Tolong di perbaiki lah jangan dik",negative,anger,0.826
321,tarahayu wulann,"Apa apaan,saya sudah menggunakan foto saya setengah wajah,tapi kenapa waktu pemeriksaan wajah dengan vidio,pihak tidak percaya,bagaimana say",neutral,trust,0.73
322,agung al bukhori,"Min saya masuk ke akun saya yg @dapzstoree_ ko ga bisa, malah gini, intagram terhenti, pas saya klik akun saya yg itu, gmn nih min, akun say",neutral,anticipation,0.81
323,Jelantik Wibisana,"Semua Instagram teman saya bisa memposting video dan foto + musik, tapi Instagram saya malah nggak bisa padahal sudah ke upgrade Instagram n",neutral,anticipation,0.73
324,dalbit99,"greget bgt asli, mau bikin akun baru aja susaahhhh, mau bikin akun baru biasanya masukin username asal2an dulu di awal baru nnti pas udh jad",negative,anger,0.826
325,Fahmi Jamhari,"Sekarang ig lemot sinyalnya lihat postingan lama banget fotonya apalagi reel coba ke apk lain youtube lancar aja, mohon perbaiki.",neutral,anticipation,0.89
326,Rio Cuk,Pas posting video sering ke ulang sountrack nya jadi ga enak banget sumpah pas di paus video sering masih ada sountrack yg masih bunyi,neutral,anticipation,0.73
327,Safira Leesdy,Tanda titik tiga disebelah nama akun suka tidak ada dan meski di refresh masih tetap bgtu harus yg berulang ulang kali tolong diperbaiki unt,positive,joy,0.85
328,Carrisa Putri,"setelah update jelek bug terus, mau posting foto atau story pasti (kesalahan) terus, berulang kali di post tpi tetap sama,tolong di tangani ",negative,anger,0.98
329,Khaliel Khanz,Di update makin buruk dan makin gak respect sama Instagram padahal dulu video call tampilan layarnya ok ok ajah. Lah sekarang malah besar ke,negative,anger,0.826
330,Reswyn,"Entah bug atau kenapa, tiap ngesave video kagak kesave lagi, tetiba ngirim pesan delay parah padahal make apk lain lancar aja..herannn",negative,anger,0.906
331,zieza pramudi Wk879,"instagram kenapa sih gabisa post foto lebih dari satu, terus gabisa nambahin lagu di profil padahal udah di update berkali kali tp tetep aja",negative,anger,0.906
332,Shandy Rizqi,"Aplikasi sosial media paling SAMPAH, mendingan gua nyari informasi di tiktok daripada di instagram. ALGORITMANYA GAK JELAS. Fyp reels gua is",negative,anger,0.826
333,jalis syarifah128,"Tolong dong ada fitur privasi status, jangan cuma teman dekat. soalnya kalo teman dekat ada tandanya hijau gitu. jadi, kalo bisa ada 3 pilih",neutral,anticipation,0.89
334,Sesa Agustin,"ini kenapa ig tuh makin kesini makin jelek kualitas gambarnya? padahal aku baru posting video bulan kmren trs aku masukin highlight, kok pas",neutral,anticipation,0.89
335,HK GAMER,Banyak BUG jir...Mulai Dari Opsi Musing yang bisa di tampilkan di Profil tiba tiba Hilang....Trus Padahal Jaringan udah bagus Dan Kenceng ma,neutral,anticipation,0.81
336,Felix Felix,sangat aneh Ig sekarang udah di update masih ajah ngeliat sg teman sama reels muter muter truss ngelag padahal jaringan data bagus tolong di,neutral,anticipation,0.89
337,Vioni Siti nurhadijah,TOLONG JANGAN HAPUS FITUR ARSIP. Balikin arsippp gueee helppp!!! Instagram lo the Best krna ada arsip di mata gue. Sebenarnya fitur lo udah ,neutral,anticipation,0.81
338,kezia michaelia,"aplikasinya makin buruk. kalau loading lama banget pdahal kuota lancar banget. kenapa si makin hri makin ngebug? kalau pas dibuka, itu juga ",negative,anger,0.906
339,DMochi Zythe,"bug pada profil, tolong perbaiki bug di akun saya, bug di bagian profil lagu itu tiba tiba hilang tapi waktu saya cek pake akun lain ada, ta",negative,anger,0.826
340,Si Ayem00,"permisi,,meta, saya tidak setuju kalo fitur arsip akan dihilangkan,kenapa?karna dengan adanya fitur arsip kita bisa melihat semua kenangan"" ",neutral,sadness,0.81
341,imelptrrr imelptrrr,"knpa ya story yg 2/3 hari sebelumnya tidak muncul di arsip, beneran uda ada fitur hapus arsip? aku kasi bintang 5 deh tapi plis jangan ada f",neutral,anticipation,0.73
342,Muhammad Syam,"Instagram?? Aplikasi sering nge-bug, Suka kesel saat liat sebuah postingan terus tiba² ngebug dan mau cari lagi susah. Tolong kasih fitur te",neutral,anticipation,0.81
343,Herna Fitriana,"Udh 2 hari ini dri tgl 19 sampe sekarang, error mulu apk ini, pas mau liat reels sama postingan foto muter mulu bahkan sampe gk ada gambar t",negative,trust,0.81
344,Vella Nisa,"jelek. pas gue dulu masih punya ig, gue logout karena isinya 18+ gajelas, padahal gue ga pernah nonton begituan, bahkan sampe ke Facebook se",negative,anger,0.906
345,Sts27,Ini kenapa sih ig saya kalau lihat reels/video ga jalan videonya. Suaranya doang yang jalan. Padahal pakai wifi. Gak pakai pun kayak gitu ju,neutral,anger,0.73
346,Soffi Putrisalsabila,Untuk fitur Ig nya bagus semua cuman sekarang ini Ig lagi banyak banyak nya iklan ya sedikit saran sih mending untuk apk kayak gini gak usah,positive,joy,0.85
347,NIndya Firmansyah,"Ini masalah yang saya dan temen saya alamin. Saat mau buat akun baru halamannya eror dan gabisa buat akun baru, saya juga gak bisa login. Pa",negative,anticipation,0.89
348,Fadilah Misbah,"Mohon maap ini, kenapa kalo liat story ada video yang bisa diputar ada juga yang engga cuma muncul suara doang. setelah di-update malah suka",positive,joy,0.85
349,Intan bengawan,"Banyak bug, gw blokir org kok masih bisa muncul. Pas gw cek daftar blokiran, malah tu akun GK ada di daftar blokiran. Cek hadduh makin di up",negative,anger,0.906
350,I Don't Know,"Abis diupdate malah makin ngeselin sumpah, reels sering sendat².. waktu bikin story saat musiknya diputar ulang tapi videonya tetap jalan te",neutral,anticipation,0.73
351,intan nestri wardhanny,Udah update ke versi paling baru tapi font di instastory ga update. Gimana sih? Hanya akun tertentu aja kah yg bisa menikmati fitur itu. Seb,neutral,anticipation,0.73
352,Agil C. Musadat [A.C.M],"Setelah di update Instagram sering tidak merespon & sistem android pun ikut tidak merespon, masih banyak bug menjadikan Instagram tidak berj",negative,anger,0.826
353,Tarman Ghe Ghe,Buat pihak Instagram tolong perbaiki lagi setelah update ngirim pesan lama banget sampe gk kekirim² harus keluar dulu truss masuk lagi baru ,neutral,anticipation,0.89
354,soraya kirani,"tolong instagram, sediakan upload foto bisa lebih dari 10 dan untuk lagu, detiknya ditambahin. Terimakasih🙏🏻",neutral,anticipation,0.81
355,Eky Rendika,Aplikasi ini kenapa semakin menyebalkan ya .. story gak bisa muncul musik .. udah d update padahal tp tetsp aja .. aampek tak uninstal downl,neutral,sadness,0.73
356,nunu.,"Aplikasi sosial terburuk yang pernah saya alami. Akun ditangguhkan, postingan tidak bisa disukai, tidak bisa follow banyak orang untuk menge",neutral,anger,0.73
357,thedauw Dauw,"Hari ini 6 :11:2024 akun Instagram saya di tangguhkan dari pihak Instagram ""saya tidak memposting hal hal melanggar peraturan Instagram ""sem",neutral,anticipation,0.73
358,Mutiara isfahtun,"ig tolong dong ini gua baru download tapi pas dibuka kembali sendiri ama ada tulisan ""Instagram terus berhenti"" gua udh cb cari tutor dan co",neutral,anticipation,0.89
359,Siti Alwaroh,"Instagram sangat bermanfaat untuk saya, tapi sayangnya sejak tadi malam tidak bisa saya buka, bahkan saya sudah laporkan masalah ini namun b",neutral,love,0.73
360,Gusty paramita,"tolong dibantu kak perbaiki ig nya.. ko ig saya seperti messenjer,di bagian chat ada akun lain "" ketuk untuk memulai obrolan"" sampe chat lam",negative,anger,0.826
361,Crow,"saya keluar aplikasi sebentar tanpa menghapus riwayat, tapi kenapa saat saya kembali malah merefresh otomatis, saya kehilangan post yang ing",neutral,sadness,0.81
362,Cut Amalia P.S,"Musik di rells kenapa selalu terberhenti terus, sinyalnya sangat stabil. Tolong diperbaiki lagi!!",neutral,anticipation,0.89
363,Aga Prawira,"Tidak ada notifikasi yang muncul ketika seseorang menyebut saya di kolom komentar, tolong perbaiki bug nya, meta kenapa sih gak ig gak Faceb",negative,anger,0.906
364,Raylan Fahzam Firdaus,"tolong perbaikan nya tentang reset password, ketika saya masuk ke lupa sandi, masukan nama pengguna saya, kenapa cuma ada tulisan MAAF COBA ",neutral,anticipation,0.89
365,Diana Dewi,"Makin kesini searchingnya makin ngawur, males bangeeet isi fypnya ga lagi relatable, malah konten2 g penting, ga berbobot, ga relate, ga ken",neutral,disgust,0.73
366,Hafdira Gank,"maaf untuk instagram akhir-akhir ini banyak sekali bug, saya mengalami bug tidak bisa kirim DM , tolong untuk pihak meta dan instagram agar ",negative,anger,0.826
367,Zacky Vaiqazola,"Fitur Live tidak bisa saya gunakan, padahal saya sudah memenuhi semua persyaratan komunitas instagram. Saya juga sudah beri laporan tapi bel",neutral,anticipation,0.89
368,Anisa Kumalasari,"terlalu banyak fitur yang tidak berguna, arsip story vidio malah ngefreeze mohon di kembalikan seperti semula, padahal tujuan up story biar ",neutral,anticipation,0.81
369,dian ramadhina,"menurut saya aplikasi instagram yang paling banyak peminat di banding apk lainnya, IG juga semakin lama semakin banyak fitur terbarunya, tap",neutral,sadness,0.81
370,Wanda YogiNoviana,Tolong jangan hapus fitur arsip pada Instagram. Fitur arsip itu penting karena banyak cerita-cerita yang telah dihapus tetapi kisahnya tetap,neutral,anticipation,0.81
371,Srinah Dewi,ada bug di bagian draf masa saya tadi simpan foto2 di dalam draf belum ada 7 hari udah kehapus kan ga masuk akal tolong dong diperbaiki bug ,negative,anticipation,0.89
372,cintakairaa 777,"saya tidak bisa fto ketika mau foto cuman hitam aja dan kalo mau posting story gambar nya jadi blur,sudah melaporkan ke pihak Ig malah tidak",negative,anger,0.826
373,Putri Maharani,"malah makin tambah jelek nih aplikasi fitur video callnya malah jadi kyk call di wa gitu, gak terbelah dua atas bawah kyk dulu skrg udh jele",negative,anger,0.906
374,rasya azzahraa,"Kamera di akun saya hitam atau tidak terdeteksi adanya objek yang akan diambil gambarnya entah bug atau apa, sudah berapa kali instal-pasang",neutral,anger,0.73
375,Diya Salsabila,"bingung sm ig stiap update sllu fitur barunya cm muncul di second account, sllu di akun utama ga muncul, kirain lama² bakal muncul ternyata ",neutral,surprise,0.73
376,Maulana Malik Al-fajar,"gk bisa masukin sound di profil ig utama, pdhl di akun second bisa, tolong diperbaiki agar lebih memberikan pengalaman yg baik terhadap saya",positive,anticipation,0.81
377,Kezia Febiola,"Instagram,kalau kata aku mending balik kayak dulu deh. Ini archieve jgn diubah dari video ke foto weii ,kenangan2ku ilang jdinya,padahal fit",positive,joy,0.77
378,Jihan,Saya merasa sangat terganggu dengan masalah yang terjadi pada akun Instagram pertama saya. Keterlambatan update fitur dan batasan dalam beri,neutral,trust,0.73
379,Bima Maddan Amrizal-11,"Tingkatin lagi durasi buat story ig, dan perbaiki pada saat mengupload story ig video, selalu terjadi kesalahan yg tidak jelas seperti (menu",neutral,anticipation,0.81
380,Wika Putri,"Aplikasi ini kenapa sih, akun aku tiba-tiba gak bisa dipake, Tiba-tiba ngilang, padahal disitu ada vidio penting buat masuk OSIS, mana vidio",neutral,anticipation,0.89
381,M Riski,"Sinyal bagus dipake ngegame, browsing, nonton youtube 4k pun lancar.. giliran buka ig, langsung sinyal jadi jelek.. buka story loading terus",neutral,anger,0.81
382,Alib Rizky Pratama,"bug yang paling ngeselin adalah ketika gw mau upload story berupa video selalu menunggu koneksi, tapi pas gw coba upload story berupa foto l",negative,anger,0.826
383,A_013_I Gusti Agung Dwi Intan Pratiwi,"semakin lama, semakin gajelas. klo mau ngisi fitur baru yg bermanfaat dikit, lebih bagus perbaiki & isi fitur siapa aja yg udah ga ngikutin ",positive,joy,0.85
384,chelsea wardhana,"ig ini bagus tapi setiap aku download masuk ke akun mama aku? I don't know why either.tolong buat instagram perbaiki,walau sudah bagus masi ",neutral,anticipation,0.89
385,KOMALA SARI,"Saya dowload instagram dan menggunakannya dengan benar tpi kenapa??? Akun instagram saya harus pemulihan mulu, dan saat saya pencet rekam vi",neutral,anticipation,0.73
386,Imelda Qorina,"Instagram sebaiknya tetap mempertahankan fitur Archive Story, karena fitur ini sangat berguna untuk menyimpan kenangan dan momen berharga ta",neutral,sadness,0.73
387,Muhammad Alif Dandy,"diliat dari hp sendiri pake akun utama, video story yg diupload jernih tp pas orang lain yg liat resolusinya pecah dan burem, berlaku juga b",neutral,disgust,0.73
388,Erika Aprianti,"tolong ya kpd pihak instagram utk tidak menghilangkan fitur arsip sorotan di ig karna arsi itu sgt menguntungkan bagi kami,utk kak menyimpan",neutral,sadness,0.81
389,Muh. Dzul Fakhri walikram,Tolong pihak Instagram di benahi lagi kalau posting video/foto tolong kalau bisa kualitasnya jangan di kompres. Foto dan video HD ketika di ,neutral,anticipation,0.81
390,Nikky Bie,"Akun ditangguhkan lagi padahal bulan kemarin udah ditangguhkan juga tapi berhasil banding dan ke buka lagi , sekarang dapat notifnya karena ",neutral,anger,0.73
391,Deva Mahendra,"gatau kenapa ig storyku ga update di timeline mutual aku, tapi pas disearch baru ada. why? ini kenapa cuy, mana viewersnya jadi dikit banget",neutral,anticipation,0.89
392,Nabila Alyasyifa,"instagram sungguh membuat saya merasa tidak nyaman, saya kasih nilai -11 dari 100, samping story yang kita follow harusnya jangan ada pengik",neutral,trust,0.81
393,Santi Difinubun,"Saya kasih bintang lima, tetapi jangan menghapus fitur arsip pada aplikasi ini. Fitur ini sangat bermanfaat bagi kami yang ingin menyimpan k",neutral,sadness,0.81
394,32_VANIA KHANSADILA. A.R,"gajelas bgt, tiba"" hari ini g bisa di buka, udah bolak balik hapus install ttp eror, bisa ke buka sekali aja habis install itu, terus pas ke",neutral,anticipation,0.73
395,Nurhasanah nuy,"ini kenapa ya Instagram, tadi pagi habis di update, sekarang malah ga bisa di buka samsek?? ke log out sendiri masaa, padahal nungguin tiba ",neutral,anticipation,0.89
396,Kak saribi,"Audio tidak tersedia kenapa yaa, padahal udah cape² posting dan ketika sudah diposting audionya masih ada tpi lama kelamaan kok audionya men",neutral,anticipation,0.89
397,Stephen Sebastian,"sebenarnya aplikasi ini bagus sih, tapi masa selama beberapa hari saya coba mau up story ngga bisa. malah muncul tulisan(kesalahan). kek, to",positive,joy,0.85
398,Siti Hamdanah,"Dulu ada fitur musik di profile, sekarang fiturnya gaada, tapi liat dari akun temen di profile ku masih ada musik nya, terus juga kalau mau ",negative,anticipation,0.81
399,Nadia Afrilia,Heh Instagram lu ya kenapa ketika gw nyari audio nya Karina yg up kok gaada sih sedangkan lagu solo nya member lain muncul yg ga muncul cuma,negative,anger,0.826
400,Maria Merlin Berliani,"Bisa diem gak sih? Instagram sekarang udah paling bagus menurutku, kamarin2 bikin fitur flipside yang useless, sekarang fitur arsip ig yang ",positive,joy,0.85
401,Nora Riskina,Saya rajin update IG supaya bisa mengikuti perkembangan fitur terbaru. Tapi baru-baru ini kok suka nge Bug gak jelas. Nge lag gak jelas. Gak,neutral,anger,0.73
402,heidy putri,Hey Instagram atau meta atau apalah. Kenapa akunku di tangguhkan? Ga pernah komen tiba2 di tangguhkan. Sudah ajukan banding tapi kodenya ga ,neutral,sadness,0.73
403,Nadya P,"Tiap mau posting foto gak bisa, tidak dapat menyimpan gambar mulu, saya sudah laporkan masalah dan mengirim buktinya, tetapi tidak ada tinda",neutral,anger,0.73
404,Muhammad Dody Riono,"Aplikasinya Ok. Kalo bisa bila mau beriklannya, lebih banyak dan luas lagi jangkauan . Kalo perlu tak terbatas",neutral,anticipation,0.73
405,Vierlya,"Lumayan bagus, namun tetap ditingkatkan kembali. Apalagi jangan sampai menghilangkan fitur highlight atau apapun itu. Tolong diperbaiki lagi",positive,joy,0.85
406,Muhammad Qadlizaka,"Ini sistem lagi kenapa , tiap buka instagram notifikasi saya banyak tapi waktu di buka ngk ada dan reels yang saya kirim juga terhapus , tol",neutral,anticipation,0.89
407,Diezaa,"Ah elah, balikin instagram yg dulu, ribet banget tau gk!! Minta bantuan gk membantu asli, pdhl mau login malah ngirim otp ke nomor lama, sed",positive,joy,0.77
408,syaikha Aqilah,"Ni apk bagus-bagus aja sii, cuma kenapa kalau bikin igs pake lagu pas di post malah lagu nya kepotong??! Jadi lebih pendek gituuu, padahal u",positive,joy,0.85
409,Faizal umar,"tolong diperbaiki lagi deh, ig makin kesini makin bututt bjir mana kebanyakan ngebug lagi. padal koneksi uda stabil dan parahnya profil lagu",neutral,anticipation,0.89
410,Hijra A.S,"Mohon bantuannya min, istri saya tidak bisa login akunnya namun data beserta informasi sudah benar, setalah input code selalu diarahkan ke n",neutral,anticipation,0.81
411,Feyrhen Feyrhen leozhie,"sejauh ini bagus banget aplikasi nya tapi tolong ya untuk font"" terbarunya itu bisa di semua akun mau akun pertama ataupun akun kedua sama f",neutral,anticipation,0.89
412,Haikal Usman,sedih bngt soalnya akun instagram yang second acc nggak bisa login udah 2 minggu lebih padahal saya udah masukin password yang benar tetapi ,negative,anger,0.826
413,Laila Karima,Instagram mulai menghapus arsip beberapa story video IG dan mengubahnya menjadi foto. saya jadi berfikir untuk pindah platform jika Instagra,neutral,anticipation,0.73
414,dwi amelia,"Tolong pihak Instagram saya memohon agar developer tidak menghapus fitur archive di Instagram karena banyak yang menentangnya, banyak yang s",neutral,anticipation,0.89
415,muhamad wais,tolong perbaiki lag saat melihat reel atau postingan. padahak sinyal bagus tapi sering stuk loading atau tiba tiba jeda kayak ga ada sinyal,positive,joy,0.85
416,Aku dan Diriku,"Minimal kalo gak di sedia in fitur buat ngecek siapa aja yg nge unfol atau gk ge unfol kita di perbolehkan pake apk tambahan lah, ini gk ada",neutral,anticipation,0.81
417,Satrio Pandutomo,Sudah sangat bagus akan tetapi terkadang aplikasi suka eror tidak bisa dibuka sekalinya terbuka kadang keluar dari aplikasi dengan sendiriny,positive,joy,0.93
418,Tempe anakherex,Kenapa kalo mau ubah sandi udah di link Gmail tapi loading nya lama bgt di tunggu udah mau 2 jam masih tetep loading dan gak cuman aku yang ,neutral,anticipation,0.89
419,Purnama Ningsih,Apknya sangat bagus!! Tapi saya hanya berpesan ini saja. Tolong dongg banyak orang tertipu karna penjualan di ig. Tolong lebih relafan lagi ,positive,joy,0.85
420,Pengguna Google,"IG. Kenapa ga tiba2 Log out ? Dan kenapa Log in harus Autentifikasi? Sudah coba pake Google Autentificator, masih saja ga bisa2 kodenya Apa ",positive,joy,0.77
421,Zahra,Instagram makin lama makin gila dan bodoh. Aplikasi SAMPAH ! jelek. Lebih oke yang tahun 2022 ga ada batasan. Sekarang baru komen sekali aja,neutral,anger,0.73
422,Peter Parker,"Instagram sekarang jelek, mau komen apa bnyak kesalahan, apa apa terlalu dibatasi, apa apa di hapus, apa apa diblokir, terlalu banyak batasa",neutral,anger,0.81
423,Muamar Sanbaihaqi,"Tolong pulihkan akun instagram saya seperti semua, saya sudah melakukan banding selalu ditolak, saya tidak melakukan konten yg dilarang. Cum",neutral,anticipation,0.89
424,Panda Gaming,Kalo ada iklan di instagram jangan ada unsur 18+ nya nanti kalo umur di bawah 18 tahun pake instagram dan lihat kan jadi gak bagus tolong di,positive,anticipation,0.89
425,Ju Eria,Untuk pihak Instagram kenapa akun saya tiba tiba kena banding ya padahal saya ga pernah nge pos2 yang gak gak komen yang gak gak juga engga ,neutral,anticipation,0.81
426,Anggara,"Gimana sih ini apk nya malah kek gini apaan dah heran gua mau bikin story aja ga bisa"" padahal udah di-update juga lohh jaringan juga lancar",neutral,surprise,0.81
427,Shofie aulia,"Sumpah yaaa udah berapa kalii ig pertama ku tiba2 keluar sendiri,, tolong dong di tingkatkan lagi kualitas nya, jangan seperti ini terus, me",negative,anger,0.826
428,Ayesha Aura,"Woi mana ni , kok puny aku gk ad fitur komentar ny katany ad fitur baru kok gk ad, padahal jga udh berkali kali lho diupdate , padahal aku r",neutral,anticipation,0.81
429,Lukizac channel,"Untuk Instagram, coba pitur VC nya seperti di Whatsapp salah satu video bisa dikecilkan, jangan atas bawah ataupun kiri kanan, ini membuat s",neutral,trust,0.81
430,acong ok,"Untuk instastory kenapa postingan utama tidak bisa di move paling atas, terdapat notifikasi stiker interaktif tidak bisa ditutupi. Ini sanga",neutral,anticipation,0.89
431,Sylfi Rahayu,"tolong pihak Instagram,kenapa akun saya tiba""harus aju banding padahal saya tidak pernah melakukan pelanggaran apapun yg kalian buat. suka b",neutral,anticipation,0.89
432,Ahmal Bagus,"akun @ahmall_ barusan di retas, sudah saya usaha untuk mengembalikan, dan mengganti kata sandi. tapi setelah itu tidak bisa login, malah ter",negative,anger,0.826
433,Britney Alexandra,Duuhhh ig lagi bermasalah kah?? Mohon segera di betulkan lagi ya... Kenapa pada saat saya ingin memposting cerita orang lain malah muncul ka,neutral,anticipation,0.98
434,Dinda Mp,Kenapa ya setiap Saya ingin mengupdate atau mengupload Story Instagram baik foto ataupun video bakalan sabun atau buram padahal aslinya dari,positive,anticipation,0.81
435,Kurnia aiz,"AKUN INSTAGRAM dengan password yang BENAR, kenapa tidak bisa Log in di satu unit gadget, kondisi sudah upgrade aplikasi. PADAHAL, log in di ",positive,joy,0.77
436,Hazell,"semua fitur hilang di akun saya, music di profile font story juga hilang, style music di story juga hilang, kenapa bisa gini? sementara di a",neutral,anticipation,0.81
437,Zahra Fatim,"Instagram sekarang kenapa ya kalo mau nge post story ig terus niatnya mau bikin highlight malah nge blur klo dilihat pake akun lainnya,tapi ",neutral,anticipation,0.89
438,Dania Rachel Sihombing,kenapa musik yg di profil tiba' hilang? padahal susah ditambahkan. mau ganti musik jadi tidak bisa gara' pilihan musiknya hilang.,neutral,sadness,0.73
439,Sri Maharani,Tolong dong pertimbangan penghapusan arsip story. Pengguna mau selametin gimana lagi story video foto yg udah dipost di Instagram. Bahkan pu,positive,anticipation,0.81
440,Laura Angels M.,"Tolong arsip IG jangan dihapus/diubah, banyak arsip stories saya yang sudah tidak bisa dilihat. Saya sudah unduh/transfer informasi malah zi",neutral,anticipation,0.81
441,Putrie abik,"dislike, masa stiap bikin akun gabisa,pas mau login dari akun yg sudah ada masukin password malah inconnect rusak ni Instagram bug nya tolon",negative,anger,0.906
442,Jihan Aulia,"Lama-lama dibikin kesel sumpah soalnya login aja gak bisa mau bikin akun lagi tapi malah muncul ""halaman tidak tersedia"" maksudnya apaa logi",neutral,anticipation,0.81
443,Sanita Nita,"Kenala sangat sulit untuk login di username saya, bagaimana cara loginnya biasanya pakai imel bisa skrng knapa harus verifikasi pake no hp s",neutral,anticipation,0.73
444,Kuyung sun,Kk kenapa ya ig orang lain ada tambahkan komentar di samping kirim pesan kok punya aku ngk ada kayak gitu cuma ada 2 kirim pesan sama love y,neutral,love,0.73
445,mellody hilyatul awliya,kenapa kalo aku bikin lebih dari satu akun pasti salah satu akunnya modelnya terlama gitu belum terupdate ke versi barunyaa.. please yahh to,neutral,anticipation,0.81
446,Pak Diyan,"Mudah digunakan, user interface yang intuitif. Meskipun, kadang ada masalah dalam upload story seperti story lemot dan lainnya. Tapi bisa di",neutral,anger,0.73
447,Rafidah Fida,Awalnya akun yg sering dipake dapat font terbaru terus 2 akun yg lain ga update fontnya eh ga lama ketukar 2 akun yg lain fontnya update sek,neutral,anticipation,0.81
448,Ros Mawaty,"kenapa pas mau di buka ""instagram terus berhenti"" pdhl penyimpan an msi banyak jaringan internet bagus lancar, udh bbrpa kali di instal ulan",positive,joy,0.85
449,DESTIANI MAULIDYA MUFI,"Instagram yg sekarang, gak seperti Instagram yg dulu, mau ikutan giveaway aja susahnya minta ampun, bentar² kena blokir, banned, sampai² aku",neutral,sadness,0.73
450,Juita Patabang,"Cinta banget sama ni aplikasi, tapi plisslah kenapa fitur lagu di bio profil hilang? Perbaiki bug ini biar dapat bintang 5:))",neutral,anticipation,0.81
451,marshandaamelia17,"gabisa masuk aplikasi ini sama skali padahal udh update pas masuk apk malah ada tulisan ""terjadi kesalahan yang tidak terduga, coba lagi nan",neutral,anger,0.73
452,Dwie Ony,Min kenapa akun ku ditampilannya masih tampilan lama ya ? Padahal sudah update ke versi paling baru.. font dan fiturnya juga belum berubah..,neutral,anticipation,0.73
453,achmad fadhly,"Tolong donk kak balikin fitur yg dulu,dulu bisa login pke Facebook otp dikirim ke WhatsApp tpi knp ada tulisannya TDK dpt login sedang berma",neutral,anticipation,0.81
454,Riska Apriliana,"sejujur nya setelah update, aku malah sedih karena filter tokyo dan rio de janeiro nya ga sepekat yang dulu, filter tokyo dulu bagus banget ",positive,joy,0.85
455,Tuti Andaryatni,"Saya senang ke Optik Manding krn kalau janjian tepat waktu, pelayanannya baik, ramah. Tidak hanya menjual prodak sayatetapi memberikan solus",positive,joy,0.93
456,Desi Yani,Kenapa Instagram ku ngk bisa lihat story diawal berandaku...trus yg diarsipkan jg ngk bisa dilihat diarsipkan...hilang...trus cerita arsip j,neutral,anticipation,0.81
457,Ss Auren,"GAJELAS!! TIBA TIBA DITANGGUHKAN DENGAN ALASAN YANG TIDAK ADA BUKTINYA!! Akun saya ditangguhkan ""dikarenakan menjual obat2an terlarang dan b",negative,anger,0.826
458,Rafani,Tambahin fitur yang lebih berguna kek biar tahu orang yang mengunfollow kita dan tidak mengikuti kita balik biar ga cape ngecek satu2 soalny,positive,joy,0.85
459,Abil,"Update malah error, DM ga jalan, kirim text DM ga kekirim tapi gambar bisa padahal jaringan normal dan aplikasi lain lancar aja",negative,anger,0.746
460,Var Syafar,Kok mau upload foto mode landscape berubah jd mode potret dan tdk bisa diedit atau diatur. Makin bnyak bugnya instagram,neutral,anger,0.73
461,Yoesary_1308,"Kenapa sihh instagram sekarangg, banyak bangett bug nya, herann. Disuruh update, giliran mau di update tapi gabisa di update, gitu gitu aja ",negative,anger,0.906
462,Ayu Wulandari,"setelah di-update banyak fitur yang ga bisa muncul padahal sudah disetting, contohnya musik yang ada di bawah profil, awalannya bisa tapi la",neutral,anticipation,0.73
463,lissa Melissa Zauhari,Kalau sudah di update ..kenapa banyak yg hilang .icon efek tampilan baru font di story pun malah hilang ..malah jadi tampilan yg lama ..trus,neutral,sadness,0.73
464,Eko Anega,Tolong pihak instagram direspon bahwa Instagram sehabis update malah gak bisa dibuat ngirim chat sama sekali cuman bisa ngirim gambar..mohon,neutral,anticipation,0.97
465,Sepgia Gia,AQ udh download tp masa ga bisa masuk alesan Instagram ada masalah di Indonesia coba pake bahasa Inggris pas AQ coba bahasa Inggris tetep ja,neutral,sadness,0.73
466,Rasidcoy Rasidcoy,Tolong diperbaiki lagi update selanjutnya kenapa disaat bikin sg video yang dikasih musik dari app nya kadang gak mau tersimpan ke galeri da,neutral,anticipation,0.89
467,Sabb Onlyy,"Ad masalah cokk tiba² barusann,pas lagi asik² liat follow an malah keluar aplikasi,trus pas dibuka lagi ga bisa,cuma layar itemm,KLARIFIKASI",neutral,joy,0.73
468,Risma Nanda putri,Saya mengalami kendala tidak bisa mengakses akun saya sendiri karna kode keamanan 2 faktor sedangkan nomor ponsel yg saya cantumkan itu suda,neutral,anticipation,0.89
469,IPULBATE Bate,"Instagram membantu saya untuk mengenali orang sekitar dengan mudah ,dan juga saya dapat mencari kata motivasi di Instagram dengan sangat mud",positive,joy,0.77
470,Cintasa Erwin,"Pdhl apk nya bagus tp tolong diperbaiki ya habis dowoloand ig ini WhatsApp saya pas pesan suara jadi eror suaranya,,habis ig nya saya hps lg",positive,joy,0.85
471,Riski Nur Rahman,"Vidio yg di unggah menjadi lelet tidak sesuai dengan lagu/sound ,paling sering di bagian unggah video di status/cerita",neutral,anticipation,0.73
472,Farhan Salmaniar,"Tolong diperbaiki lagi aplikasinya,aneh fitur² yang tersedia kadang suka hilang,terus juga cuma tersedia di beberapa second account,ga merat",neutral,anticipation,0.89
473,Richard Hayon,Instagram saya sudah dibanet oleh pihak INSTAGRAM sendiri sejak 2 September 2024. Perlu diketahui Instagram saya adalah Official Instagram s,negative,anger,0.826
474,shin chan,udah ajukan banding account sampai disuruh ngerekam video tapi ngga bisa sama sekali padahal udah diulang berkali kali. padahal ngga ngapa n,neutral,anticipation,0.89
475,Robet Van Royen,"Sejak Hari ini saya mengupdate versi Instagram yang baru,saya buka beranda dan nge freeze terus keluar lagi dari aplikasi,padahal jaringan s",positive,anticipation,0.81
476,Mar Linsyah,"kenapa beberapa fiture gak muncul di akun pertama sedangkan di akunke2 muncul semua , tolong segera diperbaiki + kalau post story kenapa kdg",neutral,anticipation,0.97
477,Livia Rhea A,"lemot sekali setelah di update, sudah unistall dan install ulang berkali2 tetap sama aja... 😞😞😞 buka aplikasi lain aman2 saja dgn sinyalnya.",neutral,anger,0.73
478,miftakhul faqih,untuk developer udah bagus fitur dan argoritmanya nyatanya aplikasi ini bisa bertahan dan tetep sebagai sumber informasi tapi di harapkan bi,positive,joy,0.85
479,Ahmad Nasoha,"Udah 3 hari ngadat ,buka reals macet vidio nya ,buka postingan sama , hadeeh entah bug atau kek mana ? Tapi untuk divice sendiri ok , buat l",negative,anger,0.826
480,Hirhaisya,"Tolong yaa!!! Akun saya sering hilang padahal saya ngak ngapa ngapainnn, Instagram sekarang gak kayak duluu, tolong yaa di perbaiki lagii da",neutral,anticipation,0.89
481,sultan pro,"Entah kenapa akhir akhir ini reels sering ga ke load sama juga kaya postingan, padahal koneksi lancar saat nonton youtube, pas buka ig malah",neutral,anticipation,0.89
482,Nana Sukarna,Setiap.kali liat video reels video suka berhrnti sendiri padahal sinyal bagus tolong bug nya segera di perbaiki demi kenyamanan pengguna🙏,positive,joy,0.93
483,Andrianto Ramadhani,"Halo Instagram, kenapa fitur terupdate Instagram di main acc saya tidak dapat digunakan/tidak ada, sedangkan di second acc saya fitur terupd",neutral,anticipation,0.81
484,Lulu Zahirah,"imi gimana si aplikasinya? saya kan punya akun 3, nah tiba tiba keluar sendiri, disitu bacaannya saya telah keluar dari akun tersebut, pada ",negative,anger,0.826
485,Iqbal Muhammad,"Saya kehilangan akses untuk login melalui hp,nomor,dan email....tetapi saya hafal dengan nama akun dan sandi Instagram,lalu saya mencoba log",negative,sadness,0.85
486,MUHAMMAD RIFQI FAUZAN,"Logika search buat lagu nya aneh, masa udah nyari dengan judul yang benar (bahkan disertai penyanyi nya) tetep gak ketemu lagu yang ingin di",neutral,surprise,0.73
487,Pengguna Google,"Lagi scroll ig, tiba2 muncul notif anda sudah log out dan ketikaa login gak bisa, ada tulisan tidak dapat login ada kesalahan tidak terduga ",neutral,anger,0.73
488,Novelia Ardianti,"Kurang suka sama Instagram yg sekarang, kenapa terlalu banyak yg dikurangin? Mau ganti lagu gak bisa, terus yaa pokoknya gak nyaman sama IG ",positive,joy,0.85
489,Faiz Rosyad,"tolong, jika mau upload reels ke story jangan cuma 15dtk Dev... atau kalo engga gtu, bisa dipangkas/diatur gitu bila mau upload reels yang p",neutral,anticipation,0.81
490,Fita Gmgch,Instagram aneh bgt paket gue banyak malah lag gue sampe rugii beli paket Instagram lagi masih aja lag foto foto ngga kebuka buka apk lain la,neutral,anger,0.81
491,Pengguna Google,"Instagram kenapa loading nya lama??? Kuota ada, tp pas ganti pake wifi lancar² aja...tp kenapa pas tidak pake wifi jam pasir, sudah di updat",neutral,anticipation,0.73
492,Ajeng Novita,"ini kenapa Ig load aja ya buat buka vidio"" smaa SG orang habis di update???padahal buat buka aplikasi lain sinyal nya lancar ga loadd.tolong",negative,anticipation,0.81
493,Nando Gans,Saya mengalami masalah pada fitur musik frofil di akun saya.masalah nya ialah fitur nya hilang pada akun saya ketika saya berpindah akun ke ,neutral,anticipation,0.81
494,Griyo Orion Malang,Halo Instagram... Mengapa sekarang jika postingan video rasionya nampak terlalu melebar sehingga gambar video terpotong atau terlihat melebi,neutral,anticipation,0.89
495,Salsabila Adja,"Ini kenapa ya kok ig saya udh hmpir seminggu ini g bisa dibuka, padahal kuota saya masih banyak dan lancar² aj utk buka apk lain, cuma apk i",neutral,anticipation,0.97
496,Jimmy Saputra,"Sangat mengecewakan instagram seminggu ini, ngelag gk jelas padahal aplikasi lain berfungsi dengan normal dan sinyal aman-aman saja.",neutral,anger,0.81
497,Irsula Ramadan,Instagram sangat bagus untuk berkomunikasi berkomunikasi dengan teman-teman dan bisa mengenal banyak orang semoga Instagram terus meningkat ,positive,joy,0.85
498,Adam Mulya,Sangat kagum karena bisa menembus banyak pengguna melihat menonton apa yang kita share. Sehingga mempermudah cara kita berpromosi. Sayangnya,neutral,love,0.73
499,Pasha Nur Aziza,Halo saya punya masalah akun tiba tiba logout dan gabisa login karena harus pake kode login a2f yang ga pernah aku aktifin pake kode cadanga,neutral,anticipation,0.73
500,Yudi Wirasena,"Iklan judi Online makin merajalela.Lelet sekali cuma muter2,saya pikir jaringan tempatku yang lelet,rupanya setelah baca komentar2 d sini, b",neutral,disgust,0.73
501,Wong Sepele,"Ini kenapa akun ig ku kok gak bisa login malah disuruh banding,mana udah di banding malah gak masuk masuk.padahal itu akun ig awal saya mana",neutral,anticipation,0.89
502,Rama Adi,"Setelah update aplikasi terbaru, justru respon membuka foto and video jadi lambat, bukan karena jaringan internet, ketika saya membuka aplik",negative,anger,0.746
503,Puji Laksono,"Untuk pihak ig tolong ya diperbaiki masalah di apk nya,saya mau daftar akun ig tiba tiba muncul tulisan ""halaman ini tidak tersedia"" tolong ",positive,anticipation,0.81
504,ARIEF DHARMADI,"Algoritmanya gimana sih, konten akun saya gak pernah diboost, coba cek akun terasexperience kalau memang gak bervalue jgn diboost kontennya.",neutral,anticipation,0.81
505,Qaishar Zhafir Afkar,"Saya senang menggunakan sosial media ini, akan tetapi saya sering menemukan bug terutama saat melihat postingan atau story Ig sepertinya itu",neutral,anger,0.73
506,Alcleandro C.N,"Semakin hari semakin jelek, sejak dulu hingga sekarang bug error login tidak pernah diselesaikan / dituntaskan. Selalu saja tidak bisa login",negative,anger,0.906
507,Owen,tolong diperbaiki dong kenapa Instagram aku ga bisa post foto 16:9 dan ga bisa kolaborasi postingan😩😩😩 udah berkali-kali report problem tapi,neutral,anticipation,0.89
508,Dinda Putri,"Bagus apk nyaa.. Tapi tambahin efek nya dong biar mirip snow, sekarang jadi banyak yg pindah ke snow soalnya lebih cantik,bagus,dll. Jadi ub",positive,joy,0.85
509,ENOS HAREFA PRODUCTION,Tolong dong buat instagram..... Setiap saya mengupload story.... Mau dia foto atau video selalu lag (lama) padahal sinyal saya bagus..... To,positive,anticipation,0.89
510,Piraa,"perbaikan bug login, saya sudah sering tiba-tiba keluar sendiri dari akun saya. dan juga sandi yang sebelumnya tidak dapat dipakai, padahal ",negative,anger,0.826
511,Imelda Chandra,Ini ig gimana ya kasih tautkan k fb kemarin-kemarin masih ada kolom log in with fb ini sekarang tidak ada lalu sy tdk bkn id sm pass kalau d,neutral,anticipation,0.73
512,Irsyad Badriyansyah,"Setelah di update ke versi terbaru jadi aneh, nonton reels cuma jalan sebentar abis itu macet, padahal jaringan lancar",neutral,surprise,0.73
513,Alex Sandro,"Tolong instagram, tambahkan fitur meludah. Soalnya banyak konten2 yang mengundang ingin memukul, mencaci dan ingin menganu. Wkwkwkkwk",neutral,anticipation,0.81
514,Rizkia Rizkia,"bagus si cuman perbaiki bug nya ya seperti repost story jg lagu nya g muncul, untuk aplikasi baguss aj cmn perbaiki bug ny ajaa",neutral,anticipation,0.81
515,Suwandi Zull,"Tolong di perbaiki lah,masa buat nonton video ngelag parah sampai tidak terbuka kadang. Pakai vpn baru lancar buka reels",neutral,anticipation,0.89
516,Nabilah Khairunnisa,"Sudah berapa hari instagram saya error, postingan, story, akun semuanya loading lama banget, padahal kuota banyak, jaringan bagus. Tolong se",neutral,anticipation,0.97
517,yudha iswanto,"Busukk. Semakin berat, internet lancarpun tetap berat, padahal aplikasi laen lancar jaya. Loading doang di semua menu haha, kusut",neutral,anticipation,0.73
518,rustandiss,"instagram sekarang sering terjadi kesalahan saat memberi like reels atau like postingan,akibatnya akun saya diblokir tidak bisa like,saya me",neutral,anticipation,0.89
519,CNC Cole Angelo,Tolong banget nih kalo ni app minta update bisa kasih notif aja nggak ? Masa pake ig tiba tiba error sendiri padahal sinyal lancar switch ac,negative,anger,0.826
520,Nur Zahra Lutfia,Instagram tolong jangan hapus archive story. Tolong berhenti membuat fitur baru yang tidak berguna dan tetap pertahankan fitur yabg ada seka,negative,anger,0.826
521,Asiyah putri Permatasari,"saya mohon fitur arsip di ig jangan dihapus, disitu tempat kami menaruh semua kenangan, justru tambah kan fitur² yg relevan yg dapat digunak",neutral,anticipation,0.81
522,Syahira Aryanti,"Gimana sih,aplikasi ga jelas, masa aku udah jelas jelas pencet ""cerita anda"" tiba tiba ga ke upload dan tiba tiba lagsung ke hapus, padahal ",positive,joy,0.85
523,Putri Handayani,"Ini instagram kenapa sih? Setiap mau liat komen gak bisa mulu, komen bejibun pas mau di buka gak adaan, ngeselin banget udah dua kali di upd",neutral,anger,0.81
524,Rizal Arief,"sudah pakai instagram lumayan lama,mengapa fitur Arsip Video di rubah menjadi semacam foto screen shot? kita sengaja mengarsip video atau fo",neutral,anger,0.73
525,NM 7X,"Setelah di update saat melihat story kok kualitas fotonya berkurang dan agak ngezoom dikit ya mohon di perbaiki ke semula, tidak nyaman untu",neutral,anticipation,0.89
526,Khanifah Hidayati,"Ini saya kasih 2 knp karna kok di kamera ig sya gk ad stikernya nah gm. Tuh cba klo itu,tolong di perbaiki lebih mantep lgi biar banyak yng ",neutral,anticipation,0.89
527,Denis Bogagmail,"Aplikasi sampah tak berguna,saya pengguna IG sejak tahun 2012,baru kali ini akun saya di blokir dengan alasan pelanggaran komunitas,salah sa",neutral,disgust,0.73
528,Trisyahfri Harpanta A.A,"Tolong buat team atau pihak instagram,kenapa di akun instagram saya tidak bisa menggunakan fitur live stereaming pernyatanya, akun anda tida",neutral,anticipation,0.89
529,okta viani,"ig skrng malah bnyk bug nyy dan jg baru sekali mengikuti seseorang pas mauu mengikuti lgii gabisa kena limitt ,, tolong pembaruan nyy dong j",negative,anger,0.826
530,St aisyah_023,"Tidak bisa login padahal kata sandi sdh benar username juga, selalu ada pemberitahuan kata sandi salah tp dihp lain bisa, tolong ditanggapi ",positive,joy,0.77
531,Mokhamad Rezza,"ngelag parah udh 2 hr, koneksi internet bagus, dipake browsing lancar, cm di aplikasi pny meta aja ngelag parah.....akun ane bbrp kali kena ",positive,joy,0.85
532,hudzaifah tsaabit73,"Semenjak update yang terbaru ini, malah makin lemot, di beranda buffering semua, apalagi di pencarian.. Tolong pihak yang bersangkutan untuk",neutral,anticipation,0.89
533,Yunus Sinay,"Tolong bgt apk in sgtlah bagus tapi jangan hilangin arsip plis lah Instagram banyak foto dan video momen yg tidak bisa kita ulangi, dengan a",positive,joy,0.85
534,Melisa,Tlong lah udh brkali2 nglporin gk ada balesan knpa gabisa liat story orang cuma loading trus aplg pas nnton reels cuma muter2 doang pdhl Kou,negative,anger,0.826
535,- via,Tolong dong jangan suka nambahin fitur yang ga berguna🙏🏻 salah satu nya delete archive. Saya bukan tipe orang yang suka taro video di feeds.,positive,joy,0.85
536,Maya Yuliana,"Makin kesini makin agak lain instagram ini, pertemanan dibatasi terusssssssss, udah dilaporkan masalah yang sama berulang² masih aja gak di ",positive,joy,0.85
537,Candra Gunawan,Halo kenapa fitur profile music ga ada diakun utama aku ya?? Tapi di akun yang lain aku malah ada tolong fix...... Padahal udah diupdate ter,negative,anger,0.826
538,Elsa Saputri,"ini ig mau di update terus sampe kapan sih, ada aja masalahnya. sekarang gamau update ig nanti arsip storynya ilang. udah bener bener fitur ",positive,joy,0.85
539,Hastina,"Please. Untuk fitur hapus cerita/snapgram, bisa nggak kalau hapus cerita/snapgram itu tetap tersimpan di arsip cerita, bukan malah ke ruanga",neutral,anticipation,0.89
540,Ata Atana,bisa gak sih kalo update tuh yang jelas ini update tiba² besok nya ilang. fitur musik yang di profil juga gak ada di akun ku terus juga fitu,neutral,anticipation,0.81
541,Rahmad Fajar,"Kenapa sekarang semua jadi rels, foto sama vidio biasa diklik jadi rels. Enakan dulu bisa liat foto terus kebawah ketata rapi kalo buka sepa",neutral,anticipation,0.73
542,Meieva Mei,"kenapa ya Instagram story selalu ada tulisan ""cerita tidak tersedia"" kalo cuma 1 atau 2 itu its oke lah, ini banyak bngt yg bikin story tpi ",neutral,anticipation,0.89
543,Nadilla Lutfiani,"no, harus diperbaiki. setiap mau ngepost story instagram, pasti ada tulisan ""kesalahan"" dan berujung gabisa diposting. ini harus diperbaiki,",neutral,anticipation,0.89
544,Rosdiana,saya kasih bintang 5 tapi mohon jngan hapus fitur archive/ arsip yang ada di Instagram. soalnya itu sangat penting bagi saya mngkin di orang,positive,joy,0.85
545,Zio Aliandra,"Aplikasi ig sekarang sudah jelek masa iya bikin akun kedua gak bisa. Kalo updatenya cuma bikin pengguna kecewa mending gausah update, buang ",negative,anger,0.906
546,Ryan Patric John,Setiap posting foto sekarang knp jadi gak bisa lagi fitur landscape pada semua nya harus fitur potrait 😠 Tolong di perbaiki apk Instagram ny,neutral,anticipation,0.89
547,Risky Dita Saputri,"ARCHIVE STORY ADALAH SEGALA-GALANYA BUAT AKU. Archive ku ada beberapa yang tidak bisa ke buka. SEDIH BANGET, padahal sengaja aku taruh di in",neutral,sadness,0.97
548,Susanti Kasim,sebenarnya ig lagi kenapa sih?kok setiap mau upload foto atau video di instastory selalu muncul kesalahan apalagi apklikasi ig udah diupdate,neutral,anger,0.81
549,Nita,Sekarang kalau mau posting foto lebih dari 1 ada semacam info untuk mengizinkan atau tidaknya orang lain untuk menambahkan ke postingan ini ,neutral,anticipation,0.81
550,MUZAKKI ACHMAD Z,foto lama di arsip tiba-tiba hilang dan dihapus oleh Instagram sering terjadi bug pengikut tiba-tiba turun sendiri banyak update meta tapi b,negative,anger,0.826
551,35 Mochamad Dava Wardana,"Aplikasi ini sangat susah dan merepotkan, disaat ingin memposting sorotan kenapa harus posting cerita dulu, kalau memposting cerita bingkai ",neutral,anger,0.73
552,Yusa Setia Budi,"10 tahun main Instagram tiba tiba akun ditangguhkan, alasannya terkait identitas palsu / berpura pura jadi orang lain. Padahal gak pernah ga",neutral,anticipation,0.73
553,Nurrohma Febriyani,Saya menjamin jika anda menghilangkan seluruh memori arsip Instagram kamu akan bangkrut sejadi jadinya karena kami peminat Instagram karena ,positive,joy,0.77
554,Indy Putri irawan,"Instagram kenapa sih notifikasi ga pernah tepat waktu?? Padahal udah diatur supaya semua notifnya aktif,kalau telat 1 atau 2 menit sih wajar",neutral,anger,0.73
555,Shidqi Ryza Nugraha,"Pada versi sebelumnya, saya bisa share reels dengan tampilan terbaru yg utuh, tetapi pada versi terbaru menjadi tidak bisa & kembali ke tamp",neutral,love,0.73
556,NurFitri Asma,Instagram sekarang aneh yaa.. follow/follback gak banyak² amat paling banyak saya follow orang cuma 5 per hari nya..tapi di batasi Saya udah,negative,anticipation,0.89
557,Naufal Yahya,Mohon kepada pihak instagram agar bug loading saat reset passwordnya diperbaiki. Karena ketika saya menerima email dari instagram untuk rese,negative,anticipation,0.89
558,Maz Yopan,"Maaf sebelumnya kenapa upload insta story selalu gagal terus, padahal jaringan wifi atau data seluler masih lancar, mohon untuk memperbaiki ",negative,anger,0.906
559,Rendy Firmansyah Haris R,"Ada bug untuk pada device Samsung a35,a54 dst,,, ketika memakai filter kamera menjadi berkedip.... Mohon solusinya.... Bug dari Instagram at",negative,anger,0.826
560,Almira Tsania Aflah,"kenapa bbrpa kali buat snapgram menggunakan grid, tulisan, lagu dan dengan tambahan fitur2 lainnya saat di up selalu kesalahan dan otomatis ",neutral,anger,0.73
561,Alan Budi Kusuma,"Saya memposting sesuatu di Instagram supaya bisa mengenang momen"" nya. Makannya tolong batalkan tentang penghapusan arsip di Instagram. Karn",negative,anger,0.826
562,Michael Frily,"niat ga sih? bukan nya makin maju malah makin ngaco ! gue cuman mau bikin akun baru, muncul terus tulisan ""harap tunggu beberapa menit sebel",neutral,anticipation,0.81
563,Gia suciani,"Sejauh ini saya pengguna instagram yg cukup lama,tapi ketika ada pembaharuan fitur font di akun saya,selalu tidak muncul,padahal sudah saya ",neutral,anticipation,0.73
564,Wildan Anugrah Pratama,"Saya kasih bintang 5 karena fitur nya sudah sangat bagus, dan tolong untuk tingkatkan terus saran saya tolong adakan fitur yang bisa melihat",positive,joy,0.85
565,pan pan,"ig kenapa si? kok saya gabisa ngeliat sg orng' ya? malah ada tulisan 'cerita ini tidak tersedia' pas saya mau ngeliat sg orng', kenapa ini? ",negative,anger,0.906
566,Fitri Cirebon,"Tolong di perbaiki ya, kenapa sudah beberapa hari ini ketika saya sedang membuka apk Instagram terus tiba tiba dia berhenti dan keluar denga",neutral,anticipation,0.89
567,Ines Ines,"Instagram sudah bagus, tapi seharian ini story saya terus terkena pelanggaran dengan alasan tidak masuk akal. Itu hanca lelucon. Saya merasa",neutral,anger,0.73
568,Tsaqif TJ Ro'uf,"tolong dong untuk pihak instagram, supaya ngembangin lagi, dan memperhatikan lagi mengenai banding dan penangguhan akun, karena dari kita tu",neutral,anticipation,0.97
569,Ayla Filifera,"Instagram sebaiknya tetap mempertahankan fitur Archive Story, karena fitur ini sangat berguna untuk menyimpan kenangan dan momen berharga ta",neutral,sadness,0.73
570,hartina pangaribuan,Tolong diperbaiki sistem nya Meta. Buka ig dan fb di pc suka offline tiba tiba namun ketika buka dari hp bagus bagus saja. Sekelas meta bisa,positive,joy,0.93
571,rahmaa fadhilah,"suka banget sama instagramm, aku download dari aku masih kelas 5 sekolah dasar sampe sekarang aku udah tamat sekolah masih di akun yang sama",positive,joy,0.85
572,Nabil Sasbianto89,"banyak fitur Instagram yang dihapus padahal fitur tuh berguna banget buat user fitur simpan music dicatatan,daftar musik yang disimpan juga ",neutral,anticipation,0.73
573,Lutfiah Amalia,"Gimana ini sih masa aku pakai camera Instagram mau pakai filter terus klik fitur hands-free, Boomerang klik di filter buat video camera erro",neutral,anticipation,0.97
574,Rasyida333,"kesel bgt slalu aja klo mw ngepost kesalahan mulu padahal jaringan bagus memo juga masi bnyk tetep aja gabisa, bisa juga paling klo polosan ",neutral,anger,0.89
575,Khaerul,"Ini ig kenapa kayak bermasalah yaa, saya ga bisa liat postingan² terbaru, ada juga beberapa postingan atau story yang sudah saya lihat, tiba",neutral,anticipation,0.81
576,Zidan Nabil,"banyak bug gajelas skarang!, saya lagi kena bug gabisa di tag sama orang sama sekali, padahal akun ga private dan saya pun udah mengizinkan ",negative,anger,0.906
577,Choco Jelly,"aplikasi Instagram sekarang gajelas banget, akun saya sama sekali ngga ngelakuin tindakan mencurigakan/criminal malah kena suspend, terus wa",neutral,anticipation,0.89
578,Shandika Dika,"Setelah update makin byk bug, story yg diarsipkan tidak muncul ketika saya melihat di pengaturan arsip cerita, story Ig saya hilang begitu s",negative,anger,0.826
579,Rezy Alfionita,"Aplikasi nya semuanya bagus tapi kekurangan nya cuma satu, saat kita buat video di filter ig itu jadi lambat padahal pas ngevidio itu pas",neutral,joy,0.73
580,Dimas Angkasa,Sebenarnya Instagram tidak perlu menambahkan fitur keamanan bahwa akun ini milik anda Karena sebenarnya fitur ini yang ada malah membuat kam,neutral,fear,0.81
581,Mufida Amilatusholekha,"Instagram sebaiknya tetap mempertahankan fitur Archive Story, karena fitur ini sangat berguna untuk menyimpan kenangan dan momen berharga ta",neutral,sadness,0.73
582,Kesya,"plis ini ig bermasalah atau akun ku yg error? stiap mau follow akun yg publik pasti ngga bisa dn muncul tulisan ""permintaan anda tertunda"" t",negative,anger,0.746
583,Daffa Maulana,"Banyak bug,contohnya ada beberapa video yg ga bisa disimpan ke koleksi,tekan tertarik tapi malah konten lain yg muncul.Tolong diperbaiki",negative,anger,0.826
584,Muhammad Arifandi Priyandana,saran saya untuk tim developer untuk lebih teliti lagi dalam hal kinerja nya. baru saja kemarin saya tiba-tiba di suspend dengan alasan tida,neutral,anticipation,0.81
585,Andi Taru,"Bugnya semakin parah. Gambar pertama carousel selalu ga muncul, ada notifikasi comment tp setelah di click kosong, dan banyak hal lucu lainn",neutral,anger,0.81
586,Cantika Ratnasari,"Semuanya bagus,tapi ada satu saran sih, tolong dong kalau bisa karena Sekarang kan ada catatan nya nih,nah untuk catatan itu bisa ngak sih d",positive,joy,0.85
587,Fiqih Maulana,"Sering bug, buka aplikasi sendiri, padahal lagi buka aplikasi lain tiba² buka sendiri. Sering refresh sendiri juga. Perbaiki lagi bug nya",negative,anger,0.826
588,Easty _86,Kenapa akun saya di suspend dan dibilang akun palsu padahal ada foto profil dan pribadi. Terus harus ajukan banding kalo gak dihapus permane,neutral,anticipation,0.73
589,Joni AH Sitorus,Saya tidak suka pembatasan postingan saya krn sebenarnya saya lah yang telah terhasut oleh kelakukan Wasit asal Oman atas pertandingan Sepak,positive,joy,0.85
590,Indra Muliana,"Kok setiap saya buka vidio Instagram kadang vidionya g gerak tapi waktu nya jalan, ini bug atau gimna ya ? Padahal saya pake wifi dan data t",negative,anger,0.826
591,Danindrarhmat putra,"sering error, uda seminggu ini sering error harus install ulang trs login ulang baru bisa, capek tiap hari kek gitu mulu. mohon perbaiki mai",negative,anticipation,0.81
592,Rima Nor Fadilla,"buruk,sudah rutin diperbarui bukannya makin bagus malah makin sering tidak respon, pdhl hp saya masih luas sekali penyimpanananya. jadi apa ",neutral,anger,0.73
593,Xen122 Xen-,"aplikasi nya bagus,cuman kenapa setiap kita ingin ganti password yang lupa tidak verifikasi ke nomor atau ke email kita sendiri,malah harus ",positive,joy,0.85
594,Putra Tarigan81,"tolong perbaiki aplikasi nya, saya punya 3 akun di ig dan semua nya kena banding, saya bermain ig hanya untuk mencari hiburan tapi kenapa se",neutral,anticipation,0.97
595,Silky Ezra Alawiya,kalo sampe fitur arsip dihilangkan gabakalan make ig lagi!!! pliss dong kami semua mau pake apk ini karna fitur arsipnya. klo fitur arsip il,negative,sadness,0.85
596,Ayu Kurnia pratiwi,"Story sekarang terbatas hanya sampai beberapa org aja, gak bisa di scroll kesamping, foto momen berharga tiba2 hilang dr profil tanpa pember",neutral,sadness,0.73
597,gunggeklaksmi,"Aku sempat deactive 1 minggu, tpi kemarin mau log in kenapa susah banget ya.. Biasanya langsung bisa log in.. Ini terus muncul notifikasi BU",negative,anger,0.826
598,Giah S,kenapa saya tidak memberikan 5 bintang karena di berbincang sosmed apakah benar meta akan menghapus arsip ig?? menurut saya arsip itu sangat,neutral,sadness,0.73
599,agust kihelta,Media yang fleksibel untuk banyak hal dan menyenangkan untuk digunakan. Hanya saja saya jarang menggunakannya dan sulit juga karna harus men,neutral,anticipation,0.73
600,Muhammad Shaquel Bachdar,"untuk sementara aku kasih bintang 3 yah, kecewa banget biasanya setiap mau bagikan ke fb langsung bisalah setelah update an terbaru malah ng",negative,anger,0.906
601,Tika Ponsel,Tolong ini gimana yah kok Instagram nya nggak bisa liat sg orang yang baru bisa nya cmn yg di buat kmren² doang sama postingan juga nggak ad,neutral,anticipation,0.89
602,Vevy Ardiyanti,"kek manaa inii skrg bugnya banyak bangettt, restore story tapi yg ke restrore bukan story yg w mau malah story yg lain.. follower/following ",neutral,anger,0.73
603,Daniel Gunforce,Udah bikin story kok malah enggak bisa.. (Menunggu koneksi) padahal wifi & paket data aman lancar Tolong diperbaiki lagi min..,neutral,anticipation,0.89
604,Wijdan,tolong perbaiki bagian lihat pengikut yang mulai ada bug. mulai dari pengikut yang akunnya menjadi dua atau freeze saat memulai penyegaran d,negative,anger,0.826
605,Fadli Bimantoro,"payah skrg instagram sejak dibeli facebook, akun ig gue ke hack 2x, intinya gua gapernah macem2, tiba2 ke logout, and then, sudah nomer oran",neutral,anger,0.73
606,Putra Rahmansyah,kenapa instagram saya seperti ada gangguan jaringan? tapi saya membuka sosial media lainnya masih bisa. sempat saya uninstal lalu download l,neutral,sadness,0.73
607,yudhanim “yutanime” #,"bagus si, cuman kenapa saran tambahkan teman selalu muncul di beranda di atas dekat bar story, mengganggu banget. tolong beri fitur hapus sa",positive,joy,0.93
608,Dasya Noya,kecewa sama instagram. fitur yang spesial menurut sy ya arsipnya. skrg malah mau di apus 😴 trs jg vidio di arsip jd foti banyak foto2 yg udh,negative,anger,0.826
609,Zufri Zefti,"Tiap buka ig selalu melanggar aturan postingan dari cerita/reel facebook. Dan setelah itu apk ngeblank warna putih semua, kalau gak mau bisa",neutral,anticipation,0.73
610,Pipin Alzian,"Makin lama makin kaga jelas tiba tiba sering ngefollow orng sendiri udh di unfoll malah di follow sendiri lagi, trus pas mau ganti kata sand",neutral,anticipation,0.73
611,Qanisma Ainindri,"kabarnya archive story instagram akan di hapus, saya sangat tidak setuju, karna alasan saya memakai instagram itu untuk menyimpan kenangan y",positive,sadness,0.81
612,Hasan Al mas'ud,"Tolong developer lagu yang aku cari gak ada dulu pernah ada tapi habis di update malah ilang lagunya. padahal, lagunya terkenal umum tapi ko",neutral,anticipation,0.81
613,Deni 113,"Jaringan bagus, tapi upload story ig hampir satu jam stuck di 90%, di coba hapus dan upload ulang tetap sama, di batas 90%, siklusnya gitu t",positive,joy,0.85
614,Shelly Lusiana,Ntah lah menurut saya ig makin kesini makin gak bagus awal nya suka banget bikin video dri ig berhubung kamera ig di hp saya gak bisa di gun,positive,joy,0.93
615,Vynna Nurhayati,"Kenapa filter nya suka susah di pake,padahal dah ngeupdate beberapa kali dah di uninstal trs instal lagi bru bisa ke pake filter nya eh bebr",positive,joy,0.85
616,make Imeng,"Banyak bug misal, filter pada fitur photo berkedip² saat hendak digunakan bikin susah aja udah di laporkan masalah bug belum dibenerin",negative,anger,0.826
617,Gabriela Kiran,"Di akun utama gak ada fitur terbaru, di akun lainnya baru ada fitur terbaru. Kadang akun lain itu selalu ke fitur lama, lalu setiap mau nont",neutral,anticipation,0.73
618,Chusnul Chotimah,"Alhamdulillah , materi yang disampaikan sangat bagus, menambah pengetahuan, semoga bisa menerapkan pada anak didik kami. Materi dan contoh m",positive,joy,0.85
619,Astri Marini,Aplikasi yg banyak fitur mudah digunakan dan bisa terhubung dengan semua orang maupun terhubung dengan idola lewat Instagram semoga kedepann,neutral,anticipation,0.81
620,Jangan Kepo,Kalau ada bintang 0 pasti gua kasiu bintang 0 tiap mau upload reels selalu gagal dan lama. Belum lagi pesan yg selalu eror tolong lag kalau ,negative,anger,0.826
621,Pika Pikatcu,"Sorry instagram,, saya kecewa,, akun instagram saya selalu kena banded,, bikin lagi kena lagi. Akhirnya hilang permanen, tidak bisa diakses.",negative,anger,0.906
622,_Capricon_,"Tolong fitur arsip story jangan dihilangkan,‼️❗ karena dengan adanya fitur arsip story, kita dapat melihat lagi apa saja yang pernah kita ba",neutral,anticipation,0.81
623,Rinda,"Apk sering ngelag, sering keluar sendiri tanpa sebab. Kalo ga mau di rating jelak perbaikan lagi bugnya. Segera mungkin",neutral,anger,0.81
624,Fahmi Rizky,"bug di bagian profil musik, fitur tambahkan musik menghilang jadi saya tidak bisa menghapus musik yang sudah saya taro di bio profil, sedang",negative,anger,0.826
625,Kyoko Yamate,"Instagram nge bug, gak bisa buat story, gagal terus! Minimal kalau update yang benar jangan banyak bug 🙂",negative,anger,0.906
626,Fany salwa,"Setiap update selalu lemot/Ng bug,kalo GK gitu layarnya redup,terus kalo di buat foto² itu gambar nya telat/kayak layarnya tuh GK ngikutin k",negative,anger,0.906
627,Nurhikmah,"cara masuk di ig sekarang makin rumit, biar kata sandi benarpun juga sdh tdk berguna, harus lagi pake kode verifikasi, mana kodenya gak mau ",neutral,sadness,0.73
628,tyxndre4,"kecewa Instagram ngeselin ny minta ampun. pas masuk ngeleg terus. dan mau masuk aja Instagram nya langsung ngeleg update terus, tambah ngele",neutral,anticipation,0.89
629,Ridho Basutod,"Terlalu banyak iklan di reels nya, setiap 2-4 vidio pasti muncul iklan nya, dulu jarang ada iklan padahal kok sekarang banyak banget, kecewa",negative,anger,0.826
630,hasanah unmul,"Saya punya masalah saat ganti thumbnail reel, tdk bisa pilih di frame dan jika pilih dri roll kamera hanya berfungsi sekali.",neutral,anticipation,0.73
631,Faqih Haedar,"Akun igku tiba² ditangguhkan padahal tidak pernah posting aneh², mau dipulihkan tapi pas mau masukkan nomor ponsel terjadi error bahkan saya",negative,anger,0.746
632,Anak Baik,"Kasih bintang satu, karena katanya instagram mau hapus archive story Jujur punya instagram tu cuma mau bikin kenangan aja didalamnya biar fo",negative,sadness,0.85
633,Sopi Sopiani,"pleasee lah instagram akun saya kena suspend😭, padahal saya tidak melakukan pelanggaran apapun. udh masukin email, tapi kode nya ga ke kirim",negative,anger,0.826
634,KEiYZA APRILLIA,"suka sama ig karna bisa buat vidio teruss bisa simpann ke galerii, sekarang kok gabisa lagi yaa padahal itu yg paling saya sukaa dari ig wah",positive,joy,0.85
635,Dandi Akbar,"Hedehh akun utama tiba-tiba di nonaktifkan, mau aj banding ga bisa, terus nyoba lewat help center malah ga ada pilihan untuk aju banding ny,",neutral,surprise,0.73
636,Pengguna Google,"Tolong admin istagram akun saya ditangguhkan,atas nama:arfnbintang_,dan akun saya disuruh mengupload foto data pribadi saya,namun kenapa say",neutral,anticipation,0.81
637,Alfrsss160,"Di Instagram Ada Hal Yang Bikin Saya Kecewa, Tolong Beri Fitur Untuk Bisa MengPrivat Pengikut/Yang Diikuti Diakun Instagram, Saya Ada Masala",negative,anger,0.826
638,Wilda Marcellina,"proses penyimpanan vidio / foto sangat lama dan tidak bisa tersimpan,,tolong di perbaiki ya ag nya/cerita karna nge bug ga bisa ngeliat stor",negative,anger,0.826
639,MARYUTIS,"Lebih Suka fitur ig yang lama, sekarang melihat following orang lain kenapa tidak berurutan lagi, biasanya yang baru saja diikutin akan terl",positive,joy,0.85
640,Raihan Nisfu,"Tidak Bisa menerima Kode Verifikasi pdhl e-mail yg saya pakai ini soalnya Akun tiba2 ditangguhkan entah ada apa, tolong saya Butuh buat kuli",neutral,anticipation,0.81
641,Ziazia Lali,Enggak jelas udah 1 tahun gini gini aja Instagram ini akunya saya bolak balik di nonaktifkan buat lagi di nonaktifkan.. enggak jelas banget ,negative,anger,0.826
642,RSX Singa,"Dari 2016 punya IG sampai sekarang, saya tidak pernah membuat ulasan karna selama itu baik baik saja tidak ada fitur² yg aneh selama saya me",positive,sadness,0.81
643,Mohamad Fajar,"Sdh baguss ,tapi yg sy sayangkan adalah mengapa akun sy kemarin di nonaktifkan oleh pihak Instagram???, padahal sy tidak pernah melakukan pe",neutral,anticipation,0.89
644,Nafilwa Nafilwa hafizah,min jangan ada update terbaru tentang fitur archive ig yg dihapus. kalo ada saya bakal ajak semua orang untuk hapus Instagram. tujuan saya b,neutral,anticipation,0.73
645,Arum Ningtiasih,Tidak muncul notifikasi. Fitur catatan di DM tidak muncul. Tiap refresh selalu ada notif tidak ada jaringan padahal jaringan aman.,neutral,trust,0.73
646,Virnayani,"Aplikasi sangat bagus sangat membantu buat berkomunikasi dgn teman dan keluarga ,tapi instagran saya selalu kena pelanggaran padahal video r",positive,joy,0.85
647,CoArab,"ini gimana si, bikin ig baru ga bisa bisa. udah jadi ig barunya, login pun ga bisa, padahal sandinya dah bener. di hapus data, akun utama gu",neutral,anger,0.73
648,andi putricahyaningsih,Kenapa setiap mau login selalu saja terhenti bukan sekali tapi berkali kali bahkan gak bisa masuk karena masalah itu doang..tolong dong perb,negative,anticipation,0.89
649,Raditya Setiasa,"fitur musik yang ada di bio di beberapa akun tidak muncul, lalu sering ada notifikasi tapi pas dibuka tidak ada apapun, dan tolong jangan ha",neutral,anticipation,0.81
650,Rachmad Kevin,"Teruntuk pihak instagram, Kenapa instagram akhir akhir ini jaringan nya selalu buruk/gak stabil? Saya buka apk selain instagram lancar jarin",negative,anger,0.906
651,khalidah lid,"saya sudah kasih bintang 4, plissss ig jangan pernah hapus fitur archive story😭😭😭😭😭 terimakasih karna dengan adanya fitur itu saya dapat mel",neutral,sadness,0.81
652,M Yusuf,"Aplikasinya kesering eror ,kdang ke unfol sndiri teman teman saya dan kadang liat status terbaru kadang tidak bisa,tolong di perbaiki lagi s",neutral,anticipation,0.89
653,ALFIAN,Sebagai pemula sosial Instagram mohon kiranya admin pengurus ataupun pengelola Instagram Indonesia agar membantu dan mempromosihkan reel say,positive,joy,0.77
654,Prillydifana Safira Lapadengan,"ini kenapa akun instagram saya difitur FONT tidak terperbaharui? masih paki FONT yang model lama. padahal selalu di update terus, tapi kenap",neutral,anticipation,0.89
655,Muhammad Andika,"Saya sangat kecewa dengan algoritma ig padahal vidio saya sudah sangat menarik, kualitas pun sangat hd. Tapi kenapa masih viewers 2 hari di ",negative,anger,0.826
656,ddewi putrii,Jelek ih ig skrng. Arsip-arsip nya yg video udh gak bisa keputar sprti biasanya.. Padahal sengaja gak download video/foto di ig krna tdi nya,positive,sadness,0.81
657,Dimaz Azhar,"Banyak bug, seperti arsip story tiba tiba gk bisa dibuka trrus tuh ada peringatan arsip akan hilang sama kalau mau bikin akun baru gk bisa",negative,anger,0.826
658,Hani 66,"bagian fitur arsipkan yang biasanya di titik 3 i story gaada, harap lebih diperhatikan soalnya saya mau bikin highlight tanpa spam story.",neutral,disgust,0.73
659,Amanda mayara tsany,hallo Instagram saya suka sma smua fitur anda tetapi untuk fitur terbaru anda saya kurang suka karna semua video yang saya upload jdi nge fr,positive,joy,0.85
660,Bang Jibon,"Tolonglah Instagram,, hilangkan spam iklan judol,, saya gak pernah ikut judol,, tiba tiba banyak spam judol,, tolonglah, ini sangat tidak ny",positive,trust,0.85
661,rubygummy,"Agak kecewa sama instagram bulan kemarin font untuk story instagram udah ke update jadi bagus dan keren, eh engga tau kenapa berubah kesetel",positive,joy,0.93
662,dek hulu,"Tolong dong beri sedikit kebebasan untuk live, dan tolong jangan dikit dikit pelanggaran🤬 makin di update makin ketat aturan nya nanti lama ",neutral,anticipation,0.97
663,Yumi Z,Susahnya baca caption yg panjang. Mau scroll malah keganti profil lain. Kalo ketarik dikit udaah langsung keganti yang baru dan yg barusan d,neutral,anticipation,0.73
664,Mar Kar (Marvel Karuna),Saya memiliki beberapa masalah dimana beberap video menunjukkan warna video sperti di invert atau seperti ada garis garis dan titik pada vid,neutral,trust,0.73
665,Khairiyatul Jannah,"Bintang 1 karena Ig sekarang gk seru,yg di arsipan jangn di hapus dong banyak kenangan nya,sayang klo hilang padahl sengaja simpan di arsipa",neutral,anticipation,0.89
666,Lody Achmad,"Sebenarnya udh bagus ya seluruh fiturnya, dan masalahnya itu banyak iklan judi online, undian penipu, dan iklan investasi saham bodong yang ",positive,joy,0.85
667,lintang aurelya wahyu kinasih11,minta tolong pihak instagram kenapa di ig profil gak muncul musiknya sedangkan di akun lain masih muncul musiknya dan juga followers 394 ini,neutral,anticipation,0.89
668,Faidza Syahbuddin,"sekarang habis update selalu kalo mau follow orang yang akunnya publik itu pasti ga bisa, malah muncul ""permintaan tertunda"". tolong dong ka",positive,anticipation,0.97
669,Sri Mahayanti,"Kacau deh kirain stlh kmrn di update bakal lebih bagus lg, eh malah muncul bbrp yg hrs diklik tp ujung""nya mlh gk bisa didownload, hilang ta",positive,joy,0.85
670,Filsa anggraini Syafruddin,Instagram ini sangat bagus dan kita bisa pilih JJ atau filter yg mau di cari ya walaupun yg di ambil memori ny sangat banyak tapi kita jug b,positive,joy,0.85
671,Ndaa,"minta tolong untuk lebih di perbaiki lagi ya bug nya, kenapa di akun pertama fitur catatan dan musik nya hilang sedangkan diakun yang kedua ",negative,anticipation,0.89
672,agustina Dewi,"Ini lagi eror apa gmna ya? Mau buat story pakai filter kameranya kedip kedip padhaal normal normal aja kamera aku. Udah aku restart, instal ",neutral,anger,0.73
673,Mrs.Kim127,"Secara keseluruhan bagus cuma ada beberapa yang ngebug, contoh mau ngepost story malah gk bisa dan muncul peringatan 'kesalahan' lol",positive,joy,0.85
674,Fibri Adna,Kemarin akun saya tiba-tiba ditangguhkan. padahal saya tidak pernah melakukan hal-hal yang melanggar ketentuan dari instagram. Saya langsung,negative,anger,0.826
675,Akyla medina,"terlalu banyak bug, akun saya banyak yang ter logout sendiri, lalu terjadi aju banding, ribet banget tolong di perbaiki dong aga kurang nyam",negative,anger,0.826
676,Mulyadi Gaming21,"Karena ada sistem arsip story nya jadi kenangan ga bakalan hilang dan semoga rumor arsip story mau di hapus itu tidak benar, dan jikalau rum",positive,joy,0.85
677,Lathifah Azzahra,"Dear instagram, jangan pernah menghapus fitur arsip, but semua kenangan kami ada disana, mulai dari saya SMP sampai Kuliah sekarang, mulai d",negative,anger,0.826
678,ROCK D TEO,Ini kenapa nya video reels ku tidak bisa diputar suaranya si normal tapi tidak bisa diputar gambar nya gak gerak Dan vidoe reels yg satunya ,neutral,anticipation,0.73
679,ramdan ramadani,Assalamualaikum developer ini saya meng instal 2x yahhh garagara gaaaa bisa buat akunn Permasalahannya di registrasi setelah mengisi kata sa,neutral,anticipation,0.73
680,yuyu ree,"Baru aja diupdate tapi kenapa malah nge bug. Postingan foto/video hanya bisa dibuka sampai slide ke-2 aja, slide berikutnya hanya layar hita",negative,anger,0.826
681,Nabila Asy'ariya,Duh nyebelin banget sih 😡💔💔😭😭😭😫😫😫😫😫 igsaya pas ingin menerima pertemanan malah di tunda permintaanya tidak seperti ig2 yg dulu tak pernah di,positive,anticipation,0.89
682,Ananda Febriani,"Sejauh ini baik² aja gk ada kendala apapun, tapi kemarin tiba² akun saya akan di nonaktifkan, padahal saya tidak melakukan apapun, lalu saya",neutral,anticipation,0.89
683,Desvita candra dewi pratiwi,"Banyak bgt bug, heran. Apalagi arsip story kadang suka hilang padahal storynya gak dihapus. Banyak banyak ngasih perbaikan deh.",neutral,anger,0.73
684,Alpukat Fit,Ini gimana sih !!!? Masa akun aku di nonaktifkan secara sepihak doang?! Padahal selama ini ga pernah melanggar peraturan apapun. Udah pake b,neutral,anticipation,0.73
685,Ana Tea,tolong update lagi jadi kalo mau ngambil link video atau foto susah gak seperti dulu lagi dulu ini bagus kalo saya bikin sw di WhatsApp liha,positive,joy,0.85
686,Doxs. Art,Tolong user interface waktu melakukan video call jangan di ubah..biarkan tampilan seperti biasanya (halfscreen) jangan di bikin mirip kayak ,neutral,anticipation,0.81
687,14.I Putu Gede Ardiasa,"untuk akun saya ga bisa ngetag seseorang, Gatau kenapa, udah saya cari tau caranya d ytb, ga ada, udh saya atur pengaturan semua orang bisa ",negative,anger,0.826
688,gunawan adi w,"sudah pake IG >10 thn hampir setiap hari, apps yg tepat untuk sharing & berkontak sosial dgn media foto2. sayangnya sekarang tiba2 ke suspen",neutral,anticipation,0.81
689,I Made Darma Nara Swara,"Hai pihak Instagram, di Instagram saya masih terdapat bug seperti membuka story ig tiba-tiba tergeser ke siaran langsung user yang saya foll",neutral,anger,0.73
690,annisasal sabila,"Kalau mau nambah fitur nggak papa tapi asal kn fitur arship an nya jangan dihilanginn,soalnya di situ ada kenangan yg nggk mungkin bisa di u",negative,sadness,0.85
691,Indryy,"Minus nya sekarang filter/efek di ig udah ga bagus apa lagi bagi pengguna android, malah sekarang lebih bagus filter di tiktok dari pada di ",positive,joy,0.85
692,Fazar Rizky,Please Instagram jangan hilangin fitur arsip nya dong😭😭 soalnya disitu banyak kenangan ku sama mantan ku🙏😩 mau dimana lagi kami menyimpan ph,neutral,sadness,0.81
693,Muhammad Rafli Adi Permana,"ini Ig kenapa jadi sering error' dah? kadang pas lagi liat SG orng tiba2 freeze trs kalo mau login ke akun lain malah ada tulisan ""coba lain",negative,anger,0.826
694,Hafizah Ajha,"akun nya tiba' hilang dan di benerin gk bisa pdhl di akun yng hilang itu bnyk sekali foto' dan tugas' sya, semua sandi, nama pengguna, nomor",neutral,sadness,0.73
695,Alex Chandrawinata,"Filter instagram di hp samsung a35 tolong di perbaiki sepertinya error pada update'an baru,karna berkedip saat memakai filter di instagram. ",neutral,anticipation,0.89
696,Kaji Rozaq,"serius ini story archive Instagram di ilangin???story archives Instagram ku juga pd ilang , pdhl sengaja selama ini nyimpen kenangan di stor",negative,sadness,0.85
697,Mughanni Ojy,"tolong Ig udh sebulan gak bisa masukin akun di Instagram padahal nama ama sandi da benar tpi gak bisa masuk"" sandi salah terus, padahal coba",negative,anger,0.826
698,PASMOD teknik,untuk saat ini instagram tidak seperti dulu.terlalu menutup mata dengan kejadian yg ada.kabanyakan koment yg di take down untuk kebenaran. d,neutral,sadness,0.73
699,yoona raechela,Aplikasi nya sudah cukup bagus bagi saya. Namun saya menyarankan agar menambahkan fitur pengganti lagu pada postingan foto dan juga pengedit,positive,joy,0.85
700,Surya Kencana,Instagram error kah? Apa sedang ada perbaikan sistem? Saya mau buat story menggunakan foto knpa tiba-tiba tidak bisa?! Tolong development se,negative,anticipation,0.89
701,Ginger HaHan,"setelah di update malah susah jaringan. padahal download film lancar. putar youtube gk masalah, fb gak maslaah. kok cmn ig yg kayak susah ja",neutral,sadness,0.73
702,Muhamad Mirwan,Akun saya tiba tiba diblokir sementara sedangkan nomor hp dan email sudah tidak aktif. Semenjak meta Ig baru saya juga tiba tiba hilang ntah,neutral,sadness,0.73
703,Wildatul Jannah,Kenapa story ig tidak dapat dilihat sedangkan story nya baru di naikin di story. Dan satu hal lagi aku telah mengupdate ig tpi kenapa fungsi,negative,anger,0.746
704,Raiqa Adzra,"Camera nya di fix ya, soalnya saya buka jadinya blackscreen terus yang muncul, trus mau tambah musik juga ga bisa..bug nya tolong di perbaik",negative,anger,0.826
705,Ananda Adelia F,Punya teman temanku Instagram nya sudah versi terbaru semua cuma punyaku yg tidak padahal sudah di update berkali-kali sedih sekali jika beg,neutral,sadness,0.73
706,Wkwk 1234,"saya kasih bintang 5, tapi tolong jangan hilangkan fitur arsip, karna itu sangat berguna sekali untuk kami pengguna Instagram, sayang sekali",neutral,sadness,0.81
707,Taniaza Hra,"DEAR INSTAGRAM, padahal kita cuman mengubah nama-nama yg sama. Lalu mengapa frekuensi yg tertera di ""tentang akun ini"" terhitung begitu bany",neutral,anticipation,0.81
708,Erzyy Arhamm,Pleasee arsipnya jangan di hapus. Soalnya Salah satu alasan gk keluar dari instagram karna bnyak kenangan yg tersimpan di arsip yg gaada di ,neutral,sadness,0.73
709,Restu agustia,Untuk pihak instragram mengapa akun instagram yang baru saya buat dari kemarin saya pakai menjadi tidak bisa dipakai mohon diperbaiki🙏 saya ,neutral,anticipation,0.89
710,ninola,akun instagram saya sudah 3 hari tidak bisa login. Saat ingin login diberi info ada masalah tak terduga. Tolong dr pihak instagram jgn dibua,neutral,anticipation,0.81
711,Ocha Salud Adianto (オチャです),"tolong untuk Instagram saat meng-upload video 16:9 saat selesai kenapa menjadi rasio 9:16 ya? pdhal versi sebelumnya sudh tidak seperti itu,",neutral,anticipation,0.98
712,Andina Mara Santoso,Udah ngasih bintang 5 ternyata akunQ di tangguhkan tanpa sebab.. Konfirmasi via email gaaa di kirim2 kodenya.. Via fb yg tertaut tidak bisa ,neutral,anticipation,0.73
713,rizky adittama,aplikasinya sudah bagus fiturnya juga oke tapi ad sedikit bug setiap mau ngirim video atau ngechat lewat ig jadi mohon diperbaiki untuk deve,neutral,anticipation,0.89
714,COLD FREZEE,"Tolong dong kalo kita upload vidio, kualitas vidionya bisa di naikin. Soalnya saya kalo upload vidio kualitasnya suka pecah kalo di bikin st",positive,joy,0.85
715,Siti Nurjanah,"Apk baguss, cuma aku mau minta permintaan buatin fitur baru dong kak, biar lebih privasi foto pp IG bisa dikunci, soalnya pengalaman aku sam",neutral,trust,0.81
716,Elyse,"baguss, fitur nya lengkap dan nyaman di gunakan, jenis video jg bagus dan sesuai ama size/ klo emg hd ya hd pas di sv, filter dan stickernya",positive,joy,0.93
717,Dewanty apa,"Kenapa yang gua jelek ya, story nya gabisa lama yang orang lain mah bisa semenit,trus sekarang gada lagu nya,semenjak update jadi jelek,seka",neutral,anger,0.73
718,ke_rian _za,"Tolong kepada developer agar menyediakan fitur penghemat data , aplikasi nya masih sangat teramat boros dalam pemakaian data , handphone cep",neutral,anticipation,0.81
719,kezia ramadhania,"Pliesss lahhh fitur arsip jangan di ilangin, and ig lagi kenapa dah??? Kok gbisa lihat SG orang dari tadi siang tiba"". Pdhl udh di uninstall",neutral,anticipation,0.73
720,renaresma,"knp sekarang jadi ga bisa log in ya? Padahal password nya bener tapi muncul terus kata ""kata sandi salah"", dicobain di Instagram web nya bis",neutral,anticipation,0.73
721,HookBait Biter,"Wouuuupy, ini aplikasi jujur sangat banyak membantu saya sih apa lagi saya mendapat cukup banyak keuntungan di sinikarana saya juga dapet ba",positive,joy,0.85
722,Shara Ardiyan,"Halo..saya pengguna instagram dari lama..tetapi kenapa sekarang di akun saya tidak tersedia musik? Di catatan bertuliskan ""lagu yang anda pi",neutral,anticipation,0.97
723,Elisabet Inesa,"tolong dong instagram jangan ilangin fitur arsip ig, sayang story² yang udah lama ke save di arsip dan kenangan nya, masa harus ilang gitu a",neutral,anticipation,0.98
724,gallant 2307,semua perizinan kamera sudah saya aktifkan tapi mengapa kamera Instagram tidak bisa di gunakan tampilan layar nya hitam baik kamera depan da,positive,anticipation,0.81
725,Lrs Alita,"Saya sudah 3 kali kehilangan akun, da selalu bermasalah untuk login. Aplikasi yang buruk, keamanan buruk, sama sekali tidak ada peningkatan",negative,sadness,0.85
726,Anggia Febrina,"Fitur Instagramkan makin terupdate nih ya, nah sempet beberapa lalu font tulisan tuh pada bagus bagus. trus skrg udh gk ada lg, tpi di Insta",positive,joy,0.85
727,Zahro Putri,"hari ini knpa kalo saat saya lihat story ig tulisannya ""cerita tidak tersedia"", pdahal emng ada story di orang lain, tolong untuk diperbaiki",neutral,anticipation,0.89
728,Patricia Leman,"Instagram, tolong perbaiki fitur ""pengajuan banding"". Saya tau fitur ini dibuat demi kenyamanan dan keamanan bersama, tapi saya sedang memil",neutral,anticipation,0.97
729,M. Dani Abdurrahman,"kenapa skrng ig jadi ngerubah suara story jadi semakin rendah? yg asal mula nya musik nya nyaring jadi suara pelan gini, plis update woi..",neutral,anticipation,0.73
730,Sudiri Alby,"Aplikasi ini mudah digunakan. Banyak memperoleh informasi dan hiburan. Saya sudah lama memiliki apliksi ini, tapi sayangnya hanya sedikit te",neutral,love,0.73
731,Ryan Aziz,"Tolong di permudah waktu edit sorotan, soalnya saya tekan selesai memuatnya sangat lama hingga beberapa menit , membuat saya kesal dan saya ",negative,anger,0.826
732,Amanda Puteri,Buka story trus pake filter malah kelap kelip item putih gejelas uda di uninstal trus download lg masi sama aja pdhl kondisi hp dan kamera b,neutral,anticipation,0.89
733,Afwan Riyadi,"kenapa model repost an video balik ke setelan awal ya? padahal uda bagus loh yg kemarin modelnya lengkung mirip repost an iPhone, eh ini bal",positive,joy,0.85
734,Hilda Tiara,"tolong jangan hapus fitur arsip cerita, jadi semakin ga suka main instagram semenjak beberapa foto/video di arsipan akun instagram saya hila",positive,joy,0.85
735,Pengguna Google,"Cuma 1 sih kekurangan yang sangat menggangu sih buat gua, iklan lewat pas kita liat SG, ya gua tau kalau itu salah satu pemasukan buat meta,",neutral,joy,0.73
736,salon cece,"Banyak bget masalah nya di Instagram ini update story aja susah banyak ini itu nya .. padahal Instagram gak pernah di apa""in . sinyal kuat j",negative,anger,0.906
737,Wulan,"makin gaje Instagram, mo nambahin audio di story dan postingan ga ada. ngesave audio ga ada fiturnya hadehhhhhhhhhh",neutral,anticipation,0.73
738,Tri Muliyana,Kenapa foto srsipan saya gelap ada tanda seru nya dan katanya cerita ini sudah tersedia lagi dan tidak dapat di pulihkan otomatis akan di ha,negative,anticipation,0.81
739,R U D Z,"Di HP temen bisa pause reels tanpa perlu ditahan yaitu tinggal klik doan, lah di HP saya masih perlu ditahan untuk meng pause suatu vidio re",neutral,anticipation,0.73
740,dzakiyyah,"pliss jangan dihapus archive nya jangan dihilangin, justrus archive yang bikin kita betah pake aplikasi ini, kalo dia dihilangin bakal kuran",neutral,sadness,0.81
741,Anisa Oktaviani,"saya beri bintang 5 asalkan Instagram tetap mempertahankan fitur Archive Story, karena fitur ini sangat berguna untuk menyimpan kenangan dan",neutral,sadness,0.73
742,wahyu kharisma,Instagram kenapa menghapus postingan design yang jelas jelas saya buat original dari 0 tanpa plagiat mencontek atau meng upload karya orang ,negative,anger,0.826
743,Miftachul Au'lidhina,Tolong teramat sangat!!! Fitur highlight nya jangan di hapus!!! Arsipannya juga jangan di hapus!!! Karna itu penting dan mempermudah kita. K,neutral,anticipation,0.81
744,Zero Gaming,"untuk pihak instagram saya ingin menanyakan terkait masalah saya, saya tidak bisa mengupload vidio (memeriksa koneksi) seperti itu terus ken",neutral,anticipation,0.73
745,Muhammad Azmi Maulana,"Perbaiki lagi bug menambahkan musik dibio, sudah ditambahkan tapi setelah itu hilang lagi.",negative,anger,0.826
746,FAJAR RIZQI AKBAR,saya mendengar kalau fitur archive akan segera di hapus apakah benar?? jika memang benar.... tolong untuk jangan sampai hapus fitur archive ,neutral,anticipation,0.89
747,Nurliana liana,Ah makin ke sini gak bagus banyak fitur yang hilang.. tiba tiba comen hilang.. vidio susah upload.. kebijakannya kurang bagus. masa komen di,positive,joy,0.85
748,Aulia Firokhah,"Bintang satu jika pihak Instagram menghilangkan arsip story , please banget jangan dihapus karna arsip lah membuat kenangan dari foto dan Vi",neutral,sadness,0.81
749,Firgiawan Dwi,"Masalah mulu sumpah ""maaf.ada masalah"".tolong ini kenapa masukin pw bener gl bisa masukin pw salah gk bisa, terus harus di masukin apa truk ",neutral,anticipation,0.81
750,Wa Ode Aulia Maulida Sari,Ga Jelas! Diminta ajukan banding. Giliran dah disetujui disuruh masukin kode yang dikirim lewat email. Tapi sampai sekarang tuh kode kagak d,neutral,anticipation,0.73
751,Febbyola,"kalo kata gua adain aja fitur hd nya kaya apk sebelah, gua kirim download dari ig, gila kualitas videonya jelek banget. baca napa minimal, j",neutral,anger,0.73
752,vicka nailah,kenapa di Instagram ketika ingin memposting foto ada bacaan terjadi kesalahan yang tidak diketahui ya? sewaktu mencari solusi hapus cache da,negative,anger,0.906
753,Herlina Shafiradaryanto,"Kenapa video arsip dari 2021 kebawah tidak bisa bergerak sama sekali, padahal sengaja banyak simpan kenangan disana. tapi tidak bisa diputar",neutral,anticipation,0.81
754,raraiqAa,"ig banyak bug nya, setiap up story selalu ga bisa dan muncul tulisan kesalahan, tolong di perbaiki",negative,anger,0.906
755,Resti Sari,"Instagram ini emng beda ya audio/suaranya sangat kecil dari aplikasi yang lain seperti threads dsb. Padahal volume sudah besar, Tolong perba",neutral,anticipation,0.89
756,Janeta Maulana,"jujur aja fitur barunya sih makin banyak, tapi minimal perbaikin dulu kek masalah arsipan story ig (ada yg gabisa dibuka, blur, trs vid jd f",neutral,anticipation,0.81
757,Anggia Pitaomas Rajagukguk,"Tolong Instagram, kenapa setelah update versi terbaru waktu buat instagram story menggunakan effect jadi kedip-kedip yaaa??? Ngebug gitu tol",neutral,anticipation,0.81
758,Antan Bahrul,"Tolong dong masa hp saya kamerany udaa 108mp , support 4K , kenapa yaa setiap upload story selalu buram hasil nya , ini PR sih buat IG , apa",neutral,anticipation,0.89
759,Khairunisa,"kenapa tiba tiba fitur musik di profil/di bio hilang di akun saya? di akun kedua saya masih ada namun, di akun yang pertama udah ilang fitur",neutral,anticipation,0.81
760,Alok Diskon,"aplikasi gajelas saya tidak salah apa apa akun saya kena blokir, lalu buat akun lagi bermasalah tidak bisa mengikuti apk banyak ngebugnya an",neutral,anticipation,0.89
761,Riyanti Riyanti,Kenangan tetap ada di Instagram... walaupun HP lama telah hilang..yaah beruntung punya Instagram bisa mengekspor ke HP baru dari akun lama..,neutral,sadness,0.81
762,Nurul Qamri,"Tolong kualitas foto dan video jangan di kompres saat di post. Dan tolong jangan hilangkan arsip Ig, hanya di ig saja saya menyimpan arsip2 ",neutral,sadness,0.81
763,indah berliana,"dah bagus, cuman kalo ada tambahan fitur tolong ada di semua akun ya. soalnya fitur-fitur yang baru (kayak font, bingkai, dll) itu cuman ada",positive,joy,0.85
764,Sofia Murida,"Hari ini instagram ku seharian gak ada muncul story instagram di beranda, udah di refresh terus, tetap gak ada hasil, tapi kalau lihat akun ",neutral,anticipation,0.81
765,Juri Anto,Assalamualaikum rekomendasi dari saya Instagram bagus buat yang insekyur sama wajah nya sendiri termasuk saya sendiri dan yang gak PD sama m,positive,joy,0.85
766,Mambaul Khofshoh,"fitur arsip jangan di hilangkan, overall bagus. tapi fitur arsip jangan dihilangkan karena itu fitur paling berguna.",positive,joy,0.85
767,Ariven Barca,"Aplikasinya lumayan bagus, banyak konten hiburan dan juga edukasi. Yang perlu ditingkatkan, filterasi terhadap konten yang berbau pornografi",positive,joy,0.85
768,Gita Febrianti,"kenapa ya pas saya mau foto, buka kamera tiba tiba jadi full hitam. padahal kemarin kemarin aman aman aja. tolong dong ini kenapa? rata rata",neutral,anticipation,0.89
769,Nadine Kirana putri,"bagusss,banyak fitur baru..tapi ini kenapa akun saya tiba tiba kehapus permanen ya?? udah nyoba buat akun baru pake Gmail yang lain juga tet",neutral,anticipation,0.89
770,Amel Amelannisa,Kenapa ig jadi tidak bisa dibuka disuruh pengajuan 180 hari. Apaan ig aku mau hilang kah. Pdhl ig probadi itu. Sdh di vidio dan no hp juga s,neutral,anticipation,0.81
771,Nofa Ardiansyah,"tolong lebih diperbaiki lagi bug nya, tidak bisa menambahkan sorotan, musik tidak bisa muncul padahal di akun lainnya bisa",negative,anger,0.826
772,Laksamana Angga,"Devlopert instagram yg terhormat, sya tdk merasa melakukan planggaran apa pun, tiba-tiba sja akun sya di tangguhkan. Sya sdh mengajukan band",positive,joy,0.77
773,Alin Cia,"kenapa sih instagram, padahal saya mau daftar tpi kenapa selalu muat ulang dan ga bisa? padahal itu mau saya buat post tugas sekolah tpi ken",neutral,anticipation,0.89
774,Zulfadli Rahmat04,"unggah cerita dan postingan aja udah 2 jam nggk terunggah pulak, padahal kuota internet hidup 5gb tapi nggk bisa katanya menunggu koneksi pl",neutral,anticipation,0.73
775,idk thx,"tolong di perbaiki bnyk error nya, ga ada otak bgt,masa iya ga ngefollow siapa² tiba² following nambah, trus jg tiba² di aktivitas like gue,",negative,anticipation,0.81
776,Ricky Setiawan,"Device saya setelah update ke Android 15, fitur stories pada aplikasi mengalami gangguan (freeze) ketika mencoba melihat stories selanjutnya",neutral,anticipation,0.89
777,Rendy Ardianto,Tiba2 terlogout dan tidak bisa login lagi. Padahal password dan username sudah benar. Tp anehnya di instagram lite bisa login tanpa masalah,neutral,anticipation,0.81
778,Nunung Ratna Dewi,"Aplikasi yang mudah digunakan, banyak pilihannya, dan tidak susah untuk menyiarkan siaran langsung. Saya sangat menyukai nya. Good Job Insta",neutral,anticipation,0.73
779,fajar pathul padhillah,Instagram kenapa ya?? akun ig saya ditangguhkan mulu. padahal saya login sendiri diperangkat saya. Malah disuruh banding. tolong dong diperb,neutral,anticipation,0.97
780,LATIF ICHTIYAR,"setelah update, malah ngebug. setiap liat video reels or story pasti videonya nge delay. ga sinkron sama audionya. tlg diperbaiki ya",neutral,anticipation,0.81
781,Christemanuel Harvin Budiman,"Algoritma videonya sangat bagus, dimana saya sedang over eating dan ingin konsisten ingin makan sehat 100% tanpa tepung, gula, minyak, penga",positive,joy,0.85
782,Muhajir royhan Daffa,sudah bagus cuman ada beberapa kendala seperti saya yang sering menyukai reels dan postingan orang lain yang emang karena saya sukai dan mal,positive,joy,0.93
783,Fidia Novita Rahmawati,"kenapa saat membuat reels kita sendiri di Instagram tidak ada fitur menyimpan ke galeri, padahal dulu masih bisa sekarang udah ga ada,mohon ",neutral,anticipation,0.89
784,R.Sakura-chan,Mengapa saya tidak bisa mendaftarkan akun saya??? Ma pake fb ataupun tidak tetap saja tidak mau??saya udh coba cek ulng siapa tau ad kesalah,neutral,anticipation,0.89
785,Elfi Ramadhani,Tolong dong fitur arsip story yang lama2 jangan dihilangkan. Apalagi video lama jd freeze. Itu ada kenang2an nya,neutral,anticipation,0.89
786,Ricky Silvester,"Cukup bintang yang berbicara Udah dikasi bintang 1 pun masi aja gak dibereskan nih aplikasi,masa setiap lihat story' muncul layar hitam teru",neutral,trust,0.81
787,yola fadila,"Tiba tiba kamera IG nya hitam di samsung A05, sebelumnya tidak seperti ini, di kamera utama tidak ada masalah dan kamera di aplikasi lainnya",negative,anger,0.826
788,Rokib Marzuki,"Mantap.saya baru nginstall senang sekali instagram ngasih tontonan yang menghibur banyak inspirasi juga semoga kedepan instagram, bisa namba",positive,joy,0.98
789,Kim Taehyung,"nstagram sebaiknya tetap mempertahankan fitur Archive Story, karena fitur ini sangat berguna untuk menyimpan kenangan dan momen berharga tan",neutral,sadness,0.73
790,Pandiangan Benedit,Aplikasi Instagram ini sangat mudah penggunaanya dan praktis. Fitur2nya cangih canggih. Saya menggunakan hanya sekedar menunggu benar2 tau b,neutral,anticipation,0.73
791,Putri Budi,"Pliss kecewa banget skrng sama Instagram, knpa fitur arsip yg bnr2 kita jadiin kenangan malah d apus, parah bgt si.. vidio arsip gue jdi Pot",negative,anger,0.98
792,Anggun Setiyani,"sangat mudah, tetapi belum ada fitur terbarunya yg lebih mudah untuk ig profesional nya, kembangkan ya, saya suka main Instagram",positive,joy,0.85
793,Jee,"lagi dan lagi ada bug, udh seneng ada fitur komentar nya di story eh pas mau setting di pengaturan terjadi kesalahan. sebel bangettttt",negative,anger,0.906
794,Muhammad Azmar,Instagram selalu memberikan informasi dan sistem yg baik buat konten kita selalu ditingkatkan dan cepat merespon kesalahan yg kita butuhkan.,positive,joy,0.77
795,Outter,"Ni kenapa dah Instagram aneh, akun gw kena suspend 2× padahal ga ngapa-ngapain, upload foto aja jarang, apanya yang melanggar komunitas coba",neutral,anticipation,0.81
796,gusti ariyadi,"Instagram nggak jelas. Gua hanya foto lengan dan kaki saya yang ber otot malah dapat pelanggaran. Sedangkan yang cewek"" full hot parah bisa ",neutral,anger,0.73
797,Vhynii Gheofanny,Tidak bisa mengundang kolaborator. Pilihannya tidak muncul. Bahkan saya juga tidak bisa di undang sebagai kolaborator. Sdh mengikuti semua c,neutral,trust,0.73
798,Naida Almira Putri Dhifa,"Sayaa sangat suka dengan aplikasi ini karena aplikasi ini ada pengingat batas waktu bermain di instagram. Tapi tolong, untuk cerita bisa di ",positive,joy,0.85
799,Alfinah Rohmi,Ini kenapa akunku mau dinon aktifkan padahal aq ngga pernah mencet apa²tiba²gitu perbaiki sistemnya sementara aq kasih bintang 1 dulu kalau ,negative,anger,0.826
800,Egis Saputra,ni instagram lagi eror apa gimana mau login ke akun malah gk bisa padahal kata sandi nya bener user juga bener malah gk bisa. mohon dong pih,negative,anger,0.826
801,Razikk Aww,Saya kasih bintang 1 dah buat Instagram karena loadingnya lama dan lelet banget terutama pas buka DM sama bionya gada tempat musik Sama masa,neutral,anticipation,0.89
802,Ahmad Muhammad syukur,"Saya kalau mau buat story Ig kenapa fotonya acak, dan tidak sesuai tanggal yang ada di galeri padahal pengaturan nya sudah di setel tapi kok",neutral,anticipation,0.89
803,Aroel syahrul,Begitu buruk aplikasi setelah di up date kenapa yg muncul di beranda saya semuanya konten masakan/ makanan setiap hari selalu muncul sedangk,neutral,anger,0.73
804,Wulan 123,"sementara saya kasih 3 bintang dulu, soalnya udh diupdate ttp gaada fitur tambahkan music, sm font baru. tlg segera diperbaiki yaa !!! trms",neutral,anticipation,0.89
805,Herlika,"Instagram ga jelas, pdhal udh update masih aja kalo nnton reelsnya suka ngelag2, ngelag nya lama bgt pula Pdhal buka tiktok lancar aja. Ga a",positive,joy,0.85
806,KalKal,"fitur template di story saya tidak bisa di gunakan, tetapi pas saya coba di akun ke-2 saya, pakai template itu bisa, gatau ini bug atau apa ",negative,anticipation,0.89
807,Titis inoy,"brsan buka Instagram kok lngsng di suruh rekam muka sgala Bru ngeh brsan apa smua hrs gtu pake kirim muka suruh tengok kanan kiri,kmrn2 tiap",neutral,surprise,0.73
808,Lian Nah,Akun saya dihapus permanen padahal sudah ngirim foto ktp tp nomor nik dan ttd saya coret!! Padahal saya sudah bertahun tahun pakai aplikasi ,neutral,anticipation,0.73
809,Flora Fitri Yani Hasibuan,Akhir-akhir ini akun instagram punya saya tiba-tiba keluar sendiri dgn keterangan klau pengguna akun telah mengganti kata sandi padahal saya,neutral,anticipation,0.89
810,Nazwa 02,"ig sekarang lain, kalau kita mau posting foto di ig, foto nya ga bisa full semua, tolong kembalikan ig ku yg kalau posting foto bisa full se",neutral,anticipation,0.81
811,Kumala Deiq,"aplikasi ini udah bagus, tpi filternya tiba” hilanh dan gabisa di gunakan lgi, itu knpa ya tolong di perbxiamsbjsao",positive,joy,0.85
812,farisaa,"apk gajelas, makin lama makin rusak, mau ngeup story aj ga bisa selalu ada tulisan MENUNGU JARINGAN, padahal mah sinyal lancar, SEJAM 2 JAM ",negative,anger,0.826
813,Abdus official,instagram tolong ya arsip story jangan di hapus please karna fitur arsip itu sangat penting bgt bagi para pengguna ig saya sudah 7tahun meng,negative,anger,0.826
814,Anggi Artha Project Art,"Surat terbuka untuk ig Tolong fitur arsip jangan di hapus, karena banyak kenangan di fitur tersebut. Jadi saya harap untuk TIDAK MENGHAPUS F",neutral,anticipation,0.81
815,Rahma Auliyah,Kenapa setiap saya mau post foto lebih dari 10 kenapa tidak bisa ? Dan kenapa yang lain bisa min? Tolong bgt yaaa soalnya saya pengen bgt po,positive,joy,0.85
816,Elly Yohana,Untuk android samsung filter ig kedap kedip bahkan ada yg mati total. Total bug nya perbaiki,negative,anger,0.826
817,Glean_15.v,"Apk Instagramnya gak jelas banget dah, masak iya aku arsipin foto doang, terus mau publik lagi fotonya yang dari arsip malah hilang udh mond",neutral,sadness,0.73
818,Affarelhg,ini aplikasi gimana ya kok tidak sesuai dengan isinya? cewe saya di notif bilang apa sayangf tetapi waktu saya pencet notif nya dan saya lih,neutral,anticipation,0.81
819,Aisah Yumna,Kok kalau ngeliat postingan orng sandret² sih video nya dan satu lagi kok gk bisa nyimpan efek yg bagus bagus instagram sekarang berubah seb,positive,joy,0.85
820,Flas Gusion,Tolong diperbaiki !!!!!! Kenapa komentar Yg awalnya harus Ratusan lebih. Tapi ketika kita melihat LG malah hanya muncul puluhan saja.Itu sel,neutral,anticipation,0.89
821,Elsa Monica Syafitri,"𝙏𝙤𝙡𝙤𝙣𝙜 𝙙𝙤𝙣𝙜 𝙞𝙜 𝙙𝙞𝙥𝙚𝙧𝙗𝙖𝙞𝙠𝙞, 𝙠𝙖𝙧𝙣𝙖 𝙠𝙡𝙤 𝙪𝙥𝙡𝙤𝙖𝙙 𝙨𝙩𝙤𝙧𝙮(𝙨𝙜) 𝙠𝙖𝙙𝙖𝙣𝙜 𝙣𝙜𝙜𝙖𝙠 𝙗𝙞𝙨𝙖 ""𝙢𝙚𝙣𝙪𝙣𝙜𝙜𝙪 𝙠𝙤𝙣𝙚𝙠𝙨𝙞"" 𝙏𝙚𝙧𝙪𝙨, 𝙥𝙙𝙝𝙡 𝙟𝙖𝙧𝙞𝙣𝙜𝙖𝙣 𝙡𝙖𝙣𝙘𝙖𝙧 𝙗𝙣𝙜𝙚𝙩, 𝙏𝙤𝙡𝙤𝙣𝙜 𝙙𝙞𝙥𝙚𝙧𝙗𝙖",neutral,anticipation,0.73
822,Iink Rahmawani,"Instagram kenapa video"" di arsip yg 2018 berubah jadi foto. Padahal gunanya ig ya buat nyimpan kenangan video"" dan foto. Eh video malah di u",neutral,sadness,0.73
823,rolita,"ig skrg makin aneh aja, bisa""nya org luar yg ga saya ikutin malah saya ikutin padahal itu bukan saya, aneh aja tiba-tiba ada ig orang luar y",negative,anger,0.826
824,Anisa Fitriani,"padahal aku blom update samsek, kenapa makin error ya? kek story yang lain pada tidak tersedia kayak udah kehapus gitu, itupun semua story p",negative,anticipation,0.81
825,febry tri pamungkas,"Saya sudah melakukan pelaporan di pusat bantuan, sejak kemarin saya sudah membayar postingan untuk diiklankan dan saldo saya sudah berkurang",neutral,anticipation,0.73
826,nitdaw,"aplikasi aneh. aku mau posting foto ""selamat ulang tahun"" untuk teman ku, kenapa kena pelanggaran?! memang nya itu berbau hal 18+ atau lain ",neutral,surprise,0.73
827,Zdhilan Zdhalila,"Instagram saya baru di update, saat saya mau repost story Instagram suara nya tidak ada. Tolong segera diperbaiki. tau begini ga akan saya u",neutral,anticipation,0.97
828,Trias evan,"Banyak banget bug sih Ga bisa unlike, video sering nge stuck sendiri, dll. Tolong di perbaiki",negative,anger,0.826
829,Alkhuzna Syaqila,"Alasan aku mau mendownload instragam adalah 1. Karena aku ingin menjadi artis/follow nya banyakk 2. Karena Instragram tidak iklan , tidak se",neutral,sadness,0.73
830,Noer sri mulyani,"udah baguss, tapi tolong buat arsip story jangan sampai hilang. dan untuk fitur fitur yang tidak berguna tolong jangan di tambahkan, karena ",positive,joy,0.85
831,Insan isslamay Qirani,"suka bngettt, tapi tolong deh instagram peerimbangin lagi klo mau ilangin fitur arsip, soalnya disitu bnyak kenangan bngett sama temen' lama",positive,joy,0.85
832,Fenny aprellia,Kenapa kamera nya cuma layar hitam saja? Ini sudah hampir 4 harian. Tolong dong perbaiki masalah bug nya. Terimakasih,negative,anticipation,0.89
833,Sky Satya,"Saya sangat amat kecewa, karena tiba-tiba akun saya di tangguhkan begitu saja tanpa adanya pesan konfirmasi dan alasan yang spesifik mengena",negative,anger,0.906
834,Ridho Fatkhul,"Akun saya diretas, diganti email dan nomor telepon. Sebenarnya bisa dipulihkan karena email awal masih aktif tapi harus dikirim kode ke nomo",neutral,anticipation,0.81
835,M. Ariq,"Satu yang saya keluhkan, adalah fitur arsip yang lama kelamaan mulai bermasalah dan dari kabar nya akan hilang. Saya harap ini tidak terjadi",neutral,anticipation,0.89
836,ifti rosy,"Banyak bug nya, gw posting foto ga bisa ke post lah, gw kirim pesan ke temen ga kekirim lah padahal saling mengikuti, aneh apk nya",negative,anger,0.826
837,rnr07 jumpalibas,"tolong perbaikin bug, saya upload story Ig di akun kedua saya,terus saya tag di akun pertama saya storynya gamuncul mlh hilng. sama akun Ig ",negative,anger,0.826
838,Rifdah Dzakirah,"Thiss app is really cool!! But, makin kesini kok jadi sering update ga penting dan ngurangin fitur adalan, tp overall udah keren dan jadi an",positive,joy,0.85
839,Muhammad Bagir,"tolong perbaiki lagi bug nya lah, masa eror terus tiap liat story, bacaannya ""cerita ini tidak tersedia"" semua orang sg nya kaya gitu, tolon",negative,anger,0.826
840,eza? yes i'am,"gk ada notif kalo lawan chat ketiduran, tadi gw abis diomelin doi gegara dia ketiduran sampe isya' pas lagi chatan, kelewat waktu sholat mag",neutral,anticipation,0.73
841,Akbar Ml,"Instagram sekarang ada2 saja banyak masalah sedikir2 di bandingkan sekalian hapus saja aplikasi Instagram ini meresahkan saja, banyak fitur ",neutral,anticipation,0.73
842,danky,"apk nya udah bagus cuma sering sekali ada bug ga bisa masuk, jadi harus uninstall dulu abis itu download lagi baru bisa",neutral,anger,0.73
843,Itzwo,"Apaan nih, tiba2 autentikasi aktif. Password berubah sendiri. Mau loggin malah ga bisa. Udah req buat di konfirm temen. Malah ga nongol noti",neutral,anticipation,0.73
844,nadya lolita,"JANGAN HILANGIN FITUR ARSIP DI INSTAGRAM!!!! Gak pernah sekecewa inii deh sumpah, semuaa kenangan foto dan videoku di arsip instagram semuan",neutral,sadness,0.81
845,Helen Pratama,"Instagram tolong dong jangan ilangin arsipan story/foto,pdhl kan up Ig biar bisa jadi kenang""an ga menuhin memori hp. Jangan dihilangin ya s",neutral,anticipation,0.89
846,Angel Ika,"pdhl udah di update, tapi kok sama aja? bener' gaada yang berubah padahal di handphone tmn' aku udh pada berubah tampilannya, ini kenapa gab",neutral,anticipation,0.81
847,Putri Agustiana,Saat saya menggunakan efek untuk foto malah jadi kedip2 itu kenapa ya ? Masalhnya cuman di Instagram aja di apk lain kalau foto pakai efek t,neutral,anticipation,0.73
848,Indah Andani,"haloo,pihak intagram saya mohon archive ig jangan di hapus ya cukup yang lain di hapus archive nya jangan,justru keuunggulan nya di ig ya ar",neutral,anticipation,0.89
849,Arum Noviana Ramadhan,Instagram makin bagus fitur fitur nya ya saya sangat suka apalagi bisa berkomentar di stories dan pengikut dari akun tersebut bisa melihat k,positive,joy,0.93
850,Donel,"saya tidak merasa melanggar aturan dari Instagram, sayya juga sudah 27 tahun , tapi kenapa akun saya dinonaktifkan, akun tidak pernah di ret",neutral,anticipation,0.81
851,Ikmah Jayanti,"tolong dong min masa baru di update fitur lagu di bio ga ada,gue mau hapus dari bio jadi gak bisa,tapi klo dilihat lewat akun lain masih ada",neutral,anticipation,0.97
852,Luluk Khuroidah,"Tampilan beranda ig kok jadi tampilan lama banget ga terupdate ga bisa memuat ulang beranda sudah saya coba beberapa cara masih gagal, adaka",neutral,anger,0.73
853,Dewi Dew,"Plis kenapa Instagram ku pas repost cerita temen lagunya ga bersuara ya, padahal itu cerita nya berlagu lohh. Plis tolongin banget udah liat",neutral,anticipation,0.81
854,Brenda Maulyta,"mau bikin akun baru gabisa, awalnya masih bisa ditoleransi tapi ini udah berapa bulan mau buat akun baru tetep aja gabisa, posting foto jg b",neutral,anticipation,0.81
855,Nazwa Tambusai,"saya sudah update tapi Instagram saya berbeda dari Instagram yg lainnya,seperti tidak ada yg berubah sama sekali,untuk apa di update tapi ti",neutral,anticipation,0.81
856,Arya Akram,ini kenapa ya Instagram saya mau mengambil Selfi karena akun saya Ter autentikasi 2 faktor dan saat saya mau mengambil Selfi malah di suruh ,negative,anger,0.826
857,Usman,"Terlalu banyak fitur yang tidak berguna, arsip story video malah ngefreeze mohon dikembalikan seperti semula",neutral,anticipation,0.81
858,Jaya Negara,"kenapa ya akhir akhir ijin banyak banget yang mengalami kendala waktu mau foto itu layarnya gelap(full item),tolong diperbaiki dongg susah b",neutral,anticipation,0.89
859,Mallory Flo,"Overall bagus, tapi mungkin ada bug atau semacamnya. Fitur terbarunya tidak muncul di akun pertama saya, tetapi di akun kedua saya ada. Moho",neutral,anticipation,0.81
860,Tanty Santira,Ini kenapa pas buka foto pke efek koq kedap kedip mulu??? Kaya ngehank gtu. Pdhl tiap hr dipke aman² aja skrg kamera'a gk bs dipke sama skal,negative,anger,0.826
861,Suci Maharani,"Instagram sangat bergunaa bagii sayaa,apalagi bagian archive story,sumpahh gunaa bangett,sayaa bisa melihat semua kenangan² bareng temann😻ma",neutral,sadness,0.73
862,Ilalang Setiawan,"Tolong jangan hapus fitur arsip, saya punya banyak kenangan foto/video disana. Jika ingin dihapus, maka berikan opsi download semua arsip da",neutral,sadness,0.81
863,IPSM Desa Resmi Tingal,"Baru memakai Instagram lagi, sedikit ada keluhan di bagian setting untuk video agar tidak diputar otomatis, saya cukup kesulitan.",neutral,anticipation,0.73
864,Bus Tomi,"apaan ini ga bisa upload postingan lebih dari 15 menit/1 jam,pdhl mau ngepost video tugas mlhn ga bisa,tolong dong untuk ig di tambah lagi d",neutral,anticipation,0.89
865,Chkwnmdr,Tolong dari pihak Instagram kenapa ketika saya mengirim pesan setiap beberapa menit selalu tdk terkirim padahal jaringan saya lancar² aja To,neutral,anticipation,0.81
866,Pengguna Google,"Ini gimana ceritanya kok bisa beda. Antara akun pertama dan akun kedua bisa-bisanya tampilannya nya berbeda, padahal udah di update, cache j",neutral,anticipation,0.97
867,Kaisar Arta,"banyak bug follower dan following, trs ada bug juga di fitur menambahkan lagu di profil, ada bug story ig jg dan masih bnyk lg bug""nya",negative,anger,0.826
868,zaza meylanie,"bug, selalu keluar sendiri kalau mau repost story. tolong pihak Instagram perbaiki lagi ya, sudah lebih dari 1 minggu bug terus di akun utam",negative,anger,0.826
869,Rafzan Gaming,"Saya sangat senang melihat info-info dari aplikasi Instagram ini, tapi saat itu saya hapus lagi Instagram saya, nah pas saya mau daftar lagi",positive,joy,0.85
870,Arjuna Astinova,"Pembaruan pembatasan akun lambat. Admin nggak kerja klo gini. Instagram lambat berinovasi... Sediakan juga upload foto dg banyak ukuran, ngg",negative,anger,0.746
871,Yeshaya ivander Tampubolon,"Saya memiliki keresahan, jika saya informasi yang berhubungan dengan instagram dari Google, pasti selalu terbuka ke ig lite, padahal saya ti",neutral,anticipation,0.89
872,Shinta Meli,"aduuuuhh tolong dong ig, ini knp ig nya nge bug, sy udah oke kan keluar dari akun, tapi knp malah sepam"" trs sih di layarnya, sy jadi ga bis",negative,anger,0.826
873,Sri Fitriyani,Instagram tuh lagi kenapa sih padahal yah engga posting apa-apaan tapi di suruh ngajuin banding katanya posting macem-macem tolong dong piha,neutral,anticipation,0.89
874,BEA JUNIA ISKA,"Sukak kesel aku tiap kali mau posting foto lama dari album/gallery, pasti yg muncul malah foto itu lagi itu lagi, gak ngerefresh banget! Ban",neutral,joy,0.73
875,I Gusti Putu Ngurah Dika Purnama Wardana,"Saya mau repost postingan saya di story dan menambahkan stiker pertanyaan, tapi setelah saya pencet bagikan ke story tiba tiba muncul bacaan",negative,anger,0.906
876,Srikandi,"makin kesini makin ga karuan nih ig, tolong dong di perbaikin, ko sekarang kalo bikin stori vidio jadi ga HD, terus vidio yang di arsip jadi",negative,anger,0.906
877,Rika Mufita,"Aku kok g bisa nyimpen video ke galeri knp y? Kn aku rekam pakek efek biasanya bisa disimpan ini koo gkkk ada tulisan ""Kesalahan"" Sampk tak ",neutral,anger,0.73
878,Rahmawati,"Agak gimana gitu fitur skrg, sering hilang2. Fitur penambah lagu di info akun itu ilang, pdhl kmrn msih ada. Pdhl pengen ganti lagu. Knp ya",neutral,sadness,0.73
879,Yon DoSa,"Kenapa instagram sekarang gak enak digunakan, dikit-dikit hapus komentar, kalau admin nya baperan, ganti aja namanya menjadi bapergram janga",neutral,trust,0.73
880,Risma Ike,Sangat membantu saya. Bisa di ser juga di fb. Ketika reel fb Q gk bisa muncul karena meng aktif kan uji coba A/b.tapi gk bisa di nonaktifkan,positive,joy,0.77
881,Puja Galang,"gimana siii instagram ko fitur arsip malah mau dihapus, awas yaa kalo sampe fitur arsip nya di hapus parah bgttt siii, bisa bisaaa kedepanny",negative,anger,0.906
882,Eriel Jacho,"Sy udah update masih ga bs downloax foto2 di arsip,juga ga bisa balikin ke feed. Mestinya upgrade malah downgrade. Jd bintangnya juga downgr",neutral,sadness,0.73
883,Rere Aji,"Setelah di update mau bikin story, reel,post kok ga ga ada fitur musiknya...jadi nyesel abis update",neutral,anger,0.73
884,naylabalqis 574,"habis di update kok apk nya keluar² sendiri yaa, pas udah di uninstall terus di install lagi malah gabisa dibuka, selalu stuck di logo🙏",neutral,anticipation,0.73
885,Nhuning 24,Sering update instagram tp hasilny jelek trus klau buka aplikasinya. Kadang gak bisa buka. Heran aku sama ni aplikasi. Makin ke update makin,neutral,anger,0.73
886,Said hafidz Muharram,Bgus tp...ada yang kurang knp pas mau menyimpan foto sma musik nya kok gk bisa nya apa saya blm download musik ya atau ig nya bermasalh ya,neutral,sadness,0.73
887,Muhammad Raihan,"ini kenapa ya? semenjak di update jaringannya jadi nge lag"" padahal waktu saya buka aplikasi lain itu jaringanny lancar tolong pihak instagr",neutral,anticipation,0.81
888,Si Dik,"kenapa sekarang Instagram tiba-tiba akun kita di nonaktifkan, padahal kami tidak melakukan yang aneh-aneh!!!!????? 🤔 ku beri bintang satu ka",neutral,surprise,0.81
889,Firmansyah,"Udah berkali kali update Instagram, tapi tetap sama aja nggak ada yang baru setelah di update, ada fitur font baru tapi kenapa tiap di updat",neutral,anticipation,0.73
890,mario pranoto,Bagus buat nonton juga bagus saat aku lihat scrolling itu muncul video yang aku ikuti tapi saat nonton tanpa nyentuh layar kan masih hidup i,positive,joy,0.85
891,Sylla SusiLawaty,Kenapa tidak bisa masukan kata sandi padahal kata sandi sudah sesuai dan di verifikasi berharap bisa pake kode email karna no kartu sudah ga,neutral,sadness,0.81
892,Mak Nyami,"Sebelumnya dulu Instagram saya gak seperti ini,dulu enak dipakai sekarang kok setiap lihat vidio reel itu gak bisa dibuat lihat sw Instagram",neutral,anticipation,0.73
893,Kadja,"Bro, kenapa Ig sekarang kayak tiktok? Jujur aja aku gak nyaman sih masa fitur baru ini dan ditambah lagi gambar dan video jadiin satu di kol",neutral,trust,0.81
894,Muhammad Fajri,"gajelas ni Instagram makin lama,banyak banget bugnya, masa di akun utama fitur note di postingan dan reel ga ada,padahal di akun kedua ada",neutral,anger,0.73
895,Dhita Azzahra,"Saya kasih bintang 1 karena tidak bisa menggunakan Instagram ini.,. ketika mau memposting foto selalu keluar dan harus log out dari akun pri",neutral,anticipation,0.97
896,Kania Chandra Puspita dewi,"Ini ig emang error atau gimana ya? Awalnya kan saya blokir orang terus saya buka lagi,tapi kok pas mau dm ada pilihan ""buka blokir,hapus"" se",neutral,anticipation,0.81
897,naya ziifara,"bagus, tapi kenapa aku gabisa liat story di instagram? setiap orang bikin story pasti tulisannya cerita sudah di hapus, padahal story nya ma",positive,joy,0.85
898,Sara Simahara,"Ini kenapa filter di ig nya kedip kedip,gabisa dipakai Tolong diperbaiki dong, Sudah dilaporkan tapi tidak ada perubahan sam sekali,tolong d",neutral,anticipation,0.89
899,Rasya Alika,"knp ya sekarang semenjak sudah update jadi bug truss,,saya jadi gak bisa liat status Ig orng orng,,cerita ini tidak tersedia Mulu bacaan nya",negative,anger,0.826
900,Dini Aulya,"hallo, fitur instagram kenapa ga support ke hp samsung ya? dr kemarin setiap buka kamera ig ga muncul tampilan kamera hanya layar item. moho",neutral,anticipation,0.81
901,Zahrotul Marzazila,"saya mengalami bug, saya tidak bisa mengikuti balik followers saya, saya minta bantuannya dihp saya terdapat tulisan seperti ini Akun dibata",negative,anger,0.826
902,Meli Amanda,"Kenapa ya pas buka kamera gelap aja tapi pas di pencet tombolnya muncul gambar, sedangkan kita kalo mau foto jadi ga keliatan kamera belakan",neutral,anticipation,0.73
903,Silvia Nurazmi Zahra,"Aku kasih bintang 5, tapi please jgn hilangkan arsip IG .🥲🥲 please please please jangan dong. Cuma di arsip aja aku bisa liat kenang kenanga",neutral,sadness,0.81
904,Scout T,"(izinkan menambahkan media) tolong di perbaiki lagi, masa udah di nonaktifkan fiturnya ga ilang ilang woy, balikin ga seperti semula 👊👊👊👊👊👊",neutral,anticipation,0.89
905,Intan Stella Nadeak,"Instagram banyak bug, lihat mention ig gabisa, sg diikuti kadang hilang/postingan tidam tersedia. Tolong diperbaiki",negative,anger,0.826
906,DINDA RAFIKA SUKMA TANJUNG,"Aku kasih bintang 5., TAPI PLEASE JANGAN ILANGIN FITUR ARSIP , sejauh ini fitur itu yg berguna bgt buat ngeliat kenangan., gapapa deh fitur ",neutral,disgust,0.73
907,Asri Ut,habis keupdate tiba tiba fitur musik distory sm dicatatan hilang trus juga sering gabisa up story.. ini knp yaa tolong yaa benerin lgi ini i,neutral,anticipation,0.81
908,Dzaky Muhammad,"Mengapa hal yang tidak saya sukai semakin banyak Muncul tiba-tiba dan pencarian, saya seorang Boxer dan suka olahraga di gym tapi apa yang a",positive,joy,0.85
909,위도황,"Apalah.. padahal udah diperbaharui melulu tp kok suruh memperbarui lagi? Trs klo mau upload story pasti ada tulisan ""kesalahan"" tolong dong ",neutral,anticipation,0.89
910,Claire Xlynn,"hadeh ni apk makin gajelas, fitur fitur nya suka muncul sama hilang sendiri secara tiba tiba, makin banyak bug",neutral,anger,0.73
911,Gina Aufa,ig nya kenapa ya? kalo liat status ig nya gabisa di liat pasti ada tulisan cerita tidak tersedia atau malah diliattin yang sudah saya liat k,neutral,anticipation,0.73
912,justmyrandom,"Mohon maaf, saya capek sama instagram, aplikasi saya sering ada masalah dan tidak kunjung membaik, dan ada beberapa komplain dari kerabat ju",neutral,anticipation,0.81
913,M. ANNUR FUAD FADHOLI,Sebenarnya fitur-fitur yang di rilis Instagram baru-baru ini bagus tapi ada bagian fitur add notes untuk menanggapi postingan orang lain yan,positive,joy,0.85
914,A Roni 03,"tolong developer cara ngatasin gak bisa lobe gimana yah,tolong di bantu,susah banget kalo mau live tapi ada tulisan tidak memenuhi syarat,to",neutral,anticipation,0.81
915,Addini Nur fadilah,"Instagram lu mending balikin fitur lagu yg ada di profile deh,benci banget gw kalo udah bela belain update eh malah tambah ngajelas aja fitu",negative,anger,0.826
916,Timotius Imanuel,"Kenapa akun saya ditangguhkan dan pas saya mengajukan banding tidak bisa/ stuck di bagian pengiriman kode lewat nomor hp, dan saya sampai sa",positive,anticipation,0.81
917,Aldo Morrisey,"Udah seminggu ini di hp samsung saya kalau pake Filter Layarnya Kedip2, kalau bkin Video Hasilnya Kedip2 juga, tolong dong perbaikin..",neutral,anticipation,0.97
918,YAN STORY,"Ini apaansi diupdate udh dah sllu di-update tpi knpaaa ig ny eror gini,mau mengikuti orang malah gabisa""tlonglah kesal jadinya kayak gak mer",negative,anger,0.826
919,ruri,"Akun gw ada beberapa tp tiap akun tuh ada yg telat update nya gitu lah, di satu akun ada fitur baru tp di akun lain gaada, itu kenapa sih be",neutral,anticipation,0.81
920,Aviola Tryani putri,"setelah diupdate fiturnya malah makin ga jelas, kalo ada yang nge tag di snapgram malah ke hapus sendiri kecewa banget, tolong perbaiki sece",negative,anger,0.826
921,Syifa denito,Kenapa setiap saya nonton reels atau story itu selalu slowmo ga sinkron sama suara? Apa yg harus saya lakukan untuk mengatasi permasalahan p,neutral,anticipation,0.81
922,Hardiyarti Farah Sadewi,"tolong pihak instagram membetulkan aplikasi instagram, saya sudah berkali kali menghapus kemudian menginstal lagi instagram karena ada masal",neutral,anticipation,0.81
923,Dita Qurotul,Kenapa di saat saya mau nge like postingan orang gabisa padahal sudah saya update tolong di perbaiki pihak ig tanggung jawab di update malah,neutral,anticipation,0.97
924,Jahra Baduy,Aku sangat puas mengguankan instagarm tetapi belakangan ini promosi jual saya kaya kuarang di rekomendasikan tolong bantu rekomedasikan ke p,positive,joy,0.93
925,Fibri Fibri,"Halo kak kok aku ajukan banding kenapaya pada saat aku rekam muka,kok bermasalah padahal jaringan udah baik dan udah ikuti instruksinya sedi",positive,joy,0.77
926,Fira Nabila,"kenapa tidak bisa dibuka? setiap mau login ig tiba tiba keluar. ""Instagram telah berhenti"" selalu ada text kaya gitu setiap buka ig. tiba ti",neutral,anticipation,0.73
927,Juliani waruwu,Instagram ini kalau mau nyimpan vidio ada lagu nya tapi ketika sudah di album malah lagu nggak ada gimana dong tolong,neutral,anticipation,0.81
928,Saskia Rahma,"saya sangat suka intagram, saya bisa membuat 1 akun lebih. setiap akun berbeda beda kepribadian. dan diantara banyaknya akun saya, saya puny",positive,joy,0.85
929,Zihan Syahira,"ini kenapa nge bug mulu dah, kok makin di update makin nge bug? apk ig sy jdi gak ad fitur sorotan nya, itu kenapa yaa?!!! tolongg perbaiki ",negative,anger,0.826
930,Muhamadisan wiran,"tolong dong, ko ini bug terus sih. gak bisa kirim dm malah ber icon ""mengirim"" load mulu saat mau bales dm. tolong perbaiki keluhan nya",negative,anticipation,0.89
931,Yayuk NH,"Kenapa sya tidak bisa menambahkan musik y, k postingan sya. Dlu bs , knp skrg tdk. Apakah Ig skrg sdh tdk bs menambahkan musik lg kah pada p",neutral,anticipation,0.73
932,Rahma Amaliaputri,mohon jangan hapus arsip Instagram karna itu alasan saya dan mungkin banyak orang juga untuk menggunakan Instagram dan menyimpan memory kehi,negative,anger,0.826
933,Suneo Kexcrot,"setiap saya memposting sebuah foto hasilnya selalu buram,pecah pecah,dan lain nya begitu juga ketika membagikan foto ke sebuah cerita hasiln",neutral,anticipation,0.73
934,Narita Meisya,"Enak di pakai, aplikasi nya juga menarik, dan bisa di pakai kapan saja, contohnya buat saya up video / foto, dan saya bisa foto menggunakan ",neutral,love,0.73
935,Moc Miftach Farid,"Saya memberikan 5 bintang, tetapi saya mohon jangan hilangkan fitur arsip. Sebab fitur tersebut sangat berguna untuk saya dan mungkin untuk ",neutral,anticipation,0.81
936,Faeyza Hidayat,Salah satu media sosial yang sangat bagus.Fitur-fitur yang disediakan oleh Instagram sangat simple dan mudah dimengerti serta dapat menjangk,positive,joy,0.85
937,Surya Pratiwi,Aplikasi nya bagus banget tapi kenapa yaa setiap ada yang buat story baru tu selalu gak bisa di liat yaa (cerita ini tidak tersedia) tolong ,positive,joy,0.85
938,Choirotun vira Agustina,"bagus sih tp saya pengen font nya kayak dulu, kadang sering bug lihat stori orang, semoga bisa diperbaiki lagi terimakasii 😍❤️‍🩹",neutral,anticipation,0.89
939,windri lestari,"Hai Instagram. Akun instagram milik saya sudah kembali normal, semua fitur bisa dinikmati seperti semula. Terimakasih atas perbaikannya.",neutral,anticipation,0.73
940,Sebastian B,Mau tanya dong ini kenapa di IG saya untuk story tulis textnya dia selalu ada background color dan tidak bisa dihilangkan (samsung s23),neutral,sadness,0.73
941,Bagus Pinuji,Fitur filter yang untuk story gabisa. Pas buka kedip2 hitam terus. Mau buat story ga enak. Solusinya tolong.,neutral,anticipation,0.81
942,Nabila Avliyatul Faizah,"Okey si kak cuma kadang agak ngehang entah karna hp saya atau ig nya si, cuma saya kasih apresiasi buat ig karna ada ig aku jadi punya kesib",neutral,anticipation,0.73
943,One ST,"Tolong diperbaiki dong bug suara yg dipostingan, Setiap saya melihat postingan ig dengan foto lebih dari 1 (postingan foto slide) suara lagu",negative,anticipation,0.89
944,M.Refin Aditya,"Banyak bug, terutama kalo ganti profil ig sama ganti profil sorotan, ga mungkin bisa kalo ganti PP pake wifi di ig mah pasti bakal stak load",negative,anger,0.826
945,Prima Kurnia,Tingkat keamanan kurang dan mudah sekali teretas / terkena hack. Tolong perbaiki dan tingkatkan keamanan serta tingkat privasi. Perbaiki jug,positive,joy,0.85
946,Firdaus Abdllah,"Sekarang bugnya jadi makin banyak dan cukup mengganggu. Seperti lagu yang ditambah ke postingan, tidak ada suaranya dan tidak ada lambang sp",neutral,anticipation,0.81
947,Vivo New,"Saya suka intagram begitu banyak video bermanfaat di dalamnya, namu saya jarang membukanya di karenakan videonya berresolusi sangat tinggi s",positive,joy,0.85
948,Rahadian Ilham,"Hai developer, saya mengalami masalah dalam editing dan upload reels dengan video 1080p/100fps 16:9, ketika melakukan edit reels di Instagra",positive,joy,0.85
949,Chicha Vitha,"Sudah beberapa hari lagu yg ada dipostingan hilang suaranya,padahal masih ada keterangan lagunya.Udah beberapa kali diuninstal coba instal l",negative,anger,0.826
950,Ahmad Rizal,Setelah update jadi makin ngaco. Sekarang setiap ada video kita tap (normalnya untuk mengaktifkan suara) sekarang malah jadi reel. Padahal v,neutral,anticipation,0.81
951,Cantika Fadiya Adillah,"Kenapa ya akun Instagram saya ketiga²nya jika menonton video reels suka delay videonya dari suaranya, ga sesuai dengan suaranya gitu lho. Sa",positive,joy,0.85
952,Natasya Tasya,"Apalahh, instagram makin lama makin banyak bug nya, dari filter, bahkan kalo mau post reel atau story juga selalu ada tulisan 'kesalahan', u",negative,anger,0.906
953,Vebi,"apk nya makin di update skrg malah tambah bug, tiap kali mau bikin sorotan baru pasti lama banget nunggu nya kadang ngga selesai selesai dan",negative,anger,0.826
954,SAITATI AL ISTIFAIYYAH,"Plis instagram kenapa berubah sih, camera video call udah bagus setengah setengah sama lawan bicara(atas bawah), sekarang malah berubah jadi",positive,joy,0.98
955,Su Wignyo,"Gatau ig skrng banyak bug nya. Mulai dari, postingan ga ada suaranya dan simbol speakernya, emoji yg direkomendasikan di keyboard pas dipenc",negative,anger,0.826
956,Alfionita,"ini udah kejadian dari dulu si, tiap post story foto dikasih musik selalu kepotong musiknya. yang harusnya 15 detik pas sebelum upload eh ma",neutral,anticipation,0.73
957,Karina Ramadhani,"gimana ya, ig makin kesini makin banyak bug nya, awalnya maklum tapi lama² bikin kesel juga, salah satu yang bikin aku kesel banget akhir² i",negative,anger,0.826
958,Cheisya Assifa,"apk bagus tapi kenapa sering keluar sendiri, udah tiga kali harus login lagi ke Instagram padahal ga ada apa-apa masa tiga kali disuruh memb",positive,joy,0.85
959,cindy,"over all semua update an nya bagus dari fitur instagram, mulai dari bisa post video/foto lebih 10 dll, tapi kecewa banget kenapa font asliny",neutral,anticipation,0.81
960,ramadhika disini,"banyak bugnya sekarang, habis di perbaharui malah kek apk cacat, layar camera tb"" item, tiba"" ngescroll berkali kali, dll",neutral,anger,0.73
961,Siti Aisyah,"sebenernya udah bagus kok, cm ada beberapa fitur yg seharusnya gausah di ubah, seperti mengubah lagu di postingan, (sekarang gabisa, tp dulu",positive,joy,0.85
962,Aghisti Rizqi,"Sering eror! Kemarin bug tiba-tiba akun ke log out sendiri, sekarang bikin ig story selalu terjadi kesalahan (ga bisa ke post). Mau di updat",negative,anger,0.906
963,Nur asikin,"Tolong dong min tambahin fitur pengganti lagu di postingan foto Instagram, supaya memudahkan dalam mengubah jd ga perlu lgi membuat postinga",neutral,anticipation,0.89
964,Raisya Qolby Surya,habis di update kok reels nya malah ngelag2 ya? kadang ga bisa keputer juga padahal sinyal lancar. Juga dibagian menambahkan lagu di story k,neutral,anger,0.81
965,M. Rusydi Ilman Huda,"Sungguh mengecewakan saat fitur flipside telah dihapus, padahal itu fitur yang bagus agar dari setiap pengguna tetap menyematkan identitas k",positive,joy,0.85
966,Triyono bontot (Triyono46_stark),Terus tingkatkan fitur dan efisiensi. Fitur repost reels ke instastory dengan background foto dah ada cmn isi konten/video tidak muncul pada,neutral,anticipation,0.73
967,Kirana Aulia Putri,"Baru diupdate malah tambah error aja. Tampilan reels di beranda jadi terpotong, harus di klik dulu biar jadi full. Chattingan dm juga sukany",negative,anger,0.826
968,pangeran bertopeng,"Bintang satu, karena fitur arsip akan dihilangkan, padahal fitur arsip sangat berguna bagi saya pribadi untuk menyimpan kenangan dari masa k",neutral,sadness,0.81
969,Elena Amira,"Tolong bgt ini kenapa followers nya bisa ilang2 an yaa kek otomatis gtu ilang nyaa sehari bisa ilang 100 lebih followers, dari dulu sempet g",neutral,anticipation,0.89
970,Agra Hizbullah,Saya tidak bisa login di instagram. Instagram aneh padahal saya sudah melakukan login dengan benar. Saat login selalu muncul tulisan kesalah,neutral,anger,0.73
971,Andina Safitri,"Tiba-tiba ig saya eror tdk ada gambar dan loading, padahal wifi saya lancar-lancar saja. Tolong segera diperbaiki. Terimakasih",neutral,anticipation,0.97
972,Drian astina,"Tolong dong, saat upload story opsi lagu yang sudah saya simpan bisa di akses lebih mudah lagi saat mengupload story ig",neutral,anticipation,0.89
973,Wahyu Edy Gunawan,"Tolong perbaiki fitur menyematkan musik pada informasi bio akun, karena beberapa akun tidak mendapatkan fitur tersebut (termasuk akun milik ",neutral,anticipation,0.89
974,Queen Rara,"Sebel banget sekarang instagram jelek banget,bug nya itu lho banyak banget,pas mau ngedit deskripsi gk bisa,pas mau phosting eror,pas mau ko",negative,anger,0.906
975,Papan Jawa,Kepada developer kenapa fitur login dari Facebook tidak ada lagi saya kesusahan ketika login ingin memulihkan akun tapi kata sandi salah ken,neutral,anticipation,0.73
976,Sinchan Azha,"tolong dong aplikasi nya dibenerin, saya mau upload story ig tidak bisa dan malah stuck diangka 90%, tolong secepatnya untuk diperbaiki teri",neutral,anticipation,0.97
977,Fox Sins,"Apansih sekarang sering mengalami masalah apload sering stuck di 90% padahal jaringan saya lancar banget, gak kayak biasanya cepat, tolong p",neutral,anticipation,0.89
978,Ayundaa,"kenapa notifikasi memposting foto dan cerita selalu telat????, saya jadi tidak gercep saat belahan dunia saya (idol kpop) me ngepost posting",neutral,anticipation,0.89
979,putri anisa,"Tolong pihak instagram untuk dapat merespon email yang kami kirimkan tentang permasalahan yang di alami pada saat login, bukannya di abaikan",neutral,anticipation,0.89
980,AS. Firdaus,"Sangat tidak menyenangkan, tidak ada pelanggaran apapun akun saya yang kedua tiba-tiba ditangguhkan tanpa alasan. Tolong jelaskan !!! Perlak",negative,anger,0.826
981,Salma Khairunnisa',"Baik buruknya tergantung pengguna, kalau mencari ilmu dan kebaikan atau manfaat tentunya banyak dan mudah, tapi juga dapat menjadi pintu bes",positive,joy,0.77
982,Arnita duwi Anggraini,Tolong dong developer buat instagram aplikasinya di buat bisa bedain mana yang gak follback dan mana yang follback biar ga harus bukain satu,neutral,anticipation,0.89
983,Wijayati,Kenapa saya login malah muncul tulisan 'terjadi kesalahan tidak terduga silahkan cobalagi' Tapi dicoba lagi ttp gabisa pdhl apk sudah saya u,neutral,anger,0.73
984,Dwi Sulistiawati,Gak ngerti klo bikin iklan suka susah buat di promosiin postingan. Mudahin dong utk utk buat iklan di ig jgn dibikin ribet & susah,positive,joy,0.85
985,Lailatul Masruroh,"Font baru yg di story mana yaa, baru juga update bbrpa hari lalu, kok udah balik ke setelan awal, padahal udah suka sama font nya udah bagus",positive,joy,0.93
986,Ivan Vlog,"fitur ""izin menambah foto"" tidak bisa di hilangkan dari tampilan, sehingga jelek dilihat tampilan postingannya. Apk sekelas meta kok begini",neutral,anger,0.73
987,F.Abiyyu Bahy,tolong untuk pihak aplikasi ini akun saya ingin hilang saya akun saya sudah tertaut oleh fb tetapi tidak diterima/tombol opsi login fb tidak,negative,anger,0.826
988,Pengguna Google,"Kesel tiap up video lama bgt pdhl jaringan full,paket ada,pake wifi juga sama mentok 90,ga keunggah² udh 20 menitan,sllu gitu. Apl ny udh pa",neutral,anticipation,0.73
989,Sely Amelia,"Semuanya sudah bagus tetapi ketika disediakan sorotan loading untuk menambahkan sampulnya itu sangat lama, tolong segera dibenarkan",positive,joy,0.85
990,Viking Calm,"pencarian lagu buat story tidak sesuai dengan kata kunci nya, sering kali lagu yg diinginkan tidak tersedia di pencarian. trus hasil edit bu",neutral,anticipation,0.89
991,Orang Biasa,"Untuk Instagram, aku ada saran plis tolong buat fitur daftar mengikuti di Instagram bisa di privat walaupun orang udah follow Instagram kita",neutral,anticipation,0.81
992,"RUDIYANSYAH .,SP",Instagram sekarang banyak aneh nah kok bisa bisa akun gue engga bisa di gunakan.. tolong lah pihak Instagram di perbaiki secepatnya. Bikin j,neutral,anticipation,0.89
993,Vivo Keren,Dipermudah lagi ya untuk pemilihan akun instagram nya soalnya saya sudah tidak dapat akses lagi melalui whatsapp atau SMS dikarenakan nomor ,neutral,anticipation,0.73
994,Aulyazarra Nurmulya,Lama nunggu ke cerita untuk foto di instagram padahal wife udah jaringan nya bagus. ini aplikasiNya lemot cape gua . Nunggu berasa se jam ak,positive,joy,0.93
995,Grktng,"Tolong pihak instagram perbaiki juga bagian arsipnya, masa iya dengan alasan teknis tapi tidak bisa diperbaiki dan malah akan dihapus arsip²",neutral,anticipation,0.89
996,"Samuel P Harianja,SH","Saya sudah bertahun2 pake IG makin kesini makin gak jelas, vidio gak bisa full di upload jadi kepotong, dan gak bisa stanby suka mati sendir",positive,joy,0.85
997,Radit Taulandi,Halo developer ini bug atau gimana saya tidak bisa melakukan live streaming setelah update kemarin dan sampai sekarang saya tidak bisa melak,negative,anger,0.826
998,Nazw _a*24.,akun saya gabisa login!! awalnya kena suspend gajelas dab itupun semua akun saya dan saya gabisa bikin Instagram baru lalu saya daftar lewat,neutral,anticipation,0.89
999,Nabilal Basyeh,"Tolong admin bug nya perbaiki saya tidak bisa mengunggah story, ini sangat menggangu kenyamanan saya sebagai pengguna aplikasi, terimakasih.",negative,anger,0.826
1000,Panisa Nisa,Ini Instagram lagi kena bug atau bagaimana ya? Kenapa dari tadi gak bisa buka komentar di setiap postingan? Padahal udah saya update tapi te,negative,anger,0.826
