record_id,username,original_text,cleaned_text,slang_normalized_count,emoji_tokens_count,rating,target_emotion
IG-000001,Mila Daihatsu Murah,"TOLONG KEMBALIKAN AKUN SAYA.. Akun ig sya tiba"" di tutup oleh pihak ig nya, TIDAK BISA LOGIN, sya tidak membuat kesalahan, padahal sya sudah lama pakai aplikasi ini, dan ketika sya akan buat akun yg baru juga sma sekali tidak bisa? Aplikasi nya tidak bisa membantu sma sekali.. SANGAT SANGAT SANGAT SANGAT KECEWA KECEWA KECEWA.....","TOLONG KEMBALIKAN AKUN SAYA. Akun Instagram saya tiba"" di tutup oleh pihak Instagram nya, TIDAK bisa LOGIN, saya tidak membuat kesalahan, padahal saya sudah lama pakai aplikasi ini, dan ketika saya akan membuat akun yang baru juga sama sekali tidak bisa Aplikasi nya tidak bisa membantu sama sekali. SANGAT SANGAT SANGAT SANGAT KECEWA KECEWA KECEWA.",13,0,1,Sadness
IG-000002,Yepri Merbin,"ini Instagram kenapa ya???? setiap buat sorotan baru plus sama sampul nya, loading nya lama bangett itu knapa yaa!?? tolong pihak Instagram benerin bug nya saya sedikit kesal dan itu terus berulang-ulang kali padahal jaringan/data saya itu bagus engga ngelag tapi knp loading nya lama, TOLONG PIHAK INSTAGRAM SEGERA BETULIN BUG NYA!!!!!!!!","ini Instagram kenapa ya? setiap membuat sorotan baru plus sama sampul nya, proses memuat nya lama banget itu kenapa ya tolong pihak Instagram memperbaiki gangguan bug sistem nya saya sedikit kesal dan itu terus berulang-ulang kali padahal jaringan/data saya itu bagus tidak kinerja lambat atau macet tapi kenapa proses memuat nya lama, TOLONG PIHAK INSTAGRAM SEGERA memperbaiki gangguan bug sistem NYA!",13,0,1,Anger
IG-000003,Zahiya Wardatunnisa,"salah satu aplikasi media sosial favorit aku ni🤩, buat keseluruhan aplikasinya sudah baik, tapi, terkadang sering ada bug, seperti susah buat melihat stories, atau lagu yang dipost sama seseorang gak muncul diatas. . . saya harap segera diperbaiki, thanks","salah satu aplikasi media sosial favorit aku ni [EMO_JOY] , membuat keseluruhan aplikasinya sudah baik, tapi, terkadang sering ada gangguan bug sistem seperti susah membuat melihat stories, atau lagu yang dipost sama seseorang tidak muncul diatas. . . saya harap segera diperbaiki, terima kasih",5,1,5,Trust
IG-000004,Aditya Fadlani,"banyak update banyak juga bug, saya udah follow teman saya tapi tiba-tiba le unfollow dengan sendirinya dan itu terjadi berulang ulang, padahal koneksi ke data seluler/wifi bagus ga ada gangguan, dan juga sekarang malah sering lag dan setiap buka story ig orang lain malah ga kebuka......","banyak update banyak juga gangguan bug sistem saya sudah follow teman saya tapi tiba-tiba le unfollow dengan sendirinya dan itu terjadi berulang ulang, padahal koneksi ke data seluler/wifi bagus tidak ada gangguan, dan juga sekarang malah sering lambat dan setiap buka cerita Instagram Instagram orang lain malah tidak kebuka.",7,0,1,Trust
IG-000005,Aylsa,"Halo, Instagram! Aku mau sampaikan keinginanku dong buat aplikasi Instagram. Boleh ga kalau musik di cerita di perpanjang? soalnya kalau 15 detik aja itu menurutku kurang cukup. Apalagi kalau lirik²nya bagus. Nanggung ga si? Jadi aku pengen Instagram manjangin durasi musik di cerita, Thank You Instagram udah nyempetin baca ini!","Halo, Instagram! Aku mau sampaikan keinginanku lah membuat aplikasi Instagram. Boleh tidak kalau musik di cerita di perpanjang? soalnya kalau 15 detik aja itu menurutku kurang cukup. Apalagi kalau lirik²nya bagus. Nanggung tidak si? Jadi aku pengen Instagram manjangin durasi musik di cerita, Thank You Instagram sudah nyempetin baca ini!",5,0,4,Trust
IG-000006,Yusuf,"Makin sini makin banyak bug aplikasi ini, Mau liat Story loadingnya lama banget padahal sinyal bagus, buka beranda blank putih semua, terkadang buka reel gak maju videonya padahal pas saya scroll ke bawah video kedua jalan lancar tpi discroll ke atas lgi masih tetep gak jalan video yang pertama, tolong diperbaiki wahai pihak Instagram","Makin sini makin banyak gangguan bug sistem aplikasi ini, Mau melihat cerita Instagram loadingnya lama banget padahal sinyal bagus, buka beranda blank putih semua, terkadang buka reel tidak maju videonya padahal saat saya scroll ke bawah video kedua jalan lancar tetapi discroll ke atas lagi masih tetep tidak jalan video yang pertama, tolong diperbaiki wahai pihak Instagram",8,0,2,Trust
IG-000007,Soto ayam,"Woi tolong lah ya, pakai akun lama malah gak bisa musik yang di profile itu, akun baru ada, mau pake akun lama tapi tombol musik di profile nya gak ada awalnya ada lalu tiba tiba hilang, jadi mau hapus lagunya pun gak bisa. Tolong diperbaiki. Terimakasih.","Woi tolong lah ya, pakai akun lama malah tidak bisa musik yang di profile itu, akun baru ada, mau pakai akun lama tapi tombol musik di profile nya tidak ada awalnya ada lalu tiba tiba hilang, jadi mau hapus lagunya pun tidak bisa Tolong diperbaiki. Terimakasih.",6,0,1,Sadness
IG-000008,maudy 075,"sekarang ko aneh bangett, mau upload story muter²terus, padahal jaringan bagus, dan yg lebih parahnya, foto yg baru saya ambil langsung dari instagram dan saya masukin draft,tidak bisa disimpan! gimana ini aplikasi nyaa!!","sekarang ko aneh banget mau upload cerita Instagram muter²terus, padahal jaringan bagus, dan yang lebih parahnya, foto yang baru saya ambil langsung dari instagram dan saya masukin draft,tidak bisa disimpan! gimana ini aplikasi nyaa!",5,0,2,Trust
IG-000009,isthatrubio _,"Banyak bug! Buka DM, tampilan bar atas full putih. Info batre, sinyal, notif ga ada, full putih. Tiap buka profil, tombol Threads, Buat dan Pengaturan dan Aktivitas hilang, harus buka tab lain lalu balik lagi ke tab Profil supaya muncul tombolnya. Perbaiki lagi, saya pengguna Android 8.0 Oreo.","Banyak gangguan bug sistem Buka pesan langsung tampilan bar atas full putih. Info batre, sinyal, notif tidak ada, full putih. Tiap buka profil, tombol Threads, membuat dan Pengaturan dan Aktivitas hilang, harus buka tab lain lalu balik lagi ke tab Profil supaya muncul tombolnya. Perbaiki lagi, saya pengguna Android 8.0 Oreo.",4,0,1,Sadness
IG-000010,rilatriani,"Mohon ya untuk instagram agar lebih di upgrade lagi mengenai pemilihan foto, misal kalo mau buat foto grid kan nanti pilih foto ya, kalo bisa jangan ngulang dari awal lagi pas pemilihan foto kedua, jadi susah lagi nyari fotonya, harus di scroll bawah lagi, lebih bagus yang dulu, pemilihan foto kedua enggak perlu geser² tinggal lanjutin dari posisi foto pertama tdi.","tolong ya untuk instagram agar lebih di upgrade lagi mengenai pemilihan foto, misal kalo mau membuat foto grid bukankah nanti pilih foto ya, kalo bisa jangan ngulang dari awal lagi saat pemilihan foto kedua, jadi susah lagi nyari fotonya, harus di scroll bawah lagi, lebih bagus yang dulu, pemilihan foto kedua tidak perlu geser² tinggal lanjutin dari posisi foto pertama tdi.",6,0,2,Trust
IG-000011,Khansa Ghaida Ramadhani,"Mohon banyak sekali yang harus diperbaiki, kenapa arsipan story yang ada lagunya kita banyak yang menjadi burem, tidak menyamankan untuk dimasukkan ke highlight, dan juga beberapa foto di arsipan kita malah tidak bisa dibuka sama sekali, padahal dulu tidak ada kendala kendala seperti itu, menurut saya ini sangat merugikan banyak orang jadi tolong secepatnya perbaiki. Dimana mana fitur sosmed itu berkembang bukan malah makin banyak masalah teknisnya.","tolong banyak sekali yang harus diperbaiki, kenapa arsipan cerita Instagram yang ada lagunya kita banyak yang menjadi burem, tidak menyamankan untuk dimasukkan ke highlight, dan juga beberapa foto di arsipan kita malah tidak bisa dibuka sama sekali, padahal dulu tidak ada kendala kendala seperti itu, menurut saya ini sangat merugikan banyak orang jadi tolong secepatnya perbaiki. Dimana mana fitur sosmed itu berkembang bukan malah makin banyak masalah teknisnya.",5,0,2,Optimism
IG-000012,Salwa Salsabila,"Tolong perbaiki lagi kualitas foto or vid yg kita up ke story terutama pas udah di tambahin musik, pas ke up jadi burik banget sumpah, abis itu klo yang awalnya bagus ntar pas lama2 baru di cek udah burem banget, nge up tinggi2 kuota kemakan eh kualitasnya jelek","Tolong perbaiki lagi kualitas foto or vid yang kita up ke cerita Instagram terutama saat sudah di tambahin musik, saat ke up jadi burik banget sumpah, abis itu kalau yang awalnya bagus ntar saat lama2 baru di cek sudah burem banget, nge up tinggi2 kuota kemakan eh kualitasnya jelek",9,0,1,Trust
IG-000013,Selly Marsya Aprilia,"sebenarnya fitur instagram yang sudah developer rancang alias kembangkan kembali ini sudah bagus & sanggat membantu kami sebagai user ( pengguna ). tetapi sebagian masalah muncul mulai dari reload reels, dm, dan stories yang tidak bisa di unggah seperti foto tersebut tidak muncul. sebagai pengguna aktif instagram saya mengakui bahwa pencanggihan memadai ini sangat baik, namun perlu diperbaiki lagi dalam perihal kendala. karena tidak sedikit mereka yang mengeluhkan hal ini, itu saja dari saya.","sebenarnya fitur instagram yang sudah developer rancang alias kembangkan kembali ini sudah bagus & sanggat membantu kami sebagai user ( pengguna ). tetapi sebagian masalah muncul mulai dari reload video reels pesan langsung dan stories yang tidak bisa di unggah seperti foto tersebut tidak muncul. sebagai pengguna aktif instagram saya mengakui bahwa pencanggihan memadai ini sangat baik, namun perlu diperbaiki lagi dalam perihal kendala. karena tidak sedikit mereka yang mengeluhkan hal ini, itu saja dari saya.",3,0,5,Trust
IG-000014,Gedebil bangettt,"Sebenarnya aplikasinya bagus tapi sekarang banyak bug yang ganggu. contohnya bug fitur musik yang ada di profil Instagram ,di pengaturan saat edit profil fitur musik nya gak ada (hilang padahal dulu ada dan udah kepake)aneh nya di profil aku gaada musiknya sementara akun lain bisa lihat fitur musik nya di profil aku.tapi aku sendiri gabisa lihat.udah aku laporkan bug nya ke Instagram 4-5 kali belum di benerin.KECEWA BANGET SIH......","Sebenarnya aplikasinya bagus tapi sekarang banyak gangguan bug sistem yang ganggu. contohnya gangguan bug sistem fitur musik yang ada di profil Instagram ,di pengaturan saat edit profil fitur musik nya tidak ada (hilang padahal dulu ada dan sudah kepake)aneh nya di profil aku gaada musiknya sementara akun lain bisa lihat fitur musik nya di profil aku.tapi aku sendiri gabisa lihat.udah aku laporkan gangguan bug sistem nya ke Instagram 4-5 kali belum di benerin.KECEWA BANGET gerangan",7,0,3,Sadness
IG-000015,Budi Prasetyo,"Lebih canggih boleh, tapi easy to use lah... Jangan cuman canggih doang tapi tidak mudah untuk dioperasikan. Kalo mau jumping, buat pengenalan fitur saat pertama kali di update. Kalo masih ada yang komplain pakai checklist aja dengan klik lanjutan berarti pengguna sudah mengetahui cara menggunakan fitur terbaru, dan lebih plusnya untuk beberapa user yang tidak ramah dengan pembaharuan dikasih pilihan mau pakai ui yg baru atau lama. Bisalah developer...","Lebih canggih boleh, tapi easy to use lah. Jangan cuman canggih doang tapi tidak mudah untuk dioperasikan. Kalo mau jumping, membuat pengenalan fitur saat pertama kali di update. Kalo masih ada yang komplain pakai checklist aja dengan klik lanjutan berarti pengguna sudah mengetahui cara menggunakan fitur terbaru, dan lebih plusnya untuk beberapa user yang tidak ramah dengan pembaharuan dikasih pilihan mau pakai ui yang baru atau lama. Bisalah developer.",2,0,1,Joy
IG-000016,c0likiawan,"Aplikasi yang sangat recommended terutama fiturnya yang sangat canggih dan bisa merasakan bagaimana rasanya bermain masak²an, gobag, emprak, jemblong. Apalagi kalau tambahin fitur ""setiap like postingan/reels/story"" dapet kiss dari pengguna yang kita like, mantappp.","Aplikasi yang sangat recommended terutama fiturnya yang sangat canggih dan bisa merasakan bagaimana rasanya bermain masak²an, gobag, emprak, jemblong. Apalagi kalau tambahin fitur ""setiap like postingan/reels/story"" dapat kiss dari pengguna yang kita like, sangat bagus",4,0,5,Trust
IG-000017,Herlina Sibarani,"Instagram setelah di update malah sering ngelag, foto dan video reels atau sekedar melihat story juga lambat sekali, ketika dilihat tidak ada masalah dengan jaringan data seluler,semoga setelah di update Instagram kembali seperti kemarin"".","Instagram setelah di update malah sering kinerja lambat atau macet foto dan video video reels atau sekedar melihat cerita Instagram juga lambat sekali, ketika dilihat tidak ada masalah dengan jaringan data seluler,semoga setelah di update Instagram kembali seperti kemarin"".",3,0,1,Optimism
IG-000018,Ocha Bta,"For Mimin Instagram🤍🖤:kadang kalau bikin reel Instagram pakek musik,itu lagu sama video saya gak pas😓,jadi vidio saya nya kecepatan,dan lagu nya kadang juga lembet/telat, sama vidio saya nya,tolong dong min apa hp saya nya yang kentang🙏🏻, terimakasih","For Mimin Instagram :kadang kalau membuat reel Instagram pakek musik,itu lagu sama video saya tidak saat ,jadi vidio saya nya kecepatan,dan lagu nya kadang juga lembet/telat, sama vidio saya nya,tolong lah min apa hp saya nya yang kentang [EMO_TRUST] , terimakasih",4,1,3,Trust
IG-000019,Tengku Hastriad,"Akun saya hilang. Tidak tau apa penyebabnga. Sudah coba dipulihkan tapi tidak ada gunanya. Ketika membuat akun baru, tiba tiba diberi peringatan. Setelah mengajukan banding dan meminta mengambil video diri sendiri, katanya ada masalah jaringan padahal jaringan sedang bagus. Ruang penyimpanan juga masih luas. Sebenarnya Instagram maunya apa?","Akun saya hilang. Tidak tahu apa penyebabnga. Sudah coba dipulihkan tapi tidak ada gunanya. Ketika membuat akun baru, tiba tiba diberi peringatan. Setelah mengajukan banding dan meminta mengambil video diri sendiri, katanya ada masalah jaringan padahal jaringan sedang bagus. Ruang penyimpanan juga masih luas. Sebenarnya Instagram maunya apa?",1,0,2,Sadness
IG-000020,Cemon Miban,"makin hari, fiturnya makin ga jelas. banyak yang gak bisa digunain, ada juga yang Fiturnya kadang muncul kadang nggak. akhir akhir ini juga di suruh update trs, setelah update gak ada hal hal yang baru tuh. pas mau buka reels juga, reels pertama selalu macet ga bisa di buka. mulai reels kedua baru bisa. makin aneh aja","makin hari, fiturnya makin tidak jelas. banyak yang tidak bisa digunain, ada juga yang Fiturnya kadang muncul kadang tidak akhir akhir ini juga di suruh update trs, setelah update tidak ada hal hal yang baru tuh. saat mau buka video reels juga, video reels pertama selalu macet tidak bisa di buka. mulai video reels kedua baru bisa makin aneh aja",12,0,3,Optimism
IG-000021,Ezell Hermanus,"Bagus sih iya, updatenya yang tidak. Kenapa setiap update, setiap video atau foto yang udh disimpan di arsip tiba"" bisa hilang? Saya mau story saya sehabis saya story, bisa langsung disimpan di arsip, agar memori di hp saya tidak penuh, jdi video ato foto yg udh saya story bisa saya lihat di arsip.","Bagus gerangan iya, updatenya yang tidak. Kenapa setiap update, setiap video atau foto yang sudah disimpan di arsip tiba"" bisa hilang? Saya mau cerita Instagram saya sehabis saya cerita Instagram bisa langsung disimpan di arsip, agar memori di hp saya tidak penuh, jdi video ato foto yang sudah saya cerita Instagram bisa saya lihat di arsip.",10,0,5,Trust
IG-000022,Netto shippuden,"Untuk fitur dah bagus tapi Buat edit video pasti slalu bug sound nya bunyi terus walau sudah di pause/dicancel tapi masih bunyi terus jadi kayak suara background gak bisa hilang hilang , harus diclose dulu baru buka aplikasi lagi","Untuk fitur dah bagus tapi membuat edit video pasti slalu gangguan bug sistem sound nya bunyi terus walau sudah di pause/dicancel tapi masih bunyi terus jadi seperti suara background tidak bisa hilang hilang , harus diclose dulu baru buka aplikasi lagi",5,0,2,Sadness
IG-000023,Sipa Aulia,"kenapa ya dari kemarin siang, ig kalau di buka layarnya selalu hitam, dan sekalinya bisa jga lama banget nunggu nya, mana tiap ngebuka selalu ada bacaan ig tidak menanggapi, ngebug parah jga, pdhl jaringan dan memo sya tidak ada masalah apa2, dan saya pikir juga, kalau di update bakalan membaik, ternyata malah makin ngebug parah, tolong ya untuk pihak ig, perbaiki kembali ig nya seperti awal² 🙏🏻🙏🏻","kenapa ya dari kemarin siang, Instagram kalau di buka layarnya selalu hitam, dan sekalinya bisa juga lama banget nunggu nya, mana tiap ngebuka selalu ada bacaan Instagram tidak menanggapi, ngebug parah juga pdhl jaringan dan memo saya tidak ada masalah apa2, dan saya pikir juga, kalau di update bakalan membaik, ternyata malah makin ngebug parah, tolong ya untuk pihak Instagram perbaiki kembali Instagram nya seperti awal² [EMO_TRUST] [EMO_TRUST]",8,2,3,Optimism
IG-000024,Yesya Dian nur cahyati,"Instagram reels saya gabisa digunakan beberapa hari ini, padahal koneksi saya bagus, dan sudah di update, sudah saya gunakan segala cara tapi reels nya masih belum bisa digunakan,, untuk sementara saya beri bintang 2,tolong instagram respon keluhan saya mengenai bug ini 🙏ini menganggu","Instagram video reels saya gabisa digunakan beberapa hari ini, padahal koneksi saya bagus, dan sudah di update, sudah saya gunakan segala cara tapi video reels nya masih belum bisa digunakan, untuk sementara saya beri bintang 2,tolong instagram respon keluhan saya mengenai gangguan bug sistem ini [EMO_TRUST] ini menganggu",4,1,2,Trust
IG-000025,Muhammad yasashi Kanemochi,"Subject: Saran Fitur: Tambahkan Musik ke Postingan Foto di Feed Pesan: Halo Tim Instagram, Saya ingin mengusulkan fitur baru yang memungkinkan pengguna menambahkan musik ke postingan foto di feed. Fitur musik di Stories dan Reels sangat menarik dan membantu kami mengekspresikan diri dengan lebih kreatif. Namun, saat ini, pengguna tidak dapat menambahkan musik ke foto yang diposting di feed. Dengan adanya fitur ini, kami bisa membagikan momen-momen spesial dalam bentuk foto sambil diiringi mu","Subject: Saran Fitur: Tambahkan Musik ke unggahan konten Foto di linimasa beranda Pesan: Halo Tim Instagram, Saya ingin mengusulkan fitur baru yang memungkinkan pengguna menambahkan musik ke unggahan konten foto di linimasa beranda Fitur musik di Stories dan video reels sangat menarik dan membantu kami mengekspresikan diri dengan lebih kreatif. Namun, saat ini, pengguna tidak dapat menambahkan musik ke foto yang diposting di linimasa beranda Dengan adanya fitur ini, kami bisa membagikan momen-momen spesial dalam bentuk foto sambil diiringi mu",7,0,5,Trust
IG-000026,Estevaniya emmanuela,"Fitur keamanan jelek, masa setiap mau minta bantuan ngebug ngebug terus. Mau rekam video wajah langsung ngebug tekembali lalu minta bantuan teman malah tidak ada notifikasi nya masuk","Fitur keamanan jelek, masa setiap mau minta bantuan ngebug ngebug terus. Mau rekam video wajah langsung ngebug tekembali lalu minta bantuan teman malah tidak ada notifikasi nya masuk",0,0,1,Anger
IG-000027,Mikasa Ackarman,"Kenapa pas memulihkan akun menggunakan poto/vidio diri sendiri. sesudah memasukan kode Verifikasi email, dan menuju langkah selanjutnya layar hp saya putih semua dan gak ada tulisan apapun, udah ku tunggu 1 jam gak berubah rubah. Di perbaiki doang aplikasi ig nya buruk banget padahal sinyal pull gak ada hujan gak ada angin sampah bet lama kelamaan ig ini.","Kenapa saat memulihkan akun menggunakan poto/vidio diri sendiri. sesudah memasukan kode Verifikasi email, dan menuju langkah selanjutnya layar hp saya putih semua dan tidak ada tulisan apapun, sudah ku tunggu 1 jam tidak berubah rubah. Di perbaiki doang aplikasi Instagram nya buruk banget padahal sinyal pull tidak ada hujan tidak ada angin sampah bet lama kelamaan Instagram ini.",8,0,1,Anger
IG-000028,liasyarasputrii,"Tolong dong instagram, ini Dari bulan kemarin error terus gabisa buka story, buka reels, tulisan nya "" tidak bisa memuat beranda "" Akhir akhir kemarin udah bisa, Sekarang gabisa lagi, Padahal saya pake wifi dan wifi nya stabil, bisa buka aplikasi lain dan aman aman aja, Mohon segera diperbaiki karna instagram sangat penting bagi saya. Terimakasih banyak. 🙏🏻","Tolong lah instagram, ini Dari bulan kemarin kesalahan sistem terus gabisa buka cerita Instagram buka video reels tulisan nya "" tidak bisa memuat beranda "" Akhir akhir kemarin sudah bisa Sekarang gabisa lagi, Padahal saya pakai wifi dan wifi nya stabil, bisa buka aplikasi lain dan aman aman aja, tolong segera diperbaiki karena instagram sangat penting bagi saya. Terimakasih banyak. [EMO_TRUST]",11,1,1,Anger
IG-000029,Rahadyan Prabowo,"Saya mengalami lag yang parah baru2 ini. Story selalu nge lag, tidak bisa refresh story baru, ketika mau back keluar malah nge freeze, dan aplikasi error. Tolong dibantu dan diperbaiki","Saya mengalami lambat yang parah baru2 ini. cerita Instagram selalu nge lambat tidak bisa refresh cerita Instagram baru, ketika mau back keluar malah nge freeze, dan aplikasi kesalahan sistem Tolong dibantu dan diperbaiki",6,0,1,Anger
IG-000030,Teresia Teravila Puspa Kirani,"salah satu aplikasi fav akuu, dari dulu sukanya pake ini dulu itu kaya ga ada kekurangan nya sama sekali, tapi kok sekarang malah kaya ada bug banyak gitu ya, salah satunya nih, kalo kita buat story ig, terus mau kita buat ke sorotan ko ga ada fotonyaa, terus pas hari besoknya ilang terus ada tulisan ""cerita tidak tersedia"" tolong dong buat di upgrade lagi ig nya, padahal itu udah bagus udah aesthetik gitu buat di masukin ke sorotan tapi malah ilangg TOLONG YA!","salah satu aplikasi fav akuu, dari dulu sukanya pakai ini dulu itu kaya tidak ada kekurangan nya sama sekali, tapi mengapa sekarang malah kaya ada gangguan bug sistem banyak begitu ya, salah satunya nih, kalo kita membuat cerita Instagram Instagram terus mau kita membuat ke sorotan ko tidak ada fotonyaa, terus saat hari besoknya ilang terus ada tulisan ""cerita tidak tersedia"" tolong lah membuat di upgrade lagi Instagram nya, padahal itu sudah bagus sudah aesthetik begitu membuat di masukin ke sorotan tapi malah ilangg TOLONG YA!",20,0,4,Joy
IG-000031,Leony Illena Geusty,"Tolong buat pihak instagram, keluhan pengguna di tanggapin. Jangan cuma di anggurin. 😡 Instagram saya udh hampir seminggu error ngak bisa tampil gambar / reals..hanya loading2 saja. Padahal di saat yg sama saya masih bisa streaming netflix dll, masih bisa video call, dan kuota jg banyak. Tolong di perbaiki dong.","Tolong membuat pihak instagram, keluhan pengguna di tanggapin. Jangan cuma di anggurin. [EMO_ANGER] Instagram saya sudah hampir seminggu kesalahan sistem ngak bisa tampil gambar / reals.hanya loading2 saja. Padahal di saat yang sama saya masih bisa streaming netflix dll, masih bisa video call, dan kuota juga banyak. Tolong di perbaiki lah",9,1,1,Anger
IG-000032,Manik Metaokta,Bagus sih tapi tolong kembalikan fitur IG yang kayak dulu mau nyimpan video harus nyari yang mbuat nyimpen dulu dan itu sangat merepotkan sekali iklan nya sih tidak terlalu banyak filter nya juga bagus tapi yang buat nyimpen video itu lohh bikin bingung 😕 Tolong ya yang buat IG itu sangat merepotkan sekali bagi saya.,Bagus gerangan tapi tolong kembalikan fitur Instagram yang seperti dulu mau nyimpan video harus nyari yang mbuat nyimpen dulu dan itu sangat merepotkan sekali iklan nya gerangan tidak terlalu banyak filter nya juga bagus tapi yang membuat nyimpen video itu lohh membuat bingung Tolong ya yang membuat Instagram itu sangat merepotkan sekali bagi saya.,8,0,5,Trust
IG-000033,Suci Ramadiana,Aplikasi jelek banget! Kebangetan eror dan bug tidak di tangani cepat tolong jangan nyusahin pengguna sampai berhari hari! Masa Instagram selalu bermasalah sedangkan aplikasi lain baik baik saja! Story tidak bisa di buka dan semua serba loading padahal sinyal bagus dan untuk penggunaan pada aplikasi lain aman saja tidak lag atau bermasalah pada sinyal! Jadi yg bermasalah ya Instagram ini.,Aplikasi jelek banget! Kebangetan eror dan gangguan bug sistem tidak di tangani cepat tolong jangan nyusahin pengguna sampai berhari hari! Masa Instagram selalu bermasalah sedangkan aplikasi lain baik baik saja! cerita Instagram tidak bisa di buka dan semua serba proses memuat padahal sinyal bagus dan untuk penggunaan pada aplikasi lain aman saja tidak lambat atau bermasalah pada sinyal! Jadi yang bermasalah ya Instagram ini.,6,0,1,Trust
IG-000034,Rama Juliansyah,"plis lah ini instagram gua udah dua bulan kebih!!!! gabisa buka setelah ganti ke pribadi, terus malah disuruh verifikasi ke nomor yang entah punya siapa, login dengan cara apapun langsung stuck dan out instagram, langsung instagram telah berhenti!!!","tolong lah ini instagram saya sudah dua bulan kebih! gabisa buka setelah ganti ke pribadi, terus malah disuruh verifikasi ke nomor yang entah memiliki siapa, login dengan cara apapun langsung stuck dan out instagram, langsung instagram telah berhenti!",4,0,1,Optimism
IG-000035,wawa hikaru,"Halo sist, bisa tolong diperbaiki fitur instastory nya, saya ingin merepost pict feed ke story dan memakai background digaleri, namun kenapa ketika pict feed ingin diatas lalu background tidak bisa digeser, mohon diperbaiki, thank's🙏","Halo sist, bisa tolong diperbaiki fitur instastory nya, saya ingin merepost pict linimasa beranda ke cerita Instagram dan memakai background digaleri, namun kenapa ketika pict linimasa beranda ingin diatas lalu background tidak bisa digeser, tolong diperbaiki, thank's [EMO_TRUST]",6,1,1,Optimism
IG-000036,Yulinda Ekawati,"Setelah diupdate malah ada mode hilang yg merugikan banget karena ditaruhnya di swipe up halaman DM, remove aja fiturnya...ga sengaja ke swipe up karena ditaruhnya di halaman dm jadi hilang semua chat2 penting..lebih baik ditaruh di pengaturan saja jangan dihalaman DM. TOLONG!",Setelah diupdate malah ada mode hilang yang merugikan banget karena ditaruhnya di swipe up halaman pesan langsung remove aja fiturnya.ga sengaja ke swipe up karena ditaruhnya di halaman pesan langsung jadi hilang semua chat2 penting.lebih baik ditaruh di pengaturan saja jangan dihalaman pesan langsung TOLONG!,4,0,2,Sadness
IG-000037,Siska ardila,"Makin lama makin hancur. Arsip story hilang, ga bisa di play, tiap bikin story ga bisa masuk ke arsip otomatis kayak dulu, tiap di arsip story nya malah hilang. Kerja dua kali. Hadehhh apaan","Makin lama makin hancur. Arsip cerita Instagram hilang, tidak bisa di play, tiap membuat cerita Instagram tidak bisa masuk ke arsip otomatis seperti dulu, tiap di arsip cerita Instagram nya malah hilang. Kerja dua kali. Hadeh apa",10,0,1,Sadness
IG-000038,Yusra (Cepotzz),"Saya kesal dengan hilangnya fitur/tampilan musik di profil, setelah saya cek dengan akun saya yang kedua, musik diprofil diakun utama ada, tetapi waktu login ke akun utama tidak ada fitur/tampilan musik diprofil, Entah ini Bug atau akun saya yang bermasalah. Tolong untuk Pihak Instagram Segera Secepatnya Perbaiki Bug ini, saya ingin mengganti musik Note : Tiap cek playstore Update/Apdate tapi tidak ada Fitur/Tampilan yang baru, buang-buang Kouta aja!!👊","Saya kesal dengan hilangnya fitur/tampilan musik di profil, setelah saya cek dengan akun saya yang kedua, musik diprofil diakun utama ada, tetapi waktu login ke akun utama tidak ada fitur/tampilan musik diprofil, Entah ini gangguan bug sistem atau akun saya yang bermasalah. Tolong untuk Pihak Instagram Segera Secepatnya Perbaiki gangguan bug sistem ini, saya ingin mengganti musik Note : Tiap cek playstore Update/Apdate tapi tidak ada Fitur/Tampilan yang baru, buang-buang Kouta aja!",2,0,2,Sadness
IG-000039,Ever Victorius,"tolong, saya mohon tetapkan kualitas foto atau video yang kita post, kalau post foto pasti selalu dikompres, usahakan tetap kualitas nya agar HD, dan jika sudah masuk highlight kenapa kualitasnya sangat menurun drastis? itu bahkan tidak terlihat ""jelas"" lagi. so far problem-nya cuma itu, sekali lagi untuk kualitas foto ataupun video jangan dikompres saat kita post! tidak peduli berapapun lama uploadnya tapi setidaknya itu HD tidak burik, aplikasi seterkenal ini mengatasi masalah kecil aja gabisa","tolong, saya tolong tetapkan kualitas foto atau video yang kita unggahan kalau unggahan foto pasti selalu dikompres, usahakan tetap kualitas nya agar HD, dan jika sudah masuk highlight kenapa kualitasnya sangat menurun drastis? itu bahkan tidak terlihat ""jelas"" lagi. so far problem-nya cuma itu, sekali lagi untuk kualitas foto ataupun video jangan dikompres saat kita unggahan tidak peduli berapapun lama uploadnya tapi setidaknya itu HD tidak burik, aplikasi seterkenal ini mengatasi masalah kecil aja gabisa",6,0,1,Trust
IG-000040,Raraawaw,"Overall app best sih, mulai dari reels, acc, pesan, beranda, filter, semua nya best job. Oh ya ada beberapa yg aku pengenin/saranin dalam app ini, yaitu arsip chat atau kunci chat kayak app sebelah, jadi lebih priv gtu, lebih aman. Selebihnya oke, mungkin dari beberapa bug , kayak lihat stories ga bisa, ya mungkin hp lo yg lemot jdinya nge bug gajelas, bersihin dulu noh cache lo. And at least best job dev semoga lebih di kedepankan lagii ❤️💌","Overall app best gerangan mulai dari video reels acc, pesan, beranda, filter, semua nya best job. Oh ya ada beberapa yang aku pengenin/saranin dalam app ini, yaitu arsip chat atau kunci chat seperti app sebelah, jadi lebih priv gtu, lebih aman. Selebihnya oke, mungkin dari beberapa gangguan bug sistem , seperti lihat stories tidak bisa ya mungkin hp lo yang kinerja sangat lambat jdinya nge gangguan bug sistem gajelas, bersihin dulu noh cache lo. And at least best job dev semoga lebih di kedepankan lagii [EMO_LOVE]",11,1,5,Optimism
IG-000041,Evanur Nurlaila,"fitur musik di profil ilang, padahal kalo di akun lain masi ada, fitur teks font nya gaada yang berubah, pokoknya banyak banget minesnya, padahal selalu upgrade tapi fiturnya ga pernah baru selalu itu' aja kalo pun ada yang baru tapi nanti selang beberapa hari/minggu pasti ilang anehh!! di upgrade bukannya makin bagus aan meningkatkan malah makin menurun!!","fitur musik di profil ilang, padahal kalo di akun lain masi ada, fitur teks font nya gaada yang berubah, pokoknya banyak banget minesnya, padahal selalu upgrade tapi fiturnya tidak pernah baru selalu itu' aja kalo pun ada yang baru tapi nanti selang beberapa hari/minggu pasti ilang anehh! di upgrade bukannya makin bagus aan meningkatkan malah makin menurun!",1,0,1,Trust
IG-000042,Intana Candra Luvita,"Kenapa ya, akhir-akhir ini tuh kalau mau liat stories suka lag sendiri layarnya jadi item kadang malah muncul tulisan ""cerita ini tidak tersedia"". Padahal jaringan lancar-lancar aja kok. Buat nonton reals juga bisa. Awalnya kukira emang sinyal yang jelek, tapi sampai sekarang sering banget bug nya. Dan tolong jangan hapus fitur archive story, itu fitur penting banget bisa buat nyimpen kenangan.","Kenapa ya, akhir-akhir ini tuh kalau mau melihat stories suka lambat sendiri layarnya jadi item kadang malah muncul tulisan ""cerita ini tidak tersedia"". Padahal jaringan lancar-lancar aja mengapa membuat nonton reals juga bisa Awalnya kukira memang sinyal yang jelek, tapi sampai sekarang sering banget gangguan bug sistem nya. Dan tolong jangan hapus fitur archive cerita Instagram itu fitur penting banget bisa membuat nyimpen kenangan.",10,0,2,Surprise
IG-000043,Kitsuoka Reishi,"Untuk develpoer instagram,tolong fitur untuk menambahkan lagu di story pakai lagu yang telah disimpan jangan dihapus karena fitur nya sangat memudahkan pengguna,kemarin sempat muncul fitur itu sekarang dah dihilangkan lagi.developer tolong diberi fitur ini lagi","Untuk develpoer instagram,tolong fitur untuk menambahkan lagu di cerita Instagram pakai lagu yang telah disimpan jangan dihapus karena fitur nya sangat memudahkan pengguna,kemarin sempat muncul fitur itu sekarang dah dihilangkan lagi.developer tolong diberi fitur ini lagi",1,0,3,Sadness
IG-000044,Haryani Puji,Kenapa ig makin kesini fiturnya makin jelek si. Mending update kualitas kalo bikin sg dikasih lagu tetep hd bukannya malah nurunin kualitas gambar. Dan jangan sampe fitur barunya beneran bakal hapus archive karena itu berharga bgt buat nyimpen kenangan dll.,Kenapa Instagram makin kesini fiturnya makin jelek si. Mending update kualitas kalo membuat sg dikasih lagu tetep hd bukannya malah nurunin kualitas gambar. Dan jangan sampe fitur barunya benar-benar bakal hapus archive karena itu berharga banget membuat nyimpen kenangan dll.,5,0,4,Trust
IG-000045,OLLIVANDER S,"Kalau upload foto atau vidio di ig story kualitasnya diturunin banget ya... apalagi kalau misal foto/vidionya ditaruh di highlight. Sebulan atau setahun kemudian kalau dibuka lagi udh pecah semua gambar nya. Selain itu juga instagram sering menghapus banyak foto maupun vidio yang saya simpan di highlight, ntah alasan nya apa.. gada perbaikan bahkan makin parah dari tahun ke tahun","Kalau upload foto atau vidio di Instagram cerita Instagram kualitasnya diturunin banget ya. apalagi kalau misal foto/vidionya ditaruh di highlight. Sebulan atau setahun kemudian kalau dibuka lagi sudah pecah semua gambar nya. Selain itu juga instagram sering menghapus banyak foto maupun vidio yang saya simpan di highlight, ntah alasan nya apa. gada perbaikan bahkan makin parah dari tahun ke tahun",3,0,1,Trust
IG-000046,zaskya,"kenapa ya ig sering kali error/ bug, mau liat story orang misalnya, pas dipencet malah ada tulisan cerita tidak tersedia, ya gpp kalau 1 atau 2 story, tapi ini hampir semua story kayak gitu, kalau ga misal kita udah liat storynya, tapi pas di refresh muncul lagi, seakan-akan kita belum liat story itu padahal udah, jadinya habis di refresh keulang lagi², dan kemungkinan ga cuma aku yang ngalamin, beberapa temen aku juga gitu :) kan jadinya malas buat buka ig kalau gini...","kenapa ya Instagram sering kali kesalahan sistem gangguan bug sistem mau melihat cerita Instagram orang misalnya, saat dipencet malah ada tulisan cerita tidak tersedia, ya tidak apa-apa kalau 1 atau 2 cerita Instagram tapi ini hampir semua cerita Instagram seperti begitu kalau tidak misal kita sudah melihat storynya, tapi saat di refresh muncul lagi, seakan-akan kita belum melihat cerita Instagram itu padahal sudah jadinya habis di refresh keulang lagi², dan kemungkinan tidak cuma aku yang ngalamin, beberapa temen aku juga begitu :) bukankah jadinya malas membuat buka Instagram kalau begini",26,0,3,Surprise
IG-000047,Mintt?,"postingan ku beberapa saat lalu ada lagunya, trs selang brp hari gitu lagunya hilang dari postingan. Saat ku edit postingannya ada opsi ganti lagi, yaudah kepencet deh, setelah dpt lagi yg bagus eh sesudah di save kembali lagunya ga muncul. TOLONG!!!??!!!?","unggahan konten ku beberapa saat lalu ada lagunya, trs selang brp hari begitu lagunya hilang dari unggahan konten Saat ku edit postingannya ada opsi ganti lagi, yaudah kepencet sudahlah setelah dapat lagi yang bagus eh sesudah di save kembali lagunya tidak muncul. TOLONG?",7,0,1,Sadness
IG-000048,Fakhrur Rozi,"Hanya tambahan buat instagram dari saya, adakan sistem create/fill icon agar penggunanya leluasa untuk meletakkan icon-icon seperti, daftar reels atau postingan yang tersimpan,pengaturan, DM, atau apapun itu agar bisa di letakkan di beranda awal sesuai penggunaan dan kebutuhan.Jika fitur itu ada, akan sangat memudahkan pengguna instagram untuk memilih icon-icon yang sering atau di butuhkan penggunaan nya...sekian terimakasih, untuk semua overall good😁😁😁","Hanya tambahan membuat instagram dari saya, adakan sistem create/fill icon agar penggunanya leluasa untuk meletakkan icon-icon seperti, daftar video reels atau unggahan konten yang tersimpan,pengaturan, pesan langsung atau apapun itu agar bisa di letakkan di beranda awal sesuai penggunaan dan kebutuhan.Jika fitur itu ada, akan sangat memudahkan pengguna instagram untuk memilih icon-icon yang sering atau di butuhkan penggunaan nya.sekian terimakasih, untuk semua overall good [EMO_JOY] [EMO_JOY] [EMO_JOY]",5,3,5,Optimism
IG-000049,Nayladesthanianuraini,"apaan dah makin ngaco, foto yang terbaru malah ga kesimpen padahal foto lama kesimpen, gabisa ganti foto profil pake foto terbaru karna gak kesimpen (gatau juga kenapa ga kesimpen, padahal di galeri sendiri tuh ada) trs upload video di story kagak bisa. udah berkali kali di upload tetep aja menunggu koneksi melulu, gimana sih, padahal koneksi juga bagus dan lancar, cache juga udah dibersihin, tolong cepet benerin.","apa dah makin ngaco, foto yang terbaru malah tidak kesimpen padahal foto lama kesimpen, gabisa ganti foto profil pakai foto terbaru karena tidak kesimpen (gatau juga kenapa tidak kesimpen, padahal di galeri sendiri tuh ada) trs upload video di cerita Instagram kagak bisa sudah berkali kali di upload tetep aja menunggu koneksi melulu, gimana gerangan padahal koneksi juga bagus dan lancar, cache juga sudah dibersihin, tolong cepet memperbaiki",12,0,1,Anticipation
IG-000050,Ryo Ardiansyah,"27-08-2023: Iklan nya terlalu banyak buat saya muak , tp dari segi postingan dan reels sudah membaik karena sebulan lalu ngebug g bisa full layar. Masalah utama nya y iklan itu sekian terima kasih. Saran iklan nya di beranda saja jangan story ataupun kolom pencarian terlalu mengganggu banget. 23-09-2024: tambah parah 3xngatur postingan gk bisa di upload stuck di memuat doang padahal jaringan bagus gk ad kendala, story juga udah ngatur nya susah² eh muncul kesalahan apa sih? Di arsip ilang juga","27-08-2023: Iklan nya terlalu banyak membuat saya muak , tetapi dari segi unggahan konten dan video reels sudah membaik karena sebulan lalu ngebug tidak bisa full layar. Masalah utama nya y iklan itu sekian terima kasih. Saran iklan nya di beranda saja jangan cerita Instagram ataupun kolom pencarian terlalu mengganggu banget. 23-09-2024: tambah parah 3xngatur unggahan konten tidak bisa di upload stuck di memuat doang padahal jaringan bagus tidak ad kendala, cerita Instagram juga sudah ngatur nya susah² eh muncul kesalahan apa gerangan Di arsip ilang juga",14,0,2,Trust
IG-000051,Lintang Mahendra,"Awalnya iseng² nyoba fitur izinkan menambahkan media,eh pas di nonaktifkan malah logo/lambang fiturnya tidak bisa hilang,mohon pihak Instagram untuk membenahi fitur tersebut.sya rasa tidak ada gunanya fitur tersebut yang ada malah tambah jelek postingan jadi terasa kotor karena adanya logo tersebut.","Awalnya iseng² nyoba fitur izinkan menambahkan media,eh saat di nonaktifkan malah logo/lambang fiturnya tidak bisa hilang,mohon pihak Instagram untuk membenahi fitur tersebut.sya rasa tidak ada gunanya fitur tersebut yang ada malah tambah jelek unggahan konten jadi terasa kotor karena adanya logo tersebut.",3,0,1,Sadness
IG-000052,Aifa Ghinaya,"Sering sekali eror menguploud story, sudah berkali kali di uploud tetap saja eror. Tampilan baru Instagram sangat tidak bagus, merusak gambar yang sudah di posting, kelihatannya tidak menarik dan jelek. Saya harap tampilan Instagram seperti dulu lagi, semua menyukai tampilan Instagram sebelumnya. Saran saya tambahkan fitur timer pada Instagram story, ini sangatlah bagus jika ada fitur tersebut.","Sering sekali eror menguploud cerita Instagram sudah berkali kali di uploud tetap saja eror. Tampilan baru Instagram sangat tidak bagus, merusak gambar yang sudah di mengunggah kelihatannya tidak menarik dan jelek. Saya harap tampilan Instagram seperti dulu lagi, semua menyukai tampilan Instagram sebelumnya. Saran saya tambahkan fitur timer pada Instagram cerita Instagram ini sangatlah bagus jika ada fitur tersebut.",3,0,1,Anger
IG-000053,Lorensa Dewi,"Setiap mau post video untuk story selalu ga bisa. Di keterangannya ""menunggu koneksi"" padahal wifi nya lancar. Terus coba pakai data seluler masih sama gitu padahal kuota juga ada. Tolong diperbaiki instagram","Setiap mau unggahan video untuk cerita Instagram selalu tidak bisa Di keterangannya ""menunggu koneksi"" padahal wifi nya lancar. Terus coba pakai data seluler masih sama begitu padahal kuota juga ada. Tolong diperbaiki instagram",5,0,4,Anticipation
IG-000054,Afina,"IG BUTUTTTT, KALAU BISA NGASIH BINTANG 0 LU GUA KASIH BINTANG -100 ANJINGGG. Sebelumnya baik baik aja, tapi makin kesini MAKIN SERING ngebug seolah gaada sinyal, up story gabisa padahal wifi kenceng, arsip story juga pada ilang padahal mau di add ke highlights. Tolong di benerin.","Instagram BUTUT, KALAU bisa NGASIH BINTANG 0 kamu saya KASIH BINTANG -100 ANJING. Sebelumnya baik baik aja, tapi makin kesini MAKIN SERING ngebug seolah gaada sinyal, up cerita Instagram gabisa padahal wifi kenceng, arsip cerita Instagram juga pada ilang padahal mau di add ke highlights. Tolong di memperbaiki",7,0,1,Anger
IG-000055,Nurul Juliyanti,"ini saya kasih bintang 5, but jangan sampe fitur arsip di ilangin please, karena dari semua fitur yang ada, arsip instagram jadi salah satu fitur paling berguna, kalo fitur ini hilang pasti jadi sedikit peminat. pokonya tolong pertahankan fitur arsip, kalo yang lain mau di ilangin juga gapapa, BUT FITUR ARSIP JANGAN SAMPE ILANG POKONYA.","ini saya kasih bintang 5, but jangan sampe fitur arsip di ilangin please, karena dari semua fitur yang ada, arsip instagram jadi salah satu fitur paling berguna, kalo fitur ini hilang pasti jadi sedikit peminat. pokonya tolong pertahankan fitur arsip, kalo yang lain mau di ilangin juga tidak apa-apa BUT FITUR ARSIP JANGAN SAMPE ILANG POKONYA.",1,0,5,Sadness
IG-000056,Shintya Novita Sari,"Postingan foto di feeds ada lagunya, tiba-tiba hilang sendiri. Padahal adanya lagu untuk mendukung suasana foto postingan. Selanjutnya tag foto pengguna jadi tersembunyi, tidak sekali klik langsung muncul seperti dulu. Satu lagi, jangan hapus fitur arsip video karena itu kenangan berharga semua. Terlalu banyak iklan yang bersliweran di beranda juga bikin kesal. Mohon segera diperbaiki.","unggahan konten foto di feeds ada lagunya, tiba-tiba hilang sendiri. Padahal adanya lagu untuk mendukung suasana foto unggahan konten Selanjutnya tag foto pengguna jadi tersembunyi, tidak sekali klik langsung muncul seperti dulu. Satu lagi, jangan hapus fitur arsip video karena itu kenangan berharga semua. Terlalu banyak iklan yang bersliweran di beranda juga membuat kesal. tolong segera diperbaiki.",4,0,1,Sadness
IG-000057,Ilham ardiansyah,"Tolong pihat ig di perhatikan lagi, masa pilihan musik di profil tiba tiba hilang, sementara di akun lain masih ada musik di profil nya, mau ngapus musik di profil jadi gk bisa karena pilihan musik nya gk ada ni, sementara musik nya masik ada kalo di lihat dari akun orang....🙏","Tolong pihat Instagram di perhatikan lagi, masa pilihan musik di profil tiba tiba hilang, sementara di akun lain masih ada musik di profil nya, mau ngapus musik di profil jadi tidak bisa karena pilihan musik nya tidak ada ni, sementara musik nya masik ada kalo di lihat dari akun orang. [EMO_TRUST]",4,1,1,Sadness
IG-000058,Indah Astuti,"Font yg di instagram story sempat keupdate, tp sekarang balik ke semula. Font deco, poster, bubble, dan yang lain hilang. Sekarang hanya ada font default. Tampilannya juga gak keupdate, padahal versi aplikasi udah update","Font yang di instagram cerita Instagram sempat keupdate, tetapi sekarang balik ke semula. Font deco, poster, bubble, dan yang lain hilang. Sekarang hanya ada font default. Tampilannya juga tidak keupdate, padahal versi aplikasi sudah update",5,0,3,Sadness
IG-000059,afrizal rhamdani,"ada bug dibagian story, setiap mau lihat story temen selalu ""catatan ini tidak tersedia"" padahal story baru upload, dan story yang sudah di lihat sebelumnya malah kayak story baru upload, giliran di klik emang story sebelumnya, sudah saya coba perbaiki pake segala uninstall terus install ulang tetap saja ""catatan ini tidak tersedia"" apaan coba?? rusak ini aplikasi","ada gangguan bug sistem dibagian cerita Instagram setiap mau lihat cerita Instagram temen selalu ""catatan ini tidak tersedia"" padahal cerita Instagram baru upload, dan cerita Instagram yang sudah di lihat sebelumnya malah seperti cerita Instagram baru upload, giliran di klik memang cerita Instagram sebelumnya, sudah saya coba perbaiki pakai segala uninstall terus install ulang tetap saja ""catatan ini tidak tersedia"" apa coba? tidak berfungsi ini aplikasi",12,0,1,Sadness
IG-000060,Andi Dewansyah,Tingkatkan fitur & efisiensi. Fitur repost reels ke instastory dengan background foto dengan cuma isi konten atau video pun tidak muncul padahal sudah di simpan pada layar atas sendiri,Tingkatkan fitur & efisiensi. Fitur repost video reels ke instastory dengan background foto dengan cuma isi konten atau video pun tidak muncul padahal sudah di simpan pada layar atas sendiri,1,0,5,Joy
IG-000061,Dindaaa,"Ini kenapa ya liat story sama postingan kok jadi kayak pecah dan glitch gitu pdhl sinyal bagus. Udah di update kok malah kayak gini bug nya. Gabisa dark mode juga ya!!! Sumpah ya ig kenapa sii, habis di update kok malah kayak gini cuk, gabisa liat story, foto juga nge glitch pdhl sinyal juga bagus poll ga ada kendala. Baru upload story terus gabisa diliat, ada bintang 0 tak kasih bintang nol kalo bug nya ga segera di benerin","Ini kenapa ya melihat cerita Instagram sama unggahan konten mengapa jadi seperti pecah dan glitch begitu pdhl sinyal bagus. sudah di update mengapa malah seperti begini gangguan bug sistem nya. Gabisa dark mode juga ya! Sumpah ya Instagram kenapa sii, habis di update mengapa malah seperti begini cuk, gabisa melihat cerita Instagram foto juga nge glitch pdhl sinyal juga bagus poll tidak ada kendala. Baru upload cerita Instagram terus gabisa diliat, ada bintang 0 tidak kasih bintang nol kalo gangguan bug sistem nya tidak segera di memperbaiki",23,0,4,Surprise
IG-000062,nunde run,"Fiturnya udah bagus tapi,tolong Pada saat nge-post itu durasinya lagunya jangan di Converse,dan jangan di potong..jadinya kurang bagus.. Itu aja..dan efeknya juga bisa diatur agar terlihat lebih bagus..terutama untuk video","Fiturnya sudah bagus tapi,tolong Pada saat nge-post itu durasinya lagunya jangan di Converse,dan jangan di potong.jadinya kurang bagus. Itu aja.dan efeknya juga bisa diatur agar terlihat lebih bagus.terutama untuk video",2,0,2,Trust
IG-000063,Dedy Richard,"apasih makin ngaco, kmrn suka ngebug gabisa nyimpen foto, udh akal akalin pakai segala cara ttp gbsa, terpaksa hps semua data ni apk. eh skrg mlh gabisa nyimpan vidio reel yg kita buat sendiri, mna gda tombol ""save/simpan"", kmrn bisa di akalin, cm pakai cara simpan draft krn otomatis masuk ke galeri, skrg nyimpan draft aj ga masuk galeri, udh gt gd fitur simpan/save lgi, ky mn mw masuk galeri. masa iya hrs posting dl baru save, udh ribet+keliatan watermark nya, tlng perbaiki ni fitur, geram gua.","apasih makin ngaco, kmrn suka ngebug gabisa nyimpen foto, sudah akal akalin pakai segala cara tetap gbsa, terpaksa hps semua data ni apk. eh sekarang mlh gabisa nyimpan vidio reel yang kita membuat sendiri, mna gda tombol ""save/simpan"", kmrn bisa di akalin, cm pakai cara simpan draft karena otomatis masuk ke galeri, sekarang nyimpan draft aj tidak masuk galeri, sudah gt gd fitur simpan/save lagi ky mn mw masuk galeri. masa iya hrs mengunggah dl baru save, sudah ribet+keliatan watermark nya, tlng perbaiki ni fitur, geram saya",15,0,1,Joy
IG-000064,Sinta Amelia,"tolong di perbaiki lagii.saat saya membuka kamera dan ingin mencoba efek,layar menjadi kedip kedip padahal jika saya membuka kamera biasa tanpa efek itu aman aman saja tapi jika ingin menggunakan efek layar menjadi kedip kedip","tolong di perbaiki lagii.saat saya membuka kamera dan ingin mencoba efek,layar menjadi kedip kedip padahal jika saya membuka kamera biasa tanpa efek itu aman aman saja tapi jika ingin menggunakan efek layar menjadi kedip kedip",0,0,3,Trust
IG-000065,Aulia Nur retno rahmadani,"setiap masuk apk ini selalu keluar sendiri padahal sudah muat ulang, sudah unnistal dan di istal kembali tapi tidak bisa, sudah berkali kali di buka tapi tidak bisa, ga mungkin pada hp nya apk lain aja bisa ,ini kok gak bisa sama sekali, kenapa tolong cepet diperbaiki!!!","setiap masuk apk ini selalu keluar sendiri padahal sudah muat ulang, sudah unnistal dan di istal kembali tapi tidak bisa sudah berkali kali di buka tapi tidak bisa tidak mungkin pada hp nya apk lain aja bisa ,ini mengapa tidak bisa sama sekali, kenapa tolong cepet diperbaiki!",7,0,1,Surprise
IG-000066,Muhammad Firqi Saputra,"Tolong perbaiki bug di catatan, karena tempat memutar musik hilang di catatan. Sebelumnya ada, dan updatenya selalu ngawur dan bug sebelum nya belum diperbaiki, ini malah nambah bug baru. Mohon update-tan terbaru nya diperbaiki semua.","Tolong perbaiki gangguan bug sistem di catatan, karena tempat memutar musik hilang di catatan. Sebelumnya ada, dan updatenya selalu ngawur dan gangguan bug sistem sebelum nya belum diperbaiki, ini malah nambah gangguan bug sistem baru. tolong update-tan terbaru nya diperbaiki semua.",4,0,1,Sadness
IG-000067,djeni astuti,Tolong kembalikan ke fitur sebelum update dong...dimana saat upload foto di story Instagram langsung bisa mengkolase(menggabungkan foto) secara otomatis ada pilihan tata letak atau mau 1 frame....ini setelah diupdate malah tidak bisa otomatis untuk kolase foto di story...harus manual satu satu ...ini merepotkan 🙏🙏🙏🙏mohon kembalikan fitur seperti sebelum update,Tolong kembalikan ke fitur sebelum update dong.dimana saat upload foto di cerita Instagram Instagram langsung bisa mengkolase(menggabungkan foto) secara otomatis ada pilihan tata letak atau mau 1 frame.ini setelah diupdate malah tidak bisa otomatis untuk kolase foto di story.harus manual satu satu .ini merepotkan [EMO_TRUST] [EMO_TRUST] [EMO_TRUST] [EMO_TRUST] tolong kembalikan fitur seperti sebelum update,4,4,5,Optimism
IG-000068,Yaya Yaya,"Biasanya instagram saya baik-baik saja. Tapi sekarang sering bgt kena bug, tiba"" aku hilang atau keluar sendiri. Bbrp fitur juga ilang seperti ""undang kolaborator"" dll, pdhl saya sudah update. Tolong segera bantu perbaiki bug dan semua kesalahannya serta kembalikan fitur-fitur yg hilang 🙏✨","Biasanya instagram saya baik-baik saja. Tapi sekarang sering banget kena gangguan bug sistem tiba"" aku hilang atau keluar sendiri. Bbrp fitur juga ilang seperti ""undang kolaborator"" dll, pdhl saya sudah update. Tolong segera bantu perbaiki gangguan bug sistem dan semua kesalahannya serta kembalikan fitur-fitur yang hilang [EMO_TRUST] [EMO_OPTIMISM]",4,2,1,Sadness
IG-000069,Muhammad Naufal,"Fiturnya bikin emosi, lagi enak² nonton reels malah ke refresh dan reelsnya hilang.... minimal kasihlah fitur histori reels kayak tiktok biar video yg udah ditonton bisa diakses kembali gak nyusahin cari² dulu dah nyarinya susah malah dipersulit lagi....","Fiturnya membuat emosi, lagi enak² nonton video reels malah ke refresh dan reelsnya hilang. minimal kasihlah fitur histori video reels seperti tiktok biar video yang sudah ditonton bisa diakses kembali tidak nyusahin cari² dulu dah nyarinya susah malah dipersulit lagi.",8,0,1,Sadness
IG-000070,stepanus simamora,"Sistem bug terparah, masa password yang benar2 setiap hari saya log in ig tiba2 salah. Dan gilanya lagi tidak dapat memulihkan password dikarnakan kendala2 aneh seperti kode tidak masuk atau setelah memasukkan kode tidak ada kelanjutan dari aplikasinya (stuck). Setelah dicoba bantuan dari konfirmasi wajah malah loading berjamjam. Ketika minta bantuan pemulihan dari teman tiba2 check confirmationnya tidak bisa di click. Aneh Instagram, makin update makin rusak.","Sistem gangguan bug sistem terparah, masa password yang benar2 setiap hari saya log in Instagram tiba2 salah. Dan gilanya lagi tidak dapat memulihkan password dikarnakan kendala2 aneh seperti kode tidak masuk atau setelah memasukkan kode tidak ada kelanjutan dari aplikasinya (stuck). Setelah dicoba bantuan dari konfirmasi wajah malah proses memuat berjamjam. Ketika minta bantuan pemulihan dari teman tiba2 check confirmationnya tidak bisa di click. Aneh Instagram, makin update makin tidak berfungsi",5,0,1,Optimism
IG-000071,Adelia Kristina,"kenapa sekarang kalo repost postingan ke story di android tidak bisa menggunakan background ? sudah coba cara biasa tapi ada tulisan ""stiker interaktif tidak bisa ditutupi"" mohon perbaikannya","kenapa sekarang kalo repost unggahan konten ke cerita Instagram di android tidak bisa menggunakan background ? sudah coba cara biasa tapi ada tulisan ""stiker interaktif tidak bisa ditutupi"" tolong perbaikannya",5,0,1,Optimism
IG-000072,Tamaro Mora,"Tolong rekam aktivitas akun dengan lebih baik lagi, Aktivitas akun saya pernah tak terekam, dan itu membuat saya kesal. Dan juga tolong: •Tambahkan fitur riwayat tontonan •perbaiki menu arsip (postingan saya tiba tiba hilang saat memasukannya ke menu arsip) Mohon di perbaiki ✋😞","Tolong rekam aktivitas akun dengan lebih baik lagi, Aktivitas akun saya pernah tidak terekam, dan itu membuat saya kesal. Dan juga tolong: •Tambahkan fitur riwayat tontonan •perbaiki menu arsip unggahan konten saya tiba tiba hilang saat memasukannya ke menu arsip) tolong di perbaiki ✋ [EMO_SADNESS]",3,1,2,Sadness
IG-000073,Hasna Fauziyyah,"kenapa si kalo mau bikin story selalu ada KESALAHAN, sering bgtttttt kaya gitu, bikin emosi aja, buat nyimpen foto pun sama, ig nambah buruk ah, percuma juga di update 👎👎👎, terus juga kenapa notifikasinya tuh keluar terus, muncul terus, padahal udah di apusin, tapi malah muncul terus, banyak juga notifikasinya, berkali-kali kaya gitu, jadi notifikasi lama sama notifikasi baru di gabung, intinya gitu deh, ig aneh bgt skrg","kenapa si kalo mau membuat cerita Instagram selalu ada KESALAHAN, sering banget kaya begitu membuat emosi aja, membuat nyimpen foto pun sama, Instagram nambah buruk ah, percuma juga di update , terus juga kenapa notifikasinya tuh keluar terus, muncul terus, padahal sudah di apusin, tapi malah muncul terus, banyak juga notifikasinya, berkali-kali kaya begitu jadi notifikasi lama sama notifikasi baru di gabung, intinya begitu sudahlah Instagram aneh banget sekarang",14,0,1,Anger
IG-000074,Irham Fahrezi,"Udah semingguan lebih instagram saya error, ga bisa liat gambar, cuma loading aja di gambar ga sama sekali muncul. Padahal buka aplikasi lain untuk streaming, video call, dll lancar. Sinyalpun penuh, tapi entah kenapa kok instagramnya error begini terus sampe sekarang.","sudah semingguan lebih instagram saya kesalahan sistem tidak bisa melihat gambar, cuma proses memuat aja di gambar tidak sama sekali muncul. Padahal buka aplikasi lain untuk streaming, video call, dll lancar. Sinyalpun penuh, tapi entah kenapa mengapa instagramnya kesalahan sistem begini terus sampe sekarang.",9,0,1,Surprise
IG-000075,Muhammad Bintang Pratama,"Semakin kesini semakin kesana nih aplikasi, terlalu eror dan banyak sekali bug. Akun saya tidak bisa lihat story, loading lama, kalau mau buka aplikasi sering keluar sendiri. Padahal internet stabil dan ketika buka aplikasi lain aman-aman saja. Nih aplikasi sangat bermasalah!!!!!!!!","Semakin kesini semakin kesana nih aplikasi, terlalu eror dan banyak sekali gangguan bug sistem Akun saya tidak bisa lihat cerita Instagram proses memuat lama, kalau mau buka aplikasi sering keluar sendiri. Padahal internet stabil dan ketika buka aplikasi lain aman-aman saja. Nih aplikasi sangat bermasalah!",4,0,1,Trust
IG-000076,Rbi Atl,"sebenarnya aplikasinya oke oke aja,cuman kenapa saat mau ganti sampul sorotan loading terus padahal sinyal bagus,dicoba lagi tetap juga loading, ujung-ujungnya tetap gabisa keganti,udah update juga tapi sama aja gada yg berubah,buat pihak Instagram tolong dong diperbaiki lagi","sebenarnya aplikasinya oke oke aja,cuman kenapa saat mau ganti sampul sorotan proses memuat terus padahal sinyal bagus,dicoba lagi tetap juga proses memuat ujung-ujungnya tetap gabisa keganti,udah update juga tapi sama aja gada yang berubah,buat pihak Instagram tolong lah diperbaiki lagi",4,0,2,Trust
IG-000077,Adi Hanif,Menggunakan Samsung note 10 plus. 2 postingan foto denagn audio musik tiba-tiba hilang audio nya padahal judul musik dan penyanyinya tertulis. 1 postingan gambar hilang. Tidak ada notifikasi masalah dengan hak cipta. Mohon di perbaiki bug tersebut. Sudah lapor bug.,Menggunakan Samsung note 10 plus. 2 unggahan konten foto denagn audio musik tiba-tiba hilang audio nya padahal judul musik dan penyanyinya tertulis. 1 unggahan konten gambar hilang. Tidak ada notifikasi masalah dengan hak cipta. tolong di perbaiki gangguan bug sistem tersebut. Sudah lapor gangguan bug sistem,5,0,1,Sadness
IG-000078,lynfa,tampilan musik di profil terkadang hilang. Di 1 akun ada di akun lain tidak ada. Tolong di perbaiki. Sampai sekarang terkadang ada tampilan musiknya kadang tidak. Tolong terus di tingkatkan lagi,tampilan musik di profil terkadang hilang. Di 1 akun ada di akun lain tidak ada. Tolong di perbaiki. Sampai sekarang terkadang ada tampilan musiknya kadang tidak. Tolong terus di tingkatkan lagi,0,0,4,Sadness
IG-000079,Fredick,"Bug aneh, sistem instagram makin update makin aneh, setiap hari pasti kena penangguhan tapi gatau apa masalahnya, tiap hari harus sabar dan bikin repot, pas buat akun baru kena tangguh padahal baru mau buat, disuruh selfie biar gak ditangguhkan eh malah ""Ada masalah Sepertinya ada masalah terkait koneksi internet anda atau kekurangan ruang penyimpanan di perangkat anda"" Hadehh padahal koneksi lancar+penyimpanan masih oke belum full tapi hadeh makin update makin banyak bug dan penangguhan akun☹️","gangguan bug sistem aneh, sistem instagram makin update makin aneh, setiap hari pasti kena penangguhan tapi gatau apa masalahnya, tiap hari harus sabar dan membuat repot, saat membuat akun baru kena tangguh padahal baru mau membuat disuruh selfie biar tidak ditangguhkan eh malah ""Ada masalah Sepertinya ada masalah terkait koneksi internet anda atau kekurangan ruang penyimpanan di perangkat anda"" Hadehh padahal koneksi lancar+penyimpanan masih oke belum full tapi hadeh makin update makin banyak gangguan bug sistem dan penangguhan akun☹️",7,0,1,Surprise
IG-000080,Ahmad Fauzian,"setelah update malah jadi eror, saat mengirim pesan, pesan yang saya kirim tidak terkirim, padahal tidak ada masalah sebelum update, wifi yang saya gunakan juga tidak ada masalah lancar lancar saja, tapi kenapa saat menggunakan Instagram dan mengirim pesan malah tidak terkirim dan eror","setelah update malah jadi eror, saat mengirim pesan, pesan yang saya kirim tidak terkirim, padahal tidak ada masalah sebelum update, wifi yang saya gunakan juga tidak ada masalah lancar lancar saja, tapi kenapa saat menggunakan Instagram dan mengirim pesan malah tidak terkirim dan eror",0,0,1,Surprise
IG-000081,Agung Maha,"Hp autolock 1 menit jika tidak digunakan. Ini lagi asik nonton postingan yg durasinya lebih dari 1 menit, tiba2 layar mati (ngikutin autolock), begitu dibuka lagi harus nonton lagi dari awal... Kenapa gak kayak reels, selama ada video layar ga bakal mati.","Hp autolock 1 menit jika tidak digunakan. Ini lagi asik nonton unggahan konten yang durasinya lebih dari 1 menit, tiba2 layar mati (ngikutin autolock), begitu dibuka lagi harus nonton lagi dari awal. Kenapa tidak seperti video reels selama ada video layar tidak bakal mati.",6,0,1,Joy
IG-000082,Ni Komang Triana Febriyanti,"Akhir-akhir ini update instagram jelek dan tidak merata. Aku punya 4 akun, dan yang paling kena update biasanya cuma akun paling pertama yang dilogin di aplikasi. Paling ga nyaman sama update beranda feed yang rasionya ga 1:1 lagi, malah memanjang. Ini merusak sekali penampilan beranda feed, khususnya yang akunnya makai grid. Herannya ini cuma terjadi di 1st acc, di akunku yang lain maupun akun temanku ga dapat upgrade yg sama. Mohon diperbaiki segera.","Akhir-akhir ini update instagram jelek dan tidak merata. Aku memiliki 4 akun, dan yang paling kena update biasanya cuma akun paling pertama yang dilogin di aplikasi. Paling tidak nyaman sama update beranda linimasa beranda yang rasionya tidak 1:1 lagi, malah memanjang. Ini merusak sekali penampilan beranda linimasa beranda khususnya yang akunnya makai grid. Herannya ini cuma terjadi di 1st acc, di akunku yang lain maupun akun temanku tidak dapat upgrade yang sama. tolong diperbaiki segera.",8,0,3,Anticipation
IG-000083,XI-7 Eliza Annaasya,"Lagu-lagu yang harusnya ada malah gak ada, susah nyarinya, pas dicari masih ada lagu-lagu yang kurang relevan dengan yang dicari. Fitur-fitur lain yang sebelumnya sudah benar ada, malah ditiadakan.","Lagu-lagu yang harusnya ada malah tidak ada, susah nyarinya, saat dicari masih ada lagu-lagu yang kurang relevan dengan yang dicari. Fitur-fitur lain yang sebelumnya sudah benar ada, malah ditiadakan.",2,0,4,Joy
IG-000084,Gully Gallerie,"Jelek banget makin kesini makin ga banget, akun aku udah 3x kena ditangguhkan, pertama ditangguhkan dimintai vertifikasi lewat email dan no.hp, kedua ditangguhkan dimintai hal yang sama tapi kolom buat ngisinya gabisa ditekan tekan, dah install ulang juga sama, berkali kali coba tetap gabisa login, 2minggu nunggu akhirnya iseng² coba lagi akhirnya bisa, eh sekarang ditangguhkan lagi bjir, dan disuruh rekam diri, tapi pas mau rekam diri, gabisa juga alasan jaringan dan memori penuh, padahal tidak","Jelek banget makin kesini makin tidak banget, akun aku sudah 3x kena ditangguhkan, pertama ditangguhkan dimintai vertifikasi lewat email dan no.hp, kedua ditangguhkan dimintai hal yang sama tapi kolom membuat ngisinya gabisa ditekan tekan, dah install ulang juga sama, berkali kali coba tetap gabisa login, 2minggu nunggu akhirnya iseng² coba lagi akhirnya bisa eh sekarang ditangguhkan lagi bjir, dan disuruh rekam diri, tapi saat mau rekam diri, gabisa juga alasan jaringan dan memori penuh, padahal tidak",5,0,1,Anger
IG-000085,Bimasari Sihotang,"Salah satu aplikasi media sosial favorit aku. Buat keseluruhan aplikasinya sudah baik. Tapi, kadang sudah melihat stories,atau lagu yang dipost sama teman. Saya harap tolong segera diperbaiki.terimakasih..","Salah satu aplikasi media sosial favorit aku. membuat keseluruhan aplikasinya sudah baik. Tapi, kadang sudah melihat stories,atau lagu yang dipost sama teman. Saya harap tolong segera diperbaiki.terimakasih.",1,0,5,Anticipation
IG-000086,Pengguna Google,"Tolong diperbaiki lagi... Ceritanya begini, aku mengirim reels ke temanku tapi reels yg terkirim itu tidak bisa dilihat oleh temanku dgn tulisan bahwa reels ""pesan tidak tersedia"" juga dibilang dihapus/privasi, tapi aku masih bisa menonton video itu tapi temanku tidak...kan aneh, video nya masih ada dibilang tidak tersedia, tolong ya diperbaiki, dari kemarin-kemarin begitu terus","Tolong diperbaiki lagi. Ceritanya begini, aku mengirim video reels ke temanku tapi video reels yang terkirim itu tidak bisa dilihat oleh temanku dengan tulisan bahwa video reels ""pesan tidak tersedia"" juga dibilang dihapus/privasi, tapi aku masih bisa menonton video itu tapi temanku tidak.kan aneh, video nya masih ada dibilang tidak tersedia, tolong ya diperbaiki, dari kemarin-kemarin begitu terus",7,0,4,Optimism
IG-000087,muh.sahrir ririn,"Apli ini bagus,kita bisa pake efek apapun,tapi kadang masih loading padahal masih punya paket kouta banyak masih bisa buka tt,wa dan lain lain jadi tolong di perbaiki lagi🙏🙏maaf kalo ulasan ini tdk berguna😔😔🙏","Apli ini bagus,kita bisa pakai efek apapun,tapi kadang masih proses memuat padahal masih memiliki paket kouta banyak masih bisa buka tt,wa dan lain lain jadi tolong di perbaiki lagi [EMO_TRUST] [EMO_TRUST] maaf kalo ulasan ini tidak berguna [EMO_TRUST]",6,3,5,Trust
IG-000088,Anatasia Maya,"Saya kasih bintang 5, tapi jangan hilangin arsip IG. Sayang banget kalau arsip IG ga ada. Saya yakin sekali, kalau Instagram membuat fitur seperti ini akan sepi peminat. Kami suka main Instagram karena ada arsipnya, jadi ga perlu simpan di galeri, di IG juga bisa. Buatlah fitur yang penting bukan krn fitur sesuai keinginan anda. Bikin lagu di catatan aja sebenant ga penting krn bisa bikin di story Instagram loh. Pokoknya jangan hilangin arsip Instagram yaaa nangis bgt klo sampe hilang🥹😭😭","Saya kasih bintang 5, tapi jangan hilangin arsip Instagram Sayang banget kalau arsip Instagram tidak ada. Saya yakin sekali, kalau Instagram membuat fitur seperti ini akan sepi peminat. Kami suka main Instagram karena ada arsipnya, jadi tidak perlu simpan di galeri, di Instagram juga bisa Buatlah fitur yang penting bukan karena fitur sesuai keinginan anda. membuat lagu di catatan aja sebenant tidak penting karena bisa membuat di cerita Instagram Instagram loh. Pokoknya jangan hilangin arsip Instagram ya nangis banget kalau sampe hilang [EMO_SADNESS] [EMO_SADNESS]",15,2,5,Joy
IG-000089,Syafa Ayska,"sebenarnya apk ig ini cukup baik.Keluhan saya adalah.., waktu saya meng upload video dengan kualitas yang cukup tinggi itu tidak bisa, ada tulisan ""mengirim"" dan juga ""menunggu koneksi"", padahal jaringan saya normal.Terus waktu saya upload story video dengan kualitas yang sedikit rendah itu bisa ke upload.Mohon pihak Instagram untuk meng upgrade aplikasi Instagram ini menjadi lebih baik. Terimakasih🙏🏻.","sebenarnya apk Instagram ini cukup baik.Keluhan saya adalah, waktu saya meng upload video dengan kualitas yang cukup tinggi itu tidak bisa ada tulisan ""mengirim"" dan juga ""menunggu koneksi"", padahal jaringan saya normal.Terus waktu saya upload cerita Instagram video dengan kualitas yang sedikit rendah itu bisa ke upload.Mohon pihak Instagram untuk meng upgrade aplikasi Instagram ini menjadi lebih baik. Terimakasih [EMO_TRUST] .",4,1,4,Trust
IG-000090,Raline Syifa,"Aplikasi nya bagus, ada 1 yang sangat disayangkan yaitu saat post story, kenapa tidak bisa menggunakan ukuran foto/vdio menggunakan ukuran lain selain ukuran 19:16, sebenarnya bisa, cuma latarnya jadi berwarna, kalo bisa latarnya warna hitam saja yang basic🙏🏻","Aplikasi nya bagus, ada 1 yang sangat disayangkan yaitu saat unggahan cerita Instagram kenapa tidak bisa menggunakan ukuran foto/vdio menggunakan ukuran lain selain ukuran 19:16, sebenarnya bisa cuma latarnya jadi berwarna, kalo bisa latarnya warna hitam saja yang basic [EMO_TRUST]",5,1,3,Trust
IG-000091,Andrerizky Maulana,"tolong untuk pihak Instagram, kenapa Instagram saya tidak bisa membagikan catatan cerita di video reels nya!!!! masa di akun teman saya bisa tapi di akun saya tidak bisa??!!! saya yakin saya tidak sendiri disini, ada bnyak org yg mengira blm update IG mreka, pdhl emg IG nya saja yg terlalu busukkk ga memperhatikan masalah masalah pengguna nyaa!!! sialann!!!","tolong untuk pihak Instagram, kenapa Instagram saya tidak bisa membagikan catatan cerita di video video reels nya! masa di akun teman saya bisa tapi di akun saya tidak bisa saya yakin saya tidak sendiri disini, ada bnyak org yang mengira belum update Instagram mreka, pdhl memang Instagram nya saja yang terlalu busuk tidak memperhatikan masalah masalah pengguna nyaa! sialann!",11,0,1,Optimism
IG-000092,Ilham Mardiansyah,Setelah update terbaru instagram justru ngelag lebih lambat respon foto dan video susah muncul bukan karena masalah jaringan sinyal internet karena untuk membuka aplikasi lain berjalan lancar dan sinyal internet penuh tapi sepertinya masalahnya ada di aplikasi instagramnya sendiri seperti error dan sering keluar aplikasi dengan sendiri hingga saat ini.,Setelah update terbaru instagram justru kinerja lambat atau macet lebih lambat respon foto dan video susah muncul bukan karena masalah jaringan sinyal internet karena untuk membuka aplikasi lain berjalan lancar dan sinyal internet penuh tapi sepertinya masalahnya ada di aplikasi instagramnya sendiri seperti kesalahan sistem dan sering keluar aplikasi dengan sendiri hingga saat ini.,2,0,1,Anger
IG-000093,CRESPO MANDALA SAPUTRA,"terkadang saya sering keluar sendiri dari instagram itu kenapa ya kak tolong di perbaiki makasih, sama knp sih klu mau upload story lama bener sering stak di 90%, tp klu post di apk lain lancar² aja","terkadang saya sering keluar sendiri dari instagram itu kenapa ya kak tolong di perbaiki terima kasih sama kenapa gerangan kalau mau upload cerita Instagram lama benar sering stak di 90%, tetapi kalau unggahan di apk lain lancar² aja",9,0,2,Trust
IG-000094,Rido,"Fitur untuk mengganti ""audio tidak tersedia"" dalam postingan yg sudah diposting hanya bisa untuk 1x mengganti padahal audio sering kali terhapus, tolong fitur untuk mengganti audio musik yang error dalam postingan yg sudah diposting bisa lebih dari 1x karna sangat menggangu.","Fitur untuk mengganti ""audio tidak tersedia"" dalam unggahan konten yang sudah diposting hanya bisa untuk 1x mengganti padahal audio sering kali terhapus, tolong fitur untuk mengganti audio musik yang kesalahan sistem dalam unggahan konten yang sudah diposting bisa lebih dari 1x karena sangat menggangu.",8,0,1,Anger
IG-000095,Ms.DnoB.p,"Saya merasa senang karena instagram bisa memberi tontonan yang menghibur. Namun saya ada saran tolong di bagian ""aktifitas saya"" ditambahkan fitur history tontonan sebab beberapa kali ada postingan yang hendak di simpan tapi terlanjur ke relock sehingga postingannya belum kesimpan dengan like ataupun komentar","Saya merasa senang karena instagram bisa memberi tontonan yang menghibur. Namun saya ada saran tolong di bagian ""aktifitas saya"" ditambahkan fitur history tontonan sebab beberapa kali ada unggahan konten yang hendak di simpan tapi terlanjur ke relock sehingga postingannya belum kesimpan dengan like ataupun komentar",2,0,5,Joy
IG-000096,Ria Desvitria Ningsih,"Kenapa ni tiba2 Instagram saya di tangguhkan seolah olah saya melakukan pelanggaran, saya manusia bukan robot, saya juga gak merasa melakukan pelanggaran, tolong kembalikan Instagram saya! Sudah saya rekam wajah loadingnya lama, setelah itu malah terjadi kesalahan . Sepanjang sejarah saya menggunakan Instagram 5 tahun lebih baru kali ini Instagram sangat mengecewakan!","Kenapa ni tiba2 Instagram saya di tangguhkan seolah olah saya melakukan pelanggaran, saya manusia bukan robot, saya juga tidak merasa melakukan pelanggaran, tolong kembalikan Instagram saya! Sudah saya rekam wajah loadingnya lama, setelah itu malah terjadi kesalahan . Sepanjang sejarah saya menggunakan Instagram 5 tahun lebih baru kali ini Instagram sangat mengecewakan!",1,0,1,Anger
IG-000097,Intan Yulia,"gabisa gabisa kenapa arsip story ilang separuh woy, itu kan moment terpenting dalam hidup, terus kenapa lagi foto yg ada musiknya, di arsip itu musiknya tidak tersedia!! jadi males sekarang bikin story di Instagram, percuma nyimpen moment berharga, tapi ujung²nya ilang juga tuh foto:(","gabisa gabisa kenapa arsip cerita Instagram ilang separuh woy, itu bukankah moment terpenting dalam hidup, terus kenapa lagi foto yang ada musiknya, di arsip itu musiknya tidak tersedia! jadi males sekarang membuat cerita Instagram di Instagram, percuma nyimpen moment berharga, tapi ujung²nya ilang juga tuh foto:(",5,0,2,Optimism
IG-000098,Avitaaa,"Gabisa buat story video di ig. Tulisannya menunggu koneksi terus, pdhl udah log out log in bbrp kali, sampe matiin hp juga. Dan koneksi jaringan pun bagus pake wifi atau kuota. Gatau kenapa bisa gini ig😭😭","Gabisa membuat cerita Instagram video di Instagram Tulisannya menunggu koneksi terus, pdhl sudah log out log in bbrp kali, sampe matiin hp juga. Dan koneksi jaringan pun bagus pakai wifi atau kuota. Gatau kenapa bisa begini Instagram [EMO_SADNESS] [EMO_SADNESS]",8,2,2,Anticipation
IG-000099,2 - Rizky Fadhillah,"Tolong adakan fitur nonaktifkan reels instagram!! Jadi, nanti ada fitur settingan di instagram yang membuat kita bisa mengatur waktu produktif kita dan bisa menonaktifkan reels instagram selama fitur itu aktif. Jika di nonaktifkan, fitur reels instagram akan muncul kembali. Tolong dengan sangat, karena setiap saya ada kerjaan di instagram, tanpa sadar saya menonton reels instagram!! Tolong, ini keinginan setiap pengguna! Jangan bikin kami kecanduan sangat gila!!","Tolong adakan fitur nonaktifkan video reels instagram! Jadi, nanti ada fitur settingan di instagram yang membuat kita bisa mengatur waktu produktif kita dan bisa menonaktifkan video reels instagram selama fitur itu aktif. Jika di nonaktifkan, fitur video reels instagram akan muncul kembali. Tolong dengan sangat, karena setiap saya ada kerjaan di instagram, tanpa sadar saya menonton video reels instagram! Tolong, ini keinginan setiap pengguna! Jangan membuat kami kecanduan sangat gila!",9,0,1,Optimism
IG-000100,r,"Akun² fanspage yang gua ikuti kenapa nggak muncul di beranda?? Gua refresh sampe kiamat pun tetap kagak muncul!! Udah gua cek satu² di setiap akun fanspage ternyata masih aktif posting tapi kagak muncul di beranda gua woyy!!!!!. Benerin lah bugnya nying, annoying banget udah kek tiktod fyp vidio² mulu","Akun² fanspage yang saya ikuti kenapa tidak muncul di beranda? saya refresh sampe kiamat pun tetap kagak muncul! sudah saya cek satu² di setiap akun fanspage ternyata masih aktif mengunggah tapi kagak muncul di beranda saya woyy. memperbaiki lah bugnya nying, annoying banget sudah seperti tiktod masuk beranda rekomendasi vidio² mulu",11,0,1,Surprise
IG-000101,isnanabila,"Tolong diperbaiki bagian membuat story, pada OS Android tidak bisa membuat background, Keterangan nya ""Stiker Interaktif tidak bisa ditutupi"" Mohon segera di FIX!","Tolong diperbaiki bagian membuat cerita Instagram pada OS Android tidak bisa membuat background, Keterangan nya ""Stiker Interaktif tidak bisa ditutupi"" tolong segera di FIX!",4,0,1,Anticipation
IG-000102,Saya Dary,"Edit di pc - teks hilang - edit deskripsi - ""Editan anda belum disimpan silahkan coba lagi nanti""- ulangi - sama aja - pulih. Akun gw dibisukan tanpa kalimat yg melanggar & tanpa alasan. Masalah selesai tapi tiba² akun saya ditangguhkan dengan alasan ambigu - kode pemulihan akun email tidak dikirim (ternyata di folder spam) - mulai selfie - layar blank hitam berkali² (ternyata loading tanpa tanda) - pulih. Sekarang reupload reels ke story loading lamaaaa","Edit di pc - teks hilang - edit deskripsi - ""Editan anda belum disimpan silahkan coba lagi nanti""- ulangi - sama aja - pulih. Akun saya dibisukan tanpa kalimat yang melanggar & tanpa alasan. Masalah selesai tapi tiba² akun saya ditangguhkan dengan alasan ambigu - kode pemulihan akun email tidak dikirim (ternyata di folder spam) - mulai selfie - layar blank hitam berkali² (ternyata proses memuat tanpa tanda) - pulih. Sekarang reupload video reels ke cerita Instagram proses memuat lama",6,0,5,Joy
IG-000103,Mardian Saputra,"Ini sehari berapa kali update ya ? Yg di update apa si ? Kayanya ga nambah bagus ga ada perubahan juga malah makin mundur, juga tambahkan pengaturan pengiriman story jdi kalo ada video yg durasinya lebih dari 1 menit kita bisa atur mau di menit keberapa yang dikirim.","Ini sehari berapa kali update ya ? yang di update apa si ? Kayanya tidak nambah bagus tidak ada perubahan juga malah makin mundur, juga tambahkan pengaturan pengiriman cerita Instagram jdi kalo ada video yang durasinya lebih dari 1 menit kita bisa atur mau di menit keberapa yang dikirim.",7,0,1,Trust
IG-000104,Aisya Nabila,"Entah mengapa tiba-tiba aplikasi instagram saya gabisa terbuka, ketika masuk aplikasi langsung keluar kembali Sudah coba ilangin data ini itu tetapi masih tidak bisa padahal sebelumnya aman² saja Sangat kecewa sekali tolong segera ditindaklanjuti","Entah mengapa tiba-tiba aplikasi instagram saya gabisa terbuka, ketika masuk aplikasi langsung keluar kembali Sudah coba ilangin data ini itu tetapi masih tidak bisa padahal sebelumnya aman² saja Sangat kecewa sekali tolong segera ditindaklanjuti",1,0,2,Sadness
IG-000105,Fitry 1030_,"Tolong caranya biar story saya yang baru di up di mnculkan di arsib‼️, itu kan g sengaja ketekan arsipkan smntra di story, nah dri situ mnghilang dari story saya dn sy liat di arsib:lah kok hilang?, ini tolong sy sda liat vid cara"" mngbalikan tapi nga ada biar satu tutorialnya yg sprti sy mksd ini. Rncnya mau di smpan dlu eh g sngja ketekan arsibkan, TOLONG SKLIIII‼️","Tolong caranya biar cerita Instagram saya yang baru di up di mnculkan di arsib‼️, itu bukankah tidak sengaja ketekan arsipkan smntra di cerita Instagram nah dari situ mnghilang dari cerita Instagram saya dn saya melihat di arsib:lah mengapa hilang, ini tolong saya sda melihat vid cara"" mngbalikan tapi nga ada biar satu tutorialnya yang sprti saya mksd ini. Rncnya mau di smpan dlu eh tidak sngja ketekan arsibkan, TOLONG SKLI‼️",14,0,1,Sadness
IG-000106,Bowo Laksono,"kenapa ini sering muncul pesan ajukan banding, padahal pagi bisa dibuka, malamnya malah tidak bisa, dan itu nyambung ke thread sampai minta email lagi, kok jd bikin waspada... mohon diperbaiki lg..","kenapa ini sering muncul pesan ajukan banding, padahal pagi bisa dibuka, malamnya malah tidak bisa dan itu nyambung ke thread sampai minta email lagi, mengapa jd membuat waspada. tolong diperbaiki lagi",6,0,1,Surprise
IG-000107,Athiyyah Salsabillah,"instagram makin lemot jaringan uda bagus tp slalu lag saat liat story dll sy kira internetny yg bermasalah, pas sy liat tiktok lancar² aj pake data internet keselll bangettt tolong pihak instagran perbaikiiiiiii woii sgt² mengganggu!!!!!!!!","instagram makin kinerja sangat lambat jaringan sudah bagus tetapi slalu lambat saat melihat cerita Instagram dll saya kira internetny yang bermasalah, saat saya melihat tiktok lancar² aj pakai data internet kesel banget tolong pihak instagran perbaiki woii sgt² mengganggu!",12,0,1,Trust
IG-000108,Zeon By,sekarang makin bagus performanya tapi ada sedikit bug yaitu ketika siaran langsung bersama teman jadi blackscreen kadang gak keliatan itu aja yg lain udah bagus kok,sekarang makin bagus performanya tapi ada sedikit gangguan bug sistem yaitu ketika siaran langsung bersama teman jadi blackscreen kadang tidak keliatan itu aja yang lain sudah bagus mengapa,5,0,5,Trust
IG-000109,Diki Iskandar,"Hello... Ada Bug yg sangat menggangu saat saya menggunakan Instagram, kenapa di fitur Reels saya tidak scroll konten² influence? Dan saat masuk ke Reels tidak ada gambar (Blank)... Mohon segera di perbaiki sangat menggangu sekali... Thnks","Hello. Ada gangguan bug sistem yang sangat menggangu saat saya menggunakan Instagram, kenapa di fitur video reels saya tidak scroll konten² influence? Dan saat masuk ke video reels tidak ada gambar (Blank). tolong segera di perbaiki sangat menggangu sekali. Thnks",5,0,4,Anticipation
IG-000110,Kafi Falahul bashirah,"Tolong lah di perbaiki bug yang meresahkan ini setiap saya ini melihat reels ataupun yang lain nya di isntagram semua nya lemot tetapi sinyal saya baik baik saja,sudah berapa kali saya apus dan domload lagi tetapi hasil nya tetap sama saja.jadi tolong lah admid di perbaiki secepat nya karna ini sudah sangat meresahkan","Tolong lah di perbaiki gangguan bug sistem yang meresahkan ini setiap saya ini melihat video reels ataupun yang lain nya di isntagram semua nya kinerja sangat lambat tetapi sinyal saya baik baik saja,sudah berapa kali saya apus dan domload lagi tetapi hasil nya tetap sama saja.jadi tolong lah admid di perbaiki secepat nya karena ini sudah sangat meresahkan",4,0,1,Sadness
IG-000111,Farhan Agung,"T**k isi iklannya judol semua, padahal kaga pernah maen, browsing atau yang semacamnya. Udah di report, tidak tertarik dang lainnya masih tetep muncul. T**k cape gua Scroll2 terus muncul iya kalau sekali dua kali ini kadang per 3 scrollan muncul","T**k isi iklannya judol semua, padahal kaga pernah maen, browsing atau yang semacamnya. sudah di report, tidak tertarik dang lainnya masih tetep muncul. T**k cape saya Scroll2 terus muncul iya kalau sekali dua kali ini kadang per 3 scrollan muncul",2,0,2,Sadness
IG-000112,Perdiansyah,"Setelah update, buat reels sekarang jadi aneh. Lebih suka UI yang lama, karena membuat Reels yang ada teks otomatisnya jadi lebih gampang, ketimbang sekarang jadi susah dan bingung, anehh","Setelah update, membuat video reels sekarang jadi aneh. Lebih suka UI yang lama, karena membuat video reels yang ada teks otomatisnya jadi lebih gampang, ketimbang sekarang jadi susah dan bingung, anehh",3,0,1,Joy
IG-000113,Rinda A,"kenapa tidak bisa upload reels, stuck di 90% susah banget mau upload eror, untuk bagian cerita kalau yang berbentuk video stuck tidak bisa di putar gimana sih semakin di update semakin buruk","kenapa tidak bisa upload video reels stuck di 90% susah banget mau upload eror, untuk bagian cerita kalau yang berbentuk video stuck tidak bisa di putar gimana gerangan semakin di update semakin buruk",4,0,2,Anger
IG-000114,Angel Santa Ulina Sihombing,"Aplikasi nya gakk bagus saya kira hp saya yang ngelek ternyata emang aplikasi nya yang gak bagus, padahal saya udah apdet berapa kalii, masa iya orang lain ngetag akun kita itu gak bisa di masukin ke cerita akun kitaa!!! Perbaharui lagii dong aplikasinya","Aplikasi nya gakk bagus saya kira hp saya yang ngelek ternyata memang aplikasi nya yang tidak bagus, padahal saya sudah apdet berapa kalii, masa iya orang lain ngetag akun kita itu tidak bisa di masukin ke cerita akun kitaa! Perbaharui lagii lah aplikasinya",7,0,1,Trust
IG-000115,Oktavianti Oktavianti,"Ngga bisa buat story, kenapa ya kalok buat story pakek tata letak sama lagu pas mau di post kesalahan. Udah berulang kali loh kayak gini. Plis lah min perbaiki napa, padahal jaringan ku udah stabil loh","tidak bisa membuat cerita Instagram kenapa ya kalok membuat cerita Instagram pakek tata letak sama lagu saat mau di unggahan kesalahan. sudah berulang kali loh seperti begini tolong lah min perbaiki napa, padahal jaringan ku sudah stabil loh",13,0,3,Optimism
IG-000116,Fathiyanazwa 02,"Sebel banget dari kemarin mau buka ig malah suruh login mulu. Giliran login malah ngga bisa nemuin akun. Tolong dong diperbaiki udah dari kemarin² nyoba login tetep ngga bisa, udh diapus terus didownload lagi tetep aja ngga bisa🗿",Sebel banget dari kemarin mau buka Instagram malah suruh login mulu. Giliran login malah tidak bisa nemuin akun. Tolong lah diperbaiki sudah dari kemarin² nyoba login tetep tidak bisa sudah diapus terus didownload lagi tetep aja tidak bisa,10,0,1,Optimism
IG-000117,Ayodya Store,"Kenapa beberapa video di feed Instagram tidak bisa diputar lagi? Tidak ada tombol play nya dan bukan karena masa video kadaluarsa,padahal video yang lebih lama masih bisa diputar. Tolong kembalikan jadi normal ya , akan saya kasih bintang 5 jika video sudah dapat diputar lagi","Kenapa beberapa video di linimasa beranda Instagram tidak bisa diputar lagi? Tidak ada tombol play nya dan bukan karena masa video kadaluarsa,padahal video yang lebih lama masih bisa diputar. Tolong kembalikan jadi normal ya , akan saya kasih bintang 5 jika video sudah dapat diputar lagi",3,0,1,Optimism
IG-000118,Fayyadh Rantisi,"Saya sangat senang menggunakan Instagram. Tetapi saya sangat kecewa. karena setelah akun saya diretas, saya tidak bisa memulihkan akunnya. Saya mencoba untuk mendapatkan dukungan untuk mengambil video selfie. Tetapi hanya muncul layar kosong berwarna putih. Sampai sekarang belum ada respon dari pihak Instagram.","Saya sangat senang menggunakan Instagram. Tetapi saya sangat kecewa. karena setelah akun saya diretas, saya tidak bisa memulihkan akunnya. Saya mencoba untuk mendapatkan dukungan untuk mengambil video selfie. Tetapi hanya muncul layar kosong berwarna putih. Sampai sekarang belum ada respon dari pihak Instagram.",1,0,2,Sadness
IG-000119,ganks bocil,"dari segi manapun apk nya bagus' aja guys, tapi ada sisi lain yg harus di update yaitu fitur buat ganti music postingan yg udah di upload, sebagian besar org' bertanya tanya, bagaimana caranya ganti music postingan yg udah di upload? hal itu sebenar nya tidak ada guys, mencari tutor kesana kesini yang ada cuman tutor hapus dulu postingan nya trs upload lagi dengan music yang baru, kemungkin banyak bermanfaat buat org yg salah ambil music/music yang tidak sesuai vibe foto/video. sekian trmksh","dari segi manapun apk nya bagus' aja guys, tapi ada sisi lain yang harus di update yaitu fitur membuat ganti music unggahan konten yang sudah di upload, sebagian besar org' bertanya tanya, bagaimana caranya ganti music unggahan konten yang sudah di upload? hal itu sebenar nya tidak ada guys, mencari tutor kesana kesini yang ada cuman tutor hapus dulu unggahan konten nya trs upload lagi dengan music yang baru, kemungkin banyak bermanfaat membuat org yang salah ambil music/music yang tidak sesuai vibe foto/video. sekian trmksh",11,0,5,Trust
IG-000120,Masin Ucok,"Makin jelek aplikasinya, kalo ngeliat arsip story muter"" doang padahal jaringan wifi bagus pake data udah tapi sama aja muter"" doang, tolong di perbaikin aplikasi nya, agar pengguna yang lain lebih nyaman termasuk saya","Makin jelek aplikasinya, kalo ngeliat arsip cerita Instagram muter"" doang padahal jaringan wifi bagus pakai data sudah tapi sama aja muter"" doang, tolong di perbaikin aplikasi nya, agar pengguna yang lain lebih nyaman termasuk saya",3,0,1,Trust
IG-000121,Dinda Marpaung,"Instagram sebaiknya tetap mempertahankan fitur Archive Story, karena fitur ini sangat berguna untuk menyimpan kenangan dan momen berharga tanpa harus membagikannya secara permanen di profil. Selain itu, fitur ini memudahkan pengguna untuk melihat kembali cerita lama kapan saja, menjaga privasi, namun tetap bisa mengakses kenangan dengan mudah. Menghapus fitur ini akan mengurangi pengalaman pengguna yang sudah terbiasa menggunakannya.","Instagram sebaiknya tetap mempertahankan fitur Archive cerita Instagram karena fitur ini sangat berguna untuk menyimpan kenangan dan momen berharga tanpa harus membagikannya secara permanen di profil. Selain itu, fitur ini memudahkan pengguna untuk melihat kembali cerita lama kapan saja, menjaga privasi, namun tetap bisa mengakses kenangan dengan mudah. Menghapus fitur ini akan mengurangi pengalaman pengguna yang sudah terbiasa menggunakannya.",2,0,2,Trust
IG-000122,Shyella Lolowang,Kenapa akun saya tiba-tiba ditangguhkan ya?? Tanpa alasan yg jelas pdhl tidak melakukan pelanggaran loh terus loadingnya lama bngt udh kirim foto selfie untuk banding tp masih blm pulih klr kirim selfie juga layar langsung blank berubah jd hitam?? Udh sempet masuk habis itu muncul lagi notif buat kirim banding emangnya sekali kirim harus brp kali?? What happened to Instagram?? Sering-seringlah kek gini deh....,Kenapa akun saya tiba-tiba ditangguhkan ya? Tanpa alasan yang jelas pdhl tidak melakukan pelanggaran loh terus loadingnya lama banget sudah kirim foto selfie untuk banding tetapi masih belum pulih klr kirim selfie juga layar langsung blank berubah jd hitam? sudah sempet masuk habis itu muncul lagi notif membuat kirim banding emangnya sekali kirim harus brp kali? What happened to Instagram? Sering-seringlah seperti begini sudahlah,10,0,1,Surprise
IG-000123,Anggara rifky Saputra,"Untuk semua fitur sudah bagus tetapi satu menurut saya yg harus di tambahin ,min tolong untuk music di tambahin lagi waktu nya jangan cuman 15 detik aja minimal 30 detik TOLONGG!!!","Untuk semua fitur sudah bagus tetapi satu menurut saya yang harus di tambahin ,min tolong untuk music di tambahin lagi waktu nya jangan cuman 15 detik aja minimal 30 detik TOLONGG!",1,0,3,Trust
IG-000124,Matt Talamati,"Mengapa lagu di instagram hanya sedikit? Setengah lagu ada yang hilang , pas dicari gak dapat dapat , padahal instagram yang lalu semua musik nya ada. Tapi kenapa sekarang banyak sekali lagu yang hilang? Tolong buat lagunya jadi lengkap lagi...","Mengapa lagu di instagram hanya sedikit? Setengah lagu ada yang hilang , saat dicari tidak dapat dapat , padahal instagram yang lalu semua musik nya ada. Tapi kenapa sekarang banyak sekali lagu yang hilang? Tolong membuat lagunya jadi lengkap lagi.",3,0,2,Surprise
IG-000125,Game Account,"Aplikasinya makin lama makin buruk penuh bug, saya upload video sampe 3 jam gak selesai selesai padahal sinyal lancar, trus video yang seharusnya 6 menit kenapa malah jadi 13 menit. Tolong jika di update beneran dibenerin bug nya","Aplikasinya makin lama makin buruk penuh gangguan bug sistem saya upload video sampe 3 jam tidak selesai selesai padahal sinyal lancar, trus video yang seharusnya 6 menit kenapa malah jadi 13 menit. Tolong jika di update benar-benar dibenerin gangguan bug sistem nya",4,0,1,Anger
IG-000126,kind person,"Tim instagram gk Becus, udh saya laporkan masalah akun karena sering bug untuk opsi memunculkan lagu sering hilang tapi gak ada tindakan apapun. Saya sebagai pengguna merasa tidak dianggap, tim instagram gk peduli sama sekali 🤣","Tim instagram tidak Becus, sudah saya laporkan masalah akun karena sering gangguan bug sistem untuk opsi memunculkan lagu sering hilang tapi tidak ada tindakan apapun. Saya sebagai pengguna merasa tidak dianggap, tim instagram tidak peduli sama sekali [EMO_JOY]",5,1,1,Sadness
IG-000127,Faizah Ratu Zalni,"Jelek banget update an nya, plis pas mau bikin story jadi ga enak. Tolong ganti ke yang lama aj, font nya pada berubah juga males bgt. Trus pas abis bikin story, gak masuk ke arsip jdi gbisa bikin hightlight :(","Jelek banget update an nya, tolong saat mau membuat cerita Instagram jadi tidak enak. Tolong ganti ke yang lama aj, font nya pada berubah juga males banget Trus saat abis membuat cerita Instagram tidak masuk ke arsip jdi gbisa membuat hightlight :(",11,0,1,Anger
IG-000128,Refrina Matratilova,"Sebelumnya masih bisa untuk download foto dari yang di edit insta story, sekarang engga samsek 😬 jadi harus di ss dulu 😔 padahal dulu ngga gini deh, mohon perbaiki ya, selebihnya udah oke banget kok 😎 makasih kawandeu 🙏🏻","Sebelumnya masih bisa untuk download foto dari yang di edit Instagram cerita Instagram sekarang tidak samsek jadi harus di ss dulu padahal dulu tidak begini sudahlah tolong perbaiki ya, selebihnya sudah oke banget mengapa terima kasih kawandeu [EMO_TRUST]",11,1,4,Trust
IG-000129,Sifa,"Setiap post feed yg lebih dari 10 selalu kedip2 fotonya dan tidak ter up, hanya bisa post feed lebih dari 10 jika tanpa menggunakan lagu.","Setiap unggahan linimasa beranda yang lebih dari 10 selalu kedip2 fotonya dan tidak ter up, hanya bisa unggahan linimasa beranda lebih dari 10 jika tanpa menggunakan lagu.",6,0,1,Optimism
IG-000130,Billy Darmawan Lie,"Scrool dr atas kebawah atau sebaliknya tidak seperti biasanya,,ini terjadi setelah update yg terbaru Melihat foto slide ke 2 dan selanjutnya pun sulit Saya uda cek di aplikasi lain tidaj seperti ini,krna awalnya saya kira hp saya yg bermaslah Mohon diperbaiki","Scrool dari atas kebawah atau sebaliknya tidak seperti biasanya,ini terjadi setelah update yang terbaru Melihat foto slide ke 2 dan selanjutnya pun sulit Saya sudah cek di aplikasi lain tidaj seperti ini,krna awalnya saya kira hp saya yang bermaslah tolong diperbaiki",5,0,2,Sadness
IG-000131,Nicholas Hia,"tolong kepada pihak ig untuk memperbaiki bug fc ( keluar sendiri ) karena dalam update sekarang ini, saya mengalami banyak sekali bug terutama bug fc padahal memori hp saya masih banyak dan jaringan juga bagus🙏","tolong kepada pihak Instagram untuk memperbaiki gangguan bug sistem fc ( keluar sendiri ) karena dalam update sekarang ini, saya mengalami banyak sekali gangguan bug sistem terutama gangguan bug sistem fc padahal memori hp saya masih banyak dan jaringan juga bagus [EMO_TRUST]",4,1,1,Trust
IG-000132,Ryze9,"Kemungkinan banyak yang mengeluhkan persoalan ini, tolong untuk fitur lagu di post agar ditambahkan mengubah/menghapus lagu, saya harap tanggapannya segera terimakasih 🙏🙏","Kemungkinan banyak yang mengeluhkan persoalan ini, tolong untuk fitur lagu di unggahan agar ditambahkan mengubah/menghapus lagu, saya harap tanggapannya segera terimakasih [EMO_TRUST] [EMO_TRUST]",1,2,2,Anticipation
IG-000133,Hilma Putri,"Fitur font awalnya sudah ada. Tiba2 hilang setelah bbrpa hari, bahkan bbrp fitur batu nggk masuk padahal sudah update ke versi terbaru, mana udh sebulan fitur klik link juga nggk bisa nyambung ke situsnya.","Fitur font awalnya sudah ada. Tiba2 hilang setelah bbrpa hari, bahkan bbrp fitur batu nggk masuk padahal sudah update ke versi terbaru, mana sudah sebulan fitur klik link juga nggk bisa nyambung ke situsnya.",2,0,1,Sadness
IG-000134,Ega Tifani,"Aplikasi bagus, Tetapi saya mengalami kendala. Sore ini saya memposting foto di instagram tetapi setelah saya menambahkan lagu diposting saya, foto postingan saya menjadi ngezoom, sudah saya hapus dan saya coba lagi tetapi tetap sama. Tolong segera direspon dan diperbaiki, terimakasih","Aplikasi bagus, Tetapi saya mengalami kendala. Sore ini saya memposting foto di instagram tetapi setelah saya menambahkan lagu diposting saya, foto unggahan konten saya menjadi ngezoom, sudah saya hapus dan saya coba lagi tetapi tetap sama. Tolong segera direspon dan diperbaiki, terimakasih",1,0,1,Anticipation
IG-000135,Devia Pebriyanti,"Rating⭐8/10✨ Keunggulan: dari jaman dulu memang aplikasi ini sangat bagus, bisa melihat foto artis bahkan aktor, artis luar negeri bahkan sampai mancanegara, bisa juga kita saling berinteraksi dengan idola kita. Selain itu, ada banyak filter yang sangat Bagus untuk mengambil foto, sehingga membuat kita jadi cantik. Kekurangan: Sekarang semakin lama apk ini semakin berbeda, dulu foto dan video di pisah tidak di satukan, tetapi sekarang di satukan dan di Campur hal itu membuat kuota jadi cpt habs","Rating⭐8/10 [EMO_OPTIMISM] Keunggulan: dari jaman dulu memang aplikasi ini sangat bagus, bisa melihat foto artis bahkan aktor, artis luar negeri bahkan sampai mancanegara, bisa juga kita saling berinteraksi dengan idola kita Selain itu, ada banyak filter yang sangat Bagus untuk mengambil foto, sehingga membuat kita jadi cantik. Kekurangan: Sekarang semakin lama apk ini semakin berbeda, dulu foto dan video di pisah tidak di satukan, tetapi sekarang di satukan dan di Campur hal itu membuat kuota jadi cpt habs",5,1,3,Trust
IG-000136,Rina Asih,App-nya bagus cuma pas mau nyimpen foto itu lama banget padahal dulu ga sampai selama itu terus pas keluar lalu masuk lagi kirain dah masuk galeri ternyata ga ada tolong di perbaiki lagi plisss mau masuk akun gak bisa peringatannya itu seberapa sering anda di Instagram padahal kalo masuk gak pernah gitu mau ganti atau pindah aku juga gak bisa di perbaiki pilsss udah sering di update tapi tetep eror jangan sampe mau update lagi harus berbayar ya yang unduh rugi gak bisa masuk,App-nya bagus cuma saat mau nyimpen foto itu lama banget padahal dulu tidak sampai selama itu terus saat keluar lalu masuk lagi kirain dah masuk galeri ternyata tidak ada tolong di perbaiki lagi tolong mau masuk akun tidak bisa peringatannya itu seberapa sering anda di Instagram padahal kalo masuk tidak pernah begitu mau ganti atau pindah aku juga tidak bisa di perbaiki pils sudah sering di update tapi tetep eror jangan sampe mau update lagi harus berbayar ya yang unduh rugi tidak bisa masuk,14,0,3,Trust
IG-000137,Dead Shadow,"Tolong perbaiki lagi untuk sistem Videocall dan telpon nya ya, saya akan kasih bintang 5 jika itu diperbaiki, seperti video melambat,buram,audio tiba tiba hilang,itu sangat mengesalkan","Tolong perbaiki lagi untuk sistem Videocall dan telpon nya ya, saya akan kasih bintang 5 jika itu diperbaiki, seperti video melambat,buram,audio tiba tiba hilang,itu sangat mengesalkan",0,0,4,Sadness
IG-000138,Hismi Apriliani,"pas awal awal bagus si, tapi kenapa MAKIN KESINI MAKIN LAG JIR? kaya mau buka dm lowding nya lamaaaa banget banget banget, mau buka ig lowding nyaaa kaya abis paketan padahal pake wifi, di perbaik deh ya tolong banget ini mah.","saat awal awal bagus si, tapi kenapa MAKIN KESINI MAKIN lambat JIR? kaya mau buka pesan langsung lowding nya lama banget banget banget, mau buka Instagram lowding nya kaya abis paketan padahal pakai wifi, di perbaik sudahlah ya tolong banget ini mah.",6,0,4,Trust
IG-000139,Ari Prabowo,"Posting snapgram grid fotonya selalu vertikal, setiap kali mau buat postingan foto tiba-tiba efek fotonya berubah. Aplikasi kadang saya update tapi hasilnya tetap sama","mengunggah snapgram grid fotonya selalu vertikal, setiap kali mau membuat unggahan konten foto tiba-tiba efek fotonya berubah. Aplikasi kadang saya update tapi hasilnya tetap sama",3,0,2,Sadness
IG-000140,Alitsky,"Ada masalah yg saya temukan, Lagi. Dimana video yang saya simpan dalam bentuk reels tidak ada di bagian ""reels"" dalam tersimpan di bagian ""semua postingan"". Nah kejadian ini bukan 1 2 kali saya alami, tapi udh sering. Jadi beberapa reels baru yg saya simpan tidak akan muncul di bagian ""reels"", malahan ada di bagian yang satunya lagi. Tolong cepat di perbaiki, terimakasih.","Ada masalah yang saya temukan, Lagi. Dimana video yang saya simpan dalam bentuk video reels tidak ada di bagian video reels dalam tersimpan di bagian ""semua unggahan konten Nah kejadian ini bukan 1 2 kali saya alami, tapi sudah sering. Jadi beberapa video reels baru yang saya simpan tidak akan muncul di bagian video reels malahan ada di bagian yang satunya lagi. Tolong cepat di perbaiki, terimakasih.",8,0,3,Trust
IG-000141,Alifah Salma,"Maaf saya beri bintang 1.karena saya cukup kecewa dgn sistem instagramnya yg skrng. Keluhan saya ialah, kerena tdk bisa membuka reels dan foto. Menonton reels saja tidak bisa, padahal jaringan dan hpnya masih baik. Tolong perbaikannya dan tolong update nya lebih spesifikasi lagi","Maaf saya beri bintang 1.karena saya cukup kecewa dengan sistem instagramnya yang skrng. Keluhan saya ialah, kerena tidak bisa membuka video reels dan foto. Menonton video reels saja tidak bisa padahal jaringan dan hpnya masih baik. Tolong perbaikannya dan tolong update nya lebih spesifikasi lagi",7,0,1,Sadness
IG-000142,Tiara Airafaras,Perasaan dulu bisa up banyak gambar dalam satu postingan. Kenapa ini gak? Harus dibikin draft dulu baru bisa di upload. Idih bikin gregetan aja. Habis itu bagian lagu nya gak bisa di edit lagi malah kek eror dan lemot,Perasaan dulu bisa up banyak gambar dalam satu unggahan konten Kenapa ini tidak Harus dibikin draft dulu baru bisa di upload. Idih membuat gregetan aja. Habis itu bagian lagu nya tidak bisa di edit lagi malah seperti eror dan kinerja sangat lambat,9,0,1,Optimism
IG-000143,Syahrizal Mahesa,"Kalo mau buka filter Ig suka bug teruss gabisa ngedit foto yg ada d galeri , selalu muncul foto"" yg langsung d IG nya maap kasih bintang 1 soalnya udah d update juga tetep kaya gitu , mungkin ada pengaturan nya tapi udh d cari"" masih ga ketemu 🙏","Kalo mau buka filter Instagram suka gangguan bug sistem teruss gabisa ngedit foto yang ada d galeri , selalu muncul foto"" yang langsung d Instagram nya maap kasih bintang 1 soalnya sudah d update juga tetep kaya begitu , mungkin ada pengaturan nya tapi sudah d cari"" masih tidak ketemu [EMO_TRUST]",9,1,1,Joy
IG-000144,lusi susilawati,"Makin parah aja ,akun lama kena suspend padahal gak ngapangapain banding gak bisa ga dikirim kirim kodenya, bikin akun baru lihat foto sendiri aja gak bisa dibatasi katanya. Untung aja bukan akun jualan hanya akun pribadi dan sayang sama arsipnya sih,","Makin parah aja ,akun lama kena suspend padahal tidak ngapangapain banding tidak bisa tidak dikirim kirim kodenya, membuat akun baru lihat foto sendiri aja tidak bisa dibatasi katanya. Untung aja bukan akun jualan hanya akun pribadi dan sayang sama arsipnya gerangan",8,0,1,Optimism
IG-000145,Darusman Kantan,"kenapa saya memberi bintang 1,karena akun saya selalu ada masalah seperti follower menurun tiap waktu hingga follower saya mencapai angka 0,suda sya laporkan terus tapi tidak ada perbaikan sama sekali, kejadian ini pun sudah kesekian kalinya,padahal akun saya murni dari awal buat hingga sampai sekarang,masalah nya pasti di follower terus,tolong ya pihak instagram untuk segera memperbaiki masalah di akun saya ini _018kantan follower saya ini lama lama menurun sampai ke angka 0,tolong di perbaiki","kenapa saya memberi bintang 1,karena akun saya selalu ada masalah seperti pengikut menurun tiap waktu hingga pengikut saya mencapai angka 0,suda saya laporkan terus tapi tidak ada perbaikan sama sekali, kejadian ini pun sudah kesekian kalinya,padahal akun saya murni dari awal membuat hingga sampai sekarang,masalah nya pasti di pengikut terus,tolong ya pihak instagram untuk segera memperbaiki masalah di akun saya ini _018kantan pengikut saya ini lama lama menurun sampai ke angka 0,tolong di perbaiki",6,0,1,Anticipation
IG-000146,Naufal Abid,"Saya suka namun, sering kali dalam penggunaan saya terjadi bug seperti tidak berfungsi nya siaran langsung, tag story, dan saya sudah laporan kan serta ajukan banding, namun pihak developer tidak merespon bug tersebut di akun saya","Saya suka namun, sering kali dalam penggunaan saya terjadi gangguan bug sistem seperti tidak berfungsi nya siaran langsung, tag cerita Instagram dan saya sudah laporan bukankah serta ajukan banding, namun pihak developer tidak merespon gangguan bug sistem tersebut di akun saya",4,0,3,Joy
IG-000147,Xiaomi Ind,"Sound musik di catatan & story ga tersedia lagi secara tb², bertuliskan ""Lagu yang Anda pilih mungkin tidak tersedia di semua negara"". Tolong pihak instagram bagaimana caranya biar bisa balik lagi sound musik nya","Sound musik di catatan & cerita Instagram tidak tersedia lagi secara tb², bertuliskan ""Lagu yang Anda pilih mungkin tidak tersedia di semua negara"". Tolong pihak instagram bagaimana caranya biar bisa balik lagi sound musik nya",3,0,2,Optimism
IG-000148,Dian,"Kasing bintang 1 soalnya pas mau buat akub baru kok gk bisa yah? Selalu muncul tulisan""terjadi kesalahan jaringan yang tidak di ketahui""pdhl jaringannya masih bagus bgt,udh pake wifi,data sendiri tetep aja g bisa,pdhl sblum²ny bisa,helpp...tolong di perbaiki😭😭","Kasing bintang 1 soalnya saat mau membuat akub baru mengapa tidak bisa yah? Selalu muncul tulisan""terjadi kesalahan jaringan yang tidak di ketahui""pdhl jaringannya masih bagus bgt,udh pakai wifi,data sendiri tetep aja tidak bisa,pdhl sblum²ny bisa,helpp.tolong di perbaiki [EMO_SADNESS] [EMO_SADNESS]",7,2,1,Anger
IG-000149,Rizki Maulana,"Akun saya dinonaktifkan dengan keterangan pelanggaran pedoman, padahal saya tidak berbuat aneh"" di ig dan jarang menggunakannya, ketika aju banding dipersulit, ketika buat akun baru dipersulit dan pasti akan di tangguhkan dan ujung-ujungnya dinonaktifkan. Kecewa","Akun saya dinonaktifkan dengan keterangan pelanggaran pedoman, padahal saya tidak berbuat aneh"" di Instagram dan jarang menggunakannya, ketika aju banding dipersulit, ketika membuat akun baru dipersulit dan pasti akan di tangguhkan dan ujung-ujungnya dinonaktifkan. Kecewa",2,0,1,Sadness
IG-000150,manda,"fitur pada cutouts tidak berjalan dengan baik, saat ingin digunakan tidak dapat memotong dengan baik sehingga tidak bisa menjadi stiker, seharusnya dalam memotong gambar png mulus dan lancar saja, saya akan memberi bintang lima jika sudah diperbaiki, tolong kepada pihak instagram saya sangat suka sekali dengan fitur ini","fitur pada cutouts tidak berjalan dengan baik, saat ingin digunakan tidak dapat memotong dengan baik sehingga tidak bisa menjadi stiker, seharusnya dalam memotong gambar png mulus dan lancar saja, saya akan memberi bintang lima jika sudah diperbaiki, tolong kepada pihak instagram saya sangat suka sekali dengan fitur ini",1,0,3,Joy
IG-000151,keysha,"apknya bagus, dan memiliki banyak filter. tapi tolong diperbaiki bug story nya, saya up story tapi tertulis 'cerita ini tidak tersedia' saat teman saya membuka story saya. padahal saya belum hapus story itu, tolong diperbaiki juga bug terjemahan bio nya, saya ketik apa terjemahan nya apa. tolong segera di perbaiki, terimakasih","apknya bagus, dan memiliki banyak filter. tapi tolong diperbaiki gangguan bug sistem cerita Instagram nya, saya up cerita Instagram tapi tertulis 'cerita ini tidak tersedia' saat teman saya membuka cerita Instagram saya. padahal saya belum hapus cerita Instagram itu, tolong diperbaiki juga gangguan bug sistem terjemahan bio nya, saya ketik apa terjemahan nya apa. tolong segera di perbaiki, terimakasih",6,0,3,Anticipation
IG-000152,Nita Candra,"Bagus, cuman postingan saya tiba tiba hilang lagu nya & saat diganti tetap hilang dan tidak bisa diganti lagi. Saya juga tidak bisa mendengarkan lagu yang di postingan saya tetapi di akun lain bisa. Dan setiap upload story + lagu jadi blur, padahal foto aslinya HD","Bagus, cuman unggahan konten saya tiba tiba hilang lagu nya & saat diganti tetap hilang dan tidak bisa diganti lagi. Saya juga tidak bisa mendengarkan lagu yang di unggahan konten saya tetapi di akun lain bisa Dan setiap upload cerita Instagram + lagu jadi blur, padahal foto aslinya HD",6,0,3,Trust
IG-000153,Ravina Army,"Akhir² ini apk ini aneh, ngk sebagus dulu Arsip video ngk bisa di putar, dan beberapa tidak terlihat padahal ngk di hpus permanen Tolong lah apk ini dah di anggap tempat album ke 2 setelah foto jdi tolong bgt jgn sampe di hilangkan yang ada di arsip","Akhir² ini apk ini aneh, ngk sebagus dulu Arsip video ngk bisa di putar, dan beberapa tidak terlihat padahal ngk di hpus permanen Tolong lah apk ini dah di anggap tempat album ke 2 setelah foto jdi tolong banget jangan sampe di hilangkan yang ada di arsip",3,0,3,Trust
IG-000154,Hukaimatul Haq Lukman AIMA,"bro, apk nya keren tpi jgn hapus arsip ya. Kenangan gue bykk disituu minnn, nnti nyimpen kenangan dimana lagiii huhuhuhuhu. Oh ya 1 lagi, udh update ig tpi yg ter-update cm akun ke 1 tpi akun ke2 ga ke update alias masih fitur lama. Trus juga klo mau upload story tb² muncul ""kesalahan"" pdhl yg mau di upload hal yg baik² aja. Tolong yee tingkatkan lagi nih instagram, nnti gue ksih ☆5😄.","bro, apk nya keren tetapi jangan hapus arsip ya. Kenangan saya bykk disituu min, nnti nyimpen kenangan dimana lagi huhuhuhuhu. Oh ya 1 lagi, sudah update Instagram tetapi yang ter-update cm akun ke 1 tetapi akun ke2 tidak ke update alias masih fitur lama. Trus juga kalau mau upload cerita Instagram tb² muncul ""kesalahan"" pdhl yang mau di upload hal yang baik² aja. Tolong yee tingkatkan lagi nih instagram, nnti saya ksih ☆5 .",14,0,3,Anger
IG-000155,Ricelle Novfraensta,"Mohon mudahkan dalam pemulihan akun instagram yang lupa password serta email dan nomor telepon sudah tidak aktif dipermudahkan. Dengan mengirimkan identitas foto selfie, tetapi ketika pilih opsi tersebut mohon jangan bertanya lagi tentang passwordnya apa terkahir kali dipakai, jadi saya ingin memulihkan akun tersebut semakin sangat sulit. Saya mohon bantuannya peemudahkan untuk instagram, karena saya ingin memulihkan akun instagram yang sudah 5 tahun lalu.","tolong mudahkan dalam pemulihan akun instagram yang lupa password serta email dan nomor telepon sudah tidak aktif dipermudahkan. Dengan mengirimkan identitas foto selfie, tetapi ketika pilih opsi tersebut tolong jangan bertanya lagi tentang passwordnya apa terkahir kali dipakai, jadi saya ingin memulihkan akun tersebut semakin sangat sulit. Saya tolong bantuannya peemudahkan untuk instagram, karena saya ingin memulihkan akun instagram yang sudah 5 tahun lalu.",3,0,1,Sadness
IG-000156,Ahmad Husaeni,Bagus akan tetapi berikan prioritas khusus atau fitur khusus untuk disabilitas Saya rasa apa yang terjadi pihak center Instagram pun juga mengetahuinya mengenai kelemahan disabilitas di Instagram Mohon maaf untuk saat ini Terkadang untuk pengguna tersebut Instagram agak sedikit lemot atau terkadang sedikit bermasalah Tolong dibantu ya agar lebih bagus dan lebih meningkat dan lebih baik untuk semuanya terima kasih Maaf kalimat ini untuk pengguna disabilitas tunanetra ya mohon dibantu,Bagus akan tetapi berikan prioritas khusus atau fitur khusus untuk disabilitas Saya rasa apa yang terjadi pihak center Instagram pun juga mengetahuinya mengenai kelemahan disabilitas di Instagram tolong maaf untuk saat ini Terkadang untuk pengguna tersebut Instagram agak sedikit kinerja sangat lambat atau terkadang sedikit bermasalah Tolong dibantu ya agar lebih bagus dan lebih meningkat dan lebih baik untuk semuanya terima kasih Maaf kalimat ini untuk pengguna disabilitas tunanetra ya tolong dibantu,3,0,4,Trust
IG-000157,Aisya Aulia,"hanya bintang 1?? mengapaa?? tentunya karena terlalu banyak bug sehingga saya tidak dapat login, masalahnya saya akan mengikuti suatu kegiatan yang mengharuskan follow akun umum penyelenggara. jangan salah, saya sudah instal-uninstal instagram & instagram lite, tentu saja hasilnya sama. kegiatannya hari ini pulaa","hanya bintang 1? mengapaa? tentunya karena terlalu banyak gangguan bug sistem sehingga saya tidak dapat login, masalahnya saya akan mengikuti suatu kegiatan yang mengharuskan follow akun umum penyelenggara. jangan salah, saya sudah instal-uninstal instagram & instagram lite, tentu saja hasilnya sama. kegiatannya hari ini pulaa",1,0,1,Surprise
IG-000158,Rukma inna,"halo developer, aplikasi ig ku fitur komen storynya blm ada, dan fitur template yg lagi trend bagian story jg blm bisa :( kenapa yah apk instagram saya suka telat ter update ke versi terbaru nya? padahal aku rajin banget loh buat update ke versi terbaru nya, tolong dipercepat jg dong update tan aplikasi ke versi terbarunya untuk di akun aku","halo developer, aplikasi Instagram ku fitur komen storynya belum ada, dan fitur template yang lagi trend bagian cerita Instagram juga belum bisa :( kenapa yah apk instagram saya suka telat ter update ke versi terbaru nya? padahal aku rajin banget loh membuat update ke versi terbaru nya, tolong dipercepat juga lah update tan aplikasi ke versi terbarunya untuk di akun aku",10,0,1,Joy
IG-000159,Fajar Ramadhan,"Kok bisa Main account sama Second account saya beda versinya. Di Second account saya bisa menambahkan komentar di Stories orang dan saat menambahkan konten orang ke storie (video) bentuk shape nya seperti di Iphone (saya pakai Android) sedangkan di Main account saya ga bisa, padahal saya lebih sering aktif di Main account",mengapa bisa Main account sama Second account saya beda versinya. Di Second account saya bisa menambahkan komentar di Stories orang dan saat menambahkan konten orang ke storie (video) bentuk shape nya seperti di Iphone (saya pakai Android) sedangkan di Main account saya tidak bisa padahal saya lebih sering aktif di Main account,5,0,3,Optimism
IG-000160,Aziz Rifai,Setelah diupdate malah leletnya ampun2an.. padahal aplikasi lain berjalan lancar. Ini buat buka video sama foto hampir setahun baru bisa dibuka.. pas udah kebuka nggak sadar kalo udah idul fitri,Setelah diupdate malah leletnya ampun2an. padahal aplikasi lain berjalan lancar. Ini membuat buka video sama foto hampir setahun baru bisa dibuka. saat sudah kebuka tidak sadar kalo sudah idul fitri,6,0,5,Optimism
IG-000161,Icha Melisa,Semakin di update semakin meresahkan masa udah di setting tetap ga ada perubahan nya sih kesel banget tiap update beda² kesalahannya bukannya makin bagus malah bikin rumit bagusan yang kemarin nyesel banget gw update dan kenapa setiap liat sg video nya tuh suka gak kebuka/cuma diem aja tapi suara nya ada mohon di perbaiki🙏🏻,Semakin di update semakin meresahkan masa sudah di setting tetap tidak ada perubahan nya gerangan kesel banget tiap update beda² kesalahannya bukannya makin bagus malah membuat rumit bagusan yang kemarin nyesel banget saya update dan kenapa setiap melihat sg video nya tuh suka tidak kebuka/cuma diem aja tapi suara nya ada tolong di perbaiki [EMO_TRUST],8,1,1,Anger
IG-000162,Ervin Hermawan,"tolong dong. kenapa dengan Instagram ku!! lag parah sinyalnya muter muter doang. paket banyak sinyal bagus untuk yang lain, cuman untuk Instagram!!!. tolong di perbaiki tolonggg🙏🏼 beberapa orang juga sama lag jumping.","tolong lah kenapa dengan Instagram ku! lambat parah sinyalnya muter muter doang. paket banyak sinyal bagus untuk yang lain, cuman untuk Instagram. tolong di perbaiki tolong [EMO_TRUST] beberapa orang juga sama lambat jumping.",3,1,2,Trust
IG-000163,Ayyub Nurdin,"Kenapa postingan video saya sebagian di freeze/tidak bisa diputar dan menjadi gambar. Tolong disediakan fitur mengganti musik di postingan, apalagi kalau audio tidak tersedia lagi bisa diganti. Musik di profil tidak muncul",Kenapa unggahan konten video saya sebagian di freeze/tidak bisa diputar dan menjadi gambar. Tolong disediakan fitur mengganti musik di unggahan konten apalagi kalau audio tidak tersedia lagi bisa diganti. Musik di profil tidak muncul,4,0,3,Optimism
IG-000164,Dwi Rahmadani,"Ig tolong fitur draf nya lebih di optimalkan, supaya foto video yg disimpan di draf tidak hilang jika menghapus data/menguninstal aplikasi instagram. Saya tidak sengaja menghapus data aplikasi dan smua isi draf hilang, tolong pihak instagram lebih dioptimal kan lagi fitur draf nya. Atau beri solusi untuk memulihkan kembali foto video di draf yg hilang sebelum 7hari. Pasti banyak pengguna instagram lain yg mengalami hal seperti ini juga, jadi mohon bantuan nya🙏🏻","Instagram tolong fitur draf nya lebih di optimalkan, supaya foto video yang disimpan di draf tidak hilang jika menghapus data/menguninstal aplikasi instagram. Saya tidak sengaja menghapus data aplikasi dan smua isi draf hilang, tolong pihak instagram lebih dioptimal bukankah lagi fitur draf nya. Atau beri solusi untuk memulihkan kembali foto video di draf yang hilang sebelum 7hari. Pasti banyak pengguna instagram lain yang mengalami hal seperti ini juga, jadi tolong bantuan nya [EMO_TRUST]",6,1,1,Sadness
IG-000165,Zenkaizx,"Instagram tolong di balikan fitur seperti dulu kan kita sudah simpan lagu favorit kita, tolong kalo mau post ke story fitur musik ""disimpan paling atas"" di balikin lagi dong selebihnya sudah bagus trmksih🥰","Instagram tolong di balikan fitur seperti dulu bukankah kita sudah simpan lagu favorit kita tolong kalo mau unggahan ke cerita Instagram fitur musik ""disimpan paling atas"" di balikin lagi lah selebihnya sudah bagus trmksih [EMO_LOVE]",6,1,5,Trust
IG-000166,DeniFarid,Tidak dapat mengganti musik yang sudah di sematkan di profil. Tidak dapat melihat atau mengganti musik yang ada di profil sendiri. Pengaturannya juga menghilang. Padahal lagu yang saya tambahkan bisa dilihat oleh follower namun tidak dengan diri sendiri.,Tidak dapat mengganti musik yang sudah di sematkan di profil. Tidak dapat melihat atau mengganti musik yang ada di profil sendiri. Pengaturannya juga menghilang. Padahal lagu yang saya tambahkan bisa dilihat oleh pengikut namun tidak dengan diri sendiri.,2,0,1,Sadness
IG-000167,Ceng Harom,"setelah update kok kenapa ya setiap ngirim pesan malah muter terus kemaren"" gapernah kayak gitu tolong dong instagram kenapa malah jadi aneh gini pliss lah jangan update terus cape nih malah tambah banyak bug nya","setelah update mengapa kenapa ya setiap ngirim pesan malah muter terus kemaren"" gapernah seperti begitu tolong lah instagram kenapa malah jadi aneh begini pliss lah jangan update terus cape nih malah tambah banyak gangguan bug sistem nya",6,0,1,Surprise
IG-000168,Aly Furqaan Abdurrafi,"Saran saya untuk instagram kedepannya adalah lebih mendengarkan pengguna khususnya kreator dan pebisnis yang memulai usahanya di platform ini. Dengan memahami dan mendengarkan mereka, saya yakin Instagram kedepannya bisa bersaing dengan platform lain bahkan menggulinya. Dan, saya juga berharap fitur yang ditambahkan Instagram bukan hanya fitur kustomisasi saja, melainkan fitur yang menambah jangkauan postingan dan memperkuat hubungan antara audience dengan kreator.","Saran saya untuk instagram kedepannya adalah lebih mendengarkan pengguna khususnya kreator dan pebisnis yang memulai usahanya di platform ini. Dengan memahami dan mendengarkan mereka, saya yakin Instagram kedepannya bisa bersaing dengan platform lain bahkan menggulinya. Dan, saya juga berharap fitur yang ditambahkan Instagram bukan hanya fitur kustomisasi saja, melainkan fitur yang menambah jangkauan unggahan konten dan memperkuat hubungan antara audience dengan kreator.",2,0,5,Anticipation
IG-000169,Ela Champion,"Kenapa sekarang sorotan tidak bisa di simpan, fitur musik juga hilang dati feed, tolong diperbaiki ya.. Kalau masalah nya belum di update.. Saya sudah update aplikasi nya.. Tetap saja tidak bisa","Kenapa sekarang sorotan tidak bisa di simpan, fitur musik juga hilang dati linimasa beranda tolong diperbaiki ya. Kalau masalah nya belum di update. Saya sudah update aplikasi nya. Tetap saja tidak bisa",3,0,1,Sadness
IG-000170,Firman Kasim,Saya beri bintang tiga 3️⃣ karena fitur dalam aplikasi ini kurang fitur yang kurang dalam aplikasi instagram seperti menyembunyikan daftar mengikuti seperti di aplikasi Facebook dan TikTok mungkin cuman itu fitur yang kurang dalam aplikasi ini,Saya beri bintang tiga 3️⃣ karena fitur dalam aplikasi ini kurang fitur yang kurang dalam aplikasi instagram seperti menyembunyikan daftar mengikuti seperti di aplikasi Facebook dan TikTok mungkin cuman itu fitur yang kurang dalam aplikasi ini,0,0,3,Trust
IG-000171,13 Kalviyan Ixc,"Ini kenapa belakangan ini kayak lag memuat trus, postingan nya susah muncul nya/ tidak kelihatan? Padahal sinyal lancar full, kuota banyak, wifi on jaringan bagus, kenapa kok kayak lag dan memuat lama bnget posting postingan nyab","Ini kenapa belakangan ini seperti lambat memuat trus, unggahan konten nya susah muncul nya/ tidak kelihatan? Padahal sinyal lancar full, kuota banyak, wifi on jaringan bagus, kenapa mengapa seperti lambat dan memuat lama bnget mengunggah unggahan konten nyab",8,0,1,Surprise
IG-000172,REG_24_Nor Khosiah,"Kenapa ya pas saya liat postingan teman saya kok nggak ada lagunya padahal waktu pertama kali itu ada, sekarang kok gaada suaranya Terus terkadang itu saya nggak bisa lihat komenan Maksudnya di button nya itu udah ada beberapa yang komen pas dibuka malah tidak tersedia wkwk Itu kenapa ya min ☹️☹️, plis lahh tolong perbaiki","Kenapa ya saat saya melihat unggahan konten teman saya mengapa tidak ada lagunya padahal waktu pertama kali itu ada, sekarang mengapa gaada suaranya Terus terkadang itu saya tidak bisa lihat komenan Maksudnya di button nya itu sudah ada beberapa yang komen saat dibuka malah tidak tersedia tertawa Itu kenapa ya min ☹️☹️, tolong lahh tolong perbaiki",12,0,2,Surprise
IG-000173,Nadilla Cahyati,"aplikasinya bagus, karna ada reels juga jadi ga perlu aplikasi sebelah, tapi saya sangat kecewa igtv tidak ada, sekarang malah kaya liat video di reels tapi durasi lama gitu aja, kalo dulu kan enak liat igtv bisa di pindahin tu banyak pilihan, igtv sangat membantu saya dikala saya sedang suntuk, disana ada video seperti masak masak, streamer dll KECEWA BANGET IGTV DI APUS, kalo igtv di pisah aplikasinya kan ga bisa aku download tolong lah balikin igtv","aplikasinya bagus, karena ada video reels juga jadi tidak perlu aplikasi sebelah, tapi saya sangat kecewa igtv tidak ada, sekarang malah kaya melihat video di video reels tapi durasi lama begitu aja, kalo dulu bukankah enak melihat igtv bisa di pindahin tu banyak pilihan, igtv sangat membantu saya dikala saya sedang suntuk, disana ada video seperti masak masak, streamer dll KECEWA BANGET IGTV DI APUS, kalo igtv di pisah aplikasinya bukankah tidak bisa aku download tolong lah balikin igtv",12,0,3,Trust
IG-000174,Tio Gypsum (Topan Adistiono),Ingin menggunakan apk tersebut dengan mudah di pahami dan tidak lelet dalam pemutaran vidio dalam aplikasi tersebut...mohon untuk memberikan yang terbaik.,Ingin menggunakan apk tersebut dengan mudah di pahami dan tidak lelet dalam pemutaran vidio dalam aplikasi tersebut.mohon untuk memberikan yang terbaik.,0,0,5,Joy
IG-000175,Ega Ainayah,"Makin aneh deh, masa tiap habis di upgrade aja kendala nya. Susah login lah, reels ilang lah. Kenapa si instagram. Skrg ada masalah baru 2024 kudu diliatin dlu baru bisa ke upload, trus mau ngerepotin postingan feed ke SG jga gabisa. Lemot parah","Makin aneh sudahlah masa tiap habis di upgrade aja kendala nya. Susah login lah, video reels ilang lah. Kenapa si instagram. sekarang ada masalah baru 2024 kudu diliatin dlu baru bisa ke upload, trus mau ngerepotin unggahan konten linimasa beranda ke SG juga gabisa. kinerja sangat lambat parah",8,0,1,Surprise
IG-000176,William Sigalemba,"tolong meta jawab, ini dari kemarin ig saya tidak bisa upload story, saya sudah coba segala cara mulai dari restart hp, hapus data, hapus chace, instal ulang, login logout, tapi tetap tidak bisa upload story, dengan ada keterangan menunggu koneksi, tapi aktifitas lain selain story masih bisa dilakukan, yang artinya jaringan bagus","tolong meta jawab, ini dari kemarin Instagram saya tidak bisa upload cerita Instagram saya sudah coba segala cara mulai dari restart hp, hapus data, hapus chace, instal ulang, login logout, tapi tetap tidak bisa upload cerita Instagram dengan ada keterangan menunggu koneksi, tapi aktifitas lain selain cerita Instagram masih bisa dilakukan, yang artinya jaringan bagus",7,0,1,Anticipation
IG-000177,Amar Gumilar,"Ini knp setelah di update profil nya berubah di tambah keterangan pengikut,mengikuti,dan postingannya berubah jadi agak ngebug,jelek. Tolong di perbaiki lagi","Ini kenapa setelah di update profil nya berubah di tambah keterangan pengikut,mengikuti,dan postingannya berubah jadi agak ngebug,jelek. Tolong di perbaiki lagi",1,0,2,Anger
IG-000178,Ricky Christino,"Setiap kali telat update aplikasi jadi sering ngeloading padahal kuota masih banyak penyimpanan juga aman, dan buka aplikasi lain juga ga pegat"" tuh nonton video sama buka foto juga.","Setiap kali telat update aplikasi jadi sering ngeloading padahal kuota masih banyak penyimpanan juga aman, dan buka aplikasi lain juga tidak pegat"" tuh nonton video sama buka foto juga.",1,0,2,Trust
IG-000179,Ikrar Putra Nusa Bhakti-2023,"tolong instagram perbaiki bug force close saat membuka feeds, setelah update patch terbaru ini terdapat bug tersebut. tidak semua akun mendapatkan fitur terbaru, tolong perbaiki bug tersebut. Dan banyak akun yang tidak bisa upload foto lalu muncul pop up ""kesalahan"".","tolong instagram perbaiki gangguan bug sistem force close saat membuka feeds, setelah update patch terbaru ini terdapat gangguan bug sistem tersebut. tidak semua akun mendapatkan fitur terbaru, tolong perbaiki gangguan bug sistem tersebut. Dan banyak akun yang tidak bisa upload foto lalu muncul pop up ""kesalahan"".",4,0,1,Anger
IG-000180,christine,"ini kok story-story yg lama jd hilang ya dibikin? trus story yg lama juga kualitasnya ga hd lagi malah blur. makin lama kok makin ga jelas Instagram ni, yg paling kesal tu kenapa story yg udh lama dihilangkan??? padahal di archive kami simpan karna kalau kgn momennya ya tinggal liat di archive instagram la. tolong ya pihak instagram untuk mengatasi ini dan bikan kualitasnya ttp hd tolong kali, mks","ini mengapa story-story yang lama jd hilang ya dibikin? trus cerita Instagram yang lama juga kualitasnya tidak hd lagi malah blur. makin lama mengapa makin tidak jelas Instagram ni, yang paling kesal tu kenapa cerita Instagram yang sudah lama dihilangkan? padahal di archive kami simpan karena kalau kgn momennya ya tinggal melihat di archive instagram la. tolong ya pihak instagram untuk mengatasi ini dan bikan kualitasnya tetap hd tolong kali, mks",14,0,1,Surprise
IG-000181,Fattan,"Bnyk bug nya, contoh pas dlm mode Gelap.. itu sering kali nge bug, smuanya mlah kek eror gitu trus jg tulisannya dll.. jg kg kliatan, APLI KEBNYKN BUG NYA Fitur unduh di ig ga berguna, percuma klo ngunduh tanpa audio/suara...dan fitur unduh ini jarang tersedia di video, JELEK JELEK JELEK","Bnyk gangguan bug sistem nya, contoh saat dalam mode Gelap. itu sering kali nge gangguan bug sistem smuanya mlah seperti eror begitu trus juga tulisannya dll. juga kg kliatan, APLI KEBNYKN gangguan bug sistem NYA Fitur unduh di Instagram tidak berguna, percuma kalau ngunduh tanpa audio/suara.dan fitur unduh ini jarang tersedia di video, JELEK JELEK JELEK",12,0,1,Anger
IG-000182,Ahmad Adib,"Entah kenapa fitur2 instagram tidak bekerja di hp saya. Contohnya saat repost reels, tidak bisa auto fullscreen padahal saya sudah tarik dgn 2 jari seperti kata instagram, tapi di teman2 saya berjalan dgn mulus","Entah kenapa fitur2 instagram tidak bekerja di hp saya. Contohnya saat repost video reels tidak bisa auto fullscreen padahal saya sudah tarik dengan 2 jari seperti kata instagram, tapi di teman2 saya berjalan dengan mulus",4,0,1,Optimism
IG-000183,devista,"Instagram knp sih??tolong lah bikin fitur yg berguna aja, pls jangan ilangin arsip story, itu penting bgt isi²nya kenangan semua, sengaja bikin sg trs mskin ke sorotan/simpen di arsip malah di apus kan percuma(?), sama aja boong, tolong lah Instagram jangan apus arsip story. Instagram sebaiknya tetap mempertahankan fitur Archive Story, karena fitur ini sangat berguna untuk menyimpan kenangan dan momen berharga tanpa harus membagikannya secara permanen di profil.","Instagram kenapa sih?tolong lah membuat fitur yang berguna aja, tolong jangan ilangin arsip cerita Instagram itu penting banget isi²nya kenangan semua, sengaja membuat sg trs mskin ke sorotan/simpen di arsip malah di apus bukankah percuma(?), sama aja boong, tolong lah Instagram jangan apus arsip cerita Instagram Instagram sebaiknya tetap mempertahankan fitur Archive cerita Instagram karena fitur ini sangat berguna untuk menyimpan kenangan dan momen berharga tanpa harus membagikannya secara permanen di profil.",10,0,1,Surprise
IG-000184,Sinta Ayu Novianti,"aplikasinya sekarang ngebug parah, story tidak bisa dilihat, tidak bisa direfresh, arsip hilang. tolong perbaiki bug nya secepatnya karena jadinya kita sebagai pengguna terganggu sekali dengan bug yang ada","aplikasinya sekarang ngebug parah, cerita Instagram tidak bisa dilihat, tidak bisa direfresh, arsip hilang. tolong perbaiki gangguan bug sistem nya secepatnya karena jadinya kita sebagai pengguna terganggu sekali dengan gangguan bug sistem yang ada",6,0,1,Sadness
IG-000185,Darren Lengkong,"Boleh lah, fitur² nya makin bagus dan kreatif. semakin banyak cara untuk mengekspresikan diri, seperti fitur catatan yang lumayan unik saya bisa mengekspresikan perasaan saya sesederhana dengan memasang lagu & kata², tidak hanya terbatas pada story, postingan, reels, dll","Boleh lah, fitur² nya makin bagus dan kreatif. semakin banyak cara untuk mengekspresikan diri, seperti fitur catatan yang lumayan unik saya bisa mengekspresikan perasaan saya sesederhana dengan memasang lagu & kata², tidak hanya terbatas pada cerita Instagram unggahan konten video reels dll",4,0,5,Trust
IG-000186,Ajeng Sulthonah Al-Adawiyah,"Setelah di upgrade Instagram sekarang kurang enak untuk dipakai karena notifikasi nya ngak bisa dihapus muncul pesan "" gagal menghapus notifikasi coba lagi nanti ""padahal sinyal bagus dan juga sudah dicoba selama beberapa hari masih aja begitu.Tolong di perbaikin ditambah juga setiap kali saya liat akun orang lain pengikut atau mengikuti nya malah kedobel user nya. Mohon diperbaiki lagi masalah ini untuk meningkatkan kenyamanan saya menggunakan aplikasi ini 🙏🏻","Setelah di upgrade Instagram sekarang kurang enak untuk dipakai karena notifikasi nya ngak bisa dihapus muncul pesan "" gagal menghapus notifikasi coba lagi nanti ""padahal sinyal bagus dan juga sudah dicoba selama beberapa hari masih aja begitu.Tolong di perbaikin ditambah juga setiap kali saya melihat akun orang lain pengikut atau mengikuti nya malah kedobel user nya. tolong diperbaiki lagi masalah ini untuk meningkatkan kenyamanan saya menggunakan aplikasi ini [EMO_TRUST]",3,1,2,Trust
IG-000187,Amelia Nurselma,"fitur banyak yang sudah update dan keren, terutama fitur arsip sangat fungsional untuk menyimpan kenangan. MOHON JANGAN HAPUS FITUR ARSIP. coba hilangkan saja fitur ""also commented..""","fitur banyak yang sudah update dan keren, terutama fitur arsip sangat fungsional untuk menyimpan kenangan. tolong JANGAN HAPUS FITUR ARSIP. coba hilangkan saja fitur ""also commented.""",1,0,3,Sadness
IG-000188,Ribka Sinaga,"Makin kesini makin kesana story orang kadang ga bisa dibuka, dan bilang nya ""cerita ini sudah dihapus"" padahal belum . Kolom komentar juga kadang error dan ga bisa di liat Musik di profil ga keliatan pas liat sendiri , tapi giliran orang lain bisa ngeliat .Ujung ujung nya ga bisa diganti. Kalo mau nge post draft igs yang udah diedit malah error dan kehapus sendiri ,dan terpaksa edit ulang. Tolong perbaiki🙏🙏","Makin kesini makin kesana cerita Instagram orang kadang tidak bisa dibuka, dan bilang nya ""cerita ini sudah dihapus"" padahal belum . Kolom komentar juga kadang kesalahan sistem dan tidak bisa di melihat Musik di profil tidak keliatan saat melihat sendiri , tapi giliran orang lain bisa ngeliat .Ujung ujung nya tidak bisa diganti. Kalo mau nge unggahan draft igs yang sudah diedit malah kesalahan sistem dan kehapus sendiri ,dan terpaksa edit ulang. Tolong perbaiki [EMO_TRUST] [EMO_TRUST]",16,2,1,Anger
IG-000189,Yahya Bahtiar,"Tolong kenapa ketika ingin ngeposting postingan tidak bisa di bagikan, padahal update sudah, paket internet ada dan sinyalpun lancaf tapi masih nge bug, tidak bisa membagikan postingan terbaru, tolong segera di perbaiki lagi!!!!!!","Tolong kenapa ketika ingin ngeposting unggahan konten tidak bisa di bagikan, padahal update sudah, paket internet ada dan sinyalpun lancaf tapi masih nge gangguan bug sistem tidak bisa membagikan unggahan konten terbaru, tolong segera di perbaiki lagi!",5,0,1,Anticipation
IG-000190,caa,"aplikasinya bgs, tpi bugnya malah makin makin. pas diakun pertama sama kedua, gak ada pilihan musik buat ditaruh di profil. eh pas aku bikin akun lagi malah bisa, tolong diperbaiki karena itu ngeganggu bgtttttttt humn SYUBULL!!!! 🤬🤬","aplikasinya bgs, tetapi bugnya malah makin makin. saat diakun pertama sama kedua, tidak ada pilihan musik membuat ditaruh di profil. eh saat aku membuat akun lagi malah bisa tolong diperbaiki karena itu ngeganggu banget humn SYUBULL! [EMO_ANGER] [EMO_ANGER]",8,2,3,Optimism
IG-000191,Aisyah Andini,"Kamera ig di hp saya tidak bisa digunakan saat ingin digunakan hanya hitam tidak terlihat gambarnya pdhl wifi lancar, sudah coba uninstall berkali² masih ttp gabisa digunakan. Tlong diperbaiki. Terimakasih😇","Kamera Instagram di hp saya tidak bisa digunakan saat ingin digunakan hanya hitam tidak terlihat gambarnya pdhl wifi lancar, sudah coba uninstall berkali² masih tetap gabisa digunakan. Tlong diperbaiki. Terimakasih",3,0,2,Optimism
IG-000192,Wahyu Setya,"tolong untuk pihak instagram dimohon bantuannya terkait kendala yang saya alami akhir akhir ini, kendala saya adalah ketika mau upload foto,video di story instagram kenapa ya selalu keluar sendiri, mau posting,post, pasti tidak bisa, pasti susah karena selalu keluar dari aplikasi.kerja samanya tolong admin! , kendala kendala seperti ini seharusnya segera diperbaiki, jangan dibiarkan apalagi disepelekan kalau mau aplikasi anda berkembang dengan baik,saya udah satu minggu instagram tidak bisa pos","tolong untuk pihak instagram dimohon bantuannya terkait kendala yang saya alami akhir akhir ini, kendala saya adalah ketika mau upload foto,video di cerita Instagram instagram kenapa ya selalu keluar sendiri, mau posting,post, pasti tidak bisa pasti susah karena selalu keluar dari aplikasi.kerja samanya tolong admin! , kendala kendala seperti ini seharusnya segera diperbaiki, jangan dibiarkan apalagi disepelekan kalau mau aplikasi anda berkembang dengan baik,saya sudah satu minggu instagram tidak bisa pos",4,0,1,Optimism
IG-000193,eliza russida,"Semoga nanti ada fitur untuk menambah lagu pada foto lama. Harapan besar ku masih sama seperti sebelumnya semoga fitur hapus foto bisa digunakan untuk 2 slide foto juga, krna rata rata foto yg ingin ku hapus cuma 2 slide","Semoga nanti ada fitur untuk menambah lagu pada foto lama. Harapan besar ku masih sama seperti sebelumnya semoga fitur hapus foto bisa digunakan untuk 2 slide foto juga, krna rata rata foto yang ingin ku hapus cuma 2 slide",2,0,4,Optimism
IG-000194,Bie Sabiand,"banyak sekali bug sekarang, seperti status yg sudah dilihat tapi lingkarannya masih menyala, terus untuk konten berlangganan susah sekali masuknya, harusnya setelah pembayaran berhasil langsung mudah untuk masuk broadcastnya artis/selebgram yang kita ikuti","banyak sekali gangguan bug sistem sekarang, seperti status yang sudah dilihat tapi lingkarannya masih menyala, terus untuk konten berlangganan susah sekali masuknya, harusnya setelah pembayaran berhasil langsung mudah untuk masuk broadcastnya artis/selebgram yang kita ikuti",3,0,2,Sadness
IG-000195,Marito Sawitri Delila Simanjuntak,"banyak bug. repost igs orang tapi gada sound dan gabisa nambahin sound manual. but, thanks atas fitur-fitur Instagram yang sangat membantu. terutama arsip story, jadi jangan pernah ngilangin fitur itu. terima kasih.","banyak gangguan bug sistem repost igs orang tapi gada sound dan gabisa nambahin sound manual. but, terima kasih atas fitur-fitur Instagram yang sangat membantu. terutama arsip cerita Instagram jadi jangan pernah ngilangin fitur itu. terima kasih.",3,0,1,Trust
IG-000196,Pelly Pew,"sering terjadi banyak bug, seperti tak bisa memfollow dgn notif 'permintaan anda tertunda' dan juga sering kali ada bug di bagian story, jika melihat story teman akan di perlihatkan notif 'catatan tidak tersedia' . kadang juga tak bisa memberi like banyak pada 1 akun tertentu. saya sering kali kewalahan untuk bolak-balik memberi like tetapi malah ke riset sendiri. sudah banyak yang bilang instagram sedang eror, saya harap bug bisa di perbaiki lagi agar tidak mengganggu pengguna 🙏","sering terjadi banyak gangguan bug sistem seperti tidak bisa memfollow dengan notif 'permintaan anda tertunda' dan juga sering kali ada gangguan bug sistem di bagian cerita Instagram jika melihat cerita Instagram teman akan di perlihatkan notif 'catatan tidak tersedia' . kadang juga tidak bisa memberi like banyak pada 1 akun tertentu. saya sering kali kewalahan untuk bolak-balik memberi like tetapi malah ke riset sendiri. sudah banyak yang bilang instagram sedang eror, saya harap gangguan bug sistem bisa di perbaiki lagi agar tidak mengganggu pengguna [EMO_TRUST]",11,1,2,Optimism
IG-000197,Mila Hidayah,"Aplikasi gak berguna, sering ngeblak , sering ngebug juga, sering keluar sendiri , sering membatasi komentar, story ,reels , beranda juga. Dan kalo mau upload vidio benar2 lamaaaaaa bangett , Kenapa nyebelin bangettt sih Instagram. Sangat mengecewakan!!!!","Aplikasi tidak berguna, sering ngeblak , sering ngebug juga, sering keluar sendiri , sering membatasi komentar, cerita Instagram video reels , beranda juga. Dan kalo mau upload vidio benar2 lama banget , Kenapa nyebelin banget gerangan Instagram. Sangat mengecewakan!",5,0,1,Surprise
IG-000198,Me,Video reels yang disimpan d arsip tiba tiba audio reels tersebut hilang padahal itu audio original. Yang aku permasalahkan itu voice overnya hilang 😭 kecewa banget,Video video reels yang disimpan d arsip tiba tiba audio video reels tersebut hilang padahal itu audio original. Yang aku permasalahkan itu voice overnya hilang [EMO_SADNESS] kecewa banget,2,1,1,Sadness
IG-000199,Lim Danyang,"uda 3hari instagram ku bolak balik log out sendiri. uda login tiba tiba bisa log out sendiri.. uda bertahun tahun pake di reno 1 hp, g perna di apa apain kok tiba tiba henk. capek x login log out terus.","sudah 3hari instagram ku bolak balik log out sendiri. sudah login tiba tiba bisa log out sendiri. sudah bertahun tahun pakai di reno 1 hp, tidak perna di apa apain mengapa tiba tiba henk. capek x login log out terus.",7,0,5,Optimism
IG-000200,Mickey Alvino,"Instagram sering force close, dan opsi pilihan saat menambahkan lagu di story gram tidak muncul, contoh : lyrics dan logo/cover music tidak muncul.","Instagram sering force close, dan opsi pilihan saat menambahkan lagu di cerita Instagram gram tidak muncul, contoh : lyrics dan logo/cover music tidak muncul.",1,0,1,Sadness
IG-000201,kales monika,"Ngelag banget udah 5hr ga bisa buka ig loading terus, pdhl jaringan lancar,tp tidak dapat memuat berita terus.. makin di-update makin jelek ni ig","kinerja lambat atau macet banget sudah 5hr tidak bisa buka Instagram proses memuat terus, pdhl jaringan lancar,tp tidak dapat memuat berita terus. makin di-update makin jelek ni Instagram",7,0,1,Anger
IG-000202,Razaky Pradithya,"Kebijakan gajelas akun gw gapernah dibuat yang aneh aneh malah ke banned ga lucu sama sekali,bukan masalah follower atau apapun,kenangan nya banyak bgt skrg malah dinonaktifkan bahkan sampe gabisa dilihat,parah!","Kebijakan gajelas akun saya gapernah dibuat yang aneh aneh malah ke banned tidak lucu sama sekali,bukan masalah pengikut atau apapun,kenangan nya banyak banget sekarang malah dinonaktifkan bahkan sampe gabisa dilihat,parah!",5,0,1,Optimism
IG-000203,Yutt,"aplikasi sosial media terbaik 👍💯, tapi minus nya di satu akun fitur sudah terupdate tpi di akun yang lain ada beberapa fitur baru yg belum terupdate.","aplikasi sosial media terbaik [EMO_TRUST] [EMO_TRUST] , tapi minus nya di satu akun fitur sudah terupdate tetapi di akun yang lain ada beberapa fitur baru yang belum terupdate.",2,2,4,Joy
IG-000204,Matheo Derryl,"Karena akun saya yang lama tiba-tiba terhapus. Dan tidak diketahui penyebabnya apa. Setelah saya mencoba untuk mendapatkan kembali akun lama saya, tidak bisa lagi dan walaupun di coba dengan cara-cara yang sudah tertera tetap tidak bisa. Malah login ke akun baru Yang baru saja saya buat. Mohon bantuan atau solusinya.","Karena akun saya yang lama tiba-tiba terhapus. Dan tidak diketahui penyebabnya apa. Setelah saya mencoba untuk mendapatkan kembali akun lama saya, tidak bisa lagi dan walaupun di coba dengan cara-cara yang sudah tertera tetap tidak bisa Malah login ke akun baru Yang baru saja saya membuat tolong bantuan atau solusinya.",4,0,2,Optimism
IG-000205,DION FELIX AGUSVITO GULTOM DION GULTOM,"Woi, kenapa kalian gak perbaiki server kalian ha?, kenapa gak turunin megabike ya, jadi 1,10 KB saja. Pokoknya aku gak mau tahu, cepat perbaiki server kalian, kalau gak ku adukan ke atasan kalian. Bikin capek aja aku instal ulang. 😡😡😡...","Woi, kenapa kalian tidak perbaiki server kalian ha, kenapa tidak turunin megabike ya, jadi 1,10 KB saja. Pokoknya aku tidak mau tahu, cepat perbaiki server kalian, kalau tidak ku adukan ke atasan kalian. membuat capek aja aku instal ulang. [EMO_ANGER] [EMO_ANGER] [EMO_ANGER] .",5,3,1,Surprise
IG-000206,Akame,"Di handphone sya ini tidak bisa di buka, bahkan selesai download pun ketika sya buka langsung keluar sendiri, ntar itu bug atau memng hp sy tidk mndukung, ttpi sya mngganti nya dengan ig lite","Di handphone saya ini tidak bisa di buka, bahkan selesai download pun ketika saya buka langsung keluar sendiri, ntar itu gangguan bug sistem atau memng hp saya tidk mndukung, tetapi saya mngganti nya dengan Instagram lite",8,0,4,Optimism
IG-000207,Zaireen Syarah,"makin kesini instagram makin bnya erornya, mau liat postingan orng yg paling bawah loadingnya lama bgt, buka story jg lama bgt pdhl sinyal aman, tolongla di perbaiki","makin kesini instagram makin bnya erornya, mau melihat unggahan konten orng yang paling bawah loadingnya lama banget buka cerita Instagram juga lama banget pdhl sinyal aman, tolongla di perbaiki",7,0,1,Trust
IG-000208,Tommy,"Aplikasinya bermanfaat, ada hiburannnya, bisa mengisi waktu senggang saya, kekurangannya tidak bisa mencari foto dan video yang telah di simpan dengan kata kunci ketika sudah memiliki banyak koleksi.","Aplikasinya bermanfaat, ada hiburanya, bisa mengisi waktu senggang saya, kekurangannya tidak bisa mencari foto dan video yang telah di simpan dengan kata kunci ketika sudah memiliki banyak koleksi.",2,0,4,Optimism
IG-000209,Biondy Satya,"Saya selalu update Instagram, tapi saya tidak tahu fitur apa saja yg baru, entah karena saya tidak sadar mungkin, tapi makin ke sini perubahan yg saya lihat ketika IG story ada perubahan pada Font nya, Ketika upload foto di IG story gambar tidak pecah, ketika seseorang mengupload foto di reels kita, ada unggahan comen di sebelah kiri , apakah itu fitur baru atau sudah lama, selebihya bintang 5 buat instagram :)","Saya selalu update Instagram, tapi saya tidak tahu fitur apa saja yang baru, entah karena saya tidak sadar mungkin, tapi makin ke sini perubahan yang saya lihat ketika Instagram cerita Instagram ada perubahan pada Font nya, Ketika upload foto di Instagram cerita Instagram gambar tidak pecah, ketika seseorang mengupload foto di video reels kita ada unggahan comen di sebelah kiri , apakah itu fitur baru atau sudah lama, selebihya bintang 5 membuat instagram :)",9,0,5,Joy
IG-000210,Raihan Muzakky,"Tolong admin Kenap pas saya pencet fitur arsipkan dari story Instagram malah gak bisa di balikin ke story lagi , padahal story nya baru 2 jam yg lalu , menurut saya fitur nya kurang begitu berguna ,semoga cepat di tindak atau di ganti","Tolong admin Kenap saat saya pencet fitur arsipkan dari cerita Instagram Instagram malah tidak bisa di balikin ke cerita Instagram lagi , padahal cerita Instagram nya baru 2 jam yang lalu , menurut saya fitur nya kurang begitu berguna ,semoga cepat di tindak atau di ganti",7,0,4,Optimism
IG-000211,Sepdita Aulina,"udah berapa minggu ini ig saya nge bug buka foto bge freeze, reels loading terus, buka story gabisa. padahal internet lancar dan buka aplikasi lain lancar² aja tolong dong ig di perbaikin lagi😡 nanti saya update penilaian kalau sudah bagus😠","sudah berapa minggu ini Instagram saya nge gangguan bug sistem buka foto bge freeze, video reels proses memuat terus, buka cerita Instagram gabisa. padahal internet lancar dan buka aplikasi lain lancar² aja tolong lah Instagram di perbaikin lagi [EMO_ANGER] nanti saya update penilaian kalau sudah bagus [EMO_ANGER]",8,2,1,Trust
IG-000212,Intan Mbak,"Instagram ini memang bagus namun ada beberapa hal yg membuat sya sedikit kecewa😞... (1) bug/keluar² sendiri,saat saya ingin masuk di instagram ini, Tiba-tiba keluar sendiri, lalu saya masuk lagi malahhan ngebug. Dan saya saat ingin menganti nama instagram saya warnanya hitam dan saya saat mengetik, jadi tidak kelihatan. Dan saya saat ingin mengikuti orang lain, kok tiba2 tdk bisa ya/membatasi.Sudah sih itu saja tapi mohon untuk di perbaiki lagi🙏^^","Instagram ini memang bagus namun ada beberapa hal yang membuat saya sedikit kecewa [EMO_SADNESS] . (1) bug/keluar² sendiri,saat saya ingin masuk di instagram ini, Tiba-tiba keluar sendiri, lalu saya masuk lagi malahhan ngebug. Dan saya saat ingin menganti nama instagram saya warnanya hitam dan saya saat mengetik, jadi tidak kelihatan. Dan saya saat ingin mengikuti orang lain, mengapa tiba2 tidak bisa ya/membatasi.Sudah gerangan itu saja tapi tolong untuk di perbaiki lagi [EMO_TRUST] ^^",7,2,4,Trust
IG-000213,Esther Batee,"Hi, Instagram! Saya pengguna Instagram sejak lama, dan jujur saya sangat menyukai semua fitur-fitur yang ada di Instagram. Tapi setelah tau arsip Instagram akan dihapus, saya sedikit geram dengan aplikasi terkenal ini. Instagram menambah fitur-fitur yang tidak berguna seperti Threads, note pada postingan, komentar di story dll. Padahal salah satu keunggulan yang banyak disukai pengguna instagram berada pada arsip. Kami harap aplikasi terkenal ini dapat mengatasinya. Terimakasih😥","Hi, Instagram! Saya pengguna Instagram sejak lama, dan jujur saya sangat menyukai semua fitur-fitur yang ada di Instagram. Tapi setelah tahu arsip Instagram akan dihapus, saya sedikit geram dengan aplikasi terkenal ini. Instagram menambah fitur-fitur yang tidak berguna seperti Threads, note pada unggahan konten komentar di cerita Instagram dll. Padahal salah satu keunggulan yang banyak disukai pengguna instagram berada pada arsip. Kami harap aplikasi terkenal ini dapat mengatasinya. Terimakasih",3,0,2,Joy
IG-000214,Tanjung Belitung,"Maaf ya kasih bintang 1 dlu , soalnya apk nya setelah diupdate jd error , jd lelet lambat gatau kenapa , padahal kalo buka apk2 lain lancar2 aja , pdahal kuota ada , sinyal penuh","Maaf ya kasih bintang 1 dlu , soalnya apk nya setelah diupdate jd kesalahan sistem , jd lelet lambat gatau kenapa , padahal kalo buka apk2 lain lancar2 aja , pdahal kuota ada , sinyal penuh",1,0,1,Anger
IG-000215,Sella Tri Wasesa (Encella Sutrisno),Kenapa arsip cerita video di bawah tahun 2022 berubah jadi foto. Kalau memang ada perubahan dan pembaruan kenapa tidak ada pemberitahuan sebelumnya . Tolong kembalikan arsipnya. Ada memory anak saya dari bayi. Sedih jadinya kalau hilang semua.,Kenapa arsip cerita video di bawah tahun 2022 berubah jadi foto. Kalau memang ada perubahan dan pembaruan kenapa tidak ada pemberitahuan sebelumnya . Tolong kembalikan arsipnya. Ada memory anak saya dari bayi. Sedih jadinya kalau hilang semua.,0,0,1,Sadness
IG-000216,Fikrii Dwi Pranata,"Fitur feedback di Instragram sangat tidak berguna, sudah berkali-kali saya melakukan feedback dikarena ada fitur yang ilang di salah satu akun, tetapi dari pihak Instagram tidak melakukan apa pun hingga saat ini. Saya sudah melakukan feedback yang sangat lama namun tidak ada yang berubah sampai saat ini. Mohon cepat diselesaikan masalah ini","Fitur feedback di Instragram sangat tidak berguna, sudah berkali-kali saya melakukan feedback dikarena ada fitur yang ilang di salah satu akun, tetapi dari pihak Instagram tidak melakukan apa pun hingga saat ini. Saya sudah melakukan feedback yang sangat lama namun tidak ada yang berubah sampai saat ini. tolong cepat diselesaikan masalah ini",1,0,1,Sadness
IG-000217,Umik 123,"tolong perhatiannya,kami sebagai user instagram merasa bahwa fitur archive sangat berguna untuk menyimpan kenangan vidio/foto yang memang sengaja disimpan di fitur archive tsb. jadi mohon untuk tidak dihapuskannya fitur archive tsb!!!. terimakasih.","tolong perhatiannya,kami sebagai user instagram merasa bahwa fitur archive sangat berguna untuk menyimpan kenangan vidio/foto yang memang sengaja disimpan di fitur archive tsb. jadi tolong untuk tidak dihapuskannya fitur archive tsb. terimakasih.",1,0,2,Sadness
IG-000218,Desi Nilam,"Mau upload foto banyak malah hasilnya crop gbsa di full in. Ini aku aja apa kalian juga gengs ? Sedangkan yg mau di upload foto yang horizontal, malah ke set potrait gitu jd kepotong fotonya jelek. Kudu upload satu per satu kalau mau full. Sedih banget. Jadi nyampah kalau mau upload satu satu 😞","Mau upload foto banyak malah hasilnya crop gbsa di full in. Ini aku aja apa kalian juga gengs ? Sedangkan yang mau di upload foto yang horizontal, malah ke set potrait begitu jd kepotong fotonya jelek. Kudu upload satu per satu kalau mau full. Sedih banget. Jadi nyampah kalau mau upload satu satu [EMO_SADNESS]",2,1,2,Sadness
IG-000219,Lisna Kurnia Rachma,"Instagram ini kenapa akun saya tidak bisa dibuka ya, awalnya di suruh detek foto tapi gak berfungsi dan layarnya jadi hitam, tersus ada tulisan ""tidak dapat mengulang kabar beranda"", ""memuat""... Mohon bantuannya dong udah 2 kali kayak gini, yg kedua ini tidak ada info kabarkan ke Instagram. Terima kasih 🙏🏻","Instagram ini kenapa akun saya tidak bisa dibuka ya, awalnya di suruh detek foto tapi tidak berfungsi dan layarnya jadi hitam, tersus ada tulisan ""tidak dapat mengulang kabar beranda"", ""memuat"". tolong bantuannya lah sudah 2 kali seperti begini yang kedua ini tidak ada info kabarkan ke Instagram. Terima kasih [EMO_TRUST]",8,1,5,Trust
IG-000220,QWERTY TEAM,"Setelah update ke versi terbaru, instagram jadi error. Tidak bisa mengikuti orang lain dengan alasan ” beberapa akun meninjau secara manual ”. Tolong kepada instagram, fitur fitur baru ini tolong di hapus. Tidak penting. Jangan merusak yang sudah ada. Error ini berjangka panjang. Saya sudah melaporkan ke pihak instagram. Namun hasil tetap sama. Jadi kepada instagram segera hapus fitur peninjauan pengikut. Ini menganggu.","Setelah update ke versi terbaru, instagram jadi kesalahan sistem Tidak bisa mengikuti orang lain dengan alasan ” beberapa akun meninjau secara manual ”. Tolong kepada instagram, fitur fitur baru ini tolong di hapus. Tidak penting. Jangan merusak yang sudah ada. kesalahan sistem ini berjangka panjang. Saya sudah melaporkan ke pihak instagram. Namun hasil tetap sama. Jadi kepada instagram segera hapus fitur peninjauan pengikut. Ini menganggu.",3,0,1,Anger
IG-000221,Nayla Maurien,"kenapa ya sekarang ga bisa masuk lewat Facebook lagi? padahal semua akun saya lewat Facebook semua sedangkan ig dan Facebook udah jadi satu aplikasi meta, malah bisa nya ig lite akhirnya saya pake ig lite yang bisa masuk lewat Facebook semua akun saya pun ada","kenapa ya sekarang tidak bisa masuk lewat Facebook lagi? padahal semua akun saya lewat Facebook semua sedangkan Instagram dan Facebook sudah jadi satu aplikasi meta, malah bisa nya Instagram lite akhirnya saya pakai Instagram lite yang bisa masuk lewat Facebook semua akun saya pun ada",9,0,1,Optimism
IG-000222,Nabila Umar,"aplikasi nya bagus tapi kenapa kalau mau ngirim story itu lama banget padahal jaringan stabil terus selalu masuk notif menggugah story padahal nggak lagi mengunggah, tolong di perbaiki ya minn:D","aplikasi nya bagus tapi kenapa kalau mau ngirim cerita Instagram itu lama banget padahal jaringan stabil terus selalu masuk notif menggugah cerita Instagram padahal tidak lagi mengunggah, tolong di perbaiki ya minn:D",3,0,3,Trust
IG-000223,Cindy Cynthia Devi,haloo Instagram setelah update yang terbaru : 1.kenapa sekarang banyak arsip story yang tidak muncul padahal kalau dihidupkan simpan ke arsip di tampilan ada pas dibuka kosong atau kalau gak gitu ganti ke arsip cerita yang lain ini sangat menganggu pengunaan karena itu buat kita gak bisa upload lagi foto/video kita yang pernah dibuat tolong segera diperbaiki 2. @instagram JANGAN DIHAPUS WOYYYY ARSIP STORY ITU BANYAK KENANGAN LOEE SENAK JIDAT MAIN HAPUS AJA UNTUNG APA ❓,haloo Instagram setelah update yang terbaru : 1.kenapa sekarang banyak arsip cerita Instagram yang tidak muncul padahal kalau dihidupkan simpan ke arsip di tampilan ada saat dibuka kosong atau kalau tidak begitu ganti ke arsip cerita yang lain ini sangat menganggu pengunaan karena itu membuat kita tidak bisa upload lagi foto/video kita yang pernah dibuat tolong segera diperbaiki 2. JANGAN DIHAPUS WOY ARSIP cerita Instagram ITU BANYAK KENANGAN LOEE SENAK JIDAT MAIN HAPUS AJA UNTUNG APA ❓,10,0,2,Anticipation
IG-000224,Kheista Cahaya Katresna,"Instagram ini sangat-sangat membantu. Namun yang saya sayangkan itu katanya instagram akan menghapus fitur arsip story, setelah saya cari tahu juga ternyata banyak yang kecewa karena hal ini, saya pun begitu, karena itu kepada pihak instagram atau meta, arsip story ini sangat penting bagi saya & mungkin bagi sebagian orang lainnya, karena ini bisa mengenang kembali & menyimpan kenangan kami, maka dari itu saya pikir jangan hapus fitur arsip story. Terima kasih.","Instagram ini sangat-sangat membantu. Namun yang saya sayangkan itu katanya instagram akan menghapus fitur arsip cerita Instagram setelah saya cari tahu juga ternyata banyak yang kecewa karena hal ini, saya pun begitu, karena itu kepada pihak instagram atau meta, arsip cerita Instagram ini sangat penting bagi saya & mungkin bagi sebagian orang lainnya, karena ini bisa mengenang kembali & menyimpan kenangan kami, maka dari itu saya pikir jangan hapus fitur arsip cerita Instagram Terima kasih.",4,0,1,Trust
IG-000225,Jennifer Sonia,"Jangan hilangkan fitur archive story & postingan karena itu satu satunya cara untuk menciptakan memori tentang hidup untuk dikenang di kemudian hari layaknya e-diary. Aku salah satu tipe orang yang suka melihat kembali archive story & postingan yang lama sekedar untuk mengenang memori pada masa ituu. Jadi mohon untuk tidak menghapus fitur archive story dan postingan. Jika mau, hapus saja fitur catatan pada postingan.","Jangan hilangkan fitur archive cerita Instagram & unggahan konten karena itu satu satunya cara untuk menciptakan memori tentang hidup untuk dikenang di kemudian hari layaknya e-diary. Aku salah satu tipe orang yang suka melihat kembali archive cerita Instagram & unggahan konten yang lama sekedar untuk mengenang memori pada masa ituu. Jadi tolong untuk tidak menghapus fitur archive cerita Instagram dan unggahan konten Jika mau, hapus saja fitur catatan pada unggahan konten",8,0,2,Sadness
IG-000226,Lathifah F. Nabilah,"Paket gua banyak, gua buka sosmed yg lain pun lancar. Tapi sudah seminggu ini semenjak habis di update versi terbaru, malah ig gua gk bisa loding apa2, liat foto dan video kaga bisa seakan2 gua kaga punya kouta, padahal kouta gua banyak. Ini aplikasi ngapa dah aneh bnr, makin kesini makin kesana perasaan. Parah bnr.","Paket saya banyak, saya buka sosmed yang lain pun lancar. Tapi sudah seminggu ini semenjak habis di update versi terbaru, malah Instagram saya tidak bisa loding apa2, melihat foto dan video kaga bisa seakan2 saya kaga memiliki kouta, padahal kouta saya banyak. Ini aplikasi ngapa dah aneh bnr, makin kesini makin kesana perasaan. Parah bnr.",12,0,1,Optimism
IG-000227,uri sunshine,"dear instagram. do you understand indonesian language? oh yes ofc. kenapa kalo bikin story suka gak kekirim dan katanya eror? padahal memori internal masih lowong, sinyal pun bagus.. kenapa yh? mhon bantuannya ya, makasih TERUS JANGAN 4:3 PLS BALIKIN KE 1:1 JELEK BANGET","dear instagram. do you understand indonesian language? oh yes ofc. kenapa kalo membuat cerita Instagram suka tidak kekirim dan katanya eror? padahal memori internal masih lowong, sinyal pun bagus. kenapa yh? mhon bantuannya ya, terima kasih TERUS JANGAN 4:3 tolong BALIKIN KE 1:1 JELEK BANGET",5,0,3,Trust
IG-000228,Serly Dhy,kenapa siii Instagram terus berhenti terusss error tiba tiba akunku semuanya ke log out sendiri mau di login lagi ngga bisa setelah bikin akun baru juga ngga bisa follow orang tolong diperbaiki ini kenapa padahal juga udah di hps trs install lagi kaya gitu terus tapi tetep aja ngga bisa udah dihps cache+data nya juga ngga bisa tetepan,kenapa si Instagram terus berhenti terus kesalahan sistem tiba tiba akunku semuanya ke log out sendiri mau di login lagi tidak bisa setelah membuat akun baru juga tidak bisa follow orang tolong diperbaiki ini kenapa padahal juga sudah di hps trs install lagi kaya begitu terus tapi tetep aja tidak bisa sudah dihps cache+data nya juga tidak bisa tetepan,13,0,2,Anger
IG-000229,Cicak Nakal,"Bug menjengkelkan, tiap liat postingan foto orang fotonya malah kedip kedip di bagian fotonya, ini sangat mengganggu, awalnya gua kira hp gua yg rusak, ternyata ini bug Instagram nya. 👎👎👎","gangguan bug sistem menjengkelkan, tiap melihat unggahan konten foto orang fotonya malah kedip kedip di bagian fotonya, ini sangat mengganggu, awalnya saya kira hp saya yang tidak berfungsi ternyata ini gangguan bug sistem Instagram nya.",8,0,1,Sadness
IG-000230,8B Dara Amiaty,"Dengan menggunakan instagram ada dampak positif dan negatif nya dampak positifnya kita bisa memposting foto/video yang bermanfaat dan bisa mencari sumber ilmu pengetahuan menjadi anak berprestasi dengan mencari akun yang mengadakan fasilitas perlombaan tapi dampak negatifnya bisa membuat kecanduan dengan postingan orang sampai lupa waktu dan menyebabkan overthingking,stres berlebihan tapi itu balik lagi ke setiap personalnya🤭","Dengan menggunakan instagram ada dampak positif dan negatif nya dampak positifnya kita bisa memposting foto/video yang bermanfaat dan bisa mencari sumber ilmu pengetahuan menjadi anak berprestasi dengan mencari akun yang mengadakan fasilitas perlombaan tapi dampak negatifnya bisa membuat kecanduan dengan unggahan konten orang sampai lupa waktu dan menyebabkan overthingking,stres berlebihan tapi itu balik lagi ke setiap personalnya",5,0,5,Optimism
IG-000231,Suci Febriyanti,"kenapaa banyak arsipan foto dan video saya yang kehapus. Tolong pihak instagram lebih bisa menimang² mana fitur yang sebaiknya di hapus mana yang sebaiknya di pertahankan. Saya yakin kebanyakan pengguna instagram lainnya juga menyimpan foto dan video nya di instagram, jadi tolong di pertimbangkan sekali lagi. Saya sangat kecewa pastinya","kenapaa banyak arsipan foto dan video saya yang kehapus. Tolong pihak instagram lebih bisa menimang² mana fitur yang sebaiknya di hapus mana yang sebaiknya di pertahankan. Saya yakin kebanyakan pengguna instagram lainnya juga menyimpan foto dan video nya di instagram, jadi tolong di pertimbangkan sekali lagi. Saya sangat kecewa pastinya",1,0,1,Sadness
IG-000232,Bramantiyo Wildan,"makin aneh, makin banyak bug!!!. opload story lama, kadang error gak jelas, posting beberapa foto di satu feed pas ngedit error, permasalahan ni aplikasi kalo gak error ya muter terus","makin aneh, makin banyak gangguan bug sistem opload cerita Instagram lama, kadang kesalahan sistem tidak jelas, mengunggah beberapa foto di satu linimasa beranda saat ngedit kesalahan sistem permasalahan ni aplikasi kalo tidak kesalahan sistem ya muter terus",10,0,3,Surprise
IG-000233,Rainka Shikinari,"Kok bisa akun login di device lain, tanpa konfirmasi ke email utama. Habis itu notifnya muncul pas email akunnya dh diganti, mau ngamanin akun tapi layanan dri aplikasinya tdk support, tidak membantu sama sekali.","mengapa bisa akun login di device lain, tanpa konfirmasi ke email utama. Habis itu notifnya muncul saat email akunnya sudah diganti, mau ngamanin akun tapi layanan dari aplikasinya tidak support, tidak membantu sama sekali.",6,0,1,Trust
IG-000234,Helna Paranta,"Instagram in sngt burik, pesan yang saya krm kepada teman sy lama terkirim, mohon di perbaiki, klo sudah di perbaiki jangan kan bintang 5 saya kasih 100 bintang pun sy kasih asal kan aplikasi burik in sudah sembuh","Instagram in sngt burik, pesan yang saya krm kepada teman saya lama terkirim, tolong di perbaiki, kalau sudah di perbaiki jangan bukankah bintang 5 saya kasih 100 bintang pun saya kasih asal bukankah aplikasi burik in sudah sembuh",6,0,1,Sadness
IG-000235,Akamaru Tachibana,"Bagus, tapii..Suka banget ada kendala, trus juga notifikasi pesan nya suka nge lag, susah masuk nya, tolong di benerin ya, terimakasih Satu lagi, saya kan ngubah salah satu akun saya jadi blog pribadi, Kenapa di akun tersebut saya gak bisa nge like catatan teman saya ya? Tolong dong.","Bagus, tapii.Suka banget ada kendala, trus juga notifikasi pesan nya suka nge lambat susah masuk nya, tolong di memperbaiki ya, terimakasih Satu lagi, saya bukankah ngubah salah satu akun saya jadi blog pribadi, Kenapa di akun tersebut saya tidak bisa nge like catatan teman saya ya? Tolong lah",6,0,5,Joy
IG-000236,Rachel Sinaga,kenapa foto dan video yang di up ke story lama lama kehapus semua!!!!! Tolong perbaiki hal ini dan kenapa kualitas foto tau video yang di up lama lama semakin menurun kualitas fotonya.. hal ini banyak di rasakan oleh user instagram.,kenapa foto dan video yang di up ke cerita Instagram lama lama kehapus semua! Tolong perbaiki hal ini dan kenapa kualitas foto tahu video yang di up lama lama semakin menurun kualitas fotonya. hal ini banyak di rasakan oleh user instagram.,2,0,1,Trust
IG-000237,Nova Ferdianto,"Instagram memanjakan mata para penggunanya dengan menampilkan foto atau gambar yang enak dipandang. Sebelum foto diunggah, kamu bisa mengedit foto kamu secantik mungkin dan gunakan fitur filter untuk memudahkanmu mendapatkan foto indah sebelum dilihat para pengguna lain.","Instagram memanjakan mata para penggunanya dengan menampilkan foto atau gambar yang enak dipandang. Sebelum foto diunggah, kamu bisa mengedit foto kamu secantik mungkin dan gunakan fitur filter untuk memudahkanmu mendapatkan foto indah sebelum dilihat para pengguna lain.",1,0,5,Optimism
IG-000238,Adrian Fakhri,"Aplikasi eror udahh berapa Minggu loading g jelas, liat foto, video, story, loading semua, padahal jaringan full, buka aplikasi lain aja lancar lancar AE, saya harap developer memperbaiki nya.","Aplikasi eror udahh berapa Minggu proses memuat tidak jelas, melihat foto, video, cerita Instagram proses memuat semua, padahal jaringan full, buka aplikasi lain aja lancar lancar AE, saya harap developer memperbaiki nya.",5,0,1,Sadness
IG-000239,Ryuji Mamoru,Kok notifikasi Instagram lambat yang harusnya sehari yang lalu malah munculnya semenit yang lalu gara-gara ginian saya terlalu terlambat kalau ada live di Instagram,mengapa notifikasi Instagram lambat yang harusnya sehari yang lalu malah munculnya semenit yang lalu gara-gara ginian saya terlalu terlambat kalau ada live di Instagram,1,0,3,Surprise
IG-000240,Pranata Satyadharma,"Tolong perbaiki bug yang ada di handphone saya, karena halaman beranda ig bergeser dengan sendirinya dari kanan kiri, sampai-sampai hampir tidak bisa dikendalikan, saya juga gagal mengirim bug ke laporan Instagram","Tolong perbaiki gangguan bug sistem yang ada di handphone saya, karena halaman beranda Instagram bergeser dengan sendirinya dari kanan kiri, sampai-sampai hampir tidak bisa dikendalikan, saya juga gagal mengirim gangguan bug sistem ke laporan Instagram",4,0,1,Trust
IG-000241,Nunung Khotimah,"Gimana si fitur menambahkan media udah di nonaktifkan tapi tampilannya ga berubah kaya awal lagi, feed nya jadi jelek rusak, bikin fitur yang jelas2 ajalah","Gimana si fitur menambahkan media sudah di nonaktifkan tapi tampilannya tidak berubah kaya awal lagi, linimasa beranda nya jadi jelek tidak berfungsi membuat fitur yang jelas2 ajalah",5,0,2,Anger
IG-000242,Anonim Channel177,Tiap saya mengunggah video durasi yang panjang nya 10 menit pasti macet terus. Kuota jadi kebuang sia sia gara gara memuat unggahan macet yang lamanya minta ampun. Nunggu lama lama tapi gagal upload. Mengecewakan.,Tiap saya mengunggah video durasi yang panjang nya 10 menit pasti macet terus. Kuota jadi kebuang sia sia gara gara memuat unggahan macet yang lamanya minta ampun. Nunggu lama lama tapi gagal upload. Mengecewakan.,0,0,1,Trust
IG-000243,Nauraqurota ayunin20,makin update makin ga jelas udh ngabis'in memori kadang suka lag sendiri klau mau buat story (terjadi kesalahan) padahal jaringan aman' oke' aja!!!!,makin update makin tidak jelas sudah ngabis'in memori kadang suka lambat sendiri klau mau membuat cerita Instagram (terjadi kesalahan) padahal jaringan aman' oke' aja!,5,0,1,Anger
IG-000244,Ra Dinaa,"Makin kesini,makin banyak updet. Instagram jdi agak ngelag,tiba2 keluar lah,Tiba2 diam lah... TOLONG DI PERBAIKII LAGII!!! Kalau sdh di perbaiki saya tambahkan bintang nya;)","Makin kesini,makin banyak updet. Instagram jdi agak ngelag,tiba2 keluar lah,Tiba2 diam lah. TOLONG DI PERBAIKII LAGII! Kalau sudah di perbaiki saya tambahkan bintang nya;)",1,0,4,Joy
IG-000245,Hanako,"Sebenernya dah bagus, cuma gw mau minta tolong buat tambahin durasi reelsnya yg dari 3 menit ke 5 menit aja bisa ga si, soaalnya gw kadang suka bikin short vlog di ig pke reels kepotong Mulu gegara durasi ny","Sebenernya dah bagus, cuma saya mau minta tolong membuat tambahin durasi reelsnya yang dari 3 menit ke 5 menit aja bisa tidak si, soaalnya saya kadang suka membuat short vlog di Instagram pakai video reels kepotong Mulu gegara durasi ny",10,0,4,Joy
IG-000246,Sayangku22 Duadua,"Nge download video di ig musiknya ilang anjir pdhl musik plus kata kata nya udh pas tapi ahh sudah lah, kalo sekedar kata kata mah download aja atau cari di Google ngapain download di ig,udh bener dulu sekalian Ama musiknya malah d ilangin,perbarui tuh yg masih jelek bukan yg udh bagus di perjelek","Nge download video di Instagram musiknya ilang anjir pdhl musik plus kata kata nya sudah saat tapi ahh sudah lah, kalo sekedar kata kata mah download aja atau cari di Google ngapain download di ig,udh benar dulu sekalian Ama musiknya malah d ilangin,perbarui tuh yang masih jelek bukan yang sudah bagus di perjelek",7,0,1,Anger
IG-000247,Samsung A03,"Kok semakin diupdate makin banyak bugnya ya??, saya mau bikin akun kedua, kok langsung jadi/ ga pake bikin sandi dulu?, kan jadi gk bisa login lagi kalo misal apknya kehapus, dan waktu ubah user kok kek banyak bugnya gitu ya???, banyak lagi lah bug di ig sekarang ckckck, TOLONG DIPERBAIKI YAA!!!","mengapa semakin diupdate makin banyak bugnya ya, saya mau membuat akun kedua, mengapa langsung jadi/ tidak pakai membuat sandi dulu, bukankah jadi tidak bisa login lagi kalo misal apknya kehapus, dan waktu ubah user mengapa seperti banyak bugnya begitu ya, banyak lagi lah gangguan bug sistem di Instagram sekarang ckckck, TOLONG DIPERBAIKI ya",15,0,2,Optimism
IG-000248,Spike Crow,tolonglah bug lagu dari notes di fix masa yang harusnya 30dtk malah jadi denger full lagunya mana ga bisa di matiin walaupun udah di hapus dari latar belakang,tolonglah gangguan bug sistem lagu dari notes di fix masa yang harusnya 30dtk malah jadi denger full lagunya mana tidak bisa di matiin walaupun sudah di hapus dari latar belakang,4,0,2,Optimism
IG-000249,naynael frvror,"pls biarin manusya intopert inieh memiliki akun ig, msa cm karna akun saya ga direkomendasi ke temen-temen yg lain hrs di tangguhkan sii? kn kalian yg nyediain fitur untuk mw/tdk sinkronisasi kontak. pas ditangguhkan jg ada bagian memperlihatkan wajah ke kamera, tp knp ga terdeteksi trs???? pdhl sdh mengikuti instruksi yg tersedia. karna tdk bsa terdeteksi, mw tdk mw sy hrs apus akun nya. saat sdh membuat akun baru, tdk sampe sehari sdh ditangguhkan lagi BIKIN MUAK PLS!? tolong untuk perbaiki lg","tolong biarin manusya intopert inieh memiliki akun Instagram msa cm karena akun saya tidak direkomendasi ke temen-temen yang lain hrs di tangguhkan sii? kn kalian yang nyediain fitur untuk mw/tdk sinkronisasi kontak. saat ditangguhkan juga ada bagian memperlihatkan wajah ke kamera, tetapi kenapa tidak terdeteksi trs? pdhl sudah mengikuti instruksi yang tersedia. karena tidak bsa terdeteksi, mw tidak mw saya hrs apus akun nya. saat sudah membuat akun baru, tidak sampe sehari sudah ditangguhkan lagi membuat MUAK tolong tolong untuk perbaiki lagi",23,0,1,Surprise
IG-000250,FORENSIUS JUNIANTO JUNIANTO,Lelet suka loding lama walaupun sinyal bagus chat suka tidak bisa di lihat ada lgi bug ngk bisa hapus postingan. TOLONG DI OERBAIKI INI APLIKASI BAGUS TAPI MASIH ADA BUG NYA,Lelet suka loding lama walaupun sinyal bagus chat suka tidak bisa di lihat ada lagi gangguan bug sistem ngk bisa hapus unggahan konten TOLONG DI OERBAIKI INI APLIKASI BAGUS TAPI MASIH ADA gangguan bug sistem NYA,6,0,4,Joy
IG-000251,Lihat Aku,"The f, kenapa ig ikut ikutan blur pas bikin story pake music? Apa semua yang dinaungi meta bakal ampas dalam hal resolusi? Bro, wa status lu kompres, fb apalagi, yakali ig juga? The f bro, what an app suck.","The f, kenapa Instagram ikut ikutan blur saat membuat cerita Instagram pakai music? Apa semua yang dinaungi meta bakal ampas dalam hal resolusi? Bro, wa status kamu kompres, fb apalagi, yakali Instagram juga? The f bro, what an app suck.",7,0,1,Surprise
IG-000252,ERAIBITO SUROTO Putra,Optimalkan lagi biar lebih mudah penggunaan terutama ketika sudah meng-upload postingan untuk bisa diedit lagi fotonya dan bisa menambahkan fotonya lagi.,Optimalkan lagi biar lebih mudah penggunaan terutama ketika sudah meng-upload unggahan konten untuk bisa diedit lagi fotonya dan bisa menambahkan fotonya lagi.,3,0,5,Optimism
IG-000253,Gaby Mareoli,"Mohon maaf saya kasih bintang 4 alasannya akun ig saya tiba-tiba kembali login atau kayak meminta kode konfirmasi *pas saya buka Instagram langsung muncul gini mau gk mau log out dari akun (antara seperti kayak mastiin ini benar pemilik akunnya atau yang lain ya) saya ngetik gini karena sudah dua kali begitu pula di threads, sama kayak gini jg tapi 1 kali pake akun ke dua saya🙏🏻, namun aplikasi Instagram ini bagus kok reels nya, dll. Tolong di perbaiki lagi. Mohon maaf dan terimakasih🙏🏻🙏🏻","tolong maaf saya kasih bintang 4 alasannya akun Instagram saya tiba-tiba kembali login atau seperti meminta kode konfirmasi saat saya buka Instagram langsung muncul begini mau tidak mau log out dari akun (antara seperti seperti mastiin ini benar pemilik akunnya atau yang lain ya) saya ngetik begini karena sudah dua kali begitu pula di threads, sama seperti begini juga tapi 1 kali pakai akun ke dua saya [EMO_TRUST] , namun aplikasi Instagram ini bagus mengapa video reels nya, dll. Tolong di perbaiki lagi. tolong maaf dan terimakasih [EMO_TRUST] [EMO_TRUST]",15,3,4,Trust
IG-000254,Rey,"Taikkkkk! Saya tidak bisa masuk Instagram saya, sudah 3 hari namun tidak ada informasi atau opsi yang berubah saat melakukan login Instagram!!!!!!!!!! ulasan akan sy ubah jika ada respon dan perubahan dr kalian!","Taik! Saya tidak bisa masuk Instagram saya, sudah 3 hari namun tidak ada informasi atau opsi yang berubah saat melakukan login Instagram! ulasan akan saya ubah jika ada respon dan perubahan dari kalian!",3,0,1,Optimism
IG-000255,Eriyansyah,"Tolong lah pihak Ig kenapa akun saya tiba"" ditangguhkan padahal gak ngapa""in udh hampir 3 hari gak bisa dibuka tolong lah, apa lagi pas mintak verifikasi banyak kali masalah mulai dari koneksi lah penyimpanan lah jelas"" pake Wifi-nya stabil disini + penyimpanan memori jauh dari kata penuh tapi tetap saja gak bisa dibuka, tolonglah bintang 1 aja semoga pihak Instagram cepat memperbaiki permasalahan ini apa lagi akun saya dari lama gk pernah Gonta ganti akun cmn punya satu Tolong lah kerja samanya","Tolong lah pihak Instagram kenapa akun saya tiba"" ditangguhkan padahal tidak ngapa""in sudah hampir 3 hari tidak bisa dibuka tolong lah, apa lagi saat mintak verifikasi banyak kali masalah mulai dari koneksi lah penyimpanan lah jelas"" pakai Wifi-nya stabil disini + penyimpanan memori jauh dari kata penuh tapi tetap saja tidak bisa dibuka, tolonglah bintang 1 aja semoga pihak Instagram cepat memperbaiki permasalahan ini apa lagi akun saya dari lama tidak pernah Gonta ganti akun cmn memiliki satu Tolong lah kerja samanya",11,0,1,Optimism
IG-000256,Juna Aja,"Selama penggunaan masih bagus dan baik, cuma saran aja sih kalo boleh untuk penghapusan chat atau batal kirim di perbarui seperti telegram, kita bisa hapus chat dari kedua obrolan orang yang ngirim kita pesan, batal kirim juga gitu sebaliknya, terimakasih","Selama penggunaan masih bagus dan baik, cuma saran aja gerangan kalo boleh untuk penghapusan chat atau batal kirim di perbarui seperti telegram, kita bisa hapus chat dari kedua obrolan orang yang ngirim kita pesan, batal kirim juga begitu sebaliknya, terimakasih",5,0,5,Trust
IG-000257,Dwika Sari,"tolong dong, di update malah sering suka error udah berkali kali logout semua akun sendiri gitu terus, kenapa sih. tolong kualitas nya di tingkatkan!","tolong lah di update malah sering suka kesalahan sistem sudah berkali kali logout semua akun sendiri begitu terus, kenapa gerangan tolong kualitas nya di tingkatkan!",5,0,1,Anger
IG-000258,Fathullah Fathullah,"Kenapa dengan Instagram sekarang, kemarin saya daftar akun baru selang 2 hari tiba² dapat notif pengajuan bandin dan sekarang akun Instagram saya tidak bisa digunakan, tolong perbaiki data saya , saya sangat kecewa sekali","Kenapa dengan Instagram sekarang, kemarin saya daftar akun baru selang 2 hari tiba² dapat notif pengajuan bandin dan sekarang akun Instagram saya tidak bisa digunakan, tolong perbaiki data saya , saya sangat kecewa sekali",1,0,3,Optimism
IG-000259,TARUNA OFFICIAL,"sebenarnya aku pertama kali memakai Instagram aku mencoba ingin seperti orang lain yang bisa menampilkan wajah terganteng, pokoknya Jangan menatap wajahku terlalu lama yah, dikuatirkan anda memiliki diabet karena akunya terlalu manis.","sebenarnya aku pertama kali memakai Instagram aku mencoba ingin seperti orang lain yang bisa menampilkan wajah terganteng, pokoknya Jangan menatap wajahku terlalu lama yah, dikuatirkan anda memiliki diabet karena akunya terlalu manis.",1,0,5,Optimism
IG-000260,Han_ ryhnn,"Tolong pihak instagram, aplikasi nya sering terjadi eror, tiba tiba akun instagram keluar sendiri dan tidak dapat di login kembali meskipun kata sandi benar tetapi di aplikasi instagram terdapat keterangan ""kata sandi anda salah"" padahal kata sandi saya benar tolong diperbaiki lagi","Tolong pihak instagram, aplikasi nya sering terjadi eror, tiba tiba akun instagram keluar sendiri dan tidak dapat di login kembali meskipun kata sandi benar tetapi di aplikasi instagram terdapat keterangan ""kata sandi anda salah"" padahal kata sandi saya benar tolong diperbaiki lagi",0,0,1,Sadness
IG-000261,Iis Ermaya,"Iya kenapa ya akhir2 ini loading nya lama,,awal nya dikira Krn sinyal provider trus hape penuh,,tapi aplikasi lain baik2 aja,,sinyal bagus hape jg msh cukup memori nya,,sampe kesel bingung mau komplain ke mana","Iya kenapa ya akhir2 ini proses memuat nya lama,awal nya dikira karena sinyal provider trus hape penuh,tapi aplikasi lain baik2 aja,sinyal bagus hape juga msh cukup memori nya,sampe kesel bingung mau komplain ke mana",3,0,1,Trust
IG-000262,Samsul Bahri,"Sering terjadinya bug-bug, seperti tidak munculnya hasil like dan comennt dan berbagi selalu terjadi masalah.","Sering terjadinya bug-bug, seperti tidak munculnya hasil like dan comennt dan berbagi selalu terjadi masalah.",0,0,2,Sadness
IG-000263,Dini Amelia Putri,"baguss!!🤩 rekomendasi sii kalo orang"" yang suka foto"" download ajaa Instagram jelas+jernih koo tapi kadangg ngelag jugaa sii,tapi ga ngeganggu ko dan ada reels/vidio"" nya juga,seruu kalo nonton nyaa. segituu ajaa yaa kalo rating dari aku sih bintang 5, dan 9/10.","baguss! [EMO_JOY] rekomendasi sii kalo orang"" yang suka foto"" download ajaa Instagram jelas+jernih koo tapi kadangg kinerja lambat atau macet jugaa sii,tapi tidak ngeganggu ko dan ada reels/vidio"" nya juga,seruu kalo nonton nyaa. segituu ajaa ya kalo rating dari aku gerangan bintang 5, dan 9/10.",4,1,5,Joy
IG-000264,Oji,"Tolong masih banyak bug seperti story yang sudah diarsipkan malah hilang, sangat mengganggu sekali. penyakit instagram sejak zaman dahulu ya itu","Tolong masih banyak gangguan bug sistem seperti cerita Instagram yang sudah diarsipkan malah hilang, sangat mengganggu sekali. penyakit instagram sejak zaman dahulu ya itu",2,0,1,Sadness
IG-000265,Elita Izza,"kenapa fitur fitur baru selalu ada di akun kedua dulu siii, nanti kalo udh bener kukasih bintang lima deh! EDITED : akunku ini udh tinggal akun utamaku doang dan baru aja update ig, tp masih gada update an nyaaaa. Ig gimana si ini","kenapa fitur fitur baru selalu ada di akun kedua dulu si, nanti kalo sudah benar kukasih bintang lima sudahlah EDITED : akunku ini sudah tinggal akun utamaku doang dan baru aja update Instagram tetapi masih gada update an nya. Instagram gimana si ini",7,0,3,Surprise
IG-000266,Rika Anggita574,"Helppp gimana caranya nge hapus musik di profil tapi fiturnya udah ilangggggg, di profil sendiri mah udah gaada tapi pas di cek sama akun orang lain masih adaaa musiknya gimanaaa cara ilanginnya pleasee!!😭mana lagunya perayaan mati rasa lagi😭udah di laporin tpi ga di tanggap terussss","Help gimana caranya nge hapus musik di profil tapi fiturnya sudah ilang, di profil sendiri mah sudah gaada tapi saat di cek sama akun orang lain masih ada musiknya gimana cara ilanginnya pleasee! [EMO_SADNESS] mana lagunya perayaan mati rasa lagi [EMO_SADNESS] sudah di laporin tetapi tidak di tanggap terus",6,2,4,Joy
IG-000267,Neni Agustin,"Masih belajar, baru bisa ngasi efek lagu, belum bisa mengedit tulisan di gambar, mungkin bisa lebih dipermudah lagi untuk kami pemula","Masih belajar, baru bisa ngasi efek lagu, belum bisa mengedit tulisan di gambar, mungkin bisa lebih dipermudah lagi untuk kami pemula",3,0,4,Optimism
IG-000268,Haliza Fiani Tastbita,"Akun penting saya keluar dengan sendirinya, setelah dilakukan pengecekan dan login kembali proses nya lebih ribet dan sulit. Jadi saya kesulitan untuk mengembalikan akun saya dikarenakan prosesnya yang menyulitkan pengguna","Akun penting saya keluar dengan sendirinya, setelah dilakukan pengecekan dan login kembali proses nya lebih ribet dan sulit. Jadi saya kesulitan untuk mengembalikan akun saya dikarenakan prosesnya yang menyulitkan pengguna",0,0,1,Sadness
IG-000269,16_Ida Bagus Made Sivarama Dasa,"Sangat dimohonkan, ketika login kembali diberikan fitur meminta bantuan kepada teman, sebelumnya login ke akun Instagram sangatlah mudah dengan adanya fitur ini, apalagi bagi orang-orang yang lupa dengan kata sandi akun pribadinya. Dan jika ada yang akun pribadinya masih terkait dengan nomor ponsel mereka yang sudah tidak aktif, cara tersebut akan efektif dan memudahkan untuk login kembali ke akun pribadinya. Saya kesal dengan cara login yang sangat sedikit dan menyusahkan seperti saat ini. LAGI","Sangat dimohonkan, ketika login kembali diberikan fitur meminta bantuan kepada teman, sebelumnya login ke akun Instagram sangatlah mudah dengan adanya fitur ini, apalagi bagi orang-orang yang lupa dengan kata sandi akun pribadinya. Dan jika ada yang akun pribadinya masih terkait dengan nomor ponsel mereka yang sudah tidak aktif, cara tersebut akan efektif dan memudahkan untuk login kembali ke akun pribadinya. Saya kesal dengan cara login yang sangat sedikit dan menyusahkan seperti saat ini. LAGI",0,0,3,Anger
IG-000270,Nur Winda,"yang selalu up fitur Instagram tolong lah adain fitur notification kalo ada yang unfoll, cape saya harus nyari² kalo ada yang follow terus di unfoll duluan, tolong ya orang yang selalu up fitur Instagram ada in.","yang selalu up fitur Instagram tolong lah adain fitur notification kalo ada yang unfoll, cape saya harus nyari² kalo ada yang follow terus di unfoll duluan, tolong ya orang yang selalu up fitur Instagram ada in.",0,0,5,Joy
IG-000271,Aditiya Adit,"Tolong buat pihak instagram, knp akun saya udh berapa bulan ini nga bisa live sama sekali, selalu ada notif, (belum memenuhi syarat, pdhl saya nga pernah sama sekali bikin pelanggaran, tolong aja nihh yaa di perbaiki lagi","Tolong membuat pihak instagram, kenapa akun saya sudah berapa bulan ini nga bisa live sama sekali, selalu ada notif, (belum memenuhi syarat, pdhl saya nga pernah sama sekali membuat pelanggaran, tolong aja nihh ya di perbaiki lagi",6,0,1,Optimism
IG-000272,Elred Alfadion Brian,"Tolong ya instagram, aplikasinya dah bagus tapi masalahnya bugnya ada saat saya mengikuti akun. Pas dah tekan ikuti, eh mengikutinya malah jadi ikuti lagi jadi biru lagi pas coba lagi masih gabisa dah dari minggu lalu loh. Masa bug gini sampe berhari-hari. Tolonglah plislah instagram atasi masalah bug nya supaya saya dapat mengikuti akun lagi sudah ada beberapa followers saya yang unfollow gara-gara saya tidak follback masa bugnya sampe berhari-hari, plislah. 🙏🙏🙏🙏🙏🙏","Tolong ya instagram, aplikasinya dah bagus tapi masalahnya bugnya ada saat saya mengikuti akun. saat dah tekan ikuti, eh mengikutinya malah jadi ikuti lagi jadi biru lagi saat coba lagi masih gabisa dah dari minggu lalu loh. Masa gangguan bug sistem begini sampe berhari-hari. Tolonglah plislah instagram atasi masalah gangguan bug sistem nya supaya saya dapat mengikuti akun lagi sudah ada beberapa pengikut saya yang unfollow gara-gara saya tidak follback masa bugnya sampe berhari-hari, plislah. [EMO_TRUST] [EMO_TRUST] [EMO_TRUST] [EMO_TRUST] [EMO_TRUST] [EMO_TRUST]",6,6,2,Trust
IG-000273,Afif Jauhar,"Mohon bantuannya , aplikasi memang bagus namun bisakah berikan informasi detail mengapa terjadi uji banding? Mohon berikan balasan yang signifikan terkait hal tersebut dan mohon responnya!. Terimakasih 🙏🏼","tolong bantuannya , aplikasi memang bagus namun bisakah berikan informasi detail mengapa terjadi uji banding? tolong berikan balasan yang signifikan terkait hal tersebut dan tolong responnya. Terimakasih [EMO_TRUST]",3,1,5,Trust
IG-000274,Nurhaliza,"Tolong fitur musik untuk di profil di perbaiki, soalnya pas liat profil fitur musiknya ga ada, tetapi ketika pakai akun lain di profil kita musiknya muncul","Tolong fitur musik untuk di profil di perbaiki, soalnya saat melihat profil fitur musiknya tidak ada, tetapi ketika pakai akun lain di profil kita musiknya muncul",4,0,2,Sadness
IG-000275,Aurellia Najwa Munzir,"suka ngebug,satu akun udh update tapi akun yg lain ga, post foto yang sama di dua akun tapi akun satunya cmn foto lagunya gaada, yang lain udh bisa post lebih dari 10 foto sedangkan akun saya gabisa, tolong diperbaiki","suka ngebug,satu akun sudah update tapi akun yang lain tidak unggahan foto yang sama di dua akun tapi akun satunya cmn foto lagunya gaada, yang lain sudah bisa unggahan lebih dari 10 foto sedangkan akun saya gabisa, tolong diperbaiki",7,0,3,Joy
IG-000276,Davie Akmallamdani,"makin hari makin gajelas, sinyal full tapi dipake ig lemot banget semua foto/video loading. dipake aplikasi lain aman aja, makin aneh 😹🫵🏻","makin hari makin gajelas, sinyal full tapi dipake Instagram kinerja sangat lambat banget semua foto/video proses memuat dipake aplikasi lain aman aja, makin aneh",3,0,1,Trust
IG-000277,Lilista Milala,"Njirrr lah tiap mau buat story ig ga bisa selalu ada ketrangan ""kesalahan"" awal nya ku pikir hp ku yg salah tapi tiap di ulang ngi pun selalu ""kesalahan"" sekali duakali ok lh tapi kalau tiap buat story gitu palak juga aku tolong lah di perbaiki Masa tiap 1x dalam 2mingguan aku update","Njir lah tiap mau membuat cerita Instagram Instagram tidak bisa selalu ada ketrangan ""kesalahan"" awal nya ku pikir hp ku yang salah tapi tiap di ulang ngi pun selalu ""kesalahan"" sekali duakali ok lh tapi kalau tiap membuat cerita Instagram begitu palak juga aku tolong lah di perbaiki Masa tiap 1x dalam 2mingguan aku update",9,0,3,Optimism
IG-000278,Azza Lidia,Tolong ya Instagram ini kenapa setiap kali saya ingin posting foto itu tidak ada captionnya. setiap saya posting pasti captionnya akan hilang. Dan seterusnya itu tidak bisa diedit. Tolong Instagram ini kenapa?,Tolong ya Instagram ini kenapa setiap kali saya ingin mengunggah foto itu tidak ada captionnya. setiap saya mengunggah pasti captionnya akan hilang. Dan seterusnya itu tidak bisa diedit. Tolong Instagram ini kenapa?,3,0,1,Sadness
IG-000279,Nasya Amanda putri,"ini kenapa yah ig nyaa,sya mau posting foto selalu gabisa muluu,bikin saya ga mood jdinyaa,susah banget klo mau posting selalu ada bacaan ""kesalahn"" dan ""foto anda tidak menyimpan"" tlong dong ini gimanaaaa!?!??!","ini kenapa yah Instagram nyaa,sya mau mengunggah foto selalu gabisa muluu,bikin saya tidak mood jdinyaa,susah banget kalau mau mengunggah selalu ada bacaan ""kesalahn"" dan ""foto anda tidak menyimpan"" tlong lah ini gimana!",6,0,2,Anger
IG-000280,Ita Asrifah,"Bagus banget, bener bener jadi aplikasi yang paling dibutuhin, buat scroll reel, posting story, fiturnya bagus banget","Bagus banget, benar benar jadi aplikasi yang paling dibutuhin, membuat scroll reel, mengunggah cerita Instagram fiturnya bagus banget",5,0,5,Trust
IG-000281,Lins Mobile,"Kenapa saya gk bisa live selalu Katanya begini:""akun anda belum memenuhi syarat "" Tolonglah perbaiki udah tiga bulan aku memakai apk ini tetap juga gk bisa live lama"" pengen gua hapus juga ini apknya","Kenapa saya tidak bisa live selalu Katanya begini:""akun anda belum memenuhi syarat "" Tolonglah perbaiki sudah tiga bulan aku memakai apk ini tetap juga tidak bisa live lama"" pengen saya hapus juga ini apknya",6,0,1,Optimism
IG-000282,Putri Rajuna,"please suka kesel karna fitur music yg di bio sering hilang hilang and gabisa dihapus kalo udah hilang jadinya aneh, tolong dong Instagram jgn keseringan ngapus fitur fitur baru yg di bio, karna di akun ku yg lain ada biasanya di akun first malah gaada lagi, please... 😣👎🏻👎🏻","please suka kesel karena fitur music yang di bio sering hilang hilang and gabisa dihapus kalo sudah hilang jadinya aneh, tolong lah Instagram jangan keseringan ngapus fitur fitur baru yang di bio, karena di akun ku yang lain ada biasanya di akun first malah gaada lagi, please.",8,0,1,Sadness
IG-000283,Andini Maulidiyah Rachma,"Sumpaaa marah banget sama ig, aku arsipin postingan feeds trus beberapa hari kemudian aku pulihkan. Ga langsung ada di feeds aku pikir loading, tapi sampai sekarang ga muncul, dan aku liat di arspian gaada juga postingannya, nangisss bangett kecewa sama ig😭👎","Sumpa marah banget sama Instagram aku arsipin unggahan konten feeds trus beberapa hari kemudian aku pulihkan. tidak langsung ada di feeds aku pikir proses memuat tapi sampai sekarang tidak muncul, dan aku melihat di arspian gaada juga postingannya, nangis banget kecewa sama Instagram [EMO_SADNESS]",8,1,2,Sadness
IG-000284,Imas Susanty,"Aplikasi ini juga sangat bermanfaat dan tidak terancam apapun dan tidak ada berbahaya nya. Tetapi ada satu hal yang paling inginkan saya. Tolong, bagaimana cara agar tidak limit. Saya memfollow seseorang saya kenal dan tiba limit atau batasan. Maaf ya ada kesalahan yang saya berbicara","Aplikasi ini juga sangat bermanfaat dan tidak terancam apapun dan tidak ada berbahaya nya. Tetapi ada satu hal yang paling inginkan saya. Tolong, bagaimana cara agar tidak limit. Saya memfollow seseorang saya kenal dan tiba limit atau batasan. Maaf ya ada kesalahan yang saya berbicara",0,0,5,Fear
IG-000285,rifki _armindho,"tolong pihak Instagram mengapa Instagram saya tidak memenuhi syarat live sedangkan devices yang saya gunakan adalah devices terbaru dan selalu update,saya sudah sering mengirim laporan tapi tidak ada tindakan apa apa.","tolong pihak Instagram mengapa Instagram saya tidak memenuhi syarat live sedangkan devices yang saya gunakan adalah devices terbaru dan selalu update,saya sudah sering mengirim laporan tapi tidak ada tindakan apa apa.",0,0,1,Surprise
IG-000286,Joshua wira Nataniel,"Bug mulu kaga dibener benerin. Sg temen gabisa diliat, harus diliat dati scnd account, semua postingan poto yang ada lagunya jadi reals, ig temen online tapi gada tandannya. Lama-lama ig bakalan tenggelem ama bug semua. Tolong di dengar karna banyak orang yang beranggapan seperti ini","gangguan bug sistem mulu kaga dibener memperbaiki Sg temen gabisa diliat, harus diliat dati scnd account, semua unggahan konten poto yang ada lagunya jadi reals, Instagram temen online tapi gada tandannya. Lama-lama Instagram bakalan tenggelem ama gangguan bug sistem semua. Tolong di dengar karena banyak orang yang beranggapan seperti ini",7,0,1,Optimism
IG-000287,Iwan S,Saya sudah update bbrp x ttp ada bug dan loading lama.. Jgn kecewakan para pengguna bug nya di perbaiki.,Saya sudah update bbrp x tetap ada gangguan bug sistem dan proses memuat lama. jangan kecewakan para pengguna gangguan bug sistem nya di perbaiki.,5,0,1,Sadness
IG-000288,Agus Sugianto,"Dalam menyiapkan akun profesional kreator saya tidak bisa melewati langkah ke 7 (PELAJARI TENTANG CARA BERIKLAN), sudah saya ikuti semua langkahnya, bahkan sudah coba beriklan tapi langkah ini tetap tidak bisa saya lewati dan saya juga sudah email IG dan menghubungi bantuan di aplikasi IG,nya tapi gak dibalas sampai sekarang. Jika langkah sudah saya lewati, saya kembali kasih 5 bintang. Thanks🙏","Dalam menyiapkan akun profesional kreator saya tidak bisa melewati langkah ke 7 (PELAJARI TENTANG CARA BERIKLAN), sudah saya ikuti semua langkahnya, bahkan sudah coba beriklan tapi langkah ini tetap tidak bisa saya lewati dan saya juga sudah email Instagram dan menghubungi bantuan di aplikasi IG,nya tapi tidak dibalas sampai sekarang. Jika langkah sudah saya lewati, saya kembali kasih 5 bintang. terima kasih [EMO_TRUST]",5,1,1,Trust
IG-000289,Muhammad Bryan Rich Jwern,"Kepada pihak Instagram, kenapa saya tidak bisa login ya, padahal username dan password sudah benar dan sudah saya cek ke beberapa ponsel lainya bisa login, tetapi hanya ponsel saya yang tidak bisa di loginin, mohon kerjasamanya demi kenyamanan saya, terimakasih","Kepada pihak Instagram, kenapa saya tidak bisa login ya, padahal username dan password sudah benar dan sudah saya cek ke beberapa ponsel lainya bisa login, tetapi hanya ponsel saya yang tidak bisa di loginin, tolong kerjasamanya demi kenyamanan saya, terimakasih",4,0,1,Trust
IG-000290,Herkin Doni,Kenapa Instagram sekarang setiap ganti story pasti iklannya judol ya? Ini sangat sangat tidak wajar dan tidak dianjurkan dimohon untuk segera dihapuskan iklan iklan judi onlen tersebut,Kenapa Instagram sekarang setiap ganti cerita Instagram pasti iklannya judol ya? Ini sangat sangat tidak wajar dan tidak dianjurkan dimohon untuk segera dihapuskan iklan iklan judi onlen tersebut,1,0,1,Anticipation
IG-000291,Rina Amelia,"ig aku kenapa kalau liat foto diakun org ga bisa di slide sampai akhir ya,max slide ke 4 udah ga bisa slide sampai akhir...tolong dong ini kenapa,soalnya aku suka bgt sama ig","Instagram aku kenapa kalau melihat foto diakun org tidak bisa di slide sampai akhir ya,max slide ke 4 sudah tidak bisa slide sampai akhir.tolong lah ini kenapa,soalnya aku suka banget sama Instagram",10,0,3,Joy
IG-000292,Savira Putriana,"tolong diperbaiki lagi,krna au punya 2 akun semuanya kembali dengan sendirinya,pas udah mau login malah nggak bisa masuk gitu trus,setelah buat akun baru masih tetep nggak bisa,tolong diperbaiki lagi sedemikian ya🙏","tolong diperbaiki lagi,krna au memiliki 2 akun semuanya kembali dengan sendirinya,pas sudah mau login malah tidak bisa masuk begitu trus,setelah membuat akun baru masih tetep tidak bisa,tolong diperbaiki lagi sedemikian ya [EMO_TRUST]",7,1,3,Optimism
IG-000293,Moza Pransiska,"apaan banget ig sekarang, masa 3 akun temen saya hilang, kalo kayak gini ya rugi dong kita, udah nyimpen banyak kenangan di sana malah hilang gitu aja, udah bener kemarin balik akun nya, sekarang malah hilang lagi, terus ga bisa masuk lagi, gimana coba. dikira enak apa ngumpulin temen, ngumpulin foto² di sana, tolong banget ya segera di perbaiki, paling ngga kasih saran gimana cara biar bisa balik ke akun kita lagi. mohon di respon karna ini bener² bikin jengkel","apa banget Instagram sekarang, masa 3 akun temen saya hilang, kalo seperti begini ya rugi lah kita sudah nyimpen banyak kenangan di sana malah hilang begitu aja, sudah benar kemarin balik akun nya, sekarang malah hilang lagi, terus tidak bisa masuk lagi, gimana coba. dikira enak apa ngumpulin temen, ngumpulin foto² di sana, tolong banget ya segera di perbaiki, paling tidak kasih saran gimana cara biar bisa balik ke akun kita lagi. tolong di respon karena ini bener² membuat jengkel",18,0,1,Sadness
IG-000294,Nadiyya,Yup bagus baaangeet sebagai gen z yang suka scroll2 ini aplikasi favoritku sih. Fitur2 barunya juga oke banget (Kembaliin fitur flipside plissss😔) Tapi aku saran dong tambahin fitur repostt (hehe;⁠),Yup bagus bangeet sebagai gen z yang suka scroll2 ini aplikasi favoritku gerangan Fitur2 barunya juga oke banget (Kembaliin fitur flipside tolong ) Tapi aku saran lah tambahin fitur repostt tersenyum,4,0,5,Joy
IG-000295,someone,"ayolahh instagram, kapan mau bener ini aplikasinya, masa fiturnya ga merata, di akun first malah yg gaada fitur baru, di akun lain ada, tolong lah saya juga pengen gunain fitur barunya, tolong segera diperbaiki.","ayolahh instagram, kapan mau benar ini aplikasinya, masa fiturnya tidak merata, di akun first malah yang gaada fitur baru, di akun lain ada, tolong lah saya juga pengen gunain fitur barunya, tolong segera diperbaiki.",3,0,1,Anticipation
IG-000296,Amanda Cinta,"Aplikasinya bagus, Tetapi mohon untuk pihak instagram akun saya yang dulu sudah ditangguhkan dan sekarang akun saya yang baru ditangguhkan lagi, Sebenarnya aplikasinya maunya gimana? Jadi dimohon untuk diperbaiki lagi.🙏🏻","Aplikasinya bagus, Tetapi tolong untuk pihak instagram akun saya yang dulu sudah ditangguhkan dan sekarang akun saya yang baru ditangguhkan lagi, Sebenarnya aplikasinya maunya gimana? Jadi dimohon untuk diperbaiki lagi. [EMO_TRUST]",1,1,1,Trust
IG-000297,Adarusman,"Ga tau kenapa akun saya tiba tiba ke baned, udah saya aku banding tapi pas pengiriman otp ke Gmail nya tidak ada yang masuk masuk, saya minta tolong kepada pihak team Instagram agar memperbaiki nya, Terimakasih","tidak tahu kenapa akun saya tiba tiba ke baned, sudah saya aku banding tapi saat pengiriman otp ke Gmail nya tidak ada yang masuk masuk, saya minta tolong kepada pihak team Instagram agar memperbaiki nya, Terimakasih",4,0,1,Surprise
IG-000298,Mila 2024,"Masa saya mau like video line foto ngefollow gk bisa tulisannya melindungi komunitas kami terus tolong dong pihak instagram diperbaiki punya saya, saya juga ada keperluan lho tolong banget diperbaiki secepatnya","Masa saya mau like video line foto ngefollow tidak bisa tulisannya melindungi komunitas kami terus tolong lah pihak instagram diperbaiki memiliki saya, saya juga ada keperluan lho tolong banget diperbaiki secepatnya",4,0,3,Optimism
IG-000299,Kim -,"Tambahin fitur privasi sorotan dong, walaupun akunnya udah private, tapi saya rasa perlu juga untuk menambahkan privasi sorotan atau menyembunyikan sorotan dari orang orang tertentu","Tambahin fitur privasi sorotan lah walaupun akunnya sudah private, tapi saya rasa perlu juga untuk menambahkan privasi sorotan atau menyembunyikan sorotan dari orang orang tertentu",2,0,4,Joy
IG-000300,Abay Darman,"sngt kecwa dengan pihak instagram,awal mula nya saya tidak ngapa ngapain lah kok akun sy dinonaktifkan tiba tiba,setelah itu sy mengajukan banding karena lama menunggu saya logut lah akun sy dan Sy uninstall setelah itu sy instal lgi stlh saya mengajukan banding permohonan sya diterima tpi yg susah nya ialah untuk kmbli login akun sy tdk bisa akhirnya saya memutuskan untuk lupa sandi setelah dikirm kode ke wa dan disuruh untuk mengatur kata sandi yg baru slalu kata sndi slh silhkn coba lgi,","sngt kecwa dengan pihak instagram,awal mula nya saya tidak ngapa ngapain lah mengapa akun saya dinonaktifkan tiba tiba,setelah itu saya mengajukan banding karena lama menunggu saya logut lah akun saya dan saya uninstall setelah itu saya instal lagi stlh saya mengajukan banding permohonan saya diterima tetapi yang susah nya ialah untuk kmbli login akun saya tidak bisa akhirnya saya memutuskan untuk lupa sandi setelah dikirm kode ke wa dan disuruh untuk mengatur kata sandi yang baru slalu kata sndi slh silhkn coba lagi",15,0,1,Anticipation
IG-000301,Yanti Yanti,"Alhamdulillah sejauh ini sudah sangat bagus, tapi beberapa waktu lalu akun saya pernah ditangguhkan padahal ini real akun saya jadi semoga kedepannya bisa lebih baik lagi. terimakasih karena dengan adanya isntagram saya bisa berbagi hal yang bermanfaat dan Alhamdulillah banyak konten positif yang ada di instagram untuk diambil manfaatnya dari akun2 yang Masya Allah menginspirasi untuk hal agama dan akhirat. dan keamanan pemilik akun kalau bisa lebih ditingkatkan lagi terimakasih.","Alhamdulillah sejauh ini sudah sangat bagus, tapi beberapa waktu lalu akun saya pernah ditangguhkan padahal ini real akun saya jadi semoga kedepannya bisa lebih baik lagi. terimakasih karena dengan adanya isntagram saya bisa berbagi hal yang bermanfaat dan Alhamdulillah banyak konten positif yang ada di instagram untuk diambil manfaatnya dari akun2 yang Masya Allah menginspirasi untuk hal agama dan akhirat. dan keamanan pemilik akun kalau bisa lebih ditingkatkan lagi terimakasih.",3,0,3,Optimism
IG-000302,Melya Dita,"ini Instagram lagi eror apa gimana? kenapa tiba' ig saya gabisa masuk dan malah di kasi kode uda di kasi kode trs malah minta vidio muka kita ngeliatin sekitar kanan kiri kita terus gabisa di pencet cara nge vdiony gbsa di lnjut juga mentok di vidio itu, jadi gimana ya solusinya, akun saya udah lama banget itu masa hilang si","ini Instagram lagi eror apa gimana? kenapa tiba' Instagram saya gabisa masuk dan malah di kasi kode sudah di kasi kode trs malah minta vidio muka kita ngeliatin sekitar kanan kiri kita terus gabisa di pencet cara nge vdiony gbsa di lnjut juga mentok di vidio itu, jadi gimana ya solusinya, akun saya sudah lama banget itu masa hilang si",5,0,2,Sadness
IG-000303,AldiCP,Untuk fitur sebenernya udah bagus tapi di lebihin lagi untuk durasi lagunya kurang rasanya kalo cuman 15 detik,Untuk fitur sebenernya sudah bagus tapi di lebihin lagi untuk durasi lagunya kurang rasanya kalo cuman 15 detik,1,0,4,Trust
IG-000304,Philipp Newlinski,tidak bisa post reel katanya spam padahal tidak ada pelanggaran apapun. istagram terlalu baperan. dan algoritma AI nya rusak. yang bukan pelanggaran dianggap pelanggaran. sedangkan yang benar2 pelanggaran tidak dianggap pelanggaran,tidak bisa unggahan reel katanya spam padahal tidak ada pelanggaran apapun. istagram terlalu baperan. dan algoritma AI nya tidak berfungsi yang bukan pelanggaran dianggap pelanggaran. sedangkan yang benar2 pelanggaran tidak dianggap pelanggaran,3,0,1,Optimism
IG-000305,Dinda Wulan,"Ini gimana sih udah di download tapi gak bisa daftar... Makaudnya itu tuh gimana, udah login pake akun yang lama tapi tetep gak bisa masuk katanya sandi salah, padahal bener loh itu sandinya karna aku tulis sandi itu di kertas biar gak lupa","Ini gimana gerangan sudah di download tapi tidak bisa daftar. Makaudnya itu tuh gimana, sudah login pakai akun yang lama tapi tetep tidak bisa masuk katanya sandi salah, padahal benar loh itu sandinya karena aku tulis sandi itu di kertas biar tidak lupa",11,0,1,Optimism
IG-000306,winn 123,Sudah di update masih sama masalahnya. Direct message sudah dibaca tapi masih terdeteksi sebagai pesan yang belum dibaca. Perbaiki.,Sudah di update masih sama masalahnya. Direct message sudah dibaca tapi masih terdeteksi sebagai pesan yang belum dibaca. Perbaiki.,0,0,1,Sadness
IG-000307,Pengguna Google,"Knp habis diperbarui malah nge bug, koneksi internet 4G+ mlh di blg tidak ada koneksi internet. Buka medsos lain lancar aj. Tolong diperbaiki!!",kenapa habis diperbarui malah nge gangguan bug sistem koneksi internet 4G+ mlh di blg tidak ada koneksi internet. Buka medsos lain lancar aj. Tolong diperbaiki!,2,0,5,Surprise
IG-000308,revi andrey,"sangat kecewa, kenapa akun saya di tangguhkan, padahal saya tidak pernah memposting seperti pelecahan/aktivitas seksual dan lainya, tolong perbaiki masalah seperti ini , ini sangat merugikan pengguna Instagram yg followers nya banyak dan lain""","sangat kecewa, kenapa akun saya di tangguhkan, padahal saya tidak pernah memposting seperti pelecahan/aktivitas seksual dan lainya, tolong perbaiki masalah seperti ini , ini sangat merugikan pengguna Instagram yang pengikut nya banyak dan lain""",2,0,1,Sadness
IG-000309,Suci Marito,"instagram sekarang jelekkk g bagusss,masa iya dm an lama kehps otomatiss tau g sii instagram itu penting bangett moment,kenangannya ituuu loohhh susahhh aku nyari dimana lagi coba???please lh balikin lagi kaya awal kami berhak kn atas itu😓😓","instagram sekarang jelek tidak bagus,masa iya pesan langsung an lama kehps otomatiss tahu tidak sii instagram itu penting banget moment,kenangannya itu looh susah aku nyari dimana lagi coba?please lh balikin lagi kaya awal kami berhak kn atas itu",5,0,1,Anger
IG-000310,tagor topsellgroup,Ketika saya install aplikasi Instagram di android dan iphone Masalah itu muncul ketika suara notifikasi dan suara music yang ada di handphone saya jadi kecil dan pelan Tolong diperbaiki,Ketika saya install aplikasi Instagram di android dan iphone Masalah itu muncul ketika suara notifikasi dan suara music yang ada di handphone saya jadi kecil dan pelan Tolong diperbaiki,0,0,1,Sadness
IG-000311,Mytha Novescor,"Sya kecewa. Followers sya naik turun secara drastis tanpa ada kejelasan,. Jumlah asli 1300an. Kadang kalau dibuka tbtb brubah 1000, di refresh berubah jdi 1200, direfresh lagi berubah 900 . Kan aneh","saya kecewa. pengikut saya naik turun secara drastis tanpa ada kejelasan. Jumlah asli 1300an. Kadang kalau dibuka tbtb brubah 10, di refresh berubah jdi 1200, direfresh lagi berubah 900 . bukankah aneh",4,0,3,Surprise
IG-000312,プッシー,"saya mengalami tidak bisa login ,padahal sudah memasukan email dan nomor hp buat reset sandi. tetapi tidak bisa & tertulis "" maaf ada masalah coba lagi "" .Mohon untuk Instagram segera memperbaiki bug tsb","saya mengalami tidak bisa login ,padahal sudah memasukan email dan nomor hp membuat reset sandi. tetapi tidak bisa & tertulis "" maaf ada masalah coba lagi "" tolong untuk Instagram segera memperbaiki gangguan bug sistem tsb",5,0,1,Joy
IG-000313,Allisah M,"bagus sih, cuma pas orang komen dipost ku komennya ga muncul dipostku, pdhl di notif tuh ada, trs ak pencet komen lalu klik yg ""terbaru"" tuh komennya baru muncul, itu cara ngeliat semua komen tanpa hrs mencet itu tuh gmn yak, perbaikin dong developer😿😿","bagus gerangan cuma saat orang komen dipost ku komennya tidak muncul dipostku, pdhl di notif tuh ada, trs aku pencet komen lalu klik yang ""terbaru"" tuh komennya baru muncul, itu cara ngeliat semua komen tanpa hrs mencet itu tuh bagaimana yak, perbaikin lah developer",7,0,5,Trust
IG-000314,Echa Leiwakabessy,Tolong tambahkan fitur simpan untuk yg kalo mau di repost di snap wa atau sebagainya agar mereka unduh saja video/fotonya agar lebih memudahkan😇🙏,Tolong tambahkan fitur simpan untuk yang kalo mau di repost di snap wa atau sebagainya agar mereka unduh saja video/fotonya agar lebih memudahkan [EMO_TRUST],1,1,4,Joy
IG-000315,Ilham Nurdin,"saya sangat suka sama instagram,dan saya juga sangat suka foto dengan efek² di instagram,pliss supoort instagram ku🙏,kembalikan akun instagram ku kak,aku gak berbuat apa² tiba tiba kena ajukan banding katanya,plis bantuin kak🙏,proses nya udah aku jalanin,trus udah 1 hari gak juga bisa login..","saya sangat suka sama instagram,dan saya juga sangat suka foto dengan efek² di instagram,pliss supoort instagram ku [EMO_TRUST] ,kembalikan akun instagram ku kak,aku tidak berbuat apa² tiba tiba kena ajukan banding katanya,plis bantuin kak [EMO_TRUST] ,proses nya sudah aku jalanin,trus sudah 1 hari tidak juga bisa login.",5,2,4,Joy
IG-000316,Icka Mey,"Sangat membantu untuk menaikkan penjualan kue saya,terimakasih sudah membantu umkm mempermudah memperkenalkan menu yg diiklankan🙏semoga semakin jaya aplikasi Ig berkah selalu","Sangat membantu untuk menaikkan penjualan kue saya,terimakasih sudah membantu umkm mempermudah memperkenalkan menu yang diiklankan [EMO_TRUST] semoga semakin jaya aplikasi Instagram berkah selalu",2,1,5,Trust
IG-000317,INDOKO TRAVEL,"kenapa ya tiba tiba ig keluar terus waktu masuk kaya di tangguhkan dan harus verifikasi gitu, eh sekarang malah gabisa dibuka akun akunnya kata sandi salah terus padahal masukinnya udah benar?? tolong dong ig",kenapa ya tiba tiba Instagram keluar terus waktu masuk kaya di tangguhkan dan harus verifikasi begitu eh sekarang malah gabisa dibuka akun akunnya kata sandi salah terus padahal masukinnya sudah benar? tolong lah Instagram,5,0,2,Optimism
IG-000318,shanty novitasari,"abis update malah jdi ribet,ga bisa tag ,kl ngetik keyboard nya error,soalnya keyboard dipake diaplikasi lain aman.","abis update malah jdi ribet,ga bisa tag kalau ngetik keyboard nya error,soalnya keyboard dipake diaplikasi lain aman.",2,0,2,Trust
IG-000319,Artyka Paramitha,"Maunya apasih instagram. Update udah coba instal ulang udah kenapa masih loading terus, buka apa apa gabisa ini kenapa medsos lain lancar lancar aja, meresahkan banget sih","Maunya apasih instagram. Update sudah coba instal ulang sudah kenapa masih proses memuat terus, buka apa apa gabisa ini kenapa medsos lain lancar lancar aja, meresahkan banget gerangan",4,0,1,Optimism
IG-000320,aisyah ramadhani,"padahal aplikasi nya baguss, tapi update terus aplikasi nya, kalo ga di update pasti aplikasi nya nge bug. Tolong di perbaiki lah jangan dikit dikit update. Padahal baru minggu lalu update hari ini update lagi. kebanyakan update jadi nge bug aplikasi nya","padahal aplikasi nya baguss, tapi update terus aplikasi nya, kalo tidak di update pasti aplikasi nya nge gangguan bug sistem Tolong di perbaiki lah jangan dikit dikit update. Padahal baru minggu lalu update hari ini update lagi. kebanyakan update jadi nge gangguan bug sistem aplikasi nya",3,0,2,Trust
IG-000321,tarahayu wulann,"Apa apaan,saya sudah menggunakan foto saya setengah wajah,tapi kenapa waktu pemeriksaan wajah dengan vidio,pihak tidak percaya,bagaimana saya harus meyakinkan?sedangkan itu akun saya yang baru akun yang satu' nya saya,sangat tidak memuaskan bintang 1","Apa apaan,saya sudah menggunakan foto saya setengah wajah,tapi kenapa waktu pemeriksaan wajah dengan vidio,pihak tidak percaya,bagaimana saya harus meyakinkan?sedangkan itu akun saya yang baru akun yang satu' nya saya,sangat tidak memuaskan bintang 1",0,0,1,Trust
IG-000322,agung al bukhori,"Min saya masuk ke akun saya yg @dapzstoree_ ko ga bisa, malah gini, intagram terhenti, pas saya klik akun saya yg itu, gmn nih min, akun saya penting min buat promosi, saya sudah lama menggunakan intagram sebelum nya ga ada kendala kaya gini, tolong min ya","Min saya masuk ke akun saya yang ko tidak bisa malah begini intagram terhenti, saat saya klik akun saya yang itu, bagaimana nih min, akun saya penting min membuat promosi, saya sudah lama menggunakan intagram sebelum nya tidak ada kendala kaya begini tolong min ya",10,0,2,Optimism
IG-000323,Jelantik Wibisana,"Semua Instagram teman saya bisa memposting video dan foto + musik, tapi Instagram saya malah nggak bisa padahal sudah ke upgrade Instagram nya","Semua Instagram teman saya bisa memposting video dan foto + musik, tapi Instagram saya malah tidak bisa padahal sudah ke upgrade Instagram nya",3,0,1,Optimism
IG-000324,dalbit99,"greget bgt asli, mau bikin akun baru aja susaahhhh, mau bikin akun baru biasanya masukin username asal2an dulu di awal baru nnti pas udh jadi akunnya bisa ganti username nya, tapi ini GABISAA GAGAL TERUS ampe bingung mau ngacak nama gimana lagi","greget banget asli, mau membuat akun baru aja susaah, mau membuat akun baru biasanya masukin username asal2an dulu di awal baru nnti saat sudah jadi akunnya bisa ganti username nya, tapi ini GABISAA GAGAL TERUS ampe bingung mau ngacak nama gimana lagi",6,0,4,Optimism
IG-000325,Fahmi Jamhari,"Sekarang ig lemot sinyalnya lihat postingan lama banget fotonya apalagi reel coba ke apk lain youtube lancar aja, mohon perbaiki.","Sekarang Instagram kinerja sangat lambat sinyalnya lihat unggahan konten lama banget fotonya apalagi reel coba ke apk lain youtube lancar aja, tolong perbaiki.",4,0,3,Trust
IG-000326,Rio Cuk,Pas posting video sering ke ulang sountrack nya jadi ga enak banget sumpah pas di paus video sering masih ada sountrack yg masih bunyi,saat mengunggah video sering ke ulang sountrack nya jadi tidak enak banget sumpah saat di paus video sering masih ada sountrack yang masih bunyi,5,0,3,Trust
IG-000327,Safira Leesdy,Tanda titik tiga disebelah nama akun suka tidak ada dan meski di refresh masih tetap bgtu harus yg berulang ulang kali tolong diperbaiki untuk next update.,Tanda titik tiga disebelah nama akun suka tidak ada dan meski di refresh masih tetap begitu harus yang berulang ulang kali tolong diperbaiki untuk next update.,2,0,4,Joy
IG-000328,Carrisa Putri,"setelah update jelek bug terus, mau posting foto atau story pasti (kesalahan) terus, berulang kali di post tpi tetap sama,tolong di tangani maz","setelah update jelek gangguan bug sistem terus, mau mengunggah foto atau cerita Instagram pasti (kesalahan) terus, berulang kali di unggahan tetapi tetap sama,tolong di tangani maz",5,0,1,Anger
IG-000329,Khaliel Khanz,Di update makin buruk dan makin gak respect sama Instagram padahal dulu video call tampilan layarnya ok ok ajah. Lah sekarang malah besar kecil kayak WhatsApp. Tolong kembalikan tampilan video call dari tampilan awal. Yang atas bawah jangan besar kecil. Gak enak saja tampilan kayak gitu. Tolong saya costumer harus di layani tolong tanggepin pengajuan saya. Terimakasih,Di update makin buruk dan makin tidak respect sama Instagram padahal dulu video call tampilan layarnya ok ok ajah. Lah sekarang malah besar kecil seperti WhatsApp. Tolong kembalikan tampilan video call dari tampilan awal. Yang atas bawah jangan besar kecil. tidak enak saja tampilan seperti begitu Tolong saya costumer harus di layani tolong tanggepin pengajuan saya. Terimakasih,5,0,1,Anger
IG-000330,Reswyn,"Entah bug atau kenapa, tiap ngesave video kagak kesave lagi, tetiba ngirim pesan delay parah padahal make apk lain lancar aja..herannn","Entah gangguan bug sistem atau kenapa, tiap ngesave video kagak kesave lagi, tetiba ngirim pesan delay parah padahal make apk lain lancar aja.heran",1,0,1,Surprise
IG-000331,zieza pramudi Wk879,"instagram kenapa sih gabisa post foto lebih dari satu, terus gabisa nambahin lagu di profil padahal udah di update berkali kali tp tetep aja gabisa bug nya jg mkin bnyk, tolong diperbaiki.","instagram kenapa gerangan gabisa unggahan foto lebih dari satu, terus gabisa nambahin lagu di profil padahal sudah di update berkali kali tetapi tetep aja gabisa gangguan bug sistem nya juga mkin bnyk, tolong diperbaiki.",6,0,1,Optimism
IG-000332,Shandy Rizqi,"Aplikasi sosial media paling SAMPAH, mendingan gua nyari informasi di tiktok daripada di instagram. ALGORITMANYA GAK JELAS. Fyp reels gua isinya jadi konten-konten aneh dan sepi, padahal tadinya konten yang banyak views dan likenya. Udah pilih ""tidak tertarik"" masih aja muncul konten-konten yang sepi. LU URUS TUH BUG ALGORITMANYA! SOSMED SAMPAH!","Aplikasi sosial media paling SAMPAH, mendingan saya nyari informasi di tiktok daripada di instagram. ALGORITMANYA tidak JELAS. masuk beranda rekomendasi video reels saya isinya jadi konten-konten aneh dan sepi, padahal tadinya konten yang banyak views dan likenya. sudah pilih ""tidak tertarik"" masih aja muncul konten-konten yang sepi. kamu URUS TUH gangguan bug sistem ALGORITMANYA! SOSMED SAMPAH!",8,0,1,Anger
IG-000333,jalis syarifah128,"Tolong dong ada fitur privasi status, jangan cuma teman dekat. soalnya kalo teman dekat ada tandanya hijau gitu. jadi, kalo bisa ada 3 pilihan, dibagikan ke, pengikut saya, umum, dan pengikut saya kecuali","Tolong lah ada fitur privasi status, jangan cuma teman dekat. soalnya kalo teman dekat ada tandanya hijau begitu jadi, kalo bisa ada 3 pilihan, dibagikan ke, pengikut saya, umum, dan pengikut saya kecuali",3,0,4,Optimism
IG-000334,Sesa Agustin,"ini kenapa ig tuh makin kesini makin jelek kualitas gambarnya? padahal aku baru posting video bulan kmren trs aku masukin highlight, kok pas diliat di akun lain jadi buram gitu, tolong kualitasnya diperbaiki lagi, knp makin ksini makin jelek?","ini kenapa Instagram tuh makin kesini makin jelek kualitas gambarnya? padahal aku baru mengunggah video bulan kmren trs aku masukin highlight, mengapa saat diliat di akun lain jadi buram begitu tolong kualitasnya diperbaiki lagi, kenapa makin ksini makin jelek?",6,0,2,Surprise
IG-000335,HK GAMER,"Banyak BUG jir...Mulai Dari Opsi Musing yang bisa di tampilkan di Profil tiba tiba Hilang....Trus Padahal Jaringan udah bagus Dan Kenceng mau liat Story temen eh malah Cerita ini Tidak Tersedia...apa apa ini...Segera dong di Fix Bugnya Buang buang Data Internet Aja ini...Bukan Update Tambah""Fitur""lain...apa gunanya jirr....tapi itu benerin beberapa bug yang Ada dalam aplikasi dulu","Banyak gangguan bug sistem jir.Mulai Dari Opsi Musing yang bisa di tampilkan di Profil tiba tiba Hilang.Trus Padahal Jaringan sudah bagus Dan Kenceng mau melihat cerita Instagram temen eh malah Cerita ini Tidak Tersedia.apa apa ini.Segera lah di Fix Bugnya Buang buang Data Internet Aja ini.Bukan Update Tambah""Fitur""lain.apa gunanya jirr.tapi itu memperbaiki beberapa gangguan bug sistem yang Ada dalam aplikasi dulu",8,0,1,Sadness
IG-000336,Felix Felix,sangat aneh Ig sekarang udah di update masih ajah ngeliat sg teman sama reels muter muter truss ngelag padahal jaringan data bagus tolong di bantu perbaiki bug ini!!,sangat aneh Instagram sekarang sudah di update masih ajah ngeliat sg teman sama video reels muter muter truss kinerja lambat atau macet padahal jaringan data bagus tolong di bantu perbaiki gangguan bug sistem ini!,5,0,1,Trust
IG-000337,Vioni Siti nurhadijah,"TOLONG JANGAN HAPUS FITUR ARSIP. Balikin arsippp gueee helppp!!! Instagram lo the Best krna ada arsip di mata gue. Sebenarnya fitur lo udah baguss kok, tpi makin kesini makin kesono. sudah ya Cukup dunia yg memporak porandakan hati ini, apk Instagram jangan ikutan.","TOLONG JANGAN HAPUS FITUR ARSIP. Balikin arsip saya help! Instagram lo the Best krna ada arsip di mata saya Sebenarnya fitur lo sudah baguss mengapa tetapi makin kesini makin kesono. sudah ya Cukup dunia yang memporak porandakan hati ini, apk Instagram jangan ikutan.",6,0,4,Trust
IG-000338,kezia michaelia,"aplikasinya makin buruk. kalau loading lama banget pdahal kuota lancar banget. kenapa si makin hri makin ngebug? kalau pas dibuka, itu juga lama banget. instagram tolong diperbaiki lagi ya.","aplikasinya makin buruk. kalau proses memuat lama banget pdahal kuota lancar banget. kenapa si makin hri makin ngebug? kalau saat dibuka, itu juga lama banget. instagram tolong diperbaiki lagi ya.",2,0,1,Anger
IG-000339,DMochi Zythe,"bug pada profil, tolong perbaiki bug di akun saya, bug di bagian profil lagu itu tiba tiba hilang tapi waktu saya cek pake akun lain ada, tapi di akun sendiri tidak ada, padahal pengen hapus lagu nya, tolong bug nya di perbaiki di akun saya. nanti kalau sudah saya beri rating 5","gangguan bug sistem pada profil, tolong perbaiki gangguan bug sistem di akun saya, gangguan bug sistem di bagian profil lagu itu tiba tiba hilang tapi waktu saya cek pakai akun lain ada, tapi di akun sendiri tidak ada, padahal pengen hapus lagu nya, tolong gangguan bug sistem nya di perbaiki di akun saya. nanti kalau sudah saya beri rating 5",5,0,1,Sadness
IG-000340,Si Ayem00,"permisi,,meta, saya tidak setuju kalo fitur arsip akan dihilangkan,kenapa?karna dengan adanya fitur arsip kita bisa melihat semua kenangan"" dalam fitur arsip tersebut! Saya tidak mau update kalo fitur arsip akan dihapus!! Mohon koreksinya terimakasih!","permisi,meta, saya tidak setuju kalo fitur arsip akan dihilangkan,kenapa?karna dengan adanya fitur arsip kita bisa melihat semua kenangan"" dalam fitur arsip tersebut! Saya tidak mau update kalo fitur arsip akan dihapus! tolong koreksinya terimakasih!",3,0,5,Optimism
IG-000341,imelptrrr imelptrrr,"knpa ya story yg 2/3 hari sebelumnya tidak muncul di arsip, beneran uda ada fitur hapus arsip? aku kasi bintang 5 deh tapi plis jangan ada fitur itu rela post story di secc account biar bisa disimpen eh malah ada fitur itu, ini dpt ide dari manaaasiiii😭😭","knpa ya cerita Instagram yang 2/3 hari sebelumnya tidak muncul di arsip, benar-benar sudah ada fitur hapus arsip? aku kasi bintang 5 sudahlah tapi tolong jangan ada fitur itu rela unggahan cerita Instagram di secc account biar bisa disimpen eh malah ada fitur itu, ini dapat ide dari manasi [EMO_SADNESS] [EMO_SADNESS]",10,2,5,Optimism
IG-000342,Muhammad Syam,"Instagram?? Aplikasi sering nge-bug, Suka kesel saat liat sebuah postingan terus tiba² ngebug dan mau cari lagi susah. Tolong kasih fitur terakhir kali dilihat dong.","Instagram? Aplikasi sering nge-bug, Suka kesel saat melihat sebuah unggahan konten terus tiba² ngebug dan mau cari lagi susah. Tolong kasih fitur terakhir kali dilihat lah",3,0,2,Joy
IG-000343,Herna Fitriana,"Udh 2 hari ini dri tgl 19 sampe sekarang, error mulu apk ini, pas mau liat reels sama postingan foto muter mulu bahkan sampe gk ada gambar trus rumek gtu pecah2 gambar nya, dahal kuota banyak loh sampe saya beli lgi malah, tolong di perbaiki, Saya gk nyaman pke nya, ke ganggu banget..","sudah 2 hari ini dari tgl 19 sampe sekarang, kesalahan sistem mulu apk ini, saat mau melihat video reels sama unggahan konten foto muter mulu bahkan sampe tidak ada gambar trus rumek gtu pecah2 gambar nya, dahal kuota banyak loh sampe saya beli lagi malah, tolong di perbaiki, Saya tidak nyaman pakai nya, ke ganggu banget.",11,0,1,Anger
IG-000344,Vella Nisa,"jelek. pas gue dulu masih punya ig, gue logout karena isinya 18+ gajelas, padahal gue ga pernah nonton begituan, bahkan sampe ke Facebook sekalipun ketularan 18+ sampe 21+. pas masalah udah beres, dua duanya gue logout, justru malah gue gabisa login INSTAGRAM sama sekali. buat akun baru selalu ""error, harap coba lagi"", mau login akun dulu, "" terjadi kesalahan, harap coba lagi"" mau lu apa? gue udah coba berbagai cara, tetep aja ERROR GAK JELAS. gue minta developernya buat tolongin gue, please 🙏","jelek. saat saya dulu masih memiliki Instagram saya logout karena isinya 18+ gajelas, padahal saya tidak pernah nonton begituan, bahkan sampe ke Facebook sekalipun ketularan 18+ sampe 21+. saat masalah sudah beres, dua duanya saya logout, justru malah saya gabisa login INSTAGRAM sama sekali. membuat akun baru selalu kesalahan sistem harap coba lagi"", mau login akun dulu, "" terjadi kesalahan, harap coba lagi"" mau kamu apa? saya sudah coba berbagai cara, tetep aja kesalahan sistem tidak JELAS. saya minta developernya membuat tolongin saya please [EMO_TRUST]",21,1,1,Anger
IG-000345,Sts27,Ini kenapa sih ig saya kalau lihat reels/video ga jalan videonya. Suaranya doang yang jalan. Padahal pakai wifi. Gak pakai pun kayak gitu juga.,Ini kenapa gerangan Instagram saya kalau lihat reels/video tidak jalan videonya. Suaranya doang yang jalan. Padahal pakai wifi. tidak pakai pun seperti begitu juga.,6,0,3,Surprise
IG-000346,Soffi Putrisalsabila,Untuk fitur Ig nya bagus semua cuman sekarang ini Ig lagi banyak banyak nya iklan ya sedikit saran sih mending untuk apk kayak gini gak usah pake iklan bikin gak nyaman penguna udah gitu iklannya tentang judol lagi kalo bisa hilangkan aja deh iklan nya biar gak ganggu penguna,Untuk fitur Instagram nya bagus semua cuman sekarang ini Instagram lagi banyak banyak nya iklan ya sedikit saran gerangan mending untuk apk seperti begini tidak usah pakai iklan membuat tidak nyaman penguna sudah begitu iklannya tentang judol lagi kalo bisa hilangkan aja sudahlah iklan nya biar tidak ganggu penguna,14,0,4,Trust
IG-000347,NIndya Firmansyah,"Ini masalah yang saya dan temen saya alamin. Saat mau buat akun baru halamannya eror dan gabisa buat akun baru, saya juga gak bisa login. Padahal mau pake aplikasi ini tapi kalo belum punya akun gabisa masuk, terus pas mau buat akun malah eror. Tolong segera diperbaiki, saya kecewa","Ini masalah yang saya dan temen saya alamin. Saat mau membuat akun baru halamannya eror dan gabisa membuat akun baru, saya juga tidak bisa login. Padahal mau pakai aplikasi ini tapi kalo belum memiliki akun gabisa masuk, terus saat mau membuat akun malah eror. Tolong segera diperbaiki, saya kecewa",8,0,1,Sadness
IG-000348,Fadilah Misbah,"Mohon maap ini, kenapa kalo liat story ada video yang bisa diputar ada juga yang engga cuma muncul suara doang. setelah di-update malah suka close sendiri aplikasinya, why?","tolong maap ini, kenapa kalo melihat cerita Instagram ada video yang bisa diputar ada juga yang tidak cuma muncul suara doang. setelah di-update malah suka close sendiri aplikasinya, why?",5,0,3,Joy
IG-000349,Intan bengawan,"Banyak bug, gw blokir org kok masih bisa muncul. Pas gw cek daftar blokiran, malah tu akun GK ada di daftar blokiran. Cek hadduh makin di update, makin hancur ni apk. Bug nya banyak banget","Banyak gangguan bug sistem saya blokir org mengapa masih bisa muncul. saat saya cek daftar blokiran, malah tu akun tidak ada di daftar blokiran. Cek hadduh makin di update, makin hancur ni apk. gangguan bug sistem nya banyak banget",8,0,1,Optimism
IG-000350,I Don't Know,"Abis diupdate malah makin ngeselin sumpah, reels sering sendat².. waktu bikin story saat musiknya diputar ulang tapi videonya tetap jalan terus bukannya ikut keulang dari awal sama musiknya","Abis diupdate malah makin ngeselin sumpah, video reels sering sendat². waktu membuat cerita Instagram saat musiknya diputar ulang tapi videonya tetap jalan terus bukannya ikut keulang dari awal sama musiknya",3,0,2,Sadness
IG-000351,intan nestri wardhanny,Udah update ke versi paling baru tapi font di instastory ga update. Gimana sih? Hanya akun tertentu aja kah yg bisa menikmati fitur itu. Sebel bgt. Sampe instal ulang berkali2 tetep aja ga bisa,sudah update ke versi paling baru tapi font di instastory tidak update. Gimana gerangan Hanya akun tertentu aja kah yang bisa menikmati fitur itu. Sebel banget Sampe instal ulang berkali2 tetep aja tidak bisa,8,0,3,Optimism
IG-000352,Agil C. Musadat [A.C.M],"Setelah di update Instagram sering tidak merespon & sistem android pun ikut tidak merespon, masih banyak bug menjadikan Instagram tidak berjalan dengan lancar.","Setelah di update Instagram sering tidak merespon & sistem android pun ikut tidak merespon, masih banyak gangguan bug sistem menjadikan Instagram tidak berjalan dengan lancar.",1,0,2,Sadness
IG-000353,Tarman Ghe Ghe,Buat pihak Instagram tolong perbaiki lagi setelah update ngirim pesan lama banget sampe gk kekirim² harus keluar dulu truss masuk lagi baru kekirim pesan nya tolong lah kalo update tuh benerin asw bukan nya makin parah babi,membuat pihak Instagram tolong perbaiki lagi setelah update ngirim pesan lama banget sampe tidak kekirim² harus keluar dulu truss masuk lagi baru kekirim pesan nya tolong lah kalo update tuh memperbaiki asw bukan nya makin parah babi,3,0,2,Sadness
IG-000354,soraya kirani,"tolong instagram, sediakan upload foto bisa lebih dari 10 dan untuk lagu, detiknya ditambahin. Terimakasih🙏🏻","tolong instagram, sediakan upload foto bisa lebih dari 10 dan untuk lagu, detiknya ditambahin. Terimakasih [EMO_TRUST]",1,1,3,Optimism
IG-000355,Eky Rendika,Aplikasi ini kenapa semakin menyebalkan ya .. story gak bisa muncul musik .. udah d update padahal tp tetsp aja .. aampek tak uninstal download lagi tetap g bisa. Hmmmmm sy lapor di pusat bantuan gak ada respon pula,Aplikasi ini kenapa semakin menyebalkan ya . cerita Instagram tidak bisa muncul musik . sudah d update padahal tetapi tetsp aja . aampek tidak uninstal download lagi tetap tidak bisa Hm saya lapor di pusat bantuan tidak ada respon pula,10,0,5,Optimism
IG-000356,nunu.,"Aplikasi sosial terburuk yang pernah saya alami. Akun ditangguhkan, postingan tidak bisa disukai, tidak bisa follow banyak orang untuk mengembalikan akun. Pokoknya the worst, and shouldn't exist","Aplikasi sosial terburuk yang pernah saya alami. Akun ditangguhkan, unggahan konten tidak bisa disukai, tidak bisa follow banyak orang untuk mengembalikan akun. Pokoknya the worst, and shouldn't exist",3,0,1,Anger
IG-000357,thedauw Dauw,"Hari ini 6 :11:2024 akun Instagram saya di tangguhkan dari pihak Instagram ""saya tidak memposting hal hal melanggar peraturan Instagram ""semua postingan saya foto hewan peliharaan dan foto matahari terbenam itu saja tidak ada postingan negatif . Bintang 0","Hari ini 6 :11:2024 akun Instagram saya di tangguhkan dari pihak Instagram ""saya tidak memposting hal hal melanggar peraturan Instagram ""semua unggahan konten saya foto hewan peliharaan dan foto matahari terbenam itu saja tidak ada unggahan konten negatif . Bintang 0",2,0,2,Sadness
IG-000358,Mutiara isfahtun,"ig tolong dong ini gua baru download tapi pas dibuka kembali sendiri ama ada tulisan ""Instagram terus berhenti"" gua udh cb cari tutor dan cobain smua tp gada yg bisa. tolong cara ngembaliin nya gmn. jangan dibaca doang ini keluhan gua","Instagram tolong lah ini saya baru download tapi saat dibuka kembali sendiri ama ada tulisan ""Instagram terus berhenti"" saya sudah cb cari tutor dan cobain smua tetapi gada yang bisa tolong cara ngembaliin nya bagaimana jangan dibaca doang ini keluhan saya",11,0,1,Optimism
IG-000359,Siti Alwaroh,"Instagram sangat bermanfaat untuk saya, tapi sayangnya sejak tadi malam tidak bisa saya buka, bahkan saya sudah laporkan masalah ini namun belum ada respon dari instagram, padahal saya sudah kirim email untuk mendapatkan sandi untuk memulihkan akun tp tidak terkirim juga 🙈","Instagram sangat bermanfaat untuk saya, tapi sayangnya sejak tadi malam tidak bisa saya buka, bahkan saya sudah laporkan masalah ini namun belum ada respon dari instagram, padahal saya sudah kirim email untuk mendapatkan sandi untuk memulihkan akun tetapi tidak terkirim juga",2,0,5,Optimism
IG-000360,Gusty paramita,"tolong dibantu kak perbaiki ig nya.. ko ig saya seperti messenjer,di bagian chat ada akun lain "" ketuk untuk memulai obrolan"" sampe chat lama saya tenggelam kebawah. tolong bantu perbaiki ka, saya sangat kesal. terimakasii","tolong dibantu kak perbaiki Instagram nya. ko Instagram saya seperti messenjer,di bagian chat ada akun lain "" ketuk untuk memulai obrolan"" sampe chat lama saya tenggelam kebawah. tolong bantu perbaiki ka, saya sangat kesal. terimakasii",2,0,3,Anger
IG-000361,Crow,"saya keluar aplikasi sebentar tanpa menghapus riwayat, tapi kenapa saat saya kembali malah merefresh otomatis, saya kehilangan post yang ingin saya komentari dengan sedikit reset, dan itu menyebalkan","saya keluar aplikasi sebentar tanpa menghapus riwayat, tapi kenapa saat saya kembali malah merefresh otomatis, saya kehilangan unggahan yang ingin saya komentari dengan sedikit reset, dan itu menyebalkan",1,0,2,Sadness
IG-000362,Cut Amalia P.S,"Musik di rells kenapa selalu terberhenti terus, sinyalnya sangat stabil. Tolong diperbaiki lagi!!","Musik di rells kenapa selalu terberhenti terus, sinyalnya sangat stabil. Tolong diperbaiki lagi!",0,0,2,Surprise
IG-000363,Aga Prawira,"Tidak ada notifikasi yang muncul ketika seseorang menyebut saya di kolom komentar, tolong perbaiki bug nya, meta kenapa sih gak ig gak Facebook ngebug mulu","Tidak ada notifikasi yang muncul ketika seseorang menyebut saya di kolom komentar, tolong perbaiki gangguan bug sistem nya, meta kenapa gerangan tidak Instagram tidak Facebook ngebug mulu",5,0,1,Surprise
IG-000364,Raylan Fahzam Firdaus,"tolong perbaikan nya tentang reset password, ketika saya masuk ke lupa sandi, masukan nama pengguna saya, kenapa cuma ada tulisan MAAF COBA LAGI? , masalah nya dimana yaa tolong diperbaiki","tolong perbaikan nya tentang reset password, ketika saya masuk ke lupa sandi, masukan nama pengguna saya, kenapa cuma ada tulisan MAAF COBA LAGI? , masalah nya dimana ya tolong diperbaiki",1,0,1,Joy
IG-000365,Diana Dewi,"Makin kesini searchingnya makin ngawur, males bangeeet isi fypnya ga lagi relatable, malah konten2 g penting, ga berbobot, ga relate, ga kenal, capek mem filter satu2 tetep aja keluar orang2 g dikenal... muak bgt","Makin kesini searchingnya makin ngawur, males banget isi fypnya tidak lagi relatable, malah konten2 tidak penting, tidak berbobot, tidak relate, tidak kenal, capek mem filter satu2 tetep aja keluar orang2 tidak dikenal. muak banget",7,0,1,Sadness
IG-000366,Hafdira Gank,"maaf untuk instagram akhir-akhir ini banyak sekali bug, saya mengalami bug tidak bisa kirim DM , tolong untuk pihak meta dan instagram agar di jaga supaya tidak ada bug terus menerus🙏","maaf untuk instagram akhir-akhir ini banyak sekali gangguan bug sistem saya mengalami gangguan bug sistem tidak bisa kirim pesan langsung , tolong untuk pihak meta dan instagram agar di jaga supaya tidak ada gangguan bug sistem terus menerus [EMO_TRUST]",5,1,5,Optimism
IG-000367,Zacky Vaiqazola,"Fitur Live tidak bisa saya gunakan, padahal saya sudah memenuhi semua persyaratan komunitas instagram. Saya juga sudah beri laporan tapi belum ada perubahan hingga kini, tolong pihak Instagram segera menindak lanjuti keluhan saya, terimakasih","Fitur Live tidak bisa saya gunakan, padahal saya sudah memenuhi semua persyaratan komunitas instagram. Saya juga sudah beri laporan tapi belum ada perubahan hingga kini, tolong pihak Instagram segera menindak lanjuti keluhan saya, terimakasih",1,0,3,Anticipation
IG-000368,Anisa Kumalasari,"terlalu banyak fitur yang tidak berguna, arsip story vidio malah ngefreeze mohon di kembalikan seperti semula, padahal tujuan up story biar bisa dilihat ulang kenangan² nya.","terlalu banyak fitur yang tidak berguna, arsip cerita Instagram vidio malah ngefreeze tolong di kembalikan seperti semula, padahal tujuan up cerita Instagram biar bisa dilihat ulang kenangan² nya.",4,0,1,Optimism
IG-000369,dian ramadhina,"menurut saya aplikasi instagram yang paling banyak peminat di banding apk lainnya, IG juga semakin lama semakin banyak fitur terbarunya, tapi please untuk berita bakal hilang nya fitur archive mnurutku sangat tidak bisa diterima semua orang. karena adanya fitur archive mereka(termasuk saya sendiri) bisa melihat kembali kenangan yg ada disana. SOO PLEASE JANGAN DIHILANGIN PLEASE 😥😥🙏🙏 karena nantinya juga bakalan berkurang penggunanya. semoga dipertimbangkan lagi sebelum mengambil keputusan","menurut saya aplikasi instagram yang paling banyak peminat di banding apk lainnya, Instagram juga semakin lama semakin banyak fitur terbarunya, tapi please untuk berita bakal hilang nya fitur archive mnurutku sangat tidak bisa diterima semua orang. karena adanya fitur archive mereka(termasuk saya sendiri) bisa melihat kembali kenangan yang ada disana. SOO PLEASE JANGAN DIHILANGIN PLEASE [EMO_TRUST] [EMO_TRUST] karena nantinya juga bakalan berkurang penggunanya. semoga dipertimbangkan lagi sebelum mengambil keputusan",4,2,5,Optimism
IG-000370,Wanda YogiNoviana,Tolong jangan hapus fitur arsip pada Instagram. Fitur arsip itu penting karena banyak cerita-cerita yang telah dihapus tetapi kisahnya tetap ada di arsip. Bagi saya kami dan seluruh pengguna fitur arsip itu sangat PENTING. Jadi tolong jangan hapus fitur arsipnya!!,Tolong jangan hapus fitur arsip pada Instagram. Fitur arsip itu penting karena banyak cerita-cerita yang telah dihapus tetapi kisahnya tetap ada di arsip. Bagi saya kami dan seluruh pengguna fitur arsip itu sangat PENTING. Jadi tolong jangan hapus fitur arsipnya!,0,0,1,Sadness
IG-000371,Srinah Dewi,ada bug di bagian draf masa saya tadi simpan foto2 di dalam draf belum ada 7 hari udah kehapus kan ga masuk akal tolong dong diperbaiki bug nya kalo aplikasi nya seperti ini orang jadi males mau pake aplikasi ini aku kemarin² make aplikasi ini nggak ada kendala kok sekarang banyak kendalanya yang story ga bisa dilihat padahal baru di upload lah ini yang draf bisa hilang sendiri padahal belum 7hari,ada gangguan bug sistem di bagian draf masa saya tadi simpan foto2 di dalam draf belum ada 7 hari sudah kehapus bukankah tidak masuk akal tolong lah diperbaiki gangguan bug sistem nya kalo aplikasi nya seperti ini orang jadi males mau pakai aplikasi ini aku kemarin² make aplikasi ini tidak ada kendala mengapa sekarang banyak kendalanya yang cerita Instagram tidak bisa dilihat padahal baru di upload lah ini yang draf bisa hilang sendiri padahal belum 7hari,13,0,1,Sadness
IG-000372,cintakairaa 777,"saya tidak bisa fto ketika mau foto cuman hitam aja dan kalo mau posting story gambar nya jadi blur,sudah melaporkan ke pihak Ig malah tidak ada jawaban tolong Ig banyak sekali bug saya bingung mau foto pake efek malah ga bisa tolong diperbaiki bug ini,ini sangat menyusahkan oranggg","saya tidak bisa fto ketika mau foto cuman hitam aja dan kalo mau mengunggah cerita Instagram gambar nya jadi blur,sudah melaporkan ke pihak Instagram malah tidak ada jawaban tolong Instagram banyak sekali gangguan bug sistem saya bingung mau foto pakai efek malah tidak bisa tolong diperbaiki gangguan bug sistem ini,ini sangat menyusahkan orang",10,0,1,Optimism
IG-000373,Putri Maharani,"malah makin tambah jelek nih aplikasi fitur video callnya malah jadi kyk call di wa gitu, gak terbelah dua atas bawah kyk dulu skrg udh jelek amat karena banyak bug terutama pas selesai video call muncul layar putih segede Gaban hampir Menuhin layar HP terus kadang pas vc ada bug layarnya kebelah dua sebelahan jadi gak bisa liat muka full kadang ngebug juga pas vc MUKA DAN BADAN KITANYA JADI KAYAK LEBAR PLIS LAH KALAU UPDATE TUH PERBAIKI MASALAH SEBELUMNYA GAK USAH NAMBAH FITUR FITUR GAK GUNA.",malah makin tambah jelek nih aplikasi fitur video callnya malah jadi seperti call di wa begitu tidak terbelah dua atas bawah seperti dulu sekarang sudah jelek amat karena banyak gangguan bug sistem terutama saat selesai video call muncul layar putih segede Gaban hampir Menuhin layar HP terus kadang saat vc ada gangguan bug sistem layarnya kebelah dua sebelahan jadi tidak bisa melihat muka full kadang ngebug juga saat vc MUKA DAN BADAN KITANYA JADI seperti LEBAR tolong LAH KALAU UPDATE TUH PERBAIKI MASALAH SEBELUMNYA tidak USAH NAMBAH FITUR FITUR tidak GUNA.,18,0,1,Anger
IG-000374,rasya azzahraa,"Kamera di akun saya hitam atau tidak terdeteksi adanya objek yang akan diambil gambarnya entah bug atau apa, sudah berapa kali instal-pasang terus bahkan sampai reset hp karena barang kali eror dari hp saya tapi tetep ga bekerja. Saya sudah melaporkan masalah tetapi tidak ada jawaban, sangat disayangkan aplikasi bagus tapi banyak bug nya.","Kamera di akun saya hitam atau tidak terdeteksi adanya objek yang akan diambil gambarnya entah gangguan bug sistem atau apa, sudah berapa kali instal-pasang terus bahkan sampai reset hp karena barang kali eror dari hp saya tapi tetep tidak bekerja. Saya sudah melaporkan masalah tetapi tidak ada jawaban, sangat disayangkan aplikasi bagus tapi banyak gangguan bug sistem nya.",3,0,1,Trust
IG-000375,Diya Salsabila,"bingung sm ig stiap update sllu fitur barunya cm muncul di second account, sllu di akun utama ga muncul, kirain lama² bakal muncul ternyata gak, ini udh brp bulan update fitur musik di propil cm ada di second account, glrn akun utama smpe skrg ga mncl², kmrn smpt mncl skrg udh hlg lagi, GAJELAS LAH IG","bingung sama Instagram stiap update sllu fitur barunya cm muncul di second account, sllu di akun utama tidak muncul, kirain lama² bakal muncul ternyata tidak ini sudah brp bulan update fitur musik di propil cm ada di second account, glrn akun utama smpe sekarang tidak mncl², kmrn smpt mncl sekarang sudah hlg lagi, GAJELAS LAH Instagram",10,0,1,Sadness
IG-000376,Maulana Malik Al-fajar,"gk bisa masukin sound di profil ig utama, pdhl di akun second bisa, tolong diperbaiki agar lebih memberikan pengalaman yg baik terhadap saya dalam menggunakan aplikasi ini. Terimakasih","tidak bisa masukin sound di profil Instagram utama, pdhl di akun second bisa tolong diperbaiki agar lebih memberikan pengalaman yang baik terhadap saya dalam menggunakan aplikasi ini. Terimakasih",5,0,1,Trust
IG-000377,Kezia Febiola,"Instagram,kalau kata aku mending balik kayak dulu deh. Ini archieve jgn diubah dari video ke foto weii ,kenangan2ku ilang jdinya,padahal fitur archive itu paling membantu bisa jadi backup 😩 please balikin video jadi video gausah jadi foto. Please!!! Kalo udah balik aku kasih bintang 10000 deh!","Instagram,kalau kata aku mending balik seperti dulu sudahlah Ini archieve jangan diubah dari video ke foto weii ,kenangan2ku ilang jdinya,padahal fitur archive itu paling membantu bisa jadi backup please balikin video jadi video gausah jadi foto. Please! Kalo sudah balik aku kasih bintang 10 sudahlah",6,0,1,Trust
IG-000378,Jihan,"Saya merasa sangat terganggu dengan masalah yang terjadi pada akun Instagram pertama saya. Keterlambatan update fitur dan batasan dalam berinteraksi dengan pengguna lain seperti tidak dapat memfollow orang, tidak bisa melihat semua following/followers akun lain secara menyeluruh, kesulitan mencari akun tertentu, dan tidak dapat melihat semua komentar pada postingan sangat menghambat pengalaman saya menggunakan Instagram. Dan tampaknya masalah ini hanya terjadi di akun pertama saya.","Saya merasa sangat terganggu dengan masalah yang terjadi pada akun Instagram pertama saya. Keterlambatan update fitur dan batasan dalam berinteraksi dengan pengguna lain seperti tidak dapat memfollow orang, tidak bisa melihat semua following/followers akun lain secara menyeluruh, kesulitan mencari akun tertentu, dan tidak dapat melihat semua komentar pada unggahan konten sangat menghambat pengalaman saya menggunakan Instagram. Dan tampaknya masalah ini hanya terjadi di akun pertama saya.",2,0,2,Trust
IG-000379,Bima Maddan Amrizal-11,"Tingkatin lagi durasi buat story ig, dan perbaiki pada saat mengupload story ig video, selalu terjadi kesalahan yg tidak jelas seperti (menunggu koneksi, tidk dapat diunggah).","Tingkatin lagi durasi membuat cerita Instagram Instagram dan perbaiki pada saat mengupload cerita Instagram Instagram video, selalu terjadi kesalahan yang tidak jelas seperti (menunggu koneksi, tidk dapat diunggah).",6,0,4,Anticipation
IG-000380,Wika Putri,"Aplikasi ini kenapa sih, akun aku tiba-tiba gak bisa dipake, Tiba-tiba ngilang, padahal disitu ada vidio penting buat masuk OSIS, mana vidionua di galeri udah kehapus lagi, aku minta tolong kembaliin akun aku secepatnya soalnya itu penting banget.","Aplikasi ini kenapa gerangan akun aku tiba-tiba tidak bisa dipake, Tiba-tiba ngilang, padahal disitu ada vidio penting membuat masuk OSIS, mana vidionua di galeri sudah kehapus lagi, aku minta tolong kembaliin akun aku secepatnya soalnya itu penting banget.",5,0,1,Optimism
IG-000381,M Riski,"Sinyal bagus dipake ngegame, browsing, nonton youtube 4k pun lancar.. giliran buka ig, langsung sinyal jadi jelek.. buka story loading terus, buka feed pun sama begitu.. hadeh diupdate malah makin buruk nih aplikasi ig skrng","Sinyal bagus dipake ngegame, browsing, nonton youtube 4k pun lancar. giliran buka Instagram langsung sinyal jadi jelek. buka cerita Instagram proses memuat terus, buka linimasa beranda pun sama begitu. hadeh diupdate malah makin buruk nih aplikasi Instagram skrng",5,0,1,Anger
IG-000382,Alib Rizky Pratama,"bug yang paling ngeselin adalah ketika gw mau upload story berupa video selalu menunggu koneksi, tapi pas gw coba upload story berupa foto langsung ke upload. tolong diperbaiki, gak tau ya kalau emang dari hp gw atau ignya, tolong dicek","gangguan bug sistem yang paling ngeselin adalah ketika saya mau upload cerita Instagram berupa video selalu menunggu koneksi, tapi saat saya coba upload cerita Instagram berupa foto langsung ke upload. tolong diperbaiki, tidak tahu ya kalau memang dari hp saya atau ignya, tolong dicek",10,0,1,Anticipation
IG-000383,A_013_I Gusti Agung Dwi Intan Pratiwi,"semakin lama, semakin gajelas. klo mau ngisi fitur baru yg bermanfaat dikit, lebih bagus perbaiki & isi fitur siapa aja yg udah ga ngikutin kita drpd tbtb ngapus archive-an. terus fungsi isi highlight di profile untuk apa klo archive-an lama dihapus? ngantuk ya?","semakin lama, semakin gajelas. kalau mau ngisi fitur baru yang bermanfaat dikit, lebih bagus perbaiki & isi fitur siapa aja yang sudah tidak ngikutin kita drpd tbtb ngapus archive-an. terus fungsi isi highlight di profile untuk apa kalau archive-an lama dihapus? ngantuk ya?",7,0,1,Trust
IG-000384,chelsea wardhana,"ig ini bagus tapi setiap aku download masuk ke akun mama aku? I don't know why either.tolong buat instagram perbaiki,walau sudah bagus masi ada bug"" yang ga aku perkira.yang aku kira gakan ada bug ternyata ada,aku jiga bingung kok bisa begitu jadi instagram tolong perbaiki, dan walaupun cuman ada bug sedikit usahakan gada bug ya,instagram tetap baguss kok terimakasih.PLEASE FIX THIS BUG, INSTAGRAM","Instagram ini bagus tapi setiap aku download masuk ke akun mama aku? I don't know why either.tolong membuat instagram perbaiki,walau sudah bagus masi ada gangguan bug sistem yang tidak aku perkira.yang aku kira gakan ada gangguan bug sistem ternyata ada,aku jiga bingung mengapa bisa begitu jadi instagram tolong perbaiki, dan walaupun cuman ada gangguan bug sistem sedikit usahakan gada gangguan bug sistem ya,instagram tetap baguss mengapa terimakasih.PLEASE FIX THIS gangguan bug sistem INSTAGRAM",11,0,4,Trust
IG-000385,KOMALA SARI,"Saya dowload instagram dan menggunakannya dengan benar tpi kenapa??? Akun instagram saya harus pemulihan mulu, dan saat saya pencet rekam video untuk pemulihan malah tidak bisa dipencet dan kosong(putih saja) saya binggung","Saya dowload instagram dan menggunakannya dengan benar tetapi kenapa? Akun instagram saya harus pemulihan mulu, dan saat saya pencet rekam video untuk pemulihan malah tidak bisa dipencet dan kosong(putih saja) saya binggung",2,0,3,Optimism
IG-000386,Imelda Qorina,"Instagram sebaiknya tetap mempertahankan fitur Archive Story, karena fitur ini sangat berguna untuk menyimpan kenangan dan momen berharga tanpa harus membagikannya secara permanen di profil. Terimakasih",Instagram sebaiknya tetap mempertahankan fitur Archive cerita Instagram karena fitur ini sangat berguna untuk menyimpan kenangan dan momen berharga tanpa harus membagikannya secara permanen di profil. Terimakasih,1,0,5,Joy
IG-000387,Muhammad Alif Dandy,"diliat dari hp sendiri pake akun utama, video story yg diupload jernih tp pas orang lain yg liat resolusinya pecah dan burem, berlaku juga buat 2nd akun di hp yang sama, ngeliat story akun utama hasilnya pecah², padahal videonya 1080p dan beberapa mb aja ukurannya 🤨","diliat dari hp sendiri pakai akun utama, video cerita Instagram yang diupload jernih tetapi saat orang lain yang melihat resolusinya pecah dan burem, berlaku juga membuat 2nd akun di hp yang sama, ngeliat cerita Instagram akun utama hasilnya pecah², padahal videonya 1080p dan beberapa mb aja ukurannya",9,0,1,Sadness
IG-000388,Erika Aprianti,"tolong ya kpd pihak instagram utk tidak menghilangkan fitur arsip sorotan di ig karna arsi itu sgt menguntungkan bagi kami,utk kak menyimpan kenangan’ bersama keluarga dan teman teman,satu lagi,tolong tingkatkan kualitas video di status ig nya,setiap kali saya post video pasti selalu nge blur 🙏🏻","tolong ya kepada pihak instagram untuk tidak menghilangkan fitur arsip sorotan di Instagram karena arsi itu sgt menguntungkan bagi kami,utk kak menyimpan kenangan’ bersama keluarga dan teman teman,satu lagi,tolong tingkatkan kualitas video di status Instagram nya,setiap kali saya unggahan video pasti selalu nge blur [EMO_TRUST]",6,1,1,Sadness
IG-000389,Muh. Dzul Fakhri walikram,Tolong pihak Instagram di benahi lagi kalau posting video/foto tolong kalau bisa kualitasnya jangan di kompres. Foto dan video HD ketika di upload jadinya buram,Tolong pihak Instagram di benahi lagi kalau mengunggah video/foto tolong kalau bisa kualitasnya jangan di kompres. Foto dan video HD ketika di upload jadinya buram,2,0,3,Trust
IG-000390,Nikky Bie,"Akun ditangguhkan lagi padahal bulan kemarin udah ditangguhkan juga tapi berhasil banding dan ke buka lagi , sekarang dapat notifnya karena masalah integritas akun. Tiap ditangguhkan karena masalah integritas akun terus, ini sebenarnya kenapa sih?","Akun ditangguhkan lagi padahal bulan kemarin sudah ditangguhkan juga tapi berhasil banding dan ke buka lagi , sekarang dapat notifnya karena masalah integritas akun. Tiap ditangguhkan karena masalah integritas akun terus, ini sebenarnya kenapa gerangan",2,0,1,Surprise
IG-000391,Deva Mahendra,"gatau kenapa ig storyku ga update di timeline mutual aku, tapi pas disearch baru ada. why? ini kenapa cuy, mana viewersnya jadi dikit banget, update aplikasi lancar tapi malah seperti ini. tolong lah diperbaiki secepatnya plis.","gatau kenapa Instagram storyku tidak update di timeline mutual aku, tapi saat disearch baru ada. why? ini kenapa cuy, mana viewersnya jadi dikit banget, update aplikasi lancar tapi malah seperti ini. tolong lah diperbaiki secepatnya tolong",4,0,1,Surprise
IG-000392,Nabila Alyasyifa,"instagram sungguh membuat saya merasa tidak nyaman, saya kasih nilai -11 dari 100, samping story yang kita follow harusnya jangan ada pengikut yang disarankan, sudah susah susah saya setting biar tidak ada pengikut yang disarankan, ini malah ada, ujung ujungnya kepencet, terus orangnya bingung kita siapa, jadi salah paham padahal saya tidak berniat mengikuti, saya sungguh malas dengan fitur instagram yang satu ini. saya mohon untuk menghilangkan pengikut yang disarankan di samping story.","instagram sungguh membuat saya merasa tidak nyaman, saya kasih nilai -11 dari 100, samping cerita Instagram yang kita follow harusnya jangan ada pengikut yang disarankan, sudah susah susah saya setting biar tidak ada pengikut yang disarankan, ini malah ada, ujung ujungnya kepencet, terus orangnya bingung kita siapa, jadi salah paham padahal saya tidak berniat mengikuti, saya sungguh malas dengan fitur instagram yang satu ini. saya tolong untuk menghilangkan pengikut yang disarankan di samping cerita Instagram",6,0,1,Sadness
IG-000393,Santi Difinubun,"Saya kasih bintang lima, tetapi jangan menghapus fitur arsip pada aplikasi ini. Fitur ini sangat bermanfaat bagi kami yang ingin menyimpan kenangan dan bisa di lihat kembali kapan pun. Banyak kenangan yang sudah kami bagikan dan simpan pada arsip dan tidak ingin di hilangkan, maka dari itu tolong jangan di hapus fitur tersebut🥺🙏🏻","Saya kasih bintang lima, tetapi jangan menghapus fitur arsip pada aplikasi ini. Fitur ini sangat bermanfaat bagi kami yang ingin menyimpan kenangan dan bisa di lihat kembali kapan pun. Banyak kenangan yang sudah kami bagikan dan simpan pada arsip dan tidak ingin di hilangkan, maka dari itu tolong jangan di hapus fitur tersebut [EMO_SADNESS] [EMO_TRUST]",1,2,5,Optimism
IG-000394,32_VANIA KHANSADILA. A.R,"gajelas bgt, tiba"" hari ini g bisa di buka, udah bolak balik hapus install ttp eror, bisa ke buka sekali aja habis install itu, terus pas keluar apk mau masuk lagi malah item doang , gajelas tiba"" bgt !!!","gajelas banget tiba"" hari ini tidak bisa di buka, sudah bolak balik hapus install tetap eror, bisa ke buka sekali aja habis install itu, terus saat keluar apk mau masuk lagi malah item doang , gajelas tiba"" banget !",8,0,1,Optimism
IG-000395,Nurhasanah nuy,"ini kenapa ya Instagram, tadi pagi habis di update, sekarang malah ga bisa di buka samsek?? ke log out sendiri masaa, padahal nungguin tiba tiba keluar tiba tiba keluar, terus ga ada pemberitahuan Ig yang masuk satupun, kenapa yaa tolong dongg, habis di update bukan nya ga bermasalah ini malah bermasalah kaya gini, ayoo dong pihak Instagram gimana ini, baru di update lhoo Instagram saya, masa tiba tiba ga bisa di buka, ga ada pemberitahuan pula, kaya pemberitahuan DM atau apapun itu samsek ga ad","ini kenapa ya Instagram, tadi pagi habis di update, sekarang malah tidak bisa di buka samsek? ke log out sendiri masaa, padahal nungguin tiba tiba keluar tiba tiba keluar, terus tidak ada pemberitahuan Instagram yang masuk satupun, kenapa ya tolong dongg, habis di update bukan nya tidak bermasalah ini malah bermasalah kaya begini ayoo lah pihak Instagram gimana ini, baru di update lhoo Instagram saya, masa tiba tiba tidak bisa di buka, tidak ada pemberitahuan pula, kaya pemberitahuan pesan langsung atau apapun itu samsek tidak ad",13,0,5,Optimism
IG-000396,Kak saribi,"Audio tidak tersedia kenapa yaa, padahal udah cape² posting dan ketika sudah diposting audionya masih ada tpi lama kelamaan kok audionya menghilang yaa(audio tidak tersedia) TOLONG SOLUSINYA DAN DIPERBAIKI",Audio tidak tersedia kenapa ya padahal sudah cape² mengunggah dan ketika sudah diposting audionya masih ada tetapi lama kelamaan mengapa audionya menghilang yaa(audio tidak tersedia) TOLONG SOLUSINYA DAN DIPERBAIKI,5,0,1,Surprise
IG-000397,Stephen Sebastian,"sebenarnya aplikasi ini bagus sih, tapi masa selama beberapa hari saya coba mau up story ngga bisa. malah muncul tulisan(kesalahan). kek, tolonglah diperbaiki",sebenarnya aplikasi ini bagus gerangan tapi masa selama beberapa hari saya coba mau up cerita Instagram tidak bisa malah muncul tulisan(kesalahan). seperti tolonglah diperbaiki,5,0,2,Anger
IG-000398,Siti Hamdanah,"Dulu ada fitur musik di profile, sekarang fiturnya gaada, tapi liat dari akun temen di profile ku masih ada musik nya, terus juga kalau mau masuk akun terus lupa sandi, pas mau masukin usn/email malah error mulu, padahal ga kenapa-napa, tolong dong ig, bikin emosi lama-lama","Dulu ada fitur musik di profile, sekarang fiturnya gaada, tapi melihat dari akun temen di profile ku masih ada musik nya, terus juga kalau mau masuk akun terus lupa sandi, saat mau masukin usn/email malah kesalahan sistem mulu, padahal tidak kenapa-napa, tolong lah Instagram membuat emosi lama-lama",7,0,1,Anger
IG-000399,Nadia Afrilia,"Heh Instagram lu ya kenapa ketika gw nyari audio nya Karina yg up kok gaada sih sedangkan lagu solo nya member lain muncul yg ga muncul cuma si Karina doang😭 Plis lah ini di dua Ig gw sendiri loh kok gaada sih, dari awal gw dah nunggu lagu nya si Karina keluar eh si Instagram malah bikin kesel, di gw gaada tapi orang lain nyari kok ada, lu ada masalah apa sm gw Instagram?? Plis perbaiki klo bug bug macam apa ini?","Heh Instagram kamu ya kenapa ketika saya nyari audio nya Karina yang up mengapa gaada gerangan sedangkan lagu solo nya member lain muncul yang tidak muncul cuma si Karina doang [EMO_SADNESS] tolong lah ini di dua Instagram saya sendiri loh mengapa gaada gerangan dari awal saya dah nunggu lagu nya si Karina keluar eh si Instagram malah membuat kesel, di saya gaada tapi orang lain nyari mengapa ada, kamu ada masalah apa sama saya Instagram? tolong perbaiki kalau gangguan bug sistem gangguan bug sistem macam apa ini?",23,1,1,Surprise
IG-000400,Maria Merlin Berliani,"Bisa diem gak sih? Instagram sekarang udah paling bagus menurutku, kamarin2 bikin fitur flipside yang useless, sekarang fitur arsip ig yang justru penting malah dihapus. Kenapa nggak bikin fitur posting ulang aja? Aku kasi bintang 1 krn gak ada bintang 0👎","bisa diem tidak gerangan Instagram sekarang sudah paling bagus menurutku, kamarin2 membuat fitur flipside yang useless, sekarang fitur arsip Instagram yang justru penting malah dihapus. Kenapa tidak membuat fitur mengunggah ulang aja? Aku kasi bintang 1 karena tidak ada bintang 0",11,0,1,Trust
IG-000401,Nora Riskina,Saya rajin update IG supaya bisa mengikuti perkembangan fitur terbaru. Tapi baru-baru ini kok suka nge Bug gak jelas. Nge lag gak jelas. Gak bisa liat story dan postingan orang2 padahal jaringan internet lancar2 aja. Sudah uninstall dan install ulang berkali-kali tetap sama aja. Instagram ada masalah apa ya? Bikin kesel dan malas buka ig jadinya😩👎🏻,Saya rajin update Instagram supaya bisa mengikuti perkembangan fitur terbaru. Tapi baru-baru ini mengapa suka nge gangguan bug sistem tidak jelas. Nge lambat tidak jelas. tidak bisa melihat cerita Instagram dan unggahan konten orang2 padahal jaringan internet lancar2 aja. Sudah uninstall dan install ulang berkali-kali tetap sama aja. Instagram ada masalah apa ya? membuat kesel dan malas buka Instagram jadinya,14,0,1,Joy
IG-000402,heidy putri,Hey Instagram atau meta atau apalah. Kenapa akunku di tangguhkan? Ga pernah komen tiba2 di tangguhkan. Sudah ajukan banding tapi kodenya ga pernah di kirim ke email atau WhatsApp. Dan tiba-tiba akunku hilang permanen. Apa maksudnya?,Hey Instagram atau meta atau apalah. Kenapa akunku di tangguhkan? tidak pernah komen tiba2 di tangguhkan. Sudah ajukan banding tapi kodenya tidak pernah di kirim ke email atau WhatsApp. Dan tiba-tiba akunku hilang permanen. Apa maksudnya?,2,0,1,Sadness
IG-000403,Nadya P,"Tiap mau posting foto gak bisa, tidak dapat menyimpan gambar mulu, saya sudah laporkan masalah dan mengirim buktinya, tetapi tidak ada tindakan/perbaikan apa-apa. Mending kalian uninstal aja, buat yang belum download sebaiknya jangan download, takutnya ntar malah nyesel!!","Tiap mau mengunggah foto tidak bisa tidak dapat menyimpan gambar mulu, saya sudah laporkan masalah dan mengirim buktinya, tetapi tidak ada tindakan/perbaikan apa-apa. Mending kalian uninstal aja, membuat yang belum download sebaiknya jangan download, takutnya ntar malah nyesel!",4,0,1,Optimism
IG-000404,Muhammad Dody Riono,"Aplikasinya Ok. Kalo bisa bila mau beriklannya, lebih banyak dan luas lagi jangkauan . Kalo perlu tak terbatas","Aplikasinya Ok. Kalo bisa bila mau beriklannya, lebih banyak dan luas lagi jangkauan . Kalo perlu tidak terbatas",2,0,5,Optimism
IG-000405,Vierlya,"Lumayan bagus, namun tetap ditingkatkan kembali. Apalagi jangan sampai menghilangkan fitur highlight atau apapun itu. Tolong diperbaiki lagi, beberapa video saya hilang lagunya","Lumayan bagus, namun tetap ditingkatkan kembali. Apalagi jangan sampai menghilangkan fitur highlight atau apapun itu. Tolong diperbaiki lagi, beberapa video saya hilang lagunya",0,0,3,Trust
IG-000406,Muhammad Qadlizaka,"Ini sistem lagi kenapa , tiap buka instagram notifikasi saya banyak tapi waktu di buka ngk ada dan reels yang saya kirim juga terhapus , tolong di perbaiki secepatnya !!!","Ini sistem lagi kenapa , tiap buka instagram notifikasi saya banyak tapi waktu di buka ngk ada dan video reels yang saya kirim juga terhapus , tolong di perbaiki secepatnya !",1,0,1,Surprise
IG-000407,Diezaa,"Ah elah, balikin instagram yg dulu, ribet banget tau gk!! Minta bantuan gk membantu asli, pdhl mau login malah ngirim otp ke nomor lama, sedian kek kirim ke email bisa, mana sekarang nge lag mulu tau gak!!!😡😡","Ah elah, balikin instagram yang dulu, ribet banget tahu tidak Minta bantuan tidak membantu asli, pdhl mau login malah ngirim otp ke nomor lama, sedian seperti kirim ke email bisa mana sekarang nge lambat mulu tahu tidak [EMO_ANGER] [EMO_ANGER]",9,2,1,Trust
IG-000408,syaikha Aqilah,"Ni apk bagus-bagus aja sii, cuma kenapa kalau bikin igs pake lagu pas di post malah lagu nya kepotong??! Jadi lebih pendek gituuu, padahal udah 15 detikkk tapi hasilnya malah kyk 5 detik 🥲 update 2024, FITUR ARSIP JANGAN DIILANGIN LAH WOOUII","Ni apk bagus-bagus aja sii, cuma kenapa kalau membuat igs pakai lagu saat di unggahan malah lagu nya kepotong! Jadi lebih pendek begitu padahal sudah 15 detik tapi hasilnya malah seperti 5 detik update 2024, FITUR ARSIP JANGAN DIILANGIN LAH WOOUII",7,0,4,Trust
IG-000409,Faizal umar,"tolong diperbaiki lagi deh, ig makin kesini makin bututt bjir mana kebanyakan ngebug lagi. padal koneksi uda stabil dan parahnya profil lagu tb' gabisa dihapus gegara fiturnya uda ilang tpi di akun org lain tetep ada dan gabisa dihapus sama sekali !! tolong diperbaiki yaa",tolong diperbaiki lagi sudahlah Instagram makin kesini makin bututt bjir mana kebanyakan ngebug lagi. padal koneksi sudah stabil dan parahnya profil lagu tb' gabisa dihapus gegara fiturnya sudah ilang tetapi di akun org lain tetep ada dan gabisa dihapus sama sekali ! tolong diperbaiki ya,6,0,1,Optimism
IG-000410,Hijra A.S,"Mohon bantuannya min, istri saya tidak bisa login akunnya namun data beserta informasi sudah benar, setalah input code selalu diarahkan ke no hp dan email yang beda, akun sudah terkunci, sudah dicoba solusi2nya yang ada di ig tetap tidak bisa, mohon solusinya, untuk saran lebih diperbagus terkait terkunci nya akun","tolong bantuannya min, istri saya tidak bisa login akunnya namun data beserta informasi sudah benar, setalah input code selalu diarahkan ke no hp dan email yang beda, akun sudah terkunci, sudah dicoba solusi2nya yang ada di Instagram tetap tidak bisa tolong solusinya, untuk saran lebih diperbagus terkait terkunci nya akun",5,0,3,Trust
IG-000411,Feyrhen Feyrhen leozhie,"sejauh ini bagus banget aplikasi nya tapi tolong ya untuk font"" terbarunya itu bisa di semua akun mau akun pertama ataupun akun kedua sama fitur"" yang baru di update jg nih bisain dong ke akun yang lain ga harus akun pertama biar para pengguna nyaman untuk sementara ini aku kasih bintang 5 dulu tapi untuk developer nya tolong diperbaiki ya jangan keseringan iklan & bug juga itu bahkan bikin para pengguna jadi ngga nyaman, sama satu lagi untuk fitur"" iPhone nya bisa dong dipindahin ke android jg","sejauh ini bagus banget aplikasi nya tapi tolong ya untuk font"" terbarunya itu bisa di semua akun mau akun pertama ataupun akun kedua sama fitur"" yang baru di update juga nih bisain lah ke akun yang lain tidak harus akun pertama biar para pengguna nyaman untuk sementara ini aku kasih bintang 5 dulu tapi untuk developer nya tolong diperbaiki ya jangan keseringan iklan & gangguan bug sistem juga itu bahkan membuat para pengguna jadi tidak nyaman, sama satu lagi untuk fitur"" iPhone nya bisa lah dipindahin ke android juga",10,0,5,Trust
IG-000412,Haikal Usman,"sedih bngt soalnya akun instagram yang second acc nggak bisa login udah 2 minggu lebih padahal saya udah masukin password yang benar tetapi selalu muncul tulisan ""terjadi kesalahan tak terduga mohon login kembali"" selalu gitu terus saya kesal,tolong lah pihak instagram fix kan lah masalah saya ini,saya sudah cari"" solusi malah ngga ke fix"",sudah segala cara saya coba tetap muncul tulisan seperti itu","sedih banget soalnya akun instagram yang second acc tidak bisa login sudah 2 minggu lebih padahal saya sudah masukin password yang benar tetapi selalu muncul tulisan ""terjadi kesalahan tidak terduga tolong login kembali"" selalu begitu terus saya kesal,tolong lah pihak instagram fix bukankah lah masalah saya ini,saya sudah cari"" solusi malah tidak ke fix"",sudah segala cara saya coba tetap muncul tulisan seperti itu",10,0,1,Sadness
IG-000413,Laila Karima,Instagram mulai menghapus arsip beberapa story video IG dan mengubahnya menjadi foto. saya jadi berfikir untuk pindah platform jika Instagram tidak punya solusi nya.,Instagram mulai menghapus arsip beberapa cerita Instagram video Instagram dan mengubahnya menjadi foto. saya jadi berfikir untuk pindah platform jika Instagram tidak memiliki solusi nya.,3,0,3,Trust
IG-000414,dwi amelia,"Tolong pihak Instagram saya memohon agar developer tidak menghapus fitur archive di Instagram karena banyak yang menentangnya, banyak yang sengaja upload story agar bisa disimpan di archive, jika di hapus fitur ini, banyak yang akan uninstall aplikasi ini. Mohon pengertiannya sekali lagi 🙏🏻🙏🏻","Tolong pihak Instagram saya memohon agar developer tidak menghapus fitur archive di Instagram karena banyak yang menentangnya, banyak yang sengaja upload cerita Instagram agar bisa disimpan di archive, jika di hapus fitur ini, banyak yang akan uninstall aplikasi ini. tolong pengertiannya sekali lagi [EMO_TRUST] [EMO_TRUST]",3,2,3,Optimism
IG-000415,muhamad wais,tolong perbaiki lag saat melihat reel atau postingan. padahak sinyal bagus tapi sering stuk loading atau tiba tiba jeda kayak ga ada sinyal,tolong perbaiki lambat saat melihat reel atau unggahan konten padahak sinyal bagus tapi sering stuk proses memuat atau tiba tiba jeda seperti tidak ada sinyal,5,0,3,Trust
IG-000416,Aku dan Diriku,"Minimal kalo gak di sedia in fitur buat ngecek siapa aja yg nge unfol atau gk ge unfol kita di perbolehkan pake apk tambahan lah, ini gk ada fitur nya tapi gk di bolehin pake apk tambahan ya ngerepotin pengguna lah. Tolong tambahin fitur nya jangan cuman buat kebijakan penggunaan doang!!","Minimal kalo tidak di sedia in fitur membuat ngecek siapa aja yang nge unfol atau tidak ge unfol kita di perbolehkan pakai apk tambahan lah, ini tidak ada fitur nya tapi tidak di bolehin pakai apk tambahan ya ngerepotin pengguna lah. Tolong tambahin fitur nya jangan cuman membuat kebijakan penggunaan doang!",10,0,1,Sadness
IG-000417,Satrio Pandutomo,"Sudah sangat bagus akan tetapi terkadang aplikasi suka eror tidak bisa dibuka sekalinya terbuka kadang keluar dari aplikasi dengan sendirinya, perlu ada peningkatan dari aplikasi instagram ini. Selain itu, kadang suka hapus komentar seenaknya saja padahal tdk menyalahi aturan baik pornografi, caci maki/hinaan, dll hanya karena kebanyakan tag teman buat mengikuti suatu akun kan aneh banget ini.","Sudah sangat bagus akan tetapi terkadang aplikasi suka eror tidak bisa dibuka sekalinya terbuka kadang keluar dari aplikasi dengan sendirinya, perlu ada peningkatan dari aplikasi instagram ini. Selain itu, kadang suka hapus komentar seenaknya saja padahal tidak menyalahi aturan baik pornografi, caci maki/hinaan, dll hanya karena kebanyakan tag teman membuat mengikuti suatu akun bukankah aneh banget ini.",4,0,5,Joy
IG-000418,Tempe anakherex,"Kenapa kalo mau ubah sandi udah di link Gmail tapi loading nya lama bgt di tunggu udah mau 2 jam masih tetep loading dan gak cuman aku yang merasakan hal ini orang orang lain juga,tolong pihak Instagram tolong masalah ini di perbaiki secepat mungkin🙏🏻🙏🏻","Kenapa kalo mau ubah sandi sudah di link Gmail tapi proses memuat nya lama banget di tunggu sudah mau 2 jam masih tetep proses memuat dan tidak cuman aku yang merasakan hal ini orang orang lain juga,tolong pihak Instagram tolong masalah ini di perbaiki secepat mungkin [EMO_TRUST] [EMO_TRUST]",6,2,1,Surprise
IG-000419,Purnama Ningsih,Apknya sangat bagus!! Tapi saya hanya berpesan ini saja. Tolong dongg banyak orang tertipu karna penjualan di ig. Tolong lebih relafan lagi jika akun tersebut beneran berjualan atau penipuan.! Kasian yang jualan lewat ig jadinya ga laku karna banyak yang menipu lewat akun ig.,Apknya sangat bagus! Tapi saya hanya berpesan ini saja. Tolong dongg banyak orang tertipu karena penjualan di Instagram Tolong lebih relafan lagi jika akun tersebut benar-benar berjualan atau penipuan! Kasian yang jualan lewat Instagram jadinya tidak laku karena banyak yang menipu lewat akun Instagram,7,0,3,Trust
IG-000420,Pengguna Google,"IG. Kenapa ga tiba2 Log out ? Dan kenapa Log in harus Autentifikasi? Sudah coba pake Google Autentificator, masih saja ga bisa2 kodenya Apa ada postingan saya yg Melanggar Ketentuan? Melanggar Standar Komunitas? Mohon pencerahannya dan bantuannya. Terima kasih","Instagram Kenapa tidak tiba2 Log out ? Dan kenapa Log in harus Autentifikasi? Sudah coba pakai Google Autentificator, masih saja tidak bisa2 kodenya Apa ada unggahan konten saya yang Melanggar Ketentuan? Melanggar Standar Komunitas? tolong pencerahannya dan bantuannya. Terima kasih",7,0,2,Trust
IG-000421,Zahra,"Instagram makin lama makin gila dan bodoh. Aplikasi SAMPAH ! jelek. Lebih oke yang tahun 2022 ga ada batasan. Sekarang baru komen sekali aja udah di hapus komennya. Gila bener.. Balikin dong IG versi lama. Gak untung, yg bikin aplikasi jd makin kaya","Instagram makin lama makin gila dan bodoh. Aplikasi SAMPAH ! jelek. Lebih oke yang tahun 2022 tidak ada batasan. Sekarang baru komen sekali aja sudah di hapus komennya. Gila benar Balikin lah Instagram versi lama. tidak untung, yang membuat aplikasi jd makin kaya",8,0,1,Anger
IG-000422,Peter Parker,"Instagram sekarang jelek, mau komen apa bnyak kesalahan, apa apa terlalu dibatasi, apa apa di hapus, apa apa diblokir, terlalu banyak batasan bikin emosi, komen gini bisa jadi masukan tdk??? Developer anjiiingg!!! Unistall ig!!!","Instagram sekarang jelek, mau komen apa bnyak kesalahan, apa apa terlalu dibatasi, apa apa di hapus, apa apa diblokir, terlalu banyak batasan membuat emosi, komen begini bisa jadi masukan tidak Developer anjingg! Unistall Instagram",5,0,1,Anger
IG-000423,Muamar Sanbaihaqi,"Tolong pulihkan akun instagram saya seperti semua, saya sudah melakukan banding selalu ditolak, saya tidak melakukan konten yg dilarang. Cuma karena postingan saya arsip lalu akun saya di suspend. Makin kesini instagram makin bermasalah dalam sistem tolong perbaiki sistem dan pulihkan akun saya kembali","Tolong pulihkan akun instagram saya seperti semua, saya sudah melakukan banding selalu ditolak, saya tidak melakukan konten yang dilarang. Cuma karena unggahan konten saya arsip lalu akun saya di suspend. Makin kesini instagram makin bermasalah dalam sistem tolong perbaiki sistem dan pulihkan akun saya kembali",2,0,1,Sadness
IG-000424,Panda Gaming,"Kalo ada iklan di instagram jangan ada unsur 18+ nya nanti kalo umur di bawah 18 tahun pake instagram dan lihat kan jadi gak bagus tolong di ilangin iklannya bukan instagramnya tiap minggu atau tiap hari itu jangan update terus apk indtagramnya,mohon agar di perbaiki lagi aplikasinya","Kalo ada iklan di instagram jangan ada unsur 18+ nya nanti kalo umur di bawah 18 tahun pakai instagram dan lihat bukankah jadi tidak bagus tolong di ilangin iklannya bukan instagramnya tiap minggu atau tiap hari itu jangan update terus apk indtagramnya,mohon agar di perbaiki lagi aplikasinya",3,0,5,Trust
IG-000425,Ju Eria,Untuk pihak Instagram kenapa akun saya tiba tiba kena banding ya padahal saya ga pernah nge pos2 yang gak gak komen yang gak gak juga engga saya cuman buat scrol scrol reel doang kok. Bisa kaya gini sih tolong ya. Untuk pihak Instagram,Untuk pihak Instagram kenapa akun saya tiba tiba kena banding ya padahal saya tidak pernah nge pos2 yang tidak tidak komen yang tidak tidak juga tidak saya cuman membuat scrol scrol reel doang mengapa bisa kaya begini gerangan tolong ya. Untuk pihak Instagram,11,0,1,Surprise
IG-000426,Anggara,"Gimana sih ini apk nya malah kek gini apaan dah heran gua mau bikin story aja ga bisa"" padahal udah di-update juga lohh jaringan juga lancar... emang sebagus apa sih jaringan biar bisa upload?? ##(kalo orang nanya tuh jawab jangan dibaca doang)",Gimana gerangan ini apk nya malah seperti begini apa dah heran saya mau membuat cerita Instagram aja tidak bisa padahal sudah di-update juga lohh jaringan juga lancar. memang sebagus apa gerangan jaringan biar bisa upload? ##(kalo orang nanya tuh jawab jangan dibaca doang),13,0,1,Trust
IG-000427,Shofie aulia,"Sumpah yaaa udah berapa kalii ig pertama ku tiba2 keluar sendiri,, tolong dong di tingkatkan lagi kualitas nya, jangan seperti ini terus, mending kalau di verifikasi langsung masuk ke akun nya,, inii pake bug segala lagii..","Sumpah ya sudah berapa kalii Instagram pertama ku tiba2 keluar sendiri, tolong lah di tingkatkan lagi kualitas nya, jangan seperti ini terus, mending kalau di verifikasi langsung masuk ke akun nya, inii pakai gangguan bug sistem segala lagii.",5,0,1,Trust
IG-000428,Ayesha Aura,"Woi mana ni , kok puny aku gk ad fitur komentar ny katany ad fitur baru kok gk ad, padahal jga udh berkali kali lho diupdate , padahal aku rajin lho update ny tpi kok masih belum ad jga fitur baru komentar ny , gimana ni tolong lh kerjasamany .","Woi mana ni , mengapa puny aku tidak ad fitur komentar ny katany ad fitur baru mengapa tidak ad, padahal juga sudah berkali kali lho diupdate , padahal aku rajin lho update ny tetapi mengapa masih belum ad juga fitur baru komentar ny , gimana ni tolong lh kerjasamany .",9,0,2,Trust
IG-000429,Lukizac channel,"Untuk Instagram, coba pitur VC nya seperti di Whatsapp salah satu video bisa dikecilkan, jangan atas bawah ataupun kiri kanan, ini membuat sangat tidak nyaman","Untuk Instagram, coba pitur VC nya seperti di Whatsapp salah satu video bisa dikecilkan, jangan atas bawah ataupun kiri kanan, ini membuat sangat tidak nyaman",1,0,2,Trust
IG-000430,acong ok,"Untuk instastory kenapa postingan utama tidak bisa di move paling atas, terdapat notifikasi stiker interaktif tidak bisa ditutupi. Ini sangat mengganggu penggunaan instastory creative. Mohon perbaiki lagi, seperti semula.","Untuk instastory kenapa unggahan konten utama tidak bisa di move paling atas, terdapat notifikasi stiker interaktif tidak bisa ditutupi. Ini sangat mengganggu penggunaan instastory creative. tolong perbaiki lagi, seperti semula.",4,0,1,Optimism
IG-000431,Sylfi Rahayu,"tolong pihak Instagram,kenapa akun saya tiba""harus aju banding padahal saya tidak pernah melakukan pelanggaran apapun yg kalian buat. suka bug ga jelas,fitur yg kadang ad di Ig pertama kadang gaada di Ig kedua,tolong di perbaiki lagi ya,terimakasih","tolong pihak Instagram,kenapa akun saya tiba""harus aju banding padahal saya tidak pernah melakukan pelanggaran apapun yang kalian membuat suka gangguan bug sistem tidak jelas,fitur yang kadang ad di Instagram pertama kadang gaada di Instagram kedua,tolong di perbaiki lagi ya,terimakasih",7,0,1,Joy
IG-000432,Ahmal Bagus,"akun @ahmall_ barusan di retas, sudah saya usaha untuk mengembalikan, dan mengganti kata sandi. tapi setelah itu tidak bisa login, malah terjadi bug dan keluar dari aplikasi, saya sudah mencoba mencari informasi pelaporan bug, tapi tidak menemukan hasil, tolong bantuannya admin","akun barusan di retas, sudah saya usaha untuk mengembalikan, dan mengganti kata sandi. tapi setelah itu tidak bisa login, malah terjadi gangguan bug sistem dan keluar dari aplikasi, saya sudah mencoba mencari informasi pelaporan gangguan bug sistem tapi tidak menemukan hasil, tolong bantuannya admin",3,0,3,Optimism
IG-000433,Britney Alexandra,"Duuhhh ig lagi bermasalah kah?? Mohon segera di betulkan lagi ya... Kenapa pada saat saya ingin memposting cerita orang lain malah muncul kata 'Kesalahan' maksudnya gimana? Pdhl wifi lancar lancar aja tuh, memori juga udah saya hapuskan.. Tolong dong segera diperbaiki yah saya jadi tidak leluasa untuk memposting beberapa foto, video, atau cerita orang lain. Terimakasih 🙏🏻🙏🏻","Duuh Instagram lagi bermasalah kah? tolong segera di betulkan lagi ya. Kenapa pada saat saya ingin memposting cerita orang lain malah muncul kata 'Kesalahan' maksudnya gimana? Pdhl wifi lancar lancar aja tuh, memori juga sudah saya hapuskan. Tolong lah segera diperbaiki yah saya jadi tidak leluasa untuk memposting beberapa foto, video, atau cerita orang lain. Terimakasih [EMO_TRUST] [EMO_TRUST]",4,2,4,Anticipation
IG-000434,Dinda Mp,Kenapa ya setiap Saya ingin mengupdate atau mengupload Story Instagram baik foto ataupun video bakalan sabun atau buram padahal aslinya dari video ataupun foto tersebut hasilnya HD atau jernih terlihat jelas mohon di perbaiki ya terima kasih,Kenapa ya setiap Saya ingin mengupdate atau mengupload cerita Instagram Instagram baik foto ataupun video bakalan sabun atau buram padahal aslinya dari video ataupun foto tersebut hasilnya HD atau jernih terlihat jelas tolong di perbaiki ya terima kasih,2,0,1,Trust
IG-000435,Kurnia aiz,"AKUN INSTAGRAM dengan password yang BENAR, kenapa tidak bisa Log in di satu unit gadget, kondisi sudah upgrade aplikasi. PADAHAL, log in di website laptop bisa, di HP yang lain pun bisa. Mohon solusinya. Terima kasih.","AKUN INSTAGRAM dengan password yang BENAR, kenapa tidak bisa Log in di satu unit gadget, kondisi sudah upgrade aplikasi. PADAHAL, log in di website laptop bisa di HP yang lain pun bisa tolong solusinya. Terima kasih.",4,0,1,Trust
IG-000436,Hazell,"semua fitur hilang di akun saya, music di profile font story juga hilang, style music di story juga hilang, kenapa bisa gini? sementara di akun teman' saya semua fitu sangat lengkap, mohon bantuannya ya 🙂🙏","semua fitur hilang di akun saya, music di profile font cerita Instagram juga hilang, style music di cerita Instagram juga hilang, kenapa bisa begini sementara di akun teman' saya semua fitu sangat lengkap, tolong bantuannya ya [EMO_TRUST]",5,1,1,Sadness
IG-000437,Zahra Fatim,"Instagram sekarang kenapa ya kalo mau nge post story ig terus niatnya mau bikin highlight malah nge blur klo dilihat pake akun lainnya,tapi kalo pake akun sendiri engga,mohon diperbaiki.Saya jadi males buat upload cerita ig karna ngeblur, terimakasih.","Instagram sekarang kenapa ya kalo mau nge unggahan cerita Instagram Instagram terus niatnya mau membuat highlight malah nge blur kalau dilihat pakai akun lainnya,tapi kalo pakai akun sendiri engga,mohon diperbaiki.Saya jadi males membuat upload cerita Instagram karena ngeblur, terimakasih.",10,0,3,Surprise
IG-000438,Dania Rachel Sihombing,kenapa musik yg di profil tiba' hilang? padahal susah ditambahkan. mau ganti musik jadi tidak bisa gara' pilihan musiknya hilang.,kenapa musik yang di profil tiba' hilang? padahal susah ditambahkan. mau ganti musik jadi tidak bisa gara' pilihan musiknya hilang.,2,0,2,Sadness
IG-000439,Sri Maharani,Tolong dong pertimbangan penghapusan arsip story. Pengguna mau selametin gimana lagi story video foto yg udah dipost di Instagram. Bahkan punya saya banyak banget yg udah kekonversi jadi foto. Dan ada yg udah hilang kehapus total tanpa ada pemberitahuan apa2 terlebih dahulu. Please lebih baik hapus aja fitur lain yang kurang berguna. Kalo arsip ini ya sangat amat berguna.,Tolong lah pertimbangan penghapusan arsip cerita Instagram Pengguna mau selametin gimana lagi cerita Instagram video foto yang sudah dipost di Instagram. Bahkan memiliki saya banyak banget yang sudah kekonversi jadi foto. Dan ada yang sudah hilang kehapus total tanpa ada pemberitahuan apa2 terlebih dahulu. Please lebih baik hapus aja fitur lain yang kurang berguna. Kalo arsip ini ya sangat amat berguna.,10,0,3,Sadness
IG-000440,Laura Angels M.,"Tolong arsip IG jangan dihapus/diubah, banyak arsip stories saya yang sudah tidak bisa dilihat. Saya sudah unduh/transfer informasi malah zipnya tidak bisa dibuka medianya. Tolong bgt, bisa tidak yang lain aja, jangan arsip IG yg dihapus🙂","Tolong arsip Instagram jangan dihapus/diubah, banyak arsip stories saya yang sudah tidak bisa dilihat. Saya sudah unduh/transfer informasi malah zipnya tidak bisa dibuka medianya. Tolong banget bisa tidak yang lain aja, jangan arsip Instagram yang dihapus",7,0,1,Optimism
IG-000441,Putrie abik,"dislike, masa stiap bikin akun gabisa,pas mau login dari akun yg sudah ada masukin password malah inconnect rusak ni Instagram bug nya tolong benerin dong masa update kaga jls perubahan itu2 aja perhatiin dong bagian login² nya udh bener masukin username password malah gabisa,aneh.","dislike, masa stiap membuat akun gabisa,pas mau login dari akun yang sudah ada masukin password malah inconnect tidak berfungsi ni Instagram gangguan bug sistem nya tolong memperbaiki lah masa update kaga jls perubahan itu2 aja perhatiin lah bagian login² nya sudah benar masukin username password malah gabisa,aneh.",9,0,1,Optimism
IG-000442,Jihan Aulia,"Lama-lama dibikin kesel sumpah soalnya login aja gak bisa mau bikin akun lagi tapi malah muncul ""halaman tidak tersedia"" maksudnya apaa login pake akun google gak bisa bikin akun lain gak bisa udah dari lama loh ini hampir 2 tahun ada lah masa gak coba diperbaiki, pastinya banyak yang ngalamin","Lama-lama dibikin kesel sumpah soalnya login aja tidak bisa mau membuat akun lagi tapi malah muncul ""halaman tidak tersedia"" maksudnya apaa login pakai akun google tidak bisa membuat akun lain tidak bisa sudah dari lama loh ini hampir 2 tahun ada lah masa tidak coba diperbaiki, pastinya banyak yang ngalamin",11,0,1,Trust
IG-000443,Sanita Nita,"Kenala sangat sulit untuk login di username saya, bagaimana cara loginnya biasanya pakai imel bisa skrng knapa harus verifikasi pake no hp sedangan no hp sudah nonaktif/kadaluarsa bagaimana instagram saya kesulitan login!!! Padahal biasanya login pake imel saja sudah bisa masuk sekarang kenapa tidak bisa dan finishnya harus masukkan kode yg di kirim ke nomor hp lama yg sudah tidak aktif????","Kenala sangat sulit untuk login di username saya, bagaimana cara loginnya biasanya pakai imel bisa skrng kenapa harus verifikasi pakai no hp sedangan no hp sudah nonaktif/kadaluarsa bagaimana instagram saya kesulitan login! Padahal biasanya login pakai imel saja sudah bisa masuk sekarang kenapa tidak bisa dan finishnya harus masukkan kode yang di kirim ke nomor hp lama yang sudah tidak aktif?",8,0,1,Optimism
IG-000444,Kuyung sun,Kk kenapa ya ig orang lain ada tambahkan komentar di samping kirim pesan kok punya aku ngk ada kayak gitu cuma ada 2 kirim pesan sama love yang tambahkan komentar itu ngk ada padahal selalu di update,Kk kenapa ya Instagram orang lain ada tambahkan komentar di samping kirim pesan mengapa memiliki aku ngk ada seperti begitu cuma ada 2 kirim pesan sama love yang tambahkan komentar itu ngk ada padahal selalu di update,5,0,3,Surprise
IG-000445,mellody hilyatul awliya,kenapa kalo aku bikin lebih dari satu akun pasti salah satu akunnya modelnya terlama gitu belum terupdate ke versi barunyaa.. please yahh tolong di perbarui update annya biar semuanya ter update akun akun yang lainnya. oh ya bisa tolong updatekan akun saya @2708dump.__,kenapa kalo aku membuat lebih dari satu akun pasti salah satu akunnya modelnya terlama begitu belum terupdate ke versi barunyaa. please yahh tolong di perbarui update annya biar semuanya ter update akun akun yang lainnya. oh ya bisa tolong updatekan akun saya,3,0,5,Optimism
IG-000446,Pak Diyan,"Mudah digunakan, user interface yang intuitif. Meskipun, kadang ada masalah dalam upload story seperti story lemot dan lainnya. Tapi bisa dimaklumi","Mudah digunakan, user interface yang intuitif. Meskipun, kadang ada masalah dalam upload cerita Instagram seperti cerita Instagram kinerja sangat lambat dan lainnya. Tapi bisa dimaklumi",4,0,5,Optimism
IG-000447,Rafidah Fida,"Awalnya akun yg sering dipake dapat font terbaru terus 2 akun yg lain ga update fontnya eh ga lama ketukar 2 akun yg lain fontnya update sekarang first acc malah teubah jadi font lama, sebel bgt kenapa sih ko beda beda tiap akun. Padahal kalau update ig selalu yg first acc yg nyangkut di ig biar terupdate eh tetep aja sama. Mohon perbaikannya dong","Awalnya akun yang sering dipake dapat font terbaru terus 2 akun yang lain tidak update fontnya eh tidak lama ketukar 2 akun yang lain fontnya update sekarang first acc malah teubah jadi font lama, sebel banget kenapa gerangan ko beda beda tiap akun. Padahal kalau update Instagram selalu yang first acc yang nyangkut di Instagram biar terupdate eh tetep aja sama. tolong perbaikannya lah",13,0,3,Surprise
IG-000448,Ros Mawaty,"kenapa pas mau di buka ""instagram terus berhenti"" pdhl penyimpan an msi banyak jaringan internet bagus lancar, udh bbrpa kali di instal ulang ttep aja gtuu biasanya juga ngga gmna siee tolongg dng perbaiki msa ngebug lma amatt","kenapa saat mau di buka ""instagram terus berhenti"" pdhl penyimpan an msi banyak jaringan internet bagus lancar, sudah bbrpa kali di instal ulang ttep aja gtuu biasanya juga tidak gmna siee tolongg dng perbaiki msa ngebug lma amatt",3,0,4,Trust
IG-000449,DESTIANI MAULIDYA MUFI,"Instagram yg sekarang, gak seperti Instagram yg dulu, mau ikutan giveaway aja susahnya minta ampun, bentar² kena blokir, banned, sampai² akun-ku sampai hilang, gak ngerti lagi sama aplikasi ini 😡😡😡","Instagram yang sekarang, tidak seperti Instagram yang dulu, mau ikutan giveaway aja susahnya minta ampun, bentar² kena blokir, banned, sampai² akun-ku sampai hilang, tidak paham lagi sama aplikasi ini [EMO_ANGER] [EMO_ANGER] [EMO_ANGER]",5,3,1,Sadness
IG-000450,Juita Patabang,"Cinta banget sama ni aplikasi, tapi plisslah kenapa fitur lagu di bio profil hilang? Perbaiki bug ini biar dapat bintang 5:))","Cinta banget sama ni aplikasi, tapi plisslah kenapa fitur lagu di bio profil hilang? Perbaiki gangguan bug sistem ini biar dapat bintang 5:))",1,0,2,Sadness
IG-000451,marshandaamelia17,"gabisa masuk aplikasi ini sama skali padahal udh update pas masuk apk malah ada tulisan ""terjadi kesalahan yang tidak terduga, coba lagi nanti"" udh saya coba berkali kali malah ttep aja sama, gimana deh.","gabisa masuk aplikasi ini sama skali padahal sudah update saat masuk apk malah ada tulisan ""terjadi kesalahan yang tidak terduga, coba lagi nanti"" sudah saya coba berkali kali malah ttep aja sama, gimana sudahlah",4,0,3,Optimism
IG-000452,Dwie Ony,Min kenapa akun ku ditampilannya masih tampilan lama ya ? Padahal sudah update ke versi paling baru.. font dan fiturnya juga belum berubah..,Min kenapa akun ku ditampilannya masih tampilan lama ya ? Padahal sudah update ke versi paling baru. font dan fiturnya juga belum berubah.,0,0,2,Surprise
IG-000453,achmad fadhly,"Tolong donk kak balikin fitur yg dulu,dulu bisa login pke Facebook otp dikirim ke WhatsApp tpi knp ada tulisannya TDK dpt login sedang bermasalah suruh tunggu bbrp menitnya ini luar biasa bngt lama bngt GK login²","Tolong donk kak balikin fitur yang dulu,dulu bisa login pakai Facebook otp dikirim ke WhatsApp tetapi kenapa ada tulisannya tidak dapat login sedang bermasalah suruh tunggu bbrp menitnya ini luar biasa banget lama banget tidak login²",10,0,1,Optimism
IG-000454,Riska Apriliana,"sejujur nya setelah update, aku malah sedih karena filter tokyo dan rio de janeiro nya ga sepekat yang dulu, filter tokyo dulu bagus banget sedangkan sekarang malah aneh dan ga se gelap dulu, rio de janeiro pun sama, ga sepekat dulu lagi, saya cuma mau filter kedua favorit saya itu kembali seperti semula","sejujur nya setelah update, aku malah sedih karena filter tokyo dan rio de janeiro nya tidak sepekat yang dulu, filter tokyo dulu bagus banget sedangkan sekarang malah aneh dan tidak se gelap dulu, rio de janeiro pun sama, tidak sepekat dulu lagi, saya cuma mau filter kedua favorit saya itu kembali seperti semula",3,0,2,Sadness
IG-000455,Tuti Andaryatni,"Saya senang ke Optik Manding krn kalau janjian tepat waktu, pelayanannya baik, ramah. Tidak hanya menjual prodak sayatetapi memberikan solusi yg tepat dan terbaik.","Saya senang ke Optik Manding karena kalau janjian tepat waktu, pelayanannya baik, ramah. Tidak hanya menjual prodak sayatetapi memberikan solusi yang tepat dan terbaik.",2,0,5,Joy
IG-000456,Desi Yani,Kenapa Instagram ku ngk bisa lihat story diawal berandaku...trus yg diarsipkan jg ngk bisa dilihat diarsipkan...hilang...trus cerita arsip jg ngk bisa dibuka krna crta tdk tersedia. Pdahal fto saya musik saya tetap aj ngk bisa ..Tolong Admin Instagram bantu akun saya🙏banyak sekali masalah Ig saya,Kenapa Instagram ku ngk bisa lihat cerita Instagram diawal berandaku.trus yang diarsipkan juga ngk bisa dilihat diarsipkan.hilang.trus cerita arsip juga ngk bisa dibuka krna crta tidak tersedia. Pdahal fto saya musik saya tetap aj ngk bisa .Tolong Admin Instagram bantu akun saya [EMO_TRUST] banyak sekali masalah Instagram saya,10,1,2,Sadness
IG-000457,Ss Auren,"GAJELAS!! TIBA TIBA DITANGGUHKAN DENGAN ALASAN YANG TIDAK ADA BUKTINYA!! Akun saya ditangguhkan ""dikarenakan menjual obat2an terlarang dan barang2 atau senjata terlarang"" Padahal isi akun saya hanya foto2 saya. Saya dapat email untuk meninjau akun saya sampai 10 maret 2025, tapi dinonaktifkan permanen tanggal 11 september tanpa melihat apa yang salah pada akun saya. Kecewa berat!!","GAJELAS! TIBA TIBA DITANGGUHKAN DENGAN ALASAN YANG TIDAK ADA BUKTINYA! Akun saya ditangguhkan ""dikarenakan menjual obat2an terlarang dan barang2 atau senjata terlarang"" Padahal isi akun saya hanya foto2 saya. Saya dapat email untuk meninjau akun saya sampai 10 maret 2025, tapi dinonaktifkan permanen tanggal 11 september tanpa melihat apa yang salah pada akun saya. Kecewa berat!",0,0,1,Sadness
IG-000458,Rafani,Tambahin fitur yang lebih berguna kek biar tahu orang yang mengunfollow kita dan tidak mengikuti kita balik biar ga cape ngecek satu2 soalnya org2 suka nge unfollow pdhl bukan seleb. Sama adain fitur postingan ulang kalo bisa wkwkkw,Tambahin fitur yang lebih berguna seperti biar tahu orang yang mengunfollow kita dan tidak mengikuti kita balik biar tidak cape ngecek satu2 soalnya org2 suka nge unfollow pdhl bukan seleb. Sama adain fitur unggahan konten ulang kalo bisa wkwkkw,6,0,1,Joy
IG-000459,Abil,"Update malah error, DM ga jalan, kirim text DM ga kekirim tapi gambar bisa padahal jaringan normal dan aplikasi lain lancar aja","Update malah kesalahan sistem pesan langsung tidak jalan, kirim text pesan langsung tidak kekirim tapi gambar bisa padahal jaringan normal dan aplikasi lain lancar aja",6,0,1,Anger
IG-000460,Var Syafar,Kok mau upload foto mode landscape berubah jd mode potret dan tdk bisa diedit atau diatur. Makin bnyak bugnya instagram,mengapa mau upload foto mode landscape berubah jd mode potret dan tidak bisa diedit atau diatur. Makin bnyak bugnya instagram,3,0,3,Optimism
IG-000461,Yoesary_1308,"Kenapa sihh instagram sekarangg, banyak bangett bug nya, herann. Disuruh update, giliran mau di update tapi gabisa di update, gitu gitu aja teruss, padahal bukan karena masalah penyimpanan, ganggu bangett. Tolong diperbaiki bug nya🙏🏻","Kenapa sihh instagram sekarangg, banyak banget gangguan bug sistem nya, herann. Disuruh update, giliran mau di update tapi gabisa di update, begitu begitu aja teruss, padahal bukan karena masalah penyimpanan, ganggu banget Tolong diperbaiki gangguan bug sistem nya [EMO_TRUST]",6,1,2,Surprise
IG-000462,Ayu Wulandari,"setelah di-update banyak fitur yang ga bisa muncul padahal sudah disetting, contohnya musik yang ada di bawah profil, awalannya bisa tapi lama lama ilang sendiri harus setting terus, giliran disetting ulang ga muncul itu musiknya","setelah di-update banyak fitur yang tidak bisa muncul padahal sudah disetting, contohnya musik yang ada di bawah profil, awalannya bisa tapi lama lama ilang sendiri harus setting terus, giliran disetting ulang tidak muncul itu musiknya",4,0,3,Optimism
IG-000463,lissa Melissa Zauhari,Kalau sudah di update ..kenapa banyak yg hilang .icon efek tampilan baru font di story pun malah hilang ..malah jadi tampilan yg lama ..trus kemana fitur efek di pengeditan gambar di bagian story malah pada dihilangkan..,Kalau sudah di update .kenapa banyak yang hilang .icon efek tampilan baru font di cerita Instagram pun malah hilang .malah jadi tampilan yang lama .trus kemana fitur efek di pengeditan gambar di bagian cerita Instagram malah pada dihilangkan.,4,0,1,Sadness
IG-000464,Eko Anega,Tolong pihak instagram direspon bahwa Instagram sehabis update malah gak bisa dibuat ngirim chat sama sekali cuman bisa ngirim gambar..mohon segera direspon dan ditindak lanjuti masalah ini 🙏🏻,Tolong pihak instagram direspon bahwa Instagram sehabis update malah tidak bisa dibuat ngirim chat sama sekali cuman bisa ngirim gambar.mohon segera direspon dan ditindak lanjuti masalah ini [EMO_TRUST],3,1,1,Anticipation
IG-000465,Sepgia Gia,AQ udh download tp masa ga bisa masuk alesan Instagram ada masalah di Indonesia coba pake bahasa Inggris pas AQ coba bahasa Inggris tetep ja ga bisa suruh coba trus sampe berhari hari AQ kasih 2 dulu bintang nya nanti kalo saya udh bisa masuk baru saya tambah lagi bintang nya,aku sudah download tetapi masa tidak bisa masuk alesan Instagram ada masalah di Indonesia coba pakai bahasa Inggris saat aku coba bahasa Inggris tetep ja tidak bisa suruh coba trus sampe berhari hari aku kasih 2 dulu bintang nya nanti kalo saya sudah bisa masuk baru saya tambah lagi bintang nya,13,0,2,Optimism
IG-000466,Rasidcoy Rasidcoy,Tolong diperbaiki lagi update selanjutnya kenapa disaat bikin sg video yang dikasih musik dari app nya kadang gak mau tersimpan ke galeri dan gak bisa di dowload sg nya,Tolong diperbaiki lagi update selanjutnya kenapa disaat membuat sg video yang dikasih musik dari app nya kadang tidak mau tersimpan ke galeri dan tidak bisa di dowload sg nya,4,0,2,Optimism
IG-000467,Sabb Onlyy,"Ad masalah cokk tiba² barusann,pas lagi asik² liat follow an malah keluar aplikasi,trus pas dibuka lagi ga bisa,cuma layar itemm,KLARIFIKASII INSTAGRAMM!!","Ad masalah cokk tiba² barusann,pas lagi asik² melihat follow an malah keluar aplikasi,trus saat dibuka lagi tidak bisa,cuma layar itemm,KLARIFIKASII INSTAGRAMM!",3,0,3,Joy
IG-000468,Risma Nanda putri,"Saya mengalami kendala tidak bisa mengakses akun saya sendiri karna kode keamanan 2 faktor sedangkan nomor ponsel yg saya cantumkan itu sudah mati. Dari instagram juga tidak ada fitur yg bisa membantu permasalahan saya ini. Saya sangat kecewa sekali karna ini mempersulit media komunikasi saya di sosial media. saya kecewa sekali pihak instagram tidak pernah menanggapi keluhan saya, tidak ada fitur satupun yg membantu kendala saya ini. tolong di perbaiki lagi aplikasinya","Saya mengalami kendala tidak bisa mengakses akun saya sendiri karena kode keamanan 2 faktor sedangkan nomor ponsel yang saya cantumkan itu sudah mati. Dari instagram juga tidak ada fitur yang bisa membantu permasalahan saya ini. Saya sangat kecewa sekali karena ini mempersulit media komunikasi saya di sosial media. saya kecewa sekali pihak instagram tidak pernah menanggapi keluhan saya, tidak ada fitur satupun yang membantu kendala saya ini. tolong di perbaiki lagi aplikasinya",7,0,1,Trust
IG-000469,IPULBATE Bate,"Instagram membantu saya untuk mengenali orang sekitar dengan mudah ,dan juga saya dapat mencari kata motivasi di Instagram dengan sangat mudah hanya ini saja yang dapat saya katakan tentang Instagram selebihnya tambahkan lebih banyak fitur di Instagram.","Instagram membantu saya untuk mengenali orang sekitar dengan mudah ,dan juga saya dapat mencari kata motivasi di Instagram dengan sangat mudah hanya ini saja yang dapat saya katakan tentang Instagram selebihnya tambahkan lebih banyak fitur di Instagram.",0,0,5,Trust
IG-000470,Cintasa Erwin,"Pdhl apk nya bagus tp tolong diperbaiki ya habis dowoloand ig ini WhatsApp saya pas pesan suara jadi eror suaranya,,habis ig nya saya hps lgi udh normal lagi suaranya","Pdhl apk nya bagus tetapi tolong diperbaiki ya habis dowoloand Instagram ini WhatsApp saya saat pesan suara jadi eror suaranya,habis Instagram nya saya hps lagi sudah normal lagi suaranya",6,0,2,Trust
IG-000471,Riski Nur Rahman,"Vidio yg di unggah menjadi lelet tidak sesuai dengan lagu/sound ,paling sering di bagian unggah video di status/cerita","Vidio yang di unggah menjadi lelet tidak sesuai dengan lagu/sound ,paling sering di bagian unggah video di status/cerita",1,0,2,Sadness
IG-000472,Farhan Salmaniar,"Tolong diperbaiki lagi aplikasinya,aneh fitur² yang tersedia kadang suka hilang,terus juga cuma tersedia di beberapa second account,ga merata ke semua akun,misalnya fitur music di bio tadinya ada sekarang tiba² hilang,kadang juga lagu yang sudah dipasang suka hilang tiba²,aneh masih banyak bug kalo bisa diperbaiki","Tolong diperbaiki lagi aplikasinya,aneh fitur² yang tersedia kadang suka hilang,terus juga cuma tersedia di beberapa second account,ga merata ke semua akun,misalnya fitur music di bio tadinya ada sekarang tiba² hilang,kadang juga lagu yang sudah dipasang suka hilang tiba²,aneh masih banyak gangguan bug sistem kalo bisa diperbaiki",2,0,2,Sadness
IG-000473,Richard Hayon,"Instagram saya sudah dibanet oleh pihak INSTAGRAM sendiri sejak 2 September 2024. Perlu diketahui Instagram saya adalah Official Instagram sejak 2017. Saya tidak pernah ngapa2in tiba2 kog dibatasi tanpa alasan. Dan saya bahkan langsung mengajukan banding waktu itu dgn mengirimkan ID saya. Namun hingga hari ini sudah satu bulan lebih, pihak INSTAGRAM tidak pernah menindaklanjuti pengajuan saya. Saya sangat kecewa.","Instagram saya sudah dibanet oleh pihak INSTAGRAM sendiri sejak 2 September 2024. Perlu diketahui Instagram saya adalah Official Instagram sejak 2017. Saya tidak pernah ngapa2in tiba2 kog dibatasi tanpa alasan. Dan saya bahkan langsung mengajukan banding waktu itu dengan mengirimkan ID saya. Namun hingga hari ini sudah satu bulan lebih, pihak INSTAGRAM tidak pernah menindaklanjuti pengajuan saya. Saya sangat kecewa.",1,0,1,Sadness
IG-000474,shin chan,"udah ajukan banding account sampai disuruh ngerekam video tapi ngga bisa sama sekali padahal udah diulang berkali kali. padahal ngga ngapa ngapain juga di ig tapi pas buka ig tiba tiba akunnya gabisa, tolongggg diperbaiki!!!!!","sudah ajukan banding account sampai disuruh ngerekam video tapi tidak bisa sama sekali padahal sudah diulang berkali kali. padahal tidak ngapa ngapain juga di Instagram tapi saat buka Instagram tiba tiba akunnya gabisa, tolong diperbaiki!",8,0,1,Optimism
IG-000475,Robet Van Royen,"Sejak Hari ini saya mengupdate versi Instagram yang baru,saya buka beranda dan nge freeze terus keluar lagi dari aplikasi,padahal jaringan saya berjalan dengan baik,buat developer tolong perbaiki masalah ini secepatnya.","Sejak Hari ini saya mengupdate versi Instagram yang baru,saya buka beranda dan nge freeze terus keluar lagi dari aplikasi,padahal jaringan saya berjalan dengan baik,buat developer tolong perbaiki masalah ini secepatnya.",0,0,1,Sadness
IG-000476,Mar Linsyah,"kenapa beberapa fiture gak muncul di akun pertama sedangkan di akunke2 muncul semua , tolong segera diperbaiki + kalau post story kenapa kdg g bisa trus muncul tulisan ""kesalahan"" anj","kenapa beberapa fiture tidak muncul di akun pertama sedangkan di akunke2 muncul semua , tolong segera diperbaiki + kalau unggahan cerita Instagram kenapa kdg tidak bisa trus muncul tulisan ""kesalahan"" anj",5,0,1,Anger
IG-000477,Livia Rhea A,"lemot sekali setelah di update, sudah unistall dan install ulang berkali2 tetap sama aja... 😞😞😞 buka aplikasi lain aman2 saja dgn sinyalnya.","kinerja sangat lambat sekali setelah di update, sudah unistall dan install ulang berkali2 tetap sama aja. [EMO_SADNESS] [EMO_SADNESS] [EMO_SADNESS] buka aplikasi lain aman2 saja dengan sinyalnya.",2,3,2,Trust
IG-000478,miftakhul faqih,untuk developer udah bagus fitur dan argoritmanya nyatanya aplikasi ini bisa bertahan dan tetep sebagai sumber informasi tapi di harapkan bisa memantau jika ada penjualan lewat aplikasi Instagram masih bayak penipuan dan lain lain harap di perhatikan apabila berjualan seharusnya di amankan seperti aplikasi jualan lainya yg mengedepankan pelanggan...terkadang terdapat beberapa akun bisnis namun menutup komen sehingga pelanggan yg tidak tahu apakah akun tersebut aman atau tidak menjadi ragu,untuk developer sudah bagus fitur dan argoritmanya nyatanya aplikasi ini bisa bertahan dan tetep sebagai sumber informasi tapi di harapkan bisa memantau jika ada penjualan lewat aplikasi Instagram masih bayak penipuan dan lain lain harap di perhatikan apabila berjualan seharusnya di amankan seperti aplikasi jualan lainya yang mengedepankan pelanggan.terkadang terdapat beberapa akun bisnis namun menutup komen sehingga pelanggan yang tidak tahu apakah akun tersebut aman atau tidak menjadi ragu,5,0,3,Trust
IG-000479,Ahmad Nasoha,"Udah 3 hari ngadat ,buka reals macet vidio nya ,buka postingan sama , hadeeh entah bug atau kek mana ? Tapi untuk divice sendiri ok , buat liat apk lain lancar lancar aja , terutama buka sosial media yg lain kek tiktok 💁🏼 tolong lah...","sudah 3 hari ngadat ,buka reals macet vidio nya ,buka unggahan konten sama , hadeeh entah gangguan bug sistem atau seperti mana ? Tapi untuk divice sendiri ok , membuat melihat apk lain lancar lancar aja , terutama buka sosial media yang lain seperti tiktok tolong lah.",8,0,1,Sadness
IG-000480,Hirhaisya,"Tolong yaa!!! Akun saya sering hilang padahal saya ngak ngapa ngapainnn, Instagram sekarang gak kayak duluu, tolong yaa di perbaiki lagii dan dipilih2 lagii jangan main menonaktifkan akun orng dulu, disitu bnyk kenangannya malah dinonaktifkan, tolongg ini di notice yaa","Tolong ya Akun saya sering hilang padahal saya ngak ngapa ngapain, Instagram sekarang tidak seperti duluu, tolong ya di perbaiki lagii dan dipilih2 lagii jangan main menonaktifkan akun orng dulu, disitu bnyk kenangannya malah dinonaktifkan, tolongg ini di notice ya",5,0,2,Sadness
IG-000481,sultan pro,"Entah kenapa akhir akhir ini reels sering ga ke load sama juga kaya postingan, padahal koneksi lancar saat nonton youtube, pas buka ig malah ga keload kontennya saya harap segera diperbaiki","Entah kenapa akhir akhir ini video reels sering tidak ke load sama juga kaya unggahan konten padahal koneksi lancar saat nonton youtube, saat buka Instagram malah tidak keload kontennya saya harap segera diperbaiki",6,0,1,Anticipation
IG-000482,Nana Sukarna,Setiap.kali liat video reels video suka berhrnti sendiri padahal sinyal bagus tolong bug nya segera di perbaiki demi kenyamanan pengguna🙏,Setiap.kali melihat video video reels video suka berhrnti sendiri padahal sinyal bagus tolong gangguan bug sistem nya segera di perbaiki demi kenyamanan pengguna [EMO_TRUST],3,1,3,Trust
IG-000483,Andrianto Ramadhani,"Halo Instagram, kenapa fitur terupdate Instagram di main acc saya tidak dapat digunakan/tidak ada, sedangkan di second acc saya fitur terupdate tersedia semua. Mohon tanggapannya, saya sudah melaporkannya melalui aplikasi Instagram langsung, tapi belum ada tanggapannya.","Halo Instagram, kenapa fitur terupdate Instagram di main acc saya tidak dapat digunakan/tidak ada, sedangkan di second acc saya fitur terupdate tersedia semua. tolong tanggapannya, saya sudah melaporkannya melalui aplikasi Instagram langsung, tapi belum ada tanggapannya.",1,0,2,Surprise
IG-000484,Lulu Zahirah,"imi gimana si aplikasinya? saya kan punya akun 3, nah tiba tiba keluar sendiri, disitu bacaannya saya telah keluar dari akun tersebut, pada saat saya login kembali di ketiga akun saya, beberapa hari kemudian terjadi lagi hal seperti itu. tolong perbaiki bug nya ya🙏🏻 terimakasih.","imi gimana si aplikasinya? saya bukankah memiliki akun 3, nah tiba tiba keluar sendiri, disitu bacaannya saya telah keluar dari akun tersebut, pada saat saya login kembali di ketiga akun saya, beberapa hari kemudian terjadi lagi hal seperti itu. tolong perbaiki gangguan bug sistem nya ya [EMO_TRUST] terimakasih.",3,1,3,Trust
IG-000485,Iqbal Muhammad,"Saya kehilangan akses untuk login melalui hp,nomor,dan email....tetapi saya hafal dengan nama akun dan sandi Instagram,lalu saya mencoba login melalui nama akun dan sandi tetapi tidak bisa.....menurut saya aplikasi Instagram harus di-update untuk menghapus bug'' yang mengganggu kenyamanan penggunanya","Saya kehilangan akses untuk login melalui hp,nomor,dan email.tetapi saya hafal dengan nama akun dan sandi Instagram,lalu saya mencoba login melalui nama akun dan sandi tetapi tidak bisa.menurut saya aplikasi Instagram harus di-update untuk menghapus gangguan bug sistem yang mengganggu kenyamanan penggunanya",1,0,1,Sadness
IG-000486,MUHAMMAD RIFQI FAUZAN,"Logika search buat lagu nya aneh, masa udah nyari dengan judul yang benar (bahkan disertai penyanyi nya) tetep gak ketemu lagu yang ingin dicari...","Logika search membuat lagu nya aneh, masa sudah nyari dengan judul yang benar (bahkan disertai penyanyi nya) tetep tidak ketemu lagu yang ingin dicari.",3,0,4,Surprise
IG-000487,Pengguna Google,"Lagi scroll ig, tiba2 muncul notif anda sudah log out dan ketikaa login gak bisa, ada tulisan tidak dapat login ada kesalahan tidak terduga cobalah login lagi. Udah login lagi dengan pass beda tulisan sama",Lagi scroll Instagram tiba2 muncul notif anda sudah log out dan ketikaa login tidak bisa ada tulisan tidak dapat login ada kesalahan tidak terduga cobalah login lagi. sudah login lagi dengan pass beda tulisan sama,4,0,1,Anger
IG-000488,Novelia Ardianti,"Kurang suka sama Instagram yg sekarang, kenapa terlalu banyak yg dikurangin? Mau ganti lagu gak bisa, terus yaa pokoknya gak nyaman sama IG yg sekarang. Harusnya update itu menjadi lebih baik, ini malah... Ah entahlah ☹️","Kurang suka sama Instagram yang sekarang, kenapa terlalu banyak yang dikurangin? Mau ganti lagu tidak bisa terus ya pokoknya tidak nyaman sama Instagram yang sekarang. Harusnya update itu menjadi lebih baik, ini malah. Ah entahlah ☹️",8,0,3,Joy
IG-000489,Faiz Rosyad,"tolong, jika mau upload reels ke story jangan cuma 15dtk Dev... atau kalo engga gtu, bisa dipangkas/diatur gitu bila mau upload reels yang panjang ke story, hehe","tolong, jika mau upload video reels ke cerita Instagram jangan cuma 15dtk Dev. atau kalo tidak gtu, bisa dipangkas/diatur begitu bila mau upload video reels yang panjang ke cerita Instagram tersenyum",8,0,5,Optimism
IG-000490,Fita Gmgch,Instagram aneh bgt paket gue banyak malah lag gue sampe rugii beli paket Instagram lagi masih aja lag foto foto ngga kebuka buka apk lain lancar lancar aja kenceng instgram doang yg payah sampe unistal download berkali kali parah si,Instagram aneh banget paket saya banyak malah lambat saya sampe rugii beli paket Instagram lagi masih aja lambat foto foto tidak kebuka buka apk lain lancar lancar aja kenceng instgram doang yang payah sampe unistal download berkali kali parah si,7,0,2,Sadness
IG-000491,Pengguna Google,"Instagram kenapa loading nya lama??? Kuota ada, tp pas ganti pake wifi lancar² aja...tp kenapa pas tidak pake wifi jam pasir, sudah di update, hpus chace, tp ttp jam pasir???? Instagram kenapa kah dng dirimu?????","Instagram kenapa proses memuat nya lama? Kuota ada, tetapi saat ganti pakai wifi lancar² aja.tp kenapa saat tidak pakai wifi jam pasir, sudah di update, hpus chace, tetapi tetap jam pasir? Instagram kenapa kah dng dirimu?",8,0,1,Surprise
IG-000492,Ajeng Novita,"ini kenapa Ig load aja ya buat buka vidio"" smaa SG orang habis di update???padahal buat buka aplikasi lain sinyal nya lancar ga loadd.tolong deh di perbaiki jangan error kek gini dong","ini kenapa Instagram load aja ya membuat buka vidio"" smaa SG orang habis di update?padahal membuat buka aplikasi lain sinyal nya lancar tidak loadd.tolong sudahlah di perbaiki jangan kesalahan sistem seperti begini lah",9,0,2,Anger
IG-000493,Nando Gans,Saya mengalami masalah pada fitur musik frofil di akun saya.masalah nya ialah fitur nya hilang pada akun saya ketika saya berpindah akun ke 2 saya. fitur nya ada tetapi di akun utama saya tidak ada Mohon perbaikan nya!,Saya mengalami masalah pada fitur musik frofil di akun saya.masalah nya ialah fitur nya hilang pada akun saya ketika saya berpindah akun ke 2 saya. fitur nya ada tetapi di akun utama saya tidak ada tolong perbaikan nya!,1,0,2,Sadness
IG-000494,Griyo Orion Malang,Halo Instagram... Mengapa sekarang jika postingan video rasionya nampak terlalu melebar sehingga gambar video terpotong atau terlihat melebihi rasio ukuran layar ? Mohon diperbaiki seperti awalnya dulu ....🙏,Halo Instagram. Mengapa sekarang jika unggahan konten video rasionya nampak terlalu melebar sehingga gambar video terpotong atau terlihat melebihi rasio ukuran layar ? tolong diperbaiki seperti awalnya dulu . [EMO_TRUST],2,1,1,Surprise
IG-000495,Salsabila Adja,"Ini kenapa ya kok ig saya udh hmpir seminggu ini g bisa dibuka, padahal kuota saya masih banyak dan lancar² aj utk buka apk lain, cuma apk ini aj yang g bisa, padahal udh saya update, bisa tolong diperbaiki segera?!","Ini kenapa ya mengapa Instagram saya sudah hmpir seminggu ini tidak bisa dibuka, padahal kuota saya masih banyak dan lancar² aj untuk buka apk lain, cuma apk ini aj yang tidak bisa padahal sudah saya update, bisa tolong diperbaiki segera!",10,0,1,Surprise
IG-000496,Jimmy Saputra,"Sangat mengecewakan instagram seminggu ini, ngelag gk jelas padahal aplikasi lain berfungsi dengan normal dan sinyal aman-aman saja.","Sangat mengecewakan instagram seminggu ini, kinerja lambat atau macet tidak jelas padahal aplikasi lain berfungsi dengan normal dan sinyal aman-aman saja.",2,0,1,Trust
IG-000497,Irsula Ramadan,Instagram sangat bagus untuk berkomunikasi berkomunikasi dengan teman-teman dan bisa mengenal banyak orang semoga Instagram terus meningkat dan maju sehingga kedepannya dan lebih banyak lagi yang menggunakan aplikasi Instagram ini.,Instagram sangat bagus untuk berkomunikasi berkomunikasi dengan teman-teman dan bisa mengenal banyak orang semoga Instagram terus meningkat dan maju sehingga kedepannya dan lebih banyak lagi yang menggunakan aplikasi Instagram ini.,1,0,5,Optimism
IG-000498,Adam Mulya,"Sangat kagum karena bisa menembus banyak pengguna melihat menonton apa yang kita share. Sehingga mempermudah cara kita berpromosi. Sayangnya jika ingin lebih bnyk menjangkau pengguna IG lainnya, harus berbayar.","Sangat kagum karena bisa menembus banyak pengguna melihat menonton apa yang kita share. Sehingga mempermudah cara kita berpromosi. Sayangnya jika ingin lebih bnyk menjangkau pengguna Instagram lainnya, harus berbayar.",4,0,5,Optimism
IG-000499,Pasha Nur Aziza,Halo saya punya masalah akun tiba tiba logout dan gabisa login karena harus pake kode login a2f yang ga pernah aku aktifin pake kode cadangan pun gatau sudah coba beberapa cara tetap tidak bisa login aku kasi bintang 5 kalo akun ku dah bisa login,Halo saya memiliki masalah akun tiba tiba logout dan gabisa login karena harus pakai kode login a2f yang tidak pernah aku aktifin pakai kode cadangan pun gatau sudah coba beberapa cara tetap tidak bisa login aku kasi bintang 5 kalo akun ku dah bisa login,6,0,1,Optimism
IG-000500,Yudi Wirasena,"Iklan judi Online makin merajalela.Lelet sekali cuma muter2,saya pikir jaringan tempatku yang lelet,rupanya setelah baca komentar2 d sini, bnyk yg mengeluhkan jg, ternyata Lelet.","Iklan judi Online makin merajalela.Lelet sekali cuma muter2,saya pikir jaringan tempatku yang lelet,rupanya setelah baca komentar2 d sini, bnyk yang mengeluhkan juga ternyata Lelet.",2,0,1,Sadness
IG-000501,Wong Sepele,"Ini kenapa akun ig ku kok gak bisa login malah disuruh banding,mana udah di banding malah gak masuk masuk.padahal itu akun ig awal saya mana banyak kenangan nya lagi tolong dong ini gimana solusi nya udah 1minggu lagi","Ini kenapa akun Instagram ku mengapa tidak bisa login malah disuruh banding,mana sudah di banding malah tidak masuk masuk.padahal itu akun Instagram awal saya mana banyak kenangan nya lagi tolong lah ini gimana solusi nya sudah 1minggu lagi",9,0,1,Surprise
IG-000502,Rama Adi,"Setelah update aplikasi terbaru, justru respon membuka foto and video jadi lambat, bukan karena jaringan internet, ketika saya membuka aplikasi lain lancar jaya, namun ketika membuka instagram respon foto and video jadi lambat","Setelah update aplikasi terbaru, justru respon membuka foto and video jadi lambat, bukan karena jaringan internet, ketika saya membuka aplikasi lain lancar jaya, namun ketika membuka instagram respon foto and video jadi lambat",0,0,1,Sadness
IG-000503,Puji Laksono,"Untuk pihak ig tolong ya diperbaiki masalah di apk nya,saya mau daftar akun ig tiba tiba muncul tulisan ""halaman ini tidak tersedia"" tolong cepat diperbaiki ya terima kasih🙏","Untuk pihak Instagram tolong ya diperbaiki masalah di apk nya,saya mau daftar akun Instagram tiba tiba muncul tulisan ""halaman ini tidak tersedia"" tolong cepat diperbaiki ya terima kasih [EMO_TRUST]",2,1,1,Trust
IG-000504,ARIEF DHARMADI,"Algoritmanya gimana sih, konten akun saya gak pernah diboost, coba cek akun terasexperience kalau memang gak bervalue jgn diboost kontennya. At least kalau kontennya bervalue tolong boost kontennya setidaknya 1 konten its oke.","Algoritmanya gimana gerangan konten akun saya tidak pernah diboost, coba cek akun terasexperience kalau memang tidak bervalue jangan diboost kontennya. At least kalau kontennya bervalue tolong boost kontennya setidaknya 1 konten its oke.",4,0,4,Joy
IG-000505,Qaishar Zhafir Afkar,"Saya senang menggunakan sosial media ini, akan tetapi saya sering menemukan bug terutama saat melihat postingan atau story Ig sepertinya itu saja terimakasih.","Saya senang menggunakan sosial media ini, akan tetapi saya sering menemukan gangguan bug sistem terutama saat melihat unggahan konten atau cerita Instagram Instagram sepertinya itu saja terimakasih.",4,0,4,Joy
IG-000506,Alcleandro C.N,"Semakin hari semakin jelek, sejak dulu hingga sekarang bug error login tidak pernah diselesaikan / dituntaskan. Selalu saja tidak bisa login, perkara sinyal jelek / tidak ada respon login...","Semakin hari semakin jelek, sejak dulu hingga sekarang gangguan bug sistem kesalahan sistem login tidak pernah diselesaikan / dituntaskan. Selalu saja tidak bisa login, perkara sinyal jelek / tidak ada respon login.",3,0,1,Anger
IG-000507,Owen,tolong diperbaiki dong kenapa Instagram aku ga bisa post foto 16:9 dan ga bisa kolaborasi postingan😩😩😩 udah berkali-kali report problem tapi ga terselesaikan sampe sekarang,tolong diperbaiki lah kenapa Instagram aku tidak bisa unggahan foto 16:9 dan tidak bisa kolaborasi unggahan konten sudah berkali-kali report problem tapi tidak terselesaikan sampe sekarang,9,0,3,Optimism
IG-000508,Dinda Putri,"Bagus apk nyaa.. Tapi tambahin efek nya dong biar mirip snow, sekarang jadi banyak yg pindah ke snow soalnya lebih cantik,bagus,dll. Jadi ubah yaa makasih 🙏🏻","Bagus apk nyaa. Tapi tambahin efek nya lah biar mirip snow, sekarang jadi banyak yang pindah ke snow soalnya lebih cantik,bagus,dll. Jadi ubah ya terima kasih [EMO_TRUST]",4,1,5,Trust
IG-000509,ENOS HAREFA PRODUCTION,Tolong dong buat instagram..... Setiap saya mengupload story.... Mau dia foto atau video selalu lag (lama) padahal sinyal saya bagus..... Tolong di perbaiki,Tolong lah membuat instagram. Setiap saya mengupload cerita Instagram Mau dia foto atau video selalu lambat (lama) padahal sinyal saya bagus. Tolong di perbaiki,4,0,1,Trust
IG-000510,Piraa,"perbaikan bug login, saya sudah sering tiba-tiba keluar sendiri dari akun saya. dan juga sandi yang sebelumnya tidak dapat dipakai, padahal saya tidak menganti sandi.","perbaikan gangguan bug sistem login, saya sudah sering tiba-tiba keluar sendiri dari akun saya. dan juga sandi yang sebelumnya tidak dapat dipakai, padahal saya tidak menganti sandi.",1,0,1,Sadness
IG-000511,Imelda Chandra,Ini ig gimana ya kasih tautkan k fb kemarin-kemarin masih ada kolom log in with fb ini sekarang tidak ada lalu sy tdk bkn id sm pass kalau dak bisa konsisten jgn di buat seperti itu,Ini Instagram gimana ya kasih tautkan k fb kemarin-kemarin masih ada kolom log in with fb ini sekarang tidak ada lalu saya tidak bukan id sama pass kalau dak bisa konsisten jangan di membuat seperti itu,8,0,1,Optimism
IG-000512,Irsyad Badriyansyah,"Setelah di update ke versi terbaru jadi aneh, nonton reels cuma jalan sebentar abis itu macet, padahal jaringan lancar","Setelah di update ke versi terbaru jadi aneh, nonton video reels cuma jalan sebentar abis itu macet, padahal jaringan lancar",1,0,1,Surprise
IG-000513,Alex Sandro,"Tolong instagram, tambahkan fitur meludah. Soalnya banyak konten2 yang mengundang ingin memukul, mencaci dan ingin menganu. Wkwkwkkwk","Tolong instagram, tambahkan fitur meludah. Soalnya banyak konten2 yang mengundang ingin memukul, mencaci dan ingin menganu. Wkwkwkkwk",0,0,5,Joy
IG-000514,Rizkia Rizkia,"bagus si cuman perbaiki bug nya ya seperti repost story jg lagu nya g muncul, untuk aplikasi baguss aj cmn perbaiki bug ny ajaa","bagus si cuman perbaiki gangguan bug sistem nya ya seperti repost cerita Instagram juga lagu nya tidak muncul, untuk aplikasi baguss aj cmn perbaiki gangguan bug sistem ny ajaa",5,0,4,Trust
IG-000515,Suwandi Zull,"Tolong di perbaiki lah,masa buat nonton video ngelag parah sampai tidak terbuka kadang. Pakai vpn baru lancar buka reels","Tolong di perbaiki lah,masa membuat nonton video kinerja lambat atau macet parah sampai tidak terbuka kadang. Pakai vpn baru lancar buka video reels",3,0,2,Sadness
IG-000516,Nabilah Khairunnisa,"Sudah berapa hari instagram saya error, postingan, story, akun semuanya loading lama banget, padahal kuota banyak, jaringan bagus. Tolong segera diperbaiki. Terimakasih","Sudah berapa hari instagram saya kesalahan sistem unggahan konten cerita Instagram akun semuanya proses memuat lama banget, padahal kuota banyak, jaringan bagus. Tolong segera diperbaiki. Terimakasih",4,0,1,Anger
IG-000517,yudha iswanto,"Busukk. Semakin berat, internet lancarpun tetap berat, padahal aplikasi laen lancar jaya. Loading doang di semua menu haha, kusut","Busukk. Semakin berat, internet lancarpun tetap berat, padahal aplikasi laen lancar jaya. proses memuat doang di semua menu haha, kusut",1,0,1,Sadness
IG-000518,rustandiss,"instagram sekarang sering terjadi kesalahan saat memberi like reels atau like postingan,akibatnya akun saya diblokir tidak bisa like,saya memakai aplikasi instagram resmi tolong perbaiki","instagram sekarang sering terjadi kesalahan saat memberi like video reels atau like postingan,akibatnya akun saya diblokir tidak bisa like,saya memakai aplikasi instagram resmi tolong perbaiki",2,0,5,Optimism
IG-000519,CNC Cole Angelo,"Tolong banget nih kalo ni app minta update bisa kasih notif aja nggak ? Masa pake ig tiba tiba error sendiri padahal sinyal lancar switch account bisa ternyata masalahnya cuma belum update kan Tolol, Belum lagi tiba-tiba upload story gak bisa nyari musik, ayolah...","Tolong banget nih kalo ni app minta update bisa kasih notif aja tidak ? Masa pakai Instagram tiba tiba kesalahan sistem sendiri padahal sinyal lancar switch account bisa ternyata masalahnya cuma belum update bukankah Tolol, Belum lagi tiba-tiba upload cerita Instagram tidak bisa nyari musik, ayolah.",10,0,1,Anger
IG-000520,Nur Zahra Lutfia,"Instagram tolong jangan hapus archive story. Tolong berhenti membuat fitur baru yang tidak berguna dan tetap pertahankan fitur yabg ada sekarang. Padahal archive story adalah fitur keunggulan Instagram, sebagai pengguna Instagram saya akan merasa sangat kecewa jika itu dihilangkan.","Instagram tolong jangan hapus archive cerita Instagram Tolong berhenti membuat fitur baru yang tidak berguna dan tetap pertahankan fitur yabg ada sekarang. Padahal archive cerita Instagram adalah fitur keunggulan Instagram, sebagai pengguna Instagram saya akan merasa sangat kecewa jika itu dihilangkan.",2,0,2,Sadness
IG-000521,Asiyah putri Permatasari,"saya mohon fitur arsip di ig jangan dihapus, disitu tempat kami menaruh semua kenangan, justru tambah kan fitur² yg relevan yg dapat digunakan untuk menaruh memori dan kenangan yg lama, maaf..bukan malah membuat fitur² yg tidak berguna.","saya tolong fitur arsip di Instagram jangan dihapus, disitu tempat kami menaruh semua kenangan, justru tambah bukankah fitur² yang relevan yang dapat digunakan untuk menaruh memori dan kenangan yang lama, maaf.bukan malah membuat fitur² yang tidak berguna.",7,0,3,Trust
IG-000522,Syahira Aryanti,"Gimana sih,aplikasi ga jelas, masa aku udah jelas jelas pencet ""cerita anda"" tiba tiba ga ke upload dan tiba tiba lagsung ke hapus, padahal bagus banget, KESEL BANGET.","Gimana sih,aplikasi tidak jelas, masa aku sudah jelas jelas pencet ""cerita anda"" tiba tiba tidak ke upload dan tiba tiba lagsung ke hapus, padahal bagus banget, KESEL BANGET.",3,0,1,Trust
IG-000523,Putri Handayani,"Ini instagram kenapa sih? Setiap mau liat komen gak bisa mulu, komen bejibun pas mau di buka gak adaan, ngeselin banget udah dua kali di update juga. Jelek jelek jelek.","Ini instagram kenapa gerangan Setiap mau melihat komen tidak bisa mulu, komen bejibun saat mau di buka tidak adaan, ngeselin banget sudah dua kali di update juga. Jelek jelek jelek.",7,0,1,Anger
IG-000524,Rizal Arief,"sudah pakai instagram lumayan lama,mengapa fitur Arsip Video di rubah menjadi semacam foto screen shot? kita sengaja mengarsip video atau foto kita agar tetap tersimpan, kenapa mengecewakan kami?","sudah pakai instagram lumayan lama,mengapa fitur Arsip Video di rubah menjadi semacam foto screen shot? kita sengaja mengarsip video atau foto kita agar tetap tersimpan, kenapa mengecewakan kami?",2,0,1,Surprise
IG-000525,NM 7X,"Setelah di update saat melihat story kok kualitas fotonya berkurang dan agak ngezoom dikit ya mohon di perbaiki ke semula, tidak nyaman untuk di pandang.","Setelah di update saat melihat cerita Instagram mengapa kualitas fotonya berkurang dan agak ngezoom dikit ya tolong di perbaiki ke semula, tidak nyaman untuk di pandang.",3,0,1,Trust
IG-000526,Khanifah Hidayati,"Ini saya kasih 2 knp karna kok di kamera ig sya gk ad stikernya nah gm. Tuh cba klo itu,tolong di perbaiki lebih mantep lgi biar banyak yng dowlot pokoknya mntep jadi cmn itu aj kok oke bay semuanya","Ini saya kasih 2 kenapa karena mengapa di kamera Instagram saya tidak ad stikernya nah gm. Tuh cba kalau itu,tolong di perbaiki lebih mantep lagi biar banyak yang dowlot pokoknya mntep jadi cmn itu aj mengapa oke bay semuanya",10,0,5,Surprise
IG-000527,Denis Bogagmail,"Aplikasi sampah tak berguna,saya pengguna IG sejak tahun 2012,baru kali ini akun saya di blokir dengan alasan pelanggaran komunitas,salah saya apa ? saya tidak posting yg berbau pornografi,sebab semua yg saya posting di IG gambar gambar animasi alam,hewan dan seni,dasar bodoh lu semua....!!!!!!!! copot pemasangan ga guna ni aplikasi.","Aplikasi sampah tidak berguna,saya pengguna Instagram sejak tahun 2012,baru kali ini akun saya di blokir dengan alasan pelanggaran komunitas,salah saya apa ? saya tidak mengunggah yang berbau pornografi,sebab semua yang saya mengunggah di Instagram gambar gambar animasi alam,hewan dan seni,dasar bodoh kamu semua! copot pemasangan tidak guna ni aplikasi.",9,0,1,Anger
IG-000528,Trisyahfri Harpanta A.A,"Tolong buat team atau pihak instagram,kenapa di akun instagram saya tidak bisa menggunakan fitur live stereaming pernyatanya, akun anda tidak memenuhi syarat padahal saya tidak pernah melakukan pelanggaran,jadi mohon di pertinjau kembali","Tolong membuat team atau pihak instagram,kenapa di akun instagram saya tidak bisa menggunakan fitur live stereaming pernyatanya, akun anda tidak memenuhi syarat padahal saya tidak pernah melakukan pelanggaran,jadi tolong di pertinjau kembali",3,0,1,Optimism
IG-000529,okta viani,"ig skrng malah bnyk bug nyy dan jg baru sekali mengikuti seseorang pas mauu mengikuti lgii gabisa kena limitt ,, tolong pembaruan nyy dong jngn limit mulu","Instagram skrng malah bnyk gangguan bug sistem nyy dan juga baru sekali mengikuti seseorang saat mauu mengikuti lgii gabisa kena limitt , tolong pembaruan nyy lah jngn limit mulu",5,0,1,Optimism
IG-000530,St aisyah_023,"Tidak bisa login padahal kata sandi sdh benar username juga, selalu ada pemberitahuan kata sandi salah tp dihp lain bisa, tolong ditanggapi dengan baik apa yg menyebabkan hal itu","Tidak bisa login padahal kata sandi sudah benar username juga, selalu ada pemberitahuan kata sandi salah tetapi dihp lain bisa tolong ditanggapi dengan baik apa yang menyebabkan hal itu",5,0,1,Optimism
IG-000531,Mokhamad Rezza,"ngelag parah udh 2 hr, koneksi internet bagus, dipake browsing lancar, cm di aplikasi pny meta aja ngelag parah.....akun ane bbrp kali kena blokir, entah apa alasannya pdhl gk dipake nyepam atau yg aneh2","kinerja lambat atau macet parah sudah 2 hr, koneksi internet bagus, dipake browsing lancar, cm di aplikasi punya meta aja kinerja lambat atau macet parah.akun ane bbrp kali kena blokir, entah apa alasannya pdhl tidak dipake nyepam atau yang aneh2",6,0,1,Trust
IG-000532,hudzaifah tsaabit73,"Semenjak update yang terbaru ini, malah makin lemot, di beranda buffering semua, apalagi di pencarian.. Tolong pihak yang bersangkutan untuk memperbaiki bug yang terjadi, terima kasih","Semenjak update yang terbaru ini, malah makin kinerja sangat lambat di beranda buffering semua, apalagi di pencarian. Tolong pihak yang bersangkutan untuk memperbaiki gangguan bug sistem yang terjadi, terima kasih",2,0,3,Trust
IG-000533,Yunus Sinay,"Tolong bgt apk in sgtlah bagus tapi jangan hilangin arsip plis lah Instagram banyak foto dan video momen yg tidak bisa kita ulangi, dengan arsip kita dapat melihat dan mengenang kembali foto"" lama kita","Tolong banget apk in sgtlah bagus tapi jangan hilangin arsip tolong lah Instagram banyak foto dan video momen yang tidak bisa kita ulangi, dengan arsip kita dapat melihat dan mengenang kembali foto"" lama kita",7,0,5,Trust
IG-000534,Melisa,Tlong lah udh brkali2 nglporin gk ada balesan knpa gabisa liat story orang cuma loading trus aplg pas nnton reels cuma muter2 doang pdhl Kouta sinyal ada bgus2 gliran buka apk lain lncar2 aja cuma Ig doang yg bug ini gmn tlong yaaa!!! GK nyaman bgt,Tlong lah sudah brkali2 nglporin tidak ada balesan knpa gabisa melihat cerita Instagram orang cuma proses memuat trus aplg saat nnton video reels cuma muter2 doang pdhl Kouta sinyal ada bgus2 gliran buka apk lain lncar2 aja cuma Instagram doang yang gangguan bug sistem ini bagaimana tlong ya! tidak nyaman banget,13,0,2,Trust
IG-000535,- via,Tolong dong jangan suka nambahin fitur yang ga berguna🙏🏻 salah satu nya delete archive. Saya bukan tipe orang yang suka taro video di feeds. Saya lebih suka di story dan saya bikin highlight. Niat hati pengen di jadiin kenangan.. eh malah mau di apus🫠 padahal saya suka banget sama aplikasi instagram ( tanpa fitur fitur yang ngacoo ),Tolong lah jangan suka nambahin fitur yang tidak berguna [EMO_TRUST] salah satu nya delete archive. Saya bukan tipe orang yang suka taro video di feeds. Saya lebih suka di cerita Instagram dan saya membuat highlight. Niat hati pengen di jadiin kenangan. eh malah mau di apus padahal saya suka banget sama aplikasi instagram ( tanpa fitur fitur yang ngacoo ),4,1,5,Joy
IG-000536,Maya Yuliana,"Makin kesini makin agak lain instagram ini, pertemanan dibatasi terusssssssss, udah dilaporkan masalah yang sama berulang² masih aja gak di perbaiki, saya gak suka instagram ini, mending copot aja, nyesel download nya, gak bisa interaksi sama akun² baru lainnya.","Makin kesini makin agak lain instagram ini, pertemanan dibatasi terus, sudah dilaporkan masalah yang sama berulang² masih aja tidak di perbaiki, saya tidak suka instagram ini, mending copot aja, nyesel download nya, tidak bisa interaksi sama akun² baru lainnya.",5,0,1,Joy
IG-000537,Candra Gunawan,"Halo kenapa fitur profile music ga ada diakun utama aku ya?? Tapi di akun yang lain aku malah ada tolong fix...... Padahal udah diupdate terus, tetep aja masi ga ada.... , ini bug atau apa? Kadang muncul kadang ilang lagi fiturnyaaaaa","Halo kenapa fitur profile music tidak ada diakun utama aku ya? Tapi di akun yang lain aku malah ada tolong fix. Padahal sudah diupdate terus, tetep aja masi tidak ada. , ini gangguan bug sistem atau apa? Kadang muncul kadang ilang lagi fiturnya",4,0,2,Surprise
IG-000538,Elsa Saputri,"ini ig mau di update terus sampe kapan sih, ada aja masalahnya. sekarang gamau update ig nanti arsip storynya ilang. udah bener bener fitur yg tersedia sekarang malah diupdate terus. kalo update fiturnya makin bagus mah gapapa ini malah kualitasnya menurun",ini Instagram mau di update terus sampe kapan gerangan ada aja masalahnya. sekarang gamau update Instagram nanti arsip storynya ilang. sudah benar benar fitur yang tersedia sekarang malah diupdate terus. kalo update fiturnya makin bagus mah tidak apa-apa ini malah kualitasnya menurun,8,0,1,Trust
IG-000539,Hastina,"Please. Untuk fitur hapus cerita/snapgram, bisa nggak kalau hapus cerita/snapgram itu tetap tersimpan di arsip cerita, bukan malah ke ruangan ""baru saja dihapus"". Buat sbagian orng itu ribet. Tolong dong penanganannya🙏🙏","Please. Untuk fitur hapus cerita/snapgram, bisa tidak kalau hapus cerita/snapgram itu tetap tersimpan di arsip cerita, bukan malah ke ruangan ""baru saja dihapus"". membuat sbagian orng itu ribet. Tolong lah penanganannya [EMO_TRUST] [EMO_TRUST]",4,2,1,Optimism
IG-000540,Ata Atana,bisa gak sih kalo update tuh yang jelas ini update tiba² besok nya ilang. fitur musik yang di profil juga gak ada di akun ku terus juga fitur musik yang baru itu juga gak ada di akun ku tolong lah kalo update tu merata padahal aku gak punya akun ke 2 harusnya semua fitur ada di akun ku.,bisa tidak gerangan kalo update tuh yang jelas ini update tiba² besok nya ilang. fitur musik yang di profil juga tidak ada di akun ku terus juga fitur musik yang baru itu juga tidak ada di akun ku tolong lah kalo update tu merata padahal aku tidak memiliki akun ke 2 harusnya semua fitur ada di akun ku.,7,0,1,Optimism
IG-000541,Rahmad Fajar,"Kenapa sekarang semua jadi rels, foto sama vidio biasa diklik jadi rels. Enakan dulu bisa liat foto terus kebawah ketata rapi kalo buka sepak bola scrol sampe bawah postingan bola, buka otomotif scrol sampe bawah otomotif. Sekarang apa2 jadi rels, buka sepak bola scrol bawah udah rels random semua isinya","Kenapa sekarang semua jadi rels, foto sama vidio biasa diklik jadi rels. Enakan dulu bisa melihat foto terus kebawah ketata rapi kalo buka sepak bola scrol sampe bawah unggahan konten bola, buka otomotif scrol sampe bawah otomotif. Sekarang apa2 jadi rels, buka sepak bola scrol bawah sudah rels random semua isinya",4,0,1,Optimism
IG-000542,Meieva Mei,"kenapa ya Instagram story selalu ada tulisan ""cerita tidak tersedia"" kalo cuma 1 atau 2 itu its oke lah, ini banyak bngt yg bikin story tpi klo di buka selalu muncul tulisan kya gitu. tolong diperbaiki lagi ya","kenapa ya Instagram cerita Instagram selalu ada tulisan ""cerita tidak tersedia"" kalo cuma 1 atau 2 itu its oke lah, ini banyak banget yang membuat cerita Instagram tetapi kalau di buka selalu muncul tulisan kya begitu tolong diperbaiki lagi ya",8,0,3,Surprise
IG-000543,Nadilla Lutfiani,"no, harus diperbaiki. setiap mau ngepost story instagram, pasti ada tulisan ""kesalahan"" dan berujung gabisa diposting. ini harus diperbaiki, soalnya ngeganggu dan bikin emosi banget. sampe nangis emosinya, gabisa diposting. kenapa ya ig sekarang?","no, harus diperbaiki. setiap mau ngepost cerita Instagram instagram, pasti ada tulisan ""kesalahan"" dan berujung gabisa diposting. ini harus diperbaiki, soalnya ngeganggu dan membuat emosi banget. sampe nangis emosinya, gabisa diposting. kenapa ya Instagram sekarang?",3,0,2,Anger
IG-000544,Rosdiana,"saya kasih bintang 5 tapi mohon jngan hapus fitur archive/ arsip yang ada di Instagram. soalnya itu sangat penting bagi saya mngkin di orang lain juga, karena dpt menyimpan kenangan (bkn hanya tntng mantan kekasih) melainkan kenangan bersama keluarga, teman, kerabat, sahabat yg udah ga bisa/mngkin udah ga bisa kmbli diulang kejadian tersebut. Saya hanya minta itu saya. krna saya jga tertarik pd Instagram karena ada fitur arsip/ archive nya. untk lain nya menurut saya udah bagus👍🏻👍🏻","saya kasih bintang 5 tapi tolong jngan hapus fitur archive/ arsip yang ada di Instagram. soalnya itu sangat penting bagi saya mngkin di orang lain juga, karena dapat menyimpan kenangan bukan hanya tntng mantan kekasih) melainkan kenangan bersama keluarga, teman, kerabat, sahabat yang sudah tidak bisa/mngkin sudah tidak bisa kmbli diulang kejadian tersebut. Saya hanya minta itu saya. krna saya juga tertarik pada Instagram karena ada fitur arsip/ archive nya. untk lain nya menurut saya sudah bagus [EMO_TRUST] [EMO_TRUST]",12,2,5,Trust
IG-000545,Zio Aliandra,"Aplikasi ig sekarang sudah jelek masa iya bikin akun kedua gak bisa. Kalo updatenya cuma bikin pengguna kecewa mending gausah update, buang buang duit aja tau gak. Paham konsep gak sih!!!!!.","Aplikasi Instagram sekarang sudah jelek masa iya membuat akun kedua tidak bisa Kalo updatenya cuma membuat pengguna kecewa mending gausah update, buang buang duit aja tahu tidak paham konsep tidak gerangan",10,0,1,Sadness
IG-000546,Ryan Patric John,Setiap posting foto sekarang knp jadi gak bisa lagi fitur landscape pada semua nya harus fitur potrait 😠 Tolong di perbaiki apk Instagram nya semakin lama semakin di update malah kek ngebung kya begini sialan 😡🤬 sama juga kalo mau me repost tag orang gak ada musik nya,Setiap mengunggah foto sekarang kenapa jadi tidak bisa lagi fitur landscape pada semua nya harus fitur potrait [EMO_ANGER] Tolong di perbaiki apk Instagram nya semakin lama semakin di update malah seperti ngebung kya begini sialan [EMO_ANGER] [EMO_ANGER] sama juga kalo mau me repost tag orang tidak ada musik nya,6,3,1,Optimism
IG-000547,Risky Dita Saputri,"ARCHIVE STORY ADALAH SEGALA-GALANYA BUAT AKU. Archive ku ada beberapa yang tidak bisa ke buka. SEDIH BANGET, padahal sengaja aku taruh di instagram biar awett, nangis banget kalau hilang semua😔 PLEASE INSTAGRAM, DON'T DO THAT‼️‼️😔😔","ARCHIVE cerita Instagram ADALAH SEGALA-GALANYA membuat AKU. Archive ku ada beberapa yang tidak bisa ke buka. SEDIH BANGET, padahal sengaja aku taruh di instagram biar awett, nangis banget kalau hilang semua PLEASE INSTAGRAM, DON'T DO THAT‼️‼️",3,0,1,Sadness
IG-000548,Susanti Kasim,sebenarnya ig lagi kenapa sih?kok setiap mau upload foto atau video di instastory selalu muncul kesalahan apalagi apklikasi ig udah diupdate!!!!???,sebenarnya Instagram lagi kenapa sih?kok setiap mau upload foto atau video di instastory selalu muncul kesalahan apalagi apklikasi Instagram sudah diupdate?,3,0,1,Anger
IG-000549,Nita,"Sekarang kalau mau posting foto lebih dari 1 ada semacam info untuk mengizinkan atau tidaknya orang lain untuk menambahkan ke postingan ini yg bener"" udah ngerusak algoritma postingan bener"" ga baguss bangett, jadi ngerusak tampilan postingan, mohon untuk di hilangkan saja karna, di klik maupun engga itu tetep ngerusak tampilan foto yg di posting, terimakasii",Sekarang kalau mau mengunggah foto lebih dari 1 ada semacam info untuk mengizinkan atau tidaknya orang lain untuk menambahkan ke unggahan konten ini yang benar sudah ngerusak algoritma unggahan konten benar tidak baguss banget jadi ngerusak tampilan unggahan konten tolong untuk di hilangkan saja karena di klik maupun tidak itu tetep ngerusak tampilan foto yang di mengunggah terimakasii,15,0,1,Sadness
IG-000550,MUZAKKI ACHMAD Z,foto lama di arsip tiba-tiba hilang dan dihapus oleh Instagram sering terjadi bug pengikut tiba-tiba turun sendiri banyak update meta tapi bug belum di perbaiki.🤬🤬,foto lama di arsip tiba-tiba hilang dan dihapus oleh Instagram sering terjadi gangguan bug sistem pengikut tiba-tiba turun sendiri banyak update meta tapi gangguan bug sistem belum di perbaiki. [EMO_ANGER] [EMO_ANGER],2,2,3,Sadness
IG-000551,35 Mochamad Dava Wardana,"Aplikasi ini sangat susah dan merepotkan, disaat ingin memposting sorotan kenapa harus posting cerita dulu, kalau memposting cerita bingkai nya jadi mengecil, itu sangat jelek sekali","Aplikasi ini sangat susah dan merepotkan, disaat ingin memposting sorotan kenapa harus mengunggah cerita dulu, kalau memposting cerita bingkai nya jadi mengecil, itu sangat jelek sekali",1,0,1,Anger
IG-000552,Yusa Setia Budi,"10 tahun main Instagram tiba tiba akun ditangguhkan, alasannya terkait identitas palsu / berpura pura jadi orang lain. Padahal gak pernah ganti username, banyak postingan foto pribadi, sudah tertaut FB & WA. Itu tandanya sudah tidak diperkenankan main Instagram lagi, ya sudah auto uninstall","10 tahun main Instagram tiba tiba akun ditangguhkan, alasannya terkait identitas palsu / berpura pura jadi orang lain. Padahal tidak pernah ganti username, banyak unggahan konten foto pribadi, sudah tertaut FB & WA. Itu tandanya sudah tidak diperkenankan main Instagram lagi, ya sudah auto uninstall",2,0,1,Sadness
IG-000553,Nurrohma Febriyani,"Saya menjamin jika anda menghilangkan seluruh memori arsip Instagram kamu akan bangkrut sejadi jadinya karena kami peminat Instagram karena fitur itu yang paling penting. Lebih baik kamu hapus catatan karena itu tidak penting!! Buatlah fitur yang berguna, bermanfaat dan membuat orang tertarik. Jangan membuat fitur asal-asalan apalagi fitur penting mau di hapus 100% ga akan ada lagi peminat Instagram.","Saya menjamin jika anda menghilangkan seluruh memori arsip Instagram kamu akan bangkrut sejadi jadinya karena kami peminat Instagram karena fitur itu yang paling penting. Lebih baik kamu hapus catatan karena itu tidak penting! Buatlah fitur yang berguna, bermanfaat dan membuat orang tertarik. Jangan membuat fitur asal-asalan apalagi fitur penting mau di hapus 100% tidak akan ada lagi peminat Instagram.",1,0,2,Sadness
IG-000554,Indy Putri irawan,"Instagram kenapa sih notifikasi ga pernah tepat waktu?? Padahal udah diatur supaya semua notifnya aktif,kalau telat 1 atau 2 menit sih wajar tapi ini sampai ½ jam,bahkan sampai ga dapat notif mending tingkatkan instagram daripada menambah aplikasi threads,karna menurut saya orang-orang jarang menggunakan threads","Instagram kenapa gerangan notifikasi tidak pernah tepat waktu? Padahal sudah diatur supaya semua notifnya aktif,kalau telat 1 atau 2 menit gerangan wajar tapi ini sampai ½ jam,bahkan sampai tidak dapat notif mending tingkatkan instagram daripada menambah aplikasi threads,karna menurut saya orang-orang jarang menggunakan threads",5,0,2,Surprise
IG-000555,Shidqi Ryza Nugraha,"Pada versi sebelumnya, saya bisa share reels dengan tampilan terbaru yg utuh, tetapi pada versi terbaru menjadi tidak bisa & kembali ke tampilan lama. Sayang sekali, padahal saya lebuh menyukai tampilan terbaru.","Pada versi sebelumnya, saya bisa share video reels dengan tampilan terbaru yang utuh, tetapi pada versi terbaru menjadi tidak bisa & kembali ke tampilan lama. Sayang sekali, padahal saya lebuh menyukai tampilan terbaru.",4,0,3,Optimism
IG-000556,NurFitri Asma,Instagram sekarang aneh yaa.. follow/follback gak banyak² amat paling banyak saya follow orang cuma 5 per hari nya..tapi di batasi Saya udah ganti akun instagramnya 3 kali karena di nonaktifkan secara tiba-tiba karena follow Ig orang yang gak banyak² amat Kecewa 100% sama Instagram sekarang Tolong dong perbaiki lagi Instagram nya,Instagram sekarang aneh ya follow/follback tidak banyak² amat paling banyak saya follow orang cuma 5 per hari nya.tapi di batasi Saya sudah ganti akun instagramnya 3 kali karena di nonaktifkan secara tiba-tiba karena follow Instagram orang yang tidak banyak² amat Kecewa 100% sama Instagram sekarang Tolong lah perbaiki lagi Instagram nya,6,0,1,Sadness
IG-000557,Naufal Yahya,"Mohon kepada pihak instagram agar bug loading saat reset passwordnya diperbaiki. Karena ketika saya menerima email dari instagram untuk reset password, saya sudah memasuki link reset password tersebut, namun setelah masuk, loadingnya lama sekali dan tidak ada perubahan sama sekali. Mohon untuk segera diperbaiki karena saya ingin menghapus akun Instagram saya","tolong kepada pihak instagram agar gangguan bug sistem proses memuat saat reset passwordnya diperbaiki. Karena ketika saya menerima email dari instagram untuk reset password, saya sudah memasuki link reset password tersebut, namun setelah masuk, loadingnya lama sekali dan tidak ada perubahan sama sekali. tolong untuk segera diperbaiki karena saya ingin menghapus akun Instagram saya",4,0,1,Anticipation
IG-000558,Maz Yopan,"Maaf sebelumnya kenapa upload insta story selalu gagal terus, padahal jaringan wifi atau data seluler masih lancar, mohon untuk memperbaiki bug pada insta story agar bisa terkirim Insta story nya 🙏🏼🙏🏼🙏🏼","Maaf sebelumnya kenapa upload Instagram cerita Instagram selalu gagal terus, padahal jaringan wifi atau data seluler masih lancar, tolong untuk memperbaiki gangguan bug sistem pada Instagram cerita Instagram agar bisa terkirim Instagram cerita Instagram nya [EMO_TRUST] [EMO_TRUST] [EMO_TRUST]",9,3,1,Optimism
IG-000559,Rendy Firmansyah Haris R,"Ada bug untuk pada device Samsung a35,a54 dst,,, ketika memakai filter kamera menjadi berkedip.... Mohon solusinya.... Bug dari Instagram atau dari OS Samsung nya kurang tahu","Ada gangguan bug sistem untuk pada device Samsung a35,a54 dst, ketika memakai filter kamera menjadi berkedip. tolong solusinya. gangguan bug sistem dari Instagram atau dari OS Samsung nya kurang tahu",3,0,5,Joy
IG-000560,Almira Tsania Aflah,"kenapa bbrpa kali buat snapgram menggunakan grid, tulisan, lagu dan dengan tambahan fitur2 lainnya saat di up selalu kesalahan dan otomatis terhapus pdhal dah kita edit sedemikian rupa","kenapa bbrpa kali membuat snapgram menggunakan grid, tulisan, lagu dan dengan tambahan fitur2 lainnya saat di up selalu kesalahan dan otomatis terhapus pdhal dah kita edit sedemikian rupa",2,0,2,Anger
IG-000561,Alan Budi Kusuma,"Saya memposting sesuatu di Instagram supaya bisa mengenang momen"" nya. Makannya tolong batalkan tentang penghapusan arsip di Instagram. Karna itu akan membuat banyak orang yang kecewa, dan mungkin tidak ingin lagi mengunggah apa"" di Instagram","Saya memposting sesuatu di Instagram supaya bisa mengenang momen"" nya. Makannya tolong batalkan tentang penghapusan arsip di Instagram. karena itu akan membuat banyak orang yang kecewa, dan mungkin tidak ingin lagi mengunggah apa"" di Instagram",2,0,1,Sadness
IG-000562,Michael Frily,"niat ga sih? bukan nya makin maju malah makin ngaco ! gue cuman mau bikin akun baru, muncul terus tulisan ""harap tunggu beberapa menit sebelum mencoba lagi"" heyyy? saya nunggu lama tapi hasil nya tulisan nya gitu mulu... gue tunggu sampai 3 hari lebih buat nyoba buat masih aja yang muncul tulisan itu... lalu juga buat mulihin akun sedikit"" ada masalah, gue juga cuman mau riset sandi akun gue yang ilang heyy masih aja tulisan ada masalah mau sampai kapan?? gue saranin perbaikin lagi apk nya.","niat tidak gerangan bukan nya makin maju malah makin ngaco ! saya cuman mau membuat akun baru, muncul terus tulisan ""harap tunggu beberapa menit sebelum mencoba lagi"" hey? saya nunggu lama tapi hasil nya tulisan nya begitu mulu. saya tunggu sampai 3 hari lebih membuat nyoba membuat masih aja yang muncul tulisan itu. lalu juga membuat mulihin akun sedikit"" ada masalah, saya juga cuman mau riset sandi akun saya yang ilang heyy masih aja tulisan ada masalah mau sampai kapan? saya saranin perbaikin lagi apk nya.",12,0,3,Optimism
IG-000563,Gia suciani,"Sejauh ini saya pengguna instagram yg cukup lama,tapi ketika ada pembaharuan fitur font di akun saya,selalu tidak muncul,padahal sudah saya update di playstore.Sudah saya cba log out dahulu dan sudah saya coba hapus aplikasinya,namun hasilnya sama","Sejauh ini saya pengguna instagram yang cukup lama,tapi ketika ada pembaharuan fitur font di akun saya,selalu tidak muncul,padahal sudah saya update di playstore.Sudah saya cba log out dahulu dan sudah saya coba hapus aplikasinya,namun hasilnya sama",1,0,3,Trust
IG-000564,Wildan Anugrah Pratama,"Saya kasih bintang 5 karena fitur nya sudah sangat bagus, dan tolong untuk tingkatkan terus saran saya tolong adakan fitur yang bisa melihat orang lain itu follow ga akun kita, atau unfollow serta tolong hapus centang biru bagi orang yang bukan publik figure karena centang biru itu hanya bisa didapatkan oleh orang yang memang benar benar membutuhkannya, seperti artis, aktor/aktris, dan lembaga lembaga yang sudah resmi Terimakasih sebelumnya","Saya kasih bintang 5 karena fitur nya sudah sangat bagus, dan tolong untuk tingkatkan terus saran saya tolong adakan fitur yang bisa melihat orang lain itu follow tidak akun kita atau unfollow serta tolong hapus centang biru bagi orang yang bukan publik figure karena centang biru itu hanya bisa didapatkan oleh orang yang memang benar benar membutuhkannya, seperti artis, aktor/aktris, dan lembaga lembaga yang sudah resmi Terimakasih sebelumnya",4,0,5,Trust
IG-000565,pan pan,"ig kenapa si? kok saya gabisa ngeliat sg orng' ya? malah ada tulisan 'cerita ini tidak tersedia' pas saya mau ngeliat sg orng', kenapa ini? bug kah? tolong perbaiki lagi 🙏🏻 seharusnya semakin di update semakin bagus, bukannya semakin di update malah semakin rusak. TOLONG DI PERBAIKI LAGI PIHAK IG.","Instagram kenapa si? mengapa saya gabisa ngeliat sg orng' ya? malah ada tulisan 'cerita ini tidak tersedia' saat saya mau ngeliat sg orng', kenapa ini? gangguan bug sistem kah? tolong perbaiki lagi [EMO_TRUST] seharusnya semakin di update semakin bagus, bukannya semakin di update malah semakin tidak berfungsi TOLONG DI PERBAIKI LAGI PIHAK Instagram",6,1,1,Surprise
IG-000566,Fitri Cirebon,"Tolong di perbaiki ya, kenapa sudah beberapa hari ini ketika saya sedang membuka apk Instagram terus tiba tiba dia berhenti dan keluar dengan sendiri nya, macet pdahal sudah saya perbaiki.. tolong ya di perbaiki kembali","Tolong di perbaiki ya, kenapa sudah beberapa hari ini ketika saya sedang membuka apk Instagram terus tiba tiba dia berhenti dan keluar dengan sendiri nya, macet pdahal sudah saya perbaiki. tolong ya di perbaiki kembali",0,0,4,Surprise
IG-000567,Ines Ines,"Instagram sudah bagus, tapi seharian ini story saya terus terkena pelanggaran dengan alasan tidak masuk akal. Itu hanca lelucon. Saya merasa kecewa karena hal yang tidak mengandung unsur sensitif terkena pelanggaran, sedangkan yang jelas konten sensitif malah di biarkan saja","Instagram sudah bagus, tapi seharian ini cerita Instagram saya terus terkena pelanggaran dengan alasan tidak masuk akal. Itu hanca lelucon. Saya merasa kecewa karena hal yang tidak mengandung unsur sensitif terkena pelanggaran, sedangkan yang jelas konten sensitif malah di biarkan saja",1,0,2,Sadness
IG-000568,Tsaqif TJ Ro'uf,"tolong dong untuk pihak instagram, supaya ngembangin lagi, dan memperhatikan lagi mengenai banding dan penangguhan akun, karena dari kita tuh ada yang butuh dan itu urgent... yang mana itu sangat berkendala sekali... tolong pihak instagram untuk memperbaiki lagi🙏","tolong lah untuk pihak instagram, supaya ngembangin lagi, dan memperhatikan lagi mengenai banding dan penangguhan akun, karena dari kita tuh ada yang butuh dan itu urgent. yang mana itu sangat berkendala sekali. tolong pihak instagram untuk memperbaiki lagi [EMO_TRUST]",2,1,1,Sadness
IG-000569,Ayla Filifera,"Instagram sebaiknya tetap mempertahankan fitur Archive Story, karena fitur ini sangat berguna untuk menyimpan kenangan dan momen berharga tanpa harus membagikannya secara permanen di profil. (jika fitur Archive Story tidak dihapus, saya akan kasih bintang 5)","Instagram sebaiknya tetap mempertahankan fitur Archive cerita Instagram karena fitur ini sangat berguna untuk menyimpan kenangan dan momen berharga tanpa harus membagikannya secara permanen di profil. (jika fitur Archive cerita Instagram tidak dihapus, saya akan kasih bintang 5)",2,0,4,Joy
IG-000570,hartina pangaribuan,"Tolong diperbaiki sistem nya Meta. Buka ig dan fb di pc suka offline tiba tiba namun ketika buka dari hp bagus bagus saja. Sekelas meta bisa down server nya begini, tapi kalau memblokir wa kalian cepat kali","Tolong diperbaiki sistem nya Meta. Buka Instagram dan fb di pc suka offline tiba tiba namun ketika buka dari hp bagus bagus saja. Sekelas meta bisa down server nya begini, tapi kalau memblokir wa kalian cepat kali",2,0,1,Joy
IG-000571,rahmaa fadhilah,"suka banget sama instagramm, aku download dari aku masih kelas 5 sekolah dasar sampe sekarang aku udah tamat sekolah masih di akun yang sama dan aku selalu bangga sama instagram. sedikit ulasan aja for developer plisss fitur archive story jangan di ilangin yaa, itu ngebantu banget kalo mau bikin sorotan atau mau simpen kenangan selain di galeri. karna di galeri mudah ke hapus sendiri, jadi tolong banget jangan sampe di ilangin yaa archive story/arsip cerita nyaa tolooonggg bangettt makasiih","suka banget sama instagramm, aku download dari aku masih kelas 5 sekolah dasar sampe sekarang aku sudah tamat sekolah masih di akun yang sama dan aku selalu bangga sama instagram. sedikit ulasan aja for developer tolong fitur archive cerita Instagram jangan di ilangin ya itu ngebantu banget kalo mau membuat sorotan atau mau simpen kenangan selain di galeri. karena di galeri mudah ke hapus sendiri, jadi tolong banget jangan sampe di ilangin ya archive story/arsip cerita nyaa tolong banget makasiih",7,0,5,Joy
IG-000572,Nabil Sasbianto89,"banyak fitur Instagram yang dihapus padahal fitur tuh berguna banget buat user fitur simpan music dicatatan,daftar musik yang disimpan juga dihapus apalah Instagram nih padahal banyak lagi enak yang udah di simpen malah di hapus fiturnya","banyak fitur Instagram yang dihapus padahal fitur tuh berguna banget membuat user fitur simpan music dicatatan,daftar musik yang disimpan juga dihapus apalah Instagram nih padahal banyak lagi enak yang sudah di simpen malah di hapus fiturnya",2,0,1,Sadness
IG-000573,Lutfiah Amalia,"Gimana ini sih masa aku pakai camera Instagram mau pakai filter terus klik fitur hands-free, Boomerang klik di filter buat video camera erro dan kedap kedip, tolong dong diperbaiki sudah lamaa pakai Instagram.. untuk hp tidak ada masalah 😡😡😡😡","Gimana ini gerangan masa aku pakai camera Instagram mau pakai filter terus klik fitur hands-free, Boomerang klik di filter membuat video camera erro dan kedap kedip, tolong lah diperbaiki sudah lamaa pakai Instagram. untuk hp tidak ada masalah [EMO_ANGER] [EMO_ANGER] [EMO_ANGER] [EMO_ANGER]",3,4,1,Sadness
IG-000574,Rasyida333,"kesel bgt slalu aja klo mw ngepost kesalahan mulu padahal jaringan bagus memo juga masi bnyk tetep aja gabisa, bisa juga paling klo polosan gpke filter sama musik jdinya jelek ew tolong dong benerin udh dr lama sabar terus tetep aja kesalahan kenapa si?? pengen tu ngepost tinggal ngepost gausa mikirin memo jaringan gajelas, eror deh apk ini cpetan benrin, jadi klo mau post gaenak, bnyak bug lagi TOLONG BACA!","kesel banget slalu aja kalau mw ngepost kesalahan mulu padahal jaringan bagus memo juga masi bnyk tetep aja gabisa, bisa juga paling kalau polosan gpke filter sama musik jdinya jelek ew tolong lah memperbaiki sudah dari lama sabar terus tetep aja kesalahan kenapa si? pengen tu ngepost tinggal ngepost gausa mikirin memo jaringan gajelas, eror sudahlah apk ini cpetan benrin, jadi kalau mau unggahan gaenak, bnyak gangguan bug sistem lagi TOLONG BACA!",12,0,2,Anger
IG-000575,Khaerul,"Ini ig kenapa kayak bermasalah yaa, saya ga bisa liat postingan² terbaru, ada juga beberapa postingan atau story yang sudah saya lihat, tiba² hilang padahal tidak dihapus sama yang punyaa, apakah ig saya dibajak, atau gimana? Mohon diperhatikan😭😭","Ini Instagram kenapa seperti bermasalah ya saya tidak bisa melihat postingan² terbaru, ada juga beberapa unggahan konten atau cerita Instagram yang sudah saya lihat, tiba² hilang padahal tidak dihapus sama yang punyaa, apakah Instagram saya dibajak, atau gimana? tolong diperhatikan [EMO_SADNESS] [EMO_SADNESS]",10,2,1,Sadness
IG-000576,Zidan Nabil,"banyak bug gajelas skarang!, saya lagi kena bug gabisa di tag sama orang sama sekali, padahal akun ga private dan saya pun udah mengizinkan semua orang untuk ngetag saya, tapi tetap tidak bisa, udah kasih laporan masalah di apk, tapi masih gada respon sama sekali, KECEWA!!.","banyak gangguan bug sistem gajelas skarang, saya lagi kena gangguan bug sistem gabisa di tag sama orang sama sekali, padahal akun tidak private dan saya pun sudah mengizinkan semua orang untuk ngetag saya, tapi tetap tidak bisa sudah kasih laporan masalah di apk, tapi masih gada respon sama sekali, KECEWA.",6,0,1,Sadness
IG-000577,Choco Jelly,"aplikasi Instagram sekarang gajelas banget, akun saya sama sekali ngga ngelakuin tindakan mencurigakan/criminal malah kena suspend, terus waktu mau ngajuin banding malah di persulit, kalo kaya gini gimana akun saya bisa kembali? tolong doang sistem nya di perbaiki lagi, ini jelas merugikan dan menghambat saya dalam menggunakan aplikasi Instagram","aplikasi Instagram sekarang gajelas banget, akun saya sama sekali tidak ngelakuin tindakan mencurigakan/criminal malah kena suspend, terus waktu mau ngajuin banding malah di persulit, kalo kaya begini gimana akun saya bisa kembali? tolong doang sistem nya di perbaiki lagi, ini jelas merugikan dan menghambat saya dalam menggunakan aplikasi Instagram",3,0,1,Sadness
IG-000578,Shandika Dika,"Setelah update makin byk bug, story yg diarsipkan tidak muncul ketika saya melihat di pengaturan arsip cerita, story Ig saya hilang begitu saja bak ditelan bumi.","Setelah update makin byk gangguan bug sistem cerita Instagram yang diarsipkan tidak muncul ketika saya melihat di pengaturan arsip cerita, cerita Instagram Instagram saya hilang begitu saja bak ditelan bumi.",5,0,1,Sadness
IG-000579,Rezy Alfionita,"Aplikasi nya semuanya bagus tapi kekurangan nya cuma satu, saat kita buat video di filter ig itu jadi lambat padahal pas ngevidio itu pas","Aplikasi nya semuanya bagus tapi kekurangan nya cuma satu, saat kita membuat video di filter Instagram itu jadi lambat padahal saat ngevidio itu saat",5,0,4,Trust
IG-000580,Dimas Angkasa,Sebenarnya Instagram tidak perlu menambahkan fitur keamanan bahwa akun ini milik anda Karena sebenarnya fitur ini yang ada malah membuat kami sulit login di hp lain.. Tolong berfikirlah Instagram.! Upaya mencurigakan sampah! Gaberguna! Bikin susah login! Mikirlah!,Sebenarnya Instagram tidak perlu menambahkan fitur keamanan bahwa akun ini milik anda Karena sebenarnya fitur ini yang ada malah membuat kami sulit login di hp lain. Tolong berfikirlah Instagram! Upaya mencurigakan sampah! Gaberguna! membuat susah login! Mikirlah!,1,0,1,Anger
IG-000581,Mufida Amilatusholekha,"Instagram sebaiknya tetap mempertahankan fitur Archive Story, karena fitur ini sangat berguna untuk menyimpan kenangan dan momen berharga tanpa harus membagikannya secara permanen di profil. plz la Instagram",Instagram sebaiknya tetap mempertahankan fitur Archive cerita Instagram karena fitur ini sangat berguna untuk menyimpan kenangan dan momen berharga tanpa harus membagikannya secara permanen di profil. plz la Instagram,1,0,2,Sadness
IG-000582,Kesya,"plis ini ig bermasalah atau akun ku yg error? stiap mau follow akun yg publik pasti ngga bisa dn muncul tulisan ""permintaan anda tertunda"" tapi giliran follow akun yg privat itu bisa, tlong lah klo kek gini jdi nyusahin banget, udah update jga pdahal","tolong ini Instagram bermasalah atau akun ku yang kesalahan sistem stiap mau follow akun yang publik pasti tidak bisa dn muncul tulisan ""permintaan anda tertunda"" tapi giliran follow akun yang privat itu bisa tlong lah kalau seperti begini jdi nyusahin banget, sudah update juga pdahal",14,0,1,Anger
IG-000583,Daffa Maulana,"Banyak bug,contohnya ada beberapa video yg ga bisa disimpan ke koleksi,tekan tertarik tapi malah konten lain yg muncul.Tolong diperbaiki","Banyak bug,contohnya ada beberapa video yang tidak bisa disimpan ke koleksi,tekan tertarik tapi malah konten lain yang muncul.Tolong diperbaiki",4,0,1,Optimism
IG-000584,Muhammad Arifandi Priyandana,saran saya untuk tim developer untuk lebih teliti lagi dalam hal kinerja nya. baru saja kemarin saya tiba-tiba di suspend dengan alasan tidak mengikuti peraturan komunitas sedangkan saya tidak melakukan apa-apa. bahkan sampai sekarang saya masih belum bisa memakai akun instagram saya. Sekali lagi teruntuk tim developer mohon pencerahan nya. terimakasih : ),saran saya untuk tim developer untuk lebih teliti lagi dalam hal kinerja nya. baru saja kemarin saya tiba-tiba di suspend dengan alasan tidak mengikuti peraturan komunitas sedangkan saya tidak melakukan apa-apa. bahkan sampai sekarang saya masih belum bisa memakai akun instagram saya. Sekali lagi teruntuk tim developer tolong pencerahan nya. terimakasih : ),2,0,1,Optimism
IG-000585,Andi Taru,"Bugnya semakin parah. Gambar pertama carousel selalu ga muncul, ada notifikasi comment tp setelah di click kosong, dan banyak hal lucu lainnya.","Bugnya semakin parah. Gambar pertama carousel selalu tidak muncul, ada notifikasi comment tetapi setelah di click kosong, dan banyak hal lucu lainnya.",2,0,2,Sadness
IG-000586,Cantika Ratnasari,"Semuanya bagus,tapi ada satu saran sih, tolong dong kalau bisa karena Sekarang kan ada catatan nya nih,nah untuk catatan itu bisa ngak sih dibuatin orang ngeliat catatan kita atau tampilan yg melihat catatan kita Hanya itu deh Sekian terimakasih","Semuanya bagus,tapi ada satu saran gerangan tolong lah kalau bisa karena Sekarang bukankah ada catatan nya nih,nah untuk catatan itu bisa ngak gerangan dibuatin orang ngeliat catatan kita atau tampilan yang melihat catatan kita Hanya itu sudahlah Sekian terimakasih",10,0,5,Trust
IG-000587,Fiqih Maulana,"Sering bug, buka aplikasi sendiri, padahal lagi buka aplikasi lain tiba² buka sendiri. Sering refresh sendiri juga. Perbaiki lagi bug nya","Sering gangguan bug sistem buka aplikasi sendiri, padahal lagi buka aplikasi lain tiba² buka sendiri. Sering refresh sendiri juga. Perbaiki lagi gangguan bug sistem nya",2,0,2,Sadness
IG-000588,Easty _86,Kenapa akun saya di suspend dan dibilang akun palsu padahal ada foto profil dan pribadi. Terus harus ajukan banding kalo gak dihapus permanen. Memang nya saya ngapain ?? Trus di suruh masukkan email dan nomor telepon katanya tidak valid. Padahal dari awal saya bikin Ig nomor itu. Aplikasi taik,Kenapa akun saya di suspend dan dibilang akun palsu padahal ada foto profil dan pribadi. Terus harus ajukan banding kalo tidak dihapus permanen. Memang nya saya ngapain ? Trus di suruh masukkan email dan nomor telepon katanya tidak valid. Padahal dari awal saya membuat Instagram nomor itu. Aplikasi taik,3,0,1,Surprise
IG-000589,Joni AH Sitorus,Saya tidak suka pembatasan postingan saya krn sebenarnya saya lah yang telah terhasut oleh kelakukan Wasit asal Oman atas pertandingan Sepak bola antara Bahrain vs Indonesia. Saya akan uninstall ini aplikasi selama beberapa waktu jika akun saya tidak segera di normalisasi oleh Meta. Saya akan gunakan aplikasi TELEGRAM buatan Rusia atau VK nya Rusia..,Saya tidak suka pembatasan unggahan konten saya karena sebenarnya saya lah yang telah terhasut oleh kelakukan Wasit asal Oman atas pertandingan Sepak bola antara Bahrain vs Indonesia. Saya akan uninstall ini aplikasi selama beberapa waktu jika akun saya tidak segera di normalisasi oleh Meta. Saya akan gunakan aplikasi TELEGRAM buatan Rusia atau VK nya Rusia.,2,0,1,Joy
IG-000590,Indra Muliana,"Kok setiap saya buka vidio Instagram kadang vidionya g gerak tapi waktu nya jalan, ini bug atau gimna ya ? Padahal saya pake wifi dan data tetep g jalan. MOHON DI PERBAIKI DOANG","mengapa setiap saya buka vidio Instagram kadang vidionya tidak gerak tapi waktu nya jalan, ini gangguan bug sistem atau gimna ya ? Padahal saya pakai wifi dan data tetep tidak jalan. tolong DI PERBAIKI DOANG",6,0,1,Surprise
IG-000591,Danindrarhmat putra,"sering error, uda seminggu ini sering error harus install ulang trs login ulang baru bisa, capek tiap hari kek gitu mulu. mohon perbaiki maintenance nya sangat mengganggu🙏🏻",sering kesalahan sistem sudah seminggu ini sering kesalahan sistem harus install ulang trs login ulang baru bisa capek tiap hari seperti begitu mulu. tolong perbaiki maintenance nya sangat mengganggu [EMO_TRUST],7,1,1,Anger
IG-000592,Rima Nor Fadilla,"buruk,sudah rutin diperbarui bukannya makin bagus malah makin sering tidak respon, pdhl hp saya masih luas sekali penyimpanananya. jadi apa kelebihannya kalau di update? menyedihkan","buruk,sudah rutin diperbarui bukannya makin bagus malah makin sering tidak respon, pdhl hp saya masih luas sekali penyimpanananya. jadi apa kelebihannya kalau di update? menyedihkan",0,0,1,Anger
IG-000593,Xen122 Xen-,"aplikasi nya bagus,cuman kenapa setiap kita ingin ganti password yang lupa tidak verifikasi ke nomor atau ke email kita sendiri,malah harus email dari Instagram nya,saya lupa apa kata sandi ig saya,dan saya saat ingin mengganti kata sandi ig saya tapi loading nya sangat lama,bahkan tidak akan bisa muncul","aplikasi nya bagus,cuman kenapa setiap kita ingin ganti password yang lupa tidak verifikasi ke nomor atau ke email kita sendiri,malah harus email dari Instagram nya,saya lupa apa kata sandi Instagram saya,dan saya saat ingin mengganti kata sandi Instagram saya tapi proses memuat nya sangat lama,bahkan tidak akan bisa muncul",6,0,2,Trust
IG-000594,Putra Tarigan81,"tolong perbaiki aplikasi nya, saya punya 3 akun di ig dan semua nya kena banding, saya bermain ig hanya untuk mencari hiburan tapi kenapa semua akun saya kena banding, TOLONG SEGERA DI PERBAIKI APLIKASI NYA","tolong perbaiki aplikasi nya, saya memiliki 3 akun di Instagram dan semua nya kena banding, saya bermain Instagram hanya untuk mencari hiburan tapi kenapa semua akun saya kena banding, TOLONG SEGERA DI PERBAIKI APLIKASI NYA",3,0,1,Anticipation
IG-000595,Silky Ezra Alawiya,kalo sampe fitur arsip dihilangkan gabakalan make ig lagi!!! pliss dong kami semua mau pake apk ini karna fitur arsipnya. klo fitur arsip ilang udah gada spesialnya ni apk mending di apus aja akunnya dan ga akan pernah pake ni apk lagi!!! plis kecewa beratt,kalo sampe fitur arsip dihilangkan gabakalan make Instagram lagi! pliss lah kami semua mau pakai apk ini karena fitur arsipnya. kalau fitur arsip ilang sudah gada spesialnya ni apk mending di apus aja akunnya dan tidak akan pernah pakai ni apk lagi! tolong kecewa beratt,9,0,5,Sadness
IG-000596,Ayu Kurnia pratiwi,"Story sekarang terbatas hanya sampai beberapa org aja, gak bisa di scroll kesamping, foto momen berharga tiba2 hilang dr profil tanpa pemberitahuan. Udah lama males pakai instagram. Mentang2 udah banyak penggunanya jadi semena2.","cerita Instagram sekarang terbatas hanya sampai beberapa org aja, tidak bisa di scroll kesamping, foto momen berharga tiba2 hilang dari profil tanpa pemberitahuan. sudah lama males pakai instagram. Mentang2 sudah banyak penggunanya jadi semena2.",6,0,1,Sadness
IG-000597,gunggeklaksmi,"Aku sempat deactive 1 minggu, tpi kemarin mau log in kenapa susah banget ya.. Biasanya langsung bisa log in.. Ini terus muncul notifikasi BUG.. tlg dung perbaiki dung.. makasi","Aku sempat deactive 1 minggu, tetapi kemarin mau log in kenapa susah banget ya. Biasanya langsung bisa log in. Ini terus muncul notifikasi gangguan bug sistem tolong dung perbaiki dung. makasi",4,0,3,Optimism
IG-000598,Giah S,kenapa saya tidak memberikan 5 bintang karena di berbincang sosmed apakah benar meta akan menghapus arsip ig?? menurut saya arsip itu sangat penting karena kita bisa melihat moment² yang sudah kita posting dan semisal di galeri hilang atau gimana kita bisa melihat di arsip,kenapa saya tidak memberikan 5 bintang karena di berbincang sosmed apakah benar meta akan menghapus arsip Instagram menurut saya arsip itu sangat penting karena kita bisa melihat moment² yang sudah kita mengunggah dan semisal di galeri hilang atau gimana kita bisa melihat di arsip,7,0,4,Optimism
IG-000599,agust kihelta,Media yang fleksibel untuk banyak hal dan menyenangkan untuk digunakan. Hanya saja saya jarang menggunakannya dan sulit juga karna harus menggunakan data 👍😅😁,Media yang fleksibel untuk banyak hal dan menyenangkan untuk digunakan. Hanya saja saya jarang menggunakannya dan sulit juga karena harus menggunakan data [EMO_TRUST] [EMO_JOY],1,2,2,Sadness
IG-000600,Muhammad Shaquel Bachdar,"untuk sementara aku kasih bintang 3 yah, kecewa banget biasanya setiap mau bagikan ke fb langsung bisalah setelah update an terbaru malah ngk bisa kek nge bug gitu ngk tau dah kenapa pusing sumpah udah gua utam atik sana sini malah tetap ngk bisa","untuk sementara aku kasih bintang 3 yah, kecewa banget biasanya setiap mau bagikan ke fb langsung bisalah setelah update an terbaru malah ngk bisa seperti nge gangguan bug sistem begitu ngk tahu dah kenapa pusing sumpah sudah saya utam atik sana sini malah tetap ngk bisa",8,0,4,Optimism
IG-000601,Tika Ponsel,Tolong ini gimana yah kok Instagram nya nggak bisa liat sg orang yang baru bisa nya cmn yg di buat kmren² doang sama postingan juga nggak ada postingan yang baru ada nya cuman yang kmren² doang tolong di perbaiki lagi Instagram nya🙏🏻,Tolong ini gimana yah mengapa Instagram nya tidak bisa melihat sg orang yang baru bisa nya cmn yang di membuat kmren² doang sama unggahan konten juga tidak ada unggahan konten yang baru ada nya cuman yang kmren² doang tolong di perbaiki lagi Instagram nya [EMO_TRUST],10,1,1,Optimism
IG-000602,Vevy Ardiyanti,"kek manaa inii skrg bugnya banyak bangettt, restore story tapi yg ke restrore bukan story yg w mau malah story yg lain.. follower/following tiap hari nurun abistu besoknya balik lagi.. tlg dong dibenerin lagi bugnya, aplikasi anda ini populer loh berguna buat semua khalayak.. thankyou","seperti manaa inii sekarang bugnya banyak banget, restore cerita Instagram tapi yang ke restrore bukan cerita Instagram yang w mau malah cerita Instagram yang lain. follower/following tiap hari nurun abistu besoknya balik lagi. tolong lah dibenerin lagi bugnya, aplikasi anda ini populer loh berguna membuat semua khalayak. thankyou",11,0,1,Sadness
IG-000603,Daniel Gunforce,Udah bikin story kok malah enggak bisa.. (Menunggu koneksi) padahal wifi & paket data aman lancar Tolong diperbaiki lagi min..,sudah membuat cerita Instagram mengapa malah tidak bisa (Menunggu koneksi) padahal wifi & paket data aman lancar Tolong diperbaiki lagi min.,6,0,4,Trust
IG-000604,Wijdan,tolong perbaiki bagian lihat pengikut yang mulai ada bug. mulai dari pengikut yang akunnya menjadi dua atau freeze saat memulai penyegaran di bagian pengikut,tolong perbaiki bagian lihat pengikut yang mulai ada gangguan bug sistem mulai dari pengikut yang akunnya menjadi dua atau freeze saat memulai penyegaran di bagian pengikut,1,0,3,Trust
IG-000605,Fadli Bimantoro,"payah skrg instagram sejak dibeli facebook, akun ig gue ke hack 2x, intinya gua gapernah macem2, tiba2 ke logout, and then, sudah nomer orang ga dikenal didalamnya, udh ngelakuin berbagai cara mulai dari yt, tiktok, jasa, tetep aja gada yg berfungsi, emg klo udh masuk ke bukan nomor kita susah, safety all","payah sekarang instagram sejak dibeli facebook, akun Instagram saya ke hack 2x, intinya saya gapernah macem2, tiba2 ke logout, and then, sudah nomer orang tidak dikenal didalamnya, sudah ngelakuin berbagai cara mulai dari yt, tiktok, jasa, tetep aja gada yang berfungsi, memang kalau sudah masuk ke bukan nomor kita susah, safety all",11,0,1,Sadness
IG-000606,Putra Rahmansyah,"kenapa instagram saya seperti ada gangguan jaringan? tapi saya membuka sosial media lainnya masih bisa. sempat saya uninstal lalu download lagi bisa dibuka, setelah beberapa menit begitu lagi. padahal bertahun² menggunakan instagram gapernah seperti ini","kenapa instagram saya seperti ada gangguan jaringan? tapi saya membuka sosial media lainnya masih bisa sempat saya uninstal lalu download lagi bisa dibuka, setelah beberapa menit begitu lagi. padahal bertahun² menggunakan instagram gapernah seperti ini",2,0,3,Optimism
IG-000607,yudhanim “yutanime” #,"bagus si, cuman kenapa saran tambahkan teman selalu muncul di beranda di atas dekat bar story, mengganggu banget. tolong beri fitur hapus saran teman atau apalah itu. jika sudah berhasil menghapus atau menambahkan fitur masukan saya, saya beri bintang 5. overall bagus. terimakasih","bagus si, cuman kenapa saran tambahkan teman selalu muncul di beranda di atas dekat bar cerita Instagram mengganggu banget. tolong beri fitur hapus saran teman atau apalah itu. jika sudah berhasil menghapus atau menambahkan fitur masukan saya, saya beri bintang 5. overall bagus. terimakasih",1,0,3,Joy
IG-000608,Dasya Noya,kecewa sama instagram. fitur yang spesial menurut sy ya arsipnya. skrg malah mau di apus 😴 trs jg vidio di arsip jd foti banyak foto2 yg udh ilang. gmn sih instagram?? gapernah sekecewa ini sama aplikasi 🥺 semoga banget arsip ga di ilangin 🥺🙏,kecewa sama instagram. fitur yang spesial menurut saya ya arsipnya. sekarang malah mau di apus trs juga vidio di arsip jd foti banyak foto2 yang sudah ilang. bagaimana gerangan instagram? gapernah sekecewa ini sama aplikasi [EMO_SADNESS] semoga banget arsip tidak di ilangin [EMO_SADNESS] [EMO_TRUST],8,3,1,Sadness
IG-000609,Zufri Zefti,"Tiap buka ig selalu melanggar aturan postingan dari cerita/reel facebook. Dan setelah itu apk ngeblank warna putih semua, kalau gak mau bisa sinkron dg post dari facebook ya udah gak usah bertele2, di update bukane membaik malah makij busuk","Tiap buka Instagram selalu melanggar aturan unggahan konten dari cerita/reel facebook. Dan setelah itu apk ngeblank warna putih semua, kalau tidak mau bisa sinkron dengan unggahan dari facebook ya sudah tidak usah bertele2, di update bukane membaik malah makij busuk",8,0,1,Optimism
IG-000610,Pipin Alzian,"Makin lama makin kaga jelas tiba tiba sering ngefollow orng sendiri udh di unfoll malah di follow sendiri lagi, trus pas mau ganti kata sandi malah kaga bisa malah kata sandi salah padahal udh bener masukin sandi nya, tapi tetep aja salah, arsip vidio malah jadi foto, arsip foto malah jadi item","Makin lama makin kaga jelas tiba tiba sering ngefollow orng sendiri sudah di unfoll malah di follow sendiri lagi, trus saat mau ganti kata sandi malah kaga bisa malah kata sandi salah padahal sudah benar masukin sandi nya, tapi tetep aja salah, arsip vidio malah jadi foto, arsip foto malah jadi item",5,0,1,Optimism
IG-000611,Qanisma Ainindri,"kabarnya archive story instagram akan di hapus, saya sangat tidak setuju, karna alasan saya memakai instagram itu untuk menyimpan kenangan yg tidak dapat saya simpan di galeri hp saya, tolong jangan hilangkan vitur archive story, lebih baik vitur yg lain di tambah, thanks","kabarnya archive cerita Instagram instagram akan di hapus, saya sangat tidak setuju, karena alasan saya memakai instagram itu untuk menyimpan kenangan yang tidak dapat saya simpan di galeri hp saya, tolong jangan hilangkan vitur archive cerita Instagram lebih baik vitur yang lain di tambah, terima kasih",6,0,1,Sadness
IG-000612,Hasan Al mas'ud,"Tolong developer lagu yang aku cari gak ada dulu pernah ada tapi habis di update malah ilang lagunya. padahal, lagunya terkenal umum tapi kok di Ig, lagunya gak ada??","Tolong developer lagu yang aku cari tidak ada dulu pernah ada tapi habis di update malah ilang lagunya. padahal, lagunya terkenal umum tapi mengapa di Instagram lagunya tidak ada?",4,0,2,Surprise
IG-000613,Deni 113,"Jaringan bagus, tapi upload story ig hampir satu jam stuck di 90%, di coba hapus dan upload ulang tetap sama, di batas 90%, siklusnya gitu terus.","Jaringan bagus, tapi upload cerita Instagram Instagram hampir satu jam stuck di 90%, di coba hapus dan upload ulang tetap sama, di batas 90%, siklusnya begitu terus.",3,0,1,Trust
IG-000614,Shelly Lusiana,Ntah lah menurut saya ig makin kesini makin gak bagus awal nya suka banget bikin video dri ig berhubung kamera ig di hp saya gak bisa di gunakan ya jdi males aja buka2 ig lagi selain nonton berita terupdate.,Ntah lah menurut saya Instagram makin kesini makin tidak bagus awal nya suka banget membuat video dari Instagram berhubung kamera Instagram di hp saya tidak bisa di gunakan ya jdi males aja buka2 Instagram lagi selain nonton berita terupdate.,9,0,1,Joy
IG-000615,Vynna Nurhayati,"Kenapa filter nya suka susah di pake,padahal dah ngeupdate beberapa kali dah di uninstal trs instal lagi bru bisa ke pake filter nya eh bebrapa minggu kemudian gk bisa lagi,tolong di perbaiki","Kenapa filter nya suka susah di pake,padahal dah ngeupdate beberapa kali dah di uninstal trs instal lagi bru bisa ke pakai filter nya eh bebrapa minggu kemudian tidak bisa lagi,tolong di perbaiki",4,0,3,Joy
IG-000616,make Imeng,"Banyak bug misal, filter pada fitur photo berkedip² saat hendak digunakan bikin susah aja udah di laporkan masalah bug belum dibenerin","Banyak gangguan bug sistem misal, filter pada fitur photo berkedip² saat hendak digunakan membuat susah aja sudah di laporkan masalah gangguan bug sistem belum dibenerin",4,0,5,Joy
IG-000617,Gabriela Kiran,"Di akun utama gak ada fitur terbaru, di akun lainnya baru ada fitur terbaru. Kadang akun lain itu selalu ke fitur lama, lalu setiap mau nonton reels selalu patah. Mau posting foto di postingan, yang awalnya landscape malah jadi kotak setengah. Jadinya ngulang, tapi tetap sama terus menerusss👹👹💔 WOI KAPAN UPDATE NYET? INI DI AKUN FIRST, MAU LIHAT SG ORANG MALAH GAK TERSEDIA. GILIRAN DI AKUN SECC, BARU KELIHATAN APA ISI SG NYA SAT‼️","Di akun utama tidak ada fitur terbaru, di akun lainnya baru ada fitur terbaru. Kadang akun lain itu selalu ke fitur lama, lalu setiap mau nonton video reels selalu patah. Mau mengunggah foto di unggahan konten yang awalnya landscape malah jadi kotak setengah. Jadinya ngulang, tapi tetap sama terus menerus [EMO_SADNESS] WOI KAPAN UPDATE NYET? INI DI AKUN FIRST, MAU LIHAT SG ORANG MALAH tidak TERSEDIA. GILIRAN DI AKUN SECC, BARU KELIHATAN APA ISI SG NYA SAT‼️",5,1,1,Sadness
IG-000618,Chusnul Chotimah,"Alhamdulillah , materi yang disampaikan sangat bagus, menambah pengetahuan, semoga bisa menerapkan pada anak didik kami. Materi dan contoh modul segera di share , terima kasih","Alhamdulillah , materi yang disampaikan sangat bagus, menambah pengetahuan, semoga bisa menerapkan pada anak didik kami. Materi dan contoh modul segera di share , terima kasih",1,0,5,Trust
IG-000619,Astri Marini,Aplikasi yg banyak fitur mudah digunakan dan bisa terhubung dengan semua orang maupun terhubung dengan idola lewat Instagram semoga kedepannya lebih banyak fitur dan lebih berkembang lagi aplikasi thanks for meta🙏,Aplikasi yang banyak fitur mudah digunakan dan bisa terhubung dengan semua orang maupun terhubung dengan idola lewat Instagram semoga kedepannya lebih banyak fitur dan lebih berkembang lagi aplikasi terima kasih for meta [EMO_TRUST],3,1,5,Optimism
IG-000620,Jangan Kepo,Kalau ada bintang 0 pasti gua kasiu bintang 0 tiap mau upload reels selalu gagal dan lama. Belum lagi pesan yg selalu eror tolong lag kalau update tuh ditingkatin semua fiturnya apk kocak.,Kalau ada bintang 0 pasti saya kasiu bintang 0 tiap mau upload video reels selalu gagal dan lama. Belum lagi pesan yang selalu eror tolong lambat kalau update tuh ditingkatin semua fiturnya apk kocak.,4,0,1,Sadness
IG-000621,Pika Pikatcu,"Sorry instagram,, saya kecewa,, akun instagram saya selalu kena banded,, bikin lagi kena lagi. Akhirnya hilang permanen, tidak bisa diakses. Padahal saya tidak melanggar pedoman komunitas instagram,, sangat mengecewakan.. Tolong perbaiki sistemnya..","Sorry instagram, saya kecewa, akun instagram saya selalu kena banded, membuat lagi kena lagi. Akhirnya hilang permanen, tidak bisa diakses. Padahal saya tidak melanggar pedoman komunitas instagram, sangat mengecewakan. Tolong perbaiki sistemnya.",2,0,1,Sadness
IG-000622,_Capricon_,"Tolong fitur arsip story jangan dihilangkan,‼️❗ karena dengan adanya fitur arsip story, kita dapat melihat lagi apa saja yang pernah kita bagikan kepada yang lain, terimakasih.","Tolong fitur arsip cerita Instagram jangan dihilangkan,‼️❗ karena dengan adanya fitur arsip cerita Instagram kita dapat melihat lagi apa saja yang pernah kita bagikan kepada yang lain, terimakasih.",4,0,4,Sadness
IG-000623,Rinda,"Apk sering ngelag, sering keluar sendiri tanpa sebab. Kalo ga mau di rating jelak perbaikan lagi bugnya. Segera mungkin",Apk sering kinerja lambat atau macet sering keluar sendiri tanpa sebab. Kalo tidak mau di rating jelak perbaikan lagi bugnya. Segera mungkin,2,0,1,Anticipation
IG-000624,Fahmi Rizky,"bug di bagian profil musik, fitur tambahkan musik menghilang jadi saya tidak bisa menghapus musik yang sudah saya taro di bio profil, sedangkan di akun lain fitunya masih ada tetapi di akun pribadi saya fiturnya tidak ada","gangguan bug sistem di bagian profil musik, fitur tambahkan musik menghilang jadi saya tidak bisa menghapus musik yang sudah saya taro di bio profil, sedangkan di akun lain fitunya masih ada tetapi di akun pribadi saya fiturnya tidak ada",2,0,1,Sadness
IG-000625,Kyoko Yamate,"Instagram nge bug, gak bisa buat story, gagal terus! Minimal kalau update yang benar jangan banyak bug 🙂",Instagram nge gangguan bug sistem tidak bisa membuat cerita Instagram gagal terus! Minimal kalau update yang benar jangan banyak gangguan bug sistem,6,0,1,Optimism
IG-000626,Fany salwa,"Setiap update selalu lemot/Ng bug,kalo GK gitu layarnya redup,terus kalo di buat foto² itu gambar nya telat/kayak layarnya tuh GK ngikutin kita gitu loh,jadi mohon di perbaiki yaaa...🙏🏻🙏🏻","Setiap update selalu lemot/Ng bug,kalo tidak begitu layarnya redup,terus kalo di membuat foto² itu gambar nya telat/kayak layarnya tuh tidak ngikutin kita begitu loh,jadi tolong di perbaiki ya. [EMO_TRUST] [EMO_TRUST]",7,2,3,Trust
IG-000627,Nurhikmah,"cara masuk di ig sekarang makin rumit, biar kata sandi benarpun juga sdh tdk berguna, harus lagi pake kode verifikasi, mana kodenya gak mau dikirim kirim lagi, jadinya gak bisa kuakses lagi akunku, kasian akunku dari tahun 2018 aku pake banyak isinya jadi hilang begitu saja, diminta dukungannya gak ada bantuan sama skali, gak kek aplikasi lain.","cara masuk di Instagram sekarang makin rumit, biar kata sandi benarpun juga sudah tidak berguna, harus lagi pakai kode verifikasi, mana kodenya tidak mau dikirim kirim lagi, jadinya tidak bisa kuakses lagi akunku, kasian akunku dari tahun 2018 aku pakai banyak isinya jadi hilang begitu saja, diminta dukungannya tidak ada bantuan sama skali, tidak seperti aplikasi lain.",11,0,1,Sadness
IG-000628,tyxndre4,"kecewa Instagram ngeselin ny minta ampun. pas masuk ngeleg terus. dan mau masuk aja Instagram nya langsung ngeleg update terus, tambah ngeleg tambah ga bagus Instagram skrng. tolong ,perbaiki lagi Instagram nya sngt kecewa ga kaya dulu skrng jd jelek bgt.","kecewa Instagram ngeselin ny minta ampun. saat masuk ngeleg terus. dan mau masuk aja Instagram nya langsung ngeleg update terus, tambah ngeleg tambah tidak bagus Instagram skrng. tolong ,perbaiki lagi Instagram nya sngt kecewa tidak kaya dulu skrng jd jelek banget",4,0,1,Sadness
IG-000629,Ridho Basutod,"Terlalu banyak iklan di reels nya, setiap 2-4 vidio pasti muncul iklan nya, dulu jarang ada iklan padahal kok sekarang banyak banget, kecewa sama kelakuan kapitalis lu","Terlalu banyak iklan di video reels nya, setiap 2-4 vidio pasti muncul iklan nya, dulu jarang ada iklan padahal mengapa sekarang banyak banget, kecewa sama kelakuan kapitalis kamu",3,0,2,Sadness
IG-000630,hasanah unmul,"Saya punya masalah saat ganti thumbnail reel, tdk bisa pilih di frame dan jika pilih dri roll kamera hanya berfungsi sekali.","Saya memiliki masalah saat ganti thumbnail reel, tidak bisa pilih di frame dan jika pilih dari roll kamera hanya berfungsi sekali.",4,0,4,Optimism
IG-000631,Faqih Haedar,"Akun igku tiba² ditangguhkan padahal tidak pernah posting aneh², mau dipulihkan tapi pas mau masukkan nomor ponsel terjadi error bahkan saya sudah coba 2 nomor tetap tidak bisa","Akun igku tiba² ditangguhkan padahal tidak pernah mengunggah aneh², mau dipulihkan tapi saat mau masukkan nomor ponsel terjadi kesalahan sistem bahkan saya sudah coba 2 nomor tetap tidak bisa",4,0,1,Anger
IG-000632,Anak Baik,"Kasih bintang satu, karena katanya instagram mau hapus archive story Jujur punya instagram tu cuma mau bikin kenangan aja didalamnya biar foto dan video2 kenangan tidak hilang Tapi kalo fitur archive dihilangkan bagaimana??! Jujur kecewa banget Instagram mohon jangan hilangkan fitur archive, karena sebagian archive story ig emang udah ada yang hilang sedikit😔😔😭💔 Please kembalikan kenangan ku🥺😫","Kasih bintang satu, karena katanya instagram mau hapus archive cerita Instagram Jujur memiliki instagram tu cuma mau membuat kenangan aja didalamnya biar foto dan video2 kenangan tidak hilang Tapi kalo fitur archive dihilangkan bagaimana! Jujur kecewa banget Instagram tolong jangan hilangkan fitur archive, karena sebagian archive cerita Instagram Instagram memang sudah ada yang hilang sedikit [EMO_SADNESS] [EMO_SADNESS] Please kembalikan kenangan ku [EMO_SADNESS]",8,3,1,Sadness
IG-000633,Sopi Sopiani,"pleasee lah instagram akun saya kena suspend😭, padahal saya tidak melakukan pelanggaran apapun. udh masukin email, tapi kode nya ga ke kirim"" ke email tsb mna bisa masuk.pliss di akun utama itu banyakk banget kenangan nyaa😭😭 tolongg perbaiki lagi knp bug mlu🙏. udh ruwet sma ig.","pleasee lah instagram akun saya kena suspend [EMO_SADNESS] , padahal saya tidak melakukan pelanggaran apapun. sudah masukin email, tapi kode nya tidak ke kirim"" ke email tsb mna bisa masuk.pliss di akun utama itu banyakk banget kenangan nyaa [EMO_SADNESS] [EMO_SADNESS] tolongg perbaiki lagi kenapa gangguan bug sistem mlu [EMO_TRUST] . sudah ruwet sama Instagram",8,4,2,Optimism
IG-000634,KEiYZA APRILLIA,"suka sama ig karna bisa buat vidio teruss bisa simpann ke galerii, sekarang kok gabisa lagi yaa padahal itu yg paling saya sukaa dari ig wahh kecewaa sih saya buat vidio kemaren eh gabisa di simpan ke geleri sama sekali, di update malah kacauu wkwk","suka sama Instagram karena bisa membuat vidio teruss bisa simpann ke galerii, sekarang mengapa gabisa lagi ya padahal itu yang paling saya sukaa dari Instagram wahh kecewaa gerangan saya membuat vidio kemaren eh gabisa di simpan ke geleri sama sekali, di update malah kacauu tertawa",12,0,1,Joy
IG-000635,Dandi Akbar,"Hedehh akun utama tiba-tiba di nonaktifkan, mau aj banding ga bisa, terus nyoba lewat help center malah ga ada pilihan untuk aju banding ny, pdahal ga ngapa""in tiba-tiba aj di nonaktifkan, gimana solusinyaa inii","Hedehh akun utama tiba-tiba di nonaktifkan, mau aj banding tidak bisa terus nyoba lewat help center malah tidak ada pilihan untuk aju banding ny, pdahal tidak ngapa""in tiba-tiba aj di nonaktifkan, gimana solusinyaa inii",4,0,1,Optimism
IG-000636,Pengguna Google,"Tolong admin istagram akun saya ditangguhkan,atas nama:arfnbintang_,dan akun saya disuruh mengupload foto data pribadi saya,namun kenapa saya tidak bisa mengirim foto,tolong direspon sangat,setiap ingin mengirim,terjadi kesalahan,dan coba lagi nanti,tolong didengarkan,saya akan kasih rating 5 lagi jika saya dibantu","Tolong admin istagram akun saya ditangguhkan,atas nama:arfnbintang_,dan akun saya disuruh mengupload foto data pribadi saya,namun kenapa saya tidak bisa mengirim foto,tolong direspon sangat,setiap ingin mengirim,terjadi kesalahan,dan coba lagi nanti,tolong didengarkan,saya akan kasih rating 5 lagi jika saya dibantu",1,0,1,Anger
IG-000637,Alfrsss160,"Di Instagram Ada Hal Yang Bikin Saya Kecewa, Tolong Beri Fitur Untuk Bisa MengPrivat Pengikut/Yang Diikuti Diakun Instagram, Saya Ada Masalah Mengenai Hal Itu. Setelah Diperbaiki/DiUpdate Menambahkan Fitur Itu Saya Akan Beri Bintang 5.🙏🏻🙏🏻🙏🏻","Di Instagram Ada Hal Yang membuat Saya Kecewa, Tolong Beri Fitur Untuk bisa MengPrivat Pengikut/Yang Diikuti Diakun Instagram, Saya Ada Masalah Mengenai Hal Itu. Setelah Diperbaiki/DiUpdate Menambahkan Fitur Itu Saya Akan Beri Bintang 5. [EMO_TRUST] [EMO_TRUST] [EMO_TRUST]",2,3,1,Sadness
IG-000638,Wilda Marcellina,"proses penyimpanan vidio / foto sangat lama dan tidak bisa tersimpan,,tolong di perbaiki ya ag nya/cerita karna nge bug ga bisa ngeliat story org","proses penyimpanan vidio / foto sangat lama dan tidak bisa tersimpan,tolong di perbaiki ya ag nya/cerita karena nge gangguan bug sistem tidak bisa ngeliat cerita Instagram org",6,0,3,Optimism
IG-000639,MARYUTIS,"Lebih Suka fitur ig yang lama, sekarang melihat following orang lain kenapa tidak berurutan lagi, biasanya yang baru saja diikutin akan terlihat di following, sekarang sudah acak.... Balikin lagi deh fitur lama","Lebih Suka fitur Instagram yang lama, sekarang melihat mengikuti orang lain kenapa tidak berurutan lagi, biasanya yang baru saja diikutin akan terlihat di mengikuti sekarang sudah acak. Balikin lagi sudahlah fitur lama",4,0,3,Joy
IG-000640,Raihan Nisfu,"Tidak Bisa menerima Kode Verifikasi pdhl e-mail yg saya pakai ini soalnya Akun tiba2 ditangguhkan entah ada apa, tolong saya Butuh buat kuliah! Dan arsipannya banyak kenangan. Tolong Kirimkan saya Kode verifikasi nya!! saya sudah tungguin di Gmail tapi tak kunjung muncull!!!! Sorry saya bintang 1 kan😡😡","Tidak bisa menerima Kode Verifikasi pdhl e-mail yang saya pakai ini soalnya Akun tiba2 ditangguhkan entah ada apa, tolong saya Butuh membuat kuliah! Dan arsipannya banyak kenangan. Tolong Kirimkan saya Kode verifikasi nya! saya sudah tungguin di Gmail tapi tidak kunjung muncull! Sorry saya bintang 1 bukankah [EMO_ANGER] [EMO_ANGER]",5,2,1,Optimism
IG-000641,Ziazia Lali,Enggak jelas udah 1 tahun gini gini aja Instagram ini akunya saya bolak balik di nonaktifkan buat lagi di nonaktifkan.. enggak jelas banget ya Instagram ini mending tutup aja udah kalau gini terus!!! Kesal saya lihatnya,tidak jelas sudah 1 tahun begini begini aja Instagram ini akunya saya bolak balik di nonaktifkan membuat lagi di nonaktifkan. tidak jelas banget ya Instagram ini mending tutup aja sudah kalau begini terus! Kesal saya lihatnya,8,0,1,Anger
IG-000642,RSX Singa,"Dari 2016 punya IG sampai sekarang, saya tidak pernah membuat ulasan karna selama itu baik baik saja tidak ada fitur² yg aneh selama saya menggunakan. Kalo ada pembaharuan saya update lagi menyesuaikan keinginan apk. Tapi untuk yg kali ini saya meminta kepada pihak IG tolong fitur arsip story jgn di hapus, karna arsip ini pilihan yg memudahkan mnyimpan kenangan selain di galeri HP. Gak kebayang klo benar dihapus, semua hal apapun hilang begitu saja. Saya kasih bintang 2 jika di hapus!","Dari 2016 memiliki Instagram sampai sekarang, saya tidak pernah membuat ulasan karena selama itu baik baik saja tidak ada fitur² yang aneh selama saya menggunakan. Kalo ada pembaharuan saya update lagi menyesuaikan keinginan apk. Tapi untuk yang kali ini saya meminta kepada pihak Instagram tolong fitur arsip cerita Instagram jangan di hapus, karena arsip ini pilihan yang memudahkan mnyimpan kenangan selain di galeri HP. tidak kebayang kalau benar dihapus, semua hal apapun hilang begitu saja. Saya kasih bintang 2 jika di hapus!",12,0,2,Sadness
IG-000643,Mohamad Fajar,"Sdh baguss ,tapi yg sy sayangkan adalah mengapa akun sy kemarin di nonaktifkan oleh pihak Instagram???, padahal sy tidak pernah melakukan pelanggaran,atau apapun itu, sy merasa tidak pernah melakukan nya ,jadi kalau memang benar ada kesalahan pada sistem,harus segera di perbaiki, biar tidak terulang kembali kejadian yang sama.tapi ya sudahlah sy sdh ikhlas akun sy hilang 😊, terimakasih mungkin ini sja keluh kesah sy , Instagram memang tebaik, salah satu platform untuk sy sebagai seorang seniman","sudah baguss ,tapi yang saya sayangkan adalah mengapa akun saya kemarin di nonaktifkan oleh pihak Instagram, padahal saya tidak pernah melakukan pelanggaran,atau apapun itu, saya merasa tidak pernah melakukan nya ,jadi kalau memang benar ada kesalahan pada sistem,harus segera di perbaiki, biar tidak terulang kembali kejadian yang sama.tapi ya sudahlah saya sudah ikhlas akun saya hilang , terimakasih mungkin ini sja keluh kesah saya , Instagram memang tebaik, salah satu platform untuk saya sebagai seorang seniman",11,0,4,Trust
IG-000644,Nafilwa Nafilwa hafizah,"min jangan ada update terbaru tentang fitur archive ig yg dihapus. kalo ada saya bakal ajak semua orang untuk hapus Instagram. tujuan saya bikin story buat masukin kedalam arsip, kalau kangen bisa melihat secara langsung momen itu di arsipan. jika bener bakal di hapus fitur arsip dihapus, saya berdoa supaya tidak ada peminat ig. you understand min?","min jangan ada update terbaru tentang fitur archive Instagram yang dihapus. kalo ada saya bakal ajak semua orang untuk hapus Instagram. tujuan saya membuat cerita Instagram membuat masukin kedalam arsip, kalau kangen bisa melihat secara langsung momen itu di arsipan. jika benar bakal di hapus fitur arsip dihapus, saya berdoa supaya tidak ada peminat Instagram you understand min?",8,0,4,Optimism
IG-000645,Arum Ningtiasih,Tidak muncul notifikasi. Fitur catatan di DM tidak muncul. Tiap refresh selalu ada notif tidak ada jaringan padahal jaringan aman.,Tidak muncul notifikasi. Fitur catatan di pesan langsung tidak muncul. Tiap refresh selalu ada notif tidak ada jaringan padahal jaringan aman.,1,0,2,Trust
IG-000646,Virnayani,"Aplikasi sangat bagus sangat membantu buat berkomunikasi dgn teman dan keluarga ,tapi instagran saya selalu kena pelanggaran padahal video reel saya ga terlalu sensitif.","Aplikasi sangat bagus sangat membantu membuat berkomunikasi dengan teman dan keluarga ,tapi instagran saya selalu kena pelanggaran padahal video reel saya tidak terlalu sensitif.",3,0,5,Trust
IG-000647,CoArab,"ini gimana si, bikin ig baru ga bisa bisa. udah jadi ig barunya, login pun ga bisa, padahal sandinya dah bener. di hapus data, akun utama gua keluar, dan sekarang akun utama gua ga bisa login jg. padahal kata sandi dah bener dan yg muncul malah "" kata sandi salah"", login pake tautan email "" kesalahan teknis"" dan login di web dengan sandi yg sama bisa, solusinya apa ini?","ini gimana si, membuat Instagram baru tidak bisa bisa sudah jadi Instagram barunya, login pun tidak bisa padahal sandinya dah benar di hapus data, akun utama saya keluar, dan sekarang akun utama saya tidak bisa login juga padahal kata sandi dah benar dan yang muncul malah "" kata sandi salah"", login pakai tautan email "" kesalahan teknis"" dan login di web dengan sandi yang sama bisa solusinya apa ini?",20,0,1,Anger
IG-000648,andi putricahyaningsih,Kenapa setiap mau login selalu saja terhenti bukan sekali tapi berkali kali bahkan gak bisa masuk karena masalah itu doang..tolong dong perbaikin bug nya mau login saja susah bener,Kenapa setiap mau login selalu saja terhenti bukan sekali tapi berkali kali bahkan tidak bisa masuk karena masalah itu doang.tolong lah perbaikin gangguan bug sistem nya mau login saja susah benar,5,0,1,Optimism
IG-000649,Raditya Setiasa,"fitur musik yang ada di bio di beberapa akun tidak muncul, lalu sering ada notifikasi tapi pas dibuka tidak ada apapun, dan tolong jangan hapus fitur arsip","fitur musik yang ada di bio di beberapa akun tidak muncul, lalu sering ada notifikasi tapi saat dibuka tidak ada apapun, dan tolong jangan hapus fitur arsip",1,0,3,Trust
IG-000650,Rachmad Kevin,"Teruntuk pihak instagram, Kenapa instagram akhir akhir ini jaringan nya selalu buruk/gak stabil? Saya buka apk selain instagram lancar jaringan, tolong donk perbaiki bug/jaringan instagram nya?","Teruntuk pihak instagram, Kenapa instagram akhir akhir ini jaringan nya selalu buruk/gak stabil? Saya buka apk selain instagram lancar jaringan, tolong donk perbaiki bug/jaringan instagram nya?",0,0,1,Anger
IG-000651,khalidah lid,"saya sudah kasih bintang 4, plissss ig jangan pernah hapus fitur archive story😭😭😭😭😭 terimakasih karna dengan adanya fitur itu saya dapat melihat kenangan yang lalu, sekali lagi mohon untuk tidak menghilangkan fitur arsip story, terimakasih","saya sudah kasih bintang 4, tolong Instagram jangan pernah hapus fitur archive cerita Instagram [EMO_SADNESS] [EMO_SADNESS] [EMO_SADNESS] [EMO_SADNESS] [EMO_SADNESS] terimakasih karena dengan adanya fitur itu saya dapat melihat kenangan yang lalu, sekali lagi tolong untuk tidak menghilangkan fitur arsip cerita Instagram terimakasih",6,5,4,Sadness
IG-000652,M Yusuf,"Aplikasinya kesering eror ,kdang ke unfol sndiri teman teman saya dan kadang liat status terbaru kadang tidak bisa,tolong di perbaiki lagi sistem aplikasinya","Aplikasinya kesering eror ,kdang ke unfol sndiri teman teman saya dan kadang melihat status terbaru kadang tidak bisa,tolong di perbaiki lagi sistem aplikasinya",1,0,1,Optimism
IG-000653,ALFIAN,Sebagai pemula sosial Instagram mohon kiranya admin pengurus ataupun pengelola Instagram Indonesia agar membantu dan mempromosihkan reel saya kepada pengguna di seluruh penjuru negara Republik Indonesia yang saya sangat banggakan🫰☺️☺️☺️,Sebagai pemula sosial Instagram tolong kiranya admin pengurus ataupun pengelola Instagram Indonesia agar membantu dan mempromosihkan reel saya kepada pengguna di seluruh penjuru negara Republik Indonesia yang saya sangat banggakan ☺️☺️☺️,1,0,5,Trust
IG-000654,Prillydifana Safira Lapadengan,"ini kenapa akun instagram saya difitur FONT tidak terperbaharui? masih paki FONT yang model lama. padahal selalu di update terus, tapi kenapa fitur FONT nya tidak berubah ke FONT terbaru. tolong diperbaiki yah!","ini kenapa akun instagram saya difitur FONT tidak terperbaharui? masih paki FONT yang model lama. padahal selalu di update terus, tapi kenapa fitur FONT nya tidak berubah ke FONT terbaru. tolong diperbaiki yah!",0,0,1,Surprise
IG-000655,Muhammad Andika,"Saya sangat kecewa dengan algoritma ig padahal vidio saya sudah sangat menarik, kualitas pun sangat hd. Tapi kenapa masih viewers 2 hari di bawah 200 kenapa gak naik naik, saya kasih bintang 1 ya karena algoritma aneh ga jelas","Saya sangat kecewa dengan algoritma Instagram padahal vidio saya sudah sangat menarik, kualitas pun sangat hd. Tapi kenapa masih viewers 2 hari di bawah 200 kenapa tidak naik naik, saya kasih bintang 1 ya karena algoritma aneh tidak jelas",3,0,1,Surprise
IG-000656,ddewi putrii,"Jelek ih ig skrng. Arsip-arsip nya yg video udh gak bisa keputar sprti biasanya.. Padahal sengaja gak download video/foto di ig krna tdi nya membantu mengingat kenangan"" jaman baheula.","Jelek ih Instagram skrng. Arsip-arsip nya yang video sudah tidak bisa keputar sprti biasanya. Padahal sengaja tidak download video/foto di Instagram krna tdi nya membantu mengingat kenangan"" jaman baheula.",7,0,1,Trust
IG-000657,Dimaz Azhar,"Banyak bug, seperti arsip story tiba tiba gk bisa dibuka trrus tuh ada peringatan arsip akan hilang sama kalau mau bikin akun baru gk bisa",Banyak gangguan bug sistem seperti arsip cerita Instagram tiba tiba tidak bisa dibuka trrus tuh ada peringatan arsip akan hilang sama kalau mau membuat akun baru tidak bisa,7,0,1,Sadness
IG-000658,Hani 66,"bagian fitur arsipkan yang biasanya di titik 3 i story gaada, harap lebih diperhatikan soalnya saya mau bikin highlight tanpa spam story.","bagian fitur arsipkan yang biasanya di titik 3 i cerita Instagram gaada, harap lebih diperhatikan soalnya saya mau membuat highlight tanpa spam cerita Instagram",3,0,1,Sadness
IG-000659,Amanda mayara tsany,hallo Instagram saya suka sma smua fitur anda tetapi untuk fitur terbaru anda saya kurang suka karna semua video yang saya upload jdi nge freeze semuanya karna semua kenangan tersimpan di sorotan di arsip kenangan kenangannya jadi kembalikan fitur yang seperti biasanya tolong ya Instagram ini untuk semuanya bukan hanya saya,hallo Instagram saya suka sama smua fitur anda tetapi untuk fitur terbaru anda saya kurang suka karena semua video yang saya upload jdi nge freeze semuanya karena semua kenangan tersimpan di sorotan di arsip kenangan kenangannya jadi kembalikan fitur yang seperti biasanya tolong ya Instagram ini untuk semuanya bukan hanya saya,3,0,5,Joy
IG-000660,Bang Jibon,"Tolonglah Instagram,, hilangkan spam iklan judol,, saya gak pernah ikut judol,, tiba tiba banyak spam judol,, tolonglah, ini sangat tidak nyaman setiap buka story, terima kasih","Tolonglah Instagram, hilangkan spam iklan judol, saya tidak pernah ikut judol, tiba tiba banyak spam judol, tolonglah, ini sangat tidak nyaman setiap buka cerita Instagram terima kasih",2,0,2,Trust
IG-000661,rubygummy,"Agak kecewa sama instagram bulan kemarin font untuk story instagram udah ke update jadi bagus dan keren, eh engga tau kenapa berubah kesetelan awal lagi padahal sering update aplikasi, diperbaiki lagi dong admin","Agak kecewa sama instagram bulan kemarin font untuk cerita Instagram instagram sudah ke update jadi bagus dan keren, eh tidak tahu kenapa berubah kesetelan awal lagi padahal sering update aplikasi, diperbaiki lagi lah admin",5,0,3,Trust
IG-000662,dek hulu,"Tolong dong beri sedikit kebebasan untuk live, dan tolong jangan dikit dikit pelanggaran🤬 makin di update makin ketat aturan nya nanti lama lama gue hapus juga nanti kalau di persulit pengguna Instagram Semoga kembali seperti semula bebas dan leluasa menikmati reel favorit🙏","Tolong lah beri sedikit kebebasan untuk live, dan tolong jangan dikit dikit pelanggaran [EMO_ANGER] makin di update makin ketat aturan nya nanti lama lama saya hapus juga nanti kalau di persulit pengguna Instagram Semoga kembali seperti semula bebas dan leluasa menikmati reel favorit [EMO_TRUST]",2,2,4,Optimism
IG-000663,Yumi Z,Susahnya baca caption yg panjang. Mau scroll malah keganti profil lain. Kalo ketarik dikit udaah langsung keganti yang baru dan yg barusan dibaca ilang.,Susahnya baca caption yang panjang. Mau scroll malah keganti profil lain. Kalo ketarik dikit udaah langsung keganti yang baru dan yang barusan dibaca ilang.,2,0,5,Joy
IG-000664,Mar Kar (Marvel Karuna),Saya memiliki beberapa masalah dimana beberap video menunjukkan warna video sperti di invert atau seperti ada garis garis dan titik pada video namun lauar saya tetap aman,Saya memiliki beberapa masalah dimana beberap video menunjukkan warna video sperti di invert atau seperti ada garis garis dan titik pada video namun lauar saya tetap aman,0,0,3,Trust
IG-000665,Khairiyatul Jannah,"Bintang 1 karena Ig sekarang gk seru,yg di arsipan jangn di hapus dong banyak kenangan nya,sayang klo hilang padahl sengaja simpan di arsipan malah sekarang ada fitur baru arsipan hilang secara perlahan ,mna yg hilang video, video tu kn kangan pling seru klo di lihat"",jangn di hapus lh masalah nya kangan nya dari zaman smp🥺di simpan di gelri semuajadi nya memo pnuh, TOLONG DONG FOTO"" & VIDEO"" DIARSIPAN JANGAN DI HAPUS .... ................🥺😔🙏🙏","Bintang 1 karena Instagram sekarang tidak seru,yg di arsipan jangn di hapus lah banyak kenangan nya,sayang kalau hilang padahl sengaja simpan di arsipan malah sekarang ada fitur baru arsipan hilang secara perlahan ,mna yang hilang video, video tu kn kangan pling seru kalau di lihat"",jangn di hapus lh masalah nya kangan nya dari zaman smp [EMO_SADNESS] di simpan di gelri semuajadi nya memo pnuh, TOLONG lah FOTO"" & VIDEO"" DIARSIPAN JANGAN DI HAPUS . . [EMO_SADNESS] [EMO_TRUST] [EMO_TRUST]",7,4,1,Sadness
IG-000666,Lody Achmad,"Sebenarnya udh bagus ya seluruh fiturnya, dan masalahnya itu banyak iklan judi online, undian penipu, dan iklan investasi saham bodong yang oknumnya dari facebook. Saya sudah report iklannya namun tidak dihapus iklannya oleh pihak meta. Mencari uang dengan cara menipu itu haram dan dosa besar, TOLONG META SECARA CERDAS PILAH IKLAN DENGAN BAIK UNTUK DIPROMOSIKAN KE IG DAN FB!","Sebenarnya sudah bagus ya seluruh fiturnya, dan masalahnya itu banyak iklan judi online, undian penipu, dan iklan investasi saham bodong yang oknumnya dari facebook. Saya sudah report iklannya namun tidak dihapus iklannya oleh pihak meta. Mencari uang dengan cara menipu itu haram dan dosa besar, TOLONG META SECARA CERDAS PILAH IKLAN DENGAN BAIK UNTUK DIPROMOSIKAN KE Instagram DAN FB!",2,0,1,Trust
IG-000667,lintang aurelya wahyu kinasih11,minta tolong pihak instagram kenapa di ig profil gak muncul musiknya sedangkan di akun lain masih muncul musiknya dan juga followers 394 ini kenapa di akun ig sendiri jadi 392 sama gak muncul musiknya 😤😤💔,minta tolong pihak instagram kenapa di Instagram profil tidak muncul musiknya sedangkan di akun lain masih muncul musiknya dan juga pengikut 394 ini kenapa di akun Instagram sendiri jadi 392 sama tidak muncul musiknya [EMO_ANGER] [EMO_ANGER] [EMO_SADNESS],5,3,1,Surprise
IG-000668,Faidza Syahbuddin,"sekarang habis update selalu kalo mau follow orang yang akunnya publik itu pasti ga bisa, malah muncul ""permintaan tertunda"". tolong dong kalau habis update harusnya makin bagus bukan kayak gini, saya udah pencet ""beri tahu kami jika ada kesalahan"" berulang ulang kali. mohon di perbaiki ya","sekarang habis update selalu kalo mau follow orang yang akunnya publik itu pasti tidak bisa malah muncul ""permintaan tertunda"". tolong lah kalau habis update harusnya makin bagus bukan seperti begini saya sudah pencet ""beri tahu kami jika ada kesalahan"" berulang ulang kali. tolong di perbaiki ya",7,0,2,Anger
IG-000669,Sri Mahayanti,"Kacau deh kirain stlh kmrn di update bakal lebih bagus lg, eh malah muncul bbrp yg hrs diklik tp ujung""nya mlh gk bisa didownload, hilang tautannya juga, musik juga hilang...maaf aku uninstal lagi","Kacau sudahlah kirain stlh kmrn di update bakal lebih bagus lagi eh malah muncul bbrp yang hrs diklik tetapi ujung""nya mlh tidak bisa didownload, hilang tautannya juga, musik juga hilang.maaf aku uninstal lagi",6,0,1,Sadness
IG-000670,Filsa anggraini Syafruddin,Instagram ini sangat bagus dan kita bisa pilih JJ atau filter yg mau di cari ya walaupun yg di ambil memori ny sangat banyak tapi kita jug bisa mengobrol dengan teman yg dii ikuti dan sebalik ny jug Instagram ini sangat berguna dan kita jug bisa menyimpan foto atau pin vidio kita jug bisa bikin story dan banyak orng bisa lihat aku beri reting bintang 5😋,Instagram ini sangat bagus dan kita bisa pilih JJ atau filter yang mau di cari ya walaupun yang di ambil memori ny sangat banyak tapi kita jug bisa mengobrol dengan teman yang dii ikuti dan sebalik ny jug Instagram ini sangat berguna dan kita jug bisa menyimpan foto atau pin vidio kita jug bisa membuat cerita Instagram dan banyak orng bisa lihat aku beri reting bintang 5,14,0,5,Trust
IG-000671,Ndaa,"minta tolong untuk lebih di perbaiki lagi ya bug nya, kenapa di akun pertama fitur catatan dan musik nya hilang sedangkan diakun yang kedua tidak, oh ya dan juga kenapa banyak fitur yang tidak ada diakun yang pertama tapi diakun ke dua ada padahal sudah diupdate 🙏🏻","minta tolong untuk lebih di perbaiki lagi ya gangguan bug sistem nya, kenapa di akun pertama fitur catatan dan musik nya hilang sedangkan diakun yang kedua tidak, oh ya dan juga kenapa banyak fitur yang tidak ada diakun yang pertama tapi diakun ke dua ada padahal sudah diupdate [EMO_TRUST]",1,1,1,Sadness
IG-000672,agustina Dewi,"Ini lagi eror apa gmna ya? Mau buat story pakai filter kameranya kedip kedip padhaal normal normal aja kamera aku. Udah aku restart, instal ulang juga tetep aja eror. Kenapa sih ini","Ini lagi eror apa gmna ya? Mau membuat cerita Instagram pakai filter kameranya kedip kedip padhaal normal normal aja kamera aku. sudah aku restart, instal ulang juga tetep aja eror. Kenapa gerangan ini",4,0,3,Surprise
IG-000673,Mrs.Kim127,"Secara keseluruhan bagus cuma ada beberapa yang ngebug, contoh mau ngepost story malah gk bisa dan muncul peringatan 'kesalahan' lol","Secara keseluruhan bagus cuma ada beberapa yang ngebug, contoh mau ngepost cerita Instagram malah tidak bisa dan muncul peringatan 'kesalahan' lol",3,0,4,Trust
IG-000674,Fibri Adna,"Kemarin akun saya tiba-tiba ditangguhkan. padahal saya tidak pernah melakukan hal-hal yang melanggar ketentuan dari instagram. Saya langsung bingung kok tiba-tiba seperti itu. setelah saya ajukan banding, sampai sekarang belum kembali akun saya. Saya khawatir kalau sampai dinonaktifkan permanen karena itu instagram sudah lama dan pastinya banyak kenangan didalamnya. Mohon untuk pihak instagram kalau mau menangguhkan akun setidaknya kasih tahu alasanya, biar kita tidak bingung seperti ini. Kecewa","Kemarin akun saya tiba-tiba ditangguhkan. padahal saya tidak pernah melakukan hal-hal yang melanggar ketentuan dari instagram. Saya langsung bingung mengapa tiba-tiba seperti itu. setelah saya ajukan banding, sampai sekarang belum kembali akun saya. Saya khawatir kalau sampai dinonaktifkan permanen karena itu instagram sudah lama dan pastinya banyak kenangan didalamnya. tolong untuk pihak instagram kalau mau menangguhkan akun setidaknya kasih tahu alasanya, biar kita tidak bingung seperti ini. Kecewa",3,0,1,Sadness
IG-000675,Akyla medina,"terlalu banyak bug, akun saya banyak yang ter logout sendiri, lalu terjadi aju banding, ribet banget tolong di perbaiki dong aga kurang nyaman nih make nya masa harus login ulang terus","terlalu banyak gangguan bug sistem akun saya banyak yang ter logout sendiri, lalu terjadi aju banding, ribet banget tolong di perbaiki lah aga kurang nyaman nih make nya masa harus login ulang terus",2,0,1,Trust
IG-000676,Mulyadi Gaming21,"Karena ada sistem arsip story nya jadi kenangan ga bakalan hilang dan semoga rumor arsip story mau di hapus itu tidak benar, dan jikalau rumor tersebut benar semoga di pertimbangkan lagi karena itu salah satu penyebab orang banyak bermain Ig karena ingin menyimpan kenangan nya. Semoga atas saran dan masukan yg saya berikan dapat di terima dgn baik dan di pertimbangkan Atas perhatian dan waktu saya ucapkan Terimakasih 🙏🏻","Karena ada sistem arsip cerita Instagram nya jadi kenangan tidak bakalan hilang dan semoga rumor arsip cerita Instagram mau di hapus itu tidak benar, dan jikalau rumor tersebut benar semoga di pertimbangkan lagi karena itu salah satu penyebab orang banyak bermain Instagram karena ingin menyimpan kenangan nya. Semoga atas saran dan masukan yang saya berikan dapat di terima dengan baik dan di pertimbangkan Atas perhatian dan waktu saya ucapkan Terimakasih [EMO_TRUST]",6,1,5,Joy
IG-000677,Lathifah Azzahra,"Dear instagram, jangan pernah menghapus fitur arsip, but semua kenangan kami ada disana, mulai dari saya SMP sampai Kuliah sekarang, mulai dari tahun 2015 kenangan saya ada di arsip itu, itupun yang tahun 2015 sampai 2020 sudah tidak bisa lagi video arsip nya diputar, why??? Kembalikan kenangan kamiii!!!😢😭 saya sangat kecewa saat memutar kembali kenangan saya di arsip pada tahun 2015 sampai 2020 i'm so sad melihat isu tentang instagram akan menghapus fitur arsip😭 sekali lagi, saya kecewa!","Dear instagram, jangan pernah menghapus fitur arsip, but semua kenangan kami ada disana, mulai dari saya SMP sampai Kuliah sekarang, mulai dari tahun 2015 kenangan saya ada di arsip itu, itupun yang tahun 2015 sampai 2020 sudah tidak bisa lagi video arsip nya diputar, why? Kembalikan kenangan kami! [EMO_SADNESS] [EMO_SADNESS] saya sangat kecewa saat memutar kembali kenangan saya di arsip pada tahun 2015 sampai 2020 i'm so sad melihat isu tentang instagram akan menghapus fitur arsip [EMO_SADNESS] sekali lagi, saya kecewa!",1,3,1,Sadness
IG-000678,ROCK D TEO,Ini kenapa nya video reels ku tidak bisa diputar suaranya si normal tapi tidak bisa diputar gambar nya gak gerak Dan vidoe reels yg satunya lagi tidak bisa diputar cuma ada iklan suaranya,Ini kenapa nya video video reels ku tidak bisa diputar suaranya si normal tapi tidak bisa diputar gambar nya tidak gerak Dan vidoe video reels yang satunya lagi tidak bisa diputar cuma ada iklan suaranya,7,0,2,Optimism
IG-000679,ramdan ramadani,Assalamualaikum developer ini saya meng instal 2x yahhh garagara gaaaa bisa buat akunn Permasalahannya di registrasi setelah mengisi kata sandi setuju dengan syarat dankebijakan instagram ituuuuu stuck diii situuuu terjadi masalah lahhh apalah lahhh dari kemaren,Assalamualaikum developer ini saya meng instal 2x yah garagara tidak bisa membuat akunn Permasalahannya di registrasi setelah mengisi kata sandi setuju dengan syarat dankebijakan instagram itu stuck di situ terjadi masalah lah apalah lah dari kemaren,3,0,3,Optimism
IG-000680,yuyu ree,"Baru aja diupdate tapi kenapa malah nge bug. Postingan foto/video hanya bisa dibuka sampai slide ke-2 aja, slide berikutnya hanya layar hitam","Baru aja diupdate tapi kenapa malah nge gangguan bug sistem unggahan konten foto/video hanya bisa dibuka sampai slide ke-2 aja, slide berikutnya hanya layar hitam",3,0,3,Optimism
IG-000681,Nabila Asy'ariya,Duh nyebelin banget sih 😡💔💔😭😭😭😫😫😫😫😫 igsaya pas ingin menerima pertemanan malah di tunda permintaanya tidak seperti ig2 yg dulu tak pernah di tunda permintaanya... kesel gonta2 ganti akun ig ...terus!!! Tolong dong untuk aplikasi ignya di perbaiki lagi.. Biar tidak kayak gini terus....saya udah bosan ganti2 akun ig terus... saya sudah tidak suka ig saya sprt ini terus ..,Duh nyebelin banget gerangan [EMO_ANGER] [EMO_SADNESS] [EMO_SADNESS] [EMO_SADNESS] [EMO_SADNESS] [EMO_SADNESS] igsaya saat ingin menerima pertemanan malah di tunda permintaanya tidak seperti ig2 yang dulu tidak pernah di tunda permintaanya. kesel gonta2 ganti akun Instagram .terus! Tolong lah untuk aplikasi ignya di perbaiki lagi. Biar tidak seperti begini terus.saya sudah bosan ganti2 akun Instagram terus. saya sudah tidak suka Instagram saya sprt ini terus .,11,6,3,Joy
IG-000682,Ananda Febriani,"Sejauh ini baik² aja gk ada kendala apapun, tapi kemarin tiba² akun saya akan di nonaktifkan, padahal saya tidak melakukan apapun, lalu saya ajukan banding tapi balum ada informasi apa² dari pihak Instagram nya, jika memang akun saya sedang di perbaiki, tolong lebih cepat di perbaiki nya","Sejauh ini baik² aja tidak ada kendala apapun, tapi kemarin tiba² akun saya akan di nonaktifkan, padahal saya tidak melakukan apapun, lalu saya ajukan banding tapi balum ada informasi apa² dari pihak Instagram nya, jika memang akun saya sedang di perbaiki, tolong lebih cepat di perbaiki nya",1,0,4,Joy
IG-000683,Desvita candra dewi pratiwi,"Banyak bgt bug, heran. Apalagi arsip story kadang suka hilang padahal storynya gak dihapus. Banyak banyak ngasih perbaikan deh.",Banyak banget gangguan bug sistem heran. Apalagi arsip cerita Instagram kadang suka hilang padahal storynya tidak dihapus. Banyak banyak ngasih perbaikan sudahlah,5,0,3,Joy
IG-000684,Alpukat Fit,Ini gimana sih !!!? Masa akun aku di nonaktifkan secara sepihak doang?! Padahal selama ini ga pernah melanggar peraturan apapun. Udah pake beberapa cara apapun tetep tidak bisa masuk. Jelas2 email dan nomor hp ku yang lagi aku pake tp tetep gak bisa masuk. Asli sebel banget !!!!!!!,Ini gimana gerangan ? Masa akun aku di nonaktifkan secara sepihak doang! Padahal selama ini tidak pernah melanggar peraturan apapun. sudah pakai beberapa cara apapun tetep tidak bisa masuk. Jelas2 email dan nomor hp ku yang lagi aku pakai tetapi tetep tidak bisa masuk. Asli sebel banget !,9,0,1,Optimism
IG-000685,Ana Tea,tolong update lagi jadi kalo mau ngambil link video atau foto susah gak seperti dulu lagi dulu ini bagus kalo saya bikin sw di WhatsApp lihat ini dulu trus link nya pencet jadi gampang saya nya kalo mau download video dari link sekarang susah tolong update lagi seperti dulu.,tolong update lagi jadi kalo mau ngambil link video atau foto susah tidak seperti dulu lagi dulu ini bagus kalo saya membuat sw di WhatsApp lihat ini dulu trus link nya pencet jadi gampang saya nya kalo mau download video dari link sekarang susah tolong update lagi seperti dulu.,2,0,1,Trust
IG-000686,Doxs. Art,Tolong user interface waktu melakukan video call jangan di ubah..biarkan tampilan seperti biasanya (halfscreen) jangan di bikin mirip kayak di WhatsApp ( sangatt jelekk sekaliii saya tidak sukaaa),Tolong user interface waktu melakukan video call jangan di ubah.biarkan tampilan seperti biasanya (halfscreen) jangan di membuat mirip seperti di WhatsApp ( sangatt jelekk sekali saya tidak suka),2,0,1,Anger
IG-000687,14.I Putu Gede Ardiasa,"untuk akun saya ga bisa ngetag seseorang, Gatau kenapa, udah saya cari tau caranya d ytb, ga ada, udh saya atur pengaturan semua orang bisa ngetag saya, msih juga tidak bisa, ini bug apa gmn, saya ga tau, saya minta tolong dengan bug ini🙏🙏","untuk akun saya tidak bisa ngetag seseorang, Gatau kenapa, sudah saya cari tahu caranya d ytb, tidak ada, sudah saya atur pengaturan semua orang bisa ngetag saya, msih juga tidak bisa ini gangguan bug sistem apa bagaimana saya tidak tahu saya minta tolong dengan gangguan bug sistem ini [EMO_TRUST] [EMO_TRUST]",13,2,1,Optimism
IG-000688,gunawan adi w,"sudah pake IG >10 thn hampir setiap hari, apps yg tepat untuk sharing & berkontak sosial dgn media foto2. sayangnya sekarang tiba2 ke suspend dan sekarang sedang proses banding & dalam pengecekan pedoman komunitas. smoga bisa segera lanjut pakai IG, karena sekian lama & hingga saat ini tdk pernah upload hal2 yg negative.","sudah pakai Instagram >10 thn hampir setiap hari, apps yang tepat untuk sharing & berkontak sosial dengan media foto2. sayangnya sekarang tiba2 ke suspend dan sekarang sedang proses banding & dalam pengecekan pedoman komunitas. smoga bisa segera lanjut pakai Instagram karena sekian lama & hingga saat ini tidak pernah upload hal2 yang negative.",8,0,4,Anticipation
IG-000689,I Made Darma Nara Swara,"Hai pihak Instagram, di Instagram saya masih terdapat bug seperti membuka story ig tiba-tiba tergeser ke siaran langsung user yang saya follow. Terima kasih","Hai pihak Instagram, di Instagram saya masih terdapat gangguan bug sistem seperti membuka cerita Instagram Instagram tiba-tiba tergeser ke siaran langsung user yang saya follow. Terima kasih",3,0,3,Trust
IG-000690,annisasal sabila,"Kalau mau nambah fitur nggak papa tapi asal kn fitur arship an nya jangan dihilanginn,soalnya di situ ada kenangan yg nggk mungkin bisa di ulang,fitur repost nya di perbaiki jujur saya agak kecewa tapi nggak papa semangat yg terbaik lah buat para pekerja Instagram","Kalau mau nambah fitur tidak papa tapi asal kn fitur arship an nya jangan dihilanginn,soalnya di situ ada kenangan yang nggk mungkin bisa di ulang,fitur repost nya di perbaiki jujur saya agak kecewa tapi tidak papa semangat yang terbaik lah membuat para pekerja Instagram",6,0,5,Sadness
IG-000691,Indryy,"Minus nya sekarang filter/efek di ig udah ga bagus apa lagi bagi pengguna android, malah sekarang lebih bagus filter di tiktok dari pada di ig","Minus nya sekarang filter/efek di Instagram sudah tidak bagus apa lagi bagi pengguna android, malah sekarang lebih bagus filter di tiktok dari pada di Instagram",4,0,2,Trust
IG-000692,Fazar Rizky,"Please Instagram jangan hilangin fitur arsip nya dong😭😭 soalnya disitu banyak kenangan ku sama mantan ku🙏😩 mau dimana lagi kami menyimpan photo buat kenangan coba, di galeri ram kami penuh jadi di arsip lah yg emang berguna buat kami... Tolong buat meta jangan hilangin fitur itu🙏🥲 gw bisa gila kalau itu dihilangkan. Yg lain ga papa asalkan jangan fitur itu yg di hilangkan🙏🙏🙏🙏","Please Instagram jangan hilangin fitur arsip nya lah [EMO_SADNESS] [EMO_SADNESS] soalnya disitu banyak kenangan ku sama mantan ku [EMO_TRUST] mau dimana lagi kami menyimpan photo membuat kenangan coba, di galeri ram kami penuh jadi di arsip lah yang memang berguna membuat kami. Tolong membuat meta jangan hilangin fitur itu [EMO_TRUST] saya bisa gila kalau itu dihilangkan. yang lain tidak papa asalkan jangan fitur itu yang di hilangkan [EMO_TRUST] [EMO_TRUST] [EMO_TRUST] [EMO_TRUST]",11,8,5,Optimism
IG-000693,Muhammad Rafli Adi Permana,"ini Ig kenapa jadi sering error' dah? kadang pas lagi liat SG orng tiba2 freeze trs kalo mau login ke akun lain malah ada tulisan ""coba lain kali lagi""? ini kenapa sih padahal memo hp masih banyak","ini Instagram kenapa jadi sering kesalahan sistem dah? kadang saat lagi melihat SG orng tiba2 freeze trs kalo mau login ke akun lain malah ada tulisan ""coba lain kali lagi""? ini kenapa gerangan padahal memo hp masih banyak",5,0,2,Anger
IG-000694,Hafizah Ajha,"akun nya tiba' hilang dan di benerin gk bisa pdhl di akun yng hilang itu bnyk sekali foto' dan tugas' sya, semua sandi, nama pengguna, nomor tlp, e-mail semua sudah benar tetapi akun nya tetap saja tidak bisa untuk di login kan kembali","akun nya tiba' hilang dan di memperbaiki tidak bisa pdhl di akun yang hilang itu bnyk sekali foto' dan tugas' saya semua sandi, nama pengguna, nomor tlp, e-mail semua sudah benar tetapi akun nya tetap saja tidak bisa untuk di login bukankah kembali",7,0,1,Sadness
IG-000695,Alex Chandrawinata,"Filter instagram di hp samsung a35 tolong di perbaiki sepertinya error pada update'an baru,karna berkedip saat memakai filter di instagram. Terima kasih","Filter instagram di hp samsung a35 tolong di perbaiki sepertinya kesalahan sistem pada update'an baru,karna berkedip saat memakai filter di instagram. Terima kasih",1,0,1,Anger
IG-000696,Kaji Rozaq,"serius ini story archive Instagram di ilangin???story archives Instagram ku juga pd ilang , pdhl sengaja selama ini nyimpen kenangan di story IG krna biar memori gk full dan kpn kpn bisa dilihat. otw g pake instagram lagi klo kyk gini, kecewa berattttt. saran aku sih jangan gegabah ya!!","serius ini cerita Instagram archive Instagram di ilangin?story archives Instagram ku juga pada ilang , pdhl sengaja selama ini nyimpen kenangan di cerita Instagram Instagram krna biar memori tidak full dan kpn kpn bisa dilihat. otw tidak pakai instagram lagi kalau seperti begini kecewa berat. saran aku gerangan jangan gegabah ya!",12,0,2,Sadness
IG-000697,Mughanni Ojy,"tolong Ig udh sebulan gak bisa masukin akun di Instagram padahal nama ama sandi da benar tpi gak bisa masuk"" sandi salah terus, padahal cobain masuk di ig teman kok bisa,tolong lah masa apk se laris ini punya bug yg gak masuk akal gitu sih","tolong Instagram sudah sebulan tidak bisa masukin akun di Instagram padahal nama ama sandi da benar tetapi tidak bisa masuk"" sandi salah terus, padahal cobain masuk di Instagram teman mengapa bisa,tolong lah masa apk se laris ini memiliki gangguan bug sistem yang tidak masuk akal begitu gerangan",15,0,1,Optimism
IG-000698,PASMOD teknik,untuk saat ini instagram tidak seperti dulu.terlalu menutup mata dengan kejadian yg ada.kabanyakan koment yg di take down untuk kebenaran. dan aplikasi terlalu berat juga.,untuk saat ini instagram tidak seperti dulu.terlalu menutup mata dengan kejadian yang ada.kabanyakan koment yang di take down untuk kebenaran. dan aplikasi terlalu berat juga.,2,0,1,Sadness
IG-000699,yoona raechela,Aplikasi nya sudah cukup bagus bagi saya. Namun saya menyarankan agar menambahkan fitur pengganti lagu pada postingan foto dan juga pengeditan rasio foto yang sudah terlanjur diposting🙏,Aplikasi nya sudah cukup bagus bagi saya. Namun saya menyarankan agar menambahkan fitur pengganti lagu pada unggahan konten foto dan juga pengeditan rasio foto yang sudah terlanjur diposting [EMO_TRUST],1,1,5,Trust
IG-000700,Surya Kencana,Instagram error kah? Apa sedang ada perbaikan sistem? Saya mau buat story menggunakan foto knpa tiba-tiba tidak bisa?! Tolong development segera perbaiki.,Instagram kesalahan sistem kah? Apa sedang ada perbaikan sistem? Saya mau membuat cerita Instagram menggunakan foto knpa tiba-tiba tidak bisa Tolong development segera perbaiki.,4,0,2,Anger
IG-000701,Ginger HaHan,"setelah di update malah susah jaringan. padahal download film lancar. putar youtube gk masalah, fb gak maslaah. kok cmn ig yg kayak susah jaringan!!","setelah di update malah susah jaringan. padahal download film lancar. putar youtube tidak masalah, fb tidak maslaah. mengapa cmn Instagram yang seperti susah jaringan!",6,0,1,Surprise
IG-000702,Muhamad Mirwan,Akun saya tiba tiba diblokir sementara sedangkan nomor hp dan email sudah tidak aktif. Semenjak meta Ig baru saya juga tiba tiba hilang ntah berantah sudah diikuti secara langsung langkah langkah nya tetep aja hilang anehhh,Akun saya tiba tiba diblokir sementara sedangkan nomor hp dan email sudah tidak aktif. Semenjak meta Instagram baru saya juga tiba tiba hilang ntah berantah sudah diikuti secara langsung langkah langkah nya tetep aja hilang aneh,1,0,1,Sadness
IG-000703,Wildatul Jannah,Kenapa story ig tidak dapat dilihat sedangkan story nya baru di naikin di story. Dan satu hal lagi aku telah mengupdate ig tpi kenapa fungsinya error,Kenapa cerita Instagram Instagram tidak dapat dilihat sedangkan cerita Instagram nya baru di naikin di cerita Instagram Dan satu hal lagi aku telah mengupdate Instagram tetapi kenapa fungsinya kesalahan sistem,7,0,2,Anger
IG-000704,Raiqa Adzra,"Camera nya di fix ya, soalnya saya buka jadinya blackscreen terus yang muncul, trus mau tambah musik juga ga bisa..bug nya tolong di perbaiki 🙏","Camera nya di fix ya, soalnya saya buka jadinya blackscreen terus yang muncul, trus mau tambah musik juga tidak bisa.bug nya tolong di perbaiki [EMO_TRUST]",1,1,2,Optimism
IG-000705,Ananda Adelia F,Punya teman temanku Instagram nya sudah versi terbaru semua cuma punyaku yg tidak padahal sudah di update berkali-kali sedih sekali jika begini font tidak ada yg baru begitupun dengan instastory nya,memiliki teman temanku Instagram nya sudah versi terbaru semua cuma punyaku yang tidak padahal sudah di update berkali-kali sedih sekali jika begini font tidak ada yang baru begitupun dengan instastory nya,3,0,4,Sadness
IG-000706,Wkwk 1234,"saya kasih bintang 5, tapi tolong jangan hilangkan fitur arsip, karna itu sangat berguna sekali untuk kami pengguna Instagram, sayang sekali kalau fitur arsip dihilangkan.. semua kenangan kami otomatis terhapus juga karna kami menyimpan nya di Instagram (arsip). saya tidak rela fitur arsip dihilangkan, saya pun yakin kalau fitur arsip dihilangkan akan sepi peminat. jadi tolong jangan dihilangkan ya please 🥺","saya kasih bintang 5, tapi tolong jangan hilangkan fitur arsip, karena itu sangat berguna sekali untuk kami pengguna Instagram, sayang sekali kalau fitur arsip dihilangkan. semua kenangan kami otomatis terhapus juga karena kami menyimpan nya di Instagram (arsip). saya tidak rela fitur arsip dihilangkan, saya pun yakin kalau fitur arsip dihilangkan akan sepi peminat. jadi tolong jangan dihilangkan ya please [EMO_SADNESS]",2,1,5,Love
IG-000707,Taniaza Hra,"DEAR INSTAGRAM, padahal kita cuman mengubah nama-nama yg sama. Lalu mengapa frekuensi yg tertera di ""tentang akun ini"" terhitung begitu banyak? Seakan-akan kita seperti orang yg berkarakter plin-plan & tidak berkomitmen.. mohon kebijakannya.","DEAR INSTAGRAM, padahal kita cuman mengubah nama-nama yang sama. Lalu mengapa frekuensi yang tertera di ""tentang akun ini"" terhitung begitu banyak? Seakan-akan kita seperti orang yang berkarakter plin-plan & tidak berkomitmen. tolong kebijakannya.",6,0,5,Surprise
IG-000708,Erzyy Arhamm,"Pleasee arsipnya jangan di hapus. Soalnya Salah satu alasan gk keluar dari instagram karna bnyak kenangan yg tersimpan di arsip yg gaada di galeri lagi,kalau mau di simpan satu persatupun lamaa,soalnya banyak.Jangan ya.😭😭","Pleasee arsipnya jangan di hapus. Soalnya Salah satu alasan tidak keluar dari instagram karena bnyak kenangan yang tersimpan di arsip yang gaada di galeri lagi,kalau mau di simpan satu persatupun lamaa,soalnya banyak.Jangan ya. [EMO_SADNESS] [EMO_SADNESS]",4,2,5,Joy
IG-000709,Restu agustia,Untuk pihak instragram mengapa akun instagram yang baru saya buat dari kemarin saya pakai menjadi tidak bisa dipakai mohon diperbaiki🙏 saya kasih bintang satu dulu kalau instagram nya kalau sudah diperbaiki,Untuk pihak instragram mengapa akun instagram yang baru saya membuat dari kemarin saya pakai menjadi tidak bisa dipakai tolong diperbaiki [EMO_TRUST] saya kasih bintang satu dulu kalau instagram nya kalau sudah diperbaiki,3,1,1,Optimism
IG-000710,ninola,"akun instagram saya sudah 3 hari tidak bisa login. Saat ingin login diberi info ada masalah tak terduga. Tolong dr pihak instagram jgn dibuat susah akun yg ingin login !!!! kalau begini caranya, semua pada tidak bisa menikmati aplikasi ini","akun instagram saya sudah 3 hari tidak bisa login. Saat ingin login diberi info ada masalah tidak terduga. Tolong dari pihak instagram jangan dibuat susah akun yang ingin login ! kalau begini caranya, semua pada tidak bisa menikmati aplikasi ini",6,0,1,Optimism
IG-000711,Ocha Salud Adianto (オチャです),"tolong untuk Instagram saat meng-upload video 16:9 saat selesai kenapa menjadi rasio 9:16 ya? pdhal versi sebelumnya sudh tidak seperti itu, knp sekarang menjadi seperti ini lagi ya? mohon segera diperbaiki!","tolong untuk Instagram saat meng-upload video 16:9 saat selesai kenapa menjadi rasio 9:16 ya? pdhal versi sebelumnya sudh tidak seperti itu, kenapa sekarang menjadi seperti ini lagi ya? tolong segera diperbaiki!",2,0,4,Anticipation
IG-000712,Andina Mara Santoso,Udah ngasih bintang 5 ternyata akunQ di tangguhkan tanpa sebab.. Konfirmasi via email gaaa di kirim2 kodenya.. Via fb yg tertaut tidak bisa login jg.. Via wa katanya nomer tidak terdaftar.. Daftar baru nomernya katanya terdaftar di ig yg di tangguhkan.. Saya tidak pernah melanggar aturan kenapa di tangguhkan,sudah ngasih bintang 5 ternyata akunQ di tangguhkan tanpa sebab. Konfirmasi via email tidak di kirim2 kodenya. Via fb yang tertaut tidak bisa login juga Via wa katanya nomer tidak terdaftar. Daftar baru nomernya katanya terdaftar di Instagram yang di tangguhkan. Saya tidak pernah melanggar aturan kenapa di tangguhkan,7,0,1,Optimism
IG-000713,rizky adittama,aplikasinya sudah bagus fiturnya juga oke tapi ad sedikit bug setiap mau ngirim video atau ngechat lewat ig jadi mohon diperbaiki untuk developer nya,aplikasinya sudah bagus fiturnya juga oke tapi ad sedikit gangguan bug sistem setiap mau ngirim video atau ngechat lewat Instagram jadi tolong diperbaiki untuk developer nya,3,0,5,Trust
IG-000714,COLD FREZEE,"Tolong dong kalo kita upload vidio, kualitas vidionya bisa di naikin. Soalnya saya kalo upload vidio kualitasnya suka pecah kalo di bikin story. Padahal vidio aslinya jernih.","Tolong lah kalo kita upload vidio, kualitas vidionya bisa di naikin. Soalnya saya kalo upload vidio kualitasnya suka pecah kalo di membuat cerita Instagram Padahal vidio aslinya jernih.",5,0,5,Joy
IG-000715,Siti Nurjanah,"Apk baguss, cuma aku mau minta permintaan buatin fitur baru dong kak, biar lebih privasi foto pp IG bisa dikunci, soalnya pengalaman aku sampe ada orang lain pake identitas dan foto aku disebarkn Buat fitur lebih kekinian ya kak , Terimakasih😊","Apk baguss, cuma aku mau minta permintaan buatin fitur baru lah kak, biar lebih privasi foto pp Instagram bisa dikunci, soalnya pengalaman aku sampe ada orang lain pakai identitas dan foto aku disebarkn membuat fitur lebih kekinian ya kak , Terimakasih",5,0,5,Trust
IG-000716,Elyse,"baguss, fitur nya lengkap dan nyaman di gunakan, jenis video jg bagus dan sesuai ama size/ klo emg hd ya hd pas di sv, filter dan stickernya pada lucuu🥺🎀💗🌷","baguss, fitur nya lengkap dan nyaman di gunakan, jenis video juga bagus dan sesuai ama size/ kalau memang hd ya hd saat di sv, filter dan stickernya pada lucuu [EMO_SADNESS]",4,1,5,Trust
IG-000717,Dewanty apa,"Kenapa yang gua jelek ya, story nya gabisa lama yang orang lain mah bisa semenit,trus sekarang gada lagu nya,semenjak update jadi jelek,sekarang jadi ada limitnya untuk follow orang pdhl sebelum nya ga pernah folow follow malah jadi gabisa follow karena di batasi","Kenapa yang saya jelek ya, cerita Instagram nya gabisa lama yang orang lain mah bisa semenit,trus sekarang gada lagu nya,semenjak update jadi jelek,sekarang jadi ada limitnya untuk follow orang pdhl sebelum nya tidak pernah folow follow malah jadi gabisa follow karena di batasi",4,0,1,Anger
IG-000718,ke_rian _za,"Tolong kepada developer agar menyediakan fitur penghemat data , aplikasi nya masih sangat teramat boros dalam pemakaian data , handphone cepat panas ruang data nya begitu besar.","Tolong kepada developer agar menyediakan fitur penghemat data , aplikasi nya masih sangat teramat boros dalam pemakaian data , handphone cepat panas ruang data nya begitu besar.",0,0,1,Sadness
IG-000719,kezia ramadhania,"Pliesss lahhh fitur arsip jangan di ilangin, and ig lagi kenapa dah??? Kok gbisa lihat SG orang dari tadi siang tiba"". Pdhl udh di uninstall, di update, sampe di non aktifkan juga masih begitu juga🥺🥺","Plies lah fitur arsip jangan di ilangin, and Instagram lagi kenapa dah? mengapa gbisa lihat SG orang dari tadi siang tiba"". Pdhl sudah di uninstall, di update, sampe di non aktifkan juga masih begitu juga [EMO_SADNESS] [EMO_SADNESS]",3,2,3,Surprise
IG-000720,renaresma,"knp sekarang jadi ga bisa log in ya? Padahal password nya bener tapi muncul terus kata ""kata sandi salah"", dicobain di Instagram web nya bisa dan udh bener tapi kalo di apk nya gabisa log in:(( udh dicoba semua akun dan muncul terus kata sandi salah:(","kenapa sekarang jadi tidak bisa log in ya? Padahal password nya benar tapi muncul terus kata ""kata sandi salah"", dicobain di Instagram web nya bisa dan sudah benar tapi kalo di apk nya gabisa log in:(( sudah dicoba semua akun dan muncul terus kata sandi salah:(",8,0,1,Optimism
IG-000721,HookBait Biter,"Wouuuupy, ini aplikasi jujur sangat banyak membantu saya sih apa lagi saya mendapat cukup banyak keuntungan di sinikarana saya juga dapet banyak orderan dari aplikasi ini, bahkan ini juga bisa di bilang sebagai aplikasi multi fungsi sih, ya entah kalian mau mencari ide, tips, meme ,dan lain lain ya intinya insyaallah semuanya ada dah keren keren 👍","Woupy, ini aplikasi jujur sangat banyak membantu saya gerangan apa lagi saya mendapat cukup banyak keuntungan di sinikarana saya juga dapat banyak orderan dari aplikasi ini, bahkan ini juga bisa di bilang sebagai aplikasi multi fungsi gerangan ya entah kalian mau mencari ide, tips, meme ,dan lain lain ya intinya insyaallah semuanya ada dah keren keren [EMO_TRUST]",4,1,4,Trust
IG-000722,Shara Ardiyan,"Halo..saya pengguna instagram dari lama..tetapi kenapa sekarang di akun saya tidak tersedia musik? Di catatan bertuliskan ""lagu yang anda pilih mungkin tidak tersedia di semua negara"", dan ketika saya ingin mempostinh story dengan lagu..itu tidak muncul lirik seperti sebelumnya, ini kenapa ya? Mohon untuk diperbaiki segera, karena saya ingin ngodein crush..terimakasih!😔💗🙏","Halo.saya pengguna instagram dari lama.tetapi kenapa sekarang di akun saya tidak tersedia musik? Di catatan bertuliskan ""lagu yang anda pilih mungkin tidak tersedia di semua negara"", dan ketika saya ingin mempostinh cerita Instagram dengan lagu.itu tidak muncul lirik seperti sebelumnya, ini kenapa ya? tolong untuk diperbaiki segera, karena saya ingin ngodein crush.terimakasih! [EMO_TRUST]",2,1,4,Anticipation
IG-000723,Elisabet Inesa,"tolong dong instagram jangan ilangin fitur arsip ig, sayang story² yang udah lama ke save di arsip dan kenangan nya, masa harus ilang gitu aja, apalagi kalo di ig kelas, sayang banget, kenangan pas masa sekolah... minta tolong perbaiki fitur nya, agar instagar tetap ada arsip dan arsip yg sifatnya video jangan dijadiin gambar🥺🥺🙏🏻🙏🏻🙏🏻","tolong lah instagram jangan ilangin fitur arsip Instagram sayang story² yang sudah lama ke save di arsip dan kenangan nya, masa harus ilang begitu aja, apalagi kalo di Instagram kelas, sayang banget, kenangan saat masa sekolah. minta tolong perbaiki fitur nya, agar instagar tetap ada arsip dan arsip yang sifatnya video jangan dijadiin gambar [EMO_SADNESS] [EMO_SADNESS] [EMO_TRUST] [EMO_TRUST] [EMO_TRUST]",7,5,3,Love
IG-000724,gallant 2307,"semua perizinan kamera sudah saya aktifkan tapi mengapa kamera Instagram tidak bisa di gunakan tampilan layar nya hitam baik kamera depan dan belakang,harap segera di beri cara dan di perbaiki lagi aplikasi ini","semua perizinan kamera sudah saya aktifkan tapi mengapa kamera Instagram tidak bisa di gunakan tampilan layar nya hitam baik kamera depan dan belakang,harap segera di beri cara dan di perbaiki lagi aplikasi ini",1,0,1,Anticipation
IG-000725,Lrs Alita,"Saya sudah 3 kali kehilangan akun, da selalu bermasalah untuk login. Aplikasi yang buruk, keamanan buruk, sama sekali tidak ada peningkatan","Saya sudah 3 kali kehilangan akun, da selalu bermasalah untuk login. Aplikasi yang buruk, keamanan buruk, sama sekali tidak ada peningkatan",0,0,1,Sadness
IG-000726,Anggia Febrina,"Fitur Instagramkan makin terupdate nih ya, nah sempet beberapa lalu font tulisan tuh pada bagus bagus. trus skrg udh gk ada lg, tpi di Instagram org org masih ada font barunya tpi di aku gk ada itu gmna yaaa","Fitur Instagramkan makin terupdate nih ya, nah sempet beberapa lalu font tulisan tuh pada bagus bagus. trus sekarang sudah tidak ada lagi tetapi di Instagram org org masih ada font barunya tetapi di aku tidak ada itu gmna ya",7,0,5,Trust
IG-000727,Zahro Putri,"hari ini knpa kalo saat saya lihat story ig tulisannya ""cerita tidak tersedia"", pdahal emng ada story di orang lain, tolong untuk diperbaiki, saya sampe mati hidupin data berulang kali, tpi sama aja","hari ini knpa kalo saat saya lihat cerita Instagram Instagram tulisannya ""cerita tidak tersedia"", pdahal emng ada cerita Instagram di orang lain, tolong untuk diperbaiki, saya sampe mati hidupin data berulang kali, tetapi sama aja",4,0,2,Sadness
IG-000728,Patricia Leman,"Instagram, tolong perbaiki fitur ""pengajuan banding"". Saya tau fitur ini dibuat demi kenyamanan dan keamanan bersama, tapi saya sedang memiliki kebutuhan yang cukup urgent, dan sayangnya saya tidak bisa membuat akun khusus. katanya ditinjau selama 24 jam, tapi ini sudah 4 hari dan tidak ada kemajuan. Mohon bantuannya. 🙏","Instagram, tolong perbaiki fitur ""pengajuan banding"". Saya tahu fitur ini dibuat demi kenyamanan dan keamanan bersama, tapi saya sedang memiliki kebutuhan yang cukup urgent, dan sayangnya saya tidak bisa membuat akun khusus. katanya ditinjau selama 24 jam, tapi ini sudah 4 hari dan tidak ada kemajuan. tolong bantuannya. [EMO_TRUST]",3,1,3,Optimism
IG-000729,M. Dani Abdurrahman,"kenapa skrng ig jadi ngerubah suara story jadi semakin rendah? yg asal mula nya musik nya nyaring jadi suara pelan gini, plis update woi..",kenapa skrng Instagram jadi ngerubah suara cerita Instagram jadi semakin rendah? yang asal mula nya musik nya nyaring jadi suara pelan begini tolong update woi.,5,0,2,Surprise
IG-000730,Sudiri Alby,"Aplikasi ini mudah digunakan. Banyak memperoleh informasi dan hiburan. Saya sudah lama memiliki apliksi ini, tapi sayangnya hanya sedikit teman saya yang menggunakan aplikasi ini jadi kurang berinteraksi.","Aplikasi ini mudah digunakan. Banyak memperoleh informasi dan hiburan. Saya sudah lama memiliki apliksi ini, tapi sayangnya hanya sedikit teman saya yang menggunakan aplikasi ini jadi kurang berinteraksi.",0,0,5,Love
IG-000731,Ryan Aziz,"Tolong di permudah waktu edit sorotan, soalnya saya tekan selesai memuatnya sangat lama hingga beberapa menit , membuat saya kesal dan saya coba 10 × baru bisa. *SEMOGA KOMENTAR SAYA DI JAWAB*","Tolong di permudah waktu edit sorotan, soalnya saya tekan selesai memuatnya sangat lama hingga beberapa menit , membuat saya kesal dan saya coba 10 × baru bisa *SEMOGA KOMENTAR SAYA DI JAWAB*",1,0,5,Optimism
IG-000732,Amanda Puteri,"Buka story trus pake filter malah kelap kelip item putih gejelas uda di uninstal trus download lg masi sama aja pdhl kondisi hp dan kamera bisa itu baik"" saja gmn si ini ig nya yg bug atau gmn si tolong di perbaiki","Buka cerita Instagram trus pakai filter malah kelap kelip item putih gejelas sudah di uninstal trus download lagi masi sama aja pdhl kondisi hp dan kamera bisa itu baik"" saja bagaimana si ini Instagram nya yang gangguan bug sistem atau bagaimana si tolong di perbaiki",10,0,1,Optimism
IG-000733,Afwan Riyadi,"kenapa model repost an video balik ke setelan awal ya? padahal uda bagus loh yg kemarin modelnya lengkung mirip repost an iPhone, eh ini balik jdi persegi panjang lagi. ubah lagi dong ke model lengkung repost an nya!","kenapa model repost an video balik ke setelan awal ya? padahal sudah bagus loh yang kemarin modelnya lengkung mirip repost an iPhone, eh ini balik jdi persegi panjang lagi. ubah lagi lah ke model lengkung repost an nya!",3,0,3,Trust
IG-000734,Hilda Tiara,"tolong jangan hapus fitur arsip cerita, jadi semakin ga suka main instagram semenjak beberapa foto/video di arsipan akun instagram saya hilang dan meta tidak bisa bertanggung jawab untuk mengembalikannya:(((","tolong jangan hapus fitur arsip cerita, jadi semakin tidak suka main instagram semenjak beberapa foto/video di arsipan akun instagram saya hilang dan meta tidak bisa bertanggung jawab untuk mengembalikannya:(",2,0,1,Sadness
IG-000735,Pengguna Google,"Cuma 1 sih kekurangan yang sangat menggangu sih buat gua, iklan lewat pas kita liat SG, ya gua tau kalau itu salah satu pemasukan buat meta, tapi kalau bisa kurangin dikitlah, selebihnya dah cukup sih","Cuma 1 gerangan kekurangan yang sangat menggangu gerangan membuat saya iklan lewat saat kita melihat SG, ya saya tahu kalau itu salah satu pemasukan membuat meta, tapi kalau bisa kurangin dikitlah, selebihnya dah cukup gerangan",12,0,4,Joy
IG-000736,salon cece,"Banyak bget masalah nya di Instagram ini update story aja susah banyak ini itu nya .. padahal Instagram gak pernah di apa""in . sinyal kuat jg update status GK bisa hapus cache sama ..apa sih aplikasi bgni amat..dah 3 hri upload story GK kekirim trus.. update story di Instagram banyak banget yang gagal terkirim.arsip jg banyak yg kehapus smkin buruk aja .playann nya .GK kayak apk"" yg lain","Banyak bget masalah nya di Instagram ini update cerita Instagram aja susah banyak ini itu nya . padahal Instagram tidak pernah di apa""in . sinyal kuat juga update status tidak bisa hapus cache sama .apa gerangan aplikasi bgni amat.dah 3 hri upload cerita Instagram tidak kekirim trus. update cerita Instagram di Instagram banyak banget yang gagal terkirim.arsip juga banyak yang kehapus smkin buruk aja .playann nya tidak seperti apk"" yang lain",14,0,1,Anger
IG-000737,Wulan,"makin gaje Instagram, mo nambahin audio di story dan postingan ga ada. ngesave audio ga ada fiturnya hadehhhhhhhhhh","makin gaje Instagram, mo nambahin audio di cerita Instagram dan unggahan konten tidak ada. ngesave audio tidak ada fiturnya hadeh",4,0,1,Sadness
IG-000738,Tri Muliyana,Kenapa foto srsipan saya gelap ada tanda seru nya dan katanya cerita ini sudah tersedia lagi dan tidak dapat di pulihkan otomatis akan di hapus dari arsip paling lambat Juli 2025 Banyak kenangan lo di arisan dengan gampang nya menghapus smua itu tolong ya di perbaiki itu jangan sampai terhapus,Kenapa foto srsipan saya gelap ada tanda seru nya dan katanya cerita ini sudah tersedia lagi dan tidak dapat di pulihkan otomatis akan di hapus dari arsip paling lambat Juli 2025 Banyak kenangan lo di arisan dengan gampang nya menghapus smua itu tolong ya di perbaiki itu jangan sampai terhapus,0,0,1,Surprise
IG-000739,R U D Z,"Di HP temen bisa pause reels tanpa perlu ditahan yaitu tinggal klik doan, lah di HP saya masih perlu ditahan untuk meng pause suatu vidio reels, ini gimana sih updatenya kok gk merata?","Di HP temen bisa pause video reels tanpa perlu ditahan yaitu tinggal klik doan, lah di HP saya masih perlu ditahan untuk meng pause suatu vidio video reels ini gimana gerangan updatenya mengapa tidak merata?",6,0,1,Optimism
IG-000740,dzakiyyah,"pliss jangan dihapus archive nya jangan dihilangin, justrus archive yang bikin kita betah pake aplikasi ini, kalo dia dihilangin bakal kurang, jadinya sama aja dong kayak aplikasi sebelah. udah nyaman sama instagram tolong jangan dihilangin fitur apapun itu, pliss... kenangan kenangan semua ada disana, ribet kalo harus mindahin lagi, intinya jangan sampe dihilangin itu aja...","pliss jangan dihapus archive nya jangan dihilangin, justrus archive yang membuat kita betah pakai aplikasi ini, kalo dia dihilangin bakal kurang, jadinya sama aja lah seperti aplikasi sebelah. sudah nyaman sama instagram tolong jangan dihilangin fitur apapun itu, pliss. kenangan kenangan semua ada disana, ribet kalo harus mindahin lagi, intinya jangan sampe dihilangin itu aja.",6,0,5,Trust
IG-000741,Anisa Oktaviani,"saya beri bintang 5 asalkan Instagram tetap mempertahankan fitur Archive Story, karena fitur ini sangat berguna untuk menyimpan kenangan dan momen berharga tanpa harus membagikannya secara permanen di profil.",saya beri bintang 5 asalkan Instagram tetap mempertahankan fitur Archive cerita Instagram karena fitur ini sangat berguna untuk menyimpan kenangan dan momen berharga tanpa harus membagikannya secara permanen di profil.,1,0,5,Joy
IG-000742,wahyu kharisma,"Instagram kenapa menghapus postingan design yang jelas jelas saya buat original dari 0 tanpa plagiat mencontek atau meng upload karya orang lain, sistem penilaian ai Instagram sangat buruk, tolong di perbaiki, sebelumnya terjadi dgn beberapa teman creator yang postingan karya orisinil mereka di hapus dengan alasan plagiasi, sekarang terjadi lagi di saya.","Instagram kenapa menghapus unggahan konten design yang jelas jelas saya membuat original dari 0 tanpa plagiat mencontek atau meng upload karya orang lain, sistem penilaian ai Instagram sangat buruk, tolong di perbaiki, sebelumnya terjadi dengan beberapa teman creator yang unggahan konten karya orisinil mereka di hapus dengan alasan plagiasi, sekarang terjadi lagi di saya.",4,0,3,Surprise
IG-000743,Miftachul Au'lidhina,Tolong teramat sangat!!! Fitur highlight nya jangan di hapus!!! Arsipannya juga jangan di hapus!!! Karna itu penting dan mempermudah kita. Kalau seperti ini ya jadinya IG ga berfungsi lagi & dijamin 100% semua orang akan hilang respect dengan IG. TOLONG DI PERTIMBANGKAN YA!!!,Tolong teramat sangat! Fitur highlight nya jangan di hapus! Arsipannya juga jangan di hapus! karena itu penting dan mempermudah kita Kalau seperti ini ya jadinya Instagram tidak berfungsi lagi & dijamin 100% semua orang akan hilang respect dengan Instagram TOLONG DI PERTIMBANGKAN YA!,5,0,3,Sadness
IG-000744,Zero Gaming,"untuk pihak instagram saya ingin menanyakan terkait masalah saya, saya tidak bisa mengupload vidio (memeriksa koneksi) seperti itu terus kenapa ya? .untuk repost dan post foto masih bisa cuma untuk vidio selalu seperti itu","untuk pihak instagram saya ingin menanyakan terkait masalah saya, saya tidak bisa mengupload vidio (memeriksa koneksi) seperti itu terus kenapa ya? .untuk repost dan unggahan foto masih bisa cuma untuk vidio selalu seperti itu",3,0,5,Optimism
IG-000745,Muhammad Azmi Maulana,"Perbaiki lagi bug menambahkan musik dibio, sudah ditambahkan tapi setelah itu hilang lagi.","Perbaiki lagi gangguan bug sistem menambahkan musik dibio, sudah ditambahkan tapi setelah itu hilang lagi.",1,0,3,Sadness
IG-000746,FAJAR RIZQI AKBAR,saya mendengar kalau fitur archive akan segera di hapus apakah benar?? jika memang benar.... tolong untuk jangan sampai hapus fitur archive tersebut..... karna banyak orang yang memanfaatkan fitur tersebut untuk menyimpan sebuah kenangan,saya mendengar kalau fitur archive akan segera di hapus apakah benar? jika memang benar. tolong untuk jangan sampai hapus fitur archive tersebut. karena banyak orang yang memanfaatkan fitur tersebut untuk menyimpan sebuah kenangan,1,0,1,Anticipation
IG-000747,Nurliana liana,Ah makin ke sini gak bagus banyak fitur yang hilang.. tiba tiba comen hilang.. vidio susah upload.. kebijakannya kurang bagus. masa komen dikit ja gak bisa.. tolong perbaiki donk.,Ah makin ke sini tidak bagus banyak fitur yang hilang. tiba tiba comen hilang. vidio susah upload. kebijakannya kurang bagus. masa komen dikit ja tidak bisa tolong perbaiki donk.,3,0,1,Sadness
IG-000748,Aulia Firokhah,"Bintang satu jika pihak Instagram menghilangkan arsip story , please banget jangan dihapus karna arsip lah membuat kenangan dari foto dan Vidio yg udh lama di simpan ini sangat berguna banget dalam aplikasi Instagram 🙏🏻","Bintang satu jika pihak Instagram menghilangkan arsip cerita Instagram , please banget jangan dihapus karena arsip lah membuat kenangan dari foto dan Vidio yang sudah lama di simpan ini sangat berguna banget dalam aplikasi Instagram [EMO_TRUST]",4,1,1,Sadness
IG-000749,Firgiawan Dwi,"Masalah mulu sumpah ""maaf.ada masalah"".tolong ini kenapa masukin pw bener gl bisa masukin pw salah gk bisa, terus harus di masukin apa truk molen sumpah dah tolong ini du fix. Gw tau ini demi keamanan tapi ya gk gini, masak log in pake HP yg pertama buat aku gk bisa. Dahlah. Moga di baca","Masalah mulu sumpah ""maaf.ada masalah"".tolong ini kenapa masukin pw benar gl bisa masukin pw salah tidak bisa terus harus di masukin apa truk molen sumpah dah tolong ini du fix. saya tahu ini demi keamanan tapi ya tidak begini masak log in pakai HP yang pertama membuat aku tidak bisa Dahlah. Moga di baca",13,0,1,Trust
IG-000750,Wa Ode Aulia Maulida Sari,Ga Jelas! Diminta ajukan banding. Giliran dah disetujui disuruh masukin kode yang dikirim lewat email. Tapi sampai sekarang tuh kode kagak dikirim kirim. Padahal jaringan juga stabil dah ga tau apa yang salah. Emang dari aplikasi nya aja yang GA JELAS,tidak Jelas! Diminta ajukan banding. Giliran dah disetujui disuruh masukin kode yang dikirim lewat email. Tapi sampai sekarang tuh kode kagak dikirim kirim. Padahal jaringan juga stabil dah tidak tahu apa yang salah. memang dari aplikasi nya aja yang tidak JELAS,5,0,1,Sadness
IG-000751,Febbyola,"kalo kata gua adain aja fitur hd nya kaya apk sebelah, gua kirim download dari ig, gila kualitas videonya jelek banget. baca napa minimal, jangan fitur kaya font yang ga dibutuh butuhin doang yang diperhatiin ini masalah kualitas gabisa hd","kalo kata saya adain aja fitur hd nya kaya apk sebelah, saya kirim download dari Instagram gila kualitas videonya jelek banget. baca napa minimal, jangan fitur kaya font yang tidak dibutuh butuhin doang yang diperhatiin ini masalah kualitas gabisa hd",4,0,1,Anger
IG-000752,vicka nailah,kenapa di Instagram ketika ingin memposting foto ada bacaan terjadi kesalahan yang tidak diketahui ya? sewaktu mencari solusi hapus cache dan update aplikasi tetap saja terjadi bug seperti itu,kenapa di Instagram ketika ingin memposting foto ada bacaan terjadi kesalahan yang tidak diketahui ya? sewaktu mencari solusi hapus cache dan update aplikasi tetap saja terjadi gangguan bug sistem seperti itu,1,0,3,Surprise
IG-000753,Herlina Shafiradaryanto,"Kenapa video arsip dari 2021 kebawah tidak bisa bergerak sama sekali, padahal sengaja banyak simpan kenangan disana. tapi tidak bisa diputar kembali. Tolong pihak instagram","Kenapa video arsip dari 2021 kebawah tidak bisa bergerak sama sekali, padahal sengaja banyak simpan kenangan disana. tapi tidak bisa diputar kembali. Tolong pihak instagram",2,0,3,Optimism
IG-000754,raraiqAa,"ig banyak bug nya, setiap up story selalu ga bisa dan muncul tulisan kesalahan, tolong di perbaiki","Instagram banyak gangguan bug sistem nya, setiap up cerita Instagram selalu tidak bisa dan muncul tulisan kesalahan, tolong di perbaiki",5,0,3,Optimism
IG-000755,Resti Sari,"Instagram ini emng beda ya audio/suaranya sangat kecil dari aplikasi yang lain seperti threads dsb. Padahal volume sudah besar, Tolong perbaiki","Instagram ini emng beda ya audio/suaranya sangat kecil dari aplikasi yang lain seperti threads dsb. Padahal volume sudah besar, Tolong perbaiki",0,0,2,Sadness
IG-000756,Janeta Maulana,"jujur aja fitur barunya sih makin banyak, tapi minimal perbaikin dulu kek masalah arsipan story ig (ada yg gabisa dibuka, blur, trs vid jd fto) , yakali eror trs diapus pihak ignya? jujur aja ya daripada banyakin fitur ga terlalu penting mending perbaikin masalah arsip ig dulu, masalahnya banyak kenangan di arsip ig yakali ilang eror trs lu apus.","jujur aja fitur barunya gerangan makin banyak, tapi minimal perbaikin dulu seperti masalah arsipan cerita Instagram Instagram (ada yang gabisa dibuka, blur, trs vid jd fto) , yakali eror trs diapus pihak ignya? jujur aja ya daripada banyakin fitur tidak terlalu penting mending perbaikin masalah arsip Instagram dulu, masalahnya banyak kenangan di arsip Instagram yakali ilang eror trs kamu apus.",9,0,1,Optimism
IG-000757,Anggia Pitaomas Rajagukguk,"Tolong Instagram, kenapa setelah update versi terbaru waktu buat instagram story menggunakan effect jadi kedip-kedip yaaa??? Ngebug gitu tolong gmn solusinya","Tolong Instagram, kenapa setelah update versi terbaru waktu membuat instagram cerita Instagram menggunakan effect jadi kedip-kedip ya? Ngebug begitu tolong bagaimana solusinya",4,0,1,Surprise
IG-000758,Antan Bahrul,"Tolong dong masa hp saya kamerany udaa 108mp , support 4K , kenapa yaa setiap upload story selalu buram hasil nya , ini PR sih buat IG , apa harus selalu merek hp tertentu saja yang dapet fitur jernih kalo upload story ?","Tolong lah masa hp saya kamerany udaa 108mp , support 4K , kenapa ya setiap upload cerita Instagram selalu buram hasil nya , ini PR gerangan membuat Instagram , apa harus selalu merek hp tertentu saja yang dapat fitur jernih kalo upload cerita Instagram ?",8,0,1,Surprise
IG-000759,Khairunisa,"kenapa tiba tiba fitur musik di profil/di bio hilang di akun saya? di akun kedua saya masih ada namun, di akun yang pertama udah ilang fiturnya. Mohon di percepat perbaikan nya, terimakasih atas perhatiannya🙏","kenapa tiba tiba fitur musik di profil/di bio hilang di akun saya? di akun kedua saya masih ada namun, di akun yang pertama sudah ilang fiturnya. tolong di percepat perbaikan nya, terimakasih atas perhatiannya [EMO_TRUST]",2,1,4,Surprise
IG-000760,Alok Diskon,"aplikasi gajelas saya tidak salah apa apa akun saya kena blokir, lalu buat akun lagi bermasalah tidak bisa mengikuti apk banyak ngebugnya aneh, dan tolong perbaiki lagi, terimakasih","aplikasi gajelas saya tidak salah apa apa akun saya kena blokir, lalu membuat akun lagi bermasalah tidak bisa mengikuti apk banyak ngebugnya aneh, dan tolong perbaiki lagi, terimakasih",2,0,1,Optimism
IG-000761,Riyanti Riyanti,Kenangan tetap ada di Instagram... walaupun HP lama telah hilang..yaah beruntung punya Instagram bisa mengekspor ke HP baru dari akun lama.. thank you 🙏☺️,Kenangan tetap ada di Instagram. walaupun HP lama telah hilang.yaah beruntung memiliki Instagram bisa mengekspor ke HP baru dari akun lama. thank you [EMO_TRUST] ☺️,2,1,5,Optimism
IG-000762,Nurul Qamri,"Tolong kualitas foto dan video jangan di kompres saat di post. Dan tolong jangan hilangkan arsip Ig, hanya di ig saja saya menyimpan arsip2 kenangan digital saya.",Tolong kualitas foto dan video jangan di kompres saat di unggahan Dan tolong jangan hilangkan arsip Instagram hanya di Instagram saja saya menyimpan arsip2 kenangan digital saya.,3,0,1,Sadness
IG-000763,indah berliana,"dah bagus, cuman kalo ada tambahan fitur tolong ada di semua akun ya. soalnya fitur-fitur yang baru (kayak font, bingkai, dll) itu cuman ada di akun kedua saya yang jarang saya pakai, di akun utama yang sering saya pakai malah tidak ada. tolong diperbaiki lagi ya🙏🏻","dah bagus, cuman kalo ada tambahan fitur tolong ada di semua akun ya. soalnya fitur-fitur yang baru seperti font, bingkai, dll) itu cuman ada di akun kedua saya yang jarang saya pakai, di akun utama yang sering saya pakai malah tidak ada. tolong diperbaiki lagi ya [EMO_TRUST]",1,1,5,Trust
IG-000764,Sofia Murida,"Hari ini instagram ku seharian gak ada muncul story instagram di beranda, udah di refresh terus, tetap gak ada hasil, tapi kalau lihat akun orang ada story nya, tapi di beranda sama sekali tidak muncul story followers, tolong dijawab admin, saya sudah coba laporkan masalah di instagram, belum di respon sampai sekarang Terimakasih","Hari ini instagram ku seharian tidak ada muncul cerita Instagram instagram di beranda, sudah di refresh terus, tetap tidak ada hasil, tapi kalau lihat akun orang ada cerita Instagram nya, tapi di beranda sama sekali tidak muncul cerita Instagram pengikut tolong dijawab admin, saya sudah coba laporkan masalah di instagram, belum di respon sampai sekarang Terimakasih",7,0,4,Joy
IG-000765,Juri Anto,Assalamualaikum rekomendasi dari saya Instagram bagus buat yang insekyur sama wajah nya sendiri termasuk saya sendiri dan yang gak PD sama muka nya sekian dari saya kurang lebih nya mohon maaf wassalamualaykum🙏,Assalamualaikum rekomendasi dari saya Instagram bagus membuat yang insekyur sama wajah nya sendiri termasuk saya sendiri dan yang tidak pada sama muka nya sekian dari saya kurang lebih nya tolong maaf wassalamualaykum [EMO_TRUST],4,1,1,Trust
IG-000766,Mambaul Khofshoh,"fitur arsip jangan di hilangkan, overall bagus. tapi fitur arsip jangan dihilangkan karena itu fitur paling berguna.","fitur arsip jangan di hilangkan, overall bagus. tapi fitur arsip jangan dihilangkan karena itu fitur paling berguna.",0,0,5,Trust
IG-000767,Ariven Barca,"Aplikasinya lumayan bagus, banyak konten hiburan dan juga edukasi. Yang perlu ditingkatkan, filterasi terhadap konten yang berbau pornografi, karena yang menggunakan apk ini tidak hanya orang dewasa","Aplikasinya lumayan bagus, banyak konten hiburan dan juga edukasi. Yang perlu ditingkatkan, filterasi terhadap konten yang berbau pornografi, karena yang menggunakan apk ini tidak hanya orang dewasa",0,0,5,Trust
IG-000768,Gita Febrianti,"kenapa ya pas saya mau foto, buka kamera tiba tiba jadi full hitam. padahal kemarin kemarin aman aman aja. tolong dong ini kenapa? rata rata yang pake hp samsung pada kaya gini semua. tolong konfirmasi nya...","kenapa ya saat saya mau foto, buka kamera tiba tiba jadi full hitam. padahal kemarin kemarin aman aman aja. tolong lah ini kenapa? rata rata yang pakai hp samsung pada kaya begini semua. tolong konfirmasi nya.",4,0,1,Trust
IG-000769,Nadine Kirana putri,"bagusss,banyak fitur baru..tapi ini kenapa akun saya tiba tiba kehapus permanen ya?? udah nyoba buat akun baru pake Gmail yang lain juga tetep ga bisa,tolong dongg. soalnya disana banyak foto kenang kenangan,masalah followers bodoamat bener dah","bagus,banyak fitur baru.tapi ini kenapa akun saya tiba tiba kehapus permanen ya? sudah nyoba membuat akun baru pakai Gmail yang lain juga tetep tidak bisa,tolong dongg. soalnya disana banyak foto kenang kenangan,masalah pengikut bodoamat benar dah",6,0,4,Trust
IG-000770,Amel Amelannisa,Kenapa ig jadi tidak bisa dibuka disuruh pengajuan 180 hari. Apaan ig aku mau hilang kah. Pdhl ig probadi itu. Sdh di vidio dan no hp juga semoga balik ig aku .klo gak balik gak mau main ig lg ribet.,Kenapa Instagram jadi tidak bisa dibuka disuruh pengajuan 180 hari. apa Instagram aku mau hilang kah. Pdhl Instagram probadi itu. sudah di vidio dan no hp juga semoga balik Instagram aku kalau tidak balik tidak mau main Instagram lagi ribet.,12,0,1,Optimism
IG-000771,Nofa Ardiansyah,"tolong lebih diperbaiki lagi bug nya, tidak bisa menambahkan sorotan, musik tidak bisa muncul padahal di akun lainnya bisa","tolong lebih diperbaiki lagi gangguan bug sistem nya, tidak bisa menambahkan sorotan, musik tidak bisa muncul padahal di akun lainnya bisa",4,0,2,Optimism
IG-000772,Laksamana Angga,"Devlopert instagram yg terhormat, sya tdk merasa melakukan planggaran apa pun, tiba-tiba sja akun sya di tangguhkan. Sya sdh mengajukan banding sejak kemarin, namun sampai detik ini belum membuahkan hasil yg baik.","Devlopert instagram yang terhormat, saya tidak merasa melakukan planggaran apa pun, tiba-tiba sja akun saya di tangguhkan. saya sudah mengajukan banding sejak kemarin, namun sampai detik ini belum membuahkan hasil yang baik.",7,0,1,Sadness
IG-000773,Alin Cia,"kenapa sih instagram, padahal saya mau daftar tpi kenapa selalu muat ulang dan ga bisa? padahal itu mau saya buat post tugas sekolah tpi kenapa daftar aja instagram muat ulang terus? TOLONG DI PERBAIKI DONG","kenapa gerangan instagram, padahal saya mau daftar tetapi kenapa selalu muat ulang dan tidak bisa padahal itu mau saya membuat unggahan tugas sekolah tetapi kenapa daftar aja instagram muat ulang terus? TOLONG DI PERBAIKI lah",8,0,1,Optimism
IG-000774,Zulfadli Rahmat04,"unggah cerita dan postingan aja udah 2 jam nggk terunggah pulak, padahal kuota internet hidup 5gb tapi nggk bisa katanya menunggu koneksi plus satu lagi, orang lain bisa untuk ngepost ulang cerita orang ke ceritanya, karena ada opsi tambahkan ke cerita lah kenapa saya tidak ada, padahal saya sudah versi terbaru sudah update","unggah cerita dan unggahan konten aja sudah 2 jam nggk terunggah pulak, padahal kuota internet hidup 5gb tapi nggk bisa katanya menunggu koneksi plus satu lagi, orang lain bisa untuk ngepost ulang cerita orang ke ceritanya, karena ada opsi tambahkan ke cerita lah kenapa saya tidak ada, padahal saya sudah versi terbaru sudah update",4,0,1,Anticipation
IG-000775,idk thx,"tolong di perbaiki bnyk error nya, ga ada otak bgt,masa iya ga ngefollow siapa² tiba² following nambah, trus jg tiba² di aktivitas like gue, nge like bnyk video orang luar gajelas amat","tolong di perbaiki bnyk kesalahan sistem nya, tidak ada otak bgt,masa iya tidak ngefollow siapa² tiba² mengikuti nambah, trus juga tiba² di aktivitas like saya nge like bnyk video orang luar gajelas amat",6,0,2,Anger
IG-000776,Ricky Setiawan,"Device saya setelah update ke Android 15, fitur stories pada aplikasi mengalami gangguan (freeze) ketika mencoba melihat stories selanjutnya . Tolong diperbaiki","Device saya setelah update ke Android 15, fitur stories pada aplikasi mengalami gangguan (freeze) ketika mencoba melihat stories selanjutnya . Tolong diperbaiki",0,0,2,Sadness
IG-000777,Rendy Ardianto,Tiba2 terlogout dan tidak bisa login lagi. Padahal password dan username sudah benar. Tp anehnya di instagram lite bisa login tanpa masalah,Tiba2 terlogout dan tidak bisa login lagi. Padahal password dan username sudah benar. tetapi anehnya di instagram lite bisa login tanpa masalah,3,0,1,Optimism
IG-000778,Nunung Ratna Dewi,"Aplikasi yang mudah digunakan, banyak pilihannya, dan tidak susah untuk menyiarkan siaran langsung. Saya sangat menyukai nya. Good Job Instagram","Aplikasi yang mudah digunakan, banyak pilihannya, dan tidak susah untuk menyiarkan siaran langsung. Saya sangat menyukai nya. Good Job Instagram",0,0,5,Joy
IG-000779,fajar pathul padhillah,Instagram kenapa ya?? akun ig saya ditangguhkan mulu. padahal saya login sendiri diperangkat saya. Malah disuruh banding. tolong dong diperbaiki keamanannya. dan harus nunggu 3 hari akunnya setelah banding,Instagram kenapa ya? akun Instagram saya ditangguhkan mulu. padahal saya login sendiri diperangkat saya. Malah disuruh banding. tolong lah diperbaiki keamanannya. dan harus nunggu 3 hari akunnya setelah banding,2,0,1,Trust
IG-000780,LATIF ICHTIYAR,"setelah update, malah ngebug. setiap liat video reels or story pasti videonya nge delay. ga sinkron sama audionya. tlg diperbaiki ya","setelah update, malah ngebug. setiap melihat video video reels or cerita Instagram pasti videonya nge delay. tidak sinkron sama audionya. tolong diperbaiki ya",5,0,5,Joy
IG-000781,Christemanuel Harvin Budiman,"Algoritma videonya sangat bagus, dimana saya sedang over eating dan ingin konsisten ingin makan sehat 100% tanpa tepung, gula, minyak, pengawet, dll lalu ternyata ada video yang memotivasi saya untuk terus melakukan itu dengan lebih baik dan tidak perlu menghakimi makanan lain agar kedepan saya tidak over eating akan makanan yang saya cap kurang baik","Algoritma videonya sangat bagus, dimana saya sedang over eating dan ingin konsisten ingin makan sehat 100% tanpa tepung, gula, minyak, pengawet, dll lalu ternyata ada video yang memotivasi saya untuk terus melakukan itu dengan lebih baik dan tidak perlu menghakimi makanan lain agar kedepan saya tidak over eating akan makanan yang saya cap kurang baik",0,0,5,Trust
IG-000782,Muhajir royhan Daffa,"sudah bagus cuman ada beberapa kendala seperti saya yang sering menyukai reels dan postingan orang lain yang emang karena saya sukai dan malah di anggap sebagai aktivitas spam, kejadian ini sudah terulang lebih dari 7 kali mohon lebih di perbaiki lagi,karena tujuan murni saya memang menyukai postingan orang lain, sudah saya lakukan pengajuan tapi proses verifikasinya bisa memakan waktu 1-2 bulan hal ini sangat menggangu mohon segera di perbaiki.","sudah bagus cuman ada beberapa kendala seperti saya yang sering menyukai video reels dan unggahan konten orang lain yang memang karena saya sukai dan malah di anggap sebagai aktivitas spam, kejadian ini sudah terulang lebih dari 7 kali tolong lebih di perbaiki lagi,karena tujuan murni saya memang menyukai unggahan konten orang lain, sudah saya lakukan pengajuan tapi proses verifikasinya bisa memakan waktu 1-2 bulan hal ini sangat menggangu tolong segera di perbaiki.",7,0,4,Joy
IG-000783,Fidia Novita Rahmawati,"kenapa saat membuat reels kita sendiri di Instagram tidak ada fitur menyimpan ke galeri, padahal dulu masih bisa sekarang udah ga ada,mohon di perbaiki.","kenapa saat membuat video reels kita sendiri di Instagram tidak ada fitur menyimpan ke galeri, padahal dulu masih bisa sekarang sudah tidak ada,mohon di perbaiki.",5,0,3,Optimism
IG-000784,R.Sakura-chan,"Mengapa saya tidak bisa mendaftarkan akun saya??? Ma pake fb ataupun tidak tetap saja tidak mau??saya udh coba cek ulng siapa tau ad kesalahan namun mendapatkan hasil yg sm jga, saya juga udh mencoba buat download ulang Krn saya pikir ad sistem yg slh namun tetap saja mendapatkan hasil yg sm.Bahakan saya jga sudah menyampaikan mslh saya k tim Ig namun tidak menerima jawaban tolonglah perbaiki masalah ini",Mengapa saya tidak bisa mendaftarkan akun saya? Ma pakai fb ataupun tidak tetap saja tidak mau?saya sudah coba cek ulng siapa tahu ad kesalahan namun mendapatkan hasil yang sama juga saya juga sudah mencoba membuat download ulang karena saya pikir ad sistem yang slh namun tetap saja mendapatkan hasil yang sm.Bahakan saya juga sudah menyampaikan mslh saya k tim Instagram namun tidak menerima jawaban tolonglah perbaiki masalah ini,14,0,1,Anger
IG-000785,Elfi Ramadhani,Tolong dong fitur arsip story yang lama2 jangan dihilangkan. Apalagi video lama jd freeze. Itu ada kenang2an nya,Tolong lah fitur arsip cerita Instagram yang lama2 jangan dihilangkan. Apalagi video lama jd freeze. Itu ada kenang2an nya,2,0,1,Sadness
IG-000786,Ricky Silvester,"Cukup bintang yang berbicara Udah dikasi bintang 1 pun masi aja gak dibereskan nih aplikasi,masa setiap lihat story' muncul layar hitam terus perasaan hp aku gak kentang amat dah,tolong developer perhatikan lagi untuk kenyamanan","Cukup bintang yang berbicara sudah dikasi bintang 1 pun masi aja tidak dibereskan nih aplikasi,masa setiap lihat cerita Instagram muncul layar hitam terus perasaan hp aku tidak kentang amat dah,tolong developer perhatikan lagi untuk kenyamanan",4,0,1,Trust
IG-000787,yola fadila,"Tiba tiba kamera IG nya hitam di samsung A05, sebelumnya tidak seperti ini, di kamera utama tidak ada masalah dan kamera di aplikasi lainnya juga aman, apakah ada bug atau lagi error IG ini","Tiba tiba kamera Instagram nya hitam di samsung A05, sebelumnya tidak seperti ini, di kamera utama tidak ada masalah dan kamera di aplikasi lainnya juga aman, apakah ada gangguan bug sistem atau lagi kesalahan sistem Instagram ini",4,0,3,Trust
IG-000788,Rokib Marzuki,"Mantap.saya baru nginstall senang sekali instagram ngasih tontonan yang menghibur banyak inspirasi juga semoga kedepan instagram, bisa nambahin fitur yang keren lagi dan semoga semakiin jaya Dan bisa ngasih pengguna instagram seluruh dunia bisa berkarya .mantap","Mantap.saya baru nginstall senang sekali instagram ngasih tontonan yang menghibur banyak inspirasi juga semoga kedepan instagram, bisa nambahin fitur yang keren lagi dan semoga semakiin jaya Dan bisa ngasih pengguna instagram seluruh dunia bisa berkarya sangat bagus",4,0,5,Joy
IG-000789,Kim Taehyung,"nstagram sebaiknya tetap mempertahankan fitur Archive Story, karena fitur ini sangat berguna untuk menyimpan kenangan dan momen berharga tanpa harus membagikannya secara permanen di profil 🙏🙏🙏",nstagram sebaiknya tetap mempertahankan fitur Archive cerita Instagram karena fitur ini sangat berguna untuk menyimpan kenangan dan momen berharga tanpa harus membagikannya secara permanen di profil [EMO_TRUST] [EMO_TRUST] [EMO_TRUST],1,3,1,Sadness
IG-000790,Pandiangan Benedit,Aplikasi Instagram ini sangat mudah penggunaanya dan praktis. Fitur2nya cangih canggih. Saya menggunakan hanya sekedar menunggu benar2 tau bagaimana menghasilkan heveng di sini... 😁😁🤣🤣👍👍👍🏅🏅🏅🏆🏆🏆.,Aplikasi Instagram ini sangat mudah penggunaanya dan praktis. Fitur2nya cangih canggih. Saya menggunakan hanya sekedar menunggu benar2 tahu bagaimana menghasilkan heveng di sini. [EMO_JOY] [EMO_JOY] [EMO_JOY] [EMO_JOY] [EMO_TRUST] [EMO_TRUST] [EMO_TRUST] .,1,7,5,Anticipation
IG-000791,Putri Budi,"Pliss kecewa banget skrng sama Instagram, knpa fitur arsip yg bnr2 kita jadiin kenangan malah d apus, parah bgt si.. vidio arsip gue jdi Poto dan ada yg dah ga di buka lagi.. malah makin jelek kesini2","Pliss kecewa banget skrng sama Instagram, knpa fitur arsip yang bnr2 kita jadiin kenangan malah d apus, parah banget si. vidio arsip saya jdi Poto dan ada yang dah tidak di buka lagi. malah makin jelek kesini2",6,0,1,Sadness
IG-000792,Anggun Setiyani,"sangat mudah, tetapi belum ada fitur terbarunya yg lebih mudah untuk ig profesional nya, kembangkan ya, saya suka main Instagram","sangat mudah, tetapi belum ada fitur terbarunya yang lebih mudah untuk Instagram profesional nya, kembangkan ya, saya suka main Instagram",2,0,5,Joy
IG-000793,Jee,"lagi dan lagi ada bug, udh seneng ada fitur komentar nya di story eh pas mau setting di pengaturan terjadi kesalahan. sebel bangettttt",lagi dan lagi ada gangguan bug sistem sudah seneng ada fitur komentar nya di cerita Instagram eh saat mau setting di pengaturan terjadi kesalahan. sebel banget,4,0,3,Anger
IG-000794,Muhammad Azmar,Instagram selalu memberikan informasi dan sistem yg baik buat konten kita selalu ditingkatkan dan cepat merespon kesalahan yg kita butuhkan..👌🫰🙏🙏,Instagram selalu memberikan informasi dan sistem yang baik membuat konten kita selalu ditingkatkan dan cepat merespon kesalahan yang kita butuhkan. [EMO_TRUST] [EMO_TRUST],5,2,5,Anger
IG-000795,Outter,"Ni kenapa dah Instagram aneh, akun gw kena suspend 2× padahal ga ngapa-ngapain, upload foto aja jarang, apanya yang melanggar komunitas coba, masa gw harus upload tiap hari gitu stres, plis lah perbaiki masa tiap buka Instagram harus ngajuin banding mulu, pegel kepala di suruh selfi kanan kiri atas bawah","Ni kenapa dah Instagram aneh, akun saya kena suspend 2× padahal tidak ngapa-ngapain, upload foto aja jarang, apanya yang melanggar komunitas coba, masa saya harus upload tiap hari begitu stres, tolong lah perbaiki masa tiap buka Instagram harus ngajuin banding mulu, pegel kepala di suruh selfi kanan kiri atas bawah",6,0,1,Surprise
IG-000796,gusti ariyadi,"Instagram nggak jelas. Gua hanya foto lengan dan kaki saya yang ber otot malah dapat pelanggaran. Sedangkan yang cewek"" full hot parah bisa bebas begitu saja. Gua pamer urat dan otot bukan aurat","Instagram tidak jelas. saya hanya foto lengan dan kaki saya yang ber otot malah dapat pelanggaran. Sedangkan yang cewek"" full hot parah bisa bebas begitu saja. saya pamer urat dan otot bukan aurat",4,0,1,Optimism
IG-000797,Vhynii Gheofanny,Tidak bisa mengundang kolaborator. Pilihannya tidak muncul. Bahkan saya juga tidak bisa di undang sebagai kolaborator. Sdh mengikuti semua cara dgn publik akun dan mengubah ke profesional akun ttp tidak bisa,Tidak bisa mengundang kolaborator. Pilihannya tidak muncul. Bahkan saya juga tidak bisa di undang sebagai kolaborator. sudah mengikuti semua cara dengan publik akun dan mengubah ke profesional akun tetap tidak bisa,6,0,1,Optimism
IG-000798,Naida Almira Putri Dhifa,"Sayaa sangat suka dengan aplikasi ini karena aplikasi ini ada pengingat batas waktu bermain di instagram. Tapi tolong, untuk cerita bisa di tambah kan tempat untuk caption. Itu saja, terima kasih","Sayaa sangat suka dengan aplikasi ini karena aplikasi ini ada pengingat batas waktu bermain di instagram. Tapi tolong, untuk cerita bisa di tambah bukankah tempat untuk caption. Itu saja, terima kasih",2,0,5,Joy
IG-000799,Alfinah Rohmi,Ini kenapa akunku mau dinon aktifkan padahal aq ngga pernah mencet apa²tiba²gitu perbaiki sistemnya sementara aq kasih bintang 1 dulu kalau sudah bisa aq naikin rating nya jangan bikin orang lain kecewa,Ini kenapa akunku mau dinon aktifkan padahal aku tidak pernah mencet apa²tiba²gitu perbaiki sistemnya sementara aku kasih bintang 1 dulu kalau sudah bisa aku naikin rating nya jangan membuat orang lain kecewa,6,0,1,Sadness
IG-000800,Egis Saputra,ni instagram lagi eror apa gimana mau login ke akun malah gk bisa padahal kata sandi nya bener user juga bener malah gk bisa. mohon dong pihak instagram perbaiki bug nya. dan gk bisa nautkan akun ig juga di tiktok. pliss deh jangan gila,ni instagram lagi eror apa gimana mau login ke akun malah tidak bisa padahal kata sandi nya benar user juga benar malah tidak bisa tolong lah pihak instagram perbaiki gangguan bug sistem nya. dan tidak bisa nautkan akun Instagram juga di tiktok. pliss sudahlah jangan gila,13,0,1,Optimism
IG-000801,Razikk Aww,Saya kasih bintang 1 dah buat Instagram karena loadingnya lama dan lelet banget terutama pas buka DM sama bionya gada tempat musik Sama masalah kekurangan lainnya tolong di perbaiki NTR kasih bintang 5😁,Saya kasih bintang 1 dah membuat Instagram karena loadingnya lama dan lelet banget terutama saat buka pesan langsung sama bionya gada tempat musik Sama masalah kekurangan lainnya tolong di perbaiki NTR kasih bintang 5 [EMO_JOY],3,1,1,Sadness
IG-000802,Ahmad Muhammad syukur,"Saya kalau mau buat story Ig kenapa fotonya acak, dan tidak sesuai tanggal yang ada di galeri padahal pengaturan nya sudah di setel tapi kok tetap gak bisa. Tolong diperbaiki","Saya kalau mau membuat cerita Instagram Instagram kenapa fotonya acak, dan tidak sesuai tanggal yang ada di galeri padahal pengaturan nya sudah di setel tapi mengapa tetap tidak bisa Tolong diperbaiki",6,0,2,Surprise
IG-000803,Aroel syahrul,Begitu buruk aplikasi setelah di up date kenapa yg muncul di beranda saya semuanya konten masakan/ makanan setiap hari selalu muncul sedangkan yg saya suka tidak pernah ada muncul di beranda.trims.,Begitu buruk aplikasi setelah di up date kenapa yang muncul di beranda saya semuanya konten masakan/ makanan setiap hari selalu muncul sedangkan yang saya suka tidak pernah ada muncul di beranda.trims.,2,0,1,Anger
IG-000804,Wulan 123,"sementara saya kasih 3 bintang dulu, soalnya udh diupdate ttp gaada fitur tambahkan music, sm font baru. tlg segera diperbaiki yaa !!! trms","sementara saya kasih 3 bintang dulu, soalnya sudah diupdate tetap gaada fitur tambahkan music, sama font baru. tolong segera diperbaiki ya ! trms",5,0,3,Anticipation
IG-000805,Herlika,"Instagram ga jelas, pdhal udh update masih aja kalo nnton reelsnya suka ngelag2, ngelag nya lama bgt pula Pdhal buka tiktok lancar aja. Ga ada ngelag","Instagram tidak jelas, pdhal sudah update masih aja kalo nnton reelsnya suka ngelag2, kinerja lambat atau macet nya lama banget pula Pdhal buka tiktok lancar aja. tidak ada kinerja lambat atau macet",6,0,1,Joy
IG-000806,KalKal,"fitur template di story saya tidak bisa di gunakan, tetapi pas saya coba di akun ke-2 saya, pakai template itu bisa, gatau ini bug atau apa tapi mohon segera di perbaiki secepatnya, saya merasa terganggu dengan hal ini 👊","fitur template di cerita Instagram saya tidak bisa di gunakan, tetapi saat saya coba di akun ke-2 saya, pakai template itu bisa gatau ini gangguan bug sistem atau apa tapi tolong segera di perbaiki secepatnya, saya merasa terganggu dengan hal ini",6,0,1,Anticipation
IG-000807,Titis inoy,"brsan buka Instagram kok lngsng di suruh rekam muka sgala Bru ngeh brsan apa smua hrs gtu pake kirim muka suruh tengok kanan kiri,kmrn2 tiap update gak kyk gni,mlah skrg suruh nunggu 48 jam loh...ini mksd nya gmn sih Instagram nya,dri pagi siang sore gak papa,kok brsan hrs ulang lg daftar nya,tmbh ruwet aja nih","brsan buka Instagram mengapa lngsng di suruh rekam muka sgala Bru ngeh brsan apa smua hrs gtu pakai kirim muka suruh tengok kanan kiri,kmrn2 tiap update tidak seperti gni,mlah sekarang suruh nunggu 48 jam loh.ini mksd nya bagaimana gerangan Instagram nya,dri pagi siang sore tidak papa,kok brsan hrs ulang lagi daftar nya,tmbh ruwet aja nih",9,0,1,Surprise
IG-000808,Lian Nah,Akun saya dihapus permanen padahal sudah ngirim foto ktp tp nomor nik dan ttd saya coret!! Padahal saya sudah bertahun tahun pakai aplikasi ini...TANGGUNG JAWAB GAK FOTO SAYA YG DULU DULU MASIH ADA DISITU!!!!,Akun saya dihapus permanen padahal sudah ngirim foto ktp tetapi nomor nik dan ttd saya coret! Padahal saya sudah bertahun tahun pakai aplikasi ini.TANGGUNG JAWAB tidak FOTO SAYA yang DULU DULU MASIH ADA DISITU!,3,0,1,Sadness
IG-000809,Flora Fitri Yani Hasibuan,Akhir-akhir ini akun instagram punya saya tiba-tiba keluar sendiri dgn keterangan klau pengguna akun telah mengganti kata sandi padahal saya sama sekali gk ada mengganti kata sandi & saya login hanya di handphone saya doang dan di Handphone ibu saya Tolong di perbaiki lgi & tingkatkan keamanan instagram nya.,Akhir-akhir ini akun instagram memiliki saya tiba-tiba keluar sendiri dengan keterangan klau pengguna akun telah mengganti kata sandi padahal saya sama sekali tidak ada mengganti kata sandi & saya login hanya di handphone saya doang dan di Handphone ibu saya Tolong di perbaiki lagi & tingkatkan keamanan instagram nya.,4,0,3,Trust
IG-000810,Nazwa 02,"ig sekarang lain, kalau kita mau posting foto di ig, foto nya ga bisa full semua, tolong kembalikan ig ku yg kalau posting foto bisa full semuanya","Instagram sekarang lain, kalau kita mau mengunggah foto di Instagram foto nya tidak bisa full semua, tolong kembalikan Instagram ku yang kalau mengunggah foto bisa full semuanya",10,0,2,Optimism
IG-000811,Kumala Deiq,"aplikasi ini udah bagus, tpi filternya tiba” hilanh dan gabisa di gunakan lgi, itu knpa ya tolong di perbxiamsbjsao","aplikasi ini sudah bagus, tetapi filternya tiba” hilanh dan gabisa di gunakan lagi itu knpa ya tolong di perbxiamsbjsao",3,0,5,Trust
IG-000812,farisaa,"apk gajelas, makin lama makin rusak, mau ngeup story aj ga bisa selalu ada tulisan MENUNGU JARINGAN, padahal mah sinyal lancar, SEJAM 2 JAM SI GAPAPA, lah ya ini JALAN 3 HARI, benerin dong, ribet banget!!!","apk gajelas, makin lama makin tidak berfungsi mau ngeup cerita Instagram aj tidak bisa selalu ada tulisan MENUNGU JARINGAN, padahal mah sinyal lancar, SEJAM 2 JAM SI tidak apa-apa lah ya ini JALAN 3 HARI, memperbaiki lah ribet banget!",7,0,1,Optimism
IG-000813,Abdus official,instagram tolong ya arsip story jangan di hapus please karna fitur arsip itu sangat penting bgt bagi para pengguna ig saya sudah 7tahun menggunakan Instagram dan semuanya aman2 aja tpi ketika arsip story mau dihapus jujur agak kecewa sih ntar bintangnya saya kasih 1 loh beneran,instagram tolong ya arsip cerita Instagram jangan di hapus please karena fitur arsip itu sangat penting banget bagi para pengguna Instagram saya sudah 7tahun menggunakan Instagram dan semuanya aman2 aja tetapi ketika arsip cerita Instagram mau dihapus jujur agak kecewa gerangan ntar bintangnya saya kasih 1 loh benar-benar,8,0,5,Trust
IG-000814,Anggi Artha Project Art,"Surat terbuka untuk ig Tolong fitur arsip jangan di hapus, karena banyak kenangan di fitur tersebut. Jadi saya harap untuk TIDAK MENGHAPUS FITUR ARSIP PADA STORY Sekian terimakasih","Surat terbuka untuk Instagram Tolong fitur arsip jangan di hapus, karena banyak kenangan di fitur tersebut. Jadi saya harap untuk TIDAK MENGHAPUS FITUR ARSIP PADA cerita Instagram Sekian terimakasih",2,0,1,Sadness
IG-000815,Rahma Auliyah,Kenapa setiap saya mau post foto lebih dari 10 kenapa tidak bisa ? Dan kenapa yang lain bisa min? Tolong bgt yaaa soalnya saya pengen bgt post foto lebih banyak lagi. Tapi fitur nya juga bagus . Terimakasih:),Kenapa setiap saya mau unggahan foto lebih dari 10 kenapa tidak bisa ? Dan kenapa yang lain bisa min? Tolong banget ya soalnya saya pengen banget unggahan foto lebih banyak lagi. Tapi fitur nya juga bagus . Terimakasih:),6,0,4,Trust
IG-000816,Elly Yohana,Untuk android samsung filter ig kedap kedip bahkan ada yg mati total. Total bug nya perbaiki,Untuk android samsung filter Instagram kedap kedip bahkan ada yang mati total. Total gangguan bug sistem nya perbaiki,3,0,1,Sadness
IG-000817,Glean_15.v,"Apk Instagramnya gak jelas banget dah, masak iya aku arsipin foto doang, terus mau publik lagi fotonya yang dari arsip malah hilang udh mondar mandir cek arsip ganti akun, hapus Instagram terus login lagi tetap gak ada. anehh","Apk Instagramnya tidak jelas banget dah, masak iya aku arsipin foto doang, terus mau publik lagi fotonya yang dari arsip malah hilang sudah mondar mandir cek arsip ganti akun, hapus Instagram terus login lagi tetap tidak ada. anehh",3,0,1,Sadness
IG-000818,Affarelhg,ini aplikasi gimana ya kok tidak sesuai dengan isinya? cewe saya di notif bilang apa sayangf tetapi waktu saya pencet notif nya dan saya lihat chat nya tiba tiba berubah menjadi apa itu? mohon perbaikan nya ya,ini aplikasi gimana ya mengapa tidak sesuai dengan isinya? cewe saya di notif bilang apa sayangf tetapi waktu saya pencet notif nya dan saya lihat chat nya tiba tiba berubah menjadi apa itu? tolong perbaikan nya ya,2,0,1,Surprise
IG-000819,Aisah Yumna,Kok kalau ngeliat postingan orng sandret² sih video nya dan satu lagi kok gk bisa nyimpan efek yg bagus bagus instagram sekarang berubah sebelum di update bagus setelah di update jelekk gimana sihh tolong di perbaiki ya permasalahan nya,mengapa kalau ngeliat unggahan konten orng sandret² gerangan video nya dan satu lagi mengapa tidak bisa nyimpan efek yang bagus bagus instagram sekarang berubah sebelum di update bagus setelah di update jelekk gimana sihh tolong di perbaiki ya permasalahan nya,7,0,1,Anger
IG-000820,Flas Gusion,Tolong diperbaiki !!!!!! Kenapa komentar Yg awalnya harus Ratusan lebih. Tapi ketika kita melihat LG malah hanya muncul puluhan saja.Itu selalu terjadi ketika menulis komentar orang lain dan orang lain membalas komentar yg kita buat. Itu bagaimana cara atasinya? Lalu tolong banget di Instagram itu harus ada EDIT KOMENTAR. selama bertahun-tahun tidak ada fitur itu di aplikasi ini. Tolong UPDATE INSTAGRAM-NYA.,Tolong diperbaiki ! Kenapa komentar yang awalnya harus Ratusan lebih. Tapi ketika kita melihat lagi malah hanya muncul puluhan saja.Itu selalu terjadi ketika menulis komentar orang lain dan orang lain membalas komentar yang kita membuat Itu bagaimana cara atasinya? Lalu tolong banget di Instagram itu harus ada EDIT KOMENTAR. selama bertahun-tahun tidak ada fitur itu di aplikasi ini. Tolong UPDATE INSTAGRAM-NYA.,6,0,1,Surprise
IG-000821,Elsa Monica Syafitri,"𝙏𝙤𝙡𝙤𝙣𝙜 𝙙𝙤𝙣𝙜 𝙞𝙜 𝙙𝙞𝙥𝙚𝙧𝙗𝙖𝙞𝙠𝙞, 𝙠𝙖𝙧𝙣𝙖 𝙠𝙡𝙤 𝙪𝙥𝙡𝙤𝙖𝙙 𝙨𝙩𝙤𝙧𝙮(𝙨𝙜) 𝙠𝙖𝙙𝙖𝙣𝙜 𝙣𝙜𝙜𝙖𝙠 𝙗𝙞𝙨𝙖 ""𝙢𝙚𝙣𝙪𝙣𝙜𝙜𝙪 𝙠𝙤𝙣𝙚𝙠𝙨𝙞"" 𝙏𝙚𝙧𝙪𝙨, 𝙥𝙙𝙝𝙡 𝙟𝙖𝙧𝙞𝙣𝙜𝙖𝙣 𝙡𝙖𝙣𝙘𝙖𝙧 𝙗𝙣𝙜𝙚𝙩, 𝙏𝙤𝙡𝙤𝙣𝙜 𝙙𝙞𝙥𝙚𝙧𝙗𝙖𝙞𝙠𝙞",", ( ) "" "" , ,",0,0,4,Joy
IG-000822,Iink Rahmawani,"Instagram kenapa video"" di arsip yg 2018 berubah jadi foto. Padahal gunanya ig ya buat nyimpan kenangan video"" dan foto. Eh video malah di ubah jdi foto.","Instagram kenapa video"" di arsip yang 2018 berubah jadi foto. Padahal gunanya Instagram ya membuat nyimpan kenangan video"" dan foto. Eh video malah di ubah jdi foto.",3,0,3,Surprise
IG-000823,rolita,"ig skrg makin aneh aja, bisa""nya org luar yg ga saya ikutin malah saya ikutin padahal itu bukan saya, aneh aja tiba-tiba ada ig orang luar yang saya ikutin, tolong di perbaiki lagi, bug banget juga","Instagram sekarang makin aneh aja, bisa""nya org luar yang tidak saya ikutin malah saya ikutin padahal itu bukan saya, aneh aja tiba-tiba ada Instagram orang luar yang saya ikutin, tolong di perbaiki lagi, gangguan bug sistem banget juga",6,0,1,Optimism
IG-000824,Anisa Fitriani,"padahal aku blom update samsek, kenapa makin error ya? kek story yang lain pada tidak tersedia kayak udah kehapus gitu, itupun semua story please lah tolong perbaiki lagi🙏🏻","padahal aku belum update samsek, kenapa makin kesalahan sistem ya? seperti cerita Instagram yang lain pada tidak tersedia seperti sudah kehapus begitu itupun semua cerita Instagram please lah tolong perbaiki lagi [EMO_TRUST]",8,1,1,Anger
IG-000825,febry tri pamungkas,"Saya sudah melakukan pelaporan di pusat bantuan, sejak kemarin saya sudah membayar postingan untuk diiklankan dan saldo saya sudah berkurang tetapi sampai sekarang tidak ada respon/tanggapan dari Instagram.. Bagaimana bisa seperti ini? 🥲","Saya sudah melakukan pelaporan di pusat bantuan, sejak kemarin saya sudah membayar unggahan konten untuk diiklankan dan saldo saya sudah berkurang tetapi sampai sekarang tidak ada respon/tanggapan dari Instagram. Bagaimana bisa seperti ini?",2,0,3,Optimism
IG-000826,nitdaw,"aplikasi aneh. aku mau posting foto ""selamat ulang tahun"" untuk teman ku, kenapa kena pelanggaran?! memang nya itu berbau hal 18+ atau lain lain?! aplikasi anehh, jadi nya aku harus berulang kali membuat akun dan membuat postingan itu agar tidak kena pelanggaran, eh terkena pelanggaran mulu!!!!","aplikasi aneh. aku mau mengunggah foto ""selamat ulang tahun"" untuk teman ku, kenapa kena pelanggaran! memang nya itu berbau hal 18+ atau lain lain! aplikasi anehh, jadi nya aku harus berulang kali membuat akun dan membuat unggahan konten itu agar tidak kena pelanggaran, eh terkena pelanggaran mulu!",2,0,1,Surprise
IG-000827,Zdhilan Zdhalila,"Instagram saya baru di update, saat saya mau repost story Instagram suara nya tidak ada. Tolong segera diperbaiki. tau begini ga akan saya update Instagram nya. Tolong sekali segera diperbaiki.","Instagram saya baru di update, saat saya mau repost cerita Instagram Instagram suara nya tidak ada. Tolong segera diperbaiki. tahu begini tidak akan saya update Instagram nya. Tolong sekali segera diperbaiki.",3,0,3,Anticipation
IG-000828,Trias evan,"Banyak banget bug sih Ga bisa unlike, video sering nge stuck sendiri, dll. Tolong di perbaiki","Banyak banget gangguan bug sistem gerangan tidak bisa unlike, video sering nge stuck sendiri, dll. Tolong di perbaiki",4,0,1,Optimism
IG-000829,Alkhuzna Syaqila,"Alasan aku mau mendownload instragam adalah 1. Karena aku ingin menjadi artis/follow nya banyakk 2. Karena Instragram tidak iklan , tidak seperti YouTube Sudah itu saja jadi saya memberi 5 bintang 🌟🌟🌟🌟🌟","Alasan aku mau mendownload instragam adalah 1. Karena aku ingin menjadi artis/follow nya banyakk 2. Karena Instragram tidak iklan , tidak seperti YouTube Sudah itu saja jadi saya memberi 5 bintang [EMO_OPTIMISM] [EMO_OPTIMISM] [EMO_OPTIMISM] [EMO_OPTIMISM] [EMO_OPTIMISM]",0,5,5,Joy
IG-000830,Noer sri mulyani,"udah baguss, tapi tolong buat arsip story jangan sampai hilang. dan untuk fitur fitur yang tidak berguna tolong jangan di tambahkan, karena udah bagus","sudah baguss, tapi tolong membuat arsip cerita Instagram jangan sampai hilang. dan untuk fitur fitur yang tidak berguna tolong jangan di tambahkan, karena sudah bagus",4,0,5,Trust
IG-000831,Insan isslamay Qirani,"suka bngettt, tapi tolong deh instagram peerimbangin lagi klo mau ilangin fitur arsip, soalnya disitu bnyak kenangan bngett sama temen' lamaa, klo arsip d apus otomatis semua kenagan juga ilangg, pliss tolong pertimbangin lagi yaa🥺🙏","suka bnget, tapi tolong sudahlah instagram peerimbangin lagi kalau mau ilangin fitur arsip, soalnya disitu bnyak kenangan bngett sama temen' lamaa, kalau arsip d apus otomatis semua kenagan juga ilangg, pliss tolong pertimbangin lagi ya [EMO_SADNESS] [EMO_TRUST]",4,2,5,Joy
IG-000832,Fenny aprellia,Kenapa kamera nya cuma layar hitam saja? Ini sudah hampir 4 harian. Tolong dong perbaiki masalah bug nya. Terimakasih,Kenapa kamera nya cuma layar hitam saja? Ini sudah hampir 4 harian. Tolong lah perbaiki masalah gangguan bug sistem nya. Terimakasih,2,0,1,Surprise
IG-000833,Sky Satya,"Saya sangat amat kecewa, karena tiba-tiba akun saya di tangguhkan begitu saja tanpa adanya pesan konfirmasi dan alasan yang spesifik mengenai hal tersebut. Padahal saya merasa tidak melanggar salah satu hal dari sekian peraturan pedoman komunitas. harapan saya kedepan nya mohon untuk dibenahi lagi dan jangan ada kesalahan seperti itu, karena saya sebagai pengguna merasa terganggu bila terjadi hal yang sama di kemudian hari.","Saya sangat amat kecewa, karena tiba-tiba akun saya di tangguhkan begitu saja tanpa adanya pesan konfirmasi dan alasan yang spesifik mengenai hal tersebut. Padahal saya merasa tidak melanggar salah satu hal dari sekian peraturan pedoman komunitas. harapan saya kedepan nya tolong untuk dibenahi lagi dan jangan ada kesalahan seperti itu, karena saya sebagai pengguna merasa terganggu bila terjadi hal yang sama di kemudian hari.",1,0,2,Sadness
IG-000834,Ridho Fatkhul,"Akun saya diretas, diganti email dan nomor telepon. Sebenarnya bisa dipulihkan karena email awal masih aktif tapi harus dikirim kode ke nomor telpon dan itu tidak bisa karena nomor telpon sudah diganti peretas. Mohon dibantu","Akun saya diretas, diganti email dan nomor telepon. Sebenarnya bisa dipulihkan karena email awal masih aktif tapi harus dikirim kode ke nomor telpon dan itu tidak bisa karena nomor telpon sudah diganti peretas. tolong dibantu",3,0,1,Optimism
IG-000835,M. Ariq,"Satu yang saya keluhkan, adalah fitur arsip yang lama kelamaan mulai bermasalah dan dari kabar nya akan hilang. Saya harap ini tidak terjadi, tolong perbaiki dan ubah kebijakannya🙏 Jangan hapus fitur ini, terimakasih.","Satu yang saya keluhkan, adalah fitur arsip yang lama kelamaan mulai bermasalah dan dari kabar nya akan hilang. Saya harap ini tidak terjadi, tolong perbaiki dan ubah kebijakannya [EMO_TRUST] Jangan hapus fitur ini, terimakasih.",0,1,2,Sadness
IG-000836,ifti rosy,"Banyak bug nya, gw posting foto ga bisa ke post lah, gw kirim pesan ke temen ga kekirim lah padahal saling mengikuti, aneh apk nya","Banyak gangguan bug sistem nya, saya mengunggah foto tidak bisa ke unggahan lah, saya kirim pesan ke temen tidak kekirim lah padahal saling mengikuti, aneh apk nya",8,0,1,Optimism
IG-000837,rnr07 jumpalibas,"tolong perbaikin bug, saya upload story Ig di akun kedua saya,terus saya tag di akun pertama saya storynya gamuncul mlh hilng. sama akun Ig utama saya kurang update sedangkan yg kedua udh versi baru","tolong perbaikin gangguan bug sistem saya upload cerita Instagram Instagram di akun kedua saya,terus saya tag di akun pertama saya storynya gamuncul mlh hilng. sama akun Instagram utama saya kurang update sedangkan yang kedua sudah versi baru",6,0,2,Sadness
IG-000838,Rifdah Dzakirah,"Thiss app is really cool!! But, makin kesini kok jadi sering update ga penting dan ngurangin fitur adalan, tp overall udah keren dan jadi andalan sejaak duluu 💖💖💖","Thiss app is really cool! But, makin kesini mengapa jadi sering update tidak penting dan ngurangin fitur adalan, tetapi overall sudah keren dan jadi andalan sejaak duluu [EMO_LOVE] [EMO_LOVE] [EMO_LOVE]",4,3,4,Surprise
IG-000839,Muhammad Bagir,"tolong perbaiki lagi bug nya lah, masa eror terus tiap liat story, bacaannya ""cerita ini tidak tersedia"" semua orang sg nya kaya gitu, tolong perbaiki lagi lah min","tolong perbaiki lagi gangguan bug sistem nya lah, masa eror terus tiap melihat cerita Instagram bacaannya ""cerita ini tidak tersedia"" semua orang sg nya kaya begitu tolong perbaiki lagi lah min",4,0,1,Sadness
IG-000840,eza? yes i'am,"gk ada notif kalo lawan chat ketiduran, tadi gw abis diomelin doi gegara dia ketiduran sampe isya' pas lagi chatan, kelewat waktu sholat magrib. Jdinya gw diomelin kenapa ga bangunin shalat magrib, besok besok buat ya min pemberitahuan kalo lawan chat kita ketiduran pas lagi chatan","tidak ada notif kalo lawan chat ketiduran, tadi saya abis diomelin doi gegara dia ketiduran sampe isya' saat lagi chatan, kelewat waktu sholat magrib. Jdinya saya diomelin kenapa tidak bangunin shalat magrib, besok besok membuat ya min pemberitahuan kalo lawan chat kita ketiduran saat lagi chatan",8,0,5,Surprise
IG-000841,Akbar Ml,"Instagram sekarang ada2 saja banyak masalah sedikir2 di bandingkan sekalian hapus saja aplikasi Instagram ini meresahkan saja, banyak fitur yang gak jelas beda dengan Instagram dulu tahan","Instagram sekarang ada2 saja banyak masalah sedikir2 di bandingkan sekalian hapus saja aplikasi Instagram ini meresahkan saja, banyak fitur yang tidak jelas beda dengan Instagram dulu tahan",1,0,1,Sadness
IG-000842,danky,"apk nya udah bagus cuma sering sekali ada bug ga bisa masuk, jadi harus uninstall dulu abis itu download lagi baru bisa","apk nya sudah bagus cuma sering sekali ada gangguan bug sistem tidak bisa masuk, jadi harus uninstall dulu abis itu download lagi baru bisa",5,0,4,Trust
IG-000843,Itzwo,"Apaan nih, tiba2 autentikasi aktif. Password berubah sendiri. Mau loggin malah ga bisa. Udah req buat di konfirm temen. Malah ga nongol notif di akun yg di tuju.","apa nih, tiba2 autentikasi aktif. Password berubah sendiri. Mau loggin malah tidak bisa sudah req membuat di konfirm temen. Malah tidak nongol notif di akun yang di tuju.",7,0,1,Optimism
IG-000844,nadya lolita,"JANGAN HILANGIN FITUR ARSIP DI INSTAGRAM!!!! Gak pernah sekecewa inii deh sumpah, semuaa kenangan foto dan videoku di arsip instagram semuanyaa Sumpah ya kalo fitur arsip nya dihilangin, percaya deh instagram bakalan anjlok dan cuma sedikit yang pakai, termasuk aku juga bakalan hapus karena merugikan menurutku Ini bntangnya 1 aja dulu, kalau gak jadi dihapus baru aku kasih bintang 5 lagi","JANGAN HILANGIN FITUR ARSIP DI INSTAGRAM! tidak pernah sekecewa inii sudahlah sumpah, semuaa kenangan foto dan videoku di arsip instagram semuanyaa Sumpah ya kalo fitur arsip nya dihilangin, percaya sudahlah instagram bakalan anjlok dan cuma sedikit yang pakai, termasuk aku juga bakalan hapus karena merugikan menurutku Ini bntangnya 1 aja dulu, kalau tidak jadi dihapus baru aku kasih bintang 5 lagi",4,0,1,Sadness
IG-000845,Helen Pratama,"Instagram tolong dong jangan ilangin arsipan story/foto,pdhl kan up Ig biar bisa jadi kenang""an ga menuhin memori hp. Jangan dihilangin ya semua arsip nyaa please😭 aku dah kasih bintang 5 nih,aku maksa biar ga dihapus","Instagram tolong lah jangan ilangin arsipan story/foto,pdhl bukankah up Instagram biar bisa jadi kenang""an tidak menuhin memori hp. Jangan dihilangin ya semua arsip nyaa please [EMO_SADNESS] aku dah kasih bintang 5 nih,aku maksa biar tidak dihapus",6,1,5,Optimism
IG-000846,Angel Ika,"pdhl udah di update, tapi kok sama aja? bener' gaada yang berubah padahal di handphone tmn' aku udh pada berubah tampilannya, ini kenapa gabisa berubah ya? tolong bgt..","pdhl sudah di update, tapi mengapa sama aja? benar gaada yang berubah padahal di handphone tmn' aku sudah pada berubah tampilannya, ini kenapa gabisa berubah ya? tolong banget",5,0,2,Surprise
IG-000847,Putri Agustiana,Saat saya menggunakan efek untuk foto malah jadi kedip2 itu kenapa ya ? Masalhnya cuman di Instagram aja di apk lain kalau foto pakai efek tidak ada masalah,Saat saya menggunakan efek untuk foto malah jadi kedip2 itu kenapa ya ? Masalhnya cuman di Instagram aja di apk lain kalau foto pakai efek tidak ada masalah,0,0,1,Surprise
IG-000848,Indah Andani,"haloo,pihak intagram saya mohon archive ig jangan di hapus ya cukup yang lain di hapus archive nya jangan,justru keuunggulan nya di ig ya archive dan jangan nambahin fitur yang ga di butuh kan semoga pihak intagram baca ini ya.","haloo,pihak intagram saya tolong archive Instagram jangan di hapus ya cukup yang lain di hapus archive nya jangan,justru keuunggulan nya di Instagram ya archive dan jangan nambahin fitur yang tidak di butuh bukankah semoga pihak intagram baca ini ya.",5,0,4,Optimism
IG-000849,Arum Noviana Ramadhan,"Instagram makin bagus fitur fitur nya ya saya sangat suka apalagi bisa berkomentar di stories dan pengikut dari akun tersebut bisa melihat komennya, pliss tolong instagram ayo buat fitur dong kayak whatsapp biar akun-akun yang melihat stories kita ada jam nya kapan atau seperti beberapa menit yang lalu begitu biar kita tau akun tersebut melihat stories kita pada jam berapa🙏🏻🙏🏻☺","Instagram makin bagus fitur fitur nya ya saya sangat suka apalagi bisa berkomentar di stories dan pengikut dari akun tersebut bisa melihat komennya, pliss tolong instagram ayo membuat fitur lah seperti whatsapp biar akun-akun yang melihat stories kita ada jam nya kapan atau seperti beberapa menit yang lalu begitu biar kita tahu akun tersebut melihat stories kita pada jam berapa [EMO_TRUST] [EMO_TRUST] ☺",9,2,5,Joy
IG-000850,Donel,"saya tidak merasa melanggar aturan dari Instagram, sayya juga sudah 27 tahun , tapi kenapa akun saya dinonaktifkan, akun tidak pernah di retas , email nomor telepon yang tercantum di Instagram masih aktif , tapi tidak bisa dipulihkan mohon beri penjelasan","saya tidak merasa melanggar aturan dari Instagram, sayya juga sudah 27 tahun , tapi kenapa akun saya dinonaktifkan, akun tidak pernah di retas , email nomor telepon yang tercantum di Instagram masih aktif , tapi tidak bisa dipulihkan tolong beri penjelasan",2,0,1,Optimism
IG-000851,Ikmah Jayanti,"tolong dong min masa baru di update fitur lagu di bio ga ada,gue mau hapus dari bio jadi gak bisa,tapi klo dilihat lewat akun lain masih ada,tolong perbaiki!!!gue mau hapus lagu di bio akun gue","tolong lah min masa baru di update fitur lagu di bio tidak ada,gue mau hapus dari bio jadi tidak bisa,tapi kalau dilihat lewat akun lain masih ada,tolong perbaiki!gue mau hapus lagu di bio akun saya",5,0,5,Optimism
IG-000852,Luluk Khuroidah,"Tampilan beranda ig kok jadi tampilan lama banget ga terupdate ga bisa memuat ulang beranda sudah saya coba beberapa cara masih gagal, adakah yang bisa membantu","Tampilan beranda Instagram mengapa jadi tampilan lama banget tidak terupdate tidak bisa memuat ulang beranda sudah saya coba beberapa cara masih gagal, adakah yang bisa membantu",6,0,1,Trust
IG-000853,Dewi Dew,"Plis kenapa Instagram ku pas repost cerita temen lagunya ga bersuara ya, padahal itu cerita nya berlagu lohh. Plis tolongin banget udah liat di yt tapi tetep ga bisa🙏🙏🙏","tolong kenapa Instagram ku saat repost cerita temen lagunya tidak bersuara ya, padahal itu cerita nya berlagu lohh. tolong tolongin banget sudah melihat di yt tapi tetep tidak bisa [EMO_TRUST] [EMO_TRUST] [EMO_TRUST]",8,3,5,Optimism
IG-000854,Brenda Maulyta,"mau bikin akun baru gabisa, awalnya masih bisa ditoleransi tapi ini udah berapa bulan mau buat akun baru tetep aja gabisa, posting foto jg blur bgt jadinya. tolong diperbarui dong instagram","mau membuat akun baru gabisa, awalnya masih bisa ditoleransi tapi ini sudah berapa bulan mau membuat akun baru tetep aja gabisa, mengunggah foto juga blur banget jadinya. tolong diperbarui lah instagram",8,0,1,Optimism
IG-000855,Nazwa Tambusai,"saya sudah update tapi Instagram saya berbeda dari Instagram yg lainnya,seperti tidak ada yg berubah sama sekali,untuk apa di update tapi tidak ada yg berubah pls deh di ubah segera sy sudah emosi.","saya sudah update tapi Instagram saya berbeda dari Instagram yang lainnya,seperti tidak ada yang berubah sama sekali,untuk apa di update tapi tidak ada yang berubah tolong sudahlah di ubah segera saya sudah emosi.",6,0,1,Anticipation
IG-000856,Arya Akram,ini kenapa ya Instagram saya mau mengambil Selfi karena akun saya Ter autentikasi 2 faktor dan saat saya mau mengambil Selfi malah di suruh keluar dari Instagram ini bug atau apa?,ini kenapa ya Instagram saya mau mengambil Selfi karena akun saya Ter autentikasi 2 faktor dan saat saya mau mengambil Selfi malah di suruh keluar dari Instagram ini gangguan bug sistem atau apa?,1,0,1,Surprise
IG-000857,Usman,"Terlalu banyak fitur yang tidak berguna, arsip story video malah ngefreeze mohon dikembalikan seperti semula","Terlalu banyak fitur yang tidak berguna, arsip cerita Instagram video malah ngefreeze tolong dikembalikan seperti semula",2,0,1,Sadness
IG-000858,Jaya Negara,"kenapa ya akhir akhir ijin banyak banget yang mengalami kendala waktu mau foto itu layarnya gelap(full item),tolong diperbaiki dongg susah buat selfienya","kenapa ya akhir akhir ijin banyak banget yang mengalami kendala waktu mau foto itu layarnya gelap(full item),tolong diperbaiki dongg susah membuat selfienya",1,0,1,Surprise
IG-000859,Mallory Flo,"Overall bagus, tapi mungkin ada bug atau semacamnya. Fitur terbarunya tidak muncul di akun pertama saya, tetapi di akun kedua saya ada. Mohon bantuannya, ya.","Overall bagus, tapi mungkin ada gangguan bug sistem atau semacamnya. Fitur terbarunya tidak muncul di akun pertama saya, tetapi di akun kedua saya ada. tolong bantuannya, ya.",2,0,5,Trust
IG-000860,Tanty Santira,Ini kenapa pas buka foto pke efek koq kedap kedip mulu??? Kaya ngehank gtu. Pdhl tiap hr dipke aman² aja skrg kamera'a gk bs dipke sama skali. Tolong donk balikin versi dlu skrg bnyk bug'a. Plisss meta baca komentar guee😤😤,Ini kenapa saat buka foto pakai efek koq kedap kedip mulu? Kaya ngehank gtu. Pdhl tiap hr dipke aman² aja sekarang kamera'a tidak bisa dipke sama skali. Tolong donk balikin versi dlu sekarang bnyk bug'a. tolong meta baca komentar guee [EMO_ANGER] [EMO_ANGER],7,2,1,Trust
IG-000861,Suci Maharani,"Instagram sangat bergunaa bagii sayaa,apalagi bagian archive story,sumpahh gunaa bangett,sayaa bisa melihat semua kenangan² bareng temann😻makasih yaa meta, sudah menyediakan fitur archive 🫰🏻sumpaah fitur fitur di Instagram gunaa bangettt👏🏻kerenn buat metaa👏🏻","Instagram sangat bergunaa bagii sayaa,apalagi bagian archive story,sumpahh gunaa bangett,sayaa bisa melihat semua kenangan² bareng temann terima kasih ya meta, sudah menyediakan fitur archive sumpaah fitur fitur di Instagram gunaa banget [EMO_JOY] kerenn membuat metaa [EMO_JOY]",4,2,5,Trust
IG-000862,Ilalang Setiawan,"Tolong jangan hapus fitur arsip, saya punya banyak kenangan foto/video disana. Jika ingin dihapus, maka berikan opsi download semua arsip dalam bentuk ZIP/RAR agar bisa dicadangkan.","Tolong jangan hapus fitur arsip, saya memiliki banyak kenangan foto/video disana. Jika ingin dihapus, maka berikan opsi download semua arsip dalam bentuk ZIP/RAR agar bisa dicadangkan.",2,0,3,Optimism
IG-000863,IPSM Desa Resmi Tingal,"Baru memakai Instagram lagi, sedikit ada keluhan di bagian setting untuk video agar tidak diputar otomatis, saya cukup kesulitan.","Baru memakai Instagram lagi, sedikit ada keluhan di bagian setting untuk video agar tidak diputar otomatis, saya cukup kesulitan.",0,0,4,Joy
IG-000864,Bus Tomi,"apaan ini ga bisa upload postingan lebih dari 15 menit/1 jam,pdhl mau ngepost video tugas mlhn ga bisa,tolong dong untuk ig di tambah lagi durasi post videonya","apa ini tidak bisa upload unggahan konten lebih dari 15 menit/1 jam,pdhl mau ngepost video tugas mlhn tidak bisa,tolong lah untuk Instagram di tambah lagi durasi unggahan videonya",8,0,1,Optimism
IG-000865,Chkwnmdr,Tolong dari pihak Instagram kenapa ketika saya mengirim pesan setiap beberapa menit selalu tdk terkirim padahal jaringan saya lancar² aja Tolong lebih di perhatikan lagi.,Tolong dari pihak Instagram kenapa ketika saya mengirim pesan setiap beberapa menit selalu tidak terkirim padahal jaringan saya lancar² aja Tolong lebih di perhatikan lagi.,1,0,4,Surprise
IG-000866,Pengguna Google,"Ini gimana ceritanya kok bisa beda. Antara akun pertama dan akun kedua bisa-bisanya tampilannya nya berbeda, padahal udah di update, cache juga udah bersih. Reboot juga udah kok masi sama aja?. Tolong segera di perbaiki.....!!!!!!","Ini gimana ceritanya mengapa bisa beda. Antara akun pertama dan akun kedua bisa-bisanya tampilannya nya berbeda, padahal sudah di update, cache juga sudah bersih. Reboot juga sudah mengapa masi sama aja. Tolong segera di perbaiki!",6,0,3,Anticipation
IG-000867,Kaisar Arta,"banyak bug follower dan following, trs ada bug juga di fitur menambahkan lagu di profil, ada bug story ig jg dan masih bnyk lg bug""nya","banyak gangguan bug sistem pengikut dan mengikuti trs ada gangguan bug sistem juga di fitur menambahkan lagu di profil, ada gangguan bug sistem cerita Instagram Instagram juga dan masih bnyk lagi bug""nya",9,0,1,Sadness
IG-000868,zaza meylanie,"bug, selalu keluar sendiri kalau mau repost story. tolong pihak Instagram perbaiki lagi ya, sudah lebih dari 1 minggu bug terus di akun utama 😔😔😔","gangguan bug sistem selalu keluar sendiri kalau mau repost cerita Instagram tolong pihak Instagram perbaiki lagi ya, sudah lebih dari 1 minggu gangguan bug sistem terus di akun utama",3,0,1,Sadness
IG-000869,Rafzan Gaming,"Saya sangat senang melihat info-info dari aplikasi Instagram ini, tapi saat itu saya hapus lagi Instagram saya, nah pas saya mau daftar lagi sudah berhasil namun saat itu di suruh masukkan kode 6 digit,namun saya tidak menerima dan tidak dapat pesan apapun dari Instagram, sampai saat ini saya bingung bagaimana cara memasukkan kode digit ini, jika tak dikirim","Saya sangat senang melihat info-info dari aplikasi Instagram ini, tapi saat itu saya hapus lagi Instagram saya, nah saat saya mau daftar lagi sudah berhasil namun saat itu di suruh masukkan kode 6 digit,namun saya tidak menerima dan tidak dapat pesan apapun dari Instagram, sampai saat ini saya bingung bagaimana cara memasukkan kode digit ini, jika tidak dikirim",2,0,5,Joy
IG-000870,Arjuna Astinova,"Pembaruan pembatasan akun lambat. Admin nggak kerja klo gini. Instagram lambat berinovasi... Sediakan juga upload foto dg banyak ukuran, nggak cuma 1:1 aja, misal 3:4 atau 9:16 jadi foto tidak melulu terpotong","Pembaruan pembatasan akun lambat. Admin tidak kerja kalau begini Instagram lambat berinovasi. Sediakan juga upload foto dengan banyak ukuran, tidak cuma 1:1 aja, misal 3:4 atau 9:16 jadi foto tidak melulu terpotong",5,0,1,Sadness
IG-000871,Yeshaya ivander Tampubolon,"Saya memiliki keresahan, jika saya informasi yang berhubungan dengan instagram dari Google, pasti selalu terbuka ke ig lite, padahal saya tidak memiliki ig lite, tolong perbaiki terimakasih","Saya memiliki keresahan, jika saya informasi yang berhubungan dengan instagram dari Google, pasti selalu terbuka ke Instagram lite, padahal saya tidak memiliki Instagram lite, tolong perbaiki terimakasih",2,0,5,Joy
IG-000872,Shinta Meli,"aduuuuhh tolong dong ig, ini knp ig nya nge bug, sy udah oke kan keluar dari akun, tapi knp malah sepam"" trs sih di layarnya, sy jadi ga bisa buka ig sy kan jadinya","aduhh tolong lah Instagram ini kenapa Instagram nya nge gangguan bug sistem saya sudah oke bukankah keluar dari akun, tapi kenapa malah sepam"" trs gerangan di layarnya, saya jadi tidak bisa buka Instagram saya bukankah jadinya",16,0,2,Optimism
IG-000873,Sri Fitriyani,Instagram tuh lagi kenapa sih padahal yah engga posting apa-apaan tapi di suruh ngajuin banding katanya posting macem-macem tolong dong pihak Ig yang rasional buka Ig aja jarang kok pas buka tiba tiba begitu,Instagram tuh lagi kenapa gerangan padahal yah tidak mengunggah apa-apaan tapi di suruh ngajuin banding katanya mengunggah macem-macem tolong lah pihak Instagram yang rasional buka Instagram aja jarang mengapa saat buka tiba tiba begitu,9,0,2,Surprise
IG-000874,BEA JUNIA ISKA,"Sukak kesel aku tiap kali mau posting foto lama dari album/gallery, pasti yg muncul malah foto itu lagi itu lagi, gak ngerefresh banget! Banyakan hank nya😡","Sukak kesel aku tiap kali mau mengunggah foto lama dari album/gallery, pasti yang muncul malah foto itu lagi itu lagi, tidak ngerefresh banget! Banyakan hank nya [EMO_ANGER]",3,1,2,Joy
IG-000875,I Gusti Putu Ngurah Dika Purnama Wardana,"Saya mau repost postingan saya di story dan menambahkan stiker pertanyaan, tapi setelah saya pencet bagikan ke story tiba tiba muncul bacaan "" kesalahan "". tolong instagram ini sudah sekian kalinya mengalami bug seperti ini SANGAT MENGGANGGU DAN MERUGIKAN SAYA DENGAN BISNIS SAYA!","Saya mau repost unggahan konten saya di cerita Instagram dan menambahkan stiker pertanyaan, tapi setelah saya pencet bagikan ke cerita Instagram tiba tiba muncul bacaan "" kesalahan "". tolong instagram ini sudah sekian kalinya mengalami gangguan bug sistem seperti ini SANGAT MENGGANGGU DAN MERUGIKAN SAYA DENGAN BISNIS SAYA!",4,0,1,Sadness
IG-000876,Srikandi,"makin kesini makin ga karuan nih ig, tolong dong di perbaikin, ko sekarang kalo bikin stori vidio jadi ga HD, terus vidio yang di arsip jadi jelek banget, malah jadi burem, kecewa!!!!!","makin kesini makin tidak karuan nih Instagram tolong lah di perbaikin, ko sekarang kalo membuat stori vidio jadi tidak HD, terus vidio yang di arsip jadi jelek banget, malah jadi burem, kecewa!",5,0,5,Sadness
IG-000877,Rika Mufita,"Aku kok g bisa nyimpen video ke galeri knp y? Kn aku rekam pakek efek biasanya bisa disimpan ini koo gkkk ada tulisan ""Kesalahan"" Sampk tak uninstall pun tetep","Aku mengapa tidak bisa nyimpen video ke galeri kenapa y? Kn aku rekam pakek efek biasanya bisa disimpan ini koo tidak ada tulisan ""Kesalahan"" Sampk tidak uninstall pun tetep",7,0,1,Surprise
IG-000878,Rahmawati,"Agak gimana gitu fitur skrg, sering hilang2. Fitur penambah lagu di info akun itu ilang, pdhl kmrn msih ada. Pdhl pengen ganti lagu. Knp ya","Agak gimana begitu fitur sekarang sering hilang2. Fitur penambah lagu di info akun itu ilang, pdhl kmrn msih ada. Pdhl pengen ganti lagu. kenapa ya",3,0,3,Surprise
IG-000879,Yon DoSa,"Kenapa instagram sekarang gak enak digunakan, dikit-dikit hapus komentar, kalau admin nya baperan, ganti aja namanya menjadi bapergram jangan instagram, karena gak cocok, ya!","Kenapa instagram sekarang tidak enak digunakan, dikit-dikit hapus komentar, kalau admin nya baperan, ganti aja namanya menjadi bapergram jangan instagram, karena tidak cocok, ya!",2,0,1,Trust
IG-000880,Risma Ike,Sangat membantu saya. Bisa di ser juga di fb. Ketika reel fb Q gk bisa muncul karena meng aktif kan uji coba A/b.tapi gk bisa di nonaktifkan kembali🤗🫰,Sangat membantu saya. bisa di ser juga di fb. Ketika reel fb Q tidak bisa muncul karena meng aktif bukankah uji coba A/b.tapi tidak bisa di nonaktifkan kembali,6,0,5,Trust
IG-000881,Puja Galang,"gimana siii instagram ko fitur arsip malah mau dihapus, awas yaa kalo sampe fitur arsip nya di hapus parah bgttt siii, bisa bisaaa kedepannya ga pake Instagram lagiiii, parah siieee kata guwe th, kecewa berat kalo sampe emang kejadiann, parahhh pokoknyaaaa😠😠😠😠","gimana si instagram ko fitur arsip malah mau dihapus, awas ya kalo sampe fitur arsip nya di hapus parah banget si, bisa bisa kedepannya tidak pakai Instagram lagi, parah siie kata guwe th, kecewa berat kalo sampe memang kejadiann, parah pokoknya [EMO_ANGER] [EMO_ANGER] [EMO_ANGER] [EMO_ANGER]",7,4,3,Optimism
IG-000882,Eriel Jacho,"Sy udah update masih ga bs downloax foto2 di arsip,juga ga bisa balikin ke feed. Mestinya upgrade malah downgrade. Jd bintangnya juga downgrade ke Bintang 1.","saya sudah update masih tidak bisa downloax foto2 di arsip,juga tidak bisa balikin ke linimasa beranda Mestinya upgrade malah downgrade. Jd bintangnya juga downgrade ke Bintang 1.",7,0,1,Optimism
IG-000883,Rere Aji,"Setelah di update mau bikin story, reel,post kok ga ga ada fitur musiknya...jadi nyesel abis update","Setelah di update mau membuat cerita Instagram reel,post mengapa tidak tidak ada fitur musiknya.jadi nyesel abis update",5,0,3,Surprise
IG-000884,naylabalqis 574,"habis di update kok apk nya keluar² sendiri yaa, pas udah di uninstall terus di install lagi malah gabisa dibuka, selalu stuck di logo🙏","habis di update mengapa apk nya keluar² sendiri ya saat sudah di uninstall terus di install lagi malah gabisa dibuka, selalu stuck di logo [EMO_TRUST]",4,1,2,Optimism
IG-000885,Nhuning 24,Sering update instagram tp hasilny jelek trus klau buka aplikasinya. Kadang gak bisa buka. Heran aku sama ni aplikasi. Makin ke update makin gak jelas aja aplikasiny,Sering update instagram tetapi hasilny jelek trus klau buka aplikasinya. Kadang tidak bisa buka. Heran aku sama ni aplikasi. Makin ke update makin tidak jelas aja aplikasiny,4,0,1,Anger
IG-000886,Said hafidz Muharram,Bgus tp...ada yang kurang knp pas mau menyimpan foto sma musik nya kok gk bisa nya apa saya blm download musik ya atau ig nya bermasalh ya,Bgus tp.ada yang kurang kenapa saat mau menyimpan foto sama musik nya mengapa tidak bisa nya apa saya belum download musik ya atau Instagram nya bermasalh ya,8,0,5,Surprise
IG-000887,Muhammad Raihan,"ini kenapa ya? semenjak di update jaringannya jadi nge lag"" padahal waktu saya buka aplikasi lain itu jaringanny lancar tolong pihak instagram",ini kenapa ya? semenjak di update jaringannya jadi nge lambat padahal waktu saya buka aplikasi lain itu jaringanny lancar tolong pihak instagram,1,0,3,Surprise
IG-000888,Si Dik,"kenapa sekarang Instagram tiba-tiba akun kita di nonaktifkan, padahal kami tidak melakukan yang aneh-aneh!!!!????? 🤔 ku beri bintang satu karena akun Instagram ku di nonaktifkan!!! Okee terimakasih","kenapa sekarang Instagram tiba-tiba akun kita di nonaktifkan, padahal kami tidak melakukan yang aneh-aneh? ku beri bintang satu karena akun Instagram ku di nonaktifkan! Okee terimakasih",1,0,1,Surprise
IG-000889,Firmansyah,"Udah berkali kali update Instagram, tapi tetap sama aja nggak ada yang baru setelah di update, ada fitur font baru tapi kenapa tiap di update fitur ny tetap nggak ada","sudah berkali kali update Instagram, tapi tetap sama aja tidak ada yang baru setelah di update, ada fitur font baru tapi kenapa tiap di update fitur ny tetap tidak ada",3,0,1,Surprise
IG-000890,mario pranoto,Bagus buat nonton juga bagus saat aku lihat scrolling itu muncul video yang aku ikuti tapi saat nonton tanpa nyentuh layar kan masih hidup itu hpnya itu mati sendiri,Bagus membuat nonton juga bagus saat aku lihat scrolling itu muncul video yang aku ikuti tapi saat nonton tanpa nyentuh layar bukankah masih hidup itu hpnya itu mati sendiri,2,0,3,Trust
IG-000891,Sylla SusiLawaty,Kenapa tidak bisa masukan kata sandi padahal kata sandi sudah sesuai dan di verifikasi berharap bisa pake kode email karna no kartu sudah ga aktif tolong di bantu saya butuh Instagram ituu sudah ke 2 x nya begini saya selalu kehilangan Instagram kesayangan teruss,Kenapa tidak bisa masukan kata sandi padahal kata sandi sudah sesuai dan di verifikasi berharap bisa pakai kode email karena no kartu sudah tidak aktif tolong di bantu saya butuh Instagram ituu sudah ke 2 x nya begini saya selalu kehilangan Instagram kesayangan teruss,5,0,1,Sadness
IG-000892,Mak Nyami,"Sebelumnya dulu Instagram saya gak seperti ini,dulu enak dipakai sekarang kok setiap lihat vidio reel itu gak bisa dibuat lihat sw Instagram juga gak bisa tp kalau dibuat cari akun temen itu bisa kenapa y","Sebelumnya dulu Instagram saya tidak seperti ini,dulu enak dipakai sekarang mengapa setiap lihat vidio reel itu tidak bisa dibuat lihat sw Instagram juga tidak bisa tetapi kalau dibuat cari akun temen itu bisa kenapa y",8,0,1,Surprise
IG-000893,Kadja,"Bro, kenapa Ig sekarang kayak tiktok? Jujur aja aku gak nyaman sih masa fitur baru ini dan ditambah lagi gambar dan video jadiin satu di kolom pencarian dan itu bikin aku gak nyaman.","Bro, kenapa Instagram sekarang seperti tiktok? Jujur aja aku tidak nyaman gerangan masa fitur baru ini dan ditambah lagi gambar dan video jadiin satu di kolom pencarian dan itu membuat aku tidak nyaman.",6,0,2,Trust
IG-000894,Muhammad Fajri,"gajelas ni Instagram makin lama,banyak banget bugnya, masa di akun utama fitur note di postingan dan reel ga ada,padahal di akun kedua ada","gajelas ni Instagram makin lama,banyak banget bugnya, masa di akun utama fitur note di unggahan konten dan reel tidak ada,padahal di akun kedua ada",2,0,1,Sadness
IG-000895,Dhita Azzahra,"Saya kasih bintang 1 karena tidak bisa menggunakan Instagram ini.,. ketika mau memposting foto selalu keluar dan harus log out dari akun pribadi saya,.,. dan harus mengajukan banding,,.akan tetapi sya sdh melakukan nya tetap saja tidak bisa dan harus menunggu waktu yang lama.,, saya minta tolong di perbaiki lagi","Saya kasih bintang 1 karena tidak bisa menggunakan Instagram ini. ketika mau memposting foto selalu keluar dan harus log out dari akun pribadi saya. dan harus mengajukan banding.akan tetapi saya sudah melakukan nya tetap saja tidak bisa dan harus menunggu waktu yang lama, saya minta tolong di perbaiki lagi",4,0,1,Anticipation
IG-000896,Kania Chandra Puspita dewi,"Ini ig emang error atau gimana ya? Awalnya kan saya blokir orang terus saya buka lagi,tapi kok pas mau dm ada pilihan ""buka blokir,hapus"" sedangkan saya udah pilih ""buka blokir"" terus juga udah follow""an,tapi kenapa ada pilihan""buka blokir,hapus"" jadinya gabisa dman lagi deh. Tolong bantu yaa,terima kasih","Ini Instagram memang kesalahan sistem atau gimana ya? Awalnya bukankah saya blokir orang terus saya buka lagi,tapi mengapa saat mau pesan langsung ada pilihan ""buka blokir,hapus"" sedangkan saya sudah pilih ""buka blokir"" terus juga sudah follow""an,tapi kenapa ada pilihan""buka blokir,hapus"" jadinya gabisa dman lagi sudahlah Tolong bantu yaa,terima kasih",10,0,2,Surprise
IG-000897,naya ziifara,"bagus, tapi kenapa aku gabisa liat story di instagram? setiap orang bikin story pasti tulisannya cerita sudah di hapus, padahal story nya masih ada, di semua akun aku begitu","bagus, tapi kenapa aku gabisa melihat cerita Instagram di instagram? setiap orang membuat cerita Instagram pasti tulisannya cerita sudah di hapus, padahal cerita Instagram nya masih ada, di semua akun aku begitu",5,0,5,Trust
IG-000898,Sara Simahara,"Ini kenapa filter di ig nya kedip kedip,gabisa dipakai Tolong diperbaiki dong, Sudah dilaporkan tapi tidak ada perubahan sam sekali,tolong di notice","Ini kenapa filter di Instagram nya kedip kedip,gabisa dipakai Tolong diperbaiki lah Sudah dilaporkan tapi tidak ada perubahan sam sekali,tolong di notice",2,0,1,Optimism
IG-000899,Rasya Alika,"knp ya sekarang semenjak sudah update jadi bug truss,,saya jadi gak bisa liat status Ig orng orng,,cerita ini tidak tersedia Mulu bacaan nya tolong perbaiki lagii dong minnnnnn","kenapa ya sekarang semenjak sudah update jadi gangguan bug sistem truss,saya jadi tidak bisa melihat status Instagram orng orng,cerita ini tidak tersedia Mulu bacaan nya tolong perbaiki lagii lah min",7,0,2,Optimism
IG-000900,Dini Aulya,"hallo, fitur instagram kenapa ga support ke hp samsung ya? dr kemarin setiap buka kamera ig ga muncul tampilan kamera hanya layar item. mohon konfirmasinya!","hallo, fitur instagram kenapa tidak support ke hp samsung ya? dari kemarin setiap buka kamera Instagram tidak muncul tampilan kamera hanya layar item. tolong konfirmasinya!",5,0,2,Surprise
IG-000901,Zahrotul Marzazila,"saya mengalami bug, saya tidak bisa mengikuti balik followers saya, saya minta bantuannya dihp saya terdapat tulisan seperti ini Akun dibatasi beberapa sering melakukan hal tertentu seperti mengikuti untuk melindungi komunitas instagram","saya mengalami gangguan bug sistem saya tidak bisa mengikuti balik pengikut saya, saya minta bantuannya dihp saya terdapat tulisan seperti ini Akun dibatasi beberapa sering melakukan hal tertentu seperti mengikuti untuk melindungi komunitas instagram",3,0,1,Optimism
IG-000902,Meli Amanda,"Kenapa ya pas buka kamera gelap aja tapi pas di pencet tombolnya muncul gambar, sedangkan kita kalo mau foto jadi ga keliatan kamera belakang apa depannya karna gelap","Kenapa ya saat buka kamera gelap aja tapi saat di pencet tombolnya muncul gambar, sedangkan kita kalo mau foto jadi tidak keliatan kamera belakang apa depannya karena gelap",5,0,2,Surprise
IG-000903,Silvia Nurazmi Zahra,"Aku kasih bintang 5, tapi please jgn hilangkan arsip IG .🥲🥲 please please please jangan dong. Cuma di arsip aja aku bisa liat kenang kenangan yg lama setelah hp ku ke riset. Nnti ku ubah bintang lagi kalo sampe di hilangkan arsip😭😭","Aku kasih bintang 5, tapi please jangan hilangkan arsip Instagram . please please please jangan lah Cuma di arsip aja aku bisa melihat kenang kenangan yang lama setelah hp ku ke riset. Nnti ku ubah bintang lagi kalo sampe di hilangkan arsip [EMO_SADNESS] [EMO_SADNESS]",6,2,5,Optimism
IG-000904,Scout T,"(izinkan menambahkan media) tolong di perbaiki lagi, masa udah di nonaktifkan fiturnya ga ilang ilang woy, balikin ga seperti semula 👊👊👊👊👊👊","(izinkan menambahkan media) tolong di perbaiki lagi, masa sudah di nonaktifkan fiturnya tidak ilang ilang woy, balikin tidak seperti semula",3,0,1,Sadness
IG-000905,Intan Stella Nadeak,"Instagram banyak bug, lihat mention ig gabisa, sg diikuti kadang hilang/postingan tidam tersedia. Tolong diperbaiki","Instagram banyak gangguan bug sistem lihat mention Instagram gabisa, sg diikuti kadang hilang/postingan tidam tersedia. Tolong diperbaiki",2,0,1,Sadness
IG-000906,DINDA RAFIKA SUKMA TANJUNG,"Aku kasih bintang 5., TAPI PLEASE JANGAN ILANGIN FITUR ARSIP , sejauh ini fitur itu yg berguna bgt buat ngeliat kenangan., gapapa deh fitur yg lain di ILANGIN , asal jangan arsip ., sumpah gapapa bgt ., tapi jangan ARSIP😭","Aku kasih bintang 5, TAPI PLEASE JANGAN ILANGIN FITUR ARSIP , sejauh ini fitur itu yang berguna banget membuat ngeliat kenangan, tidak apa-apa sudahlah fitur yang lain di ILANGIN , asal jangan arsip , sumpah tidak apa-apa banget , tapi jangan ARSIP [EMO_SADNESS]",8,1,5,Joy
IG-000907,Asri Ut,habis keupdate tiba tiba fitur musik distory sm dicatatan hilang trus juga sering gabisa up story.. ini knp yaa tolong yaa benerin lgi ini instagram,habis keupdate tiba tiba fitur musik distory sama dicatatan hilang trus juga sering gabisa up cerita Instagram ini kenapa ya tolong ya memperbaiki lagi ini instagram,7,0,1,Sadness
IG-000908,Dzaky Muhammad,"Mengapa hal yang tidak saya sukai semakin banyak Muncul tiba-tiba dan pencarian, saya seorang Boxer dan suka olahraga di gym tapi apa yang ada di Instagram saya sekarang berubah drastis bahkan tanpa ada perubahan yang saya lakukan","Mengapa hal yang tidak saya sukai semakin banyak Muncul tiba-tiba dan pencarian, saya seorang Boxer dan suka olahraga di gym tapi apa yang ada di Instagram saya sekarang berubah drastis bahkan tanpa ada perubahan yang saya lakukan",0,0,1,Joy
IG-000909,위도황,"Apalah.. padahal udah diperbaharui melulu tp kok suruh memperbarui lagi? Trs klo mau upload story pasti ada tulisan ""kesalahan"" tolong dong ditingkatkan lagi","Apalah. padahal sudah diperbaharui melulu tetapi mengapa suruh memperbarui lagi? Trs kalau mau upload cerita Instagram pasti ada tulisan ""kesalahan"" tolong lah ditingkatkan lagi",6,0,1,Anger
IG-000910,Claire Xlynn,"hadeh ni apk makin gajelas, fitur fitur nya suka muncul sama hilang sendiri secara tiba tiba, makin banyak bug","hadeh ni apk makin gajelas, fitur fitur nya suka muncul sama hilang sendiri secara tiba tiba, makin banyak gangguan bug sistem",1,0,1,Sadness
IG-000911,Gina Aufa,ig nya kenapa ya? kalo liat status ig nya gabisa di liat pasti ada tulisan cerita tidak tersedia atau malah diliattin yang sudah saya liat kek muter muter disitu aja jadi gj maaf bngt😭😭,Instagram nya kenapa ya? kalo melihat status Instagram nya gabisa di melihat pasti ada tulisan cerita tidak tersedia atau malah diliattin yang sudah saya melihat seperti muter muter disitu aja jadi gj maaf banget [EMO_SADNESS] [EMO_SADNESS],7,2,2,Optimism
IG-000912,justmyrandom,"Mohon maaf, saya capek sama instagram, aplikasi saya sering ada masalah dan tidak kunjung membaik, dan ada beberapa komplain dari kerabat juga kalau instagram tidak berkembang karena sering ngebug di akunnya","tolong maaf, saya capek sama instagram, aplikasi saya sering ada masalah dan tidak kunjung membaik, dan ada beberapa komplain dari kerabat juga kalau instagram tidak berkembang karena sering ngebug di akunnya",1,0,1,Optimism
IG-000913,M. ANNUR FUAD FADHOLI,"Sebenarnya fitur-fitur yang di rilis Instagram baru-baru ini bagus tapi ada bagian fitur add notes untuk menanggapi postingan orang lain yang tidak ada serta tidak tertata untuk jumlah like,comment,dan shere padahal sudah sy update.","Sebenarnya fitur-fitur yang di rilis Instagram baru-baru ini bagus tapi ada bagian fitur add notes untuk menanggapi unggahan konten orang lain yang tidak ada serta tidak tertata untuk jumlah like,comment,dan shere padahal sudah saya update.",2,0,3,Trust
IG-000914,A Roni 03,"tolong developer cara ngatasin gak bisa lobe gimana yah,tolong di bantu,susah banget kalo mau live tapi ada tulisan tidak memenuhi syarat,tolong developer bantuan nya","tolong developer cara ngatasin tidak bisa lobe gimana yah,tolong di bantu,susah banget kalo mau live tapi ada tulisan tidak memenuhi syarat,tolong developer bantuan nya",2,0,5,Optimism
IG-000915,Addini Nur fadilah,"Instagram lu mending balikin fitur lagu yg ada di profile deh,benci banget gw kalo udah bela belain update eh malah tambah ngajelas aja fiturnya,ada yg hilang kek,keganti lah dll,kembaliin kayak dulu lagi deh benci bgt gw,perbaiki eror mu dong,mls gw,eror mulu anj","Instagram kamu mending balikin fitur lagu yang ada di profile deh,benci banget saya kalo sudah bela belain update eh malah tambah ngajelas aja fiturnya,ada yang hilang kek,keganti lah dll,kembaliin seperti dulu lagi sudahlah benci banget gw,perbaiki eror mu dong,mls gw,eror mulu anj",8,0,1,Sadness
IG-000916,Timotius Imanuel,"Kenapa akun saya ditangguhkan dan pas saya mengajukan banding tidak bisa/ stuck di bagian pengiriman kode lewat nomor hp, dan saya sampai saat ini masih tidak tau kenapa kok akun ig saya di tangguhkan, padahal saya tidak memakai nya untuk yang aneh-aneh seperti penipuan, pengexploitasi an, bahkan tindakan yang berbau sexual pun tidak pernah saya lakukan!!!, mohon untuk cs ataupun dev bisa segera membantu saya, memberi tahu cara nya yang benar seperti apa🙏. Trimakasih 🙏","Kenapa akun saya ditangguhkan dan saat saya mengajukan banding tidak bisa stuck di bagian pengiriman kode lewat nomor hp, dan saya sampai saat ini masih tidak tahu kenapa mengapa akun Instagram saya di tangguhkan, padahal saya tidak memakai nya untuk yang aneh-aneh seperti penipuan, pengexploitasi an, bahkan tindakan yang berbau sexual pun tidak pernah saya lakukan, tolong untuk cs ataupun dev bisa segera membantu saya, memberi tahu cara nya yang benar seperti apa [EMO_TRUST] . Trimakasih [EMO_TRUST]",7,2,2,Surprise
IG-000917,Aldo Morrisey,"Udah seminggu ini di hp samsung saya kalau pake Filter Layarnya Kedip2, kalau bkin Video Hasilnya Kedip2 juga, tolong dong perbaikin..","sudah seminggu ini di hp samsung saya kalau pakai Filter Layarnya Kedip2, kalau bkin Video Hasilnya Kedip2 juga, tolong lah perbaikin.",3,0,2,Sadness
IG-000918,YAN STORY,"Ini apaansi diupdate udh dah sllu di-update tpi knpaaa ig ny eror gini,mau mengikuti orang malah gabisa""tlonglah kesal jadinya kayak gak merubah apa apa malah jadinyaaa masa di UP eror gini hadehhhh tlongla diperbaikiiii gmna caranya mau ngikutin orang tp malah gabisa ngikutin giniii","Ini apaansi diupdate sudah dah sllu di-update tetapi knpa Instagram ny eror gini,mau mengikuti orang malah gabisa""tlonglah kesal jadinya seperti tidak merubah apa apa malah jadinya masa di UP eror begini hadeh tlongla diperbaiki gmna caranya mau ngikutin orang tetapi malah gabisa ngikutin begini",8,0,2,Anger
IG-000919,ruri,"Akun gw ada beberapa tp tiap akun tuh ada yg telat update nya gitu lah, di satu akun ada fitur baru tp di akun lain gaada, itu kenapa sih benerin TOLONG.","Akun saya ada beberapa tetapi tiap akun tuh ada yang telat update nya begitu lah, di satu akun ada fitur baru tetapi di akun lain gaada, itu kenapa gerangan memperbaiki TOLONG.",7,0,3,Surprise
IG-000920,Aviola Tryani putri,"setelah diupdate fiturnya malah makin ga jelas, kalo ada yang nge tag di snapgram malah ke hapus sendiri kecewa banget, tolong perbaiki secepatnya","setelah diupdate fiturnya malah makin tidak jelas, kalo ada yang nge tag di snapgram malah ke hapus sendiri kecewa banget, tolong perbaiki secepatnya",1,0,1,Sadness
IG-000921,Syifa denito,"Kenapa setiap saya nonton reels atau story itu selalu slowmo ga sinkron sama suara? Apa yg harus saya lakukan untuk mengatasi permasalahan pada instagram saya, tolong kasih saya solusi","Kenapa setiap saya nonton video reels atau cerita Instagram itu selalu slowmo tidak sinkron sama suara? Apa yang harus saya lakukan untuk mengatasi permasalahan pada instagram saya, tolong kasih saya solusi",4,0,2,Surprise
IG-000922,Hardiyarti Farah Sadewi,"tolong pihak instagram membetulkan aplikasi instagram, saya sudah berkali kali menghapus kemudian menginstal lagi instagram karena ada masalah saat saya ingin login kembali ke akun saya karena tidak sengaja keluar. saya lupa kata sandinya tapi setiap saya menekan tombol lupa kata sandi selalu saja ada masalah dan diminta untuk mencoba lagi, tolong responnya🙏🏻🙏🏻","tolong pihak instagram membetulkan aplikasi instagram, saya sudah berkali kali menghapus kemudian menginstal lagi instagram karena ada masalah saat saya ingin login kembali ke akun saya karena tidak sengaja keluar. saya lupa kata sandinya tapi setiap saya menekan tombol lupa kata sandi selalu saja ada masalah dan diminta untuk mencoba lagi, tolong responnya [EMO_TRUST] [EMO_TRUST]",0,2,1,Sadness
IG-000923,Dita Qurotul,Kenapa di saat saya mau nge like postingan orang gabisa padahal sudah saya update tolong di perbaiki pihak ig tanggung jawab di update malah makin down kualitas nya bukan nya bagus malah makin buruk padahal sebelum nya gk gini pliss tolong perbaiki lagi ig sayaa admin ig mohon pertanggungjawaban nya jangan diam sajaaa,Kenapa di saat saya mau nge like unggahan konten orang gabisa padahal sudah saya update tolong di perbaiki pihak Instagram tanggung jawab di update malah makin down kualitas nya bukan nya bagus malah makin buruk padahal sebelum nya tidak begini pliss tolong perbaiki lagi Instagram sayaa admin Instagram tolong pertanggungjawaban nya jangan diam saja,7,0,1,Trust
IG-000924,Jahra Baduy,Aku sangat puas mengguankan instagarm tetapi belakangan ini promosi jual saya kaya kuarang di rekomendasikan tolong bantu rekomedasikan ke publik biar banyak tayang dan menjangkau iklan saya,Aku sangat puas mengguankan instagarm tetapi belakangan ini promosi jual saya kaya kuarang di rekomendasikan tolong bantu rekomedasikan ke publik biar banyak tayang dan menjangkau iklan saya,0,0,4,Joy
IG-000925,Fibri Fibri,"Halo kak kok aku ajukan banding kenapaya pada saat aku rekam muka,kok bermasalah padahal jaringan udah baik dan udah ikuti instruksinya sedih deh Instagram skrng jadi aneh udah 1 Minggu kak GK main ig😭","Halo kak mengapa aku ajukan banding kenapaya pada saat aku rekam muka,kok bermasalah padahal jaringan sudah baik dan sudah ikuti instruksinya sedih sudahlah Instagram skrng jadi aneh sudah 1 Minggu kak tidak main Instagram [EMO_SADNESS]",7,1,2,Surprise
IG-000926,Fira Nabila,"kenapa tidak bisa dibuka? setiap mau login ig tiba tiba keluar. ""Instagram telah berhenti"" selalu ada text kaya gitu setiap buka ig. tiba tiba keluar sendiri. itu kenapa?","kenapa tidak bisa dibuka? setiap mau login Instagram tiba tiba keluar. ""Instagram telah berhenti"" selalu ada text kaya begitu setiap buka Instagram tiba tiba keluar sendiri. itu kenapa?",4,0,3,Optimism
IG-000927,Juliani waruwu,Instagram ini kalau mau nyimpan vidio ada lagu nya tapi ketika sudah di album malah lagu nggak ada gimana dong tolong,Instagram ini kalau mau nyimpan vidio ada lagu nya tapi ketika sudah di album malah lagu tidak ada gimana lah tolong,2,0,1,Sadness
IG-000928,Saskia Rahma,"saya sangat suka intagram, saya bisa membuat 1 akun lebih. setiap akun berbeda beda kepribadian. dan diantara banyaknya akun saya, saya punya akun yang di dalamnya saya sangat mengabadikan moment. saya sangat suka mengabadikan momen dan memposting foto yg saya punya tanpa ragu","saya sangat suka intagram, saya bisa membuat 1 akun lebih. setiap akun berbeda beda kepribadian. dan diantara banyaknya akun saya, saya memiliki akun yang di dalamnya saya sangat mengabadikan moment. saya sangat suka mengabadikan momen dan memposting foto yang saya memiliki tanpa ragu",4,0,5,Joy
IG-000929,Zihan Syahira,"ini kenapa nge bug mulu dah, kok makin di update makin nge bug? apk ig sy jdi gak ad fitur sorotan nya, itu kenapa yaa?!!! tolongg perbaiki dong minnn!!!!","ini kenapa nge gangguan bug sistem mulu dah, mengapa makin di update makin nge gangguan bug sistem apk Instagram saya jdi tidak ad fitur sorotan nya, itu kenapa ya tolongg perbaiki lah min!",8,0,1,Surprise
IG-000930,Muhamadisan wiran,"tolong dong, ko ini bug terus sih. gak bisa kirim dm malah ber icon ""mengirim"" load mulu saat mau bales dm. tolong perbaiki keluhan nya","tolong lah ko ini gangguan bug sistem terus gerangan tidak bisa kirim pesan langsung malah ber icon ""mengirim"" load mulu saat mau bales pesan langsung tolong perbaiki keluhan nya",7,0,4,Optimism
IG-000931,Yayuk NH,"Kenapa sya tidak bisa menambahkan musik y, k postingan sya. Dlu bs , knp skrg tdk. Apakah Ig skrg sdh tdk bs menambahkan musik lg kah pada postingannya?","Kenapa saya tidak bisa menambahkan musik y, k unggahan konten saya Dlu bisa , kenapa sekarang tidak Apakah Instagram sekarang sudah tidak bisa menambahkan musik lagi kah pada postingannya?",14,0,3,Optimism
IG-000932,Rahma Amaliaputri,mohon jangan hapus arsip Instagram karna itu alasan saya dan mungkin banyak orang juga untuk menggunakan Instagram dan menyimpan memory kehidupan di sana akan tetap bintang 5 jika terhapus saya akan memberikan ulasan buruk❗❗❗❗,tolong jangan hapus arsip Instagram karena itu alasan saya dan mungkin banyak orang juga untuk menggunakan Instagram dan menyimpan memory kehidupan di sana akan tetap bintang 5 jika terhapus saya akan memberikan ulasan buruk❗,2,0,5,Anger
IG-000933,Suneo Kexcrot,"setiap saya memposting sebuah foto hasilnya selalu buram,pecah pecah,dan lain nya begitu juga ketika membagikan foto ke sebuah cerita hasilnya selalu tidak sesuai dengan yang di harapkan padahal,saya sudah mengatur untuk tidak menghemat data,dan upload foto dengan kualitas tinggi","setiap saya memposting sebuah foto hasilnya selalu buram,pecah pecah,dan lain nya begitu juga ketika membagikan foto ke sebuah cerita hasilnya selalu tidak sesuai dengan yang di harapkan padahal,saya sudah mengatur untuk tidak menghemat data,dan upload foto dengan kualitas tinggi",0,0,1,Trust
IG-000934,Narita Meisya,"Enak di pakai, aplikasi nya juga menarik, dan bisa di pakai kapan saja, contohnya buat saya up video / foto, dan saya bisa foto menggunakan filter² di ig, i love ig 🫶🏻","Enak di pakai, aplikasi nya juga menarik, dan bisa di pakai kapan saja, contohnya membuat saya up video / foto, dan saya bisa foto menggunakan filter² di Instagram i love Instagram",5,0,5,Optimism
IG-000935,Moc Miftach Farid,"Saya memberikan 5 bintang, tetapi saya mohon jangan hilangkan fitur arsip. Sebab fitur tersebut sangat berguna untuk saya dan mungkin untuk seluruh pengguna instagram.","Saya memberikan 5 bintang, tetapi saya tolong jangan hilangkan fitur arsip. Sebab fitur tersebut sangat berguna untuk saya dan mungkin untuk seluruh pengguna instagram.",1,0,5,Sadness
IG-000936,Faeyza Hidayat,Salah satu media sosial yang sangat bagus.Fitur-fitur yang disediakan oleh Instagram sangat simple dan mudah dimengerti serta dapat menjangkau orang lebih banyak,Salah satu media sosial yang sangat bagus.Fitur-fitur yang disediakan oleh Instagram sangat simple dan mudah dimengerti serta dapat menjangkau orang lebih banyak,0,0,5,Trust
IG-000937,Surya Pratiwi,Aplikasi nya bagus banget tapi kenapa yaa setiap ada yang buat story baru tu selalu gak bisa di liat yaa (cerita ini tidak tersedia) tolong di bantu dongg,Aplikasi nya bagus banget tapi kenapa ya setiap ada yang membuat cerita Instagram baru tu selalu tidak bisa di melihat ya (cerita ini tidak tersedia) tolong di bantu dongg,7,0,5,Trust
IG-000938,Choirotun vira Agustina,"bagus sih tp saya pengen font nya kayak dulu, kadang sering bug lihat stori orang, semoga bisa diperbaiki lagi terimakasii 😍❤️‍🩹","bagus gerangan tetapi saya pengen font nya seperti dulu, kadang sering gangguan bug sistem lihat stori orang, semoga bisa diperbaiki lagi terimakasii [EMO_LOVE] [EMO_LOVE] ‍",5,2,5,Optimism
IG-000939,windri lestari,"Hai Instagram. Akun instagram milik saya sudah kembali normal, semua fitur bisa dinikmati seperti semula. Terimakasih atas perbaikannya.","Hai Instagram. Akun instagram milik saya sudah kembali normal, semua fitur bisa dinikmati seperti semula. Terimakasih atas perbaikannya.",1,0,5,Optimism
IG-000940,Sebastian B,Mau tanya dong ini kenapa di IG saya untuk story tulis textnya dia selalu ada background color dan tidak bisa dihilangkan (samsung s23),Mau tanya lah ini kenapa di Instagram saya untuk cerita Instagram tulis textnya dia selalu ada background color dan tidak bisa dihilangkan (samsung s23),4,0,3,Optimism
IG-000941,Bagus Pinuji,Fitur filter yang untuk story gabisa. Pas buka kedip2 hitam terus. Mau buat story ga enak. Solusinya tolong.,Fitur filter yang untuk cerita Instagram gabisa. saat buka kedip2 hitam terus. Mau membuat cerita Instagram tidak enak. Solusinya tolong.,5,0,3,Optimism
IG-000942,Nabila Avliyatul Faizah,"Okey si kak cuma kadang agak ngehang entah karna hp saya atau ig nya si, cuma saya kasih apresiasi buat ig karna ada ig aku jadi punya kesibukan dan hiburan, jadi tau banyak hal juga","Okey si kak cuma kadang agak ngehang entah karena hp saya atau Instagram nya si, cuma saya kasih apresiasi membuat Instagram karena ada Instagram aku jadi memiliki kesibukan dan hiburan, jadi tahu banyak hal juga",8,0,5,Joy
IG-000943,One ST,"Tolong diperbaiki dong bug suara yg dipostingan, Setiap saya melihat postingan ig dengan foto lebih dari 1 (postingan foto slide) suara lagu selalu tidak ada dan simbol speaker yg dipojok kanan bawah pun tidak ada, berbeda dengan postingan 1 foto saja.. Disana suara lagu selalu keluar dan tidak ada kendala.. Segera diperbaiki karena bug nya terlalu meresahkan dan menganggu","Tolong diperbaiki lah gangguan bug sistem suara yang dipostingan, Setiap saya melihat unggahan konten Instagram dengan foto lebih dari 1 unggahan konten foto slide) suara lagu selalu tidak ada dan simbol speaker yang dipojok kanan bawah pun tidak ada, berbeda dengan unggahan konten 1 foto saja. Disana suara lagu selalu keluar dan tidak ada kendala. Segera diperbaiki karena gangguan bug sistem nya terlalu meresahkan dan menganggu",9,0,2,Anticipation
IG-000944,M.Refin Aditya,"Banyak bug, terutama kalo ganti profil ig sama ganti profil sorotan, ga mungkin bisa kalo ganti PP pake wifi di ig mah pasti bakal stak loading kalo pake data bisa yang ke 2 kalo pake tema gelap, banyak bnget bug, trutama soal warna ga masuk gitu kadang item putih kadang item biru, kadang juga font ga keliatan banyak deh sekarang instagram bug nya, sampah bnget akun rame pengguna... Bug juga banyak minimal utamain clear bug di bandingkan update fitur lah....!!","Banyak gangguan bug sistem terutama kalo ganti profil Instagram sama ganti profil sorotan, tidak mungkin bisa kalo ganti PP pakai wifi di Instagram mah pasti bakal stak proses memuat kalo pakai data bisa yang ke 2 kalo pakai tema gelap, banyak bnget gangguan bug sistem trutama soal warna tidak masuk begitu kadang item putih kadang item biru, kadang juga font tidak keliatan banyak sudahlah sekarang instagram gangguan bug sistem nya, sampah bnget akun rame pengguna. gangguan bug sistem juga banyak minimal utamain clear gangguan bug sistem di bandingkan update fitur lah!",18,0,1,Anger
IG-000945,Prima Kurnia,Tingkat keamanan kurang dan mudah sekali teretas / terkena hack. Tolong perbaiki dan tingkatkan keamanan serta tingkat privasi. Perbaiki juga tampilan dark mode pada pusat akun meta (berlaku juga untuk facebook) karena tampilan terlalu berwarna warni dan terkesan kurang bagus.,Tingkat keamanan kurang dan mudah sekali teretas / terkena hack. Tolong perbaiki dan tingkatkan keamanan serta tingkat privasi. Perbaiki juga tampilan dark mode pada pusat akun meta (berlaku juga untuk facebook) karena tampilan terlalu berwarna warni dan terkesan kurang bagus.,0,0,1,Trust
IG-000946,Firdaus Abdllah,"Sekarang bugnya jadi makin banyak dan cukup mengganggu. Seperti lagu yang ditambah ke postingan, tidak ada suaranya dan tidak ada lambang speaker di pojok. Setelah dicek di akun orang lain lagunya masih ada dan masih bisa diputar. Aplikasi sudah diupdate tapi masih belum hilang bugnya. Semoga ada perbaikan (*masih tetap sama, sekarang malah kalo pindah aplikasi jadi kerefresh berandanya. Meresahkan.) (Tambahan lagi, foto yg diambil di kamera ig, ketika disimpan ke draf jadi ngebug)","Sekarang bugnya jadi makin banyak dan cukup mengganggu. Seperti lagu yang ditambah ke unggahan konten tidak ada suaranya dan tidak ada lambang speaker di pojok. Setelah dicek di akun orang lain lagunya masih ada dan masih bisa diputar. Aplikasi sudah diupdate tapi masih belum hilang bugnya. Semoga ada perbaikan (*masih tetap sama, sekarang malah kalo pindah aplikasi jadi kerefresh berandanya. Meresahkan.) (Tambahan lagi, foto yang diambil di kamera Instagram ketika disimpan ke draf jadi ngebug)",4,0,2,Optimism
IG-000947,Vivo New,"Saya suka intagram begitu banyak video bermanfaat di dalamnya, namu saya jarang membukanya di karenakan videonya berresolusi sangat tinggi sehingga menghabiskan banyak data saya! Saya mohon untuk pihak insta untuk menyediakan kualitas video nya di insta dan bisa memilih sendiri kualitas video sesuai kesediaan data masing-masing! Terimakasih Intagram🙏👍👍","Saya suka intagram begitu banyak video bermanfaat di dalamnya, namu saya jarang membukanya di karenakan videonya berresolusi sangat tinggi sehingga menghabiskan banyak data saya! Saya tolong untuk pihak Instagram untuk menyediakan kualitas video nya di Instagram dan bisa memilih sendiri kualitas video sesuai kesediaan data masing-masing! Terimakasih Intagram [EMO_TRUST] [EMO_TRUST] [EMO_TRUST]",4,3,4,Joy
IG-000948,Rahadian Ilham,"Hai developer, saya mengalami masalah dalam editing dan upload reels dengan video 1080p/100fps 16:9, ketika melakukan edit reels di Instagram terlalu lama, hasil edit tidak bisa di upload, alhasil harus di save dulu tanpa suara kemudian baru bisa di upload, yang mengakibatkan kualitas video kurang bagus, semoga bisa lekas diperbaiki untuk masalah editing dan upload reelsnya, terimakasih","Hai developer, saya mengalami masalah dalam editing dan upload video reels dengan video 1080p/100fps 16:9, ketika melakukan edit video reels di Instagram terlalu lama, hasil edit tidak bisa di upload, alhasil harus di save dulu tanpa suara kemudian baru bisa di upload, yang mengakibatkan kualitas video kurang bagus, semoga bisa lekas diperbaiki untuk masalah editing dan upload reelsnya, terimakasih",5,0,4,Trust
IG-000949,Chicha Vitha,"Sudah beberapa hari lagu yg ada dipostingan hilang suaranya,padahal masih ada keterangan lagunya.Udah beberapa kali diuninstal coba instal lagi,malah susah masuk ke ig..Katanya ig ada memiliki bug..Aneh..sebenarnya kenapa yaa??Tolong diperbaiki dong.","Sudah beberapa hari lagu yang ada dipostingan hilang suaranya,padahal masih ada keterangan lagunya.Udah beberapa kali diuninstal coba instal lagi,malah susah masuk ke ig.Katanya Instagram ada memiliki bug.Aneh.sebenarnya kenapa yaa?Tolong diperbaiki lah",3,0,2,Surprise
IG-000950,Ahmad Rizal,"Setelah update jadi makin ngaco. Sekarang setiap ada video kita tap (normalnya untuk mengaktifkan suara) sekarang malah jadi reel. Padahal video tsb bukan reel. Semakin mirip aplikasi tiktod. Tolong kembalikan fungsi lama seperti semula. Setelah update tampilan berubah lagi, belajar uinya lagi. Bukannya mempermudah user malah makin bikin bingung.","Setelah update jadi makin ngaco. Sekarang setiap ada video kita tap (normalnya untuk mengaktifkan suara) sekarang malah jadi reel. Padahal video tsb bukan reel. Semakin mirip aplikasi tiktod. Tolong kembalikan fungsi lama seperti semula. Setelah update tampilan berubah lagi, belajar uinya lagi. Bukannya mempermudah user malah makin membuat bingung.",2,0,1,Sadness
IG-000951,Cantika Fadiya Adillah,"Kenapa ya akun Instagram saya ketiga²nya jika menonton video reels suka delay videonya dari suaranya, ga sesuai dengan suaranya gitu lho. Saya sudah uninstall aplikasi sudah hapus data masih aja video reelsnya delay, bikin nonton jadi ga nyaman, padahal buka tiktok videonya ga delay. Saya ga tau ini cuma hp saya doang atau ga, tapi jujur ini ga nyaman banget, tolong diperbaiki bugnya!","Kenapa ya akun Instagram saya ketiga²nya jika menonton video video reels suka delay videonya dari suaranya, tidak sesuai dengan suaranya begitu lho. Saya sudah uninstall aplikasi sudah hapus data masih aja video reelsnya delay, membuat nonton jadi tidak nyaman, padahal buka tiktok videonya tidak delay. Saya tidak tahu ini cuma hp saya doang atau tidak tapi jujur ini tidak nyaman banget, tolong diperbaiki bugnya!",10,0,2,Joy
IG-000952,Natasya Tasya,"Apalahh, instagram makin lama makin banyak bug nya, dari filter, bahkan kalo mau post reel atau story juga selalu ada tulisan 'kesalahan', udah berkali kali dicoba masih aja kyk gitu, tolong dong di perbaiki, kesabaran gw yang setipis tisu, berkelahi dengan bug instagram😔👎","Apalahh, instagram makin lama makin banyak gangguan bug sistem nya, dari filter, bahkan kalo mau unggahan reel atau cerita Instagram juga selalu ada tulisan 'kesalahan', sudah berkali kali dicoba masih aja seperti begitu tolong lah di perbaiki, kesabaran saya yang setipis tisu, berkelahi dengan gangguan bug sistem instagram",9,0,1,Anger
IG-000953,Vebi,"apk nya makin di update skrg malah tambah bug, tiap kali mau bikin sorotan baru pasti lama banget nunggu nya kadang ngga selesai selesai dan gabisa kembali, jadi terpaksa keluar dari apk dulu. kalau mau ganti profil jg kadang bug kaya gitu, ga sekali dua kali tapi udah beberapa kali kaya gini, kadang di postingan juga musik di fotonya sering hilang sendiri. smg kedepannya bisa di perbaiki biar makin nyaman main ig nya.","apk nya makin di update sekarang malah tambah gangguan bug sistem tiap kali mau membuat sorotan baru pasti lama banget nunggu nya kadang tidak selesai selesai dan gabisa kembali, jadi terpaksa keluar dari apk dulu. kalau mau ganti profil juga kadang gangguan bug sistem kaya begitu tidak sekali dua kali tapi sudah beberapa kali kaya begini kadang di unggahan konten juga musik di fotonya sering hilang sendiri. smg kedepannya bisa di perbaiki biar makin nyaman main Instagram nya.",13,0,3,Trust
IG-000954,SAITATI AL ISTIFAIYYAH,"Plis instagram kenapa berubah sih, camera video call udah bagus setengah setengah sama lawan bicara(atas bawah), sekarang malah berubah jadi kaya di whatsapp, layar aku jadi kecil sementara layar camera lawan bicara aku full. Gasuka! Ayolah instagram sesuai sama diri sendiri aja gausah ikut2 whatsapp! Kan kalo atas bawah enak, kelihatan jelas trus bisa sambil share reels(aku jadi gabisa share reels juga) trus bisa main main filter sama lawan bicara, seru. Kok gini sih😞😞","tolong instagram kenapa berubah gerangan camera video call sudah bagus setengah setengah sama lawan bicara(atas bawah), sekarang malah berubah jadi kaya di whatsapp, layar aku jadi kecil sementara layar camera lawan bicara aku full. Gasuka! Ayolah instagram sesuai sama diri sendiri aja gausah ikut2 whatsapp! bukankah kalo atas bawah enak, kelihatan jelas trus bisa sambil share reels(aku jadi gabisa share video reels juga) trus bisa main main filter sama lawan bicara, seru. mengapa begini gerangan [EMO_SADNESS] [EMO_SADNESS]",10,2,1,Surprise
IG-000955,Su Wignyo,"Gatau ig skrng banyak bug nya. Mulai dari, postingan ga ada suaranya dan simbol speakernya, emoji yg direkomendasikan di keyboard pas dipencet beda(misal, sy pencet emoji ""😭"" yg direkomendasikan, tpi pas dipencet bukan emoji ""😭"" yg keluar, tpi emoji lain). Ntah bug ini cuman dihp ku aja atau smua hp gini, tpi temen ku juga ngalamin hal itu, udh coba ku uninstall ttp sama aja, gada perubahan. Mohon diperbaiki, ini sangat mengganggu terutama bug tidak ada suara dan simbol speaker","Gatau Instagram skrng banyak gangguan bug sistem nya. Mulai dari, unggahan konten tidak ada suaranya dan simbol speakernya, emoji yang direkomendasikan di keyboard saat dipencet beda(misal, saya pencet emoji "" [EMO_SADNESS] "" yang direkomendasikan, tetapi saat dipencet bukan emoji "" [EMO_SADNESS] "" yang keluar, tetapi emoji lain). Ntah gangguan bug sistem ini cuman dihp ku aja atau smua hp begini tetapi temen ku juga ngalamin hal itu, sudah coba ku uninstall tetap sama aja, gada perubahan. tolong diperbaiki, ini sangat mengganggu terutama gangguan bug sistem tidak ada suara dan simbol speaker",19,2,3,Joy
IG-000956,Alfionita,"ini udah kejadian dari dulu si, tiap post story foto dikasih musik selalu kepotong musiknya. yang harusnya 15 detik pas sebelum upload eh malah jadinya cuma 3 detik, trus tiap bikin story kadang di arsip malah ga muncul jadi gabisa bikin highlight. sekali dua kali si gapapa, kalo 3 kali 4 sama dengan 12 gimana?","ini sudah kejadian dari dulu si, tiap unggahan cerita Instagram foto dikasih musik selalu kepotong musiknya. yang harusnya 15 detik saat sebelum upload eh malah jadinya cuma 3 detik, trus tiap membuat cerita Instagram kadang di arsip malah tidak muncul jadi gabisa membuat highlight. sekali dua kali si tidak apa-apa kalo 3 kali 4 sama dengan 12 gimana?",9,0,2,Optimism
IG-000957,Karina Ramadhani,"gimana ya, ig makin kesini makin banyak bug nya, awalnya maklum tapi lama² bikin kesel juga, salah satu yang bikin aku kesel banget akhir² ini pas aku posting video (dikasih musik atau ga) ga pernah bisa kekirim, loading lama banget trs di pojok kiri bawa ada tulisan ""menunggu koneksi"" aku udah coba hapus -> posting lagi berulang dan coba posting beberapa video yang berbeda tapi tetep aja ga bisa, aku capek bangett udah abis kesabaran aku yaa (⁠╥⁠﹏⁠╥⁠), tolong dong perbaikannya plss","gimana ya, Instagram makin kesini makin banyak gangguan bug sistem nya, awalnya maklum tapi lama² membuat kesel juga, salah satu yang membuat aku kesel banget akhir² ini saat aku mengunggah video (dikasih musik atau tidak tidak pernah bisa kekirim, proses memuat lama banget trs di pojok kiri bawa ada tulisan ""menunggu koneksi"" aku sudah coba hapus -> mengunggah lagi berulang dan coba mengunggah beberapa video yang berbeda tapi tetep aja tidak bisa aku capek banget sudah abis kesabaran aku ya (⁠╥⁠﹏⁠╥⁠), tolong lah perbaikannya plss",19,0,1,Anticipation
IG-000958,Cheisya Assifa,"apk bagus tapi kenapa sering keluar sendiri, udah tiga kali harus login lagi ke Instagram padahal ga ada apa-apa masa tiga kali disuruh membersihkan riwayat, riwayat apa yg di bersihkan? kenapa Instagram jadi begini","apk bagus tapi kenapa sering keluar sendiri, sudah tiga kali harus login lagi ke Instagram padahal tidak ada apa-apa masa tiga kali disuruh membersihkan riwayat, riwayat apa yang di bersihkan? kenapa Instagram jadi begini",3,0,4,Trust
IG-000959,cindy,"over all semua update an nya bagus dari fitur instagram, mulai dari bisa post video/foto lebih 10 dll, tapi kecewa banget kenapa font aslinya dari bawaan hp kita sendiri ilang??? tergantikan yang baru :( please, aku user emoji ios pake zfont... tolong banget balikin font bawaan dari hp :((","over all semua update an nya bagus dari fitur instagram, mulai dari bisa unggahan video/foto lebih 10 dll, tapi kecewa banget kenapa font aslinya dari bawaan hp kita sendiri ilang? tergantikan yang baru :( please, aku user emoji ios pakai zfont. tolong banget balikin font bawaan dari hp :((",4,0,3,Trust
IG-000960,ramadhika disini,"banyak bugnya sekarang, habis di perbaharui malah kek apk cacat, layar camera tb"" item, tiba"" ngescroll berkali kali, dll","banyak bugnya sekarang, habis di perbaharui malah seperti apk cacat, layar camera tb"" item, tiba"" ngescroll berkali kali, dll",1,0,1,Sadness
IG-000961,Siti Aisyah,"sebenernya udah bagus kok, cm ada beberapa fitur yg seharusnya gausah di ubah, seperti mengubah lagu di postingan, (sekarang gabisa, tp dulu pas awal"" bisa) Terus, mungkin bisa ditambahkan fitur yg bermanfaat, seperti pas lagi post story pakai lagu ga cuma 15s, fitur supaya kita bisa tahu acount yg kita follow sepihak itu yg mana saja. Itu saja, terimakasih ya","sebenernya sudah bagus mengapa cm ada beberapa fitur yang seharusnya gausah di ubah, seperti mengubah lagu di unggahan konten (sekarang gabisa, tetapi dulu saat awal"" bisa Terus, mungkin bisa ditambahkan fitur yang bermanfaat, seperti saat lagi unggahan cerita Instagram pakai lagu tidak cuma 15s, fitur supaya kita bisa tahu acount yang kita follow sepihak itu yang mana saja. Itu saja, terimakasih ya",18,0,5,Trust
IG-000962,Aghisti Rizqi,"Sering eror! Kemarin bug tiba-tiba akun ke log out sendiri, sekarang bikin ig story selalu terjadi kesalahan (ga bisa ke post). Mau di update juga udah otomatis ga ada yang perlu diupdate. Mohon di maksimal kan lagi dong fiturnya. Saya mau post igs buat keperluan malah ga bisa ke kirim terus.","Sering eror! Kemarin gangguan bug sistem tiba-tiba akun ke log out sendiri, sekarang membuat Instagram cerita Instagram selalu terjadi kesalahan tidak bisa ke unggahan Mau di update juga sudah otomatis tidak ada yang perlu diupdate. tolong di maksimal bukankah lagi lah fiturnya. Saya mau unggahan igs membuat keperluan malah tidak bisa ke kirim terus.",16,0,3,Optimism
IG-000963,Nur asikin,"Tolong dong min tambahin fitur pengganti lagu di postingan foto Instagram, supaya memudahkan dalam mengubah jd ga perlu lgi membuat postingan ulangg","Tolong lah min tambahin fitur pengganti lagu di unggahan konten foto Instagram, supaya memudahkan dalam mengubah jd tidak perlu lagi membuat unggahan konten ulangg",5,0,2,Sadness
IG-000964,Raisya Qolby Surya,"habis di update kok reels nya malah ngelag2 ya? kadang ga bisa keputer juga padahal sinyal lancar. Juga dibagian menambahkan lagu di story kadang foto yang diberi lagunya jadi blur, itu sih saran saya diperbaiki bug2 nya, terimakasih 🙏🙏","habis di update mengapa video reels nya malah ngelag2 ya? kadang tidak bisa keputer juga padahal sinyal lancar. Juga dibagian menambahkan lagu di cerita Instagram kadang foto yang diberi lagunya jadi blur, itu gerangan saran saya diperbaiki bug2 nya, terimakasih [EMO_TRUST] [EMO_TRUST]",6,2,2,Optimism
IG-000965,M. Rusydi Ilman Huda,"Sungguh mengecewakan saat fitur flipside telah dihapus, padahal itu fitur yang bagus agar dari setiap pengguna tetap menyematkan identitas khusus dari dirinya untuk orang-orang tertentu, juga agar kita tidak terlalu berlebihan dalam membuat akun clonning. Upload story ig kadang durasinya mesti terpotong dan kualitasnya menurun. Setiap layar ponsel mati mesti otomatis tereload halaman berandanya, terkadang hal itu menjadi kekecewaan dari kita yang belum selesai membaca ataupun menonton postingan.","Sungguh mengecewakan saat fitur flipside telah dihapus, padahal itu fitur yang bagus agar dari setiap pengguna tetap menyematkan identitas khusus dari dirinya untuk orang-orang tertentu, juga agar kita tidak terlalu berlebihan dalam membuat akun clonning. Upload cerita Instagram Instagram kadang durasinya mesti terpotong dan kualitasnya menurun. Setiap layar ponsel mati mesti otomatis tereload halaman berandanya, terkadang hal itu menjadi kekecewaan dari kita yang belum selesai membaca ataupun menonton unggahan konten",5,0,2,Trust
IG-000966,Triyono bontot (Triyono46_stark),Terus tingkatkan fitur dan efisiensi. Fitur repost reels ke instastory dengan background foto dah ada cmn isi konten/video tidak muncul padahal sudah di taruh pada layer atas sendiri,Terus tingkatkan fitur dan efisiensi. Fitur repost video reels ke instastory dengan background foto dah ada cmn isi konten/video tidak muncul padahal sudah di taruh pada layer atas sendiri,1,0,5,Joy
IG-000967,Kirana Aulia Putri,"Baru diupdate malah tambah error aja. Tampilan reels di beranda jadi terpotong, harus di klik dulu biar jadi full. Chattingan dm juga sukanya ngelag, pesan sering hilang padahal nggak dihapus. Mana sekarang reels juga bermasalah lagi. Kirim dm doang juga lama banget padahal nggak ada masalah jaringan, nggak bisa memperbarui beranda. Tolonglah diperbaiki.","Baru diupdate malah tambah kesalahan sistem aja. Tampilan video reels di beranda jadi terpotong, harus di klik dulu biar jadi full. Chattingan pesan langsung juga sukanya kinerja lambat atau macet pesan sering hilang padahal tidak dihapus. Mana sekarang video reels juga bermasalah lagi. Kirim pesan langsung doang juga lama banget padahal tidak ada masalah jaringan, tidak bisa memperbarui beranda. Tolonglah diperbaiki.",10,0,2,Sadness
IG-000968,pangeran bertopeng,"Bintang satu, karena fitur arsip akan dihilangkan, padahal fitur arsip sangat berguna bagi saya pribadi untuk menyimpan kenangan dari masa ke masa, tapi sayang bukanya di perbaiki malah di hapus.","Bintang satu, karena fitur arsip akan dihilangkan, padahal fitur arsip sangat berguna bagi saya pribadi untuk menyimpan kenangan dari masa ke masa, tapi sayang bukanya di perbaiki malah di hapus.",0,0,1,Sadness
IG-000969,Elena Amira,"Tolong bgt ini kenapa followers nya bisa ilang2 an yaa kek otomatis gtu ilang nyaa sehari bisa ilang 100 lebih followers, dari dulu sempet ga ilang tapi skrg dah mulai ilang, Tolong dong ini gimana.","Tolong banget ini kenapa pengikut nya bisa ilang2 an ya seperti otomatis gtu ilang nyaa sehari bisa ilang 100 lebih pengikut dari dulu sempet tidak ilang tapi sekarang dah mulai ilang, Tolong lah ini gimana.",10,0,2,Optimism
IG-000970,Agra Hizbullah,Saya tidak bisa login di instagram. Instagram aneh padahal saya sudah melakukan login dengan benar. Saat login selalu muncul tulisan kesalahan dalam login. Bagaimana ini instagram?,Saya tidak bisa login di instagram. Instagram aneh padahal saya sudah melakukan login dengan benar. Saat login selalu muncul tulisan kesalahan dalam login. Bagaimana ini instagram?,1,0,2,Anger
IG-000971,Andina Safitri,"Tiba-tiba ig saya eror tdk ada gambar dan loading, padahal wifi saya lancar-lancar saja. Tolong segera diperbaiki. Terimakasih",Tiba-tiba Instagram saya eror tidak ada gambar dan proses memuat padahal wifi saya lancar-lancar saja. Tolong segera diperbaiki. Terimakasih,3,0,3,Anticipation
IG-000972,Drian astina,"Tolong dong, saat upload story opsi lagu yang sudah saya simpan bisa di akses lebih mudah lagi saat mengupload story ig",Tolong lah saat upload cerita Instagram opsi lagu yang sudah saya simpan bisa di akses lebih mudah lagi saat mengupload cerita Instagram Instagram,5,0,5,Optimism
IG-000973,Wahyu Edy Gunawan,"Tolong perbaiki fitur menyematkan musik pada informasi bio akun, karena beberapa akun tidak mendapatkan fitur tersebut (termasuk akun milik saya)","Tolong perbaiki fitur menyematkan musik pada informasi bio akun, karena beberapa akun tidak mendapatkan fitur tersebut (termasuk akun milik saya)",0,0,1,Sadness
IG-000974,Queen Rara,"Sebel banget sekarang instagram jelek banget,bug nya itu lho banyak banget,pas mau ngedit deskripsi gk bisa,pas mau phosting eror,pas mau kolaborasi eror,semua gk bisa,sumpah jelek sekarang terlalu banyak bug,semakin di upgrade semakin banyak bug nya. Mohon segera di benarkan dong.","Sebel banget sekarang instagram jelek banget,bug nya itu lho banyak banget,pas mau ngedit deskripsi tidak bisa,pas mau phosting eror,pas mau kolaborasi eror,semua tidak bisa,sumpah jelek sekarang terlalu banyak bug,semakin di upgrade semakin banyak gangguan bug sistem nya. tolong segera di benarkan lah",5,0,2,Anger
IG-000975,Papan Jawa,Kepada developer kenapa fitur login dari Facebook tidak ada lagi saya kesusahan ketika login ingin memulihkan akun tapi kata sandi salah kenapa ??!,Kepada developer kenapa fitur login dari Facebook tidak ada lagi saya kesusahan ketika login ingin memulihkan akun tapi kata sandi salah kenapa !,0,0,2,Surprise
IG-000976,Sinchan Azha,"tolong dong aplikasi nya dibenerin, saya mau upload story ig tidak bisa dan malah stuck diangka 90%, tolong secepatnya untuk diperbaiki terimakasih","tolong lah aplikasi nya dibenerin, saya mau upload cerita Instagram Instagram tidak bisa dan malah stuck diangka 90%, tolong secepatnya untuk diperbaiki terimakasih",4,0,1,Optimism
IG-000977,Fox Sins,"Apansih sekarang sering mengalami masalah apload sering stuck di 90% padahal jaringan saya lancar banget, gak kayak biasanya cepat, tolong perbaiki🙏","Apansih sekarang sering mengalami masalah apload sering stuck di 90% padahal jaringan saya lancar banget, tidak seperti biasanya cepat, tolong perbaiki [EMO_TRUST]",2,1,5,Joy
IG-000978,Ayundaa,"kenapa notifikasi memposting foto dan cerita selalu telat????, saya jadi tidak gercep saat belahan dunia saya (idol kpop) me ngepost postingannya, mohon di perbaiki lagi","kenapa notifikasi memposting foto dan cerita selalu telat, saya jadi tidak gercep saat belahan dunia saya (idol kpop) me ngepost postingannya, tolong di perbaiki lagi",1,0,2,Surprise
IG-000979,putri anisa,"Tolong pihak instagram untuk dapat merespon email yang kami kirimkan tentang permasalahan yang di alami pada saat login, bukannya di abaikan... Etika kerja terhadap para pengguna mohon dijalan kan.. Apabila permasalahan saya yang dikirim ke email pihak instagram sudah dibalas maka ranting dan ulasan akan saya rubah, Terimakasih...","Tolong pihak instagram untuk dapat merespon email yang kami kirimkan tentang permasalahan yang di alami pada saat login, bukannya di abaikan. Etika kerja terhadap para pengguna tolong dijalan bukankah Apabila permasalahan saya yang dikirim ke email pihak instagram sudah dibalas maka ranting dan ulasan akan saya rubah, Terimakasih.",2,0,1,Sadness
IG-000980,AS. Firdaus,"Sangat tidak menyenangkan, tidak ada pelanggaran apapun akun saya yang kedua tiba-tiba ditangguhkan tanpa alasan. Tolong jelaskan !!! Perlakuan anda buruk sekali.","Sangat tidak menyenangkan, tidak ada pelanggaran apapun akun saya yang kedua tiba-tiba ditangguhkan tanpa alasan. Tolong jelaskan ! Perlakuan anda buruk sekali.",0,0,1,Anger
IG-000981,Salma Khairunnisa',"Baik buruknya tergantung pengguna, kalau mencari ilmu dan kebaikan atau manfaat tentunya banyak dan mudah, tapi juga dapat menjadi pintu besar untuk keburukan","Baik buruknya tergantung pengguna, kalau mencari ilmu dan kebaikan atau manfaat tentunya banyak dan mudah, tapi juga dapat menjadi pintu besar untuk keburukan",0,0,5,Anger
IG-000982,Arnita duwi Anggraini,Tolong dong developer buat instagram aplikasinya di buat bisa bedain mana yang gak follback dan mana yang follback biar ga harus bukain satu persatu,Tolong lah developer membuat instagram aplikasinya di membuat bisa bedain mana yang tidak follback dan mana yang follback biar tidak harus bukain satu persatu,6,0,5,Optimism
IG-000983,Wijayati,Kenapa saya login malah muncul tulisan 'terjadi kesalahan tidak terduga silahkan cobalagi' Tapi dicoba lagi ttp gabisa pdhl apk sudah saya update,Kenapa saya login malah muncul tulisan 'terjadi kesalahan tidak terduga silahkan cobalagi' Tapi dicoba lagi tetap gabisa pdhl apk sudah saya update,1,0,1,Anger
IG-000984,Dwi Sulistiawati,Gak ngerti klo bikin iklan suka susah buat di promosiin postingan. Mudahin dong utk utk buat iklan di ig jgn dibikin ribet & susah,tidak paham kalau membuat iklan suka susah membuat di promosiin unggahan konten Mudahin lah untuk untuk membuat iklan di Instagram jangan dibikin ribet & susah,12,0,3,Joy
IG-000985,Lailatul Masruroh,"Font baru yg di story mana yaa, baru juga update bbrpa hari lalu, kok udah balik ke setelan awal, padahal udah suka sama font nya udah bagus²😭😭","Font baru yang di cerita Instagram mana ya baru juga update bbrpa hari lalu, mengapa sudah balik ke setelan awal, padahal sudah suka sama font nya sudah bagus² [EMO_SADNESS] [EMO_SADNESS]",7,2,3,Joy
IG-000986,Ivan Vlog,"fitur ""izin menambah foto"" tidak bisa di hilangkan dari tampilan, sehingga jelek dilihat tampilan postingannya. Apk sekelas meta kok begini","fitur ""izin menambah foto"" tidak bisa di hilangkan dari tampilan, sehingga jelek dilihat tampilan postingannya. Apk sekelas meta mengapa begini",2,0,1,Sadness
IG-000987,F.Abiyyu Bahy,"tolong untuk pihak aplikasi ini akun saya ingin hilang saya akun saya sudah tertaut oleh fb tetapi tidak diterima/tombol opsi login fb tidak ada, mohon untuk kejelasannya kalau sudah tdk bekerja sama dgn fb mohon untuk bersikap profesional karna ini sangat merugikan bagi saya mohon untuk solusinya ig saya byubhy_ saya butuh 4thn untuk mengumpulkan followersaya dan sangat kecewa akun hilang secara instant","tolong untuk pihak aplikasi ini akun saya ingin hilang saya akun saya sudah tertaut oleh fb tetapi tidak diterima/tombol opsi login fb tidak ada, tolong untuk kejelasannya kalau sudah tidak bekerja sama dengan fb tolong untuk bersikap profesional karena ini sangat merugikan bagi saya tolong untuk solusinya Instagram saya byubhy_ saya butuh 4thn untuk mengumpulkan followersaya dan sangat kecewa akun hilang secara instant",7,0,1,Sadness
IG-000988,Pengguna Google,"Kesel tiap up video lama bgt pdhl jaringan full,paket ada,pake wifi juga sama mentok 90,ga keunggah² udh 20 menitan,sllu gitu. Apl ny udh paling update pdhl😭","Kesel tiap up video lama banget pdhl jaringan full,paket ada,pake wifi juga sama mentok 90,ga keunggah² sudah 20 menitan,sllu begitu Apl ny sudah paling update pdhl [EMO_SADNESS]",4,1,3,Trust
IG-000989,Sely Amelia,"Semuanya sudah bagus tetapi ketika disediakan sorotan loading untuk menambahkan sampulnya itu sangat lama, tolong segera dibenarkan","Semuanya sudah bagus tetapi ketika disediakan sorotan proses memuat untuk menambahkan sampulnya itu sangat lama, tolong segera dibenarkan",1,0,4,Trust
IG-000990,Viking Calm,"pencarian lagu buat story tidak sesuai dengan kata kunci nya, sering kali lagu yg diinginkan tidak tersedia di pencarian. trus hasil edit buat story juga kadang ga pas sama waktu edit, ada yg stickernya beda posisi, ada yg ga masuk ke frame. plis mohon diperbaiki bug² tersebut.","pencarian lagu membuat cerita Instagram tidak sesuai dengan kata kunci nya, sering kali lagu yang diinginkan tidak tersedia di pencarian. trus hasil edit membuat cerita Instagram juga kadang tidak saat sama waktu edit, ada yang stickernya beda posisi, ada yang tidak masuk ke frame. tolong tolong diperbaiki bug² tersebut.",12,0,1,Sadness
IG-000991,Orang Biasa,"Untuk Instagram, aku ada saran plis tolong buat fitur daftar mengikuti di Instagram bisa di privat walaupun orang udah follow Instagram kita, tapi tetap mereka ga akan bisa lihat daftar mengikuti kita di Instagram seperti fitur tik tok yaitu daftar mengikuti cuma kita yang bisa lihat dan orang lain ga akan bisa lihat walaupun mereka udah follow tik tok kita aku sangat berharap fitur ini bisa ada di Instagram 🥺🥹","Untuk Instagram, aku ada saran tolong tolong membuat fitur daftar mengikuti di Instagram bisa di privat walaupun orang sudah follow Instagram kita tapi tetap mereka tidak akan bisa lihat daftar mengikuti kita di Instagram seperti fitur tik tok yaitu daftar mengikuti cuma kita yang bisa lihat dan orang lain tidak akan bisa lihat walaupun mereka sudah follow tik tok kita aku sangat berharap fitur ini bisa ada di Instagram [EMO_SADNESS]",15,1,4,Anticipation
IG-000992,"RUDIYANSYAH .,SP",Instagram sekarang banyak aneh nah kok bisa bisa akun gue engga bisa di gunakan.. tolong lah pihak Instagram di perbaiki secepatnya. Bikin jadi darah tinggi aja..,Instagram sekarang banyak aneh nah mengapa bisa bisa akun saya tidak bisa di gunakan. tolong lah pihak Instagram di perbaiki secepatnya. membuat jadi darah tinggi aja.,7,0,1,Surprise
IG-000993,Vivo Keren,Dipermudah lagi ya untuk pemilihan akun instagram nya soalnya saya sudah tidak dapat akses lagi melalui whatsapp atau SMS dikarenakan nomor teleponya sudah tidak aktif lagi terimakasih 🙏🙏🙏,Dipermudah lagi ya untuk pemilihan akun instagram nya soalnya saya sudah tidak dapat akses lagi melalui whatsapp atau SMS dikarenakan nomor teleponya sudah tidak aktif lagi terimakasih [EMO_TRUST] [EMO_TRUST] [EMO_TRUST],0,3,5,Joy
IG-000994,Aulyazarra Nurmulya,Lama nunggu ke cerita untuk foto di instagram padahal wife udah jaringan nya bagus. ini aplikasiNya lemot cape gua . Nunggu berasa se jam aku gak suka sama aplikasi ini 🤬😡,Lama nunggu ke cerita untuk foto di instagram padahal wife sudah jaringan nya bagus. ini aplikasiNya kinerja sangat lambat cape saya . Nunggu berasa se jam aku tidak suka sama aplikasi ini [EMO_ANGER] [EMO_ANGER],4,2,1,Joy
IG-000995,Grktng,"Tolong pihak instagram perbaiki juga bagian arsipnya, masa iya dengan alasan teknis tapi tidak bisa diperbaiki dan malah akan dihapus arsip² yang sudah orang simpan, sayang sekali orang sudah menyimpan momennya masing-masing diarsip itu dari setiap tahun.","Tolong pihak instagram perbaiki juga bagian arsipnya, masa iya dengan alasan teknis tapi tidak bisa diperbaiki dan malah akan dihapus arsip² yang sudah orang simpan, sayang sekali orang sudah menyimpan momennya masing-masing diarsip itu dari setiap tahun.",1,0,1,Optimism
IG-000996,"Samuel P Harianja,SH","Saya sudah bertahun2 pake IG makin kesini makin gak jelas, vidio gak bisa full di upload jadi kepotong, dan gak bisa stanby suka mati sendiri klo liat vidio, lama2 saya unistal juga ini IG.","Saya sudah bertahun2 pakai Instagram makin kesini makin tidak jelas, vidio tidak bisa full di upload jadi kepotong, dan tidak bisa stanby suka mati sendiri kalau melihat vidio, lama2 saya unistal juga ini Instagram",10,0,1,Joy
IG-000997,Radit Taulandi,Halo developer ini bug atau gimana saya tidak bisa melakukan live streaming setelah update kemarin dan sampai sekarang saya tidak bisa melakukan atau mendapatkan fitur tersebut tolong developer gimana cara mengatasinya,Halo developer ini gangguan bug sistem atau gimana saya tidak bisa melakukan live streaming setelah update kemarin dan sampai sekarang saya tidak bisa melakukan atau mendapatkan fitur tersebut tolong developer gimana cara mengatasinya,3,0,1,Optimism
IG-000998,Nazw _a*24.,akun saya gabisa login!! awalnya kena suspend gajelas dab itupun semua akun saya dan saya gabisa bikin Instagram baru lalu saya daftar lewat web baru bisa tpi lemit puoll dan saya login pake hp mamah saya bisa tolong dong gimana inii udh di chat di gmail ga dibales!!,akun saya gabisa login! awalnya kena suspend gajelas dab itupun semua akun saya dan saya gabisa membuat Instagram baru lalu saya daftar lewat web baru bisa tetapi lemit puoll dan saya login pakai hp mamah saya bisa tolong lah gimana inii sudah di chat di gmail tidak dibales!,8,0,1,Optimism
IG-000999,Nabilal Basyeh,"Tolong admin bug nya perbaiki saya tidak bisa mengunggah story, ini sangat menggangu kenyamanan saya sebagai pengguna aplikasi, terimakasih.","Tolong admin gangguan bug sistem nya perbaiki saya tidak bisa mengunggah cerita Instagram ini sangat menggangu kenyamanan saya sebagai pengguna aplikasi, terimakasih.",3,0,1,Trust
IG-001000,Panisa Nisa,Ini Instagram lagi kena bug atau bagaimana ya? Kenapa dari tadi gak bisa buka komentar di setiap postingan? Padahal udah saya update tapi tetap tidak bisa,Ini Instagram lagi kena gangguan bug sistem atau bagaimana ya? Kenapa dari tadi tidak bisa buka komentar di setiap unggahan konten Padahal sudah saya update tapi tetap tidak bisa,6,0,2,Optimism
