record_id,username,original_text,date_time,rating,source,source_file,source_type,followers,likes,comments,shares,hashtags,char_count,text_length,word_count,token_count,avg_word_length,url_count,mention_count,hashtag_count,emoji_count,uppercase_count,uppercase_ratio,exclamation_count,question_count,digit_count,lexical_diversity,day,week,month,year,temporal_status,engagement_likes,engagement_comments,engagement_shares,engagement_views,engagement_status,indobert_sentiment,sentiment_confidence,prob_positive,prob_neutral,prob_negative,emotion,topic
IG-000001,Mila Daihatsu Murah,"TOLONG KEMBALIKAN AKUN SAYA.. Akun ig sya tiba"" di tutup oleh pihak ig nya, TIDAK BISA LOGIN, sya tidak membuat kesalahan, padahal sya sudah lama pakai aplikasi ini, dan ketika sya akan buat akun yg baru juga sma sekali tidak bisa? Aplikasi nya tidak bisa membantu sma sekali.. SANGAT SANGAT SANGAT SANGAT KECEWA KECEWA KECEWA.....",,1,google_play_reviews,data/Review Instagram.csv,consumer_app_review,,,,,,331,331,55,55,6.02,0,0,0,0,82,0.2477,0,1,0,0.7091,,,,,INSUFFICIENT_TEMPORAL_DATA,,,,,INSUFFICIENT_ENGAGEMENT_DATA,negative,0.9961,0.0027,0.0012,0.9961,sadness,1
IG-000002,Yepri Merbin,"ini Instagram kenapa ya???? setiap buat sorotan baru plus sama sampul nya, loading nya lama bangett itu knapa yaa!?? tolong pihak Instagram benerin bug nya saya sedikit kesal dan itu terus berulang-ulang kali padahal jaringan/data saya itu bagus engga ngelag tapi knp loading nya lama, TOLONG PIHAK INSTAGRAM SEGERA BETULIN BUG NYA!!!!!!!!",,1,google_play_reviews,data/Review Instagram.csv,consumer_app_review,,,,,,339,339,52,52,6.52,0,0,0,0,41,0.1209,9,6,0,0.7885,,,,,INSUFFICIENT_TEMPORAL_DATA,,,,,INSUFFICIENT_ENGAGEMENT_DATA,negative,0.9936,0.0027,0.0036,0.9936,anger,0
IG-000003,Zahiya Wardatunnisa,"salah satu aplikasi media sosial favorit aku ni🤩, buat keseluruhan aplikasinya sudah baik, tapi, terkadang sering ada bug, seperti susah buat melihat stories, atau lagu yang dipost sama seseorang gak muncul diatas. . . saya harap segera diperbaiki, thanks",,5,google_play_reviews,data/Review Instagram.csv,consumer_app_review,,,,,,255,255,39,39,6.54,0,0,0,1,0,0.0,0,0,0,0.9487,,,,,INSUFFICIENT_TEMPORAL_DATA,,,,,INSUFFICIENT_ENGAGEMENT_DATA,neutral,0.5207,0.1046,0.5207,0.3747,neutral,1
IG-000004,Aditya Fadlani,"banyak update banyak juga bug, saya udah follow teman saya tapi tiba-tiba le unfollow dengan sendirinya dan itu terjadi berulang ulang, padahal koneksi ke data seluler/wifi bagus ga ada gangguan, dan juga sekarang malah sering lag dan setiap buka story ig orang lain malah ga kebuka......",,1,google_play_reviews,data/Review Instagram.csv,consumer_app_review,,,,,,288,288,46,46,6.26,0,0,0,0,0,0.0,0,0,0,0.8478,,,,,INSUFFICIENT_TEMPORAL_DATA,,,,,INSUFFICIENT_ENGAGEMENT_DATA,negative,0.986,0.0116,0.0024,0.986,joy,0
IG-000005,Aylsa,"Halo, Instagram! Aku mau sampaikan keinginanku dong buat aplikasi Instagram. Boleh ga kalau musik di cerita di perpanjang? soalnya kalau 15 detik aja itu menurutku kurang cukup. Apalagi kalau lirik²nya bagus. Nanggung ga si? Jadi aku pengen Instagram manjangin durasi musik di cerita, Thank You Instagram udah nyempetin baca ini!",,4,google_play_reviews,data/Review Instagram.csv,consumer_app_review,,,,,,329,329,50,50,6.58,0,0,0,0,12,0.0365,2,2,2,0.84,,,,,INSUFFICIENT_TEMPORAL_DATA,,,,,INSUFFICIENT_ENGAGEMENT_DATA,positive,0.5514,0.5514,0.3864,0.0622,joy,0
IG-000006,Yusuf,"Makin sini makin banyak bug aplikasi ini, Mau liat Story loadingnya lama banget padahal sinyal bagus, buka beranda blank putih semua, terkadang buka reel gak maju videonya padahal pas saya scroll ke bawah video kedua jalan lancar tpi discroll ke atas lgi masih tetep gak jalan video yang pertama, tolong diperbaiki wahai pihak Instagram",,2,google_play_reviews,data/Review Instagram.csv,consumer_app_review,,,,,,336,336,54,54,6.22,0,0,0,0,4,0.0119,0,0,0,0.8704,,,,,INSUFFICIENT_TEMPORAL_DATA,,,,,INSUFFICIENT_ENGAGEMENT_DATA,negative,0.9951,0.0019,0.003,0.9951,anger,0
IG-000007,Soto ayam,"Woi tolong lah ya, pakai akun lama malah gak bisa musik yang di profile itu, akun baru ada, mau pake akun lama tapi tombol musik di profile nya gak ada awalnya ada lalu tiba tiba hilang, jadi mau hapus lagunya pun gak bisa. Tolong diperbaiki. Terimakasih.",,1,google_play_reviews,data/Review Instagram.csv,consumer_app_review,,,,,,255,255,46,46,5.54,0,0,0,0,3,0.0118,0,0,0,0.7391,,,,,INSUFFICIENT_TEMPORAL_DATA,,,,,INSUFFICIENT_ENGAGEMENT_DATA,negative,0.985,0.0017,0.0133,0.985,surprise,0
IG-000008,maudy 075,"sekarang ko aneh bangett, mau upload story muter²terus, padahal jaringan bagus, dan yg lebih parahnya, foto yg baru saya ambil langsung dari instagram dan saya masukin draft,tidak bisa disimpan! gimana ini aplikasi nyaa!!",,2,google_play_reviews,data/Review Instagram.csv,consumer_app_review,,,,,,221,221,33,33,6.7,0,0,0,0,0,0.0,3,0,0,0.9091,,,,,INSUFFICIENT_TEMPORAL_DATA,,,,,INSUFFICIENT_ENGAGEMENT_DATA,negative,0.9925,0.0014,0.0062,0.9925,surprise,1
IG-000009,isthatrubio _,"Banyak bug! Buka DM, tampilan bar atas full putih. Info batre, sinyal, notif ga ada, full putih. Tiap buka profil, tombol Threads, Buat dan Pengaturan dan Aktivitas hilang, harus buka tab lain lalu balik lagi ke tab Profil supaya muncul tombolnya. Perbaiki lagi, saya pengguna Android 8.0 Oreo.",,1,google_play_reviews,data/Review Instagram.csv,consumer_app_review,,,,,,294,294,48,48,6.12,0,0,0,0,14,0.0476,1,0,2,0.875,,,,,INSUFFICIENT_TEMPORAL_DATA,,,,,INSUFFICIENT_ENGAGEMENT_DATA,negative,0.9371,0.0033,0.0596,0.9371,anger,0
IG-000010,rilatriani,"Mohon ya untuk instagram agar lebih di upgrade lagi mengenai pemilihan foto, misal kalo mau buat foto grid kan nanti pilih foto ya, kalo bisa jangan ngulang dari awal lagi pas pemilihan foto kedua, jadi susah lagi nyari fotonya, harus di scroll bawah lagi, lebih bagus yang dulu, pemilihan foto kedua enggak perlu geser² tinggal lanjutin dari posisi foto pertama tdi.",,2,google_play_reviews,data/Review Instagram.csv,consumer_app_review,,,,,,367,367,61,61,6.02,0,0,0,0,1,0.0027,0,0,0,0.8033,,,,,INSUFFICIENT_TEMPORAL_DATA,,,,,INSUFFICIENT_ENGAGEMENT_DATA,neutral,0.3987,0.3779,0.3987,0.2234,joy,0
IG-000011,Khansa Ghaida Ramadhani,"Mohon banyak sekali yang harus diperbaiki, kenapa arsipan story yang ada lagunya kita banyak yang menjadi burem, tidak menyamankan untuk dimasukkan ke highlight, dan juga beberapa foto di arsipan kita malah tidak bisa dibuka sama sekali, padahal dulu tidak ada kendala kendala seperti itu, menurut saya ini sangat merugikan banyak orang jadi tolong secepatnya perbaiki. Dimana mana fitur sosmed itu berkembang bukan malah makin banyak masalah teknisnya.",,2,google_play_reviews,data/Review Instagram.csv,consumer_app_review,,,,,,453,453,67,67,6.76,0,0,0,0,2,0.0044,0,0,0,0.8209,,,,,INSUFFICIENT_TEMPORAL_DATA,,,,,INSUFFICIENT_ENGAGEMENT_DATA,negative,0.9928,0.0053,0.0019,0.9928,surprise,1
IG-000012,Salwa Salsabila,"Tolong perbaiki lagi kualitas foto or vid yg kita up ke story terutama pas udah di tambahin musik, pas ke up jadi burik banget sumpah, abis itu klo yang awalnya bagus ntar pas lama2 baru di cek udah burem banget, nge up tinggi2 kuota kemakan eh kualitasnya jelek",,1,google_play_reviews,data/Review Instagram.csv,consumer_app_review,,,,,,262,262,48,48,5.46,0,0,0,0,1,0.0038,0,0,2,0.8542,,,,,INSUFFICIENT_TEMPORAL_DATA,,,,,INSUFFICIENT_ENGAGEMENT_DATA,negative,0.996,0.0027,0.0013,0.996,anger,0
IG-000013,Selly Marsya Aprilia,"sebenarnya fitur instagram yang sudah developer rancang alias kembangkan kembali ini sudah bagus & sanggat membantu kami sebagai user ( pengguna ). tetapi sebagian masalah muncul mulai dari reload reels, dm, dan stories yang tidak bisa di unggah seperti foto tersebut tidak muncul. sebagai pengguna aktif instagram saya mengakui bahwa pencanggihan memadai ini sangat baik, namun perlu diperbaiki lagi dalam perihal kendala. karena tidak sedikit mereka yang mengeluhkan hal ini, itu saja dari saya.",,5,google_play_reviews,data/Review Instagram.csv,consumer_app_review,,,,,,497,497,74,74,6.72,0,0,0,0,0,0.0,0,0,0,0.8649,,,,,INSUFFICIENT_TEMPORAL_DATA,,,,,INSUFFICIENT_ENGAGEMENT_DATA,negative,0.7054,0.2558,0.0389,0.7054,joy,1
IG-000014,Gedebil bangettt,"Sebenarnya aplikasinya bagus tapi sekarang banyak bug yang ganggu. contohnya bug fitur musik yang ada di profil Instagram ,di pengaturan saat edit profil fitur musik nya gak ada (hilang padahal dulu ada dan udah kepake)aneh nya di profil aku gaada musiknya sementara akun lain bisa lihat fitur musik nya di profil aku.tapi aku sendiri gabisa lihat.udah aku laporkan bug nya ke Instagram 4-5 kali belum di benerin.KECEWA BANGET SIH......",,3,google_play_reviews,data/Review Instagram.csv,consumer_app_review,,,,,,436,436,69,69,6.32,0,0,0,0,18,0.0413,0,0,2,0.6957,,,,,INSUFFICIENT_TEMPORAL_DATA,,,,,INSUFFICIENT_ENGAGEMENT_DATA,negative,0.997,0.0019,0.001,0.997,joy,0
IG-000015,Budi Prasetyo,"Lebih canggih boleh, tapi easy to use lah... Jangan cuman canggih doang tapi tidak mudah untuk dioperasikan. Kalo mau jumping, buat pengenalan fitur saat pertama kali di update. Kalo masih ada yang komplain pakai checklist aja dengan klik lanjutan berarti pengguna sudah mengetahui cara menggunakan fitur terbaru, dan lebih plusnya untuk beberapa user yang tidak ramah dengan pembaharuan dikasih pilihan mau pakai ui yg baru atau lama. Bisalah developer...",,1,google_play_reviews,data/Review Instagram.csv,consumer_app_review,,,,,,456,456,69,69,6.61,0,0,0,0,5,0.011,0,0,0,0.8406,,,,,INSUFFICIENT_TEMPORAL_DATA,,,,,INSUFFICIENT_ENGAGEMENT_DATA,negative,0.6505,0.2465,0.103,0.6505,anger,1
IG-000016,c0likiawan,"Aplikasi yang sangat recommended terutama fiturnya yang sangat canggih dan bisa merasakan bagaimana rasanya bermain masak²an, gobag, emprak, jemblong. Apalagi kalau tambahin fitur ""setiap like postingan/reels/story"" dapet kiss dari pengguna yang kita like, mantappp.",,5,google_play_reviews,data/Review Instagram.csv,consumer_app_review,,,,,,266,266,34,34,7.82,0,0,0,0,2,0.0075,0,0,0,0.9118,,,,,INSUFFICIENT_TEMPORAL_DATA,,,,,INSUFFICIENT_ENGAGEMENT_DATA,positive,0.998,0.998,0.0014,0.0006,joy,1
IG-000017,Herlina Sibarani,"Instagram setelah di update malah sering ngelag, foto dan video reels atau sekedar melihat story juga lambat sekali, ketika dilihat tidak ada masalah dengan jaringan data seluler,semoga setelah di update Instagram kembali seperti kemarin"".",,1,google_play_reviews,data/Review Instagram.csv,consumer_app_review,,,,,,239,239,34,34,7.03,0,0,0,0,2,0.0084,0,0,0,0.8824,,,,,INSUFFICIENT_TEMPORAL_DATA,,,,,INSUFFICIENT_ENGAGEMENT_DATA,negative,0.8862,0.104,0.0098,0.8862,anger,0
IG-000018,Ocha Bta,"For Mimin Instagram🤍🖤:kadang kalau bikin reel Instagram pakek musik,itu lagu sama video saya gak pas😓,jadi vidio saya nya kecepatan,dan lagu nya kadang juga lembet/telat, sama vidio saya nya,tolong dong min apa hp saya nya yang kentang🙏🏻, terimakasih",,3,google_play_reviews,data/Review Instagram.csv,consumer_app_review,,,,,,250,250,37,37,6.76,0,0,0,5,4,0.016,0,0,0,0.7838,,,,,INSUFFICIENT_TEMPORAL_DATA,,,,,INSUFFICIENT_ENGAGEMENT_DATA,neutral,0.5181,0.0264,0.5181,0.4555,neutral,1
IG-000019,Tengku Hastriad,"Akun saya hilang. Tidak tau apa penyebabnga. Sudah coba dipulihkan tapi tidak ada gunanya. Ketika membuat akun baru, tiba tiba diberi peringatan. Setelah mengajukan banding dan meminta mengambil video diri sendiri, katanya ada masalah jaringan padahal jaringan sedang bagus. Ruang penyimpanan juga masih luas. Sebenarnya Instagram maunya apa?",,2,google_play_reviews,data/Review Instagram.csv,consumer_app_review,,,,,,342,342,48,48,7.12,0,0,0,0,8,0.0234,0,1,0,0.8958,,,,,INSUFFICIENT_TEMPORAL_DATA,,,,,INSUFFICIENT_ENGAGEMENT_DATA,negative,0.996,0.0014,0.0026,0.996,surprise,1
IG-000020,Cemon Miban,"makin hari, fiturnya makin ga jelas. banyak yang gak bisa digunain, ada juga yang Fiturnya kadang muncul kadang nggak. akhir akhir ini juga di suruh update trs, setelah update gak ada hal hal yang baru tuh. pas mau buka reels juga, reels pertama selalu macet ga bisa di buka. mulai reels kedua baru bisa. makin aneh aja",,3,google_play_reviews,data/Review Instagram.csv,consumer_app_review,,,,,,319,319,57,57,5.6,0,0,0,0,1,0.0031,0,0,0,0.6842,,,,,INSUFFICIENT_TEMPORAL_DATA,,,,,INSUFFICIENT_ENGAGEMENT_DATA,negative,0.9955,0.0032,0.0013,0.9955,surprise,0
IG-000021,Ezell Hermanus,"Bagus sih iya, updatenya yang tidak. Kenapa setiap update, setiap video atau foto yang udh disimpan di arsip tiba"" bisa hilang? Saya mau story saya sehabis saya story, bisa langsung disimpan di arsip, agar memori di hp saya tidak penuh, jdi video ato foto yg udh saya story bisa saya lihat di arsip.",,5,google_play_reviews,data/Review Instagram.csv,consumer_app_review,,,,,,299,299,53,53,5.64,0,0,0,0,3,0.01,0,1,0,0.6792,,,,,INSUFFICIENT_TEMPORAL_DATA,,,,,INSUFFICIENT_ENGAGEMENT_DATA,negative,0.3884,0.2782,0.3334,0.3884,surprise,1
IG-000022,Netto shippuden,"Untuk fitur dah bagus tapi Buat edit video pasti slalu bug sound nya bunyi terus walau sudah di pause/dicancel tapi masih bunyi terus jadi kayak suara background gak bisa hilang hilang , harus diclose dulu baru buka aplikasi lagi",,2,google_play_reviews,data/Review Instagram.csv,consumer_app_review,,,,,,229,229,39,39,5.87,0,0,0,0,2,0.0087,0,0,0,0.8974,,,,,INSUFFICIENT_TEMPORAL_DATA,,,,,INSUFFICIENT_ENGAGEMENT_DATA,negative,0.7979,0.1092,0.0929,0.7979,sadness,0
IG-000023,Sipa Aulia,"kenapa ya dari kemarin siang, ig kalau di buka layarnya selalu hitam, dan sekalinya bisa jga lama banget nunggu nya, mana tiap ngebuka selalu ada bacaan ig tidak menanggapi, ngebug parah jga, pdhl jaringan dan memo sya tidak ada masalah apa2, dan saya pikir juga, kalau di update bakalan membaik, ternyata malah makin ngebug parah, tolong ya untuk pihak ig, perbaiki kembali ig nya seperti awal² 🙏🏻🙏🏻",,3,google_play_reviews,data/Review Instagram.csv,consumer_app_review,,,,,,400,400,67,67,5.97,0,0,0,4,0,0.0,0,0,1,0.8358,,,,,INSUFFICIENT_TEMPORAL_DATA,,,,,INSUFFICIENT_ENGAGEMENT_DATA,negative,0.9386,0.0266,0.0347,0.9386,anger,0
IG-000024,Yesya Dian nur cahyati,"Instagram reels saya gabisa digunakan beberapa hari ini, padahal koneksi saya bagus, dan sudah di update, sudah saya gunakan segala cara tapi reels nya masih belum bisa digunakan,, untuk sementara saya beri bintang 2,tolong instagram respon keluhan saya mengenai bug ini 🙏ini menganggu",,2,google_play_reviews,data/Review Instagram.csv,consumer_app_review,,,,,,285,285,43,43,6.63,0,0,0,1,1,0.0035,0,0,1,0.8372,,,,,INSUFFICIENT_TEMPORAL_DATA,,,,,INSUFFICIENT_ENGAGEMENT_DATA,negative,0.9757,0.0023,0.0221,0.9757,anger,1
IG-000025,Muhammad yasashi Kanemochi,"Subject: Saran Fitur: Tambahkan Musik ke Postingan Foto di Feed Pesan: Halo Tim Instagram, Saya ingin mengusulkan fitur baru yang memungkinkan pengguna menambahkan musik ke postingan foto di feed. Fitur musik di Stories dan Reels sangat menarik dan membantu kami mengekspresikan diri dengan lebih kreatif. Namun, saat ini, pengguna tidak dapat menambahkan musik ke foto yang diposting di feed. Dengan adanya fitur ini, kami bisa membagikan momen-momen spesial dalam bentuk foto sambil diiringi mu",,5,google_play_reviews,data/Review Instagram.csv,consumer_app_review,,,,,,496,496,74,74,6.7,0,0,0,0,18,0.0363,0,0,0,0.7027,,,,,INSUFFICIENT_TEMPORAL_DATA,,,,,INSUFFICIENT_ENGAGEMENT_DATA,positive,0.7083,0.7083,0.2808,0.0109,joy,1
IG-000026,Estevaniya emmanuela,"Fitur keamanan jelek, masa setiap mau minta bantuan ngebug ngebug terus. Mau rekam video wajah langsung ngebug tekembali lalu minta bantuan teman malah tidak ada notifikasi nya masuk",,1,google_play_reviews,data/Review Instagram.csv,consumer_app_review,,,,,,182,182,28,28,6.5,0,0,0,0,2,0.011,0,0,0,0.8214,,,,,INSUFFICIENT_TEMPORAL_DATA,,,,,INSUFFICIENT_ENGAGEMENT_DATA,negative,0.9969,0.0006,0.0025,0.9969,surprise,0
IG-000027,Mikasa Ackarman,"Kenapa pas memulihkan akun menggunakan poto/vidio diri sendiri. sesudah memasukan kode Verifikasi email, dan menuju langkah selanjutnya layar hp saya putih semua dan gak ada tulisan apapun, udah ku tunggu 1 jam gak berubah rubah. Di perbaiki doang aplikasi ig nya buruk banget padahal sinyal pull gak ada hujan gak ada angin sampah bet lama kelamaan ig ini.",,1,google_play_reviews,data/Review Instagram.csv,consumer_app_review,,,,,,357,357,58,58,6.16,0,0,0,0,3,0.0084,0,0,1,0.8793,,,,,INSUFFICIENT_TEMPORAL_DATA,,,,,INSUFFICIENT_ENGAGEMENT_DATA,negative,0.9959,0.002,0.0021,0.9959,anger,0
IG-000028,liasyarasputrii,"Tolong dong instagram, ini Dari bulan kemarin error terus gabisa buka story, buka reels, tulisan nya "" tidak bisa memuat beranda "" Akhir akhir kemarin udah bisa, Sekarang gabisa lagi, Padahal saya pake wifi dan wifi nya stabil, bisa buka aplikasi lain dan aman aman aja, Mohon segera diperbaiki karna instagram sangat penting bagi saya. Terimakasih banyak. 🙏🏻",,1,google_play_reviews,data/Review Instagram.csv,consumer_app_review,,,,,,359,359,58,58,6.19,0,0,0,2,7,0.0195,0,0,0,0.8103,,,,,INSUFFICIENT_TEMPORAL_DATA,,,,,INSUFFICIENT_ENGAGEMENT_DATA,negative,0.5996,0.2109,0.1895,0.5996,anger,0
IG-000029,Rahadyan Prabowo,"Saya mengalami lag yang parah baru2 ini. Story selalu nge lag, tidak bisa refresh story baru, ketika mau back keluar malah nge freeze, dan aplikasi error. Tolong dibantu dan diperbaiki",,1,google_play_reviews,data/Review Instagram.csv,consumer_app_review,,,,,,184,184,30,30,6.13,0,0,0,0,3,0.0163,0,0,1,0.9,,,,,INSUFFICIENT_TEMPORAL_DATA,,,,,INSUFFICIENT_ENGAGEMENT_DATA,negative,0.9891,0.0014,0.0094,0.9891,anger,1
IG-000030,Teresia Teravila Puspa Kirani,"salah satu aplikasi fav akuu, dari dulu sukanya pake ini dulu itu kaya ga ada kekurangan nya sama sekali, tapi kok sekarang malah kaya ada bug banyak gitu ya, salah satunya nih, kalo kita buat story ig, terus mau kita buat ke sorotan ko ga ada fotonyaa, terus pas hari besoknya ilang terus ada tulisan ""cerita tidak tersedia"" tolong dong buat di upgrade lagi ig nya, padahal itu udah bagus udah aesthetik gitu buat di masukin ke sorotan tapi malah ilangg TOLONG YA!",,4,google_play_reviews,data/Review Instagram.csv,consumer_app_review,,,,,,465,465,83,83,5.6,0,0,0,0,8,0.0172,1,0,0,0.7349,,,,,INSUFFICIENT_TEMPORAL_DATA,,,,,INSUFFICIENT_ENGAGEMENT_DATA,negative,0.9616,0.0253,0.0131,0.9616,surprise,0
IG-000031,Leony Illena Geusty,"Tolong buat pihak instagram, keluhan pengguna di tanggapin. Jangan cuma di anggurin. 😡 Instagram saya udh hampir seminggu error ngak bisa tampil gambar / reals..hanya loading2 saja. Padahal di saat yg sama saya masih bisa streaming netflix dll, masih bisa video call, dan kuota jg banyak. Tolong di perbaiki dong.",,1,google_play_reviews,data/Review Instagram.csv,consumer_app_review,,,,,,313,313,50,50,6.26,0,0,0,1,5,0.016,0,0,1,0.84,,,,,INSUFFICIENT_TEMPORAL_DATA,,,,,INSUFFICIENT_ENGAGEMENT_DATA,negative,0.9489,0.0044,0.0467,0.9489,anger,1
IG-000032,Manik Metaokta,Bagus sih tapi tolong kembalikan fitur IG yang kayak dulu mau nyimpan video harus nyari yang mbuat nyimpen dulu dan itu sangat merepotkan sekali iklan nya sih tidak terlalu banyak filter nya juga bagus tapi yang buat nyimpen video itu lohh bikin bingung 😕 Tolong ya yang buat IG itu sangat merepotkan sekali bagi saya.,,5,google_play_reviews,data/Review Instagram.csv,consumer_app_review,,,,,,318,318,55,55,5.78,0,0,0,1,6,0.0189,0,0,0,0.6727,,,,,INSUFFICIENT_TEMPORAL_DATA,,,,,INSUFFICIENT_ENGAGEMENT_DATA,negative,0.9883,0.0049,0.0068,0.9883,joy,0
IG-000033,Suci Ramadiana,Aplikasi jelek banget! Kebangetan eror dan bug tidak di tangani cepat tolong jangan nyusahin pengguna sampai berhari hari! Masa Instagram selalu bermasalah sedangkan aplikasi lain baik baik saja! Story tidak bisa di buka dan semua serba loading padahal sinyal bagus dan untuk penggunaan pada aplikasi lain aman saja tidak lag atau bermasalah pada sinyal! Jadi yg bermasalah ya Instagram ini.,,1,google_play_reviews,data/Review Instagram.csv,consumer_app_review,,,,,,391,391,60,60,6.52,0,0,0,0,7,0.0179,4,0,0,0.7833,,,,,INSUFFICIENT_TEMPORAL_DATA,,,,,INSUFFICIENT_ENGAGEMENT_DATA,negative,0.9901,0.0086,0.0012,0.9901,anger,1
IG-000034,Rama Juliansyah,"plis lah ini instagram gua udah dua bulan kebih!!!! gabisa buka setelah ganti ke pribadi, terus malah disuruh verifikasi ke nomor yang entah punya siapa, login dengan cara apapun langsung stuck dan out instagram, langsung instagram telah berhenti!!!",,1,google_play_reviews,data/Review Instagram.csv,consumer_app_review,,,,,,249,249,38,38,6.55,0,0,0,0,0,0.0,7,0,0,0.9211,,,,,INSUFFICIENT_TEMPORAL_DATA,,,,,INSUFFICIENT_ENGAGEMENT_DATA,negative,0.9929,0.002,0.0051,0.9929,anger,0
IG-000035,wawa hikaru,"Halo sist, bisa tolong diperbaiki fitur instastory nya, saya ingin merepost pict feed ke story dan memakai background digaleri, namun kenapa ketika pict feed ingin diatas lalu background tidak bisa digeser, mohon diperbaiki, thank's🙏",,1,google_play_reviews,data/Review Instagram.csv,consumer_app_review,,,,,,233,233,34,34,6.85,0,0,0,1,1,0.0043,0,0,0,0.8529,,,,,INSUFFICIENT_TEMPORAL_DATA,,,,,INSUFFICIENT_ENGAGEMENT_DATA,neutral,0.933,0.0116,0.933,0.0554,surprise,1
IG-000036,Yulinda Ekawati,"Setelah diupdate malah ada mode hilang yg merugikan banget karena ditaruhnya di swipe up halaman DM, remove aja fiturnya...ga sengaja ke swipe up karena ditaruhnya di halaman dm jadi hilang semua chat2 penting..lebih baik ditaruh di pengaturan saja jangan dihalaman DM. TOLONG!",,2,google_play_reviews,data/Review Instagram.csv,consumer_app_review,,,,,,277,277,42,42,6.6,0,0,0,0,11,0.0397,1,0,1,0.8095,,,,,INSUFFICIENT_TEMPORAL_DATA,,,,,INSUFFICIENT_ENGAGEMENT_DATA,negative,0.9888,0.0024,0.0088,0.9888,sadness,0
IG-000037,Siska ardila,"Makin lama makin hancur. Arsip story hilang, ga bisa di play, tiap bikin story ga bisa masuk ke arsip otomatis kayak dulu, tiap di arsip story nya malah hilang. Kerja dua kali. Hadehhh apaan",,1,google_play_reviews,data/Review Instagram.csv,consumer_app_review,,,,,,190,190,34,34,5.59,0,0,0,0,4,0.0211,0,0,0,0.7353,,,,,INSUFFICIENT_TEMPORAL_DATA,,,,,INSUFFICIENT_ENGAGEMENT_DATA,negative,0.998,0.0008,0.0013,0.998,anger,0
IG-000038,Yusra (Cepotzz),"Saya kesal dengan hilangnya fitur/tampilan musik di profil, setelah saya cek dengan akun saya yang kedua, musik diprofil diakun utama ada, tetapi waktu login ke akun utama tidak ada fitur/tampilan musik diprofil, Entah ini Bug atau akun saya yang bermasalah. Tolong untuk Pihak Instagram Segera Secepatnya Perbaiki Bug ini, saya ingin mengganti musik Note : Tiap cek playstore Update/Apdate tapi tidak ada Fitur/Tampilan yang baru, buang-buang Kouta aja!!👊",,2,google_play_reviews,data/Review Instagram.csv,consumer_app_review,,,,,,456,456,68,68,6.71,0,0,0,1,17,0.0373,2,0,0,0.7206,,,,,INSUFFICIENT_TEMPORAL_DATA,,,,,INSUFFICIENT_ENGAGEMENT_DATA,negative,0.9855,0.004,0.0105,0.9855,anger,1
IG-000039,Ever Victorius,"tolong, saya mohon tetapkan kualitas foto atau video yang kita post, kalau post foto pasti selalu dikompres, usahakan tetap kualitas nya agar HD, dan jika sudah masuk highlight kenapa kualitasnya sangat menurun drastis? itu bahkan tidak terlihat ""jelas"" lagi. so far problem-nya cuma itu, sekali lagi untuk kualitas foto ataupun video jangan dikompres saat kita post! tidak peduli berapapun lama uploadnya tapi setidaknya itu HD tidak burik, aplikasi seterkenal ini mengatasi masalah kecil aja gabisa",,1,google_play_reviews,data/Review Instagram.csv,consumer_app_review,,,,,,500,500,75,75,6.67,0,0,0,0,4,0.008,1,1,0,0.88,,,,,INSUFFICIENT_TEMPORAL_DATA,,,,,INSUFFICIENT_ENGAGEMENT_DATA,negative,0.5836,0.3998,0.0167,0.5836,surprise,1
IG-000040,Raraawaw,"Overall app best sih, mulai dari reels, acc, pesan, beranda, filter, semua nya best job. Oh ya ada beberapa yg aku pengenin/saranin dalam app ini, yaitu arsip chat atau kunci chat kayak app sebelah, jadi lebih priv gtu, lebih aman. Selebihnya oke, mungkin dari beberapa bug , kayak lihat stories ga bisa, ya mungkin hp lo yg lemot jdinya nge bug gajelas, bersihin dulu noh cache lo. And at least best job dev semoga lebih di kedepankan lagii ❤️💌",,5,google_play_reviews,data/Review Instagram.csv,consumer_app_review,,,,,,445,445,79,79,5.63,0,0,0,2,4,0.009,0,0,0,0.8228,,,,,INSUFFICIENT_TEMPORAL_DATA,,,,,INSUFFICIENT_ENGAGEMENT_DATA,positive,0.8947,0.8947,0.0562,0.0492,joy,0
IG-000041,Evanur Nurlaila,"fitur musik di profil ilang, padahal kalo di akun lain masi ada, fitur teks font nya gaada yang berubah, pokoknya banyak banget minesnya, padahal selalu upgrade tapi fiturnya ga pernah baru selalu itu' aja kalo pun ada yang baru tapi nanti selang beberapa hari/minggu pasti ilang anehh!! di upgrade bukannya makin bagus aan meningkatkan malah makin menurun!!",,1,google_play_reviews,data/Review Instagram.csv,consumer_app_review,,,,,,358,358,57,57,6.28,0,0,0,0,0,0.0,4,0,0,0.807,,,,,INSUFFICIENT_TEMPORAL_DATA,,,,,INSUFFICIENT_ENGAGEMENT_DATA,negative,0.9886,0.0098,0.0016,0.9886,joy,0
IG-000042,Intana Candra Luvita,"Kenapa ya, akhir-akhir ini tuh kalau mau liat stories suka lag sendiri layarnya jadi item kadang malah muncul tulisan ""cerita ini tidak tersedia"". Padahal jaringan lancar-lancar aja kok. Buat nonton reals juga bisa. Awalnya kukira emang sinyal yang jelek, tapi sampai sekarang sering banget bug nya. Dan tolong jangan hapus fitur archive story, itu fitur penting banget bisa buat nyimpen kenangan.",,2,google_play_reviews,data/Review Instagram.csv,consumer_app_review,,,,,,397,397,61,61,6.51,0,0,0,0,5,0.0126,0,0,0,0.9344,,,,,INSUFFICIENT_TEMPORAL_DATA,,,,,INSUFFICIENT_ENGAGEMENT_DATA,negative,0.9534,0.0411,0.0055,0.9534,surprise,0
IG-000043,Kitsuoka Reishi,"Untuk develpoer instagram,tolong fitur untuk menambahkan lagu di story pakai lagu yang telah disimpan jangan dihapus karena fitur nya sangat memudahkan pengguna,kemarin sempat muncul fitur itu sekarang dah dihilangkan lagi.developer tolong diberi fitur ini lagi",,3,google_play_reviews,data/Review Instagram.csv,consumer_app_review,,,,,,261,261,35,35,7.46,0,0,0,0,1,0.0038,0,0,0,0.8571,,,,,INSUFFICIENT_TEMPORAL_DATA,,,,,INSUFFICIENT_ENGAGEMENT_DATA,neutral,0.6811,0.0389,0.6811,0.28,neutral,1
IG-000044,Haryani Puji,Kenapa ig makin kesini fiturnya makin jelek si. Mending update kualitas kalo bikin sg dikasih lagu tetep hd bukannya malah nurunin kualitas gambar. Dan jangan sampe fitur barunya beneran bakal hapus archive karena itu berharga bgt buat nyimpen kenangan dll.,,4,google_play_reviews,data/Review Instagram.csv,consumer_app_review,,,,,,257,257,40,40,6.42,0,0,0,0,3,0.0117,0,0,0,0.95,,,,,INSUFFICIENT_TEMPORAL_DATA,,,,,INSUFFICIENT_ENGAGEMENT_DATA,negative,0.9882,0.009,0.0028,0.9882,anger,0
IG-000045,OLLIVANDER S,"Kalau upload foto atau vidio di ig story kualitasnya diturunin banget ya... apalagi kalau misal foto/vidionya ditaruh di highlight. Sebulan atau setahun kemudian kalau dibuka lagi udh pecah semua gambar nya. Selain itu juga instagram sering menghapus banyak foto maupun vidio yang saya simpan di highlight, ntah alasan nya apa.. gada perbaikan bahkan makin parah dari tahun ke tahun",,1,google_play_reviews,data/Review Instagram.csv,consumer_app_review,,,,,,382,382,59,59,6.47,0,0,0,0,3,0.0079,0,0,0,0.8644,,,,,INSUFFICIENT_TEMPORAL_DATA,,,,,INSUFFICIENT_ENGAGEMENT_DATA,negative,0.9635,0.034,0.0025,0.9635,anger,0
IG-000046,zaskya,"kenapa ya ig sering kali error/ bug, mau liat story orang misalnya, pas dipencet malah ada tulisan cerita tidak tersedia, ya gpp kalau 1 atau 2 story, tapi ini hampir semua story kayak gitu, kalau ga misal kita udah liat storynya, tapi pas di refresh muncul lagi, seakan-akan kita belum liat story itu padahal udah, jadinya habis di refresh keulang lagi², dan kemungkinan ga cuma aku yang ngalamin, beberapa temen aku juga gitu :) kan jadinya malas buat buka ig kalau gini...",,3,google_play_reviews,data/Review Instagram.csv,consumer_app_review,,,,,,475,475,82,82,5.79,0,0,0,0,0,0.0,0,0,2,0.8049,,,,,INSUFFICIENT_TEMPORAL_DATA,,,,,INSUFFICIENT_ENGAGEMENT_DATA,negative,0.9747,0.0094,0.0159,0.9747,surprise,0
IG-000047,Mintt?,"postingan ku beberapa saat lalu ada lagunya, trs selang brp hari gitu lagunya hilang dari postingan. Saat ku edit postingannya ada opsi ganti lagi, yaudah kepencet deh, setelah dpt lagi yg bagus eh sesudah di save kembali lagunya ga muncul. TOLONG!!!??!!!?",,1,google_play_reviews,data/Review Instagram.csv,consumer_app_review,,,,,,256,256,41,41,6.24,0,0,0,0,7,0.0273,6,3,0,0.9024,,,,,INSUFFICIENT_TEMPORAL_DATA,,,,,INSUFFICIENT_ENGAGEMENT_DATA,negative,0.8759,0.0081,0.116,0.8759,sadness,0
IG-000048,Fakhrur Rozi,"Hanya tambahan buat instagram dari saya, adakan sistem create/fill icon agar penggunanya leluasa untuk meletakkan icon-icon seperti, daftar reels atau postingan yang tersimpan,pengaturan, DM, atau apapun itu agar bisa di letakkan di beranda awal sesuai penggunaan dan kebutuhan.Jika fitur itu ada, akan sangat memudahkan pengguna instagram untuk memilih icon-icon yang sering atau di butuhkan penggunaan nya...sekian terimakasih, untuk semua overall good😁😁😁",,5,google_play_reviews,data/Review Instagram.csv,consumer_app_review,,,,,,457,457,61,61,7.49,0,0,0,3,4,0.0088,0,0,0,0.8033,,,,,INSUFFICIENT_TEMPORAL_DATA,,,,,INSUFFICIENT_ENGAGEMENT_DATA,positive,0.7345,0.7345,0.2301,0.0355,joy,1
IG-000049,Nayladesthanianuraini,"apaan dah makin ngaco, foto yang terbaru malah ga kesimpen padahal foto lama kesimpen, gabisa ganti foto profil pake foto terbaru karna gak kesimpen (gatau juga kenapa ga kesimpen, padahal di galeri sendiri tuh ada) trs upload video di story kagak bisa. udah berkali kali di upload tetep aja menunggu koneksi melulu, gimana sih, padahal koneksi juga bagus dan lancar, cache juga udah dibersihin, tolong cepet benerin.",,1,google_play_reviews,data/Review Instagram.csv,consumer_app_review,,,,,,417,417,67,67,6.22,0,0,0,0,0,0.0,0,0,0,0.7612,,,,,INSUFFICIENT_TEMPORAL_DATA,,,,,INSUFFICIENT_ENGAGEMENT_DATA,negative,0.9777,0.0117,0.0107,0.9777,surprise,0
IG-000050,Ryo Ardiansyah,"27-08-2023: Iklan nya terlalu banyak buat saya muak , tp dari segi postingan dan reels sudah membaik karena sebulan lalu ngebug g bisa full layar. Masalah utama nya y iklan itu sekian terima kasih. Saran iklan nya di beranda saja jangan story ataupun kolom pencarian terlalu mengganggu banget. 23-09-2024: tambah parah 3xngatur postingan gk bisa di upload stuck di memuat doang padahal jaringan bagus gk ad kendala, story juga udah ngatur nya susah² eh muncul kesalahan apa sih? Di arsip ilang juga",,2,google_play_reviews,data/Review Instagram.csv,consumer_app_review,,,,,,498,498,82,82,6.07,0,0,0,0,4,0.008,0,1,17,0.8293,,,,,INSUFFICIENT_TEMPORAL_DATA,,,,,INSUFFICIENT_ENGAGEMENT_DATA,negative,0.967,0.01,0.023,0.967,anger,0
IG-000051,Lintang Mahendra,"Awalnya iseng² nyoba fitur izinkan menambahkan media,eh pas di nonaktifkan malah logo/lambang fiturnya tidak bisa hilang,mohon pihak Instagram untuk membenahi fitur tersebut.sya rasa tidak ada gunanya fitur tersebut yang ada malah tambah jelek postingan jadi terasa kotor karena adanya logo tersebut.",,1,google_play_reviews,data/Review Instagram.csv,consumer_app_review,,,,,,300,300,41,41,7.32,0,0,0,0,2,0.0067,0,0,0,0.878,,,,,INSUFFICIENT_TEMPORAL_DATA,,,,,INSUFFICIENT_ENGAGEMENT_DATA,negative,0.9554,0.0059,0.0387,0.9554,anger,1
IG-000052,Aifa Ghinaya,"Sering sekali eror menguploud story, sudah berkali kali di uploud tetap saja eror. Tampilan baru Instagram sangat tidak bagus, merusak gambar yang sudah di posting, kelihatannya tidak menarik dan jelek. Saya harap tampilan Instagram seperti dulu lagi, semua menyukai tampilan Instagram sebelumnya. Saran saya tambahkan fitur timer pada Instagram story, ini sangatlah bagus jika ada fitur tersebut.",,1,google_play_reviews,data/Review Instagram.csv,consumer_app_review,,,,,,397,397,57,57,6.96,0,0,0,0,8,0.0202,0,0,0,0.807,,,,,INSUFFICIENT_TEMPORAL_DATA,,,,,INSUFFICIENT_ENGAGEMENT_DATA,negative,0.8363,0.1565,0.0072,0.8363,joy,1
IG-000053,Lorensa Dewi,"Setiap mau post video untuk story selalu ga bisa. Di keterangannya ""menunggu koneksi"" padahal wifi nya lancar. Terus coba pakai data seluler masih sama gitu padahal kuota juga ada. Tolong diperbaiki instagram",,4,google_play_reviews,data/Review Instagram.csv,consumer_app_review,,,,,,208,208,32,32,6.5,0,0,0,0,4,0.0192,0,0,0,0.9688,,,,,INSUFFICIENT_TEMPORAL_DATA,,,,,INSUFFICIENT_ENGAGEMENT_DATA,negative,0.9299,0.0021,0.068,0.9299,anger,0
IG-000054,Afina,"IG BUTUTTTT, KALAU BISA NGASIH BINTANG 0 LU GUA KASIH BINTANG -100 ANJINGGG. Sebelumnya baik baik aja, tapi makin kesini MAKIN SERING ngebug seolah gaada sinyal, up story gabisa padahal wifi kenceng, arsip story juga pada ilang padahal mau di add ke highlights. Tolong di benerin.",,1,google_play_reviews,data/Review Instagram.csv,consumer_app_review,,,,,,280,280,46,46,6.09,0,0,0,0,70,0.25,0,0,4,0.8696,,,,,INSUFFICIENT_TEMPORAL_DATA,,,,,INSUFFICIENT_ENGAGEMENT_DATA,negative,0.9754,0.0055,0.019,0.9754,anger,0
IG-000055,Nurul Juliyanti,"ini saya kasih bintang 5, but jangan sampe fitur arsip di ilangin please, karena dari semua fitur yang ada, arsip instagram jadi salah satu fitur paling berguna, kalo fitur ini hilang pasti jadi sedikit peminat. pokonya tolong pertahankan fitur arsip, kalo yang lain mau di ilangin juga gapapa, BUT FITUR ARSIP JANGAN SAMPE ILANG POKONYA.",,5,google_play_reviews,data/Review Instagram.csv,consumer_app_review,,,,,,338,338,55,55,6.15,0,0,0,0,36,0.1065,0,0,1,0.7091,,,,,INSUFFICIENT_TEMPORAL_DATA,,,,,INSUFFICIENT_ENGAGEMENT_DATA,negative,0.7364,0.2449,0.0187,0.7364,sadness,1
IG-000056,Shintya Novita Sari,"Postingan foto di feeds ada lagunya, tiba-tiba hilang sendiri. Padahal adanya lagu untuk mendukung suasana foto postingan. Selanjutnya tag foto pengguna jadi tersembunyi, tidak sekali klik langsung muncul seperti dulu. Satu lagi, jangan hapus fitur arsip video karena itu kenangan berharga semua. Terlalu banyak iklan yang bersliweran di beranda juga bikin kesal. Mohon segera diperbaiki.",,1,google_play_reviews,data/Review Instagram.csv,consumer_app_review,,,,,,388,388,55,55,7.05,0,0,0,0,6,0.0155,0,0,0,0.9455,,,,,INSUFFICIENT_TEMPORAL_DATA,,,,,INSUFFICIENT_ENGAGEMENT_DATA,negative,0.9948,0.0037,0.0014,0.9948,sadness,1
IG-000057,Ilham ardiansyah,"Tolong pihat ig di perhatikan lagi, masa pilihan musik di profil tiba tiba hilang, sementara di akun lain masih ada musik di profil nya, mau ngapus musik di profil jadi gk bisa karena pilihan musik nya gk ada ni, sementara musik nya masik ada kalo di lihat dari akun orang....🙏",,1,google_play_reviews,data/Review Instagram.csv,consumer_app_review,,,,,,277,277,50,50,5.54,0,0,0,1,1,0.0036,0,0,0,0.62,,,,,INSUFFICIENT_TEMPORAL_DATA,,,,,INSUFFICIENT_ENGAGEMENT_DATA,negative,0.8718,0.009,0.1192,0.8718,surprise,0
IG-000058,Indah Astuti,"Font yg di instagram story sempat keupdate, tp sekarang balik ke semula. Font deco, poster, bubble, dan yang lain hilang. Sekarang hanya ada font default. Tampilannya juga gak keupdate, padahal versi aplikasi udah update",,3,google_play_reviews,data/Review Instagram.csv,consumer_app_review,,,,,,220,220,34,34,6.47,0,0,0,0,4,0.0182,0,0,0,0.8824,,,,,INSUFFICIENT_TEMPORAL_DATA,,,,,INSUFFICIENT_ENGAGEMENT_DATA,negative,0.924,0.0084,0.0676,0.924,anger,0
IG-000059,afrizal rhamdani,"ada bug dibagian story, setiap mau lihat story temen selalu ""catatan ini tidak tersedia"" padahal story baru upload, dan story yang sudah di lihat sebelumnya malah kayak story baru upload, giliran di klik emang story sebelumnya, sudah saya coba perbaiki pake segala uninstall terus install ulang tetap saja ""catatan ini tidak tersedia"" apaan coba?? rusak ini aplikasi",,1,google_play_reviews,data/Review Instagram.csv,consumer_app_review,,,,,,366,366,57,57,6.42,0,0,0,0,0,0.0,0,2,0,0.7544,,,,,INSUFFICIENT_TEMPORAL_DATA,,,,,INSUFFICIENT_ENGAGEMENT_DATA,negative,0.9955,0.0024,0.0021,0.9955,sadness,0
IG-000060,Andi Dewansyah,Tingkatkan fitur & efisiensi. Fitur repost reels ke instastory dengan background foto dengan cuma isi konten atau video pun tidak muncul padahal sudah di simpan pada layar atas sendiri,,5,google_play_reviews,data/Review Instagram.csv,consumer_app_review,,,,,,184,184,29,29,6.34,0,0,0,0,2,0.0109,0,0,0,0.931,,,,,INSUFFICIENT_TEMPORAL_DATA,,,,,INSUFFICIENT_ENGAGEMENT_DATA,neutral,0.874,0.0305,0.874,0.0955,neutral,1
IG-000061,Dindaaa,"Ini kenapa ya liat story sama postingan kok jadi kayak pecah dan glitch gitu pdhl sinyal bagus. Udah di update kok malah kayak gini bug nya. Gabisa dark mode juga ya!!! Sumpah ya ig kenapa sii, habis di update kok malah kayak gini cuk, gabisa liat story, foto juga nge glitch pdhl sinyal juga bagus poll ga ada kendala. Baru upload story terus gabisa diliat, ada bintang 0 tak kasih bintang nol kalo bug nya ga segera di benerin",,4,google_play_reviews,data/Review Instagram.csv,consumer_app_review,,,,,,428,428,79,79,5.42,0,0,0,0,5,0.0117,3,0,1,0.6962,,,,,INSUFFICIENT_TEMPORAL_DATA,,,,,INSUFFICIENT_ENGAGEMENT_DATA,negative,0.98,0.0148,0.0052,0.98,surprise,0
IG-000062,nunde run,"Fiturnya udah bagus tapi,tolong Pada saat nge-post itu durasinya lagunya jangan di Converse,dan jangan di potong..jadinya kurang bagus.. Itu aja..dan efeknya juga bisa diatur agar terlihat lebih bagus..terutama untuk video",,2,google_play_reviews,data/Review Instagram.csv,consumer_app_review,,,,,,222,222,30,30,7.4,0,0,0,0,4,0.018,0,0,0,0.9,,,,,INSUFFICIENT_TEMPORAL_DATA,,,,,INSUFFICIENT_ENGAGEMENT_DATA,negative,0.4344,0.4246,0.141,0.4344,joy,0
IG-000063,Dedy Richard,"apasih makin ngaco, kmrn suka ngebug gabisa nyimpen foto, udh akal akalin pakai segala cara ttp gbsa, terpaksa hps semua data ni apk. eh skrg mlh gabisa nyimpan vidio reel yg kita buat sendiri, mna gda tombol ""save/simpan"", kmrn bisa di akalin, cm pakai cara simpan draft krn otomatis masuk ke galeri, skrg nyimpan draft aj ga masuk galeri, udh gt gd fitur simpan/save lgi, ky mn mw masuk galeri. masa iya hrs posting dl baru save, udh ribet+keliatan watermark nya, tlng perbaiki ni fitur, geram gua.",,1,google_play_reviews,data/Review Instagram.csv,consumer_app_review,,,,,,500,500,87,87,5.75,0,0,0,0,0,0.0,0,0,0,0.8506,,,,,INSUFFICIENT_TEMPORAL_DATA,,,,,INSUFFICIENT_ENGAGEMENT_DATA,negative,0.9416,0.0364,0.022,0.9416,surprise,0
IG-000064,Sinta Amelia,"tolong di perbaiki lagii.saat saya membuka kamera dan ingin mencoba efek,layar menjadi kedip kedip padahal jika saya membuka kamera biasa tanpa efek itu aman aman saja tapi jika ingin menggunakan efek layar menjadi kedip kedip",,3,google_play_reviews,data/Review Instagram.csv,consumer_app_review,,,,,,226,226,35,35,6.46,0,0,0,0,0,0.0,0,0,0,0.6857,,,,,INSUFFICIENT_TEMPORAL_DATA,,,,,INSUFFICIENT_ENGAGEMENT_DATA,negative,0.964,0.0135,0.0225,0.964,anger,1
IG-000065,Aulia Nur retno rahmadani,"setiap masuk apk ini selalu keluar sendiri padahal sudah muat ulang, sudah unnistal dan di istal kembali tapi tidak bisa, sudah berkali kali di buka tapi tidak bisa, ga mungkin pada hp nya apk lain aja bisa ,ini kok gak bisa sama sekali, kenapa tolong cepet diperbaiki!!!",,1,google_play_reviews,data/Review Instagram.csv,consumer_app_review,,,,,,271,271,47,47,5.77,0,0,0,0,0,0.0,3,0,0,0.8298,,,,,INSUFFICIENT_TEMPORAL_DATA,,,,,INSUFFICIENT_ENGAGEMENT_DATA,negative,0.9937,0.003,0.0033,0.9937,surprise,0
IG-000066,Muhammad Firqi Saputra,"Tolong perbaiki bug di catatan, karena tempat memutar musik hilang di catatan. Sebelumnya ada, dan updatenya selalu ngawur dan bug sebelum nya belum diperbaiki, ini malah nambah bug baru. Mohon update-tan terbaru nya diperbaiki semua.",,1,google_play_reviews,data/Review Instagram.csv,consumer_app_review,,,,,,234,234,35,35,6.69,0,0,0,0,3,0.0128,0,0,0,0.8571,,,,,INSUFFICIENT_TEMPORAL_DATA,,,,,INSUFFICIENT_ENGAGEMENT_DATA,negative,0.9934,0.0018,0.0048,0.9934,sadness,0
IG-000067,djeni astuti,Tolong kembalikan ke fitur sebelum update dong...dimana saat upload foto di story Instagram langsung bisa mengkolase(menggabungkan foto) secara otomatis ada pilihan tata letak atau mau 1 frame....ini setelah diupdate malah tidak bisa otomatis untuk kolase foto di story...harus manual satu satu ...ini merepotkan 🙏🙏🙏🙏mohon kembalikan fitur seperti sebelum update,,5,google_play_reviews,data/Review Instagram.csv,consumer_app_review,,,,,,362,362,49,49,7.39,0,0,0,4,2,0.0055,0,0,1,0.8163,,,,,INSUFFICIENT_TEMPORAL_DATA,,,,,INSUFFICIENT_ENGAGEMENT_DATA,negative,0.8125,0.0203,0.1672,0.8125,anger,0
IG-000068,Yaya Yaya,"Biasanya instagram saya baik-baik saja. Tapi sekarang sering bgt kena bug, tiba"" aku hilang atau keluar sendiri. Bbrp fitur juga ilang seperti ""undang kolaborator"" dll, pdhl saya sudah update. Tolong segera bantu perbaiki bug dan semua kesalahannya serta kembalikan fitur-fitur yg hilang 🙏✨",,1,google_play_reviews,data/Review Instagram.csv,consumer_app_review,,,,,,290,290,43,43,6.74,0,0,0,2,4,0.0138,0,0,0,0.9535,,,,,INSUFFICIENT_TEMPORAL_DATA,,,,,INSUFFICIENT_ENGAGEMENT_DATA,negative,0.845,0.0172,0.1378,0.845,sadness,1
IG-000069,Muhammad Naufal,"Fiturnya bikin emosi, lagi enak² nonton reels malah ke refresh dan reelsnya hilang.... minimal kasihlah fitur histori reels kayak tiktok biar video yg udah ditonton bisa diakses kembali gak nyusahin cari² dulu dah nyarinya susah malah dipersulit lagi....",,1,google_play_reviews,data/Review Instagram.csv,consumer_app_review,,,,,,254,254,38,38,6.68,0,0,0,0,1,0.0039,0,0,0,0.9474,,,,,INSUFFICIENT_TEMPORAL_DATA,,,,,INSUFFICIENT_ENGAGEMENT_DATA,negative,0.9468,0.0187,0.0345,0.9468,anger,0
IG-000070,stepanus simamora,"Sistem bug terparah, masa password yang benar2 setiap hari saya log in ig tiba2 salah. Dan gilanya lagi tidak dapat memulihkan password dikarnakan kendala2 aneh seperti kode tidak masuk atau setelah memasukkan kode tidak ada kelanjutan dari aplikasinya (stuck). Setelah dicoba bantuan dari konfirmasi wajah malah loading berjamjam. Ketika minta bantuan pemulihan dari teman tiba2 check confirmationnya tidak bisa di click. Aneh Instagram, makin update makin rusak.",,1,google_play_reviews,data/Review Instagram.csv,consumer_app_review,,,,,,464,464,67,67,6.93,0,0,0,0,6,0.0129,0,0,4,0.8209,,,,,INSUFFICIENT_TEMPORAL_DATA,,,,,INSUFFICIENT_ENGAGEMENT_DATA,negative,0.9961,0.0021,0.0018,0.9961,surprise,1
IG-000071,Adelia Kristina,"kenapa sekarang kalo repost postingan ke story di android tidak bisa menggunakan background ? sudah coba cara biasa tapi ada tulisan ""stiker interaktif tidak bisa ditutupi"" mohon perbaikannya",,1,google_play_reviews,data/Review Instagram.csv,consumer_app_review,,,,,,191,191,28,28,6.82,0,0,0,0,0,0.0,0,1,0,0.9286,,,,,INSUFFICIENT_TEMPORAL_DATA,,,,,INSUFFICIENT_ENGAGEMENT_DATA,negative,0.7121,0.008,0.2799,0.7121,surprise,1
IG-000072,Tamaro Mora,"Tolong rekam aktivitas akun dengan lebih baik lagi, Aktivitas akun saya pernah tak terekam, dan itu membuat saya kesal. Dan juga tolong: •Tambahkan fitur riwayat tontonan •perbaiki menu arsip (postingan saya tiba tiba hilang saat memasukannya ke menu arsip) Mohon di perbaiki ✋😞",,2,google_play_reviews,data/Review Instagram.csv,consumer_app_review,,,,,,278,278,43,43,6.47,0,0,0,2,5,0.018,0,0,0,0.8372,,,,,INSUFFICIENT_TEMPORAL_DATA,,,,,INSUFFICIENT_ENGAGEMENT_DATA,neutral,0.5329,0.0131,0.5329,0.4541,sadness,1
IG-000073,Hasna Fauziyyah,"kenapa si kalo mau bikin story selalu ada KESALAHAN, sering bgtttttt kaya gitu, bikin emosi aja, buat nyimpen foto pun sama, ig nambah buruk ah, percuma juga di update 👎👎👎, terus juga kenapa notifikasinya tuh keluar terus, muncul terus, padahal udah di apusin, tapi malah muncul terus, banyak juga notifikasinya, berkali-kali kaya gitu, jadi notifikasi lama sama notifikasi baru di gabung, intinya gitu deh, ig aneh bgt skrg",,1,google_play_reviews,data/Review Instagram.csv,consumer_app_review,,,,,,424,424,68,68,6.24,0,0,0,3,9,0.0212,0,0,0,0.8088,,,,,INSUFFICIENT_TEMPORAL_DATA,,,,,INSUFFICIENT_ENGAGEMENT_DATA,negative,0.9966,0.0018,0.0016,0.9966,anger,0
IG-000074,Irham Fahrezi,"Udah semingguan lebih instagram saya error, ga bisa liat gambar, cuma loading aja di gambar ga sama sekali muncul. Padahal buka aplikasi lain untuk streaming, video call, dll lancar. Sinyalpun penuh, tapi entah kenapa kok instagramnya error begini terus sampe sekarang.",,1,google_play_reviews,data/Review Instagram.csv,consumer_app_review,,,,,,269,269,41,41,6.56,0,0,0,0,3,0.0112,0,0,0,0.9756,,,,,INSUFFICIENT_TEMPORAL_DATA,,,,,INSUFFICIENT_ENGAGEMENT_DATA,negative,0.995,0.002,0.003,0.995,surprise,0
IG-000075,Muhammad Bintang Pratama,"Semakin kesini semakin kesana nih aplikasi, terlalu eror dan banyak sekali bug. Akun saya tidak bisa lihat story, loading lama, kalau mau buka aplikasi sering keluar sendiri. Padahal internet stabil dan ketika buka aplikasi lain aman-aman saja. Nih aplikasi sangat bermasalah!!!!!!!!",,1,google_play_reviews,data/Review Instagram.csv,consumer_app_review,,,,,,283,283,41,41,6.9,0,0,0,0,4,0.0141,8,0,0,0.8537,,,,,INSUFFICIENT_TEMPORAL_DATA,,,,,INSUFFICIENT_ENGAGEMENT_DATA,negative,0.9932,0.0056,0.0012,0.9932,anger,1
IG-000076,Rbi Atl,"sebenarnya aplikasinya oke oke aja,cuman kenapa saat mau ganti sampul sorotan loading terus padahal sinyal bagus,dicoba lagi tetap juga loading, ujung-ujungnya tetap gabisa keganti,udah update juga tapi sama aja gada yg berubah,buat pihak Instagram tolong dong diperbaiki lagi",,2,google_play_reviews,data/Review Instagram.csv,consumer_app_review,,,,,,276,276,38,38,7.26,0,0,0,0,1,0.0036,0,0,0,0.8947,,,,,INSUFFICIENT_TEMPORAL_DATA,,,,,INSUFFICIENT_ENGAGEMENT_DATA,negative,0.9904,0.0055,0.0041,0.9904,surprise,0
IG-000077,Adi Hanif,Menggunakan Samsung note 10 plus. 2 postingan foto denagn audio musik tiba-tiba hilang audio nya padahal judul musik dan penyanyinya tertulis. 1 postingan gambar hilang. Tidak ada notifikasi masalah dengan hak cipta. Mohon di perbaiki bug tersebut. Sudah lapor bug.,,1,google_play_reviews,data/Review Instagram.csv,consumer_app_review,,,,,,265,265,40,40,6.62,0,0,0,0,5,0.0189,0,0,4,0.925,,,,,INSUFFICIENT_TEMPORAL_DATA,,,,,INSUFFICIENT_ENGAGEMENT_DATA,negative,0.5937,0.004,0.4024,0.5937,sadness,1
IG-000078,lynfa,tampilan musik di profil terkadang hilang. Di 1 akun ada di akun lain tidak ada. Tolong di perbaiki. Sampai sekarang terkadang ada tampilan musiknya kadang tidak. Tolong terus di tingkatkan lagi,,4,google_play_reviews,data/Review Instagram.csv,consumer_app_review,,,,,,194,194,31,31,6.26,0,0,0,0,4,0.0206,0,0,1,0.7097,,,,,INSUFFICIENT_TEMPORAL_DATA,,,,,INSUFFICIENT_ENGAGEMENT_DATA,negative,0.9738,0.0102,0.016,0.9738,anger,1
IG-000079,Fredick,"Bug aneh, sistem instagram makin update makin aneh, setiap hari pasti kena penangguhan tapi gatau apa masalahnya, tiap hari harus sabar dan bikin repot, pas buat akun baru kena tangguh padahal baru mau buat, disuruh selfie biar gak ditangguhkan eh malah ""Ada masalah Sepertinya ada masalah terkait koneksi internet anda atau kekurangan ruang penyimpanan di perangkat anda"" Hadehh padahal koneksi lancar+penyimpanan masih oke belum full tapi hadeh makin update makin banyak bug dan penangguhan akun☹️",,1,google_play_reviews,data/Review Instagram.csv,consumer_app_review,,,,,,499,499,75,75,6.65,0,0,0,1,4,0.008,0,0,0,0.8,,,,,INSUFFICIENT_TEMPORAL_DATA,,,,,INSUFFICIENT_ENGAGEMENT_DATA,negative,0.948,0.028,0.024,0.948,anger,0
IG-000080,Ahmad Fauzian,"setelah update malah jadi eror, saat mengirim pesan, pesan yang saya kirim tidak terkirim, padahal tidak ada masalah sebelum update, wifi yang saya gunakan juga tidak ada masalah lancar lancar saja, tapi kenapa saat menggunakan Instagram dan mengirim pesan malah tidak terkirim dan eror",,1,google_play_reviews,data/Review Instagram.csv,consumer_app_review,,,,,,286,286,44,44,6.5,0,0,0,0,1,0.0035,0,0,0,0.7045,,,,,INSUFFICIENT_TEMPORAL_DATA,,,,,INSUFFICIENT_ENGAGEMENT_DATA,negative,0.9912,0.004,0.0048,0.9912,surprise,1
IG-000081,Agung Maha,"Hp autolock 1 menit jika tidak digunakan. Ini lagi asik nonton postingan yg durasinya lebih dari 1 menit, tiba2 layar mati (ngikutin autolock), begitu dibuka lagi harus nonton lagi dari awal... Kenapa gak kayak reels, selama ada video layar ga bakal mati.",,1,google_play_reviews,data/Review Instagram.csv,consumer_app_review,,,,,,255,255,42,42,6.07,0,0,0,0,3,0.0118,0,0,3,0.8571,,,,,INSUFFICIENT_TEMPORAL_DATA,,,,,INSUFFICIENT_ENGAGEMENT_DATA,negative,0.9302,0.0551,0.0147,0.9302,surprise,0
IG-000082,Ni Komang Triana Febriyanti,"Akhir-akhir ini update instagram jelek dan tidak merata. Aku punya 4 akun, dan yang paling kena update biasanya cuma akun paling pertama yang dilogin di aplikasi. Paling ga nyaman sama update beranda feed yang rasionya ga 1:1 lagi, malah memanjang. Ini merusak sekali penampilan beranda feed, khususnya yang akunnya makai grid. Herannya ini cuma terjadi di 1st acc, di akunku yang lain maupun akun temanku ga dapat upgrade yg sama. Mohon diperbaiki segera.",,3,google_play_reviews,data/Review Instagram.csv,consumer_app_review,,,,,,456,456,73,73,6.25,0,0,0,0,6,0.0132,0,0,4,0.7534,,,,,INSUFFICIENT_TEMPORAL_DATA,,,,,INSUFFICIENT_ENGAGEMENT_DATA,negative,0.9953,0.0033,0.0014,0.9953,anger,0
IG-000083,XI-7 Eliza Annaasya,"Lagu-lagu yang harusnya ada malah gak ada, susah nyarinya, pas dicari masih ada lagu-lagu yang kurang relevan dengan yang dicari. Fitur-fitur lain yang sebelumnya sudah benar ada, malah ditiadakan.",,4,google_play_reviews,data/Review Instagram.csv,consumer_app_review,,,,,,197,197,29,29,6.79,0,0,0,0,2,0.0102,0,0,0,0.7586,,,,,INSUFFICIENT_TEMPORAL_DATA,,,,,INSUFFICIENT_ENGAGEMENT_DATA,negative,0.9913,0.0021,0.0066,0.9913,anger,0
IG-000084,Gully Gallerie,"Jelek banget makin kesini makin ga banget, akun aku udah 3x kena ditangguhkan, pertama ditangguhkan dimintai vertifikasi lewat email dan no.hp, kedua ditangguhkan dimintai hal yang sama tapi kolom buat ngisinya gabisa ditekan tekan, dah install ulang juga sama, berkali kali coba tetap gabisa login, 2minggu nunggu akhirnya iseng² coba lagi akhirnya bisa, eh sekarang ditangguhkan lagi bjir, dan disuruh rekam diri, tapi pas mau rekam diri, gabisa juga alasan jaringan dan memori penuh, padahal tidak",,1,google_play_reviews,data/Review Instagram.csv,consumer_app_review,,,,,,500,500,76,76,6.58,0,0,0,0,1,0.002,0,0,2,0.8026,,,,,INSUFFICIENT_TEMPORAL_DATA,,,,,INSUFFICIENT_ENGAGEMENT_DATA,negative,0.9801,0.0037,0.0162,0.9801,anger,0
IG-000085,Bimasari Sihotang,"Salah satu aplikasi media sosial favorit aku. Buat keseluruhan aplikasinya sudah baik. Tapi, kadang sudah melihat stories,atau lagu yang dipost sama teman. Saya harap tolong segera diperbaiki.terimakasih..",,5,google_play_reviews,data/Review Instagram.csv,consumer_app_review,,,,,,205,205,27,27,7.59,0,0,0,0,4,0.0195,0,0,0,0.963,,,,,INSUFFICIENT_TEMPORAL_DATA,,,,,INSUFFICIENT_ENGAGEMENT_DATA,neutral,0.6986,0.0767,0.6986,0.2247,neutral,1
IG-000086,Pengguna Google,"Tolong diperbaiki lagi... Ceritanya begini, aku mengirim reels ke temanku tapi reels yg terkirim itu tidak bisa dilihat oleh temanku dgn tulisan bahwa reels ""pesan tidak tersedia"" juga dibilang dihapus/privasi, tapi aku masih bisa menonton video itu tapi temanku tidak...kan aneh, video nya masih ada dibilang tidak tersedia, tolong ya diperbaiki, dari kemarin-kemarin begitu terus",,4,google_play_reviews,data/Review Instagram.csv,consumer_app_review,,,,,,381,381,55,55,6.93,0,0,0,0,2,0.0052,0,0,0,0.7273,,,,,INSUFFICIENT_TEMPORAL_DATA,,,,,INSUFFICIENT_ENGAGEMENT_DATA,negative,0.9887,0.0064,0.0049,0.9887,anger,0
IG-000087,muh.sahrir ririn,"Apli ini bagus,kita bisa pake efek apapun,tapi kadang masih loading padahal masih punya paket kouta banyak masih bisa buka tt,wa dan lain lain jadi tolong di perbaiki lagi🙏🙏maaf kalo ulasan ini tdk berguna😔😔🙏",,5,google_play_reviews,data/Review Instagram.csv,consumer_app_review,,,,,,208,208,33,33,6.3,0,0,0,5,1,0.0048,0,0,0,0.8485,,,,,INSUFFICIENT_TEMPORAL_DATA,,,,,INSUFFICIENT_ENGAGEMENT_DATA,negative,0.5937,0.0354,0.3709,0.5937,anger,0
IG-000088,Anatasia Maya,"Saya kasih bintang 5, tapi jangan hilangin arsip IG. Sayang banget kalau arsip IG ga ada. Saya yakin sekali, kalau Instagram membuat fitur seperti ini akan sepi peminat. Kami suka main Instagram karena ada arsipnya, jadi ga perlu simpan di galeri, di IG juga bisa. Buatlah fitur yang penting bukan krn fitur sesuai keinginan anda. Bikin lagu di catatan aja sebenant ga penting krn bisa bikin di story Instagram loh. Pokoknya jangan hilangin arsip Instagram yaaa nangis bgt klo sampe hilang🥹😭😭",,5,google_play_reviews,data/Review Instagram.csv,consumer_app_review,,,,,,492,492,81,81,6.07,0,0,0,3,17,0.0346,0,0,1,0.7531,,,,,INSUFFICIENT_TEMPORAL_DATA,,,,,INSUFFICIENT_ENGAGEMENT_DATA,positive,0.8922,0.8922,0.0086,0.0992,sadness,1
IG-000089,Syafa Ayska,"sebenarnya apk ig ini cukup baik.Keluhan saya adalah.., waktu saya meng upload video dengan kualitas yang cukup tinggi itu tidak bisa, ada tulisan ""mengirim"" dan juga ""menunggu koneksi"", padahal jaringan saya normal.Terus waktu saya upload story video dengan kualitas yang sedikit rendah itu bisa ke upload.Mohon pihak Instagram untuk meng upgrade aplikasi Instagram ini menjadi lebih baik. Terimakasih🙏🏻.",,4,google_play_reviews,data/Review Instagram.csv,consumer_app_review,,,,,,405,405,58,58,6.98,0,0,0,2,6,0.0148,0,0,0,0.7586,,,,,INSUFFICIENT_TEMPORAL_DATA,,,,,INSUFFICIENT_ENGAGEMENT_DATA,negative,0.9225,0.0307,0.0469,0.9225,anger,1
IG-000090,Raline Syifa,"Aplikasi nya bagus, ada 1 yang sangat disayangkan yaitu saat post story, kenapa tidak bisa menggunakan ukuran foto/vdio menggunakan ukuran lain selain ukuran 19:16, sebenarnya bisa, cuma latarnya jadi berwarna, kalo bisa latarnya warna hitam saja yang basic🙏🏻",,3,google_play_reviews,data/Review Instagram.csv,consumer_app_review,,,,,,259,259,38,38,6.82,0,0,0,2,1,0.0039,0,0,5,0.8421,,,,,INSUFFICIENT_TEMPORAL_DATA,,,,,INSUFFICIENT_ENGAGEMENT_DATA,negative,0.9721,0.0152,0.0127,0.9721,surprise,1
IG-000091,Andrerizky Maulana,"tolong untuk pihak Instagram, kenapa Instagram saya tidak bisa membagikan catatan cerita di video reels nya!!!! masa di akun teman saya bisa tapi di akun saya tidak bisa??!!! saya yakin saya tidak sendiri disini, ada bnyak org yg mengira blm update IG mreka, pdhl emg IG nya saja yg terlalu busukkk ga memperhatikan masalah masalah pengguna nyaa!!! sialann!!!",,1,google_play_reviews,data/Review Instagram.csv,consumer_app_review,,,,,,359,359,58,58,6.19,0,0,0,0,6,0.0167,13,2,0,0.7759,,,,,INSUFFICIENT_TEMPORAL_DATA,,,,,INSUFFICIENT_ENGAGEMENT_DATA,negative,0.9947,0.004,0.0013,0.9947,surprise,1
IG-000092,Ilham Mardiansyah,Setelah update terbaru instagram justru ngelag lebih lambat respon foto dan video susah muncul bukan karena masalah jaringan sinyal internet karena untuk membuka aplikasi lain berjalan lancar dan sinyal internet penuh tapi sepertinya masalahnya ada di aplikasi instagramnya sendiri seperti error dan sering keluar aplikasi dengan sendiri hingga saat ini.,,1,google_play_reviews,data/Review Instagram.csv,consumer_app_review,,,,,,354,354,50,50,7.08,0,0,0,0,1,0.0028,0,0,0,0.84,,,,,INSUFFICIENT_TEMPORAL_DATA,,,,,INSUFFICIENT_ENGAGEMENT_DATA,negative,0.9897,0.0036,0.0067,0.9897,anger,0
IG-000093,CRESPO MANDALA SAPUTRA,"terkadang saya sering keluar sendiri dari instagram itu kenapa ya kak tolong di perbaiki makasih, sama knp sih klu mau upload story lama bener sering stak di 90%, tp klu post di apk lain lancar² aja",,2,google_play_reviews,data/Review Instagram.csv,consumer_app_review,,,,,,198,198,36,36,5.5,0,0,0,0,0,0.0,0,0,2,0.8889,,,,,INSUFFICIENT_TEMPORAL_DATA,,,,,INSUFFICIENT_ENGAGEMENT_DATA,negative,0.9659,0.0026,0.0314,0.9659,surprise,0
IG-000094,Rido,"Fitur untuk mengganti ""audio tidak tersedia"" dalam postingan yg sudah diposting hanya bisa untuk 1x mengganti padahal audio sering kali terhapus, tolong fitur untuk mengganti audio musik yang error dalam postingan yg sudah diposting bisa lebih dari 1x karna sangat menggangu.",,1,google_play_reviews,data/Review Instagram.csv,consumer_app_review,,,,,,275,275,41,41,6.71,0,0,0,0,1,0.0036,0,0,2,0.6829,,,,,INSUFFICIENT_TEMPORAL_DATA,,,,,INSUFFICIENT_ENGAGEMENT_DATA,negative,0.9895,0.0028,0.0077,0.9895,anger,1
IG-000095,Ms.DnoB.p,"Saya merasa senang karena instagram bisa memberi tontonan yang menghibur. Namun saya ada saran tolong di bagian ""aktifitas saya"" ditambahkan fitur history tontonan sebab beberapa kali ada postingan yang hendak di simpan tapi terlanjur ke relock sehingga postingannya belum kesimpan dengan like ataupun komentar",,5,google_play_reviews,data/Review Instagram.csv,consumer_app_review,,,,,,310,310,44,44,7.05,0,0,0,0,2,0.0065,0,0,0,0.8864,,,,,INSUFFICIENT_TEMPORAL_DATA,,,,,INSUFFICIENT_ENGAGEMENT_DATA,negative,0.5213,0.1583,0.3204,0.5213,joy,1
IG-000096,Ria Desvitria Ningsih,"Kenapa ni tiba2 Instagram saya di tangguhkan seolah olah saya melakukan pelanggaran, saya manusia bukan robot, saya juga gak merasa melakukan pelanggaran, tolong kembalikan Instagram saya! Sudah saya rekam wajah loadingnya lama, setelah itu malah terjadi kesalahan . Sepanjang sejarah saya menggunakan Instagram 5 tahun lebih baru kali ini Instagram sangat mengecewakan!",,1,google_play_reviews,data/Review Instagram.csv,consumer_app_review,,,,,,370,370,52,52,7.12,0,0,0,0,7,0.0189,2,0,2,0.8077,,,,,INSUFFICIENT_TEMPORAL_DATA,,,,,INSUFFICIENT_ENGAGEMENT_DATA,negative,0.997,0.0021,0.0009,0.997,surprise,1
IG-000097,Intan Yulia,"gabisa gabisa kenapa arsip story ilang separuh woy, itu kan moment terpenting dalam hidup, terus kenapa lagi foto yg ada musiknya, di arsip itu musiknya tidak tersedia!! jadi males sekarang bikin story di Instagram, percuma nyimpen moment berharga, tapi ujung²nya ilang juga tuh foto:(",,2,google_play_reviews,data/Review Instagram.csv,consumer_app_review,,,,,,285,285,44,44,6.48,0,0,0,0,1,0.0035,2,0,0,0.8182,,,,,INSUFFICIENT_TEMPORAL_DATA,,,,,INSUFFICIENT_ENGAGEMENT_DATA,negative,0.9919,0.0029,0.0053,0.9919,surprise,0
IG-000098,Avitaaa,"Gabisa buat story video di ig. Tulisannya menunggu koneksi terus, pdhl udah log out log in bbrp kali, sampe matiin hp juga. Dan koneksi jaringan pun bagus pake wifi atau kuota. Gatau kenapa bisa gini ig😭😭",,2,google_play_reviews,data/Review Instagram.csv,consumer_app_review,,,,,,204,204,36,36,5.67,0,0,0,2,4,0.0196,0,0,0,0.9444,,,,,INSUFFICIENT_TEMPORAL_DATA,,,,,INSUFFICIENT_ENGAGEMENT_DATA,negative,0.4311,0.14,0.429,0.4311,surprise,0
IG-000099,2 - Rizky Fadhillah,"Tolong adakan fitur nonaktifkan reels instagram!! Jadi, nanti ada fitur settingan di instagram yang membuat kita bisa mengatur waktu produktif kita dan bisa menonaktifkan reels instagram selama fitur itu aktif. Jika di nonaktifkan, fitur reels instagram akan muncul kembali. Tolong dengan sangat, karena setiap saya ada kerjaan di instagram, tanpa sadar saya menonton reels instagram!! Tolong, ini keinginan setiap pengguna! Jangan bikin kami kecanduan sangat gila!!",,1,google_play_reviews,data/Review Instagram.csv,consumer_app_review,,,,,,466,466,66,66,7.06,0,0,0,0,6,0.0129,7,0,0,0.7424,,,,,INSUFFICIENT_TEMPORAL_DATA,,,,,INSUFFICIENT_ENGAGEMENT_DATA,negative,0.8146,0.1749,0.0105,0.8146,anger,1
IG-000100,r,"Akun² fanspage yang gua ikuti kenapa nggak muncul di beranda?? Gua refresh sampe kiamat pun tetap kagak muncul!! Udah gua cek satu² di setiap akun fanspage ternyata masih aktif posting tapi kagak muncul di beranda gua woyy!!!!!. Benerin lah bugnya nying, annoying banget udah kek tiktod fyp vidio² mulu",,1,google_play_reviews,data/Review Instagram.csv,consumer_app_review,,,,,,302,302,49,49,6.16,0,0,0,0,4,0.0132,7,2,0,0.8163,,,,,INSUFFICIENT_TEMPORAL_DATA,,,,,INSUFFICIENT_ENGAGEMENT_DATA,negative,0.907,0.0279,0.0651,0.907,surprise,0
IG-000101,isnanabila,"Tolong diperbaiki bagian membuat story, pada OS Android tidak bisa membuat background, Keterangan nya ""Stiker Interaktif tidak bisa ditutupi"" Mohon segera di FIX!",,1,google_play_reviews,data/Review Instagram.csv,consumer_app_review,,,,,,162,162,23,23,7.04,0,0,0,0,11,0.0679,1,0,0,0.8696,,,,,INSUFFICIENT_TEMPORAL_DATA,,,,,INSUFFICIENT_ENGAGEMENT_DATA,negative,0.7753,0.0131,0.2116,0.7753,anger,1
IG-000102,Saya Dary,"Edit di pc - teks hilang - edit deskripsi - ""Editan anda belum disimpan silahkan coba lagi nanti""- ulangi - sama aja - pulih. Akun gw dibisukan tanpa kalimat yg melanggar & tanpa alasan. Masalah selesai tapi tiba² akun saya ditangguhkan dengan alasan ambigu - kode pemulihan akun email tidak dikirim (ternyata di folder spam) - mulai selfie - layar blank hitam berkali² (ternyata loading tanpa tanda) - pulih. Sekarang reupload reels ke story loading lamaaaa",,5,google_play_reviews,data/Review Instagram.csv,consumer_app_review,,,,,,458,458,76,76,6.03,0,0,0,0,5,0.0109,0,0,0,0.7763,,,,,INSUFFICIENT_TEMPORAL_DATA,,,,,INSUFFICIENT_ENGAGEMENT_DATA,negative,0.9852,0.0035,0.0113,0.9852,sadness,1
IG-000103,Mardian Saputra,"Ini sehari berapa kali update ya ? Yg di update apa si ? Kayanya ga nambah bagus ga ada perubahan juga malah makin mundur, juga tambahkan pengaturan pengiriman story jdi kalo ada video yg durasinya lebih dari 1 menit kita bisa atur mau di menit keberapa yang dikirim.",,1,google_play_reviews,data/Review Instagram.csv,consumer_app_review,,,,,,267,267,48,48,5.56,0,0,0,0,3,0.0112,0,2,1,0.8333,,,,,INSUFFICIENT_TEMPORAL_DATA,,,,,INSUFFICIENT_ENGAGEMENT_DATA,neutral,0.7982,0.0618,0.7982,0.14,joy,0
IG-000104,Aisya Nabila,"Entah mengapa tiba-tiba aplikasi instagram saya gabisa terbuka, ketika masuk aplikasi langsung keluar kembali Sudah coba ilangin data ini itu tetapi masih tidak bisa padahal sebelumnya aman² saja Sangat kecewa sekali tolong segera ditindaklanjuti",,2,google_play_reviews,data/Review Instagram.csv,consumer_app_review,,,,,,246,246,34,34,7.24,0,0,0,0,3,0.0122,0,0,0,0.9706,,,,,INSUFFICIENT_TEMPORAL_DATA,,,,,INSUFFICIENT_ENGAGEMENT_DATA,negative,0.9959,0.0011,0.003,0.9959,sadness,1
IG-000105,Fitry 1030_,"Tolong caranya biar story saya yang baru di up di mnculkan di arsib‼️, itu kan g sengaja ketekan arsipkan smntra di story, nah dri situ mnghilang dari story saya dn sy liat di arsib:lah kok hilang?, ini tolong sy sda liat vid cara"" mngbalikan tapi nga ada biar satu tutorialnya yg sprti sy mksd ini. Rncnya mau di smpan dlu eh g sngja ketekan arsibkan, TOLONG SKLIIII‼️",,1,google_play_reviews,data/Review Instagram.csv,consumer_app_review,,,,,,369,369,67,67,5.51,0,0,0,0,15,0.0407,0,1,0,0.7761,,,,,INSUFFICIENT_TEMPORAL_DATA,,,,,INSUFFICIENT_ENGAGEMENT_DATA,negative,0.7767,0.034,0.1893,0.7767,surprise,0
IG-000106,Bowo Laksono,"kenapa ini sering muncul pesan ajukan banding, padahal pagi bisa dibuka, malamnya malah tidak bisa, dan itu nyambung ke thread sampai minta email lagi, kok jd bikin waspada... mohon diperbaiki lg..",,1,google_play_reviews,data/Review Instagram.csv,consumer_app_review,,,,,,197,197,31,31,6.35,0,0,0,0,0,0.0,0,0,0,1.0,,,,,INSUFFICIENT_TEMPORAL_DATA,,,,,INSUFFICIENT_ENGAGEMENT_DATA,negative,0.9932,0.0013,0.0054,0.9932,surprise,0
IG-000107,Athiyyah Salsabillah,"instagram makin lemot jaringan uda bagus tp slalu lag saat liat story dll sy kira internetny yg bermasalah, pas sy liat tiktok lancar² aj pake data internet keselll bangettt tolong pihak instagran perbaikiiiiiii woii sgt² mengganggu!!!!!!!!",,1,google_play_reviews,data/Review Instagram.csv,consumer_app_review,,,,,,240,240,36,36,6.67,0,0,0,0,0,0.0,8,0,0,0.9444,,,,,INSUFFICIENT_TEMPORAL_DATA,,,,,INSUFFICIENT_ENGAGEMENT_DATA,negative,0.9766,0.0069,0.0166,0.9766,joy,0
IG-000108,Zeon By,sekarang makin bagus performanya tapi ada sedikit bug yaitu ketika siaran langsung bersama teman jadi blackscreen kadang gak keliatan itu aja yg lain udah bagus kok,,5,google_play_reviews,data/Review Instagram.csv,consumer_app_review,,,,,,164,164,26,26,6.31,0,0,0,0,0,0.0,0,0,0,0.9615,,,,,INSUFFICIENT_TEMPORAL_DATA,,,,,INSUFFICIENT_ENGAGEMENT_DATA,positive,0.8245,0.8245,0.009,0.1666,surprise,0
IG-000109,Diki Iskandar,"Hello... Ada Bug yg sangat menggangu saat saya menggunakan Instagram, kenapa di fitur Reels saya tidak scroll konten² influence? Dan saat masuk ke Reels tidak ada gambar (Blank)... Mohon segera di perbaiki sangat menggangu sekali... Thnks",,4,google_play_reviews,data/Review Instagram.csv,consumer_app_review,,,,,,238,238,36,36,6.61,0,0,0,0,10,0.042,0,1,0,0.7778,,,,,INSUFFICIENT_TEMPORAL_DATA,,,,,INSUFFICIENT_ENGAGEMENT_DATA,negative,0.9892,0.0026,0.0082,0.9892,surprise,1
IG-000110,Kafi Falahul bashirah,"Tolong lah di perbaiki bug yang meresahkan ini setiap saya ini melihat reels ataupun yang lain nya di isntagram semua nya lemot tetapi sinyal saya baik baik saja,sudah berapa kali saya apus dan domload lagi tetapi hasil nya tetap sama saja.jadi tolong lah admid di perbaiki secepat nya karna ini sudah sangat meresahkan",,1,google_play_reviews,data/Review Instagram.csv,consumer_app_review,,,,,,319,319,53,53,6.02,0,0,0,0,1,0.0031,0,0,0,0.6981,,,,,INSUFFICIENT_TEMPORAL_DATA,,,,,INSUFFICIENT_ENGAGEMENT_DATA,negative,0.9958,0.0024,0.0018,0.9958,anger,1
IG-000111,Farhan Agung,"T**k isi iklannya judol semua, padahal kaga pernah maen, browsing atau yang semacamnya. Udah di report, tidak tertarik dang lainnya masih tetep muncul. T**k cape gua Scroll2 terus muncul iya kalau sekali dua kali ini kadang per 3 scrollan muncul",,2,google_play_reviews,data/Review Instagram.csv,consumer_app_review,,,,,,245,245,40,40,6.12,0,0,0,0,4,0.0163,0,0,2,0.95,,,,,INSUFFICIENT_TEMPORAL_DATA,,,,,INSUFFICIENT_ENGAGEMENT_DATA,negative,0.9965,0.0016,0.0019,0.9965,anger,0
IG-000112,Perdiansyah,"Setelah update, buat reels sekarang jadi aneh. Lebih suka UI yang lama, karena membuat Reels yang ada teks otomatisnya jadi lebih gampang, ketimbang sekarang jadi susah dan bingung, anehh",,1,google_play_reviews,data/Review Instagram.csv,consumer_app_review,,,,,,187,187,29,29,6.45,0,0,0,0,5,0.0267,0,0,0,0.7931,,,,,INSUFFICIENT_TEMPORAL_DATA,,,,,INSUFFICIENT_ENGAGEMENT_DATA,negative,0.9785,0.0192,0.0022,0.9785,joy,0
IG-000113,Rinda A,"kenapa tidak bisa upload reels, stuck di 90% susah banget mau upload eror, untuk bagian cerita kalau yang berbentuk video stuck tidak bisa di putar gimana sih semakin di update semakin buruk",,2,google_play_reviews,data/Review Instagram.csv,consumer_app_review,,,,,,190,190,32,32,5.94,0,0,0,0,0,0.0,0,0,2,0.7812,,,,,INSUFFICIENT_TEMPORAL_DATA,,,,,INSUFFICIENT_ENGAGEMENT_DATA,negative,0.9976,0.0013,0.0011,0.9976,anger,0
IG-000114,Angel Santa Ulina Sihombing,"Aplikasi nya gakk bagus saya kira hp saya yang ngelek ternyata emang aplikasi nya yang gak bagus, padahal saya udah apdet berapa kalii, masa iya orang lain ngetag akun kita itu gak bisa di masukin ke cerita akun kitaa!!! Perbaharui lagii dong aplikasinya",,1,google_play_reviews,data/Review Instagram.csv,consumer_app_review,,,,,,254,254,43,43,5.91,0,0,0,0,2,0.0079,3,0,0,0.8372,,,,,INSUFFICIENT_TEMPORAL_DATA,,,,,INSUFFICIENT_ENGAGEMENT_DATA,negative,0.98,0.0107,0.0092,0.98,surprise,1
IG-000115,Oktavianti Oktavianti,"Ngga bisa buat story, kenapa ya kalok buat story pakek tata letak sama lagu pas mau di post kesalahan. Udah berulang kali loh kayak gini. Plis lah min perbaiki napa, padahal jaringan ku udah stabil loh",,3,google_play_reviews,data/Review Instagram.csv,consumer_app_review,,,,,,201,201,36,36,5.58,0,0,0,0,3,0.0149,0,0,0,0.9167,,,,,INSUFFICIENT_TEMPORAL_DATA,,,,,INSUFFICIENT_ENGAGEMENT_DATA,negative,0.9904,0.0056,0.0041,0.9904,surprise,0
IG-000116,Fathiyanazwa 02,"Sebel banget dari kemarin mau buka ig malah suruh login mulu. Giliran login malah ngga bisa nemuin akun. Tolong dong diperbaiki udah dari kemarin² nyoba login tetep ngga bisa, udh diapus terus didownload lagi tetep aja ngga bisa🗿",,1,google_play_reviews,data/Review Instagram.csv,consumer_app_review,,,,,,229,229,38,38,6.03,0,0,0,1,3,0.0131,0,0,0,0.8158,,,,,INSUFFICIENT_TEMPORAL_DATA,,,,,INSUFFICIENT_ENGAGEMENT_DATA,negative,0.9762,0.0036,0.0202,0.9762,anger,0
IG-000117,Ayodya Store,"Kenapa beberapa video di feed Instagram tidak bisa diputar lagi? Tidak ada tombol play nya dan bukan karena masa video kadaluarsa,padahal video yang lebih lama masih bisa diputar. Tolong kembalikan jadi normal ya , akan saya kasih bintang 5 jika video sudah dapat diputar lagi",,1,google_play_reviews,data/Review Instagram.csv,consumer_app_review,,,,,,276,276,45,45,6.13,0,0,0,0,4,0.0145,0,1,1,0.8667,,,,,INSUFFICIENT_TEMPORAL_DATA,,,,,INSUFFICIENT_ENGAGEMENT_DATA,negative,0.7358,0.014,0.2502,0.7358,surprise,1
IG-000118,Fayyadh Rantisi,"Saya sangat senang menggunakan Instagram. Tetapi saya sangat kecewa. karena setelah akun saya diretas, saya tidak bisa memulihkan akunnya. Saya mencoba untuk mendapatkan dukungan untuk mengambil video selfie. Tetapi hanya muncul layar kosong berwarna putih. Sampai sekarang belum ada respon dari pihak Instagram.",,2,google_play_reviews,data/Review Instagram.csv,consumer_app_review,,,,,,312,312,43,43,7.26,0,0,0,0,7,0.0224,0,0,0,0.814,,,,,INSUFFICIENT_TEMPORAL_DATA,,,,,INSUFFICIENT_ENGAGEMENT_DATA,negative,0.9959,0.0017,0.0024,0.9959,joy,1
IG-000119,ganks bocil,"dari segi manapun apk nya bagus' aja guys, tapi ada sisi lain yg harus di update yaitu fitur buat ganti music postingan yg udah di upload, sebagian besar org' bertanya tanya, bagaimana caranya ganti music postingan yg udah di upload? hal itu sebenar nya tidak ada guys, mencari tutor kesana kesini yang ada cuman tutor hapus dulu postingan nya trs upload lagi dengan music yang baru, kemungkin banyak bermanfaat buat org yg salah ambil music/music yang tidak sesuai vibe foto/video. sekian trmksh",,5,google_play_reviews,data/Review Instagram.csv,consumer_app_review,,,,,,496,496,82,82,6.05,0,0,0,0,0,0.0,0,1,0,0.7439,,,,,INSUFFICIENT_TEMPORAL_DATA,,,,,INSUFFICIENT_ENGAGEMENT_DATA,negative,0.6949,0.2398,0.0653,0.6949,anger,0
IG-000120,Masin Ucok,"Makin jelek aplikasinya, kalo ngeliat arsip story muter"" doang padahal jaringan wifi bagus pake data udah tapi sama aja muter"" doang, tolong di perbaikin aplikasi nya, agar pengguna yang lain lebih nyaman termasuk saya",,1,google_play_reviews,data/Review Instagram.csv,consumer_app_review,,,,,,218,218,34,34,6.41,0,0,0,0,1,0.0046,0,0,0,0.9706,,,,,INSUFFICIENT_TEMPORAL_DATA,,,,,INSUFFICIENT_ENGAGEMENT_DATA,negative,0.9974,0.0011,0.0015,0.9974,anger,0
IG-000121,Dinda Marpaung,"Instagram sebaiknya tetap mempertahankan fitur Archive Story, karena fitur ini sangat berguna untuk menyimpan kenangan dan momen berharga tanpa harus membagikannya secara permanen di profil. Selain itu, fitur ini memudahkan pengguna untuk melihat kembali cerita lama kapan saja, menjaga privasi, namun tetap bisa mengakses kenangan dengan mudah. Menghapus fitur ini akan mengurangi pengalaman pengguna yang sudah terbiasa menggunakannya.",,2,google_play_reviews,data/Review Instagram.csv,consumer_app_review,,,,,,437,437,58,58,7.53,0,0,0,0,5,0.0114,0,0,0,0.8448,,,,,INSUFFICIENT_TEMPORAL_DATA,,,,,INSUFFICIENT_ENGAGEMENT_DATA,positive,0.6499,0.6499,0.11,0.24,sadness,1
IG-000122,Shyella Lolowang,Kenapa akun saya tiba-tiba ditangguhkan ya?? Tanpa alasan yg jelas pdhl tidak melakukan pelanggaran loh terus loadingnya lama bngt udh kirim foto selfie untuk banding tp masih blm pulih klr kirim selfie juga layar langsung blank berubah jd hitam?? Udh sempet masuk habis itu muncul lagi notif buat kirim banding emangnya sekali kirim harus brp kali?? What happened to Instagram?? Sering-seringlah kek gini deh....,,1,google_play_reviews,data/Review Instagram.csv,consumer_app_review,,,,,,413,413,64,64,6.45,0,0,0,0,6,0.0145,0,8,0,0.9062,,,,,INSUFFICIENT_TEMPORAL_DATA,,,,,INSUFFICIENT_ENGAGEMENT_DATA,negative,0.9845,0.0091,0.0063,0.9845,surprise,0
IG-000123,Anggara rifky Saputra,"Untuk semua fitur sudah bagus tetapi satu menurut saya yg harus di tambahin ,min tolong untuk music di tambahin lagi waktu nya jangan cuman 15 detik aja minimal 30 detik TOLONGG!!!",,3,google_play_reviews,data/Review Instagram.csv,consumer_app_review,,,,,,180,180,31,31,5.81,0,0,0,0,8,0.0444,3,0,4,0.871,,,,,INSUFFICIENT_TEMPORAL_DATA,,,,,INSUFFICIENT_ENGAGEMENT_DATA,negative,0.9045,0.0327,0.0628,0.9045,joy,1
IG-000124,Matt Talamati,"Mengapa lagu di instagram hanya sedikit? Setengah lagu ada yang hilang , pas dicari gak dapat dapat , padahal instagram yang lalu semua musik nya ada. Tapi kenapa sekarang banyak sekali lagu yang hilang? Tolong buat lagunya jadi lengkap lagi...",,2,google_play_reviews,data/Review Instagram.csv,consumer_app_review,,,,,,244,244,40,40,6.1,0,0,0,0,4,0.0164,0,2,0,0.825,,,,,INSUFFICIENT_TEMPORAL_DATA,,,,,INSUFFICIENT_ENGAGEMENT_DATA,negative,0.9783,0.008,0.0137,0.9783,sadness,0
IG-000125,Game Account,"Aplikasinya makin lama makin buruk penuh bug, saya upload video sampe 3 jam gak selesai selesai padahal sinyal lancar, trus video yang seharusnya 6 menit kenapa malah jadi 13 menit. Tolong jika di update beneran dibenerin bug nya",,1,google_play_reviews,data/Review Instagram.csv,consumer_app_review,,,,,,229,229,38,38,6.03,0,0,0,0,2,0.0087,0,0,4,0.9211,,,,,INSUFFICIENT_TEMPORAL_DATA,,,,,INSUFFICIENT_ENGAGEMENT_DATA,negative,0.9969,0.0008,0.0023,0.9969,anger,0
IG-000126,kind person,"Tim instagram gk Becus, udh saya laporkan masalah akun karena sering bug untuk opsi memunculkan lagu sering hilang tapi gak ada tindakan apapun. Saya sebagai pengguna merasa tidak dianggap, tim instagram gk peduli sama sekali 🤣",,1,google_play_reviews,data/Review Instagram.csv,consumer_app_review,,,,,,227,227,36,36,6.31,0,0,0,1,3,0.0132,0,0,0,0.8611,,,,,INSUFFICIENT_TEMPORAL_DATA,,,,,INSUFFICIENT_ENGAGEMENT_DATA,negative,0.9845,0.007,0.0085,0.9845,sadness,1
IG-000127,Faizah Ratu Zalni,"Jelek banget update an nya, plis pas mau bikin story jadi ga enak. Tolong ganti ke yang lama aj, font nya pada berubah juga males bgt. Trus pas abis bikin story, gak masuk ke arsip jdi gbisa bikin hightlight :(",,1,google_play_reviews,data/Review Instagram.csv,consumer_app_review,,,,,,210,210,40,40,5.25,0,0,0,0,3,0.0143,0,0,0,0.9,,,,,INSUFFICIENT_TEMPORAL_DATA,,,,,INSUFFICIENT_ENGAGEMENT_DATA,negative,0.9975,0.001,0.0015,0.9975,anger,0
IG-000128,Refrina Matratilova,"Sebelumnya masih bisa untuk download foto dari yang di edit insta story, sekarang engga samsek 😬 jadi harus di ss dulu 😔 padahal dulu ngga gini deh, mohon perbaiki ya, selebihnya udah oke banget kok 😎 makasih kawandeu 🙏🏻",,4,google_play_reviews,data/Review Instagram.csv,consumer_app_review,,,,,,220,220,39,39,5.64,0,0,0,5,1,0.0045,0,0,0,0.9487,,,,,INSUFFICIENT_TEMPORAL_DATA,,,,,INSUFFICIENT_ENGAGEMENT_DATA,positive,0.4533,0.4533,0.4147,0.132,surprise,0
IG-000129,Sifa,"Setiap post feed yg lebih dari 10 selalu kedip2 fotonya dan tidak ter up, hanya bisa post feed lebih dari 10 jika tanpa menggunakan lagu.",,1,google_play_reviews,data/Review Instagram.csv,consumer_app_review,,,,,,137,137,25,25,5.48,0,0,0,0,1,0.0073,0,0,5,0.8,,,,,INSUFFICIENT_TEMPORAL_DATA,,,,,INSUFFICIENT_ENGAGEMENT_DATA,neutral,0.7408,0.0064,0.7408,0.2529,neutral,1
IG-000130,Billy Darmawan Lie,"Scrool dr atas kebawah atau sebaliknya tidak seperti biasanya,,ini terjadi setelah update yg terbaru Melihat foto slide ke 2 dan selanjutnya pun sulit Saya uda cek di aplikasi lain tidaj seperti ini,krna awalnya saya kira hp saya yg bermaslah Mohon diperbaiki",,2,google_play_reviews,data/Review Instagram.csv,consumer_app_review,,,,,,259,259,41,41,6.32,0,0,0,0,4,0.0154,0,0,1,0.9024,,,,,INSUFFICIENT_TEMPORAL_DATA,,,,,INSUFFICIENT_ENGAGEMENT_DATA,negative,0.9697,0.0089,0.0215,0.9697,anger,1
IG-000131,Nicholas Hia,"tolong kepada pihak ig untuk memperbaiki bug fc ( keluar sendiri ) karena dalam update sekarang ini, saya mengalami banyak sekali bug terutama bug fc padahal memori hp saya masih banyak dan jaringan juga bagus🙏",,1,google_play_reviews,data/Review Instagram.csv,consumer_app_review,,,,,,210,210,35,35,6.0,0,0,0,1,0,0.0,0,0,0,0.8571,,,,,INSUFFICIENT_TEMPORAL_DATA,,,,,INSUFFICIENT_ENGAGEMENT_DATA,neutral,0.6117,0.0144,0.6117,0.3739,neutral,1
IG-000132,Ryze9,"Kemungkinan banyak yang mengeluhkan persoalan ini, tolong untuk fitur lagu di post agar ditambahkan mengubah/menghapus lagu, saya harap tanggapannya segera terimakasih 🙏🙏",,2,google_play_reviews,data/Review Instagram.csv,consumer_app_review,,,,,,170,170,22,22,7.73,0,0,0,2,1,0.0059,0,0,0,1.0,,,,,INSUFFICIENT_TEMPORAL_DATA,,,,,INSUFFICIENT_ENGAGEMENT_DATA,neutral,0.9262,0.0165,0.9262,0.0573,neutral,1
IG-000133,Hilma Putri,"Fitur font awalnya sudah ada. Tiba2 hilang setelah bbrpa hari, bahkan bbrp fitur batu nggk masuk padahal sudah update ke versi terbaru, mana udh sebulan fitur klik link juga nggk bisa nyambung ke situsnya.",,1,google_play_reviews,data/Review Instagram.csv,consumer_app_review,,,,,,205,205,34,34,6.03,0,0,0,0,2,0.0098,0,0,1,0.8529,,,,,INSUFFICIENT_TEMPORAL_DATA,,,,,INSUFFICIENT_ENGAGEMENT_DATA,negative,0.9764,0.0023,0.0213,0.9764,sadness,0
IG-000134,Ega Tifani,"Aplikasi bagus, Tetapi saya mengalami kendala. Sore ini saya memposting foto di instagram tetapi setelah saya menambahkan lagu diposting saya, foto postingan saya menjadi ngezoom, sudah saya hapus dan saya coba lagi tetapi tetap sama. Tolong segera direspon dan diperbaiki, terimakasih",,1,google_play_reviews,data/Review Instagram.csv,consumer_app_review,,,,,,285,285,41,41,6.95,0,0,0,0,4,0.014,0,0,0,0.7805,,,,,INSUFFICIENT_TEMPORAL_DATA,,,,,INSUFFICIENT_ENGAGEMENT_DATA,negative,0.8268,0.0113,0.162,0.8268,anger,1
IG-000135,Devia Pebriyanti,"Rating⭐8/10✨ Keunggulan: dari jaman dulu memang aplikasi ini sangat bagus, bisa melihat foto artis bahkan aktor, artis luar negeri bahkan sampai mancanegara, bisa juga kita saling berinteraksi dengan idola kita. Selain itu, ada banyak filter yang sangat Bagus untuk mengambil foto, sehingga membuat kita jadi cantik. Kekurangan: Sekarang semakin lama apk ini semakin berbeda, dulu foto dan video di pisah tidak di satukan, tetapi sekarang di satukan dan di Campur hal itu membuat kuota jadi cpt habs",,3,google_play_reviews,data/Review Instagram.csv,consumer_app_review,,,,,,499,499,77,77,6.48,0,0,0,2,7,0.014,0,0,3,0.7922,,,,,INSUFFICIENT_TEMPORAL_DATA,,,,,INSUFFICIENT_ENGAGEMENT_DATA,positive,0.8547,0.8547,0.0406,0.1047,joy,1
IG-000136,Rina Asih,App-nya bagus cuma pas mau nyimpen foto itu lama banget padahal dulu ga sampai selama itu terus pas keluar lalu masuk lagi kirain dah masuk galeri ternyata ga ada tolong di perbaiki lagi plisss mau masuk akun gak bisa peringatannya itu seberapa sering anda di Instagram padahal kalo masuk gak pernah gitu mau ganti atau pindah aku juga gak bisa di perbaiki pilsss udah sering di update tapi tetep eror jangan sampe mau update lagi harus berbayar ya yang unduh rugi gak bisa masuk,,3,google_play_reviews,data/Review Instagram.csv,consumer_app_review,,,,,,479,479,84,84,5.7,0,0,0,0,2,0.0042,0,0,0,0.7024,,,,,INSUFFICIENT_TEMPORAL_DATA,,,,,INSUFFICIENT_ENGAGEMENT_DATA,negative,0.9898,0.0073,0.0029,0.9898,sadness,0
IG-000137,Dead Shadow,"Tolong perbaiki lagi untuk sistem Videocall dan telpon nya ya, saya akan kasih bintang 5 jika itu diperbaiki, seperti video melambat,buram,audio tiba tiba hilang,itu sangat mengesalkan",,4,google_play_reviews,data/Review Instagram.csv,consumer_app_review,,,,,,184,184,26,26,7.08,0,0,0,0,2,0.0109,0,0,1,0.9615,,,,,INSUFFICIENT_TEMPORAL_DATA,,,,,INSUFFICIENT_ENGAGEMENT_DATA,negative,0.9861,0.0121,0.0018,0.9861,surprise,1
IG-000138,Hismi Apriliani,"pas awal awal bagus si, tapi kenapa MAKIN KESINI MAKIN LAG JIR? kaya mau buka dm lowding nya lamaaaa banget banget banget, mau buka ig lowding nyaaa kaya abis paketan padahal pake wifi, di perbaik deh ya tolong banget ini mah.",,4,google_play_reviews,data/Review Instagram.csv,consumer_app_review,,,,,,226,226,41,41,5.51,0,0,0,0,22,0.0973,0,1,0,0.8049,,,,,INSUFFICIENT_TEMPORAL_DATA,,,,,INSUFFICIENT_ENGAGEMENT_DATA,negative,0.9959,0.0025,0.0016,0.9959,surprise,0
IG-000139,Ari Prabowo,"Posting snapgram grid fotonya selalu vertikal, setiap kali mau buat postingan foto tiba-tiba efek fotonya berubah. Aplikasi kadang saya update tapi hasilnya tetap sama",,2,google_play_reviews,data/Review Instagram.csv,consumer_app_review,,,,,,167,167,24,24,6.96,0,0,0,0,2,0.012,0,0,0,0.9583,,,,,INSUFFICIENT_TEMPORAL_DATA,,,,,INSUFFICIENT_ENGAGEMENT_DATA,neutral,0.9369,0.049,0.9369,0.0141,neutral,0
IG-000140,Alitsky,"Ada masalah yg saya temukan, Lagi. Dimana video yang saya simpan dalam bentuk reels tidak ada di bagian ""reels"" dalam tersimpan di bagian ""semua postingan"". Nah kejadian ini bukan 1 2 kali saya alami, tapi udh sering. Jadi beberapa reels baru yg saya simpan tidak akan muncul di bagian ""reels"", malahan ada di bagian yang satunya lagi. Tolong cepat di perbaiki, terimakasih.",,3,google_play_reviews,data/Review Instagram.csv,consumer_app_review,,,,,,374,374,62,62,6.03,0,0,0,0,6,0.016,0,0,2,0.6935,,,,,INSUFFICIENT_TEMPORAL_DATA,,,,,INSUFFICIENT_ENGAGEMENT_DATA,negative,0.9533,0.0173,0.0294,0.9533,anger,1
IG-000141,Alifah Salma,"Maaf saya beri bintang 1.karena saya cukup kecewa dgn sistem instagramnya yg skrng. Keluhan saya ialah, kerena tdk bisa membuka reels dan foto. Menonton reels saja tidak bisa, padahal jaringan dan hpnya masih baik. Tolong perbaikannya dan tolong update nya lebih spesifikasi lagi",,1,google_play_reviews,data/Review Instagram.csv,consumer_app_review,,,,,,279,279,43,43,6.49,0,0,0,0,4,0.0143,0,0,1,0.8605,,,,,INSUFFICIENT_TEMPORAL_DATA,,,,,INSUFFICIENT_ENGAGEMENT_DATA,negative,0.9696,0.0051,0.0253,0.9696,sadness,1
IG-000142,Tiara Airafaras,Perasaan dulu bisa up banyak gambar dalam satu postingan. Kenapa ini gak? Harus dibikin draft dulu baru bisa di upload. Idih bikin gregetan aja. Habis itu bagian lagu nya gak bisa di edit lagi malah kek eror dan lemot,,1,google_play_reviews,data/Review Instagram.csv,consumer_app_review,,,,,,217,217,39,39,5.56,0,0,0,0,5,0.023,0,1,0,0.8974,,,,,INSUFFICIENT_TEMPORAL_DATA,,,,,INSUFFICIENT_ENGAGEMENT_DATA,negative,0.995,0.0038,0.0012,0.995,surprise,0
IG-000143,Syahrizal Mahesa,"Kalo mau buka filter Ig suka bug teruss gabisa ngedit foto yg ada d galeri , selalu muncul foto"" yg langsung d IG nya maap kasih bintang 1 soalnya udah d update juga tetep kaya gitu , mungkin ada pengaturan nya tapi udh d cari"" masih ga ketemu 🙏",,1,google_play_reviews,data/Review Instagram.csv,consumer_app_review,,,,,,245,245,49,49,5.0,0,0,0,1,4,0.0163,0,0,1,0.8367,,,,,INSUFFICIENT_TEMPORAL_DATA,,,,,INSUFFICIENT_ENGAGEMENT_DATA,negative,0.868,0.0361,0.0959,0.868,joy,0
IG-000144,lusi susilawati,"Makin parah aja ,akun lama kena suspend padahal gak ngapangapain banding gak bisa ga dikirim kirim kodenya, bikin akun baru lihat foto sendiri aja gak bisa dibatasi katanya. Untung aja bukan akun jualan hanya akun pribadi dan sayang sama arsipnya sih,",,1,google_play_reviews,data/Review Instagram.csv,consumer_app_review,,,,,,251,251,41,41,6.12,0,0,0,0,2,0.008,0,0,0,0.8293,,,,,INSUFFICIENT_TEMPORAL_DATA,,,,,INSUFFICIENT_ENGAGEMENT_DATA,negative,0.9925,0.0059,0.0016,0.9925,anger,0
IG-000145,Darusman Kantan,"kenapa saya memberi bintang 1,karena akun saya selalu ada masalah seperti follower menurun tiap waktu hingga follower saya mencapai angka 0,suda sya laporkan terus tapi tidak ada perbaikan sama sekali, kejadian ini pun sudah kesekian kalinya,padahal akun saya murni dari awal buat hingga sampai sekarang,masalah nya pasti di follower terus,tolong ya pihak instagram untuk segera memperbaiki masalah di akun saya ini _018kantan follower saya ini lama lama menurun sampai ke angka 0,tolong di perbaiki",,1,google_play_reviews,data/Review Instagram.csv,consumer_app_review,,,,,,499,499,74,74,6.74,0,0,0,0,0,0.0,0,0,6,0.7162,,,,,INSUFFICIENT_TEMPORAL_DATA,,,,,INSUFFICIENT_ENGAGEMENT_DATA,negative,0.9767,0.0111,0.0122,0.9767,surprise,1
IG-000146,Naufal Abid,"Saya suka namun, sering kali dalam penggunaan saya terjadi bug seperti tidak berfungsi nya siaran langsung, tag story, dan saya sudah laporan kan serta ajukan banding, namun pihak developer tidak merespon bug tersebut di akun saya",,3,google_play_reviews,data/Review Instagram.csv,consumer_app_review,,,,,,230,230,36,36,6.39,0,0,0,0,1,0.0043,0,0,0,0.8611,,,,,INSUFFICIENT_TEMPORAL_DATA,,,,,INSUFFICIENT_ENGAGEMENT_DATA,negative,0.9012,0.0076,0.0912,0.9012,joy,1
IG-000147,Xiaomi Ind,"Sound musik di catatan & story ga tersedia lagi secara tb², bertuliskan ""Lagu yang Anda pilih mungkin tidak tersedia di semua negara"". Tolong pihak instagram bagaimana caranya biar bisa balik lagi sound musik nya",,2,google_play_reviews,data/Review Instagram.csv,consumer_app_review,,,,,,212,212,34,34,6.24,0,0,0,0,4,0.0189,0,0,0,0.8529,,,,,INSUFFICIENT_TEMPORAL_DATA,,,,,INSUFFICIENT_ENGAGEMENT_DATA,negative,0.5173,0.0082,0.4745,0.5173,anger,0
IG-000148,Dian,"Kasing bintang 1 soalnya pas mau buat akub baru kok gk bisa yah? Selalu muncul tulisan""terjadi kesalahan jaringan yang tidak di ketahui""pdhl jaringannya masih bagus bgt,udh pake wifi,data sendiri tetep aja g bisa,pdhl sblum²ny bisa,helpp...tolong di perbaiki😭😭",,1,google_play_reviews,data/Review Instagram.csv,consumer_app_review,,,,,,260,260,37,37,7.03,0,0,0,2,2,0.0077,0,1,1,0.973,,,,,INSUFFICIENT_TEMPORAL_DATA,,,,,INSUFFICIENT_ENGAGEMENT_DATA,negative,0.7228,0.013,0.2642,0.7228,surprise,0
IG-000149,Rizki Maulana,"Akun saya dinonaktifkan dengan keterangan pelanggaran pedoman, padahal saya tidak berbuat aneh"" di ig dan jarang menggunakannya, ketika aju banding dipersulit, ketika buat akun baru dipersulit dan pasti akan di tangguhkan dan ujung-ujungnya dinonaktifkan. Kecewa",,1,google_play_reviews,data/Review Instagram.csv,consumer_app_review,,,,,,262,262,35,35,7.49,0,0,0,0,2,0.0076,0,0,0,0.8286,,,,,INSUFFICIENT_TEMPORAL_DATA,,,,,INSUFFICIENT_ENGAGEMENT_DATA,negative,0.9965,0.0025,0.001,0.9965,sadness,1
IG-000150,manda,"fitur pada cutouts tidak berjalan dengan baik, saat ingin digunakan tidak dapat memotong dengan baik sehingga tidak bisa menjadi stiker, seharusnya dalam memotong gambar png mulus dan lancar saja, saya akan memberi bintang lima jika sudah diperbaiki, tolong kepada pihak instagram saya sangat suka sekali dengan fitur ini",,3,google_play_reviews,data/Review Instagram.csv,consumer_app_review,,,,,,321,321,48,48,6.69,0,0,0,0,0,0.0,0,0,0,0.8542,,,,,INSUFFICIENT_TEMPORAL_DATA,,,,,INSUFFICIENT_ENGAGEMENT_DATA,positive,0.9922,0.9922,0.002,0.0058,joy,1
IG-000151,keysha,"apknya bagus, dan memiliki banyak filter. tapi tolong diperbaiki bug story nya, saya up story tapi tertulis 'cerita ini tidak tersedia' saat teman saya membuka story saya. padahal saya belum hapus story itu, tolong diperbaiki juga bug terjemahan bio nya, saya ketik apa terjemahan nya apa. tolong segera di perbaiki, terimakasih",,3,google_play_reviews,data/Review Instagram.csv,consumer_app_review,,,,,,328,328,51,51,6.43,0,0,0,0,0,0.0,0,0,0,0.7451,,,,,INSUFFICIENT_TEMPORAL_DATA,,,,,INSUFFICIENT_ENGAGEMENT_DATA,negative,0.9374,0.0112,0.0514,0.9374,anger,1
IG-000152,Nita Candra,"Bagus, cuman postingan saya tiba tiba hilang lagu nya & saat diganti tetap hilang dan tidak bisa diganti lagi. Saya juga tidak bisa mendengarkan lagu yang di postingan saya tetapi di akun lain bisa. Dan setiap upload story + lagu jadi blur, padahal foto aslinya HD",,3,google_play_reviews,data/Review Instagram.csv,consumer_app_review,,,,,,264,264,46,46,5.74,0,0,0,0,5,0.0189,0,0,0,0.7391,,,,,INSUFFICIENT_TEMPORAL_DATA,,,,,INSUFFICIENT_ENGAGEMENT_DATA,negative,0.993,0.0023,0.0047,0.993,sadness,1
IG-000153,Ravina Army,"Akhir² ini apk ini aneh, ngk sebagus dulu Arsip video ngk bisa di putar, dan beberapa tidak terlihat padahal ngk di hpus permanen Tolong lah apk ini dah di anggap tempat album ke 2 setelah foto jdi tolong bgt jgn sampe di hilangkan yang ada di arsip",,3,google_play_reviews,data/Review Instagram.csv,consumer_app_review,,,,,,249,249,47,47,5.3,0,0,0,0,3,0.012,0,0,1,0.766,,,,,INSUFFICIENT_TEMPORAL_DATA,,,,,INSUFFICIENT_ENGAGEMENT_DATA,negative,0.9722,0.0037,0.024,0.9722,anger,0
IG-000154,Hukaimatul Haq Lukman AIMA,"bro, apk nya keren tpi jgn hapus arsip ya. Kenangan gue bykk disituu minnn, nnti nyimpen kenangan dimana lagiii huhuhuhuhu. Oh ya 1 lagi, udh update ig tpi yg ter-update cm akun ke 1 tpi akun ke2 ga ke update alias masih fitur lama. Trus juga klo mau upload story tb² muncul ""kesalahan"" pdhl yg mau di upload hal yg baik² aja. Tolong yee tingkatkan lagi nih instagram, nnti gue ksih ☆5😄.",,3,google_play_reviews,data/Review Instagram.csv,consumer_app_review,,,,,,387,387,72,72,5.38,0,0,0,2,4,0.0103,0,0,4,0.8194,,,,,INSUFFICIENT_TEMPORAL_DATA,,,,,INSUFFICIENT_ENGAGEMENT_DATA,negative,0.9588,0.0165,0.0246,0.9588,sadness,0
IG-000155,Ricelle Novfraensta,"Mohon mudahkan dalam pemulihan akun instagram yang lupa password serta email dan nomor telepon sudah tidak aktif dipermudahkan. Dengan mengirimkan identitas foto selfie, tetapi ketika pilih opsi tersebut mohon jangan bertanya lagi tentang passwordnya apa terkahir kali dipakai, jadi saya ingin memulihkan akun tersebut semakin sangat sulit. Saya mohon bantuannya peemudahkan untuk instagram, karena saya ingin memulihkan akun instagram yang sudah 5 tahun lalu.",,1,google_play_reviews,data/Review Instagram.csv,consumer_app_review,,,,,,460,460,64,64,7.19,0,0,0,0,3,0.0065,0,0,1,0.8125,,,,,INSUFFICIENT_TEMPORAL_DATA,,,,,INSUFFICIENT_ENGAGEMENT_DATA,negative,0.7715,0.0671,0.1613,0.7715,anger,1
IG-000156,Ahmad Husaeni,Bagus akan tetapi berikan prioritas khusus atau fitur khusus untuk disabilitas Saya rasa apa yang terjadi pihak center Instagram pun juga mengetahuinya mengenai kelemahan disabilitas di Instagram Mohon maaf untuk saat ini Terkadang untuk pengguna tersebut Instagram agak sedikit lemot atau terkadang sedikit bermasalah Tolong dibantu ya agar lebih bagus dan lebih meningkat dan lebih baik untuk semuanya terima kasih Maaf kalimat ini untuk pengguna disabilitas tunanetra ya mohon dibantu,,4,google_play_reviews,data/Review Instagram.csv,consumer_app_review,,,,,,487,487,70,70,6.96,0,0,0,0,9,0.0185,0,0,0,0.6857,,,,,INSUFFICIENT_TEMPORAL_DATA,,,,,INSUFFICIENT_ENGAGEMENT_DATA,negative,0.6376,0.2307,0.1317,0.6376,joy,1
IG-000157,Aisya Aulia,"hanya bintang 1?? mengapaa?? tentunya karena terlalu banyak bug sehingga saya tidak dapat login, masalahnya saya akan mengikuti suatu kegiatan yang mengharuskan follow akun umum penyelenggara. jangan salah, saya sudah instal-uninstal instagram & instagram lite, tentu saja hasilnya sama. kegiatannya hari ini pulaa",,1,google_play_reviews,data/Review Instagram.csv,consumer_app_review,,,,,,314,314,43,43,7.3,0,0,0,0,0,0.0,0,4,1,0.9302,,,,,INSUFFICIENT_TEMPORAL_DATA,,,,,INSUFFICIENT_ENGAGEMENT_DATA,negative,0.8884,0.071,0.0406,0.8884,anger,1
IG-000158,Rukma inna,"halo developer, aplikasi ig ku fitur komen storynya blm ada, dan fitur template yg lagi trend bagian story jg blm bisa :( kenapa yah apk instagram saya suka telat ter update ke versi terbaru nya? padahal aku rajin banget loh buat update ke versi terbaru nya, tolong dipercepat jg dong update tan aplikasi ke versi terbarunya untuk di akun aku",,1,google_play_reviews,data/Review Instagram.csv,consumer_app_review,,,,,,342,342,60,60,5.7,0,0,0,0,0,0.0,0,1,0,0.8,,,,,INSUFFICIENT_TEMPORAL_DATA,,,,,INSUFFICIENT_ENGAGEMENT_DATA,negative,0.8599,0.0679,0.0722,0.8599,surprise,0
IG-000159,Fajar Ramadhan,"Kok bisa Main account sama Second account saya beda versinya. Di Second account saya bisa menambahkan komentar di Stories orang dan saat menambahkan konten orang ke storie (video) bentuk shape nya seperti di Iphone (saya pakai Android) sedangkan di Main account saya ga bisa, padahal saya lebih sering aktif di Main account",,3,google_play_reviews,data/Review Instagram.csv,consumer_app_review,,,,,,323,323,52,52,6.21,0,0,0,0,10,0.031,0,0,0,0.6731,,,,,INSUFFICIENT_TEMPORAL_DATA,,,,,INSUFFICIENT_ENGAGEMENT_DATA,negative,0.541,0.0242,0.4347,0.541,surprise,1
IG-000160,Aziz Rifai,Setelah diupdate malah leletnya ampun2an.. padahal aplikasi lain berjalan lancar. Ini buat buka video sama foto hampir setahun baru bisa dibuka.. pas udah kebuka nggak sadar kalo udah idul fitri,,5,google_play_reviews,data/Review Instagram.csv,consumer_app_review,,,,,,194,194,30,30,6.47,0,0,0,0,2,0.0103,0,0,1,0.9667,,,,,INSUFFICIENT_TEMPORAL_DATA,,,,,INSUFFICIENT_ENGAGEMENT_DATA,negative,0.9941,0.003,0.0029,0.9941,anger,0
IG-000161,Icha Melisa,Semakin di update semakin meresahkan masa udah di setting tetap ga ada perubahan nya sih kesel banget tiap update beda² kesalahannya bukannya makin bagus malah bikin rumit bagusan yang kemarin nyesel banget gw update dan kenapa setiap liat sg video nya tuh suka gak kebuka/cuma diem aja tapi suara nya ada mohon di perbaiki🙏🏻,,1,google_play_reviews,data/Review Instagram.csv,consumer_app_review,,,,,,325,325,54,54,6.02,0,0,0,2,1,0.0031,0,0,0,0.8333,,,,,INSUFFICIENT_TEMPORAL_DATA,,,,,INSUFFICIENT_ENGAGEMENT_DATA,negative,0.9661,0.0169,0.017,0.9661,surprise,0
IG-000162,Ervin Hermawan,"tolong dong. kenapa dengan Instagram ku!! lag parah sinyalnya muter muter doang. paket banyak sinyal bagus untuk yang lain, cuman untuk Instagram!!!. tolong di perbaiki tolonggg🙏🏼 beberapa orang juga sama lag jumping.",,2,google_play_reviews,data/Review Instagram.csv,consumer_app_review,,,,,,217,217,32,32,6.78,0,0,0,2,2,0.0092,5,0,0,0.875,,,,,INSUFFICIENT_TEMPORAL_DATA,,,,,INSUFFICIENT_ENGAGEMENT_DATA,negative,0.9907,0.0027,0.0066,0.9907,anger,0
IG-000163,Ayyub Nurdin,"Kenapa postingan video saya sebagian di freeze/tidak bisa diputar dan menjadi gambar. Tolong disediakan fitur mengganti musik di postingan, apalagi kalau audio tidak tersedia lagi bisa diganti. Musik di profil tidak muncul",,3,google_play_reviews,data/Review Instagram.csv,consumer_app_review,,,,,,222,222,32,32,6.94,0,0,0,0,3,0.0135,0,0,0,0.8438,,,,,INSUFFICIENT_TEMPORAL_DATA,,,,,INSUFFICIENT_ENGAGEMENT_DATA,negative,0.794,0.0145,0.1915,0.794,surprise,1
IG-000164,Dwi Rahmadani,"Ig tolong fitur draf nya lebih di optimalkan, supaya foto video yg disimpan di draf tidak hilang jika menghapus data/menguninstal aplikasi instagram. Saya tidak sengaja menghapus data aplikasi dan smua isi draf hilang, tolong pihak instagram lebih dioptimal kan lagi fitur draf nya. Atau beri solusi untuk memulihkan kembali foto video di draf yg hilang sebelum 7hari. Pasti banyak pengguna instagram lain yg mengalami hal seperti ini juga, jadi mohon bantuan nya🙏🏻",,1,google_play_reviews,data/Review Instagram.csv,consumer_app_review,,,,,,465,465,72,72,6.46,0,0,0,2,4,0.0086,0,0,1,0.75,,,,,INSUFFICIENT_TEMPORAL_DATA,,,,,INSUFFICIENT_ENGAGEMENT_DATA,neutral,0.5962,0.1152,0.5962,0.2886,sadness,1
IG-000165,Zenkaizx,"Instagram tolong di balikan fitur seperti dulu kan kita sudah simpan lagu favorit kita, tolong kalo mau post ke story fitur musik ""disimpan paling atas"" di balikin lagi dong selebihnya sudah bagus trmksih🥰",,5,google_play_reviews,data/Review Instagram.csv,consumer_app_review,,,,,,205,205,33,33,6.21,0,0,0,1,1,0.0049,0,0,0,0.8788,,,,,INSUFFICIENT_TEMPORAL_DATA,,,,,INSUFFICIENT_ENGAGEMENT_DATA,neutral,0.4937,0.1197,0.4937,0.3866,joy,0
IG-000166,DeniFarid,Tidak dapat mengganti musik yang sudah di sematkan di profil. Tidak dapat melihat atau mengganti musik yang ada di profil sendiri. Pengaturannya juga menghilang. Padahal lagu yang saya tambahkan bisa dilihat oleh follower namun tidak dengan diri sendiri.,,1,google_play_reviews,data/Review Instagram.csv,consumer_app_review,,,,,,254,254,38,38,6.68,0,0,0,0,4,0.0157,0,0,0,0.7368,,,,,INSUFFICIENT_TEMPORAL_DATA,,,,,INSUFFICIENT_ENGAGEMENT_DATA,negative,0.9813,0.0032,0.0155,0.9813,anger,1
IG-000167,Ceng Harom,"setelah update kok kenapa ya setiap ngirim pesan malah muter terus kemaren"" gapernah kayak gitu tolong dong instagram kenapa malah jadi aneh gini pliss lah jangan update terus cape nih malah tambah banyak bug nya",,1,google_play_reviews,data/Review Instagram.csv,consumer_app_review,,,,,,212,212,35,35,6.06,0,0,0,0,0,0.0,0,0,0,0.8571,,,,,INSUFFICIENT_TEMPORAL_DATA,,,,,INSUFFICIENT_ENGAGEMENT_DATA,negative,0.9973,0.0012,0.0015,0.9973,surprise,0
IG-000168,Aly Furqaan Abdurrafi,"Saran saya untuk instagram kedepannya adalah lebih mendengarkan pengguna khususnya kreator dan pebisnis yang memulai usahanya di platform ini. Dengan memahami dan mendengarkan mereka, saya yakin Instagram kedepannya bisa bersaing dengan platform lain bahkan menggulinya. Dan, saya juga berharap fitur yang ditambahkan Instagram bukan hanya fitur kustomisasi saja, melainkan fitur yang menambah jangkauan postingan dan memperkuat hubungan antara audience dengan kreator.",,5,google_play_reviews,data/Review Instagram.csv,consumer_app_review,,,,,,469,469,61,61,7.69,0,0,0,0,5,0.0107,0,0,0,0.7541,,,,,INSUFFICIENT_TEMPORAL_DATA,,,,,INSUFFICIENT_ENGAGEMENT_DATA,positive,0.9662,0.9662,0.0277,0.0061,joy,1
IG-000169,Ela Champion,"Kenapa sekarang sorotan tidak bisa di simpan, fitur musik juga hilang dati feed, tolong diperbaiki ya.. Kalau masalah nya belum di update.. Saya sudah update aplikasi nya.. Tetap saja tidak bisa",,1,google_play_reviews,data/Review Instagram.csv,consumer_app_review,,,,,,194,194,31,31,6.26,0,0,0,0,4,0.0206,0,0,0,0.9032,,,,,INSUFFICIENT_TEMPORAL_DATA,,,,,INSUFFICIENT_ENGAGEMENT_DATA,negative,0.9468,0.0021,0.0511,0.9468,sadness,1
IG-000170,Firman Kasim,Saya beri bintang tiga 3️⃣ karena fitur dalam aplikasi ini kurang fitur yang kurang dalam aplikasi instagram seperti menyembunyikan daftar mengikuti seperti di aplikasi Facebook dan TikTok mungkin cuman itu fitur yang kurang dalam aplikasi ini,,3,google_play_reviews,data/Review Instagram.csv,consumer_app_review,,,,,,243,243,36,36,6.75,0,0,0,0,4,0.0165,0,0,1,0.6667,,,,,INSUFFICIENT_TEMPORAL_DATA,,,,,INSUFFICIENT_ENGAGEMENT_DATA,negative,0.5373,0.062,0.4007,0.5373,anger,1
IG-000171,13 Kalviyan Ixc,"Ini kenapa belakangan ini kayak lag memuat trus, postingan nya susah muncul nya/ tidak kelihatan? Padahal sinyal lancar full, kuota banyak, wifi on jaringan bagus, kenapa kok kayak lag dan memuat lama bnget posting postingan nyab",,1,google_play_reviews,data/Review Instagram.csv,consumer_app_review,,,,,,229,229,36,36,6.36,0,0,0,0,2,0.0087,0,1,0,0.8333,,,,,INSUFFICIENT_TEMPORAL_DATA,,,,,INSUFFICIENT_ENGAGEMENT_DATA,negative,0.9944,0.0039,0.0017,0.9944,surprise,0
IG-000172,REG_24_Nor Khosiah,"Kenapa ya pas saya liat postingan teman saya kok nggak ada lagunya padahal waktu pertama kali itu ada, sekarang kok gaada suaranya Terus terkadang itu saya nggak bisa lihat komenan Maksudnya di button nya itu udah ada beberapa yang komen pas dibuka malah tidak tersedia wkwk Itu kenapa ya min ☹️☹️, plis lahh tolong perbaiki",,2,google_play_reviews,data/Review Instagram.csv,consumer_app_review,,,,,,324,324,55,55,5.89,0,0,0,2,4,0.0123,0,0,0,0.8,,,,,INSUFFICIENT_TEMPORAL_DATA,,,,,INSUFFICIENT_ENGAGEMENT_DATA,negative,0.9903,0.0025,0.0072,0.9903,surprise,0
IG-000173,Nadilla Cahyati,"aplikasinya bagus, karna ada reels juga jadi ga perlu aplikasi sebelah, tapi saya sangat kecewa igtv tidak ada, sekarang malah kaya liat video di reels tapi durasi lama gitu aja, kalo dulu kan enak liat igtv bisa di pindahin tu banyak pilihan, igtv sangat membantu saya dikala saya sedang suntuk, disana ada video seperti masak masak, streamer dll KECEWA BANGET IGTV DI APUS, kalo igtv di pisah aplikasinya kan ga bisa aku download tolong lah balikin igtv",,3,google_play_reviews,data/Review Instagram.csv,consumer_app_review,,,,,,455,455,77,77,5.91,0,0,0,0,22,0.0484,0,0,0,0.7143,,,,,INSUFFICIENT_TEMPORAL_DATA,,,,,INSUFFICIENT_ENGAGEMENT_DATA,negative,0.9944,0.0042,0.0014,0.9944,sadness,0
IG-000174,Tio Gypsum (Topan Adistiono),Ingin menggunakan apk tersebut dengan mudah di pahami dan tidak lelet dalam pemutaran vidio dalam aplikasi tersebut...mohon untuk memberikan yang terbaik.,,5,google_play_reviews,data/Review Instagram.csv,consumer_app_review,,,,,,154,154,21,21,7.33,0,0,0,0,1,0.0065,0,0,0,0.9524,,,,,INSUFFICIENT_TEMPORAL_DATA,,,,,INSUFFICIENT_ENGAGEMENT_DATA,neutral,0.7679,0.1708,0.7679,0.0613,neutral,1
IG-000175,Ega Ainayah,"Makin aneh deh, masa tiap habis di upgrade aja kendala nya. Susah login lah, reels ilang lah. Kenapa si instagram. Skrg ada masalah baru 2024 kudu diliatin dlu baru bisa ke upload, trus mau ngerepotin postingan feed ke SG jga gabisa. Lemot parah",,1,google_play_reviews,data/Review Instagram.csv,consumer_app_review,,,,,,245,245,43,43,5.7,0,0,0,0,7,0.0286,0,0,4,0.9535,,,,,INSUFFICIENT_TEMPORAL_DATA,,,,,INSUFFICIENT_ENGAGEMENT_DATA,negative,0.9975,0.0011,0.0014,0.9975,anger,0
IG-000176,William Sigalemba,"tolong meta jawab, ini dari kemarin ig saya tidak bisa upload story, saya sudah coba segala cara mulai dari restart hp, hapus data, hapus chace, instal ulang, login logout, tapi tetap tidak bisa upload story, dengan ada keterangan menunggu koneksi, tapi aktifitas lain selain story masih bisa dilakukan, yang artinya jaringan bagus",,1,google_play_reviews,data/Review Instagram.csv,consumer_app_review,,,,,,331,331,52,52,6.37,0,0,0,0,0,0.0,0,0,0,0.8269,,,,,INSUFFICIENT_TEMPORAL_DATA,,,,,INSUFFICIENT_ENGAGEMENT_DATA,neutral,0.7422,0.1074,0.7422,0.1504,joy,1
IG-000177,Amar Gumilar,"Ini knp setelah di update profil nya berubah di tambah keterangan pengikut,mengikuti,dan postingannya berubah jadi agak ngebug,jelek. Tolong di perbaiki lagi",,2,google_play_reviews,data/Review Instagram.csv,consumer_app_review,,,,,,157,157,21,21,7.48,0,0,0,0,2,0.0127,0,0,0,0.8571,,,,,INSUFFICIENT_TEMPORAL_DATA,,,,,INSUFFICIENT_ENGAGEMENT_DATA,negative,0.9966,0.0011,0.0024,0.9966,anger,0
IG-000178,Ricky Christino,"Setiap kali telat update aplikasi jadi sering ngeloading padahal kuota masih banyak penyimpanan juga aman, dan buka aplikasi lain juga ga pegat"" tuh nonton video sama buka foto juga.",,2,google_play_reviews,data/Review Instagram.csv,consumer_app_review,,,,,,182,182,29,29,6.28,0,0,0,0,1,0.0055,0,0,0,0.8966,,,,,INSUFFICIENT_TEMPORAL_DATA,,,,,INSUFFICIENT_ENGAGEMENT_DATA,positive,0.977,0.977,0.0112,0.0118,joy,0
IG-000179,Ikrar Putra Nusa Bhakti-2023,"tolong instagram perbaiki bug force close saat membuka feeds, setelah update patch terbaru ini terdapat bug tersebut. tidak semua akun mendapatkan fitur terbaru, tolong perbaiki bug tersebut. Dan banyak akun yang tidak bisa upload foto lalu muncul pop up ""kesalahan"".",,1,google_play_reviews,data/Review Instagram.csv,consumer_app_review,,,,,,267,267,40,40,6.68,0,0,0,0,1,0.0037,0,0,0,0.825,,,,,INSUFFICIENT_TEMPORAL_DATA,,,,,INSUFFICIENT_ENGAGEMENT_DATA,negative,0.9857,0.0025,0.0119,0.9857,anger,1
IG-000180,christine,"ini kok story-story yg lama jd hilang ya dibikin? trus story yg lama juga kualitasnya ga hd lagi malah blur. makin lama kok makin ga jelas Instagram ni, yg paling kesal tu kenapa story yg udh lama dihilangkan??? padahal di archive kami simpan karna kalau kgn momennya ya tinggal liat di archive instagram la. tolong ya pihak instagram untuk mengatasi ini dan bikan kualitasnya ttp hd tolong kali, mks",,1,google_play_reviews,data/Review Instagram.csv,consumer_app_review,,,,,,400,400,69,69,5.8,0,0,0,0,1,0.0025,0,4,0,0.7101,,,,,INSUFFICIENT_TEMPORAL_DATA,,,,,INSUFFICIENT_ENGAGEMENT_DATA,negative,0.9934,0.0041,0.0025,0.9934,anger,0
IG-000181,Fattan,"Bnyk bug nya, contoh pas dlm mode Gelap.. itu sering kali nge bug, smuanya mlah kek eror gitu trus jg tulisannya dll.. jg kg kliatan, APLI KEBNYKN BUG NYA Fitur unduh di ig ga berguna, percuma klo ngunduh tanpa audio/suara...dan fitur unduh ini jarang tersedia di video, JELEK JELEK JELEK",,1,google_play_reviews,data/Review Instagram.csv,consumer_app_review,,,,,,288,288,50,50,5.76,0,0,0,0,35,0.1215,0,0,0,0.86,,,,,INSUFFICIENT_TEMPORAL_DATA,,,,,INSUFFICIENT_ENGAGEMENT_DATA,negative,0.9929,0.005,0.002,0.9929,anger,0
IG-000182,Ahmad Adib,"Entah kenapa fitur2 instagram tidak bekerja di hp saya. Contohnya saat repost reels, tidak bisa auto fullscreen padahal saya sudah tarik dgn 2 jari seperti kata instagram, tapi di teman2 saya berjalan dgn mulus",,1,google_play_reviews,data/Review Instagram.csv,consumer_app_review,,,,,,210,210,34,34,6.18,0,0,0,0,2,0.0095,0,0,3,0.8824,,,,,INSUFFICIENT_TEMPORAL_DATA,,,,,INSUFFICIENT_ENGAGEMENT_DATA,negative,0.5662,0.3655,0.0683,0.5662,surprise,1
IG-000183,devista,"Instagram knp sih??tolong lah bikin fitur yg berguna aja, pls jangan ilangin arsip story, itu penting bgt isi²nya kenangan semua, sengaja bikin sg trs mskin ke sorotan/simpen di arsip malah di apus kan percuma(?), sama aja boong, tolong lah Instagram jangan apus arsip story. Instagram sebaiknya tetap mempertahankan fitur Archive Story, karena fitur ini sangat berguna untuk menyimpan kenangan dan momen berharga tanpa harus membagikannya secara permanen di profil.",,1,google_play_reviews,data/Review Instagram.csv,consumer_app_review,,,,,,466,466,69,69,6.75,0,0,0,0,5,0.0107,0,3,0,0.7826,,,,,INSUFFICIENT_TEMPORAL_DATA,,,,,INSUFFICIENT_ENGAGEMENT_DATA,negative,0.8798,0.064,0.0562,0.8798,sadness,1
IG-000184,Sinta Ayu Novianti,"aplikasinya sekarang ngebug parah, story tidak bisa dilihat, tidak bisa direfresh, arsip hilang. tolong perbaiki bug nya secepatnya karena jadinya kita sebagai pengguna terganggu sekali dengan bug yang ada",,1,google_play_reviews,data/Review Instagram.csv,consumer_app_review,,,,,,205,205,29,29,7.07,0,0,0,0,0,0.0,0,0,0,0.8966,,,,,INSUFFICIENT_TEMPORAL_DATA,,,,,INSUFFICIENT_ENGAGEMENT_DATA,negative,0.997,0.0016,0.0014,0.997,anger,1
IG-000185,Darren Lengkong,"Boleh lah, fitur² nya makin bagus dan kreatif. semakin banyak cara untuk mengekspresikan diri, seperti fitur catatan yang lumayan unik saya bisa mengekspresikan perasaan saya sesederhana dengan memasang lagu & kata², tidak hanya terbatas pada story, postingan, reels, dll",,5,google_play_reviews,data/Review Instagram.csv,consumer_app_review,,,,,,271,271,39,39,6.95,0,0,0,0,1,0.0037,0,0,0,0.9487,,,,,INSUFFICIENT_TEMPORAL_DATA,,,,,INSUFFICIENT_ENGAGEMENT_DATA,positive,0.9591,0.9591,0.0364,0.0044,joy,1
IG-000186,Ajeng Sulthonah Al-Adawiyah,"Setelah di upgrade Instagram sekarang kurang enak untuk dipakai karena notifikasi nya ngak bisa dihapus muncul pesan "" gagal menghapus notifikasi coba lagi nanti ""padahal sinyal bagus dan juga sudah dicoba selama beberapa hari masih aja begitu.Tolong di perbaikin ditambah juga setiap kali saya liat akun orang lain pengikut atau mengikuti nya malah kedobel user nya. Mohon diperbaiki lagi masalah ini untuk meningkatkan kenyamanan saya menggunakan aplikasi ini 🙏🏻",,2,google_play_reviews,data/Review Instagram.csv,consumer_app_review,,,,,,464,464,69,69,6.72,0,0,0,2,4,0.0086,0,0,0,0.8841,,,,,INSUFFICIENT_TEMPORAL_DATA,,,,,INSUFFICIENT_ENGAGEMENT_DATA,negative,0.9621,0.0223,0.0157,0.9621,joy,1
IG-000187,Amelia Nurselma,"fitur banyak yang sudah update dan keren, terutama fitur arsip sangat fungsional untuk menyimpan kenangan. MOHON JANGAN HAPUS FITUR ARSIP. coba hilangkan saja fitur ""also commented..""",,3,google_play_reviews,data/Review Instagram.csv,consumer_app_review,,,,,,183,183,26,26,7.04,0,0,0,0,26,0.1421,0,0,0,0.8846,,,,,INSUFFICIENT_TEMPORAL_DATA,,,,,INSUFFICIENT_ENGAGEMENT_DATA,negative,0.9081,0.0764,0.0156,0.9081,anger,1
IG-000188,Ribka Sinaga,"Makin kesini makin kesana story orang kadang ga bisa dibuka, dan bilang nya ""cerita ini sudah dihapus"" padahal belum . Kolom komentar juga kadang error dan ga bisa di liat Musik di profil ga keliatan pas liat sendiri , tapi giliran orang lain bisa ngeliat .Ujung ujung nya ga bisa diganti. Kalo mau nge post draft igs yang udah diedit malah error dan kehapus sendiri ,dan terpaksa edit ulang. Tolong perbaiki🙏🙏",,1,google_play_reviews,data/Review Instagram.csv,consumer_app_review,,,,,,410,410,71,71,5.77,0,0,0,2,6,0.0146,0,0,0,0.7746,,,,,INSUFFICIENT_TEMPORAL_DATA,,,,,INSUFFICIENT_ENGAGEMENT_DATA,negative,0.9644,0.0055,0.03,0.9644,anger,0
IG-000189,Yahya Bahtiar,"Tolong kenapa ketika ingin ngeposting postingan tidak bisa di bagikan, padahal update sudah, paket internet ada dan sinyalpun lancaf tapi masih nge bug, tidak bisa membagikan postingan terbaru, tolong segera di perbaiki lagi!!!!!!",,1,google_play_reviews,data/Review Instagram.csv,consumer_app_review,,,,,,230,230,33,33,6.97,0,0,0,0,1,0.0043,6,0,0,0.8485,,,,,INSUFFICIENT_TEMPORAL_DATA,,,,,INSUFFICIENT_ENGAGEMENT_DATA,negative,0.9898,0.004,0.0062,0.9898,surprise,1
IG-000190,caa,"aplikasinya bgs, tpi bugnya malah makin makin. pas diakun pertama sama kedua, gak ada pilihan musik buat ditaruh di profil. eh pas aku bikin akun lagi malah bisa, tolong diperbaiki karena itu ngeganggu bgtttttttt humn SYUBULL!!!! 🤬🤬",,3,google_play_reviews,data/Review Instagram.csv,consumer_app_review,,,,,,232,232,37,37,6.27,0,0,0,2,7,0.0302,4,0,0,0.9459,,,,,INSUFFICIENT_TEMPORAL_DATA,,,,,INSUFFICIENT_ENGAGEMENT_DATA,negative,0.8667,0.069,0.0644,0.8667,anger,0
IG-000191,Aisyah Andini,"Kamera ig di hp saya tidak bisa digunakan saat ingin digunakan hanya hitam tidak terlihat gambarnya pdhl wifi lancar, sudah coba uninstall berkali² masih ttp gabisa digunakan. Tlong diperbaiki. Terimakasih😇",,2,google_play_reviews,data/Review Instagram.csv,consumer_app_review,,,,,,206,206,30,30,6.87,0,0,0,1,3,0.0146,0,0,0,0.9333,,,,,INSUFFICIENT_TEMPORAL_DATA,,,,,INSUFFICIENT_ENGAGEMENT_DATA,neutral,0.637,0.0051,0.637,0.3579,neutral,1
IG-000192,Wahyu Setya,"tolong untuk pihak instagram dimohon bantuannya terkait kendala yang saya alami akhir akhir ini, kendala saya adalah ketika mau upload foto,video di story instagram kenapa ya selalu keluar sendiri, mau posting,post, pasti tidak bisa, pasti susah karena selalu keluar dari aplikasi.kerja samanya tolong admin! , kendala kendala seperti ini seharusnya segera diperbaiki, jangan dibiarkan apalagi disepelekan kalau mau aplikasi anda berkembang dengan baik,saya udah satu minggu instagram tidak bisa pos",,1,google_play_reviews,data/Review Instagram.csv,consumer_app_review,,,,,,499,499,70,70,7.13,0,0,0,0,0,0.0,1,0,0,0.8,,,,,INSUFFICIENT_TEMPORAL_DATA,,,,,INSUFFICIENT_ENGAGEMENT_DATA,negative,0.8753,0.0565,0.0682,0.8753,surprise,1
IG-000193,eliza russida,"Semoga nanti ada fitur untuk menambah lagu pada foto lama. Harapan besar ku masih sama seperti sebelumnya semoga fitur hapus foto bisa digunakan untuk 2 slide foto juga, krna rata rata foto yg ingin ku hapus cuma 2 slide",,4,google_play_reviews,data/Review Instagram.csv,consumer_app_review,,,,,,220,220,39,39,5.64,0,0,0,0,2,0.0091,0,0,2,0.7179,,,,,INSUFFICIENT_TEMPORAL_DATA,,,,,INSUFFICIENT_ENGAGEMENT_DATA,neutral,0.5267,0.3996,0.5267,0.0737,neutral,1
IG-000194,Bie Sabiand,"banyak sekali bug sekarang, seperti status yg sudah dilihat tapi lingkarannya masih menyala, terus untuk konten berlangganan susah sekali masuknya, harusnya setelah pembayaran berhasil langsung mudah untuk masuk broadcastnya artis/selebgram yang kita ikuti",,2,google_play_reviews,data/Review Instagram.csv,consumer_app_review,,,,,,256,256,33,33,7.76,0,0,0,0,0,0.0,0,0,0,0.9394,,,,,INSUFFICIENT_TEMPORAL_DATA,,,,,INSUFFICIENT_ENGAGEMENT_DATA,negative,0.9945,0.0034,0.0021,0.9945,anger,1
IG-000195,Marito Sawitri Delila Simanjuntak,"banyak bug. repost igs orang tapi gada sound dan gabisa nambahin sound manual. but, thanks atas fitur-fitur Instagram yang sangat membantu. terutama arsip story, jadi jangan pernah ngilangin fitur itu. terima kasih.",,1,google_play_reviews,data/Review Instagram.csv,consumer_app_review,,,,,,215,215,32,32,6.72,0,0,0,0,1,0.0047,0,0,0,0.9688,,,,,INSUFFICIENT_TEMPORAL_DATA,,,,,INSUFFICIENT_ENGAGEMENT_DATA,positive,0.9246,0.9246,0.0485,0.0269,joy,1
IG-000196,Pelly Pew,"sering terjadi banyak bug, seperti tak bisa memfollow dgn notif 'permintaan anda tertunda' dan juga sering kali ada bug di bagian story, jika melihat story teman akan di perlihatkan notif 'catatan tidak tersedia' . kadang juga tak bisa memberi like banyak pada 1 akun tertentu. saya sering kali kewalahan untuk bolak-balik memberi like tetapi malah ke riset sendiri. sudah banyak yang bilang instagram sedang eror, saya harap bug bisa di perbaiki lagi agar tidak mengganggu pengguna 🙏",,2,google_play_reviews,data/Review Instagram.csv,consumer_app_review,,,,,,484,484,77,77,6.29,0,0,0,1,0,0.0,0,0,1,0.7792,,,,,INSUFFICIENT_TEMPORAL_DATA,,,,,INSUFFICIENT_ENGAGEMENT_DATA,negative,0.8892,0.0827,0.0281,0.8892,anger,1
IG-000197,Mila Hidayah,"Aplikasi gak berguna, sering ngeblak , sering ngebug juga, sering keluar sendiri , sering membatasi komentar, story ,reels , beranda juga. Dan kalo mau upload vidio benar2 lamaaaaaa bangett , Kenapa nyebelin bangettt sih Instagram. Sangat mengecewakan!!!!",,1,google_play_reviews,data/Review Instagram.csv,consumer_app_review,,,,,,255,255,37,37,6.89,0,0,0,0,5,0.0196,4,0,1,0.8378,,,,,INSUFFICIENT_TEMPORAL_DATA,,,,,INSUFFICIENT_ENGAGEMENT_DATA,negative,0.9971,0.0022,0.0007,0.9971,surprise,0
IG-000198,Me,Video reels yang disimpan d arsip tiba tiba audio reels tersebut hilang padahal itu audio original. Yang aku permasalahkan itu voice overnya hilang 😭 kecewa banget,,1,google_play_reviews,data/Review Instagram.csv,consumer_app_review,,,,,,163,163,26,26,6.27,0,0,0,1,2,0.0123,0,0,0,0.7692,,,,,INSUFFICIENT_TEMPORAL_DATA,,,,,INSUFFICIENT_ENGAGEMENT_DATA,negative,0.9911,0.002,0.0069,0.9911,sadness,0
IG-000199,Lim Danyang,"uda 3hari instagram ku bolak balik log out sendiri. uda login tiba tiba bisa log out sendiri.. uda bertahun tahun pake di reno 1 hp, g perna di apa apain kok tiba tiba henk. capek x login log out terus.",,5,google_play_reviews,data/Review Instagram.csv,consumer_app_review,,,,,,202,202,40,40,5.05,0,0,0,0,0,0.0,0,0,2,0.725,,,,,INSUFFICIENT_TEMPORAL_DATA,,,,,INSUFFICIENT_ENGAGEMENT_DATA,negative,0.9937,0.0017,0.0046,0.9937,surprise,0
IG-000200,Mickey Alvino,"Instagram sering force close, dan opsi pilihan saat menambahkan lagu di story gram tidak muncul, contoh : lyrics dan logo/cover music tidak muncul.",,1,google_play_reviews,data/Review Instagram.csv,consumer_app_review,,,,,,147,147,23,23,6.39,0,0,0,0,1,0.0068,0,0,0,0.913,,,,,INSUFFICIENT_TEMPORAL_DATA,,,,,INSUFFICIENT_ENGAGEMENT_DATA,neutral,0.9427,0.0027,0.9427,0.0546,neutral,1
IG-000201,kales monika,"Ngelag banget udah 5hr ga bisa buka ig loading terus, pdhl jaringan lancar,tp tidak dapat memuat berita terus.. makin di-update makin jelek ni ig",,1,google_play_reviews,data/Review Instagram.csv,consumer_app_review,,,,,,145,145,24,24,6.04,0,0,0,0,1,0.0069,0,0,1,0.9167,,,,,INSUFFICIENT_TEMPORAL_DATA,,,,,INSUFFICIENT_ENGAGEMENT_DATA,negative,0.9978,0.0008,0.0014,0.9978,anger,0
IG-000202,Razaky Pradithya,"Kebijakan gajelas akun gw gapernah dibuat yang aneh aneh malah ke banned ga lucu sama sekali,bukan masalah follower atau apapun,kenangan nya banyak bgt skrg malah dinonaktifkan bahkan sampe gabisa dilihat,parah!",,1,google_play_reviews,data/Review Instagram.csv,consumer_app_review,,,,,,211,211,30,30,7.03,0,0,0,0,1,0.0047,1,0,0,0.9333,,,,,INSUFFICIENT_TEMPORAL_DATA,,,,,INSUFFICIENT_ENGAGEMENT_DATA,negative,0.9978,0.0012,0.0009,0.9978,fear,0
IG-000203,Yutt,"aplikasi sosial media terbaik 👍💯, tapi minus nya di satu akun fitur sudah terupdate tpi di akun yang lain ada beberapa fitur baru yg belum terupdate.",,4,google_play_reviews,data/Review Instagram.csv,consumer_app_review,,,,,,149,149,26,26,5.73,0,0,0,2,0,0.0,0,0,0,0.8846,,,,,INSUFFICIENT_TEMPORAL_DATA,,,,,INSUFFICIENT_ENGAGEMENT_DATA,neutral,0.536,0.0137,0.536,0.4503,neutral,1
IG-000204,Matheo Derryl,"Karena akun saya yang lama tiba-tiba terhapus. Dan tidak diketahui penyebabnya apa. Setelah saya mencoba untuk mendapatkan kembali akun lama saya, tidak bisa lagi dan walaupun di coba dengan cara-cara yang sudah tertera tetap tidak bisa. Malah login ke akun baru Yang baru saja saya buat. Mohon bantuan atau solusinya.",,2,google_play_reviews,data/Review Instagram.csv,consumer_app_review,,,,,,318,318,50,50,6.36,0,0,0,0,6,0.0189,0,0,0,0.78,,,,,INSUFFICIENT_TEMPORAL_DATA,,,,,INSUFFICIENT_ENGAGEMENT_DATA,negative,0.6094,0.0143,0.3764,0.6094,anger,1
IG-000205,DION FELIX AGUSVITO GULTOM DION GULTOM,"Woi, kenapa kalian gak perbaiki server kalian ha?, kenapa gak turunin megabike ya, jadi 1,10 KB saja. Pokoknya aku gak mau tahu, cepat perbaiki server kalian, kalau gak ku adukan ke atasan kalian. Bikin capek aja aku instal ulang. 😡😡😡...",,1,google_play_reviews,data/Review Instagram.csv,consumer_app_review,,,,,,237,237,40,40,5.92,0,0,0,3,5,0.0211,0,1,3,0.8,,,,,INSUFFICIENT_TEMPORAL_DATA,,,,,INSUFFICIENT_ENGAGEMENT_DATA,negative,0.9965,0.0019,0.0016,0.9965,surprise,0
IG-000206,Akame,"Di handphone sya ini tidak bisa di buka, bahkan selesai download pun ketika sya buka langsung keluar sendiri, ntar itu bug atau memng hp sy tidk mndukung, ttpi sya mngganti nya dengan ig lite",,4,google_play_reviews,data/Review Instagram.csv,consumer_app_review,,,,,,191,191,34,34,5.62,0,0,0,0,1,0.0052,0,0,0,0.9118,,,,,INSUFFICIENT_TEMPORAL_DATA,,,,,INSUFFICIENT_ENGAGEMENT_DATA,negative,0.9317,0.0103,0.058,0.9317,anger,0
IG-000207,Zaireen Syarah,"makin kesini instagram makin bnya erornya, mau liat postingan orng yg paling bawah loadingnya lama bgt, buka story jg lama bgt pdhl sinyal aman, tolongla di perbaiki",,1,google_play_reviews,data/Review Instagram.csv,consumer_app_review,,,,,,165,165,27,27,6.11,0,0,0,0,0,0.0,0,0,0,0.9259,,,,,INSUFFICIENT_TEMPORAL_DATA,,,,,INSUFFICIENT_ENGAGEMENT_DATA,negative,0.9961,0.0011,0.0028,0.9961,anger,0
IG-000208,Tommy,"Aplikasinya bermanfaat, ada hiburannnya, bisa mengisi waktu senggang saya, kekurangannya tidak bisa mencari foto dan video yang telah di simpan dengan kata kunci ketika sudah memiliki banyak koleksi.",,4,google_play_reviews,data/Review Instagram.csv,consumer_app_review,,,,,,199,199,28,28,7.11,0,0,0,0,1,0.005,0,0,0,0.9643,,,,,INSUFFICIENT_TEMPORAL_DATA,,,,,INSUFFICIENT_ENGAGEMENT_DATA,positive,0.9871,0.9871,0.0116,0.0013,joy,1
IG-000209,Biondy Satya,"Saya selalu update Instagram, tapi saya tidak tahu fitur apa saja yg baru, entah karena saya tidak sadar mungkin, tapi makin ke sini perubahan yg saya lihat ketika IG story ada perubahan pada Font nya, Ketika upload foto di IG story gambar tidak pecah, ketika seseorang mengupload foto di reels kita, ada unggahan comen di sebelah kiri , apakah itu fitur baru atau sudah lama, selebihya bintang 5 buat instagram :)",,5,google_play_reviews,data/Review Instagram.csv,consumer_app_review,,,,,,414,414,71,71,5.83,0,0,0,0,8,0.0193,0,0,1,0.7606,,,,,INSUFFICIENT_TEMPORAL_DATA,,,,,INSUFFICIENT_ENGAGEMENT_DATA,positive,0.9104,0.9104,0.0257,0.0638,joy,1
IG-000210,Raihan Muzakky,"Tolong admin Kenap pas saya pencet fitur arsipkan dari story Instagram malah gak bisa di balikin ke story lagi , padahal story nya baru 2 jam yg lalu , menurut saya fitur nya kurang begitu berguna ,semoga cepat di tindak atau di ganti",,4,google_play_reviews,data/Review Instagram.csv,consumer_app_review,,,,,,234,234,43,43,5.44,0,0,0,0,3,0.0128,0,0,1,0.814,,,,,INSUFFICIENT_TEMPORAL_DATA,,,,,INSUFFICIENT_ENGAGEMENT_DATA,negative,0.9703,0.005,0.0247,0.9703,anger,0
IG-000211,Sepdita Aulina,"udah berapa minggu ini ig saya nge bug buka foto bge freeze, reels loading terus, buka story gabisa. padahal internet lancar dan buka aplikasi lain lancar² aja tolong dong ig di perbaikin lagi😡 nanti saya update penilaian kalau sudah bagus😠",,1,google_play_reviews,data/Review Instagram.csv,consumer_app_review,,,,,,240,240,40,40,6.0,0,0,0,2,0,0.0,0,0,0,0.9,,,,,INSUFFICIENT_TEMPORAL_DATA,,,,,INSUFFICIENT_ENGAGEMENT_DATA,negative,0.7928,0.0118,0.1954,0.7928,anger,0
IG-000212,Intan Mbak,"Instagram ini memang bagus namun ada beberapa hal yg membuat sya sedikit kecewa😞... (1) bug/keluar² sendiri,saat saya ingin masuk di instagram ini, Tiba-tiba keluar sendiri, lalu saya masuk lagi malahhan ngebug. Dan saya saat ingin menganti nama instagram saya warnanya hitam dan saya saat mengetik, jadi tidak kelihatan. Dan saya saat ingin mengikuti orang lain, kok tiba2 tdk bisa ya/membatasi.Sudah sih itu saja tapi mohon untuk di perbaiki lagi🙏^^",,4,google_play_reviews,data/Review Instagram.csv,consumer_app_review,,,,,,451,451,69,69,6.54,0,0,0,4,5,0.0111,0,0,2,0.7826,,,,,INSUFFICIENT_TEMPORAL_DATA,,,,,INSUFFICIENT_ENGAGEMENT_DATA,negative,0.965,0.0224,0.0126,0.965,surprise,1
IG-000213,Esther Batee,"Hi, Instagram! Saya pengguna Instagram sejak lama, dan jujur saya sangat menyukai semua fitur-fitur yang ada di Instagram. Tapi setelah tau arsip Instagram akan dihapus, saya sedikit geram dengan aplikasi terkenal ini. Instagram menambah fitur-fitur yang tidak berguna seperti Threads, note pada postingan, komentar di story dll. Padahal salah satu keunggulan yang banyak disukai pengguna instagram berada pada arsip. Kami harap aplikasi terkenal ini dapat mengatasinya. Terimakasih😥",,2,google_play_reviews,data/Review Instagram.csv,consumer_app_review,,,,,,483,483,67,67,7.21,0,0,0,1,12,0.0248,1,0,0,0.806,,,,,INSUFFICIENT_TEMPORAL_DATA,,,,,INSUFFICIENT_ENGAGEMENT_DATA,negative,0.9388,0.0465,0.0146,0.9388,anger,1
IG-000214,Tanjung Belitung,"Maaf ya kasih bintang 1 dlu , soalnya apk nya setelah diupdate jd error , jd lelet lambat gatau kenapa , padahal kalo buka apk2 lain lancar2 aja , pdahal kuota ada , sinyal penuh",,1,google_play_reviews,data/Review Instagram.csv,consumer_app_review,,,,,,178,178,35,35,5.09,0,0,0,0,1,0.0056,0,0,3,0.8571,,,,,INSUFFICIENT_TEMPORAL_DATA,,,,,INSUFFICIENT_ENGAGEMENT_DATA,negative,0.9784,0.0047,0.0169,0.9784,surprise,0
IG-000215,Sella Tri Wasesa (Encella Sutrisno),Kenapa arsip cerita video di bawah tahun 2022 berubah jadi foto. Kalau memang ada perubahan dan pembaruan kenapa tidak ada pemberitahuan sebelumnya . Tolong kembalikan arsipnya. Ada memory anak saya dari bayi. Sedih jadinya kalau hilang semua.,,1,google_play_reviews,data/Review Instagram.csv,consumer_app_review,,,,,,243,243,37,37,6.57,0,0,0,0,5,0.0206,0,0,4,0.8919,,,,,INSUFFICIENT_TEMPORAL_DATA,,,,,INSUFFICIENT_ENGAGEMENT_DATA,negative,0.9927,0.0025,0.0048,0.9927,sadness,1
IG-000216,Fikrii Dwi Pranata,"Fitur feedback di Instragram sangat tidak berguna, sudah berkali-kali saya melakukan feedback dikarena ada fitur yang ilang di salah satu akun, tetapi dari pihak Instagram tidak melakukan apa pun hingga saat ini. Saya sudah melakukan feedback yang sangat lama namun tidak ada yang berubah sampai saat ini. Mohon cepat diselesaikan masalah ini",,1,google_play_reviews,data/Review Instagram.csv,consumer_app_review,,,,,,342,342,52,52,6.58,0,0,0,0,5,0.0146,0,0,0,0.6923,,,,,INSUFFICIENT_TEMPORAL_DATA,,,,,INSUFFICIENT_ENGAGEMENT_DATA,negative,0.9849,0.0078,0.0073,0.9849,anger,1
IG-000217,Umik 123,"tolong perhatiannya,kami sebagai user instagram merasa bahwa fitur archive sangat berguna untuk menyimpan kenangan vidio/foto yang memang sengaja disimpan di fitur archive tsb. jadi mohon untuk tidak dihapuskannya fitur archive tsb!!!. terimakasih.",,2,google_play_reviews,data/Review Instagram.csv,consumer_app_review,,,,,,248,248,32,32,7.75,0,0,0,0,0,0.0,3,0,0,0.8438,,,,,INSUFFICIENT_TEMPORAL_DATA,,,,,INSUFFICIENT_ENGAGEMENT_DATA,neutral,0.4438,0.2934,0.4438,0.2628,sadness,1
IG-000218,Desi Nilam,"Mau upload foto banyak malah hasilnya crop gbsa di full in. Ini aku aja apa kalian juga gengs ? Sedangkan yg mau di upload foto yang horizontal, malah ke set potrait gitu jd kepotong fotonya jelek. Kudu upload satu per satu kalau mau full. Sedih banget. Jadi nyampah kalau mau upload satu satu 😞",,2,google_play_reviews,data/Review Instagram.csv,consumer_app_review,,,,,,295,295,54,54,5.46,0,0,0,1,6,0.0203,0,1,0,0.7593,,,,,INSUFFICIENT_TEMPORAL_DATA,,,,,INSUFFICIENT_ENGAGEMENT_DATA,negative,0.9871,0.0063,0.0066,0.9871,sadness,0
IG-000219,Lisna Kurnia Rachma,"Instagram ini kenapa akun saya tidak bisa dibuka ya, awalnya di suruh detek foto tapi gak berfungsi dan layarnya jadi hitam, tersus ada tulisan ""tidak dapat mengulang kabar beranda"", ""memuat""... Mohon bantuannya dong udah 2 kali kayak gini, yg kedua ini tidak ada info kabarkan ke Instagram. Terima kasih 🙏🏻",,5,google_play_reviews,data/Review Instagram.csv,consumer_app_review,,,,,,307,307,50,50,6.14,0,0,0,2,4,0.013,0,0,1,0.94,,,,,INSUFFICIENT_TEMPORAL_DATA,,,,,INSUFFICIENT_ENGAGEMENT_DATA,negative,0.9051,0.0086,0.0863,0.9051,surprise,1
IG-000220,QWERTY TEAM,"Setelah update ke versi terbaru, instagram jadi error. Tidak bisa mengikuti orang lain dengan alasan ” beberapa akun meninjau secara manual ”. Tolong kepada instagram, fitur fitur baru ini tolong di hapus. Tidak penting. Jangan merusak yang sudah ada. Error ini berjangka panjang. Saya sudah melaporkan ke pihak instagram. Namun hasil tetap sama. Jadi kepada instagram segera hapus fitur peninjauan pengikut. Ini menganggu.",,1,google_play_reviews,data/Review Instagram.csv,consumer_app_review,,,,,,423,423,63,63,6.71,0,0,0,0,10,0.0236,0,0,0,0.8254,,,,,INSUFFICIENT_TEMPORAL_DATA,,,,,INSUFFICIENT_ENGAGEMENT_DATA,negative,0.9918,0.0016,0.0066,0.9918,anger,1
IG-000221,Nayla Maurien,"kenapa ya sekarang ga bisa masuk lewat Facebook lagi? padahal semua akun saya lewat Facebook semua sedangkan ig dan Facebook udah jadi satu aplikasi meta, malah bisa nya ig lite akhirnya saya pake ig lite yang bisa masuk lewat Facebook semua akun saya pun ada",,1,google_play_reviews,data/Review Instagram.csv,consumer_app_review,,,,,,259,259,45,45,5.76,0,0,0,0,4,0.0154,0,1,0,0.6444,,,,,INSUFFICIENT_TEMPORAL_DATA,,,,,INSUFFICIENT_ENGAGEMENT_DATA,neutral,0.8841,0.0637,0.8841,0.0522,surprise,1
IG-000222,Nabila Umar,"aplikasi nya bagus tapi kenapa kalau mau ngirim story itu lama banget padahal jaringan stabil terus selalu masuk notif menggugah story padahal nggak lagi mengunggah, tolong di perbaiki ya minn:D",,3,google_play_reviews,data/Review Instagram.csv,consumer_app_review,,,,,,194,194,30,30,6.47,0,0,0,0,1,0.0052,0,0,0,0.9333,,,,,INSUFFICIENT_TEMPORAL_DATA,,,,,INSUFFICIENT_ENGAGEMENT_DATA,negative,0.9849,0.0024,0.0127,0.9849,surprise,0
IG-000223,Cindy Cynthia Devi,haloo Instagram setelah update yang terbaru : 1.kenapa sekarang banyak arsip story yang tidak muncul padahal kalau dihidupkan simpan ke arsip di tampilan ada pas dibuka kosong atau kalau gak gitu ganti ke arsip cerita yang lain ini sangat menganggu pengunaan karena itu buat kita gak bisa upload lagi foto/video kita yang pernah dibuat tolong segera diperbaiki 2. @instagram JANGAN DIHAPUS WOYYYY ARSIP STORY ITU BANYAK KENANGAN LOEE SENAK JIDAT MAIN HAPUS AJA UNTUNG APA ❓,,2,google_play_reviews,data/Review Instagram.csv,consumer_app_review,,,,,,473,473,76,76,6.22,0,1,0,1,82,0.1734,0,0,2,0.8289,,,,,INSUFFICIENT_TEMPORAL_DATA,,,,,INSUFFICIENT_ENGAGEMENT_DATA,negative,0.9856,0.0097,0.0047,0.9856,sadness,0
IG-000224,Kheista Cahaya Katresna,"Instagram ini sangat-sangat membantu. Namun yang saya sayangkan itu katanya instagram akan menghapus fitur arsip story, setelah saya cari tahu juga ternyata banyak yang kecewa karena hal ini, saya pun begitu, karena itu kepada pihak instagram atau meta, arsip story ini sangat penting bagi saya & mungkin bagi sebagian orang lainnya, karena ini bisa mengenang kembali & menyimpan kenangan kami, maka dari itu saya pikir jangan hapus fitur arsip story. Terima kasih.",,1,google_play_reviews,data/Review Instagram.csv,consumer_app_review,,,,,,465,465,72,72,6.46,0,0,0,0,3,0.0065,0,0,0,0.75,,,,,INSUFFICIENT_TEMPORAL_DATA,,,,,INSUFFICIENT_ENGAGEMENT_DATA,positive,0.6344,0.6344,0.0266,0.339,sadness,1
IG-000225,Jennifer Sonia,"Jangan hilangkan fitur archive story & postingan karena itu satu satunya cara untuk menciptakan memori tentang hidup untuk dikenang di kemudian hari layaknya e-diary. Aku salah satu tipe orang yang suka melihat kembali archive story & postingan yang lama sekedar untuk mengenang memori pada masa ituu. Jadi mohon untuk tidak menghapus fitur archive story dan postingan. Jika mau, hapus saja fitur catatan pada postingan.",,2,google_play_reviews,data/Review Instagram.csv,consumer_app_review,,,,,,420,420,64,64,6.56,0,0,0,0,4,0.0095,0,0,0,0.75,,,,,INSUFFICIENT_TEMPORAL_DATA,,,,,INSUFFICIENT_ENGAGEMENT_DATA,negative,0.5847,0.3248,0.0905,0.5847,surprise,1
IG-000226,Lathifah F. Nabilah,"Paket gua banyak, gua buka sosmed yg lain pun lancar. Tapi sudah seminggu ini semenjak habis di update versi terbaru, malah ig gua gk bisa loding apa2, liat foto dan video kaga bisa seakan2 gua kaga punya kouta, padahal kouta gua banyak. Ini aplikasi ngapa dah aneh bnr, makin kesini makin kesana perasaan. Parah bnr.",,1,google_play_reviews,data/Review Instagram.csv,consumer_app_review,,,,,,317,317,55,55,5.76,0,0,0,0,4,0.0126,0,0,2,0.8545,,,,,INSUFFICIENT_TEMPORAL_DATA,,,,,INSUFFICIENT_ENGAGEMENT_DATA,negative,0.9964,0.0025,0.0011,0.9964,anger,0
IG-000227,uri sunshine,"dear instagram. do you understand indonesian language? oh yes ofc. kenapa kalo bikin story suka gak kekirim dan katanya eror? padahal memori internal masih lowong, sinyal pun bagus.. kenapa yh? mhon bantuannya ya, makasih TERUS JANGAN 4:3 PLS BALIKIN KE 1:1 JELEK BANGET",,3,google_play_reviews,data/Review Instagram.csv,consumer_app_review,,,,,,270,270,43,43,6.28,0,0,0,0,34,0.1259,0,3,4,0.9767,,,,,INSUFFICIENT_TEMPORAL_DATA,,,,,INSUFFICIENT_ENGAGEMENT_DATA,negative,0.9948,0.0023,0.0029,0.9948,anger,0
IG-000228,Serly Dhy,kenapa siii Instagram terus berhenti terusss error tiba tiba akunku semuanya ke log out sendiri mau di login lagi ngga bisa setelah bikin akun baru juga ngga bisa follow orang tolong diperbaiki ini kenapa padahal juga udah di hps trs install lagi kaya gitu terus tapi tetep aja ngga bisa udah dihps cache+data nya juga ngga bisa tetepan,,2,google_play_reviews,data/Review Instagram.csv,consumer_app_review,,,,,,336,336,58,58,5.79,0,0,0,0,1,0.003,0,0,0,0.7586,,,,,INSUFFICIENT_TEMPORAL_DATA,,,,,INSUFFICIENT_ENGAGEMENT_DATA,negative,0.9935,0.0021,0.0044,0.9935,surprise,0
IG-000229,Cicak Nakal,"Bug menjengkelkan, tiap liat postingan foto orang fotonya malah kedip kedip di bagian fotonya, ini sangat mengganggu, awalnya gua kira hp gua yg rusak, ternyata ini bug Instagram nya. 👎👎👎",,1,google_play_reviews,data/Review Instagram.csv,consumer_app_review,,,,,,187,187,30,30,6.23,0,0,0,3,2,0.0107,0,0,0,0.8667,,,,,INSUFFICIENT_TEMPORAL_DATA,,,,,INSUFFICIENT_ENGAGEMENT_DATA,negative,0.9895,0.0014,0.0091,0.9895,anger,0
IG-000230,8B Dara Amiaty,"Dengan menggunakan instagram ada dampak positif dan negatif nya dampak positifnya kita bisa memposting foto/video yang bermanfaat dan bisa mencari sumber ilmu pengetahuan menjadi anak berprestasi dengan mencari akun yang mengadakan fasilitas perlombaan tapi dampak negatifnya bisa membuat kecanduan dengan postingan orang sampai lupa waktu dan menyebabkan overthingking,stres berlebihan tapi itu balik lagi ke setiap personalnya🤭",,5,google_play_reviews,data/Review Instagram.csv,consumer_app_review,,,,,,429,429,56,56,7.66,0,0,0,1,1,0.0023,0,0,0,0.8036,,,,,INSUFFICIENT_TEMPORAL_DATA,,,,,INSUFFICIENT_ENGAGEMENT_DATA,negative,0.5199,0.4638,0.0163,0.5199,anger,1
IG-000231,Suci Febriyanti,"kenapaa banyak arsipan foto dan video saya yang kehapus. Tolong pihak instagram lebih bisa menimang² mana fitur yang sebaiknya di hapus mana yang sebaiknya di pertahankan. Saya yakin kebanyakan pengguna instagram lainnya juga menyimpan foto dan video nya di instagram, jadi tolong di pertimbangkan sekali lagi. Saya sangat kecewa pastinya",,1,google_play_reviews,data/Review Instagram.csv,consumer_app_review,,,,,,338,338,50,50,6.76,0,0,0,0,3,0.0089,0,0,0,0.72,,,,,INSUFFICIENT_TEMPORAL_DATA,,,,,INSUFFICIENT_ENGAGEMENT_DATA,negative,0.9974,0.0013,0.0012,0.9974,sadness,1
IG-000232,Bramantiyo Wildan,"makin aneh, makin banyak bug!!!. opload story lama, kadang error gak jelas, posting beberapa foto di satu feed pas ngedit error, permasalahan ni aplikasi kalo gak error ya muter terus",,3,google_play_reviews,data/Review Instagram.csv,consumer_app_review,,,,,,183,183,30,30,6.1,0,0,0,0,0,0.0,3,0,0,0.9,,,,,INSUFFICIENT_TEMPORAL_DATA,,,,,INSUFFICIENT_ENGAGEMENT_DATA,negative,0.9939,0.0022,0.0039,0.9939,anger,0
IG-000233,Rainka Shikinari,"Kok bisa akun login di device lain, tanpa konfirmasi ke email utama. Habis itu notifnya muncul pas email akunnya dh diganti, mau ngamanin akun tapi layanan dri aplikasinya tdk support, tidak membantu sama sekali.",,1,google_play_reviews,data/Review Instagram.csv,consumer_app_review,,,,,,212,212,34,34,6.24,0,0,0,0,2,0.0094,0,0,0,0.9412,,,,,INSUFFICIENT_TEMPORAL_DATA,,,,,INSUFFICIENT_ENGAGEMENT_DATA,negative,0.9873,0.001,0.0117,0.9873,surprise,0
IG-000234,Helna Paranta,"Instagram in sngt burik, pesan yang saya krm kepada teman sy lama terkirim, mohon di perbaiki, klo sudah di perbaiki jangan kan bintang 5 saya kasih 100 bintang pun sy kasih asal kan aplikasi burik in sudah sembuh",,1,google_play_reviews,data/Review Instagram.csv,consumer_app_review,,,,,,213,213,38,38,5.61,0,0,0,0,1,0.0047,0,0,4,0.7895,,,,,INSUFFICIENT_TEMPORAL_DATA,,,,,INSUFFICIENT_ENGAGEMENT_DATA,negative,0.9941,0.0026,0.0032,0.9941,anger,1
IG-000235,Akamaru Tachibana,"Bagus, tapii..Suka banget ada kendala, trus juga notifikasi pesan nya suka nge lag, susah masuk nya, tolong di benerin ya, terimakasih Satu lagi, saya kan ngubah salah satu akun saya jadi blog pribadi, Kenapa di akun tersebut saya gak bisa nge like catatan teman saya ya? Tolong dong.",,5,google_play_reviews,data/Review Instagram.csv,consumer_app_review,,,,,,284,284,48,48,5.92,0,0,0,0,5,0.0176,0,1,0,0.8333,,,,,INSUFFICIENT_TEMPORAL_DATA,,,,,INSUFFICIENT_ENGAGEMENT_DATA,negative,0.9696,0.0064,0.024,0.9696,surprise,1
IG-000236,Rachel Sinaga,kenapa foto dan video yang di up ke story lama lama kehapus semua!!!!! Tolong perbaiki hal ini dan kenapa kualitas foto tau video yang di up lama lama semakin menurun kualitas fotonya.. hal ini banyak di rasakan oleh user instagram.,,1,google_play_reviews,data/Review Instagram.csv,consumer_app_review,,,,,,232,232,40,40,5.8,0,0,0,0,1,0.0043,5,0,0,0.65,,,,,INSUFFICIENT_TEMPORAL_DATA,,,,,INSUFFICIENT_ENGAGEMENT_DATA,negative,0.9924,0.0047,0.003,0.9924,surprise,0
IG-000237,Nova Ferdianto,"Instagram memanjakan mata para penggunanya dengan menampilkan foto atau gambar yang enak dipandang. Sebelum foto diunggah, kamu bisa mengedit foto kamu secantik mungkin dan gunakan fitur filter untuk memudahkanmu mendapatkan foto indah sebelum dilihat para pengguna lain.",,5,google_play_reviews,data/Review Instagram.csv,consumer_app_review,,,,,,271,271,37,37,7.32,0,0,0,0,2,0.0074,0,0,0,0.8378,,,,,INSUFFICIENT_TEMPORAL_DATA,,,,,INSUFFICIENT_ENGAGEMENT_DATA,positive,0.9537,0.9537,0.0441,0.0022,joy,1
IG-000238,Adrian Fakhri,"Aplikasi eror udahh berapa Minggu loading g jelas, liat foto, video, story, loading semua, padahal jaringan full, buka aplikasi lain aja lancar lancar AE, saya harap developer memperbaiki nya.",,1,google_play_reviews,data/Review Instagram.csv,consumer_app_review,,,,,,192,192,29,29,6.62,0,0,0,0,4,0.0208,0,0,0,0.8966,,,,,INSUFFICIENT_TEMPORAL_DATA,,,,,INSUFFICIENT_ENGAGEMENT_DATA,negative,0.9789,0.0024,0.0187,0.9789,anger,0
IG-000239,Ryuji Mamoru,Kok notifikasi Instagram lambat yang harusnya sehari yang lalu malah munculnya semenit yang lalu gara-gara ginian saya terlalu terlambat kalau ada live di Instagram,,3,google_play_reviews,data/Review Instagram.csv,consumer_app_review,,,,,,164,164,24,24,6.83,0,0,0,0,3,0.0183,0,0,0,0.8333,,,,,INSUFFICIENT_TEMPORAL_DATA,,,,,INSUFFICIENT_ENGAGEMENT_DATA,negative,0.9962,0.0007,0.0031,0.9962,surprise,1
IG-000240,Pranata Satyadharma,"Tolong perbaiki bug yang ada di handphone saya, karena halaman beranda ig bergeser dengan sendirinya dari kanan kiri, sampai-sampai hampir tidak bisa dikendalikan, saya juga gagal mengirim bug ke laporan Instagram",,1,google_play_reviews,data/Review Instagram.csv,consumer_app_review,,,,,,213,213,31,31,6.87,0,0,0,0,2,0.0094,0,0,0,0.9677,,,,,INSUFFICIENT_TEMPORAL_DATA,,,,,INSUFFICIENT_ENGAGEMENT_DATA,negative,0.9918,0.0021,0.0061,0.9918,anger,1
IG-000241,Nunung Khotimah,"Gimana si fitur menambahkan media udah di nonaktifkan tapi tampilannya ga berubah kaya awal lagi, feed nya jadi jelek rusak, bikin fitur yang jelas2 ajalah",,2,google_play_reviews,data/Review Instagram.csv,consumer_app_review,,,,,,155,155,25,25,6.2,0,0,0,0,1,0.0065,0,0,1,0.96,,,,,INSUFFICIENT_TEMPORAL_DATA,,,,,INSUFFICIENT_ENGAGEMENT_DATA,negative,0.9908,0.0027,0.0065,0.9908,anger,0
IG-000242,Anonim Channel177,Tiap saya mengunggah video durasi yang panjang nya 10 menit pasti macet terus. Kuota jadi kebuang sia sia gara gara memuat unggahan macet yang lamanya minta ampun. Nunggu lama lama tapi gagal upload. Mengecewakan.,,1,google_play_reviews,data/Review Instagram.csv,consumer_app_review,,,,,,213,213,34,34,6.26,0,0,0,0,4,0.0188,0,0,2,0.8529,,,,,INSUFFICIENT_TEMPORAL_DATA,,,,,INSUFFICIENT_ENGAGEMENT_DATA,negative,0.9978,0.0014,0.0008,0.9978,anger,0
IG-000243,Nauraqurota ayunin20,makin update makin ga jelas udh ngabis'in memori kadang suka lag sendiri klau mau buat story (terjadi kesalahan) padahal jaringan aman' oke' aja!!!!,,1,google_play_reviews,data/Review Instagram.csv,consumer_app_review,,,,,,148,148,23,23,6.43,0,0,0,0,0,0.0,4,0,0,0.9565,,,,,INSUFFICIENT_TEMPORAL_DATA,,,,,INSUFFICIENT_ENGAGEMENT_DATA,negative,0.9834,0.0103,0.0063,0.9834,joy,0
IG-000244,Ra Dinaa,"Makin kesini,makin banyak updet. Instagram jdi agak ngelag,tiba2 keluar lah,Tiba2 diam lah... TOLONG DI PERBAIKII LAGII!!! Kalau sdh di perbaiki saya tambahkan bintang nya;)",,4,google_play_reviews,data/Review Instagram.csv,consumer_app_review,,,,,,173,173,24,24,7.21,0,0,0,0,26,0.1503,3,0,2,0.9583,,,,,INSUFFICIENT_TEMPORAL_DATA,,,,,INSUFFICIENT_ENGAGEMENT_DATA,negative,0.9924,0.0032,0.0044,0.9924,anger,0
IG-000245,Hanako,"Sebenernya dah bagus, cuma gw mau minta tolong buat tambahin durasi reelsnya yg dari 3 menit ke 5 menit aja bisa ga si, soaalnya gw kadang suka bikin short vlog di ig pke reels kepotong Mulu gegara durasi ny",,4,google_play_reviews,data/Review Instagram.csv,consumer_app_review,,,,,,207,207,39,39,5.31,0,0,0,0,2,0.0097,0,0,2,0.9231,,,,,INSUFFICIENT_TEMPORAL_DATA,,,,,INSUFFICIENT_ENGAGEMENT_DATA,neutral,0.683,0.2581,0.683,0.0589,joy,0
IG-000246,Sayangku22 Duadua,"Nge download video di ig musiknya ilang anjir pdhl musik plus kata kata nya udh pas tapi ahh sudah lah, kalo sekedar kata kata mah download aja atau cari di Google ngapain download di ig,udh bener dulu sekalian Ama musiknya malah d ilangin,perbarui tuh yg masih jelek bukan yg udh bagus di perjelek",,1,google_play_reviews,data/Review Instagram.csv,consumer_app_review,,,,,,298,298,53,53,5.62,0,0,0,0,3,0.0101,0,0,0,0.7925,,,,,INSUFFICIENT_TEMPORAL_DATA,,,,,INSUFFICIENT_ENGAGEMENT_DATA,negative,0.9937,0.003,0.0033,0.9937,anger,0
IG-000247,Samsung A03,"Kok semakin diupdate makin banyak bugnya ya??, saya mau bikin akun kedua, kok langsung jadi/ ga pake bikin sandi dulu?, kan jadi gk bisa login lagi kalo misal apknya kehapus, dan waktu ubah user kok kek banyak bugnya gitu ya???, banyak lagi lah bug di ig sekarang ckckck, TOLONG DIPERBAIKI YAA!!!",,2,google_play_reviews,data/Review Instagram.csv,consumer_app_review,,,,,,296,296,51,51,5.8,0,0,0,0,20,0.0676,3,6,0,0.8627,,,,,INSUFFICIENT_TEMPORAL_DATA,,,,,INSUFFICIENT_ENGAGEMENT_DATA,negative,0.989,0.0077,0.0033,0.989,surprise,0
IG-000248,Spike Crow,tolonglah bug lagu dari notes di fix masa yang harusnya 30dtk malah jadi denger full lagunya mana ga bisa di matiin walaupun udah di hapus dari latar belakang,,2,google_play_reviews,data/Review Instagram.csv,consumer_app_review,,,,,,158,158,28,28,5.64,0,0,0,0,0,0.0,0,0,2,0.8929,,,,,INSUFFICIENT_TEMPORAL_DATA,,,,,INSUFFICIENT_ENGAGEMENT_DATA,negative,0.893,0.0106,0.0964,0.893,surprise,0
IG-000249,naynael frvror,"pls biarin manusya intopert inieh memiliki akun ig, msa cm karna akun saya ga direkomendasi ke temen-temen yg lain hrs di tangguhkan sii? kn kalian yg nyediain fitur untuk mw/tdk sinkronisasi kontak. pas ditangguhkan jg ada bagian memperlihatkan wajah ke kamera, tp knp ga terdeteksi trs???? pdhl sdh mengikuti instruksi yg tersedia. karna tdk bsa terdeteksi, mw tdk mw sy hrs apus akun nya. saat sdh membuat akun baru, tdk sampe sehari sdh ditangguhkan lagi BIKIN MUAK PLS!? tolong untuk perbaiki lg",,1,google_play_reviews,data/Review Instagram.csv,consumer_app_review,,,,,,500,500,82,82,6.1,0,0,0,0,12,0.024,1,6,0,0.8049,,,,,INSUFFICIENT_TEMPORAL_DATA,,,,,INSUFFICIENT_ENGAGEMENT_DATA,negative,0.9857,0.0068,0.0076,0.9857,anger,0
IG-000250,FORENSIUS JUNIANTO JUNIANTO,Lelet suka loding lama walaupun sinyal bagus chat suka tidak bisa di lihat ada lgi bug ngk bisa hapus postingan. TOLONG DI OERBAIKI INI APLIKASI BAGUS TAPI MASIH ADA BUG NYA,,4,google_play_reviews,data/Review Instagram.csv,consumer_app_review,,,,,,173,173,31,31,5.58,0,0,0,0,51,0.2948,0,0,0,0.8065,,,,,INSUFFICIENT_TEMPORAL_DATA,,,,,INSUFFICIENT_ENGAGEMENT_DATA,negative,0.9952,0.0017,0.0031,0.9952,joy,0
IG-000251,Lihat Aku,"The f, kenapa ig ikut ikutan blur pas bikin story pake music? Apa semua yang dinaungi meta bakal ampas dalam hal resolusi? Bro, wa status lu kompres, fb apalagi, yakali ig juga? The f bro, what an app suck.",,1,google_play_reviews,data/Review Instagram.csv,consumer_app_review,,,,,,206,206,39,39,5.28,0,0,0,0,4,0.0194,0,3,0,0.9231,,,,,INSUFFICIENT_TEMPORAL_DATA,,,,,INSUFFICIENT_ENGAGEMENT_DATA,negative,0.9598,0.0082,0.0321,0.9598,surprise,0
IG-000252,ERAIBITO SUROTO Putra,Optimalkan lagi biar lebih mudah penggunaan terutama ketika sudah meng-upload postingan untuk bisa diedit lagi fotonya dan bisa menambahkan fotonya lagi.,,5,google_play_reviews,data/Review Instagram.csv,consumer_app_review,,,,,,153,153,21,21,7.29,0,0,0,0,1,0.0065,0,0,0,0.8571,,,,,INSUFFICIENT_TEMPORAL_DATA,,,,,INSUFFICIENT_ENGAGEMENT_DATA,neutral,0.4958,0.4397,0.4958,0.0645,neutral,1
IG-000253,Gaby Mareoli,"Mohon maaf saya kasih bintang 4 alasannya akun ig saya tiba-tiba kembali login atau kayak meminta kode konfirmasi *pas saya buka Instagram langsung muncul gini mau gk mau log out dari akun (antara seperti kayak mastiin ini benar pemilik akunnya atau yang lain ya) saya ngetik gini karena sudah dua kali begitu pula di threads, sama kayak gini jg tapi 1 kali pake akun ke dua saya🙏🏻, namun aplikasi Instagram ini bagus kok reels nya, dll. Tolong di perbaiki lagi. Mohon maaf dan terimakasih🙏🏻🙏🏻",,4,google_play_reviews,data/Review Instagram.csv,consumer_app_review,,,,,,493,493,84,84,5.87,0,0,0,6,5,0.0101,0,0,2,0.7857,,,,,INSUFFICIENT_TEMPORAL_DATA,,,,,INSUFFICIENT_ENGAGEMENT_DATA,negative,0.8126,0.0577,0.1297,0.8126,surprise,1
IG-000254,Rey,"Taikkkkk! Saya tidak bisa masuk Instagram saya, sudah 3 hari namun tidak ada informasi atau opsi yang berubah saat melakukan login Instagram!!!!!!!!!! ulasan akan sy ubah jika ada respon dan perubahan dr kalian!",,1,google_play_reviews,data/Review Instagram.csv,consumer_app_review,,,,,,211,211,33,33,6.39,0,0,0,0,4,0.019,12,0,1,0.9394,,,,,INSUFFICIENT_TEMPORAL_DATA,,,,,INSUFFICIENT_ENGAGEMENT_DATA,negative,0.724,0.0168,0.2592,0.724,anger,1
IG-000255,Eriyansyah,"Tolong lah pihak Ig kenapa akun saya tiba"" ditangguhkan padahal gak ngapa""in udh hampir 3 hari gak bisa dibuka tolong lah, apa lagi pas mintak verifikasi banyak kali masalah mulai dari koneksi lah penyimpanan lah jelas"" pake Wifi-nya stabil disini + penyimpanan memori jauh dari kata penuh tapi tetap saja gak bisa dibuka, tolonglah bintang 1 aja semoga pihak Instagram cepat memperbaiki permasalahan ini apa lagi akun saya dari lama gk pernah Gonta ganti akun cmn punya satu Tolong lah kerja samanya",,1,google_play_reviews,data/Review Instagram.csv,consumer_app_review,,,,,,500,500,82,82,6.1,0,0,0,0,6,0.012,0,0,2,0.7927,,,,,INSUFFICIENT_TEMPORAL_DATA,,,,,INSUFFICIENT_ENGAGEMENT_DATA,negative,0.8972,0.0871,0.0157,0.8972,surprise,0
IG-000256,Juna Aja,"Selama penggunaan masih bagus dan baik, cuma saran aja sih kalo boleh untuk penghapusan chat atau batal kirim di perbarui seperti telegram, kita bisa hapus chat dari kedua obrolan orang yang ngirim kita pesan, batal kirim juga gitu sebaliknya, terimakasih",,5,google_play_reviews,data/Review Instagram.csv,consumer_app_review,,,,,,255,255,40,40,6.38,0,0,0,0,1,0.0039,0,0,0,0.9,,,,,INSUFFICIENT_TEMPORAL_DATA,,,,,INSUFFICIENT_ENGAGEMENT_DATA,neutral,0.5778,0.2965,0.5778,0.1256,joy,0
IG-000257,Dwika Sari,"tolong dong, di update malah sering suka error udah berkali kali logout semua akun sendiri gitu terus, kenapa sih. tolong kualitas nya di tingkatkan!",,1,google_play_reviews,data/Review Instagram.csv,consumer_app_review,,,,,,149,149,24,24,6.21,0,0,0,0,0,0.0,1,0,0,0.9167,,,,,INSUFFICIENT_TEMPORAL_DATA,,,,,INSUFFICIENT_ENGAGEMENT_DATA,negative,0.9945,0.0029,0.0026,0.9945,surprise,0
IG-000258,Fathullah Fathullah,"Kenapa dengan Instagram sekarang, kemarin saya daftar akun baru selang 2 hari tiba² dapat notif pengajuan bandin dan sekarang akun Instagram saya tidak bisa digunakan, tolong perbaiki data saya , saya sangat kecewa sekali",,3,google_play_reviews,data/Review Instagram.csv,consumer_app_review,,,,,,221,221,34,34,6.5,0,0,0,0,3,0.0136,0,0,1,0.8529,,,,,INSUFFICIENT_TEMPORAL_DATA,,,,,INSUFFICIENT_ENGAGEMENT_DATA,negative,0.9952,0.0008,0.004,0.9952,sadness,1
IG-000259,TARUNA OFFICIAL,"sebenarnya aku pertama kali memakai Instagram aku mencoba ingin seperti orang lain yang bisa menampilkan wajah terganteng, pokoknya Jangan menatap wajahku terlalu lama yah, dikuatirkan anda memiliki diabet karena akunya terlalu manis.",,5,google_play_reviews,data/Review Instagram.csv,consumer_app_review,,,,,,234,234,32,32,7.31,0,0,0,0,2,0.0085,0,0,0,0.9375,,,,,INSUFFICIENT_TEMPORAL_DATA,,,,,INSUFFICIENT_ENGAGEMENT_DATA,negative,0.9676,0.0283,0.0041,0.9676,anger,1
IG-000260,Han_ ryhnn,"Tolong pihak instagram, aplikasi nya sering terjadi eror, tiba tiba akun instagram keluar sendiri dan tidak dapat di login kembali meskipun kata sandi benar tetapi di aplikasi instagram terdapat keterangan ""kata sandi anda salah"" padahal kata sandi saya benar tolong diperbaiki lagi",,1,google_play_reviews,data/Review Instagram.csv,consumer_app_review,,,,,,282,282,42,42,6.71,0,0,0,0,1,0.0035,0,0,0,0.7857,,,,,INSUFFICIENT_TEMPORAL_DATA,,,,,INSUFFICIENT_ENGAGEMENT_DATA,negative,0.9742,0.0027,0.0231,0.9742,surprise,1
IG-000261,Iis Ermaya,"Iya kenapa ya akhir2 ini loading nya lama,,awal nya dikira Krn sinyal provider trus hape penuh,,tapi aplikasi lain baik2 aja,,sinyal bagus hape jg msh cukup memori nya,,sampe kesel bingung mau komplain ke mana",,1,google_play_reviews,data/Review Instagram.csv,consumer_app_review,,,,,,209,209,33,33,6.33,0,0,0,0,2,0.0096,0,0,2,0.9394,,,,,INSUFFICIENT_TEMPORAL_DATA,,,,,INSUFFICIENT_ENGAGEMENT_DATA,negative,0.9964,0.0012,0.0024,0.9964,surprise,0
IG-000262,Samsul Bahri,"Sering terjadinya bug-bug, seperti tidak munculnya hasil like dan comennt dan berbagi selalu terjadi masalah.",,2,google_play_reviews,data/Review Instagram.csv,consumer_app_review,,,,,,109,109,15,15,7.27,0,0,0,0,1,0.0092,0,0,0,0.9333,,,,,INSUFFICIENT_TEMPORAL_DATA,,,,,INSUFFICIENT_ENGAGEMENT_DATA,negative,0.9772,0.0042,0.0186,0.9772,anger,1
IG-000263,Dini Amelia Putri,"baguss!!🤩 rekomendasi sii kalo orang"" yang suka foto"" download ajaa Instagram jelas+jernih koo tapi kadangg ngelag jugaa sii,tapi ga ngeganggu ko dan ada reels/vidio"" nya juga,seruu kalo nonton nyaa. segituu ajaa yaa kalo rating dari aku sih bintang 5, dan 9/10.",,5,google_play_reviews,data/Review Instagram.csv,consumer_app_review,,,,,,262,262,41,41,6.39,0,0,0,1,1,0.0038,2,0,4,0.9024,,,,,INSUFFICIENT_TEMPORAL_DATA,,,,,INSUFFICIENT_ENGAGEMENT_DATA,positive,0.9626,0.9626,0.0158,0.0216,joy,0
IG-000264,Oji,"Tolong masih banyak bug seperti story yang sudah diarsipkan malah hilang, sangat mengganggu sekali. penyakit instagram sejak zaman dahulu ya itu",,1,google_play_reviews,data/Review Instagram.csv,consumer_app_review,,,,,,144,144,21,21,6.86,0,0,0,0,1,0.0069,0,0,0,1.0,,,,,INSUFFICIENT_TEMPORAL_DATA,,,,,INSUFFICIENT_ENGAGEMENT_DATA,negative,0.9967,0.0021,0.0012,0.9967,anger,1
IG-000265,Elita Izza,"kenapa fitur fitur baru selalu ada di akun kedua dulu siii, nanti kalo udh bener kukasih bintang lima deh! EDITED : akunku ini udh tinggal akun utamaku doang dan baru aja update ig, tp masih gada update an nyaaaa. Ig gimana si ini",,3,google_play_reviews,data/Review Instagram.csv,consumer_app_review,,,,,,230,230,43,43,5.35,0,0,0,0,7,0.0304,1,0,0,0.8605,,,,,INSUFFICIENT_TEMPORAL_DATA,,,,,INSUFFICIENT_ENGAGEMENT_DATA,negative,0.9527,0.0097,0.0376,0.9527,surprise,0
IG-000266,Rika Anggita574,"Helppp gimana caranya nge hapus musik di profil tapi fiturnya udah ilangggggg, di profil sendiri mah udah gaada tapi pas di cek sama akun orang lain masih adaaa musiknya gimanaaa cara ilanginnya pleasee!!😭mana lagunya perayaan mati rasa lagi😭udah di laporin tpi ga di tanggap terussss",,4,google_play_reviews,data/Review Instagram.csv,consumer_app_review,,,,,,284,284,45,45,6.31,0,0,0,2,1,0.0035,2,0,0,0.8444,,,,,INSUFFICIENT_TEMPORAL_DATA,,,,,INSUFFICIENT_ENGAGEMENT_DATA,negative,0.9522,0.0078,0.04,0.9522,anger,0
IG-000267,Neni Agustin,"Masih belajar, baru bisa ngasi efek lagu, belum bisa mengedit tulisan di gambar, mungkin bisa lebih dipermudah lagi untuk kami pemula",,4,google_play_reviews,data/Review Instagram.csv,consumer_app_review,,,,,,133,133,21,21,6.33,0,0,0,0,1,0.0075,0,0,0,0.9048,,,,,INSUFFICIENT_TEMPORAL_DATA,,,,,INSUFFICIENT_ENGAGEMENT_DATA,negative,0.4037,0.3963,0.2,0.4037,anger,0
IG-000268,Haliza Fiani Tastbita,"Akun penting saya keluar dengan sendirinya, setelah dilakukan pengecekan dan login kembali proses nya lebih ribet dan sulit. Jadi saya kesulitan untuk mengembalikan akun saya dikarenakan prosesnya yang menyulitkan pengguna",,1,google_play_reviews,data/Review Instagram.csv,consumer_app_review,,,,,,222,222,30,30,7.4,0,0,0,0,2,0.009,0,0,0,0.8667,,,,,INSUFFICIENT_TEMPORAL_DATA,,,,,INSUFFICIENT_ENGAGEMENT_DATA,negative,0.9871,0.0045,0.0084,0.9871,anger,1
IG-000269,16_Ida Bagus Made Sivarama Dasa,"Sangat dimohonkan, ketika login kembali diberikan fitur meminta bantuan kepada teman, sebelumnya login ke akun Instagram sangatlah mudah dengan adanya fitur ini, apalagi bagi orang-orang yang lupa dengan kata sandi akun pribadinya. Dan jika ada yang akun pribadinya masih terkait dengan nomor ponsel mereka yang sudah tidak aktif, cara tersebut akan efektif dan memudahkan untuk login kembali ke akun pribadinya. Saya kesal dengan cara login yang sangat sedikit dan menyusahkan seperti saat ini. LAGI",,3,google_play_reviews,data/Review Instagram.csv,consumer_app_review,,,,,,500,500,74,74,6.76,0,0,0,0,8,0.016,0,0,0,0.7297,,,,,INSUFFICIENT_TEMPORAL_DATA,,,,,INSUFFICIENT_ENGAGEMENT_DATA,negative,0.989,0.0092,0.0018,0.989,anger,1
IG-000270,Nur Winda,"yang selalu up fitur Instagram tolong lah adain fitur notification kalo ada yang unfoll, cape saya harus nyari² kalo ada yang follow terus di unfoll duluan, tolong ya orang yang selalu up fitur Instagram ada in.",,5,google_play_reviews,data/Review Instagram.csv,consumer_app_review,,,,,,211,211,36,36,5.86,0,0,0,0,2,0.0095,0,0,0,0.6667,,,,,INSUFFICIENT_TEMPORAL_DATA,,,,,INSUFFICIENT_ENGAGEMENT_DATA,neutral,0.8015,0.0338,0.8015,0.1647,neutral,1
IG-000271,Aditiya Adit,"Tolong buat pihak instagram, knp akun saya udh berapa bulan ini nga bisa live sama sekali, selalu ada notif, (belum memenuhi syarat, pdhl saya nga pernah sama sekali bikin pelanggaran, tolong aja nihh yaa di perbaiki lagi",,1,google_play_reviews,data/Review Instagram.csv,consumer_app_review,,,,,,221,221,37,37,5.97,0,0,0,0,1,0.0045,0,0,0,0.8919,,,,,INSUFFICIENT_TEMPORAL_DATA,,,,,INSUFFICIENT_ENGAGEMENT_DATA,negative,0.9605,0.0027,0.0367,0.9605,anger,1
IG-000272,Elred Alfadion Brian,"Tolong ya instagram, aplikasinya dah bagus tapi masalahnya bugnya ada saat saya mengikuti akun. Pas dah tekan ikuti, eh mengikutinya malah jadi ikuti lagi jadi biru lagi pas coba lagi masih gabisa dah dari minggu lalu loh. Masa bug gini sampe berhari-hari. Tolonglah plislah instagram atasi masalah bug nya supaya saya dapat mengikuti akun lagi sudah ada beberapa followers saya yang unfollow gara-gara saya tidak follback masa bugnya sampe berhari-hari, plislah. 🙏🙏🙏🙏🙏🙏",,2,google_play_reviews,data/Review Instagram.csv,consumer_app_review,,,,,,470,470,72,72,6.53,0,0,0,6,4,0.0085,0,0,0,0.7778,,,,,INSUFFICIENT_TEMPORAL_DATA,,,,,INSUFFICIENT_ENGAGEMENT_DATA,negative,0.9568,0.0151,0.0281,0.9568,surprise,1
IG-000273,Afif Jauhar,"Mohon bantuannya , aplikasi memang bagus namun bisakah berikan informasi detail mengapa terjadi uji banding? Mohon berikan balasan yang signifikan terkait hal tersebut dan mohon responnya!. Terimakasih 🙏🏼",,5,google_play_reviews,data/Review Instagram.csv,consumer_app_review,,,,,,204,204,28,28,7.29,0,0,0,2,3,0.0147,1,1,0,0.8929,,,,,INSUFFICIENT_TEMPORAL_DATA,,,,,INSUFFICIENT_ENGAGEMENT_DATA,neutral,0.9294,0.0265,0.9294,0.0441,joy,1
IG-000274,Nurhaliza,"Tolong fitur musik untuk di profil di perbaiki, soalnya pas liat profil fitur musiknya ga ada, tetapi ketika pakai akun lain di profil kita musiknya muncul",,2,google_play_reviews,data/Review Instagram.csv,consumer_app_review,,,,,,155,155,26,26,5.96,0,0,0,0,1,0.0065,0,0,0,0.7692,,,,,INSUFFICIENT_TEMPORAL_DATA,,,,,INSUFFICIENT_ENGAGEMENT_DATA,neutral,0.5639,0.0059,0.5639,0.4302,neutral,0
IG-000275,Aurellia Najwa Munzir,"suka ngebug,satu akun udh update tapi akun yg lain ga, post foto yang sama di dua akun tapi akun satunya cmn foto lagunya gaada, yang lain udh bisa post lebih dari 10 foto sedangkan akun saya gabisa, tolong diperbaiki",,3,google_play_reviews,data/Review Instagram.csv,consumer_app_review,,,,,,217,217,39,39,5.56,0,0,0,0,0,0.0,0,0,2,0.7179,,,,,INSUFFICIENT_TEMPORAL_DATA,,,,,INSUFFICIENT_ENGAGEMENT_DATA,negative,0.9634,0.0026,0.034,0.9634,joy,1
IG-000276,Davie Akmallamdani,"makin hari makin gajelas, sinyal full tapi dipake ig lemot banget semua foto/video loading. dipake aplikasi lain aman aja, makin aneh 😹🫵🏻",,1,google_play_reviews,data/Review Instagram.csv,consumer_app_review,,,,,,137,137,22,22,6.23,0,0,0,3,0,0.0,0,0,0,0.8636,,,,,INSUFFICIENT_TEMPORAL_DATA,,,,,INSUFFICIENT_ENGAGEMENT_DATA,negative,0.9954,0.0016,0.003,0.9954,surprise,0
IG-000277,Lilista Milala,"Njirrr lah tiap mau buat story ig ga bisa selalu ada ketrangan ""kesalahan"" awal nya ku pikir hp ku yg salah tapi tiap di ulang ngi pun selalu ""kesalahan"" sekali duakali ok lh tapi kalau tiap buat story gitu palak juga aku tolong lah di perbaiki Masa tiap 1x dalam 2mingguan aku update",,3,google_play_reviews,data/Review Instagram.csv,consumer_app_review,,,,,,284,284,53,53,5.36,0,0,0,0,2,0.007,0,0,2,0.7736,,,,,INSUFFICIENT_TEMPORAL_DATA,,,,,INSUFFICIENT_ENGAGEMENT_DATA,negative,0.9755,0.0203,0.0042,0.9755,surprise,0
IG-000278,Azza Lidia,Tolong ya Instagram ini kenapa setiap kali saya ingin posting foto itu tidak ada captionnya. setiap saya posting pasti captionnya akan hilang. Dan seterusnya itu tidak bisa diedit. Tolong Instagram ini kenapa?,,1,google_play_reviews,data/Review Instagram.csv,consumer_app_review,,,,,,209,209,32,32,6.53,0,0,0,0,5,0.0239,0,1,0,0.75,,,,,INSUFFICIENT_TEMPORAL_DATA,,,,,INSUFFICIENT_ENGAGEMENT_DATA,negative,0.9907,0.0018,0.0075,0.9907,surprise,1
IG-000279,Nasya Amanda putri,"ini kenapa yah ig nyaa,sya mau posting foto selalu gabisa muluu,bikin saya ga mood jdinyaa,susah banget klo mau posting selalu ada bacaan ""kesalahn"" dan ""foto anda tidak menyimpan"" tlong dong ini gimanaaaa!?!??!",,2,google_play_reviews,data/Review Instagram.csv,consumer_app_review,,,,,,211,211,32,32,6.59,0,0,0,0,0,0.0,3,3,0,0.875,,,,,INSUFFICIENT_TEMPORAL_DATA,,,,,INSUFFICIENT_ENGAGEMENT_DATA,negative,0.9936,0.0047,0.0017,0.9936,surprise,0
IG-000280,Ita Asrifah,"Bagus banget, bener bener jadi aplikasi yang paling dibutuhin, buat scroll reel, posting story, fiturnya bagus banget",,5,google_play_reviews,data/Review Instagram.csv,consumer_app_review,,,,,,117,117,17,17,6.88,0,0,0,0,1,0.0085,0,0,0,0.8824,,,,,INSUFFICIENT_TEMPORAL_DATA,,,,,INSUFFICIENT_ENGAGEMENT_DATA,positive,0.9976,0.9976,0.0015,0.0009,joy,0
IG-000281,Lins Mobile,"Kenapa saya gk bisa live selalu Katanya begini:""akun anda belum memenuhi syarat "" Tolonglah perbaiki udah tiga bulan aku memakai apk ini tetap juga gk bisa live lama"" pengen gua hapus juga ini apknya",,1,google_play_reviews,data/Review Instagram.csv,consumer_app_review,,,,,,199,199,34,34,5.85,0,0,0,0,3,0.0151,0,0,0,0.8529,,,,,INSUFFICIENT_TEMPORAL_DATA,,,,,INSUFFICIENT_ENGAGEMENT_DATA,negative,0.9941,0.0021,0.0037,0.9941,surprise,0
IG-000282,Putri Rajuna,"please suka kesel karna fitur music yg di bio sering hilang hilang and gabisa dihapus kalo udah hilang jadinya aneh, tolong dong Instagram jgn keseringan ngapus fitur fitur baru yg di bio, karna di akun ku yg lain ada biasanya di akun first malah gaada lagi, please... 😣👎🏻👎🏻",,1,google_play_reviews,data/Review Instagram.csv,consumer_app_review,,,,,,274,274,48,48,5.71,0,0,0,5,1,0.0036,0,0,0,0.7708,,,,,INSUFFICIENT_TEMPORAL_DATA,,,,,INSUFFICIENT_ENGAGEMENT_DATA,negative,0.9333,0.0117,0.0551,0.9333,sadness,0
IG-000283,Andini Maulidiyah Rachma,"Sumpaaa marah banget sama ig, aku arsipin postingan feeds trus beberapa hari kemudian aku pulihkan. Ga langsung ada di feeds aku pikir loading, tapi sampai sekarang ga muncul, dan aku liat di arspian gaada juga postingannya, nangisss bangett kecewa sama ig😭👎",,2,google_play_reviews,data/Review Instagram.csv,consumer_app_review,,,,,,258,258,41,41,6.29,0,0,0,2,2,0.0078,0,0,0,0.8293,,,,,INSUFFICIENT_TEMPORAL_DATA,,,,,INSUFFICIENT_ENGAGEMENT_DATA,negative,0.9967,0.0021,0.0012,0.9967,anger,0
IG-000284,Imas Susanty,"Aplikasi ini juga sangat bermanfaat dan tidak terancam apapun dan tidak ada berbahaya nya. Tetapi ada satu hal yang paling inginkan saya. Tolong, bagaimana cara agar tidak limit. Saya memfollow seseorang saya kenal dan tiba limit atau batasan. Maaf ya ada kesalahan yang saya berbicara",,5,google_play_reviews,data/Review Instagram.csv,consumer_app_review,,,,,,285,285,45,45,6.33,0,0,0,0,5,0.0175,0,0,0,0.8,,,,,INSUFFICIENT_TEMPORAL_DATA,,,,,INSUFFICIENT_ENGAGEMENT_DATA,negative,0.6272,0.3226,0.0502,0.6272,surprise,1
IG-000285,rifki _armindho,"tolong pihak Instagram mengapa Instagram saya tidak memenuhi syarat live sedangkan devices yang saya gunakan adalah devices terbaru dan selalu update,saya sudah sering mengirim laporan tapi tidak ada tindakan apa apa.",,1,google_play_reviews,data/Review Instagram.csv,consumer_app_review,,,,,,217,217,31,31,7.0,0,0,0,0,2,0.0092,0,0,0,0.871,,,,,INSUFFICIENT_TEMPORAL_DATA,,,,,INSUFFICIENT_ENGAGEMENT_DATA,neutral,0.8831,0.0066,0.8831,0.1102,neutral,1
IG-000286,Joshua wira Nataniel,"Bug mulu kaga dibener benerin. Sg temen gabisa diliat, harus diliat dati scnd account, semua postingan poto yang ada lagunya jadi reals, ig temen online tapi gada tandannya. Lama-lama ig bakalan tenggelem ama bug semua. Tolong di dengar karna banyak orang yang beranggapan seperti ini",,1,google_play_reviews,data/Review Instagram.csv,consumer_app_review,,,,,,284,284,45,45,6.31,0,0,0,0,4,0.0141,0,0,0,0.9111,,,,,INSUFFICIENT_TEMPORAL_DATA,,,,,INSUFFICIENT_ENGAGEMENT_DATA,negative,0.9928,0.0021,0.0051,0.9928,anger,0
IG-000287,Iwan S,Saya sudah update bbrp x ttp ada bug dan loading lama.. Jgn kecewakan para pengguna bug nya di perbaiki.,,1,google_play_reviews,data/Review Instagram.csv,consumer_app_review,,,,,,104,104,19,19,5.47,0,0,0,0,2,0.0192,0,0,0,0.9474,,,,,INSUFFICIENT_TEMPORAL_DATA,,,,,INSUFFICIENT_ENGAGEMENT_DATA,negative,0.9951,0.0029,0.002,0.9951,anger,1
IG-000288,Agus Sugianto,"Dalam menyiapkan akun profesional kreator saya tidak bisa melewati langkah ke 7 (PELAJARI TENTANG CARA BERIKLAN), sudah saya ikuti semua langkahnya, bahkan sudah coba beriklan tapi langkah ini tetap tidak bisa saya lewati dan saya juga sudah email IG dan menghubungi bantuan di aplikasi IG,nya tapi gak dibalas sampai sekarang. Jika langkah sudah saya lewati, saya kembali kasih 5 bintang. Thanks🙏",,1,google_play_reviews,data/Review Instagram.csv,consumer_app_review,,,,,,397,397,61,61,6.51,0,0,0,1,34,0.0856,0,0,2,0.7705,,,,,INSUFFICIENT_TEMPORAL_DATA,,,,,INSUFFICIENT_ENGAGEMENT_DATA,negative,0.444,0.1179,0.4381,0.444,anger,1
IG-000289,Muhammad Bryan Rich Jwern,"Kepada pihak Instagram, kenapa saya tidak bisa login ya, padahal username dan password sudah benar dan sudah saya cek ke beberapa ponsel lainya bisa login, tetapi hanya ponsel saya yang tidak bisa di loginin, mohon kerjasamanya demi kenyamanan saya, terimakasih",,1,google_play_reviews,data/Review Instagram.csv,consumer_app_review,,,,,,261,261,40,40,6.52,0,0,0,0,2,0.0077,0,0,0,0.8,,,,,INSUFFICIENT_TEMPORAL_DATA,,,,,INSUFFICIENT_ENGAGEMENT_DATA,neutral,0.9186,0.026,0.9186,0.0554,surprise,1
IG-000290,Herkin Doni,Kenapa Instagram sekarang setiap ganti story pasti iklannya judol ya? Ini sangat sangat tidak wajar dan tidak dianjurkan dimohon untuk segera dihapuskan iklan iklan judi onlen tersebut,,1,google_play_reviews,data/Review Instagram.csv,consumer_app_review,,,,,,184,184,27,27,6.81,0,0,0,0,3,0.0163,0,1,0,0.8889,,,,,INSUFFICIENT_TEMPORAL_DATA,,,,,INSUFFICIENT_ENGAGEMENT_DATA,negative,0.9969,0.0018,0.0013,0.9969,surprise,1
IG-000291,Rina Amelia,"ig aku kenapa kalau liat foto diakun org ga bisa di slide sampai akhir ya,max slide ke 4 udah ga bisa slide sampai akhir...tolong dong ini kenapa,soalnya aku suka bgt sama ig",,3,google_play_reviews,data/Review Instagram.csv,consumer_app_review,,,,,,174,174,32,32,5.44,0,0,0,0,0,0.0,0,0,1,0.7812,,,,,INSUFFICIENT_TEMPORAL_DATA,,,,,INSUFFICIENT_ENGAGEMENT_DATA,positive,0.9399,0.9399,0.0406,0.0195,surprise,0
IG-000292,Savira Putriana,"tolong diperbaiki lagi,krna au punya 2 akun semuanya kembali dengan sendirinya,pas udah mau login malah nggak bisa masuk gitu trus,setelah buat akun baru masih tetep nggak bisa,tolong diperbaiki lagi sedemikian ya🙏",,3,google_play_reviews,data/Review Instagram.csv,consumer_app_review,,,,,,214,214,31,31,6.9,0,0,0,1,0,0.0,0,0,1,0.9032,,,,,INSUFFICIENT_TEMPORAL_DATA,,,,,INSUFFICIENT_ENGAGEMENT_DATA,negative,0.8679,0.0075,0.1246,0.8679,anger,0
IG-000293,Moza Pransiska,"apaan banget ig sekarang, masa 3 akun temen saya hilang, kalo kayak gini ya rugi dong kita, udah nyimpen banyak kenangan di sana malah hilang gitu aja, udah bener kemarin balik akun nya, sekarang malah hilang lagi, terus ga bisa masuk lagi, gimana coba. dikira enak apa ngumpulin temen, ngumpulin foto² di sana, tolong banget ya segera di perbaiki, paling ngga kasih saran gimana cara biar bisa balik ke akun kita lagi. mohon di respon karna ini bener² bikin jengkel",,1,google_play_reviews,data/Review Instagram.csv,consumer_app_review,,,,,,466,466,80,80,5.82,0,0,0,0,0,0.0,0,0,1,0.8125,,,,,INSUFFICIENT_TEMPORAL_DATA,,,,,INSUFFICIENT_ENGAGEMENT_DATA,negative,0.9906,0.0038,0.0056,0.9906,sadness,0
IG-000294,Nadiyya,Yup bagus baaangeet sebagai gen z yang suka scroll2 ini aplikasi favoritku sih. Fitur2 barunya juga oke banget (Kembaliin fitur flipside plissss😔) Tapi aku saran dong tambahin fitur repostt (hehe;⁠),,5,google_play_reviews,data/Review Instagram.csv,consumer_app_review,,,,,,198,198,30,30,6.6,0,0,0,1,4,0.0202,0,0,2,0.9667,,,,,INSUFFICIENT_TEMPORAL_DATA,,,,,INSUFFICIENT_ENGAGEMENT_DATA,positive,0.8374,0.8374,0.1379,0.0247,joy,0
IG-000295,someone,"ayolahh instagram, kapan mau bener ini aplikasinya, masa fiturnya ga merata, di akun first malah yg gaada fitur baru, di akun lain ada, tolong lah saya juga pengen gunain fitur barunya, tolong segera diperbaiki.",,1,google_play_reviews,data/Review Instagram.csv,consumer_app_review,,,,,,211,211,34,34,6.21,0,0,0,0,0,0.0,0,0,0,0.8824,,,,,INSUFFICIENT_TEMPORAL_DATA,,,,,INSUFFICIENT_ENGAGEMENT_DATA,negative,0.9653,0.0041,0.0306,0.9653,surprise,0
IG-000296,Amanda Cinta,"Aplikasinya bagus, Tetapi mohon untuk pihak instagram akun saya yang dulu sudah ditangguhkan dan sekarang akun saya yang baru ditangguhkan lagi, Sebenarnya aplikasinya maunya gimana? Jadi dimohon untuk diperbaiki lagi.🙏🏻",,1,google_play_reviews,data/Review Instagram.csv,consumer_app_review,,,,,,220,220,30,30,7.33,0,0,0,2,4,0.0182,0,1,0,0.8,,,,,INSUFFICIENT_TEMPORAL_DATA,,,,,INSUFFICIENT_ENGAGEMENT_DATA,negative,0.9045,0.0058,0.0897,0.9045,anger,1
IG-000297,Adarusman,"Ga tau kenapa akun saya tiba tiba ke baned, udah saya aku banding tapi pas pengiriman otp ke Gmail nya tidak ada yang masuk masuk, saya minta tolong kepada pihak team Instagram agar memperbaiki nya, Terimakasih",,1,google_play_reviews,data/Review Instagram.csv,consumer_app_review,,,,,,210,210,36,36,5.83,0,0,0,0,4,0.019,0,0,0,0.8889,,,,,INSUFFICIENT_TEMPORAL_DATA,,,,,INSUFFICIENT_ENGAGEMENT_DATA,negative,0.7184,0.0097,0.2719,0.7184,surprise,1
IG-000298,Mila 2024,"Masa saya mau like video line foto ngefollow gk bisa tulisannya melindungi komunitas kami terus tolong dong pihak instagram diperbaiki punya saya, saya juga ada keperluan lho tolong banget diperbaiki secepatnya",,3,google_play_reviews,data/Review Instagram.csv,consumer_app_review,,,,,,210,210,31,31,6.77,0,0,0,0,1,0.0048,0,0,0,0.9032,,,,,INSUFFICIENT_TEMPORAL_DATA,,,,,INSUFFICIENT_ENGAGEMENT_DATA,negative,0.8789,0.0057,0.1154,0.8789,surprise,1
IG-000299,Kim -,"Tambahin fitur privasi sorotan dong, walaupun akunnya udah private, tapi saya rasa perlu juga untuk menambahkan privasi sorotan atau menyembunyikan sorotan dari orang orang tertentu",,4,google_play_reviews,data/Review Instagram.csv,consumer_app_review,,,,,,181,181,25,25,7.24,0,0,0,0,1,0.0055,0,0,0,0.84,,,,,INSUFFICIENT_TEMPORAL_DATA,,,,,INSUFFICIENT_ENGAGEMENT_DATA,neutral,0.8199,0.0705,0.8199,0.1096,neutral,1
IG-000300,Abay Darman,"sngt kecwa dengan pihak instagram,awal mula nya saya tidak ngapa ngapain lah kok akun sy dinonaktifkan tiba tiba,setelah itu sy mengajukan banding karena lama menunggu saya logut lah akun sy dan Sy uninstall setelah itu sy instal lgi stlh saya mengajukan banding permohonan sya diterima tpi yg susah nya ialah untuk kmbli login akun sy tdk bisa akhirnya saya memutuskan untuk lupa sandi setelah dikirm kode ke wa dan disuruh untuk mengatur kata sandi yg baru slalu kata sndi slh silhkn coba lgi,",,1,google_play_reviews,data/Review Instagram.csv,consumer_app_review,,,,,,495,495,83,83,5.96,0,0,0,0,1,0.002,0,0,0,0.7349,,,,,INSUFFICIENT_TEMPORAL_DATA,,,,,INSUFFICIENT_ENGAGEMENT_DATA,negative,0.9124,0.039,0.0485,0.9124,surprise,1
IG-000301,Yanti Yanti,"Alhamdulillah sejauh ini sudah sangat bagus, tapi beberapa waktu lalu akun saya pernah ditangguhkan padahal ini real akun saya jadi semoga kedepannya bisa lebih baik lagi. terimakasih karena dengan adanya isntagram saya bisa berbagi hal yang bermanfaat dan Alhamdulillah banyak konten positif yang ada di instagram untuk diambil manfaatnya dari akun2 yang Masya Allah menginspirasi untuk hal agama dan akhirat. dan keamanan pemilik akun kalau bisa lebih ditingkatkan lagi terimakasih.",,3,google_play_reviews,data/Review Instagram.csv,consumer_app_review,,,,,,484,484,70,70,6.91,0,0,0,0,4,0.0083,0,0,1,0.7857,,,,,INSUFFICIENT_TEMPORAL_DATA,,,,,INSUFFICIENT_ENGAGEMENT_DATA,positive,0.9819,0.9819,0.0106,0.0075,joy,1
IG-000302,Melya Dita,"ini Instagram lagi eror apa gimana? kenapa tiba' ig saya gabisa masuk dan malah di kasi kode uda di kasi kode trs malah minta vidio muka kita ngeliatin sekitar kanan kiri kita terus gabisa di pencet cara nge vdiony gbsa di lnjut juga mentok di vidio itu, jadi gimana ya solusinya, akun saya udah lama banget itu masa hilang si",,2,google_play_reviews,data/Review Instagram.csv,consumer_app_review,,,,,,326,326,60,60,5.43,0,0,0,0,1,0.0031,0,1,0,0.8167,,,,,INSUFFICIENT_TEMPORAL_DATA,,,,,INSUFFICIENT_ENGAGEMENT_DATA,negative,0.9898,0.0015,0.0086,0.9898,sadness,0
IG-000303,AldiCP,Untuk fitur sebenernya udah bagus tapi di lebihin lagi untuk durasi lagunya kurang rasanya kalo cuman 15 detik,,4,google_play_reviews,data/Review Instagram.csv,consumer_app_review,,,,,,110,110,18,18,6.11,0,0,0,0,1,0.0091,0,0,2,0.9444,,,,,INSUFFICIENT_TEMPORAL_DATA,,,,,INSUFFICIENT_ENGAGEMENT_DATA,negative,0.9011,0.0855,0.0133,0.9011,joy,0
IG-000304,Philipp Newlinski,tidak bisa post reel katanya spam padahal tidak ada pelanggaran apapun. istagram terlalu baperan. dan algoritma AI nya rusak. yang bukan pelanggaran dianggap pelanggaran. sedangkan yang benar2 pelanggaran tidak dianggap pelanggaran,,1,google_play_reviews,data/Review Instagram.csv,consumer_app_review,,,,,,231,231,31,31,7.45,0,0,0,0,2,0.0087,0,0,1,0.7742,,,,,INSUFFICIENT_TEMPORAL_DATA,,,,,INSUFFICIENT_ENGAGEMENT_DATA,negative,0.9983,0.0007,0.001,0.9983,anger,1
IG-000305,Dinda Wulan,"Ini gimana sih udah di download tapi gak bisa daftar... Makaudnya itu tuh gimana, udah login pake akun yang lama tapi tetep gak bisa masuk katanya sandi salah, padahal bener loh itu sandinya karna aku tulis sandi itu di kertas biar gak lupa",,1,google_play_reviews,data/Review Instagram.csv,consumer_app_review,,,,,,240,240,43,43,5.58,0,0,0,0,2,0.0083,0,0,0,0.7907,,,,,INSUFFICIENT_TEMPORAL_DATA,,,,,INSUFFICIENT_ENGAGEMENT_DATA,negative,0.9017,0.0194,0.0788,0.9017,anger,0
IG-000306,winn 123,Sudah di update masih sama masalahnya. Direct message sudah dibaca tapi masih terdeteksi sebagai pesan yang belum dibaca. Perbaiki.,,1,google_play_reviews,data/Review Instagram.csv,consumer_app_review,,,,,,131,131,19,19,6.89,0,0,0,0,3,0.0229,0,0,0,0.8947,,,,,INSUFFICIENT_TEMPORAL_DATA,,,,,INSUFFICIENT_ENGAGEMENT_DATA,negative,0.9675,0.0014,0.0311,0.9675,anger,0
IG-000307,Pengguna Google,"Knp habis diperbarui malah nge bug, koneksi internet 4G+ mlh di blg tidak ada koneksi internet. Buka medsos lain lancar aj. Tolong diperbaiki!!",,5,google_play_reviews,data/Review Instagram.csv,consumer_app_review,,,,,,143,143,23,23,6.22,0,0,0,0,4,0.028,2,0,1,0.9565,,,,,INSUFFICIENT_TEMPORAL_DATA,,,,,INSUFFICIENT_ENGAGEMENT_DATA,negative,0.9911,0.0011,0.0078,0.9911,anger,0
IG-000308,revi andrey,"sangat kecewa, kenapa akun saya di tangguhkan, padahal saya tidak pernah memposting seperti pelecahan/aktivitas seksual dan lainya, tolong perbaiki masalah seperti ini , ini sangat merugikan pengguna Instagram yg followers nya banyak dan lain""",,1,google_play_reviews,data/Review Instagram.csv,consumer_app_review,,,,,,243,243,34,34,7.15,0,0,0,0,1,0.0041,0,0,0,0.8529,,,,,INSUFFICIENT_TEMPORAL_DATA,,,,,INSUFFICIENT_ENGAGEMENT_DATA,negative,0.9965,0.0026,0.0009,0.9965,surprise,1
IG-000309,Suci Marito,"instagram sekarang jelekkk g bagusss,masa iya dm an lama kehps otomatiss tau g sii instagram itu penting bangett moment,kenangannya ituuu loohhh susahhh aku nyari dimana lagi coba???please lh balikin lagi kaya awal kami berhak kn atas itu😓😓",,1,google_play_reviews,data/Review Instagram.csv,consumer_app_review,,,,,,240,240,37,37,6.49,0,0,0,2,0,0.0,0,3,0,0.9189,,,,,INSUFFICIENT_TEMPORAL_DATA,,,,,INSUFFICIENT_ENGAGEMENT_DATA,negative,0.9666,0.0135,0.0199,0.9666,anger,0
IG-000310,tagor topsellgroup,Ketika saya install aplikasi Instagram di android dan iphone Masalah itu muncul ketika suara notifikasi dan suara music yang ada di handphone saya jadi kecil dan pelan Tolong diperbaiki,,1,google_play_reviews,data/Review Instagram.csv,consumer_app_review,,,,,,185,185,29,29,6.38,0,0,0,0,4,0.0216,0,0,0,0.7931,,,,,INSUFFICIENT_TEMPORAL_DATA,,,,,INSUFFICIENT_ENGAGEMENT_DATA,negative,0.9679,0.0036,0.0285,0.9679,anger,1
IG-000311,Mytha Novescor,"Sya kecewa. Followers sya naik turun secara drastis tanpa ada kejelasan,. Jumlah asli 1300an. Kadang kalau dibuka tbtb brubah 1000, di refresh berubah jdi 1200, direfresh lagi berubah 900 . Kan aneh",,3,google_play_reviews,data/Review Instagram.csv,consumer_app_review,,,,,,198,198,32,32,6.19,0,0,0,0,5,0.0253,0,0,15,0.9375,,,,,INSUFFICIENT_TEMPORAL_DATA,,,,,INSUFFICIENT_ENGAGEMENT_DATA,negative,0.9978,0.0009,0.0013,0.9978,surprise,0
IG-000312,プッシー,"saya mengalami tidak bisa login ,padahal sudah memasukan email dan nomor hp buat reset sandi. tetapi tidak bisa & tertulis "" maaf ada masalah coba lagi "" .Mohon untuk Instagram segera memperbaiki bug tsb",,1,google_play_reviews,data/Review Instagram.csv,consumer_app_review,,,,,,203,203,34,34,5.97,0,0,0,0,2,0.0099,0,0,0,0.9118,,,,,INSUFFICIENT_TEMPORAL_DATA,,,,,INSUFFICIENT_ENGAGEMENT_DATA,negative,0.7441,0.0038,0.2521,0.7441,anger,1
IG-000313,Allisah M,"bagus sih, cuma pas orang komen dipost ku komennya ga muncul dipostku, pdhl di notif tuh ada, trs ak pencet komen lalu klik yg ""terbaru"" tuh komennya baru muncul, itu cara ngeliat semua komen tanpa hrs mencet itu tuh gmn yak, perbaikin dong developer😿😿",,5,google_play_reviews,data/Review Instagram.csv,consumer_app_review,,,,,,252,252,44,44,5.73,0,0,0,2,0,0.0,0,0,0,0.8636,,,,,INSUFFICIENT_TEMPORAL_DATA,,,,,INSUFFICIENT_ENGAGEMENT_DATA,negative,0.9306,0.0109,0.0586,0.9306,joy,0
IG-000314,Echa Leiwakabessy,Tolong tambahkan fitur simpan untuk yg kalo mau di repost di snap wa atau sebagainya agar mereka unduh saja video/fotonya agar lebih memudahkan😇🙏,,4,google_play_reviews,data/Review Instagram.csv,consumer_app_review,,,,,,145,145,23,23,6.3,0,0,0,2,1,0.0069,0,0,0,0.913,,,,,INSUFFICIENT_TEMPORAL_DATA,,,,,INSUFFICIENT_ENGAGEMENT_DATA,neutral,0.9615,0.0087,0.9615,0.0298,neutral,0
IG-000315,Ilham Nurdin,"saya sangat suka sama instagram,dan saya juga sangat suka foto dengan efek² di instagram,pliss supoort instagram ku🙏,kembalikan akun instagram ku kak,aku gak berbuat apa² tiba tiba kena ajukan banding katanya,plis bantuin kak🙏,proses nya udah aku jalanin,trus udah 1 hari gak juga bisa login..",,4,google_play_reviews,data/Review Instagram.csv,consumer_app_review,,,,,,293,293,43,43,6.81,0,0,0,2,0,0.0,0,0,1,0.814,,,,,INSUFFICIENT_TEMPORAL_DATA,,,,,INSUFFICIENT_ENGAGEMENT_DATA,positive,0.4244,0.4244,0.409,0.1666,surprise,1
IG-000316,Icka Mey,"Sangat membantu untuk menaikkan penjualan kue saya,terimakasih sudah membantu umkm mempermudah memperkenalkan menu yg diiklankan🙏semoga semakin jaya aplikasi Ig berkah selalu",,5,google_play_reviews,data/Review Instagram.csv,consumer_app_review,,,,,,174,174,21,21,8.29,0,0,0,1,2,0.0115,0,0,0,0.9524,,,,,INSUFFICIENT_TEMPORAL_DATA,,,,,INSUFFICIENT_ENGAGEMENT_DATA,positive,0.9343,0.9343,0.0631,0.0026,joy,1
IG-000317,INDOKO TRAVEL,"kenapa ya tiba tiba ig keluar terus waktu masuk kaya di tangguhkan dan harus verifikasi gitu, eh sekarang malah gabisa dibuka akun akunnya kata sandi salah terus padahal masukinnya udah benar?? tolong dong ig",,2,google_play_reviews,data/Review Instagram.csv,consumer_app_review,,,,,,208,208,34,34,6.12,0,0,0,0,0,0.0,0,2,0,0.9118,,,,,INSUFFICIENT_TEMPORAL_DATA,,,,,INSUFFICIENT_ENGAGEMENT_DATA,negative,0.9787,0.001,0.0203,0.9787,surprise,0
IG-000318,shanty novitasari,"abis update malah jdi ribet,ga bisa tag ,kl ngetik keyboard nya error,soalnya keyboard dipake diaplikasi lain aman.",,2,google_play_reviews,data/Review Instagram.csv,consumer_app_review,,,,,,115,115,17,17,6.76,0,0,0,0,0,0.0,0,0,0,0.9412,,,,,INSUFFICIENT_TEMPORAL_DATA,,,,,INSUFFICIENT_ENGAGEMENT_DATA,negative,0.9815,0.0045,0.0139,0.9815,anger,0
IG-000319,Artyka Paramitha,"Maunya apasih instagram. Update udah coba instal ulang udah kenapa masih loading terus, buka apa apa gabisa ini kenapa medsos lain lancar lancar aja, meresahkan banget sih",,1,google_play_reviews,data/Review Instagram.csv,consumer_app_review,,,,,,171,171,27,27,6.33,0,0,0,0,2,0.0117,0,0,0,0.8519,,,,,INSUFFICIENT_TEMPORAL_DATA,,,,,INSUFFICIENT_ENGAGEMENT_DATA,negative,0.9706,0.0261,0.0033,0.9706,surprise,0
IG-000320,aisyah ramadhani,"padahal aplikasi nya baguss, tapi update terus aplikasi nya, kalo ga di update pasti aplikasi nya nge bug. Tolong di perbaiki lah jangan dikit dikit update. Padahal baru minggu lalu update hari ini update lagi. kebanyakan update jadi nge bug aplikasi nya",,2,google_play_reviews,data/Review Instagram.csv,consumer_app_review,,,,,,254,254,42,42,6.05,0,0,0,0,2,0.0079,0,0,0,0.6905,,,,,INSUFFICIENT_TEMPORAL_DATA,,,,,INSUFFICIENT_ENGAGEMENT_DATA,negative,0.9971,0.0014,0.0015,0.9971,anger,0
IG-000321,tarahayu wulann,"Apa apaan,saya sudah menggunakan foto saya setengah wajah,tapi kenapa waktu pemeriksaan wajah dengan vidio,pihak tidak percaya,bagaimana saya harus meyakinkan?sedangkan itu akun saya yang baru akun yang satu' nya saya,sangat tidak memuaskan bintang 1",,1,google_play_reviews,data/Review Instagram.csv,consumer_app_review,,,,,,250,250,33,33,7.58,0,0,0,0,1,0.004,0,1,1,0.8485,,,,,INSUFFICIENT_TEMPORAL_DATA,,,,,INSUFFICIENT_ENGAGEMENT_DATA,negative,0.9979,0.001,0.0011,0.9979,surprise,1
IG-000322,agung al bukhori,"Min saya masuk ke akun saya yg @dapzstoree_ ko ga bisa, malah gini, intagram terhenti, pas saya klik akun saya yg itu, gmn nih min, akun saya penting min buat promosi, saya sudah lama menggunakan intagram sebelum nya ga ada kendala kaya gini, tolong min ya",,2,google_play_reviews,data/Review Instagram.csv,consumer_app_review,,,,,,256,256,46,46,5.57,0,1,0,0,1,0.0039,0,0,0,0.7174,,,,,INSUFFICIENT_TEMPORAL_DATA,,,,,INSUFFICIENT_ENGAGEMENT_DATA,neutral,0.6148,0.01,0.6148,0.3752,neutral,1
IG-000323,Jelantik Wibisana,"Semua Instagram teman saya bisa memposting video dan foto + musik, tapi Instagram saya malah nggak bisa padahal sudah ke upgrade Instagram nya",,1,google_play_reviews,data/Review Instagram.csv,consumer_app_review,,,,,,142,142,23,23,6.17,0,0,0,0,4,0.0282,0,0,0,0.8261,,,,,INSUFFICIENT_TEMPORAL_DATA,,,,,INSUFFICIENT_ENGAGEMENT_DATA,neutral,0.7577,0.0059,0.7577,0.2365,neutral,1
IG-000324,dalbit99,"greget bgt asli, mau bikin akun baru aja susaahhhh, mau bikin akun baru biasanya masukin username asal2an dulu di awal baru nnti pas udh jadi akunnya bisa ganti username nya, tapi ini GABISAA GAGAL TERUS ampe bingung mau ngacak nama gimana lagi",,4,google_play_reviews,data/Review Instagram.csv,consumer_app_review,,,,,,244,244,42,42,5.81,0,0,0,0,17,0.0697,0,0,1,0.8333,,,,,INSUFFICIENT_TEMPORAL_DATA,,,,,INSUFFICIENT_ENGAGEMENT_DATA,negative,0.9955,0.0028,0.0017,0.9955,anger,0
IG-000325,Fahmi Jamhari,"Sekarang ig lemot sinyalnya lihat postingan lama banget fotonya apalagi reel coba ke apk lain youtube lancar aja, mohon perbaiki.",,3,google_play_reviews,data/Review Instagram.csv,consumer_app_review,,,,,,129,129,20,20,6.45,0,0,0,0,1,0.0078,0,0,0,1.0,,,,,INSUFFICIENT_TEMPORAL_DATA,,,,,INSUFFICIENT_ENGAGEMENT_DATA,negative,0.9974,0.0007,0.0019,0.9974,anger,0
IG-000326,Rio Cuk,Pas posting video sering ke ulang sountrack nya jadi ga enak banget sumpah pas di paus video sering masih ada sountrack yg masih bunyi,,3,google_play_reviews,data/Review Instagram.csv,consumer_app_review,,,,,,134,134,24,24,5.58,0,0,0,0,1,0.0075,0,0,0,0.7917,,,,,INSUFFICIENT_TEMPORAL_DATA,,,,,INSUFFICIENT_ENGAGEMENT_DATA,negative,0.9942,0.0032,0.0026,0.9942,anger,0
IG-000327,Safira Leesdy,Tanda titik tiga disebelah nama akun suka tidak ada dan meski di refresh masih tetap bgtu harus yg berulang ulang kali tolong diperbaiki untuk next update.,,4,google_play_reviews,data/Review Instagram.csv,consumer_app_review,,,,,,155,155,26,26,5.96,0,0,0,0,1,0.0065,0,0,0,1.0,,,,,INSUFFICIENT_TEMPORAL_DATA,,,,,INSUFFICIENT_ENGAGEMENT_DATA,negative,0.7641,0.002,0.2338,0.7641,joy,1
IG-000328,Carrisa Putri,"setelah update jelek bug terus, mau posting foto atau story pasti (kesalahan) terus, berulang kali di post tpi tetap sama,tolong di tangani maz",,1,google_play_reviews,data/Review Instagram.csv,consumer_app_review,,,,,,143,143,23,23,6.22,0,0,0,0,0,0.0,0,0,0,0.913,,,,,INSUFFICIENT_TEMPORAL_DATA,,,,,INSUFFICIENT_ENGAGEMENT_DATA,negative,0.9897,0.0012,0.009,0.9897,anger,0
IG-000329,Khaliel Khanz,Di update makin buruk dan makin gak respect sama Instagram padahal dulu video call tampilan layarnya ok ok ajah. Lah sekarang malah besar kecil kayak WhatsApp. Tolong kembalikan tampilan video call dari tampilan awal. Yang atas bawah jangan besar kecil. Gak enak saja tampilan kayak gitu. Tolong saya costumer harus di layani tolong tanggepin pengajuan saya. Terimakasih,,1,google_play_reviews,data/Review Instagram.csv,consumer_app_review,,,,,,370,370,57,57,6.49,0,0,0,0,10,0.027,0,0,0,0.7719,,,,,INSUFFICIENT_TEMPORAL_DATA,,,,,INSUFFICIENT_ENGAGEMENT_DATA,negative,0.9939,0.0018,0.0042,0.9939,anger,0
IG-000330,Reswyn,"Entah bug atau kenapa, tiap ngesave video kagak kesave lagi, tetiba ngirim pesan delay parah padahal make apk lain lancar aja..herannn",,1,google_play_reviews,data/Review Instagram.csv,consumer_app_review,,,,,,134,134,21,21,6.38,0,0,0,0,1,0.0075,0,0,0,1.0,,,,,INSUFFICIENT_TEMPORAL_DATA,,,,,INSUFFICIENT_ENGAGEMENT_DATA,negative,0.9973,0.0013,0.0014,0.9973,anger,0
IG-000331,zieza pramudi Wk879,"instagram kenapa sih gabisa post foto lebih dari satu, terus gabisa nambahin lagu di profil padahal udah di update berkali kali tp tetep aja gabisa bug nya jg mkin bnyk, tolong diperbaiki.",,1,google_play_reviews,data/Review Instagram.csv,consumer_app_review,,,,,,188,188,32,32,5.88,0,0,0,0,0,0.0,0,0,0,0.9062,,,,,INSUFFICIENT_TEMPORAL_DATA,,,,,INSUFFICIENT_ENGAGEMENT_DATA,negative,0.9892,0.0015,0.0093,0.9892,surprise,0
IG-000332,Shandy Rizqi,"Aplikasi sosial media paling SAMPAH, mendingan gua nyari informasi di tiktok daripada di instagram. ALGORITMANYA GAK JELAS. Fyp reels gua isinya jadi konten-konten aneh dan sepi, padahal tadinya konten yang banyak views dan likenya. Udah pilih ""tidak tertarik"" masih aja muncul konten-konten yang sepi. LU URUS TUH BUG ALGORITMANYA! SOSMED SAMPAH!",,1,google_play_reviews,data/Review Instagram.csv,consumer_app_review,,,,,,347,347,51,51,6.8,0,0,0,0,65,0.1873,2,0,0,0.902,,,,,INSUFFICIENT_TEMPORAL_DATA,,,,,INSUFFICIENT_ENGAGEMENT_DATA,negative,0.9968,0.002,0.0012,0.9968,surprise,0
IG-000333,jalis syarifah128,"Tolong dong ada fitur privasi status, jangan cuma teman dekat. soalnya kalo teman dekat ada tandanya hijau gitu. jadi, kalo bisa ada 3 pilihan, dibagikan ke, pengikut saya, umum, dan pengikut saya kecuali",,4,google_play_reviews,data/Review Instagram.csv,consumer_app_review,,,,,,204,204,33,33,6.18,0,0,0,0,1,0.0049,0,0,1,0.8485,,,,,INSUFFICIENT_TEMPORAL_DATA,,,,,INSUFFICIENT_ENGAGEMENT_DATA,neutral,0.9359,0.0095,0.9359,0.0547,neutral,1
IG-000334,Sesa Agustin,"ini kenapa ig tuh makin kesini makin jelek kualitas gambarnya? padahal aku baru posting video bulan kmren trs aku masukin highlight, kok pas diliat di akun lain jadi buram gitu, tolong kualitasnya diperbaiki lagi, knp makin ksini makin jelek?",,2,google_play_reviews,data/Review Instagram.csv,consumer_app_review,,,,,,242,242,39,39,6.21,0,0,0,0,0,0.0,0,2,0,0.8974,,,,,INSUFFICIENT_TEMPORAL_DATA,,,,,INSUFFICIENT_ENGAGEMENT_DATA,negative,0.9976,0.0008,0.0016,0.9976,anger,0
IG-000335,HK GAMER,"Banyak BUG jir...Mulai Dari Opsi Musing yang bisa di tampilkan di Profil tiba tiba Hilang....Trus Padahal Jaringan udah bagus Dan Kenceng mau liat Story temen eh malah Cerita ini Tidak Tersedia...apa apa ini...Segera dong di Fix Bugnya Buang buang Data Internet Aja ini...Bukan Update Tambah""Fitur""lain...apa gunanya jirr....tapi itu benerin beberapa bug yang Ada dalam aplikasi dulu",,1,google_play_reviews,data/Review Instagram.csv,consumer_app_review,,,,,,383,383,56,56,6.84,0,0,0,0,31,0.0809,0,0,0,0.8929,,,,,INSUFFICIENT_TEMPORAL_DATA,,,,,INSUFFICIENT_ENGAGEMENT_DATA,negative,0.991,0.0044,0.0046,0.991,surprise,0
IG-000336,Felix Felix,sangat aneh Ig sekarang udah di update masih ajah ngeliat sg teman sama reels muter muter truss ngelag padahal jaringan data bagus tolong di bantu perbaiki bug ini!!,,1,google_play_reviews,data/Review Instagram.csv,consumer_app_review,,,,,,165,165,28,28,5.89,0,0,0,0,1,0.0061,2,0,0,0.9286,,,,,INSUFFICIENT_TEMPORAL_DATA,,,,,INSUFFICIENT_ENGAGEMENT_DATA,negative,0.9974,0.0008,0.0018,0.9974,surprise,0
IG-000337,Vioni Siti nurhadijah,"TOLONG JANGAN HAPUS FITUR ARSIP. Balikin arsippp gueee helppp!!! Instagram lo the Best krna ada arsip di mata gue. Sebenarnya fitur lo udah baguss kok, tpi makin kesini makin kesono. sudah ya Cukup dunia yg memporak porandakan hati ini, apk Instagram jangan ikutan.",,4,google_play_reviews,data/Review Instagram.csv,consumer_app_review,,,,,,265,265,43,43,6.16,0,0,0,0,33,0.1245,3,0,0,0.8837,,,,,INSUFFICIENT_TEMPORAL_DATA,,,,,INSUFFICIENT_ENGAGEMENT_DATA,negative,0.9261,0.0546,0.0193,0.9261,anger,0
IG-000338,kezia michaelia,"aplikasinya makin buruk. kalau loading lama banget pdahal kuota lancar banget. kenapa si makin hri makin ngebug? kalau pas dibuka, itu juga lama banget. instagram tolong diperbaiki lagi ya.",,1,google_play_reviews,data/Review Instagram.csv,consumer_app_review,,,,,,189,189,29,29,6.52,0,0,0,0,0,0.0,0,1,0,0.8276,,,,,INSUFFICIENT_TEMPORAL_DATA,,,,,INSUFFICIENT_ENGAGEMENT_DATA,negative,0.9975,0.0007,0.0017,0.9975,surprise,0
IG-000339,DMochi Zythe,"bug pada profil, tolong perbaiki bug di akun saya, bug di bagian profil lagu itu tiba tiba hilang tapi waktu saya cek pake akun lain ada, tapi di akun sendiri tidak ada, padahal pengen hapus lagu nya, tolong bug nya di perbaiki di akun saya. nanti kalau sudah saya beri rating 5",,1,google_play_reviews,data/Review Instagram.csv,consumer_app_review,,,,,,278,278,52,52,5.35,0,0,0,0,0,0.0,0,0,1,0.6731,,,,,INSUFFICIENT_TEMPORAL_DATA,,,,,INSUFFICIENT_ENGAGEMENT_DATA,negative,0.891,0.0108,0.0982,0.891,sadness,1
IG-000340,Si Ayem00,"permisi,,meta, saya tidak setuju kalo fitur arsip akan dihilangkan,kenapa?karna dengan adanya fitur arsip kita bisa melihat semua kenangan"" dalam fitur arsip tersebut! Saya tidak mau update kalo fitur arsip akan dihapus!! Mohon koreksinya terimakasih!",,5,google_play_reviews,data/Review Instagram.csv,consumer_app_review,,,,,,251,251,34,34,7.38,0,0,0,0,2,0.008,4,1,0,0.7059,,,,,INSUFFICIENT_TEMPORAL_DATA,,,,,INSUFFICIENT_ENGAGEMENT_DATA,negative,0.9433,0.0211,0.0356,0.9433,anger,1
IG-000341,imelptrrr imelptrrr,"knpa ya story yg 2/3 hari sebelumnya tidak muncul di arsip, beneran uda ada fitur hapus arsip? aku kasi bintang 5 deh tapi plis jangan ada fitur itu rela post story di secc account biar bisa disimpen eh malah ada fitur itu, ini dpt ide dari manaaasiiii😭😭",,5,google_play_reviews,data/Review Instagram.csv,consumer_app_review,,,,,,254,254,47,47,5.4,0,0,0,2,0,0.0,0,1,3,0.8723,,,,,INSUFFICIENT_TEMPORAL_DATA,,,,,INSUFFICIENT_ENGAGEMENT_DATA,negative,0.8923,0.0116,0.0961,0.8923,anger,0
IG-000342,Muhammad Syam,"Instagram?? Aplikasi sering nge-bug, Suka kesel saat liat sebuah postingan terus tiba² ngebug dan mau cari lagi susah. Tolong kasih fitur terakhir kali dilihat dong.",,2,google_play_reviews,data/Review Instagram.csv,consumer_app_review,,,,,,165,165,25,25,6.6,0,0,0,0,4,0.0242,0,2,0,1.0,,,,,INSUFFICIENT_TEMPORAL_DATA,,,,,INSUFFICIENT_ENGAGEMENT_DATA,negative,0.5051,0.015,0.4799,0.5051,joy,0
IG-000343,Herna Fitriana,"Udh 2 hari ini dri tgl 19 sampe sekarang, error mulu apk ini, pas mau liat reels sama postingan foto muter mulu bahkan sampe gk ada gambar trus rumek gtu pecah2 gambar nya, dahal kuota banyak loh sampe saya beli lgi malah, tolong di perbaiki, Saya gk nyaman pke nya, ke ganggu banget..",,1,google_play_reviews,data/Review Instagram.csv,consumer_app_review,,,,,,285,285,53,53,5.38,0,0,0,0,2,0.007,0,0,4,0.8679,,,,,INSUFFICIENT_TEMPORAL_DATA,,,,,INSUFFICIENT_ENGAGEMENT_DATA,negative,0.9971,0.0014,0.0015,0.9971,joy,0
IG-000344,Vella Nisa,"jelek. pas gue dulu masih punya ig, gue logout karena isinya 18+ gajelas, padahal gue ga pernah nonton begituan, bahkan sampe ke Facebook sekalipun ketularan 18+ sampe 21+. pas masalah udah beres, dua duanya gue logout, justru malah gue gabisa login INSTAGRAM sama sekali. buat akun baru selalu ""error, harap coba lagi"", mau login akun dulu, "" terjadi kesalahan, harap coba lagi"" mau lu apa? gue udah coba berbagai cara, tetep aja ERROR GAK JELAS. gue minta developernya buat tolongin gue, please 🙏",,1,google_play_reviews,data/Review Instagram.csv,consumer_app_review,,,,,,498,498,83,83,6.0,0,0,0,1,23,0.0462,0,1,6,0.7952,,,,,INSUFFICIENT_TEMPORAL_DATA,,,,,INSUFFICIENT_ENGAGEMENT_DATA,negative,0.9635,0.0095,0.027,0.9635,anger,0
IG-000345,Sts27,Ini kenapa sih ig saya kalau lihat reels/video ga jalan videonya. Suaranya doang yang jalan. Padahal pakai wifi. Gak pakai pun kayak gitu juga.,,3,google_play_reviews,data/Review Instagram.csv,consumer_app_review,,,,,,143,143,24,24,5.96,0,0,0,0,4,0.028,0,0,0,0.9583,,,,,INSUFFICIENT_TEMPORAL_DATA,,,,,INSUFFICIENT_ENGAGEMENT_DATA,negative,0.9906,0.0021,0.0072,0.9906,surprise,0
IG-000346,Soffi Putrisalsabila,Untuk fitur Ig nya bagus semua cuman sekarang ini Ig lagi banyak banyak nya iklan ya sedikit saran sih mending untuk apk kayak gini gak usah pake iklan bikin gak nyaman penguna udah gitu iklannya tentang judol lagi kalo bisa hilangkan aja deh iklan nya biar gak ganggu penguna,,4,google_play_reviews,data/Review Instagram.csv,consumer_app_review,,,,,,276,276,49,49,5.63,0,0,0,0,3,0.0109,0,0,0,0.7755,,,,,INSUFFICIENT_TEMPORAL_DATA,,,,,INSUFFICIENT_ENGAGEMENT_DATA,negative,0.9555,0.0394,0.005,0.9555,joy,0
IG-000347,NIndya Firmansyah,"Ini masalah yang saya dan temen saya alamin. Saat mau buat akun baru halamannya eror dan gabisa buat akun baru, saya juga gak bisa login. Padahal mau pake aplikasi ini tapi kalo belum punya akun gabisa masuk, terus pas mau buat akun malah eror. Tolong segera diperbaiki, saya kecewa",,1,google_play_reviews,data/Review Instagram.csv,consumer_app_review,,,,,,282,282,49,49,5.76,0,0,0,0,4,0.0142,0,0,0,0.7347,,,,,INSUFFICIENT_TEMPORAL_DATA,,,,,INSUFFICIENT_ENGAGEMENT_DATA,negative,0.997,0.0013,0.0017,0.997,sadness,1
IG-000348,Fadilah Misbah,"Mohon maap ini, kenapa kalo liat story ada video yang bisa diputar ada juga yang engga cuma muncul suara doang. setelah di-update malah suka close sendiri aplikasinya, why?",,3,google_play_reviews,data/Review Instagram.csv,consumer_app_review,,,,,,172,172,28,28,6.14,0,0,0,0,1,0.0058,0,1,0,0.9286,,,,,INSUFFICIENT_TEMPORAL_DATA,,,,,INSUFFICIENT_ENGAGEMENT_DATA,negative,0.9811,0.0063,0.0125,0.9811,surprise,0
IG-000349,Intan bengawan,"Banyak bug, gw blokir org kok masih bisa muncul. Pas gw cek daftar blokiran, malah tu akun GK ada di daftar blokiran. Cek hadduh makin di update, makin hancur ni apk. Bug nya banyak banget",,1,google_play_reviews,data/Review Instagram.csv,consumer_app_review,,,,,,188,188,35,35,5.37,0,0,0,0,6,0.0319,0,0,0,0.8286,,,,,INSUFFICIENT_TEMPORAL_DATA,,,,,INSUFFICIENT_ENGAGEMENT_DATA,negative,0.9978,0.001,0.0012,0.9978,anger,0
IG-000350,I Don't Know,"Abis diupdate malah makin ngeselin sumpah, reels sering sendat².. waktu bikin story saat musiknya diputar ulang tapi videonya tetap jalan terus bukannya ikut keulang dari awal sama musiknya",,2,google_play_reviews,data/Review Instagram.csv,consumer_app_review,,,,,,189,189,28,28,6.75,0,0,0,0,1,0.0053,0,0,0,0.9643,,,,,INSUFFICIENT_TEMPORAL_DATA,,,,,INSUFFICIENT_ENGAGEMENT_DATA,negative,0.9652,0.0144,0.0204,0.9652,anger,0
IG-000351,intan nestri wardhanny,Udah update ke versi paling baru tapi font di instastory ga update. Gimana sih? Hanya akun tertentu aja kah yg bisa menikmati fitur itu. Sebel bgt. Sampe instal ulang berkali2 tetep aja ga bisa,,3,google_play_reviews,data/Review Instagram.csv,consumer_app_review,,,,,,193,193,34,34,5.68,0,0,0,0,5,0.0259,0,1,1,0.9118,,,,,INSUFFICIENT_TEMPORAL_DATA,,,,,INSUFFICIENT_ENGAGEMENT_DATA,negative,0.996,0.0013,0.0027,0.996,anger,0
IG-000352,Agil C. Musadat [A.C.M],"Setelah di update Instagram sering tidak merespon & sistem android pun ikut tidak merespon, masih banyak bug menjadikan Instagram tidak berjalan dengan lancar.",,2,google_play_reviews,data/Review Instagram.csv,consumer_app_review,,,,,,159,159,23,23,6.91,0,0,0,0,3,0.0189,0,0,0,0.8696,,,,,INSUFFICIENT_TEMPORAL_DATA,,,,,INSUFFICIENT_ENGAGEMENT_DATA,negative,0.9938,0.0014,0.0048,0.9938,anger,1
IG-000353,Tarman Ghe Ghe,Buat pihak Instagram tolong perbaiki lagi setelah update ngirim pesan lama banget sampe gk kekirim² harus keluar dulu truss masuk lagi baru kekirim pesan nya tolong lah kalo update tuh benerin asw bukan nya makin parah babi,,2,google_play_reviews,data/Review Instagram.csv,consumer_app_review,,,,,,223,223,37,37,6.03,0,0,0,0,2,0.009,0,0,0,0.8649,,,,,INSUFFICIENT_TEMPORAL_DATA,,,,,INSUFFICIENT_ENGAGEMENT_DATA,negative,0.994,0.0016,0.0044,0.994,anger,0
IG-000354,soraya kirani,"tolong instagram, sediakan upload foto bisa lebih dari 10 dan untuk lagu, detiknya ditambahin. Terimakasih🙏🏻",,3,google_play_reviews,data/Review Instagram.csv,consumer_app_review,,,,,,108,108,15,15,7.2,0,0,0,2,1,0.0093,0,0,2,1.0,,,,,INSUFFICIENT_TEMPORAL_DATA,,,,,INSUFFICIENT_ENGAGEMENT_DATA,neutral,0.9932,0.0017,0.9932,0.005,neutral,1
IG-000355,Eky Rendika,Aplikasi ini kenapa semakin menyebalkan ya .. story gak bisa muncul musik .. udah d update padahal tp tetsp aja .. aampek tak uninstal download lagi tetap g bisa. Hmmmmm sy lapor di pusat bantuan gak ada respon pula,,5,google_play_reviews,data/Review Instagram.csv,consumer_app_review,,,,,,215,215,39,39,5.51,0,0,0,0,2,0.0093,0,0,0,0.9231,,,,,INSUFFICIENT_TEMPORAL_DATA,,,,,INSUFFICIENT_ENGAGEMENT_DATA,negative,0.9965,0.0011,0.0024,0.9965,surprise,0
IG-000356,nunu.,"Aplikasi sosial terburuk yang pernah saya alami. Akun ditangguhkan, postingan tidak bisa disukai, tidak bisa follow banyak orang untuk mengembalikan akun. Pokoknya the worst, and shouldn't exist",,1,google_play_reviews,data/Review Instagram.csv,consumer_app_review,,,,,,194,194,27,27,7.19,0,0,0,0,3,0.0155,0,0,0,0.9259,,,,,INSUFFICIENT_TEMPORAL_DATA,,,,,INSUFFICIENT_ENGAGEMENT_DATA,negative,0.7565,0.2332,0.0103,0.7565,anger,1
IG-000357,thedauw Dauw,"Hari ini 6 :11:2024 akun Instagram saya di tangguhkan dari pihak Instagram ""saya tidak memposting hal hal melanggar peraturan Instagram ""semua postingan saya foto hewan peliharaan dan foto matahari terbenam itu saja tidak ada postingan negatif . Bintang 0",,2,google_play_reviews,data/Review Instagram.csv,consumer_app_review,,,,,,255,255,39,39,6.54,0,0,0,0,5,0.0196,0,0,8,0.8205,,,,,INSUFFICIENT_TEMPORAL_DATA,,,,,INSUFFICIENT_ENGAGEMENT_DATA,negative,0.8621,0.0779,0.06,0.8621,anger,1
IG-000358,Mutiara isfahtun,"ig tolong dong ini gua baru download tapi pas dibuka kembali sendiri ama ada tulisan ""Instagram terus berhenti"" gua udh cb cari tutor dan cobain smua tp gada yg bisa. tolong cara ngembaliin nya gmn. jangan dibaca doang ini keluhan gua",,1,google_play_reviews,data/Review Instagram.csv,consumer_app_review,,,,,,234,234,41,41,5.71,0,0,0,0,1,0.0043,0,0,0,0.9024,,,,,INSUFFICIENT_TEMPORAL_DATA,,,,,INSUFFICIENT_ENGAGEMENT_DATA,negative,0.9894,0.0013,0.0093,0.9894,anger,0
IG-000359,Siti Alwaroh,"Instagram sangat bermanfaat untuk saya, tapi sayangnya sejak tadi malam tidak bisa saya buka, bahkan saya sudah laporkan masalah ini namun belum ada respon dari instagram, padahal saya sudah kirim email untuk mendapatkan sandi untuk memulihkan akun tp tidak terkirim juga 🙈",,5,google_play_reviews,data/Review Instagram.csv,consumer_app_review,,,,,,273,273,42,42,6.5,0,0,0,1,1,0.0037,0,0,0,0.8571,,,,,INSUFFICIENT_TEMPORAL_DATA,,,,,INSUFFICIENT_ENGAGEMENT_DATA,neutral,0.5269,0.0741,0.5269,0.399,neutral,1
IG-000360,Gusty paramita,"tolong dibantu kak perbaiki ig nya.. ko ig saya seperti messenjer,di bagian chat ada akun lain "" ketuk untuk memulai obrolan"" sampe chat lama saya tenggelam kebawah. tolong bantu perbaiki ka, saya sangat kesal. terimakasii",,3,google_play_reviews,data/Review Instagram.csv,consumer_app_review,,,,,,222,222,35,35,6.34,0,0,0,0,0,0.0,0,0,0,0.8286,,,,,INSUFFICIENT_TEMPORAL_DATA,,,,,INSUFFICIENT_ENGAGEMENT_DATA,negative,0.9961,0.0011,0.0028,0.9961,anger,1
IG-000361,Crow,"saya keluar aplikasi sebentar tanpa menghapus riwayat, tapi kenapa saat saya kembali malah merefresh otomatis, saya kehilangan post yang ingin saya komentari dengan sedikit reset, dan itu menyebalkan",,2,google_play_reviews,data/Review Instagram.csv,consumer_app_review,,,,,,199,199,28,28,7.11,0,0,0,0,0,0.0,0,0,0,0.8929,,,,,INSUFFICIENT_TEMPORAL_DATA,,,,,INSUFFICIENT_ENGAGEMENT_DATA,negative,0.9962,0.0016,0.0021,0.9962,surprise,1
IG-000362,Cut Amalia P.S,"Musik di rells kenapa selalu terberhenti terus, sinyalnya sangat stabil. Tolong diperbaiki lagi!!",,2,google_play_reviews,data/Review Instagram.csv,consumer_app_review,,,,,,97,97,13,13,7.46,0,0,0,0,2,0.0206,2,0,0,1.0,,,,,INSUFFICIENT_TEMPORAL_DATA,,,,,INSUFFICIENT_ENGAGEMENT_DATA,negative,0.905,0.0794,0.0156,0.905,surprise,0
IG-000363,Aga Prawira,"Tidak ada notifikasi yang muncul ketika seseorang menyebut saya di kolom komentar, tolong perbaiki bug nya, meta kenapa sih gak ig gak Facebook ngebug mulu",,1,google_play_reviews,data/Review Instagram.csv,consumer_app_review,,,,,,155,155,25,25,6.2,0,0,0,0,2,0.0129,0,0,0,0.96,,,,,INSUFFICIENT_TEMPORAL_DATA,,,,,INSUFFICIENT_ENGAGEMENT_DATA,negative,0.9822,0.0009,0.0169,0.9822,surprise,0
IG-000364,Raylan Fahzam Firdaus,"tolong perbaikan nya tentang reset password, ketika saya masuk ke lupa sandi, masukan nama pengguna saya, kenapa cuma ada tulisan MAAF COBA LAGI? , masalah nya dimana yaa tolong diperbaiki",,1,google_play_reviews,data/Review Instagram.csv,consumer_app_review,,,,,,188,188,30,30,6.27,0,0,0,0,12,0.0638,0,1,0,0.9333,,,,,INSUFFICIENT_TEMPORAL_DATA,,,,,INSUFFICIENT_ENGAGEMENT_DATA,negative,0.7377,0.0033,0.259,0.7377,surprise,1
IG-000365,Diana Dewi,"Makin kesini searchingnya makin ngawur, males bangeeet isi fypnya ga lagi relatable, malah konten2 g penting, ga berbobot, ga relate, ga kenal, capek mem filter satu2 tetep aja keluar orang2 g dikenal... muak bgt",,1,google_play_reviews,data/Review Instagram.csv,consumer_app_review,,,,,,212,212,34,34,6.24,0,0,0,0,1,0.0047,0,0,3,0.8529,,,,,INSUFFICIENT_TEMPORAL_DATA,,,,,INSUFFICIENT_ENGAGEMENT_DATA,negative,0.9979,0.0012,0.0009,0.9979,anger,0
IG-000366,Hafdira Gank,"maaf untuk instagram akhir-akhir ini banyak sekali bug, saya mengalami bug tidak bisa kirim DM , tolong untuk pihak meta dan instagram agar di jaga supaya tidak ada bug terus menerus🙏",,5,google_play_reviews,data/Review Instagram.csv,consumer_app_review,,,,,,183,183,31,31,5.9,0,0,0,1,2,0.0109,0,0,0,0.871,,,,,INSUFFICIENT_TEMPORAL_DATA,,,,,INSUFFICIENT_ENGAGEMENT_DATA,negative,0.5546,0.0136,0.4317,0.5546,anger,1
IG-000367,Zacky Vaiqazola,"Fitur Live tidak bisa saya gunakan, padahal saya sudah memenuhi semua persyaratan komunitas instagram. Saya juga sudah beri laporan tapi belum ada perubahan hingga kini, tolong pihak Instagram segera menindak lanjuti keluhan saya, terimakasih",,3,google_play_reviews,data/Review Instagram.csv,consumer_app_review,,,,,,242,242,34,34,7.12,0,0,0,0,4,0.0165,0,0,0,0.9118,,,,,INSUFFICIENT_TEMPORAL_DATA,,,,,INSUFFICIENT_ENGAGEMENT_DATA,neutral,0.7733,0.0059,0.7733,0.2207,neutral,1
IG-000368,Anisa Kumalasari,"terlalu banyak fitur yang tidak berguna, arsip story vidio malah ngefreeze mohon di kembalikan seperti semula, padahal tujuan up story biar bisa dilihat ulang kenangan² nya.",,1,google_play_reviews,data/Review Instagram.csv,consumer_app_review,,,,,,173,173,26,26,6.65,0,0,0,0,0,0.0,0,0,0,0.9615,,,,,INSUFFICIENT_TEMPORAL_DATA,,,,,INSUFFICIENT_ENGAGEMENT_DATA,negative,0.9788,0.0013,0.02,0.9788,anger,1
IG-000369,dian ramadhina,"menurut saya aplikasi instagram yang paling banyak peminat di banding apk lainnya, IG juga semakin lama semakin banyak fitur terbarunya, tapi please untuk berita bakal hilang nya fitur archive mnurutku sangat tidak bisa diterima semua orang. karena adanya fitur archive mereka(termasuk saya sendiri) bisa melihat kembali kenangan yg ada disana. SOO PLEASE JANGAN DIHILANGIN PLEASE 😥😥🙏🙏 karena nantinya juga bakalan berkurang penggunanya. semoga dipertimbangkan lagi sebelum mengambil keputusan",,5,google_play_reviews,data/Review Instagram.csv,consumer_app_review,,,,,,493,493,68,68,7.25,0,0,0,4,33,0.0669,0,0,0,0.8382,,,,,INSUFFICIENT_TEMPORAL_DATA,,,,,INSUFFICIENT_ENGAGEMENT_DATA,negative,0.8181,0.1258,0.0561,0.8181,sadness,1
IG-000370,Wanda YogiNoviana,Tolong jangan hapus fitur arsip pada Instagram. Fitur arsip itu penting karena banyak cerita-cerita yang telah dihapus tetapi kisahnya tetap ada di arsip. Bagi saya kami dan seluruh pengguna fitur arsip itu sangat PENTING. Jadi tolong jangan hapus fitur arsipnya!!,,1,google_play_reviews,data/Review Instagram.csv,consumer_app_review,,,,,,264,264,40,40,6.6,0,0,0,0,12,0.0455,2,0,0,0.775,,,,,INSUFFICIENT_TEMPORAL_DATA,,,,,INSUFFICIENT_ENGAGEMENT_DATA,negative,0.9197,0.0433,0.0369,0.9197,anger,1
IG-000371,Srinah Dewi,ada bug di bagian draf masa saya tadi simpan foto2 di dalam draf belum ada 7 hari udah kehapus kan ga masuk akal tolong dong diperbaiki bug nya kalo aplikasi nya seperti ini orang jadi males mau pake aplikasi ini aku kemarin² make aplikasi ini nggak ada kendala kok sekarang banyak kendalanya yang story ga bisa dilihat padahal baru di upload lah ini yang draf bisa hilang sendiri padahal belum 7hari,,1,google_play_reviews,data/Review Instagram.csv,consumer_app_review,,,,,,400,400,71,71,5.63,0,0,0,0,0,0.0,0,0,3,0.7465,,,,,INSUFFICIENT_TEMPORAL_DATA,,,,,INSUFFICIENT_ENGAGEMENT_DATA,negative,0.9742,0.0071,0.0187,0.9742,sadness,0
IG-000372,cintakairaa 777,"saya tidak bisa fto ketika mau foto cuman hitam aja dan kalo mau posting story gambar nya jadi blur,sudah melaporkan ke pihak Ig malah tidak ada jawaban tolong Ig banyak sekali bug saya bingung mau foto pake efek malah ga bisa tolong diperbaiki bug ini,ini sangat menyusahkan oranggg",,1,google_play_reviews,data/Review Instagram.csv,consumer_app_review,,,,,,283,283,48,48,5.9,0,0,0,0,2,0.0071,0,0,0,0.7917,,,,,INSUFFICIENT_TEMPORAL_DATA,,,,,INSUFFICIENT_ENGAGEMENT_DATA,negative,0.9974,0.0017,0.001,0.9974,anger,1
IG-000373,Putri Maharani,"malah makin tambah jelek nih aplikasi fitur video callnya malah jadi kyk call di wa gitu, gak terbelah dua atas bawah kyk dulu skrg udh jelek amat karena banyak bug terutama pas selesai video call muncul layar putih segede Gaban hampir Menuhin layar HP terus kadang pas vc ada bug layarnya kebelah dua sebelahan jadi gak bisa liat muka full kadang ngebug juga pas vc MUKA DAN BADAN KITANYA JADI KAYAK LEBAR PLIS LAH KALAU UPDATE TUH PERBAIKI MASALAH SEBELUMNYA GAK USAH NAMBAH FITUR FITUR GAK GUNA.",,1,google_play_reviews,data/Review Instagram.csv,consumer_app_review,,,,,,498,498,87,87,5.72,0,0,0,0,113,0.2269,0,0,0,0.7701,,,,,INSUFFICIENT_TEMPORAL_DATA,,,,,INSUFFICIENT_ENGAGEMENT_DATA,negative,0.9861,0.012,0.0019,0.9861,anger,0
IG-000374,rasya azzahraa,"Kamera di akun saya hitam atau tidak terdeteksi adanya objek yang akan diambil gambarnya entah bug atau apa, sudah berapa kali instal-pasang terus bahkan sampai reset hp karena barang kali eror dari hp saya tapi tetep ga bekerja. Saya sudah melaporkan masalah tetapi tidak ada jawaban, sangat disayangkan aplikasi bagus tapi banyak bug nya.",,1,google_play_reviews,data/Review Instagram.csv,consumer_app_review,,,,,,340,340,54,54,6.3,0,0,0,0,2,0.0059,0,0,0,0.8333,,,,,INSUFFICIENT_TEMPORAL_DATA,,,,,INSUFFICIENT_ENGAGEMENT_DATA,negative,0.9966,0.002,0.0014,0.9966,joy,1
IG-000375,Diya Salsabila,"bingung sm ig stiap update sllu fitur barunya cm muncul di second account, sllu di akun utama ga muncul, kirain lama² bakal muncul ternyata gak, ini udh brp bulan update fitur musik di propil cm ada di second account, glrn akun utama smpe skrg ga mncl², kmrn smpt mncl skrg udh hlg lagi, GAJELAS LAH IG",,1,google_play_reviews,data/Review Instagram.csv,consumer_app_review,,,,,,302,302,56,56,5.39,0,0,0,0,12,0.0397,0,0,0,0.7143,,,,,INSUFFICIENT_TEMPORAL_DATA,,,,,INSUFFICIENT_ENGAGEMENT_DATA,negative,0.988,0.0019,0.0101,0.988,anger,0
IG-000376,Maulana Malik Al-fajar,"gk bisa masukin sound di profil ig utama, pdhl di akun second bisa, tolong diperbaiki agar lebih memberikan pengalaman yg baik terhadap saya dalam menggunakan aplikasi ini. Terimakasih",,1,google_play_reviews,data/Review Instagram.csv,consumer_app_review,,,,,,184,184,28,28,6.57,0,0,0,0,1,0.0054,0,0,0,0.9643,,,,,INSUFFICIENT_TEMPORAL_DATA,,,,,INSUFFICIENT_ENGAGEMENT_DATA,neutral,0.6795,0.1003,0.6795,0.2202,neutral,1
IG-000377,Kezia Febiola,"Instagram,kalau kata aku mending balik kayak dulu deh. Ini archieve jgn diubah dari video ke foto weii ,kenangan2ku ilang jdinya,padahal fitur archive itu paling membantu bisa jadi backup 😩 please balikin video jadi video gausah jadi foto. Please!!! Kalo udah balik aku kasih bintang 10000 deh!",,1,google_play_reviews,data/Review Instagram.csv,consumer_app_review,,,,,,294,294,46,46,6.39,0,0,0,1,4,0.0136,4,0,6,0.8696,,,,,INSUFFICIENT_TEMPORAL_DATA,,,,,INSUFFICIENT_ENGAGEMENT_DATA,neutral,0.3945,0.2479,0.3945,0.3576,neutral,0
IG-000378,Jihan,"Saya merasa sangat terganggu dengan masalah yang terjadi pada akun Instagram pertama saya. Keterlambatan update fitur dan batasan dalam berinteraksi dengan pengguna lain seperti tidak dapat memfollow orang, tidak bisa melihat semua following/followers akun lain secara menyeluruh, kesulitan mencari akun tertentu, dan tidak dapat melihat semua komentar pada postingan sangat menghambat pengalaman saya menggunakan Instagram. Dan tampaknya masalah ini hanya terjadi di akun pertama saya.",,2,google_play_reviews,data/Review Instagram.csv,consumer_app_review,,,,,,486,486,65,65,7.48,0,0,0,0,5,0.0103,0,0,0,0.7077,,,,,INSUFFICIENT_TEMPORAL_DATA,,,,,INSUFFICIENT_ENGAGEMENT_DATA,negative,0.987,0.0105,0.0025,0.987,anger,1
IG-000379,Bima Maddan Amrizal-11,"Tingkatin lagi durasi buat story ig, dan perbaiki pada saat mengupload story ig video, selalu terjadi kesalahan yg tidak jelas seperti (menunggu koneksi, tidk dapat diunggah).",,4,google_play_reviews,data/Review Instagram.csv,consumer_app_review,,,,,,175,175,26,26,6.73,0,0,0,0,1,0.0057,0,0,0,0.9615,,,,,INSUFFICIENT_TEMPORAL_DATA,,,,,INSUFFICIENT_ENGAGEMENT_DATA,negative,0.9755,0.005,0.0195,0.9755,anger,0
IG-000380,Wika Putri,"Aplikasi ini kenapa sih, akun aku tiba-tiba gak bisa dipake, Tiba-tiba ngilang, padahal disitu ada vidio penting buat masuk OSIS, mana vidionua di galeri udah kehapus lagi, aku minta tolong kembaliin akun aku secepatnya soalnya itu penting banget.",,1,google_play_reviews,data/Review Instagram.csv,consumer_app_review,,,,,,247,247,38,38,6.5,0,0,0,0,6,0.0243,0,0,0,0.8684,,,,,INSUFFICIENT_TEMPORAL_DATA,,,,,INSUFFICIENT_ENGAGEMENT_DATA,negative,0.8737,0.0129,0.1134,0.8737,surprise,0
IG-000381,M Riski,"Sinyal bagus dipake ngegame, browsing, nonton youtube 4k pun lancar.. giliran buka ig, langsung sinyal jadi jelek.. buka story loading terus, buka feed pun sama begitu.. hadeh diupdate malah makin buruk nih aplikasi ig skrng",,1,google_play_reviews,data/Review Instagram.csv,consumer_app_review,,,,,,224,224,35,35,6.4,0,0,0,0,1,0.0045,0,0,1,0.8857,,,,,INSUFFICIENT_TEMPORAL_DATA,,,,,INSUFFICIENT_ENGAGEMENT_DATA,negative,0.9976,0.0012,0.0012,0.9976,anger,0
IG-000382,Alib Rizky Pratama,"bug yang paling ngeselin adalah ketika gw mau upload story berupa video selalu menunggu koneksi, tapi pas gw coba upload story berupa foto langsung ke upload. tolong diperbaiki, gak tau ya kalau emang dari hp gw atau ignya, tolong dicek",,1,google_play_reviews,data/Review Instagram.csv,consumer_app_review,,,,,,236,236,40,40,5.9,0,0,0,0,0,0.0,0,0,0,0.85,,,,,INSUFFICIENT_TEMPORAL_DATA,,,,,INSUFFICIENT_ENGAGEMENT_DATA,negative,0.9733,0.0053,0.0214,0.9733,anger,0
IG-000383,A_013_I Gusti Agung Dwi Intan Pratiwi,"semakin lama, semakin gajelas. klo mau ngisi fitur baru yg bermanfaat dikit, lebih bagus perbaiki & isi fitur siapa aja yg udah ga ngikutin kita drpd tbtb ngapus archive-an. terus fungsi isi highlight di profile untuk apa klo archive-an lama dihapus? ngantuk ya?",,1,google_play_reviews,data/Review Instagram.csv,consumer_app_review,,,,,,262,262,43,43,6.09,0,0,0,0,0,0.0,0,2,0,0.8837,,,,,INSUFFICIENT_TEMPORAL_DATA,,,,,INSUFFICIENT_ENGAGEMENT_DATA,negative,0.9976,0.0014,0.001,0.9976,joy,0
IG-000384,chelsea wardhana,"ig ini bagus tapi setiap aku download masuk ke akun mama aku? I don't know why either.tolong buat instagram perbaiki,walau sudah bagus masi ada bug"" yang ga aku perkira.yang aku kira gakan ada bug ternyata ada,aku jiga bingung kok bisa begitu jadi instagram tolong perbaiki, dan walaupun cuman ada bug sedikit usahakan gada bug ya,instagram tetap baguss kok terimakasih.PLEASE FIX THIS BUG, INSTAGRAM",,4,google_play_reviews,data/Review Instagram.csv,consumer_app_review,,,,,,400,400,63,63,6.35,0,0,0,0,26,0.065,0,1,0,0.8413,,,,,INSUFFICIENT_TEMPORAL_DATA,,,,,INSUFFICIENT_ENGAGEMENT_DATA,negative,0.7876,0.1599,0.0525,0.7876,surprise,0
IG-000385,KOMALA SARI,"Saya dowload instagram dan menggunakannya dengan benar tpi kenapa??? Akun instagram saya harus pemulihan mulu, dan saat saya pencet rekam video untuk pemulihan malah tidak bisa dipencet dan kosong(putih saja) saya binggung",,3,google_play_reviews,data/Review Instagram.csv,consumer_app_review,,,,,,222,222,32,32,6.94,0,0,0,0,2,0.009,0,3,0,0.7812,,,,,INSUFFICIENT_TEMPORAL_DATA,,,,,INSUFFICIENT_ENGAGEMENT_DATA,negative,0.9896,0.0024,0.0079,0.9896,anger,1
IG-000386,Imelda Qorina,"Instagram sebaiknya tetap mempertahankan fitur Archive Story, karena fitur ini sangat berguna untuk menyimpan kenangan dan momen berharga tanpa harus membagikannya secara permanen di profil. Terimakasih",,5,google_play_reviews,data/Review Instagram.csv,consumer_app_review,,,,,,202,202,26,26,7.77,0,0,0,0,4,0.0198,0,0,0,0.9615,,,,,INSUFFICIENT_TEMPORAL_DATA,,,,,INSUFFICIENT_ENGAGEMENT_DATA,neutral,0.7023,0.207,0.7023,0.0907,sadness,1
IG-000387,Muhammad Alif Dandy,"diliat dari hp sendiri pake akun utama, video story yg diupload jernih tp pas orang lain yg liat resolusinya pecah dan burem, berlaku juga buat 2nd akun di hp yang sama, ngeliat story akun utama hasilnya pecah², padahal videonya 1080p dan beberapa mb aja ukurannya 🤨",,1,google_play_reviews,data/Review Instagram.csv,consumer_app_review,,,,,,266,266,46,46,5.78,0,0,0,1,0,0.0,0,0,5,0.8696,,,,,INSUFFICIENT_TEMPORAL_DATA,,,,,INSUFFICIENT_ENGAGEMENT_DATA,negative,0.672,0.0138,0.3142,0.672,anger,0
IG-000388,Erika Aprianti,"tolong ya kpd pihak instagram utk tidak menghilangkan fitur arsip sorotan di ig karna arsi itu sgt menguntungkan bagi kami,utk kak menyimpan kenangan’ bersama keluarga dan teman teman,satu lagi,tolong tingkatkan kualitas video di status ig nya,setiap kali saya post video pasti selalu nge blur 🙏🏻",,1,google_play_reviews,data/Review Instagram.csv,consumer_app_review,,,,,,296,296,45,45,6.58,0,0,0,2,0,0.0,0,0,0,0.9333,,,,,INSUFFICIENT_TEMPORAL_DATA,,,,,INSUFFICIENT_ENGAGEMENT_DATA,neutral,0.4157,0.3166,0.4157,0.2677,neutral,1
IG-000389,Muh. Dzul Fakhri walikram,Tolong pihak Instagram di benahi lagi kalau posting video/foto tolong kalau bisa kualitasnya jangan di kompres. Foto dan video HD ketika di upload jadinya buram,,3,google_play_reviews,data/Review Instagram.csv,consumer_app_review,,,,,,160,160,25,25,6.4,0,0,0,0,5,0.0312,0,0,0,0.84,,,,,INSUFFICIENT_TEMPORAL_DATA,,,,,INSUFFICIENT_ENGAGEMENT_DATA,negative,0.9952,0.002,0.0028,0.9952,anger,0
IG-000390,Nikky Bie,"Akun ditangguhkan lagi padahal bulan kemarin udah ditangguhkan juga tapi berhasil banding dan ke buka lagi , sekarang dapat notifnya karena masalah integritas akun. Tiap ditangguhkan karena masalah integritas akun terus, ini sebenarnya kenapa sih?",,1,google_play_reviews,data/Review Instagram.csv,consumer_app_review,,,,,,247,247,35,35,7.06,0,0,0,0,2,0.0081,0,1,0,0.8,,,,,INSUFFICIENT_TEMPORAL_DATA,,,,,INSUFFICIENT_ENGAGEMENT_DATA,negative,0.9921,0.0017,0.0062,0.9921,surprise,0
IG-000391,Deva Mahendra,"gatau kenapa ig storyku ga update di timeline mutual aku, tapi pas disearch baru ada. why? ini kenapa cuy, mana viewersnya jadi dikit banget, update aplikasi lancar tapi malah seperti ini. tolong lah diperbaiki secepatnya plis.",,1,google_play_reviews,data/Review Instagram.csv,consumer_app_review,,,,,,227,227,36,36,6.31,0,0,0,0,0,0.0,0,1,0,0.9167,,,,,INSUFFICIENT_TEMPORAL_DATA,,,,,INSUFFICIENT_ENGAGEMENT_DATA,negative,0.9947,0.0024,0.0029,0.9947,surprise,0
IG-000392,Nabila Alyasyifa,"instagram sungguh membuat saya merasa tidak nyaman, saya kasih nilai -11 dari 100, samping story yang kita follow harusnya jangan ada pengikut yang disarankan, sudah susah susah saya setting biar tidak ada pengikut yang disarankan, ini malah ada, ujung ujungnya kepencet, terus orangnya bingung kita siapa, jadi salah paham padahal saya tidak berniat mengikuti, saya sungguh malas dengan fitur instagram yang satu ini. saya mohon untuk menghilangkan pengikut yang disarankan di samping story.",,1,google_play_reviews,data/Review Instagram.csv,consumer_app_review,,,,,,492,492,73,73,6.74,0,0,0,0,0,0.0,0,0,5,0.726,,,,,INSUFFICIENT_TEMPORAL_DATA,,,,,INSUFFICIENT_ENGAGEMENT_DATA,negative,0.9863,0.0108,0.0029,0.9863,anger,1
IG-000393,Santi Difinubun,"Saya kasih bintang lima, tetapi jangan menghapus fitur arsip pada aplikasi ini. Fitur ini sangat bermanfaat bagi kami yang ingin menyimpan kenangan dan bisa di lihat kembali kapan pun. Banyak kenangan yang sudah kami bagikan dan simpan pada arsip dan tidak ingin di hilangkan, maka dari itu tolong jangan di hapus fitur tersebut🥺🙏🏻",,5,google_play_reviews,data/Review Instagram.csv,consumer_app_review,,,,,,331,331,53,53,6.25,0,0,0,3,3,0.0091,0,0,0,0.7547,,,,,INSUFFICIENT_TEMPORAL_DATA,,,,,INSUFFICIENT_ENGAGEMENT_DATA,negative,0.6471,0.1672,0.1857,0.6471,sadness,1
IG-000394,32_VANIA KHANSADILA. A.R,"gajelas bgt, tiba"" hari ini g bisa di buka, udah bolak balik hapus install ttp eror, bisa ke buka sekali aja habis install itu, terus pas keluar apk mau masuk lagi malah item doang , gajelas tiba"" bgt !!!",,1,google_play_reviews,data/Review Instagram.csv,consumer_app_review,,,,,,204,204,39,39,5.23,0,0,0,0,0,0.0,3,0,0,0.8974,,,,,INSUFFICIENT_TEMPORAL_DATA,,,,,INSUFFICIENT_ENGAGEMENT_DATA,negative,0.9962,0.0021,0.0016,0.9962,anger,0
IG-000395,Nurhasanah nuy,"ini kenapa ya Instagram, tadi pagi habis di update, sekarang malah ga bisa di buka samsek?? ke log out sendiri masaa, padahal nungguin tiba tiba keluar tiba tiba keluar, terus ga ada pemberitahuan Ig yang masuk satupun, kenapa yaa tolong dongg, habis di update bukan nya ga bermasalah ini malah bermasalah kaya gini, ayoo dong pihak Instagram gimana ini, baru di update lhoo Instagram saya, masa tiba tiba ga bisa di buka, ga ada pemberitahuan pula, kaya pemberitahuan DM atau apapun itu samsek ga ad",,5,google_play_reviews,data/Review Instagram.csv,consumer_app_review,,,,,,500,500,85,85,5.88,0,0,0,0,6,0.012,0,2,0,0.6941,,,,,INSUFFICIENT_TEMPORAL_DATA,,,,,INSUFFICIENT_ENGAGEMENT_DATA,negative,0.9911,0.004,0.0049,0.9911,surprise,0
IG-000396,Kak saribi,"Audio tidak tersedia kenapa yaa, padahal udah cape² posting dan ketika sudah diposting audionya masih ada tpi lama kelamaan kok audionya menghilang yaa(audio tidak tersedia) TOLONG SOLUSINYA DAN DIPERBAIKI",,1,google_play_reviews,data/Review Instagram.csv,consumer_app_review,,,,,,205,205,29,29,7.07,0,0,0,0,29,0.1415,0,0,0,0.8966,,,,,INSUFFICIENT_TEMPORAL_DATA,,,,,INSUFFICIENT_ENGAGEMENT_DATA,negative,0.8557,0.0044,0.1399,0.8557,surprise,0
IG-000397,Stephen Sebastian,"sebenarnya aplikasi ini bagus sih, tapi masa selama beberapa hari saya coba mau up story ngga bisa. malah muncul tulisan(kesalahan). kek, tolonglah diperbaiki",,2,google_play_reviews,data/Review Instagram.csv,consumer_app_review,,,,,,158,158,23,23,6.87,0,0,0,0,0,0.0,0,0,0,1.0,,,,,INSUFFICIENT_TEMPORAL_DATA,,,,,INSUFFICIENT_ENGAGEMENT_DATA,negative,0.9755,0.0037,0.0208,0.9755,surprise,0
IG-000398,Siti Hamdanah,"Dulu ada fitur musik di profile, sekarang fiturnya gaada, tapi liat dari akun temen di profile ku masih ada musik nya, terus juga kalau mau masuk akun terus lupa sandi, pas mau masukin usn/email malah error mulu, padahal ga kenapa-napa, tolong dong ig, bikin emosi lama-lama",,1,google_play_reviews,data/Review Instagram.csv,consumer_app_review,,,,,,274,274,46,46,5.96,0,0,0,0,1,0.0036,0,0,0,0.8696,,,,,INSUFFICIENT_TEMPORAL_DATA,,,,,INSUFFICIENT_ENGAGEMENT_DATA,negative,0.9954,0.0021,0.0026,0.9954,anger,0
IG-000399,Nadia Afrilia,"Heh Instagram lu ya kenapa ketika gw nyari audio nya Karina yg up kok gaada sih sedangkan lagu solo nya member lain muncul yg ga muncul cuma si Karina doang😭 Plis lah ini di dua Ig gw sendiri loh kok gaada sih, dari awal gw dah nunggu lagu nya si Karina keluar eh si Instagram malah bikin kesel, di gw gaada tapi orang lain nyari kok ada, lu ada masalah apa sm gw Instagram?? Plis perbaiki klo bug bug macam apa ini?",,1,google_play_reviews,data/Review Instagram.csv,consumer_app_review,,,,,,416,416,82,82,5.07,0,0,0,1,10,0.024,0,3,0,0.6951,,,,,INSUFFICIENT_TEMPORAL_DATA,,,,,INSUFFICIENT_ENGAGEMENT_DATA,negative,0.9862,0.0063,0.0074,0.9862,surprise,0
IG-000400,Maria Merlin Berliani,"Bisa diem gak sih? Instagram sekarang udah paling bagus menurutku, kamarin2 bikin fitur flipside yang useless, sekarang fitur arsip ig yang justru penting malah dihapus. Kenapa nggak bikin fitur posting ulang aja? Aku kasi bintang 1 krn gak ada bintang 0👎",,1,google_play_reviews,data/Review Instagram.csv,consumer_app_review,,,,,,255,255,41,41,6.22,0,0,0,1,4,0.0157,0,2,3,0.8293,,,,,INSUFFICIENT_TEMPORAL_DATA,,,,,INSUFFICIENT_ENGAGEMENT_DATA,negative,0.8247,0.0668,0.1084,0.8247,surprise,0
IG-000401,Nora Riskina,Saya rajin update IG supaya bisa mengikuti perkembangan fitur terbaru. Tapi baru-baru ini kok suka nge Bug gak jelas. Nge lag gak jelas. Gak bisa liat story dan postingan orang2 padahal jaringan internet lancar2 aja. Sudah uninstall dan install ulang berkali-kali tetap sama aja. Instagram ada masalah apa ya? Bikin kesel dan malas buka ig jadinya😩👎🏻,,1,google_play_reviews,data/Review Instagram.csv,consumer_app_review,,,,,,350,350,56,56,6.25,0,0,0,3,10,0.0286,0,1,2,0.8393,,,,,INSUFFICIENT_TEMPORAL_DATA,,,,,INSUFFICIENT_ENGAGEMENT_DATA,negative,0.9333,0.0213,0.0454,0.9333,surprise,0
IG-000402,heidy putri,Hey Instagram atau meta atau apalah. Kenapa akunku di tangguhkan? Ga pernah komen tiba2 di tangguhkan. Sudah ajukan banding tapi kodenya ga pernah di kirim ke email atau WhatsApp. Dan tiba-tiba akunku hilang permanen. Apa maksudnya?,,1,google_play_reviews,data/Review Instagram.csv,consumer_app_review,,,,,,232,232,36,36,6.44,0,0,0,0,9,0.0388,0,2,1,0.8056,,,,,INSUFFICIENT_TEMPORAL_DATA,,,,,INSUFFICIENT_ENGAGEMENT_DATA,negative,0.9894,0.001,0.0096,0.9894,sadness,0
IG-000403,Nadya P,"Tiap mau posting foto gak bisa, tidak dapat menyimpan gambar mulu, saya sudah laporkan masalah dan mengirim buktinya, tetapi tidak ada tindakan/perbaikan apa-apa. Mending kalian uninstal aja, buat yang belum download sebaiknya jangan download, takutnya ntar malah nyesel!!",,1,google_play_reviews,data/Review Instagram.csv,consumer_app_review,,,,,,272,272,38,38,7.16,0,0,0,0,2,0.0074,2,0,0,0.9737,,,,,INSUFFICIENT_TEMPORAL_DATA,,,,,INSUFFICIENT_ENGAGEMENT_DATA,negative,0.9942,0.0035,0.0023,0.9942,anger,1
IG-000404,Muhammad Dody Riono,"Aplikasinya Ok. Kalo bisa bila mau beriklannya, lebih banyak dan luas lagi jangkauan . Kalo perlu tak terbatas",,5,google_play_reviews,data/Review Instagram.csv,consumer_app_review,,,,,,110,110,18,18,6.11,0,0,0,0,4,0.0364,0,0,0,0.9444,,,,,INSUFFICIENT_TEMPORAL_DATA,,,,,INSUFFICIENT_ENGAGEMENT_DATA,positive,0.9146,0.9146,0.0833,0.0022,joy,0
IG-000405,Vierlya,"Lumayan bagus, namun tetap ditingkatkan kembali. Apalagi jangan sampai menghilangkan fitur highlight atau apapun itu. Tolong diperbaiki lagi, beberapa video saya hilang lagunya",,3,google_play_reviews,data/Review Instagram.csv,consumer_app_review,,,,,,176,176,23,23,7.65,0,0,0,0,3,0.017,0,0,0,1.0,,,,,INSUFFICIENT_TEMPORAL_DATA,,,,,INSUFFICIENT_ENGAGEMENT_DATA,negative,0.9939,0.0037,0.0024,0.9939,sadness,1
IG-000406,Muhammad Qadlizaka,"Ini sistem lagi kenapa , tiap buka instagram notifikasi saya banyak tapi waktu di buka ngk ada dan reels yang saya kirim juga terhapus , tolong di perbaiki secepatnya !!!",,1,google_play_reviews,data/Review Instagram.csv,consumer_app_review,,,,,,170,170,30,30,5.67,0,0,0,0,1,0.0059,3,0,0,0.8667,,,,,INSUFFICIENT_TEMPORAL_DATA,,,,,INSUFFICIENT_ENGAGEMENT_DATA,negative,0.9836,0.0013,0.0151,0.9836,surprise,1
IG-000407,Diezaa,"Ah elah, balikin instagram yg dulu, ribet banget tau gk!! Minta bantuan gk membantu asli, pdhl mau login malah ngirim otp ke nomor lama, sedian kek kirim ke email bisa, mana sekarang nge lag mulu tau gak!!!😡😡",,1,google_play_reviews,data/Review Instagram.csv,consumer_app_review,,,,,,208,208,37,37,5.62,0,0,0,2,2,0.0096,5,0,0,0.9459,,,,,INSUFFICIENT_TEMPORAL_DATA,,,,,INSUFFICIENT_ENGAGEMENT_DATA,negative,0.9627,0.008,0.0293,0.9627,anger,0
IG-000408,syaikha Aqilah,"Ni apk bagus-bagus aja sii, cuma kenapa kalau bikin igs pake lagu pas di post malah lagu nya kepotong??! Jadi lebih pendek gituuu, padahal udah 15 detikkk tapi hasilnya malah kyk 5 detik 🥲 update 2024, FITUR ARSIP JANGAN DIILANGIN LAH WOOUII",,4,google_play_reviews,data/Review Instagram.csv,consumer_app_review,,,,,,241,241,42,42,5.74,0,0,0,1,36,0.1494,1,2,7,0.9524,,,,,INSUFFICIENT_TEMPORAL_DATA,,,,,INSUFFICIENT_ENGAGEMENT_DATA,negative,0.7956,0.068,0.1365,0.7956,surprise,0
IG-000409,Faizal umar,"tolong diperbaiki lagi deh, ig makin kesini makin bututt bjir mana kebanyakan ngebug lagi. padal koneksi uda stabil dan parahnya profil lagu tb' gabisa dihapus gegara fiturnya uda ilang tpi di akun org lain tetep ada dan gabisa dihapus sama sekali !! tolong diperbaiki yaa",,1,google_play_reviews,data/Review Instagram.csv,consumer_app_review,,,,,,272,272,45,45,6.04,0,0,0,0,0,0.0,2,0,0,0.8444,,,,,INSUFFICIENT_TEMPORAL_DATA,,,,,INSUFFICIENT_ENGAGEMENT_DATA,negative,0.9945,0.0019,0.0036,0.9945,anger,0
IG-000410,Hijra A.S,"Mohon bantuannya min, istri saya tidak bisa login akunnya namun data beserta informasi sudah benar, setalah input code selalu diarahkan ke no hp dan email yang beda, akun sudah terkunci, sudah dicoba solusi2nya yang ada di ig tetap tidak bisa, mohon solusinya, untuk saran lebih diperbagus terkait terkunci nya akun",,3,google_play_reviews,data/Review Instagram.csv,consumer_app_review,,,,,,315,315,50,50,6.3,0,0,0,0,1,0.0032,0,0,1,0.88,,,,,INSUFFICIENT_TEMPORAL_DATA,,,,,INSUFFICIENT_ENGAGEMENT_DATA,neutral,0.5838,0.0326,0.5838,0.3836,neutral,1
IG-000411,Feyrhen Feyrhen leozhie,"sejauh ini bagus banget aplikasi nya tapi tolong ya untuk font"" terbarunya itu bisa di semua akun mau akun pertama ataupun akun kedua sama fitur"" yang baru di update jg nih bisain dong ke akun yang lain ga harus akun pertama biar para pengguna nyaman untuk sementara ini aku kasih bintang 5 dulu tapi untuk developer nya tolong diperbaiki ya jangan keseringan iklan & bug juga itu bahkan bikin para pengguna jadi ngga nyaman, sama satu lagi untuk fitur"" iPhone nya bisa dong dipindahin ke android jg",,5,google_play_reviews,data/Review Instagram.csv,consumer_app_review,,,,,,499,499,87,87,5.74,0,0,0,0,1,0.002,0,0,1,0.7126,,,,,INSUFFICIENT_TEMPORAL_DATA,,,,,INSUFFICIENT_ENGAGEMENT_DATA,negative,0.8134,0.1624,0.0241,0.8134,joy,0
IG-000412,Haikal Usman,"sedih bngt soalnya akun instagram yang second acc nggak bisa login udah 2 minggu lebih padahal saya udah masukin password yang benar tetapi selalu muncul tulisan ""terjadi kesalahan tak terduga mohon login kembali"" selalu gitu terus saya kesal,tolong lah pihak instagram fix kan lah masalah saya ini,saya sudah cari"" solusi malah ngga ke fix"",sudah segala cara saya coba tetap muncul tulisan seperti itu",,1,google_play_reviews,data/Review Instagram.csv,consumer_app_review,,,,,,402,402,63,63,6.38,0,0,0,0,0,0.0,0,0,1,0.8254,,,,,INSUFFICIENT_TEMPORAL_DATA,,,,,INSUFFICIENT_ENGAGEMENT_DATA,negative,0.9962,0.0021,0.0018,0.9962,sadness,1
IG-000413,Laila Karima,Instagram mulai menghapus arsip beberapa story video IG dan mengubahnya menjadi foto. saya jadi berfikir untuk pindah platform jika Instagram tidak punya solusi nya.,,3,google_play_reviews,data/Review Instagram.csv,consumer_app_review,,,,,,165,165,24,24,6.88,0,0,0,0,4,0.0242,0,0,0,0.9583,,,,,INSUFFICIENT_TEMPORAL_DATA,,,,,INSUFFICIENT_ENGAGEMENT_DATA,negative,0.9627,0.0093,0.028,0.9627,anger,1
IG-000414,dwi amelia,"Tolong pihak Instagram saya memohon agar developer tidak menghapus fitur archive di Instagram karena banyak yang menentangnya, banyak yang sengaja upload story agar bisa disimpan di archive, jika di hapus fitur ini, banyak yang akan uninstall aplikasi ini. Mohon pengertiannya sekali lagi 🙏🏻🙏🏻",,3,google_play_reviews,data/Review Instagram.csv,consumer_app_review,,,,,,293,293,43,43,6.81,0,0,0,4,4,0.0137,0,0,0,0.7907,,,,,INSUFFICIENT_TEMPORAL_DATA,,,,,INSUFFICIENT_ENGAGEMENT_DATA,neutral,0.5575,0.0509,0.5575,0.3916,neutral,1
IG-000415,muhamad wais,tolong perbaiki lag saat melihat reel atau postingan. padahak sinyal bagus tapi sering stuk loading atau tiba tiba jeda kayak ga ada sinyal,,3,google_play_reviews,data/Review Instagram.csv,consumer_app_review,,,,,,139,139,23,23,6.04,0,0,0,0,0,0.0,0,0,0,0.8696,,,,,INSUFFICIENT_TEMPORAL_DATA,,,,,INSUFFICIENT_ENGAGEMENT_DATA,negative,0.9913,0.0018,0.0069,0.9913,surprise,0
IG-000416,Aku dan Diriku,"Minimal kalo gak di sedia in fitur buat ngecek siapa aja yg nge unfol atau gk ge unfol kita di perbolehkan pake apk tambahan lah, ini gk ada fitur nya tapi gk di bolehin pake apk tambahan ya ngerepotin pengguna lah. Tolong tambahin fitur nya jangan cuman buat kebijakan penggunaan doang!!",,1,google_play_reviews,data/Review Instagram.csv,consumer_app_review,,,,,,288,288,51,51,5.65,0,0,0,0,2,0.0069,2,0,0,0.7647,,,,,INSUFFICIENT_TEMPORAL_DATA,,,,,INSUFFICIENT_ENGAGEMENT_DATA,negative,0.9782,0.0061,0.0157,0.9782,anger,0
IG-000417,Satrio Pandutomo,"Sudah sangat bagus akan tetapi terkadang aplikasi suka eror tidak bisa dibuka sekalinya terbuka kadang keluar dari aplikasi dengan sendirinya, perlu ada peningkatan dari aplikasi instagram ini. Selain itu, kadang suka hapus komentar seenaknya saja padahal tdk menyalahi aturan baik pornografi, caci maki/hinaan, dll hanya karena kebanyakan tag teman buat mengikuti suatu akun kan aneh banget ini.",,5,google_play_reviews,data/Review Instagram.csv,consumer_app_review,,,,,,396,396,57,57,6.95,0,0,0,0,2,0.0051,0,0,0,0.8947,,,,,INSUFFICIENT_TEMPORAL_DATA,,,,,INSUFFICIENT_ENGAGEMENT_DATA,negative,0.9883,0.0106,0.0011,0.9883,surprise,1
IG-000418,Tempe anakherex,"Kenapa kalo mau ubah sandi udah di link Gmail tapi loading nya lama bgt di tunggu udah mau 2 jam masih tetep loading dan gak cuman aku yang merasakan hal ini orang orang lain juga,tolong pihak Instagram tolong masalah ini di perbaiki secepat mungkin🙏🏻🙏🏻",,1,google_play_reviews,data/Review Instagram.csv,consumer_app_review,,,,,,253,253,44,44,5.75,0,0,0,4,3,0.0119,0,0,1,0.8409,,,,,INSUFFICIENT_TEMPORAL_DATA,,,,,INSUFFICIENT_ENGAGEMENT_DATA,negative,0.8952,0.0119,0.0929,0.8952,surprise,0
IG-000419,Purnama Ningsih,Apknya sangat bagus!! Tapi saya hanya berpesan ini saja. Tolong dongg banyak orang tertipu karna penjualan di ig. Tolong lebih relafan lagi jika akun tersebut beneran berjualan atau penipuan.! Kasian yang jualan lewat ig jadinya ga laku karna banyak yang menipu lewat akun ig.,,3,google_play_reviews,data/Review Instagram.csv,consumer_app_review,,,,,,276,276,44,44,6.27,0,0,0,0,5,0.0181,3,0,0,0.8409,,,,,INSUFFICIENT_TEMPORAL_DATA,,,,,INSUFFICIENT_ENGAGEMENT_DATA,negative,0.9821,0.0158,0.0021,0.9821,anger,1
IG-000420,Pengguna Google,"IG. Kenapa ga tiba2 Log out ? Dan kenapa Log in harus Autentifikasi? Sudah coba pake Google Autentificator, masih saja ga bisa2 kodenya Apa ada postingan saya yg Melanggar Ketentuan? Melanggar Standar Komunitas? Mohon pencerahannya dan bantuannya. Terima kasih",,2,google_play_reviews,data/Review Instagram.csv,consumer_app_review,,,,,,260,260,39,39,6.67,0,0,0,0,18,0.0692,0,4,2,0.8718,,,,,INSUFFICIENT_TEMPORAL_DATA,,,,,INSUFFICIENT_ENGAGEMENT_DATA,negative,0.8771,0.0063,0.1165,0.8771,surprise,1
IG-000421,Zahra,"Instagram makin lama makin gila dan bodoh. Aplikasi SAMPAH ! jelek. Lebih oke yang tahun 2022 ga ada batasan. Sekarang baru komen sekali aja udah di hapus komennya. Gila bener.. Balikin dong IG versi lama. Gak untung, yg bikin aplikasi jd makin kaya",,1,google_play_reviews,data/Review Instagram.csv,consumer_app_review,,,,,,249,249,43,43,5.79,0,0,0,0,15,0.0602,1,0,4,0.907,,,,,INSUFFICIENT_TEMPORAL_DATA,,,,,INSUFFICIENT_ENGAGEMENT_DATA,negative,0.9971,0.0021,0.0008,0.9971,anger,0
IG-000422,Peter Parker,"Instagram sekarang jelek, mau komen apa bnyak kesalahan, apa apa terlalu dibatasi, apa apa di hapus, apa apa diblokir, terlalu banyak batasan bikin emosi, komen gini bisa jadi masukan tdk??? Developer anjiiingg!!! Unistall ig!!!",,1,google_play_reviews,data/Review Instagram.csv,consumer_app_review,,,,,,228,228,34,34,6.71,0,0,0,0,3,0.0132,6,3,0,0.7647,,,,,INSUFFICIENT_TEMPORAL_DATA,,,,,INSUFFICIENT_ENGAGEMENT_DATA,negative,0.9976,0.0012,0.0012,0.9976,anger,0
IG-000423,Muamar Sanbaihaqi,"Tolong pulihkan akun instagram saya seperti semua, saya sudah melakukan banding selalu ditolak, saya tidak melakukan konten yg dilarang. Cuma karena postingan saya arsip lalu akun saya di suspend. Makin kesini instagram makin bermasalah dalam sistem tolong perbaiki sistem dan pulihkan akun saya kembali",,1,google_play_reviews,data/Review Instagram.csv,consumer_app_review,,,,,,303,303,44,44,6.89,0,0,0,0,3,0.0099,0,0,0,0.7045,,,,,INSUFFICIENT_TEMPORAL_DATA,,,,,INSUFFICIENT_ENGAGEMENT_DATA,negative,0.9899,0.002,0.0081,0.9899,anger,1
IG-000424,Panda Gaming,"Kalo ada iklan di instagram jangan ada unsur 18+ nya nanti kalo umur di bawah 18 tahun pake instagram dan lihat kan jadi gak bagus tolong di ilangin iklannya bukan instagramnya tiap minggu atau tiap hari itu jangan update terus apk indtagramnya,mohon agar di perbaiki lagi aplikasinya",,5,google_play_reviews,data/Review Instagram.csv,consumer_app_review,,,,,,284,284,47,47,6.04,0,0,0,0,1,0.0035,0,0,4,0.8298,,,,,INSUFFICIENT_TEMPORAL_DATA,,,,,INSUFFICIENT_ENGAGEMENT_DATA,negative,0.9874,0.0025,0.0102,0.9874,joy,0
IG-000425,Ju Eria,Untuk pihak Instagram kenapa akun saya tiba tiba kena banding ya padahal saya ga pernah nge pos2 yang gak gak komen yang gak gak juga engga saya cuman buat scrol scrol reel doang kok. Bisa kaya gini sih tolong ya. Untuk pihak Instagram,,1,google_play_reviews,data/Review Instagram.csv,consumer_app_review,,,,,,235,235,43,43,5.47,0,0,0,0,5,0.0213,0,0,1,0.7442,,,,,INSUFFICIENT_TEMPORAL_DATA,,,,,INSUFFICIENT_ENGAGEMENT_DATA,negative,0.962,0.0045,0.0335,0.962,surprise,1
IG-000426,Anggara,"Gimana sih ini apk nya malah kek gini apaan dah heran gua mau bikin story aja ga bisa"" padahal udah di-update juga lohh jaringan juga lancar... emang sebagus apa sih jaringan biar bisa upload?? ##(kalo orang nanya tuh jawab jangan dibaca doang)",,1,google_play_reviews,data/Review Instagram.csv,consumer_app_review,,,,,,244,244,42,42,5.81,0,0,0,0,1,0.0041,0,2,0,0.9286,,,,,INSUFFICIENT_TEMPORAL_DATA,,,,,INSUFFICIENT_ENGAGEMENT_DATA,negative,0.987,0.0071,0.0058,0.987,surprise,0
IG-000427,Shofie aulia,"Sumpah yaaa udah berapa kalii ig pertama ku tiba2 keluar sendiri,, tolong dong di tingkatkan lagi kualitas nya, jangan seperti ini terus, mending kalau di verifikasi langsung masuk ke akun nya,, inii pake bug segala lagii..",,1,google_play_reviews,data/Review Instagram.csv,consumer_app_review,,,,,,223,223,36,36,6.19,0,0,0,0,1,0.0045,0,0,1,0.9722,,,,,INSUFFICIENT_TEMPORAL_DATA,,,,,INSUFFICIENT_ENGAGEMENT_DATA,negative,0.9976,0.0009,0.0015,0.9976,anger,0
IG-000428,Ayesha Aura,"Woi mana ni , kok puny aku gk ad fitur komentar ny katany ad fitur baru kok gk ad, padahal jga udh berkali kali lho diupdate , padahal aku rajin lho update ny tpi kok masih belum ad jga fitur baru komentar ny , gimana ni tolong lh kerjasamany .",,2,google_play_reviews,data/Review Instagram.csv,consumer_app_review,,,,,,244,244,50,50,4.88,0,0,0,0,1,0.0041,0,0,0,0.64,,,,,INSUFFICIENT_TEMPORAL_DATA,,,,,INSUFFICIENT_ENGAGEMENT_DATA,negative,0.9197,0.0124,0.0679,0.9197,surprise,0
IG-000429,Lukizac channel,"Untuk Instagram, coba pitur VC nya seperti di Whatsapp salah satu video bisa dikecilkan, jangan atas bawah ataupun kiri kanan, ini membuat sangat tidak nyaman",,2,google_play_reviews,data/Review Instagram.csv,consumer_app_review,,,,,,158,158,25,25,6.32,0,0,0,0,5,0.0316,0,0,0,1.0,,,,,INSUFFICIENT_TEMPORAL_DATA,,,,,INSUFFICIENT_ENGAGEMENT_DATA,negative,0.9941,0.0028,0.0031,0.9941,joy,1
IG-000430,acong ok,"Untuk instastory kenapa postingan utama tidak bisa di move paling atas, terdapat notifikasi stiker interaktif tidak bisa ditutupi. Ini sangat mengganggu penggunaan instastory creative. Mohon perbaiki lagi, seperti semula.",,1,google_play_reviews,data/Review Instagram.csv,consumer_app_review,,,,,,221,221,29,29,7.62,0,0,0,0,3,0.0136,0,0,0,0.8966,,,,,INSUFFICIENT_TEMPORAL_DATA,,,,,INSUFFICIENT_ENGAGEMENT_DATA,negative,0.9896,0.0039,0.0065,0.9896,surprise,1
IG-000431,Sylfi Rahayu,"tolong pihak Instagram,kenapa akun saya tiba""harus aju banding padahal saya tidak pernah melakukan pelanggaran apapun yg kalian buat. suka bug ga jelas,fitur yg kadang ad di Ig pertama kadang gaada di Ig kedua,tolong di perbaiki lagi ya,terimakasih",,1,google_play_reviews,data/Review Instagram.csv,consumer_app_review,,,,,,248,248,37,37,6.7,0,0,0,0,3,0.0121,0,0,0,0.8378,,,,,INSUFFICIENT_TEMPORAL_DATA,,,,,INSUFFICIENT_ENGAGEMENT_DATA,negative,0.8025,0.0192,0.1783,0.8025,joy,1
IG-000432,Ahmal Bagus,"akun @ahmall_ barusan di retas, sudah saya usaha untuk mengembalikan, dan mengganti kata sandi. tapi setelah itu tidak bisa login, malah terjadi bug dan keluar dari aplikasi, saya sudah mencoba mencari informasi pelaporan bug, tapi tidak menemukan hasil, tolong bantuannya admin",,3,google_play_reviews,data/Review Instagram.csv,consumer_app_review,,,,,,278,278,41,41,6.78,0,1,0,0,0,0.0,0,0,0,0.878,,,,,INSUFFICIENT_TEMPORAL_DATA,,,,,INSUFFICIENT_ENGAGEMENT_DATA,negative,0.6103,0.0083,0.3815,0.6103,anger,1
IG-000433,Britney Alexandra,"Duuhhh ig lagi bermasalah kah?? Mohon segera di betulkan lagi ya... Kenapa pada saat saya ingin memposting cerita orang lain malah muncul kata 'Kesalahan' maksudnya gimana? Pdhl wifi lancar lancar aja tuh, memori juga udah saya hapuskan.. Tolong dong segera diperbaiki yah saya jadi tidak leluasa untuk memposting beberapa foto, video, atau cerita orang lain. Terimakasih 🙏🏻🙏🏻",,4,google_play_reviews,data/Review Instagram.csv,consumer_app_review,,,,,,376,376,57,57,6.6,0,0,0,4,7,0.0186,0,3,0,0.8596,,,,,INSUFFICIENT_TEMPORAL_DATA,,,,,INSUFFICIENT_ENGAGEMENT_DATA,negative,0.9618,0.0094,0.0289,0.9618,surprise,1
IG-000434,Dinda Mp,Kenapa ya setiap Saya ingin mengupdate atau mengupload Story Instagram baik foto ataupun video bakalan sabun atau buram padahal aslinya dari video ataupun foto tersebut hasilnya HD atau jernih terlihat jelas mohon di perbaiki ya terima kasih,,1,google_play_reviews,data/Review Instagram.csv,consumer_app_review,,,,,,241,241,37,37,6.51,0,0,0,0,6,0.0249,0,0,0,0.8378,,,,,INSUFFICIENT_TEMPORAL_DATA,,,,,INSUFFICIENT_ENGAGEMENT_DATA,negative,0.9199,0.0258,0.0543,0.9199,surprise,1
IG-000435,Kurnia aiz,"AKUN INSTAGRAM dengan password yang BENAR, kenapa tidak bisa Log in di satu unit gadget, kondisi sudah upgrade aplikasi. PADAHAL, log in di website laptop bisa, di HP yang lain pun bisa. Mohon solusinya. Terima kasih.",,1,google_play_reviews,data/Review Instagram.csv,consumer_app_review,,,,,,217,217,36,36,6.03,0,0,0,0,30,0.1382,0,0,0,0.8611,,,,,INSUFFICIENT_TEMPORAL_DATA,,,,,INSUFFICIENT_ENGAGEMENT_DATA,neutral,0.9325,0.0024,0.9325,0.0651,surprise,1
IG-000436,Hazell,"semua fitur hilang di akun saya, music di profile font story juga hilang, style music di story juga hilang, kenapa bisa gini? sementara di akun teman' saya semua fitu sangat lengkap, mohon bantuannya ya 🙂🙏",,1,google_play_reviews,data/Review Instagram.csv,consumer_app_review,,,,,,205,205,35,35,5.86,0,0,0,2,0,0.0,0,1,0,0.7429,,,,,INSUFFICIENT_TEMPORAL_DATA,,,,,INSUFFICIENT_ENGAGEMENT_DATA,neutral,0.7161,0.0255,0.7161,0.2583,sadness,1
IG-000437,Zahra Fatim,"Instagram sekarang kenapa ya kalo mau nge post story ig terus niatnya mau bikin highlight malah nge blur klo dilihat pake akun lainnya,tapi kalo pake akun sendiri engga,mohon diperbaiki.Saya jadi males buat upload cerita ig karna ngeblur, terimakasih.",,3,google_play_reviews,data/Review Instagram.csv,consumer_app_review,,,,,,251,251,38,38,6.61,0,0,0,0,2,0.008,0,0,0,0.8421,,,,,INSUFFICIENT_TEMPORAL_DATA,,,,,INSUFFICIENT_ENGAGEMENT_DATA,negative,0.9879,0.0052,0.0069,0.9879,surprise,0
IG-000438,Dania Rachel Sihombing,kenapa musik yg di profil tiba' hilang? padahal susah ditambahkan. mau ganti musik jadi tidak bisa gara' pilihan musiknya hilang.,,2,google_play_reviews,data/Review Instagram.csv,consumer_app_review,,,,,,129,129,20,20,6.45,0,0,0,0,0,0.0,0,1,0,0.95,,,,,INSUFFICIENT_TEMPORAL_DATA,,,,,INSUFFICIENT_ENGAGEMENT_DATA,negative,0.9872,0.0014,0.0114,0.9872,surprise,0
IG-000439,Sri Maharani,Tolong dong pertimbangan penghapusan arsip story. Pengguna mau selametin gimana lagi story video foto yg udah dipost di Instagram. Bahkan punya saya banyak banget yg udah kekonversi jadi foto. Dan ada yg udah hilang kehapus total tanpa ada pemberitahuan apa2 terlebih dahulu. Please lebih baik hapus aja fitur lain yang kurang berguna. Kalo arsip ini ya sangat amat berguna.,,3,google_play_reviews,data/Review Instagram.csv,consumer_app_review,,,,,,374,374,59,59,6.34,0,0,0,0,7,0.0187,0,0,1,0.8814,,,,,INSUFFICIENT_TEMPORAL_DATA,,,,,INSUFFICIENT_ENGAGEMENT_DATA,negative,0.9199,0.0533,0.0268,0.9199,sadness,0
IG-000440,Laura Angels M.,"Tolong arsip IG jangan dihapus/diubah, banyak arsip stories saya yang sudah tidak bisa dilihat. Saya sudah unduh/transfer informasi malah zipnya tidak bisa dibuka medianya. Tolong bgt, bisa tidak yang lain aja, jangan arsip IG yg dihapus🙂",,1,google_play_reviews,data/Review Instagram.csv,consumer_app_review,,,,,,238,238,36,36,6.61,0,0,0,1,7,0.0294,0,0,0,0.6667,,,,,INSUFFICIENT_TEMPORAL_DATA,,,,,INSUFFICIENT_ENGAGEMENT_DATA,negative,0.9536,0.004,0.0424,0.9536,anger,1
IG-000441,Putrie abik,"dislike, masa stiap bikin akun gabisa,pas mau login dari akun yg sudah ada masukin password malah inconnect rusak ni Instagram bug nya tolong benerin dong masa update kaga jls perubahan itu2 aja perhatiin dong bagian login² nya udh bener masukin username password malah gabisa,aneh.",,1,google_play_reviews,data/Review Instagram.csv,consumer_app_review,,,,,,282,282,44,44,6.41,0,0,0,0,1,0.0035,0,0,1,0.8409,,,,,INSUFFICIENT_TEMPORAL_DATA,,,,,INSUFFICIENT_ENGAGEMENT_DATA,negative,0.9951,0.0009,0.004,0.9951,sadness,0
IG-000442,Jihan Aulia,"Lama-lama dibikin kesel sumpah soalnya login aja gak bisa mau bikin akun lagi tapi malah muncul ""halaman tidak tersedia"" maksudnya apaa login pake akun google gak bisa bikin akun lain gak bisa udah dari lama loh ini hampir 2 tahun ada lah masa gak coba diperbaiki, pastinya banyak yang ngalamin",,1,google_play_reviews,data/Review Instagram.csv,consumer_app_review,,,,,,294,294,50,50,5.88,0,0,0,0,1,0.0034,0,0,1,0.82,,,,,INSUFFICIENT_TEMPORAL_DATA,,,,,INSUFFICIENT_ENGAGEMENT_DATA,negative,0.9877,0.01,0.0023,0.9877,surprise,0
IG-000443,Sanita Nita,"Kenala sangat sulit untuk login di username saya, bagaimana cara loginnya biasanya pakai imel bisa skrng knapa harus verifikasi pake no hp sedangan no hp sudah nonaktif/kadaluarsa bagaimana instagram saya kesulitan login!!! Padahal biasanya login pake imel saja sudah bisa masuk sekarang kenapa tidak bisa dan finishnya harus masukkan kode yg di kirim ke nomor hp lama yg sudah tidak aktif????",,1,google_play_reviews,data/Review Instagram.csv,consumer_app_review,,,,,,393,393,61,61,6.44,0,0,0,0,2,0.0051,3,4,0,0.7377,,,,,INSUFFICIENT_TEMPORAL_DATA,,,,,INSUFFICIENT_ENGAGEMENT_DATA,negative,0.9516,0.01,0.0384,0.9516,surprise,1
IG-000444,Kuyung sun,Kk kenapa ya ig orang lain ada tambahkan komentar di samping kirim pesan kok punya aku ngk ada kayak gitu cuma ada 2 kirim pesan sama love yang tambahkan komentar itu ngk ada padahal selalu di update,,3,google_play_reviews,data/Review Instagram.csv,consumer_app_review,,,,,,199,199,37,37,5.38,0,0,0,0,1,0.005,0,0,1,0.7568,,,,,INSUFFICIENT_TEMPORAL_DATA,,,,,INSUFFICIENT_ENGAGEMENT_DATA,negative,0.9814,0.0024,0.0161,0.9814,surprise,0
IG-000445,mellody hilyatul awliya,kenapa kalo aku bikin lebih dari satu akun pasti salah satu akunnya modelnya terlama gitu belum terupdate ke versi barunyaa.. please yahh tolong di perbarui update annya biar semuanya ter update akun akun yang lainnya. oh ya bisa tolong updatekan akun saya @2708dump.__,,5,google_play_reviews,data/Review Instagram.csv,consumer_app_review,,,,,,269,269,43,43,6.26,0,1,0,0,0,0.0,0,0,4,0.8605,,,,,INSUFFICIENT_TEMPORAL_DATA,,,,,INSUFFICIENT_ENGAGEMENT_DATA,neutral,0.5729,0.057,0.5729,0.37,surprise,0
IG-000446,Pak Diyan,"Mudah digunakan, user interface yang intuitif. Meskipun, kadang ada masalah dalam upload story seperti story lemot dan lainnya. Tapi bisa dimaklumi",,5,google_play_reviews,data/Review Instagram.csv,consumer_app_review,,,,,,147,147,21,21,7.0,0,0,0,0,3,0.0204,0,0,0,0.9524,,,,,INSUFFICIENT_TEMPORAL_DATA,,,,,INSUFFICIENT_ENGAGEMENT_DATA,positive,0.9901,0.9901,0.0056,0.0043,joy,1
IG-000447,Rafidah Fida,"Awalnya akun yg sering dipake dapat font terbaru terus 2 akun yg lain ga update fontnya eh ga lama ketukar 2 akun yg lain fontnya update sekarang first acc malah teubah jadi font lama, sebel bgt kenapa sih ko beda beda tiap akun. Padahal kalau update ig selalu yg first acc yg nyangkut di ig biar terupdate eh tetep aja sama. Mohon perbaikannya dong",,3,google_play_reviews,data/Review Instagram.csv,consumer_app_review,,,,,,349,349,64,64,5.45,0,0,0,0,3,0.0086,0,0,2,0.7188,,,,,INSUFFICIENT_TEMPORAL_DATA,,,,,INSUFFICIENT_ENGAGEMENT_DATA,negative,0.9805,0.0073,0.0122,0.9805,surprise,0
IG-000448,Ros Mawaty,"kenapa pas mau di buka ""instagram terus berhenti"" pdhl penyimpan an msi banyak jaringan internet bagus lancar, udh bbrpa kali di instal ulang ttep aja gtuu biasanya juga ngga gmna siee tolongg dng perbaiki msa ngebug lma amatt",,4,google_play_reviews,data/Review Instagram.csv,consumer_app_review,,,,,,226,226,38,38,5.95,0,0,0,0,0,0.0,0,0,0,0.9737,,,,,INSUFFICIENT_TEMPORAL_DATA,,,,,INSUFFICIENT_ENGAGEMENT_DATA,negative,0.9845,0.0062,0.0094,0.9845,surprise,0
IG-000449,DESTIANI MAULIDYA MUFI,"Instagram yg sekarang, gak seperti Instagram yg dulu, mau ikutan giveaway aja susahnya minta ampun, bentar² kena blokir, banned, sampai² akun-ku sampai hilang, gak ngerti lagi sama aplikasi ini 😡😡😡",,1,google_play_reviews,data/Review Instagram.csv,consumer_app_review,,,,,,197,197,30,30,6.57,0,0,0,3,2,0.0102,0,0,0,0.9,,,,,INSUFFICIENT_TEMPORAL_DATA,,,,,INSUFFICIENT_ENGAGEMENT_DATA,negative,0.9557,0.0093,0.035,0.9557,anger,0
IG-000450,Juita Patabang,"Cinta banget sama ni aplikasi, tapi plisslah kenapa fitur lagu di bio profil hilang? Perbaiki bug ini biar dapat bintang 5:))",,2,google_play_reviews,data/Review Instagram.csv,consumer_app_review,,,,,,125,125,21,21,5.95,0,0,0,0,2,0.016,0,1,1,1.0,,,,,INSUFFICIENT_TEMPORAL_DATA,,,,,INSUFFICIENT_ENGAGEMENT_DATA,negative,0.9804,0.0097,0.0099,0.9804,surprise,0
IG-000451,marshandaamelia17,"gabisa masuk aplikasi ini sama skali padahal udh update pas masuk apk malah ada tulisan ""terjadi kesalahan yang tidak terduga, coba lagi nanti"" udh saya coba berkali kali malah ttep aja sama, gimana deh.",,3,google_play_reviews,data/Review Instagram.csv,consumer_app_review,,,,,,203,203,34,34,5.97,0,0,0,0,0,0.0,0,0,0,0.8824,,,,,INSUFFICIENT_TEMPORAL_DATA,,,,,INSUFFICIENT_ENGAGEMENT_DATA,negative,0.9936,0.0014,0.005,0.9936,anger,0
IG-000452,Dwie Ony,Min kenapa akun ku ditampilannya masih tampilan lama ya ? Padahal sudah update ke versi paling baru.. font dan fiturnya juga belum berubah..,,2,google_play_reviews,data/Review Instagram.csv,consumer_app_review,,,,,,140,140,23,23,6.09,0,0,0,0,2,0.0143,0,1,0,1.0,,,,,INSUFFICIENT_TEMPORAL_DATA,,,,,INSUFFICIENT_ENGAGEMENT_DATA,negative,0.8762,0.0026,0.1212,0.8762,surprise,0
IG-000453,achmad fadhly,"Tolong donk kak balikin fitur yg dulu,dulu bisa login pke Facebook otp dikirim ke WhatsApp tpi knp ada tulisannya TDK dpt login sedang bermasalah suruh tunggu bbrp menitnya ini luar biasa bngt lama bngt GK login²",,1,google_play_reviews,data/Review Instagram.csv,consumer_app_review,,,,,,212,212,36,36,5.89,0,0,0,0,9,0.0425,0,0,0,0.9444,,,,,INSUFFICIENT_TEMPORAL_DATA,,,,,INSUFFICIENT_ENGAGEMENT_DATA,negative,0.8854,0.0077,0.1069,0.8854,anger,0
IG-000454,Riska Apriliana,"sejujur nya setelah update, aku malah sedih karena filter tokyo dan rio de janeiro nya ga sepekat yang dulu, filter tokyo dulu bagus banget sedangkan sekarang malah aneh dan ga se gelap dulu, rio de janeiro pun sama, ga sepekat dulu lagi, saya cuma mau filter kedua favorit saya itu kembali seperti semula",,2,google_play_reviews,data/Review Instagram.csv,consumer_app_review,,,,,,305,305,53,53,5.75,0,0,0,0,0,0.0,0,0,0,0.717,,,,,INSUFFICIENT_TEMPORAL_DATA,,,,,INSUFFICIENT_ENGAGEMENT_DATA,negative,0.9433,0.05,0.0068,0.9433,sadness,0
IG-000455,Tuti Andaryatni,"Saya senang ke Optik Manding krn kalau janjian tepat waktu, pelayanannya baik, ramah. Tidak hanya menjual prodak sayatetapi memberikan solusi yg tepat dan terbaik.",,5,google_play_reviews,data/Review Instagram.csv,consumer_app_review,,,,,,163,163,24,24,6.79,0,0,0,0,4,0.0245,0,0,0,0.9583,,,,,INSUFFICIENT_TEMPORAL_DATA,,,,,INSUFFICIENT_ENGAGEMENT_DATA,positive,0.9968,0.9968,0.0027,0.0005,joy,1
IG-000456,Desi Yani,Kenapa Instagram ku ngk bisa lihat story diawal berandaku...trus yg diarsipkan jg ngk bisa dilihat diarsipkan...hilang...trus cerita arsip jg ngk bisa dibuka krna crta tdk tersedia. Pdahal fto saya musik saya tetap aj ngk bisa ..Tolong Admin Instagram bantu akun saya🙏banyak sekali masalah Ig saya,,2,google_play_reviews,data/Review Instagram.csv,consumer_app_review,,,,,,297,297,45,45,6.6,0,0,0,1,7,0.0236,0,0,0,0.7778,,,,,INSUFFICIENT_TEMPORAL_DATA,,,,,INSUFFICIENT_ENGAGEMENT_DATA,negative,0.6557,0.017,0.3274,0.6557,surprise,1
IG-000457,Ss Auren,"GAJELAS!! TIBA TIBA DITANGGUHKAN DENGAN ALASAN YANG TIDAK ADA BUKTINYA!! Akun saya ditangguhkan ""dikarenakan menjual obat2an terlarang dan barang2 atau senjata terlarang"" Padahal isi akun saya hanya foto2 saya. Saya dapat email untuk meninjau akun saya sampai 10 maret 2025, tapi dinonaktifkan permanen tanggal 11 september tanpa melihat apa yang salah pada akun saya. Kecewa berat!!",,1,google_play_reviews,data/Review Instagram.csv,consumer_app_review,,,,,,383,383,56,56,6.84,0,0,0,0,63,0.1645,6,0,11,0.8214,,,,,INSUFFICIENT_TEMPORAL_DATA,,,,,INSUFFICIENT_ENGAGEMENT_DATA,negative,0.9968,0.002,0.0012,0.9968,sadness,1
IG-000458,Rafani,Tambahin fitur yang lebih berguna kek biar tahu orang yang mengunfollow kita dan tidak mengikuti kita balik biar ga cape ngecek satu2 soalnya org2 suka nge unfollow pdhl bukan seleb. Sama adain fitur postingan ulang kalo bisa wkwkkw,,1,google_play_reviews,data/Review Instagram.csv,consumer_app_review,,,,,,232,232,38,38,6.11,0,0,0,0,2,0.0086,0,0,2,0.8947,,,,,INSUFFICIENT_TEMPORAL_DATA,,,,,INSUFFICIENT_ENGAGEMENT_DATA,positive,0.609,0.609,0.0335,0.3575,joy,0
IG-000459,Abil,"Update malah error, DM ga jalan, kirim text DM ga kekirim tapi gambar bisa padahal jaringan normal dan aplikasi lain lancar aja",,1,google_play_reviews,data/Review Instagram.csv,consumer_app_review,,,,,,127,127,22,22,5.77,0,0,0,0,5,0.0394,0,0,0,0.9091,,,,,INSUFFICIENT_TEMPORAL_DATA,,,,,INSUFFICIENT_ENGAGEMENT_DATA,negative,0.9829,0.0015,0.0156,0.9829,anger,0
IG-000460,Var Syafar,Kok mau upload foto mode landscape berubah jd mode potret dan tdk bisa diedit atau diatur. Makin bnyak bugnya instagram,,3,google_play_reviews,data/Review Instagram.csv,consumer_app_review,,,,,,119,119,20,20,5.95,0,0,0,0,2,0.0168,0,0,0,0.95,,,,,INSUFFICIENT_TEMPORAL_DATA,,,,,INSUFFICIENT_ENGAGEMENT_DATA,negative,0.9929,0.0012,0.0059,0.9929,surprise,0
IG-000461,Yoesary_1308,"Kenapa sihh instagram sekarangg, banyak bangett bug nya, herann. Disuruh update, giliran mau di update tapi gabisa di update, gitu gitu aja teruss, padahal bukan karena masalah penyimpanan, ganggu bangett. Tolong diperbaiki bug nya🙏🏻",,2,google_play_reviews,data/Review Instagram.csv,consumer_app_review,,,,,,233,233,34,34,6.85,0,0,0,2,3,0.0129,0,0,0,0.8824,,,,,INSUFFICIENT_TEMPORAL_DATA,,,,,INSUFFICIENT_ENGAGEMENT_DATA,negative,0.9911,0.0023,0.0066,0.9911,surprise,0
IG-000462,Ayu Wulandari,"setelah di-update banyak fitur yang ga bisa muncul padahal sudah disetting, contohnya musik yang ada di bawah profil, awalannya bisa tapi lama lama ilang sendiri harus setting terus, giliran disetting ulang ga muncul itu musiknya",,3,google_play_reviews,data/Review Instagram.csv,consumer_app_review,,,,,,229,229,35,35,6.54,0,0,0,0,0,0.0,0,0,0,0.8571,,,,,INSUFFICIENT_TEMPORAL_DATA,,,,,INSUFFICIENT_ENGAGEMENT_DATA,negative,0.9793,0.0035,0.0172,0.9793,anger,0
IG-000463,lissa Melissa Zauhari,Kalau sudah di update ..kenapa banyak yg hilang .icon efek tampilan baru font di story pun malah hilang ..malah jadi tampilan yg lama ..trus kemana fitur efek di pengeditan gambar di bagian story malah pada dihilangkan..,,1,google_play_reviews,data/Review Instagram.csv,consumer_app_review,,,,,,220,220,36,36,6.11,0,0,0,0,1,0.0045,0,0,0,0.75,,,,,INSUFFICIENT_TEMPORAL_DATA,,,,,INSUFFICIENT_ENGAGEMENT_DATA,negative,0.9949,0.0015,0.0036,0.9949,sadness,0
IG-000464,Eko Anega,Tolong pihak instagram direspon bahwa Instagram sehabis update malah gak bisa dibuat ngirim chat sama sekali cuman bisa ngirim gambar..mohon segera direspon dan ditindak lanjuti masalah ini 🙏🏻,,1,google_play_reviews,data/Review Instagram.csv,consumer_app_review,,,,,,192,192,28,28,6.86,0,0,0,2,2,0.0104,0,0,0,0.8571,,,,,INSUFFICIENT_TEMPORAL_DATA,,,,,INSUFFICIENT_ENGAGEMENT_DATA,neutral,0.7815,0.0178,0.7815,0.2007,neutral,0
IG-000465,Sepgia Gia,AQ udh download tp masa ga bisa masuk alesan Instagram ada masalah di Indonesia coba pake bahasa Inggris pas AQ coba bahasa Inggris tetep ja ga bisa suruh coba trus sampe berhari hari AQ kasih 2 dulu bintang nya nanti kalo saya udh bisa masuk baru saya tambah lagi bintang nya,,2,google_play_reviews,data/Review Instagram.csv,consumer_app_review,,,,,,276,276,51,51,5.41,0,0,0,0,10,0.0362,0,0,1,0.7255,,,,,INSUFFICIENT_TEMPORAL_DATA,,,,,INSUFFICIENT_ENGAGEMENT_DATA,negative,0.5659,0.0649,0.3691,0.5659,surprise,0
IG-000466,Rasidcoy Rasidcoy,Tolong diperbaiki lagi update selanjutnya kenapa disaat bikin sg video yang dikasih musik dari app nya kadang gak mau tersimpan ke galeri dan gak bisa di dowload sg nya,,2,google_play_reviews,data/Review Instagram.csv,consumer_app_review,,,,,,168,168,29,29,5.79,0,0,0,0,1,0.006,0,0,0,0.8966,,,,,INSUFFICIENT_TEMPORAL_DATA,,,,,INSUFFICIENT_ENGAGEMENT_DATA,negative,0.9836,0.003,0.0133,0.9836,surprise,0
IG-000467,Sabb Onlyy,"Ad masalah cokk tiba² barusann,pas lagi asik² liat follow an malah keluar aplikasi,trus pas dibuka lagi ga bisa,cuma layar itemm,KLARIFIKASII INSTAGRAMM!!",,3,google_play_reviews,data/Review Instagram.csv,consumer_app_review,,,,,,154,154,21,21,7.33,0,0,0,0,23,0.1494,2,0,0,0.9524,,,,,INSUFFICIENT_TEMPORAL_DATA,,,,,INSUFFICIENT_ENGAGEMENT_DATA,negative,0.8804,0.0028,0.1168,0.8804,anger,0
IG-000468,Risma Nanda putri,"Saya mengalami kendala tidak bisa mengakses akun saya sendiri karna kode keamanan 2 faktor sedangkan nomor ponsel yg saya cantumkan itu sudah mati. Dari instagram juga tidak ada fitur yg bisa membantu permasalahan saya ini. Saya sangat kecewa sekali karna ini mempersulit media komunikasi saya di sosial media. saya kecewa sekali pihak instagram tidak pernah menanggapi keluhan saya, tidak ada fitur satupun yg membantu kendala saya ini. tolong di perbaiki lagi aplikasinya",,1,google_play_reviews,data/Review Instagram.csv,consumer_app_review,,,,,,473,473,72,72,6.57,0,0,0,0,3,0.0063,0,0,1,0.6806,,,,,INSUFFICIENT_TEMPORAL_DATA,,,,,INSUFFICIENT_ENGAGEMENT_DATA,negative,0.996,0.0024,0.0016,0.996,sadness,1
IG-000469,IPULBATE Bate,"Instagram membantu saya untuk mengenali orang sekitar dengan mudah ,dan juga saya dapat mencari kata motivasi di Instagram dengan sangat mudah hanya ini saja yang dapat saya katakan tentang Instagram selebihnya tambahkan lebih banyak fitur di Instagram.",,5,google_play_reviews,data/Review Instagram.csv,consumer_app_review,,,,,,253,253,37,37,6.84,0,0,0,0,4,0.0158,0,0,0,0.7838,,,,,INSUFFICIENT_TEMPORAL_DATA,,,,,INSUFFICIENT_ENGAGEMENT_DATA,neutral,0.7982,0.1895,0.7982,0.0123,neutral,1
IG-000470,Cintasa Erwin,"Pdhl apk nya bagus tp tolong diperbaiki ya habis dowoloand ig ini WhatsApp saya pas pesan suara jadi eror suaranya,,habis ig nya saya hps lgi udh normal lagi suaranya",,2,google_play_reviews,data/Review Instagram.csv,consumer_app_review,,,,,,166,166,29,29,5.72,0,0,0,0,3,0.0181,0,0,0,0.8966,,,,,INSUFFICIENT_TEMPORAL_DATA,,,,,INSUFFICIENT_ENGAGEMENT_DATA,negative,0.9742,0.0012,0.0246,0.9742,joy,0
IG-000471,Riski Nur Rahman,"Vidio yg di unggah menjadi lelet tidak sesuai dengan lagu/sound ,paling sering di bagian unggah video di status/cerita",,2,google_play_reviews,data/Review Instagram.csv,consumer_app_review,,,,,,118,118,18,18,6.56,0,0,0,0,1,0.0085,0,0,0,0.8333,,,,,INSUFFICIENT_TEMPORAL_DATA,,,,,INSUFFICIENT_ENGAGEMENT_DATA,negative,0.9852,0.0051,0.0097,0.9852,anger,0
IG-000472,Farhan Salmaniar,"Tolong diperbaiki lagi aplikasinya,aneh fitur² yang tersedia kadang suka hilang,terus juga cuma tersedia di beberapa second account,ga merata ke semua akun,misalnya fitur music di bio tadinya ada sekarang tiba² hilang,kadang juga lagu yang sudah dipasang suka hilang tiba²,aneh masih banyak bug kalo bisa diperbaiki",,2,google_play_reviews,data/Review Instagram.csv,consumer_app_review,,,,,,315,315,44,44,7.16,0,0,0,0,1,0.0032,0,0,0,0.8636,,,,,INSUFFICIENT_TEMPORAL_DATA,,,,,INSUFFICIENT_ENGAGEMENT_DATA,negative,0.98,0.0054,0.0146,0.98,sadness,0
IG-000473,Richard Hayon,"Instagram saya sudah dibanet oleh pihak INSTAGRAM sendiri sejak 2 September 2024. Perlu diketahui Instagram saya adalah Official Instagram sejak 2017. Saya tidak pernah ngapa2in tiba2 kog dibatasi tanpa alasan. Dan saya bahkan langsung mengajukan banding waktu itu dgn mengirimkan ID saya. Namun hingga hari ini sudah satu bulan lebih, pihak INSTAGRAM tidak pernah menindaklanjuti pengajuan saya. Saya sangat kecewa.",,1,google_play_reviews,data/Review Instagram.csv,consumer_app_review,,,,,,416,416,60,60,6.93,0,0,0,0,30,0.0721,0,0,11,0.7667,,,,,INSUFFICIENT_TEMPORAL_DATA,,,,,INSUFFICIENT_ENGAGEMENT_DATA,negative,0.9965,0.0017,0.0018,0.9965,anger,1
IG-000474,shin chan,"udah ajukan banding account sampai disuruh ngerekam video tapi ngga bisa sama sekali padahal udah diulang berkali kali. padahal ngga ngapa ngapain juga di ig tapi pas buka ig tiba tiba akunnya gabisa, tolongggg diperbaiki!!!!!",,1,google_play_reviews,data/Review Instagram.csv,consumer_app_review,,,,,,226,226,35,35,6.46,0,0,0,0,0,0.0,5,0,0,0.8286,,,,,INSUFFICIENT_TEMPORAL_DATA,,,,,INSUFFICIENT_ENGAGEMENT_DATA,negative,0.9946,0.0019,0.0035,0.9946,surprise,0
IG-000475,Robet Van Royen,"Sejak Hari ini saya mengupdate versi Instagram yang baru,saya buka beranda dan nge freeze terus keluar lagi dari aplikasi,padahal jaringan saya berjalan dengan baik,buat developer tolong perbaiki masalah ini secepatnya.",,1,google_play_reviews,data/Review Instagram.csv,consumer_app_review,,,,,,219,219,30,30,7.3,0,0,0,0,3,0.0137,0,0,0,0.9333,,,,,INSUFFICIENT_TEMPORAL_DATA,,,,,INSUFFICIENT_ENGAGEMENT_DATA,negative,0.865,0.0035,0.1315,0.865,anger,1
IG-000476,Mar Linsyah,"kenapa beberapa fiture gak muncul di akun pertama sedangkan di akunke2 muncul semua , tolong segera diperbaiki + kalau post story kenapa kdg g bisa trus muncul tulisan ""kesalahan"" anj",,1,google_play_reviews,data/Review Instagram.csv,consumer_app_review,,,,,,183,183,30,30,6.1,0,0,0,0,0,0.0,0,0,1,0.8667,,,,,INSUFFICIENT_TEMPORAL_DATA,,,,,INSUFFICIENT_ENGAGEMENT_DATA,negative,0.9938,0.0009,0.0052,0.9938,surprise,0
IG-000477,Livia Rhea A,"lemot sekali setelah di update, sudah unistall dan install ulang berkali2 tetap sama aja... 😞😞😞 buka aplikasi lain aman2 saja dgn sinyalnya.",,2,google_play_reviews,data/Review Instagram.csv,consumer_app_review,,,,,,140,140,22,22,6.36,0,0,0,3,0,0.0,0,0,2,1.0,,,,,INSUFFICIENT_TEMPORAL_DATA,,,,,INSUFFICIENT_ENGAGEMENT_DATA,negative,0.981,0.0026,0.0165,0.981,anger,0
IG-000478,miftakhul faqih,untuk developer udah bagus fitur dan argoritmanya nyatanya aplikasi ini bisa bertahan dan tetep sebagai sumber informasi tapi di harapkan bisa memantau jika ada penjualan lewat aplikasi Instagram masih bayak penipuan dan lain lain harap di perhatikan apabila berjualan seharusnya di amankan seperti aplikasi jualan lainya yg mengedepankan pelanggan...terkadang terdapat beberapa akun bisnis namun menutup komen sehingga pelanggan yg tidak tahu apakah akun tersebut aman atau tidak menjadi ragu,,3,google_play_reviews,data/Review Instagram.csv,consumer_app_review,,,,,,493,493,69,69,7.14,0,0,0,0,1,0.002,0,0,0,0.8406,,,,,INSUFFICIENT_TEMPORAL_DATA,,,,,INSUFFICIENT_ENGAGEMENT_DATA,negative,0.5343,0.4342,0.0315,0.5343,joy,1
IG-000479,Ahmad Nasoha,"Udah 3 hari ngadat ,buka reals macet vidio nya ,buka postingan sama , hadeeh entah bug atau kek mana ? Tapi untuk divice sendiri ok , buat liat apk lain lancar lancar aja , terutama buka sosial media yg lain kek tiktok 💁🏼 tolong lah...",,1,google_play_reviews,data/Review Instagram.csv,consumer_app_review,,,,,,235,235,45,45,5.22,0,0,0,2,2,0.0085,0,1,1,0.8667,,,,,INSUFFICIENT_TEMPORAL_DATA,,,,,INSUFFICIENT_ENGAGEMENT_DATA,negative,0.6678,0.0572,0.275,0.6678,anger,0
IG-000480,Hirhaisya,"Tolong yaa!!! Akun saya sering hilang padahal saya ngak ngapa ngapainnn, Instagram sekarang gak kayak duluu, tolong yaa di perbaiki lagii dan dipilih2 lagii jangan main menonaktifkan akun orng dulu, disitu bnyk kenangannya malah dinonaktifkan, tolongg ini di notice yaa",,2,google_play_reviews,data/Review Instagram.csv,consumer_app_review,,,,,,269,269,40,40,6.72,0,0,0,0,3,0.0112,3,0,1,0.85,,,,,INSUFFICIENT_TEMPORAL_DATA,,,,,INSUFFICIENT_ENGAGEMENT_DATA,negative,0.9917,0.0032,0.0051,0.9917,sadness,1
IG-000481,sultan pro,"Entah kenapa akhir akhir ini reels sering ga ke load sama juga kaya postingan, padahal koneksi lancar saat nonton youtube, pas buka ig malah ga keload kontennya saya harap segera diperbaiki",,1,google_play_reviews,data/Review Instagram.csv,consumer_app_review,,,,,,189,189,31,31,6.1,0,0,0,0,1,0.0053,0,0,0,0.9355,,,,,INSUFFICIENT_TEMPORAL_DATA,,,,,INSUFFICIENT_ENGAGEMENT_DATA,negative,0.9761,0.0102,0.0136,0.9761,surprise,0
IG-000482,Nana Sukarna,Setiap.kali liat video reels video suka berhrnti sendiri padahal sinyal bagus tolong bug nya segera di perbaiki demi kenyamanan pengguna🙏,,3,google_play_reviews,data/Review Instagram.csv,consumer_app_review,,,,,,137,137,20,20,6.85,0,0,0,1,1,0.0073,0,0,0,0.95,,,,,INSUFFICIENT_TEMPORAL_DATA,,,,,INSUFFICIENT_ENGAGEMENT_DATA,neutral,0.5446,0.0573,0.5446,0.3981,joy,0
IG-000483,Andrianto Ramadhani,"Halo Instagram, kenapa fitur terupdate Instagram di main acc saya tidak dapat digunakan/tidak ada, sedangkan di second acc saya fitur terupdate tersedia semua. Mohon tanggapannya, saya sudah melaporkannya melalui aplikasi Instagram langsung, tapi belum ada tanggapannya.",,2,google_play_reviews,data/Review Instagram.csv,consumer_app_review,,,,,,270,270,36,36,7.5,0,0,0,0,5,0.0185,0,0,0,0.8056,,,,,INSUFFICIENT_TEMPORAL_DATA,,,,,INSUFFICIENT_ENGAGEMENT_DATA,neutral,0.9675,0.0038,0.9675,0.0287,surprise,1
IG-000484,Lulu Zahirah,"imi gimana si aplikasinya? saya kan punya akun 3, nah tiba tiba keluar sendiri, disitu bacaannya saya telah keluar dari akun tersebut, pada saat saya login kembali di ketiga akun saya, beberapa hari kemudian terjadi lagi hal seperti itu. tolong perbaiki bug nya ya🙏🏻 terimakasih.",,3,google_play_reviews,data/Review Instagram.csv,consumer_app_review,,,,,,279,279,45,45,6.2,0,0,0,2,0,0.0,0,1,1,0.8667,,,,,INSUFFICIENT_TEMPORAL_DATA,,,,,INSUFFICIENT_ENGAGEMENT_DATA,neutral,0.5155,0.0209,0.5155,0.4637,surprise,1
IG-000485,Iqbal Muhammad,"Saya kehilangan akses untuk login melalui hp,nomor,dan email....tetapi saya hafal dengan nama akun dan sandi Instagram,lalu saya mencoba login melalui nama akun dan sandi tetapi tidak bisa.....menurut saya aplikasi Instagram harus di-update untuk menghapus bug'' yang mengganggu kenyamanan penggunanya",,1,google_play_reviews,data/Review Instagram.csv,consumer_app_review,,,,,,301,301,39,39,7.72,0,0,0,0,3,0.01,0,0,0,0.7436,,,,,INSUFFICIENT_TEMPORAL_DATA,,,,,INSUFFICIENT_ENGAGEMENT_DATA,negative,0.9056,0.0059,0.0885,0.9056,anger,1
IG-000486,MUHAMMAD RIFQI FAUZAN,"Logika search buat lagu nya aneh, masa udah nyari dengan judul yang benar (bahkan disertai penyanyi nya) tetep gak ketemu lagu yang ingin dicari...",,4,google_play_reviews,data/Review Instagram.csv,consumer_app_review,,,,,,147,147,24,24,6.12,0,0,0,0,1,0.0068,0,0,0,0.9167,,,,,INSUFFICIENT_TEMPORAL_DATA,,,,,INSUFFICIENT_ENGAGEMENT_DATA,negative,0.9966,0.0013,0.0021,0.9966,surprise,0
IG-000487,Pengguna Google,"Lagi scroll ig, tiba2 muncul notif anda sudah log out dan ketikaa login gak bisa, ada tulisan tidak dapat login ada kesalahan tidak terduga cobalah login lagi. Udah login lagi dengan pass beda tulisan sama",,1,google_play_reviews,data/Review Instagram.csv,consumer_app_review,,,,,,205,205,35,35,5.86,0,0,0,0,2,0.0098,0,0,1,0.8,,,,,INSUFFICIENT_TEMPORAL_DATA,,,,,INSUFFICIENT_ENGAGEMENT_DATA,negative,0.714,0.0054,0.2806,0.714,anger,1
IG-000488,Novelia Ardianti,"Kurang suka sama Instagram yg sekarang, kenapa terlalu banyak yg dikurangin? Mau ganti lagu gak bisa, terus yaa pokoknya gak nyaman sama IG yg sekarang. Harusnya update itu menjadi lebih baik, ini malah... Ah entahlah ☹️",,3,google_play_reviews,data/Review Instagram.csv,consumer_app_review,,,,,,220,220,36,36,6.11,0,0,0,1,7,0.0318,0,1,0,0.8889,,,,,INSUFFICIENT_TEMPORAL_DATA,,,,,INSUFFICIENT_ENGAGEMENT_DATA,negative,0.9943,0.0031,0.0025,0.9943,surprise,0
IG-000489,Faiz Rosyad,"tolong, jika mau upload reels ke story jangan cuma 15dtk Dev... atau kalo engga gtu, bisa dipangkas/diatur gitu bila mau upload reels yang panjang ke story, hehe",,5,google_play_reviews,data/Review Instagram.csv,consumer_app_review,,,,,,161,161,27,27,5.96,0,0,0,0,1,0.0062,0,0,2,0.8519,,,,,INSUFFICIENT_TEMPORAL_DATA,,,,,INSUFFICIENT_ENGAGEMENT_DATA,negative,0.4647,0.1901,0.3452,0.4647,anger,0
IG-000490,Fita Gmgch,Instagram aneh bgt paket gue banyak malah lag gue sampe rugii beli paket Instagram lagi masih aja lag foto foto ngga kebuka buka apk lain lancar lancar aja kenceng instgram doang yg payah sampe unistal download berkali kali parah si,,2,google_play_reviews,data/Review Instagram.csv,consumer_app_review,,,,,,232,232,40,40,5.8,0,0,0,0,2,0.0086,0,0,0,0.8,,,,,INSUFFICIENT_TEMPORAL_DATA,,,,,INSUFFICIENT_ENGAGEMENT_DATA,negative,0.9977,0.0014,0.0009,0.9977,anger,0
IG-000491,Pengguna Google,"Instagram kenapa loading nya lama??? Kuota ada, tp pas ganti pake wifi lancar² aja...tp kenapa pas tidak pake wifi jam pasir, sudah di update, hpus chace, tp ttp jam pasir???? Instagram kenapa kah dng dirimu?????",,1,google_play_reviews,data/Review Instagram.csv,consumer_app_review,,,,,,212,212,35,35,6.06,0,0,0,0,3,0.0142,0,12,0,0.7714,,,,,INSUFFICIENT_TEMPORAL_DATA,,,,,INSUFFICIENT_ENGAGEMENT_DATA,negative,0.9891,0.0017,0.0092,0.9891,surprise,0
IG-000492,Ajeng Novita,"ini kenapa Ig load aja ya buat buka vidio"" smaa SG orang habis di update???padahal buat buka aplikasi lain sinyal nya lancar ga loadd.tolong deh di perbaiki jangan error kek gini dong",,2,google_play_reviews,data/Review Instagram.csv,consumer_app_review,,,,,,183,183,32,32,5.72,0,0,0,0,3,0.0164,0,3,0,0.9062,,,,,INSUFFICIENT_TEMPORAL_DATA,,,,,INSUFFICIENT_ENGAGEMENT_DATA,negative,0.9932,0.0016,0.0052,0.9932,surprise,0
IG-000493,Nando Gans,Saya mengalami masalah pada fitur musik frofil di akun saya.masalah nya ialah fitur nya hilang pada akun saya ketika saya berpindah akun ke 2 saya. fitur nya ada tetapi di akun utama saya tidak ada Mohon perbaikan nya!,,2,google_play_reviews,data/Review Instagram.csv,consumer_app_review,,,,,,218,218,38,38,5.74,0,0,0,0,2,0.0092,1,0,1,0.6579,,,,,INSUFFICIENT_TEMPORAL_DATA,,,,,INSUFFICIENT_ENGAGEMENT_DATA,negative,0.853,0.0062,0.1408,0.853,sadness,1
IG-000494,Griyo Orion Malang,Halo Instagram... Mengapa sekarang jika postingan video rasionya nampak terlalu melebar sehingga gambar video terpotong atau terlihat melebihi rasio ukuran layar ? Mohon diperbaiki seperti awalnya dulu ....🙏,,1,google_play_reviews,data/Review Instagram.csv,consumer_app_review,,,,,,207,207,28,28,7.39,0,0,0,1,4,0.0193,0,1,0,0.9643,,,,,INSUFFICIENT_TEMPORAL_DATA,,,,,INSUFFICIENT_ENGAGEMENT_DATA,negative,0.9078,0.0034,0.0888,0.9078,anger,0
IG-000495,Salsabila Adja,"Ini kenapa ya kok ig saya udh hmpir seminggu ini g bisa dibuka, padahal kuota saya masih banyak dan lancar² aj utk buka apk lain, cuma apk ini aj yang g bisa, padahal udh saya update, bisa tolong diperbaiki segera?!",,1,google_play_reviews,data/Review Instagram.csv,consumer_app_review,,,,,,215,215,40,40,5.38,0,0,0,0,1,0.0047,1,1,0,0.75,,,,,INSUFFICIENT_TEMPORAL_DATA,,,,,INSUFFICIENT_ENGAGEMENT_DATA,negative,0.9695,0.0013,0.0292,0.9695,surprise,0
IG-000496,Jimmy Saputra,"Sangat mengecewakan instagram seminggu ini, ngelag gk jelas padahal aplikasi lain berfungsi dengan normal dan sinyal aman-aman saja.",,1,google_play_reviews,data/Review Instagram.csv,consumer_app_review,,,,,,132,132,18,18,7.33,0,0,0,0,1,0.0076,0,0,0,1.0,,,,,INSUFFICIENT_TEMPORAL_DATA,,,,,INSUFFICIENT_ENGAGEMENT_DATA,negative,0.9981,0.0009,0.001,0.9981,anger,0
IG-000497,Irsula Ramadan,Instagram sangat bagus untuk berkomunikasi berkomunikasi dengan teman-teman dan bisa mengenal banyak orang semoga Instagram terus meningkat dan maju sehingga kedepannya dan lebih banyak lagi yang menggunakan aplikasi Instagram ini.,,5,google_play_reviews,data/Review Instagram.csv,consumer_app_review,,,,,,231,231,30,30,7.7,0,0,0,0,3,0.013,0,0,0,0.8,,,,,INSUFFICIENT_TEMPORAL_DATA,,,,,INSUFFICIENT_ENGAGEMENT_DATA,positive,0.9856,0.9856,0.0119,0.0024,joy,1
IG-000498,Adam Mulya,"Sangat kagum karena bisa menembus banyak pengguna melihat menonton apa yang kita share. Sehingga mempermudah cara kita berpromosi. Sayangnya jika ingin lebih bnyk menjangkau pengguna IG lainnya, harus berbayar.",,5,google_play_reviews,data/Review Instagram.csv,consumer_app_review,,,,,,210,210,29,29,7.24,0,0,0,0,5,0.0238,0,0,0,0.931,,,,,INSUFFICIENT_TEMPORAL_DATA,,,,,INSUFFICIENT_ENGAGEMENT_DATA,positive,0.9887,0.9887,0.0022,0.0091,joy,1
IG-000499,Pasha Nur Aziza,Halo saya punya masalah akun tiba tiba logout dan gabisa login karena harus pake kode login a2f yang ga pernah aku aktifin pake kode cadangan pun gatau sudah coba beberapa cara tetap tidak bisa login aku kasi bintang 5 kalo akun ku dah bisa login,,1,google_play_reviews,data/Review Instagram.csv,consumer_app_review,,,,,,246,246,45,45,5.47,0,0,0,0,1,0.0041,0,0,2,0.8,,,,,INSUFFICIENT_TEMPORAL_DATA,,,,,INSUFFICIENT_ENGAGEMENT_DATA,negative,0.8553,0.0065,0.1381,0.8553,surprise,1
IG-000500,Yudi Wirasena,"Iklan judi Online makin merajalela.Lelet sekali cuma muter2,saya pikir jaringan tempatku yang lelet,rupanya setelah baca komentar2 d sini, bnyk yg mengeluhkan jg, ternyata Lelet.",,1,google_play_reviews,data/Review Instagram.csv,consumer_app_review,,,,,,178,178,24,24,7.42,0,0,0,0,4,0.0225,0,0,2,1.0,,,,,INSUFFICIENT_TEMPORAL_DATA,,,,,INSUFFICIENT_ENGAGEMENT_DATA,negative,0.9967,0.0016,0.0018,0.9967,anger,0
IG-000501,Wong Sepele,"Ini kenapa akun ig ku kok gak bisa login malah disuruh banding,mana udah di banding malah gak masuk masuk.padahal itu akun ig awal saya mana banyak kenangan nya lagi tolong dong ini gimana solusi nya udah 1minggu lagi",,1,google_play_reviews,data/Review Instagram.csv,consumer_app_review,,,,,,217,217,38,38,5.71,0,0,0,0,1,0.0046,0,0,1,0.7895,,,,,INSUFFICIENT_TEMPORAL_DATA,,,,,INSUFFICIENT_ENGAGEMENT_DATA,negative,0.9919,0.0016,0.0064,0.9919,sadness,0
IG-000502,Rama Adi,"Setelah update aplikasi terbaru, justru respon membuka foto and video jadi lambat, bukan karena jaringan internet, ketika saya membuka aplikasi lain lancar jaya, namun ketika membuka instagram respon foto and video jadi lambat",,1,google_play_reviews,data/Review Instagram.csv,consumer_app_review,,,,,,226,226,33,33,6.85,0,0,0,0,1,0.0044,0,0,0,0.7273,,,,,INSUFFICIENT_TEMPORAL_DATA,,,,,INSUFFICIENT_ENGAGEMENT_DATA,negative,0.95,0.0159,0.0341,0.95,anger,0
IG-000503,Puji Laksono,"Untuk pihak ig tolong ya diperbaiki masalah di apk nya,saya mau daftar akun ig tiba tiba muncul tulisan ""halaman ini tidak tersedia"" tolong cepat diperbaiki ya terima kasih🙏",,1,google_play_reviews,data/Review Instagram.csv,consumer_app_review,,,,,,173,173,28,28,6.18,0,0,0,1,1,0.0058,0,0,0,0.8214,,,,,INSUFFICIENT_TEMPORAL_DATA,,,,,INSUFFICIENT_ENGAGEMENT_DATA,negative,0.7624,0.0033,0.2342,0.7624,surprise,1
IG-000504,ARIEF DHARMADI,"Algoritmanya gimana sih, konten akun saya gak pernah diboost, coba cek akun terasexperience kalau memang gak bervalue jgn diboost kontennya. At least kalau kontennya bervalue tolong boost kontennya setidaknya 1 konten its oke.",,4,google_play_reviews,data/Review Instagram.csv,consumer_app_review,,,,,,226,226,33,33,6.85,0,0,0,0,2,0.0088,0,0,1,0.8182,,,,,INSUFFICIENT_TEMPORAL_DATA,,,,,INSUFFICIENT_ENGAGEMENT_DATA,negative,0.5327,0.0362,0.4311,0.5327,anger,0
IG-000505,Qaishar Zhafir Afkar,"Saya senang menggunakan sosial media ini, akan tetapi saya sering menemukan bug terutama saat melihat postingan atau story Ig sepertinya itu saja terimakasih.",,4,google_play_reviews,data/Review Instagram.csv,consumer_app_review,,,,,,158,158,23,23,6.87,0,0,0,0,2,0.0127,0,0,0,0.9565,,,,,INSUFFICIENT_TEMPORAL_DATA,,,,,INSUFFICIENT_ENGAGEMENT_DATA,neutral,0.4493,0.1526,0.4493,0.3981,joy,1
IG-000506,Alcleandro C.N,"Semakin hari semakin jelek, sejak dulu hingga sekarang bug error login tidak pernah diselesaikan / dituntaskan. Selalu saja tidak bisa login, perkara sinyal jelek / tidak ada respon login...",,1,google_play_reviews,data/Review Instagram.csv,consumer_app_review,,,,,,190,190,29,29,6.55,0,0,0,0,2,0.0105,0,0,0,0.8621,,,,,INSUFFICIENT_TEMPORAL_DATA,,,,,INSUFFICIENT_ENGAGEMENT_DATA,negative,0.9928,0.0058,0.0014,0.9928,anger,1
IG-000507,Owen,tolong diperbaiki dong kenapa Instagram aku ga bisa post foto 16:9 dan ga bisa kolaborasi postingan😩😩😩 udah berkali-kali report problem tapi ga terselesaikan sampe sekarang,,3,google_play_reviews,data/Review Instagram.csv,consumer_app_review,,,,,,172,172,25,25,6.88,0,0,0,3,1,0.0058,0,0,3,0.88,,,,,INSUFFICIENT_TEMPORAL_DATA,,,,,INSUFFICIENT_ENGAGEMENT_DATA,negative,0.9334,0.0041,0.0625,0.9334,surprise,0
IG-000508,Dinda Putri,"Bagus apk nyaa.. Tapi tambahin efek nya dong biar mirip snow, sekarang jadi banyak yg pindah ke snow soalnya lebih cantik,bagus,dll. Jadi ubah yaa makasih 🙏🏻",,5,google_play_reviews,data/Review Instagram.csv,consumer_app_review,,,,,,157,157,26,26,6.04,0,0,0,2,3,0.0191,0,0,0,0.9615,,,,,INSUFFICIENT_TEMPORAL_DATA,,,,,INSUFFICIENT_ENGAGEMENT_DATA,neutral,0.4988,0.3054,0.4988,0.1958,joy,0
IG-000509,ENOS HAREFA PRODUCTION,Tolong dong buat instagram..... Setiap saya mengupload story.... Mau dia foto atau video selalu lag (lama) padahal sinyal saya bagus..... Tolong di perbaiki,,1,google_play_reviews,data/Review Instagram.csv,consumer_app_review,,,,,,156,156,23,23,6.78,0,0,0,0,4,0.0256,0,0,0,0.913,,,,,INSUFFICIENT_TEMPORAL_DATA,,,,,INSUFFICIENT_ENGAGEMENT_DATA,negative,0.9899,0.001,0.0091,0.9899,anger,0
IG-000510,Piraa,"perbaikan bug login, saya sudah sering tiba-tiba keluar sendiri dari akun saya. dan juga sandi yang sebelumnya tidak dapat dipakai, padahal saya tidak menganti sandi.",,1,google_play_reviews,data/Review Instagram.csv,consumer_app_review,,,,,,166,166,25,25,6.64,0,0,0,0,0,0.0,0,0,0,0.92,,,,,INSUFFICIENT_TEMPORAL_DATA,,,,,INSUFFICIENT_ENGAGEMENT_DATA,negative,0.5951,0.0024,0.4025,0.5951,anger,1
IG-000511,Imelda Chandra,Ini ig gimana ya kasih tautkan k fb kemarin-kemarin masih ada kolom log in with fb ini sekarang tidak ada lalu sy tdk bkn id sm pass kalau dak bisa konsisten jgn di buat seperti itu,,1,google_play_reviews,data/Review Instagram.csv,consumer_app_review,,,,,,181,181,36,36,5.03,0,0,0,0,1,0.0055,0,0,0,0.9167,,,,,INSUFFICIENT_TEMPORAL_DATA,,,,,INSUFFICIENT_ENGAGEMENT_DATA,negative,0.5611,0.0041,0.4348,0.5611,anger,0
IG-000512,Irsyad Badriyansyah,"Setelah di update ke versi terbaru jadi aneh, nonton reels cuma jalan sebentar abis itu macet, padahal jaringan lancar",,1,google_play_reviews,data/Review Instagram.csv,consumer_app_review,,,,,,118,118,19,19,6.21,0,0,0,0,1,0.0085,0,0,0,1.0,,,,,INSUFFICIENT_TEMPORAL_DATA,,,,,INSUFFICIENT_ENGAGEMENT_DATA,negative,0.9968,0.0006,0.0026,0.9968,anger,0
IG-000513,Alex Sandro,"Tolong instagram, tambahkan fitur meludah. Soalnya banyak konten2 yang mengundang ingin memukul, mencaci dan ingin menganu. Wkwkwkkwk",,5,google_play_reviews,data/Review Instagram.csv,consumer_app_review,,,,,,133,133,17,17,7.82,0,0,0,0,3,0.0226,0,0,1,0.9412,,,,,INSUFFICIENT_TEMPORAL_DATA,,,,,INSUFFICIENT_ENGAGEMENT_DATA,negative,0.9941,0.0025,0.0034,0.9941,anger,1
IG-000514,Rizkia Rizkia,"bagus si cuman perbaiki bug nya ya seperti repost story jg lagu nya g muncul, untuk aplikasi baguss aj cmn perbaiki bug ny ajaa",,4,google_play_reviews,data/Review Instagram.csv,consumer_app_review,,,,,,127,127,24,24,5.29,0,0,0,0,0,0.0,0,0,0,0.875,,,,,INSUFFICIENT_TEMPORAL_DATA,,,,,INSUFFICIENT_ENGAGEMENT_DATA,negative,0.9452,0.0077,0.0471,0.9452,joy,0
IG-000515,Suwandi Zull,"Tolong di perbaiki lah,masa buat nonton video ngelag parah sampai tidak terbuka kadang. Pakai vpn baru lancar buka reels",,2,google_play_reviews,data/Review Instagram.csv,consumer_app_review,,,,,,120,120,19,19,6.32,0,0,0,0,2,0.0167,0,0,0,1.0,,,,,INSUFFICIENT_TEMPORAL_DATA,,,,,INSUFFICIENT_ENGAGEMENT_DATA,negative,0.9958,0.0008,0.0035,0.9958,anger,0
IG-000516,Nabilah Khairunnisa,"Sudah berapa hari instagram saya error, postingan, story, akun semuanya loading lama banget, padahal kuota banyak, jaringan bagus. Tolong segera diperbaiki. Terimakasih",,1,google_play_reviews,data/Review Instagram.csv,consumer_app_review,,,,,,168,168,22,22,7.64,0,0,0,0,3,0.0179,0,0,0,1.0,,,,,INSUFFICIENT_TEMPORAL_DATA,,,,,INSUFFICIENT_ENGAGEMENT_DATA,negative,0.9766,0.001,0.0224,0.9766,anger,1
IG-000517,yudha iswanto,"Busukk. Semakin berat, internet lancarpun tetap berat, padahal aplikasi laen lancar jaya. Loading doang di semua menu haha, kusut",,1,google_play_reviews,data/Review Instagram.csv,consumer_app_review,,,,,,129,129,19,19,6.79,0,0,0,0,3,0.0233,0,0,0,0.9474,,,,,INSUFFICIENT_TEMPORAL_DATA,,,,,INSUFFICIENT_ENGAGEMENT_DATA,negative,0.9981,0.0009,0.001,0.9981,anger,0
IG-000518,rustandiss,"instagram sekarang sering terjadi kesalahan saat memberi like reels atau like postingan,akibatnya akun saya diblokir tidak bisa like,saya memakai aplikasi instagram resmi tolong perbaiki",,5,google_play_reviews,data/Review Instagram.csv,consumer_app_review,,,,,,186,186,24,24,7.75,0,0,0,0,0,0.0,0,0,0,0.9167,,,,,INSUFFICIENT_TEMPORAL_DATA,,,,,INSUFFICIENT_ENGAGEMENT_DATA,negative,0.971,0.0021,0.0269,0.971,anger,1
IG-000519,CNC Cole Angelo,"Tolong banget nih kalo ni app minta update bisa kasih notif aja nggak ? Masa pake ig tiba tiba error sendiri padahal sinyal lancar switch account bisa ternyata masalahnya cuma belum update kan Tolol, Belum lagi tiba-tiba upload story gak bisa nyari musik, ayolah...",,1,google_play_reviews,data/Review Instagram.csv,consumer_app_review,,,,,,265,265,44,44,6.02,0,0,0,0,4,0.0151,0,1,0,0.8864,,,,,INSUFFICIENT_TEMPORAL_DATA,,,,,INSUFFICIENT_ENGAGEMENT_DATA,negative,0.9899,0.0013,0.0088,0.9899,surprise,0
IG-000520,Nur Zahra Lutfia,"Instagram tolong jangan hapus archive story. Tolong berhenti membuat fitur baru yang tidak berguna dan tetap pertahankan fitur yabg ada sekarang. Padahal archive story adalah fitur keunggulan Instagram, sebagai pengguna Instagram saya akan merasa sangat kecewa jika itu dihilangkan.",,2,google_play_reviews,data/Review Instagram.csv,consumer_app_review,,,,,,282,282,39,39,7.23,0,0,0,0,5,0.0177,0,0,0,0.8718,,,,,INSUFFICIENT_TEMPORAL_DATA,,,,,INSUFFICIENT_ENGAGEMENT_DATA,negative,0.9964,0.0027,0.0009,0.9964,sadness,1
IG-000521,Asiyah putri Permatasari,"saya mohon fitur arsip di ig jangan dihapus, disitu tempat kami menaruh semua kenangan, justru tambah kan fitur² yg relevan yg dapat digunakan untuk menaruh memori dan kenangan yg lama, maaf..bukan malah membuat fitur² yg tidak berguna.",,3,google_play_reviews,data/Review Instagram.csv,consumer_app_review,,,,,,236,236,37,37,6.38,0,0,0,0,0,0.0,0,0,0,0.8649,,,,,INSUFFICIENT_TEMPORAL_DATA,,,,,INSUFFICIENT_ENGAGEMENT_DATA,negative,0.6364,0.0295,0.3341,0.6364,sadness,1
IG-000522,Syahira Aryanti,"Gimana sih,aplikasi ga jelas, masa aku udah jelas jelas pencet ""cerita anda"" tiba tiba ga ke upload dan tiba tiba lagsung ke hapus, padahal bagus banget, KESEL BANGET.",,1,google_play_reviews,data/Review Instagram.csv,consumer_app_review,,,,,,167,167,28,28,5.96,0,0,0,0,12,0.0719,0,0,0,0.7857,,,,,INSUFFICIENT_TEMPORAL_DATA,,,,,INSUFFICIENT_ENGAGEMENT_DATA,negative,0.9979,0.0009,0.0012,0.9979,surprise,0
IG-000523,Putri Handayani,"Ini instagram kenapa sih? Setiap mau liat komen gak bisa mulu, komen bejibun pas mau di buka gak adaan, ngeselin banget udah dua kali di update juga. Jelek jelek jelek.",,1,google_play_reviews,data/Review Instagram.csv,consumer_app_review,,,,,,168,168,30,30,5.6,0,0,0,0,3,0.0179,0,1,0,0.8333,,,,,INSUFFICIENT_TEMPORAL_DATA,,,,,INSUFFICIENT_ENGAGEMENT_DATA,negative,0.9959,0.0032,0.001,0.9959,anger,0
IG-000524,Rizal Arief,"sudah pakai instagram lumayan lama,mengapa fitur Arsip Video di rubah menjadi semacam foto screen shot? kita sengaja mengarsip video atau foto kita agar tetap tersimpan, kenapa mengecewakan kami?",,1,google_play_reviews,data/Review Instagram.csv,consumer_app_review,,,,,,195,195,28,28,6.96,0,0,0,0,2,0.0103,0,2,0,0.8929,,,,,INSUFFICIENT_TEMPORAL_DATA,,,,,INSUFFICIENT_ENGAGEMENT_DATA,negative,0.9962,0.0013,0.0025,0.9962,surprise,1
IG-000525,NM 7X,"Setelah di update saat melihat story kok kualitas fotonya berkurang dan agak ngezoom dikit ya mohon di perbaiki ke semula, tidak nyaman untuk di pandang.",,1,google_play_reviews,data/Review Instagram.csv,consumer_app_review,,,,,,153,153,25,25,6.12,0,0,0,0,1,0.0065,0,0,0,0.92,,,,,INSUFFICIENT_TEMPORAL_DATA,,,,,INSUFFICIENT_ENGAGEMENT_DATA,negative,0.997,0.0016,0.0014,0.997,surprise,0
IG-000526,Khanifah Hidayati,"Ini saya kasih 2 knp karna kok di kamera ig sya gk ad stikernya nah gm. Tuh cba klo itu,tolong di perbaiki lebih mantep lgi biar banyak yng dowlot pokoknya mntep jadi cmn itu aj kok oke bay semuanya",,5,google_play_reviews,data/Review Instagram.csv,consumer_app_review,,,,,,198,198,39,39,5.08,0,0,0,0,2,0.0101,0,0,1,0.9487,,,,,INSUFFICIENT_TEMPORAL_DATA,,,,,INSUFFICIENT_ENGAGEMENT_DATA,negative,0.914,0.0436,0.0425,0.914,surprise,0
IG-000527,Denis Bogagmail,"Aplikasi sampah tak berguna,saya pengguna IG sejak tahun 2012,baru kali ini akun saya di blokir dengan alasan pelanggaran komunitas,salah saya apa ? saya tidak posting yg berbau pornografi,sebab semua yg saya posting di IG gambar gambar animasi alam,hewan dan seni,dasar bodoh lu semua....!!!!!!!! copot pemasangan ga guna ni aplikasi.",,1,google_play_reviews,data/Review Instagram.csv,consumer_app_review,,,,,,335,335,49,49,6.84,0,0,0,0,5,0.0149,8,1,4,0.8367,,,,,INSUFFICIENT_TEMPORAL_DATA,,,,,INSUFFICIENT_ENGAGEMENT_DATA,negative,0.9979,0.0011,0.0011,0.9979,anger,1
IG-000528,Trisyahfri Harpanta A.A,"Tolong buat team atau pihak instagram,kenapa di akun instagram saya tidak bisa menggunakan fitur live stereaming pernyatanya, akun anda tidak memenuhi syarat padahal saya tidak pernah melakukan pelanggaran,jadi mohon di pertinjau kembali",,1,google_play_reviews,data/Review Instagram.csv,consumer_app_review,,,,,,237,237,32,32,7.41,0,0,0,0,1,0.0042,0,0,0,0.8438,,,,,INSUFFICIENT_TEMPORAL_DATA,,,,,INSUFFICIENT_ENGAGEMENT_DATA,neutral,0.6716,0.01,0.6716,0.3184,neutral,1
IG-000529,okta viani,"ig skrng malah bnyk bug nyy dan jg baru sekali mengikuti seseorang pas mauu mengikuti lgii gabisa kena limitt ,, tolong pembaruan nyy dong jngn limit mulu",,1,google_play_reviews,data/Review Instagram.csv,consumer_app_review,,,,,,154,154,27,27,5.7,0,0,0,0,0,0.0,0,0,0,0.9259,,,,,INSUFFICIENT_TEMPORAL_DATA,,,,,INSUFFICIENT_ENGAGEMENT_DATA,negative,0.9881,0.0011,0.0108,0.9881,anger,0
IG-000530,St aisyah_023,"Tidak bisa login padahal kata sandi sdh benar username juga, selalu ada pemberitahuan kata sandi salah tp dihp lain bisa, tolong ditanggapi dengan baik apa yg menyebabkan hal itu",,1,google_play_reviews,data/Review Instagram.csv,consumer_app_review,,,,,,178,178,29,29,6.14,0,0,0,0,1,0.0056,0,0,0,0.931,,,,,INSUFFICIENT_TEMPORAL_DATA,,,,,INSUFFICIENT_ENGAGEMENT_DATA,negative,0.7713,0.0031,0.2257,0.7713,anger,1
IG-000531,Mokhamad Rezza,"ngelag parah udh 2 hr, koneksi internet bagus, dipake browsing lancar, cm di aplikasi pny meta aja ngelag parah.....akun ane bbrp kali kena blokir, entah apa alasannya pdhl gk dipake nyepam atau yg aneh2",,1,google_play_reviews,data/Review Instagram.csv,consumer_app_review,,,,,,203,203,34,34,5.97,0,0,0,0,0,0.0,0,0,2,0.9412,,,,,INSUFFICIENT_TEMPORAL_DATA,,,,,INSUFFICIENT_ENGAGEMENT_DATA,negative,0.993,0.0011,0.006,0.993,anger,0
IG-000532,hudzaifah tsaabit73,"Semenjak update yang terbaru ini, malah makin lemot, di beranda buffering semua, apalagi di pencarian.. Tolong pihak yang bersangkutan untuk memperbaiki bug yang terjadi, terima kasih",,3,google_play_reviews,data/Review Instagram.csv,consumer_app_review,,,,,,183,183,26,26,7.04,0,0,0,0,2,0.0109,0,0,0,0.8846,,,,,INSUFFICIENT_TEMPORAL_DATA,,,,,INSUFFICIENT_ENGAGEMENT_DATA,negative,0.9917,0.0018,0.0065,0.9917,joy,0
IG-000533,Yunus Sinay,"Tolong bgt apk in sgtlah bagus tapi jangan hilangin arsip plis lah Instagram banyak foto dan video momen yg tidak bisa kita ulangi, dengan arsip kita dapat melihat dan mengenang kembali foto"" lama kita",,5,google_play_reviews,data/Review Instagram.csv,consumer_app_review,,,,,,201,201,34,34,5.91,0,0,0,0,2,0.01,0,0,0,0.8824,,,,,INSUFFICIENT_TEMPORAL_DATA,,,,,INSUFFICIENT_ENGAGEMENT_DATA,negative,0.8848,0.0994,0.0158,0.8848,joy,1
IG-000534,Melisa,Tlong lah udh brkali2 nglporin gk ada balesan knpa gabisa liat story orang cuma loading trus aplg pas nnton reels cuma muter2 doang pdhl Kouta sinyal ada bgus2 gliran buka apk lain lncar2 aja cuma Ig doang yg bug ini gmn tlong yaaa!!! GK nyaman bgt,,2,google_play_reviews,data/Review Instagram.csv,consumer_app_review,,,,,,248,248,46,46,5.39,0,0,0,0,5,0.0202,3,0,4,0.8696,,,,,INSUFFICIENT_TEMPORAL_DATA,,,,,INSUFFICIENT_ENGAGEMENT_DATA,negative,0.996,0.0021,0.002,0.996,joy,0
IG-000535,- via,Tolong dong jangan suka nambahin fitur yang ga berguna🙏🏻 salah satu nya delete archive. Saya bukan tipe orang yang suka taro video di feeds. Saya lebih suka di story dan saya bikin highlight. Niat hati pengen di jadiin kenangan.. eh malah mau di apus🫠 padahal saya suka banget sama aplikasi instagram ( tanpa fitur fitur yang ngacoo ),,5,google_play_reviews,data/Review Instagram.csv,consumer_app_review,,,,,,334,334,58,58,5.76,0,0,0,3,4,0.012,0,0,0,0.7759,,,,,INSUFFICIENT_TEMPORAL_DATA,,,,,INSUFFICIENT_ENGAGEMENT_DATA,negative,0.8692,0.0948,0.0361,0.8692,joy,1
IG-000536,Maya Yuliana,"Makin kesini makin agak lain instagram ini, pertemanan dibatasi terusssssssss, udah dilaporkan masalah yang sama berulang² masih aja gak di perbaiki, saya gak suka instagram ini, mending copot aja, nyesel download nya, gak bisa interaksi sama akun² baru lainnya.",,1,google_play_reviews,data/Review Instagram.csv,consumer_app_review,,,,,,262,262,39,39,6.72,0,0,0,0,1,0.0038,0,0,0,0.8462,,,,,INSUFFICIENT_TEMPORAL_DATA,,,,,INSUFFICIENT_ENGAGEMENT_DATA,negative,0.9942,0.0023,0.0035,0.9942,joy,0
IG-000537,Candra Gunawan,"Halo kenapa fitur profile music ga ada diakun utama aku ya?? Tapi di akun yang lain aku malah ada tolong fix...... Padahal udah diupdate terus, tetep aja masi ga ada.... , ini bug atau apa? Kadang muncul kadang ilang lagi fiturnyaaaaa",,2,google_play_reviews,data/Review Instagram.csv,consumer_app_review,,,,,,234,234,41,41,5.71,0,0,0,0,4,0.0171,0,3,0,0.9024,,,,,INSUFFICIENT_TEMPORAL_DATA,,,,,INSUFFICIENT_ENGAGEMENT_DATA,negative,0.9773,0.0024,0.0203,0.9773,surprise,0
IG-000538,Elsa Saputri,"ini ig mau di update terus sampe kapan sih, ada aja masalahnya. sekarang gamau update ig nanti arsip storynya ilang. udah bener bener fitur yg tersedia sekarang malah diupdate terus. kalo update fiturnya makin bagus mah gapapa ini malah kualitasnya menurun",,1,google_play_reviews,data/Review Instagram.csv,consumer_app_review,,,,,,256,256,41,41,6.24,0,0,0,0,0,0.0,0,0,0,0.8293,,,,,INSUFFICIENT_TEMPORAL_DATA,,,,,INSUFFICIENT_ENGAGEMENT_DATA,negative,0.9955,0.0031,0.0014,0.9955,joy,0
IG-000539,Hastina,"Please. Untuk fitur hapus cerita/snapgram, bisa nggak kalau hapus cerita/snapgram itu tetap tersimpan di arsip cerita, bukan malah ke ruangan ""baru saja dihapus"". Buat sbagian orng itu ribet. Tolong dong penanganannya🙏🙏",,1,google_play_reviews,data/Review Instagram.csv,consumer_app_review,,,,,,219,219,31,31,7.06,0,0,0,2,4,0.0183,0,0,0,0.9355,,,,,INSUFFICIENT_TEMPORAL_DATA,,,,,INSUFFICIENT_ENGAGEMENT_DATA,negative,0.7188,0.0145,0.2667,0.7188,anger,0
IG-000540,Ata Atana,bisa gak sih kalo update tuh yang jelas ini update tiba² besok nya ilang. fitur musik yang di profil juga gak ada di akun ku terus juga fitur musik yang baru itu juga gak ada di akun ku tolong lah kalo update tu merata padahal aku gak punya akun ke 2 harusnya semua fitur ada di akun ku.,,1,google_play_reviews,data/Review Instagram.csv,consumer_app_review,,,,,,287,287,58,58,4.95,0,0,0,0,0,0.0,0,0,1,0.6207,,,,,INSUFFICIENT_TEMPORAL_DATA,,,,,INSUFFICIENT_ENGAGEMENT_DATA,negative,0.6563,0.0121,0.3316,0.6563,anger,0
IG-000541,Rahmad Fajar,"Kenapa sekarang semua jadi rels, foto sama vidio biasa diklik jadi rels. Enakan dulu bisa liat foto terus kebawah ketata rapi kalo buka sepak bola scrol sampe bawah postingan bola, buka otomotif scrol sampe bawah otomotif. Sekarang apa2 jadi rels, buka sepak bola scrol bawah udah rels random semua isinya",,1,google_play_reviews,data/Review Instagram.csv,consumer_app_review,,,,,,305,305,50,50,6.1,0,0,0,0,3,0.0098,0,0,1,0.7,,,,,INSUFFICIENT_TEMPORAL_DATA,,,,,INSUFFICIENT_ENGAGEMENT_DATA,negative,0.9589,0.0282,0.0129,0.9589,surprise,0
IG-000542,Meieva Mei,"kenapa ya Instagram story selalu ada tulisan ""cerita tidak tersedia"" kalo cuma 1 atau 2 itu its oke lah, ini banyak bngt yg bikin story tpi klo di buka selalu muncul tulisan kya gitu. tolong diperbaiki lagi ya",,3,google_play_reviews,data/Review Instagram.csv,consumer_app_review,,,,,,209,209,38,38,5.5,0,0,0,0,1,0.0048,0,0,2,0.8947,,,,,INSUFFICIENT_TEMPORAL_DATA,,,,,INSUFFICIENT_ENGAGEMENT_DATA,negative,0.9882,0.0076,0.0041,0.9882,surprise,0
IG-000543,Nadilla Lutfiani,"no, harus diperbaiki. setiap mau ngepost story instagram, pasti ada tulisan ""kesalahan"" dan berujung gabisa diposting. ini harus diperbaiki, soalnya ngeganggu dan bikin emosi banget. sampe nangis emosinya, gabisa diposting. kenapa ya ig sekarang?",,2,google_play_reviews,data/Review Instagram.csv,consumer_app_review,,,,,,246,246,34,34,7.24,0,0,0,0,0,0.0,0,1,0,0.8824,,,,,INSUFFICIENT_TEMPORAL_DATA,,,,,INSUFFICIENT_ENGAGEMENT_DATA,negative,0.9963,0.0023,0.0014,0.9963,surprise,0
IG-000544,Rosdiana,"saya kasih bintang 5 tapi mohon jngan hapus fitur archive/ arsip yang ada di Instagram. soalnya itu sangat penting bagi saya mngkin di orang lain juga, karena dpt menyimpan kenangan (bkn hanya tntng mantan kekasih) melainkan kenangan bersama keluarga, teman, kerabat, sahabat yg udah ga bisa/mngkin udah ga bisa kmbli diulang kejadian tersebut. Saya hanya minta itu saya. krna saya jga tertarik pd Instagram karena ada fitur arsip/ archive nya. untk lain nya menurut saya udah bagus👍🏻👍🏻",,5,google_play_reviews,data/Review Instagram.csv,consumer_app_review,,,,,,486,486,77,77,6.31,0,0,0,4,3,0.0062,0,0,1,0.8052,,,,,INSUFFICIENT_TEMPORAL_DATA,,,,,INSUFFICIENT_ENGAGEMENT_DATA,positive,0.6122,0.6122,0.2819,0.1059,sadness,1
IG-000545,Zio Aliandra,"Aplikasi ig sekarang sudah jelek masa iya bikin akun kedua gak bisa. Kalo updatenya cuma bikin pengguna kecewa mending gausah update, buang buang duit aja tau gak. Paham konsep gak sih!!!!!.",,1,google_play_reviews,data/Review Instagram.csv,consumer_app_review,,,,,,190,190,31,31,6.13,0,0,0,0,3,0.0158,5,0,0,0.9032,,,,,INSUFFICIENT_TEMPORAL_DATA,,,,,INSUFFICIENT_ENGAGEMENT_DATA,negative,0.9974,0.0015,0.0011,0.9974,anger,0
IG-000546,Ryan Patric John,Setiap posting foto sekarang knp jadi gak bisa lagi fitur landscape pada semua nya harus fitur potrait 😠 Tolong di perbaiki apk Instagram nya semakin lama semakin di update malah kek ngebung kya begini sialan 😡🤬 sama juga kalo mau me repost tag orang gak ada musik nya,,1,google_play_reviews,data/Review Instagram.csv,consumer_app_review,,,,,,268,268,48,48,5.58,0,0,0,3,3,0.0112,0,0,0,0.875,,,,,INSUFFICIENT_TEMPORAL_DATA,,,,,INSUFFICIENT_ENGAGEMENT_DATA,negative,0.9647,0.0071,0.0282,0.9647,anger,0
IG-000547,Risky Dita Saputri,"ARCHIVE STORY ADALAH SEGALA-GALANYA BUAT AKU. Archive ku ada beberapa yang tidak bisa ke buka. SEDIH BANGET, padahal sengaja aku taruh di instagram biar awett, nangis banget kalau hilang semua😔 PLEASE INSTAGRAM, DON'T DO THAT‼️‼️😔😔",,1,google_play_reviews,data/Review Instagram.csv,consumer_app_review,,,,,,231,231,35,35,6.6,0,0,0,3,75,0.3247,0,0,0,0.9714,,,,,INSUFFICIENT_TEMPORAL_DATA,,,,,INSUFFICIENT_ENGAGEMENT_DATA,negative,0.7649,0.1592,0.076,0.7649,sadness,0
IG-000548,Susanti Kasim,sebenarnya ig lagi kenapa sih?kok setiap mau upload foto atau video di instastory selalu muncul kesalahan apalagi apklikasi ig udah diupdate!!!!???,,1,google_play_reviews,data/Review Instagram.csv,consumer_app_review,,,,,,147,147,21,21,7.0,0,0,0,0,0,0.0,4,4,0,0.9524,,,,,INSUFFICIENT_TEMPORAL_DATA,,,,,INSUFFICIENT_ENGAGEMENT_DATA,negative,0.984,0.0015,0.0145,0.984,surprise,0
IG-000549,Nita,"Sekarang kalau mau posting foto lebih dari 1 ada semacam info untuk mengizinkan atau tidaknya orang lain untuk menambahkan ke postingan ini yg bener"" udah ngerusak algoritma postingan bener"" ga baguss bangett, jadi ngerusak tampilan postingan, mohon untuk di hilangkan saja karna, di klik maupun engga itu tetep ngerusak tampilan foto yg di posting, terimakasii",,1,google_play_reviews,data/Review Instagram.csv,consumer_app_review,,,,,,361,361,55,55,6.56,0,0,0,0,1,0.0028,0,0,1,0.8,,,,,INSUFFICIENT_TEMPORAL_DATA,,,,,INSUFFICIENT_ENGAGEMENT_DATA,negative,0.9807,0.0138,0.0055,0.9807,anger,0
IG-000550,MUZAKKI ACHMAD Z,foto lama di arsip tiba-tiba hilang dan dihapus oleh Instagram sering terjadi bug pengikut tiba-tiba turun sendiri banyak update meta tapi bug belum di perbaiki.🤬🤬,,3,google_play_reviews,data/Review Instagram.csv,consumer_app_review,,,,,,163,163,25,25,6.52,0,0,0,2,1,0.0061,0,0,0,0.88,,,,,INSUFFICIENT_TEMPORAL_DATA,,,,,INSUFFICIENT_ENGAGEMENT_DATA,negative,0.9071,0.006,0.0869,0.9071,sadness,0
IG-000551,35 Mochamad Dava Wardana,"Aplikasi ini sangat susah dan merepotkan, disaat ingin memposting sorotan kenapa harus posting cerita dulu, kalau memposting cerita bingkai nya jadi mengecil, itu sangat jelek sekali",,1,google_play_reviews,data/Review Instagram.csv,consumer_app_review,,,,,,182,182,26,26,7.0,0,0,0,0,1,0.0055,0,0,0,0.8846,,,,,INSUFFICIENT_TEMPORAL_DATA,,,,,INSUFFICIENT_ENGAGEMENT_DATA,negative,0.9971,0.002,0.0009,0.9971,anger,1
IG-000552,Yusa Setia Budi,"10 tahun main Instagram tiba tiba akun ditangguhkan, alasannya terkait identitas palsu / berpura pura jadi orang lain. Padahal gak pernah ganti username, banyak postingan foto pribadi, sudah tertaut FB & WA. Itu tandanya sudah tidak diperkenankan main Instagram lagi, ya sudah auto uninstall",,1,google_play_reviews,data/Review Instagram.csv,consumer_app_review,,,,,,291,291,44,44,6.61,0,0,0,0,8,0.0275,0,0,2,0.8864,,,,,INSUFFICIENT_TEMPORAL_DATA,,,,,INSUFFICIENT_ENGAGEMENT_DATA,neutral,0.5015,0.008,0.5015,0.4905,surprise,1
IG-000553,Nurrohma Febriyani,"Saya menjamin jika anda menghilangkan seluruh memori arsip Instagram kamu akan bangkrut sejadi jadinya karena kami peminat Instagram karena fitur itu yang paling penting. Lebih baik kamu hapus catatan karena itu tidak penting!! Buatlah fitur yang berguna, bermanfaat dan membuat orang tertarik. Jangan membuat fitur asal-asalan apalagi fitur penting mau di hapus 100% ga akan ada lagi peminat Instagram.",,2,google_play_reviews,data/Review Instagram.csv,consumer_app_review,,,,,,403,403,59,59,6.83,0,0,0,0,7,0.0174,2,0,3,0.7797,,,,,INSUFFICIENT_TEMPORAL_DATA,,,,,INSUFFICIENT_ENGAGEMENT_DATA,negative,0.9216,0.0712,0.0072,0.9216,anger,1
IG-000554,Indy Putri irawan,"Instagram kenapa sih notifikasi ga pernah tepat waktu?? Padahal udah diatur supaya semua notifnya aktif,kalau telat 1 atau 2 menit sih wajar tapi ini sampai ½ jam,bahkan sampai ga dapat notif mending tingkatkan instagram daripada menambah aplikasi threads,karna menurut saya orang-orang jarang menggunakan threads",,2,google_play_reviews,data/Review Instagram.csv,consumer_app_review,,,,,,313,313,44,44,7.11,0,0,0,0,2,0.0064,0,2,2,0.9091,,,,,INSUFFICIENT_TEMPORAL_DATA,,,,,INSUFFICIENT_ENGAGEMENT_DATA,negative,0.9212,0.034,0.0448,0.9212,surprise,0
IG-000555,Shidqi Ryza Nugraha,"Pada versi sebelumnya, saya bisa share reels dengan tampilan terbaru yg utuh, tetapi pada versi terbaru menjadi tidak bisa & kembali ke tampilan lama. Sayang sekali, padahal saya lebuh menyukai tampilan terbaru.",,3,google_play_reviews,data/Review Instagram.csv,consumer_app_review,,,,,,211,211,32,32,6.59,0,0,0,0,2,0.0095,0,0,0,0.7812,,,,,INSUFFICIENT_TEMPORAL_DATA,,,,,INSUFFICIENT_ENGAGEMENT_DATA,positive,0.7419,0.7419,0.0158,0.2423,sadness,1
IG-000556,NurFitri Asma,Instagram sekarang aneh yaa.. follow/follback gak banyak² amat paling banyak saya follow orang cuma 5 per hari nya..tapi di batasi Saya udah ganti akun instagramnya 3 kali karena di nonaktifkan secara tiba-tiba karena follow Ig orang yang gak banyak² amat Kecewa 100% sama Instagram sekarang Tolong dong perbaiki lagi Instagram nya,,1,google_play_reviews,data/Review Instagram.csv,consumer_app_review,,,,,,331,331,51,51,6.49,0,0,0,0,7,0.0211,0,0,5,0.7843,,,,,INSUFFICIENT_TEMPORAL_DATA,,,,,INSUFFICIENT_ENGAGEMENT_DATA,negative,0.9908,0.0029,0.0063,0.9908,sadness,0
IG-000557,Naufal Yahya,"Mohon kepada pihak instagram agar bug loading saat reset passwordnya diperbaiki. Karena ketika saya menerima email dari instagram untuk reset password, saya sudah memasuki link reset password tersebut, namun setelah masuk, loadingnya lama sekali dan tidak ada perubahan sama sekali. Mohon untuk segera diperbaiki karena saya ingin menghapus akun Instagram saya",,1,google_play_reviews,data/Review Instagram.csv,consumer_app_review,,,,,,360,360,51,51,7.06,0,0,0,0,4,0.0111,0,0,0,0.8039,,,,,INSUFFICIENT_TEMPORAL_DATA,,,,,INSUFFICIENT_ENGAGEMENT_DATA,negative,0.8085,0.0189,0.1725,0.8085,anger,1
IG-000558,Maz Yopan,"Maaf sebelumnya kenapa upload insta story selalu gagal terus, padahal jaringan wifi atau data seluler masih lancar, mohon untuk memperbaiki bug pada insta story agar bisa terkirim Insta story nya 🙏🏼🙏🏼🙏🏼",,1,google_play_reviews,data/Review Instagram.csv,consumer_app_review,,,,,,202,202,31,31,6.52,0,0,0,6,2,0.0099,0,0,0,0.871,,,,,INSUFFICIENT_TEMPORAL_DATA,,,,,INSUFFICIENT_ENGAGEMENT_DATA,neutral,0.7672,0.0087,0.7672,0.2241,surprise,0
IG-000559,Rendy Firmansyah Haris R,"Ada bug untuk pada device Samsung a35,a54 dst,,, ketika memakai filter kamera menjadi berkedip.... Mohon solusinya.... Bug dari Instagram atau dari OS Samsung nya kurang tahu",,5,google_play_reviews,data/Review Instagram.csv,consumer_app_review,,,,,,174,174,26,26,6.69,0,0,0,0,8,0.046,0,0,4,0.8846,,,,,INSUFFICIENT_TEMPORAL_DATA,,,,,INSUFFICIENT_ENGAGEMENT_DATA,negative,0.8898,0.0027,0.1075,0.8898,anger,1
IG-000560,Almira Tsania Aflah,"kenapa bbrpa kali buat snapgram menggunakan grid, tulisan, lagu dan dengan tambahan fitur2 lainnya saat di up selalu kesalahan dan otomatis terhapus pdhal dah kita edit sedemikian rupa",,2,google_play_reviews,data/Review Instagram.csv,consumer_app_review,,,,,,184,184,28,28,6.57,0,0,0,0,0,0.0,0,0,1,0.9643,,,,,INSUFFICIENT_TEMPORAL_DATA,,,,,INSUFFICIENT_ENGAGEMENT_DATA,negative,0.8709,0.019,0.11,0.8709,surprise,0
IG-000561,Alan Budi Kusuma,"Saya memposting sesuatu di Instagram supaya bisa mengenang momen"" nya. Makannya tolong batalkan tentang penghapusan arsip di Instagram. Karna itu akan membuat banyak orang yang kecewa, dan mungkin tidak ingin lagi mengunggah apa"" di Instagram",,1,google_play_reviews,data/Review Instagram.csv,consumer_app_review,,,,,,242,242,35,35,6.91,0,0,0,0,6,0.0248,0,0,0,0.9143,,,,,INSUFFICIENT_TEMPORAL_DATA,,,,,INSUFFICIENT_ENGAGEMENT_DATA,negative,0.9951,0.0031,0.0018,0.9951,anger,1
IG-000562,Michael Frily,"niat ga sih? bukan nya makin maju malah makin ngaco ! gue cuman mau bikin akun baru, muncul terus tulisan ""harap tunggu beberapa menit sebelum mencoba lagi"" heyyy? saya nunggu lama tapi hasil nya tulisan nya gitu mulu... gue tunggu sampai 3 hari lebih buat nyoba buat masih aja yang muncul tulisan itu... lalu juga buat mulihin akun sedikit"" ada masalah, gue juga cuman mau riset sandi akun gue yang ilang heyy masih aja tulisan ada masalah mau sampai kapan?? gue saranin perbaikin lagi apk nya.",,3,google_play_reviews,data/Review Instagram.csv,consumer_app_review,,,,,,495,495,86,86,5.76,0,0,0,0,0,0.0,1,4,1,0.7093,,,,,INSUFFICIENT_TEMPORAL_DATA,,,,,INSUFFICIENT_ENGAGEMENT_DATA,negative,0.9777,0.0099,0.0124,0.9777,anger,0
IG-000563,Gia suciani,"Sejauh ini saya pengguna instagram yg cukup lama,tapi ketika ada pembaharuan fitur font di akun saya,selalu tidak muncul,padahal sudah saya update di playstore.Sudah saya cba log out dahulu dan sudah saya coba hapus aplikasinya,namun hasilnya sama",,3,google_play_reviews,data/Review Instagram.csv,consumer_app_review,,,,,,247,247,36,36,6.86,0,0,0,0,2,0.0081,0,0,0,0.8611,,,,,INSUFFICIENT_TEMPORAL_DATA,,,,,INSUFFICIENT_ENGAGEMENT_DATA,neutral,0.68,0.0257,0.68,0.2943,neutral,1
IG-000564,Wildan Anugrah Pratama,"Saya kasih bintang 5 karena fitur nya sudah sangat bagus, dan tolong untuk tingkatkan terus saran saya tolong adakan fitur yang bisa melihat orang lain itu follow ga akun kita, atau unfollow serta tolong hapus centang biru bagi orang yang bukan publik figure karena centang biru itu hanya bisa didapatkan oleh orang yang memang benar benar membutuhkannya, seperti artis, aktor/aktris, dan lembaga lembaga yang sudah resmi Terimakasih sebelumnya",,5,google_play_reviews,data/Review Instagram.csv,consumer_app_review,,,,,,444,444,68,68,6.53,0,0,0,0,2,0.0045,0,0,1,0.7353,,,,,INSUFFICIENT_TEMPORAL_DATA,,,,,INSUFFICIENT_ENGAGEMENT_DATA,negative,0.5263,0.1871,0.2866,0.5263,anger,1
IG-000565,pan pan,"ig kenapa si? kok saya gabisa ngeliat sg orng' ya? malah ada tulisan 'cerita ini tidak tersedia' pas saya mau ngeliat sg orng', kenapa ini? bug kah? tolong perbaiki lagi 🙏🏻 seharusnya semakin di update semakin bagus, bukannya semakin di update malah semakin rusak. TOLONG DI PERBAIKI LAGI PIHAK IG.",,1,google_play_reviews,data/Review Instagram.csv,consumer_app_review,,,,,,298,298,50,50,5.96,0,0,0,2,27,0.0906,0,4,0,0.72,,,,,INSUFFICIENT_TEMPORAL_DATA,,,,,INSUFFICIENT_ENGAGEMENT_DATA,negative,0.9876,0.0015,0.0109,0.9876,surprise,0
IG-000566,Fitri Cirebon,"Tolong di perbaiki ya, kenapa sudah beberapa hari ini ketika saya sedang membuka apk Instagram terus tiba tiba dia berhenti dan keluar dengan sendiri nya, macet pdahal sudah saya perbaiki.. tolong ya di perbaiki kembali",,4,google_play_reviews,data/Review Instagram.csv,consumer_app_review,,,,,,219,219,35,35,6.26,0,0,0,0,2,0.0091,0,0,0,0.8286,,,,,INSUFFICIENT_TEMPORAL_DATA,,,,,INSUFFICIENT_ENGAGEMENT_DATA,negative,0.9941,0.0014,0.0044,0.9941,surprise,1
IG-000567,Ines Ines,"Instagram sudah bagus, tapi seharian ini story saya terus terkena pelanggaran dengan alasan tidak masuk akal. Itu hanca lelucon. Saya merasa kecewa karena hal yang tidak mengandung unsur sensitif terkena pelanggaran, sedangkan yang jelas konten sensitif malah di biarkan saja",,2,google_play_reviews,data/Review Instagram.csv,consumer_app_review,,,,,,275,275,40,40,6.88,0,0,0,0,3,0.0109,0,0,0,0.875,,,,,INSUFFICIENT_TEMPORAL_DATA,,,,,INSUFFICIENT_ENGAGEMENT_DATA,negative,0.9977,0.0015,0.0008,0.9977,sadness,1
IG-000568,Tsaqif TJ Ro'uf,"tolong dong untuk pihak instagram, supaya ngembangin lagi, dan memperhatikan lagi mengenai banding dan penangguhan akun, karena dari kita tuh ada yang butuh dan itu urgent... yang mana itu sangat berkendala sekali... tolong pihak instagram untuk memperbaiki lagi🙏",,1,google_play_reviews,data/Review Instagram.csv,consumer_app_review,,,,,,263,263,38,38,6.92,0,0,0,1,0,0.0,0,0,0,0.8158,,,,,INSUFFICIENT_TEMPORAL_DATA,,,,,INSUFFICIENT_ENGAGEMENT_DATA,negative,0.5856,0.0254,0.3891,0.5856,anger,1
IG-000569,Ayla Filifera,"Instagram sebaiknya tetap mempertahankan fitur Archive Story, karena fitur ini sangat berguna untuk menyimpan kenangan dan momen berharga tanpa harus membagikannya secara permanen di profil. (jika fitur Archive Story tidak dihapus, saya akan kasih bintang 5)",,4,google_play_reviews,data/Review Instagram.csv,consumer_app_review,,,,,,258,258,36,36,7.17,0,0,0,0,5,0.0194,0,0,1,0.9167,,,,,INSUFFICIENT_TEMPORAL_DATA,,,,,INSUFFICIENT_ENGAGEMENT_DATA,positive,0.7989,0.7989,0.1376,0.0635,sadness,1
IG-000570,hartina pangaribuan,"Tolong diperbaiki sistem nya Meta. Buka ig dan fb di pc suka offline tiba tiba namun ketika buka dari hp bagus bagus saja. Sekelas meta bisa down server nya begini, tapi kalau memblokir wa kalian cepat kali",,1,google_play_reviews,data/Review Instagram.csv,consumer_app_review,,,,,,206,206,37,37,5.57,0,0,0,0,4,0.0194,0,0,0,0.8919,,,,,INSUFFICIENT_TEMPORAL_DATA,,,,,INSUFFICIENT_ENGAGEMENT_DATA,negative,0.9915,0.0064,0.0021,0.9915,surprise,0
IG-000571,rahmaa fadhilah,"suka banget sama instagramm, aku download dari aku masih kelas 5 sekolah dasar sampe sekarang aku udah tamat sekolah masih di akun yang sama dan aku selalu bangga sama instagram. sedikit ulasan aja for developer plisss fitur archive story jangan di ilangin yaa, itu ngebantu banget kalo mau bikin sorotan atau mau simpen kenangan selain di galeri. karna di galeri mudah ke hapus sendiri, jadi tolong banget jangan sampe di ilangin yaa archive story/arsip cerita nyaa tolooonggg bangettt makasiih",,5,google_play_reviews,data/Review Instagram.csv,consumer_app_review,,,,,,495,495,79,79,6.27,0,0,0,0,0,0.0,0,0,1,0.7722,,,,,INSUFFICIENT_TEMPORAL_DATA,,,,,INSUFFICIENT_ENGAGEMENT_DATA,positive,0.9933,0.9933,0.0023,0.0044,sadness,0
IG-000572,Nabil Sasbianto89,"banyak fitur Instagram yang dihapus padahal fitur tuh berguna banget buat user fitur simpan music dicatatan,daftar musik yang disimpan juga dihapus apalah Instagram nih padahal banyak lagi enak yang udah di simpen malah di hapus fiturnya",,1,google_play_reviews,data/Review Instagram.csv,consumer_app_review,,,,,,237,237,36,36,6.58,0,0,0,0,2,0.0084,0,0,0,0.75,,,,,INSUFFICIENT_TEMPORAL_DATA,,,,,INSUFFICIENT_ENGAGEMENT_DATA,negative,0.9627,0.029,0.0083,0.9627,anger,0
IG-000573,Lutfiah Amalia,"Gimana ini sih masa aku pakai camera Instagram mau pakai filter terus klik fitur hands-free, Boomerang klik di filter buat video camera erro dan kedap kedip, tolong dong diperbaiki sudah lamaa pakai Instagram.. untuk hp tidak ada masalah 😡😡😡😡",,1,google_play_reviews,data/Review Instagram.csv,consumer_app_review,,,,,,242,242,39,39,6.21,0,0,0,4,4,0.0165,0,0,0,0.8718,,,,,INSUFFICIENT_TEMPORAL_DATA,,,,,INSUFFICIENT_ENGAGEMENT_DATA,negative,0.5946,0.0345,0.3709,0.5946,surprise,0
IG-000574,Rasyida333,"kesel bgt slalu aja klo mw ngepost kesalahan mulu padahal jaringan bagus memo juga masi bnyk tetep aja gabisa, bisa juga paling klo polosan gpke filter sama musik jdinya jelek ew tolong dong benerin udh dr lama sabar terus tetep aja kesalahan kenapa si?? pengen tu ngepost tinggal ngepost gausa mikirin memo jaringan gajelas, eror deh apk ini cpetan benrin, jadi klo mau post gaenak, bnyak bug lagi TOLONG BACA!",,2,google_play_reviews,data/Review Instagram.csv,consumer_app_review,,,,,,411,411,70,70,5.87,0,0,0,0,10,0.0243,1,2,0,0.8286,,,,,INSUFFICIENT_TEMPORAL_DATA,,,,,INSUFFICIENT_ENGAGEMENT_DATA,negative,0.992,0.0046,0.0034,0.992,anger,0
IG-000575,Khaerul,"Ini ig kenapa kayak bermasalah yaa, saya ga bisa liat postingan² terbaru, ada juga beberapa postingan atau story yang sudah saya lihat, tiba² hilang padahal tidak dihapus sama yang punyaa, apakah ig saya dibajak, atau gimana? Mohon diperhatikan😭😭",,1,google_play_reviews,data/Review Instagram.csv,consumer_app_review,,,,,,246,246,38,38,6.47,0,0,0,2,2,0.0081,0,1,0,0.8684,,,,,INSUFFICIENT_TEMPORAL_DATA,,,,,INSUFFICIENT_ENGAGEMENT_DATA,negative,0.7876,0.006,0.2064,0.7876,sadness,1
IG-000576,Zidan Nabil,"banyak bug gajelas skarang!, saya lagi kena bug gabisa di tag sama orang sama sekali, padahal akun ga private dan saya pun udah mengizinkan semua orang untuk ngetag saya, tapi tetap tidak bisa, udah kasih laporan masalah di apk, tapi masih gada respon sama sekali, KECEWA!!.",,1,google_play_reviews,data/Review Instagram.csv,consumer_app_review,,,,,,274,274,46,46,5.96,0,0,0,0,6,0.0219,3,0,0,0.8043,,,,,INSUFFICIENT_TEMPORAL_DATA,,,,,INSUFFICIENT_ENGAGEMENT_DATA,negative,0.9978,0.0013,0.0008,0.9978,anger,1
IG-000577,Choco Jelly,"aplikasi Instagram sekarang gajelas banget, akun saya sama sekali ngga ngelakuin tindakan mencurigakan/criminal malah kena suspend, terus waktu mau ngajuin banding malah di persulit, kalo kaya gini gimana akun saya bisa kembali? tolong doang sistem nya di perbaiki lagi, ini jelas merugikan dan menghambat saya dalam menggunakan aplikasi Instagram",,1,google_play_reviews,data/Review Instagram.csv,consumer_app_review,,,,,,347,347,49,49,7.08,0,0,0,0,2,0.0058,0,1,0,0.8571,,,,,INSUFFICIENT_TEMPORAL_DATA,,,,,INSUFFICIENT_ENGAGEMENT_DATA,negative,0.9975,0.0015,0.001,0.9975,anger,1
IG-000578,Shandika Dika,"Setelah update makin byk bug, story yg diarsipkan tidak muncul ketika saya melihat di pengaturan arsip cerita, story Ig saya hilang begitu saja bak ditelan bumi.",,1,google_play_reviews,data/Review Instagram.csv,consumer_app_review,,,,,,161,161,26,26,6.19,0,0,0,0,2,0.0124,0,0,0,0.9231,,,,,INSUFFICIENT_TEMPORAL_DATA,,,,,INSUFFICIENT_ENGAGEMENT_DATA,negative,0.9953,0.0012,0.0035,0.9953,sadness,1
IG-000579,Rezy Alfionita,"Aplikasi nya semuanya bagus tapi kekurangan nya cuma satu, saat kita buat video di filter ig itu jadi lambat padahal pas ngevidio itu pas",,4,google_play_reviews,data/Review Instagram.csv,consumer_app_review,,,,,,137,137,24,24,5.71,0,0,0,0,1,0.0073,0,0,0,0.875,,,,,INSUFFICIENT_TEMPORAL_DATA,,,,,INSUFFICIENT_ENGAGEMENT_DATA,negative,0.9625,0.0171,0.0203,0.9625,joy,0
IG-000580,Dimas Angkasa,Sebenarnya Instagram tidak perlu menambahkan fitur keamanan bahwa akun ini milik anda Karena sebenarnya fitur ini yang ada malah membuat kami sulit login di hp lain.. Tolong berfikirlah Instagram.! Upaya mencurigakan sampah! Gaberguna! Bikin susah login! Mikirlah!,,1,google_play_reviews,data/Review Instagram.csv,consumer_app_review,,,,,,264,264,37,37,7.14,0,0,0,0,9,0.0341,5,0,0,0.9189,,,,,INSUFFICIENT_TEMPORAL_DATA,,,,,INSUFFICIENT_ENGAGEMENT_DATA,negative,0.9935,0.0047,0.0018,0.9935,anger,1
IG-000581,Mufida Amilatusholekha,"Instagram sebaiknya tetap mempertahankan fitur Archive Story, karena fitur ini sangat berguna untuk menyimpan kenangan dan momen berharga tanpa harus membagikannya secara permanen di profil. plz la Instagram",,2,google_play_reviews,data/Review Instagram.csv,consumer_app_review,,,,,,207,207,28,28,7.39,0,0,0,0,4,0.0193,0,0,0,0.9286,,,,,INSUFFICIENT_TEMPORAL_DATA,,,,,INSUFFICIENT_ENGAGEMENT_DATA,neutral,0.8033,0.1591,0.8033,0.0376,sadness,1
IG-000582,Kesya,"plis ini ig bermasalah atau akun ku yg error? stiap mau follow akun yg publik pasti ngga bisa dn muncul tulisan ""permintaan anda tertunda"" tapi giliran follow akun yg privat itu bisa, tlong lah klo kek gini jdi nyusahin banget, udah update jga pdahal",,1,google_play_reviews,data/Review Instagram.csv,consumer_app_review,,,,,,250,250,44,44,5.68,0,0,0,0,0,0.0,0,1,0,0.8864,,,,,INSUFFICIENT_TEMPORAL_DATA,,,,,INSUFFICIENT_ENGAGEMENT_DATA,negative,0.9937,0.0035,0.0028,0.9937,anger,0
IG-000583,Daffa Maulana,"Banyak bug,contohnya ada beberapa video yg ga bisa disimpan ke koleksi,tekan tertarik tapi malah konten lain yg muncul.Tolong diperbaiki",,1,google_play_reviews,data/Review Instagram.csv,consumer_app_review,,,,,,136,136,19,19,7.16,0,0,0,0,2,0.0147,0,0,0,0.9474,,,,,INSUFFICIENT_TEMPORAL_DATA,,,,,INSUFFICIENT_ENGAGEMENT_DATA,negative,0.9905,0.0011,0.0085,0.9905,anger,0
IG-000584,Muhammad Arifandi Priyandana,saran saya untuk tim developer untuk lebih teliti lagi dalam hal kinerja nya. baru saja kemarin saya tiba-tiba di suspend dengan alasan tidak mengikuti peraturan komunitas sedangkan saya tidak melakukan apa-apa. bahkan sampai sekarang saya masih belum bisa memakai akun instagram saya. Sekali lagi teruntuk tim developer mohon pencerahan nya. terimakasih : ),,1,google_play_reviews,data/Review Instagram.csv,consumer_app_review,,,,,,358,358,53,53,6.75,0,0,0,0,1,0.0028,0,0,0,0.8302,,,,,INSUFFICIENT_TEMPORAL_DATA,,,,,INSUFFICIENT_ENGAGEMENT_DATA,neutral,0.5171,0.1665,0.5171,0.3164,neutral,1
IG-000585,Andi Taru,"Bugnya semakin parah. Gambar pertama carousel selalu ga muncul, ada notifikasi comment tp setelah di click kosong, dan banyak hal lucu lainnya.",,2,google_play_reviews,data/Review Instagram.csv,consumer_app_review,,,,,,143,143,22,22,6.5,0,0,0,0,2,0.014,0,0,0,1.0,,,,,INSUFFICIENT_TEMPORAL_DATA,,,,,INSUFFICIENT_ENGAGEMENT_DATA,negative,0.9926,0.0053,0.0021,0.9926,anger,0
IG-000586,Cantika Ratnasari,"Semuanya bagus,tapi ada satu saran sih, tolong dong kalau bisa karena Sekarang kan ada catatan nya nih,nah untuk catatan itu bisa ngak sih dibuatin orang ngeliat catatan kita atau tampilan yg melihat catatan kita Hanya itu deh Sekian terimakasih",,5,google_play_reviews,data/Review Instagram.csv,consumer_app_review,,,,,,245,245,39,39,6.28,0,0,0,0,4,0.0163,0,0,0,0.8205,,,,,INSUFFICIENT_TEMPORAL_DATA,,,,,INSUFFICIENT_ENGAGEMENT_DATA,negative,0.5876,0.1898,0.2226,0.5876,anger,0
IG-000587,Fiqih Maulana,"Sering bug, buka aplikasi sendiri, padahal lagi buka aplikasi lain tiba² buka sendiri. Sering refresh sendiri juga. Perbaiki lagi bug nya",,2,google_play_reviews,data/Review Instagram.csv,consumer_app_review,,,,,,137,137,21,21,6.52,0,0,0,0,3,0.0219,0,0,0,0.7619,,,,,INSUFFICIENT_TEMPORAL_DATA,,,,,INSUFFICIENT_ENGAGEMENT_DATA,negative,0.7782,0.0117,0.2101,0.7782,anger,0
IG-000588,Easty _86,Kenapa akun saya di suspend dan dibilang akun palsu padahal ada foto profil dan pribadi. Terus harus ajukan banding kalo gak dihapus permanen. Memang nya saya ngapain ?? Trus di suruh masukkan email dan nomor telepon katanya tidak valid. Padahal dari awal saya bikin Ig nomor itu. Aplikasi taik,,1,google_play_reviews,data/Review Instagram.csv,consumer_app_review,,,,,,294,294,49,49,6.0,0,0,0,0,7,0.0238,0,2,0,0.8367,,,,,INSUFFICIENT_TEMPORAL_DATA,,,,,INSUFFICIENT_ENGAGEMENT_DATA,negative,0.997,0.0007,0.0023,0.997,surprise,1
IG-000589,Joni AH Sitorus,Saya tidak suka pembatasan postingan saya krn sebenarnya saya lah yang telah terhasut oleh kelakukan Wasit asal Oman atas pertandingan Sepak bola antara Bahrain vs Indonesia. Saya akan uninstall ini aplikasi selama beberapa waktu jika akun saya tidak segera di normalisasi oleh Meta. Saya akan gunakan aplikasi TELEGRAM buatan Rusia atau VK nya Rusia..,,1,google_play_reviews,data/Review Instagram.csv,consumer_app_review,,,,,,352,352,54,54,6.52,0,0,0,0,21,0.0597,0,0,0,0.8333,,,,,INSUFFICIENT_TEMPORAL_DATA,,,,,INSUFFICIENT_ENGAGEMENT_DATA,negative,0.6035,0.0501,0.3464,0.6035,joy,1
IG-000590,Indra Muliana,"Kok setiap saya buka vidio Instagram kadang vidionya g gerak tapi waktu nya jalan, ini bug atau gimna ya ? Padahal saya pake wifi dan data tetep g jalan. MOHON DI PERBAIKI DOANG",,1,google_play_reviews,data/Review Instagram.csv,consumer_app_review,,,,,,177,177,33,33,5.36,0,0,0,0,23,0.1299,0,1,0,0.9394,,,,,INSUFFICIENT_TEMPORAL_DATA,,,,,INSUFFICIENT_ENGAGEMENT_DATA,negative,0.9875,0.0012,0.0113,0.9875,surprise,0
IG-000591,Danindrarhmat putra,"sering error, uda seminggu ini sering error harus install ulang trs login ulang baru bisa, capek tiap hari kek gitu mulu. mohon perbaiki maintenance nya sangat mengganggu🙏🏻",,1,google_play_reviews,data/Review Instagram.csv,consumer_app_review,,,,,,172,172,27,27,6.37,0,0,0,2,0,0.0,0,0,0,0.9259,,,,,INSUFFICIENT_TEMPORAL_DATA,,,,,INSUFFICIENT_ENGAGEMENT_DATA,negative,0.8955,0.0227,0.0818,0.8955,anger,0
IG-000592,Rima Nor Fadilla,"buruk,sudah rutin diperbarui bukannya makin bagus malah makin sering tidak respon, pdhl hp saya masih luas sekali penyimpanananya. jadi apa kelebihannya kalau di update? menyedihkan",,1,google_play_reviews,data/Review Instagram.csv,consumer_app_review,,,,,,181,181,25,25,7.24,0,0,0,0,0,0.0,0,1,0,0.96,,,,,INSUFFICIENT_TEMPORAL_DATA,,,,,INSUFFICIENT_ENGAGEMENT_DATA,negative,0.998,0.0013,0.0007,0.998,joy,0
IG-000593,Xen122 Xen-,"aplikasi nya bagus,cuman kenapa setiap kita ingin ganti password yang lupa tidak verifikasi ke nomor atau ke email kita sendiri,malah harus email dari Instagram nya,saya lupa apa kata sandi ig saya,dan saya saat ingin mengganti kata sandi ig saya tapi loading nya sangat lama,bahkan tidak akan bisa muncul",,2,google_play_reviews,data/Review Instagram.csv,consumer_app_review,,,,,,305,305,48,48,6.35,0,0,0,0,1,0.0033,0,0,0,0.7708,,,,,INSUFFICIENT_TEMPORAL_DATA,,,,,INSUFFICIENT_ENGAGEMENT_DATA,negative,0.926,0.0638,0.0103,0.926,surprise,1
IG-000594,Putra Tarigan81,"tolong perbaiki aplikasi nya, saya punya 3 akun di ig dan semua nya kena banding, saya bermain ig hanya untuk mencari hiburan tapi kenapa semua akun saya kena banding, TOLONG SEGERA DI PERBAIKI APLIKASI NYA",,1,google_play_reviews,data/Review Instagram.csv,consumer_app_review,,,,,,206,206,35,35,5.89,0,0,0,0,33,0.1602,0,0,1,0.6571,,,,,INSUFFICIENT_TEMPORAL_DATA,,,,,INSUFFICIENT_ENGAGEMENT_DATA,negative,0.9347,0.0058,0.0594,0.9347,surprise,1
IG-000595,Silky Ezra Alawiya,kalo sampe fitur arsip dihilangkan gabakalan make ig lagi!!! pliss dong kami semua mau pake apk ini karna fitur arsipnya. klo fitur arsip ilang udah gada spesialnya ni apk mending di apus aja akunnya dan ga akan pernah pake ni apk lagi!!! plis kecewa beratt,,5,google_play_reviews,data/Review Instagram.csv,consumer_app_review,,,,,,257,257,45,45,5.71,0,0,0,0,0,0.0,6,0,0,0.8222,,,,,INSUFFICIENT_TEMPORAL_DATA,,,,,INSUFFICIENT_ENGAGEMENT_DATA,negative,0.9971,0.002,0.001,0.9971,sadness,0
IG-000596,Ayu Kurnia pratiwi,"Story sekarang terbatas hanya sampai beberapa org aja, gak bisa di scroll kesamping, foto momen berharga tiba2 hilang dr profil tanpa pemberitahuan. Udah lama males pakai instagram. Mentang2 udah banyak penggunanya jadi semena2.",,1,google_play_reviews,data/Review Instagram.csv,consumer_app_review,,,,,,228,228,33,33,6.91,0,0,0,0,3,0.0132,0,0,3,0.9697,,,,,INSUFFICIENT_TEMPORAL_DATA,,,,,INSUFFICIENT_ENGAGEMENT_DATA,negative,0.9965,0.0018,0.0018,0.9965,sadness,0
IG-000597,gunggeklaksmi,"Aku sempat deactive 1 minggu, tpi kemarin mau log in kenapa susah banget ya.. Biasanya langsung bisa log in.. Ini terus muncul notifikasi BUG.. tlg dung perbaiki dung.. makasi",,3,google_play_reviews,data/Review Instagram.csv,consumer_app_review,,,,,,175,175,29,29,6.03,0,0,0,0,6,0.0343,0,0,1,0.9655,,,,,INSUFFICIENT_TEMPORAL_DATA,,,,,INSUFFICIENT_ENGAGEMENT_DATA,negative,0.7376,0.0035,0.2589,0.7376,surprise,0
IG-000598,Giah S,kenapa saya tidak memberikan 5 bintang karena di berbincang sosmed apakah benar meta akan menghapus arsip ig?? menurut saya arsip itu sangat penting karena kita bisa melihat moment² yang sudah kita posting dan semisal di galeri hilang atau gimana kita bisa melihat di arsip,,4,google_play_reviews,data/Review Instagram.csv,consumer_app_review,,,,,,273,273,44,44,6.2,0,0,0,0,0,0.0,0,2,1,0.7727,,,,,INSUFFICIENT_TEMPORAL_DATA,,,,,INSUFFICIENT_ENGAGEMENT_DATA,neutral,0.5795,0.0382,0.5795,0.3823,sadness,1
IG-000599,agust kihelta,Media yang fleksibel untuk banyak hal dan menyenangkan untuk digunakan. Hanya saja saya jarang menggunakannya dan sulit juga karna harus menggunakan data 👍😅😁,,2,google_play_reviews,data/Review Instagram.csv,consumer_app_review,,,,,,157,157,23,23,6.83,0,0,0,3,2,0.0127,0,0,0,0.913,,,,,INSUFFICIENT_TEMPORAL_DATA,,,,,INSUFFICIENT_ENGAGEMENT_DATA,positive,0.7916,0.7916,0.1051,0.1034,joy,1
IG-000600,Muhammad Shaquel Bachdar,"untuk sementara aku kasih bintang 3 yah, kecewa banget biasanya setiap mau bagikan ke fb langsung bisalah setelah update an terbaru malah ngk bisa kek nge bug gitu ngk tau dah kenapa pusing sumpah udah gua utam atik sana sini malah tetap ngk bisa",,4,google_play_reviews,data/Review Instagram.csv,consumer_app_review,,,,,,246,246,44,44,5.59,0,0,0,0,0,0.0,0,0,1,0.9091,,,,,INSUFFICIENT_TEMPORAL_DATA,,,,,INSUFFICIENT_ENGAGEMENT_DATA,negative,0.9979,0.0011,0.001,0.9979,sadness,0
IG-000601,Tika Ponsel,Tolong ini gimana yah kok Instagram nya nggak bisa liat sg orang yang baru bisa nya cmn yg di buat kmren² doang sama postingan juga nggak ada postingan yang baru ada nya cuman yang kmren² doang tolong di perbaiki lagi Instagram nya🙏🏻,,1,google_play_reviews,data/Review Instagram.csv,consumer_app_review,,,,,,233,233,42,42,5.55,0,0,0,2,3,0.0129,0,0,0,0.6667,,,,,INSUFFICIENT_TEMPORAL_DATA,,,,,INSUFFICIENT_ENGAGEMENT_DATA,negative,0.9609,0.0036,0.0355,0.9609,surprise,0
IG-000602,Vevy Ardiyanti,"kek manaa inii skrg bugnya banyak bangettt, restore story tapi yg ke restrore bukan story yg w mau malah story yg lain.. follower/following tiap hari nurun abistu besoknya balik lagi.. tlg dong dibenerin lagi bugnya, aplikasi anda ini populer loh berguna buat semua khalayak.. thankyou",,1,google_play_reviews,data/Review Instagram.csv,consumer_app_review,,,,,,285,285,45,45,6.33,0,0,0,0,0,0.0,0,0,0,0.9111,,,,,INSUFFICIENT_TEMPORAL_DATA,,,,,INSUFFICIENT_ENGAGEMENT_DATA,positive,0.9484,0.9484,0.0114,0.0402,joy,0
IG-000603,Daniel Gunforce,Udah bikin story kok malah enggak bisa.. (Menunggu koneksi) padahal wifi & paket data aman lancar Tolong diperbaiki lagi min..,,4,google_play_reviews,data/Review Instagram.csv,consumer_app_review,,,,,,126,126,20,20,6.3,0,0,0,0,3,0.0238,0,0,0,1.0,,,,,INSUFFICIENT_TEMPORAL_DATA,,,,,INSUFFICIENT_ENGAGEMENT_DATA,negative,0.9835,0.0009,0.0156,0.9835,surprise,0
IG-000604,Wijdan,tolong perbaiki bagian lihat pengikut yang mulai ada bug. mulai dari pengikut yang akunnya menjadi dua atau freeze saat memulai penyegaran di bagian pengikut,,3,google_play_reviews,data/Review Instagram.csv,consumer_app_review,,,,,,157,157,24,24,6.54,0,0,0,0,0,0.0,0,0,0,0.7917,,,,,INSUFFICIENT_TEMPORAL_DATA,,,,,INSUFFICIENT_ENGAGEMENT_DATA,negative,0.9374,0.0022,0.0605,0.9374,anger,1
IG-000605,Fadli Bimantoro,"payah skrg instagram sejak dibeli facebook, akun ig gue ke hack 2x, intinya gua gapernah macem2, tiba2 ke logout, and then, sudah nomer orang ga dikenal didalamnya, udh ngelakuin berbagai cara mulai dari yt, tiktok, jasa, tetep aja gada yg berfungsi, emg klo udh masuk ke bukan nomor kita susah, safety all",,1,google_play_reviews,data/Review Instagram.csv,consumer_app_review,,,,,,306,306,52,52,5.88,0,0,0,0,0,0.0,0,0,3,0.9423,,,,,INSUFFICIENT_TEMPORAL_DATA,,,,,INSUFFICIENT_ENGAGEMENT_DATA,negative,0.9863,0.0062,0.0075,0.9863,fear,0
IG-000606,Putra Rahmansyah,"kenapa instagram saya seperti ada gangguan jaringan? tapi saya membuka sosial media lainnya masih bisa. sempat saya uninstal lalu download lagi bisa dibuka, setelah beberapa menit begitu lagi. padahal bertahun² menggunakan instagram gapernah seperti ini",,3,google_play_reviews,data/Review Instagram.csv,consumer_app_review,,,,,,253,253,35,35,7.23,0,0,0,0,0,0.0,0,1,0,0.8857,,,,,INSUFFICIENT_TEMPORAL_DATA,,,,,INSUFFICIENT_ENGAGEMENT_DATA,negative,0.7361,0.0035,0.2605,0.7361,surprise,1
IG-000607,yudhanim “yutanime” #,"bagus si, cuman kenapa saran tambahkan teman selalu muncul di beranda di atas dekat bar story, mengganggu banget. tolong beri fitur hapus saran teman atau apalah itu. jika sudah berhasil menghapus atau menambahkan fitur masukan saya, saya beri bintang 5. overall bagus. terimakasih",,3,google_play_reviews,data/Review Instagram.csv,consumer_app_review,,,,,,281,281,43,43,6.53,0,0,0,0,0,0.0,0,0,1,0.8605,,,,,INSUFFICIENT_TEMPORAL_DATA,,,,,INSUFFICIENT_ENGAGEMENT_DATA,negative,0.9444,0.0311,0.0245,0.9444,surprise,1
IG-000608,Dasya Noya,kecewa sama instagram. fitur yang spesial menurut sy ya arsipnya. skrg malah mau di apus 😴 trs jg vidio di arsip jd foti banyak foto2 yg udh ilang. gmn sih instagram?? gapernah sekecewa ini sama aplikasi 🥺 semoga banget arsip ga di ilangin 🥺🙏,,1,google_play_reviews,data/Review Instagram.csv,consumer_app_review,,,,,,242,242,44,44,5.5,0,0,0,4,0,0.0,0,2,1,0.9091,,,,,INSUFFICIENT_TEMPORAL_DATA,,,,,INSUFFICIENT_ENGAGEMENT_DATA,negative,0.9933,0.0029,0.0038,0.9933,sadness,0
IG-000609,Zufri Zefti,"Tiap buka ig selalu melanggar aturan postingan dari cerita/reel facebook. Dan setelah itu apk ngeblank warna putih semua, kalau gak mau bisa sinkron dg post dari facebook ya udah gak usah bertele2, di update bukane membaik malah makij busuk",,1,google_play_reviews,data/Review Instagram.csv,consumer_app_review,,,,,,240,240,39,39,6.15,0,0,0,0,2,0.0083,0,0,1,0.9487,,,,,INSUFFICIENT_TEMPORAL_DATA,,,,,INSUFFICIENT_ENGAGEMENT_DATA,negative,0.9944,0.0039,0.0017,0.9944,anger,0
IG-000610,Pipin Alzian,"Makin lama makin kaga jelas tiba tiba sering ngefollow orng sendiri udh di unfoll malah di follow sendiri lagi, trus pas mau ganti kata sandi malah kaga bisa malah kata sandi salah padahal udh bener masukin sandi nya, tapi tetep aja salah, arsip vidio malah jadi foto, arsip foto malah jadi item",,1,google_play_reviews,data/Review Instagram.csv,consumer_app_review,,,,,,295,295,52,52,5.67,0,0,0,0,1,0.0034,0,0,0,0.7115,,,,,INSUFFICIENT_TEMPORAL_DATA,,,,,INSUFFICIENT_ENGAGEMENT_DATA,negative,0.9925,0.0016,0.0059,0.9925,surprise,0
IG-000611,Qanisma Ainindri,"kabarnya archive story instagram akan di hapus, saya sangat tidak setuju, karna alasan saya memakai instagram itu untuk menyimpan kenangan yg tidak dapat saya simpan di galeri hp saya, tolong jangan hilangkan vitur archive story, lebih baik vitur yg lain di tambah, thanks",,1,google_play_reviews,data/Review Instagram.csv,consumer_app_review,,,,,,272,272,43,43,6.33,0,0,0,0,0,0.0,0,0,0,0.7907,,,,,INSUFFICIENT_TEMPORAL_DATA,,,,,INSUFFICIENT_ENGAGEMENT_DATA,negative,0.9496,0.0244,0.0261,0.9496,sadness,1
IG-000612,Hasan Al mas'ud,"Tolong developer lagu yang aku cari gak ada dulu pernah ada tapi habis di update malah ilang lagunya. padahal, lagunya terkenal umum tapi kok di Ig, lagunya gak ada??",,2,google_play_reviews,data/Review Instagram.csv,consumer_app_review,,,,,,166,166,29,29,5.72,0,0,0,0,2,0.012,0,2,0,0.8276,,,,,INSUFFICIENT_TEMPORAL_DATA,,,,,INSUFFICIENT_ENGAGEMENT_DATA,negative,0.9835,0.0014,0.0151,0.9835,surprise,0
IG-000613,Deni 113,"Jaringan bagus, tapi upload story ig hampir satu jam stuck di 90%, di coba hapus dan upload ulang tetap sama, di batas 90%, siklusnya gitu terus.",,1,google_play_reviews,data/Review Instagram.csv,consumer_app_review,,,,,,145,145,26,26,5.58,0,0,0,0,1,0.0069,0,0,4,0.8462,,,,,INSUFFICIENT_TEMPORAL_DATA,,,,,INSUFFICIENT_ENGAGEMENT_DATA,negative,0.9961,0.0015,0.0024,0.9961,anger,0
IG-000614,Shelly Lusiana,Ntah lah menurut saya ig makin kesini makin gak bagus awal nya suka banget bikin video dri ig berhubung kamera ig di hp saya gak bisa di gunakan ya jdi males aja buka2 ig lagi selain nonton berita terupdate.,,1,google_play_reviews,data/Review Instagram.csv,consumer_app_review,,,,,,207,207,39,39,5.31,0,0,0,0,1,0.0048,0,0,1,0.8205,,,,,INSUFFICIENT_TEMPORAL_DATA,,,,,INSUFFICIENT_ENGAGEMENT_DATA,negative,0.9961,0.0023,0.0017,0.9961,joy,0
IG-000615,Vynna Nurhayati,"Kenapa filter nya suka susah di pake,padahal dah ngeupdate beberapa kali dah di uninstal trs instal lagi bru bisa ke pake filter nya eh bebrapa minggu kemudian gk bisa lagi,tolong di perbaiki",,3,google_play_reviews,data/Review Instagram.csv,consumer_app_review,,,,,,191,191,32,32,5.97,0,0,0,0,1,0.0052,0,0,0,0.8125,,,,,INSUFFICIENT_TEMPORAL_DATA,,,,,INSUFFICIENT_ENGAGEMENT_DATA,negative,0.9643,0.0029,0.0328,0.9643,surprise,0
IG-000616,make Imeng,"Banyak bug misal, filter pada fitur photo berkedip² saat hendak digunakan bikin susah aja udah di laporkan masalah bug belum dibenerin",,5,google_play_reviews,data/Review Instagram.csv,consumer_app_review,,,,,,134,134,21,21,6.38,0,0,0,0,1,0.0075,0,0,0,0.9524,,,,,INSUFFICIENT_TEMPORAL_DATA,,,,,INSUFFICIENT_ENGAGEMENT_DATA,negative,0.7683,0.0105,0.2212,0.7683,anger,0
IG-000617,Gabriela Kiran,"Di akun utama gak ada fitur terbaru, di akun lainnya baru ada fitur terbaru. Kadang akun lain itu selalu ke fitur lama, lalu setiap mau nonton reels selalu patah. Mau posting foto di postingan, yang awalnya landscape malah jadi kotak setengah. Jadinya ngulang, tapi tetap sama terus menerusss👹👹💔 WOI KAPAN UPDATE NYET? INI DI AKUN FIRST, MAU LIHAT SG ORANG MALAH GAK TERSEDIA. GILIRAN DI AKUN SECC, BARU KELIHATAN APA ISI SG NYA SAT‼️",,1,google_play_reviews,data/Review Instagram.csv,consumer_app_review,,,,,,434,434,74,74,5.86,0,0,0,3,111,0.2558,0,1,0,0.7568,,,,,INSUFFICIENT_TEMPORAL_DATA,,,,,INSUFFICIENT_ENGAGEMENT_DATA,negative,0.923,0.0163,0.0607,0.923,anger,0
IG-000618,Chusnul Chotimah,"Alhamdulillah , materi yang disampaikan sangat bagus, menambah pengetahuan, semoga bisa menerapkan pada anak didik kami. Materi dan contoh modul segera di share , terima kasih",,5,google_play_reviews,data/Review Instagram.csv,consumer_app_review,,,,,,175,175,26,26,6.73,0,0,0,0,2,0.0114,0,0,0,0.9231,,,,,INSUFFICIENT_TEMPORAL_DATA,,,,,INSUFFICIENT_ENGAGEMENT_DATA,positive,0.9624,0.9624,0.0318,0.0058,joy,1
IG-000619,Astri Marini,Aplikasi yg banyak fitur mudah digunakan dan bisa terhubung dengan semua orang maupun terhubung dengan idola lewat Instagram semoga kedepannya lebih banyak fitur dan lebih berkembang lagi aplikasi thanks for meta🙏,,5,google_play_reviews,data/Review Instagram.csv,consumer_app_review,,,,,,213,213,31,31,6.87,0,0,0,1,2,0.0094,0,0,0,0.7742,,,,,INSUFFICIENT_TEMPORAL_DATA,,,,,INSUFFICIENT_ENGAGEMENT_DATA,positive,0.9204,0.9204,0.0734,0.0061,joy,1
IG-000620,Jangan Kepo,Kalau ada bintang 0 pasti gua kasiu bintang 0 tiap mau upload reels selalu gagal dan lama. Belum lagi pesan yg selalu eror tolong lag kalau update tuh ditingkatin semua fiturnya apk kocak.,,1,google_play_reviews,data/Review Instagram.csv,consumer_app_review,,,,,,188,188,33,33,5.7,0,0,0,0,2,0.0106,0,0,2,0.8788,,,,,INSUFFICIENT_TEMPORAL_DATA,,,,,INSUFFICIENT_ENGAGEMENT_DATA,negative,0.9729,0.0223,0.0048,0.9729,anger,0
IG-000621,Pika Pikatcu,"Sorry instagram,, saya kecewa,, akun instagram saya selalu kena banded,, bikin lagi kena lagi. Akhirnya hilang permanen, tidak bisa diakses. Padahal saya tidak melanggar pedoman komunitas instagram,, sangat mengecewakan.. Tolong perbaiki sistemnya..",,1,google_play_reviews,data/Review Instagram.csv,consumer_app_review,,,,,,249,249,32,32,7.78,0,0,0,0,4,0.0161,0,0,0,0.8438,,,,,INSUFFICIENT_TEMPORAL_DATA,,,,,INSUFFICIENT_ENGAGEMENT_DATA,negative,0.998,0.0012,0.0009,0.998,sadness,1
IG-000622,_Capricon_,"Tolong fitur arsip story jangan dihilangkan,‼️❗ karena dengan adanya fitur arsip story, kita dapat melihat lagi apa saja yang pernah kita bagikan kepada yang lain, terimakasih.",,4,google_play_reviews,data/Review Instagram.csv,consumer_app_review,,,,,,176,176,26,26,6.77,0,0,0,1,1,0.0057,0,0,0,0.8462,,,,,INSUFFICIENT_TEMPORAL_DATA,,,,,INSUFFICIENT_ENGAGEMENT_DATA,neutral,0.9371,0.031,0.9371,0.0319,neutral,1
IG-000623,Rinda,"Apk sering ngelag, sering keluar sendiri tanpa sebab. Kalo ga mau di rating jelak perbaikan lagi bugnya. Segera mungkin",,1,google_play_reviews,data/Review Instagram.csv,consumer_app_review,,,,,,119,119,19,19,6.26,0,0,0,0,3,0.0252,0,0,0,0.9474,,,,,INSUFFICIENT_TEMPORAL_DATA,,,,,INSUFFICIENT_ENGAGEMENT_DATA,negative,0.9874,0.003,0.0096,0.9874,anger,0
IG-000624,Fahmi Rizky,"bug di bagian profil musik, fitur tambahkan musik menghilang jadi saya tidak bisa menghapus musik yang sudah saya taro di bio profil, sedangkan di akun lain fitunya masih ada tetapi di akun pribadi saya fiturnya tidak ada",,1,google_play_reviews,data/Review Instagram.csv,consumer_app_review,,,,,,221,221,37,37,5.97,0,0,0,0,0,0.0,0,0,0,0.7568,,,,,INSUFFICIENT_TEMPORAL_DATA,,,,,INSUFFICIENT_ENGAGEMENT_DATA,neutral,0.5988,0.0052,0.5988,0.396,neutral,1
IG-000625,Kyoko Yamate,"Instagram nge bug, gak bisa buat story, gagal terus! Minimal kalau update yang benar jangan banyak bug 🙂",,1,google_play_reviews,data/Review Instagram.csv,consumer_app_review,,,,,,104,104,18,18,5.78,0,0,0,1,2,0.0192,1,0,0,1.0,,,,,INSUFFICIENT_TEMPORAL_DATA,,,,,INSUFFICIENT_ENGAGEMENT_DATA,negative,0.9359,0.0076,0.0565,0.9359,anger,0
IG-000626,Fany salwa,"Setiap update selalu lemot/Ng bug,kalo GK gitu layarnya redup,terus kalo di buat foto² itu gambar nya telat/kayak layarnya tuh GK ngikutin kita gitu loh,jadi mohon di perbaiki yaaa...🙏🏻🙏🏻",,3,google_play_reviews,data/Review Instagram.csv,consumer_app_review,,,,,,187,187,28,28,6.68,0,0,0,4,6,0.0321,0,0,0,0.8571,,,,,INSUFFICIENT_TEMPORAL_DATA,,,,,INSUFFICIENT_ENGAGEMENT_DATA,negative,0.9858,0.0033,0.0109,0.9858,anger,0
IG-000627,Nurhikmah,"cara masuk di ig sekarang makin rumit, biar kata sandi benarpun juga sdh tdk berguna, harus lagi pake kode verifikasi, mana kodenya gak mau dikirim kirim lagi, jadinya gak bisa kuakses lagi akunku, kasian akunku dari tahun 2018 aku pake banyak isinya jadi hilang begitu saja, diminta dukungannya gak ada bantuan sama skali, gak kek aplikasi lain.",,1,google_play_reviews,data/Review Instagram.csv,consumer_app_review,,,,,,346,346,57,57,6.07,0,0,0,0,0,0.0,0,0,4,0.9123,,,,,INSUFFICIENT_TEMPORAL_DATA,,,,,INSUFFICIENT_ENGAGEMENT_DATA,negative,0.9963,0.002,0.0017,0.9963,sadness,0
IG-000628,tyxndre4,"kecewa Instagram ngeselin ny minta ampun. pas masuk ngeleg terus. dan mau masuk aja Instagram nya langsung ngeleg update terus, tambah ngeleg tambah ga bagus Instagram skrng. tolong ,perbaiki lagi Instagram nya sngt kecewa ga kaya dulu skrng jd jelek bgt.",,1,google_play_reviews,data/Review Instagram.csv,consumer_app_review,,,,,,255,255,41,41,6.22,0,0,0,0,4,0.0157,0,0,0,0.7561,,,,,INSUFFICIENT_TEMPORAL_DATA,,,,,INSUFFICIENT_ENGAGEMENT_DATA,negative,0.9979,0.0011,0.0009,0.9979,anger,0
IG-000629,Ridho Basutod,"Terlalu banyak iklan di reels nya, setiap 2-4 vidio pasti muncul iklan nya, dulu jarang ada iklan padahal kok sekarang banyak banget, kecewa sama kelakuan kapitalis lu",,2,google_play_reviews,data/Review Instagram.csv,consumer_app_review,,,,,,167,167,27,27,6.19,0,0,0,0,1,0.006,0,0,2,0.8519,,,,,INSUFFICIENT_TEMPORAL_DATA,,,,,INSUFFICIENT_ENGAGEMENT_DATA,negative,0.9985,0.0007,0.0008,0.9985,sadness,0
IG-000630,hasanah unmul,"Saya punya masalah saat ganti thumbnail reel, tdk bisa pilih di frame dan jika pilih dri roll kamera hanya berfungsi sekali.",,4,google_play_reviews,data/Review Instagram.csv,consumer_app_review,,,,,,124,124,21,21,5.9,0,0,0,0,1,0.0081,0,0,0,0.9524,,,,,INSUFFICIENT_TEMPORAL_DATA,,,,,INSUFFICIENT_ENGAGEMENT_DATA,negative,0.502,0.0042,0.4938,0.502,anger,1
IG-000631,Faqih Haedar,"Akun igku tiba² ditangguhkan padahal tidak pernah posting aneh², mau dipulihkan tapi pas mau masukkan nomor ponsel terjadi error bahkan saya sudah coba 2 nomor tetap tidak bisa",,1,google_play_reviews,data/Review Instagram.csv,consumer_app_review,,,,,,176,176,28,28,6.29,0,0,0,0,1,0.0057,0,0,1,0.8929,,,,,INSUFFICIENT_TEMPORAL_DATA,,,,,INSUFFICIENT_ENGAGEMENT_DATA,neutral,0.5599,0.0033,0.5599,0.4368,neutral,1
IG-000632,Anak Baik,"Kasih bintang satu, karena katanya instagram mau hapus archive story Jujur punya instagram tu cuma mau bikin kenangan aja didalamnya biar foto dan video2 kenangan tidak hilang Tapi kalo fitur archive dihilangkan bagaimana??! Jujur kecewa banget Instagram mohon jangan hilangkan fitur archive, karena sebagian archive story ig emang udah ada yang hilang sedikit😔😔😭💔 Please kembalikan kenangan ku🥺😫",,1,google_play_reviews,data/Review Instagram.csv,consumer_app_review,,,,,,396,396,57,57,6.95,0,0,0,6,6,0.0152,1,2,1,0.7895,,,,,INSUFFICIENT_TEMPORAL_DATA,,,,,INSUFFICIENT_ENGAGEMENT_DATA,negative,0.9462,0.0173,0.0365,0.9462,sadness,1
IG-000633,Sopi Sopiani,"pleasee lah instagram akun saya kena suspend😭, padahal saya tidak melakukan pelanggaran apapun. udh masukin email, tapi kode nya ga ke kirim"" ke email tsb mna bisa masuk.pliss di akun utama itu banyakk banget kenangan nyaa😭😭 tolongg perbaiki lagi knp bug mlu🙏. udh ruwet sma ig.",,2,google_play_reviews,data/Review Instagram.csv,consumer_app_review,,,,,,278,278,46,46,6.04,0,0,0,4,0,0.0,0,0,0,0.913,,,,,INSUFFICIENT_TEMPORAL_DATA,,,,,INSUFFICIENT_ENGAGEMENT_DATA,negative,0.9903,0.0027,0.007,0.9903,sadness,1
IG-000634,KEiYZA APRILLIA,"suka sama ig karna bisa buat vidio teruss bisa simpann ke galerii, sekarang kok gabisa lagi yaa padahal itu yg paling saya sukaa dari ig wahh kecewaa sih saya buat vidio kemaren eh gabisa di simpan ke geleri sama sekali, di update malah kacauu wkwk",,1,google_play_reviews,data/Review Instagram.csv,consumer_app_review,,,,,,248,248,45,45,5.51,0,0,0,0,0,0.0,0,0,0,0.8,,,,,INSUFFICIENT_TEMPORAL_DATA,,,,,INSUFFICIENT_ENGAGEMENT_DATA,negative,0.9963,0.0029,0.0008,0.9963,surprise,0
IG-000635,Dandi Akbar,"Hedehh akun utama tiba-tiba di nonaktifkan, mau aj banding ga bisa, terus nyoba lewat help center malah ga ada pilihan untuk aju banding ny, pdahal ga ngapa""in tiba-tiba aj di nonaktifkan, gimana solusinyaa inii",,1,google_play_reviews,data/Review Instagram.csv,consumer_app_review,,,,,,211,211,34,34,6.21,0,0,0,0,1,0.0047,0,0,0,0.7941,,,,,INSUFFICIENT_TEMPORAL_DATA,,,,,INSUFFICIENT_ENGAGEMENT_DATA,negative,0.9549,0.0049,0.0402,0.9549,anger,0
IG-000636,Pengguna Google,"Tolong admin istagram akun saya ditangguhkan,atas nama:arfnbintang_,dan akun saya disuruh mengupload foto data pribadi saya,namun kenapa saya tidak bisa mengirim foto,tolong direspon sangat,setiap ingin mengirim,terjadi kesalahan,dan coba lagi nanti,tolong didengarkan,saya akan kasih rating 5 lagi jika saya dibantu",,1,google_play_reviews,data/Review Instagram.csv,consumer_app_review,,,,,,316,316,38,38,8.32,0,0,0,0,1,0.0032,0,0,1,0.8684,,,,,INSUFFICIENT_TEMPORAL_DATA,,,,,INSUFFICIENT_ENGAGEMENT_DATA,negative,0.631,0.0669,0.3021,0.631,surprise,1
IG-000637,Alfrsss160,"Di Instagram Ada Hal Yang Bikin Saya Kecewa, Tolong Beri Fitur Untuk Bisa MengPrivat Pengikut/Yang Diikuti Diakun Instagram, Saya Ada Masalah Mengenai Hal Itu. Setelah Diperbaiki/DiUpdate Menambahkan Fitur Itu Saya Akan Beri Bintang 5.🙏🏻🙏🏻🙏🏻",,1,google_play_reviews,data/Review Instagram.csv,consumer_app_review,,,,,,241,241,34,34,7.09,0,0,0,6,37,0.1535,0,0,1,0.8235,,,,,INSUFFICIENT_TEMPORAL_DATA,,,,,INSUFFICIENT_ENGAGEMENT_DATA,negative,0.9875,0.0021,0.0104,0.9875,anger,1
IG-000638,Wilda Marcellina,"proses penyimpanan vidio / foto sangat lama dan tidak bisa tersimpan,,tolong di perbaiki ya ag nya/cerita karna nge bug ga bisa ngeliat story org",,3,google_play_reviews,data/Review Instagram.csv,consumer_app_review,,,,,,145,145,24,24,6.04,0,0,0,0,0,0.0,0,0,0,0.9583,,,,,INSUFFICIENT_TEMPORAL_DATA,,,,,INSUFFICIENT_ENGAGEMENT_DATA,negative,0.9932,0.0029,0.0039,0.9932,anger,0
IG-000639,MARYUTIS,"Lebih Suka fitur ig yang lama, sekarang melihat following orang lain kenapa tidak berurutan lagi, biasanya yang baru saja diikutin akan terlihat di following, sekarang sudah acak.... Balikin lagi deh fitur lama",,3,google_play_reviews,data/Review Instagram.csv,consumer_app_review,,,,,,210,210,32,32,6.56,0,0,0,0,3,0.0143,0,0,0,0.9062,,,,,INSUFFICIENT_TEMPORAL_DATA,,,,,INSUFFICIENT_ENGAGEMENT_DATA,negative,0.984,0.0096,0.0064,0.984,surprise,1
IG-000640,Raihan Nisfu,"Tidak Bisa menerima Kode Verifikasi pdhl e-mail yg saya pakai ini soalnya Akun tiba2 ditangguhkan entah ada apa, tolong saya Butuh buat kuliah! Dan arsipannya banyak kenangan. Tolong Kirimkan saya Kode verifikasi nya!! saya sudah tungguin di Gmail tapi tak kunjung muncull!!!! Sorry saya bintang 1 kan😡😡",,1,google_play_reviews,data/Review Instagram.csv,consumer_app_review,,,,,,303,303,47,47,6.45,0,0,0,2,12,0.0396,7,0,2,0.8511,,,,,INSUFFICIENT_TEMPORAL_DATA,,,,,INSUFFICIENT_ENGAGEMENT_DATA,negative,0.5874,0.0401,0.3726,0.5874,anger,1
IG-000641,Ziazia Lali,Enggak jelas udah 1 tahun gini gini aja Instagram ini akunya saya bolak balik di nonaktifkan buat lagi di nonaktifkan.. enggak jelas banget ya Instagram ini mending tutup aja udah kalau gini terus!!! Kesal saya lihatnya,,1,google_play_reviews,data/Review Instagram.csv,consumer_app_review,,,,,,219,219,36,36,6.08,0,0,0,0,4,0.0183,3,0,1,0.7222,,,,,INSUFFICIENT_TEMPORAL_DATA,,,,,INSUFFICIENT_ENGAGEMENT_DATA,negative,0.9981,0.0011,0.0008,0.9981,anger,0
IG-000642,RSX Singa,"Dari 2016 punya IG sampai sekarang, saya tidak pernah membuat ulasan karna selama itu baik baik saja tidak ada fitur² yg aneh selama saya menggunakan. Kalo ada pembaharuan saya update lagi menyesuaikan keinginan apk. Tapi untuk yg kali ini saya meminta kepada pihak IG tolong fitur arsip story jgn di hapus, karna arsip ini pilihan yg memudahkan mnyimpan kenangan selain di galeri HP. Gak kebayang klo benar dihapus, semua hal apapun hilang begitu saja. Saya kasih bintang 2 jika di hapus!",,2,google_play_reviews,data/Review Instagram.csv,consumer_app_review,,,,,,489,489,81,81,6.04,0,0,0,0,11,0.0225,1,0,5,0.8025,,,,,INSUFFICIENT_TEMPORAL_DATA,,,,,INSUFFICIENT_ENGAGEMENT_DATA,positive,0.8513,0.8513,0.0158,0.1328,sadness,1
IG-000643,Mohamad Fajar,"Sdh baguss ,tapi yg sy sayangkan adalah mengapa akun sy kemarin di nonaktifkan oleh pihak Instagram???, padahal sy tidak pernah melakukan pelanggaran,atau apapun itu, sy merasa tidak pernah melakukan nya ,jadi kalau memang benar ada kesalahan pada sistem,harus segera di perbaiki, biar tidak terulang kembali kejadian yang sama.tapi ya sudahlah sy sdh ikhlas akun sy hilang 😊, terimakasih mungkin ini sja keluh kesah sy , Instagram memang tebaik, salah satu platform untuk sy sebagai seorang seniman",,4,google_play_reviews,data/Review Instagram.csv,consumer_app_review,,,,,,499,499,76,76,6.57,0,0,0,1,3,0.006,0,3,0,0.8026,,,,,INSUFFICIENT_TEMPORAL_DATA,,,,,INSUFFICIENT_ENGAGEMENT_DATA,positive,0.8359,0.8359,0.037,0.1271,sadness,1
IG-000644,Nafilwa Nafilwa hafizah,"min jangan ada update terbaru tentang fitur archive ig yg dihapus. kalo ada saya bakal ajak semua orang untuk hapus Instagram. tujuan saya bikin story buat masukin kedalam arsip, kalau kangen bisa melihat secara langsung momen itu di arsipan. jika bener bakal di hapus fitur arsip dihapus, saya berdoa supaya tidak ada peminat ig. you understand min?",,4,google_play_reviews,data/Review Instagram.csv,consumer_app_review,,,,,,350,350,57,57,6.14,0,0,0,0,1,0.0029,0,1,0,0.8596,,,,,INSUFFICIENT_TEMPORAL_DATA,,,,,INSUFFICIENT_ENGAGEMENT_DATA,negative,0.9049,0.0502,0.0449,0.9049,anger,1
IG-000645,Arum Ningtiasih,Tidak muncul notifikasi. Fitur catatan di DM tidak muncul. Tiap refresh selalu ada notif tidak ada jaringan padahal jaringan aman.,,2,google_play_reviews,data/Review Instagram.csv,consumer_app_review,,,,,,130,130,20,20,6.5,0,0,0,0,5,0.0385,0,0,0,0.8,,,,,INSUFFICIENT_TEMPORAL_DATA,,,,,INSUFFICIENT_ENGAGEMENT_DATA,neutral,0.9227,0.0034,0.9227,0.0739,neutral,1
IG-000646,Virnayani,"Aplikasi sangat bagus sangat membantu buat berkomunikasi dgn teman dan keluarga ,tapi instagran saya selalu kena pelanggaran padahal video reel saya ga terlalu sensitif.",,5,google_play_reviews,data/Review Instagram.csv,consumer_app_review,,,,,,169,169,24,24,7.04,0,0,0,0,1,0.0059,0,0,0,0.9167,,,,,INSUFFICIENT_TEMPORAL_DATA,,,,,INSUFFICIENT_ENGAGEMENT_DATA,positive,0.6238,0.6238,0.0305,0.3457,joy,1
IG-000647,CoArab,"ini gimana si, bikin ig baru ga bisa bisa. udah jadi ig barunya, login pun ga bisa, padahal sandinya dah bener. di hapus data, akun utama gua keluar, dan sekarang akun utama gua ga bisa login jg. padahal kata sandi dah bener dan yg muncul malah "" kata sandi salah"", login pake tautan email "" kesalahan teknis"" dan login di web dengan sandi yg sama bisa, solusinya apa ini?",,1,google_play_reviews,data/Review Instagram.csv,consumer_app_review,,,,,,372,372,69,69,5.39,0,0,0,0,0,0.0,0,1,0,0.6957,,,,,INSUFFICIENT_TEMPORAL_DATA,,,,,INSUFFICIENT_ENGAGEMENT_DATA,negative,0.9847,0.0026,0.0127,0.9847,anger,0
IG-000648,andi putricahyaningsih,Kenapa setiap mau login selalu saja terhenti bukan sekali tapi berkali kali bahkan gak bisa masuk karena masalah itu doang..tolong dong perbaikin bug nya mau login saja susah bener,,1,google_play_reviews,data/Review Instagram.csv,consumer_app_review,,,,,,180,180,29,29,6.21,0,0,0,0,1,0.0056,0,0,0,0.8966,,,,,INSUFFICIENT_TEMPORAL_DATA,,,,,INSUFFICIENT_ENGAGEMENT_DATA,negative,0.9968,0.0013,0.0019,0.9968,surprise,0
IG-000649,Raditya Setiasa,"fitur musik yang ada di bio di beberapa akun tidak muncul, lalu sering ada notifikasi tapi pas dibuka tidak ada apapun, dan tolong jangan hapus fitur arsip",,3,google_play_reviews,data/Review Instagram.csv,consumer_app_review,,,,,,155,155,27,27,5.74,0,0,0,0,0,0.0,0,0,0,0.8148,,,,,INSUFFICIENT_TEMPORAL_DATA,,,,,INSUFFICIENT_ENGAGEMENT_DATA,negative,0.5776,0.0028,0.4196,0.5776,anger,1
IG-000650,Rachmad Kevin,"Teruntuk pihak instagram, Kenapa instagram akhir akhir ini jaringan nya selalu buruk/gak stabil? Saya buka apk selain instagram lancar jaringan, tolong donk perbaiki bug/jaringan instagram nya?",,1,google_play_reviews,data/Review Instagram.csv,consumer_app_review,,,,,,193,193,26,26,7.42,0,0,0,0,3,0.0155,0,2,0,0.8846,,,,,INSUFFICIENT_TEMPORAL_DATA,,,,,INSUFFICIENT_ENGAGEMENT_DATA,negative,0.9851,0.0035,0.0114,0.9851,surprise,0
IG-000651,khalidah lid,"saya sudah kasih bintang 4, plissss ig jangan pernah hapus fitur archive story😭😭😭😭😭 terimakasih karna dengan adanya fitur itu saya dapat melihat kenangan yang lalu, sekali lagi mohon untuk tidak menghilangkan fitur arsip story, terimakasih",,4,google_play_reviews,data/Review Instagram.csv,consumer_app_review,,,,,,239,239,35,35,6.83,0,0,0,5,0,0.0,0,0,1,0.8857,,,,,INSUFFICIENT_TEMPORAL_DATA,,,,,INSUFFICIENT_ENGAGEMENT_DATA,neutral,0.6653,0.2214,0.6653,0.1133,sadness,1
IG-000652,M Yusuf,"Aplikasinya kesering eror ,kdang ke unfol sndiri teman teman saya dan kadang liat status terbaru kadang tidak bisa,tolong di perbaiki lagi sistem aplikasinya",,1,google_play_reviews,data/Review Instagram.csv,consumer_app_review,,,,,,157,157,23,23,6.83,0,0,0,0,1,0.0064,0,0,0,0.8696,,,,,INSUFFICIENT_TEMPORAL_DATA,,,,,INSUFFICIENT_ENGAGEMENT_DATA,negative,0.9877,0.001,0.0113,0.9877,anger,1
IG-000653,ALFIAN,Sebagai pemula sosial Instagram mohon kiranya admin pengurus ataupun pengelola Instagram Indonesia agar membantu dan mempromosihkan reel saya kepada pengguna di seluruh penjuru negara Republik Indonesia yang saya sangat banggakan🫰☺️☺️☺️,,5,google_play_reviews,data/Review Instagram.csv,consumer_app_review,,,,,,236,236,30,30,7.87,0,0,0,4,6,0.0254,0,0,0,0.9,,,,,INSUFFICIENT_TEMPORAL_DATA,,,,,INSUFFICIENT_ENGAGEMENT_DATA,neutral,0.9392,0.0344,0.9392,0.0264,neutral,1
IG-000654,Prillydifana Safira Lapadengan,"ini kenapa akun instagram saya difitur FONT tidak terperbaharui? masih paki FONT yang model lama. padahal selalu di update terus, tapi kenapa fitur FONT nya tidak berubah ke FONT terbaru. tolong diperbaiki yah!",,1,google_play_reviews,data/Review Instagram.csv,consumer_app_review,,,,,,210,210,33,33,6.36,0,0,0,0,16,0.0762,1,1,0,0.8485,,,,,INSUFFICIENT_TEMPORAL_DATA,,,,,INSUFFICIENT_ENGAGEMENT_DATA,negative,0.9905,0.0032,0.0063,0.9905,surprise,1
IG-000655,Muhammad Andika,"Saya sangat kecewa dengan algoritma ig padahal vidio saya sudah sangat menarik, kualitas pun sangat hd. Tapi kenapa masih viewers 2 hari di bawah 200 kenapa gak naik naik, saya kasih bintang 1 ya karena algoritma aneh ga jelas",,1,google_play_reviews,data/Review Instagram.csv,consumer_app_review,,,,,,226,226,39,39,5.79,0,0,0,0,2,0.0088,0,0,5,0.8462,,,,,INSUFFICIENT_TEMPORAL_DATA,,,,,INSUFFICIENT_ENGAGEMENT_DATA,negative,0.9978,0.0015,0.0007,0.9978,sadness,1
IG-000656,ddewi putrii,"Jelek ih ig skrng. Arsip-arsip nya yg video udh gak bisa keputar sprti biasanya.. Padahal sengaja gak download video/foto di ig krna tdi nya membantu mengingat kenangan"" jaman baheula.",,1,google_play_reviews,data/Review Instagram.csv,consumer_app_review,,,,,,184,184,29,29,6.34,0,0,0,0,3,0.0163,0,0,0,0.8966,,,,,INSUFFICIENT_TEMPORAL_DATA,,,,,INSUFFICIENT_ENGAGEMENT_DATA,negative,0.9953,0.0034,0.0013,0.9953,anger,0
IG-000657,Dimaz Azhar,"Banyak bug, seperti arsip story tiba tiba gk bisa dibuka trrus tuh ada peringatan arsip akan hilang sama kalau mau bikin akun baru gk bisa",,1,google_play_reviews,data/Review Instagram.csv,consumer_app_review,,,,,,138,138,25,25,5.52,0,0,0,0,1,0.0072,0,0,0,0.84,,,,,INSUFFICIENT_TEMPORAL_DATA,,,,,INSUFFICIENT_ENGAGEMENT_DATA,negative,0.9938,0.001,0.0052,0.9938,sadness,0
IG-000658,Hani 66,"bagian fitur arsipkan yang biasanya di titik 3 i story gaada, harap lebih diperhatikan soalnya saya mau bikin highlight tanpa spam story.",,1,google_play_reviews,data/Review Instagram.csv,consumer_app_review,,,,,,137,137,22,22,6.23,0,0,0,0,0,0.0,0,0,1,1.0,,,,,INSUFFICIENT_TEMPORAL_DATA,,,,,INSUFFICIENT_ENGAGEMENT_DATA,neutral,0.9879,0.0018,0.9879,0.0104,neutral,1
IG-000659,Amanda mayara tsany,hallo Instagram saya suka sma smua fitur anda tetapi untuk fitur terbaru anda saya kurang suka karna semua video yang saya upload jdi nge freeze semuanya karna semua kenangan tersimpan di sorotan di arsip kenangan kenangannya jadi kembalikan fitur yang seperti biasanya tolong ya Instagram ini untuk semuanya bukan hanya saya,,5,google_play_reviews,data/Review Instagram.csv,consumer_app_review,,,,,,325,325,51,51,6.37,0,0,0,0,2,0.0062,0,0,0,0.7059,,,,,INSUFFICIENT_TEMPORAL_DATA,,,,,INSUFFICIENT_ENGAGEMENT_DATA,negative,0.7589,0.1799,0.0612,0.7589,sadness,1
IG-000660,Bang Jibon,"Tolonglah Instagram,, hilangkan spam iklan judol,, saya gak pernah ikut judol,, tiba tiba banyak spam judol,, tolonglah, ini sangat tidak nyaman setiap buka story, terima kasih",,2,google_play_reviews,data/Review Instagram.csv,consumer_app_review,,,,,,176,176,26,26,6.77,0,0,0,0,2,0.0114,0,0,0,0.8462,,,,,INSUFFICIENT_TEMPORAL_DATA,,,,,INSUFFICIENT_ENGAGEMENT_DATA,negative,0.9978,0.0012,0.001,0.9978,surprise,1
IG-000661,rubygummy,"Agak kecewa sama instagram bulan kemarin font untuk story instagram udah ke update jadi bagus dan keren, eh engga tau kenapa berubah kesetelan awal lagi padahal sering update aplikasi, diperbaiki lagi dong admin",,3,google_play_reviews,data/Review Instagram.csv,consumer_app_review,,,,,,211,211,33,33,6.39,0,0,0,0,1,0.0047,0,0,0,0.9091,,,,,INSUFFICIENT_TEMPORAL_DATA,,,,,INSUFFICIENT_ENGAGEMENT_DATA,negative,0.9958,0.0031,0.0011,0.9958,sadness,0
IG-000662,dek hulu,"Tolong dong beri sedikit kebebasan untuk live, dan tolong jangan dikit dikit pelanggaran🤬 makin di update makin ketat aturan nya nanti lama lama gue hapus juga nanti kalau di persulit pengguna Instagram Semoga kembali seperti semula bebas dan leluasa menikmati reel favorit🙏",,4,google_play_reviews,data/Review Instagram.csv,consumer_app_review,,,,,,274,274,42,42,6.52,0,0,0,2,3,0.0109,0,0,0,0.8333,,,,,INSUFFICIENT_TEMPORAL_DATA,,,,,INSUFFICIENT_ENGAGEMENT_DATA,negative,0.5658,0.1218,0.3124,0.5658,anger,0
IG-000663,Yumi Z,Susahnya baca caption yg panjang. Mau scroll malah keganti profil lain. Kalo ketarik dikit udaah langsung keganti yang baru dan yg barusan dibaca ilang.,,5,google_play_reviews,data/Review Instagram.csv,consumer_app_review,,,,,,152,152,24,24,6.33,0,0,0,0,3,0.0197,0,0,0,0.9167,,,,,INSUFFICIENT_TEMPORAL_DATA,,,,,INSUFFICIENT_ENGAGEMENT_DATA,negative,0.9968,0.0011,0.0021,0.9968,anger,0
IG-000664,Mar Kar (Marvel Karuna),Saya memiliki beberapa masalah dimana beberap video menunjukkan warna video sperti di invert atau seperti ada garis garis dan titik pada video namun lauar saya tetap aman,,3,google_play_reviews,data/Review Instagram.csv,consumer_app_review,,,,,,170,170,27,27,6.3,0,0,0,0,1,0.0059,0,0,0,0.8519,,,,,INSUFFICIENT_TEMPORAL_DATA,,,,,INSUFFICIENT_ENGAGEMENT_DATA,neutral,0.5532,0.1188,0.5532,0.328,neutral,1
IG-000665,Khairiyatul Jannah,"Bintang 1 karena Ig sekarang gk seru,yg di arsipan jangn di hapus dong banyak kenangan nya,sayang klo hilang padahl sengaja simpan di arsipan malah sekarang ada fitur baru arsipan hilang secara perlahan ,mna yg hilang video, video tu kn kangan pling seru klo di lihat"",jangn di hapus lh masalah nya kangan nya dari zaman smp🥺di simpan di gelri semuajadi nya memo pnuh, TOLONG DONG FOTO"" & VIDEO"" DIARSIPAN JANGAN DI HAPUS .... ................🥺😔🙏🙏",,1,google_play_reviews,data/Review Instagram.csv,consumer_app_review,,,,,,447,447,73,73,6.12,0,0,0,5,43,0.0962,0,0,1,0.7397,,,,,INSUFFICIENT_TEMPORAL_DATA,,,,,INSUFFICIENT_ENGAGEMENT_DATA,negative,0.9769,0.0142,0.0089,0.9769,sadness,0
IG-000666,Lody Achmad,"Sebenarnya udh bagus ya seluruh fiturnya, dan masalahnya itu banyak iklan judi online, undian penipu, dan iklan investasi saham bodong yang oknumnya dari facebook. Saya sudah report iklannya namun tidak dihapus iklannya oleh pihak meta. Mencari uang dengan cara menipu itu haram dan dosa besar, TOLONG META SECARA CERDAS PILAH IKLAN DENGAN BAIK UNTUK DIPROMOSIKAN KE IG DAN FB!",,1,google_play_reviews,data/Review Instagram.csv,consumer_app_review,,,,,,377,377,59,59,6.39,0,0,0,0,71,0.1883,1,0,0,0.8644,,,,,INSUFFICIENT_TEMPORAL_DATA,,,,,INSUFFICIENT_ENGAGEMENT_DATA,negative,0.9944,0.004,0.0017,0.9944,joy,1
IG-000667,lintang aurelya wahyu kinasih11,minta tolong pihak instagram kenapa di ig profil gak muncul musiknya sedangkan di akun lain masih muncul musiknya dan juga followers 394 ini kenapa di akun ig sendiri jadi 392 sama gak muncul musiknya 😤😤💔,,1,google_play_reviews,data/Review Instagram.csv,consumer_app_review,,,,,,204,204,35,35,5.83,0,0,0,3,0,0.0,0,0,6,0.7143,,,,,INSUFFICIENT_TEMPORAL_DATA,,,,,INSUFFICIENT_ENGAGEMENT_DATA,neutral,0.7975,0.007,0.7975,0.1954,surprise,0
IG-000668,Faidza Syahbuddin,"sekarang habis update selalu kalo mau follow orang yang akunnya publik itu pasti ga bisa, malah muncul ""permintaan tertunda"". tolong dong kalau habis update harusnya makin bagus bukan kayak gini, saya udah pencet ""beri tahu kami jika ada kesalahan"" berulang ulang kali. mohon di perbaiki ya",,2,google_play_reviews,data/Review Instagram.csv,consumer_app_review,,,,,,290,290,46,46,6.3,0,0,0,0,0,0.0,0,0,0,0.9565,,,,,INSUFFICIENT_TEMPORAL_DATA,,,,,INSUFFICIENT_ENGAGEMENT_DATA,negative,0.9561,0.013,0.0309,0.9561,joy,0
IG-000669,Sri Mahayanti,"Kacau deh kirain stlh kmrn di update bakal lebih bagus lg, eh malah muncul bbrp yg hrs diklik tp ujung""nya mlh gk bisa didownload, hilang tautannya juga, musik juga hilang...maaf aku uninstal lagi",,1,google_play_reviews,data/Review Instagram.csv,consumer_app_review,,,,,,196,196,33,33,5.94,0,0,0,0,1,0.0051,0,0,0,1.0,,,,,INSUFFICIENT_TEMPORAL_DATA,,,,,INSUFFICIENT_ENGAGEMENT_DATA,negative,0.9951,0.0015,0.0034,0.9951,sadness,0
IG-000670,Filsa anggraini Syafruddin,Instagram ini sangat bagus dan kita bisa pilih JJ atau filter yg mau di cari ya walaupun yg di ambil memori ny sangat banyak tapi kita jug bisa mengobrol dengan teman yg dii ikuti dan sebalik ny jug Instagram ini sangat berguna dan kita jug bisa menyimpan foto atau pin vidio kita jug bisa bikin story dan banyak orng bisa lihat aku beri reting bintang 5😋,,5,google_play_reviews,data/Review Instagram.csv,consumer_app_review,,,,,,355,355,66,66,5.38,0,0,0,1,4,0.0113,0,0,1,0.6515,,,,,INSUFFICIENT_TEMPORAL_DATA,,,,,INSUFFICIENT_ENGAGEMENT_DATA,positive,0.9825,0.9825,0.0129,0.0046,joy,1
IG-000671,Ndaa,"minta tolong untuk lebih di perbaiki lagi ya bug nya, kenapa di akun pertama fitur catatan dan musik nya hilang sedangkan diakun yang kedua tidak, oh ya dan juga kenapa banyak fitur yang tidak ada diakun yang pertama tapi diakun ke dua ada padahal sudah diupdate 🙏🏻",,1,google_play_reviews,data/Review Instagram.csv,consumer_app_review,,,,,,265,265,47,47,5.64,0,0,0,2,0,0.0,0,0,0,0.766,,,,,INSUFFICIENT_TEMPORAL_DATA,,,,,INSUFFICIENT_ENGAGEMENT_DATA,negative,0.8393,0.0117,0.149,0.8393,sadness,1
IG-000672,agustina Dewi,"Ini lagi eror apa gmna ya? Mau buat story pakai filter kameranya kedip kedip padhaal normal normal aja kamera aku. Udah aku restart, instal ulang juga tetep aja eror. Kenapa sih ini",,3,google_play_reviews,data/Review Instagram.csv,consumer_app_review,,,,,,181,181,32,32,5.66,0,0,0,0,4,0.0221,0,1,0,0.875,,,,,INSUFFICIENT_TEMPORAL_DATA,,,,,INSUFFICIENT_ENGAGEMENT_DATA,negative,0.9932,0.001,0.0058,0.9932,surprise,0
IG-000673,Mrs.Kim127,"Secara keseluruhan bagus cuma ada beberapa yang ngebug, contoh mau ngepost story malah gk bisa dan muncul peringatan 'kesalahan' lol",,4,google_play_reviews,data/Review Instagram.csv,consumer_app_review,,,,,,132,132,20,20,6.6,0,0,0,0,1,0.0076,0,0,0,1.0,,,,,INSUFFICIENT_TEMPORAL_DATA,,,,,INSUFFICIENT_ENGAGEMENT_DATA,negative,0.9766,0.0087,0.0147,0.9766,joy,0
IG-000674,Fibri Adna,"Kemarin akun saya tiba-tiba ditangguhkan. padahal saya tidak pernah melakukan hal-hal yang melanggar ketentuan dari instagram. Saya langsung bingung kok tiba-tiba seperti itu. setelah saya ajukan banding, sampai sekarang belum kembali akun saya. Saya khawatir kalau sampai dinonaktifkan permanen karena itu instagram sudah lama dan pastinya banyak kenangan didalamnya. Mohon untuk pihak instagram kalau mau menangguhkan akun setidaknya kasih tahu alasanya, biar kita tidak bingung seperti ini. Kecewa",,1,google_play_reviews,data/Review Instagram.csv,consumer_app_review,,,,,,500,500,68,68,7.35,0,0,0,0,5,0.01,0,0,0,0.8088,,,,,INSUFFICIENT_TEMPORAL_DATA,,,,,INSUFFICIENT_ENGAGEMENT_DATA,negative,0.9934,0.0049,0.0017,0.9934,sadness,1
IG-000675,Akyla medina,"terlalu banyak bug, akun saya banyak yang ter logout sendiri, lalu terjadi aju banding, ribet banget tolong di perbaiki dong aga kurang nyaman nih make nya masa harus login ulang terus",,1,google_play_reviews,data/Review Instagram.csv,consumer_app_review,,,,,,184,184,31,31,5.94,0,0,0,0,0,0.0,0,0,0,0.9677,,,,,INSUFFICIENT_TEMPORAL_DATA,,,,,INSUFFICIENT_ENGAGEMENT_DATA,negative,0.9979,0.0011,0.0011,0.9979,surprise,0
IG-000676,Mulyadi Gaming21,"Karena ada sistem arsip story nya jadi kenangan ga bakalan hilang dan semoga rumor arsip story mau di hapus itu tidak benar, dan jikalau rumor tersebut benar semoga di pertimbangkan lagi karena itu salah satu penyebab orang banyak bermain Ig karena ingin menyimpan kenangan nya. Semoga atas saran dan masukan yg saya berikan dapat di terima dgn baik dan di pertimbangkan Atas perhatian dan waktu saya ucapkan Terimakasih 🙏🏻",,5,google_play_reviews,data/Review Instagram.csv,consumer_app_review,,,,,,423,423,69,69,6.13,0,0,0,2,5,0.0118,0,0,0,0.7246,,,,,INSUFFICIENT_TEMPORAL_DATA,,,,,INSUFFICIENT_ENGAGEMENT_DATA,positive,0.543,0.543,0.2428,0.2142,sadness,1
IG-000677,Lathifah Azzahra,"Dear instagram, jangan pernah menghapus fitur arsip, but semua kenangan kami ada disana, mulai dari saya SMP sampai Kuliah sekarang, mulai dari tahun 2015 kenangan saya ada di arsip itu, itupun yang tahun 2015 sampai 2020 sudah tidak bisa lagi video arsip nya diputar, why??? Kembalikan kenangan kamiii!!!😢😭 saya sangat kecewa saat memutar kembali kenangan saya di arsip pada tahun 2015 sampai 2020 i'm so sad melihat isu tentang instagram akan menghapus fitur arsip😭 sekali lagi, saya kecewa!",,1,google_play_reviews,data/Review Instagram.csv,consumer_app_review,,,,,,493,493,78,78,6.32,0,0,0,3,6,0.0122,4,3,20,0.7179,,,,,INSUFFICIENT_TEMPORAL_DATA,,,,,INSUFFICIENT_ENGAGEMENT_DATA,negative,0.9955,0.0027,0.0018,0.9955,sadness,1
IG-000678,ROCK D TEO,Ini kenapa nya video reels ku tidak bisa diputar suaranya si normal tapi tidak bisa diputar gambar nya gak gerak Dan vidoe reels yg satunya lagi tidak bisa diputar cuma ada iklan suaranya,,2,google_play_reviews,data/Review Instagram.csv,consumer_app_review,,,,,,187,187,33,33,5.67,0,0,0,0,2,0.0107,0,0,0,0.7273,,,,,INSUFFICIENT_TEMPORAL_DATA,,,,,INSUFFICIENT_ENGAGEMENT_DATA,negative,0.9465,0.0173,0.0363,0.9465,surprise,1
IG-000679,ramdan ramadani,Assalamualaikum developer ini saya meng instal 2x yahhh garagara gaaaa bisa buat akunn Permasalahannya di registrasi setelah mengisi kata sandi setuju dengan syarat dankebijakan instagram ituuuuu stuck diii situuuu terjadi masalah lahhh apalah lahhh dari kemaren,,3,google_play_reviews,data/Review Instagram.csv,consumer_app_review,,,,,,262,262,36,36,7.28,0,0,0,0,2,0.0076,0,0,1,0.9722,,,,,INSUFFICIENT_TEMPORAL_DATA,,,,,INSUFFICIENT_ENGAGEMENT_DATA,negative,0.9949,0.0014,0.0037,0.9949,anger,1
IG-000680,yuyu ree,"Baru aja diupdate tapi kenapa malah nge bug. Postingan foto/video hanya bisa dibuka sampai slide ke-2 aja, slide berikutnya hanya layar hitam",,3,google_play_reviews,data/Review Instagram.csv,consumer_app_review,,,,,,141,141,22,22,6.41,0,0,0,0,2,0.0142,0,0,1,0.9091,,,,,INSUFFICIENT_TEMPORAL_DATA,,,,,INSUFFICIENT_ENGAGEMENT_DATA,negative,0.9897,0.0017,0.0086,0.9897,surprise,0
IG-000681,Nabila Asy'ariya,Duh nyebelin banget sih 😡💔💔😭😭😭😫😫😫😫😫 igsaya pas ingin menerima pertemanan malah di tunda permintaanya tidak seperti ig2 yg dulu tak pernah di tunda permintaanya... kesel gonta2 ganti akun ig ...terus!!! Tolong dong untuk aplikasi ignya di perbaiki lagi.. Biar tidak kayak gini terus....saya udah bosan ganti2 akun ig terus... saya sudah tidak suka ig saya sprt ini terus ..,,3,google_play_reviews,data/Review Instagram.csv,consumer_app_review,,,,,,372,372,59,59,6.31,0,0,0,11,3,0.0081,3,0,3,0.8475,,,,,INSUFFICIENT_TEMPORAL_DATA,,,,,INSUFFICIENT_ENGAGEMENT_DATA,negative,0.9934,0.0025,0.0041,0.9934,joy,1
IG-000682,Ananda Febriani,"Sejauh ini baik² aja gk ada kendala apapun, tapi kemarin tiba² akun saya akan di nonaktifkan, padahal saya tidak melakukan apapun, lalu saya ajukan banding tapi balum ada informasi apa² dari pihak Instagram nya, jika memang akun saya sedang di perbaiki, tolong lebih cepat di perbaiki nya",,4,google_play_reviews,data/Review Instagram.csv,consumer_app_review,,,,,,288,288,47,47,6.13,0,0,0,0,2,0.0069,0,0,0,0.8085,,,,,INSUFFICIENT_TEMPORAL_DATA,,,,,INSUFFICIENT_ENGAGEMENT_DATA,neutral,0.8488,0.0112,0.8488,0.1401,neutral,1
IG-000683,Desvita candra dewi pratiwi,"Banyak bgt bug, heran. Apalagi arsip story kadang suka hilang padahal storynya gak dihapus. Banyak banyak ngasih perbaikan deh.",,3,google_play_reviews,data/Review Instagram.csv,consumer_app_review,,,,,,127,127,19,19,6.68,0,0,0,0,3,0.0236,0,0,0,0.8947,,,,,INSUFFICIENT_TEMPORAL_DATA,,,,,INSUFFICIENT_ENGAGEMENT_DATA,negative,0.9913,0.0066,0.0021,0.9913,sadness,0
IG-000684,Alpukat Fit,Ini gimana sih !!!? Masa akun aku di nonaktifkan secara sepihak doang?! Padahal selama ini ga pernah melanggar peraturan apapun. Udah pake beberapa cara apapun tetep tidak bisa masuk. Jelas2 email dan nomor hp ku yang lagi aku pake tp tetep gak bisa masuk. Asli sebel banget !!!!!!!,,1,google_play_reviews,data/Review Instagram.csv,consumer_app_review,,,,,,282,282,48,48,5.88,0,0,0,0,6,0.0213,11,2,1,0.875,,,,,INSUFFICIENT_TEMPORAL_DATA,,,,,INSUFFICIENT_ENGAGEMENT_DATA,negative,0.9967,0.0013,0.0019,0.9967,surprise,0
IG-000685,Ana Tea,tolong update lagi jadi kalo mau ngambil link video atau foto susah gak seperti dulu lagi dulu ini bagus kalo saya bikin sw di WhatsApp lihat ini dulu trus link nya pencet jadi gampang saya nya kalo mau download video dari link sekarang susah tolong update lagi seperti dulu.,,1,google_play_reviews,data/Review Instagram.csv,consumer_app_review,,,,,,275,275,49,49,5.61,0,0,0,0,2,0.0073,0,0,0,0.6327,,,,,INSUFFICIENT_TEMPORAL_DATA,,,,,INSUFFICIENT_ENGAGEMENT_DATA,negative,0.9564,0.0123,0.0313,0.9564,joy,0
IG-000686,Doxs. Art,Tolong user interface waktu melakukan video call jangan di ubah..biarkan tampilan seperti biasanya (halfscreen) jangan di bikin mirip kayak di WhatsApp ( sangatt jelekk sekaliii saya tidak sukaaa),,1,google_play_reviews,data/Review Instagram.csv,consumer_app_review,,,,,,196,196,28,28,7.0,0,0,0,0,3,0.0153,0,0,0,0.8929,,,,,INSUFFICIENT_TEMPORAL_DATA,,,,,INSUFFICIENT_ENGAGEMENT_DATA,negative,0.9979,0.0012,0.0008,0.9979,anger,1
IG-000687,14.I Putu Gede Ardiasa,"untuk akun saya ga bisa ngetag seseorang, Gatau kenapa, udah saya cari tau caranya d ytb, ga ada, udh saya atur pengaturan semua orang bisa ngetag saya, msih juga tidak bisa, ini bug apa gmn, saya ga tau, saya minta tolong dengan bug ini🙏🙏",,1,google_play_reviews,data/Review Instagram.csv,consumer_app_review,,,,,,239,239,44,44,5.43,0,0,0,2,1,0.0042,0,0,0,0.7955,,,,,INSUFFICIENT_TEMPORAL_DATA,,,,,INSUFFICIENT_ENGAGEMENT_DATA,negative,0.879,0.0072,0.1138,0.879,anger,1
IG-000688,gunawan adi w,"sudah pake IG >10 thn hampir setiap hari, apps yg tepat untuk sharing & berkontak sosial dgn media foto2. sayangnya sekarang tiba2 ke suspend dan sekarang sedang proses banding & dalam pengecekan pedoman komunitas. smoga bisa segera lanjut pakai IG, karena sekian lama & hingga saat ini tdk pernah upload hal2 yg negative.",,4,google_play_reviews,data/Review Instagram.csv,consumer_app_review,,,,,,322,322,53,53,6.08,0,0,0,0,4,0.0124,0,0,5,0.9245,,,,,INSUFFICIENT_TEMPORAL_DATA,,,,,INSUFFICIENT_ENGAGEMENT_DATA,negative,0.4846,0.3921,0.1233,0.4846,anger,1
IG-000689,I Made Darma Nara Swara,"Hai pihak Instagram, di Instagram saya masih terdapat bug seperti membuka story ig tiba-tiba tergeser ke siaran langsung user yang saya follow. Terima kasih",,3,google_play_reviews,data/Review Instagram.csv,consumer_app_review,,,,,,156,156,24,24,6.5,0,0,0,0,4,0.0256,0,0,0,0.9583,,,,,INSUFFICIENT_TEMPORAL_DATA,,,,,INSUFFICIENT_ENGAGEMENT_DATA,neutral,0.8986,0.0038,0.8986,0.0976,joy,1
IG-000690,annisasal sabila,"Kalau mau nambah fitur nggak papa tapi asal kn fitur arship an nya jangan dihilanginn,soalnya di situ ada kenangan yg nggk mungkin bisa di ulang,fitur repost nya di perbaiki jujur saya agak kecewa tapi nggak papa semangat yg terbaik lah buat para pekerja Instagram",,5,google_play_reviews,data/Review Instagram.csv,consumer_app_review,,,,,,264,264,44,44,6.0,0,0,0,0,2,0.0076,0,0,0,0.8182,,,,,INSUFFICIENT_TEMPORAL_DATA,,,,,INSUFFICIENT_ENGAGEMENT_DATA,positive,0.5734,0.5734,0.0163,0.4103,sadness,0
IG-000691,Indryy,"Minus nya sekarang filter/efek di ig udah ga bagus apa lagi bagi pengguna android, malah sekarang lebih bagus filter di tiktok dari pada di ig",,2,google_play_reviews,data/Review Instagram.csv,consumer_app_review,,,,,,142,142,25,25,5.68,0,0,0,0,1,0.007,0,0,0,0.8,,,,,INSUFFICIENT_TEMPORAL_DATA,,,,,INSUFFICIENT_ENGAGEMENT_DATA,negative,0.9948,0.0034,0.0019,0.9948,joy,0
IG-000692,Fazar Rizky,"Please Instagram jangan hilangin fitur arsip nya dong😭😭 soalnya disitu banyak kenangan ku sama mantan ku🙏😩 mau dimana lagi kami menyimpan photo buat kenangan coba, di galeri ram kami penuh jadi di arsip lah yg emang berguna buat kami... Tolong buat meta jangan hilangin fitur itu🙏🥲 gw bisa gila kalau itu dihilangkan. Yg lain ga papa asalkan jangan fitur itu yg di hilangkan🙏🙏🙏🙏",,5,google_play_reviews,data/Review Instagram.csv,consumer_app_review,,,,,,378,378,63,63,6.0,0,0,0,10,4,0.0106,0,0,0,0.7619,,,,,INSUFFICIENT_TEMPORAL_DATA,,,,,INSUFFICIENT_ENGAGEMENT_DATA,negative,0.9212,0.0242,0.0546,0.9212,sadness,0
IG-000693,Muhammad Rafli Adi Permana,"ini Ig kenapa jadi sering error' dah? kadang pas lagi liat SG orng tiba2 freeze trs kalo mau login ke akun lain malah ada tulisan ""coba lain kali lagi""? ini kenapa sih padahal memo hp masih banyak",,2,google_play_reviews,data/Review Instagram.csv,consumer_app_review,,,,,,196,196,37,37,5.3,0,0,0,0,3,0.0153,0,2,1,0.9189,,,,,INSUFFICIENT_TEMPORAL_DATA,,,,,INSUFFICIENT_ENGAGEMENT_DATA,negative,0.9936,0.0011,0.0053,0.9936,surprise,0
IG-000694,Hafizah Ajha,"akun nya tiba' hilang dan di benerin gk bisa pdhl di akun yng hilang itu bnyk sekali foto' dan tugas' sya, semua sandi, nama pengguna, nomor tlp, e-mail semua sudah benar tetapi akun nya tetap saja tidak bisa untuk di login kan kembali",,1,google_play_reviews,data/Review Instagram.csv,consumer_app_review,,,,,,235,235,43,43,5.47,0,0,0,0,0,0.0,0,0,0,0.7907,,,,,INSUFFICIENT_TEMPORAL_DATA,,,,,INSUFFICIENT_ENGAGEMENT_DATA,negative,0.972,0.0022,0.0258,0.972,sadness,1
IG-000695,Alex Chandrawinata,"Filter instagram di hp samsung a35 tolong di perbaiki sepertinya error pada update'an baru,karna berkedip saat memakai filter di instagram. Terima kasih",,1,google_play_reviews,data/Review Instagram.csv,consumer_app_review,,,,,,152,152,22,22,6.91,0,0,0,0,2,0.0132,0,0,2,0.8636,,,,,INSUFFICIENT_TEMPORAL_DATA,,,,,INSUFFICIENT_ENGAGEMENT_DATA,neutral,0.653,0.0037,0.653,0.3433,joy,0
IG-000696,Kaji Rozaq,"serius ini story archive Instagram di ilangin???story archives Instagram ku juga pd ilang , pdhl sengaja selama ini nyimpen kenangan di story IG krna biar memori gk full dan kpn kpn bisa dilihat. otw g pake instagram lagi klo kyk gini, kecewa berattttt. saran aku sih jangan gegabah ya!!",,2,google_play_reviews,data/Review Instagram.csv,consumer_app_review,,,,,,287,287,49,49,5.86,0,0,0,0,4,0.0139,2,3,0,0.8776,,,,,INSUFFICIENT_TEMPORAL_DATA,,,,,INSUFFICIENT_ENGAGEMENT_DATA,negative,0.9976,0.0014,0.001,0.9976,sadness,0
IG-000697,Mughanni Ojy,"tolong Ig udh sebulan gak bisa masukin akun di Instagram padahal nama ama sandi da benar tpi gak bisa masuk"" sandi salah terus, padahal cobain masuk di ig teman kok bisa,tolong lah masa apk se laris ini punya bug yg gak masuk akal gitu sih",,1,google_play_reviews,data/Review Instagram.csv,consumer_app_review,,,,,,239,239,45,45,5.31,0,0,0,0,2,0.0084,0,0,0,0.8222,,,,,INSUFFICIENT_TEMPORAL_DATA,,,,,INSUFFICIENT_ENGAGEMENT_DATA,negative,0.9954,0.002,0.0026,0.9954,surprise,0
IG-000698,PASMOD teknik,untuk saat ini instagram tidak seperti dulu.terlalu menutup mata dengan kejadian yg ada.kabanyakan koment yg di take down untuk kebenaran. dan aplikasi terlalu berat juga.,,1,google_play_reviews,data/Review Instagram.csv,consumer_app_review,,,,,,171,171,25,25,6.84,0,0,0,0,0,0.0,0,0,0,0.92,,,,,INSUFFICIENT_TEMPORAL_DATA,,,,,INSUFFICIENT_ENGAGEMENT_DATA,negative,0.9957,0.0031,0.0012,0.9957,anger,1
IG-000699,yoona raechela,Aplikasi nya sudah cukup bagus bagi saya. Namun saya menyarankan agar menambahkan fitur pengganti lagu pada postingan foto dan juga pengeditan rasio foto yang sudah terlanjur diposting🙏,,5,google_play_reviews,data/Review Instagram.csv,consumer_app_review,,,,,,185,185,27,27,6.85,0,0,0,1,2,0.0108,0,0,0,0.9259,,,,,INSUFFICIENT_TEMPORAL_DATA,,,,,INSUFFICIENT_ENGAGEMENT_DATA,neutral,0.667,0.088,0.667,0.2449,joy,1
IG-000700,Surya Kencana,Instagram error kah? Apa sedang ada perbaikan sistem? Saya mau buat story menggunakan foto knpa tiba-tiba tidak bisa?! Tolong development segera perbaiki.,,2,google_play_reviews,data/Review Instagram.csv,consumer_app_review,,,,,,154,154,22,22,7.0,0,0,0,0,4,0.026,1,3,0,1.0,,,,,INSUFFICIENT_TEMPORAL_DATA,,,,,INSUFFICIENT_ENGAGEMENT_DATA,negative,0.8857,0.0014,0.1129,0.8857,anger,1
IG-000701,Ginger HaHan,"setelah di update malah susah jaringan. padahal download film lancar. putar youtube gk masalah, fb gak maslaah. kok cmn ig yg kayak susah jaringan!!",,1,google_play_reviews,data/Review Instagram.csv,consumer_app_review,,,,,,148,148,24,24,6.17,0,0,0,0,0,0.0,2,0,0,0.9583,,,,,INSUFFICIENT_TEMPORAL_DATA,,,,,INSUFFICIENT_ENGAGEMENT_DATA,negative,0.9953,0.0022,0.0024,0.9953,surprise,0
IG-000702,Muhamad Mirwan,Akun saya tiba tiba diblokir sementara sedangkan nomor hp dan email sudah tidak aktif. Semenjak meta Ig baru saya juga tiba tiba hilang ntah berantah sudah diikuti secara langsung langkah langkah nya tetep aja hilang anehhh,,1,google_play_reviews,data/Review Instagram.csv,consumer_app_review,,,,,,223,223,36,36,6.19,0,0,0,0,3,0.0135,0,0,0,0.8056,,,,,INSUFFICIENT_TEMPORAL_DATA,,,,,INSUFFICIENT_ENGAGEMENT_DATA,negative,0.997,0.0009,0.0021,0.997,sadness,1
IG-000703,Wildatul Jannah,Kenapa story ig tidak dapat dilihat sedangkan story nya baru di naikin di story. Dan satu hal lagi aku telah mengupdate ig tpi kenapa fungsinya error,,2,google_play_reviews,data/Review Instagram.csv,consumer_app_review,,,,,,149,149,26,26,5.73,0,0,0,0,2,0.0134,0,0,0,0.8462,,,,,INSUFFICIENT_TEMPORAL_DATA,,,,,INSUFFICIENT_ENGAGEMENT_DATA,negative,0.9798,0.0015,0.0187,0.9798,surprise,0
IG-000704,Raiqa Adzra,"Camera nya di fix ya, soalnya saya buka jadinya blackscreen terus yang muncul, trus mau tambah musik juga ga bisa..bug nya tolong di perbaiki 🙏",,2,google_play_reviews,data/Review Instagram.csv,consumer_app_review,,,,,,143,143,25,25,5.72,0,0,0,1,1,0.007,0,0,0,0.92,,,,,INSUFFICIENT_TEMPORAL_DATA,,,,,INSUFFICIENT_ENGAGEMENT_DATA,negative,0.5967,0.0084,0.3949,0.5967,anger,0
IG-000705,Ananda Adelia F,Punya teman temanku Instagram nya sudah versi terbaru semua cuma punyaku yg tidak padahal sudah di update berkali-kali sedih sekali jika begini font tidak ada yg baru begitupun dengan instastory nya,,4,google_play_reviews,data/Review Instagram.csv,consumer_app_review,,,,,,198,198,31,31,6.39,0,0,0,0,2,0.0101,0,0,0,0.871,,,,,INSUFFICIENT_TEMPORAL_DATA,,,,,INSUFFICIENT_ENGAGEMENT_DATA,negative,0.9854,0.012,0.0026,0.9854,sadness,1
IG-000706,Wkwk 1234,"saya kasih bintang 5, tapi tolong jangan hilangkan fitur arsip, karna itu sangat berguna sekali untuk kami pengguna Instagram, sayang sekali kalau fitur arsip dihilangkan.. semua kenangan kami otomatis terhapus juga karna kami menyimpan nya di Instagram (arsip). saya tidak rela fitur arsip dihilangkan, saya pun yakin kalau fitur arsip dihilangkan akan sepi peminat. jadi tolong jangan dihilangkan ya please 🥺",,5,google_play_reviews,data/Review Instagram.csv,consumer_app_review,,,,,,410,410,61,61,6.72,0,0,0,1,2,0.0049,0,0,1,0.7541,,,,,INSUFFICIENT_TEMPORAL_DATA,,,,,INSUFFICIENT_ENGAGEMENT_DATA,negative,0.7369,0.1573,0.1058,0.7369,sadness,1
IG-000707,Taniaza Hra,"DEAR INSTAGRAM, padahal kita cuman mengubah nama-nama yg sama. Lalu mengapa frekuensi yg tertera di ""tentang akun ini"" terhitung begitu banyak? Seakan-akan kita seperti orang yg berkarakter plin-plan & tidak berkomitmen.. mohon kebijakannya.",,5,google_play_reviews,data/Review Instagram.csv,consumer_app_review,,,,,,241,241,33,33,7.3,0,0,0,0,15,0.0622,0,1,0,0.9091,,,,,INSUFFICIENT_TEMPORAL_DATA,,,,,INSUFFICIENT_ENGAGEMENT_DATA,negative,0.959,0.0061,0.0349,0.959,anger,1
IG-000708,Erzyy Arhamm,"Pleasee arsipnya jangan di hapus. Soalnya Salah satu alasan gk keluar dari instagram karna bnyak kenangan yg tersimpan di arsip yg gaada di galeri lagi,kalau mau di simpan satu persatupun lamaa,soalnya banyak.Jangan ya.😭😭",,5,google_play_reviews,data/Review Instagram.csv,consumer_app_review,,,,,,221,221,33,33,6.7,0,0,0,2,4,0.0181,0,0,0,0.8485,,,,,INSUFFICIENT_TEMPORAL_DATA,,,,,INSUFFICIENT_ENGAGEMENT_DATA,negative,0.9745,0.009,0.0165,0.9745,sadness,0
IG-000709,Restu agustia,Untuk pihak instragram mengapa akun instagram yang baru saya buat dari kemarin saya pakai menjadi tidak bisa dipakai mohon diperbaiki🙏 saya kasih bintang satu dulu kalau instagram nya kalau sudah diperbaiki,,1,google_play_reviews,data/Review Instagram.csv,consumer_app_review,,,,,,206,206,31,31,6.65,0,0,0,1,1,0.0049,0,0,0,0.871,,,,,INSUFFICIENT_TEMPORAL_DATA,,,,,INSUFFICIENT_ENGAGEMENT_DATA,neutral,0.8761,0.005,0.8761,0.1189,neutral,1
IG-000710,ninola,"akun instagram saya sudah 3 hari tidak bisa login. Saat ingin login diberi info ada masalah tak terduga. Tolong dr pihak instagram jgn dibuat susah akun yg ingin login !!!! kalau begini caranya, semua pada tidak bisa menikmati aplikasi ini",,1,google_play_reviews,data/Review Instagram.csv,consumer_app_review,,,,,,239,239,40,40,5.98,0,0,0,0,2,0.0084,4,0,1,0.85,,,,,INSUFFICIENT_TEMPORAL_DATA,,,,,INSUFFICIENT_ENGAGEMENT_DATA,negative,0.9573,0.0057,0.037,0.9573,anger,1
IG-000711,Ocha Salud Adianto (オチャです),"tolong untuk Instagram saat meng-upload video 16:9 saat selesai kenapa menjadi rasio 9:16 ya? pdhal versi sebelumnya sudh tidak seperti itu, knp sekarang menjadi seperti ini lagi ya? mohon segera diperbaiki!",,4,google_play_reviews,data/Review Instagram.csv,consumer_app_review,,,,,,207,207,31,31,6.68,0,0,0,0,1,0.0048,1,2,6,0.871,,,,,INSUFFICIENT_TEMPORAL_DATA,,,,,INSUFFICIENT_ENGAGEMENT_DATA,negative,0.9628,0.005,0.0323,0.9628,surprise,1
IG-000712,Andina Mara Santoso,Udah ngasih bintang 5 ternyata akunQ di tangguhkan tanpa sebab.. Konfirmasi via email gaaa di kirim2 kodenya.. Via fb yg tertaut tidak bisa login jg.. Via wa katanya nomer tidak terdaftar.. Daftar baru nomernya katanya terdaftar di ig yg di tangguhkan.. Saya tidak pernah melanggar aturan kenapa di tangguhkan,,1,google_play_reviews,data/Review Instagram.csv,consumer_app_review,,,,,,309,309,49,49,6.31,0,0,0,0,7,0.0227,0,0,2,0.7755,,,,,INSUFFICIENT_TEMPORAL_DATA,,,,,INSUFFICIENT_ENGAGEMENT_DATA,positive,0.8373,0.8373,0.1158,0.047,surprise,1
IG-000713,rizky adittama,aplikasinya sudah bagus fiturnya juga oke tapi ad sedikit bug setiap mau ngirim video atau ngechat lewat ig jadi mohon diperbaiki untuk developer nya,,5,google_play_reviews,data/Review Instagram.csv,consumer_app_review,,,,,,149,149,24,24,6.21,0,0,0,0,0,0.0,0,0,0,1.0,,,,,INSUFFICIENT_TEMPORAL_DATA,,,,,INSUFFICIENT_ENGAGEMENT_DATA,negative,0.9713,0.0128,0.0159,0.9713,joy,0
IG-000714,COLD FREZEE,"Tolong dong kalo kita upload vidio, kualitas vidionya bisa di naikin. Soalnya saya kalo upload vidio kualitasnya suka pecah kalo di bikin story. Padahal vidio aslinya jernih.",,5,google_play_reviews,data/Review Instagram.csv,consumer_app_review,,,,,,174,174,27,27,6.44,0,0,0,0,3,0.0172,0,0,0,0.8148,,,,,INSUFFICIENT_TEMPORAL_DATA,,,,,INSUFFICIENT_ENGAGEMENT_DATA,negative,0.9875,0.007,0.0055,0.9875,joy,0
IG-000715,Siti Nurjanah,"Apk baguss, cuma aku mau minta permintaan buatin fitur baru dong kak, biar lebih privasi foto pp IG bisa dikunci, soalnya pengalaman aku sampe ada orang lain pake identitas dan foto aku disebarkn Buat fitur lebih kekinian ya kak , Terimakasih😊",,5,google_play_reviews,data/Review Instagram.csv,consumer_app_review,,,,,,243,243,41,41,5.93,0,0,0,1,5,0.0206,0,0,0,0.878,,,,,INSUFFICIENT_TEMPORAL_DATA,,,,,INSUFFICIENT_ENGAGEMENT_DATA,neutral,0.8864,0.0828,0.8864,0.0308,neutral,0
IG-000716,Elyse,"baguss, fitur nya lengkap dan nyaman di gunakan, jenis video jg bagus dan sesuai ama size/ klo emg hd ya hd pas di sv, filter dan stickernya pada lucuu🥺🎀💗🌷",,5,google_play_reviews,data/Review Instagram.csv,consumer_app_review,,,,,,155,155,29,29,5.34,0,0,0,4,0,0.0,0,0,0,0.8621,,,,,INSUFFICIENT_TEMPORAL_DATA,,,,,INSUFFICIENT_ENGAGEMENT_DATA,positive,0.9136,0.9136,0.0802,0.0063,joy,0
IG-000717,Dewanty apa,"Kenapa yang gua jelek ya, story nya gabisa lama yang orang lain mah bisa semenit,trus sekarang gada lagu nya,semenjak update jadi jelek,sekarang jadi ada limitnya untuk follow orang pdhl sebelum nya ga pernah folow follow malah jadi gabisa follow karena di batasi",,1,google_play_reviews,data/Review Instagram.csv,consumer_app_review,,,,,,263,263,42,42,6.26,0,0,0,0,1,0.0038,0,0,0,0.8095,,,,,INSUFFICIENT_TEMPORAL_DATA,,,,,INSUFFICIENT_ENGAGEMENT_DATA,negative,0.9946,0.0031,0.0023,0.9946,anger,0
IG-000718,ke_rian _za,"Tolong kepada developer agar menyediakan fitur penghemat data , aplikasi nya masih sangat teramat boros dalam pemakaian data , handphone cepat panas ruang data nya begitu besar.",,1,google_play_reviews,data/Review Instagram.csv,consumer_app_review,,,,,,177,177,27,27,6.56,0,0,0,0,1,0.0056,0,0,0,0.8519,,,,,INSUFFICIENT_TEMPORAL_DATA,,,,,INSUFFICIENT_ENGAGEMENT_DATA,negative,0.9861,0.0096,0.0043,0.9861,anger,1
IG-000719,kezia ramadhania,"Pliesss lahhh fitur arsip jangan di ilangin, and ig lagi kenapa dah??? Kok gbisa lihat SG orang dari tadi siang tiba"". Pdhl udh di uninstall, di update, sampe di non aktifkan juga masih begitu juga🥺🥺",,3,google_play_reviews,data/Review Instagram.csv,consumer_app_review,,,,,,199,199,35,35,5.69,0,0,0,2,5,0.0251,0,3,0,0.9143,,,,,INSUFFICIENT_TEMPORAL_DATA,,,,,INSUFFICIENT_ENGAGEMENT_DATA,negative,0.9518,0.0068,0.0414,0.9518,surprise,0
IG-000720,renaresma,"knp sekarang jadi ga bisa log in ya? Padahal password nya bener tapi muncul terus kata ""kata sandi salah"", dicobain di Instagram web nya bisa dan udh bener tapi kalo di apk nya gabisa log in:(( udh dicoba semua akun dan muncul terus kata sandi salah:(",,1,google_play_reviews,data/Review Instagram.csv,consumer_app_review,,,,,,251,251,46,46,5.46,0,0,0,0,2,0.008,0,1,0,0.7174,,,,,INSUFFICIENT_TEMPORAL_DATA,,,,,INSUFFICIENT_ENGAGEMENT_DATA,negative,0.9722,0.0022,0.0256,0.9722,anger,0
IG-000721,HookBait Biter,"Wouuuupy, ini aplikasi jujur sangat banyak membantu saya sih apa lagi saya mendapat cukup banyak keuntungan di sinikarana saya juga dapet banyak orderan dari aplikasi ini, bahkan ini juga bisa di bilang sebagai aplikasi multi fungsi sih, ya entah kalian mau mencari ide, tips, meme ,dan lain lain ya intinya insyaallah semuanya ada dah keren keren 👍",,4,google_play_reviews,data/Review Instagram.csv,consumer_app_review,,,,,,349,349,57,57,6.12,0,0,0,1,1,0.0029,0,0,0,0.7895,,,,,INSUFFICIENT_TEMPORAL_DATA,,,,,INSUFFICIENT_ENGAGEMENT_DATA,positive,0.969,0.969,0.0204,0.0106,joy,1
IG-000722,Shara Ardiyan,"Halo..saya pengguna instagram dari lama..tetapi kenapa sekarang di akun saya tidak tersedia musik? Di catatan bertuliskan ""lagu yang anda pilih mungkin tidak tersedia di semua negara"", dan ketika saya ingin mempostinh story dengan lagu..itu tidak muncul lirik seperti sebelumnya, ini kenapa ya? Mohon untuk diperbaiki segera, karena saya ingin ngodein crush..terimakasih!😔💗🙏",,4,google_play_reviews,data/Review Instagram.csv,consumer_app_review,,,,,,374,374,51,51,7.33,0,0,0,3,3,0.008,1,2,0,0.8235,,,,,INSUFFICIENT_TEMPORAL_DATA,,,,,INSUFFICIENT_ENGAGEMENT_DATA,negative,0.8463,0.0289,0.1248,0.8463,surprise,1
IG-000723,Elisabet Inesa,"tolong dong instagram jangan ilangin fitur arsip ig, sayang story² yang udah lama ke save di arsip dan kenangan nya, masa harus ilang gitu aja, apalagi kalo di ig kelas, sayang banget, kenangan pas masa sekolah... minta tolong perbaiki fitur nya, agar instagar tetap ada arsip dan arsip yg sifatnya video jangan dijadiin gambar🥺🥺🙏🏻🙏🏻🙏🏻",,3,google_play_reviews,data/Review Instagram.csv,consumer_app_review,,,,,,335,335,54,54,6.2,0,0,0,8,0,0.0,0,0,0,0.7778,,,,,INSUFFICIENT_TEMPORAL_DATA,,,,,INSUFFICIENT_ENGAGEMENT_DATA,negative,0.8611,0.0332,0.1058,0.8611,sadness,0
IG-000724,gallant 2307,"semua perizinan kamera sudah saya aktifkan tapi mengapa kamera Instagram tidak bisa di gunakan tampilan layar nya hitam baik kamera depan dan belakang,harap segera di beri cara dan di perbaiki lagi aplikasi ini",,1,google_play_reviews,data/Review Instagram.csv,consumer_app_review,,,,,,210,210,33,33,6.36,0,0,0,0,1,0.0048,0,0,0,0.8485,,,,,INSUFFICIENT_TEMPORAL_DATA,,,,,INSUFFICIENT_ENGAGEMENT_DATA,negative,0.5539,0.0082,0.4379,0.5539,anger,1
IG-000725,Lrs Alita,"Saya sudah 3 kali kehilangan akun, da selalu bermasalah untuk login. Aplikasi yang buruk, keamanan buruk, sama sekali tidak ada peningkatan",,1,google_play_reviews,data/Review Instagram.csv,consumer_app_review,,,,,,139,139,21,21,6.62,0,0,0,0,2,0.0144,0,0,1,0.9524,,,,,INSUFFICIENT_TEMPORAL_DATA,,,,,INSUFFICIENT_ENGAGEMENT_DATA,negative,0.9902,0.0022,0.0076,0.9902,anger,1
IG-000726,Anggia Febrina,"Fitur Instagramkan makin terupdate nih ya, nah sempet beberapa lalu font tulisan tuh pada bagus bagus. trus skrg udh gk ada lg, tpi di Instagram org org masih ada font barunya tpi di aku gk ada itu gmna yaaa",,5,google_play_reviews,data/Review Instagram.csv,consumer_app_review,,,,,,207,207,39,39,5.31,0,0,0,0,3,0.0145,0,0,0,0.8205,,,,,INSUFFICIENT_TEMPORAL_DATA,,,,,INSUFFICIENT_ENGAGEMENT_DATA,negative,0.9153,0.0134,0.0714,0.9153,joy,0
IG-000727,Zahro Putri,"hari ini knpa kalo saat saya lihat story ig tulisannya ""cerita tidak tersedia"", pdahal emng ada story di orang lain, tolong untuk diperbaiki, saya sampe mati hidupin data berulang kali, tpi sama aja",,2,google_play_reviews,data/Review Instagram.csv,consumer_app_review,,,,,,198,198,33,33,6.0,0,0,0,0,0,0.0,0,0,0,0.9394,,,,,INSUFFICIENT_TEMPORAL_DATA,,,,,INSUFFICIENT_ENGAGEMENT_DATA,negative,0.994,0.0014,0.0047,0.994,anger,1
IG-000728,Patricia Leman,"Instagram, tolong perbaiki fitur ""pengajuan banding"". Saya tau fitur ini dibuat demi kenyamanan dan keamanan bersama, tapi saya sedang memiliki kebutuhan yang cukup urgent, dan sayangnya saya tidak bisa membuat akun khusus. katanya ditinjau selama 24 jam, tapi ini sudah 4 hari dan tidak ada kemajuan. Mohon bantuannya. 🙏",,3,google_play_reviews,data/Review Instagram.csv,consumer_app_review,,,,,,321,321,49,49,6.55,0,0,0,1,3,0.0093,0,0,3,0.8367,,,,,INSUFFICIENT_TEMPORAL_DATA,,,,,INSUFFICIENT_ENGAGEMENT_DATA,negative,0.4979,0.0254,0.4767,0.4979,anger,1
IG-000729,M. Dani Abdurrahman,"kenapa skrng ig jadi ngerubah suara story jadi semakin rendah? yg asal mula nya musik nya nyaring jadi suara pelan gini, plis update woi..",,2,google_play_reviews,data/Review Instagram.csv,consumer_app_review,,,,,,138,138,24,24,5.75,0,0,0,0,0,0.0,0,1,0,0.8333,,,,,INSUFFICIENT_TEMPORAL_DATA,,,,,INSUFFICIENT_ENGAGEMENT_DATA,negative,0.9936,0.0042,0.0022,0.9936,surprise,0
IG-000730,Sudiri Alby,"Aplikasi ini mudah digunakan. Banyak memperoleh informasi dan hiburan. Saya sudah lama memiliki apliksi ini, tapi sayangnya hanya sedikit teman saya yang menggunakan aplikasi ini jadi kurang berinteraksi.",,5,google_play_reviews,data/Review Instagram.csv,consumer_app_review,,,,,,204,204,28,28,7.29,0,0,0,0,3,0.0147,0,0,0,0.8929,,,,,INSUFFICIENT_TEMPORAL_DATA,,,,,INSUFFICIENT_ENGAGEMENT_DATA,negative,0.7761,0.2107,0.0132,0.7761,anger,1
IG-000731,Ryan Aziz,"Tolong di permudah waktu edit sorotan, soalnya saya tekan selesai memuatnya sangat lama hingga beberapa menit , membuat saya kesal dan saya coba 10 × baru bisa. *SEMOGA KOMENTAR SAYA DI JAWAB*",,5,google_play_reviews,data/Review Instagram.csv,consumer_app_review,,,,,,192,192,32,32,6.0,0,0,0,0,26,0.1354,0,0,2,0.875,,,,,INSUFFICIENT_TEMPORAL_DATA,,,,,INSUFFICIENT_ENGAGEMENT_DATA,negative,0.9342,0.0094,0.0565,0.9342,anger,1
IG-000732,Amanda Puteri,"Buka story trus pake filter malah kelap kelip item putih gejelas uda di uninstal trus download lg masi sama aja pdhl kondisi hp dan kamera bisa itu baik"" saja gmn si ini ig nya yg bug atau gmn si tolong di perbaiki",,1,google_play_reviews,data/Review Instagram.csv,consumer_app_review,,,,,,214,214,42,42,5.1,0,0,0,0,1,0.0047,0,0,0,0.9048,,,,,INSUFFICIENT_TEMPORAL_DATA,,,,,INSUFFICIENT_ENGAGEMENT_DATA,negative,0.9775,0.0021,0.0204,0.9775,anger,0
IG-000733,Afwan Riyadi,"kenapa model repost an video balik ke setelan awal ya? padahal uda bagus loh yg kemarin modelnya lengkung mirip repost an iPhone, eh ini balik jdi persegi panjang lagi. ubah lagi dong ke model lengkung repost an nya!",,3,google_play_reviews,data/Review Instagram.csv,consumer_app_review,,,,,,216,216,38,38,5.68,0,0,0,0,1,0.0046,1,1,0,0.7895,,,,,INSUFFICIENT_TEMPORAL_DATA,,,,,INSUFFICIENT_ENGAGEMENT_DATA,negative,0.9368,0.0247,0.0385,0.9368,surprise,0
IG-000734,Hilda Tiara,"tolong jangan hapus fitur arsip cerita, jadi semakin ga suka main instagram semenjak beberapa foto/video di arsipan akun instagram saya hilang dan meta tidak bisa bertanggung jawab untuk mengembalikannya:(((",,1,google_play_reviews,data/Review Instagram.csv,consumer_app_review,,,,,,207,207,29,29,7.14,0,0,0,0,0,0.0,0,0,0,0.9655,,,,,INSUFFICIENT_TEMPORAL_DATA,,,,,INSUFFICIENT_ENGAGEMENT_DATA,negative,0.995,0.0015,0.0035,0.995,sadness,1
IG-000735,Pengguna Google,"Cuma 1 sih kekurangan yang sangat menggangu sih buat gua, iklan lewat pas kita liat SG, ya gua tau kalau itu salah satu pemasukan buat meta, tapi kalau bisa kurangin dikitlah, selebihnya dah cukup sih",,4,google_play_reviews,data/Review Instagram.csv,consumer_app_review,,,,,,200,200,35,35,5.71,0,0,0,0,3,0.015,0,0,1,0.8857,,,,,INSUFFICIENT_TEMPORAL_DATA,,,,,INSUFFICIENT_ENGAGEMENT_DATA,negative,0.9665,0.0289,0.0047,0.9665,anger,0
IG-000736,salon cece,"Banyak bget masalah nya di Instagram ini update story aja susah banyak ini itu nya .. padahal Instagram gak pernah di apa""in . sinyal kuat jg update status GK bisa hapus cache sama ..apa sih aplikasi bgni amat..dah 3 hri upload story GK kekirim trus.. update story di Instagram banyak banget yang gagal terkirim.arsip jg banyak yg kehapus smkin buruk aja .playann nya .GK kayak apk"" yg lain",,1,google_play_reviews,data/Review Instagram.csv,consumer_app_review,,,,,,390,390,68,68,5.74,0,0,0,0,10,0.0256,0,0,1,0.7353,,,,,INSUFFICIENT_TEMPORAL_DATA,,,,,INSUFFICIENT_ENGAGEMENT_DATA,negative,0.9944,0.0047,0.001,0.9944,anger,0
IG-000737,Wulan,"makin gaje Instagram, mo nambahin audio di story dan postingan ga ada. ngesave audio ga ada fiturnya hadehhhhhhhhhh",,1,google_play_reviews,data/Review Instagram.csv,consumer_app_review,,,,,,115,115,18,18,6.39,0,0,0,0,1,0.0087,0,0,0,0.8889,,,,,INSUFFICIENT_TEMPORAL_DATA,,,,,INSUFFICIENT_ENGAGEMENT_DATA,negative,0.9972,0.0008,0.002,0.9972,anger,0
IG-000738,Tri Muliyana,Kenapa foto srsipan saya gelap ada tanda seru nya dan katanya cerita ini sudah tersedia lagi dan tidak dapat di pulihkan otomatis akan di hapus dari arsip paling lambat Juli 2025 Banyak kenangan lo di arisan dengan gampang nya menghapus smua itu tolong ya di perbaiki itu jangan sampai terhapus,,1,google_play_reviews,data/Review Instagram.csv,consumer_app_review,,,,,,294,294,50,50,5.88,0,0,0,0,3,0.0102,0,0,4,0.88,,,,,INSUFFICIENT_TEMPORAL_DATA,,,,,INSUFFICIENT_ENGAGEMENT_DATA,negative,0.9849,0.0102,0.005,0.9849,sadness,1
IG-000739,R U D Z,"Di HP temen bisa pause reels tanpa perlu ditahan yaitu tinggal klik doan, lah di HP saya masih perlu ditahan untuk meng pause suatu vidio reels, ini gimana sih updatenya kok gk merata?",,1,google_play_reviews,data/Review Instagram.csv,consumer_app_review,,,,,,184,184,33,33,5.58,0,0,0,0,5,0.0272,0,1,0,0.8485,,,,,INSUFFICIENT_TEMPORAL_DATA,,,,,INSUFFICIENT_ENGAGEMENT_DATA,negative,0.9789,0.0088,0.0123,0.9789,surprise,0
IG-000740,dzakiyyah,"pliss jangan dihapus archive nya jangan dihilangin, justrus archive yang bikin kita betah pake aplikasi ini, kalo dia dihilangin bakal kurang, jadinya sama aja dong kayak aplikasi sebelah. udah nyaman sama instagram tolong jangan dihilangin fitur apapun itu, pliss... kenangan kenangan semua ada disana, ribet kalo harus mindahin lagi, intinya jangan sampe dihilangin itu aja...",,5,google_play_reviews,data/Review Instagram.csv,consumer_app_review,,,,,,378,378,55,55,6.87,0,0,0,0,0,0.0,0,0,0,0.8182,,,,,INSUFFICIENT_TEMPORAL_DATA,,,,,INSUFFICIENT_ENGAGEMENT_DATA,negative,0.8921,0.1024,0.0055,0.8921,sadness,0
IG-000741,Anisa Oktaviani,"saya beri bintang 5 asalkan Instagram tetap mempertahankan fitur Archive Story, karena fitur ini sangat berguna untuk menyimpan kenangan dan momen berharga tanpa harus membagikannya secara permanen di profil.",,5,google_play_reviews,data/Review Instagram.csv,consumer_app_review,,,,,,208,208,29,29,7.17,0,0,0,0,3,0.0144,0,0,1,0.9655,,,,,INSUFFICIENT_TEMPORAL_DATA,,,,,INSUFFICIENT_ENGAGEMENT_DATA,positive,0.8429,0.8429,0.1483,0.0088,sadness,1
IG-000742,wahyu kharisma,"Instagram kenapa menghapus postingan design yang jelas jelas saya buat original dari 0 tanpa plagiat mencontek atau meng upload karya orang lain, sistem penilaian ai Instagram sangat buruk, tolong di perbaiki, sebelumnya terjadi dgn beberapa teman creator yang postingan karya orisinil mereka di hapus dengan alasan plagiasi, sekarang terjadi lagi di saya.",,3,google_play_reviews,data/Review Instagram.csv,consumer_app_review,,,,,,356,356,52,52,6.85,0,0,0,0,2,0.0056,0,0,1,0.8462,,,,,INSUFFICIENT_TEMPORAL_DATA,,,,,INSUFFICIENT_ENGAGEMENT_DATA,negative,0.997,0.0015,0.0015,0.997,surprise,1
IG-000743,Miftachul Au'lidhina,Tolong teramat sangat!!! Fitur highlight nya jangan di hapus!!! Arsipannya juga jangan di hapus!!! Karna itu penting dan mempermudah kita. Kalau seperti ini ya jadinya IG ga berfungsi lagi & dijamin 100% semua orang akan hilang respect dengan IG. TOLONG DI PERTIMBANGKAN YA!!!,,3,google_play_reviews,data/Review Instagram.csv,consumer_app_review,,,,,,276,276,43,43,6.42,0,0,0,0,32,0.1159,12,0,3,0.8837,,,,,INSUFFICIENT_TEMPORAL_DATA,,,,,INSUFFICIENT_ENGAGEMENT_DATA,negative,0.9292,0.0595,0.0113,0.9292,sadness,1
IG-000744,Zero Gaming,"untuk pihak instagram saya ingin menanyakan terkait masalah saya, saya tidak bisa mengupload vidio (memeriksa koneksi) seperti itu terus kenapa ya? .untuk repost dan post foto masih bisa cuma untuk vidio selalu seperti itu",,5,google_play_reviews,data/Review Instagram.csv,consumer_app_review,,,,,,222,222,34,34,6.53,0,0,0,0,0,0.0,0,1,0,0.8235,,,,,INSUFFICIENT_TEMPORAL_DATA,,,,,INSUFFICIENT_ENGAGEMENT_DATA,neutral,0.6075,0.0102,0.6075,0.3823,surprise,1
IG-000745,Muhammad Azmi Maulana,"Perbaiki lagi bug menambahkan musik dibio, sudah ditambahkan tapi setelah itu hilang lagi.",,3,google_play_reviews,data/Review Instagram.csv,consumer_app_review,,,,,,90,90,13,13,6.92,0,0,0,0,1,0.0111,0,0,0,1.0,,,,,INSUFFICIENT_TEMPORAL_DATA,,,,,INSUFFICIENT_ENGAGEMENT_DATA,negative,0.9462,0.001,0.0528,0.9462,sadness,0
IG-000746,FAJAR RIZQI AKBAR,saya mendengar kalau fitur archive akan segera di hapus apakah benar?? jika memang benar.... tolong untuk jangan sampai hapus fitur archive tersebut..... karna banyak orang yang memanfaatkan fitur tersebut untuk menyimpan sebuah kenangan,,1,google_play_reviews,data/Review Instagram.csv,consumer_app_review,,,,,,237,237,33,33,7.18,0,0,0,0,0,0.0,0,2,0,0.8485,,,,,INSUFFICIENT_TEMPORAL_DATA,,,,,INSUFFICIENT_ENGAGEMENT_DATA,negative,0.9691,0.0138,0.0171,0.9691,sadness,1
IG-000747,Nurliana liana,Ah makin ke sini gak bagus banyak fitur yang hilang.. tiba tiba comen hilang.. vidio susah upload.. kebijakannya kurang bagus. masa komen dikit ja gak bisa.. tolong perbaiki donk.,,1,google_play_reviews,data/Review Instagram.csv,consumer_app_review,,,,,,179,179,29,29,6.17,0,0,0,0,1,0.0056,0,0,0,0.8966,,,,,INSUFFICIENT_TEMPORAL_DATA,,,,,INSUFFICIENT_ENGAGEMENT_DATA,negative,0.998,0.001,0.001,0.998,surprise,0
IG-000748,Aulia Firokhah,"Bintang satu jika pihak Instagram menghilangkan arsip story , please banget jangan dihapus karna arsip lah membuat kenangan dari foto dan Vidio yg udh lama di simpan ini sangat berguna banget dalam aplikasi Instagram 🙏🏻",,1,google_play_reviews,data/Review Instagram.csv,consumer_app_review,,,,,,219,219,35,35,6.26,0,0,0,2,4,0.0183,0,0,0,0.9143,,,,,INSUFFICIENT_TEMPORAL_DATA,,,,,INSUFFICIENT_ENGAGEMENT_DATA,positive,0.8415,0.8415,0.0636,0.0949,sadness,1
IG-000749,Firgiawan Dwi,"Masalah mulu sumpah ""maaf.ada masalah"".tolong ini kenapa masukin pw bener gl bisa masukin pw salah gk bisa, terus harus di masukin apa truk molen sumpah dah tolong ini du fix. Gw tau ini demi keamanan tapi ya gk gini, masak log in pake HP yg pertama buat aku gk bisa. Dahlah. Moga di baca",,1,google_play_reviews,data/Review Instagram.csv,consumer_app_review,,,,,,288,288,54,54,5.33,0,0,0,0,6,0.0208,0,0,0,0.8333,,,,,INSUFFICIENT_TEMPORAL_DATA,,,,,INSUFFICIENT_ENGAGEMENT_DATA,negative,0.9899,0.0059,0.0042,0.9899,surprise,0
IG-000750,Wa Ode Aulia Maulida Sari,Ga Jelas! Diminta ajukan banding. Giliran dah disetujui disuruh masukin kode yang dikirim lewat email. Tapi sampai sekarang tuh kode kagak dikirim kirim. Padahal jaringan juga stabil dah ga tau apa yang salah. Emang dari aplikasi nya aja yang GA JELAS,,1,google_play_reviews,data/Review Instagram.csv,consumer_app_review,,,,,,251,251,41,41,6.12,0,0,0,0,14,0.0558,1,0,0,0.8293,,,,,INSUFFICIENT_TEMPORAL_DATA,,,,,INSUFFICIENT_ENGAGEMENT_DATA,negative,0.9959,0.0015,0.0026,0.9959,anger,0
IG-000751,Febbyola,"kalo kata gua adain aja fitur hd nya kaya apk sebelah, gua kirim download dari ig, gila kualitas videonya jelek banget. baca napa minimal, jangan fitur kaya font yang ga dibutuh butuhin doang yang diperhatiin ini masalah kualitas gabisa hd",,1,google_play_reviews,data/Review Instagram.csv,consumer_app_review,,,,,,239,239,40,40,5.98,0,0,0,0,0,0.0,0,0,0,0.85,,,,,INSUFFICIENT_TEMPORAL_DATA,,,,,INSUFFICIENT_ENGAGEMENT_DATA,negative,0.9978,0.0012,0.001,0.9978,anger,0
IG-000752,vicka nailah,kenapa di Instagram ketika ingin memposting foto ada bacaan terjadi kesalahan yang tidak diketahui ya? sewaktu mencari solusi hapus cache dan update aplikasi tetap saja terjadi bug seperti itu,,3,google_play_reviews,data/Review Instagram.csv,consumer_app_review,,,,,,192,192,29,29,6.62,0,0,0,0,1,0.0052,0,1,0,0.9655,,,,,INSUFFICIENT_TEMPORAL_DATA,,,,,INSUFFICIENT_ENGAGEMENT_DATA,negative,0.9885,0.002,0.0095,0.9885,surprise,1
IG-000753,Herlina Shafiradaryanto,"Kenapa video arsip dari 2021 kebawah tidak bisa bergerak sama sekali, padahal sengaja banyak simpan kenangan disana. tapi tidak bisa diputar kembali. Tolong pihak instagram",,3,google_play_reviews,data/Review Instagram.csv,consumer_app_review,,,,,,172,172,25,25,6.88,0,0,0,0,2,0.0116,0,0,4,0.92,,,,,INSUFFICIENT_TEMPORAL_DATA,,,,,INSUFFICIENT_ENGAGEMENT_DATA,negative,0.932,0.0016,0.0664,0.932,sadness,1
IG-000754,raraiqAa,"ig banyak bug nya, setiap up story selalu ga bisa dan muncul tulisan kesalahan, tolong di perbaiki",,3,google_play_reviews,data/Review Instagram.csv,consumer_app_review,,,,,,98,98,17,17,5.76,0,0,0,0,0,0.0,0,0,0,1.0,,,,,INSUFFICIENT_TEMPORAL_DATA,,,,,INSUFFICIENT_ENGAGEMENT_DATA,negative,0.9905,0.0009,0.0086,0.9905,anger,0
IG-000755,Resti Sari,"Instagram ini emng beda ya audio/suaranya sangat kecil dari aplikasi yang lain seperti threads dsb. Padahal volume sudah besar, Tolong perbaiki",,2,google_play_reviews,data/Review Instagram.csv,consumer_app_review,,,,,,143,143,21,21,6.81,0,0,0,0,3,0.021,0,0,0,1.0,,,,,INSUFFICIENT_TEMPORAL_DATA,,,,,INSUFFICIENT_ENGAGEMENT_DATA,negative,0.9887,0.0062,0.0051,0.9887,anger,1
IG-000756,Janeta Maulana,"jujur aja fitur barunya sih makin banyak, tapi minimal perbaikin dulu kek masalah arsipan story ig (ada yg gabisa dibuka, blur, trs vid jd fto) , yakali eror trs diapus pihak ignya? jujur aja ya daripada banyakin fitur ga terlalu penting mending perbaikin masalah arsip ig dulu, masalahnya banyak kenangan di arsip ig yakali ilang eror trs lu apus.",,1,google_play_reviews,data/Review Instagram.csv,consumer_app_review,,,,,,348,348,59,59,5.9,0,0,0,0,0,0.0,0,1,0,0.7966,,,,,INSUFFICIENT_TEMPORAL_DATA,,,,,INSUFFICIENT_ENGAGEMENT_DATA,negative,0.983,0.0077,0.0092,0.983,sadness,0
IG-000757,Anggia Pitaomas Rajagukguk,"Tolong Instagram, kenapa setelah update versi terbaru waktu buat instagram story menggunakan effect jadi kedip-kedip yaaa??? Ngebug gitu tolong gmn solusinya",,1,google_play_reviews,data/Review Instagram.csv,consumer_app_review,,,,,,157,157,21,21,7.48,0,0,0,0,3,0.0191,0,3,0,0.9524,,,,,INSUFFICIENT_TEMPORAL_DATA,,,,,INSUFFICIENT_ENGAGEMENT_DATA,negative,0.891,0.0021,0.1069,0.891,surprise,0
IG-000758,Antan Bahrul,"Tolong dong masa hp saya kamerany udaa 108mp , support 4K , kenapa yaa setiap upload story selalu buram hasil nya , ini PR sih buat IG , apa harus selalu merek hp tertentu saja yang dapet fitur jernih kalo upload story ?",,1,google_play_reviews,data/Review Instagram.csv,consumer_app_review,,,,,,220,220,43,43,5.12,0,0,0,0,6,0.0273,0,1,4,0.8372,,,,,INSUFFICIENT_TEMPORAL_DATA,,,,,INSUFFICIENT_ENGAGEMENT_DATA,negative,0.9838,0.0053,0.0109,0.9838,surprise,0
IG-000759,Khairunisa,"kenapa tiba tiba fitur musik di profil/di bio hilang di akun saya? di akun kedua saya masih ada namun, di akun yang pertama udah ilang fiturnya. Mohon di percepat perbaikan nya, terimakasih atas perhatiannya🙏",,4,google_play_reviews,data/Review Instagram.csv,consumer_app_review,,,,,,208,208,34,34,6.12,0,0,0,1,1,0.0048,0,1,0,0.7941,,,,,INSUFFICIENT_TEMPORAL_DATA,,,,,INSUFFICIENT_ENGAGEMENT_DATA,negative,0.5,0.0075,0.4925,0.5,sadness,1
IG-000760,Alok Diskon,"aplikasi gajelas saya tidak salah apa apa akun saya kena blokir, lalu buat akun lagi bermasalah tidak bisa mengikuti apk banyak ngebugnya aneh, dan tolong perbaiki lagi, terimakasih",,1,google_play_reviews,data/Review Instagram.csv,consumer_app_review,,,,,,181,181,28,28,6.46,0,0,0,0,0,0.0,0,0,0,0.8571,,,,,INSUFFICIENT_TEMPORAL_DATA,,,,,INSUFFICIENT_ENGAGEMENT_DATA,negative,0.9968,0.001,0.0022,0.9968,anger,1
IG-000761,Riyanti Riyanti,Kenangan tetap ada di Instagram... walaupun HP lama telah hilang..yaah beruntung punya Instagram bisa mengekspor ke HP baru dari akun lama.. thank you 🙏☺️,,5,google_play_reviews,data/Review Instagram.csv,consumer_app_review,,,,,,154,154,24,24,6.42,0,0,0,2,7,0.0455,0,0,0,0.9583,,,,,INSUFFICIENT_TEMPORAL_DATA,,,,,INSUFFICIENT_ENGAGEMENT_DATA,positive,0.5173,0.5173,0.472,0.0106,sadness,1
IG-000762,Nurul Qamri,"Tolong kualitas foto dan video jangan di kompres saat di post. Dan tolong jangan hilangkan arsip Ig, hanya di ig saja saya menyimpan arsip2 kenangan digital saya.",,1,google_play_reviews,data/Review Instagram.csv,consumer_app_review,,,,,,162,162,27,27,6.0,0,0,0,0,3,0.0185,0,0,1,0.8148,,,,,INSUFFICIENT_TEMPORAL_DATA,,,,,INSUFFICIENT_ENGAGEMENT_DATA,negative,0.9868,0.0016,0.0117,0.9868,sadness,1
IG-000763,indah berliana,"dah bagus, cuman kalo ada tambahan fitur tolong ada di semua akun ya. soalnya fitur-fitur yang baru (kayak font, bingkai, dll) itu cuman ada di akun kedua saya yang jarang saya pakai, di akun utama yang sering saya pakai malah tidak ada. tolong diperbaiki lagi ya🙏🏻",,5,google_play_reviews,data/Review Instagram.csv,consumer_app_review,,,,,,265,265,46,46,5.76,0,0,0,2,0,0.0,0,0,0,0.7391,,,,,INSUFFICIENT_TEMPORAL_DATA,,,,,INSUFFICIENT_ENGAGEMENT_DATA,negative,0.6477,0.0328,0.3195,0.6477,anger,1
IG-000764,Sofia Murida,"Hari ini instagram ku seharian gak ada muncul story instagram di beranda, udah di refresh terus, tetap gak ada hasil, tapi kalau lihat akun orang ada story nya, tapi di beranda sama sekali tidak muncul story followers, tolong dijawab admin, saya sudah coba laporkan masalah di instagram, belum di respon sampai sekarang Terimakasih",,4,google_play_reviews,data/Review Instagram.csv,consumer_app_review,,,,,,331,331,53,53,6.25,0,0,0,0,2,0.006,0,0,0,0.7736,,,,,INSUFFICIENT_TEMPORAL_DATA,,,,,INSUFFICIENT_ENGAGEMENT_DATA,negative,0.5058,0.0177,0.4766,0.5058,anger,1
IG-000765,Juri Anto,Assalamualaikum rekomendasi dari saya Instagram bagus buat yang insekyur sama wajah nya sendiri termasuk saya sendiri dan yang gak PD sama muka nya sekian dari saya kurang lebih nya mohon maaf wassalamualaykum🙏,,1,google_play_reviews,data/Review Instagram.csv,consumer_app_review,,,,,,210,210,32,32,6.56,0,0,0,1,4,0.019,0,0,0,0.75,,,,,INSUFFICIENT_TEMPORAL_DATA,,,,,INSUFFICIENT_ENGAGEMENT_DATA,positive,0.4912,0.4912,0.3159,0.1929,joy,1
IG-000766,Mambaul Khofshoh,"fitur arsip jangan di hilangkan, overall bagus. tapi fitur arsip jangan dihilangkan karena itu fitur paling berguna.",,5,google_play_reviews,data/Review Instagram.csv,consumer_app_review,,,,,,116,116,17,17,6.82,0,0,0,0,0,0.0,0,0,0,0.7647,,,,,INSUFFICIENT_TEMPORAL_DATA,,,,,INSUFFICIENT_ENGAGEMENT_DATA,positive,0.9694,0.9694,0.0191,0.0115,joy,1
IG-000767,Ariven Barca,"Aplikasinya lumayan bagus, banyak konten hiburan dan juga edukasi. Yang perlu ditingkatkan, filterasi terhadap konten yang berbau pornografi, karena yang menggunakan apk ini tidak hanya orang dewasa",,5,google_play_reviews,data/Review Instagram.csv,consumer_app_review,,,,,,198,198,27,27,7.33,0,0,0,0,2,0.0101,0,0,0,0.8889,,,,,INSUFFICIENT_TEMPORAL_DATA,,,,,INSUFFICIENT_ENGAGEMENT_DATA,positive,0.9747,0.9747,0.0073,0.0179,joy,1
IG-000768,Gita Febrianti,"kenapa ya pas saya mau foto, buka kamera tiba tiba jadi full hitam. padahal kemarin kemarin aman aman aja. tolong dong ini kenapa? rata rata yang pake hp samsung pada kaya gini semua. tolong konfirmasi nya...",,1,google_play_reviews,data/Review Instagram.csv,consumer_app_review,,,,,,208,208,36,36,5.78,0,0,0,0,0,0.0,0,1,0,0.8611,,,,,INSUFFICIENT_TEMPORAL_DATA,,,,,INSUFFICIENT_ENGAGEMENT_DATA,negative,0.9796,0.001,0.0194,0.9796,surprise,0
IG-000769,Nadine Kirana putri,"bagusss,banyak fitur baru..tapi ini kenapa akun saya tiba tiba kehapus permanen ya?? udah nyoba buat akun baru pake Gmail yang lain juga tetep ga bisa,tolong dongg. soalnya disana banyak foto kenang kenangan,masalah followers bodoamat bener dah",,4,google_play_reviews,data/Review Instagram.csv,consumer_app_review,,,,,,244,244,36,36,6.78,0,0,0,0,1,0.0041,0,2,0,0.9444,,,,,INSUFFICIENT_TEMPORAL_DATA,,,,,INSUFFICIENT_ENGAGEMENT_DATA,negative,0.9923,0.0044,0.0032,0.9923,surprise,0
IG-000770,Amel Amelannisa,Kenapa ig jadi tidak bisa dibuka disuruh pengajuan 180 hari. Apaan ig aku mau hilang kah. Pdhl ig probadi itu. Sdh di vidio dan no hp juga semoga balik ig aku .klo gak balik gak mau main ig lg ribet.,,1,google_play_reviews,data/Review Instagram.csv,consumer_app_review,,,,,,199,199,40,40,4.97,0,0,0,0,4,0.0201,0,0,3,0.8,,,,,INSUFFICIENT_TEMPORAL_DATA,,,,,INSUFFICIENT_ENGAGEMENT_DATA,negative,0.9871,0.0031,0.0098,0.9871,sadness,0
IG-000771,Nofa Ardiansyah,"tolong lebih diperbaiki lagi bug nya, tidak bisa menambahkan sorotan, musik tidak bisa muncul padahal di akun lainnya bisa",,2,google_play_reviews,data/Review Instagram.csv,consumer_app_review,,,,,,122,122,19,19,6.42,0,0,0,0,0,0.0,0,0,0,0.8421,,,,,INSUFFICIENT_TEMPORAL_DATA,,,,,INSUFFICIENT_ENGAGEMENT_DATA,negative,0.9512,0.0015,0.0473,0.9512,anger,1
IG-000772,Laksamana Angga,"Devlopert instagram yg terhormat, sya tdk merasa melakukan planggaran apa pun, tiba-tiba sja akun sya di tangguhkan. Sya sdh mengajukan banding sejak kemarin, namun sampai detik ini belum membuahkan hasil yg baik.",,1,google_play_reviews,data/Review Instagram.csv,consumer_app_review,,,,,,213,213,32,32,6.66,0,0,0,0,2,0.0094,0,0,0,0.9062,,,,,INSUFFICIENT_TEMPORAL_DATA,,,,,INSUFFICIENT_ENGAGEMENT_DATA,neutral,0.49,0.0784,0.49,0.4316,neutral,1
IG-000773,Alin Cia,"kenapa sih instagram, padahal saya mau daftar tpi kenapa selalu muat ulang dan ga bisa? padahal itu mau saya buat post tugas sekolah tpi kenapa daftar aja instagram muat ulang terus? TOLONG DI PERBAIKI DONG",,1,google_play_reviews,data/Review Instagram.csv,consumer_app_review,,,,,,206,206,35,35,5.89,0,0,0,0,20,0.0971,0,2,0,0.7429,,,,,INSUFFICIENT_TEMPORAL_DATA,,,,,INSUFFICIENT_ENGAGEMENT_DATA,negative,0.9913,0.0013,0.0073,0.9913,surprise,0
IG-000774,Zulfadli Rahmat04,"unggah cerita dan postingan aja udah 2 jam nggk terunggah pulak, padahal kuota internet hidup 5gb tapi nggk bisa katanya menunggu koneksi plus satu lagi, orang lain bisa untuk ngepost ulang cerita orang ke ceritanya, karena ada opsi tambahkan ke cerita lah kenapa saya tidak ada, padahal saya sudah versi terbaru sudah update",,1,google_play_reviews,data/Review Instagram.csv,consumer_app_review,,,,,,325,325,53,53,6.13,0,0,0,0,0,0.0,0,0,2,0.8302,,,,,INSUFFICIENT_TEMPORAL_DATA,,,,,INSUFFICIENT_ENGAGEMENT_DATA,negative,0.7994,0.0306,0.17,0.7994,surprise,1
IG-000775,idk thx,"tolong di perbaiki bnyk error nya, ga ada otak bgt,masa iya ga ngefollow siapa² tiba² following nambah, trus jg tiba² di aktivitas like gue, nge like bnyk video orang luar gajelas amat",,2,google_play_reviews,data/Review Instagram.csv,consumer_app_review,,,,,,184,184,32,32,5.75,0,0,0,0,0,0.0,0,0,0,0.8438,,,,,INSUFFICIENT_TEMPORAL_DATA,,,,,INSUFFICIENT_ENGAGEMENT_DATA,negative,0.9685,0.005,0.0264,0.9685,anger,0
IG-000776,Ricky Setiawan,"Device saya setelah update ke Android 15, fitur stories pada aplikasi mengalami gangguan (freeze) ketika mencoba melihat stories selanjutnya . Tolong diperbaiki",,2,google_play_reviews,data/Review Instagram.csv,consumer_app_review,,,,,,160,160,22,22,7.27,0,0,0,0,3,0.0188,0,0,2,0.9545,,,,,INSUFFICIENT_TEMPORAL_DATA,,,,,INSUFFICIENT_ENGAGEMENT_DATA,negative,0.6601,0.0027,0.3372,0.6601,anger,1
IG-000777,Rendy Ardianto,Tiba2 terlogout dan tidak bisa login lagi. Padahal password dan username sudah benar. Tp anehnya di instagram lite bisa login tanpa masalah,,1,google_play_reviews,data/Review Instagram.csv,consumer_app_review,,,,,,139,139,22,22,6.32,0,0,0,0,3,0.0216,0,0,1,0.8636,,,,,INSUFFICIENT_TEMPORAL_DATA,,,,,INSUFFICIENT_ENGAGEMENT_DATA,negative,0.9132,0.0053,0.0815,0.9132,anger,1
IG-000778,Nunung Ratna Dewi,"Aplikasi yang mudah digunakan, banyak pilihannya, dan tidak susah untuk menyiarkan siaran langsung. Saya sangat menyukai nya. Good Job Instagram",,5,google_play_reviews,data/Review Instagram.csv,consumer_app_review,,,,,,144,144,20,20,7.2,0,0,0,0,5,0.0347,0,0,0,1.0,,,,,INSUFFICIENT_TEMPORAL_DATA,,,,,INSUFFICIENT_ENGAGEMENT_DATA,positive,0.9975,0.9975,0.0019,0.0006,joy,1
IG-000779,fajar pathul padhillah,Instagram kenapa ya?? akun ig saya ditangguhkan mulu. padahal saya login sendiri diperangkat saya. Malah disuruh banding. tolong dong diperbaiki keamanannya. dan harus nunggu 3 hari akunnya setelah banding,,1,google_play_reviews,data/Review Instagram.csv,consumer_app_review,,,,,,205,205,29,29,7.07,0,0,0,0,2,0.0098,0,2,1,0.9655,,,,,INSUFFICIENT_TEMPORAL_DATA,,,,,INSUFFICIENT_ENGAGEMENT_DATA,negative,0.9939,0.0007,0.0054,0.9939,surprise,1
IG-000780,LATIF ICHTIYAR,"setelah update, malah ngebug. setiap liat video reels or story pasti videonya nge delay. ga sinkron sama audionya. tlg diperbaiki ya",,5,google_play_reviews,data/Review Instagram.csv,consumer_app_review,,,,,,132,132,21,21,6.29,0,0,0,0,0,0.0,0,0,0,1.0,,,,,INSUFFICIENT_TEMPORAL_DATA,,,,,INSUFFICIENT_ENGAGEMENT_DATA,negative,0.9741,0.0014,0.0245,0.9741,anger,0
IG-000781,Christemanuel Harvin Budiman,"Algoritma videonya sangat bagus, dimana saya sedang over eating dan ingin konsisten ingin makan sehat 100% tanpa tepung, gula, minyak, pengawet, dll lalu ternyata ada video yang memotivasi saya untuk terus melakukan itu dengan lebih baik dan tidak perlu menghakimi makanan lain agar kedepan saya tidak over eating akan makanan yang saya cap kurang baik",,5,google_play_reviews,data/Review Instagram.csv,consumer_app_review,,,,,,352,352,55,55,6.4,0,0,0,0,1,0.0028,0,0,3,0.8,,,,,INSUFFICIENT_TEMPORAL_DATA,,,,,INSUFFICIENT_ENGAGEMENT_DATA,positive,0.9838,0.9838,0.004,0.0121,joy,1
IG-000782,Muhajir royhan Daffa,"sudah bagus cuman ada beberapa kendala seperti saya yang sering menyukai reels dan postingan orang lain yang emang karena saya sukai dan malah di anggap sebagai aktivitas spam, kejadian ini sudah terulang lebih dari 7 kali mohon lebih di perbaiki lagi,karena tujuan murni saya memang menyukai postingan orang lain, sudah saya lakukan pengajuan tapi proses verifikasinya bisa memakan waktu 1-2 bulan hal ini sangat menggangu mohon segera di perbaiki.",,4,google_play_reviews,data/Review Instagram.csv,consumer_app_review,,,,,,449,449,69,69,6.51,0,0,0,0,0,0.0,0,0,3,0.7826,,,,,INSUFFICIENT_TEMPORAL_DATA,,,,,INSUFFICIENT_ENGAGEMENT_DATA,negative,0.9843,0.0087,0.007,0.9843,joy,1
IG-000783,Fidia Novita Rahmawati,"kenapa saat membuat reels kita sendiri di Instagram tidak ada fitur menyimpan ke galeri, padahal dulu masih bisa sekarang udah ga ada,mohon di perbaiki.",,3,google_play_reviews,data/Review Instagram.csv,consumer_app_review,,,,,,152,152,24,24,6.33,0,0,0,0,1,0.0066,0,0,0,0.9583,,,,,INSUFFICIENT_TEMPORAL_DATA,,,,,INSUFFICIENT_ENGAGEMENT_DATA,neutral,0.5032,0.004,0.5032,0.4929,surprise,0
IG-000784,R.Sakura-chan,"Mengapa saya tidak bisa mendaftarkan akun saya??? Ma pake fb ataupun tidak tetap saja tidak mau??saya udh coba cek ulng siapa tau ad kesalahan namun mendapatkan hasil yg sm jga, saya juga udh mencoba buat download ulang Krn saya pikir ad sistem yg slh namun tetap saja mendapatkan hasil yg sm.Bahakan saya jga sudah menyampaikan mslh saya k tim Ig namun tidak menerima jawaban tolonglah perbaiki masalah ini",,1,google_play_reviews,data/Review Instagram.csv,consumer_app_review,,,,,,407,407,68,68,5.99,0,0,0,0,5,0.0123,0,5,0,0.75,,,,,INSUFFICIENT_TEMPORAL_DATA,,,,,INSUFFICIENT_ENGAGEMENT_DATA,negative,0.9531,0.0201,0.0268,0.9531,anger,1
IG-000785,Elfi Ramadhani,Tolong dong fitur arsip story yang lama2 jangan dihilangkan. Apalagi video lama jd freeze. Itu ada kenang2an nya,,1,google_play_reviews,data/Review Instagram.csv,consumer_app_review,,,,,,112,112,18,18,6.22,0,0,0,0,3,0.0268,0,0,2,1.0,,,,,INSUFFICIENT_TEMPORAL_DATA,,,,,INSUFFICIENT_ENGAGEMENT_DATA,negative,0.9182,0.0053,0.0765,0.9182,anger,0
IG-000786,Ricky Silvester,"Cukup bintang yang berbicara Udah dikasi bintang 1 pun masi aja gak dibereskan nih aplikasi,masa setiap lihat story' muncul layar hitam terus perasaan hp aku gak kentang amat dah,tolong developer perhatikan lagi untuk kenyamanan",,1,google_play_reviews,data/Review Instagram.csv,consumer_app_review,,,,,,228,228,34,34,6.71,0,0,0,0,2,0.0088,0,0,1,0.9412,,,,,INSUFFICIENT_TEMPORAL_DATA,,,,,INSUFFICIENT_ENGAGEMENT_DATA,negative,0.9757,0.0132,0.011,0.9757,anger,0
IG-000787,yola fadila,"Tiba tiba kamera IG nya hitam di samsung A05, sebelumnya tidak seperti ini, di kamera utama tidak ada masalah dan kamera di aplikasi lainnya juga aman, apakah ada bug atau lagi error IG ini",,3,google_play_reviews,data/Review Instagram.csv,consumer_app_review,,,,,,189,189,34,34,5.56,0,0,0,0,6,0.0317,0,0,2,0.7647,,,,,INSUFFICIENT_TEMPORAL_DATA,,,,,INSUFFICIENT_ENGAGEMENT_DATA,neutral,0.5164,0.0638,0.5164,0.4198,surprise,1
IG-000788,Rokib Marzuki,"Mantap.saya baru nginstall senang sekali instagram ngasih tontonan yang menghibur banyak inspirasi juga semoga kedepan instagram, bisa nambahin fitur yang keren lagi dan semoga semakiin jaya Dan bisa ngasih pengguna instagram seluruh dunia bisa berkarya .mantap",,5,google_play_reviews,data/Review Instagram.csv,consumer_app_review,,,,,,261,261,36,36,7.25,0,0,0,0,2,0.0077,0,0,0,0.8056,,,,,INSUFFICIENT_TEMPORAL_DATA,,,,,INSUFFICIENT_ENGAGEMENT_DATA,positive,0.9957,0.9957,0.0032,0.0011,joy,1
IG-000789,Kim Taehyung,"nstagram sebaiknya tetap mempertahankan fitur Archive Story, karena fitur ini sangat berguna untuk menyimpan kenangan dan momen berharga tanpa harus membagikannya secara permanen di profil 🙏🙏🙏",,1,google_play_reviews,data/Review Instagram.csv,consumer_app_review,,,,,,192,192,26,26,7.38,0,0,0,3,2,0.0104,0,0,0,0.9615,,,,,INSUFFICIENT_TEMPORAL_DATA,,,,,INSUFFICIENT_ENGAGEMENT_DATA,neutral,0.8807,0.0542,0.8807,0.0651,sadness,1
IG-000790,Pandiangan Benedit,Aplikasi Instagram ini sangat mudah penggunaanya dan praktis. Fitur2nya cangih canggih. Saya menggunakan hanya sekedar menunggu benar2 tau bagaimana menghasilkan heveng di sini... 😁😁🤣🤣👍👍👍🏅🏅🏅🏆🏆🏆.,,5,google_play_reviews,data/Review Instagram.csv,consumer_app_review,,,,,,194,194,24,24,8.08,0,0,0,13,4,0.0206,0,0,2,1.0,,,,,INSUFFICIENT_TEMPORAL_DATA,,,,,INSUFFICIENT_ENGAGEMENT_DATA,positive,0.9936,0.9936,0.0048,0.0016,joy,1
IG-000791,Putri Budi,"Pliss kecewa banget skrng sama Instagram, knpa fitur arsip yg bnr2 kita jadiin kenangan malah d apus, parah bgt si.. vidio arsip gue jdi Poto dan ada yg dah ga di buka lagi.. malah makin jelek kesini2",,1,google_play_reviews,data/Review Instagram.csv,consumer_app_review,,,,,,200,200,37,37,5.41,0,0,0,0,3,0.015,0,0,2,0.9189,,,,,INSUFFICIENT_TEMPORAL_DATA,,,,,INSUFFICIENT_ENGAGEMENT_DATA,negative,0.9981,0.0009,0.001,0.9981,anger,0
IG-000792,Anggun Setiyani,"sangat mudah, tetapi belum ada fitur terbarunya yg lebih mudah untuk ig profesional nya, kembangkan ya, saya suka main Instagram",,5,google_play_reviews,data/Review Instagram.csv,consumer_app_review,,,,,,128,128,20,20,6.4,0,0,0,0,1,0.0078,0,0,0,1.0,,,,,INSUFFICIENT_TEMPORAL_DATA,,,,,INSUFFICIENT_ENGAGEMENT_DATA,positive,0.9935,0.9935,0.0055,0.001,joy,1
IG-000793,Jee,"lagi dan lagi ada bug, udh seneng ada fitur komentar nya di story eh pas mau setting di pengaturan terjadi kesalahan. sebel bangettttt",,3,google_play_reviews,data/Review Instagram.csv,consumer_app_review,,,,,,134,134,23,23,5.83,0,0,0,0,0,0.0,0,0,0,0.8696,,,,,INSUFFICIENT_TEMPORAL_DATA,,,,,INSUFFICIENT_ENGAGEMENT_DATA,negative,0.9973,0.001,0.0017,0.9973,anger,0
IG-000794,Muhammad Azmar,Instagram selalu memberikan informasi dan sistem yg baik buat konten kita selalu ditingkatkan dan cepat merespon kesalahan yg kita butuhkan..👌🫰🙏🙏,,5,google_play_reviews,data/Review Instagram.csv,consumer_app_review,,,,,,145,145,20,20,7.25,0,0,0,4,1,0.0069,0,0,0,0.8,,,,,INSUFFICIENT_TEMPORAL_DATA,,,,,INSUFFICIENT_ENGAGEMENT_DATA,positive,0.9535,0.9535,0.0429,0.0036,joy,1
IG-000795,Outter,"Ni kenapa dah Instagram aneh, akun gw kena suspend 2× padahal ga ngapa-ngapain, upload foto aja jarang, apanya yang melanggar komunitas coba, masa gw harus upload tiap hari gitu stres, plis lah perbaiki masa tiap buka Instagram harus ngajuin banding mulu, pegel kepala di suruh selfi kanan kiri atas bawah",,1,google_play_reviews,data/Review Instagram.csv,consumer_app_review,,,,,,305,305,50,50,6.1,0,0,0,0,3,0.0098,0,0,1,0.88,,,,,INSUFFICIENT_TEMPORAL_DATA,,,,,INSUFFICIENT_ENGAGEMENT_DATA,negative,0.9826,0.0036,0.0138,0.9826,surprise,0
IG-000796,gusti ariyadi,"Instagram nggak jelas. Gua hanya foto lengan dan kaki saya yang ber otot malah dapat pelanggaran. Sedangkan yang cewek"" full hot parah bisa bebas begitu saja. Gua pamer urat dan otot bukan aurat",,1,google_play_reviews,data/Review Instagram.csv,consumer_app_review,,,,,,194,194,33,33,5.88,0,0,0,0,4,0.0206,0,0,0,0.8788,,,,,INSUFFICIENT_TEMPORAL_DATA,,,,,INSUFFICIENT_ENGAGEMENT_DATA,negative,0.9909,0.0066,0.0025,0.9909,anger,1
IG-000797,Vhynii Gheofanny,Tidak bisa mengundang kolaborator. Pilihannya tidak muncul. Bahkan saya juga tidak bisa di undang sebagai kolaborator. Sdh mengikuti semua cara dgn publik akun dan mengubah ke profesional akun ttp tidak bisa,,1,google_play_reviews,data/Review Instagram.csv,consumer_app_review,,,,,,207,207,31,31,6.68,0,0,0,0,4,0.0193,0,0,0,0.7742,,,,,INSUFFICIENT_TEMPORAL_DATA,,,,,INSUFFICIENT_ENGAGEMENT_DATA,negative,0.9336,0.0057,0.0607,0.9336,anger,1
IG-000798,Naida Almira Putri Dhifa,"Sayaa sangat suka dengan aplikasi ini karena aplikasi ini ada pengingat batas waktu bermain di instagram. Tapi tolong, untuk cerita bisa di tambah kan tempat untuk caption. Itu saja, terima kasih",,5,google_play_reviews,data/Review Instagram.csv,consumer_app_review,,,,,,195,195,31,31,6.29,0,0,0,0,3,0.0154,0,0,0,0.871,,,,,INSUFFICIENT_TEMPORAL_DATA,,,,,INSUFFICIENT_ENGAGEMENT_DATA,positive,0.8353,0.8353,0.1403,0.0245,joy,1
IG-000799,Alfinah Rohmi,Ini kenapa akunku mau dinon aktifkan padahal aq ngga pernah mencet apa²tiba²gitu perbaiki sistemnya sementara aq kasih bintang 1 dulu kalau sudah bisa aq naikin rating nya jangan bikin orang lain kecewa,,1,google_play_reviews,data/Review Instagram.csv,consumer_app_review,,,,,,202,202,32,32,6.31,0,0,0,0,1,0.005,0,0,1,0.9375,,,,,INSUFFICIENT_TEMPORAL_DATA,,,,,INSUFFICIENT_ENGAGEMENT_DATA,negative,0.6448,0.1106,0.2446,0.6448,sadness,0
IG-000800,Egis Saputra,ni instagram lagi eror apa gimana mau login ke akun malah gk bisa padahal kata sandi nya bener user juga bener malah gk bisa. mohon dong pihak instagram perbaiki bug nya. dan gk bisa nautkan akun ig juga di tiktok. pliss deh jangan gila,,1,google_play_reviews,data/Review Instagram.csv,consumer_app_review,,,,,,236,236,44,44,5.36,0,0,0,0,0,0.0,0,0,0,0.8182,,,,,INSUFFICIENT_TEMPORAL_DATA,,,,,INSUFFICIENT_ENGAGEMENT_DATA,negative,0.9958,0.0017,0.0025,0.9958,anger,0
IG-000801,Razikk Aww,Saya kasih bintang 1 dah buat Instagram karena loadingnya lama dan lelet banget terutama pas buka DM sama bionya gada tempat musik Sama masalah kekurangan lainnya tolong di perbaiki NTR kasih bintang 5😁,,1,google_play_reviews,data/Review Instagram.csv,consumer_app_review,,,,,,202,202,33,33,6.12,0,0,0,1,8,0.0396,0,0,2,0.9091,,,,,INSUFFICIENT_TEMPORAL_DATA,,,,,INSUFFICIENT_ENGAGEMENT_DATA,negative,0.8109,0.0418,0.1473,0.8109,anger,0
IG-000802,Ahmad Muhammad syukur,"Saya kalau mau buat story Ig kenapa fotonya acak, dan tidak sesuai tanggal yang ada di galeri padahal pengaturan nya sudah di setel tapi kok tetap gak bisa. Tolong diperbaiki",,2,google_play_reviews,data/Review Instagram.csv,consumer_app_review,,,,,,174,174,30,30,5.8,0,0,0,0,3,0.0172,0,0,0,0.9667,,,,,INSUFFICIENT_TEMPORAL_DATA,,,,,INSUFFICIENT_ENGAGEMENT_DATA,negative,0.9746,0.0014,0.024,0.9746,surprise,0
IG-000803,Aroel syahrul,Begitu buruk aplikasi setelah di up date kenapa yg muncul di beranda saya semuanya konten masakan/ makanan setiap hari selalu muncul sedangkan yg saya suka tidak pernah ada muncul di beranda.trims.,,1,google_play_reviews,data/Review Instagram.csv,consumer_app_review,,,,,,197,197,31,31,6.35,0,0,0,0,1,0.0051,0,0,0,0.8065,,,,,INSUFFICIENT_TEMPORAL_DATA,,,,,INSUFFICIENT_ENGAGEMENT_DATA,negative,0.9633,0.0282,0.0084,0.9633,anger,1
IG-000804,Wulan 123,"sementara saya kasih 3 bintang dulu, soalnya udh diupdate ttp gaada fitur tambahkan music, sm font baru. tlg segera diperbaiki yaa !!! trms",,3,google_play_reviews,data/Review Instagram.csv,consumer_app_review,,,,,,139,139,23,23,6.04,0,0,0,0,0,0.0,3,0,1,1.0,,,,,INSUFFICIENT_TEMPORAL_DATA,,,,,INSUFFICIENT_ENGAGEMENT_DATA,neutral,0.83,0.0125,0.83,0.1575,neutral,1
IG-000805,Herlika,"Instagram ga jelas, pdhal udh update masih aja kalo nnton reelsnya suka ngelag2, ngelag nya lama bgt pula Pdhal buka tiktok lancar aja. Ga ada ngelag",,1,google_play_reviews,data/Review Instagram.csv,consumer_app_review,,,,,,149,149,26,26,5.73,0,0,0,0,3,0.0201,0,0,1,0.8846,,,,,INSUFFICIENT_TEMPORAL_DATA,,,,,INSUFFICIENT_ENGAGEMENT_DATA,negative,0.9937,0.004,0.0023,0.9937,joy,0
IG-000806,KalKal,"fitur template di story saya tidak bisa di gunakan, tetapi pas saya coba di akun ke-2 saya, pakai template itu bisa, gatau ini bug atau apa tapi mohon segera di perbaiki secepatnya, saya merasa terganggu dengan hal ini 👊",,1,google_play_reviews,data/Review Instagram.csv,consumer_app_review,,,,,,220,220,39,39,5.64,0,0,0,1,0,0.0,0,0,1,0.8205,,,,,INSUFFICIENT_TEMPORAL_DATA,,,,,INSUFFICIENT_ENGAGEMENT_DATA,negative,0.9419,0.0078,0.0503,0.9419,anger,1
IG-000807,Titis inoy,"brsan buka Instagram kok lngsng di suruh rekam muka sgala Bru ngeh brsan apa smua hrs gtu pake kirim muka suruh tengok kanan kiri,kmrn2 tiap update gak kyk gni,mlah skrg suruh nunggu 48 jam loh...ini mksd nya gmn sih Instagram nya,dri pagi siang sore gak papa,kok brsan hrs ulang lg daftar nya,tmbh ruwet aja nih",,1,google_play_reviews,data/Review Instagram.csv,consumer_app_review,,,,,,312,312,55,55,5.67,0,0,0,0,3,0.0096,0,0,3,0.8545,,,,,INSUFFICIENT_TEMPORAL_DATA,,,,,INSUFFICIENT_ENGAGEMENT_DATA,negative,0.9613,0.0134,0.0253,0.9613,surprise,0
IG-000808,Lian Nah,Akun saya dihapus permanen padahal sudah ngirim foto ktp tp nomor nik dan ttd saya coret!! Padahal saya sudah bertahun tahun pakai aplikasi ini...TANGGUNG JAWAB GAK FOTO SAYA YG DULU DULU MASIH ADA DISITU!!!!,,1,google_play_reviews,data/Review Instagram.csv,consumer_app_review,,,,,,208,208,34,34,6.12,0,0,0,0,50,0.2404,6,0,0,0.7941,,,,,INSUFFICIENT_TEMPORAL_DATA,,,,,INSUFFICIENT_ENGAGEMENT_DATA,negative,0.982,0.0011,0.0169,0.982,anger,1
IG-000809,Flora Fitri Yani Hasibuan,Akhir-akhir ini akun instagram punya saya tiba-tiba keluar sendiri dgn keterangan klau pengguna akun telah mengganti kata sandi padahal saya sama sekali gk ada mengganti kata sandi & saya login hanya di handphone saya doang dan di Handphone ibu saya Tolong di perbaiki lgi & tingkatkan keamanan instagram nya.,,3,google_play_reviews,data/Review Instagram.csv,consumer_app_review,,,,,,309,309,49,49,6.31,0,0,0,0,3,0.0097,0,0,0,0.7347,,,,,INSUFFICIENT_TEMPORAL_DATA,,,,,INSUFFICIENT_ENGAGEMENT_DATA,negative,0.781,0.0122,0.2067,0.781,anger,1
IG-000810,Nazwa 02,"ig sekarang lain, kalau kita mau posting foto di ig, foto nya ga bisa full semua, tolong kembalikan ig ku yg kalau posting foto bisa full semuanya",,2,google_play_reviews,data/Review Instagram.csv,consumer_app_review,,,,,,146,146,27,27,5.41,0,0,0,0,0,0.0,0,0,0,0.7407,,,,,INSUFFICIENT_TEMPORAL_DATA,,,,,INSUFFICIENT_ENGAGEMENT_DATA,negative,0.8229,0.0041,0.173,0.8229,anger,0
IG-000811,Kumala Deiq,"aplikasi ini udah bagus, tpi filternya tiba” hilanh dan gabisa di gunakan lgi, itu knpa ya tolong di perbxiamsbjsao",,5,google_play_reviews,data/Review Instagram.csv,consumer_app_review,,,,,,115,115,19,19,6.05,0,0,0,0,0,0.0,0,0,0,0.9474,,,,,INSUFFICIENT_TEMPORAL_DATA,,,,,INSUFFICIENT_ENGAGEMENT_DATA,negative,0.8935,0.0025,0.1039,0.8935,anger,0
IG-000812,farisaa,"apk gajelas, makin lama makin rusak, mau ngeup story aj ga bisa selalu ada tulisan MENUNGU JARINGAN, padahal mah sinyal lancar, SEJAM 2 JAM SI GAPAPA, lah ya ini JALAN 3 HARI, benerin dong, ribet banget!!!",,1,google_play_reviews,data/Review Instagram.csv,consumer_app_review,,,,,,205,205,36,36,5.69,0,0,0,0,40,0.1951,3,0,2,0.9722,,,,,INSUFFICIENT_TEMPORAL_DATA,,,,,INSUFFICIENT_ENGAGEMENT_DATA,negative,0.9973,0.0016,0.001,0.9973,anger,0
IG-000813,Abdus official,instagram tolong ya arsip story jangan di hapus please karna fitur arsip itu sangat penting bgt bagi para pengguna ig saya sudah 7tahun menggunakan Instagram dan semuanya aman2 aja tpi ketika arsip story mau dihapus jujur agak kecewa sih ntar bintangnya saya kasih 1 loh beneran,,5,google_play_reviews,data/Review Instagram.csv,consumer_app_review,,,,,,278,278,46,46,6.04,0,0,0,0,1,0.0036,0,0,3,0.8913,,,,,INSUFFICIENT_TEMPORAL_DATA,,,,,INSUFFICIENT_ENGAGEMENT_DATA,negative,0.9944,0.0038,0.0019,0.9944,sadness,1
IG-000814,Anggi Artha Project Art,"Surat terbuka untuk ig Tolong fitur arsip jangan di hapus, karena banyak kenangan di fitur tersebut. Jadi saya harap untuk TIDAK MENGHAPUS FITUR ARSIP PADA STORY Sekian terimakasih",,1,google_play_reviews,data/Review Instagram.csv,consumer_app_review,,,,,,180,180,28,28,6.43,0,0,0,0,37,0.2056,0,0,0,0.8214,,,,,INSUFFICIENT_TEMPORAL_DATA,,,,,INSUFFICIENT_ENGAGEMENT_DATA,neutral,0.7857,0.0455,0.7857,0.1689,sadness,1
IG-000815,Rahma Auliyah,Kenapa setiap saya mau post foto lebih dari 10 kenapa tidak bisa ? Dan kenapa yang lain bisa min? Tolong bgt yaaa soalnya saya pengen bgt post foto lebih banyak lagi. Tapi fitur nya juga bagus . Terimakasih:),,4,google_play_reviews,data/Review Instagram.csv,consumer_app_review,,,,,,208,208,38,38,5.47,0,0,0,0,5,0.024,0,2,2,0.7895,,,,,INSUFFICIENT_TEMPORAL_DATA,,,,,INSUFFICIENT_ENGAGEMENT_DATA,positive,0.8347,0.8347,0.1347,0.0306,surprise,1
IG-000816,Elly Yohana,Untuk android samsung filter ig kedap kedip bahkan ada yg mati total. Total bug nya perbaiki,,1,google_play_reviews,data/Review Instagram.csv,consumer_app_review,,,,,,92,92,16,16,5.75,0,0,0,0,2,0.0217,0,0,0,1.0,,,,,INSUFFICIENT_TEMPORAL_DATA,,,,,INSUFFICIENT_ENGAGEMENT_DATA,negative,0.7295,0.002,0.2685,0.7295,anger,0
IG-000817,Glean_15.v,"Apk Instagramnya gak jelas banget dah, masak iya aku arsipin foto doang, terus mau publik lagi fotonya yang dari arsip malah hilang udh mondar mandir cek arsip ganti akun, hapus Instagram terus login lagi tetap gak ada. anehh",,1,google_play_reviews,data/Review Instagram.csv,consumer_app_review,,,,,,225,225,38,38,5.92,0,0,0,0,3,0.0133,0,0,0,0.8947,,,,,INSUFFICIENT_TEMPORAL_DATA,,,,,INSUFFICIENT_ENGAGEMENT_DATA,negative,0.9957,0.002,0.0022,0.9957,sadness,0
IG-000818,Affarelhg,ini aplikasi gimana ya kok tidak sesuai dengan isinya? cewe saya di notif bilang apa sayangf tetapi waktu saya pencet notif nya dan saya lihat chat nya tiba tiba berubah menjadi apa itu? mohon perbaikan nya ya,,1,google_play_reviews,data/Review Instagram.csv,consumer_app_review,,,,,,209,209,37,37,5.65,0,0,0,0,0,0.0,0,2,0,0.7838,,,,,INSUFFICIENT_TEMPORAL_DATA,,,,,INSUFFICIENT_ENGAGEMENT_DATA,negative,0.9623,0.0021,0.0356,0.9623,surprise,1
IG-000819,Aisah Yumna,Kok kalau ngeliat postingan orng sandret² sih video nya dan satu lagi kok gk bisa nyimpan efek yg bagus bagus instagram sekarang berubah sebelum di update bagus setelah di update jelekk gimana sihh tolong di perbaiki ya permasalahan nya,,1,google_play_reviews,data/Review Instagram.csv,consumer_app_review,,,,,,236,236,39,39,6.05,0,0,0,0,1,0.0042,0,0,0,0.8205,,,,,INSUFFICIENT_TEMPORAL_DATA,,,,,INSUFFICIENT_ENGAGEMENT_DATA,negative,0.9857,0.0033,0.011,0.9857,surprise,0
IG-000820,Flas Gusion,Tolong diperbaiki !!!!!! Kenapa komentar Yg awalnya harus Ratusan lebih. Tapi ketika kita melihat LG malah hanya muncul puluhan saja.Itu selalu terjadi ketika menulis komentar orang lain dan orang lain membalas komentar yg kita buat. Itu bagaimana cara atasinya? Lalu tolong banget di Instagram itu harus ada EDIT KOMENTAR. selama bertahun-tahun tidak ada fitur itu di aplikasi ini. Tolong UPDATE INSTAGRAM-NYA.,,1,google_play_reviews,data/Review Instagram.csv,consumer_app_review,,,,,,411,411,61,61,6.74,0,0,0,0,42,0.1022,6,1,0,0.7705,,,,,INSUFFICIENT_TEMPORAL_DATA,,,,,INSUFFICIENT_ENGAGEMENT_DATA,negative,0.9766,0.0084,0.015,0.9766,surprise,1
IG-000821,Elsa Monica Syafitri,"𝙏𝙤𝙡𝙤𝙣𝙜 𝙙𝙤𝙣𝙜 𝙞𝙜 𝙙𝙞𝙥𝙚𝙧𝙗𝙖𝙞𝙠𝙞, 𝙠𝙖𝙧𝙣𝙖 𝙠𝙡𝙤 𝙪𝙥𝙡𝙤𝙖𝙙 𝙨𝙩𝙤𝙧𝙮(𝙨𝙜) 𝙠𝙖𝙙𝙖𝙣𝙜 𝙣𝙜𝙜𝙖𝙠 𝙗𝙞𝙨𝙖 ""𝙢𝙚𝙣𝙪𝙣𝙜𝙜𝙪 𝙠𝙤𝙣𝙚𝙠𝙨𝙞"" 𝙏𝙚𝙧𝙪𝙨, 𝙥𝙙𝙝𝙡 𝙟𝙖𝙧𝙞𝙣𝙜𝙖𝙣 𝙡𝙖𝙣𝙘𝙖𝙧 𝙗𝙣𝙜𝙚𝙩, 𝙏𝙤𝙡𝙤𝙣𝙜 𝙙𝙞𝙥𝙚𝙧𝙗𝙖𝙞𝙠𝙞",,4,google_play_reviews,data/Review Instagram.csv,consumer_app_review,,,,,,143,143,20,20,7.15,0,0,0,0,3,0.021,0,0,0,0.95,,,,,INSUFFICIENT_TEMPORAL_DATA,,,,,INSUFFICIENT_ENGAGEMENT_DATA,negative,0.7677,0.059,0.1733,0.7677,anger,0
IG-000822,Iink Rahmawani,"Instagram kenapa video"" di arsip yg 2018 berubah jadi foto. Padahal gunanya ig ya buat nyimpan kenangan video"" dan foto. Eh video malah di ubah jdi foto.",,3,google_play_reviews,data/Review Instagram.csv,consumer_app_review,,,,,,153,153,27,27,5.67,0,0,0,0,3,0.0196,0,0,4,0.8519,,,,,INSUFFICIENT_TEMPORAL_DATA,,,,,INSUFFICIENT_ENGAGEMENT_DATA,negative,0.9816,0.0023,0.0162,0.9816,sadness,0
IG-000823,rolita,"ig skrg makin aneh aja, bisa""nya org luar yg ga saya ikutin malah saya ikutin padahal itu bukan saya, aneh aja tiba-tiba ada ig orang luar yang saya ikutin, tolong di perbaiki lagi, bug banget juga",,1,google_play_reviews,data/Review Instagram.csv,consumer_app_review,,,,,,197,197,36,36,5.47,0,0,0,0,0,0.0,0,0,0,0.8333,,,,,INSUFFICIENT_TEMPORAL_DATA,,,,,INSUFFICIENT_ENGAGEMENT_DATA,negative,0.9974,0.001,0.0015,0.9974,surprise,0
IG-000824,Anisa Fitriani,"padahal aku blom update samsek, kenapa makin error ya? kek story yang lain pada tidak tersedia kayak udah kehapus gitu, itupun semua story please lah tolong perbaiki lagi🙏🏻",,1,google_play_reviews,data/Review Instagram.csv,consumer_app_review,,,,,,172,172,28,28,6.14,0,0,0,2,0,0.0,0,1,0,0.9643,,,,,INSUFFICIENT_TEMPORAL_DATA,,,,,INSUFFICIENT_ENGAGEMENT_DATA,negative,0.967,0.0033,0.0298,0.967,surprise,0
IG-000825,febry tri pamungkas,"Saya sudah melakukan pelaporan di pusat bantuan, sejak kemarin saya sudah membayar postingan untuk diiklankan dan saldo saya sudah berkurang tetapi sampai sekarang tidak ada respon/tanggapan dari Instagram.. Bagaimana bisa seperti ini? 🥲",,3,google_play_reviews,data/Review Instagram.csv,consumer_app_review,,,,,,237,237,33,33,7.18,0,0,0,1,3,0.0127,0,1,0,0.8788,,,,,INSUFFICIENT_TEMPORAL_DATA,,,,,INSUFFICIENT_ENGAGEMENT_DATA,negative,0.9144,0.0044,0.0813,0.9144,anger,1
IG-000826,nitdaw,"aplikasi aneh. aku mau posting foto ""selamat ulang tahun"" untuk teman ku, kenapa kena pelanggaran?! memang nya itu berbau hal 18+ atau lain lain?! aplikasi anehh, jadi nya aku harus berulang kali membuat akun dan membuat postingan itu agar tidak kena pelanggaran, eh terkena pelanggaran mulu!!!!",,1,google_play_reviews,data/Review Instagram.csv,consumer_app_review,,,,,,295,295,46,46,6.41,0,0,0,0,0,0.0,6,2,2,0.8696,,,,,INSUFFICIENT_TEMPORAL_DATA,,,,,INSUFFICIENT_ENGAGEMENT_DATA,negative,0.9921,0.0043,0.0036,0.9921,surprise,0
IG-000827,Zdhilan Zdhalila,"Instagram saya baru di update, saat saya mau repost story Instagram suara nya tidak ada. Tolong segera diperbaiki. tau begini ga akan saya update Instagram nya. Tolong sekali segera diperbaiki.",,3,google_play_reviews,data/Review Instagram.csv,consumer_app_review,,,,,,193,193,30,30,6.43,0,0,0,0,5,0.0259,0,0,0,0.7667,,,,,INSUFFICIENT_TEMPORAL_DATA,,,,,INSUFFICIENT_ENGAGEMENT_DATA,negative,0.9757,0.0018,0.0226,0.9757,anger,1
IG-000828,Trias evan,"Banyak banget bug sih Ga bisa unlike, video sering nge stuck sendiri, dll. Tolong di perbaiki",,1,google_play_reviews,data/Review Instagram.csv,consumer_app_review,,,,,,93,93,16,16,5.81,0,0,0,0,3,0.0323,0,0,0,1.0,,,,,INSUFFICIENT_TEMPORAL_DATA,,,,,INSUFFICIENT_ENGAGEMENT_DATA,negative,0.9952,0.0007,0.004,0.9952,anger,0
IG-000829,Alkhuzna Syaqila,"Alasan aku mau mendownload instragam adalah 1. Karena aku ingin menjadi artis/follow nya banyakk 2. Karena Instragram tidak iklan , tidak seperti YouTube Sudah itu saja jadi saya memberi 5 bintang 🌟🌟🌟🌟🌟",,5,google_play_reviews,data/Review Instagram.csv,consumer_app_review,,,,,,202,202,32,32,6.31,0,0,0,5,7,0.0347,0,0,3,0.9062,,,,,INSUFFICIENT_TEMPORAL_DATA,,,,,INSUFFICIENT_ENGAGEMENT_DATA,neutral,0.6312,0.3211,0.6312,0.0477,neutral,1
IG-000830,Noer sri mulyani,"udah baguss, tapi tolong buat arsip story jangan sampai hilang. dan untuk fitur fitur yang tidak berguna tolong jangan di tambahkan, karena udah bagus",,5,google_play_reviews,data/Review Instagram.csv,consumer_app_review,,,,,,150,150,24,24,6.25,0,0,0,0,0,0.0,0,0,0,0.8333,,,,,INSUFFICIENT_TEMPORAL_DATA,,,,,INSUFFICIENT_ENGAGEMENT_DATA,negative,0.605,0.3064,0.0887,0.605,joy,1
IG-000831,Insan isslamay Qirani,"suka bngettt, tapi tolong deh instagram peerimbangin lagi klo mau ilangin fitur arsip, soalnya disitu bnyak kenangan bngett sama temen' lamaa, klo arsip d apus otomatis semua kenagan juga ilangg, pliss tolong pertimbangin lagi yaa🥺🙏",,5,google_play_reviews,data/Review Instagram.csv,consumer_app_review,,,,,,232,232,35,35,6.63,0,0,0,2,0,0.0,0,0,0,0.9143,,,,,INSUFFICIENT_TEMPORAL_DATA,,,,,INSUFFICIENT_ENGAGEMENT_DATA,negative,0.689,0.1408,0.1702,0.689,sadness,0
IG-000832,Fenny aprellia,Kenapa kamera nya cuma layar hitam saja? Ini sudah hampir 4 harian. Tolong dong perbaiki masalah bug nya. Terimakasih,,1,google_play_reviews,data/Review Instagram.csv,consumer_app_review,,,,,,117,117,19,19,6.16,0,0,0,0,4,0.0342,0,1,1,1.0,,,,,INSUFFICIENT_TEMPORAL_DATA,,,,,INSUFFICIENT_ENGAGEMENT_DATA,negative,0.9865,0.0011,0.0124,0.9865,surprise,0
IG-000833,Sky Satya,"Saya sangat amat kecewa, karena tiba-tiba akun saya di tangguhkan begitu saja tanpa adanya pesan konfirmasi dan alasan yang spesifik mengenai hal tersebut. Padahal saya merasa tidak melanggar salah satu hal dari sekian peraturan pedoman komunitas. harapan saya kedepan nya mohon untuk dibenahi lagi dan jangan ada kesalahan seperti itu, karena saya sebagai pengguna merasa terganggu bila terjadi hal yang sama di kemudian hari.",,2,google_play_reviews,data/Review Instagram.csv,consumer_app_review,,,,,,427,427,64,64,6.67,0,0,0,0,2,0.0047,0,0,0,0.8281,,,,,INSUFFICIENT_TEMPORAL_DATA,,,,,INSUFFICIENT_ENGAGEMENT_DATA,negative,0.9955,0.003,0.0015,0.9955,anger,1
IG-000834,Ridho Fatkhul,"Akun saya diretas, diganti email dan nomor telepon. Sebenarnya bisa dipulihkan karena email awal masih aktif tapi harus dikirim kode ke nomor telpon dan itu tidak bisa karena nomor telpon sudah diganti peretas. Mohon dibantu",,1,google_play_reviews,data/Review Instagram.csv,consumer_app_review,,,,,,224,224,35,35,6.4,0,0,0,0,3,0.0134,0,0,0,0.7714,,,,,INSUFFICIENT_TEMPORAL_DATA,,,,,INSUFFICIENT_ENGAGEMENT_DATA,neutral,0.9297,0.0035,0.9297,0.0668,neutral,1
IG-000835,M. Ariq,"Satu yang saya keluhkan, adalah fitur arsip yang lama kelamaan mulai bermasalah dan dari kabar nya akan hilang. Saya harap ini tidak terjadi, tolong perbaiki dan ubah kebijakannya🙏 Jangan hapus fitur ini, terimakasih.",,2,google_play_reviews,data/Review Instagram.csv,consumer_app_review,,,,,,217,217,33,33,6.58,0,0,0,1,3,0.0138,0,0,0,0.8788,,,,,INSUFFICIENT_TEMPORAL_DATA,,,,,INSUFFICIENT_ENGAGEMENT_DATA,negative,0.7879,0.0161,0.1959,0.7879,anger,1
IG-000836,ifti rosy,"Banyak bug nya, gw posting foto ga bisa ke post lah, gw kirim pesan ke temen ga kekirim lah padahal saling mengikuti, aneh apk nya",,1,google_play_reviews,data/Review Instagram.csv,consumer_app_review,,,,,,130,130,25,25,5.2,0,0,0,0,1,0.0077,0,0,0,0.88,,,,,INSUFFICIENT_TEMPORAL_DATA,,,,,INSUFFICIENT_ENGAGEMENT_DATA,negative,0.9976,0.0007,0.0017,0.9976,surprise,0
IG-000837,rnr07 jumpalibas,"tolong perbaikin bug, saya upload story Ig di akun kedua saya,terus saya tag di akun pertama saya storynya gamuncul mlh hilng. sama akun Ig utama saya kurang update sedangkan yg kedua udh versi baru",,2,google_play_reviews,data/Review Instagram.csv,consumer_app_review,,,,,,198,198,34,34,5.82,0,0,0,0,2,0.0101,0,0,0,0.7647,,,,,INSUFFICIENT_TEMPORAL_DATA,,,,,INSUFFICIENT_ENGAGEMENT_DATA,negative,0.9631,0.0037,0.0332,0.9631,anger,1
IG-000838,Rifdah Dzakirah,"Thiss app is really cool!! But, makin kesini kok jadi sering update ga penting dan ngurangin fitur adalan, tp overall udah keren dan jadi andalan sejaak duluu 💖💖💖",,4,google_play_reviews,data/Review Instagram.csv,consumer_app_review,,,,,,162,162,28,28,5.79,0,0,0,3,2,0.0123,2,0,0,0.9286,,,,,INSUFFICIENT_TEMPORAL_DATA,,,,,INSUFFICIENT_ENGAGEMENT_DATA,positive,0.9253,0.9253,0.0469,0.0278,surprise,0
IG-000839,Muhammad Bagir,"tolong perbaiki lagi bug nya lah, masa eror terus tiap liat story, bacaannya ""cerita ini tidak tersedia"" semua orang sg nya kaya gitu, tolong perbaiki lagi lah min",,1,google_play_reviews,data/Review Instagram.csv,consumer_app_review,,,,,,163,163,28,28,5.82,0,0,0,0,0,0.0,0,0,0,0.8571,,,,,INSUFFICIENT_TEMPORAL_DATA,,,,,INSUFFICIENT_ENGAGEMENT_DATA,negative,0.9968,0.0015,0.0017,0.9968,surprise,0
IG-000840,eza? yes i'am,"gk ada notif kalo lawan chat ketiduran, tadi gw abis diomelin doi gegara dia ketiduran sampe isya' pas lagi chatan, kelewat waktu sholat magrib. Jdinya gw diomelin kenapa ga bangunin shalat magrib, besok besok buat ya min pemberitahuan kalo lawan chat kita ketiduran pas lagi chatan",,5,google_play_reviews,data/Review Instagram.csv,consumer_app_review,,,,,,282,282,46,46,6.13,0,0,0,0,1,0.0035,0,0,0,0.8043,,,,,INSUFFICIENT_TEMPORAL_DATA,,,,,INSUFFICIENT_ENGAGEMENT_DATA,negative,0.9412,0.0107,0.0481,0.9412,surprise,0
IG-000841,Akbar Ml,"Instagram sekarang ada2 saja banyak masalah sedikir2 di bandingkan sekalian hapus saja aplikasi Instagram ini meresahkan saja, banyak fitur yang gak jelas beda dengan Instagram dulu tahan",,1,google_play_reviews,data/Review Instagram.csv,consumer_app_review,,,,,,187,187,27,27,6.93,0,0,0,0,3,0.016,0,0,2,0.8519,,,,,INSUFFICIENT_TEMPORAL_DATA,,,,,INSUFFICIENT_ENGAGEMENT_DATA,negative,0.9894,0.0078,0.0029,0.9894,anger,1
IG-000842,danky,"apk nya udah bagus cuma sering sekali ada bug ga bisa masuk, jadi harus uninstall dulu abis itu download lagi baru bisa",,4,google_play_reviews,data/Review Instagram.csv,consumer_app_review,,,,,,119,119,22,22,5.41,0,0,0,0,0,0.0,0,0,0,0.9545,,,,,INSUFFICIENT_TEMPORAL_DATA,,,,,INSUFFICIENT_ENGAGEMENT_DATA,negative,0.5799,0.0271,0.393,0.5799,joy,0
IG-000843,Itzwo,"Apaan nih, tiba2 autentikasi aktif. Password berubah sendiri. Mau loggin malah ga bisa. Udah req buat di konfirm temen. Malah ga nongol notif di akun yg di tuju.",,1,google_play_reviews,data/Review Instagram.csv,consumer_app_review,,,,,,161,161,28,28,5.75,0,0,0,0,5,0.0311,0,0,1,0.8571,,,,,INSUFFICIENT_TEMPORAL_DATA,,,,,INSUFFICIENT_ENGAGEMENT_DATA,negative,0.9732,0.0008,0.026,0.9732,anger,0
IG-000844,nadya lolita,"JANGAN HILANGIN FITUR ARSIP DI INSTAGRAM!!!! Gak pernah sekecewa inii deh sumpah, semuaa kenangan foto dan videoku di arsip instagram semuanyaa Sumpah ya kalo fitur arsip nya dihilangin, percaya deh instagram bakalan anjlok dan cuma sedikit yang pakai, termasuk aku juga bakalan hapus karena merugikan menurutku Ini bntangnya 1 aja dulu, kalau gak jadi dihapus baru aku kasih bintang 5 lagi",,1,google_play_reviews,data/Review Instagram.csv,consumer_app_review,,,,,,390,390,61,61,6.39,0,0,0,0,38,0.0974,4,0,2,0.8361,,,,,INSUFFICIENT_TEMPORAL_DATA,,,,,INSUFFICIENT_ENGAGEMENT_DATA,negative,0.8914,0.104,0.0046,0.8914,sadness,0
IG-000845,Helen Pratama,"Instagram tolong dong jangan ilangin arsipan story/foto,pdhl kan up Ig biar bisa jadi kenang""an ga menuhin memori hp. Jangan dihilangin ya semua arsip nyaa please😭 aku dah kasih bintang 5 nih,aku maksa biar ga dihapus",,5,google_play_reviews,data/Review Instagram.csv,consumer_app_review,,,,,,217,217,35,35,6.2,0,0,0,1,3,0.0138,0,0,1,0.9143,,,,,INSUFFICIENT_TEMPORAL_DATA,,,,,INSUFFICIENT_ENGAGEMENT_DATA,negative,0.9196,0.0088,0.0716,0.9196,anger,0
IG-000846,Angel Ika,"pdhl udah di update, tapi kok sama aja? bener' gaada yang berubah padahal di handphone tmn' aku udh pada berubah tampilannya, ini kenapa gabisa berubah ya? tolong bgt..",,2,google_play_reviews,data/Review Instagram.csv,consumer_app_review,,,,,,168,168,28,28,6.0,0,0,0,0,0,0.0,0,2,0,0.8929,,,,,INSUFFICIENT_TEMPORAL_DATA,,,,,INSUFFICIENT_ENGAGEMENT_DATA,negative,0.9794,0.0022,0.0184,0.9794,surprise,0
IG-000847,Putri Agustiana,Saat saya menggunakan efek untuk foto malah jadi kedip2 itu kenapa ya ? Masalhnya cuman di Instagram aja di apk lain kalau foto pakai efek tidak ada masalah,,1,google_play_reviews,data/Review Instagram.csv,consumer_app_review,,,,,,156,156,28,28,5.57,0,0,0,0,3,0.0192,0,1,1,0.8929,,,,,INSUFFICIENT_TEMPORAL_DATA,,,,,INSUFFICIENT_ENGAGEMENT_DATA,negative,0.9027,0.0234,0.074,0.9027,surprise,1
IG-000848,Indah Andani,"haloo,pihak intagram saya mohon archive ig jangan di hapus ya cukup yang lain di hapus archive nya jangan,justru keuunggulan nya di ig ya archive dan jangan nambahin fitur yang ga di butuh kan semoga pihak intagram baca ini ya.",,4,google_play_reviews,data/Review Instagram.csv,consumer_app_review,,,,,,227,227,39,39,5.82,0,0,0,0,0,0.0,0,0,0,0.6923,,,,,INSUFFICIENT_TEMPORAL_DATA,,,,,INSUFFICIENT_ENGAGEMENT_DATA,negative,0.5395,0.0953,0.3652,0.5395,anger,1
IG-000849,Arum Noviana Ramadhan,"Instagram makin bagus fitur fitur nya ya saya sangat suka apalagi bisa berkomentar di stories dan pengikut dari akun tersebut bisa melihat komennya, pliss tolong instagram ayo buat fitur dong kayak whatsapp biar akun-akun yang melihat stories kita ada jam nya kapan atau seperti beberapa menit yang lalu begitu biar kita tau akun tersebut melihat stories kita pada jam berapa🙏🏻🙏🏻☺",,5,google_play_reviews,data/Review Instagram.csv,consumer_app_review,,,,,,380,380,60,60,6.33,0,0,0,5,1,0.0026,0,0,0,0.7333,,,,,INSUFFICIENT_TEMPORAL_DATA,,,,,INSUFFICIENT_ENGAGEMENT_DATA,positive,0.6488,0.6488,0.2452,0.106,joy,1
IG-000850,Donel,"saya tidak merasa melanggar aturan dari Instagram, sayya juga sudah 27 tahun , tapi kenapa akun saya dinonaktifkan, akun tidak pernah di retas , email nomor telepon yang tercantum di Instagram masih aktif , tapi tidak bisa dipulihkan mohon beri penjelasan",,1,google_play_reviews,data/Review Instagram.csv,consumer_app_review,,,,,,255,255,41,41,6.22,0,0,0,0,2,0.0078,0,0,2,0.8049,,,,,INSUFFICIENT_TEMPORAL_DATA,,,,,INSUFFICIENT_ENGAGEMENT_DATA,neutral,0.665,0.0095,0.665,0.3256,surprise,1
IG-000851,Ikmah Jayanti,"tolong dong min masa baru di update fitur lagu di bio ga ada,gue mau hapus dari bio jadi gak bisa,tapi klo dilihat lewat akun lain masih ada,tolong perbaiki!!!gue mau hapus lagu di bio akun gue",,5,google_play_reviews,data/Review Instagram.csv,consumer_app_review,,,,,,193,193,35,35,5.51,0,0,0,0,0,0.0,3,0,0,0.7714,,,,,INSUFFICIENT_TEMPORAL_DATA,,,,,INSUFFICIENT_ENGAGEMENT_DATA,negative,0.7627,0.0048,0.2325,0.7627,surprise,0
IG-000852,Luluk Khuroidah,"Tampilan beranda ig kok jadi tampilan lama banget ga terupdate ga bisa memuat ulang beranda sudah saya coba beberapa cara masih gagal, adakah yang bisa membantu",,1,google_play_reviews,data/Review Instagram.csv,consumer_app_review,,,,,,160,160,26,26,6.15,0,0,0,0,1,0.0062,0,0,0,0.8462,,,,,INSUFFICIENT_TEMPORAL_DATA,,,,,INSUFFICIENT_ENGAGEMENT_DATA,negative,0.6266,0.0061,0.3672,0.6266,surprise,0
IG-000853,Dewi Dew,"Plis kenapa Instagram ku pas repost cerita temen lagunya ga bersuara ya, padahal itu cerita nya berlagu lohh. Plis tolongin banget udah liat di yt tapi tetep ga bisa🙏🙏🙏",,5,google_play_reviews,data/Review Instagram.csv,consumer_app_review,,,,,,168,168,29,29,5.79,0,0,0,3,3,0.0179,0,0,0,0.8966,,,,,INSUFFICIENT_TEMPORAL_DATA,,,,,INSUFFICIENT_ENGAGEMENT_DATA,negative,0.9685,0.0061,0.0254,0.9685,surprise,0
IG-000854,Brenda Maulyta,"mau bikin akun baru gabisa, awalnya masih bisa ditoleransi tapi ini udah berapa bulan mau buat akun baru tetep aja gabisa, posting foto jg blur bgt jadinya. tolong diperbarui dong instagram",,1,google_play_reviews,data/Review Instagram.csv,consumer_app_review,,,,,,189,189,31,31,6.1,0,0,0,0,0,0.0,0,0,0,0.871,,,,,INSUFFICIENT_TEMPORAL_DATA,,,,,INSUFFICIENT_ENGAGEMENT_DATA,negative,0.9954,0.001,0.0036,0.9954,anger,0
IG-000855,Nazwa Tambusai,"saya sudah update tapi Instagram saya berbeda dari Instagram yg lainnya,seperti tidak ada yg berubah sama sekali,untuk apa di update tapi tidak ada yg berubah pls deh di ubah segera sy sudah emosi.",,1,google_play_reviews,data/Review Instagram.csv,consumer_app_review,,,,,,197,197,33,33,5.97,0,0,0,0,2,0.0102,0,0,0,0.6667,,,,,INSUFFICIENT_TEMPORAL_DATA,,,,,INSUFFICIENT_ENGAGEMENT_DATA,negative,0.9962,0.0018,0.002,0.9962,anger,1
IG-000856,Arya Akram,ini kenapa ya Instagram saya mau mengambil Selfi karena akun saya Ter autentikasi 2 faktor dan saat saya mau mengambil Selfi malah di suruh keluar dari Instagram ini bug atau apa?,,1,google_play_reviews,data/Review Instagram.csv,consumer_app_review,,,,,,179,179,31,31,5.77,0,0,0,0,5,0.0279,0,1,1,0.7742,,,,,INSUFFICIENT_TEMPORAL_DATA,,,,,INSUFFICIENT_ENGAGEMENT_DATA,negative,0.993,0.0011,0.0059,0.993,surprise,1
IG-000857,Usman,"Terlalu banyak fitur yang tidak berguna, arsip story video malah ngefreeze mohon dikembalikan seperti semula",,1,google_play_reviews,data/Review Instagram.csv,consumer_app_review,,,,,,108,108,15,15,7.2,0,0,0,0,1,0.0093,0,0,0,1.0,,,,,INSUFFICIENT_TEMPORAL_DATA,,,,,INSUFFICIENT_ENGAGEMENT_DATA,negative,0.9903,0.0006,0.009,0.9903,anger,1
IG-000858,Jaya Negara,"kenapa ya akhir akhir ijin banyak banget yang mengalami kendala waktu mau foto itu layarnya gelap(full item),tolong diperbaiki dongg susah buat selfienya",,1,google_play_reviews,data/Review Instagram.csv,consumer_app_review,,,,,,153,153,22,22,6.95,0,0,0,0,0,0.0,0,0,0,0.9545,,,,,INSUFFICIENT_TEMPORAL_DATA,,,,,INSUFFICIENT_ENGAGEMENT_DATA,negative,0.9958,0.0012,0.003,0.9958,surprise,0
IG-000859,Mallory Flo,"Overall bagus, tapi mungkin ada bug atau semacamnya. Fitur terbarunya tidak muncul di akun pertama saya, tetapi di akun kedua saya ada. Mohon bantuannya, ya.",,5,google_play_reviews,data/Review Instagram.csv,consumer_app_review,,,,,,157,157,25,25,6.28,0,0,0,0,3,0.0191,0,0,0,0.92,,,,,INSUFFICIENT_TEMPORAL_DATA,,,,,INSUFFICIENT_ENGAGEMENT_DATA,neutral,0.8783,0.0162,0.8783,0.1055,neutral,1
IG-000860,Tanty Santira,Ini kenapa pas buka foto pke efek koq kedap kedip mulu??? Kaya ngehank gtu. Pdhl tiap hr dipke aman² aja skrg kamera'a gk bs dipke sama skali. Tolong donk balikin versi dlu skrg bnyk bug'a. Plisss meta baca komentar guee😤😤,,1,google_play_reviews,data/Review Instagram.csv,consumer_app_review,,,,,,222,222,40,40,5.55,0,0,0,2,5,0.0225,0,3,0,0.95,,,,,INSUFFICIENT_TEMPORAL_DATA,,,,,INSUFFICIENT_ENGAGEMENT_DATA,negative,0.8494,0.0105,0.1401,0.8494,surprise,0
IG-000861,Suci Maharani,"Instagram sangat bergunaa bagii sayaa,apalagi bagian archive story,sumpahh gunaa bangett,sayaa bisa melihat semua kenangan² bareng temann😻makasih yaa meta, sudah menyediakan fitur archive 🫰🏻sumpaah fitur fitur di Instagram gunaa bangettt👏🏻kerenn buat metaa👏🏻",,5,google_play_reviews,data/Review Instagram.csv,consumer_app_review,,,,,,258,258,31,31,8.32,0,0,0,7,2,0.0078,0,0,0,0.8387,,,,,INSUFFICIENT_TEMPORAL_DATA,,,,,INSUFFICIENT_ENGAGEMENT_DATA,positive,0.6581,0.6581,0.3045,0.0374,joy,1
IG-000862,Ilalang Setiawan,"Tolong jangan hapus fitur arsip, saya punya banyak kenangan foto/video disana. Jika ingin dihapus, maka berikan opsi download semua arsip dalam bentuk ZIP/RAR agar bisa dicadangkan.",,3,google_play_reviews,data/Review Instagram.csv,consumer_app_review,,,,,,181,181,26,26,6.96,0,0,0,0,8,0.0442,0,0,0,1.0,,,,,INSUFFICIENT_TEMPORAL_DATA,,,,,INSUFFICIENT_ENGAGEMENT_DATA,neutral,0.8731,0.0058,0.8731,0.1211,sadness,1
IG-000863,IPSM Desa Resmi Tingal,"Baru memakai Instagram lagi, sedikit ada keluhan di bagian setting untuk video agar tidak diputar otomatis, saya cukup kesulitan.",,4,google_play_reviews,data/Review Instagram.csv,consumer_app_review,,,,,,129,129,19,19,6.79,0,0,0,0,2,0.0155,0,0,0,1.0,,,,,INSUFFICIENT_TEMPORAL_DATA,,,,,INSUFFICIENT_ENGAGEMENT_DATA,neutral,0.6268,0.0041,0.6268,0.3692,neutral,1
IG-000864,Bus Tomi,"apaan ini ga bisa upload postingan lebih dari 15 menit/1 jam,pdhl mau ngepost video tugas mlhn ga bisa,tolong dong untuk ig di tambah lagi durasi post videonya",,1,google_play_reviews,data/Review Instagram.csv,consumer_app_review,,,,,,159,159,27,27,5.89,0,0,0,0,0,0.0,0,0,3,0.963,,,,,INSUFFICIENT_TEMPORAL_DATA,,,,,INSUFFICIENT_ENGAGEMENT_DATA,negative,0.8484,0.0045,0.1471,0.8484,anger,0
IG-000865,Chkwnmdr,Tolong dari pihak Instagram kenapa ketika saya mengirim pesan setiap beberapa menit selalu tdk terkirim padahal jaringan saya lancar² aja Tolong lebih di perhatikan lagi.,,4,google_play_reviews,data/Review Instagram.csv,consumer_app_review,,,,,,170,170,25,25,6.8,0,0,0,0,3,0.0176,0,0,0,0.92,,,,,INSUFFICIENT_TEMPORAL_DATA,,,,,INSUFFICIENT_ENGAGEMENT_DATA,negative,0.5099,0.0042,0.4859,0.5099,surprise,1
IG-000866,Pengguna Google,"Ini gimana ceritanya kok bisa beda. Antara akun pertama dan akun kedua bisa-bisanya tampilannya nya berbeda, padahal udah di update, cache juga udah bersih. Reboot juga udah kok masi sama aja?. Tolong segera di perbaiki.....!!!!!!",,3,google_play_reviews,data/Review Instagram.csv,consumer_app_review,,,,,,230,230,35,35,6.57,0,0,0,0,4,0.0174,6,1,0,0.8286,,,,,INSUFFICIENT_TEMPORAL_DATA,,,,,INSUFFICIENT_ENGAGEMENT_DATA,negative,0.9901,0.0024,0.0075,0.9901,surprise,0
IG-000867,Kaisar Arta,"banyak bug follower dan following, trs ada bug juga di fitur menambahkan lagu di profil, ada bug story ig jg dan masih bnyk lg bug""nya",,1,google_play_reviews,data/Review Instagram.csv,consumer_app_review,,,,,,134,134,25,25,5.36,0,0,0,0,0,0.0,0,0,0,0.8,,,,,INSUFFICIENT_TEMPORAL_DATA,,,,,INSUFFICIENT_ENGAGEMENT_DATA,negative,0.9851,0.0033,0.0117,0.9851,anger,0
IG-000868,zaza meylanie,"bug, selalu keluar sendiri kalau mau repost story. tolong pihak Instagram perbaiki lagi ya, sudah lebih dari 1 minggu bug terus di akun utama 😔😔😔",,1,google_play_reviews,data/Review Instagram.csv,consumer_app_review,,,,,,145,145,25,25,5.8,0,0,0,3,1,0.0069,0,0,1,1.0,,,,,INSUFFICIENT_TEMPORAL_DATA,,,,,INSUFFICIENT_ENGAGEMENT_DATA,negative,0.9039,0.0036,0.0925,0.9039,anger,0
IG-000869,Rafzan Gaming,"Saya sangat senang melihat info-info dari aplikasi Instagram ini, tapi saat itu saya hapus lagi Instagram saya, nah pas saya mau daftar lagi sudah berhasil namun saat itu di suruh masukkan kode 6 digit,namun saya tidak menerima dan tidak dapat pesan apapun dari Instagram, sampai saat ini saya bingung bagaimana cara memasukkan kode digit ini, jika tak dikirim",,5,google_play_reviews,data/Review Instagram.csv,consumer_app_review,,,,,,360,360,58,58,6.21,0,0,0,0,4,0.0111,0,0,1,0.7759,,,,,INSUFFICIENT_TEMPORAL_DATA,,,,,INSUFFICIENT_ENGAGEMENT_DATA,negative,0.8975,0.016,0.0865,0.8975,joy,1
IG-000870,Arjuna Astinova,"Pembaruan pembatasan akun lambat. Admin nggak kerja klo gini. Instagram lambat berinovasi... Sediakan juga upload foto dg banyak ukuran, nggak cuma 1:1 aja, misal 3:4 atau 9:16 jadi foto tidak melulu terpotong",,1,google_play_reviews,data/Review Instagram.csv,consumer_app_review,,,,,,209,209,32,32,6.53,0,0,0,0,4,0.0191,0,0,7,0.9375,,,,,INSUFFICIENT_TEMPORAL_DATA,,,,,INSUFFICIENT_ENGAGEMENT_DATA,positive,0.4626,0.4626,0.4303,0.1071,joy,0
IG-000871,Yeshaya ivander Tampubolon,"Saya memiliki keresahan, jika saya informasi yang berhubungan dengan instagram dari Google, pasti selalu terbuka ke ig lite, padahal saya tidak memiliki ig lite, tolong perbaiki terimakasih",,5,google_play_reviews,data/Review Instagram.csv,consumer_app_review,,,,,,189,189,27,27,7.0,0,0,0,0,2,0.0106,0,0,0,0.8148,,,,,INSUFFICIENT_TEMPORAL_DATA,,,,,INSUFFICIENT_ENGAGEMENT_DATA,negative,0.8555,0.008,0.1365,0.8555,anger,1
IG-000872,Shinta Meli,"aduuuuhh tolong dong ig, ini knp ig nya nge bug, sy udah oke kan keluar dari akun, tapi knp malah sepam"" trs sih di layarnya, sy jadi ga bisa buka ig sy kan jadinya",,2,google_play_reviews,data/Review Instagram.csv,consumer_app_review,,,,,,164,164,34,34,4.82,0,0,0,0,0,0.0,0,0,0,0.8529,,,,,INSUFFICIENT_TEMPORAL_DATA,,,,,INSUFFICIENT_ENGAGEMENT_DATA,negative,0.9937,0.0015,0.0048,0.9937,anger,0
IG-000873,Sri Fitriyani,Instagram tuh lagi kenapa sih padahal yah engga posting apa-apaan tapi di suruh ngajuin banding katanya posting macem-macem tolong dong pihak Ig yang rasional buka Ig aja jarang kok pas buka tiba tiba begitu,,2,google_play_reviews,data/Review Instagram.csv,consumer_app_review,,,,,,207,207,34,34,6.09,0,0,0,0,3,0.0145,0,0,0,0.8824,,,,,INSUFFICIENT_TEMPORAL_DATA,,,,,INSUFFICIENT_ENGAGEMENT_DATA,negative,0.9929,0.0017,0.0054,0.9929,surprise,0
IG-000874,BEA JUNIA ISKA,"Sukak kesel aku tiap kali mau posting foto lama dari album/gallery, pasti yg muncul malah foto itu lagi itu lagi, gak ngerefresh banget! Banyakan hank nya😡",,2,google_play_reviews,data/Review Instagram.csv,consumer_app_review,,,,,,155,155,26,26,5.96,0,0,0,1,2,0.0129,1,0,0,0.9231,,,,,INSUFFICIENT_TEMPORAL_DATA,,,,,INSUFFICIENT_ENGAGEMENT_DATA,negative,0.971,0.019,0.01,0.971,anger,0
IG-000875,I Gusti Putu Ngurah Dika Purnama Wardana,"Saya mau repost postingan saya di story dan menambahkan stiker pertanyaan, tapi setelah saya pencet bagikan ke story tiba tiba muncul bacaan "" kesalahan "". tolong instagram ini sudah sekian kalinya mengalami bug seperti ini SANGAT MENGGANGGU DAN MERUGIKAN SAYA DENGAN BISNIS SAYA!",,1,google_play_reviews,data/Review Instagram.csv,consumer_app_review,,,,,,280,280,43,43,6.51,0,0,0,0,49,0.175,1,0,0,0.8372,,,,,INSUFFICIENT_TEMPORAL_DATA,,,,,INSUFFICIENT_ENGAGEMENT_DATA,negative,0.9966,0.0012,0.0021,0.9966,surprise,1
IG-000876,Srikandi,"makin kesini makin ga karuan nih ig, tolong dong di perbaikin, ko sekarang kalo bikin stori vidio jadi ga HD, terus vidio yang di arsip jadi jelek banget, malah jadi burem, kecewa!!!!!",,5,google_play_reviews,data/Review Instagram.csv,consumer_app_review,,,,,,184,184,32,32,5.75,0,0,0,0,2,0.0109,5,0,0,0.8125,,,,,INSUFFICIENT_TEMPORAL_DATA,,,,,INSUFFICIENT_ENGAGEMENT_DATA,negative,0.998,0.0011,0.0009,0.998,anger,0
IG-000877,Rika Mufita,"Aku kok g bisa nyimpen video ke galeri knp y? Kn aku rekam pakek efek biasanya bisa disimpan ini koo gkkk ada tulisan ""Kesalahan"" Sampk tak uninstall pun tetep",,1,google_play_reviews,data/Review Instagram.csv,consumer_app_review,,,,,,159,159,29,29,5.48,0,0,0,0,4,0.0252,0,1,0,0.931,,,,,INSUFFICIENT_TEMPORAL_DATA,,,,,INSUFFICIENT_ENGAGEMENT_DATA,negative,0.9887,0.0022,0.0091,0.9887,surprise,0
IG-000878,Rahmawati,"Agak gimana gitu fitur skrg, sering hilang2. Fitur penambah lagu di info akun itu ilang, pdhl kmrn msih ada. Pdhl pengen ganti lagu. Knp ya",,3,google_play_reviews,data/Review Instagram.csv,consumer_app_review,,,,,,139,139,25,25,5.56,0,0,0,0,4,0.0288,0,0,1,0.92,,,,,INSUFFICIENT_TEMPORAL_DATA,,,,,INSUFFICIENT_ENGAGEMENT_DATA,negative,0.9663,0.0013,0.0324,0.9663,anger,0
IG-000879,Yon DoSa,"Kenapa instagram sekarang gak enak digunakan, dikit-dikit hapus komentar, kalau admin nya baperan, ganti aja namanya menjadi bapergram jangan instagram, karena gak cocok, ya!",,1,google_play_reviews,data/Review Instagram.csv,consumer_app_review,,,,,,174,174,24,24,7.25,0,0,0,0,1,0.0057,1,0,0,0.9583,,,,,INSUFFICIENT_TEMPORAL_DATA,,,,,INSUFFICIENT_ENGAGEMENT_DATA,negative,0.9956,0.0024,0.0021,0.9956,surprise,0
IG-000880,Risma Ike,Sangat membantu saya. Bisa di ser juga di fb. Ketika reel fb Q gk bisa muncul karena meng aktif kan uji coba A/b.tapi gk bisa di nonaktifkan kembali🤗🫰,,5,google_play_reviews,data/Review Instagram.csv,consumer_app_review,,,,,,150,150,28,28,5.36,0,0,0,2,5,0.0333,0,0,0,0.8214,,,,,INSUFFICIENT_TEMPORAL_DATA,,,,,INSUFFICIENT_ENGAGEMENT_DATA,neutral,0.5499,0.1196,0.5499,0.3305,neutral,1
IG-000881,Puja Galang,"gimana siii instagram ko fitur arsip malah mau dihapus, awas yaa kalo sampe fitur arsip nya di hapus parah bgttt siii, bisa bisaaa kedepannya ga pake Instagram lagiiii, parah siieee kata guwe th, kecewa berat kalo sampe emang kejadiann, parahhh pokoknyaaaa😠😠😠😠",,3,google_play_reviews,data/Review Instagram.csv,consumer_app_review,,,,,,260,260,41,41,6.34,0,0,0,4,1,0.0038,0,0,0,0.8537,,,,,INSUFFICIENT_TEMPORAL_DATA,,,,,INSUFFICIENT_ENGAGEMENT_DATA,negative,0.996,0.0021,0.002,0.996,anger,0
IG-000882,Eriel Jacho,"Sy udah update masih ga bs downloax foto2 di arsip,juga ga bisa balikin ke feed. Mestinya upgrade malah downgrade. Jd bintangnya juga downgrade ke Bintang 1.",,1,google_play_reviews,data/Review Instagram.csv,consumer_app_review,,,,,,157,157,26,26,6.04,0,0,0,0,4,0.0255,0,0,2,0.9231,,,,,INSUFFICIENT_TEMPORAL_DATA,,,,,INSUFFICIENT_ENGAGEMENT_DATA,negative,0.9492,0.003,0.0478,0.9492,anger,0
IG-000883,Rere Aji,"Setelah di update mau bikin story, reel,post kok ga ga ada fitur musiknya...jadi nyesel abis update",,3,google_play_reviews,data/Review Instagram.csv,consumer_app_review,,,,,,99,99,16,16,6.19,0,0,0,0,1,0.0101,0,0,0,0.875,,,,,INSUFFICIENT_TEMPORAL_DATA,,,,,INSUFFICIENT_ENGAGEMENT_DATA,negative,0.9939,0.0032,0.0029,0.9939,surprise,0
IG-000884,naylabalqis 574,"habis di update kok apk nya keluar² sendiri yaa, pas udah di uninstall terus di install lagi malah gabisa dibuka, selalu stuck di logo🙏",,2,google_play_reviews,data/Review Instagram.csv,consumer_app_review,,,,,,135,135,24,24,5.62,0,0,0,1,0,0.0,0,0,0,0.875,,,,,INSUFFICIENT_TEMPORAL_DATA,,,,,INSUFFICIENT_ENGAGEMENT_DATA,negative,0.8817,0.006,0.1123,0.8817,surprise,0
IG-000885,Nhuning 24,Sering update instagram tp hasilny jelek trus klau buka aplikasinya. Kadang gak bisa buka. Heran aku sama ni aplikasi. Makin ke update makin gak jelas aja aplikasiny,,1,google_play_reviews,data/Review Instagram.csv,consumer_app_review,,,,,,165,165,27,27,6.11,0,0,0,0,4,0.0242,0,0,0,0.8889,,,,,INSUFFICIENT_TEMPORAL_DATA,,,,,INSUFFICIENT_ENGAGEMENT_DATA,negative,0.997,0.0013,0.0016,0.997,anger,0
IG-000886,Said hafidz Muharram,Bgus tp...ada yang kurang knp pas mau menyimpan foto sma musik nya kok gk bisa nya apa saya blm download musik ya atau ig nya bermasalh ya,,5,google_play_reviews,data/Review Instagram.csv,consumer_app_review,,,,,,138,138,27,27,5.11,0,0,0,0,1,0.0072,0,0,0,0.8519,,,,,INSUFFICIENT_TEMPORAL_DATA,,,,,INSUFFICIENT_ENGAGEMENT_DATA,negative,0.9071,0.0058,0.0872,0.9071,surprise,0
IG-000887,Muhammad Raihan,"ini kenapa ya? semenjak di update jaringannya jadi nge lag"" padahal waktu saya buka aplikasi lain itu jaringanny lancar tolong pihak instagram",,3,google_play_reviews,data/Review Instagram.csv,consumer_app_review,,,,,,142,142,22,22,6.45,0,0,0,0,0,0.0,0,1,0,1.0,,,,,INSUFFICIENT_TEMPORAL_DATA,,,,,INSUFFICIENT_ENGAGEMENT_DATA,negative,0.9423,0.0043,0.0534,0.9423,surprise,0
IG-000888,Si Dik,"kenapa sekarang Instagram tiba-tiba akun kita di nonaktifkan, padahal kami tidak melakukan yang aneh-aneh!!!!????? 🤔 ku beri bintang satu karena akun Instagram ku di nonaktifkan!!! Okee terimakasih",,1,google_play_reviews,data/Review Instagram.csv,consumer_app_review,,,,,,197,197,27,27,7.3,0,0,0,1,3,0.0152,7,5,0,0.8519,,,,,INSUFFICIENT_TEMPORAL_DATA,,,,,INSUFFICIENT_ENGAGEMENT_DATA,neutral,0.7009,0.129,0.7009,0.1702,surprise,1
IG-000889,Firmansyah,"Udah berkali kali update Instagram, tapi tetap sama aja nggak ada yang baru setelah di update, ada fitur font baru tapi kenapa tiap di update fitur ny tetap nggak ada",,1,google_play_reviews,data/Review Instagram.csv,consumer_app_review,,,,,,166,166,30,30,5.53,0,0,0,0,2,0.012,0,0,0,0.7,,,,,INSUFFICIENT_TEMPORAL_DATA,,,,,INSUFFICIENT_ENGAGEMENT_DATA,negative,0.9599,0.0037,0.0364,0.9599,surprise,0
IG-000890,mario pranoto,Bagus buat nonton juga bagus saat aku lihat scrolling itu muncul video yang aku ikuti tapi saat nonton tanpa nyentuh layar kan masih hidup itu hpnya itu mati sendiri,,3,google_play_reviews,data/Review Instagram.csv,consumer_app_review,,,,,,165,165,29,29,5.69,0,0,0,0,1,0.0061,0,0,0,0.7931,,,,,INSUFFICIENT_TEMPORAL_DATA,,,,,INSUFFICIENT_ENGAGEMENT_DATA,negative,0.9873,0.0076,0.005,0.9873,joy,0
IG-000891,Sylla SusiLawaty,Kenapa tidak bisa masukan kata sandi padahal kata sandi sudah sesuai dan di verifikasi berharap bisa pake kode email karna no kartu sudah ga aktif tolong di bantu saya butuh Instagram ituu sudah ke 2 x nya begini saya selalu kehilangan Instagram kesayangan teruss,,1,google_play_reviews,data/Review Instagram.csv,consumer_app_review,,,,,,263,263,44,44,5.98,0,0,0,0,3,0.0114,0,0,1,0.8182,,,,,INSUFFICIENT_TEMPORAL_DATA,,,,,INSUFFICIENT_ENGAGEMENT_DATA,negative,0.9161,0.0055,0.0783,0.9161,surprise,1
IG-000892,Mak Nyami,"Sebelumnya dulu Instagram saya gak seperti ini,dulu enak dipakai sekarang kok setiap lihat vidio reel itu gak bisa dibuat lihat sw Instagram juga gak bisa tp kalau dibuat cari akun temen itu bisa kenapa y",,1,google_play_reviews,data/Review Instagram.csv,consumer_app_review,,,,,,204,204,35,35,5.83,0,0,0,0,3,0.0147,0,0,0,0.7714,,,,,INSUFFICIENT_TEMPORAL_DATA,,,,,INSUFFICIENT_ENGAGEMENT_DATA,negative,0.7983,0.0432,0.1585,0.7983,surprise,0
IG-000893,Kadja,"Bro, kenapa Ig sekarang kayak tiktok? Jujur aja aku gak nyaman sih masa fitur baru ini dan ditambah lagi gambar dan video jadiin satu di kolom pencarian dan itu bikin aku gak nyaman.",,2,google_play_reviews,data/Review Instagram.csv,consumer_app_review,,,,,,182,182,33,33,5.52,0,0,0,0,3,0.0165,0,1,0,0.8788,,,,,INSUFFICIENT_TEMPORAL_DATA,,,,,INSUFFICIENT_ENGAGEMENT_DATA,negative,0.9964,0.0017,0.0019,0.9964,surprise,0
IG-000894,Muhammad Fajri,"gajelas ni Instagram makin lama,banyak banget bugnya, masa di akun utama fitur note di postingan dan reel ga ada,padahal di akun kedua ada",,1,google_play_reviews,data/Review Instagram.csv,consumer_app_review,,,,,,138,138,23,23,6.0,0,0,0,0,1,0.0072,0,0,0,0.8696,,,,,INSUFFICIENT_TEMPORAL_DATA,,,,,INSUFFICIENT_ENGAGEMENT_DATA,negative,0.9969,0.0007,0.0024,0.9969,surprise,0
IG-000895,Dhita Azzahra,"Saya kasih bintang 1 karena tidak bisa menggunakan Instagram ini.,. ketika mau memposting foto selalu keluar dan harus log out dari akun pribadi saya,.,. dan harus mengajukan banding,,.akan tetapi sya sdh melakukan nya tetap saja tidak bisa dan harus menunggu waktu yang lama.,, saya minta tolong di perbaiki lagi",,1,google_play_reviews,data/Review Instagram.csv,consumer_app_review,,,,,,313,313,49,49,6.39,0,0,0,0,2,0.0064,0,0,1,0.8571,,,,,INSUFFICIENT_TEMPORAL_DATA,,,,,INSUFFICIENT_ENGAGEMENT_DATA,negative,0.9246,0.0158,0.0597,0.9246,anger,1
IG-000896,Kania Chandra Puspita dewi,"Ini ig emang error atau gimana ya? Awalnya kan saya blokir orang terus saya buka lagi,tapi kok pas mau dm ada pilihan ""buka blokir,hapus"" sedangkan saya udah pilih ""buka blokir"" terus juga udah follow""an,tapi kenapa ada pilihan""buka blokir,hapus"" jadinya gabisa dman lagi deh. Tolong bantu yaa,terima kasih",,2,google_play_reviews,data/Review Instagram.csv,consumer_app_review,,,,,,306,306,47,47,6.51,0,0,0,0,3,0.0098,0,1,0,0.8511,,,,,INSUFFICIENT_TEMPORAL_DATA,,,,,INSUFFICIENT_ENGAGEMENT_DATA,negative,0.9681,0.0095,0.0224,0.9681,anger,0
IG-000897,naya ziifara,"bagus, tapi kenapa aku gabisa liat story di instagram? setiap orang bikin story pasti tulisannya cerita sudah di hapus, padahal story nya masih ada, di semua akun aku begitu",,5,google_play_reviews,data/Review Instagram.csv,consumer_app_review,,,,,,173,173,29,29,5.97,0,0,0,0,0,0.0,0,1,0,0.8276,,,,,INSUFFICIENT_TEMPORAL_DATA,,,,,INSUFFICIENT_ENGAGEMENT_DATA,negative,0.9512,0.0293,0.0195,0.9512,surprise,0
IG-000898,Sara Simahara,"Ini kenapa filter di ig nya kedip kedip,gabisa dipakai Tolong diperbaiki dong, Sudah dilaporkan tapi tidak ada perubahan sam sekali,tolong di notice",,1,google_play_reviews,data/Review Instagram.csv,consumer_app_review,,,,,,148,148,22,22,6.73,0,0,0,0,3,0.0203,0,0,0,0.9545,,,,,INSUFFICIENT_TEMPORAL_DATA,,,,,INSUFFICIENT_ENGAGEMENT_DATA,negative,0.9865,0.0006,0.0128,0.9865,surprise,0
IG-000899,Rasya Alika,"knp ya sekarang semenjak sudah update jadi bug truss,,saya jadi gak bisa liat status Ig orng orng,,cerita ini tidak tersedia Mulu bacaan nya tolong perbaiki lagii dong minnnnnn",,2,google_play_reviews,data/Review Instagram.csv,consumer_app_review,,,,,,176,176,28,28,6.29,0,0,0,0,2,0.0114,0,0,0,0.9643,,,,,INSUFFICIENT_TEMPORAL_DATA,,,,,INSUFFICIENT_ENGAGEMENT_DATA,negative,0.9958,0.0016,0.0027,0.9958,anger,0
IG-000900,Dini Aulya,"hallo, fitur instagram kenapa ga support ke hp samsung ya? dr kemarin setiap buka kamera ig ga muncul tampilan kamera hanya layar item. mohon konfirmasinya!",,2,google_play_reviews,data/Review Instagram.csv,consumer_app_review,,,,,,156,156,25,25,6.24,0,0,0,0,0,0.0,1,1,0,0.92,,,,,INSUFFICIENT_TEMPORAL_DATA,,,,,INSUFFICIENT_ENGAGEMENT_DATA,neutral,0.9853,0.001,0.9853,0.0137,surprise,0
IG-000901,Zahrotul Marzazila,"saya mengalami bug, saya tidak bisa mengikuti balik followers saya, saya minta bantuannya dihp saya terdapat tulisan seperti ini Akun dibatasi beberapa sering melakukan hal tertentu seperti mengikuti untuk melindungi komunitas instagram",,1,google_play_reviews,data/Review Instagram.csv,consumer_app_review,,,,,,236,236,32,32,7.38,0,0,0,0,1,0.0042,0,0,0,0.8438,,,,,INSUFFICIENT_TEMPORAL_DATA,,,,,INSUFFICIENT_ENGAGEMENT_DATA,negative,0.7894,0.0032,0.2073,0.7894,anger,1
IG-000902,Meli Amanda,"Kenapa ya pas buka kamera gelap aja tapi pas di pencet tombolnya muncul gambar, sedangkan kita kalo mau foto jadi ga keliatan kamera belakang apa depannya karna gelap",,2,google_play_reviews,data/Review Instagram.csv,consumer_app_review,,,,,,166,166,28,28,5.93,0,0,0,0,1,0.006,0,0,0,0.8929,,,,,INSUFFICIENT_TEMPORAL_DATA,,,,,INSUFFICIENT_ENGAGEMENT_DATA,negative,0.9508,0.0065,0.0427,0.9508,surprise,0
IG-000903,Silvia Nurazmi Zahra,"Aku kasih bintang 5, tapi please jgn hilangkan arsip IG .🥲🥲 please please please jangan dong. Cuma di arsip aja aku bisa liat kenang kenangan yg lama setelah hp ku ke riset. Nnti ku ubah bintang lagi kalo sampe di hilangkan arsip😭😭",,5,google_play_reviews,data/Review Instagram.csv,consumer_app_review,,,,,,231,231,42,42,5.5,0,0,0,4,5,0.0216,0,0,1,0.7857,,,,,INSUFFICIENT_TEMPORAL_DATA,,,,,INSUFFICIENT_ENGAGEMENT_DATA,negative,0.8054,0.0325,0.1621,0.8054,sadness,0
IG-000904,Scout T,"(izinkan menambahkan media) tolong di perbaiki lagi, masa udah di nonaktifkan fiturnya ga ilang ilang woy, balikin ga seperti semula 👊👊👊👊👊👊",,1,google_play_reviews,data/Review Instagram.csv,consumer_app_review,,,,,,139,139,21,21,6.62,0,0,0,6,0,0.0,0,0,0,0.8571,,,,,INSUFFICIENT_TEMPORAL_DATA,,,,,INSUFFICIENT_ENGAGEMENT_DATA,neutral,0.5402,0.0118,0.5402,0.448,surprise,0
IG-000905,Intan Stella Nadeak,"Instagram banyak bug, lihat mention ig gabisa, sg diikuti kadang hilang/postingan tidam tersedia. Tolong diperbaiki",,1,google_play_reviews,data/Review Instagram.csv,consumer_app_review,,,,,,115,115,15,15,7.67,0,0,0,0,2,0.0174,0,0,0,1.0,,,,,INSUFFICIENT_TEMPORAL_DATA,,,,,INSUFFICIENT_ENGAGEMENT_DATA,negative,0.9916,0.0015,0.0069,0.9916,anger,0
IG-000906,DINDA RAFIKA SUKMA TANJUNG,"Aku kasih bintang 5., TAPI PLEASE JANGAN ILANGIN FITUR ARSIP , sejauh ini fitur itu yg berguna bgt buat ngeliat kenangan., gapapa deh fitur yg lain di ILANGIN , asal jangan arsip ., sumpah gapapa bgt ., tapi jangan ARSIP😭",,5,google_play_reviews,data/Review Instagram.csv,consumer_app_review,,,,,,221,221,40,40,5.52,0,0,0,1,46,0.2081,0,0,1,0.7,,,,,INSUFFICIENT_TEMPORAL_DATA,,,,,INSUFFICIENT_ENGAGEMENT_DATA,negative,0.9631,0.0177,0.0191,0.9631,anger,0
IG-000907,Asri Ut,habis keupdate tiba tiba fitur musik distory sm dicatatan hilang trus juga sering gabisa up story.. ini knp yaa tolong yaa benerin lgi ini instagram,,1,google_play_reviews,data/Review Instagram.csv,consumer_app_review,,,,,,148,148,25,25,5.92,0,0,0,0,0,0.0,0,0,0,0.88,,,,,INSUFFICIENT_TEMPORAL_DATA,,,,,INSUFFICIENT_ENGAGEMENT_DATA,negative,0.9884,0.0007,0.0108,0.9884,sadness,0
IG-000908,Dzaky Muhammad,"Mengapa hal yang tidak saya sukai semakin banyak Muncul tiba-tiba dan pencarian, saya seorang Boxer dan suka olahraga di gym tapi apa yang ada di Instagram saya sekarang berubah drastis bahkan tanpa ada perubahan yang saya lakukan",,1,google_play_reviews,data/Review Instagram.csv,consumer_app_review,,,,,,230,230,37,37,6.22,0,0,0,0,4,0.0174,0,0,0,0.7838,,,,,INSUFFICIENT_TEMPORAL_DATA,,,,,INSUFFICIENT_ENGAGEMENT_DATA,negative,0.9659,0.0173,0.0168,0.9659,joy,1
IG-000909,위도황,"Apalah.. padahal udah diperbaharui melulu tp kok suruh memperbarui lagi? Trs klo mau upload story pasti ada tulisan ""kesalahan"" tolong dong ditingkatkan lagi",,1,google_play_reviews,data/Review Instagram.csv,consumer_app_review,,,,,,157,157,23,23,6.83,0,0,0,0,2,0.0127,0,1,0,1.0,,,,,INSUFFICIENT_TEMPORAL_DATA,,,,,INSUFFICIENT_ENGAGEMENT_DATA,negative,0.9969,0.0011,0.002,0.9969,surprise,0
IG-000910,Claire Xlynn,"hadeh ni apk makin gajelas, fitur fitur nya suka muncul sama hilang sendiri secara tiba tiba, makin banyak bug",,1,google_play_reviews,data/Review Instagram.csv,consumer_app_review,,,,,,110,110,19,19,5.79,0,0,0,0,0,0.0,0,0,0,0.8947,,,,,INSUFFICIENT_TEMPORAL_DATA,,,,,INSUFFICIENT_ENGAGEMENT_DATA,negative,0.9978,0.001,0.0013,0.9978,sadness,0
IG-000911,Gina Aufa,ig nya kenapa ya? kalo liat status ig nya gabisa di liat pasti ada tulisan cerita tidak tersedia atau malah diliattin yang sudah saya liat kek muter muter disitu aja jadi gj maaf bngt😭😭,,2,google_play_reviews,data/Review Instagram.csv,consumer_app_review,,,,,,185,185,34,34,5.44,0,0,0,2,0,0.0,0,1,0,0.8529,,,,,INSUFFICIENT_TEMPORAL_DATA,,,,,INSUFFICIENT_ENGAGEMENT_DATA,negative,0.8074,0.0169,0.1757,0.8074,surprise,0
IG-000912,justmyrandom,"Mohon maaf, saya capek sama instagram, aplikasi saya sering ada masalah dan tidak kunjung membaik, dan ada beberapa komplain dari kerabat juga kalau instagram tidak berkembang karena sering ngebug di akunnya",,1,google_play_reviews,data/Review Instagram.csv,consumer_app_review,,,,,,207,207,31,31,6.68,0,0,0,0,1,0.0048,0,0,0,0.8387,,,,,INSUFFICIENT_TEMPORAL_DATA,,,,,INSUFFICIENT_ENGAGEMENT_DATA,negative,0.9929,0.0042,0.0029,0.9929,anger,1
IG-000913,M. ANNUR FUAD FADHOLI,"Sebenarnya fitur-fitur yang di rilis Instagram baru-baru ini bagus tapi ada bagian fitur add notes untuk menanggapi postingan orang lain yang tidak ada serta tidak tertata untuk jumlah like,comment,dan shere padahal sudah sy update.",,3,google_play_reviews,data/Review Instagram.csv,consumer_app_review,,,,,,232,232,34,34,6.82,0,0,0,0,2,0.0086,0,0,0,0.8824,,,,,INSUFFICIENT_TEMPORAL_DATA,,,,,INSUFFICIENT_ENGAGEMENT_DATA,neutral,0.527,0.0203,0.527,0.4527,joy,1
IG-000914,A Roni 03,"tolong developer cara ngatasin gak bisa lobe gimana yah,tolong di bantu,susah banget kalo mau live tapi ada tulisan tidak memenuhi syarat,tolong developer bantuan nya",,5,google_play_reviews,data/Review Instagram.csv,consumer_app_review,,,,,,166,166,24,24,6.92,0,0,0,0,0,0.0,0,0,0,0.9583,,,,,INSUFFICIENT_TEMPORAL_DATA,,,,,INSUFFICIENT_ENGAGEMENT_DATA,negative,0.8719,0.0039,0.1243,0.8719,anger,0
IG-000915,Addini Nur fadilah,"Instagram lu mending balikin fitur lagu yg ada di profile deh,benci banget gw kalo udah bela belain update eh malah tambah ngajelas aja fiturnya,ada yg hilang kek,keganti lah dll,kembaliin kayak dulu lagi deh benci bgt gw,perbaiki eror mu dong,mls gw,eror mulu anj",,1,google_play_reviews,data/Review Instagram.csv,consumer_app_review,,,,,,264,264,42,42,6.29,0,0,0,0,1,0.0038,0,0,0,0.9762,,,,,INSUFFICIENT_TEMPORAL_DATA,,,,,INSUFFICIENT_ENGAGEMENT_DATA,negative,0.9972,0.0014,0.0015,0.9972,anger,0
IG-000916,Timotius Imanuel,"Kenapa akun saya ditangguhkan dan pas saya mengajukan banding tidak bisa/ stuck di bagian pengiriman kode lewat nomor hp, dan saya sampai saat ini masih tidak tau kenapa kok akun ig saya di tangguhkan, padahal saya tidak memakai nya untuk yang aneh-aneh seperti penipuan, pengexploitasi an, bahkan tindakan yang berbau sexual pun tidak pernah saya lakukan!!!, mohon untuk cs ataupun dev bisa segera membantu saya, memberi tahu cara nya yang benar seperti apa🙏. Trimakasih 🙏",,2,google_play_reviews,data/Review Instagram.csv,consumer_app_review,,,,,,473,473,75,75,6.31,0,0,0,2,2,0.0042,3,0,0,0.7733,,,,,INSUFFICIENT_TEMPORAL_DATA,,,,,INSUFFICIENT_ENGAGEMENT_DATA,negative,0.7259,0.0865,0.1876,0.7259,surprise,1
IG-000917,Aldo Morrisey,"Udah seminggu ini di hp samsung saya kalau pake Filter Layarnya Kedip2, kalau bkin Video Hasilnya Kedip2 juga, tolong dong perbaikin..",,2,google_play_reviews,data/Review Instagram.csv,consumer_app_review,,,,,,134,134,21,21,6.38,0,0,0,0,7,0.0522,0,0,2,0.9524,,,,,INSUFFICIENT_TEMPORAL_DATA,,,,,INSUFFICIENT_ENGAGEMENT_DATA,negative,0.9868,0.001,0.0122,0.9868,anger,0
IG-000918,YAN STORY,"Ini apaansi diupdate udh dah sllu di-update tpi knpaaa ig ny eror gini,mau mengikuti orang malah gabisa""tlonglah kesal jadinya kayak gak merubah apa apa malah jadinyaaa masa di UP eror gini hadehhhh tlongla diperbaikiiii gmna caranya mau ngikutin orang tp malah gabisa ngikutin giniii",,2,google_play_reviews,data/Review Instagram.csv,consumer_app_review,,,,,,284,284,44,44,6.45,0,0,0,0,3,0.0106,0,0,0,0.8636,,,,,INSUFFICIENT_TEMPORAL_DATA,,,,,INSUFFICIENT_ENGAGEMENT_DATA,negative,0.9973,0.0014,0.0013,0.9973,anger,0
IG-000919,ruri,"Akun gw ada beberapa tp tiap akun tuh ada yg telat update nya gitu lah, di satu akun ada fitur baru tp di akun lain gaada, itu kenapa sih benerin TOLONG.",,3,google_play_reviews,data/Review Instagram.csv,consumer_app_review,,,,,,153,153,31,31,4.94,0,0,0,0,7,0.0458,0,0,0,0.7742,,,,,INSUFFICIENT_TEMPORAL_DATA,,,,,INSUFFICIENT_ENGAGEMENT_DATA,negative,0.9585,0.0017,0.0398,0.9585,surprise,0
IG-000920,Aviola Tryani putri,"setelah diupdate fiturnya malah makin ga jelas, kalo ada yang nge tag di snapgram malah ke hapus sendiri kecewa banget, tolong perbaiki secepatnya",,1,google_play_reviews,data/Review Instagram.csv,consumer_app_review,,,,,,146,146,23,23,6.35,0,0,0,0,0,0.0,0,0,0,0.9565,,,,,INSUFFICIENT_TEMPORAL_DATA,,,,,INSUFFICIENT_ENGAGEMENT_DATA,negative,0.997,0.0008,0.0022,0.997,sadness,0
IG-000921,Syifa denito,"Kenapa setiap saya nonton reels atau story itu selalu slowmo ga sinkron sama suara? Apa yg harus saya lakukan untuk mengatasi permasalahan pada instagram saya, tolong kasih saya solusi",,2,google_play_reviews,data/Review Instagram.csv,consumer_app_review,,,,,,184,184,29,29,6.34,0,0,0,0,2,0.0109,0,1,0,0.931,,,,,INSUFFICIENT_TEMPORAL_DATA,,,,,INSUFFICIENT_ENGAGEMENT_DATA,negative,0.6963,0.0155,0.2882,0.6963,surprise,1
IG-000922,Hardiyarti Farah Sadewi,"tolong pihak instagram membetulkan aplikasi instagram, saya sudah berkali kali menghapus kemudian menginstal lagi instagram karena ada masalah saat saya ingin login kembali ke akun saya karena tidak sengaja keluar. saya lupa kata sandinya tapi setiap saya menekan tombol lupa kata sandi selalu saja ada masalah dan diminta untuk mencoba lagi, tolong responnya🙏🏻🙏🏻",,1,google_play_reviews,data/Review Instagram.csv,consumer_app_review,,,,,,363,363,53,53,6.85,0,0,0,4,0,0.0,0,0,0,0.7925,,,,,INSUFFICIENT_TEMPORAL_DATA,,,,,INSUFFICIENT_ENGAGEMENT_DATA,negative,0.5947,0.0142,0.3912,0.5947,anger,1
IG-000923,Dita Qurotul,Kenapa di saat saya mau nge like postingan orang gabisa padahal sudah saya update tolong di perbaiki pihak ig tanggung jawab di update malah makin down kualitas nya bukan nya bagus malah makin buruk padahal sebelum nya gk gini pliss tolong perbaiki lagi ig sayaa admin ig mohon pertanggungjawaban nya jangan diam sajaaa,,1,google_play_reviews,data/Review Instagram.csv,consumer_app_review,,,,,,319,319,53,53,6.02,0,0,0,0,1,0.0031,0,0,0,0.7358,,,,,INSUFFICIENT_TEMPORAL_DATA,,,,,INSUFFICIENT_ENGAGEMENT_DATA,negative,0.9947,0.003,0.0023,0.9947,anger,0
IG-000924,Jahra Baduy,Aku sangat puas mengguankan instagarm tetapi belakangan ini promosi jual saya kaya kuarang di rekomendasikan tolong bantu rekomedasikan ke publik biar banyak tayang dan menjangkau iklan saya,,4,google_play_reviews,data/Review Instagram.csv,consumer_app_review,,,,,,190,190,27,27,7.04,0,0,0,0,1,0.0053,0,0,0,0.963,,,,,INSUFFICIENT_TEMPORAL_DATA,,,,,INSUFFICIENT_ENGAGEMENT_DATA,positive,0.4823,0.4823,0.0409,0.4768,joy,1
IG-000925,Fibri Fibri,"Halo kak kok aku ajukan banding kenapaya pada saat aku rekam muka,kok bermasalah padahal jaringan udah baik dan udah ikuti instruksinya sedih deh Instagram skrng jadi aneh udah 1 Minggu kak GK main ig😭",,2,google_play_reviews,data/Review Instagram.csv,consumer_app_review,,,,,,201,201,34,34,5.91,0,0,0,1,5,0.0249,0,0,1,0.8824,,,,,INSUFFICIENT_TEMPORAL_DATA,,,,,INSUFFICIENT_ENGAGEMENT_DATA,negative,0.986,0.0021,0.0119,0.986,sadness,0
IG-000926,Fira Nabila,"kenapa tidak bisa dibuka? setiap mau login ig tiba tiba keluar. ""Instagram telah berhenti"" selalu ada text kaya gitu setiap buka ig. tiba tiba keluar sendiri. itu kenapa?",,3,google_play_reviews,data/Review Instagram.csv,consumer_app_review,,,,,,170,170,28,28,6.07,0,0,0,0,1,0.0059,0,2,0,0.8571,,,,,INSUFFICIENT_TEMPORAL_DATA,,,,,INSUFFICIENT_ENGAGEMENT_DATA,negative,0.9874,0.0041,0.0085,0.9874,surprise,0
IG-000927,Juliani waruwu,Instagram ini kalau mau nyimpan vidio ada lagu nya tapi ketika sudah di album malah lagu nggak ada gimana dong tolong,,1,google_play_reviews,data/Review Instagram.csv,consumer_app_review,,,,,,117,117,21,21,5.57,0,0,0,0,1,0.0085,0,0,0,0.9048,,,,,INSUFFICIENT_TEMPORAL_DATA,,,,,INSUFFICIENT_ENGAGEMENT_DATA,negative,0.839,0.0031,0.158,0.839,anger,0
IG-000928,Saskia Rahma,"saya sangat suka intagram, saya bisa membuat 1 akun lebih. setiap akun berbeda beda kepribadian. dan diantara banyaknya akun saya, saya punya akun yang di dalamnya saya sangat mengabadikan moment. saya sangat suka mengabadikan momen dan memposting foto yg saya punya tanpa ragu",,5,google_play_reviews,data/Review Instagram.csv,consumer_app_review,,,,,,277,277,43,43,6.44,0,0,0,0,0,0.0,0,0,1,0.6744,,,,,INSUFFICIENT_TEMPORAL_DATA,,,,,INSUFFICIENT_ENGAGEMENT_DATA,positive,0.9967,0.9967,0.0029,0.0004,joy,1
IG-000929,Zihan Syahira,"ini kenapa nge bug mulu dah, kok makin di update makin nge bug? apk ig sy jdi gak ad fitur sorotan nya, itu kenapa yaa?!!! tolongg perbaiki dong minnn!!!!",,1,google_play_reviews,data/Review Instagram.csv,consumer_app_review,,,,,,154,154,29,29,5.31,0,0,0,0,0,0.0,7,2,0,0.8966,,,,,INSUFFICIENT_TEMPORAL_DATA,,,,,INSUFFICIENT_ENGAGEMENT_DATA,negative,0.9944,0.0013,0.0043,0.9944,surprise,0
IG-000930,Muhamadisan wiran,"tolong dong, ko ini bug terus sih. gak bisa kirim dm malah ber icon ""mengirim"" load mulu saat mau bales dm. tolong perbaiki keluhan nya",,4,google_play_reviews,data/Review Instagram.csv,consumer_app_review,,,,,,135,135,25,25,5.4,0,0,0,0,0,0.0,0,0,0,0.96,,,,,INSUFFICIENT_TEMPORAL_DATA,,,,,INSUFFICIENT_ENGAGEMENT_DATA,negative,0.9919,0.0007,0.0075,0.9919,anger,0
IG-000931,Yayuk NH,"Kenapa sya tidak bisa menambahkan musik y, k postingan sya. Dlu bs , knp skrg tdk. Apakah Ig skrg sdh tdk bs menambahkan musik lg kah pada postingannya?",,3,google_play_reviews,data/Review Instagram.csv,consumer_app_review,,,,,,152,152,28,28,5.43,0,0,0,0,4,0.0263,0,1,0,0.8571,,,,,INSUFFICIENT_TEMPORAL_DATA,,,,,INSUFFICIENT_ENGAGEMENT_DATA,negative,0.6148,0.0073,0.3779,0.6148,surprise,0
IG-000932,Rahma Amaliaputri,mohon jangan hapus arsip Instagram karna itu alasan saya dan mungkin banyak orang juga untuk menggunakan Instagram dan menyimpan memory kehidupan di sana akan tetap bintang 5 jika terhapus saya akan memberikan ulasan buruk❗❗❗❗,,5,google_play_reviews,data/Review Instagram.csv,consumer_app_review,,,,,,226,226,34,34,6.65,0,0,0,4,2,0.0088,0,0,1,0.8824,,,,,INSUFFICIENT_TEMPORAL_DATA,,,,,INSUFFICIENT_ENGAGEMENT_DATA,neutral,0.5898,0.164,0.5898,0.2462,neutral,1
IG-000933,Suneo Kexcrot,"setiap saya memposting sebuah foto hasilnya selalu buram,pecah pecah,dan lain nya begitu juga ketika membagikan foto ke sebuah cerita hasilnya selalu tidak sesuai dengan yang di harapkan padahal,saya sudah mengatur untuk tidak menghemat data,dan upload foto dengan kualitas tinggi",,1,google_play_reviews,data/Review Instagram.csv,consumer_app_review,,,,,,280,280,39,39,7.18,0,0,0,0,0,0.0,0,0,0,0.8205,,,,,INSUFFICIENT_TEMPORAL_DATA,,,,,INSUFFICIENT_ENGAGEMENT_DATA,negative,0.9866,0.0111,0.0023,0.9866,anger,1
IG-000934,Narita Meisya,"Enak di pakai, aplikasi nya juga menarik, dan bisa di pakai kapan saja, contohnya buat saya up video / foto, dan saya bisa foto menggunakan filter² di ig, i love ig 🫶🏻",,5,google_play_reviews,data/Review Instagram.csv,consumer_app_review,,,,,,167,167,32,32,5.22,0,0,0,2,1,0.006,0,0,0,0.8438,,,,,INSUFFICIENT_TEMPORAL_DATA,,,,,INSUFFICIENT_ENGAGEMENT_DATA,positive,0.9724,0.9724,0.0265,0.0011,joy,1
IG-000935,Moc Miftach Farid,"Saya memberikan 5 bintang, tetapi saya mohon jangan hilangkan fitur arsip. Sebab fitur tersebut sangat berguna untuk saya dan mungkin untuk seluruh pengguna instagram.",,5,google_play_reviews,data/Review Instagram.csv,consumer_app_review,,,,,,167,167,24,24,6.96,0,0,0,0,2,0.012,0,0,1,0.8333,,,,,INSUFFICIENT_TEMPORAL_DATA,,,,,INSUFFICIENT_ENGAGEMENT_DATA,positive,0.4852,0.4852,0.4459,0.069,joy,1
IG-000936,Faeyza Hidayat,Salah satu media sosial yang sangat bagus.Fitur-fitur yang disediakan oleh Instagram sangat simple dan mudah dimengerti serta dapat menjangkau orang lebih banyak,,5,google_play_reviews,data/Review Instagram.csv,consumer_app_review,,,,,,161,161,22,22,7.32,0,0,0,0,3,0.0186,0,0,0,0.9091,,,,,INSUFFICIENT_TEMPORAL_DATA,,,,,INSUFFICIENT_ENGAGEMENT_DATA,positive,0.9962,0.9962,0.0024,0.0014,joy,1
IG-000937,Surya Pratiwi,Aplikasi nya bagus banget tapi kenapa yaa setiap ada yang buat story baru tu selalu gak bisa di liat yaa (cerita ini tidak tersedia) tolong di bantu dongg,,5,google_play_reviews,data/Review Instagram.csv,consumer_app_review,,,,,,154,154,28,28,5.5,0,0,0,0,1,0.0065,0,0,0,0.9286,,,,,INSUFFICIENT_TEMPORAL_DATA,,,,,INSUFFICIENT_ENGAGEMENT_DATA,negative,0.9782,0.0062,0.0157,0.9782,surprise,0
IG-000938,Choirotun vira Agustina,"bagus sih tp saya pengen font nya kayak dulu, kadang sering bug lihat stori orang, semoga bisa diperbaiki lagi terimakasii 😍❤️‍🩹",,5,google_play_reviews,data/Review Instagram.csv,consumer_app_review,,,,,,128,128,21,21,6.1,0,0,0,3,0,0.0,0,0,0,1.0,,,,,INSUFFICIENT_TEMPORAL_DATA,,,,,INSUFFICIENT_ENGAGEMENT_DATA,positive,0.3949,0.3949,0.2504,0.3547,joy,0
IG-000939,windri lestari,"Hai Instagram. Akun instagram milik saya sudah kembali normal, semua fitur bisa dinikmati seperti semula. Terimakasih atas perbaikannya.",,5,google_play_reviews,data/Review Instagram.csv,consumer_app_review,,,,,,136,136,18,18,7.56,0,0,0,0,4,0.0294,0,0,0,1.0,,,,,INSUFFICIENT_TEMPORAL_DATA,,,,,INSUFFICIENT_ENGAGEMENT_DATA,neutral,0.9863,0.0033,0.9863,0.0104,neutral,1
IG-000940,Sebastian B,Mau tanya dong ini kenapa di IG saya untuk story tulis textnya dia selalu ada background color dan tidak bisa dihilangkan (samsung s23),,3,google_play_reviews,data/Review Instagram.csv,consumer_app_review,,,,,,135,135,23,23,5.87,0,0,0,0,3,0.0222,0,0,2,1.0,,,,,INSUFFICIENT_TEMPORAL_DATA,,,,,INSUFFICIENT_ENGAGEMENT_DATA,neutral,0.9212,0.014,0.9212,0.0648,surprise,1
IG-000941,Bagus Pinuji,Fitur filter yang untuk story gabisa. Pas buka kedip2 hitam terus. Mau buat story ga enak. Solusinya tolong.,,3,google_play_reviews,data/Review Instagram.csv,consumer_app_review,,,,,,108,108,18,18,6.0,0,0,0,0,4,0.037,0,0,1,0.9444,,,,,INSUFFICIENT_TEMPORAL_DATA,,,,,INSUFFICIENT_ENGAGEMENT_DATA,negative,0.6167,0.0025,0.3808,0.6167,anger,0
IG-000942,Nabila Avliyatul Faizah,"Okey si kak cuma kadang agak ngehang entah karna hp saya atau ig nya si, cuma saya kasih apresiasi buat ig karna ada ig aku jadi punya kesibukan dan hiburan, jadi tau banyak hal juga",,5,google_play_reviews,data/Review Instagram.csv,consumer_app_review,,,,,,182,182,35,35,5.2,0,0,0,0,1,0.0055,0,0,0,0.8286,,,,,INSUFFICIENT_TEMPORAL_DATA,,,,,INSUFFICIENT_ENGAGEMENT_DATA,positive,0.9828,0.9828,0.0141,0.0031,joy,0
IG-000943,One ST,"Tolong diperbaiki dong bug suara yg dipostingan, Setiap saya melihat postingan ig dengan foto lebih dari 1 (postingan foto slide) suara lagu selalu tidak ada dan simbol speaker yg dipojok kanan bawah pun tidak ada, berbeda dengan postingan 1 foto saja.. Disana suara lagu selalu keluar dan tidak ada kendala.. Segera diperbaiki karena bug nya terlalu meresahkan dan menganggu",,2,google_play_reviews,data/Review Instagram.csv,consumer_app_review,,,,,,375,375,59,59,6.36,0,0,0,0,4,0.0107,0,0,2,0.7119,,,,,INSUFFICIENT_TEMPORAL_DATA,,,,,INSUFFICIENT_ENGAGEMENT_DATA,negative,0.987,0.009,0.004,0.987,anger,1
IG-000944,M.Refin Aditya,"Banyak bug, terutama kalo ganti profil ig sama ganti profil sorotan, ga mungkin bisa kalo ganti PP pake wifi di ig mah pasti bakal stak loading kalo pake data bisa yang ke 2 kalo pake tema gelap, banyak bnget bug, trutama soal warna ga masuk gitu kadang item putih kadang item biru, kadang juga font ga keliatan banyak deh sekarang instagram bug nya, sampah bnget akun rame pengguna... Bug juga banyak minimal utamain clear bug di bandingkan update fitur lah....!!",,1,google_play_reviews,data/Review Instagram.csv,consumer_app_review,,,,,,464,464,80,80,5.8,0,0,0,0,4,0.0086,2,0,1,0.7,,,,,INSUFFICIENT_TEMPORAL_DATA,,,,,INSUFFICIENT_ENGAGEMENT_DATA,negative,0.9932,0.0055,0.0013,0.9932,anger,0
IG-000945,Prima Kurnia,Tingkat keamanan kurang dan mudah sekali teretas / terkena hack. Tolong perbaiki dan tingkatkan keamanan serta tingkat privasi. Perbaiki juga tampilan dark mode pada pusat akun meta (berlaku juga untuk facebook) karena tampilan terlalu berwarna warni dan terkesan kurang bagus.,,1,google_play_reviews,data/Review Instagram.csv,consumer_app_review,,,,,,277,277,40,40,6.92,0,0,0,0,3,0.0108,0,0,0,0.8,,,,,INSUFFICIENT_TEMPORAL_DATA,,,,,INSUFFICIENT_ENGAGEMENT_DATA,negative,0.9897,0.0066,0.0036,0.9897,anger,1
IG-000946,Firdaus Abdllah,"Sekarang bugnya jadi makin banyak dan cukup mengganggu. Seperti lagu yang ditambah ke postingan, tidak ada suaranya dan tidak ada lambang speaker di pojok. Setelah dicek di akun orang lain lagunya masih ada dan masih bisa diputar. Aplikasi sudah diupdate tapi masih belum hilang bugnya. Semoga ada perbaikan (*masih tetap sama, sekarang malah kalo pindah aplikasi jadi kerefresh berandanya. Meresahkan.) (Tambahan lagi, foto yg diambil di kamera ig, ketika disimpan ke draf jadi ngebug)",,2,google_play_reviews,data/Review Instagram.csv,consumer_app_review,,,,,,486,486,74,74,6.57,0,0,0,0,7,0.0144,0,0,0,0.7973,,,,,INSUFFICIENT_TEMPORAL_DATA,,,,,INSUFFICIENT_ENGAGEMENT_DATA,negative,0.97,0.0252,0.0048,0.97,sadness,1
IG-000947,Vivo New,"Saya suka intagram begitu banyak video bermanfaat di dalamnya, namu saya jarang membukanya di karenakan videonya berresolusi sangat tinggi sehingga menghabiskan banyak data saya! Saya mohon untuk pihak insta untuk menyediakan kualitas video nya di insta dan bisa memilih sendiri kualitas video sesuai kesediaan data masing-masing! Terimakasih Intagram🙏👍👍",,4,google_play_reviews,data/Review Instagram.csv,consumer_app_review,,,,,,354,354,48,48,7.38,0,0,0,3,4,0.0113,2,0,0,0.7708,,,,,INSUFFICIENT_TEMPORAL_DATA,,,,,INSUFFICIENT_ENGAGEMENT_DATA,positive,0.699,0.699,0.2699,0.0311,joy,1
IG-000948,Rahadian Ilham,"Hai developer, saya mengalami masalah dalam editing dan upload reels dengan video 1080p/100fps 16:9, ketika melakukan edit reels di Instagram terlalu lama, hasil edit tidak bisa di upload, alhasil harus di save dulu tanpa suara kemudian baru bisa di upload, yang mengakibatkan kualitas video kurang bagus, semoga bisa lekas diperbaiki untuk masalah editing dan upload reelsnya, terimakasih",,4,google_play_reviews,data/Review Instagram.csv,consumer_app_review,,,,,,389,389,57,57,6.82,0,0,0,0,2,0.0051,0,0,10,0.7719,,,,,INSUFFICIENT_TEMPORAL_DATA,,,,,INSUFFICIENT_ENGAGEMENT_DATA,negative,0.7235,0.0829,0.1936,0.7235,anger,1
IG-000949,Chicha Vitha,"Sudah beberapa hari lagu yg ada dipostingan hilang suaranya,padahal masih ada keterangan lagunya.Udah beberapa kali diuninstal coba instal lagi,malah susah masuk ke ig..Katanya ig ada memiliki bug..Aneh..sebenarnya kenapa yaa??Tolong diperbaiki dong.",,2,google_play_reviews,data/Review Instagram.csv,consumer_app_review,,,,,,250,250,31,31,8.06,0,0,0,0,5,0.02,0,2,0,0.9032,,,,,INSUFFICIENT_TEMPORAL_DATA,,,,,INSUFFICIENT_ENGAGEMENT_DATA,negative,0.9952,0.0012,0.0036,0.9952,sadness,0
IG-000950,Ahmad Rizal,"Setelah update jadi makin ngaco. Sekarang setiap ada video kita tap (normalnya untuk mengaktifkan suara) sekarang malah jadi reel. Padahal video tsb bukan reel. Semakin mirip aplikasi tiktod. Tolong kembalikan fungsi lama seperti semula. Setelah update tampilan berubah lagi, belajar uinya lagi. Bukannya mempermudah user malah makin bikin bingung.",,1,google_play_reviews,data/Review Instagram.csv,consumer_app_review,,,,,,348,348,49,49,7.1,0,0,0,0,7,0.0201,0,0,0,0.8367,,,,,INSUFFICIENT_TEMPORAL_DATA,,,,,INSUFFICIENT_ENGAGEMENT_DATA,negative,0.9927,0.0039,0.0034,0.9927,anger,0
IG-000951,Cantika Fadiya Adillah,"Kenapa ya akun Instagram saya ketiga²nya jika menonton video reels suka delay videonya dari suaranya, ga sesuai dengan suaranya gitu lho. Saya sudah uninstall aplikasi sudah hapus data masih aja video reelsnya delay, bikin nonton jadi ga nyaman, padahal buka tiktok videonya ga delay. Saya ga tau ini cuma hp saya doang atau ga, tapi jujur ini ga nyaman banget, tolong diperbaiki bugnya!",,2,google_play_reviews,data/Review Instagram.csv,consumer_app_review,,,,,,387,387,63,63,6.14,0,0,0,0,4,0.0103,1,0,0,0.8254,,,,,INSUFFICIENT_TEMPORAL_DATA,,,,,INSUFFICIENT_ENGAGEMENT_DATA,negative,0.9896,0.0033,0.0071,0.9896,surprise,0
IG-000952,Natasya Tasya,"Apalahh, instagram makin lama makin banyak bug nya, dari filter, bahkan kalo mau post reel atau story juga selalu ada tulisan 'kesalahan', udah berkali kali dicoba masih aja kyk gitu, tolong dong di perbaiki, kesabaran gw yang setipis tisu, berkelahi dengan bug instagram😔👎",,1,google_play_reviews,data/Review Instagram.csv,consumer_app_review,,,,,,273,273,43,43,6.35,0,0,0,2,1,0.0037,0,0,0,0.9535,,,,,INSUFFICIENT_TEMPORAL_DATA,,,,,INSUFFICIENT_ENGAGEMENT_DATA,negative,0.983,0.0066,0.0104,0.983,anger,0
IG-000953,Vebi,"apk nya makin di update skrg malah tambah bug, tiap kali mau bikin sorotan baru pasti lama banget nunggu nya kadang ngga selesai selesai dan gabisa kembali, jadi terpaksa keluar dari apk dulu. kalau mau ganti profil jg kadang bug kaya gitu, ga sekali dua kali tapi udah beberapa kali kaya gini, kadang di postingan juga musik di fotonya sering hilang sendiri. smg kedepannya bisa di perbaiki biar makin nyaman main ig nya.",,3,google_play_reviews,data/Review Instagram.csv,consumer_app_review,,,,,,422,422,73,73,5.78,0,0,0,0,0,0.0,0,0,0,0.8219,,,,,INSUFFICIENT_TEMPORAL_DATA,,,,,INSUFFICIENT_ENGAGEMENT_DATA,negative,0.6517,0.3316,0.0166,0.6517,sadness,0
IG-000954,SAITATI AL ISTIFAIYYAH,"Plis instagram kenapa berubah sih, camera video call udah bagus setengah setengah sama lawan bicara(atas bawah), sekarang malah berubah jadi kaya di whatsapp, layar aku jadi kecil sementara layar camera lawan bicara aku full. Gasuka! Ayolah instagram sesuai sama diri sendiri aja gausah ikut2 whatsapp! Kan kalo atas bawah enak, kelihatan jelas trus bisa sambil share reels(aku jadi gabisa share reels juga) trus bisa main main filter sama lawan bicara, seru. Kok gini sih😞😞",,1,google_play_reviews,data/Review Instagram.csv,consumer_app_review,,,,,,474,474,74,74,6.41,0,0,0,2,5,0.0105,2,0,1,0.7838,,,,,INSUFFICIENT_TEMPORAL_DATA,,,,,INSUFFICIENT_ENGAGEMENT_DATA,positive,0.5182,0.5182,0.1158,0.3661,surprise,0
IG-000955,Su Wignyo,"Gatau ig skrng banyak bug nya. Mulai dari, postingan ga ada suaranya dan simbol speakernya, emoji yg direkomendasikan di keyboard pas dipencet beda(misal, sy pencet emoji ""😭"" yg direkomendasikan, tpi pas dipencet bukan emoji ""😭"" yg keluar, tpi emoji lain). Ntah bug ini cuman dihp ku aja atau smua hp gini, tpi temen ku juga ngalamin hal itu, udh coba ku uninstall ttp sama aja, gada perubahan. Mohon diperbaiki, ini sangat mengganggu terutama bug tidak ada suara dan simbol speaker",,3,google_play_reviews,data/Review Instagram.csv,consumer_app_review,,,,,,482,482,80,80,6.02,0,0,0,2,4,0.0083,0,0,0,0.775,,,,,INSUFFICIENT_TEMPORAL_DATA,,,,,INSUFFICIENT_ENGAGEMENT_DATA,negative,0.9822,0.0074,0.0104,0.9822,anger,0
IG-000956,Alfionita,"ini udah kejadian dari dulu si, tiap post story foto dikasih musik selalu kepotong musiknya. yang harusnya 15 detik pas sebelum upload eh malah jadinya cuma 3 detik, trus tiap bikin story kadang di arsip malah ga muncul jadi gabisa bikin highlight. sekali dua kali si gapapa, kalo 3 kali 4 sama dengan 12 gimana?",,2,google_play_reviews,data/Review Instagram.csv,consumer_app_review,,,,,,312,312,55,55,5.67,0,0,0,0,0,0.0,0,1,7,0.8909,,,,,INSUFFICIENT_TEMPORAL_DATA,,,,,INSUFFICIENT_ENGAGEMENT_DATA,negative,0.9837,0.0072,0.0091,0.9837,anger,0
IG-000957,Karina Ramadhani,"gimana ya, ig makin kesini makin banyak bug nya, awalnya maklum tapi lama² bikin kesel juga, salah satu yang bikin aku kesel banget akhir² ini pas aku posting video (dikasih musik atau ga) ga pernah bisa kekirim, loading lama banget trs di pojok kiri bawa ada tulisan ""menunggu koneksi"" aku udah coba hapus -> posting lagi berulang dan coba posting beberapa video yang berbeda tapi tetep aja ga bisa, aku capek bangett udah abis kesabaran aku yaa (⁠╥⁠﹏⁠╥⁠), tolong dong perbaikannya plss",,1,google_play_reviews,data/Review Instagram.csv,consumer_app_review,,,,,,487,487,82,82,5.94,0,0,0,2,0,0.0,0,0,0,0.8049,,,,,INSUFFICIENT_TEMPORAL_DATA,,,,,INSUFFICIENT_ENGAGEMENT_DATA,negative,0.9755,0.0124,0.0121,0.9755,anger,0
IG-000958,Cheisya Assifa,"apk bagus tapi kenapa sering keluar sendiri, udah tiga kali harus login lagi ke Instagram padahal ga ada apa-apa masa tiga kali disuruh membersihkan riwayat, riwayat apa yg di bersihkan? kenapa Instagram jadi begini",,4,google_play_reviews,data/Review Instagram.csv,consumer_app_review,,,,,,215,215,34,34,6.32,0,0,0,0,2,0.0093,0,1,0,0.8824,,,,,INSUFFICIENT_TEMPORAL_DATA,,,,,INSUFFICIENT_ENGAGEMENT_DATA,negative,0.9764,0.0041,0.0195,0.9764,surprise,0
IG-000959,cindy,"over all semua update an nya bagus dari fitur instagram, mulai dari bisa post video/foto lebih 10 dll, tapi kecewa banget kenapa font aslinya dari bawaan hp kita sendiri ilang??? tergantikan yang baru :( please, aku user emoji ios pake zfont... tolong banget balikin font bawaan dari hp :((",,3,google_play_reviews,data/Review Instagram.csv,consumer_app_review,,,,,,290,290,49,49,5.92,0,0,0,0,0,0.0,0,3,2,0.8571,,,,,INSUFFICIENT_TEMPORAL_DATA,,,,,INSUFFICIENT_ENGAGEMENT_DATA,negative,0.9957,0.0021,0.0022,0.9957,sadness,0
IG-000960,ramadhika disini,"banyak bugnya sekarang, habis di perbaharui malah kek apk cacat, layar camera tb"" item, tiba"" ngescroll berkali kali, dll",,1,google_play_reviews,data/Review Instagram.csv,consumer_app_review,,,,,,121,121,19,19,6.37,0,0,0,0,0,0.0,0,0,0,1.0,,,,,INSUFFICIENT_TEMPORAL_DATA,,,,,INSUFFICIENT_ENGAGEMENT_DATA,negative,0.9957,0.0007,0.0036,0.9957,anger,0
IG-000961,Siti Aisyah,"sebenernya udah bagus kok, cm ada beberapa fitur yg seharusnya gausah di ubah, seperti mengubah lagu di postingan, (sekarang gabisa, tp dulu pas awal"" bisa) Terus, mungkin bisa ditambahkan fitur yg bermanfaat, seperti pas lagi post story pakai lagu ga cuma 15s, fitur supaya kita bisa tahu acount yg kita follow sepihak itu yg mana saja. Itu saja, terimakasih ya",,5,google_play_reviews,data/Review Instagram.csv,consumer_app_review,,,,,,362,362,60,60,6.03,0,0,0,0,2,0.0055,0,0,2,0.8,,,,,INSUFFICIENT_TEMPORAL_DATA,,,,,INSUFFICIENT_ENGAGEMENT_DATA,positive,0.4556,0.4556,0.4381,0.1062,joy,0
IG-000962,Aghisti Rizqi,"Sering eror! Kemarin bug tiba-tiba akun ke log out sendiri, sekarang bikin ig story selalu terjadi kesalahan (ga bisa ke post). Mau di update juga udah otomatis ga ada yang perlu diupdate. Mohon di maksimal kan lagi dong fiturnya. Saya mau post igs buat keperluan malah ga bisa ke kirim terus.",,3,google_play_reviews,data/Review Instagram.csv,consumer_app_review,,,,,,293,293,51,51,5.75,0,0,0,0,5,0.0171,1,0,0,0.8824,,,,,INSUFFICIENT_TEMPORAL_DATA,,,,,INSUFFICIENT_ENGAGEMENT_DATA,negative,0.9622,0.0073,0.0305,0.9622,anger,0
IG-000963,Nur asikin,"Tolong dong min tambahin fitur pengganti lagu di postingan foto Instagram, supaya memudahkan dalam mengubah jd ga perlu lgi membuat postingan ulangg",,2,google_play_reviews,data/Review Instagram.csv,consumer_app_review,,,,,,148,148,22,22,6.73,0,0,0,0,2,0.0135,0,0,0,0.9545,,,,,INSUFFICIENT_TEMPORAL_DATA,,,,,INSUFFICIENT_ENGAGEMENT_DATA,neutral,0.9012,0.0156,0.9012,0.0833,neutral,0
IG-000964,Raisya Qolby Surya,"habis di update kok reels nya malah ngelag2 ya? kadang ga bisa keputer juga padahal sinyal lancar. Juga dibagian menambahkan lagu di story kadang foto yang diberi lagunya jadi blur, itu sih saran saya diperbaiki bug2 nya, terimakasih 🙏🙏",,2,google_play_reviews,data/Review Instagram.csv,consumer_app_review,,,,,,236,236,39,39,6.05,0,0,0,2,1,0.0042,0,1,2,0.9231,,,,,INSUFFICIENT_TEMPORAL_DATA,,,,,INSUFFICIENT_ENGAGEMENT_DATA,negative,0.7065,0.0374,0.2562,0.7065,surprise,0
IG-000965,M. Rusydi Ilman Huda,"Sungguh mengecewakan saat fitur flipside telah dihapus, padahal itu fitur yang bagus agar dari setiap pengguna tetap menyematkan identitas khusus dari dirinya untuk orang-orang tertentu, juga agar kita tidak terlalu berlebihan dalam membuat akun clonning. Upload story ig kadang durasinya mesti terpotong dan kualitasnya menurun. Setiap layar ponsel mati mesti otomatis tereload halaman berandanya, terkadang hal itu menjadi kekecewaan dari kita yang belum selesai membaca ataupun menonton postingan.",,2,google_play_reviews,data/Review Instagram.csv,consumer_app_review,,,,,,500,500,68,68,7.35,0,0,0,0,3,0.006,0,0,0,0.8676,,,,,INSUFFICIENT_TEMPORAL_DATA,,,,,INSUFFICIENT_ENGAGEMENT_DATA,negative,0.9952,0.0035,0.0013,0.9952,joy,1
IG-000966,Triyono bontot (Triyono46_stark),Terus tingkatkan fitur dan efisiensi. Fitur repost reels ke instastory dengan background foto dah ada cmn isi konten/video tidak muncul padahal sudah di taruh pada layer atas sendiri,,5,google_play_reviews,data/Review Instagram.csv,consumer_app_review,,,,,,182,182,28,28,6.5,0,0,0,0,2,0.011,0,0,0,0.9643,,,,,INSUFFICIENT_TEMPORAL_DATA,,,,,INSUFFICIENT_ENGAGEMENT_DATA,positive,0.3746,0.3746,0.3552,0.2701,joy,1
IG-000967,Kirana Aulia Putri,"Baru diupdate malah tambah error aja. Tampilan reels di beranda jadi terpotong, harus di klik dulu biar jadi full. Chattingan dm juga sukanya ngelag, pesan sering hilang padahal nggak dihapus. Mana sekarang reels juga bermasalah lagi. Kirim dm doang juga lama banget padahal nggak ada masalah jaringan, nggak bisa memperbarui beranda. Tolonglah diperbaiki.",,2,google_play_reviews,data/Review Instagram.csv,consumer_app_review,,,,,,356,356,53,53,6.72,0,0,0,0,6,0.0169,0,0,0,0.8302,,,,,INSUFFICIENT_TEMPORAL_DATA,,,,,INSUFFICIENT_ENGAGEMENT_DATA,negative,0.996,0.0023,0.0017,0.996,sadness,0
IG-000968,pangeran bertopeng,"Bintang satu, karena fitur arsip akan dihilangkan, padahal fitur arsip sangat berguna bagi saya pribadi untuk menyimpan kenangan dari masa ke masa, tapi sayang bukanya di perbaiki malah di hapus.",,1,google_play_reviews,data/Review Instagram.csv,consumer_app_review,,,,,,195,195,30,30,6.5,0,0,0,0,1,0.0051,0,0,0,0.9,,,,,INSUFFICIENT_TEMPORAL_DATA,,,,,INSUFFICIENT_ENGAGEMENT_DATA,negative,0.9262,0.0684,0.0054,0.9262,sadness,1
IG-000969,Elena Amira,"Tolong bgt ini kenapa followers nya bisa ilang2 an yaa kek otomatis gtu ilang nyaa sehari bisa ilang 100 lebih followers, dari dulu sempet ga ilang tapi skrg dah mulai ilang, Tolong dong ini gimana.",,2,google_play_reviews,data/Review Instagram.csv,consumer_app_review,,,,,,198,198,35,35,5.66,0,0,0,0,2,0.0101,0,0,4,0.8571,,,,,INSUFFICIENT_TEMPORAL_DATA,,,,,INSUFFICIENT_ENGAGEMENT_DATA,negative,0.9886,0.0012,0.0102,0.9886,surprise,0
IG-000970,Agra Hizbullah,Saya tidak bisa login di instagram. Instagram aneh padahal saya sudah melakukan login dengan benar. Saat login selalu muncul tulisan kesalahan dalam login. Bagaimana ini instagram?,,2,google_play_reviews,data/Review Instagram.csv,consumer_app_review,,,,,,180,180,26,26,6.92,0,0,0,0,4,0.0222,0,1,0,0.8846,,,,,INSUFFICIENT_TEMPORAL_DATA,,,,,INSUFFICIENT_ENGAGEMENT_DATA,negative,0.9909,0.0009,0.0081,0.9909,surprise,1
IG-000971,Andina Safitri,"Tiba-tiba ig saya eror tdk ada gambar dan loading, padahal wifi saya lancar-lancar saja. Tolong segera diperbaiki. Terimakasih",,3,google_play_reviews,data/Review Instagram.csv,consumer_app_review,,,,,,126,126,18,18,7.0,0,0,0,0,3,0.0238,0,0,0,0.9444,,,,,INSUFFICIENT_TEMPORAL_DATA,,,,,INSUFFICIENT_ENGAGEMENT_DATA,negative,0.7297,0.0031,0.2672,0.7297,anger,1
IG-000972,Drian astina,"Tolong dong, saat upload story opsi lagu yang sudah saya simpan bisa di akses lebih mudah lagi saat mengupload story ig",,5,google_play_reviews,data/Review Instagram.csv,consumer_app_review,,,,,,119,119,21,21,5.67,0,0,0,0,1,0.0084,0,0,0,0.9048,,,,,INSUFFICIENT_TEMPORAL_DATA,,,,,INSUFFICIENT_ENGAGEMENT_DATA,neutral,0.9677,0.0141,0.9677,0.0182,neutral,1
IG-000973,Wahyu Edy Gunawan,"Tolong perbaiki fitur menyematkan musik pada informasi bio akun, karena beberapa akun tidak mendapatkan fitur tersebut (termasuk akun milik saya)",,1,google_play_reviews,data/Review Instagram.csv,consumer_app_review,,,,,,145,145,20,20,7.25,0,0,0,0,1,0.0069,0,0,0,0.9,,,,,INSUFFICIENT_TEMPORAL_DATA,,,,,INSUFFICIENT_ENGAGEMENT_DATA,neutral,0.9354,0.0038,0.9354,0.0608,neutral,1
IG-000974,Queen Rara,"Sebel banget sekarang instagram jelek banget,bug nya itu lho banyak banget,pas mau ngedit deskripsi gk bisa,pas mau phosting eror,pas mau kolaborasi eror,semua gk bisa,sumpah jelek sekarang terlalu banyak bug,semakin di upgrade semakin banyak bug nya. Mohon segera di benarkan dong.",,2,google_play_reviews,data/Review Instagram.csv,consumer_app_review,,,,,,282,282,40,40,7.05,0,0,0,0,2,0.0071,0,0,0,0.8,,,,,INSUFFICIENT_TEMPORAL_DATA,,,,,INSUFFICIENT_ENGAGEMENT_DATA,negative,0.9972,0.0014,0.0014,0.9972,anger,0
IG-000975,Papan Jawa,Kepada developer kenapa fitur login dari Facebook tidak ada lagi saya kesusahan ketika login ingin memulihkan akun tapi kata sandi salah kenapa ??!,,2,google_play_reviews,data/Review Instagram.csv,consumer_app_review,,,,,,147,147,23,23,6.39,0,0,0,0,2,0.0136,1,2,0,0.913,,,,,INSUFFICIENT_TEMPORAL_DATA,,,,,INSUFFICIENT_ENGAGEMENT_DATA,negative,0.9515,0.0027,0.0458,0.9515,surprise,1
IG-000976,Sinchan Azha,"tolong dong aplikasi nya dibenerin, saya mau upload story ig tidak bisa dan malah stuck diangka 90%, tolong secepatnya untuk diperbaiki terimakasih",,1,google_play_reviews,data/Review Instagram.csv,consumer_app_review,,,,,,147,147,22,22,6.68,0,0,0,0,0,0.0,0,0,2,0.9545,,,,,INSUFFICIENT_TEMPORAL_DATA,,,,,INSUFFICIENT_ENGAGEMENT_DATA,negative,0.9513,0.0017,0.047,0.9513,anger,1
IG-000977,Fox Sins,"Apansih sekarang sering mengalami masalah apload sering stuck di 90% padahal jaringan saya lancar banget, gak kayak biasanya cepat, tolong perbaiki🙏",,5,google_play_reviews,data/Review Instagram.csv,consumer_app_review,,,,,,148,148,21,21,7.05,0,0,0,1,1,0.0068,0,0,2,0.9524,,,,,INSUFFICIENT_TEMPORAL_DATA,,,,,INSUFFICIENT_ENGAGEMENT_DATA,negative,0.7648,0.0124,0.2228,0.7648,anger,0
IG-000978,Ayundaa,"kenapa notifikasi memposting foto dan cerita selalu telat????, saya jadi tidak gercep saat belahan dunia saya (idol kpop) me ngepost postingannya, mohon di perbaiki lagi",,2,google_play_reviews,data/Review Instagram.csv,consumer_app_review,,,,,,169,169,25,25,6.76,0,0,0,0,0,0.0,0,4,0,0.96,,,,,INSUFFICIENT_TEMPORAL_DATA,,,,,INSUFFICIENT_ENGAGEMENT_DATA,negative,0.9801,0.0053,0.0146,0.9801,surprise,1
IG-000979,putri anisa,"Tolong pihak instagram untuk dapat merespon email yang kami kirimkan tentang permasalahan yang di alami pada saat login, bukannya di abaikan... Etika kerja terhadap para pengguna mohon dijalan kan.. Apabila permasalahan saya yang dikirim ke email pihak instagram sudah dibalas maka ranting dan ulasan akan saya rubah, Terimakasih...",,1,google_play_reviews,data/Review Instagram.csv,consumer_app_review,,,,,,332,332,48,48,6.92,0,0,0,0,4,0.012,0,0,0,0.8333,,,,,INSUFFICIENT_TEMPORAL_DATA,,,,,INSUFFICIENT_ENGAGEMENT_DATA,neutral,0.5843,0.0848,0.5843,0.3309,neutral,1
IG-000980,AS. Firdaus,"Sangat tidak menyenangkan, tidak ada pelanggaran apapun akun saya yang kedua tiba-tiba ditangguhkan tanpa alasan. Tolong jelaskan !!! Perlakuan anda buruk sekali.",,1,google_play_reviews,data/Review Instagram.csv,consumer_app_review,,,,,,162,162,22,22,7.36,0,0,0,0,3,0.0185,3,0,0,0.9545,,,,,INSUFFICIENT_TEMPORAL_DATA,,,,,INSUFFICIENT_ENGAGEMENT_DATA,negative,0.9982,0.0009,0.0009,0.9982,anger,1
IG-000981,Salma Khairunnisa',"Baik buruknya tergantung pengguna, kalau mencari ilmu dan kebaikan atau manfaat tentunya banyak dan mudah, tapi juga dapat menjadi pintu besar untuk keburukan",,5,google_play_reviews,data/Review Instagram.csv,consumer_app_review,,,,,,158,158,23,23,6.87,0,0,0,0,1,0.0063,0,0,0,0.9565,,,,,INSUFFICIENT_TEMPORAL_DATA,,,,,INSUFFICIENT_ENGAGEMENT_DATA,positive,0.4965,0.4965,0.0197,0.4838,joy,1
IG-000982,Arnita duwi Anggraini,Tolong dong developer buat instagram aplikasinya di buat bisa bedain mana yang gak follback dan mana yang follback biar ga harus bukain satu persatu,,5,google_play_reviews,data/Review Instagram.csv,consumer_app_review,,,,,,148,148,24,24,6.17,0,0,0,0,1,0.0068,0,0,0,0.8333,,,,,INSUFFICIENT_TEMPORAL_DATA,,,,,INSUFFICIENT_ENGAGEMENT_DATA,negative,0.616,0.0282,0.3558,0.616,anger,0
IG-000983,Wijayati,Kenapa saya login malah muncul tulisan 'terjadi kesalahan tidak terduga silahkan cobalagi' Tapi dicoba lagi ttp gabisa pdhl apk sudah saya update,,1,google_play_reviews,data/Review Instagram.csv,consumer_app_review,,,,,,145,145,22,22,6.59,0,0,0,0,2,0.0138,0,0,0,0.9545,,,,,INSUFFICIENT_TEMPORAL_DATA,,,,,INSUFFICIENT_ENGAGEMENT_DATA,negative,0.9291,0.0018,0.0691,0.9291,surprise,1
IG-000984,Dwi Sulistiawati,Gak ngerti klo bikin iklan suka susah buat di promosiin postingan. Mudahin dong utk utk buat iklan di ig jgn dibikin ribet & susah,,3,google_play_reviews,data/Review Instagram.csv,consumer_app_review,,,,,,130,130,24,24,5.42,0,0,0,0,2,0.0154,0,0,0,0.7917,,,,,INSUFFICIENT_TEMPORAL_DATA,,,,,INSUFFICIENT_ENGAGEMENT_DATA,negative,0.9723,0.0212,0.0065,0.9723,joy,0
IG-000985,Lailatul Masruroh,"Font baru yg di story mana yaa, baru juga update bbrpa hari lalu, kok udah balik ke setelan awal, padahal udah suka sama font nya udah bagus²😭😭",,3,google_play_reviews,data/Review Instagram.csv,consumer_app_review,,,,,,143,143,27,27,5.3,0,0,0,2,1,0.007,0,0,0,0.8519,,,,,INSUFFICIENT_TEMPORAL_DATA,,,,,INSUFFICIENT_ENGAGEMENT_DATA,neutral,0.6572,0.0227,0.6572,0.3201,surprise,0
IG-000986,Ivan Vlog,"fitur ""izin menambah foto"" tidak bisa di hilangkan dari tampilan, sehingga jelek dilihat tampilan postingannya. Apk sekelas meta kok begini",,1,google_play_reviews,data/Review Instagram.csv,consumer_app_review,,,,,,139,139,20,20,6.95,0,0,0,0,1,0.0072,0,0,0,1.0,,,,,INSUFFICIENT_TEMPORAL_DATA,,,,,INSUFFICIENT_ENGAGEMENT_DATA,negative,0.9972,0.0013,0.0015,0.9972,anger,1
IG-000987,F.Abiyyu Bahy,"tolong untuk pihak aplikasi ini akun saya ingin hilang saya akun saya sudah tertaut oleh fb tetapi tidak diterima/tombol opsi login fb tidak ada, mohon untuk kejelasannya kalau sudah tdk bekerja sama dgn fb mohon untuk bersikap profesional karna ini sangat merugikan bagi saya mohon untuk solusinya ig saya byubhy_ saya butuh 4thn untuk mengumpulkan followersaya dan sangat kecewa akun hilang secara instant",,1,google_play_reviews,data/Review Instagram.csv,consumer_app_review,,,,,,407,407,63,63,6.46,0,0,0,0,0,0.0,0,0,1,0.6825,,,,,INSUFFICIENT_TEMPORAL_DATA,,,,,INSUFFICIENT_ENGAGEMENT_DATA,negative,0.9947,0.0024,0.0029,0.9947,sadness,1
IG-000988,Pengguna Google,"Kesel tiap up video lama bgt pdhl jaringan full,paket ada,pake wifi juga sama mentok 90,ga keunggah² udh 20 menitan,sllu gitu. Apl ny udh paling update pdhl😭",,3,google_play_reviews,data/Review Instagram.csv,consumer_app_review,,,,,,157,157,26,26,6.04,0,0,0,1,2,0.0127,0,0,4,0.9615,,,,,INSUFFICIENT_TEMPORAL_DATA,,,,,INSUFFICIENT_ENGAGEMENT_DATA,negative,0.9259,0.0078,0.0663,0.9259,anger,0
IG-000989,Sely Amelia,"Semuanya sudah bagus tetapi ketika disediakan sorotan loading untuk menambahkan sampulnya itu sangat lama, tolong segera dibenarkan",,4,google_play_reviews,data/Review Instagram.csv,consumer_app_review,,,,,,131,131,17,17,7.71,0,0,0,0,1,0.0076,0,0,0,1.0,,,,,INSUFFICIENT_TEMPORAL_DATA,,,,,INSUFFICIENT_ENGAGEMENT_DATA,negative,0.9923,0.003,0.0047,0.9923,joy,1
IG-000990,Viking Calm,"pencarian lagu buat story tidak sesuai dengan kata kunci nya, sering kali lagu yg diinginkan tidak tersedia di pencarian. trus hasil edit buat story juga kadang ga pas sama waktu edit, ada yg stickernya beda posisi, ada yg ga masuk ke frame. plis mohon diperbaiki bug² tersebut.",,1,google_play_reviews,data/Review Instagram.csv,consumer_app_review,,,,,,278,278,47,47,5.91,0,0,0,0,0,0.0,0,0,0,0.8298,,,,,INSUFFICIENT_TEMPORAL_DATA,,,,,INSUFFICIENT_ENGAGEMENT_DATA,negative,0.9212,0.0076,0.0712,0.9212,anger,0
IG-000991,Orang Biasa,"Untuk Instagram, aku ada saran plis tolong buat fitur daftar mengikuti di Instagram bisa di privat walaupun orang udah follow Instagram kita, tapi tetap mereka ga akan bisa lihat daftar mengikuti kita di Instagram seperti fitur tik tok yaitu daftar mengikuti cuma kita yang bisa lihat dan orang lain ga akan bisa lihat walaupun mereka udah follow tik tok kita aku sangat berharap fitur ini bisa ada di Instagram 🥺🥹",,4,google_play_reviews,data/Review Instagram.csv,consumer_app_review,,,,,,414,414,70,70,5.91,0,0,0,2,6,0.0145,0,0,0,0.5571,,,,,INSUFFICIENT_TEMPORAL_DATA,,,,,INSUFFICIENT_ENGAGEMENT_DATA,neutral,0.4853,0.3568,0.4853,0.1579,neutral,1
IG-000992,"RUDIYANSYAH .,SP",Instagram sekarang banyak aneh nah kok bisa bisa akun gue engga bisa di gunakan.. tolong lah pihak Instagram di perbaiki secepatnya. Bikin jadi darah tinggi aja..,,1,google_play_reviews,data/Review Instagram.csv,consumer_app_review,,,,,,162,162,26,26,6.23,0,0,0,0,3,0.0185,0,0,0,0.8462,,,,,INSUFFICIENT_TEMPORAL_DATA,,,,,INSUFFICIENT_ENGAGEMENT_DATA,negative,0.9983,0.0008,0.0009,0.9983,surprise,0
IG-000993,Vivo Keren,Dipermudah lagi ya untuk pemilihan akun instagram nya soalnya saya sudah tidak dapat akses lagi melalui whatsapp atau SMS dikarenakan nomor teleponya sudah tidak aktif lagi terimakasih 🙏🙏🙏,,5,google_play_reviews,data/Review Instagram.csv,consumer_app_review,,,,,,188,188,28,28,6.71,0,0,0,3,4,0.0213,0,0,0,0.8571,,,,,INSUFFICIENT_TEMPORAL_DATA,,,,,INSUFFICIENT_ENGAGEMENT_DATA,neutral,0.8444,0.1205,0.8444,0.0351,neutral,1
IG-000994,Aulyazarra Nurmulya,Lama nunggu ke cerita untuk foto di instagram padahal wife udah jaringan nya bagus. ini aplikasiNya lemot cape gua . Nunggu berasa se jam aku gak suka sama aplikasi ini 🤬😡,,1,google_play_reviews,data/Review Instagram.csv,consumer_app_review,,,,,,171,171,31,31,5.52,0,0,0,2,3,0.0175,0,0,0,0.9355,,,,,INSUFFICIENT_TEMPORAL_DATA,,,,,INSUFFICIENT_ENGAGEMENT_DATA,negative,0.9865,0.0046,0.0089,0.9865,joy,0
IG-000995,Grktng,"Tolong pihak instagram perbaiki juga bagian arsipnya, masa iya dengan alasan teknis tapi tidak bisa diperbaiki dan malah akan dihapus arsip² yang sudah orang simpan, sayang sekali orang sudah menyimpan momennya masing-masing diarsip itu dari setiap tahun.",,1,google_play_reviews,data/Review Instagram.csv,consumer_app_review,,,,,,255,255,37,37,6.89,0,0,0,0,1,0.0039,0,0,0,0.9459,,,,,INSUFFICIENT_TEMPORAL_DATA,,,,,INSUFFICIENT_ENGAGEMENT_DATA,negative,0.9054,0.0291,0.0654,0.9054,sadness,1
IG-000996,"Samuel P Harianja,SH","Saya sudah bertahun2 pake IG makin kesini makin gak jelas, vidio gak bisa full di upload jadi kepotong, dan gak bisa stanby suka mati sendiri klo liat vidio, lama2 saya unistal juga ini IG.",,1,google_play_reviews,data/Review Instagram.csv,consumer_app_review,,,,,,189,189,34,34,5.56,0,0,0,0,5,0.0265,0,0,2,0.8529,,,,,INSUFFICIENT_TEMPORAL_DATA,,,,,INSUFFICIENT_ENGAGEMENT_DATA,negative,0.992,0.002,0.006,0.992,joy,0
IG-000997,Radit Taulandi,Halo developer ini bug atau gimana saya tidak bisa melakukan live streaming setelah update kemarin dan sampai sekarang saya tidak bisa melakukan atau mendapatkan fitur tersebut tolong developer gimana cara mengatasinya,,1,google_play_reviews,data/Review Instagram.csv,consumer_app_review,,,,,,218,218,31,31,7.03,0,0,0,0,1,0.0046,0,0,0,0.7742,,,,,INSUFFICIENT_TEMPORAL_DATA,,,,,INSUFFICIENT_ENGAGEMENT_DATA,negative,0.9288,0.0029,0.0683,0.9288,anger,1
IG-000998,Nazw _a*24.,akun saya gabisa login!! awalnya kena suspend gajelas dab itupun semua akun saya dan saya gabisa bikin Instagram baru lalu saya daftar lewat web baru bisa tpi lemit puoll dan saya login pake hp mamah saya bisa tolong dong gimana inii udh di chat di gmail ga dibales!!,,1,google_play_reviews,data/Review Instagram.csv,consumer_app_review,,,,,,267,267,48,48,5.56,0,0,0,0,1,0.0037,4,0,0,0.7708,,,,,INSUFFICIENT_TEMPORAL_DATA,,,,,INSUFFICIENT_ENGAGEMENT_DATA,negative,0.9808,0.0025,0.0167,0.9808,anger,1
IG-000999,Nabilal Basyeh,"Tolong admin bug nya perbaiki saya tidak bisa mengunggah story, ini sangat menggangu kenyamanan saya sebagai pengguna aplikasi, terimakasih.",,1,google_play_reviews,data/Review Instagram.csv,consumer_app_review,,,,,,140,140,19,19,7.37,0,0,0,0,1,0.0071,0,0,0,0.9474,,,,,INSUFFICIENT_TEMPORAL_DATA,,,,,INSUFFICIENT_ENGAGEMENT_DATA,negative,0.9819,0.0038,0.0143,0.9819,anger,1
IG-001000,Panisa Nisa,Ini Instagram lagi kena bug atau bagaimana ya? Kenapa dari tadi gak bisa buka komentar di setiap postingan? Padahal udah saya update tapi tetap tidak bisa,,2,google_play_reviews,data/Review Instagram.csv,consumer_app_review,,,,,,154,154,26,26,5.92,0,0,0,0,4,0.026,0,2,0,0.9615,,,,,INSUFFICIENT_TEMPORAL_DATA,,,,,INSUFFICIENT_ENGAGEMENT_DATA,negative,0.9786,0.0012,0.0202,0.9786,surprise,0
