Vertex,Jenis,Komunitas,Kategori,Jumlah Film
user_0007998dbd4a,user,9,lain,1.0
Danur: The Last Chapter (2026),film,9,film,
user_0008ce559752,user,2,lain,1.0
Suzzanna: Santet Dosa di Atas Dosa (2026),film,2,film,
user_0012baacb1f0,user,3,lain,1.0
Jurnal Risa by Risa Saraswati (2024),film,3,film,
user_003ea92c23d9,user,5,niat menonton,1.0
Badarawuhi di Desa Penari (2024),film,5,film,
user_0040497083ed,user,1,lain,1.0
Suzzanna: Malam Jumat Kliwon (2023),film,1,film,
user_005bba484cce,user,12,takut (pujian?),2.0
Racun Sangga: Santet Pemisah Rumah Tangga (2024),film,12,film,
user_0069531225a6,user,9,lain,1.0
user_009767517026,user,6,takut (pujian?),1.0
Janur Ireng: Sewu Dino Prequel (2025/2026),film,6,film,
user_009b3c67cd7d,user,4,takut (pujian?),1.0
Suzzanna: Bernapas dalam Kubur (2018),film,4,film,
user_00a030e4f6b3,user,1,lain,1.0
user_00a038cd0724,user,1,lain,1.0
user_00a43fc2ed48,user,6,lain,1.0
user_00a9a9a50e5a,user,6,lain,1.0
user_00b621657f6b,user,1,lain,1.0
user_00b7f308d110,user,6,lain,1.0
user_00cc15f0a5ab,user,6,lain,1.0
user_00d26eb2a8ab,user,4,lain,1.0
user_00e6abe0353d,user,2,niat menonton,1.0
user_00efa3168330,user,8,niat menonton,3.0
Ipar Adalah Maut (2024),film,8,film,
user_00effaffa79a,user,2,lain,1.0
user_0103d13e1d8a,user,8,lain,1.0
user_0105f9962b76,user,12,lain,1.0
user_0121228c54c6,user,8,lain,1.0
user_01234c0d7857,user,5,niat menonton,1.0
user_0125c9cef699,user,7,takut (pujian?),1.0
Ivanna (2022),film,7,film,
user_0127413b0fd0,user,7,lain,1.0
user_013bdda643df,user,1,lain,1.0
user_013f993ed60d,user,5,takut (pujian?),1.0
user_0146410d3dfc,user,1,lain,1.0
user_014f386718d1,user,1,lain,2.0
user_0160afd7e6ed,user,7,lain,1.0
user_0165cf57ff08,user,2,lain,1.0
user_0181b17b2c19,user,5,lain,1.0
user_01888546579e,user,1,lain,1.0
user_018bccf897b5,user,2,takut (pujian?),1.0
user_019090dafa01,user,3,lain,1.0
user_019be79644a9,user,7,lain,1.0
user_01a28cf03d5d,user,1,lain,1.0
user_01a30740b239,user,1,niat menonton,1.0
user_01b7cde81273,user,1,lain,1.0
user_01ccf04a5e71,user,6,lain,3.0
user_01db2deb3d4b,user,2,lain,1.0
user_01f3e9310e45,user,8,lain,1.0
user_01f93799fa32,user,10,lain,1.0
Perewangan (2024),film,10,film,
user_01fdcd5a9836,user,4,lain,1.0
user_0200f90f572b,user,5,niat menonton,1.0
user_020cf19dad01,user,7,lain,1.0
user_020ecad0759b,user,1,lain,2.0
user_02172ee7ffa8,user,7,lain,1.0
user_0217b90b6f74,user,5,lain,1.0
user_021e3fd5b7df,user,7,lain,2.0
user_022a95c043da,user,1,lain,1.0
user_023a033959b4,user,7,lain,1.0
user_024c6636af73,user,3,lain,1.0
user_024eb1fad8fb,user,3,niat menonton,1.0
user_02507c6576a3,user,1,niat menonton,1.0
user_025e5c38ea8c,user,7,lain,1.0
user_026c2bfc051f,user,1,lain,1.0
user_0271e5a1450f,user,11,lain,1.0
Catatan Harian Menantu Sinting (2024),film,11,film,
user_0282d2efacc9,user,9,lain,1.0
user_0298c6baf039,user,2,lain,2.0
user_02ac52eb7baa,user,2,lain,1.0
user_02bd9a8983a3,user,1,lain,1.0
user_02bdaff7aaa6,user,6,lain,1.0
user_02cfd53943bb,user,8,lain,1.0
user_02d10b01c9f6,user,2,lain,1.0
user_02d37359b414,user,1,niat menonton,1.0
user_02d53443186e,user,1,lain,1.0
user_02d5850de025,user,2,lain,1.0
user_02ef0a5087c3,user,7,takut (pujian?),1.0
user_0306b0ce2ab7,user,1,lain,1.0
user_03113c31a3be,user,2,lain,1.0
user_032247a95e69,user,7,lain,1.0
user_03246846aa53,user,5,lain,1.0
user_0338a009cd3b,user,6,lain,1.0
user_0341ad4ec5b5,user,3,lain,1.0
user_034d8b692a00,user,7,takut (pujian?),1.0
user_034f654c3b2d,user,1,lain,1.0
user_035154f24bd3,user,11,lain,1.0
user_035b657eee65,user,7,lain,1.0
user_035dfb41293c,user,1,lain,1.0
user_03653cca2337,user,1,lain,1.0
user_03793101debe,user,3,lain,1.0
user_037bfac0f29e,user,9,lain,1.0
user_038afa49d684,user,2,lain,1.0
user_039382eb25d2,user,7,niat menonton,1.0
user_03950aa437ce,user,5,lain,1.0
user_03b70d4d0611,user,1,lain,1.0
user_03b8f63bb944,user,1,lain,1.0
user_03d3034f8e8d,user,9,lain,1.0
user_03d9b2478589,user,1,lain,1.0
user_03de73ce8d53,user,1,lain,1.0
user_03e1b1c5e551,user,3,lain,1.0
user_0400b2ed943d,user,7,lain,1.0
user_0407656e73f9,user,2,lain,1.0
user_040b52e0dcac,user,5,lain,1.0
user_0426d5d24321,user,5,lain,1.0
user_043413046292,user,12,lain,1.0
user_0443c237b763,user,1,lain,1.0
user_04468213f8e7,user,2,lain,1.0
user_0449e27a34de,user,2,lain,1.0
user_044f98ffffab,user,1,takut (pujian?),1.0
user_04562e0da4be,user,3,lain,1.0
user_0458d6fd15fb,user,1,lain,1.0
user_046109e673e7,user,1,lain,1.0
user_04695eaec323,user,4,lain,1.0
user_0471591fd0e5,user,9,lain,1.0
user_0477b5f95e9b,user,6,lain,1.0
user_047c47373a4d,user,3,niat menonton,1.0
user_047e5c6d2bbd,user,9,niat menonton,1.0
user_048064a59c82,user,2,lain,1.0
user_049b2fb27469,user,1,lain,1.0
user_04b1096410fe,user,9,lain,1.0
user_04b8487d2bbd,user,1,lain,1.0
user_04baef7ea03f,user,4,lain,1.0
user_04be50569675,user,2,niat menonton,2.0
user_04c3b01c7d72,user,1,lain,1.0
user_04d12ab2ce65,user,2,lain,1.0
user_04e268179e24,user,1,lain,1.0
user_04ecd6323fd7,user,4,lain,1.0
user_04ef3cdeb49b,user,3,lain,1.0
user_04f683e12a45,user,6,lain,1.0
user_05184176e499,user,3,takut (pujian?),1.0
user_051d4452eb12,user,2,lain,1.0
user_054f2171217c,user,4,lain,1.0
user_056484796267,user,3,lain,1.0
user_0568e0b65f7b,user,5,lain,1.0
user_0578b60a8fbb,user,2,lain,1.0
user_057a352262ef,user,1,niat menonton,1.0
user_057b41974c64,user,2,lain,1.0
user_058918dd1471,user,9,lain,1.0
user_059183634639,user,10,lain,1.0
user_05a12a02856c,user,8,lain,1.0
user_05a709485385,user,6,takut (pujian?),1.0
user_05ab64f7b655,user,1,takut (pujian?),1.0
user_05b583e9b3f0,user,7,lain,1.0
user_05c97bad19a0,user,1,niat menonton,1.0
user_05ccb53fcf94,user,5,lain,1.0
user_05cf286bcbfe,user,2,lain,1.0
user_0600c1244f49,user,1,lain,1.0
user_06139c38c367,user,2,lain,1.0
user_0630c3d0cb8a,user,5,lain,1.0
user_065a59fe05f1,user,5,lain,1.0
user_065dd9e922eb,user,6,lain,1.0
user_0672864883ba,user,5,lain,1.0
user_0677aab6de84,user,8,lain,1.0
user_0682684e95e8,user,4,lain,1.0
user_068f5c47dec4,user,1,lain,1.0
user_069d2ba88ba7,user,10,lain,1.0
user_069f7826b3e7,user,4,lain,1.0
user_06a366054687,user,7,lain,1.0
user_06ab0065d2c4,user,4,lain,1.0
user_06b03621758b,user,3,lain,1.0
user_06b7e9b3369e,user,10,takut (pujian?),1.0
user_06bf64d8f800,user,5,takut (pujian?),1.0
user_06d98c7b91a0,user,1,lain,1.0
user_06dc8079e202,user,6,lain,1.0
user_06f0827ef241,user,2,lain,1.0
user_07097f9ca4d9,user,8,lain,1.0
user_0718dc99401a,user,1,lain,1.0
user_0719fb6d787a,user,12,lain,1.0
user_071d6da08922,user,3,lain,1.0
user_072149eb146c,user,6,lain,1.0
user_0741d15acfc6,user,10,lain,2.0
user_0743aabbfd94,user,9,niat menonton,1.0
user_074bd68785eb,user,1,lain,1.0
user_074d83650634,user,6,lain,2.0
user_075944437eff,user,1,lain,1.0
user_077ac774d758,user,4,lain,1.0
user_0790214950ad,user,5,takut (pujian?),1.0
user_079873d4d119,user,1,lain,1.0
user_0798ae466bd5,user,3,lain,1.0
user_07aee941972c,user,3,takut (pujian?),1.0
user_07bdfe72244a,user,1,lain,2.0
user_07d845d76f0c,user,3,lain,1.0
user_07d9cd29ad61,user,5,lain,1.0
user_07de4c8975ea,user,3,lain,1.0
user_07e52fa6191b,user,1,takut (pujian?),1.0
user_0808ef77b8ab,user,1,lain,1.0
user_0827c611cee1,user,2,lain,1.0
user_08283125a9a9,user,12,niat menonton,1.0
user_082e3c163c63,user,4,lain,1.0
user_082e76c15c09,user,2,lain,1.0
user_083ad789214b,user,1,takut (pujian?),1.0
user_085e4750d0ae,user,11,lain,1.0
user_086191db22b3,user,9,lain,1.0
user_088951c4f234,user,10,lain,1.0
user_088ad31de7ea,user,1,niat menonton,1.0
user_08959b2c14b3,user,10,lain,1.0
user_089b5371c5a8,user,7,lain,1.0
user_08a065768ee1,user,3,lain,1.0
user_08d174c00414,user,2,niat menonton,1.0
user_08db2ff429c0,user,2,lain,1.0
user_08f4e76cc319,user,1,lain,1.0
user_08fec6fc9ad0,user,2,lain,1.0
user_090e6b8a9914,user,5,lain,1.0
user_091e3fe42236,user,4,niat menonton,1.0
user_09212de9fecd,user,1,takut (pujian?),1.0
user_092f02d12e29,user,4,lain,1.0
user_0946355d8b99,user,6,lain,2.0
user_097335b7f85c,user,2,lain,1.0
user_0986276ab8e1,user,8,lain,1.0
user_099545bf23b5,user,2,lain,1.0
user_099712f8b911,user,2,lain,1.0
user_0998391b2f0a,user,7,lain,1.0
user_09a0afc56411,user,6,lain,1.0
user_09a1a8ece4be,user,6,takut (pujian?),1.0
user_09b0eb7e05e6,user,11,lain,1.0
user_09b15de712e4,user,3,takut (pujian?),1.0
user_09b63c6601ae,user,2,takut (pujian?),1.0
user_09bc7e4e45e8,user,1,lain,1.0
user_09c368cda703,user,1,lain,1.0
user_09d9d1f7ae72,user,2,lain,1.0
user_09dff0562d8c,user,10,lain,1.0
user_09e918a8b16f,user,1,lain,1.0
user_09fbdef46c6b,user,1,lain,1.0
user_0a07413f9a1c,user,1,lain,1.0
user_0a07a2badb3e,user,6,lain,1.0
user_0a0884c14f3c,user,2,lain,1.0
user_0a0dd0ca4a7f,user,12,lain,1.0
user_0a1bb5e45576,user,5,takut (pujian?),1.0
user_0a3c7c1474ee,user,5,lain,1.0
user_0a4e38e65000,user,2,lain,1.0
user_0a556906c0db,user,1,lain,1.0
user_0a60f718389a,user,8,lain,1.0
user_0a684869710b,user,11,lain,1.0
user_0a7ef403794c,user,6,lain,1.0
user_0a8f03dc05a3,user,7,lain,1.0
user_0aa1e7fc4102,user,2,lain,1.0
user_0aa558281d41,user,6,lain,1.0
user_0ab90cccad5a,user,2,lain,1.0
user_0abef14dcdfb,user,10,lain,1.0
user_0ac5379385e0,user,7,takut (pujian?),1.0
user_0ad38d1fac7b,user,1,lain,1.0
user_0ad7cb108504,user,2,lain,1.0
user_0adc32437d95,user,5,lain,1.0
user_0ae06afe829e,user,1,takut (pujian?),1.0
user_0ae1cebcd2bc,user,11,lain,1.0
user_0ae3255b3b19,user,1,takut (pujian?),1.0
user_0ae9acd63ff1,user,11,lain,1.0
user_0b087c558917,user,7,takut (pujian?),1.0
user_0b09ca5e2986,user,11,lain,1.0
user_0b1f4100b2ce,user,8,lain,1.0
user_0b204ecb66d3,user,1,lain,1.0
user_0b28e3dfa6de,user,2,lain,1.0
user_0b5b1d42b4f9,user,1,lain,1.0
user_0b6e593c49fb,user,7,lain,1.0
user_0b81cf919f9a,user,5,lain,1.0
user_0b9411530b6c,user,5,niat menonton,1.0
user_0b9519b88d02,user,4,lain,1.0
user_0b98b2ea952b,user,7,lain,1.0
user_0baf3d8c28d8,user,4,takut (pujian?),1.0
user_0bc6c86e74cb,user,3,lain,1.0
user_0bdc3363ad45,user,1,lain,1.0
user_0bfb7dd5f117,user,5,lain,1.0
user_0c07d495ec4e,user,7,lain,1.0
user_0c0c43c1ed40,user,9,lain,1.0
user_0c15c8c39ff1,user,7,lain,4.0
user_0c3465b51410,user,1,lain,1.0
user_0c3b758610b4,user,2,lain,1.0
user_0c53ebed1866,user,5,lain,1.0
user_0c542c7c4621,user,1,takut (pujian?),1.0
user_0c7a53ee906e,user,2,lain,1.0
user_0c89c1f7feb0,user,1,niat menonton,1.0
user_0ca1e3b4d7db,user,6,niat menonton,1.0
user_0ca4bd1ed226,user,6,lain,1.0
user_0cc307e2dd9e,user,1,lain,1.0
user_0cc767536a5a,user,1,lain,1.0
user_0cc76ff71cc6,user,2,lain,1.0
user_0cd61f6f2bd7,user,7,lain,2.0
user_0cf3b6cd47a6,user,3,lain,1.0
user_0cf49b94c3cd,user,1,lain,1.0
user_0cf99c0bc2e1,user,2,takut (pujian?),1.0
user_0d1ab02aa90a,user,10,lain,1.0
user_0d2280effdf9,user,12,lain,3.0
user_0d3c3350e71e,user,8,lain,1.0
user_0d4e53535bff,user,1,lain,1.0
user_0d797acade88,user,2,lain,1.0
user_0d7a9a5b3ef8,user,11,lain,1.0
user_0d89bfb14a4a,user,2,lain,1.0
user_0d8dcc7a0169,user,3,lain,1.0
user_0d914854aa95,user,3,lain,1.0
user_0d918636f900,user,6,lain,1.0
user_0d9af568df51,user,8,lain,1.0
user_0db1d6802285,user,11,lain,1.0
user_0dc2387969cb,user,2,lain,1.0
user_0dc9c3adb449,user,9,lain,1.0
user_0dcc27566e67,user,8,lain,1.0
user_0dcd144b8813,user,2,lain,1.0
user_0dd7026df631,user,8,lain,1.0
user_0dd8ad114995,user,2,lain,1.0
user_0dfb72df7581,user,1,lain,1.0
user_0dffaea4cda2,user,1,takut (pujian?),1.0
user_0e037ce56339,user,2,lain,1.0
user_0e039544224d,user,1,lain,1.0
user_0e1612f94e6c,user,2,takut (pujian?),1.0
user_0e204dec7450,user,4,lain,1.0
user_0e232006d6f1,user,9,lain,2.0
user_0e2eda0b7f73,user,11,lain,1.0
user_0e334580deab,user,1,lain,1.0
user_0e3defc87c8f,user,9,lain,1.0
user_0e4198cf01bf,user,8,lain,1.0
user_0e5d407cebd1,user,1,takut (pujian?),1.0
user_0e5dd12a4425,user,5,lain,1.0
user_0e6d675ec6a0,user,2,lain,1.0
user_0e78041a2bc8,user,9,lain,1.0
user_0eaa29b76e2b,user,1,takut (pujian?),1.0
user_0eabe2937b70,user,1,lain,1.0
user_0eb73aa74bbb,user,5,lain,1.0
user_0ed6c867d071,user,11,lain,1.0
user_0ed83c4b2506,user,7,lain,1.0
user_0ef9f3c9e367,user,1,lain,1.0
user_0f073a139141,user,7,lain,1.0
user_0f11aea25d6b,user,7,takut (pujian?),1.0
user_0f14f34a5f3e,user,3,lain,1.0
user_0f153a11bb4b,user,8,lain,1.0
user_0f17931e5a11,user,2,lain,1.0
user_0f2310adfc55,user,3,lain,1.0
user_0f2467c23ff3,user,7,lain,1.0
user_0f2b3fe6390d,user,1,lain,1.0
user_0f3850137585,user,5,lain,1.0
user_0f449021798a,user,1,lain,1.0
user_0f7e432c2e23,user,1,niat menonton,1.0
user_0f80b9840dea,user,2,lain,1.0
user_0f86ab91d452,user,6,lain,1.0
user_0f9a7ccc7ad7,user,13,lain,1.0
Siccin 8,film,13,film,
user_0fa19921ae5a,user,6,niat menonton,1.0
user_0fad7ea10419,user,4,lain,1.0
user_0fdc3807a24d,user,1,lain,1.0
user_0feb8a38afe7,user,8,lain,1.0
user_0fef0c31ad74,user,5,lain,1.0
user_0ff17ca6cd1b,user,8,lain,1.0
user_1024018862a1,user,2,lain,1.0
user_103fa0b5bf50,user,3,lain,1.0
user_10454a12e785,user,3,niat menonton,1.0
user_104a3b8e9e64,user,8,lain,1.0
user_104d4524241f,user,1,lain,1.0
user_10518a3e2652,user,8,lain,1.0
user_105e727934f8,user,1,lain,1.0
user_1071d373c0b7,user,10,lain,1.0
user_10753690d2ed,user,10,lain,1.0
user_107fa6acc564,user,10,niat menonton,1.0
user_10863803eba1,user,5,niat menonton,1.0
user_1088665905fa,user,1,niat menonton,1.0
user_108c8d79ec60,user,1,niat menonton,1.0
user_109046a97f13,user,1,lain,1.0
user_10a434f7856e,user,7,lain,1.0
user_10a6c9d4a422,user,1,lain,1.0
user_10aca968dd8b,user,5,lain,1.0
user_10bc19b41106,user,2,lain,1.0
user_10be010b5186,user,1,takut (pujian?),1.0
user_10c6583be25f,user,6,lain,1.0
user_10c6f640f8a1,user,4,lain,1.0
user_10ff668e4cc4,user,1,lain,1.0
user_112325a4fa2e,user,3,lain,1.0
user_112bed8dc5a9,user,1,takut (pujian?),1.0
user_11331485429a,user,7,takut (pujian?),1.0
user_113a944c5df2,user,3,lain,2.0
user_11517d3e5f5c,user,12,lain,1.0
user_1154a7416be4,user,2,lain,1.0
user_1168304fbf24,user,2,lain,1.0
user_116f638bbd93,user,2,lain,1.0
user_117f22f06b18,user,2,lain,1.0
user_1185daba5a29,user,5,lain,1.0
user_118625ef422b,user,6,lain,1.0
user_118888c050c2,user,1,lain,1.0
user_11b065369cc5,user,4,takut (pujian?),1.0
user_11bfbd84b858,user,10,takut (pujian?),2.0
user_11c8d49a1818,user,4,lain,1.0
user_11ee454bd89b,user,6,lain,1.0
user_120796892e74,user,10,takut (pujian?),1.0
user_12124b84356d,user,2,niat menonton,1.0
user_123474845fe4,user,1,lain,1.0
user_12378bfaefda,user,3,takut (pujian?),1.0
user_123806c19340,user,5,lain,1.0
user_12382abb7627,user,2,lain,1.0
user_123ae6c23d19,user,5,lain,1.0
user_12583d9fecfc,user,4,lain,1.0
user_12620bc6279c,user,7,takut (pujian?),1.0
user_12626a4d287b,user,9,niat menonton,1.0
user_12649cf0b5f0,user,6,lain,1.0
user_127e4fc39414,user,2,lain,1.0
user_129745571052,user,1,takut (pujian?),1.0
user_12ab6c259d85,user,5,lain,1.0
user_12abc1b3a620,user,3,lain,1.0
user_12bb49783fe2,user,1,lain,1.0
user_12c164f65f08,user,2,lain,1.0
user_12c7d082bb61,user,10,lain,1.0
user_12d7f3dd5e51,user,7,lain,1.0
user_12ef4b9040d0,user,7,lain,1.0
user_12ef9e3ffc9f,user,1,lain,1.0
user_12f69a6efa1a,user,1,lain,1.0
user_12fb993f7c8c,user,6,niat menonton,1.0
user_1301bdd577d8,user,7,lain,1.0
user_130a80ac3ca0,user,5,lain,1.0
user_130d6bc4d645,user,4,lain,1.0
user_13172d4e3938,user,6,lain,3.0
user_1334295e6c18,user,8,lain,1.0
user_13342f8ad127,user,1,lain,1.0
user_1338d1c839a4,user,6,lain,2.0
user_133985b8489b,user,8,lain,1.0
user_1348442b82b2,user,6,lain,1.0
user_134c54300cc4,user,1,lain,1.0
user_135568cedc3d,user,4,takut (pujian?),1.0
user_135877934a92,user,6,lain,3.0
user_135fa779ee74,user,7,takut (pujian?),1.0
user_136139b1befb,user,12,lain,1.0
user_13677cc4f77a,user,9,lain,1.0
user_137548cebedd,user,5,takut (pujian?),1.0
user_13846b73e64e,user,10,lain,1.0
user_138d1e8f1eee,user,1,lain,1.0
user_1391d2e7fea1,user,1,lain,1.0
user_139a27005ce7,user,3,lain,1.0
user_139bebcb72b0,user,4,takut (pujian?),1.0
user_139db5d10572,user,1,lain,1.0
user_13b806204974,user,5,takut (pujian?),1.0
user_13b80ba61b36,user,1,takut (pujian?),1.0
user_13bd1e51e7f9,user,8,lain,1.0
user_13bef38973a9,user,9,lain,1.0
user_13da3fb64f83,user,5,lain,2.0
user_14094686b22b,user,10,lain,1.0
user_14157d5f5cda,user,8,lain,1.0
user_141a30f85ccb,user,1,lain,1.0
user_141c6d48f147,user,11,lain,1.0
user_141e74639ffa,user,6,lain,1.0
user_1423b0432a38,user,1,niat menonton,1.0
user_14265bbb20b8,user,6,lain,1.0
user_142ef21ec4f5,user,11,lain,1.0
user_143d7c16eec4,user,7,niat menonton,1.0
user_1447ec40a350,user,1,lain,1.0
user_14576756f4e1,user,1,lain,1.0
user_145781573fbd,user,1,lain,1.0
user_14590ebe9b6b,user,1,niat menonton,1.0
user_1459c11048c8,user,9,lain,1.0
user_14744c76be59,user,1,lain,1.0
user_1478430a1ab5,user,2,lain,1.0
user_147bacd4f4ed,user,1,lain,1.0
user_147e90a16af5,user,11,lain,1.0
user_14849941e112,user,3,lain,1.0
user_1492887dd2aa,user,13,lain,2.0
user_149b36bd77bc,user,4,lain,1.0
user_149b82caeca2,user,12,lain,1.0
user_14a080434e19,user,1,niat menonton,1.0
user_14b448501c11,user,7,lain,1.0
user_14bddb6b6c86,user,6,takut (pujian?),1.0
user_14c9b9ca3a80,user,12,lain,1.0
user_14cd95efbf27,user,4,lain,1.0
user_14d074977009,user,7,lain,1.0
user_14e3679b78e9,user,6,lain,1.0
user_150af8244797,user,7,lain,1.0
user_15132ccacb1e,user,3,lain,1.0
user_152e7cc6e740,user,5,lain,1.0
user_152e8287c157,user,8,lain,1.0
user_1543407a2317,user,11,lain,1.0
user_1543baf0ced1,user,1,lain,1.0
user_1579b6beb88a,user,11,lain,1.0
user_157be9c8148c,user,1,takut (pujian?),1.0
user_1584c10f9754,user,4,lain,1.0
user_159bab2562de,user,2,niat menonton,1.0
user_15b4cb4953a2,user,8,lain,1.0
user_15b7628c5a6b,user,1,lain,1.0
user_15bf95b20908,user,1,niat menonton,1.0
user_15d2c809b7b1,user,11,lain,1.0
user_15d9c1e4c89d,user,10,lain,1.0
user_15db9b24fcd2,user,2,lain,1.0
user_15fd0bb07d7c,user,1,lain,1.0
user_15fda78125ed,user,3,niat menonton,1.0
user_162020eeb921,user,5,lain,1.0
user_162213c323d7,user,7,lain,1.0
user_162a90a20c5c,user,8,lain,1.0
user_163b112f7aee,user,9,lain,1.0
user_164aaab716ea,user,5,takut (pujian?),1.0
user_164c76b6a1b0,user,5,lain,1.0
user_1667eb174d5d,user,9,lain,1.0
user_1676b63f00e1,user,2,lain,1.0
user_1682a3821bdd,user,8,lain,1.0
user_1685f4e59ca3,user,1,lain,1.0
user_1692a70bd8e1,user,2,lain,1.0
user_16ad0b0559da,user,7,lain,1.0
user_16b0512d6f71,user,1,lain,1.0
user_16bc1adbbbaf,user,7,takut (pujian?),1.0
user_16c25a8dea68,user,3,lain,1.0
user_16ceb9818ead,user,1,lain,1.0
user_16d3fc804525,user,1,lain,1.0
user_170512102d3e,user,1,lain,1.0
user_1715def55540,user,7,lain,1.0
user_171b29ef2f93,user,3,lain,1.0
user_1725b43236e3,user,8,lain,1.0
user_1726bc0240b9,user,3,lain,1.0
user_1728f95fb501,user,4,lain,1.0
user_172a50307185,user,2,lain,1.0
user_1730676d6bb5,user,12,lain,1.0
user_174c0b501fa8,user,11,lain,1.0
user_17559106d895,user,4,takut (pujian?),1.0
user_175f43b093da,user,8,lain,1.0
user_177d7f78a7c8,user,5,lain,1.0
user_17861810211f,user,5,lain,1.0
user_17a3cd88acc0,user,9,lain,1.0
user_17a5c298a26b,user,1,lain,1.0
user_17b2bd005d4b,user,2,lain,1.0
user_17b799bf15fc,user,3,lain,1.0
user_17be4bb2769d,user,5,lain,1.0
user_17bf4e2dc393,user,5,lain,1.0
user_17c39407b702,user,2,lain,1.0
user_17c6274b5679,user,2,lain,1.0
user_17d8cdd1b9cc,user,3,lain,1.0
user_17e2c3d462ec,user,9,lain,1.0
user_17f2f68fd096,user,1,lain,1.0
user_17f5f2b46f63,user,10,lain,1.0
user_1818f44e82d9,user,9,lain,1.0
user_181d9ab6278b,user,10,lain,1.0
user_18221a151071,user,2,lain,1.0
user_1822c1e07e02,user,10,lain,1.0
user_183bdbee6aa5,user,3,takut (pujian?),1.0
user_184c832a2cad,user,8,lain,1.0
user_1850618ec852,user,8,lain,1.0
user_1875f9406c51,user,12,lain,1.0
user_187f4bb9d53e,user,3,lain,1.0
user_188443ca6085,user,3,takut (pujian?),1.0
user_189d2e6de563,user,1,lain,1.0
user_18b052444d3a,user,7,lain,1.0
user_18bab85cfea9,user,4,lain,1.0
user_18c48cc4e528,user,5,lain,1.0
user_18d548798213,user,11,lain,2.0
user_18dc19895cad,user,2,lain,1.0
user_18e692cbed3b,user,1,lain,1.0
user_18e6b1769a45,user,1,lain,1.0
user_18ee2e27f54a,user,2,lain,1.0
user_18fd9288119e,user,8,lain,1.0
user_18fe8eb3ab73,user,8,lain,1.0
user_18feeb31b996,user,8,lain,1.0
user_190594d29452,user,5,lain,1.0
user_19071a60dc74,user,1,lain,1.0
user_190ed3d713d9,user,11,lain,1.0
user_19149ead6c71,user,4,lain,1.0
user_19187cf085b1,user,2,lain,1.0
user_1922a7aa2052,user,3,lain,1.0
user_19343f7dd64b,user,5,lain,1.0
user_19365f77cb7f,user,4,lain,1.0
user_19403388eb55,user,3,lain,1.0
user_194b51691b17,user,3,lain,1.0
user_194f5ffd6db7,user,8,lain,1.0
user_19521c1f2b52,user,13,lain,1.0
user_1954cf4407a5,user,3,lain,1.0
user_19633f03dc73,user,3,lain,1.0
user_1965f9b2978e,user,4,lain,1.0
user_196e03b07037,user,3,lain,1.0
user_196e987aa638,user,11,lain,1.0
user_198ab19a5972,user,3,lain,1.0
user_19988c85de84,user,6,lain,1.0
user_19aa9d65d343,user,3,lain,1.0
user_19aab13785ca,user,3,lain,1.0
user_19ba8c2d53f4,user,6,lain,1.0
user_19c400c8b2da,user,1,takut (pujian?),1.0
user_19d87d024915,user,1,lain,1.0
user_19d9e0c9ec9c,user,1,lain,2.0
user_19e76617e650,user,2,takut (pujian?),1.0
user_19e8151e426a,user,1,takut (pujian?),1.0
user_19f14fe1dbf5,user,12,lain,2.0
user_19f52b23d64d,user,3,lain,1.0
user_19fd59fd8c8f,user,5,lain,1.0
user_1a0effe48baa,user,3,lain,1.0
user_1a3566cf27ac,user,12,lain,1.0
user_1a49949ec058,user,1,lain,1.0
user_1a564743a0ee,user,7,takut (pujian?),1.0
user_1a6f29f4ac16,user,9,lain,1.0
user_1a7626f4b782,user,3,takut (pujian?),1.0
user_1a811042c963,user,2,lain,1.0
user_1a869b65dc8e,user,2,lain,1.0
user_1a8adaf77532,user,1,niat menonton,1.0
user_1a94bc160167,user,11,niat menonton,1.0
user_1a95a42e7fb7,user,3,lain,1.0
user_1a9a5cb62c6e,user,10,lain,1.0
user_1aa58f99375c,user,7,lain,1.0
user_1aa634a80187,user,8,lain,1.0
user_1aaed566ab4a,user,3,takut (pujian?),1.0
user_1acc455b5385,user,4,lain,1.0
user_1ad74945eacf,user,1,lain,1.0
user_1ad7d08aee06,user,1,lain,1.0
user_1ae7605ad998,user,6,lain,1.0
user_1af6dead93c9,user,5,niat menonton,1.0
user_1b01fa8c7c81,user,2,lain,1.0
user_1b3d707a2665,user,1,lain,1.0
user_1b48a5382cbb,user,8,lain,1.0
user_1b508bc5341b,user,1,lain,1.0
user_1b8279ece229,user,1,niat menonton,1.0
user_1b8b28cd3892,user,2,lain,2.0
user_1b8e40f0c055,user,2,lain,1.0
user_1b9680007ca2,user,2,niat menonton,2.0
user_1b9b4faff9d4,user,1,lain,1.0
user_1bb5081d7218,user,10,lain,1.0
user_1beb2bb866fd,user,12,lain,1.0
user_1bf75916a11f,user,1,lain,1.0
user_1bf76e8f279d,user,5,lain,1.0
user_1bf8a35db0cf,user,1,lain,1.0
user_1c13370e3624,user,2,lain,1.0
user_1c28f191697d,user,8,lain,3.0
user_1c32a1006a55,user,5,lain,1.0
user_1c3eb81655cf,user,11,lain,1.0
user_1c5728ba80e5,user,7,lain,1.0
user_1c64a05b9e87,user,5,lain,1.0
user_1c6c86652df0,user,8,lain,1.0
user_1c7f7e5bace9,user,3,lain,1.0
user_1cb3c842b962,user,10,lain,1.0
user_1cbb9ba778aa,user,2,takut (pujian?),1.0
user_1cc6e2abcccc,user,1,lain,1.0
user_1cc6f7e9b6a2,user,2,lain,1.0
user_1ccb8d91e979,user,1,lain,1.0
user_1cd35753ab14,user,2,lain,1.0
user_1cd969b95c13,user,1,lain,1.0
user_1cdcb778572d,user,13,lain,1.0
user_1ce3961dfa45,user,1,takut (pujian?),1.0
user_1cee7be41721,user,6,lain,1.0
user_1d101341b0b7,user,6,lain,2.0
user_1d10ef66822f,user,8,lain,1.0
user_1d11c8ecb78d,user,5,lain,1.0
user_1d144e6975c9,user,2,lain,1.0
user_1d16b7c2e5d8,user,6,lain,1.0
user_1d2173ac99d6,user,1,lain,1.0
user_1d28e9fb07f9,user,1,lain,1.0
user_1d29cf0683c4,user,6,lain,1.0
user_1d42a8328446,user,3,lain,1.0
user_1d438cc8a197,user,1,niat menonton,1.0
user_1d7778bb113b,user,4,lain,1.0
user_1d7c7880f611,user,1,lain,1.0
user_1d9920f6dd7e,user,8,lain,1.0
user_1d9ced6392f2,user,1,takut (pujian?),1.0
user_1d9d786e224b,user,1,lain,1.0
user_1da0c3e86799,user,3,niat menonton,1.0
user_1da7db69cb26,user,10,lain,1.0
user_1dc0ceb891bb,user,5,takut (pujian?),1.0
user_1dd272023391,user,9,lain,1.0
user_1de1fd2e6c94,user,3,takut (pujian?),1.0
user_1de4ca984aea,user,7,lain,1.0
user_1df19f24c4e7,user,1,lain,1.0
user_1df73312ac32,user,5,lain,1.0
user_1e05c8f04db2,user,3,lain,1.0
user_1e1987e44935,user,12,takut (pujian?),1.0
user_1e1c9e1d7e35,user,1,niat menonton,1.0
user_1e26a52020eb,user,2,lain,1.0
user_1e274583eef3,user,6,takut (pujian?),1.0
user_1e2863ebbeed,user,4,lain,1.0
user_1e2e4cc83d0a,user,3,lain,2.0
user_1e3d340611f2,user,12,lain,1.0
user_1e40f6af4a91,user,3,lain,1.0
user_1e4596c94da7,user,2,takut (pujian?),1.0
user_1e497a44ecb9,user,1,takut (pujian?),1.0
user_1e50842a575d,user,9,lain,1.0
user_1e51b02f2cc6,user,2,lain,1.0
user_1e52febff09b,user,12,lain,1.0
user_1e5c24651afb,user,3,lain,1.0
user_1e611d82bd43,user,2,lain,1.0
user_1e704a2625f8,user,2,lain,1.0
user_1e78faec052a,user,5,lain,1.0
user_1e7a99d3d769,user,1,lain,1.0
user_1e930dab1588,user,3,lain,1.0
user_1e9f1c168b20,user,7,lain,2.0
user_1ea7a025ce4e,user,1,lain,1.0
user_1eaa8aec91da,user,2,lain,1.0
user_1ebf44207d5d,user,7,lain,2.0
user_1ec6b20d776d,user,8,lain,1.0
user_1ec6d295746e,user,2,lain,1.0
user_1eccf3f5a14d,user,5,lain,1.0
user_1ed281f5933f,user,2,lain,1.0
user_1ed7b8806620,user,1,lain,1.0
user_1efa028075f5,user,3,lain,1.0
user_1efb39a495f5,user,4,takut (pujian?),1.0
user_1f1ec1d41d48,user,7,takut (pujian?),1.0
user_1f1f195571a8,user,1,lain,1.0
user_1f34e5bd77f2,user,1,lain,1.0
user_1f3b1d9348d6,user,2,lain,1.0
user_1f4a5a970b6d,user,6,lain,1.0
user_1f5293540802,user,1,lain,1.0
user_1f562e19066e,user,1,lain,1.0
user_1f6cbce030cf,user,1,takut (pujian?),1.0
user_1f8b4425926b,user,3,lain,1.0
user_1f8c0b393b64,user,3,lain,1.0
user_1f8cdf894e6d,user,3,lain,1.0
user_1fa6630e9d94,user,1,lain,1.0
user_1fa7210610d4,user,7,lain,1.0
user_1facac894395,user,7,lain,1.0
user_1fc70eef8373,user,11,lain,1.0
user_1fcdee8a57fd,user,1,lain,1.0
user_1fe415b86f7c,user,1,lain,1.0
user_1ffceff6e30a,user,1,lain,1.0
user_2002b9f57a3f,user,4,lain,1.0
user_2009b2d04d1a,user,1,lain,1.0
user_200ccbd0bc14,user,7,takut (pujian?),1.0
user_2018374475b6,user,6,lain,1.0
user_2027f5e4c650,user,2,takut (pujian?),1.0
user_202c1f290b91,user,2,lain,1.0
user_20390ec94cd5,user,1,lain,1.0
user_2039dafb94da,user,4,lain,1.0
user_203f2a59044e,user,4,lain,1.0
user_2047f3939118,user,9,lain,1.0
user_204a747d8867,user,8,lain,1.0
user_204bec30a0b9,user,1,niat menonton,1.0
user_204fc8eeee13,user,5,lain,1.0
user_20603f74fe44,user,1,lain,1.0
user_20626e3cb1de,user,1,lain,1.0
user_2065969214a4,user,1,lain,1.0
user_20751978b8a9,user,2,lain,1.0
user_20776dff4169,user,1,takut (pujian?),1.0
user_207846c17afe,user,1,lain,1.0
user_208de7a3ee66,user,5,lain,1.0
user_209bae116a75,user,3,lain,1.0
user_20a7c214d5d2,user,5,lain,1.0
user_20a999015abe,user,5,lain,1.0
user_20ab3353c912,user,4,lain,1.0
user_20b8b5dd9f9f,user,7,lain,1.0
user_20c2de802db6,user,6,lain,1.0
user_20f427443d11,user,3,takut (pujian?),1.0
user_2104e2fe3a48,user,7,lain,1.0
user_2109ccc9ace6,user,2,lain,1.0
user_21170ce48349,user,3,lain,1.0
user_21174f32b390,user,1,lain,1.0
user_211a3dbd154e,user,9,lain,1.0
user_211b5c03bfe2,user,11,lain,1.0
user_21272d6f163d,user,2,lain,1.0
user_213edeabb52f,user,2,lain,2.0
user_2157949b53c2,user,3,niat menonton,1.0
user_2183f248a986,user,10,lain,1.0
user_218dcdd9f2c9,user,5,lain,1.0
user_219829a4836b,user,7,takut (pujian?),1.0
user_21a07665d82e,user,7,lain,1.0
user_21a963aaaf7b,user,6,lain,2.0
user_21b87b642264,user,9,lain,2.0
user_21d54f223439,user,3,lain,1.0
user_21d8d8586283,user,10,lain,1.0
user_220a8ea0376b,user,7,lain,1.0
user_2221609ad9a2,user,3,lain,2.0
user_2227ca403382,user,6,lain,1.0
user_2235e9958b7e,user,12,lain,1.0
user_22427e934912,user,2,lain,1.0
user_22432ed90f62,user,4,lain,1.0
user_22477fd7636e,user,4,takut (pujian?),1.0
user_2259fce5b70e,user,4,lain,1.0
user_2267cc1cadf0,user,9,lain,1.0
user_2289fdc2ae6b,user,9,niat menonton,1.0
user_22a868adb693,user,2,lain,1.0
user_22aaee0c5e81,user,6,lain,1.0
user_22ac2f2239c6,user,7,lain,1.0
user_22aed7d92ea3,user,6,lain,1.0
user_22c5b04f1f99,user,2,lain,1.0
user_22c8ab698ec0,user,12,lain,1.0
user_22d49dfcd15a,user,3,lain,1.0
user_22f3b0fe67de,user,2,lain,1.0
user_23046e0dbae2,user,2,niat menonton,1.0
user_230984b93062,user,2,lain,1.0
user_23123a1b1696,user,2,lain,1.0
user_2322b1fdb7af,user,2,takut (pujian?),1.0
user_2323ba533a32,user,5,lain,1.0
user_232cf0c7821d,user,3,lain,1.0
user_232d860ae257,user,6,niat menonton,1.0
user_2330d638dc97,user,1,lain,1.0
user_233adcfad03a,user,1,lain,1.0
user_233be7ac8f0b,user,4,lain,1.0
user_2344288d73b2,user,3,lain,1.0
user_235a663fcf80,user,2,lain,1.0
user_235b48167c70,user,1,lain,1.0
user_236c7b6f1b38,user,9,lain,1.0
user_236f0e19a850,user,1,niat menonton,1.0
user_2373760dcdae,user,10,lain,1.0
user_237b11dcb431,user,9,lain,1.0
user_23843681d723,user,1,lain,1.0
user_23bb0a9ee445,user,2,lain,1.0
user_23bbda47f8aa,user,3,niat menonton,1.0
user_23bec3ffa2ac,user,5,lain,1.0
user_23c0abe75447,user,1,lain,1.0
user_23cb25469c1c,user,3,niat menonton,1.0
user_23cd319aa461,user,1,lain,1.0
user_23d2ade67502,user,3,lain,1.0
user_23dc382d7f81,user,9,lain,1.0
user_23dd4477d2de,user,9,lain,1.0
user_23f08b399390,user,8,lain,1.0
user_23f2333688c6,user,1,lain,1.0
user_23f4a0ac560b,user,1,lain,1.0
user_23fd23285152,user,1,lain,1.0
user_24021405f2cd,user,1,lain,2.0
user_24099aec8e9c,user,1,lain,1.0
user_240a72428aec,user,2,lain,1.0
user_240ef069896b,user,12,lain,1.0
user_2410cde8f332,user,3,lain,1.0
user_24240337e345,user,11,lain,1.0
user_2432e8cfdfac,user,4,lain,1.0
user_243a1e6cb2f6,user,10,lain,1.0
user_2440e6570bd6,user,2,lain,1.0
user_244690955364,user,7,lain,1.0
user_247555414fa7,user,8,lain,1.0
user_248cb006e98b,user,6,takut (pujian?),1.0
user_248f418f9818,user,12,lain,1.0
user_2491b4e73d67,user,8,lain,1.0
user_249ea824ba49,user,6,lain,1.0
user_249fafe812a3,user,8,lain,1.0
user_24a2380683c1,user,4,lain,1.0
user_24b9fea55b37,user,8,lain,3.0
user_24c3155c9677,user,1,takut (pujian?),1.0
user_24d22864a4b4,user,4,lain,1.0
user_24d7a07b086d,user,1,lain,1.0
user_24db6736511b,user,1,lain,1.0
user_24dd50926455,user,2,lain,1.0
user_24e5bccfa020,user,5,lain,1.0
user_24efec8a2e26,user,2,lain,1.0
user_24f30b466b91,user,9,lain,1.0
user_250879b6bb76,user,6,lain,2.0
user_25116e62f201,user,11,lain,1.0
user_251537cbbf39,user,3,lain,1.0
user_251c608ae8b0,user,1,lain,1.0
user_2541dd1ed6f9,user,7,lain,1.0
user_25420f5705c0,user,7,takut (pujian?),1.0
user_25597feac1da,user,2,lain,1.0
user_255e017b42f0,user,1,lain,1.0
user_25642778f605,user,9,lain,1.0
user_2577f17840da,user,3,lain,1.0
user_2595ac3f2ca8,user,1,lain,1.0
user_259c89b333a7,user,1,takut (pujian?),1.0
user_25b106edf429,user,1,takut (pujian?),1.0
user_25b1ceca1d73,user,6,lain,1.0
user_25b965a904c9,user,3,niat menonton,1.0
user_25bfd1070950,user,3,lain,1.0
user_25c35425a49d,user,7,takut (pujian?),1.0
user_25ed0fcfc0c7,user,5,lain,1.0
user_26010cce2eff,user,10,lain,3.0
user_26113079b390,user,4,lain,1.0
user_261e4698cef1,user,10,lain,1.0
user_263944113e7e,user,6,lain,1.0
user_26396812f871,user,1,lain,1.0
user_26437d34b88a,user,10,lain,1.0
user_264df76bccd4,user,1,lain,1.0
user_265130413584,user,2,takut (pujian?),1.0
user_26591197f697,user,2,lain,3.0
user_26686a06b95b,user,11,lain,1.0
user_266f0bb1c66b,user,2,lain,1.0
user_267adc5c603a,user,1,lain,1.0
user_268f7bec5690,user,1,lain,1.0
user_269e05ea9415,user,3,lain,1.0
user_26a9541a1c14,user,7,lain,1.0
user_26b951316456,user,6,lain,1.0
user_26edce141422,user,1,lain,1.0
user_26f688939d7c,user,1,lain,1.0
user_26f6b516f8d3,user,2,lain,1.0
user_26fce85233b6,user,2,lain,1.0
user_27091bc4ed60,user,1,lain,1.0
user_270c7c862a4e,user,3,lain,1.0
user_2715505808cd,user,4,lain,1.0
user_2725227b8519,user,4,lain,1.0
user_27309750fe20,user,1,lain,2.0
user_27377aef7831,user,11,lain,1.0
user_274df474eef2,user,1,lain,1.0
user_27593687932c,user,4,lain,1.0
user_275da65214a0,user,1,lain,1.0
user_2768e357902b,user,7,lain,2.0
user_276ee5b07a36,user,7,lain,1.0
user_2778226741b4,user,2,lain,1.0
user_278514847758,user,10,lain,1.0
user_278ca717121c,user,2,lain,1.0
user_279943be7ba0,user,4,lain,1.0
user_27bba87ace74,user,9,takut (pujian?),1.0
user_27c2dfeb93f0,user,3,lain,1.0
user_27d89e631ddd,user,2,lain,1.0
user_27df8bfe38d2,user,2,lain,1.0
user_27f136a3e2d0,user,4,lain,1.0
user_27f3f8cb486b,user,11,lain,1.0
user_27f7563a2b76,user,2,lain,3.0
user_27fb721bcbda,user,3,lain,1.0
user_27fd63a6275d,user,6,niat menonton,1.0
user_2807782a5d30,user,7,lain,1.0
user_280a228d5cbc,user,6,niat menonton,1.0
user_280eaf868811,user,12,lain,1.0
user_2831ba870ed6,user,2,lain,1.0
user_28365f31d405,user,1,lain,1.0
user_2837dab500b9,user,5,lain,1.0
user_283974e87845,user,8,lain,2.0
user_28527c2cf636,user,3,lain,1.0
user_28531b7c0c0b,user,1,takut (pujian?),1.0
user_28555b595d1c,user,5,takut (pujian?),2.0
user_286408683754,user,1,lain,1.0
user_286448e95334,user,4,lain,1.0
user_287c2f73b851,user,4,lain,1.0
user_288c8fc87588,user,2,lain,1.0
user_28999c417947,user,10,niat menonton,1.0
user_289a0b446265,user,2,lain,1.0
user_28a57b94be0a,user,2,lain,1.0
user_28b221ce5b56,user,1,lain,1.0
user_28bf433ec6d7,user,1,lain,1.0
user_28c3542b4caf,user,2,lain,1.0
user_28c785759933,user,4,takut (pujian?),1.0
user_28d60927d5ac,user,1,lain,1.0
user_28d8f4b994c6,user,6,lain,1.0
user_28e06d55b3b4,user,2,lain,1.0
user_28ff6d03afc2,user,9,takut (pujian?),2.0
user_291b4ab5803d,user,3,niat menonton,1.0
user_2924dfb02983,user,1,niat menonton,1.0
user_292c6f2f15c8,user,4,takut (pujian?),1.0
user_292d7acd8b40,user,12,lain,1.0
user_29308fe41fe4,user,3,takut (pujian?),1.0
user_2933fb8e0bda,user,8,lain,1.0
user_29352bea2182,user,4,lain,1.0
user_293c95bd10d6,user,3,takut (pujian?),1.0
user_293fe9461db3,user,7,takut (pujian?),1.0
user_2940803a71f2,user,11,lain,1.0
user_29424e64725e,user,6,lain,1.0
user_294254b8afc6,user,5,lain,1.0
user_294791505d0f,user,2,takut (pujian?),1.0
user_296989ece66d,user,1,lain,1.0
user_296b0e94edba,user,3,lain,1.0
user_297853353294,user,8,lain,1.0
user_298a037df418,user,3,lain,1.0
user_29a06fabea92,user,3,lain,1.0
user_29a3658f6e9f,user,1,lain,1.0
user_29acbda49a6b,user,4,lain,1.0
user_29ad3a39ecbb,user,2,lain,1.0
user_29b5ff534b0f,user,6,lain,1.0
user_29bed69f9cd4,user,5,takut (pujian?),1.0
user_29ed51816661,user,1,lain,1.0
user_29f867308ff7,user,3,takut (pujian?),1.0
user_29fc4f29b00d,user,10,takut (pujian?),1.0
user_2a04f5a5c41d,user,2,lain,1.0
user_2a0a7ec2c7e0,user,12,takut (pujian?),1.0
user_2a1105a00d04,user,4,lain,1.0
user_2a11ba043d32,user,1,lain,1.0
user_2a169814e2d9,user,10,lain,1.0
user_2a25b61cd7dd,user,1,lain,3.0
user_2a2d7a8b8d3e,user,1,lain,1.0
user_2a3d2f33d2df,user,2,lain,1.0
user_2a4563d64ae3,user,1,lain,1.0
user_2a68f60e9dd8,user,1,takut (pujian?),1.0
user_2a789bb9d243,user,10,lain,1.0
user_2a7e78a6c048,user,9,lain,1.0
user_2a83355092b7,user,11,lain,1.0
user_2acc5184f1d5,user,2,lain,1.0
user_2ae4d8681735,user,10,lain,1.0
user_2aea535ba53b,user,2,lain,1.0
user_2aedde9b8d0c,user,8,lain,3.0
user_2b0ba915aedd,user,1,lain,1.0
user_2b2945c87266,user,10,lain,1.0
user_2b29f749fb9d,user,2,lain,1.0
user_2b3111d5d9be,user,3,takut (pujian?),1.0
user_2b3744b447b4,user,6,lain,2.0
user_2b3ffbd91b49,user,1,lain,1.0
user_2b4d0dd443b0,user,2,lain,1.0
user_2b4e3491e867,user,2,lain,1.0
user_2b69349e829c,user,6,lain,1.0
user_2b6a10160496,user,9,lain,2.0
user_2b767734fde2,user,1,lain,1.0
user_2b91354e4921,user,3,lain,1.0
user_2ba3ad7d97b7,user,3,niat menonton,1.0
user_2babe133c78d,user,1,lain,1.0
user_2baf474afb49,user,3,lain,1.0
user_2bb0877d9eac,user,5,lain,1.0
user_2bbbf36da641,user,4,lain,1.0
user_2bdc9632a460,user,7,takut (pujian?),1.0
user_2be7699cfcbd,user,8,takut (pujian?),1.0
user_2bf24de565be,user,1,niat menonton,1.0
user_2c0e831e3b04,user,6,takut (pujian?),1.0
user_2c310f59abfd,user,5,lain,1.0
user_2c376a527f2c,user,2,lain,1.0
user_2c3a06babfc9,user,12,lain,1.0
user_2c5030a7ddd6,user,4,lain,1.0
user_2c53e0dcec21,user,1,lain,1.0
user_2c5b06c89adc,user,6,lain,1.0
user_2c6dffcd5260,user,1,lain,1.0
user_2c75b257b699,user,6,takut (pujian?),1.0
user_2c7b2840d35b,user,2,lain,1.0
user_2c862f32c8a9,user,1,lain,1.0
user_2c8b6e6751f0,user,11,lain,2.0
user_2c90d177ad5e,user,4,lain,2.0
user_2ca9d1e62070,user,1,lain,1.0
user_2cacc095a7c1,user,4,takut (pujian?),1.0
user_2cb29657593b,user,3,lain,1.0
user_2cb35779a991,user,3,lain,1.0
user_2ccb9180be06,user,7,lain,1.0
user_2cd81ab427c4,user,1,lain,1.0
user_2cdd0403d1eb,user,1,niat menonton,1.0
user_2ce205334954,user,9,lain,1.0
user_2cf211ecc9f7,user,3,lain,1.0
user_2cfbceba286d,user,4,lain,1.0
user_2d03fe48947f,user,3,niat menonton,1.0
user_2d053c32069a,user,1,niat menonton,1.0
user_2d05edaf5a43,user,1,takut (pujian?),1.0
user_2d10a42c712e,user,6,takut (pujian?),1.0
user_2d1faf90f0c0,user,5,niat menonton,1.0
user_2d1fdf48fda8,user,4,lain,1.0
user_2d486648d8f4,user,2,lain,2.0
user_2d54734bb18a,user,3,lain,1.0
user_2d58e67845ed,user,2,lain,1.0
user_2d5d2f129d38,user,6,lain,1.0
user_2d64ab0a3571,user,5,niat menonton,1.0
user_2d6cede7a69d,user,7,takut (pujian?),1.0
user_2d6f47212be6,user,4,lain,1.0
user_2d798921efcf,user,2,lain,1.0
user_2d7c82c67426,user,1,niat menonton,1.0
user_2d80863d8483,user,6,lain,1.0
user_2d85ff1f9d3f,user,1,lain,1.0
user_2d981c4e59e0,user,1,niat menonton,1.0
user_2dab64bfdbc6,user,9,lain,1.0
user_2dbb16877861,user,1,lain,1.0
user_2dcae96b96b5,user,4,lain,3.0
user_2dd7b3f2c182,user,2,lain,1.0
user_2deb495f06d5,user,6,takut (pujian?),1.0
user_2df8f4155339,user,1,lain,1.0
user_2dfdd8fbf745,user,1,lain,1.0
user_2e193bd5bc0c,user,9,lain,1.0
user_2e1a0059557d,user,6,niat menonton,1.0
user_2e1ecc66c9cb,user,2,niat menonton,2.0
user_2e1f43c5c27f,user,1,takut (pujian?),1.0
user_2e31b072117f,user,7,lain,1.0
user_2e4d8d24a517,user,1,lain,1.0
user_2e4e20668e20,user,2,lain,1.0
user_2e525b75e488,user,6,lain,1.0
user_2e5ac83bf911,user,2,takut (pujian?),1.0
user_2e5deb30968f,user,7,lain,1.0
user_2e69027d519b,user,1,lain,1.0
user_2e74ce3006f0,user,1,lain,1.0
user_2e7d1bcc91a0,user,6,lain,1.0
user_2e92cb374bc2,user,1,takut (pujian?),1.0
user_2eaab3242542,user,10,lain,1.0
user_2eb7f7beef58,user,8,lain,1.0
user_2eba3f00de19,user,1,lain,1.0
user_2ec199851361,user,4,lain,1.0
user_2ec1ef833dbd,user,3,lain,1.0
user_2eec341ac173,user,3,lain,1.0
user_2ef23cc8cd57,user,1,lain,1.0
user_2ef52ce91206,user,8,lain,1.0
user_2ef6e6a1ed15,user,11,lain,1.0
user_2efad5bdf776,user,4,lain,1.0
user_2f01bfa45706,user,9,lain,1.0
user_2f1a0cd1a564,user,5,takut (pujian?),1.0
user_2f3f3bed907c,user,2,lain,1.0
user_2f3f6a328232,user,1,niat menonton,1.0
user_2f536c29b3cc,user,7,takut (pujian?),1.0
user_2f5bcc865a12,user,8,lain,1.0
user_2f5f167575b4,user,1,lain,1.0
user_2f6846a4e56f,user,10,lain,3.0
user_2f6b0463ce2d,user,11,lain,1.0
user_2f6e91976908,user,1,lain,1.0
user_2f78b287a257,user,1,lain,1.0
user_2f7a5a9f2c5c,user,4,lain,1.0
user_2f8e4626037f,user,10,lain,1.0
user_2f8e8ce35182,user,5,lain,1.0
user_2f9f6199235f,user,7,lain,2.0
user_2fa4b575e69f,user,3,lain,1.0
user_2fbaaa78f1b5,user,5,lain,1.0
user_2fbb3d40917b,user,6,lain,1.0
user_2fc4913a23e2,user,11,lain,1.0
user_2fc6d797595d,user,4,lain,1.0
user_2fc8d8b25aad,user,5,lain,1.0
user_2fcfc3c2d991,user,7,takut (pujian?),1.0
user_2fd399e0737c,user,3,lain,1.0
user_2fd41114b9ed,user,7,lain,1.0
user_2ff5b4e6194b,user,12,lain,1.0
user_2ffbb8ce631f,user,10,takut (pujian?),1.0
user_300741e14f84,user,6,niat menonton,1.0
user_30075404a9a9,user,1,lain,1.0
user_300a0001ec49,user,6,niat menonton,1.0
user_300e41c601ef,user,1,takut (pujian?),1.0
user_30160acfa127,user,10,takut (pujian?),1.0
user_3024639e3199,user,1,lain,1.0
user_3035c1221323,user,4,lain,1.0
user_3039944f5f5f,user,3,lain,1.0
user_303a67169af6,user,9,niat menonton,1.0
user_3046166fcc5b,user,3,takut (pujian?),1.0
user_30596e98add6,user,1,lain,1.0
user_3061aa21d56e,user,12,lain,1.0
user_306daaf86774,user,2,lain,1.0
user_3077802422c7,user,5,lain,1.0
user_307d6a96161f,user,6,lain,1.0
user_307eb81bac66,user,12,lain,1.0
user_30860e4d89d2,user,9,lain,1.0
user_30a1dc603986,user,1,lain,1.0
user_30b6ed0f3028,user,3,lain,1.0
user_30bcc92ddff8,user,3,lain,1.0
user_30c344cbfe13,user,2,lain,1.0
user_30cb174f40a4,user,1,lain,1.0
user_30d9e964ccc2,user,4,lain,1.0
user_30dcd618eb46,user,9,lain,1.0
user_30f0896ae4bf,user,4,lain,1.0
user_30f7bb80af69,user,7,lain,1.0
user_310e66a1c51d,user,3,lain,1.0
user_31151165f2b3,user,7,takut (pujian?),1.0
user_3120a5489793,user,2,lain,2.0
user_312ad44f8954,user,3,lain,2.0
user_312caa1f5226,user,2,lain,1.0
user_3137abe007be,user,6,lain,1.0
user_3141d2ae9e73,user,10,lain,1.0
user_31432f5ef143,user,6,lain,1.0
user_3143a373bf4c,user,2,lain,1.0
user_315577b3f23b,user,2,lain,1.0
user_31572ed29e10,user,13,lain,1.0
user_316fdacd96e4,user,1,lain,1.0
user_317f8f81b6fb,user,1,lain,1.0
user_3182ba06b496,user,7,lain,1.0
user_318a291e1ec8,user,1,lain,1.0
user_31a3cade7c84,user,1,lain,1.0
user_31a4175a734d,user,1,takut (pujian?),1.0
user_31b258f59227,user,7,lain,1.0
user_31c4c2583574,user,2,lain,1.0
user_31c78e60d2c1,user,2,lain,1.0
user_31dbfcd8b293,user,9,lain,1.0
user_320d71e072ad,user,3,niat menonton,1.0
user_32132d601c67,user,7,lain,1.0
user_32148e7263a7,user,3,takut (pujian?),1.0
user_3215d778c795,user,3,lain,1.0
user_321630e434ca,user,2,takut (pujian?),1.0
user_322b05179257,user,6,lain,1.0
user_3230804b8928,user,11,lain,1.0
user_3230e1d0a3c2,user,3,takut (pujian?),1.0
user_323aaac9a5a6,user,1,lain,1.0
user_3247a8ce1c90,user,1,lain,1.0
user_32576ccc914c,user,11,lain,4.0
user_3273ccafa61c,user,1,lain,1.0
user_32797b95ec6a,user,5,lain,1.0
user_327a245ba69f,user,6,lain,1.0
user_3289ae41b28a,user,9,lain,1.0
user_32a3eeafc822,user,12,takut (pujian?),1.0
user_32b5741fc884,user,9,lain,1.0
user_32c67aba0357,user,3,takut (pujian?),1.0
user_32c88cabe685,user,2,takut (pujian?),1.0
user_32d2cf78072c,user,6,lain,1.0
user_32e3788f89db,user,5,lain,1.0
user_32e455a6ec00,user,1,niat menonton,1.0
user_32fcf64de338,user,3,lain,1.0
user_330bbc10c4c3,user,4,lain,1.0
user_330cd2d76abb,user,8,lain,1.0
user_3320bf622303,user,11,lain,1.0
user_3323e057785a,user,10,lain,1.0
user_3339fbe3424d,user,7,takut (pujian?),1.0
user_333a65ce0a54,user,12,niat menonton,1.0
user_3348a3e6c26b,user,1,niat menonton,1.0
user_33554c288398,user,9,lain,1.0
user_33624a8b061e,user,1,lain,1.0
user_3363a43eb8fa,user,2,lain,1.0
user_337bd68d63d1,user,8,lain,1.0
user_337fbef4214b,user,7,lain,1.0
user_3383dda54625,user,1,lain,1.0
user_338966c46bc0,user,3,lain,1.0
user_33900334623e,user,4,lain,1.0
user_33920c2bcdfa,user,5,takut (pujian?),1.0
user_33c042648b63,user,2,lain,1.0
user_33c7d407f40b,user,11,lain,1.0
user_33de7f02a4a8,user,3,lain,1.0
user_33fa0e44dce7,user,1,lain,1.0
user_33fcb7d43b4a,user,1,lain,1.0
user_33fdef25e3e1,user,1,lain,1.0
user_3406e2507ba6,user,2,lain,1.0
user_340c54905d6d,user,3,lain,1.0
user_340cd7e92197,user,1,lain,1.0
user_341128e78fdc,user,4,lain,1.0
user_341d23e71428,user,2,lain,1.0
user_3439c190a4a7,user,7,lain,1.0
user_343c67b544ce,user,1,niat menonton,1.0
user_3450087442ac,user,7,lain,1.0
user_3464a1e5c1c9,user,1,lain,1.0
user_346c414a99b1,user,1,lain,1.0
user_34787497d266,user,6,lain,1.0
user_349150cf222a,user,3,lain,1.0
user_349907bbbb6e,user,2,lain,1.0
user_34a0bd75b8c9,user,1,lain,1.0
user_34a1266199e6,user,1,takut (pujian?),1.0
user_34a3fb01c679,user,12,lain,1.0
user_34b2e9a59f87,user,5,lain,1.0
user_34d7eb6c2f69,user,1,lain,1.0
user_34fb8c151ca9,user,2,lain,1.0
user_34fc9b176111,user,3,lain,1.0
user_3517c943fe08,user,1,lain,1.0
user_351a834e6821,user,6,takut (pujian?),1.0
user_3553e681e51c,user,3,lain,1.0
user_355564fc40b9,user,2,takut (pujian?),1.0
user_35591e628fc1,user,6,niat menonton,1.0
user_355dba5e0773,user,3,niat menonton,1.0
user_355dfa70353d,user,3,lain,1.0
user_356e564ec37f,user,9,lain,1.0
user_356fb12e2479,user,1,lain,1.0
user_3577d0be0976,user,8,lain,1.0
user_358643495131,user,2,lain,1.0
user_358c25af7546,user,1,lain,1.0
user_35a6732c7993,user,12,lain,1.0
user_35ab48d5937e,user,1,niat menonton,1.0
user_35af131ab965,user,9,lain,1.0
user_35c8071fde34,user,1,lain,1.0
user_35caa14aa2e7,user,2,lain,1.0
user_35dfd3914945,user,4,lain,1.0
user_35f61bc00dd6,user,6,lain,1.0
user_35fe73536da0,user,1,lain,1.0
user_360303cbb8f6,user,10,lain,1.0
user_360e6ea1cee3,user,7,lain,1.0
user_363609ca9640,user,1,lain,1.0
user_36370a2420cf,user,5,lain,1.0
user_36376e5a3c8e,user,2,lain,1.0
user_364f3b3006a3,user,2,lain,1.0
user_36506f48cb9e,user,13,lain,1.0
user_36753c756075,user,1,lain,1.0
user_367dc02c8ecd,user,3,lain,1.0
user_3683e813c8d9,user,1,lain,1.0
user_368d424874cc,user,3,lain,1.0
user_36abfaaee30b,user,1,niat menonton,1.0
user_36d7fb196f81,user,4,takut (pujian?),1.0
user_36da5cd1ef6e,user,7,lain,1.0
user_36e947e814e4,user,6,lain,1.0
user_36eed515c6d5,user,1,lain,1.0
user_36f516a3b61f,user,9,lain,1.0
user_372a7737cf13,user,2,lain,1.0
user_372bc2bf3d71,user,2,lain,1.0
user_372d7ad16ca3,user,3,lain,1.0
user_373067674a72,user,1,lain,1.0
user_373eda1cdc96,user,3,lain,1.0
user_374ea5b730fc,user,11,lain,1.0
user_374f6e100d43,user,7,niat menonton,1.0
user_3756589792df,user,13,lain,1.0
user_375e2f9594ba,user,3,lain,1.0
user_37604666abab,user,8,lain,1.0
user_37685fb68713,user,10,takut (pujian?),1.0
user_3774ebbb4be5,user,1,lain,1.0
user_377c87e41556,user,1,niat menonton,1.0
user_378b86ffbd4b,user,12,lain,1.0
user_378d76c70ce3,user,6,lain,1.0
user_37929d7eb859,user,2,takut (pujian?),1.0
user_379d5eb1a36a,user,1,lain,1.0
user_37a3054056fb,user,6,lain,1.0
user_37b83400e254,user,3,takut (pujian?),1.0
user_37bb5a9758c7,user,5,lain,1.0
user_37c554132f67,user,8,lain,1.0
user_37cf45b1d5f2,user,2,lain,1.0
user_37d2e01242c3,user,2,niat menonton,1.0
user_37f981a9b12c,user,5,lain,1.0
user_37ffec630150,user,5,lain,1.0
user_38032323ea5e,user,1,takut (pujian?),1.0
user_380b669030e3,user,12,lain,1.0
user_380d5d1c45a6,user,2,lain,1.0
user_381aec091fc1,user,1,lain,1.0
user_382072f2acf8,user,2,lain,1.0
user_38307f9a3895,user,5,lain,1.0
user_38328b03a6cc,user,1,lain,1.0
user_3836f7aaeaae,user,7,takut (pujian?),1.0
user_38407c0ab8cb,user,10,lain,1.0
user_384f378bdf6d,user,6,lain,1.0
user_385b7ba95ecf,user,12,lain,1.0
user_3861a750fb79,user,12,lain,1.0
user_386c59d66874,user,1,lain,1.0
user_3873b45dbaef,user,9,lain,4.0
user_388971fa0d22,user,3,takut (pujian?),1.0
user_3896035c2b56,user,2,lain,1.0
user_38a5a9ad010e,user,1,lain,1.0
user_38c26c453ee4,user,8,lain,1.0
user_38c95835b1d1,user,2,lain,2.0
user_38d0d9335730,user,4,lain,1.0
user_38e404d8211e,user,8,lain,1.0
user_38fb41dba178,user,6,lain,1.0
user_38fec01a7f09,user,4,takut (pujian?),1.0
user_3909db7f2b93,user,6,lain,1.0
user_391160d5c83d,user,9,takut (pujian?),2.0
user_39130b88e833,user,4,takut (pujian?),1.0
user_391cf5bbedf9,user,2,lain,1.0
user_3943e81cdc8e,user,1,lain,1.0
user_3960ea26140a,user,3,takut (pujian?),1.0
user_3964e90df3d7,user,10,lain,1.0
user_397769214263,user,1,niat menonton,1.0
user_3978e84c4910,user,2,niat menonton,1.0
user_397b28fa134d,user,5,lain,1.0
user_398077fee7e0,user,1,lain,1.0
user_3980d8366c47,user,3,lain,1.0
user_398e7686e651,user,1,takut (pujian?),1.0
user_398fda453cab,user,5,lain,1.0
user_39950b4f733b,user,6,takut (pujian?),1.0
user_3999529c2ddd,user,6,takut (pujian?),1.0
user_39a8c352f717,user,10,lain,1.0
user_39cdf0a6a227,user,1,lain,1.0
user_39e594a5d2bf,user,7,lain,1.0
user_39fe23d65d87,user,1,niat menonton,1.0
user_3a127a49b5d9,user,6,lain,1.0
user_3a244f4897d6,user,10,lain,1.0
user_3a25c36505ef,user,1,lain,1.0
user_3a27a86821bf,user,3,lain,2.0
user_3a2efc730ba3,user,2,lain,1.0
user_3a30f13d7f99,user,3,lain,1.0
user_3a60e14ba85a,user,6,lain,1.0
user_3a647e224994,user,2,lain,1.0
user_3a74f76de2f1,user,2,lain,1.0
user_3a75b4fc30d7,user,12,lain,1.0
user_3a965e3b8595,user,1,lain,1.0
user_3aa275b7e2b0,user,3,lain,1.0
user_3aa27774b82d,user,5,lain,1.0
user_3aa7265c9e61,user,3,lain,1.0
user_3aaaf82daa85,user,5,lain,1.0
user_3aac10b774e0,user,1,lain,1.0
user_3aad5be41dbc,user,2,lain,1.0
user_3ab62150a0ed,user,4,lain,1.0
user_3ac445474962,user,6,lain,1.0
user_3acae48b8f15,user,1,lain,1.0
user_3ad22bba5361,user,1,lain,1.0
user_3adae03f9e10,user,9,lain,1.0
user_3ae8bcd4c4fa,user,9,lain,1.0
user_3af59d9652ed,user,6,lain,1.0
user_3af8d8b8b7f5,user,2,lain,1.0
user_3afc1ce34ec6,user,1,lain,1.0
user_3b0aef36741e,user,9,lain,1.0
user_3b11f5e591eb,user,9,lain,1.0
user_3b1ba5800eab,user,12,lain,1.0
user_3b2898fca0af,user,1,lain,1.0
user_3b2d59359493,user,3,lain,1.0
user_3b3595d9ab91,user,2,takut (pujian?),1.0
user_3b459ecdb8bc,user,4,lain,1.0
user_3b50f9d1ccbf,user,3,lain,1.0
user_3b5c8789c2bf,user,1,lain,1.0
user_3b644a1235af,user,2,lain,1.0
user_3b696ff0c78c,user,1,lain,1.0
user_3b6a5e3fd7be,user,1,niat menonton,1.0
user_3b6b75b5e677,user,1,lain,1.0
user_3b6c81d33e48,user,1,lain,1.0
user_3b6f6e1e18f8,user,3,lain,1.0
user_3b8066177326,user,1,lain,1.0
user_3b8395667d3d,user,8,lain,1.0
user_3b85c7c070c0,user,4,lain,1.0
user_3b939ee5aefd,user,2,lain,1.0
user_3b998cc23155,user,6,lain,1.0
user_3ba777c69735,user,1,lain,1.0
user_3bab0e238524,user,8,lain,1.0
user_3bb34e9efde9,user,10,lain,1.0
user_3bb5f3923b2c,user,1,lain,1.0
user_3bb72da09d83,user,2,lain,1.0
user_3bb96ff70cd4,user,1,lain,1.0
user_3bd46174fd2f,user,8,lain,1.0
user_3bda27e48a5f,user,6,lain,1.0
user_3be4abd4b924,user,1,lain,1.0
user_3beeea29d8c3,user,1,takut (pujian?),1.0
user_3bf4a7ce76e3,user,1,lain,1.0
user_3bfa874cbfbb,user,1,lain,1.0
user_3bfbdd334e40,user,1,takut (pujian?),1.0
user_3c04246f4e47,user,5,lain,1.0
user_3c0672b83937,user,8,lain,1.0
user_3c095d5b207d,user,9,niat menonton,2.0
user_3c235960a22e,user,2,lain,1.0
user_3c37e43c3b40,user,7,lain,1.0
user_3c49d2103d33,user,2,lain,1.0
user_3c4b85f1f38e,user,1,niat menonton,1.0
user_3c74ab29b5f7,user,6,lain,1.0
user_3c7b057b084c,user,9,lain,1.0
user_3c7d63dc9c21,user,1,lain,1.0
user_3c82fe8ac877,user,2,niat menonton,1.0
user_3c87b5acb5b0,user,1,lain,1.0
user_3c98ccba7448,user,8,lain,1.0
user_3c9c68c9f8ce,user,1,lain,1.0
user_3c9c82f16197,user,2,lain,1.0
user_3c9c9d2b9ba4,user,2,lain,1.0
user_3c9e112b5946,user,4,lain,1.0
user_3ca285618875,user,9,lain,1.0
user_3ca9c190fbef,user,8,lain,1.0
user_3cb0a07783b4,user,1,lain,1.0
user_3cb44d256a2c,user,2,lain,1.0
user_3cbafef1c9a2,user,8,lain,1.0
user_3cc1aa4e3c35,user,7,lain,1.0
user_3cc5fab1010e,user,7,lain,2.0
user_3cdf9fc25118,user,2,lain,1.0
user_3cea5b4917fe,user,2,lain,1.0
user_3cecee40dc7f,user,11,lain,1.0
user_3cf1a33c06e0,user,2,lain,1.0
user_3cf931d2dfca,user,1,lain,1.0
user_3d18d04dbebd,user,1,lain,2.0
user_3d2095127a24,user,2,niat menonton,1.0
user_3d23b4a4a1e9,user,1,niat menonton,1.0
user_3d2723f386ef,user,11,lain,1.0
user_3d28ed9d1fcc,user,7,lain,1.0
user_3d34648c2b38,user,2,lain,1.0
user_3d3740608534,user,3,niat menonton,1.0
user_3d6eae257643,user,2,takut (pujian?),1.0
user_3d73ab747469,user,2,lain,1.0
user_3d84198d590a,user,1,lain,1.0
user_3d92f3f339a0,user,2,niat menonton,1.0
user_3d95dee4c5c1,user,3,lain,1.0
user_3d995a700936,user,1,takut (pujian?),1.0
user_3dc78e8bf550,user,9,lain,1.0
user_3dd288746c77,user,5,takut (pujian?),1.0
user_3dd30415ccfb,user,2,lain,1.0
user_3de972bf732d,user,3,takut (pujian?),1.0
user_3dea1c1b5755,user,3,lain,1.0
user_3df640caf7dc,user,7,takut (pujian?),1.0
user_3df8fc5d5ed4,user,11,lain,1.0
user_3e00fb8f93a7,user,3,niat menonton,1.0
user_3e0e959620b6,user,7,lain,1.0
user_3e1c4a8a953d,user,1,takut (pujian?),1.0
user_3e26dc42acf7,user,5,takut (pujian?),1.0
user_3e2be0b07e58,user,10,lain,1.0
user_3e3ab2db6866,user,1,lain,1.0
user_3e3d125fefa1,user,1,lain,1.0
user_3e4a6daa0872,user,3,lain,1.0
user_3e51771894b5,user,7,niat menonton,1.0
user_3e5515f782c4,user,1,takut (pujian?),1.0
user_3e587caae104,user,5,lain,1.0
user_3e646604819a,user,11,lain,1.0
user_3e6b57e3c1dd,user,1,lain,1.0
user_3e7193aa7b53,user,8,lain,1.0
user_3e7c1a467922,user,2,lain,1.0
user_3e8873afd807,user,2,lain,1.0
user_3e8dd9342e7d,user,6,lain,1.0
user_3e9045a65f6d,user,2,lain,1.0
user_3e9792128bf6,user,1,lain,1.0
user_3e99bcd15e67,user,2,lain,1.0
user_3ea39a42e359,user,3,lain,1.0
user_3ea539012dd5,user,8,lain,1.0
user_3eb0e951f29a,user,4,lain,1.0
user_3eb64f9c2be7,user,1,lain,1.0
user_3ebf950c5e3a,user,1,lain,1.0
user_3ecd9e9ea4c3,user,3,lain,1.0
user_3ed0674522b6,user,13,lain,1.0
user_3ef41232bcfa,user,5,lain,1.0
user_3efcdc0a0759,user,4,lain,1.0
user_3f04821de9d2,user,2,lain,1.0
user_3f08cd8ecc16,user,7,lain,1.0
user_3f0ffe022ce3,user,2,lain,1.0
user_3f2178d17af1,user,11,lain,1.0
user_3f2b6542a7d1,user,12,lain,1.0
user_3f2c59a5918d,user,3,niat menonton,1.0
user_3f43fd1e3f6c,user,1,lain,1.0
user_3f441482bf8e,user,2,niat menonton,1.0
user_3f8250526257,user,3,lain,1.0
user_3f89095f097a,user,3,lain,1.0
user_3f9ab9811288,user,8,lain,1.0
user_3fa0b880d082,user,3,lain,1.0
user_3fa24f52bf36,user,12,lain,1.0
user_3facfa4a4828,user,5,takut (pujian?),1.0
user_3faf2487f383,user,2,takut (pujian?),1.0
user_3fb223ebb167,user,1,lain,1.0
user_3fba5a32a830,user,5,lain,2.0
user_3fbab24e4476,user,10,niat menonton,1.0
user_3fc4191b9926,user,6,niat menonton,1.0
user_3ff41fcd1309,user,7,lain,1.0
user_3ffd5152834d,user,1,lain,1.0
user_40081a662c89,user,2,takut (pujian?),1.0
user_4031e0045fb6,user,1,lain,1.0
user_40459c23f021,user,2,lain,1.0
user_4048a7e45c9d,user,1,takut (pujian?),1.0
user_404fb8e6483c,user,4,lain,1.0
user_4050f03da0fc,user,3,lain,1.0
user_4053d991ecec,user,1,lain,1.0
user_4054bace9456,user,1,lain,1.0
user_40658508a68e,user,5,lain,1.0
user_406656356b7d,user,7,lain,1.0
user_406f5624a482,user,4,lain,1.0
user_40702d57fa15,user,1,lain,1.0
user_40704efa447b,user,1,niat menonton,1.0
user_4073ea177ef3,user,9,lain,1.0
user_40787f46d2cf,user,2,lain,1.0
user_4087aefae516,user,6,takut (pujian?),1.0
user_4092324b7f99,user,2,lain,1.0
user_409a5c99ef0d,user,6,lain,1.0
user_409feb88722b,user,7,lain,1.0
user_40acf9b2559c,user,5,lain,1.0
user_40afe012c8c5,user,1,lain,1.0
user_40b19ffef3e5,user,1,lain,1.0
user_40c1bd749991,user,2,lain,1.0
user_40c5ba2a12c4,user,4,lain,1.0
user_40d9d9962d13,user,8,lain,1.0
user_40e868f11aa1,user,3,niat menonton,1.0
user_4119b26a6324,user,1,lain,1.0
user_411edda694a0,user,7,lain,1.0
user_4121711f64bc,user,2,lain,1.0
user_413c3aa67d55,user,6,lain,1.0
user_4145b6c8afcc,user,12,niat menonton,1.0
user_4155609f4f19,user,1,lain,1.0
user_4163d8c87173,user,5,niat menonton,1.0
user_4193fc0f5079,user,1,lain,1.0
user_41990d6907e8,user,3,lain,1.0
user_419ccd0e3cba,user,7,lain,1.0
user_419e07deb6d9,user,1,lain,1.0
user_419e1ca77d6d,user,6,lain,1.0
user_41a2cf6f8fcc,user,1,lain,1.0
user_41b44ebe799a,user,12,lain,1.0
user_41d04db59603,user,6,lain,2.0
user_41d54e908439,user,12,lain,1.0
user_41d6f35074be,user,11,lain,1.0
user_41d718cb3e57,user,13,lain,1.0
user_41ef07cd10e0,user,7,lain,1.0
user_41f601fa8164,user,5,lain,2.0
user_420059ef9b94,user,8,lain,1.0
user_4218964b41cf,user,4,takut (pujian?),1.0
user_42428cd35147,user,9,lain,1.0
user_42485c846f04,user,8,lain,1.0
user_424ee8bdf20d,user,4,lain,1.0
user_4267b1ed4193,user,7,lain,1.0
user_426f26dc1bdd,user,6,lain,1.0
user_428f9043d87f,user,1,lain,1.0
user_42935c82a861,user,7,lain,1.0
user_4295bc4ad5e9,user,9,lain,1.0
user_429bc54d723e,user,2,lain,1.0
user_429f0d5b595c,user,1,lain,1.0
user_42a57654f3e2,user,1,lain,1.0
user_42a953312cff,user,1,takut (pujian?),1.0
user_42c6d071b045,user,4,takut (pujian?),1.0
user_42f586e201a6,user,7,lain,1.0
user_431ac93483a1,user,1,takut (pujian?),1.0
user_43482396593d,user,10,lain,1.0
user_4350ffad68d1,user,8,lain,1.0
user_43582993085b,user,1,lain,1.0
user_435fb9b64fcd,user,8,lain,1.0
user_4374dfca59db,user,11,lain,1.0
user_43998c03e700,user,4,lain,1.0
user_43cd2109e9a5,user,1,lain,1.0
user_43e41598f8a1,user,4,lain,1.0
user_43e46b52c26f,user,11,lain,1.0
user_43e48b65e500,user,1,lain,1.0
user_44095f50c82e,user,9,lain,1.0
user_440bab833941,user,9,takut (pujian?),1.0
user_44140a1d6f56,user,1,takut (pujian?),1.0
user_4420425eed29,user,5,lain,1.0
user_4424a3ab93ad,user,7,takut (pujian?),1.0
user_4432111b4204,user,8,lain,1.0
user_44328815708b,user,11,lain,1.0
user_4436c915668f,user,5,takut (pujian?),2.0
user_4441aa3ce0e8,user,11,lain,1.0
user_4444db323964,user,11,lain,1.0
user_4444eacc1622,user,3,lain,1.0
user_4445bdb76c51,user,1,lain,1.0
user_4447d57bfc64,user,1,lain,1.0
user_4448d2ef954a,user,1,takut (pujian?),1.0
user_44567e8bfd8c,user,7,lain,1.0
user_445fdf686703,user,3,lain,1.0
user_4473d29efe74,user,6,lain,1.0
user_44768421abf3,user,2,lain,1.0
user_4478a3d09be5,user,6,lain,2.0
user_4484c03efabf,user,11,lain,1.0
user_44a1595f09dc,user,1,lain,1.0
user_44b0f79319cf,user,5,lain,1.0
user_44d47a87b612,user,3,lain,1.0
user_44d8dc15d828,user,12,lain,1.0
user_44e247cd65e9,user,1,takut (pujian?),1.0
user_44e704043a16,user,1,lain,1.0
user_44f9dd9c5955,user,1,niat menonton,1.0
user_4516e634b915,user,2,lain,1.0
user_451c230d1e09,user,6,lain,1.0
user_452624367979,user,12,lain,1.0
user_452c29ddd43e,user,1,niat menonton,1.0
user_4535fd825a78,user,5,niat menonton,1.0
user_45781b472d05,user,1,lain,1.0
user_458a68fc810b,user,1,lain,1.0
user_4596b94aebb4,user,3,lain,1.0
user_4599a2eb102e,user,1,niat menonton,1.0
user_45a1b5aa62df,user,2,lain,1.0
user_45abc45a520a,user,1,takut (pujian?),1.0
user_45b990873b07,user,8,lain,1.0
user_45d3ed8ad87d,user,8,lain,1.0
user_45dc440b2689,user,2,lain,1.0
user_4608e831e158,user,3,lain,1.0
user_460d647a5bed,user,2,lain,1.0
user_4619d793b997,user,10,lain,1.0
user_461c4f70fce7,user,2,lain,2.0
user_462c59dc734f,user,2,lain,1.0
user_4636ad7803c1,user,3,lain,1.0
user_463ad424ea0d,user,6,lain,1.0
user_465b1a753627,user,2,lain,2.0
user_465fa1a40e6a,user,6,lain,1.0
user_46613958cfe1,user,10,lain,1.0
user_466e02d1cf9d,user,10,lain,1.0
user_4676061bed05,user,6,lain,1.0
user_467784288676,user,6,lain,1.0
user_4677a51bea9b,user,9,lain,1.0
user_468100d06aa7,user,8,lain,1.0
user_468196b3fbf6,user,6,lain,1.0
user_468b2b48b485,user,3,lain,1.0
user_468e13e91f6d,user,6,lain,1.0
user_46937201be43,user,6,lain,1.0
user_46ad71d67f9d,user,5,lain,1.0
user_46b5229864a2,user,1,lain,1.0
user_46c3957bc5b4,user,2,lain,1.0
user_46c83a7b06ff,user,4,niat menonton,1.0
user_46ca319dec9d,user,5,lain,1.0
user_46d1be9f645c,user,11,lain,1.0
user_46d22540b3fc,user,12,lain,1.0
user_46e4d82e28c9,user,5,takut (pujian?),1.0
user_46ed250b4d78,user,6,lain,1.0
user_4708aa14eb6d,user,6,lain,1.0
user_4712951e8583,user,4,lain,1.0
user_47157c5115f6,user,7,lain,1.0
user_471ef676afd9,user,2,lain,1.0
user_473b030f3b37,user,2,lain,1.0
user_474195751fbd,user,3,lain,1.0
user_474238e283e5,user,1,lain,1.0
user_4754ffe077e9,user,4,lain,1.0
user_4768dd950dbe,user,1,lain,1.0
user_476c2cd11597,user,10,lain,2.0
user_477340c30985,user,6,lain,1.0
user_4779b1c77424,user,1,takut (pujian?),1.0
user_47868ba47af7,user,1,lain,1.0
user_4788c9609196,user,9,lain,1.0
user_479e98725764,user,8,lain,1.0
user_47a58b85192c,user,3,lain,1.0
user_47b1a8c766d4,user,7,lain,1.0
user_47c51702cf99,user,1,lain,1.0
user_47d51e4f1433,user,1,lain,1.0
user_47e2245739a6,user,8,lain,1.0
user_47e55e231810,user,12,lain,1.0
user_47f74f1c1b05,user,3,lain,1.0
user_4810c0170d6b,user,9,lain,1.0
user_4815cdb58dca,user,2,lain,1.0
user_481990b3da73,user,4,lain,1.0
user_482938952cd7,user,3,takut (pujian?),1.0
user_483026af7e6a,user,1,lain,3.0
user_4833030bba5e,user,1,lain,1.0
user_48345d358c59,user,3,lain,1.0
user_484fa9c4b3c1,user,1,lain,1.0
user_485259ea92ff,user,12,lain,1.0
user_48570decc728,user,3,lain,1.0
user_4857ecd0220d,user,7,takut (pujian?),1.0
user_4859b207321a,user,4,lain,1.0
user_48819c4558b2,user,1,takut (pujian?),1.0
user_488c943b7d45,user,7,lain,1.0
user_4899b0d68c89,user,1,niat menonton,1.0
user_48c2c9fa96ec,user,1,lain,1.0
user_48cdd21a27cc,user,4,takut (pujian?),1.0
user_48d21179fda6,user,4,takut (pujian?),1.0
user_48e93149d977,user,6,lain,1.0
user_48efa894c08b,user,4,lain,1.0
user_48f59f7ed717,user,8,lain,1.0
user_4903bb19f4fb,user,2,lain,1.0
user_4926c109d270,user,8,lain,1.0
user_493d8f787b51,user,3,takut (pujian?),1.0
user_4947fc03f6a8,user,7,lain,1.0
user_496127dacfc5,user,3,lain,1.0
user_4963867a9125,user,8,lain,1.0
user_49bac834e798,user,8,lain,1.0
user_49c36668337c,user,4,takut (pujian?),1.0
user_49cd721750ac,user,2,lain,1.0
user_49cecbaab718,user,6,lain,1.0
user_49cf172decff,user,9,lain,1.0
user_49d4245f233c,user,4,lain,1.0
user_49fb182c0653,user,4,lain,1.0
user_4a0fdc66e231,user,1,lain,1.0
user_4a11b0ad883a,user,2,takut (pujian?),1.0
user_4a13fde72f1b,user,1,lain,1.0
user_4a249fdb18ba,user,4,lain,1.0
user_4a25d9bc77d7,user,8,lain,1.0
user_4a28424eadfd,user,2,lain,1.0
user_4a2894117d30,user,5,lain,1.0
user_4a2c60d2a161,user,2,lain,2.0
user_4a3d58be8d30,user,1,takut (pujian?),1.0
user_4a437588bf68,user,2,takut (pujian?),1.0
user_4a490f39de27,user,6,takut (pujian?),1.0
user_4a5d04a57d1e,user,2,lain,1.0
user_4a6254c72b12,user,6,lain,1.0
user_4a6a1486c03f,user,9,lain,1.0
user_4a73095d668d,user,2,lain,1.0
user_4a7609a147aa,user,2,lain,1.0
user_4a7c0026ae47,user,1,lain,1.0
user_4a84ce13c59f,user,4,takut (pujian?),1.0
user_4a85f4e787ee,user,10,takut (pujian?),1.0
user_4a8fad935ece,user,3,lain,1.0
user_4aa98cc1a4f6,user,1,lain,1.0
user_4aafd276e29d,user,6,lain,1.0
user_4ab0599d4297,user,1,lain,1.0
user_4ab864632583,user,4,takut (pujian?),1.0
user_4ad3faac6a03,user,4,lain,1.0
user_4aea2a26d141,user,9,lain,1.0
user_4af1bd219b4d,user,4,lain,1.0
user_4b02029a2967,user,5,lain,1.0
user_4b03ed9d01a8,user,6,lain,1.0
user_4b03f2ff5aa6,user,7,lain,1.0
user_4b1c1115415d,user,1,lain,1.0
user_4b35546e5748,user,1,lain,1.0
user_4b36c193e0e3,user,2,niat menonton,1.0
user_4b38eec222af,user,1,lain,1.0
user_4b396e2c580d,user,9,lain,5.0
user_4b463b892189,user,8,lain,1.0
user_4b54d21c1416,user,3,lain,1.0
user_4b5a4d804530,user,2,lain,1.0
user_4b73d1ea0196,user,8,lain,1.0
user_4b76d62ea4d1,user,5,lain,1.0
user_4b7d675cdfe7,user,7,lain,1.0
user_4b8613a99ced,user,1,lain,1.0
user_4b8fe1dbf009,user,8,lain,1.0
user_4bae2c0df63f,user,5,niat menonton,1.0
user_4bba6bac2aa6,user,1,lain,1.0
user_4bc8dcb253a0,user,2,lain,1.0
user_4bcc9f1c77cb,user,2,lain,1.0
user_4bd185ae8aab,user,3,niat menonton,1.0
user_4bdb212201f7,user,1,lain,1.0
user_4c05161cddda,user,5,lain,1.0
user_4c1743c64588,user,6,lain,1.0
user_4c17f2c077c5,user,9,lain,1.0
user_4c1e8683b3c9,user,1,lain,1.0
user_4c1fcf96609b,user,3,lain,1.0
user_4c587e8d1b00,user,11,lain,1.0
user_4c603503f205,user,6,lain,1.0
user_4c698d280c8b,user,8,lain,1.0
user_4c71d81dfff4,user,3,lain,1.0
user_4c74d4a6213a,user,1,lain,1.0
user_4c7a8dcd9191,user,2,lain,1.0
user_4c7e759bee89,user,2,lain,1.0
user_4c7f6a9a4827,user,2,lain,1.0
user_4ca53e5e5d99,user,3,lain,1.0
user_4cb3b764d03c,user,1,lain,1.0
user_4cb4d9fe4925,user,7,niat menonton,1.0
user_4cb778a4c9b8,user,7,lain,1.0
user_4cc2d2d242d4,user,8,lain,2.0
user_4ccd93475215,user,1,takut (pujian?),1.0
user_4cde91ad71f3,user,2,lain,1.0
user_4ce892c3d68b,user,2,lain,1.0
user_4d08e62e02a1,user,8,lain,1.0
user_4d2b6098f12c,user,2,lain,1.0
user_4d35cf2acd6a,user,6,niat menonton,1.0
user_4d3ac504338e,user,3,lain,1.0
user_4d4ddf683e1b,user,8,lain,1.0
user_4d5035129bb7,user,7,lain,1.0
user_4d53e111ce76,user,1,takut (pujian?),1.0
user_4d55e0e6ec57,user,2,lain,2.0
user_4d580bce004c,user,4,lain,1.0
user_4d658e9d6ded,user,9,lain,1.0
user_4d6a5b1d3b04,user,7,lain,1.0
user_4d6ce51cfbe3,user,7,lain,1.0
user_4d80bbae879f,user,5,lain,1.0
user_4d8601cfc67a,user,3,lain,1.0
user_4d8afca62e95,user,4,lain,1.0
user_4d9a9a5dd95a,user,5,lain,1.0
user_4dce0d4bab2e,user,1,lain,1.0
user_4dce0ddd50b4,user,1,lain,1.0
user_4ddaa0ae3c04,user,3,lain,1.0
user_4ddf7e93a765,user,2,niat menonton,1.0
user_4de1c0fb9407,user,1,takut (pujian?),1.0
user_4defc504ad3f,user,3,lain,1.0
user_4df5bb5c3bd2,user,11,lain,1.0
user_4e09f2379564,user,2,lain,1.0
user_4e1ee49c1698,user,12,lain,1.0
user_4e255b808e51,user,6,lain,1.0
user_4e38240de2df,user,1,takut (pujian?),1.0
user_4e4eca7e19ff,user,3,lain,1.0
user_4e576c046c33,user,7,lain,1.0
user_4e6791d354f7,user,5,lain,1.0
user_4e84db2b5b73,user,1,lain,1.0
user_4e8a50fc83f6,user,1,lain,1.0
user_4e8c3fc03f4f,user,5,lain,1.0
user_4e8ff268cea1,user,1,niat menonton,1.0
user_4e96aeb58164,user,3,niat menonton,1.0
user_4e99f9a58c66,user,1,niat menonton,1.0
user_4eb478b099e9,user,2,lain,1.0
user_4ed65e288155,user,11,lain,1.0
user_4ed6815e5e1f,user,3,lain,1.0
user_4ed75df2d4db,user,2,lain,1.0
user_4ee224b88f26,user,7,lain,1.0
user_4ee59681fba5,user,2,takut (pujian?),1.0
user_4ef9ba7712e4,user,1,lain,2.0
user_4efad7fb89d5,user,4,lain,1.0
user_4f01a9309009,user,1,niat menonton,1.0
user_4f02fbb93563,user,5,takut (pujian?),1.0
user_4f057ba2deef,user,10,lain,1.0
user_4f10f63b0931,user,7,takut (pujian?),1.0
user_4f1b01c490d0,user,4,lain,1.0
user_4f22f90a7359,user,7,niat menonton,1.0
user_4f2b77c03661,user,1,lain,1.0
user_4f31263b63e5,user,3,lain,1.0
user_4f3b99a8f207,user,5,lain,1.0
user_4f3e228f4ace,user,8,takut (pujian?),1.0
user_4f54c094e941,user,2,lain,1.0
user_4f5d7f3d3611,user,11,lain,1.0
user_4f6f52c02a8e,user,10,lain,1.0
user_4f6fd94b62cd,user,5,lain,2.0
user_4f7249863c27,user,1,lain,1.0
user_4f749a01b43b,user,10,niat menonton,4.0
user_4f853007fcf1,user,1,lain,1.0
user_4f860f857817,user,13,lain,1.0
user_4fa1eadbe9c2,user,1,lain,1.0
user_4facbd650114,user,1,lain,1.0
user_4fb88cb69287,user,5,lain,1.0
user_4fc618327611,user,1,lain,1.0
user_4fd12694f347,user,11,lain,1.0
user_4fd1b7d7c848,user,1,lain,1.0
user_500ba8ed558c,user,6,lain,1.0
user_500dd4299793,user,7,lain,1.0
user_502b5b98cb9b,user,3,lain,1.0
user_50341838f189,user,1,lain,1.0
user_5037547dc1cb,user,7,lain,1.0
user_504d3938b8ce,user,5,lain,1.0
user_505410de02ba,user,11,lain,1.0
user_505a558c70a7,user,2,lain,1.0
user_5066beb6f3a3,user,1,lain,1.0
user_506c06fff2f8,user,10,lain,1.0
user_506e2a70f2f3,user,7,lain,1.0
user_50778d991e55,user,7,lain,1.0
user_508cab8766cd,user,5,lain,1.0
user_509d462c04e7,user,3,lain,1.0
user_50a803761d6e,user,10,lain,1.0
user_50c23b1ae0b4,user,4,takut (pujian?),1.0
user_50d7db46fcb5,user,5,lain,1.0
user_50dd9f792189,user,12,lain,1.0
user_50e4b917da5d,user,2,lain,1.0
user_50ec8b106f1c,user,2,lain,1.0
user_50f3168dd5f9,user,4,lain,1.0
user_50f450ab5d53,user,3,lain,1.0
user_510a3cbdfdce,user,1,lain,1.0
user_51103ab1864c,user,12,takut (pujian?),1.0
user_5114ce2f4e56,user,3,lain,1.0
user_5149877cb372,user,4,lain,1.0
user_5150ccca2fb4,user,1,lain,1.0
user_51521d6eaf95,user,7,lain,1.0
user_515acb2ff0f3,user,4,lain,1.0
user_515afdc034d2,user,6,lain,1.0
user_5167c14005c3,user,1,lain,1.0
user_516dea2d3673,user,11,lain,1.0
user_5170fd342404,user,2,lain,1.0
user_517789759b7f,user,2,lain,1.0
user_5178ccad3882,user,6,lain,1.0
user_517ee08d63d3,user,3,lain,1.0
user_51810e314f10,user,9,lain,1.0
user_51895ed207f4,user,7,niat menonton,1.0
user_519245fe9e9f,user,1,takut (pujian?),1.0
user_519ca8bc17a5,user,3,lain,2.0
user_51a0e3cafce2,user,6,lain,1.0
user_51b013814ce2,user,7,takut (pujian?),1.0
user_51b15efc2f0b,user,5,lain,1.0
user_51c1a8937590,user,1,lain,1.0
user_51c41a9d1465,user,6,niat menonton,2.0
user_51d27e1a68f3,user,11,lain,1.0
user_51d82442b9b1,user,10,lain,1.0
user_51d991736330,user,4,lain,1.0
user_51e1e032f509,user,7,lain,1.0
user_51ece865c83a,user,8,lain,1.0
user_51ee00a23a07,user,5,lain,1.0
user_51ff3c0713a7,user,1,lain,1.0
user_520058155fa2,user,5,lain,1.0
user_521cd673a68d,user,1,lain,1.0
user_523f75684a4a,user,1,takut (pujian?),1.0
user_525510f86dae,user,1,lain,1.0
user_52574fda57c8,user,1,lain,1.0
user_52743b96433a,user,9,lain,2.0
user_5284499c39bf,user,8,lain,1.0
user_528961a8d09c,user,6,lain,1.0
user_5294ea1e698c,user,3,niat menonton,1.0
user_529576c1df97,user,6,lain,1.0
user_52b62521ea37,user,1,lain,1.0
user_52c96143894c,user,12,lain,1.0
user_52d007c977f1,user,2,lain,1.0
user_52d0e3842b8f,user,2,takut (pujian?),1.0
user_52e6e4bb28c0,user,1,lain,1.0
user_5309d02744bf,user,1,takut (pujian?),2.0
user_530f3bfd4186,user,3,takut (pujian?),1.0
user_5316a2c89a20,user,5,lain,1.0
user_5329de8b5453,user,6,lain,1.0
user_53325e1da46c,user,1,lain,1.0
user_53639f76acf0,user,8,lain,1.0
user_536d49f678e0,user,7,lain,2.0
user_537086b2c868,user,2,lain,1.0
user_5375a35fb8d7,user,3,lain,1.0
user_53772fd243ef,user,8,lain,1.0
user_5382bef370e2,user,5,lain,1.0
user_538f09072139,user,2,takut (pujian?),1.0
user_538f8c840739,user,2,lain,1.0
user_539442fcc112,user,6,lain,1.0
user_539483bd4d9e,user,5,niat menonton,1.0
user_5398d717555f,user,8,niat menonton,1.0
user_53997ecc3cec,user,12,lain,1.0
user_53a63234611c,user,3,lain,1.0
user_53c39a788967,user,12,lain,1.0
user_53c6bb0acc80,user,2,lain,1.0
user_53d4d90afe8d,user,3,lain,1.0
user_53db45b10ce2,user,5,lain,1.0
user_53eb2c68f254,user,5,lain,1.0
user_53fbbd0e2c00,user,8,lain,1.0
user_53fd6e5ce39e,user,2,lain,1.0
user_53fe04670abe,user,1,lain,1.0
user_540b343265ad,user,1,takut (pujian?),1.0
user_540c8a8c5bb2,user,3,lain,1.0
user_541238655d25,user,1,lain,1.0
user_542249629584,user,1,lain,1.0
user_542332b263f9,user,1,niat menonton,1.0
user_542bfced3cd1,user,11,lain,1.0
user_544649a2b84c,user,6,lain,1.0
user_544ff9d5a069,user,8,lain,2.0
user_54591e148fb9,user,1,lain,1.0
user_545981c593d7,user,1,lain,1.0
user_547c5f6e363a,user,4,lain,1.0
user_5495bab5ebd8,user,5,lain,1.0
user_549996996d8b,user,7,lain,1.0
user_5499ccd224c8,user,1,lain,1.0
user_549e67158d7a,user,7,lain,1.0
user_54cbed4eea5d,user,3,lain,1.0
user_54d20ba02ff1,user,11,lain,1.0
user_54df1fd28afe,user,8,lain,1.0
user_54e8e038d3c4,user,6,lain,1.0
user_555521e7de20,user,2,lain,1.0
user_5558a1cdfdca,user,1,niat menonton,1.0
user_556be9fca15a,user,8,lain,1.0
user_5575673f5bc2,user,1,niat menonton,1.0
user_5576324698ed,user,4,lain,1.0
user_55812d09f19f,user,8,niat menonton,1.0
user_5593fe3c89f2,user,1,lain,1.0
user_559a0a87ba3d,user,4,lain,1.0
user_559bfe2443ae,user,4,lain,1.0
user_55a1a4bddf09,user,12,lain,1.0
user_55a2b634935a,user,8,lain,1.0
user_55bd45489562,user,1,lain,1.0
user_55c28e65a3e8,user,11,lain,1.0
user_55c3ab198ace,user,2,lain,1.0
user_55d58dbe8f22,user,8,lain,1.0
user_55dd827278a5,user,3,lain,1.0
user_55e91c088b75,user,2,lain,1.0
user_55ec6c65bcc0,user,4,lain,1.0
user_55f4c757e98a,user,7,lain,1.0
user_55fcd5be70a2,user,1,niat menonton,1.0
user_5606f631d87a,user,4,lain,2.0
user_560cb2574a1e,user,2,lain,1.0
user_56268b3a4dcd,user,12,lain,2.0
user_5637cb516738,user,1,lain,2.0
user_5645040798e7,user,3,lain,1.0
user_565df3733dda,user,7,lain,1.0
user_566a4decc15d,user,10,takut (pujian?),1.0
user_567e3e9a3f2e,user,1,lain,1.0
user_5682edf3dff6,user,1,niat menonton,1.0
user_5686501d7b48,user,4,lain,1.0
user_5687a1b707ec,user,6,takut (pujian?),1.0
user_568c9c1c7f47,user,12,lain,1.0
user_56aa3507402e,user,1,lain,1.0
user_56d92d44d658,user,4,lain,1.0
user_56db94c28110,user,2,lain,1.0
user_56e22f4ac8bb,user,11,lain,1.0
user_56e5b1f445c4,user,7,lain,1.0
user_56edc7cad3a7,user,6,lain,1.0
user_56f2426c0408,user,6,lain,1.0
user_56fb26441f47,user,6,lain,1.0
user_57046dabb0f4,user,2,lain,1.0
user_5705b3c68473,user,7,lain,1.0
user_5710d8654b16,user,8,lain,1.0
user_57133a5e694e,user,5,lain,1.0
user_5727b8eeed9a,user,6,niat menonton,1.0
user_5728ca7417b3,user,1,lain,1.0
user_572ae5831214,user,2,takut (pujian?),1.0
user_57380cb60598,user,1,lain,1.0
user_57420371dcd2,user,3,lain,1.0
user_57459980e5d8,user,4,takut (pujian?),1.0
user_57474d8506fb,user,1,lain,1.0
user_5747ad659077,user,2,lain,1.0
user_574a38cb8b91,user,5,lain,1.0
user_5767461b92ad,user,1,takut (pujian?),1.0
user_576b5508ace7,user,4,lain,2.0
user_5772977ac2ad,user,7,lain,1.0
user_57a25c5cf09d,user,1,lain,1.0
user_57ab0c569606,user,8,lain,1.0
user_57c477fda95e,user,1,lain,1.0
user_57d22d7cfee4,user,3,takut (pujian?),1.0
user_57d97bbb7ccb,user,9,lain,1.0
user_57e6613758e0,user,7,lain,1.0
user_57eed987e8ed,user,1,lain,1.0
user_57f4a668c552,user,2,lain,1.0
user_58177eb7b2b8,user,7,lain,1.0
user_5827c3a50d6c,user,10,lain,1.0
user_582ef589b277,user,5,niat menonton,2.0
user_583d55c59ff9,user,3,takut (pujian?),1.0
user_583eda6f855a,user,2,lain,1.0
user_584176fdff4d,user,8,takut (pujian?),1.0
user_5844596bc90c,user,4,lain,1.0
user_585191d7bbeb,user,3,niat menonton,1.0
user_585fa97ccf9a,user,2,niat menonton,2.0
user_5869645eecfb,user,10,lain,1.0
user_586a6a43aca9,user,11,lain,1.0
user_58c51fe2e19c,user,5,lain,1.0
user_58c7d4dc1fef,user,1,lain,1.0
user_58c8304f371b,user,10,lain,1.0
user_58da38c4f2d5,user,5,lain,2.0
user_58eab6de1c4c,user,2,lain,1.0
user_58f6097b47a8,user,7,lain,1.0
user_5923d303c8b8,user,1,lain,1.0
user_5925e9e90966,user,1,lain,1.0
user_5928140dc98b,user,5,lain,1.0
user_592c79c8a087,user,7,lain,1.0
user_5946fdab899e,user,3,lain,1.0
user_5966c562c722,user,4,lain,1.0
user_598251b536c8,user,10,takut (pujian?),1.0
user_59857ec4764c,user,3,lain,1.0
user_599dd485aef9,user,4,lain,1.0
user_599ddf90d66e,user,2,lain,1.0
user_59a524ae45be,user,4,takut (pujian?),1.0
user_59c7bc876697,user,1,lain,1.0
user_59cb918cddc6,user,8,lain,1.0
user_59dab9af5abb,user,1,takut (pujian?),1.0
user_59e083a4a8ff,user,2,lain,1.0
user_59e0bb9a3a95,user,6,lain,1.0
user_59eed5d88261,user,1,lain,1.0
user_5a081b619680,user,8,lain,1.0
user_5a17313ee5ee,user,1,lain,1.0
user_5a1e3ab5c42e,user,1,lain,1.0
user_5a1f330e7485,user,4,takut (pujian?),1.0
user_5a278646cb11,user,1,lain,2.0
user_5a2c0f796be5,user,2,lain,1.0
user_5a35c738c243,user,5,lain,1.0
user_5a3b0294bd66,user,8,lain,1.0
user_5a56df8e4bf5,user,8,lain,1.0
user_5a5707693961,user,1,niat menonton,1.0
user_5a7be0e2b51d,user,1,lain,1.0
user_5a8f02ea92d9,user,2,takut (pujian?),1.0
user_5a90700fb438,user,5,takut (pujian?),1.0
user_5aa7856ed172,user,3,takut (pujian?),1.0
user_5aa99ba18226,user,1,lain,1.0
user_5ac1742ab573,user,3,lain,1.0
user_5ac9d68797d7,user,6,takut (pujian?),1.0
user_5acfa635b982,user,9,takut (pujian?),1.0
user_5ad76502a78f,user,1,lain,1.0
user_5ad8f5140406,user,5,takut (pujian?),1.0
user_5ae081d27351,user,8,lain,1.0
user_5ae6f408430c,user,9,lain,1.0
user_5b009862ee12,user,2,lain,1.0
user_5b12834b790d,user,1,lain,1.0
user_5b151e54bd55,user,2,lain,1.0
user_5b1955d71550,user,4,lain,1.0
user_5b1a4282321f,user,1,lain,3.0
user_5b1a9e7d1d95,user,1,niat menonton,1.0
user_5b2311272249,user,3,lain,1.0
user_5b247b0725e4,user,2,lain,1.0
user_5b2b3e4148fa,user,5,lain,1.0
user_5b5720488b98,user,6,lain,1.0
user_5b6478cbfe83,user,11,lain,1.0
user_5b6d05f62f50,user,11,lain,1.0
user_5b7ce1499b0a,user,6,lain,1.0
user_5b849778a530,user,2,lain,1.0
user_5bb33b483d07,user,10,takut (pujian?),1.0
user_5bbec1bdcb09,user,4,lain,1.0
user_5bc473769844,user,2,lain,1.0
user_5bc4f745d132,user,7,lain,3.0
user_5bc8ccbc7ce1,user,12,lain,1.0
user_5bd1f72e3add,user,12,takut (pujian?),3.0
user_5bdde610b824,user,10,lain,1.0
user_5bf5adee8335,user,4,lain,1.0
user_5c0095289b6d,user,1,takut (pujian?),1.0
user_5c0a188d279e,user,2,lain,1.0
user_5c0bcdfe9e55,user,3,lain,1.0
user_5c22f57b17af,user,2,lain,1.0
user_5c243742a5e5,user,2,niat menonton,1.0
user_5c244638015c,user,5,niat menonton,1.0
user_5c3792c04931,user,1,lain,1.0
user_5c3db6d8bd90,user,9,lain,1.0
user_5c3e0d5e099f,user,3,niat menonton,1.0
user_5c40a5aa84e8,user,10,lain,1.0
user_5c4bd0f01405,user,6,lain,1.0
user_5c66d07c45f8,user,9,lain,1.0
user_5c6c2d118f69,user,10,takut (pujian?),1.0
user_5c7c03518d7e,user,2,lain,1.0
user_5c7d9027ec90,user,6,lain,1.0
user_5c813d9a1045,user,4,lain,1.0
user_5c84560db54a,user,1,lain,1.0
user_5c8692817c62,user,1,lain,1.0
user_5c8d3ee37938,user,1,niat menonton,1.0
user_5c8ec8610038,user,2,lain,1.0
user_5c924c5605ea,user,1,lain,1.0
user_5ca817c1fd37,user,1,takut (pujian?),1.0
user_5cb6d51ebf5b,user,3,takut (pujian?),1.0
user_5cbbaa4f7aee,user,4,lain,1.0
user_5cca75e17d13,user,12,lain,1.0
user_5ccac704008f,user,8,lain,1.0
user_5ccce1561927,user,4,lain,1.0
user_5cd71b7cde5c,user,6,lain,1.0
user_5cd872174a81,user,4,lain,1.0
user_5cdd4eeaeec5,user,1,lain,1.0
user_5cec671a5ef0,user,5,lain,1.0
user_5cf3914a4ea1,user,1,niat menonton,1.0
user_5cf5ff287790,user,12,lain,1.0
user_5d00179383ef,user,1,lain,1.0
user_5d00e81450f0,user,1,lain,1.0
user_5d11a46ee0a0,user,7,lain,1.0
user_5d22694c9b21,user,10,niat menonton,1.0
user_5d2380ad4e39,user,2,lain,1.0
user_5d26a54f36b5,user,1,takut (pujian?),1.0
user_5d2747201485,user,2,takut (pujian?),1.0
user_5d2c3deb8b93,user,1,lain,1.0
user_5d2e014d837c,user,7,lain,1.0
user_5d397042a6f5,user,2,lain,1.0
user_5d3debf2fbd5,user,1,niat menonton,1.0
user_5d472f7990c4,user,2,niat menonton,2.0
user_5d508229c9ff,user,5,lain,1.0
user_5d52fd1be423,user,12,lain,1.0
user_5d6f355df743,user,1,lain,1.0
user_5d7449fd4c6c,user,1,lain,1.0
user_5d76042cf236,user,2,lain,1.0
user_5da445d8471e,user,6,lain,2.0
user_5db19422b0f2,user,5,lain,2.0
user_5dc5b92722e8,user,12,lain,1.0
user_5dc632e09065,user,4,takut (pujian?),1.0
user_5dd119c7b46a,user,1,lain,1.0
user_5dd9c775aa7b,user,5,lain,1.0
user_5ddb988b1619,user,3,lain,1.0
user_5dea51a2d36f,user,5,lain,1.0
user_5df75db2b07a,user,2,lain,1.0
user_5dfd4bdb373d,user,8,lain,1.0
user_5e13225a9a79,user,2,lain,1.0
user_5e2310e2256f,user,2,niat menonton,1.0
user_5e3c697f432a,user,1,takut (pujian?),1.0
user_5e4bb4ce2831,user,7,lain,1.0
user_5e5957a86dd4,user,1,lain,1.0
user_5e83a78b6be5,user,2,lain,1.0
user_5e89271b4279,user,8,lain,1.0
user_5e916a277425,user,11,lain,1.0
user_5eb4b7668334,user,10,lain,1.0
user_5ebae83671ac,user,1,lain,1.0
user_5ec671fc4b73,user,7,lain,1.0
user_5ec8663220a2,user,2,lain,1.0
user_5ecc9ca83400,user,8,lain,1.0
user_5ece9c3c37b7,user,6,lain,1.0
user_5ed1ec38e5af,user,8,lain,1.0
user_5eef6b300cbd,user,10,lain,1.0
user_5f005785681b,user,1,lain,1.0
user_5f0f2e60d539,user,1,takut (pujian?),1.0
user_5f11260dcedb,user,5,lain,1.0
user_5f1edab6cfa0,user,2,lain,1.0
user_5f48abd41036,user,1,lain,1.0
user_5f55297fb1b6,user,12,takut (pujian?),1.0
user_5f5e05f840ec,user,11,lain,1.0
user_5f61826a38c0,user,8,lain,1.0
user_5f62b1ae2d89,user,7,lain,1.0
user_5f77c6061de2,user,3,lain,1.0
user_5f82acf8e464,user,7,lain,1.0
user_5f853fedbc4b,user,10,lain,1.0
user_5f8e13f65735,user,4,lain,1.0
user_5f90ba007357,user,1,lain,1.0
user_5fa3c2bbb67a,user,9,lain,1.0
user_5fa5ca25f306,user,2,lain,1.0
user_5fadb5211086,user,3,lain,1.0
user_5fb1cf4d43ef,user,9,lain,1.0
user_5fb88e1ce01b,user,3,lain,1.0
user_5fc683ce3746,user,2,takut (pujian?),1.0
user_5fde2aa8ad30,user,8,takut (pujian?),1.0
user_5fded5352e1a,user,1,lain,1.0
user_5fe5b644cdf7,user,2,lain,2.0
user_5fe8fb4b85e1,user,9,lain,1.0
user_5feaf9c6077b,user,7,takut (pujian?),1.0
user_5fef5818da34,user,12,lain,1.0
user_5ff427d65a91,user,2,lain,2.0
user_5ff48899f6ad,user,1,takut (pujian?),1.0
user_5ffb8473bb81,user,5,lain,2.0
user_5ffee9c07144,user,11,lain,1.0
user_60007721194b,user,1,lain,1.0
user_60072af0123e,user,6,lain,1.0
user_6009a41c9f88,user,11,lain,1.0
user_60145e17eb72,user,1,lain,1.0
user_601ab6eb952f,user,8,lain,1.0
user_6025afa5271d,user,1,lain,1.0
user_60317424cc3c,user,7,lain,1.0
user_6041ce27a714,user,1,lain,1.0
user_6049e1bbea0e,user,1,lain,1.0
user_6051ce6abee6,user,11,lain,1.0
user_6051d1fbd20a,user,11,lain,1.0
user_6054a328cb27,user,4,lain,1.0
user_60564316e7cb,user,3,takut (pujian?),1.0
user_605f3098be6b,user,1,lain,1.0
user_60618e859d4a,user,1,lain,1.0
user_6072dc128f90,user,1,takut (pujian?),1.0
user_60758bc52b65,user,3,lain,1.0
user_609ca1ac0f98,user,1,lain,1.0
user_60a055bd36be,user,11,lain,1.0
user_60a30e40fda9,user,3,lain,1.0
user_60b0f719e8dd,user,5,niat menonton,1.0
user_60b41213fa44,user,5,lain,1.0
user_60bf7e62ed7f,user,1,lain,1.0
user_60c0b2c58277,user,3,lain,1.0
user_60d03efaf461,user,7,takut (pujian?),1.0
user_60d3aa1f8e13,user,1,takut (pujian?),1.0
user_60db05605753,user,3,takut (pujian?),1.0
user_60e058b1e5e9,user,12,lain,1.0
user_60e5df13ea10,user,1,lain,1.0
user_60f5b13d3cec,user,2,lain,1.0
user_61003d3f42e4,user,2,lain,1.0
user_6102aa31b17e,user,10,lain,1.0
user_6110b4657ece,user,6,niat menonton,1.0
user_61224bd1fb94,user,2,lain,1.0
user_613f31e58333,user,2,lain,1.0
user_615faca752e9,user,1,lain,1.0
user_616141094b86,user,1,lain,1.0
user_6167ddb39fd5,user,7,lain,1.0
user_616970b577e9,user,3,lain,1.0
user_616fe0452378,user,1,lain,1.0
user_6176a1804dca,user,7,lain,1.0
user_617715fdb668,user,4,takut (pujian?),1.0
user_617e382fe484,user,1,lain,1.0
user_6196cba6a77a,user,10,lain,1.0
user_61a454e21252,user,2,lain,1.0
user_61b3e28d8d7e,user,2,lain,1.0
user_61b858cc7eda,user,8,lain,1.0
user_61c8df333a2c,user,1,takut (pujian?),1.0
user_61c94d4a757d,user,1,lain,1.0
user_61cbdc4bf309,user,5,lain,1.0
user_61d57f31f67c,user,9,lain,1.0
user_6206e1c30c79,user,6,takut (pujian?),1.0
user_620a69542693,user,3,niat menonton,1.0
user_620b40a0bc17,user,2,lain,1.0
user_622416da15e7,user,2,lain,1.0
user_622c0ba8613e,user,6,lain,1.0
user_6241836dd066,user,8,niat menonton,1.0
user_6250db44214f,user,3,lain,1.0
user_6265d5cde931,user,6,takut (pujian?),1.0
user_626fea6197e4,user,1,lain,1.0
user_626ffcade442,user,5,lain,1.0
user_627eb10a9d71,user,4,lain,1.0
user_62848a14b36f,user,3,niat menonton,1.0
user_62958d4e38a0,user,8,lain,1.0
user_62a180587910,user,8,lain,1.0
user_62a51e53c834,user,1,lain,1.0
user_62bce7ba7e55,user,2,lain,1.0
user_62cb9e44d99f,user,3,lain,1.0
user_62cec84bb247,user,1,lain,1.0
user_62d6910a8feb,user,7,lain,1.0
user_62de5eaa862e,user,1,lain,1.0
user_62e668c12e11,user,3,lain,1.0
user_62f898d3c073,user,2,lain,1.0
user_62fc302be3fd,user,5,lain,1.0
user_6318e9180c13,user,1,lain,1.0
user_632fcc126677,user,5,takut (pujian?),1.0
user_63331fc03ef5,user,1,niat menonton,1.0
user_634d287c798e,user,1,lain,1.0
user_635532b89799,user,2,lain,1.0
user_635b40d7c5e2,user,11,takut (pujian?),1.0
user_636b4d1d9285,user,1,lain,1.0
user_637ed274a632,user,6,lain,1.0
user_637f4b9eba49,user,6,lain,1.0
user_638c713e7902,user,13,niat menonton,1.0
user_639172f51dea,user,2,takut (pujian?),1.0
user_6399ebd00eda,user,5,lain,1.0
user_63a4c593a9dd,user,1,lain,1.0
user_63a5ff487a73,user,1,lain,1.0
user_63b0ddd431f8,user,3,lain,1.0
user_63b9aaf6610b,user,2,lain,1.0
user_63c222849d26,user,9,lain,1.0
user_63e636c71012,user,3,lain,1.0
user_63ecd7a57193,user,7,lain,1.0
user_63edf1cbe6e9,user,3,takut (pujian?),1.0
user_63ee60552ec3,user,8,lain,1.0
user_63f00b43348e,user,2,niat menonton,1.0
user_63fbe579dd03,user,1,lain,1.0
user_63fe85dde909,user,2,lain,1.0
user_6402ad9b9881,user,5,lain,1.0
user_6403b07e64ca,user,9,niat menonton,3.0
user_64062036bdeb,user,13,lain,1.0
user_640fe42616f6,user,1,takut (pujian?),1.0
user_641059feff12,user,7,lain,1.0
user_641c2979adf4,user,8,lain,1.0
user_641da076b6fa,user,1,takut (pujian?),1.0
user_641e64e2ab80,user,2,lain,1.0
user_64240a8fc14d,user,3,takut (pujian?),1.0
user_6441fbcc3e92,user,2,lain,1.0
user_64489d1d4444,user,4,lain,1.0
user_645089f3a80a,user,7,lain,1.0
user_646025ccf084,user,1,lain,1.0
user_6460d2ba73c1,user,1,lain,1.0
user_646b212a833d,user,2,lain,1.0
user_647ef896cfb7,user,3,niat menonton,1.0
user_6483f6e94855,user,3,niat menonton,1.0
user_648f3d7770b7,user,7,lain,1.0
user_6495077b7e14,user,2,lain,1.0
user_64964b296c65,user,1,lain,1.0
user_649c6d471164,user,8,lain,1.0
user_649dc1600384,user,1,lain,1.0
user_64be548a71a1,user,5,lain,1.0
user_64da8ac0d86f,user,5,lain,1.0
user_64dacc1dbf09,user,1,lain,1.0
user_64e04a759e82,user,2,lain,1.0
user_64e955f89e3c,user,3,lain,1.0
user_64f4a13b47e8,user,10,lain,1.0
user_65021fa21474,user,3,lain,1.0
user_6517ffd5ebc6,user,9,lain,1.0
user_651b110ca9b6,user,1,lain,1.0
user_65322b6f638b,user,8,lain,1.0
user_6536843eba3e,user,6,lain,1.0
user_653907c35ef0,user,1,niat menonton,1.0
user_653e4c00ecd8,user,5,lain,1.0
user_654ef677f72e,user,8,lain,1.0
user_655931b38192,user,12,lain,1.0
user_65737d522428,user,4,lain,1.0
user_657899c68d7a,user,1,lain,1.0
user_657aff633215,user,1,lain,1.0
user_657eaa780a0f,user,8,lain,1.0
user_659454718623,user,1,lain,1.0
user_659711eb0654,user,2,lain,1.0
user_659b16ff97d9,user,4,lain,1.0
user_65a91ea9580b,user,2,lain,1.0
user_65a9fe1517cb,user,2,lain,1.0
user_65c60b730298,user,7,lain,1.0
user_65d146872f17,user,4,lain,1.0
user_65d772e0519c,user,11,lain,1.0
user_65e0b43b5f80,user,2,lain,1.0
user_65f8327c8f62,user,1,lain,1.0
user_660c2cf8a431,user,2,lain,1.0
user_6618ad335d8e,user,8,lain,1.0
user_6630585aa02d,user,8,lain,1.0
user_6633b860ac92,user,11,lain,1.0
user_6652db8a3f87,user,8,lain,3.0
user_6669ce54d7b3,user,1,lain,1.0
user_6674a5d360fe,user,2,lain,1.0
user_667685ee6393,user,5,lain,1.0
user_667abafab4df,user,1,lain,1.0
user_667e12ec061e,user,1,lain,1.0
user_668477a4aada,user,1,lain,1.0
user_668f34333a55,user,1,lain,1.0
user_6691ea9f2a8e,user,1,lain,1.0
user_6694edad867c,user,2,niat menonton,2.0
user_66a89e654f06,user,2,lain,1.0
user_66b04ee7ae83,user,8,lain,1.0
user_66b54c69a9b1,user,10,lain,1.0
user_66cb1846a080,user,3,niat menonton,1.0
user_66cf97d5c9c7,user,1,niat menonton,1.0
user_66e094b8740a,user,1,lain,1.0
user_66e2fd8a8d65,user,8,lain,1.0
user_66ec49c17bdc,user,2,lain,1.0
user_66f1fb9e1682,user,10,lain,2.0
user_66ff00abe6fa,user,8,lain,1.0
user_6701d274b5ea,user,5,lain,1.0
user_670604e75eb4,user,10,lain,1.0
user_671c7d350106,user,6,lain,1.0
user_672309485cda,user,6,lain,1.0
user_67281c607db6,user,1,niat menonton,1.0
user_672f455ca5ab,user,5,lain,1.0
user_673463dd0f84,user,1,lain,1.0
user_674f9c5298d8,user,2,lain,1.0
user_67538532f5e2,user,3,lain,1.0
user_676e425e952e,user,7,lain,1.0
user_6779e78dfec7,user,6,niat menonton,1.0
user_677f7e41d5a6,user,3,lain,1.0
user_6782269269cb,user,4,takut (pujian?),1.0
user_67883455b003,user,2,lain,1.0
user_678892180fc2,user,2,niat menonton,2.0
user_679dbfde99c5,user,3,lain,1.0
user_67a4430e5ed0,user,1,niat menonton,1.0
user_67ab733c9bf2,user,3,takut (pujian?),1.0
user_67aff7ba8075,user,8,lain,1.0
user_67c0851af6df,user,2,lain,1.0
user_67c602790a49,user,4,lain,1.0
user_67c69ba63489,user,1,lain,1.0
user_67c903fdfd41,user,10,lain,1.0
user_67d1b53e15a6,user,5,lain,1.0
user_67db34baea12,user,11,lain,1.0
user_67e06c032c3b,user,1,lain,1.0
user_67e1673d941d,user,1,lain,1.0
user_67f241110903,user,11,lain,1.0
user_67f516571d4e,user,5,niat menonton,1.0
user_67f597a70cc6,user,2,lain,1.0
user_67fdfb6da5d1,user,2,lain,1.0
user_680508b6daa2,user,3,takut (pujian?),1.0
user_6822084257ea,user,9,lain,1.0
user_6828af12bcdb,user,5,lain,1.0
user_6834d337dd68,user,8,lain,1.0
user_6839dfd9d0f9,user,11,lain,1.0
user_684ad2f8f3d9,user,11,lain,1.0
user_685328417ba9,user,1,lain,1.0
user_685a3d98db12,user,1,lain,1.0
user_68806e26f9de,user,1,lain,1.0
user_688175b1f8f1,user,12,lain,1.0
user_6881c4aa3d5f,user,7,lain,1.0
user_68a8342db326,user,2,lain,1.0
user_68ab7f9c206c,user,1,lain,1.0
user_68b5289bb4e9,user,1,lain,1.0
user_68b54ce307d7,user,6,lain,1.0
user_68b670a6c9f6,user,1,lain,1.0
user_68bffe6ab303,user,1,lain,1.0
user_68c02bc1ca15,user,1,lain,1.0
user_68c5657911d8,user,1,lain,1.0
user_68cd921b7fb0,user,4,lain,1.0
user_68d3c03d056a,user,2,lain,1.0
user_6902ec3ec76a,user,1,niat menonton,1.0
user_692e57cda862,user,11,lain,1.0
user_69434f523791,user,4,lain,1.0
user_69583b073774,user,1,niat menonton,1.0
user_6966300e8647,user,4,lain,1.0
user_696a1d263122,user,5,lain,1.0
user_696b68ed3258,user,3,lain,1.0
user_696e8d91f654,user,3,lain,1.0
user_698bfcf4f14c,user,3,lain,4.0
user_69a0e4476a5b,user,2,takut (pujian?),1.0
user_69e933df520b,user,2,lain,1.0
user_69eafb4569e0,user,5,niat menonton,1.0
user_69f0acd45463,user,6,lain,1.0
user_69f9728f043d,user,1,takut (pujian?),1.0
user_6a1399ef739c,user,1,lain,1.0
user_6a1804751878,user,9,lain,1.0
user_6a447044992d,user,3,lain,1.0
user_6a4d705d8aa0,user,1,lain,1.0
user_6a59253316b9,user,3,niat menonton,1.0
user_6a6ac11742d9,user,3,takut (pujian?),1.0
user_6a74f6ec32a5,user,12,lain,1.0
user_6a75b585c874,user,4,lain,1.0
user_6a7ff87d24a3,user,2,lain,1.0
user_6a8800f3da93,user,10,lain,1.0
user_6a99ba9a9582,user,7,takut (pujian?),1.0
user_6a9e9922dcdd,user,1,lain,1.0
user_6aaf9d3a55f2,user,11,lain,1.0
user_6ab1fab2eedb,user,1,lain,1.0
user_6ac512fd1511,user,3,lain,1.0
user_6ae837f74c09,user,1,takut (pujian?),1.0
user_6af129e27aef,user,2,lain,1.0
user_6afc8f323f66,user,1,lain,2.0
user_6b015af16ad9,user,6,lain,2.0
user_6b034cea0fda,user,3,niat menonton,1.0
user_6b03f3c88b17,user,9,niat menonton,1.0
user_6b0de0b92027,user,1,lain,1.0
user_6b0df3cab820,user,10,lain,1.0
user_6b0fb85aba79,user,1,niat menonton,1.0
user_6b1b56239e7e,user,6,lain,1.0
user_6b1fd1d81e70,user,1,lain,1.0
user_6b2b0d2339c4,user,4,lain,1.0
user_6b49f2a908c5,user,4,lain,1.0
user_6b4bb3170aa1,user,1,niat menonton,1.0
user_6b579f0afbb4,user,4,lain,1.0
user_6b5fe89829b3,user,1,lain,1.0
user_6b6288108064,user,1,lain,1.0
user_6b65857dd90e,user,1,lain,1.0
user_6b87b9abc5f3,user,7,takut (pujian?),1.0
user_6bac5462d1b2,user,10,takut (pujian?),1.0
user_6bb103d398e6,user,4,lain,1.0
user_6bb792185140,user,4,takut (pujian?),1.0
user_6bc31b1d06fc,user,1,lain,1.0
user_6bda7f01c4e7,user,10,lain,1.0
user_6bdd46d1cef7,user,6,lain,1.0
user_6be09e350001,user,2,lain,1.0
user_6c17536d8db4,user,1,lain,3.0
user_6c2f4d758d76,user,8,lain,1.0
user_6c330100d2ae,user,10,lain,1.0
user_6c4364d0cee0,user,7,lain,1.0
user_6c4a993a4754,user,2,lain,1.0
user_6c4dc76e655c,user,3,lain,1.0
user_6c6bdf2f3063,user,7,lain,1.0
user_6c7ccb24ae9c,user,9,lain,1.0
user_6c7d7a05d88c,user,2,lain,1.0
user_6c9caadf5548,user,2,lain,1.0
user_6cadb40285af,user,1,lain,1.0
user_6cea61c7db70,user,1,lain,1.0
user_6cf9aaf6158e,user,2,lain,1.0
user_6d0e30145203,user,1,lain,3.0
user_6d2832c7020f,user,11,lain,1.0
user_6d36900adcc6,user,5,takut (pujian?),1.0
user_6d4339cd6661,user,2,lain,1.0
user_6d4ce53ec1db,user,2,lain,1.0
user_6d59fa83910e,user,12,lain,1.0
user_6d67e33c4213,user,10,lain,1.0
user_6d82276720d7,user,4,lain,1.0
user_6d893538c8f5,user,7,takut (pujian?),1.0
user_6d92f7d41022,user,11,lain,1.0
user_6d98b42cb7fd,user,1,takut (pujian?),1.0
user_6d9c1b5f9001,user,12,lain,1.0
user_6da02c456dfc,user,1,lain,1.0
user_6dab4ae1f3e5,user,7,takut (pujian?),1.0
user_6dafcedef508,user,6,lain,1.0
user_6db0864071f3,user,1,takut (pujian?),1.0
user_6db2c8ed8dd5,user,2,takut (pujian?),1.0
user_6db53d6b7e7e,user,10,niat menonton,1.0
user_6db6c22e115d,user,5,lain,1.0
user_6dca86cbddd2,user,4,lain,1.0
user_6dde6209cef5,user,3,lain,1.0
user_6deb0ac48c84,user,8,lain,1.0
user_6df21e6ed10a,user,2,lain,1.0
user_6df3dd360476,user,2,niat menonton,1.0
user_6e06b10989b1,user,4,lain,1.0
user_6e1c4fb08ef5,user,2,takut (pujian?),1.0
user_6e479891c137,user,2,lain,1.0
user_6e591dae8606,user,11,lain,1.0
user_6e5f1a96d5fc,user,4,lain,1.0
user_6e64c1a17c9b,user,5,lain,1.0
user_6e7cab0250a5,user,2,lain,1.0
user_6e9519b4dd58,user,1,lain,1.0
user_6e9717b5a5fb,user,3,lain,1.0
user_6ea4bfa62a6f,user,5,takut (pujian?),1.0
user_6ea7b6c991e2,user,5,takut (pujian?),1.0
user_6ef15f02f00c,user,4,takut (pujian?),1.0
user_6f019e92e98f,user,12,lain,1.0
user_6f0519dd1d48,user,11,takut (pujian?),1.0
user_6f0ab3c8a780,user,1,takut (pujian?),1.0
user_6f20d8cda761,user,5,lain,1.0
user_6f27d6cbe020,user,1,takut (pujian?),1.0
user_6f29ad48a2fb,user,12,lain,1.0
user_6f3e90caf435,user,3,lain,1.0
user_6f5703cb1da4,user,1,lain,1.0
user_6f5b9ad5dcf0,user,8,lain,1.0
user_6f5ff897c5ba,user,3,lain,1.0
user_6f6779db0d3c,user,5,niat menonton,2.0
user_6f80af50138e,user,6,lain,1.0
user_6fac30fc981f,user,4,lain,1.0
user_6fb1312e3848,user,2,takut (pujian?),1.0
user_6fbc8694454a,user,3,lain,1.0
user_6fc02175d85e,user,3,lain,1.0
user_6fc3303f4355,user,1,niat menonton,1.0
user_6ff6b4a3efa7,user,12,lain,1.0
user_6ffaf3ae0c6a,user,4,takut (pujian?),1.0
user_700f1b97df31,user,2,lain,1.0
user_701d82735a85,user,7,lain,1.0
user_7034779deb48,user,5,lain,1.0
user_7046b5113322,user,1,lain,1.0
user_70559f8f86f3,user,7,lain,1.0
user_705bbef80bbf,user,5,lain,1.0
user_70700d887b58,user,2,takut (pujian?),1.0
user_7073e95381e6,user,5,lain,1.0
user_709aeb59f6d7,user,6,lain,1.0
user_709bd25fe5be,user,1,lain,1.0
user_70bd2e3e3b26,user,6,niat menonton,1.0
user_70cdb0d99834,user,1,takut (pujian?),1.0
user_70f25d6eebb1,user,2,lain,1.0
user_71194e211d3c,user,7,takut (pujian?),1.0
user_7125e5c40ce1,user,11,lain,1.0
user_71357ad22bcc,user,5,lain,1.0
user_71482f5adca9,user,3,lain,1.0
user_71611265309b,user,3,lain,1.0
user_71620b2b17c8,user,1,lain,1.0
user_716502d93578,user,6,takut (pujian?),1.0
user_71806f4e33b7,user,3,lain,1.0
user_71837deeafd2,user,8,lain,1.0
user_718dc82e707b,user,1,lain,1.0
user_71c4dc1d194b,user,2,lain,1.0
user_71c85f569101,user,4,lain,1.0
user_71c8d706ef01,user,4,lain,1.0
user_71d57a75c3d5,user,2,lain,1.0
user_71d8609e3b33,user,11,lain,1.0
user_71e10b473e78,user,2,lain,1.0
user_71f586725ec1,user,2,lain,1.0
user_71f5b62422c9,user,1,niat menonton,1.0
user_71f67f3190a0,user,3,takut (pujian?),1.0
user_71f6bf2d711b,user,9,lain,2.0
user_720366419af2,user,6,lain,1.0
user_7204f59e30e2,user,9,lain,2.0
user_720f7304b02a,user,10,lain,1.0
user_7214f0dca472,user,9,niat menonton,2.0
user_7222837534c4,user,7,takut (pujian?),1.0
user_722d2d9e5abd,user,1,niat menonton,1.0
user_723d47d6bfef,user,1,lain,3.0
user_72434577c377,user,1,lain,1.0
user_7245885cc4bc,user,8,lain,1.0
user_7246470f6590,user,12,lain,2.0
user_725c75deeae3,user,1,lain,1.0
user_72607d2e5b4b,user,4,lain,1.0
user_7262bd494333,user,11,lain,1.0
user_72639b79e907,user,2,lain,2.0
user_728e4051cbbb,user,2,lain,1.0
user_72a14e22db7b,user,1,lain,1.0
user_72b2bf246e70,user,12,lain,1.0
user_72b8ce5f0b1c,user,4,lain,1.0
user_72c8240ec2b7,user,12,lain,1.0
user_72cd8e184aaf,user,9,niat menonton,1.0
user_72eb95e2acba,user,1,takut (pujian?),1.0
user_72f6721f69f3,user,1,lain,1.0
user_72f89f823f5a,user,9,lain,1.0
user_72ffc296fe0c,user,1,niat menonton,1.0
user_7304b54603c2,user,5,lain,1.0
user_731461325f99,user,1,lain,2.0
user_7319a29a5abe,user,1,lain,1.0
user_73277eceee8d,user,2,lain,1.0
user_735823e3f36a,user,5,lain,1.0
user_7359689d5623,user,4,lain,1.0
user_735f0bf70278,user,10,lain,1.0
user_7371a17a12bc,user,10,lain,1.0
user_7372a3b1f3d9,user,6,lain,1.0
user_737f17b92d36,user,1,lain,1.0
user_739381936fdf,user,8,lain,1.0
user_73b2b4fff612,user,1,lain,2.0
user_73c331afe214,user,3,niat menonton,1.0
user_73c5186f500b,user,1,takut (pujian?),1.0
user_73c90095c331,user,1,lain,1.0
user_73d65878363b,user,3,lain,1.0
user_73dd8f21fd9b,user,1,lain,1.0
user_73de23dd4cc1,user,8,lain,1.0
user_73f432338809,user,3,lain,1.0
user_73f74fb80640,user,7,lain,2.0
user_73fa29bb628c,user,7,lain,1.0
user_740c5f15d29a,user,3,lain,1.0
user_740f481b4f5c,user,2,lain,1.0
user_741d3b8ff636,user,1,lain,1.0
user_74243e100ba3,user,8,lain,1.0
user_7429034f5c72,user,2,lain,1.0
user_7433186ccc90,user,2,takut (pujian?),2.0
user_7447c7ace6a1,user,5,takut (pujian?),1.0
user_745de15aa703,user,9,niat menonton,1.0
user_745e39acc9f4,user,2,lain,1.0
user_7472c41ccfc3,user,9,lain,1.0
user_74827bb4d25f,user,4,lain,1.0
user_748aa3f13370,user,9,lain,1.0
user_749d08e56329,user,3,niat menonton,1.0
user_749e9be71412,user,2,lain,1.0
user_74ab7e03cc08,user,10,lain,1.0
user_74ac1c0569e1,user,4,lain,1.0
user_74b2cc112fff,user,1,lain,1.0
user_74c16464e6b4,user,6,lain,2.0
user_74c3848e7493,user,2,lain,1.0
user_74c8b94098d2,user,10,takut (pujian?),1.0
user_74cbb0029fc5,user,6,lain,1.0
user_74d1a237a752,user,6,lain,1.0
user_74d616dc5bb9,user,9,lain,1.0
user_74dcce44e0a7,user,6,lain,1.0
user_74f3c6ffccbf,user,2,lain,1.0
user_74f66596772f,user,2,niat menonton,1.0
user_75054078d817,user,7,lain,1.0
user_750a79064418,user,12,lain,1.0
user_751298309f16,user,8,lain,1.0
user_7530fd37307c,user,8,lain,1.0
user_753534435c50,user,3,lain,1.0
user_753b317ab7cc,user,7,lain,1.0
user_7552c4762fa5,user,10,lain,1.0
user_756cfffd7475,user,9,lain,3.0
user_758fda914958,user,7,lain,1.0
user_759d129b840b,user,1,niat menonton,1.0
user_759d84c4c1aa,user,2,lain,1.0
user_75a206e66fac,user,1,lain,1.0
user_75a3e2c6cecb,user,4,lain,1.0
user_75ae94100c67,user,1,lain,1.0
user_75b26e7bfa1e,user,8,niat menonton,1.0
user_75b4fa62c4a9,user,6,lain,1.0
user_75b82aa84c47,user,1,lain,1.0
user_75b9219f50c4,user,2,lain,1.0
user_75c8ca997437,user,6,lain,1.0
user_75cfaf16c2b5,user,1,lain,1.0
user_75d19effe6cb,user,11,takut (pujian?),1.0
user_75ee1047a4fe,user,5,takut (pujian?),1.0
user_75f57ff924f0,user,5,lain,1.0
user_75f6b0b7d24d,user,1,lain,1.0
user_7602d7d310a4,user,8,lain,1.0
user_761057c55c52,user,2,takut (pujian?),1.0
user_76119aba8385,user,2,lain,1.0
user_7615df808308,user,2,lain,1.0
user_762f6ef8a9a7,user,1,lain,1.0
user_763044330682,user,6,lain,1.0
user_763c485ebbc0,user,2,lain,1.0
user_764274a06f0e,user,1,lain,1.0
user_76459f6f08aa,user,10,takut (pujian?),1.0
user_764f03a8de21,user,1,lain,1.0
user_76691f657599,user,1,lain,1.0
user_767082766187,user,8,lain,2.0
user_76708e8105bd,user,1,lain,1.0
user_7671a00a7584,user,3,lain,1.0
user_7685e8706b22,user,1,lain,2.0
user_768e0c302690,user,2,lain,1.0
user_7690d03b6db3,user,5,lain,1.0
user_76a59341541d,user,1,niat menonton,1.0
user_76bec06a9e29,user,10,takut (pujian?),1.0
user_76c4a4d9c939,user,7,takut (pujian?),1.0
user_76ce5a032591,user,4,lain,1.0
user_76dbf1a9dfe5,user,1,lain,1.0
user_76dd34945571,user,7,lain,1.0
user_76e4dd9d6cb1,user,4,lain,1.0
user_76f02116a894,user,2,lain,1.0
user_770a5c7df47e,user,9,lain,1.0
user_7717bab15162,user,2,lain,1.0
user_771aa5ea88e4,user,12,niat menonton,1.0
user_7724c0a433ae,user,6,lain,1.0
user_77260babc084,user,11,lain,1.0
user_77403aec69ef,user,2,niat menonton,1.0
user_7749802afd24,user,3,takut (pujian?),1.0
user_774c61dda7e2,user,1,lain,1.0
user_7759e39405be,user,12,lain,2.0
user_776d66fc15b7,user,1,lain,1.0
user_777d8e31d439,user,11,lain,1.0
user_777e1a3e6d1e,user,2,lain,1.0
user_7789061ec3af,user,1,niat menonton,1.0
user_779b0b8c45ae,user,3,lain,1.0
user_779f60b8242b,user,10,lain,1.0
user_77a7bc1eaba9,user,7,lain,1.0
user_77b4f250a563,user,4,takut (pujian?),1.0
user_77b8a8a227fe,user,1,lain,1.0
user_77ba7b306d23,user,1,lain,1.0
user_77bac9aaf245,user,4,lain,1.0
user_77bb69d6a75c,user,11,lain,1.0
user_77bf446ee012,user,10,lain,1.0
user_77c22b8a1f7e,user,3,lain,1.0
user_77c9e62340a1,user,6,lain,2.0
user_77cbcee5da1f,user,2,lain,1.0
user_77e1463935a4,user,11,lain,1.0
user_77ed5f2b0006,user,2,lain,1.0
user_77f8f9a7fcda,user,6,takut (pujian?),3.0
user_781bf216a6cc,user,1,lain,1.0
user_7824c44e4117,user,6,takut (pujian?),1.0
user_782a45bbbd32,user,12,lain,1.0
user_783b98a5df6b,user,5,takut (pujian?),1.0
user_78467584685d,user,7,takut (pujian?),1.0
user_7853b098f783,user,2,lain,1.0
user_785418d5e557,user,4,lain,1.0
user_788817f74262,user,10,niat menonton,2.0
user_78a146b552e2,user,7,lain,1.0
user_78b929c2f58a,user,8,lain,1.0
user_78d340cbb28a,user,1,lain,1.0
user_78d3e808bf2d,user,3,lain,1.0
user_78dc31ec2eb2,user,11,lain,1.0
user_78ef94e32462,user,8,lain,1.0
user_78fb50d7e503,user,5,lain,1.0
user_7902d053a238,user,1,lain,1.0
user_7944ed23d06a,user,2,takut (pujian?),1.0
user_7945e71e5553,user,1,lain,1.0
user_794ad2335ee1,user,4,lain,1.0
user_79679bc33c81,user,4,lain,1.0
user_7967dd0f80b4,user,1,lain,1.0
user_7969d1d03cd8,user,7,lain,1.0
user_797ab3248816,user,5,lain,1.0
user_797add4dac0a,user,1,lain,1.0
user_797e77b4a89e,user,7,lain,1.0
user_7981b0c3d0de,user,4,lain,2.0
user_7989e18e4559,user,3,niat menonton,1.0
user_799ab1b772da,user,11,lain,1.0
user_799b9da22516,user,4,takut (pujian?),1.0
user_799d9dafa288,user,10,takut (pujian?),1.0
user_79a2dcffdbaf,user,7,lain,1.0
user_79a488db329a,user,7,lain,1.0
user_79af2dcc95d1,user,8,lain,2.0
user_79c2aa3efb0d,user,10,lain,1.0
user_79cc80a8f107,user,1,lain,2.0
user_79de64e77179,user,1,takut (pujian?),1.0
user_79ef92ddea13,user,2,lain,1.0
user_79f0e5045f60,user,9,lain,1.0
user_7a11dc4f3b4d,user,5,takut (pujian?),1.0
user_7a1c09cbcebe,user,2,lain,1.0
user_7a2bbc7c922b,user,1,lain,1.0
user_7a2e85960dd6,user,10,lain,1.0
user_7a365d03180f,user,6,lain,1.0
user_7a525611c683,user,1,lain,1.0
user_7a63afa30390,user,7,takut (pujian?),1.0
user_7a79ef749e55,user,2,lain,1.0
user_7a8289c20b9b,user,2,lain,1.0
user_7a8f6d232cfd,user,2,lain,1.0
user_7a9a29c57931,user,6,lain,1.0
user_7a9ca207a01a,user,8,lain,1.0
user_7abc6f2838eb,user,11,lain,1.0
user_7ac9174a3c05,user,2,lain,1.0
user_7ad6856dd33e,user,1,lain,1.0
user_7aef7f4ed368,user,9,lain,1.0
user_7af1919c34ef,user,1,takut (pujian?),1.0
user_7b09fba418ee,user,1,lain,1.0
user_7b110c9b2aa1,user,8,lain,1.0
user_7b250d1ac7a2,user,1,lain,1.0
user_7b26b32e4415,user,2,lain,1.0
user_7b2868bd2504,user,2,lain,1.0
user_7b29f5a86ec7,user,1,niat menonton,1.0
user_7b300fa338aa,user,6,niat menonton,1.0
user_7b3a6139d6ec,user,3,lain,1.0
user_7b3adbd88594,user,6,lain,1.0
user_7b3c8d90f259,user,2,lain,1.0
user_7b4cf9ab1982,user,12,lain,1.0
user_7b4e83976664,user,12,takut (pujian?),1.0
user_7b5f25217226,user,3,lain,1.0
user_7b72b7f1e738,user,2,lain,1.0
user_7b87529574e7,user,9,lain,2.0
user_7b8d20e12717,user,5,lain,1.0
user_7b9c5a1d9203,user,3,lain,1.0
user_7ba885711b13,user,1,niat menonton,1.0
user_7bb35df8a008,user,3,lain,1.0
user_7bbfe4a05820,user,9,lain,2.0
user_7bc493f10e7b,user,3,lain,1.0
user_7bcb9cdfc479,user,2,lain,1.0
user_7bd81deff8ed,user,2,takut (pujian?),1.0
user_7bdd3a3abfac,user,6,lain,1.0
user_7be70f875e90,user,11,lain,1.0
user_7be987eef608,user,6,lain,1.0
user_7bf98bd9b0b6,user,1,lain,1.0
user_7c03f905a122,user,1,lain,1.0
user_7c10700e9487,user,12,lain,1.0
user_7c14d53d736a,user,3,lain,1.0
user_7c2472ef308a,user,3,lain,1.0
user_7c3d18b2ab52,user,6,lain,1.0
user_7c5568e00ab7,user,2,lain,1.0
user_7c6437b6e77c,user,2,lain,1.0
user_7c6bcd177f12,user,10,lain,1.0
user_7c6f7c948a4b,user,9,lain,2.0
user_7c79bafefa07,user,8,lain,1.0
user_7c7e2385a28c,user,2,lain,1.0
user_7c90d735e7e8,user,1,lain,1.0
user_7c950eb7ac84,user,7,takut (pujian?),1.0
user_7cb58002421b,user,1,lain,1.0
user_7cd34bdcd647,user,1,lain,1.0
user_7ce0ffd700b3,user,1,lain,1.0
user_7cee823781b6,user,3,lain,1.0
user_7cf24ac8a2dc,user,7,lain,1.0
user_7cfa6d6b46d2,user,4,lain,1.0
user_7cff4b6291ff,user,1,lain,1.0
user_7d13c9cfb80e,user,5,lain,1.0
user_7d198b646b78,user,1,lain,1.0
user_7d2113a5d34f,user,8,lain,1.0
user_7d23750d2c20,user,8,lain,1.0
user_7d25c00762c4,user,2,takut (pujian?),1.0
user_7d26d2a92b7e,user,3,lain,1.0
user_7d4b89c9b925,user,2,lain,1.0
user_7d5bb5ae2bc2,user,1,lain,2.0
user_7d788988c477,user,2,lain,1.0
user_7d797afdaafd,user,5,takut (pujian?),1.0
user_7d7da7f48a5c,user,3,takut (pujian?),1.0
user_7d800ab61d31,user,4,lain,1.0
user_7d8ac7bca031,user,8,lain,1.0
user_7da5dc0ce74e,user,2,lain,1.0
user_7db696327de4,user,4,lain,1.0
user_7db77c0f8a1f,user,5,lain,1.0
user_7dc1bc16fc9b,user,1,lain,1.0
user_7dd50202a938,user,10,lain,1.0
user_7ddba10b332d,user,9,lain,1.0
user_7dece2765dc7,user,2,lain,1.0
user_7df67827cbdd,user,4,lain,1.0
user_7df7bd5916c3,user,10,lain,1.0
user_7e0419538bf8,user,5,lain,1.0
user_7e1625ba7911,user,11,niat menonton,1.0
user_7e173f13ff5e,user,6,lain,1.0
user_7e1ec9b0642e,user,1,niat menonton,1.0
user_7e24d4c06d09,user,5,lain,1.0
user_7e4d5fa3f108,user,8,lain,1.0
user_7e557ecb9d3a,user,5,takut (pujian?),1.0
user_7e63137568fc,user,1,lain,1.0
user_7e6daca004a7,user,4,lain,1.0
user_7e6f2b5cc6d4,user,1,lain,1.0
user_7e7d709ec47c,user,7,takut (pujian?),1.0
user_7e805f75202c,user,6,lain,1.0
user_7e8972108e68,user,4,lain,3.0
user_7e90a29603f9,user,8,lain,1.0
user_7e9b5cf62757,user,1,takut (pujian?),1.0
user_7ea0d4f16bef,user,5,niat menonton,1.0
user_7ebc5e60b845,user,4,lain,1.0
user_7ed5c10fa483,user,2,lain,1.0
user_7ed9617da57a,user,10,lain,1.0
user_7eea92f47188,user,3,lain,1.0
user_7eeb1aaabd69,user,4,lain,1.0
user_7eeff976ac40,user,2,lain,1.0
user_7ef6d1ad3268,user,1,takut (pujian?),1.0
user_7ef99a5b6a23,user,12,lain,1.0
user_7ef99e17db3d,user,9,lain,1.0
user_7f58560563f4,user,3,lain,1.0
user_7f5ba1a93821,user,2,lain,1.0
user_7f609f55c9a8,user,4,lain,1.0
user_7f7c14fb2d1f,user,11,lain,1.0
user_7f8939ee21e1,user,5,lain,1.0
user_7fabdc213e70,user,8,lain,1.0
user_7fb521e36f37,user,10,lain,1.0
user_7fc97ce16665,user,4,lain,1.0
user_7feade30ed8a,user,8,lain,1.0
user_7ff59d3cb4d4,user,11,lain,1.0
user_7ffc0d7db26b,user,5,lain,1.0
user_7fff03c8ea9c,user,7,lain,1.0
user_8000b2de003e,user,8,lain,1.0
user_8017d5625197,user,6,takut (pujian?),1.0
user_8021dc99cef4,user,5,lain,1.0
user_805dc963de71,user,2,lain,1.0
user_805e2f946029,user,2,lain,1.0
user_806bcec12d99,user,8,lain,1.0
user_806c0aa47522,user,6,lain,1.0
user_8075f25e9354,user,8,lain,1.0
user_8083ab0ef7de,user,1,lain,1.0
user_808f75042d22,user,6,lain,1.0
user_808f79122e56,user,5,takut (pujian?),1.0
user_8095d3cf3f75,user,2,lain,1.0
user_809a0ccac4d3,user,5,lain,1.0
user_809e859b852c,user,6,lain,1.0
user_80d00ef275d7,user,7,lain,1.0
user_80d2e89fa008,user,3,lain,1.0
user_80e34840d0a8,user,4,lain,1.0
user_80e43e8b73d8,user,11,lain,1.0
user_80e4b10c0aef,user,1,lain,1.0
user_80faf15a1e2e,user,3,lain,1.0
user_81093b8c617d,user,1,takut (pujian?),1.0
user_8110e4af8951,user,1,lain,1.0
user_812434eddabb,user,2,lain,1.0
user_8125c09da882,user,8,lain,1.0
user_812ee5905987,user,5,takut (pujian?),1.0
user_812ffd74fe3b,user,1,takut (pujian?),1.0
user_81382db075dc,user,5,lain,1.0
user_813e82b40ce5,user,4,lain,1.0
user_8159e1b9a386,user,7,takut (pujian?),1.0
user_817191537e53,user,7,takut (pujian?),1.0
user_817a93965a2b,user,3,lain,1.0
user_8184f3f20b11,user,2,takut (pujian?),1.0
user_818b344046ee,user,1,lain,1.0
user_8197465e0d17,user,11,lain,1.0
user_81a1a2904d09,user,4,lain,1.0
user_81a7575d31bd,user,6,lain,1.0
user_81b290f7b855,user,4,lain,1.0
user_81d3042b7469,user,1,lain,1.0
user_81d53c96e92b,user,4,lain,1.0
user_81d7ed88ff1e,user,8,lain,1.0
user_81d9e2aaa6c4,user,6,lain,1.0
user_81daaf4ddd58,user,12,lain,1.0
user_81eb707d3e22,user,7,lain,1.0
user_81ec249a2e0a,user,1,lain,1.0
user_820099c7cab7,user,11,lain,1.0
user_82147d7c621e,user,1,takut (pujian?),1.0
user_822de89f53e3,user,9,lain,1.0
user_82358281891b,user,6,lain,1.0
user_82445652e683,user,3,lain,1.0
user_824c38428d66,user,2,lain,1.0
user_824dc9d78cc0,user,3,lain,1.0
user_824e07282ac6,user,7,lain,1.0
user_824eb1b9d4b1,user,4,lain,1.0
user_824f56028714,user,5,lain,1.0
user_8259c5122bdb,user,5,lain,1.0
user_826180b25c32,user,8,lain,1.0
user_8267e1cf19be,user,1,lain,1.0
user_827082de8371,user,6,takut (pujian?),1.0
user_8276050cf218,user,5,takut (pujian?),1.0
user_829bc1ed5540,user,8,lain,1.0
user_82a8e9360262,user,11,lain,1.0
user_82ab53eb1877,user,2,lain,1.0
user_82b143efda1b,user,1,lain,1.0
user_82b6cbf529e6,user,2,lain,1.0
user_82c8c810fd26,user,1,lain,1.0
user_82dbc8a408f2,user,7,lain,1.0
user_82df062d9503,user,4,lain,1.0
user_82ead7727398,user,1,takut (pujian?),1.0
user_82ec0d892684,user,1,lain,1.0
user_82f06d3f50d3,user,4,lain,1.0
user_82f4dd942499,user,9,lain,1.0
user_83178d1aa69f,user,10,lain,1.0
user_831ca25bd6fa,user,11,lain,2.0
user_83279bb4b22b,user,1,lain,1.0
user_833873e70179,user,1,lain,1.0
user_83405e97abd9,user,1,takut (pujian?),1.0
user_834493282e3d,user,1,lain,1.0
user_8352438f936e,user,7,lain,1.0
user_83533fcfc067,user,4,lain,1.0
user_835b1d88033e,user,10,lain,1.0
user_835ffbe83aa7,user,1,niat menonton,1.0
user_83644049df27,user,9,lain,1.0
user_836546964f70,user,3,lain,1.0
user_836952b5ab9f,user,9,lain,1.0
user_8385f1800e54,user,6,takut (pujian?),1.0
user_83a8ae60d86c,user,10,takut (pujian?),1.0
user_83b5c53b615f,user,1,takut (pujian?),1.0
user_83c5bf0706bc,user,5,lain,1.0
user_83ca8480c97d,user,2,lain,1.0
user_83d267a4932f,user,2,lain,1.0
user_83d76d83f927,user,3,niat menonton,2.0
user_83f10a32cc5c,user,12,lain,1.0
user_83f40343c2cf,user,2,lain,1.0
user_84029ca24a65,user,8,lain,1.0
user_84099a003d2d,user,2,lain,1.0
user_84134c832d61,user,2,lain,1.0
user_841423578d30,user,9,lain,1.0
user_842673c21ff7,user,1,lain,1.0
user_8435c7c0abce,user,3,takut (pujian?),1.0
user_843724427d71,user,11,lain,1.0
user_845a60cafb33,user,4,lain,2.0
user_845e8ee2b25b,user,8,lain,1.0
user_8460ba2a1bdd,user,11,lain,1.0
user_8464c7d11342,user,1,lain,1.0
user_8469d8799655,user,2,lain,1.0
user_847a7706607a,user,11,lain,1.0
user_8486d089aa78,user,1,lain,1.0
user_848e8d0afb7e,user,2,lain,1.0
user_849f6c61c791,user,4,lain,1.0
user_84a114708e06,user,1,lain,1.0
user_84b4e2e615d1,user,10,lain,1.0
user_84bc3e64626b,user,3,lain,1.0
user_84c30f297e62,user,1,lain,1.0
user_84c435a8bc1f,user,3,niat menonton,1.0
user_84d5f5376292,user,3,lain,1.0
user_84dfd0dd9391,user,2,lain,1.0
user_84e19a3a663a,user,12,lain,1.0
user_84f9049360d9,user,9,lain,1.0
user_85018d139674,user,2,lain,1.0
user_8501d77535ac,user,2,lain,1.0
user_8506891df640,user,4,lain,1.0
user_85128ec844ec,user,11,lain,1.0
user_8521dfb501ab,user,3,lain,1.0
user_853199df5f26,user,1,lain,1.0
user_853c86b2e0f2,user,6,lain,1.0
user_853d5460f2a8,user,4,lain,1.0
user_85400db6a923,user,7,takut (pujian?),1.0
user_856800ff875c,user,4,lain,1.0
user_856d6a7f8c5b,user,8,niat menonton,1.0
user_856febb8a647,user,8,lain,1.0
user_857283737de5,user,6,lain,2.0
user_8575e5075dbf,user,8,lain,1.0
user_8579afb11760,user,2,lain,1.0
user_858778f3e82a,user,12,lain,1.0
user_8588454ebec7,user,8,lain,1.0
user_85ac995c046f,user,1,lain,1.0
user_85bd28575fd1,user,7,lain,1.0
user_85c376bf9a5d,user,8,lain,1.0
user_85c48b6d8545,user,2,lain,1.0
user_860c0745f267,user,2,lain,1.0
user_8622a3ff612c,user,2,lain,1.0
user_8625073026f7,user,8,lain,1.0
user_862b1b3c31a8,user,1,takut (pujian?),1.0
user_862d79b2b8ff,user,1,lain,1.0
user_862fe8d9514b,user,7,takut (pujian?),1.0
user_863fde18860f,user,4,lain,1.0
user_864a39909692,user,1,lain,3.0
user_8655f6a5facf,user,1,niat menonton,1.0
user_8658766bc074,user,11,lain,1.0
user_865916fab077,user,5,lain,1.0
user_865bb1118767,user,8,lain,1.0
user_866500278322,user,4,lain,1.0
user_866fe1db0880,user,9,lain,1.0
user_86836a00c38a,user,3,takut (pujian?),1.0
user_86879ba65af5,user,4,lain,1.0
user_868d16ec2255,user,7,lain,1.0
user_869a6b9024fd,user,5,takut (pujian?),1.0
user_86a771e04616,user,8,lain,1.0
user_86b0adb7c274,user,8,lain,1.0
user_86becadeb9c1,user,1,lain,1.0
user_86c45102e1a9,user,11,lain,1.0
user_86c8c53511f4,user,7,niat menonton,1.0
user_86d010b6b30c,user,8,lain,1.0
user_86d16f7ba7d1,user,2,lain,1.0
user_86d9fb2b334a,user,10,lain,1.0
user_86edaa330a4a,user,3,lain,1.0
user_870000fbe110,user,6,niat menonton,1.0
user_8708fa72c16a,user,2,lain,1.0
user_873f222aa634,user,1,lain,1.0
user_8749f2710320,user,4,lain,1.0
user_8767cf7cee55,user,11,lain,1.0
user_877503b6f5f6,user,1,takut (pujian?),1.0
user_877643ffb990,user,11,lain,1.0
user_87785d58ac21,user,3,lain,1.0
user_877b36e197b6,user,1,lain,1.0
user_877c152f9fc6,user,2,lain,1.0
user_8786fa4241a5,user,12,lain,1.0
user_879013dfdd47,user,4,lain,1.0
user_87971b5d0f37,user,1,lain,1.0
user_87972736137e,user,1,takut (pujian?),1.0
user_879be41df17b,user,3,lain,1.0
user_87a3a7fbbe0b,user,4,takut (pujian?),1.0
user_87a59c7ff483,user,6,lain,1.0
user_87b72a6a1241,user,2,lain,1.0
user_87b7e219c5e0,user,5,niat menonton,1.0
user_87b902615e8b,user,2,lain,1.0
user_87e0e434c2b1,user,5,lain,1.0
user_87ecb7ec87da,user,7,takut (pujian?),1.0
user_87efbc9308fa,user,2,lain,1.0
user_87f0bbeb882c,user,3,lain,1.0
user_87f0fb7a5191,user,11,lain,1.0
user_880de9f9cdd4,user,1,lain,1.0
user_880f2d800f2f,user,1,lain,1.0
user_881259088f79,user,3,lain,1.0
user_8839062f40ce,user,1,lain,1.0
user_8845069b9ced,user,1,lain,2.0
user_884ffed10b4e,user,11,lain,2.0
user_8856165193db,user,3,lain,1.0
user_885b00d4227f,user,12,lain,1.0
user_88701bb8ba6b,user,9,lain,1.0
user_887522c6ae82,user,6,lain,4.0
user_8878f531ab2a,user,2,lain,1.0
user_888a760a5494,user,8,lain,1.0
user_88ac928024b9,user,3,lain,1.0
user_88b9efade0a0,user,1,lain,1.0
user_88bd145f21b0,user,2,lain,1.0
user_88be6b614145,user,4,lain,1.0
user_88bf19395846,user,4,lain,1.0
user_88c0fc3f22e5,user,1,lain,1.0
user_88dc8a11a1a9,user,1,lain,1.0
user_88e0b03744fe,user,11,lain,1.0
user_88e6113157e3,user,2,lain,1.0
user_88fdc7b0a436,user,9,lain,1.0
user_890324e407f8,user,5,lain,1.0
user_89046c889fbe,user,3,niat menonton,1.0
user_890496d78aa4,user,9,lain,1.0
user_892ec3ac7061,user,8,lain,1.0
user_89307ca9d980,user,1,lain,1.0
user_8934ffa4a794,user,6,lain,3.0
user_8940d1f7d9ff,user,7,lain,1.0
user_894c39b45dbf,user,3,niat menonton,1.0
user_895630400d36,user,1,lain,1.0
user_8956b1a0424a,user,7,lain,1.0
user_895975b9446c,user,1,takut (pujian?),1.0
user_897bb4a90fce,user,5,takut (pujian?),1.0
user_897e7020f65a,user,4,lain,1.0
user_899085c2e2f6,user,11,lain,1.0
user_89a59ad4a276,user,6,takut (pujian?),1.0
user_89a5e489dffe,user,5,lain,1.0
user_89b1a05f4968,user,3,lain,1.0
user_89bd3a766c20,user,2,takut (pujian?),1.0
user_89d53efe915b,user,1,lain,1.0
user_89d90e58fa8e,user,12,lain,1.0
user_89ddb0e3f698,user,2,lain,1.0
user_89f41fdcee81,user,7,lain,1.0
user_89f6016b7c28,user,2,lain,1.0
user_89f7e45f90a3,user,1,takut (pujian?),1.0
user_89fda2fa5355,user,1,lain,1.0
user_8a0619b26b17,user,6,lain,2.0
user_8a300d03a6b8,user,1,lain,1.0
user_8a33ebe4f066,user,10,lain,1.0
user_8a3409066c31,user,7,lain,1.0
user_8a3f91c884c3,user,7,lain,1.0
user_8a4de31bb601,user,11,lain,1.0
user_8a4df95e96ee,user,7,lain,1.0
user_8a53d06b01ed,user,3,lain,1.0
user_8a593789a0dd,user,3,lain,1.0
user_8a637a0a4f51,user,5,lain,1.0
user_8a7564e62c3c,user,3,lain,1.0
user_8a7a0e3f26de,user,10,lain,1.0
user_8a7a4bca22f1,user,9,lain,1.0
user_8a8b6cf3b0fc,user,8,lain,1.0
user_8a8fd43b2541,user,5,lain,1.0
user_8abb131c9353,user,9,takut (pujian?),1.0
user_8ad053cd568c,user,7,lain,1.0
user_8ad1c1424f4e,user,1,lain,1.0
user_8ad1e057e3ee,user,4,niat menonton,1.0
user_8adf531c179b,user,1,lain,1.0
user_8af0ff145245,user,1,lain,1.0
user_8b0827865c42,user,1,lain,1.0
user_8b1a5e15463b,user,2,lain,1.0
user_8b25d792aefa,user,1,lain,1.0
user_8b3864e89ddf,user,10,lain,1.0
user_8b3bdfa4966f,user,1,lain,1.0
user_8b482d1d1c7d,user,10,lain,1.0
user_8b5bfec0f19b,user,3,lain,1.0
user_8b5fa703fa69,user,5,lain,1.0
user_8b6b43df681e,user,3,niat menonton,1.0
user_8b6d8414655a,user,4,lain,1.0
user_8b6f090e307d,user,1,lain,1.0
user_8b7222a81440,user,10,lain,1.0
user_8b76052acfec,user,2,lain,1.0
user_8b7aaf2174be,user,9,lain,1.0
user_8b9ad2425671,user,7,lain,1.0
user_8b9b42229de7,user,11,lain,1.0
user_8bb41612e4ad,user,3,lain,2.0
user_8bbffc4458ab,user,4,lain,1.0
user_8bcc1b729fa4,user,2,lain,1.0
user_8bf10c99d3cc,user,2,lain,2.0
user_8bf71a823ee8,user,3,lain,1.0
user_8bfc4b060ce9,user,5,lain,1.0
user_8c192fe698af,user,3,niat menonton,1.0
user_8c25bc9cb363,user,2,lain,1.0
user_8c3991afd797,user,8,lain,1.0
user_8c3d2608d9f3,user,8,lain,1.0
user_8c40fb16cdcc,user,1,niat menonton,1.0
user_8c4a4fee8077,user,1,lain,1.0
user_8c5512c4d96a,user,1,lain,1.0
user_8c623360d1f1,user,11,lain,2.0
user_8c6720d38671,user,11,lain,1.0
user_8c71c37f6b3d,user,2,takut (pujian?),1.0
user_8c9db0d5b693,user,1,lain,1.0
user_8ca0f616b964,user,1,lain,1.0
user_8cadf6b0cde1,user,2,lain,1.0
user_8cb44f113ee0,user,3,lain,1.0
user_8cb55848affd,user,3,lain,1.0
user_8cb74f6e6642,user,6,niat menonton,1.0
user_8cbc5f90974b,user,7,niat menonton,2.0
user_8ccebad77782,user,7,lain,1.0
user_8cfa29f54b86,user,1,takut (pujian?),1.0
user_8d17cb61ffac,user,7,lain,1.0
user_8d1fb703a7e7,user,4,lain,1.0
user_8d3c45b12528,user,1,lain,1.0
user_8d4434be1652,user,3,lain,1.0
user_8d52104445c0,user,4,lain,1.0
user_8d6d0a3d5865,user,6,lain,1.0
user_8d6f3b0e55b5,user,1,lain,1.0
user_8d863075a78a,user,1,lain,3.0
user_8d943dc7c82a,user,4,lain,1.0
user_8d9ac7ac4a24,user,2,lain,1.0
user_8d9b9e6b1b08,user,3,lain,1.0
user_8dda159e632a,user,5,takut (pujian?),1.0
user_8df849ef76c7,user,2,lain,1.0
user_8e006932a881,user,5,lain,1.0
user_8e00a74e4dbd,user,12,lain,1.0
user_8e21231bdf9c,user,3,takut (pujian?),1.0
user_8e48f348efec,user,3,lain,1.0
user_8e5a8816beb8,user,3,niat menonton,1.0
user_8e7978c3ca76,user,1,lain,1.0
user_8e80b60dd894,user,3,lain,1.0
user_8e8726f93621,user,11,lain,1.0
user_8e9dfbe80a0b,user,8,lain,1.0
user_8ebf8a67a184,user,4,lain,1.0
user_8ed592c524dd,user,7,lain,1.0
user_8edf312102e1,user,1,takut (pujian?),1.0
user_8ee65ab85ac7,user,11,lain,1.0
user_8eebb52409e9,user,7,lain,1.0
user_8f01d0649253,user,7,takut (pujian?),1.0
user_8f047539fdb6,user,10,lain,1.0
user_8f0c3b499330,user,2,lain,1.0
user_8f0fcd89d081,user,2,lain,1.0
user_8f1fa2664390,user,1,lain,1.0
user_8f2a77e02d0b,user,1,niat menonton,1.0
user_8f2acfeaa40d,user,1,lain,1.0
user_8f3374ac77cf,user,1,lain,1.0
user_8f3e59e46214,user,3,niat menonton,1.0
user_8f58e50eef0e,user,1,lain,1.0
user_8f93e487e2d5,user,1,lain,1.0
user_8f956f5144de,user,1,lain,1.0
user_8f986a2e1fc3,user,2,lain,1.0
user_8fa861669de7,user,6,lain,1.0
user_8fa99eb6bf0e,user,2,lain,1.0
user_8fb27291df08,user,6,takut (pujian?),1.0
user_8fc235b33e24,user,1,lain,1.0
user_8fc2ca282bb7,user,10,lain,1.0
user_8fd4a4ad136c,user,8,lain,1.0
user_8fe5aa2b0c19,user,1,niat menonton,1.0
user_8fe686ed8738,user,6,lain,1.0
user_8fea35e934b3,user,1,lain,1.0
user_8fec8f874f09,user,5,lain,1.0
user_8ffa0f41a434,user,1,takut (pujian?),1.0
user_8ffc5120a647,user,1,lain,1.0
user_900b803abc62,user,3,lain,1.0
user_900c77380091,user,7,lain,1.0
user_900c9a525852,user,10,lain,1.0
user_90165379b14e,user,7,lain,1.0
user_902154ad89fe,user,1,lain,1.0
user_902bed5cea60,user,2,lain,1.0
user_902d1420e529,user,6,takut (pujian?),1.0
user_9035a1393c92,user,12,takut (pujian?),1.0
user_90463b48bb28,user,6,lain,1.0
user_904f93d99269,user,7,takut (pujian?),1.0
user_90565e8ad784,user,1,lain,1.0
user_906a9e60e1dc,user,1,lain,1.0
user_907083da681e,user,4,lain,1.0
user_9070f2593759,user,3,lain,1.0
user_90743babc8f1,user,1,lain,1.0
user_90768fa8c278,user,7,lain,1.0
user_9079afa195d2,user,10,lain,1.0
user_908305bd3943,user,7,lain,1.0
user_908c804f0b27,user,8,lain,1.0
user_90a1655312d2,user,9,lain,2.0
user_90c75e2d9dba,user,2,lain,1.0
user_90d14d7a7fee,user,2,takut (pujian?),1.0
user_90d5b1b34363,user,1,lain,1.0
user_90da85c6c100,user,7,lain,1.0
user_90efebd62b61,user,3,takut (pujian?),1.0
user_90f1df17b8ac,user,10,lain,2.0
user_9101726dafaf,user,1,niat menonton,1.0
user_9109ba16e287,user,12,lain,1.0
user_91156ae6af00,user,3,lain,1.0
user_9118c253e559,user,3,niat menonton,1.0
user_911e6824e845,user,9,lain,1.0
user_911ea72b5399,user,8,lain,1.0
user_912d98e89265,user,1,lain,1.0
user_914282422d13,user,3,lain,1.0
user_914c1b61d95a,user,5,lain,1.0
user_915c4f1f63f9,user,2,lain,1.0
user_915dc1e89458,user,1,lain,1.0
user_916efebf22df,user,7,takut (pujian?),1.0
user_917237368078,user,4,lain,1.0
user_91835f514d94,user,7,lain,1.0
user_918605c7f0e2,user,4,lain,1.0
user_91ac56e6b84a,user,1,lain,1.0
user_91c9b9c5ca0f,user,4,lain,1.0
user_91d7e0261752,user,6,lain,1.0
user_91da42e6be53,user,4,lain,1.0
user_91e21eb14124,user,1,takut (pujian?),1.0
user_91e2fc774516,user,3,niat menonton,1.0
user_91edaa2e5083,user,10,lain,1.0
user_91f1ffca7a9b,user,1,lain,1.0
user_91f72b155d75,user,1,takut (pujian?),1.0
user_91f9c27dea9f,user,1,niat menonton,1.0
user_9201807907dd,user,3,lain,1.0
user_920395b52603,user,2,lain,1.0
user_9207288e891b,user,2,lain,1.0
user_920ba2db66a0,user,1,niat menonton,1.0
user_9218e3acf316,user,8,lain,1.0
user_922bad6029e6,user,3,niat menonton,1.0
user_922f16af74c2,user,9,lain,1.0
user_923c6c764d6c,user,1,lain,1.0
user_92494f20f614,user,3,lain,1.0
user_92635b91b0d8,user,7,lain,1.0
user_926815c50967,user,10,lain,1.0
user_926ac2786e6e,user,1,lain,1.0
user_926f4ee96ce3,user,2,lain,1.0
user_92774f9b2472,user,8,lain,1.0
user_9279b3f2a9f8,user,2,lain,1.0
user_928a665e04f9,user,8,lain,1.0
user_928f351647ce,user,4,takut (pujian?),1.0
user_928f8343d684,user,1,lain,1.0
user_92b6c19e5bb8,user,7,lain,1.0
user_92cac058f3f2,user,1,lain,1.0
user_92cc0cacccb3,user,4,lain,1.0
user_92d1a7efa016,user,3,lain,1.0
user_92da36edad5f,user,1,takut (pujian?),1.0
user_92df867ddacd,user,7,takut (pujian?),1.0
user_92e2d67e0d18,user,2,lain,1.0
user_92f68e8af6e7,user,12,lain,1.0
user_930080aa0912,user,2,lain,1.0
user_930982a27fe0,user,4,lain,1.0
user_930ab083912a,user,3,lain,1.0
user_930cb8820523,user,1,lain,1.0
user_930d2641cdac,user,6,takut (pujian?),1.0
user_930ea92438bf,user,1,lain,1.0
user_930fb1a85645,user,6,lain,1.0
user_9311e64c0059,user,7,lain,2.0
user_931684ab6683,user,5,lain,1.0
user_931e70f00e55,user,11,lain,1.0
user_93358a42d0ee,user,9,lain,2.0
user_9354aa139cd1,user,5,takut (pujian?),1.0
user_9355cf300c16,user,3,lain,1.0
user_93591b607384,user,2,lain,1.0
user_935c886430b3,user,3,lain,1.0
user_93602b8068c7,user,10,lain,1.0
user_9364aef8d429,user,1,lain,1.0
user_936570e04870,user,2,lain,1.0
user_936cc73d767d,user,3,lain,1.0
user_93778f712bf4,user,12,lain,1.0
user_937c1d3cc17e,user,3,lain,1.0
user_937d82902f5a,user,10,lain,1.0
user_93804d86a69b,user,1,lain,1.0
user_93907796b694,user,10,lain,1.0
user_939083090f39,user,5,lain,1.0
user_93b6efbb9396,user,4,niat menonton,1.0
user_93bb208ccd66,user,6,lain,1.0
user_93befa759664,user,8,lain,1.0
user_93c325bac0e3,user,10,takut (pujian?),1.0
user_93d15d402957,user,7,lain,1.0
user_93da4135b696,user,1,lain,1.0
user_93ed60ca232b,user,1,lain,1.0
user_93ee08980fc3,user,8,lain,1.0
user_93f8d65f2d0f,user,1,lain,1.0
user_941bdb90ae2f,user,2,lain,1.0
user_942af2c4a5be,user,1,lain,1.0
user_943f8ac9b03d,user,7,lain,1.0
user_94404143d7af,user,8,lain,1.0
user_94511448280f,user,1,lain,1.0
user_94590ca661ba,user,2,lain,1.0
user_9463ca8c72af,user,4,lain,1.0
user_9465d110f9bd,user,1,takut (pujian?),1.0
user_9477dc5b8605,user,2,lain,1.0
user_949690b1bc6c,user,7,lain,1.0
user_94a7696e9bcf,user,3,lain,1.0
user_94b0d630dc8d,user,6,lain,1.0
user_94b2e54e2923,user,3,lain,1.0
user_94b544c9a12f,user,2,lain,1.0
user_94b73b22b669,user,2,lain,1.0
user_94b76d299f8a,user,2,lain,1.0
user_94ce72404319,user,5,niat menonton,1.0
user_94ce8f8b5251,user,1,lain,1.0
user_94d0ea576b02,user,2,lain,1.0
user_94e496fc55c3,user,8,lain,1.0
user_94ebd00b1993,user,1,lain,1.0
user_94f08709df1f,user,10,lain,1.0
user_94f508404c42,user,6,takut (pujian?),1.0
user_94fc8da71260,user,7,takut (pujian?),1.0
user_9529b3b9575d,user,7,takut (pujian?),1.0
user_953734bfca58,user,1,takut (pujian?),1.0
user_95416fcdb4d5,user,1,lain,1.0
user_9555391464ef,user,6,lain,1.0
user_955995c6eb10,user,11,lain,1.0
user_95686fe1c9f7,user,11,lain,1.0
user_956d2d44d0c1,user,2,lain,1.0
user_9570ee514fca,user,4,lain,1.0
user_9598a978ec12,user,1,takut (pujian?),1.0
user_959cba519418,user,1,niat menonton,1.0
user_959e64b6160f,user,13,lain,1.0
user_95a4c0cba836,user,6,lain,1.0
user_95a7db37159e,user,3,lain,1.0
user_95d33a4ca101,user,7,lain,1.0
user_95d87be79d4b,user,3,takut (pujian?),1.0
user_95ef37e3b535,user,11,lain,1.0
user_95f352241ec6,user,6,lain,1.0
user_95f378032016,user,8,lain,1.0
user_95f9f4cc486f,user,2,lain,1.0
user_95fe9b8b86c5,user,7,lain,1.0
user_95ffc84f4ca3,user,4,takut (pujian?),1.0
user_96040bb9a6bc,user,1,lain,1.0
user_9604b6f37a8f,user,2,lain,1.0
user_961c53cb13e9,user,5,lain,1.0
user_96342faf39ba,user,8,niat menonton,1.0
user_9640577cc695,user,10,lain,1.0
user_9647d2c4c61c,user,1,lain,1.0
user_965834deb6ec,user,3,lain,1.0
user_9666f25e7685,user,1,lain,1.0
user_9670b15b1737,user,3,lain,1.0
user_9675d0956257,user,8,lain,1.0
user_9685f38c00c5,user,3,lain,1.0
user_968dfd147e50,user,3,lain,1.0
user_969f7f9d9d4a,user,7,lain,1.0
user_96b27abfd8ef,user,1,lain,1.0
user_96b53e8b8cb0,user,2,lain,1.0
user_96b63a40383f,user,6,lain,1.0
user_96b6c994c532,user,2,lain,1.0
user_96bca1595c09,user,12,takut (pujian?),1.0
user_96c84846530c,user,1,lain,1.0
user_96cb41b1f9ba,user,4,takut (pujian?),1.0
user_96dc6f1249b6,user,3,lain,1.0
user_96ebb3474779,user,9,lain,1.0
user_96f01fe9863a,user,1,lain,1.0
user_96fa76e127db,user,8,takut (pujian?),1.0
user_96fa8bb30235,user,2,lain,1.0
user_96fc093008d5,user,2,niat menonton,1.0
user_97015bcff2eb,user,4,lain,1.0
user_9711c3260f62,user,2,lain,1.0
user_97257df3ced4,user,1,lain,1.0
user_973024bbe8f2,user,4,lain,1.0
user_9731b0b34285,user,6,lain,1.0
user_973b41397791,user,7,lain,1.0
user_974d8e2824bd,user,3,lain,1.0
user_9756bf01d707,user,1,lain,1.0
user_975f33ad0b97,user,11,lain,1.0
user_976a3b76d7ee,user,3,lain,1.0
user_978292b544d7,user,6,lain,1.0
user_979193e4ecb6,user,5,lain,1.0
user_979c81c34add,user,7,lain,1.0
user_979cbdf31610,user,6,lain,1.0
user_979ed2f92724,user,1,lain,2.0
user_97b8dbc5fa25,user,2,lain,1.0
user_97caa88f401f,user,2,lain,1.0
user_97cf6170c18b,user,1,lain,1.0
user_97e4aec3d48a,user,12,lain,1.0
user_97eb3a563e91,user,1,niat menonton,1.0
user_97f494acc5f6,user,2,lain,1.0
user_980a1c784e8e,user,6,lain,3.0
user_981783de0819,user,8,niat menonton,1.0
user_9819313a95f3,user,3,lain,1.0
user_981be0ad7603,user,9,lain,1.0
user_981d8cc2179d,user,10,lain,1.0
user_982935cf2a19,user,1,takut (pujian?),1.0
user_98401a7b0bd3,user,4,lain,1.0
user_985ccccdcc52,user,10,lain,1.0
user_986364e9729e,user,4,takut (pujian?),1.0
user_986676c75390,user,2,lain,1.0
user_986e2313893f,user,5,lain,1.0
user_98754b991d4a,user,1,lain,1.0
user_987631bddf86,user,1,niat menonton,1.0
user_987abe4dabf9,user,1,niat menonton,1.0
user_988a82229cd0,user,7,takut (pujian?),1.0
user_98a14fd41cf8,user,9,lain,2.0
user_98a4e8584419,user,2,lain,1.0
user_98b4d8d7b584,user,2,takut (pujian?),1.0
user_98b59db5c8f2,user,4,lain,1.0
user_98bdb48521a1,user,1,lain,1.0
user_98d6dd150e58,user,6,niat menonton,1.0
user_990223f60edd,user,1,lain,1.0
user_990cce0b5daf,user,1,lain,1.0
user_990dad3368d9,user,1,lain,1.0
user_990f157c0a04,user,5,lain,1.0
user_991746f1c268,user,10,niat menonton,1.0
user_991ff1e53061,user,1,niat menonton,1.0
user_9925dfbc2036,user,8,lain,1.0
user_9927f01bedbc,user,8,niat menonton,1.0
user_9938e8957e53,user,2,lain,1.0
user_994034b96496,user,2,lain,1.0
user_9941c52723d0,user,6,lain,1.0
user_994490c7e015,user,10,lain,1.0
user_9945cf5dbef2,user,8,lain,1.0
user_9949f0a32ba2,user,3,takut (pujian?),1.0
user_994ccda671ab,user,1,lain,1.0
user_9953e1cecdf1,user,11,lain,1.0
user_9971e057c0e5,user,3,lain,1.0
user_997789e686ec,user,2,lain,1.0
user_997873fe515f,user,2,lain,1.0
user_998e6420ca1e,user,8,lain,1.0
user_999424c00306,user,5,lain,1.0
user_99b736aa0ce1,user,3,lain,1.0
user_99b854993470,user,7,lain,1.0
user_99bb96c2f326,user,3,lain,1.0
user_99c502f822a7,user,1,lain,1.0
user_99d010619db7,user,2,lain,1.0
user_99eadd6d4cc4,user,5,lain,1.0
user_9a0758f6624e,user,1,lain,1.0
user_9a0921086e98,user,1,lain,2.0
user_9a1e7f7bd9d9,user,7,lain,1.0
user_9a2da580adf0,user,1,niat menonton,1.0
user_9a2f64679ecd,user,1,lain,1.0
user_9a35a3ad446b,user,1,lain,1.0
user_9a5798de02da,user,5,takut (pujian?),1.0
user_9a584277d9cd,user,13,lain,1.0
user_9a58d777e0d2,user,2,lain,1.0
user_9a5f825e4395,user,12,lain,1.0
user_9a6c90b57506,user,2,lain,1.0
user_9a7a2d99ae1d,user,7,lain,1.0
user_9a7ca2f86f2a,user,11,lain,1.0
user_9a8366d51298,user,6,lain,2.0
user_9a850da2d3ae,user,7,takut (pujian?),1.0
user_9a959f27a846,user,10,lain,1.0
user_9ab2a7f312d7,user,11,lain,1.0
user_9ac585699c1b,user,6,lain,2.0
user_9ad4a6783c82,user,1,lain,1.0
user_9aec24e7f73c,user,7,lain,1.0
user_9aecd4296558,user,1,niat menonton,1.0
user_9af0f992f4b2,user,4,takut (pujian?),1.0
user_9af4038e0231,user,1,lain,1.0
user_9afbbea1ac04,user,5,lain,1.0
user_9b12ff9fb4fd,user,1,lain,1.0
user_9b2264767ca6,user,1,lain,1.0
user_9b436ae3b3ae,user,8,lain,1.0
user_9b450344cb41,user,1,niat menonton,1.0
user_9b45fbb8d0e9,user,1,lain,1.0
user_9b615c879922,user,4,niat menonton,1.0
user_9b694e8a33fa,user,1,lain,1.0
user_9b73761bb890,user,12,takut (pujian?),1.0
user_9b7d62aa7c15,user,2,lain,1.0
user_9b842cbb3cb3,user,1,lain,1.0
user_9b8603badec6,user,2,lain,1.0
user_9b925f0cd689,user,2,lain,1.0
user_9b9c554b7e37,user,1,lain,1.0
user_9b9e3b370ae4,user,10,lain,1.0
user_9bd54194a326,user,9,lain,1.0
user_9bd59ae21e34,user,1,takut (pujian?),2.0
user_9bdf39009444,user,7,lain,1.0
user_9be16c591c65,user,1,lain,1.0
user_9be4fb42b0dc,user,2,lain,1.0
user_9bf422993d9a,user,1,lain,1.0
user_9c0099e6e2a3,user,6,lain,1.0
user_9c04a0c6c142,user,10,takut (pujian?),1.0
user_9c04ac8cdb7c,user,2,lain,1.0
user_9c1926859f1d,user,10,lain,1.0
user_9c1947e3b09c,user,5,lain,1.0
user_9c30fd1161a5,user,5,takut (pujian?),1.0
user_9c6f70fe5be1,user,1,lain,1.0
user_9c7af72479dd,user,1,niat menonton,1.0
user_9c825ccfee9d,user,1,lain,1.0
user_9c902f3dd1e2,user,2,lain,1.0
user_9ca6801be299,user,1,takut (pujian?),1.0
user_9cbca46ba8b2,user,6,lain,1.0
user_9cc0d5a1f4e1,user,10,lain,1.0
user_9cc16c0f5f38,user,11,lain,1.0
user_9cc75bcbeabd,user,1,lain,1.0
user_9cdd7678661c,user,1,lain,1.0
user_9cee0ff5c739,user,5,lain,1.0
user_9cf0bdc0a196,user,12,lain,1.0
user_9cf1ecac1ff1,user,6,lain,1.0
user_9d1782a161dd,user,11,lain,1.0
user_9d191816132c,user,4,lain,4.0
user_9d1d24ed4a60,user,10,lain,1.0
user_9d3a97e81326,user,7,lain,1.0
user_9d74841c3f72,user,8,lain,1.0
user_9d84821da43d,user,9,lain,1.0
user_9d8f06f2a686,user,4,lain,1.0
user_9d90343a612c,user,1,lain,1.0
user_9da1c36cab38,user,2,lain,1.0
user_9daedf33f168,user,5,lain,1.0
user_9db9d4c9ee29,user,6,lain,1.0
user_9dbc4f496787,user,11,lain,1.0
user_9dc79c74bd7c,user,5,lain,1.0
user_9dceb4e04ed4,user,1,lain,1.0
user_9de014bc278e,user,1,lain,1.0
user_9de8053b72c9,user,3,takut (pujian?),1.0
user_9de9fb7e011d,user,5,lain,1.0
user_9df0e8902e99,user,2,lain,3.0
user_9e034da38b76,user,3,lain,1.0
user_9e0cf4d104f4,user,6,lain,1.0
user_9e0ea89003dc,user,2,lain,1.0
user_9e133bb3baf1,user,1,lain,1.0
user_9e197ed60339,user,3,lain,1.0
user_9e1a0490c77a,user,3,lain,1.0
user_9e32e1decb2c,user,9,lain,1.0
user_9e4972ee379a,user,4,lain,2.0
user_9e545fcd3d23,user,6,lain,1.0
user_9e54bc1cb70d,user,1,lain,1.0
user_9e5a82d1918d,user,7,takut (pujian?),1.0
user_9e5cc1e33179,user,1,lain,1.0
user_9e5d46b4b49b,user,1,niat menonton,1.0
user_9e66e3370ee9,user,3,niat menonton,1.0
user_9e7a61b8f84f,user,3,lain,1.0
user_9e885895244d,user,1,lain,1.0
user_9e8d8404b326,user,8,lain,1.0
user_9e8f628d0ee1,user,6,lain,1.0
user_9e9d4f173ed6,user,3,lain,1.0
user_9ea79cc0beb7,user,6,lain,2.0
user_9eba6ee37f75,user,3,lain,4.0
user_9ec1a150fd7f,user,3,lain,1.0
user_9ec21a4c7139,user,2,lain,1.0
user_9edb0e8b7c2a,user,11,takut (pujian?),1.0
user_9edc44d4c162,user,3,lain,1.0
user_9ede4c53f04e,user,6,lain,1.0
user_9ee0ba5b9933,user,1,lain,1.0
user_9efa2f4ef0f6,user,1,lain,1.0
user_9efffe14e5e4,user,2,lain,1.0
user_9f084e30b744,user,7,lain,1.0
user_9f2a0764fb8d,user,9,lain,1.0
user_9f2a1e547d02,user,5,lain,1.0
user_9f2e0033092f,user,10,lain,1.0
user_9f2e4097977d,user,9,lain,1.0
user_9f361cb9990a,user,12,lain,1.0
user_9f407456db18,user,5,lain,1.0
user_9f44d45a53c3,user,1,niat menonton,1.0
user_9f4887ed2cab,user,4,lain,1.0
user_9f4915cc868a,user,5,takut (pujian?),1.0
user_9f5f25988b88,user,4,lain,1.0
user_9f6392fbeb09,user,1,niat menonton,1.0
user_9f6d588260a0,user,1,lain,1.0
user_9f6e233c53b1,user,11,lain,1.0
user_9f8552bbb2b6,user,2,lain,1.0
user_9f9a18497d2b,user,5,lain,1.0
user_9fd384a246f7,user,2,lain,1.0
user_9fdae22572d4,user,3,lain,1.0
user_9fefaa6699e4,user,5,lain,1.0
user_9ff0e96c1159,user,1,lain,1.0
user_9ff668967109,user,2,lain,1.0
user_a012b01bf4c3,user,10,takut (pujian?),1.0
user_a01b3dcb1765,user,9,lain,1.0
user_a01dabcb2ef7,user,1,lain,1.0
user_a01f5c25b2a8,user,6,lain,1.0
user_a021212bfcdb,user,1,niat menonton,1.0
user_a02897d4c38d,user,7,lain,1.0
user_a029df0fd7e4,user,2,lain,1.0
user_a02ccf1bef74,user,7,niat menonton,1.0
user_a040264e5f7d,user,2,lain,1.0
user_a04e8dfaa12f,user,5,takut (pujian?),1.0
user_a054dd70097b,user,1,niat menonton,1.0
user_a05e9f62cbf5,user,4,lain,1.0
user_a06097b4c27f,user,4,lain,1.0
user_a06fb0e714e2,user,7,takut (pujian?),1.0
user_a07494d59c75,user,1,lain,1.0
user_a0769ef128c8,user,6,lain,2.0
user_a0992e958de4,user,9,lain,2.0
user_a09b5a73a540,user,2,lain,1.0
user_a0a16e26d3a8,user,11,lain,1.0
user_a0a25e4514fd,user,1,lain,1.0
user_a0aa138e8774,user,1,lain,1.0
user_a0c30c49ea48,user,6,lain,1.0
user_a0de5138edb5,user,8,takut (pujian?),1.0
user_a0e7e5ab7370,user,3,lain,1.0
user_a0ea41f4a045,user,1,lain,1.0
user_a0f0afc6d7a6,user,2,lain,1.0
user_a0fc3d48c47f,user,4,lain,1.0
user_a10d2a7a3489,user,7,lain,1.0
user_a113d5347cff,user,4,lain,1.0
user_a12025f4b783,user,2,lain,1.0
user_a122c1ab32e2,user,3,takut (pujian?),2.0
user_a1408412f9a9,user,7,niat menonton,1.0
user_a15db5d6c907,user,3,takut (pujian?),1.0
user_a1769d55ae61,user,4,lain,1.0
user_a1ae9dc98e44,user,11,lain,1.0
user_a1b4393b6d96,user,2,lain,2.0
user_a1b737429331,user,4,lain,1.0
user_a1c85673f48c,user,1,lain,1.0
user_a1cac79a0a8e,user,8,lain,1.0
user_a1cb60d08e42,user,2,lain,1.0
user_a1d190e3c8e8,user,5,takut (pujian?),1.0
user_a1d40d1eeffe,user,4,takut (pujian?),1.0
user_a1dbbdc3bc57,user,7,lain,1.0
user_a1dc737804bd,user,3,lain,1.0
user_a1e2fb6958f7,user,7,lain,1.0
user_a1f9a461b491,user,2,lain,1.0
user_a20eba09adcf,user,6,lain,1.0
user_a219188896da,user,4,takut (pujian?),1.0
user_a2244254eb97,user,2,lain,1.0
user_a2266df46aae,user,2,lain,1.0
user_a22cf1a4d4f7,user,5,lain,1.0
user_a23052ba4248,user,4,takut (pujian?),1.0
user_a23937dcb458,user,1,lain,1.0
user_a23ce246d98b,user,1,niat menonton,1.0
user_a243815c5019,user,2,lain,1.0
user_a256507c8cd3,user,1,lain,1.0
user_a27e87522212,user,1,lain,1.0
user_a28600104eab,user,6,lain,1.0
user_a2886dde1bc9,user,12,lain,1.0
user_a28e5ea04e99,user,1,takut (pujian?),1.0
user_a2acd28622ec,user,6,takut (pujian?),1.0
user_a2afa8ebbd39,user,1,lain,1.0
user_a2b245ec5e03,user,4,lain,1.0
user_a2b36a79d8b1,user,1,lain,1.0
user_a2c108dabc5e,user,7,lain,1.0
user_a30d19701d15,user,7,lain,1.0
user_a3119c6c69f3,user,1,lain,1.0
user_a312845b1275,user,1,lain,1.0
user_a3128f90f6b0,user,10,lain,1.0
user_a314a6330fa8,user,2,lain,1.0
user_a32691924cc2,user,3,lain,1.0
user_a342a37f96f6,user,2,lain,1.0
user_a365739b738b,user,2,lain,1.0
user_a3774416002a,user,1,lain,1.0
user_a39836721927,user,1,lain,1.0
user_a3bd1c2c2bf7,user,1,lain,1.0
user_a3be27288f2e,user,8,lain,1.0
user_a3bfc41979c4,user,10,lain,1.0
user_a3c7314d49f9,user,5,lain,1.0
user_a3cd33bb941f,user,2,lain,1.0
user_a3e8e6abc335,user,7,lain,1.0
user_a3ed94a1b3e6,user,2,lain,1.0
user_a40225d06a3d,user,1,lain,1.0
user_a41fb990ce0f,user,1,niat menonton,1.0
user_a4276f6a0707,user,8,lain,1.0
user_a43bcab8a393,user,2,lain,1.0
user_a442b60b3ebf,user,8,lain,1.0
user_a4556f420f7c,user,2,lain,1.0
user_a48c50e75e9e,user,10,lain,1.0
user_a48f9b562600,user,1,lain,1.0
user_a4a61b98fc61,user,8,lain,1.0
user_a4b966146887,user,1,takut (pujian?),1.0
user_a4c09ef5e872,user,11,lain,1.0
user_a4d6abc49517,user,5,takut (pujian?),1.0
user_a4d7bdbf00f5,user,1,takut (pujian?),1.0
user_a4dc770fd5dd,user,2,lain,1.0
user_a4f7d327ede5,user,9,lain,1.0
user_a51c7ce5897e,user,3,lain,1.0
user_a51de106ad25,user,3,niat menonton,1.0
user_a5289473048d,user,1,lain,1.0
user_a52d6c0e8926,user,2,lain,1.0
user_a542631284de,user,13,lain,1.0
user_a5626dd23326,user,9,lain,1.0
user_a56e3823ff44,user,1,niat menonton,1.0
user_a5747bfd8874,user,3,lain,1.0
user_a575905ca84e,user,5,lain,1.0
user_a59a67b467de,user,1,lain,1.0
user_a5a2e34ae606,user,7,lain,1.0
user_a5a3269e237d,user,2,lain,1.0
user_a5a8903e777c,user,1,lain,1.0
user_a5bcd4cb0e4c,user,1,takut (pujian?),1.0
user_a5c61e713a5b,user,3,takut (pujian?),1.0
user_a5d10c7c330e,user,1,lain,1.0
user_a5d2d266e932,user,4,lain,1.0
user_a5d62d229d2e,user,2,lain,1.0
user_a5d71bee47d7,user,1,lain,1.0
user_a5e13c53b347,user,1,niat menonton,1.0
user_a5f5843d0a96,user,1,niat menonton,1.0
user_a5f6d32117ae,user,1,lain,1.0
user_a6037f7a4c54,user,4,lain,1.0
user_a60765021262,user,3,lain,1.0
user_a614a9248395,user,2,lain,1.0
user_a61694370617,user,12,lain,1.0
user_a628cc780109,user,8,niat menonton,2.0
user_a6527fa0c53e,user,1,lain,1.0
user_a660798d5b05,user,9,lain,1.0
user_a67b2c444ad6,user,9,lain,1.0
user_a6a6db81cc5b,user,9,lain,1.0
user_a6c6742c0827,user,3,takut (pujian?),1.0
user_a6d06c837a0f,user,5,lain,1.0
user_a6d95f2eae57,user,8,lain,1.0
user_a6e5939492f8,user,10,lain,1.0
user_a6fad7a5e964,user,11,lain,1.0
user_a735613974b0,user,6,lain,1.0
user_a736c1fa288c,user,8,lain,1.0
user_a7399f095ee7,user,3,lain,1.0
user_a74275179b3b,user,2,lain,2.0
user_a759e852f858,user,7,lain,1.0
user_a7609fb9ba19,user,12,takut (pujian?),1.0
user_a76f2a4acf27,user,2,lain,1.0
user_a7727100d73e,user,6,lain,1.0
user_a784091e4556,user,6,lain,1.0
user_a7867eb2c620,user,2,lain,1.0
user_a79274765b33,user,8,lain,1.0
user_a792f6346be2,user,4,takut (pujian?),1.0
user_a79d80543788,user,2,lain,1.0
user_a7bff82668c9,user,8,lain,1.0
user_a7cb50ad42d3,user,1,takut (pujian?),1.0
user_a7d692057b81,user,10,takut (pujian?),1.0
user_a7d6d7c4a1ac,user,5,lain,1.0
user_a7dbeec28ec8,user,2,lain,1.0
user_a7e281bd7a80,user,1,niat menonton,1.0
user_a7ea9011af3f,user,1,lain,1.0
user_a7ed4b318c45,user,9,lain,2.0
user_a7f786f70792,user,2,lain,1.0
user_a802b31623aa,user,2,lain,1.0
user_a805a850f238,user,3,lain,1.0
user_a8069b4362d8,user,1,lain,1.0
user_a80d79a0e434,user,11,lain,1.0
user_a823a28c2575,user,12,lain,1.0
user_a82a2ac2a930,user,11,lain,1.0
user_a82bf2965761,user,1,niat menonton,1.0
user_a82c2da81204,user,2,lain,1.0
user_a834e9ad5103,user,6,lain,1.0
user_a83b21b37a21,user,2,lain,1.0
user_a857f591e63a,user,2,lain,1.0
user_a85877ad92c9,user,4,lain,1.0
user_a86f2cca6ce7,user,2,lain,5.0
user_a870c31a4b60,user,8,lain,1.0
user_a87400d418de,user,12,lain,1.0
user_a8828f1326d5,user,4,lain,1.0
user_a88476dfed89,user,6,lain,1.0
user_a89bffbe5448,user,4,takut (pujian?),1.0
user_a8acdf6f858f,user,2,lain,1.0
user_a8b08cfc5a4d,user,2,lain,1.0
user_a8b423a6825f,user,6,lain,1.0
user_a8bdf9db435b,user,2,lain,1.0
user_a8d9ddcef230,user,9,lain,1.0
user_a8de6002aff3,user,4,lain,1.0
user_a8ea9e2cc4f2,user,9,lain,1.0
user_a8eff3c314f4,user,6,lain,1.0
user_a8f4217ccece,user,2,lain,1.0
user_a92a7bbfbc7b,user,2,lain,1.0
user_a92ada6b1610,user,2,lain,1.0
user_a92ee9c5c5d2,user,1,lain,1.0
user_a933cbb24e81,user,6,lain,1.0
user_a9366f16faaf,user,8,lain,1.0
user_a93a7594a3ac,user,12,lain,1.0
user_a95c33043b02,user,1,takut (pujian?),1.0
user_a95d920cf572,user,8,lain,1.0
user_a96fdedcc2fb,user,7,lain,1.0
user_a975fd190b4a,user,9,lain,2.0
user_a976ba0a6f83,user,7,lain,1.0
user_a978b74bb04a,user,2,lain,1.0
user_a97f1dbbe24c,user,4,lain,1.0
user_a98623e7ad90,user,6,lain,1.0
user_a98e5f8cf573,user,3,lain,1.0
user_a9947464a703,user,3,niat menonton,1.0
user_a99dcbaf12df,user,2,lain,1.0
user_a9a576a5af3f,user,1,lain,1.0
user_a9c76afe6708,user,13,lain,1.0
user_a9cd8f6c7fb1,user,8,lain,1.0
user_a9cdb4dfd266,user,1,lain,3.0
user_a9e0d9aff3a3,user,1,niat menonton,1.0
user_a9e4cbaab2df,user,1,niat menonton,1.0
user_a9f20486b807,user,8,niat menonton,1.0
user_a9f63e048a40,user,4,takut (pujian?),1.0
user_a9f7acde51e7,user,2,lain,1.0
user_aa0310dd94a0,user,1,lain,1.0
user_aa0335d0b7cd,user,4,lain,1.0
user_aa08d5089f3a,user,8,lain,1.0
user_aa0bfca69ea2,user,11,lain,1.0
user_aa0c3120cb21,user,2,lain,1.0
user_aa0e0b47fd78,user,10,niat menonton,1.0
user_aa22ffd72a2d,user,6,takut (pujian?),1.0
user_aa43db65ea47,user,1,niat menonton,1.0
user_aa48834f68c0,user,1,lain,1.0
user_aa4d3300134f,user,1,niat menonton,1.0
user_aa5a134d38a5,user,2,lain,1.0
user_aa84149a9e1f,user,3,lain,1.0
user_aa8919ed6ca7,user,11,lain,1.0
user_aa8f6e33cdba,user,8,lain,1.0
user_aab53c9dff12,user,1,lain,1.0
user_aabc432f9df6,user,3,lain,1.0
user_aac6d76bbb16,user,11,lain,1.0
user_aad1bfd8041f,user,1,lain,1.0
user_aad57054ab4e,user,5,lain,2.0
user_aad592bab1b6,user,1,lain,1.0
user_aadeed674bd3,user,3,lain,1.0
user_aae1ab012b3d,user,12,lain,1.0
user_aaef0fed6054,user,4,lain,1.0
user_aaef520f9495,user,9,lain,1.0
user_ab05b58015b1,user,1,lain,1.0
user_ab18c0ba0078,user,6,lain,1.0
user_ab1bd13f1ae4,user,3,niat menonton,1.0
user_ab21abd67027,user,6,lain,1.0
user_ab24d8521fea,user,1,lain,1.0
user_ab2781aba256,user,1,lain,1.0
user_ab2dc96a5838,user,2,lain,1.0
user_ab3b0a519463,user,5,lain,1.0
user_ab49d7d94676,user,11,niat menonton,1.0
user_ab65d950547d,user,2,lain,1.0
user_ab684ec26539,user,11,lain,1.0
user_ab6f9a5efe33,user,5,lain,1.0
user_ab72509fba82,user,7,lain,1.0
user_ab89e5f41d03,user,5,lain,1.0
user_ab8e955ebb63,user,6,lain,1.0
user_ab8efe9cd6ad,user,7,niat menonton,1.0
user_ab8f0c414928,user,1,lain,1.0
user_ab97254a31f7,user,1,lain,1.0
user_ab997586a388,user,7,niat menonton,1.0
user_ab9d979f3604,user,5,lain,1.0
user_ab9f1c55e5c2,user,5,lain,1.0
user_abaadf2afb39,user,6,lain,1.0
user_abab8985b7b1,user,4,lain,1.0
user_abe01dcd9fee,user,1,lain,1.0
user_abe63d4ef162,user,5,lain,1.0
user_abee7deb2d1a,user,7,lain,1.0
user_abf1b0cdcee4,user,2,lain,1.0
user_abf55a303a5e,user,1,lain,1.0
user_abf94ae03eab,user,3,lain,1.0
user_ac092a3f2328,user,3,lain,1.0
user_ac0cdceb7fe7,user,4,niat menonton,1.0
user_ac2cf0ea0f2a,user,12,lain,1.0
user_ac346cb7776f,user,1,lain,1.0
user_ac40e969a330,user,3,takut (pujian?),1.0
user_ac4eb78056ca,user,1,niat menonton,1.0
user_ac5c2d36f5db,user,12,lain,1.0
user_ac5f7cc4b2a2,user,2,lain,1.0
user_ac603a98288c,user,3,lain,1.0
user_ac757d6f8961,user,4,lain,1.0
user_ac766734fbd4,user,11,lain,1.0
user_ac8a2428492b,user,11,lain,1.0
user_ac8edd99a4a6,user,4,takut (pujian?),1.0
user_acbf14f0f512,user,3,lain,1.0
user_accd044efb84,user,5,lain,1.0
user_acd0bf098dc0,user,9,lain,1.0
user_acdf0402de04,user,6,takut (pujian?),1.0
user_aced19235fdc,user,2,lain,1.0
user_acf3beca2ea5,user,11,lain,1.0
user_acf442e76f61,user,2,lain,1.0
user_acfa60c293bd,user,6,lain,1.0
user_ad048d5586ca,user,5,lain,1.0
user_ad0f3633e909,user,3,niat menonton,1.0
user_ad21fd13bfa4,user,11,lain,1.0
user_ad2297ddde68,user,7,lain,1.0
user_ad2357edfb41,user,3,takut (pujian?),1.0
user_ad25edd9ee2f,user,9,lain,1.0
user_ad3f26a7e5f6,user,11,lain,3.0
user_ad59b1bd7398,user,4,lain,1.0
user_ad68d12ce21d,user,5,lain,1.0
user_ad6c2f6ae4f9,user,3,lain,1.0
user_ad70ce38a0e6,user,3,niat menonton,1.0
user_ad73b4ad1462,user,2,lain,1.0
user_ad8402106f51,user,12,lain,1.0
user_ad9658926ba7,user,2,takut (pujian?),1.0
user_ad9aa58e8b9a,user,1,takut (pujian?),1.0
user_ad9f19432bc5,user,1,lain,1.0
user_ada3d806e98a,user,1,lain,1.0
user_adb7e12d6a5c,user,1,takut (pujian?),1.0
user_adc2024640ee,user,8,lain,1.0
user_adcd7d2b4ba7,user,1,niat menonton,1.0
user_add074b98501,user,1,lain,1.0
user_addbebcec98c,user,1,lain,1.0
user_ade73064e8d1,user,8,lain,1.0
user_ade8c0e802af,user,1,lain,1.0
user_ae011a1aab88,user,2,lain,1.0
user_ae0d5ab4c9d7,user,10,lain,1.0
user_ae436c34a31d,user,7,niat menonton,1.0
user_ae43e7e06427,user,10,lain,2.0
user_ae7371d0ae5d,user,5,lain,1.0
user_ae75f2cbab3d,user,2,lain,1.0
user_ae8ea05bec94,user,2,lain,1.0
user_ae9b46d6c75f,user,8,lain,1.0
user_aeb4d02cec63,user,5,lain,1.0
user_aec70d54b0b4,user,2,lain,1.0
user_aed5de8a600b,user,4,lain,1.0
user_aeecd48873ac,user,1,lain,1.0
user_aefdb54ded9c,user,6,takut (pujian?),3.0
user_af04660ed4a3,user,3,takut (pujian?),1.0
user_af13e461e0d5,user,5,lain,1.0
user_af1cbd3eac5e,user,1,lain,1.0
user_af224d99e097,user,7,takut (pujian?),1.0
user_af3197cf7a86,user,2,lain,1.0
user_af3b4110467c,user,3,lain,1.0
user_af410af1ac5f,user,5,lain,1.0
user_af41673d65fd,user,7,lain,1.0
user_af4435e19618,user,11,lain,1.0
user_af4a238ad87c,user,1,niat menonton,1.0
user_af564ec2a8ab,user,3,lain,1.0
user_af6f11f2375d,user,1,niat menonton,1.0
user_af767a1b548f,user,1,lain,2.0
user_af8480790e50,user,1,lain,1.0
user_af8cced3bc11,user,6,lain,3.0
user_afb0f51dcd79,user,1,niat menonton,1.0
user_afc1f634ff04,user,2,takut (pujian?),1.0
user_afc55455892a,user,2,lain,1.0
user_afdf09b12f52,user,2,lain,1.0
user_afe692bbf60b,user,5,lain,1.0
user_afec81ffb63e,user,1,lain,1.0
user_aff25e8582f1,user,1,takut (pujian?),1.0
user_b00a871d94ea,user,2,lain,1.0
user_b012dabf4b83,user,6,lain,1.0
user_b024b2b3353c,user,1,lain,1.0
user_b03731ba7375,user,6,lain,1.0
user_b03b53638a97,user,1,takut (pujian?),1.0
user_b05d2f0a0341,user,3,niat menonton,1.0
user_b06037b5c7ec,user,3,lain,1.0
user_b07546762a52,user,8,lain,1.0
user_b077d785dccc,user,1,takut (pujian?),1.0
user_b07945c5dcdb,user,7,lain,1.0
user_b082b1795326,user,1,takut (pujian?),1.0
user_b08ec5b2c2e7,user,9,lain,1.0
user_b09280c05c69,user,10,lain,1.0
user_b0a9b43cd2a3,user,1,takut (pujian?),1.0
user_b0b57dcf399e,user,1,lain,1.0
user_b0b9a77d711c,user,4,lain,1.0
user_b0c6b898d9d3,user,2,lain,1.0
user_b0ca9cd93dce,user,3,takut (pujian?),1.0
user_b0f6ff3800ff,user,11,lain,1.0
user_b0f761e4a671,user,4,lain,1.0
user_b103da250467,user,3,takut (pujian?),1.0
user_b1090eea825a,user,1,niat menonton,1.0
user_b10af853ef6b,user,4,lain,1.0
user_b12fc7474ce3,user,2,takut (pujian?),1.0
user_b130e1298f70,user,2,lain,1.0
user_b166e1f23a33,user,7,lain,1.0
user_b18cf111ae85,user,1,takut (pujian?),1.0
user_b19ce54702a8,user,3,lain,2.0
user_b19d68980c5c,user,1,lain,1.0
user_b1a3d2b8ffc7,user,2,lain,1.0
user_b1c0c9a27e9c,user,5,lain,1.0
user_b1c40186c150,user,3,takut (pujian?),1.0
user_b1cd576ab6ee,user,8,lain,1.0
user_b1d17d5d1e7f,user,2,lain,1.0
user_b1d48e2020c5,user,11,takut (pujian?),1.0
user_b1d95ee17d74,user,3,lain,1.0
user_b1e40b1f1e0f,user,2,lain,1.0
user_b1f2553cbcf7,user,3,lain,1.0
user_b20e821582e2,user,2,niat menonton,1.0
user_b2146a8b9f71,user,2,lain,2.0
user_b21d0fb095cd,user,5,lain,1.0
user_b2227f4d4c8f,user,10,lain,3.0
user_b2251ed2bb68,user,2,lain,1.0
user_b228f0b77b3b,user,1,niat menonton,1.0
user_b22cebaec714,user,2,takut (pujian?),1.0
user_b238b537a213,user,6,lain,1.0
user_b239747733c4,user,11,lain,1.0
user_b24d596c3883,user,4,takut (pujian?),1.0
user_b24f4ac62ae4,user,8,lain,1.0
user_b256af322c7e,user,5,lain,1.0
user_b257156d00a6,user,3,lain,1.0
user_b25e03f0aaec,user,1,lain,1.0
user_b26e50ddc3ae,user,3,takut (pujian?),1.0
user_b271c94cb87d,user,9,lain,1.0
user_b272d1631071,user,4,lain,1.0
user_b2746547b8a6,user,3,lain,1.0
user_b2945f01a493,user,8,lain,1.0
user_b2a2bd68c2d1,user,3,niat menonton,1.0
user_b2acfb189bd0,user,6,lain,2.0
user_b2b21ddcecf1,user,1,lain,1.0
user_b2b992968696,user,2,niat menonton,1.0
user_b2c256cab0fe,user,10,lain,1.0
user_b2c3ee235817,user,2,lain,1.0
user_b2db4fac384c,user,3,lain,1.0
user_b2e3e675483a,user,3,lain,1.0
user_b2e57ac717ed,user,4,lain,1.0
user_b2fc7309b282,user,6,lain,1.0
user_b3158d75f4bb,user,11,lain,1.0
user_b32cdf491eff,user,1,lain,1.0
user_b333374670ec,user,8,lain,1.0
user_b3355bfe5710,user,1,lain,1.0
user_b337464851e7,user,5,takut (pujian?),1.0
user_b337c02d9a67,user,4,lain,1.0
user_b33a31c17fb6,user,7,lain,1.0
user_b35a2ce83346,user,7,lain,1.0
user_b35b192fa07d,user,3,lain,1.0
user_b36134446bdb,user,5,lain,1.0
user_b36894daa7ed,user,7,lain,1.0
user_b370f358c257,user,10,lain,1.0
user_b3a915eb65f8,user,1,takut (pujian?),1.0
user_b3ad9f956f86,user,2,lain,1.0
user_b3b5f04b41b1,user,5,lain,2.0
user_b3b7d3eef0f2,user,10,lain,1.0
user_b3c52ee01851,user,11,lain,1.0
user_b3d0ab20d3d4,user,7,takut (pujian?),1.0
user_b3ee791d21d9,user,1,lain,1.0
user_b3f601b744d1,user,1,lain,1.0
user_b41d15bccdcb,user,7,lain,1.0
user_b41ffddf6b35,user,1,lain,1.0
user_b4278ccc6e88,user,4,lain,1.0
user_b4338633b5e1,user,2,lain,1.0
user_b440134d48dc,user,7,lain,1.0
user_b44f3419c8bc,user,1,lain,1.0
user_b46bf15ac8b6,user,6,lain,1.0
user_b4867f432cf0,user,6,lain,1.0
user_b4a41ec68f1d,user,4,lain,1.0
user_b4a5e3dcac93,user,2,lain,1.0
user_b4ae10757013,user,1,lain,1.0
user_b4b3423cd017,user,3,lain,1.0
user_b4bcab67c23d,user,1,lain,1.0
user_b4cef42cfb4e,user,3,lain,1.0
user_b4d7e01e9f52,user,12,lain,1.0
user_b4df78400cf1,user,5,lain,1.0
user_b508519142b2,user,1,lain,1.0
user_b50b44c3c2bd,user,10,lain,1.0
user_b50bc65aba8b,user,3,lain,1.0
user_b514a789a3d0,user,12,lain,1.0
user_b51730fe281e,user,5,lain,1.0
user_b51edb4979d6,user,1,niat menonton,1.0
user_b534db40f848,user,7,lain,1.0
user_b53be1ca82a7,user,12,lain,1.0
user_b55682ae3d50,user,10,lain,1.0
user_b56ef3dd9f70,user,1,takut (pujian?),1.0
user_b5740af82575,user,1,niat menonton,1.0
user_b580c714b3d5,user,2,lain,1.0
user_b5948d55b2f0,user,1,lain,1.0
user_b59ff2279918,user,8,lain,1.0
user_b5a5b64f38bc,user,8,niat menonton,1.0
user_b5ad8a2ce4b9,user,5,lain,1.0
user_b5afbf44cfe6,user,12,lain,1.0
user_b5b032ed36dd,user,8,lain,1.0
user_b5b773acaa6c,user,7,lain,1.0
user_b5c0d614b035,user,5,lain,1.0
user_b5cc9230019c,user,1,lain,1.0
user_b5d13c1ee5ce,user,1,niat menonton,1.0
user_b5e7836137fa,user,5,lain,1.0
user_b5f53e5516b3,user,6,lain,1.0
user_b5f7a8e4e17f,user,1,niat menonton,1.0
user_b6106c4e6274,user,11,lain,1.0
user_b62332c1ad24,user,9,lain,1.0
user_b6241cd207c5,user,1,lain,1.0
user_b62492b1aa41,user,5,lain,1.0
user_b62f49f7ef32,user,9,lain,2.0
user_b641d41991e6,user,2,lain,1.0
user_b645f4ddddf2,user,5,lain,1.0
user_b653f376f4d7,user,6,lain,2.0
user_b65519c74429,user,1,lain,1.0
user_b65534f38baf,user,10,takut (pujian?),1.0
user_b6666c94138d,user,7,lain,1.0
user_b6675c531ece,user,12,lain,1.0
user_b671c7bc83c8,user,1,niat menonton,1.0
user_b67d7b95e657,user,8,lain,1.0
user_b6892ba44c8b,user,1,lain,1.0
user_b698c2006b73,user,8,lain,1.0
user_b69afc29909b,user,1,niat menonton,1.0
user_b6ad1804ebe1,user,2,lain,1.0
user_b6ae958b7801,user,8,lain,1.0
user_b6af00346af3,user,3,lain,1.0
user_b6b47f9311c0,user,1,niat menonton,1.0
user_b6b7f8e9eac7,user,6,niat menonton,1.0
user_b6bc62635d7d,user,4,lain,1.0
user_b6d5ca831da0,user,3,lain,1.0
user_b6dc8345c301,user,2,lain,1.0
user_b704387aeb86,user,3,takut (pujian?),1.0
user_b70571b622cc,user,2,lain,1.0
user_b7120a6c1225,user,2,lain,1.0
user_b71542e006dc,user,8,lain,1.0
user_b735f642b75b,user,2,lain,2.0
user_b73b66aab0f0,user,1,lain,1.0
user_b73f2ac2afe8,user,3,lain,1.0
user_b742907b9604,user,1,lain,1.0
user_b749c58bbe29,user,7,lain,1.0
user_b74ca0a90f84,user,7,takut (pujian?),1.0
user_b7546c8409bb,user,4,lain,1.0
user_b798dea22911,user,5,lain,1.0
user_b79d6d2a80da,user,3,lain,1.0
user_b79e2e963297,user,2,lain,1.0
user_b7a6f0226f5e,user,8,lain,1.0
user_b7ab094130db,user,3,lain,1.0
user_b7ab15627393,user,8,lain,1.0
user_b7b8b5be94c0,user,5,takut (pujian?),1.0
user_b7beb99d2035,user,4,lain,1.0
user_b7c936b70836,user,7,lain,1.0
user_b7c9b78db1d5,user,5,lain,1.0
user_b7f9a44732a1,user,3,lain,1.0
user_b8009ac06f39,user,1,lain,1.0
user_b8156ff4ad43,user,1,lain,1.0
user_b817c729dc07,user,3,takut (pujian?),1.0
user_b81ada39dba6,user,4,lain,1.0
user_b82a08b79c5d,user,3,lain,1.0
user_b831f4805507,user,6,takut (pujian?),1.0
user_b8382a31275a,user,1,lain,2.0
user_b838f6fd99e1,user,2,lain,1.0
user_b84158fc1ef0,user,2,lain,2.0
user_b8507e5ca02f,user,4,takut (pujian?),1.0
user_b855050f6527,user,2,lain,1.0
user_b85a7b719568,user,11,niat menonton,1.0
user_b873bfd69e58,user,1,lain,1.0
user_b880fc72f305,user,6,lain,1.0
user_b883d3abf4dc,user,2,niat menonton,1.0
user_b88a74317eda,user,1,lain,1.0
user_b8957d78f317,user,2,takut (pujian?),1.0
user_b8985725fc6f,user,6,lain,1.0
user_b899788713f7,user,8,lain,1.0
user_b8aa3c0cbb1c,user,12,takut (pujian?),1.0
user_b8c7363c264c,user,9,lain,1.0
user_b8c7b227baf0,user,5,takut (pujian?),1.0
user_b8cf43960ced,user,1,lain,1.0
user_b8d1a84d3cc7,user,8,lain,1.0
user_b8d37b197404,user,3,lain,1.0
user_b8d9031cd63e,user,5,niat menonton,1.0
user_b8db25ccb58b,user,8,niat menonton,1.0
user_b8dfe91c7a74,user,2,lain,1.0
user_b8eeeaaaea13,user,1,lain,1.0
user_b8f87e991409,user,6,lain,1.0
user_b8faf5f61a03,user,10,lain,1.0
user_b8fbdedfff26,user,4,niat menonton,1.0
user_b8fc3e3d26ac,user,7,lain,3.0
user_b909cf4741ca,user,6,lain,1.0
user_b93b0ac294b3,user,9,lain,1.0
user_b93eb0bc9ef7,user,1,lain,1.0
user_b9463aac1079,user,5,takut (pujian?),1.0
user_b94edf318e34,user,1,takut (pujian?),1.0
user_b959d3fe7cc0,user,12,takut (pujian?),4.0
user_b96696478a7d,user,1,takut (pujian?),1.0
user_b972e07c1444,user,4,lain,1.0
user_b99dc8a0279e,user,3,lain,1.0
user_b9a685bf78e2,user,2,lain,1.0
user_b9a9e1b1fa8a,user,1,lain,1.0
user_b9bdd1552cb5,user,10,lain,2.0
user_b9d2acebb8e3,user,7,lain,1.0
user_b9e6641c897a,user,1,lain,1.0
user_b9f6d3fc3d3d,user,2,lain,1.0
user_b9f9a0dfce08,user,2,lain,1.0
user_b9f9f483fb6e,user,3,lain,1.0
user_ba00bce7d3c4,user,9,lain,1.0
user_ba11807d2f97,user,8,lain,1.0
user_ba21577ff258,user,4,takut (pujian?),1.0
user_ba228990b7f0,user,3,lain,1.0
user_ba3053f506f5,user,1,takut (pujian?),1.0
user_ba35aab46628,user,1,takut (pujian?),1.0
user_ba3623c6a2a0,user,1,lain,1.0
user_ba55052d740d,user,7,lain,1.0
user_ba5887ba6634,user,1,lain,1.0
user_ba675af069fc,user,4,lain,1.0
user_ba6d2ef2c0e4,user,11,lain,1.0
user_ba70c1fa2fcc,user,2,lain,1.0
user_ba819a51880c,user,2,lain,1.0
user_ba931fccac97,user,6,lain,1.0
user_bae083aa9e34,user,6,lain,1.0
user_baecb3f0085a,user,5,lain,1.0
user_baf9b88297a0,user,1,lain,1.0
user_bafd3feb2a2c,user,4,lain,2.0
user_bb04773c9987,user,1,lain,1.0
user_bb2820a2e629,user,4,lain,1.0
user_bb2f1aac2fb2,user,1,lain,1.0
user_bb37c24cda7f,user,1,lain,1.0
user_bb5495722609,user,9,lain,4.0
user_bb5863765b97,user,12,lain,1.0
user_bb77b52720bd,user,12,lain,1.0
user_bb7adb71eb5a,user,11,lain,1.0
user_bb8320cf7960,user,12,lain,1.0
user_bb8c3be63c5e,user,9,lain,1.0
user_bb9fba01bce8,user,1,lain,1.0
user_bbb45f58d27b,user,4,lain,1.0
user_bbb75d4e1d6d,user,10,lain,1.0
user_bbb830346be6,user,9,lain,2.0
user_bbbe587e9125,user,9,lain,1.0
user_bbc5efbd4c45,user,10,takut (pujian?),1.0
user_bbca0b6c945c,user,1,takut (pujian?),1.0
user_bbcbf29cccdf,user,6,lain,1.0
user_bbe76274a00e,user,3,lain,1.0
user_bbe8d4ffe910,user,2,lain,1.0
user_bbf924011877,user,3,takut (pujian?),1.0
user_bbfbf18badc7,user,2,niat menonton,1.0
user_bbfe9f1a27d5,user,3,lain,1.0
user_bbff7524fcbb,user,4,lain,1.0
user_bc19d0ea27d0,user,8,lain,1.0
user_bc402cc69365,user,8,lain,1.0
user_bc498aca5863,user,3,lain,1.0
user_bc4a4e462e38,user,11,lain,1.0
user_bc4bab7930a0,user,7,lain,3.0
user_bc51b1a5f363,user,5,lain,1.0
user_bc62999120bb,user,10,lain,1.0
user_bc66ad7026d3,user,9,lain,1.0
user_bc6817f6f8b0,user,1,takut (pujian?),1.0
user_bc6a1df90f1e,user,7,lain,1.0
user_bc6a3baec25b,user,10,takut (pujian?),1.0
user_bc705d001086,user,1,lain,1.0
user_bc709ceb5809,user,10,takut (pujian?),1.0
user_bc7586666dc3,user,1,lain,1.0
user_bc78e5ad993a,user,1,lain,1.0
user_bc7e4ae8c9b3,user,1,lain,1.0
user_bc804d163c41,user,1,lain,1.0
user_bc9a24c7dffd,user,4,takut (pujian?),1.0
user_bcb3e7fd3528,user,10,lain,1.0
user_bccbc38765bf,user,1,lain,1.0
user_bcdb4e8befb7,user,1,lain,1.0
user_bcdf69707aa5,user,8,lain,1.0
user_bce605138447,user,10,lain,1.0
user_bce62a73c297,user,2,lain,1.0
user_bcfd98995de8,user,1,lain,2.0
user_bd00f84880dd,user,4,takut (pujian?),1.0
user_bd0d9e4a4048,user,7,niat menonton,1.0
user_bd1d35cd04b9,user,5,lain,1.0
user_bd1fa7323ffe,user,2,takut (pujian?),1.0
user_bd27fd74f653,user,5,takut (pujian?),1.0
user_bd39f6a4d374,user,4,lain,1.0
user_bd3bc11cf64a,user,3,niat menonton,1.0
user_bd53e708b610,user,4,lain,1.0
user_bd5b37784da6,user,8,lain,1.0
user_bd5dd9d2838f,user,1,lain,1.0
user_bd7caed91dbd,user,2,lain,1.0
user_bd7e4f4108c6,user,2,lain,2.0
user_bd827c69594b,user,7,lain,1.0
user_bd835240133d,user,8,lain,1.0
user_bd91d7ba3cfb,user,10,lain,1.0
user_bda36d496c25,user,1,lain,1.0
user_bdc1366c3e00,user,4,lain,1.0
user_bdd345f175b0,user,3,niat menonton,1.0
user_bdd42dd7e864,user,1,lain,1.0
user_bddacccb2e15,user,9,lain,1.0
user_bddd03269f0b,user,12,lain,1.0
user_bddede09d1ae,user,3,lain,1.0
user_bde2cfb3c7c0,user,1,lain,1.0
user_bde7aeb72db0,user,6,lain,1.0
user_bde8952629e0,user,1,lain,1.0
user_bdea88f879d8,user,2,lain,1.0
user_bded340c6cc6,user,4,lain,1.0
user_be00b304956e,user,6,lain,1.0
user_be0182810d89,user,1,niat menonton,1.0
user_be038b1f3c6b,user,6,lain,1.0
user_be09ffb3551c,user,1,takut (pujian?),1.0
user_be0b2213c39d,user,2,lain,1.0
user_be1558047826,user,1,lain,1.0
user_be30778b8184,user,1,takut (pujian?),1.0
user_be3b2a164f83,user,1,niat menonton,1.0
user_be4f34a3678a,user,10,takut (pujian?),1.0
user_be4fd2b360aa,user,2,lain,1.0
user_be5932c0c9d0,user,4,takut (pujian?),1.0
user_be62850363c6,user,1,lain,3.0
user_be63ee5cd95b,user,7,takut (pujian?),1.0
user_be79c333d753,user,2,lain,1.0
user_be87c161eae6,user,2,lain,1.0
user_be8d245ffec4,user,1,lain,1.0
user_be96ea02f380,user,11,lain,1.0
user_beb148da9ca1,user,7,lain,1.0
user_bee24f098143,user,6,lain,1.0
user_bee8727a15f6,user,7,lain,1.0
user_bef127e87df8,user,9,lain,1.0
user_befc0fc287a4,user,6,lain,1.0
user_bf066cf12972,user,2,lain,1.0
user_bf14a9929a4b,user,3,lain,1.0
user_bf1ca2f4feb5,user,2,lain,2.0
user_bf216ba49717,user,2,lain,1.0
user_bf2d60116f6b,user,6,lain,1.0
user_bf35d35de749,user,1,lain,1.0
user_bf44c42112a8,user,7,lain,1.0
user_bf46421c68f3,user,1,lain,1.0
user_bf47a8ace445,user,2,lain,1.0
user_bf4b0177497e,user,4,lain,1.0
user_bf5e330c9633,user,2,lain,1.0
user_bf63305d5bcb,user,11,lain,1.0
user_bf68d387dde9,user,1,lain,1.0
user_bf706714c0cb,user,5,lain,1.0
user_bf78f9042887,user,1,lain,2.0
user_bf7de56c2bea,user,2,lain,1.0
user_bf846e0f45b4,user,4,takut (pujian?),1.0
user_bfc11773ca2f,user,5,lain,1.0
user_bfcd8d14f677,user,9,lain,1.0
user_bfd7ac2faf0e,user,7,lain,2.0
user_c00a12d4c8f3,user,3,lain,1.0
user_c00f896b62da,user,2,lain,1.0
user_c01831ece117,user,8,lain,1.0
user_c02504674650,user,5,lain,1.0
user_c029bc2dac90,user,8,lain,1.0
user_c03ba1649668,user,4,takut (pujian?),1.0
user_c0483817cf89,user,11,lain,1.0
user_c049589f502d,user,1,niat menonton,1.0
user_c0543a606168,user,1,lain,1.0
user_c054463c9d42,user,2,lain,1.0
user_c05832f40fa2,user,2,lain,1.0
user_c0643e417230,user,11,lain,1.0
user_c067e2ad81f5,user,7,lain,1.0
user_c08e8e85c0a5,user,1,lain,2.0
user_c09dbc4c1afb,user,1,lain,1.0
user_c0a9dbb9c593,user,3,niat menonton,1.0
user_c0b5f0273104,user,2,lain,1.0
user_c0c64561e8a3,user,1,lain,1.0
user_c0dbc6152d62,user,9,lain,1.0
user_c0f99f3a00b1,user,1,lain,1.0
user_c10e28b43c28,user,1,lain,1.0
user_c11fd779187b,user,7,lain,1.0
user_c123f7677b1b,user,2,lain,1.0
user_c14039b7c0a4,user,5,takut (pujian?),1.0
user_c14d38ae4059,user,3,lain,1.0
user_c15448b2718f,user,1,niat menonton,1.0
user_c155ba95574a,user,3,lain,1.0
user_c15cb704a906,user,2,lain,1.0
user_c16e22bf5698,user,7,lain,2.0
user_c177b2224195,user,1,lain,1.0
user_c17c9987617f,user,3,niat menonton,1.0
user_c1881feacf26,user,8,lain,1.0
user_c18df3f42789,user,5,takut (pujian?),1.0
user_c19d8186f69e,user,1,lain,1.0
user_c19fc8db9bb4,user,1,lain,1.0
user_c1afae74a91a,user,11,lain,1.0
user_c1b1d32ec246,user,7,lain,1.0
user_c1d2cd75f080,user,9,lain,1.0
user_c1f537f130fe,user,8,lain,1.0
user_c1f5fc113e7a,user,2,lain,1.0
user_c1ff1d5adf84,user,8,lain,1.0
user_c2036fa86ecd,user,10,lain,1.0
user_c206bc8709a3,user,1,lain,1.0
user_c20d531e044c,user,6,lain,1.0
user_c2155fd7cff4,user,1,lain,1.0
user_c225653bd118,user,12,lain,1.0
user_c22ef6d3b3e3,user,9,lain,1.0
user_c22f81622698,user,10,takut (pujian?),1.0
user_c23c805bfb27,user,8,lain,2.0
user_c2419453c3cc,user,3,lain,1.0
user_c242a489f99e,user,6,lain,3.0
user_c251ed9dce49,user,6,lain,1.0
user_c253b994035c,user,2,lain,1.0
user_c255866ae189,user,7,lain,1.0
user_c259b6636fcf,user,1,lain,1.0
user_c267a0107b78,user,1,takut (pujian?),1.0
user_c26f2434a2e2,user,6,lain,1.0
user_c2708e960015,user,6,lain,1.0
user_c275e479e97c,user,6,lain,1.0
user_c27a0ca06fc4,user,9,lain,1.0
user_c280f47e6967,user,1,niat menonton,1.0
user_c2830754fd8e,user,2,lain,1.0
user_c284e26058fd,user,5,lain,2.0
user_c28dc151cbcb,user,1,lain,1.0
user_c29079e0147f,user,9,lain,1.0
user_c295152e09a7,user,10,lain,1.0
user_c2a0208a062a,user,3,lain,1.0
user_c2a16df81690,user,8,lain,1.0
user_c2f30d4b5101,user,12,lain,1.0
user_c3002806e253,user,3,lain,1.0
user_c30419477c41,user,1,lain,1.0
user_c3060c8e1d1b,user,1,lain,1.0
user_c30d4d146204,user,1,lain,1.0
user_c314f1110c2a,user,1,lain,1.0
user_c31c8a1721e3,user,5,lain,1.0
user_c320a510ac6f,user,11,lain,1.0
user_c32282398748,user,8,lain,1.0
user_c32bd1d4a1dd,user,1,lain,1.0
user_c3352faa1404,user,11,lain,1.0
user_c368b88a89ca,user,1,lain,1.0
user_c3697503c308,user,4,lain,1.0
user_c36dff1fe05b,user,2,lain,1.0
user_c393080748df,user,1,niat menonton,1.0
user_c3beed6aca9c,user,1,lain,1.0
user_c3c64236fd22,user,1,lain,1.0
user_c3d7da5b8861,user,8,lain,1.0
user_c3e1ee9c97c1,user,11,lain,1.0
user_c3e202b0f729,user,4,lain,1.0
user_c3ed0c46a3b3,user,11,lain,1.0
user_c3f98e6ec23f,user,4,takut (pujian?),1.0
user_c400ab2d0787,user,2,lain,1.0
user_c42fd079c87e,user,7,lain,1.0
user_c4388714a87e,user,2,lain,1.0
user_c43bdf672734,user,10,lain,1.0
user_c43d86f41945,user,3,lain,1.0
user_c4609fffd9f9,user,2,lain,1.0
user_c48d84ae8c16,user,3,lain,1.0
user_c4970f8cdabe,user,8,lain,1.0
user_c4aa8a44cba9,user,1,lain,1.0
user_c4b87014ddd8,user,11,lain,1.0
user_c4bc75000a7e,user,1,lain,1.0
user_c4ca64184909,user,3,niat menonton,1.0
user_c4d1ab5e156e,user,4,takut (pujian?),1.0
user_c4d856fc871d,user,7,lain,1.0
user_c4e5c7b7139e,user,1,lain,1.0
user_c4ef99cf20a2,user,1,lain,1.0
user_c4f73805e579,user,1,lain,1.0
user_c51221550900,user,7,takut (pujian?),1.0
user_c52bf52c17c0,user,4,lain,1.0
user_c54a6b3b95db,user,1,lain,1.0
user_c556f6a1603e,user,1,lain,1.0
user_c55e8eebcf09,user,8,lain,1.0
user_c566d2540bc7,user,12,lain,1.0
user_c5795cc7c751,user,7,lain,1.0
user_c58b6aa23a48,user,8,lain,1.0
user_c58eae30a726,user,3,lain,1.0
user_c58ed8167264,user,6,lain,1.0
user_c5a59f4aa474,user,2,takut (pujian?),1.0
user_c5ae8dcf46c5,user,4,lain,1.0
user_c5b1abb52d6b,user,2,lain,1.0
user_c5ba99efc4aa,user,9,lain,2.0
user_c5c17beaefec,user,9,lain,1.0
user_c5e172df84e6,user,4,lain,1.0
user_c5ea285aac2e,user,5,lain,1.0
user_c6014cdb0280,user,8,lain,1.0
user_c6027a6afcf7,user,1,lain,1.0
user_c6113d5b70a6,user,2,lain,1.0
user_c612cedbd3ca,user,6,lain,1.0
user_c6167cfbe2d8,user,2,lain,1.0
user_c62fff943755,user,1,lain,1.0
user_c6368f40bc78,user,11,lain,1.0
user_c63b81e8094d,user,10,lain,1.0
user_c6455b2549de,user,1,niat menonton,1.0
user_c658c132de57,user,5,lain,1.0
user_c6633deb50f7,user,8,lain,1.0
user_c665262c835c,user,4,lain,1.0
user_c66dd0a66c32,user,4,lain,1.0
user_c679ac37f9bc,user,6,lain,1.0
user_c68e791fc360,user,2,niat menonton,1.0
user_c6a4e847f472,user,1,lain,1.0
user_c6b8ef06ff07,user,1,niat menonton,1.0
user_c6c607c71c83,user,1,lain,1.0
user_c6d7f5842923,user,3,lain,1.0
user_c6e137f2208e,user,1,lain,1.0
user_c6e5d0cc2ee3,user,3,lain,1.0
user_c6e9c4416794,user,3,niat menonton,1.0
user_c6f6c7c1092d,user,4,lain,1.0
user_c6ff7e74e44f,user,1,lain,1.0
user_c702045e3d31,user,3,takut (pujian?),1.0
user_c708aa11b80a,user,7,niat menonton,1.0
user_c72b751e56db,user,3,takut (pujian?),1.0
user_c73242a6971a,user,3,lain,1.0
user_c7356e89ff63,user,1,lain,1.0
user_c7646bccaef9,user,1,lain,1.0
user_c7646cdbf3fd,user,1,lain,1.0
user_c7646cded49b,user,5,lain,1.0
user_c7766de2c791,user,7,takut (pujian?),1.0
user_c77a990e829a,user,3,lain,1.0
user_c77e62f739b7,user,4,lain,1.0
user_c78605f5318f,user,3,takut (pujian?),1.0
user_c78a927ba880,user,2,lain,1.0
user_c78fa7b7af4e,user,2,lain,1.0
user_c79093ceb5f1,user,3,niat menonton,1.0
user_c795bc711704,user,1,lain,1.0
user_c796437b4273,user,2,lain,1.0
user_c79be2a75174,user,5,lain,1.0
user_c79fefac6e02,user,3,lain,1.0
user_c7a6fa9cf90b,user,1,lain,1.0
user_c7a7e08c6f85,user,1,niat menonton,1.0
user_c7a8b4e14546,user,1,lain,1.0
user_c7ba36115b00,user,11,lain,1.0
user_c7bab77c0b82,user,2,lain,1.0
user_c7c58a012eb5,user,2,lain,1.0
user_c7ca58076514,user,8,lain,2.0
user_c7cd829464cf,user,1,niat menonton,1.0
user_c7d142d7b916,user,2,niat menonton,1.0
user_c7deca4149ad,user,1,lain,1.0
user_c7e3b166541d,user,2,niat menonton,1.0
user_c7ed296f8731,user,7,lain,1.0
user_c7f2d7e941c0,user,7,lain,1.0
user_c7fcf2510e85,user,1,lain,2.0
user_c80733b7c1e9,user,2,lain,1.0
user_c80dc0e52a22,user,11,lain,1.0
user_c8157e21ce69,user,1,lain,1.0
user_c8212e1a083c,user,3,takut (pujian?),1.0
user_c824f00c61dc,user,7,niat menonton,1.0
user_c8359b86779e,user,4,takut (pujian?),1.0
user_c835bcde244f,user,3,takut (pujian?),1.0
user_c836918f146b,user,1,lain,1.0
user_c855d5a6b8f7,user,1,lain,1.0
user_c8612635eaf4,user,1,niat menonton,1.0
user_c86e55171139,user,1,lain,1.0
user_c8ac016c88cc,user,10,lain,1.0
user_c8adacf54951,user,7,lain,1.0
user_c8b44e056be4,user,1,lain,1.0
user_c8c0c7ea152f,user,1,lain,3.0
user_c8c829a49a74,user,3,lain,1.0
user_c8c859ce564f,user,6,lain,1.0
user_c8ec96107bca,user,1,lain,1.0
user_c8f3ae14fa0c,user,1,lain,1.0
user_c8f4b55a7427,user,3,takut (pujian?),1.0
user_c8fccfd2c39d,user,8,lain,1.0
user_c9073d63e1a0,user,2,niat menonton,1.0
user_c9164be0d067,user,2,lain,1.0
user_c92abbed3912,user,9,lain,1.0
user_c934f2e6f4e1,user,9,niat menonton,1.0
user_c94eb78d3c66,user,10,takut (pujian?),2.0
user_c950ac40c152,user,1,lain,1.0
user_c952867dc295,user,7,takut (pujian?),1.0
user_c9557a104e32,user,1,lain,1.0
user_c963f9691aaf,user,2,lain,1.0
user_c96804a4eaab,user,11,lain,1.0
user_c975a9fd5727,user,4,lain,1.0
user_c99a917d656c,user,1,lain,1.0
user_c9b655536554,user,4,lain,1.0
user_c9c5fbacad8f,user,2,lain,1.0
user_c9d2a5233ab8,user,2,lain,1.0
user_c9dc0b286012,user,3,lain,1.0
user_c9de5944fd46,user,4,lain,1.0
user_c9eebf6350da,user,7,takut (pujian?),1.0
user_ca0fa9500d56,user,1,niat menonton,1.0
user_ca219f25f975,user,5,lain,1.0
user_ca2ba15b05f1,user,3,lain,1.0
user_ca400b652e17,user,5,lain,1.0
user_ca5d5698d138,user,2,takut (pujian?),1.0
user_ca65882997b0,user,4,lain,1.0
user_ca69ef6e4f33,user,10,lain,1.0
user_ca766988fbaf,user,12,takut (pujian?),1.0
user_ca855ef1d0a0,user,9,lain,1.0
user_ca8ffe21cc6b,user,9,lain,2.0
user_caa6bbb77cdb,user,4,niat menonton,1.0
user_cabb8eff49b6,user,8,lain,1.0
user_cabe42858669,user,7,lain,1.0
user_cabe9106f9df,user,5,lain,2.0
user_cabee19a7c74,user,2,takut (pujian?),1.0
user_cad0929bd64f,user,8,lain,1.0
user_cad4a2f954e6,user,12,takut (pujian?),1.0
user_cad4a7bbbd02,user,1,lain,1.0
user_cae9048ef8a4,user,4,lain,1.0
user_caf5be43334a,user,8,niat menonton,1.0
user_cafb40e9ef6e,user,1,lain,1.0
user_cb00910dab6a,user,1,lain,1.0
user_cb128f563bb8,user,1,takut (pujian?),1.0
user_cb156013a21a,user,6,lain,1.0
user_cb16819648b0,user,8,lain,1.0
user_cb1c3838849f,user,2,lain,1.0
user_cb23ba57bb38,user,7,lain,1.0
user_cb2d27d051de,user,3,lain,1.0
user_cb3a65b0923d,user,1,lain,1.0
user_cb492885bf0f,user,2,lain,1.0
user_cb608f5d6b0f,user,2,lain,1.0
user_cb61019f7d65,user,3,lain,1.0
user_cb648a771651,user,6,lain,1.0
user_cb7a6ade45bd,user,2,lain,1.0
user_cb8cdb911f25,user,10,takut (pujian?),1.0
user_cb9c346a2412,user,10,lain,1.0
user_cba39ea53dca,user,8,lain,1.0
user_cba4afb537c3,user,3,lain,1.0
user_cbc9bb9655f2,user,12,takut (pujian?),1.0
user_cbd0111ebd1c,user,11,lain,1.0
user_cbfc1d1bc61e,user,2,lain,1.0
user_cc054ce57cdd,user,3,lain,1.0
user_cc0645edb93b,user,2,lain,1.0
user_cc103df32fc5,user,4,lain,1.0
user_cc1e33e2792b,user,3,lain,1.0
user_cc23561ef195,user,7,lain,1.0
user_cc4c0b7a71ac,user,1,lain,1.0
user_cc55dc80d2bc,user,1,lain,1.0
user_cc57c493cf82,user,5,takut (pujian?),1.0
user_cc599b85ca28,user,1,lain,1.0
user_cc676f600883,user,5,lain,1.0
user_cc6c61d68f25,user,2,lain,1.0
user_cc733a6811bd,user,3,lain,1.0
user_cc76c423e0eb,user,5,lain,1.0
user_cc7b7ccbec55,user,8,lain,1.0
user_cc7ecdcab3aa,user,2,lain,1.0
user_cc7ecf4e27f6,user,5,lain,1.0
user_cc856fda905b,user,2,lain,1.0
user_cc89a1c9684c,user,1,lain,1.0
user_cc9cc07fb4c8,user,5,takut (pujian?),1.0
user_ccb1188d644d,user,1,takut (pujian?),1.0
user_ccb5fb453047,user,6,lain,1.0
user_ccbac5c0f9fd,user,5,lain,1.0
user_ccbf9a8b315b,user,4,lain,2.0
user_ccc255c9d9f0,user,3,takut (pujian?),1.0
user_ccc6b4c4b7ae,user,1,niat menonton,1.0
user_cce729a7cd50,user,3,lain,1.0
user_cce93805c316,user,9,lain,1.0
user_ccfdac3e2c90,user,5,lain,1.0
user_cd1210c8f4c6,user,4,lain,1.0
user_cd24ccf03b82,user,7,lain,1.0
user_cd443c32f401,user,5,niat menonton,1.0
user_cd4738b0c214,user,2,lain,1.0
user_cd4899a1ed43,user,8,lain,1.0
user_cd48e90bcd90,user,2,lain,1.0
user_cd51fa214a19,user,1,lain,1.0
user_cd5855d27353,user,1,lain,1.0
user_cd619225cc49,user,2,lain,1.0
user_cd6977353e0d,user,6,lain,1.0
user_cd746b759464,user,7,lain,1.0
user_cd76a1f1c924,user,3,lain,1.0
user_cd7ef31cd398,user,2,lain,1.0
user_cd7fb5b6c60f,user,5,lain,1.0
user_cd889b6e236f,user,1,takut (pujian?),1.0
user_cd953b091a8f,user,2,lain,1.0
user_cd9783cd928f,user,12,lain,1.0
user_cda96d08420f,user,6,lain,1.0
user_cdc1ee1c106b,user,1,takut (pujian?),1.0
user_cdcbeabd6907,user,6,lain,1.0
user_cde0f9cef5bb,user,5,lain,1.0
user_cded0681f4f9,user,12,lain,1.0
user_ce05a1833a58,user,10,takut (pujian?),1.0
user_ce35e1cd3cdb,user,1,takut (pujian?),1.0
user_ce36d3ed3858,user,5,lain,1.0
user_ce4ce2b33316,user,8,lain,1.0
user_ce55e0f0b99c,user,8,lain,1.0
user_ce59fbe7833c,user,1,lain,1.0
user_ce77792823d9,user,1,takut (pujian?),1.0
user_ce78090792cd,user,2,niat menonton,1.0
user_ce9c19120275,user,2,lain,1.0
user_ce9c58e78d8f,user,5,niat menonton,1.0
user_ce9d553d76c0,user,2,takut (pujian?),1.0
user_ceaf65dfb9b0,user,1,niat menonton,1.0
user_ceb495eb90fb,user,2,lain,1.0
user_cebe113937f3,user,1,lain,1.0
user_ced94c896da3,user,3,lain,1.0
user_cee36de6fd5b,user,1,lain,1.0
user_cee701c98977,user,5,lain,1.0
user_cef5307804f0,user,2,lain,1.0
user_cef5a4ebd1ae,user,8,lain,1.0
user_cf08351be6b3,user,12,lain,1.0
user_cf0b95231fb8,user,1,lain,1.0
user_cf1ab3cfaf99,user,6,lain,1.0
user_cf1eb00c6184,user,1,lain,1.0
user_cf2e3200b835,user,5,takut (pujian?),1.0
user_cf69928dba41,user,3,lain,1.0
user_cf736b57a1d8,user,2,takut (pujian?),1.0
user_cf86493846ca,user,5,lain,1.0
user_cf8ed4935741,user,8,lain,2.0
user_cf93b38349c1,user,8,lain,1.0
user_cfa2d3b43716,user,9,lain,1.0
user_cfa5053c14de,user,5,lain,1.0
user_cfa7b6bdd5b3,user,3,takut (pujian?),1.0
user_cfa84248b9f1,user,5,lain,1.0
user_cfa9c8698a91,user,4,lain,1.0
user_cfc41ca0d3a1,user,10,takut (pujian?),1.0
user_cfe093d2ffe7,user,8,lain,1.0
user_cfec7264b21d,user,3,lain,1.0
user_cff6ede56f2a,user,9,lain,1.0
user_cffde06bd0b6,user,2,niat menonton,1.0
user_cffe82be23be,user,1,takut (pujian?),1.0
user_d0197384db25,user,1,lain,1.0
user_d019a68b1a97,user,2,lain,1.0
user_d01ad3d8a041,user,1,lain,1.0
user_d0277fcec497,user,5,lain,1.0
user_d0442a711d10,user,2,takut (pujian?),1.0
user_d04ca91c16e2,user,2,lain,1.0
user_d04d6543906d,user,1,takut (pujian?),1.0
user_d054bc554a02,user,2,lain,1.0
user_d062e931d58c,user,2,lain,1.0
user_d070e0bb083b,user,2,lain,1.0
user_d07b72637b04,user,1,lain,1.0
user_d08007c3a8ba,user,1,lain,1.0
user_d0888c54689a,user,1,lain,1.0
user_d08c3b4709f8,user,4,lain,1.0
user_d09e91b413e9,user,10,lain,1.0
user_d0b7cdf98078,user,11,lain,1.0
user_d0d1276f511d,user,1,lain,1.0
user_d0e027c55999,user,6,lain,1.0
user_d0ea5f23e6e7,user,9,lain,1.0
user_d0f3087da6fb,user,1,lain,1.0
user_d0fb05b64b8b,user,7,lain,1.0
user_d1224039dfd5,user,11,lain,1.0
user_d1415f7ea2ff,user,8,lain,1.0
user_d15871d07a39,user,8,lain,1.0
user_d180a9cf9183,user,2,lain,1.0
user_d1895e36437d,user,1,lain,1.0
user_d18b3817b03b,user,8,niat menonton,1.0
user_d18c7d7a8555,user,3,lain,1.0
user_d18cd0396d6b,user,6,lain,1.0
user_d198047dd244,user,4,lain,1.0
user_d1a74d22769d,user,1,lain,1.0
user_d1b16af85f74,user,6,lain,1.0
user_d1cfd040593d,user,1,lain,1.0
user_d1d9ac9a9e6c,user,10,lain,1.0
user_d1e0e328db29,user,6,lain,1.0
user_d20220c8882c,user,3,lain,1.0
user_d2044bc59d4d,user,1,lain,1.0
user_d21a7a2f62bf,user,1,lain,1.0
user_d21e06c539fb,user,6,niat menonton,1.0
user_d22e3be340a2,user,1,lain,1.0
user_d2303642f81c,user,5,lain,1.0
user_d250087913c7,user,1,niat menonton,1.0
user_d263891ad13d,user,8,lain,1.0
user_d268afef41d7,user,1,lain,2.0
user_d27e3250af6b,user,3,lain,1.0
user_d288a1bc9abd,user,2,lain,1.0
user_d29566c8a282,user,7,takut (pujian?),1.0
user_d2a524278458,user,7,takut (pujian?),1.0
user_d2cfb55e3cf3,user,3,lain,1.0
user_d2d686631e69,user,1,niat menonton,1.0
user_d2f78f7197a2,user,1,lain,1.0
user_d302134c2f47,user,3,lain,1.0
user_d3051fc52a06,user,8,lain,1.0
user_d311a85a3a1a,user,10,lain,1.0
user_d314aa3b5027,user,2,lain,1.0
user_d34a01c2f3e6,user,8,lain,1.0
user_d3525138b81a,user,2,lain,1.0
user_d37439cd760d,user,1,lain,1.0
user_d382d93d346e,user,2,lain,1.0
user_d385f78bdec9,user,1,lain,1.0
user_d38dbf198243,user,2,lain,1.0
user_d391b8dddfe0,user,5,lain,1.0
user_d398dff24b2c,user,1,lain,1.0
user_d3b20b0bdd73,user,1,lain,1.0
user_d3bb3cc36da9,user,1,lain,1.0
user_d3c57408d206,user,2,lain,1.0
user_d3df62c0623b,user,2,takut (pujian?),1.0
user_d3e628b32412,user,11,lain,1.0
user_d3fa94a3e86d,user,2,lain,1.0
user_d3fb532eb2f5,user,5,niat menonton,1.0
user_d3fc10891865,user,5,lain,1.0
user_d402685804a6,user,8,lain,1.0
user_d409c0f9d833,user,3,lain,1.0
user_d429ab31fa07,user,7,lain,1.0
user_d42b577e94b3,user,2,lain,1.0
user_d43063cdef3c,user,2,lain,1.0
user_d4370263477e,user,9,lain,1.0
user_d44ee311fe09,user,8,takut (pujian?),1.0
user_d44f8464438e,user,6,lain,1.0
user_d452e2ae0013,user,1,lain,1.0
user_d47abfa9a186,user,2,lain,1.0
user_d47c4fd83155,user,1,lain,1.0
user_d493086c44f3,user,2,lain,1.0
user_d498dbb35370,user,1,lain,2.0
user_d4b37808c915,user,2,lain,1.0
user_d4b3b233a427,user,6,lain,1.0
user_d4bc5912147f,user,8,lain,1.0
user_d4c19042c95e,user,7,lain,1.0
user_d4d3c7a0b250,user,1,lain,1.0
user_d501f33e5fd7,user,8,lain,1.0
user_d51e5aca02f8,user,1,lain,1.0
user_d52f5d39d079,user,4,lain,1.0
user_d531a8b56c66,user,3,lain,1.0
user_d5392ceafff1,user,3,takut (pujian?),1.0
user_d53a3cd3b5bf,user,6,niat menonton,1.0
user_d53b36a3e3f0,user,2,lain,1.0
user_d5406236dace,user,4,lain,1.0
user_d543c2b56ef2,user,6,lain,1.0
user_d56ffe828076,user,1,lain,3.0
user_d57d9b225414,user,7,lain,1.0
user_d58295682463,user,1,lain,1.0
user_d58a84804a15,user,3,lain,1.0
user_d59abe22bc62,user,2,lain,1.0
user_d5bd4c2b3dcb,user,5,takut (pujian?),1.0
user_d5c05f353d31,user,5,lain,1.0
user_d5c212ac3b37,user,7,lain,1.0
user_d5df640d549c,user,7,lain,1.0
user_d5df9ee49a8f,user,5,lain,1.0
user_d5eaba3fd702,user,2,lain,1.0
user_d5fc19f3149a,user,3,lain,1.0
user_d603967da6ab,user,2,lain,1.0
user_d618c596781b,user,9,lain,6.0
user_d61977e403ff,user,3,lain,1.0
user_d62cc82a8060,user,6,lain,1.0
user_d6398d1733c6,user,2,lain,1.0
user_d63e4b242f42,user,1,lain,1.0
user_d641b694e819,user,5,lain,1.0
user_d643757baf4f,user,11,lain,1.0
user_d643fda3b5ee,user,11,lain,2.0
user_d6536543d192,user,8,lain,1.0
user_d654e4b7e571,user,4,lain,1.0
user_d6569f794366,user,2,lain,1.0
user_d6593a4ee6f8,user,10,lain,1.0
user_d66969c76566,user,6,lain,2.0
user_d66f01d8021c,user,2,lain,1.0
user_d6724a132b5c,user,2,niat menonton,1.0
user_d675262779fd,user,11,lain,1.0
user_d67803b7f216,user,6,lain,1.0
user_d67c965cfe41,user,2,lain,1.0
user_d6831f0bcb3f,user,12,takut (pujian?),1.0
user_d68da0c55b0f,user,7,lain,2.0
user_d68da30aba58,user,9,lain,1.0
user_d6960ed9c274,user,10,lain,1.0
user_d6b762caeb02,user,2,lain,1.0
user_d6bca8cf37c2,user,8,lain,1.0
user_d6bde053d87d,user,13,niat menonton,1.0
user_d6c053b0e765,user,4,lain,1.0
user_d6e03baace0f,user,2,lain,1.0
user_d6e0dcfd53de,user,1,niat menonton,1.0
user_d6eccc588668,user,3,lain,1.0
user_d6f1bd235522,user,6,lain,1.0
user_d6f666a21ec8,user,10,lain,1.0
user_d6fe4db54895,user,2,niat menonton,1.0
user_d708db2ad3c0,user,7,lain,1.0
user_d70d6fda506c,user,3,lain,1.0
user_d71fc8c3222a,user,3,lain,1.0
user_d7210fe774ca,user,1,lain,1.0
user_d722f9e731ee,user,2,lain,1.0
user_d740864255e4,user,1,niat menonton,1.0
user_d74fbd740c8f,user,6,lain,1.0
user_d756921137c5,user,3,lain,1.0
user_d76c8665080d,user,3,lain,1.0
user_d77685adfb51,user,12,lain,1.0
user_d7770bb6c9d9,user,1,takut (pujian?),1.0
user_d77f6c68ddd1,user,3,lain,1.0
user_d79210608e78,user,1,niat menonton,1.0
user_d79a9f1d2a57,user,1,lain,1.0
user_d7ae77ed8d8a,user,2,lain,1.0
user_d7b234482a67,user,3,lain,1.0
user_d7b42714a8bc,user,1,lain,1.0
user_d7b7f1647637,user,8,lain,1.0
user_d7be20f6e465,user,7,lain,1.0
user_d7c781c98a9e,user,6,lain,1.0
user_d7d69fcc297e,user,6,takut (pujian?),1.0
user_d7e1e268e483,user,9,lain,1.0
user_d7e45661ab7a,user,8,lain,1.0
user_d7e4bf93168e,user,9,lain,3.0
user_d7e721643601,user,10,lain,1.0
user_d8105ab99576,user,3,lain,1.0
user_d8132767a7bf,user,4,takut (pujian?),1.0
user_d8148bf7b570,user,1,lain,1.0
user_d82a1ee0f05b,user,3,takut (pujian?),1.0
user_d82b3789f3ee,user,3,lain,1.0
user_d83f2a22f650,user,12,lain,2.0
user_d83f67b9fcf0,user,1,niat menonton,1.0
user_d842f51e3a4c,user,2,lain,1.0
user_d85091d07416,user,1,takut (pujian?),1.0
user_d881047776b2,user,9,lain,1.0
user_d89c5d034728,user,4,lain,1.0
user_d8a33556a05e,user,4,lain,1.0
user_d8a51522df8e,user,3,lain,1.0
user_d8ac76938388,user,8,lain,1.0
user_d8e16d21b360,user,3,lain,1.0
user_d8ec99237d9c,user,3,lain,4.0
user_d8fda89b41a0,user,5,lain,1.0
user_d8ff2627f035,user,1,takut (pujian?),1.0
user_d90fee5213d2,user,3,lain,1.0
user_d9206ab67ab8,user,3,niat menonton,1.0
user_d93d3fb2a819,user,2,lain,1.0
user_d93d99e8fe9a,user,6,niat menonton,1.0
user_d943bb2e8c3c,user,2,lain,1.0
user_d950a1138663,user,1,lain,3.0
user_d95df130f5a8,user,2,lain,1.0
user_d9675968fdfc,user,12,lain,1.0
user_d9691b4b8cf4,user,6,lain,1.0
user_d9727cad7bc7,user,6,niat menonton,1.0
user_d980087c68ce,user,1,lain,1.0
user_d986dcb6ee40,user,6,lain,1.0
user_d9b0e3bbb569,user,3,takut (pujian?),1.0
user_d9b3537346da,user,2,lain,1.0
user_d9b5287a88fc,user,7,lain,1.0
user_d9bdf485147b,user,1,lain,1.0
user_d9c8388ddcb6,user,1,niat menonton,1.0
user_d9cf53b89ca5,user,6,lain,1.0
user_d9db18e300a9,user,1,takut (pujian?),1.0
user_d9e3b3dc0674,user,4,lain,1.0
user_d9e402525c40,user,1,lain,1.0
user_d9e8c45624d9,user,6,lain,1.0
user_d9e8e5e7bdd7,user,3,lain,1.0
user_d9eb6dfcb576,user,12,niat menonton,1.0
user_d9f2f022def1,user,4,lain,1.0
user_d9f9878f88d7,user,3,lain,1.0
user_da02d861a144,user,3,takut (pujian?),1.0
user_da046250f5bf,user,1,lain,1.0
user_da1997707ebd,user,4,lain,1.0
user_da1c0d0fbe49,user,1,lain,1.0
user_da1e0a41474c,user,6,lain,1.0
user_da20001b0eaf,user,1,niat menonton,1.0
user_da342a352bd0,user,6,lain,1.0
user_da38f92f3fe5,user,4,lain,1.0
user_da3a113ee6ad,user,6,lain,2.0
user_da4e84b5e5f8,user,1,lain,1.0
user_da54765e7436,user,8,lain,1.0
user_da55513e4eef,user,1,niat menonton,1.0
user_da5ea5d80aea,user,1,lain,1.0
user_da7148e74e71,user,11,lain,1.0
user_da8e05836c16,user,2,lain,1.0
user_da8e6379024a,user,12,lain,1.0
user_da95520f213a,user,8,lain,1.0
user_da9ded918fd6,user,10,lain,1.0
user_daa3259998f5,user,9,lain,1.0
user_daac34c0acfe,user,2,lain,1.0
user_daaf728177ac,user,6,takut (pujian?),1.0
user_dac046cc694d,user,11,lain,1.0
user_dac2fbccbdd4,user,4,lain,1.0
user_dac426823288,user,2,lain,1.0
user_dad8699c196e,user,11,lain,1.0
user_dad87c6a53d8,user,3,lain,2.0
user_dadbc735299a,user,7,lain,1.0
user_daf39886866b,user,2,lain,1.0
user_daf48a99e58f,user,1,lain,1.0
user_db00cd8983c1,user,1,niat menonton,1.0
user_db15195dae97,user,1,takut (pujian?),1.0
user_db1ae786a566,user,3,takut (pujian?),1.0
user_db260822f3d1,user,3,lain,1.0
user_db3a1d41a083,user,5,niat menonton,1.0
user_db41571195f0,user,10,lain,1.0
user_db46a68c194d,user,2,lain,1.0
user_db62121733ac,user,9,lain,1.0
user_db6d4766542c,user,3,lain,1.0
user_db72eb2dcded,user,4,lain,1.0
user_db86806cf554,user,3,lain,1.0
user_db908f1efef8,user,12,lain,1.0
user_dbacac5bf6c3,user,2,lain,1.0
user_dbb852b181a2,user,11,lain,1.0
user_dbd2a8f22578,user,6,lain,1.0
user_dbdeb16f1886,user,9,lain,1.0
user_dbe147733d00,user,6,lain,1.0
user_dbe9b7585e39,user,8,lain,1.0
user_dbeeb8eb5a08,user,5,lain,1.0
user_dbfe1bffb4d6,user,3,niat menonton,1.0
user_dc072ac89d0b,user,9,lain,2.0
user_dc0cf2da1d91,user,4,takut (pujian?),1.0
user_dc230e35af28,user,3,takut (pujian?),1.0
user_dc438329a8f9,user,1,lain,1.0
user_dc44160a3c02,user,10,lain,1.0
user_dc479c8f28dc,user,10,lain,1.0
user_dc51ad5c6f31,user,1,takut (pujian?),1.0
user_dc540168e8b9,user,2,lain,1.0
user_dc5675d8de79,user,2,lain,1.0
user_dc5f9b2583d8,user,2,lain,1.0
user_dc69c0425be8,user,8,lain,1.0
user_dc6f8105beaa,user,11,lain,1.0
user_dc83c8e2cf63,user,1,niat menonton,1.0
user_dc96f4026745,user,8,lain,1.0
user_dcb8cdff0675,user,3,lain,1.0
user_dcbe563973df,user,1,lain,1.0
user_dcc16ef370ec,user,10,lain,3.0
user_dcedb9916a4c,user,7,lain,1.0
user_dd062114a886,user,2,lain,1.0
user_dd64d31513ec,user,6,lain,1.0
user_dd6cf9ae024c,user,7,lain,1.0
user_dd8775b8a0a2,user,1,niat menonton,1.0
user_dd949aa7314d,user,10,lain,1.0
user_dd9c7ab3aa44,user,1,lain,1.0
user_ddafd4c2d79f,user,11,lain,1.0
user_ddb0b0de4d5e,user,11,lain,1.0
user_ddb320e43bd3,user,1,lain,1.0
user_ddbb35270a62,user,12,takut (pujian?),1.0
user_ddd08cd3578a,user,4,takut (pujian?),1.0
user_ddd46b7b6c81,user,2,lain,1.0
user_ddd5158c4c98,user,2,lain,1.0
user_ddd59d8a3658,user,6,lain,1.0
user_dde5811ebbf3,user,10,lain,1.0
user_ddeeaf4bc01c,user,1,lain,1.0
user_ddf3c2c6c5fb,user,1,lain,1.0
user_ddf48ff80cea,user,4,lain,1.0
user_ddfbb3c5bc7a,user,2,lain,3.0
user_de111defccf6,user,1,niat menonton,1.0
user_de16c80de9a0,user,1,niat menonton,1.0
user_de2cd796ec8b,user,6,niat menonton,1.0
user_de365e77e191,user,5,lain,1.0
user_de5484c58a24,user,1,lain,1.0
user_de5ab9b5f141,user,1,lain,1.0
user_de69fb6bdf89,user,2,lain,4.0
user_de77acf14715,user,3,lain,1.0
user_de7bca5ee808,user,4,takut (pujian?),1.0
user_de7fe57a9bf7,user,1,lain,1.0
user_de8cd98788b5,user,7,lain,1.0
user_de9616064d5a,user,8,lain,1.0
user_de9d84a5472f,user,3,lain,1.0
user_dea2d9b7bb30,user,7,lain,1.0
user_decdc41f8f24,user,2,lain,1.0
user_df05a7e18f9e,user,1,takut (pujian?),1.0
user_df0d57f92833,user,1,takut (pujian?),1.0
user_df1764150d08,user,1,takut (pujian?),1.0
user_df291a07bf2d,user,9,lain,1.0
user_df3f0e325bc0,user,1,lain,1.0
user_df40c859b6ba,user,1,takut (pujian?),1.0
user_df48826fa4b0,user,3,lain,1.0
user_df49139c2afa,user,7,lain,1.0
user_df564bcda16f,user,1,lain,1.0
user_df76a0553c02,user,1,niat menonton,1.0
user_df771a62da17,user,5,lain,1.0
user_df8046cab23e,user,5,lain,1.0
user_df999e6e9763,user,2,lain,1.0
user_dfa19097c774,user,9,niat menonton,1.0
user_dfa86f4bab26,user,1,lain,1.0
user_dfbc6ffe30fe,user,6,lain,1.0
user_dfcb0fa28a29,user,1,lain,1.0
user_dfe3a3a72d0e,user,2,lain,1.0
user_dff4a866f3e6,user,1,lain,1.0
user_e015e7c2c93a,user,5,lain,1.0
user_e01ed9c855bd,user,4,lain,1.0
user_e03365a0bbf5,user,2,lain,1.0
user_e03bb0b9ec12,user,2,lain,1.0
user_e04eb755e826,user,2,takut (pujian?),1.0
user_e05c71a0b017,user,5,lain,1.0
user_e0647a0a6fd8,user,5,lain,1.0
user_e06ff5ad8305,user,10,takut (pujian?),1.0
user_e0a53aa68675,user,2,lain,1.0
user_e0b38a387b0d,user,1,lain,1.0
user_e0b7ce99a981,user,1,takut (pujian?),1.0
user_e0c5c0f15302,user,1,lain,1.0
user_e0e0df1739d6,user,3,lain,1.0
user_e0eadfe1d68a,user,4,lain,1.0
user_e114ca5e5bcb,user,11,lain,1.0
user_e11eadace8a0,user,2,lain,1.0
user_e12e4527baa4,user,6,lain,3.0
user_e12f21e69fb3,user,5,lain,1.0
user_e135b47eae13,user,12,lain,2.0
user_e148d2b87cad,user,2,lain,1.0
user_e14a6c193c49,user,2,lain,1.0
user_e150bb5dd3ca,user,1,lain,1.0
user_e15ed51999e7,user,11,lain,1.0
user_e1647a9fe558,user,2,takut (pujian?),1.0
user_e1692a2acf63,user,4,lain,1.0
user_e16de29c3211,user,12,takut (pujian?),1.0
user_e16f310b5341,user,3,takut (pujian?),1.0
user_e1847ea48b1e,user,3,lain,1.0
user_e18bf42af7ef,user,2,niat menonton,1.0
user_e1a782f9bb65,user,1,lain,1.0
user_e1aa01791566,user,4,lain,1.0
user_e1b16f6439cd,user,4,takut (pujian?),1.0
user_e1b598f74843,user,8,lain,1.0
user_e1ba0ad662a2,user,2,lain,1.0
user_e1dd2df0856d,user,3,lain,1.0
user_e1ea24fbed6e,user,9,lain,2.0
user_e1f1b761fe6b,user,5,lain,1.0
user_e1f9d581af87,user,3,lain,1.0
user_e217530fa19b,user,5,takut (pujian?),1.0
user_e21997c16d75,user,9,lain,1.0
user_e21ec802bab0,user,2,lain,1.0
user_e248206b734d,user,2,takut (pujian?),2.0
user_e24cadbe4dbe,user,11,lain,1.0
user_e25968070de7,user,7,lain,4.0
user_e27d31852e6c,user,2,lain,1.0
user_e2846e2db2b4,user,7,lain,1.0
user_e298a6d645de,user,1,lain,1.0
user_e29adad06da3,user,1,lain,1.0
user_e29f99805c3d,user,5,lain,1.0
user_e2a5d4d822cd,user,7,lain,1.0
user_e2a926695f9e,user,3,niat menonton,1.0
user_e2b50a001b4b,user,2,lain,1.0
user_e2c483b3ba8d,user,1,niat menonton,1.0
user_e2e571e6fc00,user,7,lain,1.0
user_e2e646a6e794,user,6,niat menonton,1.0
user_e2e71e68aa4f,user,5,lain,1.0
user_e2e9feefada7,user,10,lain,1.0
user_e3113f959d5f,user,9,lain,1.0
user_e31bf2b7fac2,user,1,lain,1.0
user_e3245004159b,user,1,lain,1.0
user_e32b31993b58,user,11,lain,1.0
user_e33629f9ef06,user,4,lain,1.0
user_e34be9c7a1bd,user,5,lain,1.0
user_e34d976df60b,user,3,takut (pujian?),1.0
user_e358f5366b8a,user,5,lain,1.0
user_e35a31973d0e,user,8,lain,1.0
user_e35aae4a388e,user,4,lain,1.0
user_e367a1367e0e,user,9,lain,1.0
user_e36f246ad15e,user,2,lain,1.0
user_e37affe931ff,user,12,lain,1.0
user_e37f67df1dc9,user,6,lain,1.0
user_e38ed82ad135,user,9,lain,1.0
user_e399edd6029b,user,1,lain,1.0
user_e39a3ff22028,user,8,lain,1.0
user_e3b4050fe5e7,user,9,niat menonton,1.0
user_e3bdeef91ad9,user,5,lain,1.0
user_e3c6e12095db,user,2,takut (pujian?),1.0
user_e3cfddd57aa3,user,4,takut (pujian?),1.0
user_e3d4ce105e1a,user,2,lain,1.0
user_e3d4e8ead8d9,user,8,lain,2.0
user_e3dba854c630,user,10,lain,2.0
user_e3e96defc1eb,user,2,lain,1.0
user_e3f0aed4295e,user,4,lain,2.0
user_e3f519f4114b,user,2,lain,1.0
user_e41d7c0a6e76,user,2,lain,1.0
user_e4245f74f1d0,user,5,lain,1.0
user_e4496d55e3ee,user,2,lain,1.0
user_e44dd831282e,user,1,lain,1.0
user_e45e2bfab8d9,user,12,lain,1.0
user_e45ed5044eb2,user,5,lain,1.0
user_e46c618d281b,user,8,lain,1.0
user_e47c11432f3a,user,4,lain,1.0
user_e482045a54b4,user,2,lain,1.0
user_e4820752891d,user,8,lain,1.0
user_e4877726452c,user,3,lain,1.0
user_e49f3ac778a8,user,4,lain,1.0
user_e4a75b2367f6,user,2,lain,1.0
user_e4c7c57eb5ea,user,1,lain,1.0
user_e4ca9d0624e7,user,1,lain,1.0
user_e4d215e43e6a,user,1,lain,1.0
user_e4d831e52ff8,user,4,lain,1.0
user_e4e1121cc653,user,7,takut (pujian?),1.0
user_e4ff7f37d7cf,user,4,takut (pujian?),2.0
user_e50538cd7c41,user,3,takut (pujian?),1.0
user_e5221a802cb3,user,5,lain,1.0
user_e527e43771d1,user,4,lain,1.0
user_e52803a4309b,user,1,lain,1.0
user_e542c418455f,user,5,lain,1.0
user_e54992cde631,user,4,lain,1.0
user_e551622c2f2f,user,6,lain,1.0
user_e560ce616357,user,9,lain,1.0
user_e5679d8124d2,user,1,lain,1.0
user_e575f75f7da1,user,7,lain,1.0
user_e57845513215,user,8,niat menonton,1.0
user_e580f6fd2796,user,1,lain,1.0
user_e5884692dedc,user,2,lain,1.0
user_e58c5dd87880,user,7,lain,1.0
user_e5a93e3fdd92,user,11,lain,1.0
user_e5c5515dc12f,user,1,lain,1.0
user_e5daaccee532,user,5,lain,1.0
user_e5eb026e66fa,user,5,lain,1.0
user_e5f6af4c1190,user,1,lain,1.0
user_e5f747b214d7,user,6,lain,1.0
user_e5fc2cf24585,user,1,lain,1.0
user_e619951ef94e,user,6,lain,1.0
user_e61c95f37e77,user,1,lain,1.0
user_e625fdd1f826,user,6,lain,1.0
user_e6282a363cc7,user,2,lain,2.0
user_e62d14584cb5,user,1,niat menonton,1.0
user_e63093beecba,user,7,lain,1.0
user_e632b543ec3c,user,4,lain,1.0
user_e638ecfc1cdb,user,1,takut (pujian?),1.0
user_e639ccee0a04,user,9,lain,1.0
user_e63db941e34f,user,10,lain,1.0
user_e64d0e6238ba,user,2,lain,1.0
user_e6604df15adc,user,1,lain,1.0
user_e66366e915b2,user,6,lain,1.0
user_e66864864ba2,user,4,lain,1.0
user_e66beaaa1582,user,1,lain,1.0
user_e66d0d3a9e5e,user,8,takut (pujian?),1.0
user_e66fa3cacfef,user,3,lain,1.0
user_e68bc36df5ea,user,7,lain,1.0
user_e68fbae56bd5,user,11,lain,1.0
user_e6a1e1a5dcb7,user,3,lain,1.0
user_e6a3282ff40d,user,1,lain,1.0
user_e6a580e5155d,user,1,takut (pujian?),1.0
user_e6a9ee716b4e,user,5,lain,1.0
user_e6af9fb4e13b,user,7,lain,1.0
user_e6b887dc375f,user,5,lain,1.0
user_e6c7db85c833,user,4,niat menonton,1.0
user_e6d5169fa60d,user,1,lain,1.0
user_e6d5dde8496d,user,4,lain,1.0
user_e6d798b03f04,user,12,lain,1.0
user_e6db73318955,user,8,lain,1.0
user_e6e56553674a,user,5,lain,1.0
user_e6eb809712db,user,5,lain,1.0
user_e6ec204fcba9,user,7,lain,1.0
user_e6f523132749,user,2,lain,1.0
user_e6f7ec505c86,user,9,lain,6.0
user_e6fb0bf036a6,user,2,lain,1.0
user_e7077cdca1d7,user,5,lain,1.0
user_e726e5b4c783,user,1,lain,1.0
user_e730062ce25c,user,11,lain,1.0
user_e7303ec105df,user,10,lain,1.0
user_e74c384a9014,user,9,lain,1.0
user_e74d37300f41,user,1,lain,1.0
user_e74e2fd0b772,user,7,lain,1.0
user_e75f7c50f2e8,user,11,lain,1.0
user_e760228a187e,user,6,lain,1.0
user_e772334b2987,user,2,lain,1.0
user_e773f4924772,user,3,lain,1.0
user_e777103081e4,user,2,lain,1.0
user_e78f7ec84870,user,5,takut (pujian?),1.0
user_e7bad0193643,user,2,lain,1.0
user_e7c17c87cd43,user,4,takut (pujian?),1.0
user_e7d127d5cc5b,user,3,takut (pujian?),1.0
user_e7d557e9062d,user,10,lain,1.0
user_e7faf0f7ca0c,user,1,takut (pujian?),1.0
user_e7fd42c10904,user,11,lain,1.0
user_e8007fecdbeb,user,7,lain,1.0
user_e80145b03e32,user,5,lain,1.0
user_e8161043ac84,user,7,lain,1.0
user_e8169ee98cdf,user,12,lain,1.0
user_e817edba6e94,user,1,lain,1.0
user_e81e15166de3,user,11,lain,1.0
user_e81edab954cd,user,1,niat menonton,1.0
user_e82bcc26441f,user,3,lain,1.0
user_e836be3b0ff4,user,3,lain,1.0
user_e83bad526b47,user,1,lain,1.0
user_e843fce4a8e4,user,4,takut (pujian?),1.0
user_e84592288417,user,8,lain,1.0
user_e8481f0a8091,user,2,niat menonton,1.0
user_e84c09c8ef60,user,1,lain,1.0
user_e8516b2c9f75,user,2,lain,1.0
user_e857ab7bd285,user,4,lain,1.0
user_e85b57bd47de,user,1,niat menonton,1.0
user_e860930a809c,user,9,lain,2.0
user_e86a5c55f29c,user,1,takut (pujian?),1.0
user_e8736390cd31,user,1,lain,1.0
user_e873c7f346e7,user,1,lain,1.0
user_e87f27a15de5,user,6,lain,1.0
user_e87fa905cd94,user,7,lain,1.0
user_e8810724c444,user,1,lain,1.0
user_e88903ce1f95,user,4,lain,1.0
user_e8a5d81cdb84,user,9,niat menonton,1.0
user_e8ac409b882d,user,4,lain,1.0
user_e8acc3e92e47,user,2,niat menonton,1.0
user_e8b17fc8f552,user,7,lain,1.0
user_e8b761c12c65,user,4,lain,1.0
user_e8cd15618d9d,user,3,niat menonton,1.0
user_e8d62d81264d,user,3,niat menonton,1.0
user_e8d63a25ad25,user,7,lain,1.0
user_e8d97a43ad2d,user,5,lain,1.0
user_e8defab16112,user,2,niat menonton,1.0
user_e8e9b4b9e6ad,user,4,lain,1.0
user_e8fcaea44c2a,user,6,lain,1.0
user_e9036775c7bd,user,7,lain,1.0
user_e904d3016999,user,8,lain,1.0
user_e90579fa4946,user,6,lain,1.0
user_e91a8ff2b9cf,user,5,lain,1.0
user_e921b77fd502,user,3,niat menonton,1.0
user_e92231761d14,user,2,lain,1.0
user_e926fea00a1f,user,12,lain,1.0
user_e9304235c679,user,2,lain,1.0
user_e9366e813827,user,2,niat menonton,3.0
user_e94843bb3168,user,5,lain,1.0
user_e9513e2477d1,user,1,lain,1.0
user_e9548aa7f0f6,user,6,lain,1.0
user_e96291e300ef,user,3,niat menonton,1.0
user_e977542e7f45,user,2,lain,1.0
user_e98021427b1b,user,4,takut (pujian?),1.0
user_e98456f9e45f,user,2,lain,1.0
user_e9964302467d,user,1,lain,1.0
user_e99c705f044c,user,1,lain,1.0
user_e9ad102cfa5e,user,11,lain,1.0
user_e9b48d6ba727,user,2,lain,1.0
user_e9b5e9f8fcac,user,2,lain,1.0
user_e9b8f5574274,user,3,lain,1.0
user_e9d7ac7918db,user,3,lain,2.0
user_e9e614fa1abf,user,2,lain,1.0
user_e9f234f908ab,user,11,lain,1.0
user_ea1208405046,user,1,lain,1.0
user_ea13f063c818,user,1,lain,1.0
user_ea1f05a64490,user,3,niat menonton,1.0
user_ea36ea504f3f,user,7,takut (pujian?),1.0
user_ea38c01d231e,user,2,lain,1.0
user_ea4cbd803891,user,8,lain,1.0
user_ea56157a4d2d,user,2,lain,1.0
user_ea60ad502908,user,1,lain,1.0
user_ea60d4ccbcba,user,1,lain,1.0
user_ea6453e15d80,user,8,lain,1.0
user_ea64d77d2d2d,user,1,niat menonton,1.0
user_ea747d0ecf5b,user,2,niat menonton,1.0
user_ea7b54fd9a92,user,2,lain,1.0
user_ea89bc511337,user,1,lain,1.0
user_ea9b87cebea9,user,2,lain,1.0
user_eaa14580c497,user,2,niat menonton,1.0
user_eaa1dca1cd89,user,4,lain,1.0
user_eaa84ed2a47b,user,10,lain,1.0
user_eaaea3bb3d13,user,7,lain,1.0
user_eabb3db7bea4,user,6,lain,1.0
user_eac459567a66,user,3,niat menonton,1.0
user_eac61f4b49d0,user,1,lain,1.0
user_eac9eedb6f83,user,2,lain,1.0
user_eacbdef51d7d,user,4,takut (pujian?),1.0
user_eacc56bca644,user,4,lain,1.0
user_ead626351815,user,1,lain,1.0
user_eaecb7fb8e6a,user,1,takut (pujian?),1.0
user_eaf6be658241,user,6,lain,1.0
user_eb0192e1cf82,user,2,lain,1.0
user_eb146ab000e0,user,3,lain,1.0
user_eb1f58a76a65,user,8,lain,2.0
user_eb1fcd93b132,user,10,lain,1.0
user_eb31deff807c,user,6,takut (pujian?),1.0
user_eb5d6ff5fa1c,user,9,lain,1.0
user_eb5fde64fe81,user,12,lain,1.0
user_eb71dfa48ce4,user,9,lain,1.0
user_eb787582656b,user,10,lain,1.0
user_eb7bd821552e,user,4,lain,1.0
user_eb937732228c,user,3,lain,1.0
user_ebaf23757ff7,user,7,lain,1.0
user_ebbff2c2c3c1,user,1,lain,1.0
user_ebc20e453dff,user,1,niat menonton,1.0
user_ebde2491ee58,user,9,lain,1.0
user_ebe1cac83ca6,user,4,lain,1.0
user_ec029a2121ff,user,9,lain,1.0
user_ec1343d28844,user,1,niat menonton,1.0
user_ec15ee12c2f9,user,1,niat menonton,1.0
user_ec16376ff3db,user,1,niat menonton,1.0
user_ec275bec67fa,user,2,lain,1.0
user_ec3009f1d650,user,4,lain,2.0
user_ec3151df5670,user,1,lain,1.0
user_ec32025925a4,user,8,lain,1.0
user_ec40df6bddb3,user,5,lain,1.0
user_ec45527dcbbe,user,1,takut (pujian?),1.0
user_ec553c0d1c02,user,2,lain,1.0
user_ec593bd17727,user,3,takut (pujian?),1.0
user_ec6ac5afb788,user,6,takut (pujian?),1.0
user_ec7e151a728e,user,2,lain,1.0
user_ec88562fdaaa,user,9,lain,1.0
user_ec8e8811190b,user,1,lain,1.0
user_ec9dff496e9c,user,10,lain,1.0
user_eca13cdcba8c,user,12,lain,1.0
user_ecaba41b4ee8,user,9,niat menonton,2.0
user_ecb75ddf15de,user,3,lain,1.0
user_ecda4c33ab23,user,5,takut (pujian?),1.0
user_ecdb66f91714,user,1,niat menonton,1.0
user_ecdf70b9a489,user,1,lain,1.0
user_ece750f7b4f4,user,6,lain,1.0
user_ecf0e77565e2,user,1,lain,3.0
user_ecf7274c1620,user,1,lain,1.0
user_ecf7c942c565,user,5,takut (pujian?),1.0
user_ecf80f919fa7,user,3,lain,1.0
user_ed02f3d97013,user,8,lain,1.0
user_ed041469f1ed,user,1,lain,1.0
user_ed070d019e2d,user,8,lain,1.0
user_ed09ba180fd4,user,2,lain,1.0
user_ed0d414824c8,user,1,takut (pujian?),1.0
user_ed21c822af43,user,3,niat menonton,1.0
user_ed288377b472,user,2,lain,1.0
user_ed3714606d0b,user,5,lain,1.0
user_ed56edbc8545,user,3,takut (pujian?),1.0
user_ed57a6202b6f,user,11,niat menonton,1.0
user_ed589d89f166,user,1,lain,1.0
user_ed5b02736751,user,7,takut (pujian?),1.0
user_ed6e4cf6b657,user,2,lain,2.0
user_ed7609bde1fb,user,3,lain,1.0
user_ed77c0c8faf2,user,5,lain,1.0
user_ed789634db28,user,1,lain,1.0
user_ed88578fbfc2,user,4,lain,1.0
user_eda34898d28c,user,1,takut (pujian?),1.0
user_edbefc2202ea,user,1,lain,1.0
user_edc7359970ea,user,5,lain,1.0
user_ede06ff2184a,user,8,lain,1.0
user_ede8d6d92f1b,user,2,lain,1.0
user_edebaff5fa8a,user,3,lain,1.0
user_edee9ef14cfe,user,6,lain,1.0
user_edf2dcf49496,user,9,lain,1.0
user_edfab647a7e9,user,2,lain,1.0
user_ee054e153aaf,user,7,lain,1.0
user_ee1287db11ad,user,3,lain,1.0
user_ee2a50585e56,user,5,lain,1.0
user_ee3a2133d44d,user,2,lain,1.0
user_ee4d5d161cf5,user,6,takut (pujian?),1.0
user_ee51dc1d2d3c,user,1,lain,1.0
user_ee5737bf6622,user,1,takut (pujian?),1.0
user_ee5954922ad2,user,9,lain,1.0
user_ee598d36987f,user,3,takut (pujian?),1.0
user_ee5aeda2e0b0,user,9,lain,1.0
user_ee655f9e9d00,user,7,takut (pujian?),1.0
user_ee6ecda9951e,user,1,lain,1.0
user_ee72c1148a82,user,1,takut (pujian?),1.0
user_ee80b818b443,user,4,takut (pujian?),1.0
user_ee90333f8a1e,user,1,niat menonton,1.0
user_ee944ec94df6,user,4,lain,1.0
user_ee962d890dba,user,10,lain,1.0
user_eea003a3e6ed,user,1,lain,1.0
user_eea98e8efecf,user,1,niat menonton,1.0
user_eeb257391644,user,6,lain,1.0
user_eeb7e46567bf,user,4,lain,1.0
user_eeb9bbb2ef7c,user,6,lain,2.0
user_eee975443cc6,user,6,takut (pujian?),1.0
user_eeecf5db1b36,user,4,lain,1.0
user_eef72c879dd1,user,1,niat menonton,1.0
user_ef0316af8af1,user,2,lain,1.0
user_ef079f0e892e,user,10,lain,1.0
user_ef0daab3f7d1,user,7,lain,1.0
user_ef232e11eea2,user,9,lain,1.0
user_ef2ef6a3f7a4,user,1,takut (pujian?),1.0
user_ef36eff43c73,user,3,niat menonton,1.0
user_ef51cc6e87ef,user,1,lain,1.0
user_ef58797ac414,user,1,niat menonton,1.0
user_ef883272e1f4,user,7,takut (pujian?),1.0
user_ef8f123bbb5a,user,5,lain,1.0
user_efb53beb8bb7,user,2,lain,1.0
user_efba0f960e27,user,6,lain,1.0
user_efbc7f5c1556,user,5,takut (pujian?),1.0
user_efc60c698eb1,user,1,lain,1.0
user_efdbee3a335e,user,6,lain,1.0
user_efe097bb738c,user,8,lain,1.0
user_efe174a155c1,user,1,lain,1.0
user_efe37e3f39d6,user,4,lain,1.0
user_eff5d0181b49,user,9,lain,1.0
user_effff87a1c13,user,1,lain,1.0
user_f012d95ab975,user,3,lain,1.0
user_f01720ffb531,user,2,takut (pujian?),1.0
user_f02df593f8ea,user,2,lain,1.0
user_f03dd28269da,user,9,takut (pujian?),1.0
user_f0418d396134,user,3,lain,1.0
user_f045de66b761,user,1,lain,1.0
user_f049ab72c5f1,user,10,takut (pujian?),1.0
user_f05b4a0bd8aa,user,8,lain,1.0
user_f06c390eb23b,user,3,lain,1.0
user_f0ab73f693ef,user,1,lain,1.0
user_f0bdc9a17d31,user,7,niat menonton,1.0
user_f0c05a347743,user,7,lain,1.0
user_f0d312594f7a,user,2,lain,1.0
user_f0d898f722a1,user,8,lain,1.0
user_f0e6c942a961,user,9,lain,1.0
user_f0fde25d9ecd,user,1,takut (pujian?),1.0
user_f107bf379be5,user,5,lain,1.0
user_f10af3469ab4,user,1,takut (pujian?),1.0
user_f10cad24e556,user,7,takut (pujian?),1.0
user_f10d59b18f84,user,8,lain,1.0
user_f10ec420728d,user,9,niat menonton,2.0
user_f119a901782a,user,1,takut (pujian?),1.0
user_f11c15c185b7,user,7,lain,1.0
user_f1236cb8f43c,user,4,takut (pujian?),1.0
user_f123829edfbc,user,6,takut (pujian?),1.0
user_f129cf753b5d,user,3,takut (pujian?),1.0
user_f12d486a458c,user,2,lain,1.0
user_f13562808ed6,user,8,lain,1.0
user_f140b864affd,user,7,lain,1.0
user_f153978f3a9e,user,10,lain,1.0
user_f15592f30920,user,2,lain,1.0
user_f17ad211fc16,user,9,lain,1.0
user_f17bf6b5fded,user,7,lain,1.0
user_f18e4fe11824,user,3,takut (pujian?),1.0
user_f19f197a149a,user,6,lain,1.0
user_f1a725f55982,user,12,lain,1.0
user_f1b125c40d48,user,4,lain,1.0
user_f1b5c9108960,user,11,lain,1.0
user_f1ba723b3a46,user,7,lain,1.0
user_f1bd7e4456a6,user,4,takut (pujian?),1.0
user_f1d24fac94a2,user,1,lain,1.0
user_f1d8ae946530,user,2,lain,1.0
user_f1f8bc86a683,user,1,takut (pujian?),1.0
user_f20996eaed53,user,1,lain,1.0
user_f20f3143309c,user,3,lain,1.0
user_f240d9b5713f,user,2,lain,1.0
user_f2521b66c8d1,user,10,takut (pujian?),1.0
user_f257dbfa0866,user,7,lain,1.0
user_f25ba198be6e,user,2,lain,1.0
user_f263ca3180c4,user,1,takut (pujian?),1.0
user_f27cb7a13afa,user,1,lain,1.0
user_f28b029aebd6,user,10,lain,1.0
user_f28eb8ba17d6,user,1,lain,1.0
user_f29864705067,user,2,lain,1.0
user_f29a8e27ed40,user,11,lain,1.0
user_f2da72717b71,user,3,niat menonton,1.0
user_f2db3ee12fed,user,6,lain,1.0
user_f30090a16bd8,user,1,lain,1.0
user_f30577f7b843,user,3,takut (pujian?),1.0
user_f3120c76714e,user,1,lain,1.0
user_f3122aa21ee2,user,2,lain,1.0
user_f31f7f87cb97,user,7,lain,1.0
user_f33eeb370ab5,user,3,lain,1.0
user_f349fa8a3475,user,1,lain,1.0
user_f35127b5a102,user,7,lain,1.0
user_f3524d32784e,user,1,lain,1.0
user_f35cde427071,user,2,lain,1.0
user_f366e397f297,user,7,takut (pujian?),1.0
user_f374d1ddb9ae,user,1,lain,1.0
user_f37d913e99ad,user,5,lain,1.0
user_f38e8abd4a80,user,1,lain,1.0
user_f39208699ad9,user,9,lain,2.0
user_f39629fe75ea,user,2,takut (pujian?),1.0
user_f3962ba820c2,user,2,takut (pujian?),1.0
user_f39c15552b62,user,11,lain,1.0
user_f3a07bdfa9cc,user,3,takut (pujian?),1.0
user_f3aa0df389cb,user,2,niat menonton,1.0
user_f3c281cf5a69,user,3,lain,1.0
user_f3ca07583f4c,user,7,lain,1.0
user_f3cb0dcd3d20,user,9,lain,1.0
user_f3ce381b5ce3,user,6,lain,1.0
user_f3d0fc8f2410,user,9,lain,1.0
user_f3f0b26f8508,user,2,lain,1.0
user_f3fa2a966972,user,4,lain,1.0
user_f43ab7a9ad67,user,2,lain,1.0
user_f43bb8dd98b4,user,2,lain,1.0
user_f43de6e73481,user,2,takut (pujian?),2.0
user_f43e0e610309,user,1,lain,1.0
user_f45b715eb83d,user,2,lain,1.0
user_f46200b999cf,user,2,lain,1.0
user_f465f4791e85,user,2,lain,1.0
user_f47c149f94e0,user,9,lain,1.0
user_f481330797a0,user,2,lain,1.0
user_f484bb1fe997,user,1,lain,1.0
user_f48a39627a63,user,2,lain,2.0
user_f495f6385b0d,user,2,takut (pujian?),1.0
user_f4a6ca455024,user,1,lain,1.0
user_f4b7a810de02,user,3,lain,2.0
user_f4bdad52eac7,user,1,takut (pujian?),1.0
user_f4c56a51325b,user,1,lain,1.0
user_f4d150a213cf,user,9,lain,1.0
user_f4d7ee95fb3b,user,3,lain,1.0
user_f4dc7076e3c8,user,3,lain,1.0
user_f4e94ad2b84f,user,1,niat menonton,1.0
user_f4f76e748cee,user,5,lain,1.0
user_f52da4ccf1e1,user,4,lain,1.0
user_f5368207b30d,user,1,takut (pujian?),1.0
user_f55aef93a053,user,4,lain,1.0
user_f55b07288e45,user,4,lain,1.0
user_f562b85130b8,user,1,lain,2.0
user_f5641977b5d3,user,2,lain,1.0
user_f56fd48e192b,user,4,lain,1.0
user_f57404eb1226,user,2,lain,1.0
user_f576026015f9,user,2,takut (pujian?),2.0
user_f5822d9653e3,user,1,lain,1.0
user_f5998e381f4d,user,3,lain,1.0
user_f599d35e09ad,user,5,lain,1.0
user_f5a14eb23fe1,user,7,lain,1.0
user_f5c03a80afba,user,3,lain,1.0
user_f5c1513e0719,user,1,lain,1.0
user_f5c4171856e5,user,2,lain,1.0
user_f5dafeed5bb8,user,11,lain,1.0
user_f5dce451d2fe,user,3,lain,1.0
user_f5de4fcb57a3,user,7,lain,1.0
user_f5e513bb2521,user,10,lain,1.0
user_f5ef5dfa63a7,user,12,lain,1.0
user_f5f85f9dbc5f,user,7,takut (pujian?),1.0
user_f5fee4aaeae5,user,3,lain,1.0
user_f5ffec0e2380,user,3,takut (pujian?),1.0
user_f612125ac9a4,user,9,niat menonton,1.0
user_f64283342560,user,8,lain,1.0
user_f64f1afce35e,user,11,lain,1.0
user_f6513375c7f3,user,3,lain,1.0
user_f65c4e57ed16,user,1,takut (pujian?),1.0
user_f660317101c7,user,9,takut (pujian?),1.0
user_f681384749e5,user,1,lain,1.0
user_f6874cb29ed7,user,4,lain,1.0
user_f6918de13645,user,6,lain,1.0
user_f69208ad4ab1,user,1,lain,1.0
user_f6a147169828,user,1,lain,1.0
user_f6a51c8f1a0b,user,6,lain,1.0
user_f6b46eb826b0,user,1,lain,1.0
user_f6c5bfc60e4a,user,13,lain,1.0
user_f6ed560b7296,user,10,lain,1.0
user_f6ee9b7ad5ac,user,5,lain,1.0
user_f6f3feadf657,user,2,lain,1.0
user_f6f58358b423,user,11,lain,1.0
user_f6f76dac7e1e,user,3,lain,1.0
user_f6fd8699ce84,user,6,lain,2.0
user_f6ff8c1158d2,user,2,lain,1.0
user_f701ee18eb43,user,5,takut (pujian?),1.0
user_f707add09100,user,6,takut (pujian?),1.0
user_f70fe133f82c,user,2,lain,1.0
user_f7100a45c7aa,user,1,lain,1.0
user_f712a2f12907,user,8,lain,1.0
user_f7246e10e6ba,user,8,lain,1.0
user_f7692c9eac09,user,6,lain,1.0
user_f793e0f7dd83,user,11,lain,1.0
user_f79992c43314,user,9,lain,1.0
user_f7af91a31b9d,user,6,lain,1.0
user_f7bc7c7e9f30,user,1,lain,1.0
user_f7beaf852d04,user,12,lain,1.0
user_f7c4fba8e3b5,user,4,niat menonton,1.0
user_f7da0d85b348,user,2,lain,1.0
user_f7da5981111c,user,5,lain,1.0
user_f7df3163a07d,user,10,lain,1.0
user_f7e18eea1255,user,9,lain,1.0
user_f7f30f2ca41b,user,4,takut (pujian?),1.0
user_f7f7e704d7d3,user,1,lain,1.0
user_f80ac9064942,user,5,lain,1.0
user_f80f57a2be1c,user,11,lain,1.0
user_f812055b4a26,user,4,niat menonton,1.0
user_f812774fcd39,user,5,takut (pujian?),1.0
user_f81d45b858a4,user,3,lain,1.0
user_f8228d3e7f3c,user,1,lain,1.0
user_f8263b20962e,user,10,lain,1.0
user_f826dab72098,user,12,lain,1.0
user_f84ac5a4dde8,user,6,lain,1.0
user_f84b97159c7b,user,2,lain,1.0
user_f86bc57f726d,user,1,lain,1.0
user_f872f0e2b1ba,user,1,lain,1.0
user_f88a77e90877,user,2,niat menonton,1.0
user_f88fe6da0743,user,1,lain,1.0
user_f894ac24afa4,user,2,lain,1.0
user_f8b751efca45,user,2,takut (pujian?),1.0
user_f8c29e727af1,user,12,lain,1.0
user_f8dcaa1a41fb,user,6,lain,2.0
user_f8eea0db6d7d,user,3,lain,1.0
user_f8f23c34174a,user,2,lain,1.0
user_f9024f4f876a,user,12,takut (pujian?),1.0
user_f905278170d2,user,3,lain,1.0
user_f906ba170f88,user,1,lain,1.0
user_f918ea995061,user,1,lain,1.0
user_f920a75d0a14,user,5,lain,1.0
user_f920da0c1377,user,2,lain,1.0
user_f92b0c26c853,user,2,lain,1.0
user_f92d74806089,user,2,lain,1.0
user_f958028e8ee5,user,12,takut (pujian?),1.0
user_f959c6bfe2df,user,3,lain,1.0
user_f96006541e1f,user,3,niat menonton,1.0
user_f96b14d1d834,user,2,lain,1.0
user_f97475a5744d,user,6,lain,1.0
user_f983466281bd,user,7,niat menonton,1.0
user_f9920b4be310,user,6,lain,1.0
user_f9b7753c8427,user,11,lain,1.0
user_f9b8612c60b4,user,2,niat menonton,1.0
user_f9b93afc010b,user,2,takut (pujian?),1.0
user_f9bad6bbdf72,user,2,lain,1.0
user_f9bd53b805b3,user,4,lain,1.0
user_f9c6bb1ad321,user,2,lain,1.0
user_f9d7b71efec5,user,3,lain,1.0
user_f9e21e3472e4,user,1,lain,1.0
user_f9f0efe0e0c5,user,1,lain,1.0
user_f9fd79fdb82f,user,5,lain,1.0
user_fa012f3c7403,user,4,lain,1.0
user_fa1db973cfec,user,2,niat menonton,2.0
user_fa246fb89c87,user,1,lain,1.0
user_fa27875b431c,user,2,lain,1.0
user_fa3c48125b48,user,6,lain,1.0
user_fa3e3a19b3d6,user,5,lain,1.0
user_fa47d42dbae6,user,10,lain,1.0
user_fa614c02d235,user,2,niat menonton,1.0
user_fa6fac9787f7,user,1,lain,1.0
user_fa7b2be074a2,user,1,niat menonton,1.0
user_fa7d0dc5ed72,user,1,takut (pujian?),1.0
user_fa8fdc4e322e,user,1,lain,1.0
user_fa953ef9dc8f,user,1,lain,1.0
user_fa97ee95eaea,user,1,lain,1.0
user_faa3adcc6c1d,user,12,lain,1.0
user_fac109f54b7d,user,3,niat menonton,1.0
user_fac60c426ba3,user,4,lain,1.0
user_fad987b1e6a9,user,4,lain,1.0
user_fae7a285c278,user,2,lain,1.0
user_faf815812121,user,3,lain,2.0
user_fb0857b44b51,user,7,lain,1.0
user_fb198f11b424,user,6,lain,4.0
user_fb1de4aa4636,user,2,takut (pujian?),1.0
user_fb262257a28d,user,10,lain,1.0
user_fb2a1ea6d15b,user,1,niat menonton,1.0
user_fb43905d8567,user,7,lain,1.0
user_fb445dc6f7bb,user,10,lain,1.0
user_fb6524df23b5,user,1,lain,1.0
user_fb6d33d22c46,user,3,niat menonton,1.0
user_fb79755615c8,user,1,lain,1.0
user_fb95473327f0,user,1,lain,1.0
user_fba87180658b,user,3,lain,1.0
user_fbc2587f4da5,user,2,lain,1.0
user_fbd970d62224,user,9,lain,1.0
user_fbdaf74aaa04,user,1,lain,1.0
user_fbeb54f3c212,user,2,takut (pujian?),1.0
user_fbec50e252de,user,6,lain,1.0
user_fbf3f2d26b7c,user,4,lain,1.0
user_fbf59ad07d14,user,6,niat menonton,1.0
user_fbf75be02620,user,11,lain,1.0
user_fc0b46cb742f,user,13,lain,1.0
user_fc13ed631760,user,9,lain,2.0
user_fc2343e050ea,user,4,lain,1.0
user_fc5571704206,user,10,lain,1.0
user_fc6990632303,user,11,lain,1.0
user_fc7a5eea3bd3,user,4,lain,1.0
user_fc7dadfcb2e2,user,2,niat menonton,1.0
user_fc845af20aa0,user,12,lain,1.0
user_fc98dcae6a4a,user,11,lain,1.0
user_fcaaf15d24b4,user,9,lain,1.0
user_fcb2491a35bb,user,10,lain,1.0
user_fcb7fba19a52,user,8,lain,1.0
user_fcc96f77610f,user,1,takut (pujian?),1.0
user_fcd82bb547b9,user,11,lain,1.0
user_fce1a6cb22b6,user,7,lain,1.0
user_fce4900b3eae,user,1,lain,1.0
user_fcf7a3c3ffcf,user,1,lain,1.0
user_fd0405522258,user,1,lain,1.0
user_fd0857cdc65d,user,3,takut (pujian?),1.0
user_fd10823984aa,user,4,lain,1.0
user_fd11d5a01035,user,1,niat menonton,1.0
user_fd27258d017c,user,1,lain,1.0
user_fd349f247c6c,user,3,lain,1.0
user_fd3dbf640ab2,user,5,niat menonton,1.0
user_fd4743f11d1e,user,11,lain,1.0
user_fd494ca7d773,user,3,lain,2.0
user_fd67cef3a7b2,user,4,lain,1.0
user_fd828676bff7,user,5,lain,1.0
user_fd93cd6cd069,user,12,lain,1.0
user_fda4fbc4f20e,user,10,lain,1.0
user_fdad2896f054,user,7,lain,1.0
user_fdbedd57e506,user,3,lain,1.0
user_fdc1b04b56fb,user,4,lain,1.0
user_fdc5da822857,user,8,lain,1.0
user_fde0355bfee4,user,5,lain,1.0
user_fdf2c89e1254,user,1,lain,1.0
user_fdfb0eecd34a,user,8,lain,1.0
user_fe094bf169db,user,11,lain,1.0
user_fe14e669ded8,user,9,niat menonton,1.0
user_fe1fc29e64cc,user,10,lain,1.0
user_fe209cd9e689,user,2,lain,1.0
user_fe220b688c4a,user,6,lain,1.0
user_fe24cc310ff4,user,9,lain,1.0
user_fe2b7548a48b,user,3,takut (pujian?),1.0
user_fe2c3ded79ca,user,2,lain,1.0
user_fe2f09cfe112,user,8,lain,1.0
user_fe4469d1212c,user,4,lain,1.0
user_fe4669423a4b,user,1,lain,1.0
user_fe49cc6f8271,user,9,lain,1.0
user_fe4c5355fc07,user,8,lain,1.0
user_fe5429898d20,user,3,lain,1.0
user_fe58029c32b0,user,2,lain,1.0
user_fea13179c826,user,1,takut (pujian?),1.0
user_fea6afbf4606,user,5,lain,1.0
user_feb3df30a157,user,6,lain,1.0
user_feb9cfc51b1f,user,3,takut (pujian?),1.0
user_fec042de0d7b,user,1,lain,1.0
user_fecb2cd36a35,user,1,takut (pujian?),1.0
user_fee807ee9f44,user,1,lain,1.0
user_feea0da99c11,user,9,lain,1.0
user_feeccdd61d1c,user,1,niat menonton,1.0
user_ff0d299e2901,user,5,lain,1.0
user_ff2a2100dd31,user,4,lain,1.0
user_ff3ae473b690,user,1,lain,1.0
user_ff44693dc17b,user,2,lain,1.0
user_ff45cde437ee,user,5,lain,1.0
user_ff4a8a133935,user,1,niat menonton,1.0
user_ff54e658df2e,user,1,lain,1.0
user_ff5bdd05c8fb,user,6,lain,1.0
user_ff6174ca4aa4,user,1,lain,1.0
user_ff684b530109,user,1,takut (pujian?),1.0
user_ff6d8ba92011,user,5,lain,1.0
user_ff80db3f59d5,user,3,lain,1.0
user_ff82c4cb13ef,user,2,lain,1.0
user_ff8ae851cc4f,user,1,lain,1.0
user_ff8c2cdafa70,user,1,niat menonton,1.0
user_ff91132eb982,user,11,lain,1.0
user_ff925847a024,user,3,lain,1.0
user_ffb0df4fb1ea,user,9,lain,1.0
user_ffb5d8dfe851,user,12,lain,1.0
user_ffd7201fb955,user,5,lain,1.0
user_ffea4d97535f,user,4,lain,1.0
user_fff91621c612,user,4,lain,1.0
