video_id,user,is_reply,timestamp,like_count,sent_indobert,sent_indobert_score,sent_lexicon,sent_emoji,sent_combined,set
1Gsp0AuOwOg,user_5c46ea676ba8,False,1790985600,0,netral,0.9402,positif,positif,netral,hitmaker
1Gsp0AuOwOg,user_07f57dd67c5f,False,1790812800,0,netral,0.9427,netral,tanpa_emoji,netral,hitmaker
1Gsp0AuOwOg,user_4e08353b79fa,False,1788652800,0,positif,0.8318,positif,tanpa_emoji,positif,hitmaker
1Gsp0AuOwOg,user_a361c22629f0,False,1783296000,0,positif,0.6049,netral,tanpa_emoji,positif,hitmaker
1Gsp0AuOwOg,user_6d9d3e5540cc,False,1783296000,0,netral,0.7487,netral,tanpa_emoji,netral,hitmaker
1Gsp0AuOwOg,user_f5982040390a,False,1780704000,0,negatif,0.6451,positif,tanpa_emoji,negatif,hitmaker
1Gsp0AuOwOg,user_ba7b22f864ba,False,1775433600,0,negatif,0.5751,netral,tanpa_emoji,negatif,hitmaker
1Gsp0AuOwOg,user_fbd403d4576f,False,1772755200,0,positif,0.9976,netral,tanpa_emoji,positif,hitmaker
1Gsp0AuOwOg,user_b30b8a29c610,False,1767657600,0,negatif,0.9186,netral,tanpa_emoji,negatif,hitmaker
1Gsp0AuOwOg,user_45b81afe2006,False,1764979200,1,negatif,0.9057,netral,netral,netral,hitmaker
1Gsp0AuOwOg,user_5dd48457b11e,False,1764979200,2,negatif,0.9875,netral,netral,netral,hitmaker
1Gsp0AuOwOg,user_2d0736b0285f,False,1762387200,0,positif,0.9941,positif,tanpa_emoji,positif,hitmaker
1Gsp0AuOwOg,user_e80b31b801c0,False,1759708800,0,negatif,0.9293,positif,positif,positif,hitmaker
1Gsp0AuOwOg,user_c8ac016c88cc,False,1759708800,0,negatif,0.8422,netral,tanpa_emoji,negatif,hitmaker
1Gsp0AuOwOg,user_a5225e089bb8,False,1759708800,0,positif,0.9569,netral,tanpa_emoji,positif,hitmaker
1Gsp0AuOwOg,user_9112697f9542,False,1759708800,0,negatif,0.9981,negatif,netral,negatif,hitmaker
1Gsp0AuOwOg,user_e5db704529f7,False,1759708800,0,netral,0.8605,netral,tanpa_emoji,netral,hitmaker
1Gsp0AuOwOg,user_16210009c79b,False,1759708800,1,negatif,0.997,netral,netral,negatif,hitmaker
1Gsp0AuOwOg,user_43a5dfebafcc,False,1759708800,0,positif,0.9894,positif,netral,positif,hitmaker
1Gsp0AuOwOg,user_d4f75bf04e83,False,1759708800,0,negatif,0.9835,netral,netral,netral,hitmaker
1Gsp0AuOwOg,user_49a47b718f05,False,1759708800,0,negatif,0.4839,netral,tanpa_emoji,negatif,hitmaker
1Gsp0AuOwOg,user_f0146b91d44a,False,1759708800,0,netral,0.3721,positif,tanpa_emoji,netral,hitmaker
1Gsp0AuOwOg,user_f9c519b7b71d,False,1759708800,0,netral,0.5339,positif,positif,positif,hitmaker
1Gsp0AuOwOg,user_279db22d25a0,False,1759708800,0,netral,0.5663,netral,tanpa_emoji,netral,hitmaker
1Gsp0AuOwOg,user_0f74df885933,False,1759708800,0,positif,0.9242,positif,positif,positif,hitmaker
1Gsp0AuOwOg,user_d77feaf5ca03,False,1759708800,0,negatif,0.6734,positif,positif,negatif,hitmaker
1Gsp0AuOwOg,user_d77feaf5ca03,False,1759708800,0,negatif,0.8023,netral,netral,negatif,hitmaker
1Gsp0AuOwOg,user_728b6c9ba818,False,1759708800,0,netral,0.8214,netral,tanpa_emoji,netral,hitmaker
1Gsp0AuOwOg,user_cf21a6b29593,False,1759708800,1,negatif,0.7772,netral,tanpa_emoji,negatif,hitmaker
1Gsp0AuOwOg,user_94bb0d960134,True,1759708800,0,negatif,0.6693,netral,tanpa_emoji,negatif,hitmaker
1Gsp0AuOwOg,user_9597532cc9d2,False,1759708800,0,negatif,0.9005,positif,positif,positif,hitmaker
1Gsp0AuOwOg,user_9597532cc9d2,False,1759708800,0,negatif,0.9005,positif,positif,positif,hitmaker
1Gsp0AuOwOg,user_9597532cc9d2,False,1759708800,0,negatif,0.9005,positif,positif,positif,hitmaker
1Gsp0AuOwOg,user_9597532cc9d2,False,1759708800,0,negatif,0.9005,positif,positif,positif,hitmaker
1Gsp0AuOwOg,user_1f8b63a44356,False,1759708800,0,negatif,0.9856,netral,netral,negatif,hitmaker
1Gsp0AuOwOg,user_eaba787e7c3c,False,1759708800,0,negatif,0.716,positif,tanpa_emoji,negatif,hitmaker
1Gsp0AuOwOg,user_eaba787e7c3c,False,1759708800,1,positif,0.9819,positif,tanpa_emoji,positif,hitmaker
1Gsp0AuOwOg,user_45e6f6311ec0,False,1759708800,0,netral,0.9202,netral,tanpa_emoji,netral,hitmaker
1Gsp0AuOwOg,user_02da9ec6eb0e,False,1759708800,0,negatif,0.9207,netral,tanpa_emoji,negatif,hitmaker
1Gsp0AuOwOg,user_08d088dfa9f6,False,1728172800,1,negatif,0.6143,netral,tanpa_emoji,negatif,hitmaker
1Gsp0AuOwOg,user_c29079e0147f,False,1728172800,2,positif,0.9923,positif,positif,positif,hitmaker
1Gsp0AuOwOg,user_e2d1cbbb0a1c,False,1728172800,0,netral,0.9118,netral,tanpa_emoji,netral,hitmaker
1Gsp0AuOwOg,user_f47c4c6ee33e,False,1728172800,0,negatif,0.7557,netral,netral,negatif,hitmaker
1Gsp0AuOwOg,user_adba7b7c09af,False,1728172800,0,netral,0.9276,netral,tanpa_emoji,netral,hitmaker
1Gsp0AuOwOg,user_adba7b7c09af,False,1728172800,0,netral,0.9658,netral,tanpa_emoji,netral,hitmaker
1Gsp0AuOwOg,user_adba7b7c09af,False,1728172800,0,netral,0.9641,netral,tanpa_emoji,netral,hitmaker
1Gsp0AuOwOg,user_adba7b7c09af,False,1728172800,0,netral,0.8994,netral,tanpa_emoji,netral,hitmaker
1Gsp0AuOwOg,user_e2d1cbbb0a1c,False,1728172800,1,netral,0.7778,netral,tanpa_emoji,netral,hitmaker
1Gsp0AuOwOg,user_5a0902231c08,False,1728172800,0,positif,0.6724,positif,tanpa_emoji,positif,hitmaker
1Gsp0AuOwOg,user_a58b4cc3981b,False,1728172800,0,negatif,0.9535,netral,tanpa_emoji,negatif,hitmaker
1Gsp0AuOwOg,user_3d36e144a8d7,False,1728172800,0,negatif,0.6833,netral,tanpa_emoji,negatif,hitmaker
1Gsp0AuOwOg,user_0d5798b0b0f9,False,1728172800,0,netral,0.9325,positif,positif,netral,hitmaker
1Gsp0AuOwOg,user_44a359664e65,True,1728172800,0,netral,0.9679,netral,tanpa_emoji,netral,hitmaker
1Gsp0AuOwOg,user_b5b400348d8f,False,1728172800,0,negatif,0.5019,netral,tanpa_emoji,negatif,hitmaker
1Gsp0AuOwOg,user_be9e4f3b16dc,False,1728172800,0,positif,0.8731,netral,tanpa_emoji,positif,hitmaker
1Gsp0AuOwOg,user_7747ccf7d6d7,False,1728172800,0,positif,0.9947,positif,tanpa_emoji,positif,hitmaker
1Gsp0AuOwOg,user_3c66bed79aa6,False,1728172800,1,positif,0.8546,positif,tanpa_emoji,positif,hitmaker
1Gsp0AuOwOg,user_fc1aaa82c45c,False,1728172800,0,negatif,0.5152,netral,tanpa_emoji,negatif,hitmaker
1Gsp0AuOwOg,user_e2f4b8e09408,False,1728172800,1,negatif,0.9174,netral,tanpa_emoji,negatif,hitmaker
1Gsp0AuOwOg,user_7a2f657ad51f,False,1728172800,0,negatif,0.9966,positif,tanpa_emoji,negatif,hitmaker
1Gsp0AuOwOg,user_17303faf9751,False,1728172800,0,negatif,0.6166,netral,tanpa_emoji,negatif,hitmaker
1Gsp0AuOwOg,user_f181209b7220,False,1728172800,0,negatif,0.9232,netral,netral,negatif,hitmaker
1Gsp0AuOwOg,user_63145a9733ef,False,1728172800,0,positif,0.7341,positif,tanpa_emoji,positif,hitmaker
1Gsp0AuOwOg,user_16887d63e32c,False,1728172800,0,positif,0.8342,positif,positif,positif,hitmaker
1Gsp0AuOwOg,user_cecf522ce035,False,1728172800,0,netral,0.8517,netral,tanpa_emoji,netral,hitmaker
1Gsp0AuOwOg,user_4accd322b55d,False,1728172800,0,negatif,0.9414,positif,positif,negatif,hitmaker
1Gsp0AuOwOg,user_67a8041d7773,False,1728172800,2,netral,0.5578,netral,tanpa_emoji,netral,hitmaker
1Gsp0AuOwOg,user_b55e52005128,False,1728172800,0,negatif,0.9249,positif,tanpa_emoji,negatif,hitmaker
1Gsp0AuOwOg,user_3394f481c8a1,False,1728172800,0,positif,0.9934,positif,tanpa_emoji,positif,hitmaker
1Gsp0AuOwOg,user_7c3567fb92c0,False,1728172800,0,positif,0.9824,netral,tanpa_emoji,positif,hitmaker
1Gsp0AuOwOg,user_cd379250062d,False,1728172800,0,negatif,0.9871,netral,tanpa_emoji,negatif,hitmaker
1Gsp0AuOwOg,user_9f6cc694b744,False,1728172800,0,positif,0.9646,positif,netral,positif,hitmaker
1Gsp0AuOwOg,user_7be43a2ecb9e,False,1728172800,0,negatif,0.9494,netral,tanpa_emoji,negatif,hitmaker
1Gsp0AuOwOg,user_f971ffab2c64,False,1728172800,0,negatif,0.9588,negatif,tanpa_emoji,negatif,hitmaker
1Gsp0AuOwOg,user_09df26a46e61,False,1728172800,0,negatif,0.7818,netral,tanpa_emoji,negatif,hitmaker
1Gsp0AuOwOg,user_df98940f9fa0,False,1728172800,0,positif,0.998,netral,tanpa_emoji,positif,hitmaker
1Gsp0AuOwOg,user_bf792a961a29,False,1728172800,0,netral,0.6956,netral,tanpa_emoji,netral,hitmaker
1Gsp0AuOwOg,user_0c15c8c39ff1,True,1728172800,0,negatif,0.9956,netral,tanpa_emoji,negatif,hitmaker
1Gsp0AuOwOg,user_bf792a961a29,True,1728172800,0,negatif,0.4055,netral,tanpa_emoji,negatif,hitmaker
1Gsp0AuOwOg,user_0c15c8c39ff1,True,1728172800,0,netral,0.9503,negatif,tanpa_emoji,netral,hitmaker
1Gsp0AuOwOg,user_cd746b759464,False,1728172800,0,netral,0.9567,netral,tanpa_emoji,netral,hitmaker
1Gsp0AuOwOg,user_bf792a961a29,True,1728172800,1,netral,0.9751,netral,tanpa_emoji,netral,hitmaker
1Gsp0AuOwOg,user_cd746b759464,True,1728172800,0,netral,0.9968,netral,tanpa_emoji,netral,hitmaker
1Gsp0AuOwOg,user_cdd579609d2a,True,1728172800,0,netral,0.8684,netral,tanpa_emoji,netral,hitmaker
1Gsp0AuOwOg,user_031672205492,False,1728172800,1,negatif,0.9651,positif,tanpa_emoji,negatif,hitmaker
1Gsp0AuOwOg,user_d71a59ef72fc,False,1728172800,1,negatif,0.4996,netral,tanpa_emoji,negatif,hitmaker
1Gsp0AuOwOg,user_ad3f26a7e5f6,True,1728172800,2,netral,0.988,netral,tanpa_emoji,netral,hitmaker
1Gsp0AuOwOg,user_bf792a961a29,True,1728172800,0,netral,0.9751,netral,tanpa_emoji,netral,hitmaker
1Gsp0AuOwOg,user_0c15c8c39ff1,True,1728172800,0,negatif,0.9869,netral,tanpa_emoji,negatif,hitmaker
1Gsp0AuOwOg,user_647a1564cb8a,False,1728172800,0,negatif,0.578,netral,tanpa_emoji,negatif,hitmaker
1Gsp0AuOwOg,user_5d3784940f3b,False,1728172800,0,positif,0.7333,netral,tanpa_emoji,positif,hitmaker
1Gsp0AuOwOg,user_557ee84e2037,False,1728172800,0,netral,0.9928,netral,tanpa_emoji,netral,hitmaker
1Gsp0AuOwOg,user_ad3f26a7e5f6,True,1728172800,1,negatif,0.9388,netral,tanpa_emoji,negatif,hitmaker
1Gsp0AuOwOg,user_9a7ba3cc291f,False,1728172800,0,negatif,0.9507,netral,tanpa_emoji,negatif,hitmaker
1Gsp0AuOwOg,user_1d6daee7ebad,False,1728172800,0,positif,0.9859,positif,tanpa_emoji,positif,hitmaker
1Gsp0AuOwOg,user_ce18a30d9e4f,False,1728172800,0,negatif,0.9984,netral,tanpa_emoji,negatif,hitmaker
1Gsp0AuOwOg,user_e931616413d5,False,1728172800,0,positif,0.9978,netral,tanpa_emoji,positif,hitmaker
1Gsp0AuOwOg,user_d34533c09eac,False,1728172800,0,positif,0.9471,positif,tanpa_emoji,positif,hitmaker
1Gsp0AuOwOg,user_7a63afa30390,False,1728172800,1,positif,0.8389,netral,tanpa_emoji,positif,hitmaker
1Gsp0AuOwOg,user_f253234f4d8c,False,1728172800,1,netral,0.9907,netral,tanpa_emoji,netral,hitmaker
1Gsp0AuOwOg,user_ad3f26a7e5f6,True,1728172800,1,negatif,0.6824,netral,tanpa_emoji,negatif,hitmaker
1Gsp0AuOwOg,user_090364266c1d,False,1728172800,0,negatif,0.5166,netral,tanpa_emoji,negatif,hitmaker
1Gsp0AuOwOg,user_0048c73cb1ef,False,1728172800,0,negatif,0.9889,netral,tanpa_emoji,negatif,hitmaker
1Gsp0AuOwOg,user_1712b3dd212a,False,1728172800,0,positif,0.9073,positif,tanpa_emoji,positif,hitmaker
1Gsp0AuOwOg,user_c12ab97bd047,True,1728172800,0,negatif,0.9852,netral,tanpa_emoji,negatif,hitmaker
1Gsp0AuOwOg,user_7396960fd86e,False,1728172800,0,positif,0.6407,netral,tanpa_emoji,positif,hitmaker
1Gsp0AuOwOg,user_093991151a1f,False,1728172800,0,positif,0.8682,netral,netral,positif,hitmaker
1Gsp0AuOwOg,user_f91c5b213a0d,False,1728172800,0,positif,0.9781,positif,tanpa_emoji,positif,hitmaker
1Gsp0AuOwOg,user_7131dc772605,False,1728172800,32,positif,0.9856,positif,tanpa_emoji,positif,hitmaker
1Gsp0AuOwOg,user_165d09dc5e55,False,1728172800,2,netral,0.8485,negatif,tanpa_emoji,netral,hitmaker
1Gsp0AuOwOg,user_ad3f26a7e5f6,True,1728172800,1,positif,0.9946,negatif,tanpa_emoji,positif,hitmaker
1Gsp0AuOwOg,user_27f0caaca505,False,1728172800,0,negatif,0.6385,netral,tanpa_emoji,negatif,hitmaker
1Gsp0AuOwOg,user_4062c153810e,True,1728172800,0,positif,0.5482,netral,tanpa_emoji,positif,hitmaker
1Gsp0AuOwOg,user_4ef1be016a16,False,1728172800,0,positif,0.9967,netral,tanpa_emoji,positif,hitmaker
1Gsp0AuOwOg,user_2f9ef61fb916,False,1728172800,0,positif,0.9924,positif,tanpa_emoji,positif,hitmaker
1Gsp0AuOwOg,user_7e2180e8c37e,False,1728172800,0,negatif,0.8229,netral,tanpa_emoji,negatif,hitmaker
1Gsp0AuOwOg,user_1d97c70afb04,False,1728172800,0,negatif,0.9968,negatif,netral,negatif,hitmaker
1Gsp0AuOwOg,user_8f7e3d3219db,False,1728172800,0,netral,0.4785,netral,tanpa_emoji,netral,hitmaker
1Gsp0AuOwOg,user_eabfa9b7acac,False,1728172800,2,positif,0.9895,positif,positif,positif,hitmaker
1Gsp0AuOwOg,user_40349ddba139,False,1728172800,4,positif,0.7347,positif,positif,positif,hitmaker
1Gsp0AuOwOg,user_f159e91d35f5,False,1728172800,3,positif,0.9941,positif,tanpa_emoji,positif,hitmaker
1Gsp0AuOwOg,user_f159e91d35f5,False,1728172800,1,positif,0.9982,positif,tanpa_emoji,positif,hitmaker
1Gsp0AuOwOg,user_fd4e80b1ea58,False,1728172800,3,positif,0.9851,netral,tanpa_emoji,positif,hitmaker
1Gsp0AuOwOg,user_18979a9ad457,False,1728172800,1,negatif,0.9363,netral,tanpa_emoji,negatif,hitmaker
1Gsp0AuOwOg,user_55d21be0cb8e,False,1728172800,1,netral,0.5335,netral,netral,netral,hitmaker
1Gsp0AuOwOg,user_4d1a9790f115,False,1728172800,0,netral,0.9612,netral,tanpa_emoji,netral,hitmaker
1Gsp0AuOwOg,user_7732f108bc6b,False,1728172800,0,positif,0.9735,netral,tanpa_emoji,positif,hitmaker
1Gsp0AuOwOg,user_333a2adc8cb1,False,1728172800,2,positif,0.9972,positif,tanpa_emoji,positif,hitmaker
1Gsp0AuOwOg,user_dd7b88e61b0a,False,1728172800,1,positif,0.9959,positif,netral,positif,hitmaker
1Gsp0AuOwOg,user_40349ddba139,False,1728172800,2,positif,0.9821,positif,positif,positif,hitmaker
1Gsp0AuOwOg,user_136c82bf1c0b,False,1728172800,0,positif,0.7902,positif,tanpa_emoji,positif,hitmaker
1Gsp0AuOwOg,user_f3b40cf28b4f,False,1728172800,2,negatif,0.5793,netral,tanpa_emoji,negatif,hitmaker
1Gsp0AuOwOg,user_31a4a8ebcf28,False,1728172800,0,positif,0.8009,positif,netral,positif,hitmaker
1Gsp0AuOwOg,user_b1d17d5d1e7f,False,1728172800,1,positif,0.9679,netral,tanpa_emoji,positif,hitmaker
1Gsp0AuOwOg,user_52e1d4344404,False,1728172800,0,positif,0.9968,positif,tanpa_emoji,positif,hitmaker
1Gsp0AuOwOg,user_04f35c13bbc4,False,1728172800,0,negatif,0.5772,netral,netral,negatif,hitmaker
1Gsp0AuOwOg,user_bd3c21d4b422,False,1728172800,0,positif,0.9978,positif,tanpa_emoji,positif,hitmaker
1Gsp0AuOwOg,user_74a705c21c56,False,1728172800,0,negatif,0.7946,netral,tanpa_emoji,negatif,hitmaker
1Gsp0AuOwOg,user_aae02a4f2d9c,False,1728172800,1,positif,0.9848,positif,netral,positif,hitmaker
1Gsp0AuOwOg,user_b8facb2ef69b,False,1728172800,1,positif,0.9175,positif,tanpa_emoji,positif,hitmaker
1Gsp0AuOwOg,user_2fbb068e88e6,False,1728172800,0,positif,0.9356,positif,netral,positif,hitmaker
1Gsp0AuOwOg,user_c9557a104e32,False,1728172800,0,negatif,0.9825,netral,tanpa_emoji,negatif,hitmaker
1Gsp0AuOwOg,user_cd101facada2,False,1728172800,0,negatif,0.8048,netral,tanpa_emoji,negatif,hitmaker
1Gsp0AuOwOg,user_fa783acea577,False,1728172800,1,positif,0.6284,negatif,tanpa_emoji,positif,hitmaker
1Gsp0AuOwOg,user_5f6ca5277b08,False,1728172800,0,positif,0.9883,positif,tanpa_emoji,positif,hitmaker
1Gsp0AuOwOg,user_796e424503cb,False,1728172800,0,negatif,0.9973,positif,netral,negatif,hitmaker
1Gsp0AuOwOg,user_45f8cfab70ec,False,1728172800,0,negatif,0.9854,netral,tanpa_emoji,negatif,hitmaker
1Gsp0AuOwOg,user_ab7ab7bee29a,False,1728172800,0,negatif,0.9982,netral,tanpa_emoji,negatif,hitmaker
1Gsp0AuOwOg,user_58470a6fe2e0,False,1728172800,0,positif,0.5767,netral,tanpa_emoji,positif,hitmaker
1Gsp0AuOwOg,user_08633d29c978,False,1728172800,1,positif,0.9928,positif,positif,positif,hitmaker
1Gsp0AuOwOg,user_224f94a817e0,False,1728172800,2,positif,0.9112,positif,positif,positif,hitmaker
1Gsp0AuOwOg,user_90d49f5acaed,False,1728172800,0,negatif,0.5793,netral,tanpa_emoji,negatif,hitmaker
1Gsp0AuOwOg,user_eb9c1c004365,False,1728172800,1,positif,0.9912,positif,positif,positif,hitmaker
1Gsp0AuOwOg,user_3caa258be8d5,False,1728172800,1,positif,0.9916,positif,tanpa_emoji,positif,hitmaker
1Gsp0AuOwOg,user_5528a39366b1,False,1728172800,0,negatif,0.5306,netral,tanpa_emoji,negatif,hitmaker
1Gsp0AuOwOg,user_5528a39366b1,False,1728172800,0,negatif,0.5306,netral,tanpa_emoji,negatif,hitmaker
1Gsp0AuOwOg,user_5528a39366b1,False,1728172800,1,netral,0.9609,netral,tanpa_emoji,netral,hitmaker
1Gsp0AuOwOg,user_bdcc0fc37d53,False,1728172800,0,positif,0.9963,positif,tanpa_emoji,positif,hitmaker
1Gsp0AuOwOg,user_89c02bfb6cb7,False,1728172800,0,negatif,0.966,netral,netral,negatif,hitmaker
1Gsp0AuOwOg,user_4448e64373cb,False,1728172800,0,negatif,0.997,positif,tanpa_emoji,negatif,hitmaker
1Gsp0AuOwOg,user_a5ab593d4c75,False,1728172800,0,positif,0.998,positif,tanpa_emoji,positif,hitmaker
1Gsp0AuOwOg,user_697999b3297f,False,1728172800,1,positif,0.9792,positif,positif,positif,hitmaker
1Gsp0AuOwOg,user_22f9c10cca5d,False,1728172800,0,negatif,0.9967,positif,tanpa_emoji,negatif,hitmaker
1Gsp0AuOwOg,user_c520e9ce44a4,False,1728172800,1,positif,0.925,positif,tanpa_emoji,positif,hitmaker
1Gsp0AuOwOg,user_ea923160d208,False,1728172800,0,negatif,0.7702,netral,tanpa_emoji,negatif,hitmaker
1Gsp0AuOwOg,user_724f2dd7712c,False,1728172800,2,negatif,0.9728,positif,netral,negatif,hitmaker
1Gsp0AuOwOg,user_c1c9296262bd,False,1728172800,1,positif,0.7527,netral,tanpa_emoji,positif,hitmaker
1Gsp0AuOwOg,user_d60624ad5602,False,1728172800,1,positif,0.998,positif,tanpa_emoji,positif,hitmaker
1Gsp0AuOwOg,user_5c7689512379,False,1728172800,2,positif,0.9978,positif,tanpa_emoji,positif,hitmaker
1Gsp0AuOwOg,user_9fdfb6fde5ca,False,1728172800,1,negatif,0.9145,positif,netral,negatif,hitmaker
1Gsp0AuOwOg,user_6faaabe4215e,False,1728172800,7,negatif,0.9835,positif,positif,negatif,hitmaker
1Gsp0AuOwOg,user_98907fadec6b,False,1728172800,0,positif,0.9709,positif,tanpa_emoji,positif,hitmaker
1Gsp0AuOwOg,user_5c7689512379,True,1728172800,0,positif,0.6758,netral,tanpa_emoji,positif,hitmaker
1Gsp0AuOwOg,user_a2ac7e607cf5,False,1728172800,0,negatif,0.9118,netral,netral,negatif,hitmaker
1Gsp0AuOwOg,user_d78bd3de86ef,False,1728172800,1,positif,0.9914,positif,tanpa_emoji,positif,hitmaker
1Gsp0AuOwOg,user_186fc52829d8,False,1728172800,1,netral,0.9916,netral,tanpa_emoji,netral,hitmaker
1Gsp0AuOwOg,user_0c02d2bf88fa,False,1728172800,1,negatif,0.5202,positif,tanpa_emoji,negatif,hitmaker
1Gsp0AuOwOg,user_b4de00ca67f7,False,1728172800,3,positif,0.9928,positif,positif,positif,hitmaker
1Gsp0AuOwOg,user_d7e9bc639a6f,False,1728172800,1,positif,0.9934,positif,tanpa_emoji,positif,hitmaker
1Gsp0AuOwOg,user_416b928d4639,False,1728172800,1,positif,0.9938,positif,positif,positif,hitmaker
1Gsp0AuOwOg,user_465233876d8f,False,1728172800,1,negatif,0.9912,positif,tanpa_emoji,negatif,hitmaker
1Gsp0AuOwOg,user_d7f3b14a6c51,False,1728172800,2,positif,0.9731,positif,tanpa_emoji,positif,hitmaker
1Gsp0AuOwOg,user_5bba39f8f9a0,False,1728172800,1,positif,0.9862,positif,tanpa_emoji,positif,hitmaker
1Gsp0AuOwOg,user_1496a88d801b,False,1728172800,0,netral,0.4931,netral,tanpa_emoji,netral,hitmaker
1Gsp0AuOwOg,user_ffeb03b7d90d,False,1728172800,0,negatif,0.8195,netral,tanpa_emoji,negatif,hitmaker
1Gsp0AuOwOg,user_e872f0d6ef73,False,1728172800,0,negatif,0.9706,netral,tanpa_emoji,negatif,hitmaker
1Gsp0AuOwOg,user_4b1c1115415d,False,1728172800,1,positif,0.3582,positif,positif,positif,hitmaker
1Gsp0AuOwOg,user_27d6e0b80bf9,False,1728172800,1,netral,0.609,netral,netral,netral,hitmaker
1Gsp0AuOwOg,user_b4de00ca67f7,False,1728172800,12,positif,0.9861,positif,positif,positif,hitmaker
1Gsp0AuOwOg,user_1c6c86652df0,True,1728172800,1,negatif,0.9119,positif,positif,negatif,hitmaker
1Gsp0AuOwOg,user_b4de00ca67f7,True,1728172800,1,netral,0.8155,netral,tanpa_emoji,netral,hitmaker
1Gsp0AuOwOg,user_76c41ca4e1d8,False,1728172800,1,positif,0.9007,netral,tanpa_emoji,positif,hitmaker
1Gsp0AuOwOg,user_d27ed4db990b,False,1728172800,1,positif,0.9969,negatif,tanpa_emoji,positif,hitmaker
1Gsp0AuOwOg,user_b8f87e991409,False,1728172800,1,netral,0.7006,netral,tanpa_emoji,netral,hitmaker
1Gsp0AuOwOg,user_d274e0c1b670,False,1728172800,1,negatif,0.9283,positif,netral,negatif,hitmaker
1Gsp0AuOwOg,user_c929b574b4d2,False,1728172800,1,positif,0.9309,negatif,tanpa_emoji,positif,hitmaker
1Gsp0AuOwOg,user_5eefd62c9a95,False,1728172800,0,positif,0.8526,positif,tanpa_emoji,positif,hitmaker
1Gsp0AuOwOg,user_b943fd0e8650,False,1728172800,0,positif,0.8024,positif,tanpa_emoji,positif,hitmaker
1Gsp0AuOwOg,user_131b1dd07a55,False,1728172800,1,positif,0.9944,positif,positif,positif,hitmaker
1Gsp0AuOwOg,user_131b1dd07a55,False,1728172800,1,positif,0.9648,positif,tanpa_emoji,positif,hitmaker
1Gsp0AuOwOg,user_131b1dd07a55,False,1728172800,1,positif,0.9833,positif,positif,positif,hitmaker
1Gsp0AuOwOg,user_4a8b146b8bdc,False,1728172800,1,positif,0.9448,positif,tanpa_emoji,positif,hitmaker
1Gsp0AuOwOg,user_cc6cdb90c244,False,1728172800,1,positif,0.9483,positif,positif,positif,hitmaker
1Gsp0AuOwOg,user_e32b6371e876,False,1728172800,1,negatif,0.9294,netral,tanpa_emoji,negatif,hitmaker
1Gsp0AuOwOg,user_d2298a7c8dd9,False,1728172800,1,positif,0.9872,netral,tanpa_emoji,positif,hitmaker
1Gsp0AuOwOg,user_d0b9ff6176c5,False,1728172800,1,negatif,0.4657,netral,tanpa_emoji,negatif,hitmaker
1Gsp0AuOwOg,user_d618c596781b,True,1728172800,0,negatif,0.9608,netral,tanpa_emoji,negatif,hitmaker
1Gsp0AuOwOg,user_51a788ca6f18,False,1728172800,1,negatif,0.5807,netral,tanpa_emoji,negatif,hitmaker
1Gsp0AuOwOg,user_b04717969578,False,1728172800,2,negatif,0.796,netral,tanpa_emoji,negatif,hitmaker
1Gsp0AuOwOg,user_d2c656d7640d,False,1728172800,2,positif,0.7224,positif,tanpa_emoji,positif,hitmaker
1Gsp0AuOwOg,user_700711737051,False,1728172800,5,positif,0.995,positif,tanpa_emoji,positif,hitmaker
1Gsp0AuOwOg,user_9923038d22d2,False,1728172800,2,netral,0.9341,netral,tanpa_emoji,netral,hitmaker
1Gsp0AuOwOg,user_f90d56d691f6,False,1728172800,3,positif,0.9958,positif,positif,positif,hitmaker
1Gsp0AuOwOg,user_195a8f45a384,False,1728172800,2,positif,0.5039,positif,tanpa_emoji,positif,hitmaker
1Gsp0AuOwOg,user_7d631bd62659,False,1728172800,2,negatif,0.9863,negatif,netral,negatif,hitmaker
1Gsp0AuOwOg,user_abc6cb706855,False,1728172800,2,negatif,0.9956,negatif,tanpa_emoji,negatif,hitmaker
1Gsp0AuOwOg,user_5474bbb25dd3,False,1728172800,3,positif,0.9981,positif,tanpa_emoji,positif,hitmaker
1Gsp0AuOwOg,user_3656fb97a79e,False,1728172800,2,negatif,0.8578,netral,tanpa_emoji,negatif,hitmaker
1Gsp0AuOwOg,user_385b7edc4885,False,1728172800,2,positif,0.976,netral,tanpa_emoji,positif,hitmaker
1Gsp0AuOwOg,user_da9d57970700,False,1728172800,2,positif,0.7277,positif,positif,positif,hitmaker
1Gsp0AuOwOg,user_da9d57970700,False,1728172800,1,positif,0.7107,negatif,tanpa_emoji,positif,hitmaker
1Gsp0AuOwOg,user_0e76b98f767c,False,1728172800,1,negatif,0.9733,positif,tanpa_emoji,negatif,hitmaker
1Gsp0AuOwOg,user_34dc89e188e1,False,1728172800,1,negatif,0.9482,netral,tanpa_emoji,negatif,hitmaker
1Gsp0AuOwOg,user_745ef4a4f54c,False,1728172800,3,positif,0.994,positif,netral,positif,hitmaker
1Gsp0AuOwOg,user_413fb2fd83ba,False,1728172800,1,negatif,0.9974,positif,tanpa_emoji,negatif,hitmaker
1Gsp0AuOwOg,user_26577cdb3ed8,False,1728172800,2,negatif,0.8579,netral,tanpa_emoji,negatif,hitmaker
1Gsp0AuOwOg,user_4228b85486ac,False,1728172800,2,negatif,0.9894,positif,tanpa_emoji,negatif,hitmaker
1Gsp0AuOwOg,user_f764906babef,False,1728172800,1,negatif,0.9979,netral,tanpa_emoji,negatif,hitmaker
1Gsp0AuOwOg,user_38549069de9f,False,1728172800,3,negatif,0.6276,positif,positif,negatif,hitmaker
1Gsp0AuOwOg,user_2c7d3b3ede26,False,1728172800,1,negatif,0.9932,netral,tanpa_emoji,negatif,hitmaker
1Gsp0AuOwOg,user_5db926185235,False,1728172800,2,negatif,0.7231,netral,tanpa_emoji,negatif,hitmaker
1Gsp0AuOwOg,user_a012b01bf4c3,False,1728172800,8,positif,0.9849,positif,tanpa_emoji,positif,hitmaker
1Gsp0AuOwOg,user_d618c596781b,True,1728172800,0,negatif,0.9716,netral,netral,netral,hitmaker
1Gsp0AuOwOg,user_3aa275b7e2b0,False,1728172800,1,positif,0.7234,netral,tanpa_emoji,positif,hitmaker
1Gsp0AuOwOg,user_cf5044c6e2c7,False,1728172800,2,netral,0.9328,positif,tanpa_emoji,netral,hitmaker
1Gsp0AuOwOg,user_27c0aa86187e,False,1728172800,0,positif,0.9766,netral,tanpa_emoji,positif,hitmaker
1Gsp0AuOwOg,user_d85cc522233e,True,1728172800,0,negatif,0.9842,netral,tanpa_emoji,negatif,hitmaker
1Gsp0AuOwOg,user_a70a8b2bda57,True,1728172800,0,netral,0.5083,netral,tanpa_emoji,netral,hitmaker
1Gsp0AuOwOg,user_ba74c2843b78,False,1728172800,1,negatif,0.9472,netral,tanpa_emoji,negatif,hitmaker
1Gsp0AuOwOg,user_bec385352b18,False,1728172800,1,netral,0.4307,positif,positif,positif,hitmaker
1Gsp0AuOwOg,user_156d94cf3157,False,1728172800,2,positif,0.9253,positif,tanpa_emoji,positif,hitmaker
1Gsp0AuOwOg,user_8cc1a077c0be,False,1728172800,1,netral,0.5233,netral,tanpa_emoji,netral,hitmaker
1Gsp0AuOwOg,user_5cc2bb6b7a90,False,1728172800,2,negatif,0.801,netral,tanpa_emoji,negatif,hitmaker
1Gsp0AuOwOg,user_2b23506b1484,False,1728172800,1,positif,0.7832,netral,tanpa_emoji,positif,hitmaker
1Gsp0AuOwOg,user_70f25d6eebb1,True,1728172800,0,negatif,0.9957,negatif,tanpa_emoji,negatif,hitmaker
1Gsp0AuOwOg,user_d29cdf29294f,False,1728172800,1,positif,0.9914,positif,tanpa_emoji,positif,hitmaker
1Gsp0AuOwOg,user_aecf0c3c5799,False,1728172800,1,positif,0.9028,positif,positif,positif,hitmaker
1Gsp0AuOwOg,user_c6343dc5d691,False,1728172800,2,positif,0.9625,positif,positif,positif,hitmaker
1Gsp0AuOwOg,user_0175504e1683,False,1728172800,4,positif,0.7032,negatif,tanpa_emoji,positif,hitmaker
1Gsp0AuOwOg,user_e22ecb7e44ec,True,1728172800,1,netral,0.9574,netral,tanpa_emoji,netral,hitmaker
1Gsp0AuOwOg,user_0175504e1683,True,1728172800,0,netral,0.8305,netral,tanpa_emoji,netral,hitmaker
1Gsp0AuOwOg,user_dabf7137d74e,False,1728172800,1,negatif,0.7585,netral,netral,netral,hitmaker
1Gsp0AuOwOg,user_033944d22d97,False,1728172800,1,netral,0.9971,netral,tanpa_emoji,netral,hitmaker
1Gsp0AuOwOg,user_05c003e4e48e,False,1728172800,1,netral,0.7939,positif,tanpa_emoji,netral,hitmaker
1Gsp0AuOwOg,user_05c003e4e48e,False,1728172800,1,positif,0.953,positif,tanpa_emoji,positif,hitmaker
1Gsp0AuOwOg,user_f46e148793ed,False,1728172800,1,positif,0.4396,positif,positif,positif,hitmaker
1Gsp0AuOwOg,user_da2454d32703,False,1728172800,1,negatif,0.7848,netral,tanpa_emoji,negatif,hitmaker
1Gsp0AuOwOg,user_b53ac645362f,False,1728172800,1,negatif,0.6091,positif,positif,negatif,hitmaker
1Gsp0AuOwOg,user_89460b941bdf,False,1728172800,0,netral,0.7769,netral,tanpa_emoji,netral,hitmaker
1Gsp0AuOwOg,user_3ee14630012e,False,1728172800,3,positif,0.9748,positif,positif,positif,hitmaker
1Gsp0AuOwOg,user_2c3f52494361,False,1728172800,4,positif,0.5756,netral,tanpa_emoji,positif,hitmaker
1Gsp0AuOwOg,user_4aa5fa49083c,True,1789430400,0,negatif,0.9704,positif,positif,positif,hitmaker
1Gsp0AuOwOg,user_e6eb69cbe3e1,False,1728172800,80,positif,0.9858,netral,netral,positif,hitmaker
1Gsp0AuOwOg,user_dd7b88e61b0a,True,1728172800,1,netral,0.9372,netral,tanpa_emoji,netral,hitmaker
1Gsp0AuOwOg,user_1a5986071e39,True,1728172800,0,netral,0.668,negatif,tanpa_emoji,netral,hitmaker
1Gsp0AuOwOg,user_51e10f99f1e6,True,1728172800,0,positif,0.7033,positif,positif,positif,hitmaker
1Gsp0AuOwOg,user_40e5e189dad5,False,1728172800,0,positif,0.5798,netral,tanpa_emoji,positif,hitmaker
1Gsp0AuOwOg,user_05c003e4e48e,False,1728172800,1,positif,0.5791,positif,positif,positif,hitmaker
1Gsp0AuOwOg,user_05c003e4e48e,False,1728172800,1,positif,0.8993,positif,tanpa_emoji,positif,hitmaker
1Gsp0AuOwOg,user_0f09fca3661c,False,1728172800,2,positif,0.9506,positif,tanpa_emoji,positif,hitmaker
1Gsp0AuOwOg,user_2221609ad9a2,False,1728172800,0,negatif,0.7285,netral,tanpa_emoji,negatif,hitmaker
1Gsp0AuOwOg,user_fe8667674ea2,False,1728172800,0,netral,0.4939,netral,tanpa_emoji,netral,hitmaker
1Gsp0AuOwOg,user_0616a5be9926,False,1728172800,0,negatif,0.9402,netral,tanpa_emoji,negatif,hitmaker
1Gsp0AuOwOg,user_6f9cc7ac1d2b,False,1728172800,0,negatif,0.7855,positif,netral,negatif,hitmaker
1Gsp0AuOwOg,user_a06d68dba86b,False,1728172800,0,positif,0.9565,positif,positif,positif,hitmaker
1Gsp0AuOwOg,user_c4c086088c6f,False,1728172800,0,positif,0.6473,positif,positif,positif,hitmaker
1Gsp0AuOwOg,user_cc76a8246af8,False,1728172800,0,negatif,0.8552,netral,tanpa_emoji,negatif,hitmaker
1Gsp0AuOwOg,user_a8095957a2cf,False,1728172800,3,positif,0.9972,positif,tanpa_emoji,positif,hitmaker
1Gsp0AuOwOg,user_c0e68b429b87,False,1696550400,0,negatif,0.9886,positif,tanpa_emoji,negatif,hitmaker
1Gsp0AuOwOg,user_dd4f9719fbb7,True,1728172800,0,negatif,0.7851,netral,netral,negatif,hitmaker
1Gsp0AuOwOg,user_105cedc62217,False,1696550400,0,negatif,0.9089,netral,tanpa_emoji,negatif,hitmaker
1Gsp0AuOwOg,user_1d5794efde78,False,1696550400,2,positif,0.9909,positif,tanpa_emoji,positif,hitmaker
1Gsp0AuOwOg,user_3b6d06dbeea9,False,1696550400,1,netral,0.7112,positif,positif,netral,hitmaker
1Gsp0AuOwOg,user_299ec6f0a0ea,False,1696550400,1,positif,0.7144,positif,positif,positif,hitmaker
1Gsp0AuOwOg,user_9e2b8d876698,False,1696550400,1,negatif,0.5957,negatif,tanpa_emoji,negatif,hitmaker
1Gsp0AuOwOg,user_839f6d36728d,False,1696550400,3,negatif,0.8134,negatif,tanpa_emoji,negatif,hitmaker
1Gsp0AuOwOg,user_446a4067a127,False,1696550400,0,positif,0.8071,positif,netral,positif,hitmaker
1Gsp0AuOwOg,user_60d5fc20c1a8,False,1696550400,14,positif,0.9953,positif,positif,positif,hitmaker
1Gsp0AuOwOg,user_a945fc0bf25d,True,1728172800,0,negatif,0.9903,positif,tanpa_emoji,negatif,hitmaker
1Gsp0AuOwOg,user_1877b18f5378,False,1696550400,0,negatif,0.9463,netral,netral,negatif,hitmaker
1Gsp0AuOwOg,user_e0b168a1590b,False,1696550400,0,negatif,0.8519,netral,tanpa_emoji,negatif,hitmaker
1Gsp0AuOwOg,user_61f59a67484e,False,1696550400,0,negatif,0.9745,netral,tanpa_emoji,negatif,hitmaker
1Gsp0AuOwOg,user_b29ab7fe6442,False,1696550400,0,negatif,0.3629,netral,tanpa_emoji,negatif,hitmaker
1Gsp0AuOwOg,user_adaa77c6dbe1,False,1696550400,0,negatif,0.8648,netral,netral,negatif,hitmaker
1Gsp0AuOwOg,user_678f65343ef5,False,1696550400,0,positif,0.9331,netral,tanpa_emoji,positif,hitmaker
1Gsp0AuOwOg,user_c95d103592ae,False,1696550400,0,negatif,0.9967,netral,netral,negatif,hitmaker
1Gsp0AuOwOg,user_4515463365ab,False,1696550400,0,negatif,0.7914,netral,tanpa_emoji,negatif,hitmaker
1Gsp0AuOwOg,user_8feb91db5433,False,1696550400,0,positif,0.982,positif,tanpa_emoji,positif,hitmaker
1Gsp0AuOwOg,user_66a4949c8497,False,1696550400,0,negatif,0.6167,netral,tanpa_emoji,negatif,hitmaker
1Gsp0AuOwOg,user_f0263f0ff4c0,False,1696550400,0,positif,0.9795,positif,tanpa_emoji,positif,hitmaker
1Gsp0AuOwOg,user_423d0043d703,False,1696550400,93,netral,0.6017,netral,tanpa_emoji,netral,hitmaker
1Gsp0AuOwOg,user_23d0ee8df845,False,1696550400,0,positif,0.9718,positif,tanpa_emoji,positif,hitmaker
1Gsp0AuOwOg,user_fa999b8f724a,False,1696550400,1,positif,0.8099,netral,tanpa_emoji,positif,hitmaker
1Gsp0AuOwOg,user_9f6392fbeb09,False,1696550400,0,positif,0.9648,positif,positif,positif,hitmaker
1Gsp0AuOwOg,user_c8cd4cf7ad08,False,1696550400,0,netral,0.7856,netral,tanpa_emoji,netral,hitmaker
1Gsp0AuOwOg,user_1cadeb6b90ae,False,1696550400,0,positif,0.9444,negatif,tanpa_emoji,positif,hitmaker
1Gsp0AuOwOg,user_b2edbbe6e323,False,1696550400,0,negatif,0.9712,positif,tanpa_emoji,negatif,hitmaker
1Gsp0AuOwOg,user_d22ad4c7b99a,False,1696550400,4,negatif,0.7399,positif,positif,negatif,hitmaker
1Gsp0AuOwOg,user_0020621723c5,False,1696550400,0,negatif,0.9634,negatif,tanpa_emoji,negatif,hitmaker
1Gsp0AuOwOg,user_1dd0dc439791,False,1696550400,0,positif,0.9044,netral,tanpa_emoji,positif,hitmaker
1Gsp0AuOwOg,user_fc1add9227c6,False,1696550400,0,negatif,0.9447,positif,tanpa_emoji,negatif,hitmaker
1Gsp0AuOwOg,user_b959a6fae40d,False,1696550400,0,positif,0.9646,positif,tanpa_emoji,positif,hitmaker
1Gsp0AuOwOg,user_27652225b386,False,1696550400,3,negatif,0.9899,positif,positif,negatif,hitmaker
1Gsp0AuOwOg,user_ead8b8dc5f8b,False,1696550400,0,positif,0.5167,netral,tanpa_emoji,positif,hitmaker
1Gsp0AuOwOg,user_dca5650aeb86,False,1696550400,12,positif,0.9922,positif,positif,positif,hitmaker
1Gsp0AuOwOg,user_c0d1ce7ba1b5,False,1696550400,0,positif,0.9713,positif,tanpa_emoji,positif,hitmaker
1Gsp0AuOwOg,user_5ddf74fba196,False,1696550400,0,netral,0.5586,positif,tanpa_emoji,netral,hitmaker
1Gsp0AuOwOg,user_644ca2db7d52,False,1696550400,0,negatif,0.8114,netral,tanpa_emoji,negatif,hitmaker
1Gsp0AuOwOg,user_67c62ed723d3,False,1696550400,0,negatif,0.9527,netral,tanpa_emoji,negatif,hitmaker
1Gsp0AuOwOg,user_c70ddaa00d5d,False,1696550400,0,positif,0.9918,positif,tanpa_emoji,positif,hitmaker
1Gsp0AuOwOg,user_b46a7642f0eb,False,1696550400,0,negatif,0.971,positif,tanpa_emoji,negatif,hitmaker
1Gsp0AuOwOg,user_723c12455b97,False,1696550400,0,negatif,0.9988,netral,tanpa_emoji,negatif,hitmaker
1Gsp0AuOwOg,user_3edd484b4e98,False,1696550400,0,negatif,0.9737,positif,positif,negatif,hitmaker
1Gsp0AuOwOg,user_a9cc9ef235b1,False,1696550400,2,positif,0.9562,negatif,netral,positif,hitmaker
1Gsp0AuOwOg,user_92df0a2083ce,False,1696550400,0,netral,0.9247,netral,tanpa_emoji,netral,hitmaker
1Gsp0AuOwOg,user_296737f832e3,False,1696550400,0,netral,0.3788,positif,positif,positif,hitmaker
1Gsp0AuOwOg,user_73504b4abfea,False,1696550400,0,negatif,0.5256,negatif,tanpa_emoji,negatif,hitmaker
1Gsp0AuOwOg,user_3733eddecd8f,False,1696550400,16,positif,0.9904,netral,tanpa_emoji,positif,hitmaker
1Gsp0AuOwOg,user_47077edba789,False,1696550400,0,negatif,0.8546,netral,tanpa_emoji,negatif,hitmaker
1Gsp0AuOwOg,user_0dd5883237c8,False,1696550400,1,positif,0.9777,netral,tanpa_emoji,positif,hitmaker
1Gsp0AuOwOg,user_558d120a5629,False,1696550400,0,negatif,0.9975,netral,netral,negatif,hitmaker
1Gsp0AuOwOg,user_ad104a22f7ae,False,1696550400,1,negatif,0.7208,netral,tanpa_emoji,negatif,hitmaker
1Gsp0AuOwOg,user_ad104a22f7ae,False,1696550400,0,negatif,0.9974,netral,netral,negatif,hitmaker
1Gsp0AuOwOg,user_0294e80c933e,False,1696550400,0,negatif,0.6476,netral,tanpa_emoji,negatif,hitmaker
1Gsp0AuOwOg,user_71f6bf2d711b,False,1696550400,0,negatif,0.6273,netral,tanpa_emoji,negatif,hitmaker
1Gsp0AuOwOg,user_185b6ecd0ab0,False,1696550400,3,negatif,0.8956,positif,positif,negatif,hitmaker
1Gsp0AuOwOg,user_3bd6d80ccfad,False,1696550400,5,positif,0.999,negatif,tanpa_emoji,positif,hitmaker
1Gsp0AuOwOg,user_f000c36c11b5,False,1696550400,0,positif,0.555,netral,tanpa_emoji,positif,hitmaker
1Gsp0AuOwOg,user_afbbdd068b12,False,1696550400,0,negatif,0.656,netral,tanpa_emoji,negatif,hitmaker
1Gsp0AuOwOg,user_4f749a01b43b,False,1696550400,0,positif,0.978,positif,positif,positif,hitmaker
1Gsp0AuOwOg,user_522eb984f6a2,False,1696550400,0,positif,0.8185,positif,positif,positif,hitmaker
1Gsp0AuOwOg,user_afc381bab0f5,False,1696550400,0,negatif,0.8184,netral,tanpa_emoji,negatif,hitmaker
1Gsp0AuOwOg,user_a420aca14cf9,False,1696550400,0,positif,0.8174,positif,tanpa_emoji,positif,hitmaker
1Gsp0AuOwOg,user_99c5cf666a1c,False,1696550400,1,negatif,0.9367,negatif,tanpa_emoji,negatif,hitmaker
1Gsp0AuOwOg,user_f164e402e687,False,1696550400,0,netral,0.5271,positif,tanpa_emoji,netral,hitmaker
1Gsp0AuOwOg,user_e16b2aec57c5,False,1696550400,0,negatif,0.9711,netral,tanpa_emoji,negatif,hitmaker
1Gsp0AuOwOg,user_e154dbeb9bec,False,1696550400,2,positif,0.9973,netral,tanpa_emoji,positif,hitmaker
1Gsp0AuOwOg,user_40dd3052e7a9,False,1696550400,0,negatif,0.8128,netral,tanpa_emoji,negatif,hitmaker
1Gsp0AuOwOg,user_5c7689512379,True,1696550400,0,negatif,0.3788,netral,tanpa_emoji,negatif,hitmaker
1Gsp0AuOwOg,user_d04581153d1c,False,1696550400,1,netral,0.6706,netral,tanpa_emoji,netral,hitmaker
1Gsp0AuOwOg,user_37d0d3327308,False,1696550400,2,positif,0.5442,netral,tanpa_emoji,positif,hitmaker
1Gsp0AuOwOg,user_b3c4e447323f,False,1696550400,0,negatif,0.9023,netral,tanpa_emoji,negatif,hitmaker
1Gsp0AuOwOg,user_53f64ab3b908,False,1696550400,2,positif,0.9886,positif,tanpa_emoji,positif,hitmaker
1Gsp0AuOwOg,user_5adf7e307e5e,False,1696550400,0,negatif,0.6993,negatif,tanpa_emoji,negatif,hitmaker
1Gsp0AuOwOg,user_c623dcb53a6a,False,1696550400,0,negatif,0.9871,netral,tanpa_emoji,negatif,hitmaker
1Gsp0AuOwOg,user_1418e9304821,False,1696550400,2,positif,0.8916,positif,positif,positif,hitmaker
1Gsp0AuOwOg,user_e726e5b4c783,False,1696550400,0,negatif,0.905,positif,tanpa_emoji,negatif,hitmaker
1Gsp0AuOwOg,user_7f1334768556,False,1696550400,5,positif,0.9842,positif,positif,positif,hitmaker
1Gsp0AuOwOg,user_592a5e5f23a7,False,1696550400,2,netral,0.6674,positif,positif,netral,hitmaker
1Gsp0AuOwOg,user_5c960114783b,False,1696550400,5,positif,0.9966,positif,positif,positif,hitmaker
1Gsp0AuOwOg,user_248f766684b6,False,1696550400,11,positif,0.9893,positif,tanpa_emoji,positif,hitmaker
1Gsp0AuOwOg,user_54e429a0cdfd,False,1696550400,1,negatif,0.972,positif,tanpa_emoji,negatif,hitmaker
1Gsp0AuOwOg,user_cdc34a9c61c4,False,1696550400,0,negatif,0.9273,positif,positif,positif,hitmaker
1Gsp0AuOwOg,user_aecb5e3b0a17,False,1696550400,2,positif,0.9457,positif,positif,positif,hitmaker
1Gsp0AuOwOg,user_235b47750a05,False,1696550400,5,netral,0.8845,positif,positif,netral,hitmaker
1Gsp0AuOwOg,user_66a19a226f9c,False,1696550400,5,negatif,0.9337,negatif,tanpa_emoji,negatif,hitmaker
1Gsp0AuOwOg,user_136c82bf1c0b,False,1696550400,2,negatif,0.7051,positif,positif,negatif,hitmaker
1Gsp0AuOwOg,user_48c00f767d68,False,1696550400,18,positif,0.9672,positif,tanpa_emoji,positif,hitmaker
1Gsp0AuOwOg,user_d24bbd8c721b,False,1696550400,1,positif,0.9179,positif,tanpa_emoji,positif,hitmaker
1Gsp0AuOwOg,user_884ffed10b4e,False,1696550400,0,negatif,0.8098,netral,netral,negatif,hitmaker
1Gsp0AuOwOg,user_884ffed10b4e,False,1696550400,0,negatif,0.5487,netral,tanpa_emoji,negatif,hitmaker
1Gsp0AuOwOg,user_884ffed10b4e,True,1696550400,0,netral,0.7107,netral,tanpa_emoji,netral,hitmaker
1Gsp0AuOwOg,user_e50242649ba6,False,1696550400,0,negatif,0.5778,netral,tanpa_emoji,negatif,hitmaker
1Gsp0AuOwOg,user_a6884d606ddf,False,1696550400,0,negatif,0.9978,netral,tanpa_emoji,negatif,hitmaker
1Gsp0AuOwOg,user_e2fee968d088,False,1696550400,0,netral,0.5447,netral,tanpa_emoji,netral,hitmaker
1Gsp0AuOwOg,user_7ce0bea58a4d,False,1696550400,1,netral,0.9597,netral,netral,netral,hitmaker
1Gsp0AuOwOg,user_8924ea71a950,False,1696550400,45,positif,0.9958,negatif,tanpa_emoji,positif,hitmaker
1Gsp0AuOwOg,user_e35d9dc13ba1,False,1696550400,2,negatif,0.9981,netral,tanpa_emoji,negatif,hitmaker
1Gsp0AuOwOg,user_1348442b82b2,False,1696550400,0,positif,0.7075,positif,netral,positif,hitmaker
1Gsp0AuOwOg,user_5c7689512379,True,1696550400,1,negatif,0.9217,negatif,tanpa_emoji,negatif,hitmaker
1Gsp0AuOwOg,user_0e2436061942,False,1696550400,0,netral,0.9966,netral,tanpa_emoji,netral,hitmaker
1Gsp0AuOwOg,user_58cb5ee105bd,False,1696550400,6,positif,0.9765,positif,netral,positif,hitmaker
1Gsp0AuOwOg,user_ebed17b1dc54,True,1696550400,1,negatif,0.818,netral,netral,negatif,hitmaker
1Gsp0AuOwOg,user_5e4b5100d4e7,False,1696550400,0,negatif,0.77,netral,tanpa_emoji,negatif,hitmaker
1Gsp0AuOwOg,user_17ed44c1f350,False,1696550400,0,negatif,0.9872,netral,tanpa_emoji,negatif,hitmaker
1Gsp0AuOwOg,user_5c7689512379,True,1696550400,0,netral,0.9737,netral,tanpa_emoji,netral,hitmaker
1Gsp0AuOwOg,user_17ed44c1f350,True,1696550400,0,positif,0.7434,netral,tanpa_emoji,positif,hitmaker
1Gsp0AuOwOg,user_6dc41efee452,False,1696550400,0,netral,0.724,netral,tanpa_emoji,netral,hitmaker
1Gsp0AuOwOg,user_43686f165be5,False,1696550400,1,positif,0.9822,positif,tanpa_emoji,positif,hitmaker
1Gsp0AuOwOg,user_b8aa3c0cbb1c,False,1696550400,0,negatif,0.9869,negatif,negatif,negatif,hitmaker
1Gsp0AuOwOg,user_41ade2fd6eff,True,1696550400,0,negatif,0.9948,negatif,negatif,negatif,hitmaker
1Gsp0AuOwOg,user_d02a60593438,False,1696550400,0,positif,0.8506,positif,netral,positif,hitmaker
1Gsp0AuOwOg,user_a964cac37f74,False,1696550400,0,positif,0.9974,positif,tanpa_emoji,positif,hitmaker
1Gsp0AuOwOg,user_f99ac7a3ab89,False,1696550400,1,netral,0.5135,positif,positif,positif,hitmaker
1Gsp0AuOwOg,user_c2f280fb8419,False,1696550400,0,negatif,0.8357,negatif,tanpa_emoji,negatif,hitmaker
1Gsp0AuOwOg,user_b4de00ca67f7,False,1696550400,9,positif,0.9971,positif,tanpa_emoji,positif,hitmaker
1Gsp0AuOwOg,user_73f74fb80640,False,1696550400,0,positif,0.9282,positif,netral,positif,hitmaker
1Gsp0AuOwOg,user_93d208f6ced3,False,1696550400,0,negatif,0.7491,netral,tanpa_emoji,negatif,hitmaker
1Gsp0AuOwOg,user_7ed92cf35ede,False,1696550400,0,positif,0.637,netral,tanpa_emoji,positif,hitmaker
1Gsp0AuOwOg,user_16419af8e0f8,False,1696550400,1,negatif,0.6627,positif,tanpa_emoji,negatif,hitmaker
1Gsp0AuOwOg,user_80c054c4c251,True,1696550400,1,negatif,0.8994,netral,netral,negatif,hitmaker
1Gsp0AuOwOg,user_4c1fcf96609b,False,1696550400,0,positif,0.9932,netral,tanpa_emoji,positif,hitmaker
1Gsp0AuOwOg,user_edd543293513,False,1696550400,0,negatif,0.9896,negatif,tanpa_emoji,negatif,hitmaker
1Gsp0AuOwOg,user_9ae798d3601a,False,1696550400,0,negatif,0.9657,netral,tanpa_emoji,negatif,hitmaker
1Gsp0AuOwOg,user_80c054c4c251,True,1696550400,1,netral,0.5722,netral,tanpa_emoji,netral,hitmaker
1Gsp0AuOwOg,user_960b55c8cfc3,False,1696550400,8,positif,0.797,positif,positif,positif,hitmaker
1Gsp0AuOwOg,user_b389839a58da,False,1696550400,0,negatif,0.9636,positif,tanpa_emoji,negatif,hitmaker
1Gsp0AuOwOg,user_35530fa6d023,False,1696550400,2,negatif,0.9801,negatif,tanpa_emoji,negatif,hitmaker
1Gsp0AuOwOg,user_23f64235a689,False,1696550400,0,negatif,0.8462,netral,tanpa_emoji,negatif,hitmaker
1Gsp0AuOwOg,user_95e49c7051ab,False,1696550400,0,netral,0.994,netral,tanpa_emoji,netral,hitmaker
1Gsp0AuOwOg,user_8cb58026a83f,False,1696550400,27,positif,0.9827,netral,tanpa_emoji,positif,hitmaker
1Gsp0AuOwOg,user_7d1dc0a01fef,False,1696550400,2,negatif,0.9882,negatif,tanpa_emoji,negatif,hitmaker
1Gsp0AuOwOg,user_24f30b466b91,False,1696550400,0,negatif,0.9968,negatif,tanpa_emoji,negatif,hitmaker
1Gsp0AuOwOg,user_58b683bd3ba2,False,1696550400,14,negatif,0.9976,netral,tanpa_emoji,negatif,hitmaker
1Gsp0AuOwOg,user_b7b7e1c34bd7,False,1696550400,1,negatif,0.9965,positif,positif,negatif,hitmaker
1Gsp0AuOwOg,user_e6aa3a5f4b9e,False,1696550400,1,negatif,0.9867,netral,tanpa_emoji,negatif,hitmaker
1Gsp0AuOwOg,user_80c054c4c251,True,1696550400,1,negatif,0.8584,positif,netral,negatif,hitmaker
1Gsp0AuOwOg,user_0b4cdabb0086,True,1696550400,1,positif,0.8167,positif,tanpa_emoji,positif,hitmaker
1Gsp0AuOwOg,user_e6aa3a5f4b9e,True,1696550400,0,negatif,0.6769,netral,tanpa_emoji,negatif,hitmaker
1Gsp0AuOwOg,user_05c003e4e48e,False,1696550400,5,positif,0.9781,netral,tanpa_emoji,positif,hitmaker
1Gsp0AuOwOg,user_de620dac2eb6,False,1696550400,1,negatif,0.8253,negatif,tanpa_emoji,negatif,hitmaker
1Gsp0AuOwOg,user_44e704043a16,False,1696550400,0,positif,0.9793,negatif,tanpa_emoji,positif,hitmaker
1Gsp0AuOwOg,user_f4c1a03c6705,False,1696550400,19,positif,0.8791,positif,positif,positif,hitmaker
1Gsp0AuOwOg,user_01ae566249c2,False,1696550400,0,netral,0.5345,netral,tanpa_emoji,netral,hitmaker
1Gsp0AuOwOg,user_7b29f5a86ec7,False,1696550400,0,positif,0.7779,negatif,tanpa_emoji,positif,hitmaker
1Gsp0AuOwOg,user_0020621723c5,True,1696550400,0,netral,0.5563,negatif,tanpa_emoji,netral,hitmaker
1Gsp0AuOwOg,user_c0a8e316894a,False,1696550400,4,negatif,0.6274,positif,tanpa_emoji,negatif,hitmaker
1Gsp0AuOwOg,user_294c5866bcbb,False,1696550400,11,positif,0.8803,positif,tanpa_emoji,positif,hitmaker
1Gsp0AuOwOg,user_642364b61cae,False,1696550400,2,negatif,0.6731,netral,tanpa_emoji,negatif,hitmaker
1Gsp0AuOwOg,user_0d2bd7084314,False,1696550400,1,netral,0.4879,netral,tanpa_emoji,netral,hitmaker
1Gsp0AuOwOg,user_1373b4b8f341,False,1696550400,2,negatif,0.9452,netral,netral,negatif,hitmaker
1Gsp0AuOwOg,user_f0154b3113c9,False,1696550400,2,positif,0.7489,positif,positif,positif,hitmaker
1Gsp0AuOwOg,user_b4de00ca67f7,False,1696550400,41,positif,0.9962,positif,tanpa_emoji,positif,hitmaker
1Gsp0AuOwOg,user_17f2f68fd096,False,1696550400,2,positif,0.8307,positif,tanpa_emoji,positif,hitmaker
1Gsp0AuOwOg,user_98d6dd150e58,False,1696550400,32,positif,0.9651,negatif,netral,positif,hitmaker
1Gsp0AuOwOg,user_a7cb50ad42d3,False,1696550400,3,negatif,0.9878,negatif,netral,negatif,hitmaker
1Gsp0AuOwOg,user_5f084ee2e3ef,False,1696550400,1,negatif,0.9166,negatif,tanpa_emoji,negatif,hitmaker
1Gsp0AuOwOg,user_333161320b3d,False,1696550400,1,negatif,0.9935,netral,tanpa_emoji,negatif,hitmaker
1Gsp0AuOwOg,user_e84daad7a004,False,1696550400,2,positif,0.8205,positif,netral,positif,hitmaker
1Gsp0AuOwOg,user_bf4dde02d7ed,False,1696550400,1,negatif,0.9985,negatif,tanpa_emoji,negatif,hitmaker
1Gsp0AuOwOg,user_a9afec8701fe,False,1696550400,3,negatif,0.986,negatif,netral,negatif,hitmaker
1Gsp0AuOwOg,user_663b4aebb12c,False,1696550400,2,negatif,0.9896,positif,tanpa_emoji,negatif,hitmaker
1Gsp0AuOwOg,user_542249629584,False,1696550400,3,positif,0.7706,positif,tanpa_emoji,positif,hitmaker
1Gsp0AuOwOg,user_c8810bfd1e7e,False,1696550400,3,positif,0.6042,netral,tanpa_emoji,positif,hitmaker
1Gsp0AuOwOg,user_a553c22c38bf,False,1696550400,2,negatif,0.9974,negatif,tanpa_emoji,negatif,hitmaker
1Gsp0AuOwOg,user_a4434f716dd6,False,1696550400,6,negatif,0.9393,netral,netral,negatif,hitmaker
1Gsp0AuOwOg,user_c4144263415a,True,1696550400,4,negatif,0.9275,netral,netral,negatif,hitmaker
1Gsp0AuOwOg,user_698bfcf4f14c,True,1696550400,2,negatif,0.6539,netral,tanpa_emoji,negatif,hitmaker
1Gsp0AuOwOg,user_acb09d70cbdd,False,1696550400,13,positif,0.9008,positif,positif,positif,hitmaker
1Gsp0AuOwOg,user_ebed17b1dc54,True,1696550400,3,negatif,0.9984,positif,tanpa_emoji,negatif,hitmaker
1Gsp0AuOwOg,user_0a8f38a4e65a,True,1728172800,1,positif,0.9607,positif,tanpa_emoji,positif,hitmaker
1Gsp0AuOwOg,user_05c003e4e48e,False,1696550400,8,positif,0.9946,positif,tanpa_emoji,positif,hitmaker
1Gsp0AuOwOg,user_96b1488e6779,False,1696550400,9,positif,0.7367,netral,tanpa_emoji,positif,hitmaker
1Gsp0AuOwOg,user_a1b4393b6d96,False,1696550400,9,positif,0.5313,positif,tanpa_emoji,positif,hitmaker
1Gsp0AuOwOg,user_bdb14dfa68da,True,1728172800,1,positif,0.5549,netral,tanpa_emoji,positif,hitmaker
1Gsp0AuOwOg,user_38d240f1146d,False,1696550400,1,negatif,0.6521,negatif,netral,negatif,hitmaker
1Gsp0AuOwOg,user_8a8bde75212f,False,1696550400,34,negatif,0.9963,netral,positif,negatif,hitmaker
1Gsp0AuOwOg,user_741d3b8ff636,False,1696550400,5,positif,0.9954,positif,tanpa_emoji,positif,hitmaker
1Gsp0AuOwOg,user_c0602788ba0d,False,1696550400,1,negatif,0.925,netral,tanpa_emoji,negatif,hitmaker
1Gsp0AuOwOg,user_d9c79127be5f,False,1696550400,1,negatif,0.8678,netral,netral,negatif,hitmaker
1Gsp0AuOwOg,user_e25968070de7,False,1696550400,1,netral,0.4949,netral,tanpa_emoji,netral,hitmaker
1Gsp0AuOwOg,user_f25b71597250,False,1696550400,11,positif,0.8314,netral,tanpa_emoji,positif,hitmaker
1Gsp0AuOwOg,user_60741bd6d513,False,1696550400,3,negatif,0.6408,netral,tanpa_emoji,negatif,hitmaker
1Gsp0AuOwOg,user_83753cdc721a,False,1696550400,1,negatif,0.9529,netral,tanpa_emoji,negatif,hitmaker
1Gsp0AuOwOg,user_80f193cb4098,False,1696550400,5,positif,0.9949,positif,positif,positif,hitmaker
1Gsp0AuOwOg,user_3464a1e5c1c9,False,1696550400,5,positif,0.9627,positif,positif,positif,hitmaker
1Gsp0AuOwOg,user_a8f1df5db410,False,1696550400,7,negatif,0.6213,negatif,tanpa_emoji,negatif,hitmaker
1Gsp0AuOwOg,user_7b66fb077cd5,False,1696550400,19,positif,0.98,positif,positif,positif,hitmaker
1Gsp0AuOwOg,user_895c227fcafc,False,1696550400,4,positif,0.9964,positif,tanpa_emoji,positif,hitmaker
1Gsp0AuOwOg,user_96e8c02c93fc,False,1696550400,16,positif,0.844,positif,tanpa_emoji,positif,hitmaker
1Gsp0AuOwOg,user_f9cf1f836496,False,1696550400,1,positif,0.7244,netral,tanpa_emoji,positif,hitmaker
1Gsp0AuOwOg,user_8c7a65e5860b,False,1696550400,2,netral,0.4911,netral,tanpa_emoji,netral,hitmaker
1Gsp0AuOwOg,user_630cad6c6593,False,1696550400,16,positif,0.9676,positif,tanpa_emoji,positif,hitmaker
1Gsp0AuOwOg,user_2de6cbf68f8a,True,1696550400,2,negatif,0.4534,netral,tanpa_emoji,negatif,hitmaker
1Gsp0AuOwOg,user_c3ec47690e01,False,1696550400,20,positif,0.5905,positif,tanpa_emoji,positif,hitmaker
1Gsp0AuOwOg,user_e84aa79f64c8,False,1696550400,29,positif,0.6366,positif,positif,positif,hitmaker
1Gsp0AuOwOg,user_8b5b634f8008,False,1696550400,3,positif,0.972,netral,tanpa_emoji,positif,hitmaker
1Gsp0AuOwOg,user_f5ac1ba5c998,False,1696550400,5,positif,0.9831,positif,positif,positif,hitmaker
1Gsp0AuOwOg,user_8f058669fc75,False,1696550400,1,negatif,0.9976,netral,netral,negatif,hitmaker
1Gsp0AuOwOg,user_2c9584568411,False,1696550400,2,negatif,0.9252,positif,tanpa_emoji,negatif,hitmaker
1Gsp0AuOwOg,user_eb79fb79b441,True,1696550400,0,positif,0.9474,positif,tanpa_emoji,positif,hitmaker
1Gsp0AuOwOg,user_2c9584568411,True,1696550400,0,negatif,0.8129,netral,tanpa_emoji,negatif,hitmaker
1Gsp0AuOwOg,user_f5ac1ba5c998,False,1696550400,1,negatif,0.9987,positif,positif,negatif,hitmaker
1Gsp0AuOwOg,user_8cbcddc7f8e9,False,1696550400,4,negatif,0.9969,positif,tanpa_emoji,negatif,hitmaker
1Gsp0AuOwOg,user_3ba3cdb9ded0,False,1696550400,25,positif,0.998,positif,tanpa_emoji,positif,hitmaker
1Gsp0AuOwOg,user_24f30b466b91,True,1696550400,3,negatif,0.995,netral,netral,negatif,hitmaker
1Gsp0AuOwOg,user_0b4cdabb0086,True,1696550400,8,positif,0.9957,positif,netral,positif,hitmaker
1Gsp0AuOwOg,user_24f30b466b91,True,1696550400,2,positif,0.541,negatif,tanpa_emoji,positif,hitmaker
1Gsp0AuOwOg,user_3ba3cdb9ded0,True,1696550400,0,positif,0.937,netral,tanpa_emoji,positif,hitmaker
1Gsp0AuOwOg,user_5184c5b80af9,True,1696550400,1,negatif,0.506,positif,positif,positif,hitmaker
1Gsp0AuOwOg,user_69304359d058,False,1696550400,28,positif,0.9935,positif,positif,positif,hitmaker
1Gsp0AuOwOg,user_05c003e4e48e,False,1696550400,4,positif,0.9975,positif,tanpa_emoji,positif,hitmaker
1Gsp0AuOwOg,user_0f09fca3661c,True,1728172800,0,negatif,0.9988,negatif,tanpa_emoji,negatif,hitmaker
1Gsp0AuOwOg,user_91ec64439b90,False,1696550400,9,negatif,0.9381,positif,tanpa_emoji,negatif,hitmaker
1Gsp0AuOwOg,user_e91fc92b11a6,False,1696550400,58,positif,0.9674,netral,tanpa_emoji,positif,hitmaker
1Gsp0AuOwOg,user_3e15aed211ea,True,1696550400,2,negatif,0.8329,netral,tanpa_emoji,negatif,hitmaker
1Gsp0AuOwOg,user_f85da611f89e,True,1696550400,2,negatif,0.4779,netral,tanpa_emoji,negatif,hitmaker
1Gsp0AuOwOg,user_2de6cbf68f8a,True,1696550400,2,negatif,0.4534,netral,tanpa_emoji,negatif,hitmaker
1Gsp0AuOwOg,user_f25b71597250,True,1696550400,2,positif,0.9579,netral,tanpa_emoji,positif,hitmaker
1Gsp0AuOwOg,user_0dd5883237c8,True,1696550400,1,negatif,0.6057,netral,tanpa_emoji,negatif,hitmaker
1Wz4r3758CY,user_09b2d0e73ca6,False,1791176400,0,positif,0.8427,netral,tanpa_emoji,positif,hitmaker
1Wz4r3758CY,user_31b258f59227,False,1785974400,0,negatif,0.9294,netral,tanpa_emoji,negatif,hitmaker
1Wz4r3758CY,user_31b258f59227,False,1785974400,0,negatif,0.5587,netral,tanpa_emoji,negatif,hitmaker
1Wz4r3758CY,user_6354baaef5f2,False,1785974400,1,netral,0.9242,netral,tanpa_emoji,netral,hitmaker
1Wz4r3758CY,user_9f74b69592f3,False,1783296000,0,negatif,0.9983,netral,tanpa_emoji,negatif,hitmaker
1Wz4r3758CY,user_9f74b69592f3,False,1783296000,0,positif,0.627,netral,netral,positif,hitmaker
1Wz4r3758CY,user_afd9fa229813,False,1778025600,0,negatif,0.6118,netral,netral,negatif,hitmaker
1Wz4r3758CY,user_8385f1800e54,False,1775433600,0,negatif,0.9807,netral,tanpa_emoji,negatif,hitmaker
1Wz4r3758CY,user_d103b69f67a3,False,1775433600,1,negatif,0.9824,positif,positif,negatif,hitmaker
1Wz4r3758CY,user_8385f1800e54,False,1772755200,1,positif,0.8,positif,netral,positif,hitmaker
1Wz4r3758CY,user_88859c9397fa,False,1762387200,0,positif,0.9985,positif,tanpa_emoji,positif,hitmaker
1Wz4r3758CY,user_64f34e9c16cd,False,1762387200,0,negatif,0.9513,netral,tanpa_emoji,negatif,hitmaker
1Wz4r3758CY,user_aec8ac378e7f,False,1759708800,0,negatif,0.9231,netral,netral,negatif,hitmaker
1Wz4r3758CY,user_c8ac016c88cc,False,1759708800,0,negatif,0.8505,netral,tanpa_emoji,negatif,hitmaker
1Wz4r3758CY,user_107a282784d9,False,1759708800,0,negatif,0.955,netral,netral,negatif,hitmaker
1Wz4r3758CY,user_6fcab5c9a562,False,1759708800,1,negatif,0.9649,netral,netral,netral,hitmaker
1Wz4r3758CY,user_db88281fbbbe,False,1759708800,0,positif,0.5448,netral,tanpa_emoji,positif,hitmaker
1Wz4r3758CY,user_869149347c8b,False,1759708800,0,positif,0.9891,positif,tanpa_emoji,positif,hitmaker
1Wz4r3758CY,user_cee701c98977,False,1759708800,0,negatif,0.9485,netral,tanpa_emoji,negatif,hitmaker
1Wz4r3758CY,user_4a490f39de27,False,1759708800,0,negatif,0.8607,netral,tanpa_emoji,negatif,hitmaker
1Wz4r3758CY,user_f4819d7e3ccf,False,1759708800,0,negatif,0.9838,positif,tanpa_emoji,negatif,hitmaker
1Wz4r3758CY,user_4b4308459f2e,False,1759708800,0,negatif,0.9983,netral,tanpa_emoji,negatif,hitmaker
1Wz4r3758CY,user_6806a4b135a7,False,1759708800,0,negatif,0.9839,negatif,tanpa_emoji,negatif,hitmaker
1Wz4r3758CY,user_4a490f39de27,False,1759708800,0,positif,0.996,positif,tanpa_emoji,positif,hitmaker
1Wz4r3758CY,user_3689dfc18ab9,False,1759708800,4,positif,0.9853,netral,netral,positif,hitmaker
1Wz4r3758CY,user_eaa1dca1cd89,False,1759708800,0,negatif,0.9888,netral,tanpa_emoji,negatif,hitmaker
1Wz4r3758CY,user_98b5fd76f1a6,False,1759708800,0,negatif,0.5709,netral,tanpa_emoji,negatif,hitmaker
1Wz4r3758CY,user_e603a2b37b20,False,1759708800,0,netral,0.8935,netral,tanpa_emoji,netral,hitmaker
1Wz4r3758CY,user_6b0e17dc27e4,False,1759708800,0,negatif,0.9844,negatif,netral,negatif,hitmaker
1Wz4r3758CY,user_d5638aaefd5c,False,1759708800,0,negatif,0.9416,netral,tanpa_emoji,negatif,hitmaker
1Wz4r3758CY,user_cef3c0f6eb92,False,1759708800,0,negatif,0.9991,netral,tanpa_emoji,negatif,hitmaker
1Wz4r3758CY,user_392706ba1465,False,1759708800,0,netral,0.9835,netral,tanpa_emoji,netral,hitmaker
1Wz4r3758CY,user_50f658fb74d6,False,1759708800,0,negatif,0.9047,netral,tanpa_emoji,negatif,hitmaker
1Wz4r3758CY,user_fd8190847173,False,1759708800,1,positif,0.9592,positif,positif,positif,hitmaker
1Wz4r3758CY,user_479c3c0903eb,False,1759708800,0,positif,0.816,netral,tanpa_emoji,positif,hitmaker
1Wz4r3758CY,user_811adf9d7c95,False,1759708800,0,negatif,0.9918,netral,tanpa_emoji,negatif,hitmaker
1Wz4r3758CY,user_4213eef075c3,False,1759708800,0,netral,0.6207,netral,tanpa_emoji,netral,hitmaker
1Wz4r3758CY,user_cfafdbf59de2,False,1759708800,0,negatif,0.5,netral,tanpa_emoji,negatif,hitmaker
1Wz4r3758CY,user_4516a1581bbf,False,1759708800,0,negatif,0.7123,netral,tanpa_emoji,negatif,hitmaker
1Wz4r3758CY,user_c1c7331101e4,False,1759708800,0,negatif,0.9969,netral,netral,negatif,hitmaker
1Wz4r3758CY,user_6357b383773e,False,1759708800,0,netral,0.8239,netral,netral,netral,hitmaker
1Wz4r3758CY,user_f599d35e09ad,False,1759708800,0,positif,0.6154,netral,netral,positif,hitmaker
1Wz4r3758CY,user_0c9d7e0d3599,False,1759708800,0,positif,0.9002,netral,tanpa_emoji,positif,hitmaker
1Wz4r3758CY,user_2e6b86e6fb0f,False,1759708800,0,netral,0.6515,netral,tanpa_emoji,netral,hitmaker
1Wz4r3758CY,user_c00c6eb64c4c,False,1759708800,1,negatif,0.9796,negatif,tanpa_emoji,negatif,hitmaker
1Wz4r3758CY,user_868d16ec2255,False,1759708800,1,negatif,0.988,netral,tanpa_emoji,negatif,hitmaker
1Wz4r3758CY,user_696600460d37,False,1759708800,0,positif,0.9639,positif,tanpa_emoji,positif,hitmaker
1Wz4r3758CY,user_8f0c642deaae,False,1759708800,1,negatif,0.99,negatif,tanpa_emoji,negatif,hitmaker
1Wz4r3758CY,user_c3a92fea212b,False,1759708800,0,negatif,0.7881,netral,netral,negatif,hitmaker
1Wz4r3758CY,user_6eb8a965108f,False,1759708800,0,negatif,0.9955,negatif,tanpa_emoji,negatif,hitmaker
1Wz4r3758CY,user_71a613ff2fa4,False,1759708800,0,negatif,0.9309,negatif,tanpa_emoji,negatif,hitmaker
1Wz4r3758CY,user_37a1d3f0e4fc,False,1759708800,0,negatif,0.8777,netral,tanpa_emoji,negatif,hitmaker
1Wz4r3758CY,user_2997e49862dc,False,1759708800,0,netral,0.8472,netral,tanpa_emoji,netral,hitmaker
1Wz4r3758CY,user_c7d8cc0bf9b2,False,1759708800,0,positif,0.9926,positif,tanpa_emoji,positif,hitmaker
1Wz4r3758CY,user_903fadb65432,False,1759708800,0,positif,0.9834,netral,tanpa_emoji,positif,hitmaker
1Wz4r3758CY,user_8eb8f95094da,False,1759708800,0,positif,0.9822,positif,tanpa_emoji,positif,hitmaker
1Wz4r3758CY,user_6241dcbab7e5,False,1759708800,2,negatif,0.9533,positif,netral,negatif,hitmaker
1Wz4r3758CY,user_1b8da2ac70c6,False,1759708800,1,negatif,0.5545,netral,tanpa_emoji,negatif,hitmaker
1Wz4r3758CY,user_c9c081336d95,False,1759708800,0,netral,0.8819,netral,tanpa_emoji,netral,hitmaker
1Wz4r3758CY,user_242638533233,False,1759708800,0,positif,0.9982,positif,tanpa_emoji,positif,hitmaker
1Wz4r3758CY,user_8d9ac7ac4a24,False,1759708800,1,positif,0.7522,netral,tanpa_emoji,positif,hitmaker
1Wz4r3758CY,user_dc8ec15de126,False,1759708800,0,positif,0.9827,positif,positif,positif,hitmaker
1Wz4r3758CY,user_8562221446f7,False,1759708800,0,negatif,0.9935,negatif,netral,negatif,hitmaker
1Wz4r3758CY,user_ccc21e1fb20e,True,1759708800,2,negatif,0.9616,netral,tanpa_emoji,negatif,hitmaker
1Wz4r3758CY,user_a8fdb541f4c6,False,1759708800,0,negatif,0.9973,netral,tanpa_emoji,negatif,hitmaker
1Wz4r3758CY,user_7aaa3d582761,False,1759708800,3,positif,0.989,positif,positif,positif,hitmaker
1Wz4r3758CY,user_4444324b44cd,False,1759708800,0,negatif,0.9908,netral,tanpa_emoji,negatif,hitmaker
1Wz4r3758CY,user_09044012e423,False,1759708800,1,netral,0.6887,netral,tanpa_emoji,netral,hitmaker
1Wz4r3758CY,user_630b11e79c1d,False,1759708800,3,positif,0.9937,netral,tanpa_emoji,positif,hitmaker
1Wz4r3758CY,user_3e8a762af343,False,1759708800,0,negatif,0.9759,netral,netral,negatif,hitmaker
1Wz4r3758CY,user_d6904c33e396,False,1759708800,1,positif,0.8616,netral,tanpa_emoji,positif,hitmaker
1Wz4r3758CY,user_c73834a59df6,False,1759708800,0,positif,0.6598,netral,tanpa_emoji,positif,hitmaker
1Wz4r3758CY,user_1e895d4dc014,False,1759708800,0,negatif,0.9548,netral,tanpa_emoji,negatif,hitmaker
1Wz4r3758CY,user_4f96d501083d,False,1759708800,0,negatif,0.9972,netral,tanpa_emoji,negatif,hitmaker
1Wz4r3758CY,user_8fee456062b4,False,1759708800,0,positif,0.9923,positif,tanpa_emoji,positif,hitmaker
1Wz4r3758CY,user_b26513e9b516,False,1759708800,1,negatif,0.9586,netral,tanpa_emoji,negatif,hitmaker
1Wz4r3758CY,user_b1cd53ac3532,False,1759708800,0,negatif,0.9911,netral,tanpa_emoji,negatif,hitmaker
1Wz4r3758CY,user_f3c9174249cc,False,1759708800,0,positif,0.9924,negatif,negatif,positif,hitmaker
1Wz4r3758CY,user_2323ed7617e1,True,1759708800,0,negatif,0.9968,netral,tanpa_emoji,negatif,hitmaker
1Wz4r3758CY,user_2c4435a6489c,False,1759708800,1,netral,0.8121,netral,tanpa_emoji,netral,hitmaker
1Wz4r3758CY,user_6f48e4b08777,False,1759708800,0,netral,0.8997,netral,tanpa_emoji,netral,hitmaker
1Wz4r3758CY,user_74929addf20d,False,1759708800,0,negatif,0.6433,netral,tanpa_emoji,negatif,hitmaker
1Wz4r3758CY,user_37a5140c2930,False,1759708800,0,positif,0.7134,positif,netral,positif,hitmaker
1Wz4r3758CY,user_b680d5e1e9d2,False,1759708800,0,positif,0.9793,positif,tanpa_emoji,positif,hitmaker
1Wz4r3758CY,user_59af2f52a08c,False,1759708800,0,positif,0.9798,positif,tanpa_emoji,positif,hitmaker
1Wz4r3758CY,user_022e753cc16c,False,1759708800,1,negatif,0.566,netral,tanpa_emoji,negatif,hitmaker
1Wz4r3758CY,user_d5e39df38642,True,1759708800,0,negatif,0.4469,netral,tanpa_emoji,negatif,hitmaker
1Wz4r3758CY,user_4b4308459f2e,False,1759708800,0,negatif,0.6303,netral,tanpa_emoji,negatif,hitmaker
1Wz4r3758CY,user_86ce7ef38225,False,1759708800,0,negatif,0.6794,netral,tanpa_emoji,negatif,hitmaker
1Wz4r3758CY,user_fa181df47874,False,1759708800,1,negatif,0.9655,positif,positif,negatif,hitmaker
1Wz4r3758CY,user_9123458316ea,False,1759708800,0,negatif,0.9977,negatif,tanpa_emoji,negatif,hitmaker
1Wz4r3758CY,user_2f57955ebdf9,False,1759708800,1,negatif,0.8422,netral,tanpa_emoji,negatif,hitmaker
1Wz4r3758CY,user_e972b8a6790c,True,1759708800,0,netral,0.91,netral,tanpa_emoji,netral,hitmaker
1Wz4r3758CY,user_a8d5ca60fe3b,True,1759708800,0,netral,0.923,netral,tanpa_emoji,netral,hitmaker
1Wz4r3758CY,user_b2edbbe6e323,False,1759708800,0,negatif,0.9826,positif,tanpa_emoji,negatif,hitmaker
1Wz4r3758CY,user_cc822ac56068,False,1759708800,0,negatif,0.9938,positif,netral,negatif,hitmaker
1Wz4r3758CY,user_f0294a019d4e,False,1759708800,1,negatif,0.9857,netral,tanpa_emoji,negatif,hitmaker
1Wz4r3758CY,user_58f7241de4d1,False,1759708800,0,netral,0.8516,netral,tanpa_emoji,netral,hitmaker
1Wz4r3758CY,user_27c3c73b2724,False,1759708800,0,negatif,0.9767,netral,tanpa_emoji,negatif,hitmaker
1Wz4r3758CY,user_5ed607f062c8,False,1759708800,0,negatif,0.9967,netral,tanpa_emoji,negatif,hitmaker
1Wz4r3758CY,user_fd92254e3bba,False,1759708800,0,positif,0.9933,positif,tanpa_emoji,positif,hitmaker
1Wz4r3758CY,user_fd92254e3bba,False,1759708800,0,positif,0.9933,positif,tanpa_emoji,positif,hitmaker
1Wz4r3758CY,user_f98ea2cc2f19,False,1759708800,0,negatif,0.4621,positif,tanpa_emoji,negatif,hitmaker
1Wz4r3758CY,user_457a53a9756b,False,1759708800,0,positif,0.6024,positif,tanpa_emoji,positif,hitmaker
1Wz4r3758CY,user_cbb5949b4841,False,1759708800,1,positif,0.994,positif,tanpa_emoji,positif,hitmaker
1Wz4r3758CY,user_b4ec659d2df1,False,1759708800,1,negatif,0.9676,positif,positif,negatif,hitmaker
1Wz4r3758CY,user_2c9f99e1df10,False,1759708800,0,negatif,0.8019,negatif,tanpa_emoji,negatif,hitmaker
1Wz4r3758CY,user_ebfaf59bc1c8,False,1759708800,0,negatif,0.9779,negatif,tanpa_emoji,negatif,hitmaker
1Wz4r3758CY,user_3fa24f52bf36,True,1759708800,0,negatif,0.9972,netral,tanpa_emoji,negatif,hitmaker
1Wz4r3758CY,user_ebfaf59bc1c8,True,1759708800,0,negatif,0.9878,negatif,tanpa_emoji,negatif,hitmaker
1Wz4r3758CY,user_66e42546fb69,False,1759708800,1,negatif,0.7666,netral,tanpa_emoji,negatif,hitmaker
1Wz4r3758CY,user_74c21dfe854a,False,1759708800,0,netral,0.6195,netral,tanpa_emoji,netral,hitmaker
1Wz4r3758CY,user_83683fb99856,False,1759708800,0,positif,0.956,positif,tanpa_emoji,positif,hitmaker
1Wz4r3758CY,user_aa11faa44079,False,1759708800,0,netral,0.8353,netral,tanpa_emoji,netral,hitmaker
1Wz4r3758CY,user_d973ac8a49f4,False,1759708800,5,positif,0.5031,netral,tanpa_emoji,positif,hitmaker
1Wz4r3758CY,user_8a7a0e3f26de,True,1759708800,0,positif,0.9968,positif,tanpa_emoji,positif,hitmaker
1Wz4r3758CY,user_2ac1343f2d63,True,1759708800,0,positif,0.8613,netral,tanpa_emoji,positif,hitmaker
1Wz4r3758CY,user_2817edc06e0a,False,1759708800,1,positif,0.8496,positif,positif,positif,hitmaker
1Wz4r3758CY,user_32d076ef5c4d,False,1759708800,0,positif,0.9187,netral,tanpa_emoji,positif,hitmaker
1Wz4r3758CY,user_143c6dca0eda,False,1759708800,0,negatif,0.9968,netral,tanpa_emoji,negatif,hitmaker
1Wz4r3758CY,user_1b090ef8461b,False,1759708800,1,negatif,0.9236,positif,tanpa_emoji,negatif,hitmaker
1Wz4r3758CY,user_75d3c1fc097b,False,1759708800,0,positif,0.9965,netral,positif,positif,hitmaker
1Wz4r3758CY,user_d59991f6b28a,False,1759708800,0,positif,0.9966,positif,netral,positif,hitmaker
1Wz4r3758CY,user_66b187bd4bbf,False,1759708800,1,negatif,0.9847,netral,tanpa_emoji,negatif,hitmaker
1Wz4r3758CY,user_faddb263721a,False,1759708800,0,positif,0.4889,netral,netral,positif,hitmaker
1Wz4r3758CY,user_3b4f7b2880e5,False,1759708800,0,negatif,0.9976,positif,tanpa_emoji,negatif,hitmaker
1Wz4r3758CY,user_8da01e346a21,False,1759708800,0,negatif,0.4295,netral,netral,negatif,hitmaker
1Wz4r3758CY,user_66ad38092afd,False,1759708800,0,negatif,0.9974,negatif,tanpa_emoji,negatif,hitmaker
1Wz4r3758CY,user_03ddf236df55,False,1759708800,0,netral,0.8478,netral,tanpa_emoji,netral,hitmaker
1Wz4r3758CY,user_d0140eaaa08b,False,1759708800,0,negatif,0.9422,positif,positif,negatif,hitmaker
1Wz4r3758CY,user_2b540b713f46,False,1759708800,0,positif,0.6184,netral,tanpa_emoji,positif,hitmaker
1Wz4r3758CY,user_5fc2cb85fbc7,False,1759708800,0,negatif,0.9753,netral,tanpa_emoji,negatif,hitmaker
1Wz4r3758CY,user_a6e0171c37b7,False,1759708800,2,positif,0.9804,positif,positif,positif,hitmaker
1Wz4r3758CY,user_1626c79c7906,False,1759708800,0,negatif,0.9989,netral,netral,negatif,hitmaker
1Wz4r3758CY,user_c3ebc44391a0,False,1759708800,0,negatif,0.7783,netral,tanpa_emoji,negatif,hitmaker
1Wz4r3758CY,user_b671c7bc83c8,False,1759708800,3,negatif,0.9983,positif,netral,negatif,hitmaker
1Wz4r3758CY,user_da4b22252b11,False,1759708800,0,negatif,0.6884,positif,positif,negatif,hitmaker
1Wz4r3758CY,user_ed71d5a8cd6d,False,1759708800,1,negatif,0.4611,positif,netral,negatif,hitmaker
1Wz4r3758CY,user_2916c6b0af2d,False,1759708800,0,negatif,0.9977,netral,tanpa_emoji,negatif,hitmaker
1Wz4r3758CY,user_961d8c0a7755,False,1759708800,0,positif,0.6788,netral,tanpa_emoji,positif,hitmaker
1Wz4r3758CY,user_7fdefcca0bad,False,1759708800,0,positif,0.9827,positif,tanpa_emoji,positif,hitmaker
1Wz4r3758CY,user_81f75338f48a,False,1759708800,0,negatif,0.8246,netral,tanpa_emoji,negatif,hitmaker
1Wz4r3758CY,user_232e05edacc5,False,1759708800,1,positif,0.9939,positif,positif,positif,hitmaker
1Wz4r3758CY,user_5727b8eeed9a,False,1759708800,0,positif,0.9953,netral,tanpa_emoji,positif,hitmaker
1Wz4r3758CY,user_c42df9f83a9f,False,1759708800,0,negatif,0.9634,positif,tanpa_emoji,negatif,hitmaker
1Wz4r3758CY,user_0dfb72df7581,False,1759708800,0,negatif,0.9876,netral,netral,negatif,hitmaker
1Wz4r3758CY,user_e8b44f535cb2,False,1759708800,3,positif,0.6255,positif,tanpa_emoji,positif,hitmaker
1Wz4r3758CY,user_a16336f5409c,False,1759708800,0,negatif,0.9588,netral,netral,negatif,hitmaker
1Wz4r3758CY,user_e50230e41663,False,1759708800,0,positif,0.749,positif,positif,positif,hitmaker
1Wz4r3758CY,user_cce24bfd93c1,False,1759708800,0,negatif,0.9906,netral,tanpa_emoji,negatif,hitmaker
1Wz4r3758CY,user_7ad8e35cfce2,False,1759708800,0,negatif,0.8864,netral,tanpa_emoji,negatif,hitmaker
1Wz4r3758CY,user_2c3b6545bf55,False,1759708800,0,negatif,0.993,positif,tanpa_emoji,negatif,hitmaker
1Wz4r3758CY,user_e85d37ed1b4c,False,1759708800,18,positif,0.9731,netral,tanpa_emoji,positif,hitmaker
1Wz4r3758CY,user_87f3daffa35b,True,1759708800,3,negatif,0.9253,positif,tanpa_emoji,negatif,hitmaker
1Wz4r3758CY,user_6b7fc4c3e5b6,True,1759708800,8,negatif,0.9948,negatif,netral,negatif,hitmaker
1Wz4r3758CY,user_e85d37ed1b4c,True,1759708800,0,negatif,0.9783,positif,tanpa_emoji,negatif,hitmaker
1Wz4r3758CY,user_b230e4633d7e,False,1759708800,0,negatif,0.9763,netral,tanpa_emoji,negatif,hitmaker
1Wz4r3758CY,user_3f9f0b7940a1,False,1759708800,0,negatif,0.9895,negatif,tanpa_emoji,negatif,hitmaker
1Wz4r3758CY,user_400b623a6cc9,False,1759708800,0,positif,0.9526,positif,tanpa_emoji,positif,hitmaker
1Wz4r3758CY,user_8fd55544efc8,False,1759708800,0,negatif,0.9941,netral,tanpa_emoji,negatif,hitmaker
1Wz4r3758CY,user_10cee6fcf122,False,1759708800,0,positif,0.9978,positif,positif,positif,hitmaker
1Wz4r3758CY,user_81e630519121,False,1759708800,0,negatif,0.9969,netral,tanpa_emoji,negatif,hitmaker
1Wz4r3758CY,user_9e0421efca90,False,1759708800,0,negatif,0.9491,netral,tanpa_emoji,negatif,hitmaker
1Wz4r3758CY,user_e8a9c699af98,False,1759708800,0,positif,0.9966,positif,positif,positif,hitmaker
1Wz4r3758CY,user_5c93f66a5fbc,False,1759708800,0,negatif,0.9974,netral,netral,negatif,hitmaker
1Wz4r3758CY,user_92ea8f379e9a,False,1759708800,0,negatif,0.7364,netral,tanpa_emoji,negatif,hitmaker
1Wz4r3758CY,user_92ea8f379e9a,False,1759708800,0,negatif,0.7366,netral,tanpa_emoji,negatif,hitmaker
1Wz4r3758CY,user_741fb91c3040,False,1759708800,0,negatif,0.9777,negatif,negatif,negatif,hitmaker
1Wz4r3758CY,user_fbc2e8ba70e8,False,1759708800,0,positif,0.9586,positif,tanpa_emoji,positif,hitmaker
1Wz4r3758CY,user_3aa275b7e2b0,False,1759708800,0,netral,0.5,positif,tanpa_emoji,netral,hitmaker
1Wz4r3758CY,user_cb2cf2e7a908,False,1759708800,0,negatif,0.8409,positif,tanpa_emoji,negatif,hitmaker
1Wz4r3758CY,user_fbf3f2d26b7c,False,1759708800,0,negatif,0.9855,negatif,tanpa_emoji,negatif,hitmaker
1Wz4r3758CY,user_3c5cb52f369e,False,1759708800,11,positif,0.5035,netral,tanpa_emoji,positif,hitmaker
1Wz4r3758CY,user_ff05ea92fe86,True,1759708800,1,negatif,0.9419,netral,tanpa_emoji,negatif,hitmaker
1Wz4r3758CY,user_65e8358a2945,True,1759708800,1,negatif,0.5901,netral,tanpa_emoji,negatif,hitmaker
1Wz4r3758CY,user_3ebc09d8a1f5,False,1759708800,0,negatif,0.7142,netral,tanpa_emoji,negatif,hitmaker
1Wz4r3758CY,user_c3261c0a2d59,False,1759708800,0,positif,0.9358,positif,positif,positif,hitmaker
1Wz4r3758CY,user_774c2d0a73c7,False,1759708800,0,netral,0.437,netral,tanpa_emoji,netral,hitmaker
1Wz4r3758CY,user_dc6c143a4f82,False,1759708800,0,positif,0.9926,positif,positif,positif,hitmaker
1Wz4r3758CY,user_285f6a559900,False,1759708800,0,negatif,0.9681,netral,tanpa_emoji,negatif,hitmaker
1Wz4r3758CY,user_83e4d433952b,False,1759708800,0,negatif,0.9122,netral,tanpa_emoji,negatif,hitmaker
1Wz4r3758CY,user_0c6a5f2c2ee8,False,1759708800,0,positif,0.997,netral,tanpa_emoji,positif,hitmaker
1Wz4r3758CY,user_3d696e7234eb,False,1759708800,0,negatif,0.9948,netral,tanpa_emoji,negatif,hitmaker
1Wz4r3758CY,user_eb10d842b49e,False,1759708800,0,positif,0.8815,negatif,tanpa_emoji,positif,hitmaker
1Wz4r3758CY,user_eb222bde159e,False,1759708800,0,positif,0.9602,positif,tanpa_emoji,positif,hitmaker
1Wz4r3758CY,user_37e7d7314d81,False,1759708800,0,positif,0.9285,netral,tanpa_emoji,positif,hitmaker
1Wz4r3758CY,user_5b89b0318f34,False,1759708800,1,positif,0.9909,positif,tanpa_emoji,positif,hitmaker
1Wz4r3758CY,user_817083eabc95,False,1759708800,0,positif,0.9167,netral,tanpa_emoji,positif,hitmaker
1Wz4r3758CY,user_7dcc13ac35cc,False,1759708800,0,negatif,0.9838,negatif,tanpa_emoji,negatif,hitmaker
1Wz4r3758CY,user_9cf025024287,False,1759708800,0,negatif,0.9127,netral,tanpa_emoji,negatif,hitmaker
1Wz4r3758CY,user_afb3f592f21a,False,1759708800,0,negatif,0.9419,netral,tanpa_emoji,negatif,hitmaker
1Wz4r3758CY,user_478a78623d3e,False,1759708800,4,positif,0.9958,positif,positif,positif,hitmaker
1Wz4r3758CY,user_d9bdf485147b,False,1759708800,0,negatif,0.9534,netral,netral,netral,hitmaker
1Wz4r3758CY,user_27066ed8e2b6,False,1759708800,0,positif,0.9972,positif,positif,positif,hitmaker
1Wz4r3758CY,user_e9d778ad21e5,False,1759708800,0,netral,0.5651,positif,positif,positif,hitmaker
1Wz4r3758CY,user_8ca87ee5eade,False,1759708800,0,positif,0.9857,positif,positif,positif,hitmaker
1Wz4r3758CY,user_743db542bd86,False,1759708800,1,positif,0.7378,netral,tanpa_emoji,positif,hitmaker
1Wz4r3758CY,user_21d8d8586283,True,1759708800,0,negatif,0.9672,netral,tanpa_emoji,negatif,hitmaker
1Wz4r3758CY,user_1b3d5e7ceca2,False,1759708800,1,negatif,0.946,positif,positif,negatif,hitmaker
1Wz4r3758CY,user_845ef3eea22e,False,1759708800,0,positif,0.9415,positif,netral,positif,hitmaker
1Wz4r3758CY,user_c23c805bfb27,False,1759708800,34,positif,0.9888,netral,tanpa_emoji,positif,hitmaker
1Wz4r3758CY,user_c17c077ac3fd,False,1759708800,0,negatif,0.8092,positif,tanpa_emoji,negatif,hitmaker
1Wz4r3758CY,user_0d88168e3964,False,1759708800,0,negatif,0.998,negatif,netral,negatif,hitmaker
1Wz4r3758CY,user_b2aeffce634f,False,1759708800,0,negatif,0.8161,netral,tanpa_emoji,negatif,hitmaker
1Wz4r3758CY,user_a98b9331031a,False,1759708800,2,netral,0.9289,positif,positif,netral,hitmaker
1Wz4r3758CY,user_b08ec5b2c2e7,False,1759708800,2,positif,0.8249,positif,tanpa_emoji,positif,hitmaker
1Wz4r3758CY,user_632a3cc7476b,False,1759708800,3,positif,0.9788,positif,netral,positif,hitmaker
1Wz4r3758CY,user_542677687c44,False,1759708800,1,negatif,0.9987,negatif,tanpa_emoji,negatif,hitmaker
1Wz4r3758CY,user_c1f0f81ed189,False,1759708800,3,positif,0.9941,positif,positif,positif,hitmaker
1Wz4r3758CY,user_e1d089d8398c,False,1759708800,2,negatif,0.8274,netral,netral,negatif,hitmaker
1Wz4r3758CY,user_d60624ad5602,False,1759708800,1,negatif,0.5747,netral,tanpa_emoji,negatif,hitmaker
1Wz4r3758CY,user_d60624ad5602,False,1759708800,3,negatif,0.5352,negatif,tanpa_emoji,negatif,hitmaker
1Wz4r3758CY,user_7fd04027e02d,False,1759708800,161,positif,0.7731,netral,tanpa_emoji,positif,hitmaker
1Wz4r3758CY,user_b7f9a44732a1,True,1759708800,6,negatif,0.9978,netral,tanpa_emoji,negatif,hitmaker
1Wz4r3758CY,user_f78c31dc0431,True,1759708800,2,negatif,0.9973,positif,tanpa_emoji,negatif,hitmaker
1Wz4r3758CY,user_ca48ed7ca3ce,True,1759708800,1,negatif,0.806,netral,tanpa_emoji,negatif,hitmaker
1Wz4r3758CY,user_39e18bcb024d,True,1759708800,0,netral,0.6121,netral,tanpa_emoji,netral,hitmaker
1Wz4r3758CY,user_f7bf6ff6d11f,True,1759708800,1,negatif,0.6488,netral,tanpa_emoji,negatif,hitmaker
1Wz4r3758CY,user_a90b95c28b4e,True,1759708800,1,netral,0.9768,netral,tanpa_emoji,netral,hitmaker
1Wz4r3758CY,user_74833b949ea7,True,1759708800,0,negatif,0.9848,netral,tanpa_emoji,negatif,hitmaker
1Wz4r3758CY,user_059f96f53967,True,1759708800,0,positif,0.644,positif,positif,positif,hitmaker
1Wz4r3758CY,user_39e18bcb024d,True,1759708800,0,netral,0.9783,netral,tanpa_emoji,netral,hitmaker
1Wz4r3758CY,user_d1e12f6eb039,True,1759708800,0,netral,0.9532,negatif,tanpa_emoji,netral,hitmaker
1Wz4r3758CY,user_21d8d8586283,True,1759708800,0,netral,0.9922,netral,tanpa_emoji,netral,hitmaker
1Wz4r3758CY,user_0df6d758a838,True,1759708800,0,negatif,0.9989,netral,tanpa_emoji,negatif,hitmaker
1Wz4r3758CY,user_8a89c505e6d9,True,1759708800,0,netral,0.8439,netral,tanpa_emoji,netral,hitmaker
1Wz4r3758CY,user_a0a16e26d3a8,True,1759708800,0,netral,0.9826,netral,netral,netral,hitmaker
1Wz4r3758CY,user_4dcb48496aad,False,1759708800,52,positif,0.9419,positif,positif,positif,hitmaker
1Wz4r3758CY,user_168bcc43761b,True,1759708800,3,negatif,0.9607,netral,tanpa_emoji,negatif,hitmaker
1Wz4r3758CY,user_7aaa3d582761,True,1759708800,0,netral,0.6962,netral,netral,netral,hitmaker
1Wz4r3758CY,user_73ffc42b3457,False,1759708800,1,netral,0.9955,netral,tanpa_emoji,netral,hitmaker
1Wz4r3758CY,user_3b1ba5800eab,False,1759708800,31,netral,0.8875,netral,tanpa_emoji,netral,hitmaker
1Wz4r3758CY,user_f6ddb0faf32e,True,1759708800,1,positif,0.8623,netral,netral,positif,hitmaker
1Wz4r3758CY,user_c8ac016c88cc,True,1759708800,0,negatif,0.9895,negatif,netral,negatif,hitmaker
1Wz4r3758CY,user_56ca32e42569,False,1759708800,1,positif,0.4527,netral,tanpa_emoji,positif,hitmaker
1Wz4r3758CY,user_f18dea07f322,False,1759708800,1,netral,0.9025,netral,tanpa_emoji,netral,hitmaker
1Wz4r3758CY,user_dee3fbe23990,True,1759708800,0,netral,0.9963,netral,tanpa_emoji,netral,hitmaker
1Wz4r3758CY,user_25b81a05d008,False,1759708800,1,netral,0.4807,netral,tanpa_emoji,netral,hitmaker
1Wz4r3758CY,user_65c031b96685,True,1759708800,1,negatif,0.999,netral,netral,negatif,hitmaker
1Wz4r3758CY,user_c1678d263bfe,True,1759708800,1,negatif,0.9986,netral,tanpa_emoji,negatif,hitmaker
1Wz4r3758CY,user_ad9edbb6284c,False,1759708800,1,negatif,0.9922,netral,tanpa_emoji,negatif,hitmaker
1Wz4r3758CY,user_c45aff1c018d,False,1759708800,47,positif,0.993,positif,positif,positif,hitmaker
1Wz4r3758CY,user_0c78d02926ce,True,1759708800,0,netral,0.8175,positif,positif,netral,hitmaker
1Wz4r3758CY,user_5ed12e5a69e7,False,1759708800,22,positif,0.9633,positif,positif,positif,hitmaker
1Wz4r3758CY,user_80d639157a64,False,1759708800,2,negatif,0.8442,netral,tanpa_emoji,negatif,hitmaker
1Wz4r3758CY,user_3fa24f52bf36,True,1759708800,0,negatif,0.9137,netral,netral,netral,hitmaker
1Wz4r3758CY,user_e248206b734d,False,1759708800,19,positif,0.9916,positif,positif,positif,hitmaker
1Wz4r3758CY,user_853d31590358,True,1759708800,1,negatif,0.9892,netral,tanpa_emoji,negatif,hitmaker
1Wz4r3758CY,user_e248206b734d,True,1759708800,0,negatif,0.9822,positif,tanpa_emoji,negatif,hitmaker
1Wz4r3758CY,user_6f5e36278836,True,1759708800,0,negatif,0.9821,positif,tanpa_emoji,negatif,hitmaker
1Wz4r3758CY,user_e248206b734d,True,1759708800,0,netral,0.9918,netral,netral,netral,hitmaker
1Wz4r3758CY,user_106cccaf0b94,False,1759708800,1,negatif,0.8175,positif,netral,negatif,hitmaker
1Wz4r3758CY,user_ec9dff496e9c,False,1759708800,1,negatif,0.9984,netral,positif,negatif,hitmaker
1Wz4r3758CY,user_c43bdf672734,True,1759708800,1,negatif,0.9898,netral,tanpa_emoji,negatif,hitmaker
1Wz4r3758CY,user_a660798d5b05,False,1759708800,3,positif,0.9255,positif,tanpa_emoji,positif,hitmaker
1Wz4r3758CY,user_893fecdf8b3b,False,1759708800,10,positif,0.9928,positif,positif,positif,hitmaker
1Wz4r3758CY,user_b7f9a44732a1,True,1759708800,1,netral,0.5971,netral,tanpa_emoji,netral,hitmaker
1Wz4r3758CY,user_763044330682,False,1759708800,2,negatif,0.9985,positif,positif,negatif,hitmaker
1Wz4r3758CY,user_2a152903f7ab,False,1759708800,1,negatif,0.9918,netral,tanpa_emoji,negatif,hitmaker
1Wz4r3758CY,user_17a5c298a26b,False,1759708800,1,netral,0.476,negatif,tanpa_emoji,netral,hitmaker
1Wz4r3758CY,user_781bf216a6cc,False,1759708800,10,positif,0.9884,positif,tanpa_emoji,positif,hitmaker
1Wz4r3758CY,user_43876776cfd9,False,1759708800,1,positif,0.8993,positif,tanpa_emoji,positif,hitmaker
1Wz4r3758CY,user_3873b45dbaef,False,1759708800,22,positif,0.9879,positif,positif,positif,hitmaker
1Wz4r3758CY,user_7246470f6590,True,1759708800,2,positif,0.9406,netral,tanpa_emoji,positif,hitmaker
1Wz4r3758CY,user_f21c6c9fd033,False,1759708800,1,netral,0.5269,netral,tanpa_emoji,netral,hitmaker
1Wz4r3758CY,user_aa36d7182131,True,1759708800,1,negatif,0.8541,netral,tanpa_emoji,negatif,hitmaker
1Wz4r3758CY,user_c43bdf672734,True,1759708800,0,negatif,0.9969,netral,tanpa_emoji,negatif,hitmaker
1Wz4r3758CY,user_f21c6c9fd033,True,1759708800,1,negatif,0.9991,netral,tanpa_emoji,negatif,hitmaker
1Wz4r3758CY,user_d5db887e115c,False,1759708800,0,negatif,0.9911,netral,netral,negatif,hitmaker
1Wz4r3758CY,user_e625fdd1f826,False,1759708800,2,positif,0.9986,positif,tanpa_emoji,positif,hitmaker
1Wz4r3758CY,user_999e6883ee43,True,1759708800,1,negatif,0.5202,positif,tanpa_emoji,negatif,hitmaker
1Wz4r3758CY,user_3fcfc9ac5b29,False,1759708800,1,netral,0.5972,netral,tanpa_emoji,netral,hitmaker
1Wz4r3758CY,user_f86cb8b29158,False,1759708800,1,negatif,0.9957,negatif,netral,negatif,hitmaker
1Wz4r3758CY,user_e84e80c952b6,False,1759708800,0,negatif,0.7679,netral,tanpa_emoji,negatif,hitmaker
1Wz4r3758CY,user_020ecad0759b,False,1759708800,7,netral,0.755,netral,tanpa_emoji,netral,hitmaker
1Wz4r3758CY,user_5be6e6778287,False,1759708800,42,positif,0.9463,negatif,tanpa_emoji,positif,hitmaker
1Wz4r3758CY,user_19f14fe1dbf5,True,1759708800,3,negatif,0.7689,netral,tanpa_emoji,negatif,hitmaker
1Wz4r3758CY,user_5be6e6778287,True,1759708800,0,netral,0.9901,netral,tanpa_emoji,netral,hitmaker
1Wz4r3758CY,user_483e4736f555,True,1759708800,0,netral,0.9955,netral,tanpa_emoji,netral,hitmaker
1Wz4r3758CY,user_b88a74317eda,True,1759708800,0,netral,0.9903,netral,tanpa_emoji,netral,hitmaker
1Wz4r3758CY,user_c3447b544c87,True,1759708800,0,netral,0.9955,netral,tanpa_emoji,netral,hitmaker
1Wz4r3758CY,user_cc5fee7d6e67,True,1759708800,0,netral,0.9839,netral,tanpa_emoji,netral,hitmaker
1Wz4r3758CY,user_cc5fee7d6e67,True,1759708800,0,netral,0.9839,netral,tanpa_emoji,netral,hitmaker
1Wz4r3758CY,user_b08ec5b2c2e7,True,1759708800,2,negatif,0.7355,positif,tanpa_emoji,negatif,hitmaker
1Wz4r3758CY,user_b7f9a44732a1,True,1759708800,1,negatif,0.9921,netral,tanpa_emoji,negatif,hitmaker
1Wz4r3758CY,user_c1678d263bfe,True,1759708800,0,negatif,0.9872,netral,tanpa_emoji,negatif,hitmaker
1Wz4r3758CY,user_86724d977eb6,True,1759708800,0,netral,0.6659,netral,tanpa_emoji,netral,hitmaker
1Wz4r3758CY,user_5ff427d65a91,True,1759708800,0,negatif,0.9882,netral,tanpa_emoji,negatif,hitmaker
1Wz4r3758CY,user_be62850363c6,True,1759708800,0,negatif,0.8828,positif,tanpa_emoji,negatif,hitmaker
1Wz4r3758CY,user_5ff427d65a91,True,1759708800,0,netral,0.9491,netral,tanpa_emoji,netral,hitmaker
1Wz4r3758CY,user_be62850363c6,True,1759708800,1,positif,0.9369,positif,tanpa_emoji,positif,hitmaker
1Wz4r3758CY,user_b726ca33c797,True,1759708800,0,positif,0.9953,netral,tanpa_emoji,positif,hitmaker
1Wz4r3758CY,user_994490c7e015,False,1759708800,3,netral,0.5324,netral,tanpa_emoji,netral,hitmaker
1Wz4r3758CY,user_6687c30e6cf2,True,1759708800,2,negatif,0.5948,positif,tanpa_emoji,negatif,hitmaker
1Wz4r3758CY,user_67f9dba16ded,False,1759708800,1,positif,0.4546,netral,tanpa_emoji,positif,hitmaker
1Wz4r3758CY,user_65bd32bf4ab7,False,1759708800,2,positif,0.9931,positif,positif,positif,hitmaker
1Wz4r3758CY,user_ac8ef05337b8,False,1759708800,61,positif,0.9848,negatif,tanpa_emoji,positif,hitmaker
1Wz4r3758CY,user_eacd7ba8d2bd,True,1759708800,0,negatif,0.9947,netral,tanpa_emoji,negatif,hitmaker
1Wz4r3758CY,user_7214f0dca472,False,1759708800,28,positif,0.6452,positif,tanpa_emoji,positif,hitmaker
1Wz4r3758CY,user_b7f9a44732a1,True,1759708800,1,netral,0.5304,netral,tanpa_emoji,netral,hitmaker
1Wz4r3758CY,user_f0d1faa88fc1,False,1759708800,2,negatif,0.9981,netral,netral,negatif,hitmaker
1Wz4r3758CY,user_3fa24f52bf36,True,1759708800,2,negatif,0.978,netral,tanpa_emoji,negatif,hitmaker
1Wz4r3758CY,user_0306b0ce2ab7,False,1759708800,1,positif,0.9984,netral,tanpa_emoji,positif,hitmaker
1Wz4r3758CY,user_542249629584,False,1759708800,273,positif,0.9829,netral,tanpa_emoji,positif,hitmaker
1Wz4r3758CY,user_853d31590358,True,1759708800,11,negatif,0.5983,netral,tanpa_emoji,negatif,hitmaker
1Wz4r3758CY,user_5994803a3ccb,True,1759708800,0,negatif,0.9971,negatif,tanpa_emoji,negatif,hitmaker
1Wz4r3758CY,user_853d31590358,True,1759708800,3,positif,0.8507,negatif,tanpa_emoji,positif,hitmaker
1Wz4r3758CY,user_8562221446f7,True,1759708800,0,netral,0.9801,netral,tanpa_emoji,netral,hitmaker
1Wz4r3758CY,user_e248206b734d,True,1759708800,3,positif,0.9652,positif,tanpa_emoji,positif,hitmaker
1Wz4r3758CY,user_5b393918bc63,True,1759708800,0,positif,0.8776,positif,tanpa_emoji,positif,hitmaker
1Wz4r3758CY,user_8a7a0e3f26de,True,1759708800,0,netral,0.9665,netral,tanpa_emoji,netral,hitmaker
1Wz4r3758CY,user_b7f9a44732a1,True,1759708800,2,negatif,0.5606,positif,tanpa_emoji,negatif,hitmaker
1Wz4r3758CY,user_cee701c98977,True,1759708800,0,negatif,0.8704,netral,tanpa_emoji,negatif,hitmaker
1Wz4r3758CY,user_35eeee27acfb,True,1759708800,1,netral,0.4667,netral,tanpa_emoji,netral,hitmaker
1Wz4r3758CY,user_f3c49fd6ac55,True,1759708800,0,negatif,0.9489,netral,tanpa_emoji,negatif,hitmaker
1Wz4r3758CY,user_19bbb975ba3e,True,1759708800,0,negatif,0.9974,netral,tanpa_emoji,negatif,hitmaker
1Wz4r3758CY,user_b95c6639aab4,False,1759708800,2,negatif,0.9988,netral,tanpa_emoji,negatif,hitmaker
1Wz4r3758CY,user_a365739b738b,True,1759708800,2,positif,0.9571,negatif,tanpa_emoji,positif,hitmaker
1Wz4r3758CY,user_b95c6639aab4,True,1759708800,2,netral,0.4437,netral,tanpa_emoji,netral,hitmaker
1Wz4r3758CY,user_e24b023897b9,True,1759708800,1,netral,0.7176,netral,tanpa_emoji,netral,hitmaker
1Wz4r3758CY,user_222b768b5479,False,1759708800,1,negatif,0.8011,netral,tanpa_emoji,negatif,hitmaker
1Wz4r3758CY,user_327d7cb00bc0,False,1759708800,2,netral,0.5521,netral,tanpa_emoji,netral,hitmaker
1Wz4r3758CY,user_1b78bbe43826,False,1759708800,1,negatif,0.489,netral,tanpa_emoji,negatif,hitmaker
1Wz4r3758CY,user_ee915169a866,False,1759708800,3,negatif,0.9905,netral,netral,negatif,hitmaker
1Wz4r3758CY,user_d881047776b2,False,1759708800,3,positif,0.9608,positif,tanpa_emoji,positif,hitmaker
1Wz4r3758CY,user_a25cee899752,False,1759708800,1,negatif,0.8973,positif,positif,positif,hitmaker
1Wz4r3758CY,user_6cefc8675234,False,1759708800,8,negatif,0.9905,negatif,tanpa_emoji,negatif,hitmaker
1Wz4r3758CY,user_08bbde89acc5,True,1759708800,2,positif,0.5249,netral,tanpa_emoji,positif,hitmaker
1Wz4r3758CY,user_0653cb55312f,False,1759708800,1,netral,0.7853,positif,tanpa_emoji,netral,hitmaker
1Wz4r3758CY,user_941bdb90ae2f,False,1759708800,5,negatif,0.9173,netral,tanpa_emoji,negatif,hitmaker
1Wz4r3758CY,user_9109ba16e287,True,1759708800,2,negatif,0.4868,netral,tanpa_emoji,negatif,hitmaker
1Wz4r3758CY,user_941bdb90ae2f,True,1759708800,2,negatif,0.8795,netral,tanpa_emoji,negatif,hitmaker
1Wz4r3758CY,user_f00e0933f128,True,1759708800,2,negatif,0.5742,netral,tanpa_emoji,negatif,hitmaker
1Wz4r3758CY,user_9109ba16e287,True,1759708800,0,netral,0.9246,netral,tanpa_emoji,netral,hitmaker
1Wz4r3758CY,user_aa36d7182131,True,1759708800,1,negatif,0.9063,netral,tanpa_emoji,negatif,hitmaker
1Wz4r3758CY,user_6e7383251763,True,1759708800,1,positif,0.9318,negatif,tanpa_emoji,positif,hitmaker
1Wz4r3758CY,user_1201530a8a80,False,1759708800,1,negatif,0.9987,netral,positif,negatif,hitmaker
1Wz4r3758CY,user_e24b023897b9,False,1759708800,2,negatif,0.5263,negatif,tanpa_emoji,negatif,hitmaker
1Wz4r3758CY,user_a0c611e8d4e4,False,1759708800,4,positif,0.4443,positif,positif,positif,hitmaker
1Wz4r3758CY,user_9b1b54800689,False,1759708800,7,negatif,0.6509,netral,tanpa_emoji,negatif,hitmaker
9cJoL-j10Rc,user_45b81afe2006,False,1764979200,0,negatif,0.9273,positif,positif,positif,hitmaker
9cJoL-j10Rc,user_78dfb9e8ff71,False,1728172800,0,negatif,0.8759,netral,tanpa_emoji,negatif,hitmaker
9cJoL-j10Rc,user_cb556859ee3d,False,1728172800,0,netral,0.7215,netral,tanpa_emoji,netral,hitmaker
9cJoL-j10Rc,user_fc8d23fb29bb,False,1728172800,0,negatif,0.491,positif,positif,positif,hitmaker
9cJoL-j10Rc,user_a5116ba46c31,False,1728172800,0,positif,0.995,positif,tanpa_emoji,positif,hitmaker
9cJoL-j10Rc,user_a7df1efb3f2a,False,1728172800,1,negatif,0.9918,negatif,tanpa_emoji,negatif,hitmaker
9cJoL-j10Rc,user_b08321541126,False,1728172800,0,positif,0.9974,positif,positif,positif,hitmaker
9cJoL-j10Rc,user_f3a44c191350,False,1728172800,0,negatif,0.5468,netral,netral,negatif,hitmaker
9cJoL-j10Rc,user_55465d54e8a2,False,1728172800,0,positif,0.9702,positif,tanpa_emoji,positif,hitmaker
9cJoL-j10Rc,user_2610f1d5b0c5,False,1728172800,0,negatif,0.9987,netral,tanpa_emoji,negatif,hitmaker
9cJoL-j10Rc,user_7f6dc9d48d66,False,1728172800,0,negatif,0.7112,netral,tanpa_emoji,negatif,hitmaker
9cJoL-j10Rc,user_411fb3cdfd9f,False,1728172800,0,positif,0.9956,positif,positif,positif,hitmaker
9cJoL-j10Rc,user_235b47750a05,False,1728172800,0,netral,0.7358,positif,positif,netral,hitmaker
9cJoL-j10Rc,user_3792bcaca47b,False,1728172800,0,positif,0.9972,positif,tanpa_emoji,positif,hitmaker
9cJoL-j10Rc,user_4996c70985bf,False,1728172800,0,positif,0.9734,positif,tanpa_emoji,positif,hitmaker
9cJoL-j10Rc,user_d7118b8530a8,False,1728172800,1,negatif,0.935,netral,tanpa_emoji,negatif,hitmaker
9cJoL-j10Rc,user_d3617492808b,False,1728172800,0,positif,0.9889,positif,tanpa_emoji,positif,hitmaker
9cJoL-j10Rc,user_70ae6a22254d,False,1728172800,0,positif,0.9793,positif,tanpa_emoji,positif,hitmaker
9cJoL-j10Rc,user_b80ae9afe3a6,False,1728172800,0,positif,0.993,positif,tanpa_emoji,positif,hitmaker
9cJoL-j10Rc,user_38d41e0fdfd7,False,1728172800,1,positif,0.962,positif,tanpa_emoji,positif,hitmaker
9cJoL-j10Rc,user_0c05f3ff9be1,False,1728172800,0,netral,0.9296,netral,tanpa_emoji,netral,hitmaker
9cJoL-j10Rc,user_b21aa8f6134a,False,1728172800,1,positif,0.8634,netral,tanpa_emoji,positif,hitmaker
9cJoL-j10Rc,user_fcdc4b4532c3,False,1728172800,1,positif,0.9931,netral,tanpa_emoji,positif,hitmaker
9cJoL-j10Rc,user_557fdd4adad3,False,1728172800,0,netral,0.7729,netral,tanpa_emoji,netral,hitmaker
9cJoL-j10Rc,user_53d4d89bd529,False,1728172800,0,positif,0.9622,positif,tanpa_emoji,positif,hitmaker
9cJoL-j10Rc,user_7f658eb03a5d,False,1728172800,0,negatif,0.9782,netral,tanpa_emoji,negatif,hitmaker
9cJoL-j10Rc,user_5681e66f7355,False,1728172800,0,negatif,0.919,netral,tanpa_emoji,negatif,hitmaker
9cJoL-j10Rc,user_dd1feebbcf66,False,1728172800,0,negatif,0.7711,positif,tanpa_emoji,negatif,hitmaker
9cJoL-j10Rc,user_0dd5883237c8,False,1696550400,1,positif,0.9946,positif,tanpa_emoji,positif,hitmaker
9cJoL-j10Rc,user_c9e6f0285d5a,False,1696550400,2,positif,0.8748,positif,positif,positif,hitmaker
9cJoL-j10Rc,user_e00096464a59,False,1696550400,3,positif,0.9949,positif,positif,positif,hitmaker
9cJoL-j10Rc,user_895c227fcafc,False,1696550400,1,positif,0.9822,positif,tanpa_emoji,positif,hitmaker
9cJoL-j10Rc,user_1024b1510393,False,1696550400,5,positif,0.9012,netral,tanpa_emoji,positif,hitmaker
9cJoL-j10Rc,user_cf9feb5a22b6,False,1696550400,5,positif,0.9807,positif,tanpa_emoji,positif,hitmaker
9cJoL-j10Rc,user_8802a96ad95b,False,1696550400,4,positif,0.9678,positif,tanpa_emoji,positif,hitmaker
9cJoL-j10Rc,user_352876753921,False,1696550400,6,negatif,0.9462,negatif,netral,negatif,hitmaker
9cJoL-j10Rc,user_3ba3cdb9ded0,False,1696550400,6,positif,0.9743,positif,tanpa_emoji,positif,hitmaker
9cJoL-j10Rc,user_633cdbcb3ae0,False,1696550400,2,negatif,0.4384,positif,positif,positif,hitmaker
9cJoL-j10Rc,user_c3ec47690e01,False,1696550400,3,negatif,0.8238,positif,tanpa_emoji,negatif,hitmaker
9cJoL-j10Rc,user_29c17772d0e4,False,1696550400,9,netral,0.9922,positif,positif,netral,hitmaker
9cJoL-j10Rc,user_efcf9001994a,False,1696550400,4,negatif,0.9974,netral,tanpa_emoji,negatif,hitmaker
9cJoL-j10Rc,user_e91fc92b11a6,False,1696550400,14,positif,0.9858,netral,tanpa_emoji,positif,hitmaker
9cJoL-j10Rc,user_f091c6719b41,False,1696550400,22,positif,0.9849,netral,tanpa_emoji,positif,hitmaker
9cJoL-j10Rc,user_633cdbcb3ae0,True,1696550400,2,negatif,0.5059,positif,positif,positif,hitmaker
9cJoL-j10Rc,user_2de6cbf68f8a,True,1696550400,2,netral,0.449,netral,tanpa_emoji,netral,hitmaker
9cJoL-j10Rc,user_f4a36660a0dc,True,1728172800,1,positif,0.9579,netral,tanpa_emoji,positif,hitmaker
9cJoL-j10Rc,user_0c8bd56fe466,True,1696550400,0,negatif,0.9283,netral,tanpa_emoji,negatif,hitmaker
9cJoL-j10Rc,user_96e8c02c93fc,False,1696550400,3,negatif,0.9891,netral,tanpa_emoji,negatif,hitmaker
9cJoL-j10Rc,user_17cbd1bb366c,False,1696550400,8,negatif,0.4782,netral,tanpa_emoji,negatif,hitmaker
9cJoL-j10Rc,user_b4de00ca67f7,False,1696550400,15,positif,0.9952,positif,tanpa_emoji,positif,hitmaker
9cJoL-j10Rc,user_81398ebd985a,False,1696550400,2,negatif,0.9624,negatif,tanpa_emoji,negatif,hitmaker
9cJoL-j10Rc,user_17cbd1bb366c,True,1696550400,2,positif,0.7809,netral,tanpa_emoji,positif,hitmaker
9cJoL-j10Rc,user_633cdbcb3ae0,True,1696550400,1,netral,0.9194,netral,tanpa_emoji,netral,hitmaker
9cJoL-j10Rc,user_8d9ac7ac4a24,False,1696550400,2,negatif,0.9848,netral,tanpa_emoji,negatif,hitmaker
9cJoL-j10Rc,user_29c17772d0e4,True,1696550400,0,negatif,0.998,netral,netral,negatif,hitmaker
9cJoL-j10Rc,user_a947c64509bf,False,1696550400,4,positif,0.9881,positif,tanpa_emoji,positif,hitmaker
JekV-VTEyLI,user_aa11faa44079,False,1759708800,0,netral,0.9219,netral,tanpa_emoji,netral,hitmaker
JekV-VTEyLI,user_d27236fb6565,False,1759708800,0,negatif,0.8857,netral,netral,negatif,hitmaker
JekV-VTEyLI,user_6beaaf72f616,False,1759708800,1,netral,0.7498,positif,positif,netral,hitmaker
JekV-VTEyLI,user_2450b99197b7,False,1759708800,1,negatif,0.9308,negatif,tanpa_emoji,negatif,hitmaker
JekV-VTEyLI,user_c1d2cd75f080,False,1759708800,2,positif,0.9944,positif,positif,positif,hitmaker
d173ahbvzUA,user_4dc990fb628a,False,1759708800,2,negatif,0.6918,netral,tanpa_emoji,negatif,hitmaker
d173ahbvzUA,user_68ecc9131acf,False,1759708800,8,positif,0.963,positif,tanpa_emoji,positif,hitmaker
d173ahbvzUA,user_e78ee209772b,False,1728172800,10,netral,0.4772,netral,tanpa_emoji,netral,hitmaker
d173ahbvzUA,user_b8bcd37a5153,False,1728172800,0,negatif,0.998,netral,tanpa_emoji,negatif,hitmaker
d173ahbvzUA,user_1a5377ad963f,False,1728172800,0,negatif,0.9625,netral,netral,negatif,hitmaker
d173ahbvzUA,user_554ad82ca9de,False,1728172800,0,negatif,0.5108,netral,tanpa_emoji,negatif,hitmaker
d173ahbvzUA,user_d618c596781b,False,1728172800,2,positif,0.8874,positif,positif,positif,hitmaker
d173ahbvzUA,user_efcce75d9de1,False,1728172800,1,positif,0.6064,negatif,tanpa_emoji,positif,hitmaker
d173ahbvzUA,user_796e424503cb,False,1728172800,0,netral,0.8612,netral,tanpa_emoji,netral,hitmaker
d173ahbvzUA,user_465233876d8f,False,1728172800,8,positif,0.9862,positif,positif,positif,hitmaker
d173ahbvzUA,user_2901f6b6a6ec,True,1728172800,2,positif,0.9685,positif,tanpa_emoji,positif,hitmaker
d173ahbvzUA,user_465233876d8f,True,1728172800,0,netral,0.6811,netral,netral,netral,hitmaker
d173ahbvzUA,user_2901f6b6a6ec,True,1728172800,0,positif,0.4749,netral,tanpa_emoji,positif,hitmaker
d173ahbvzUA,user_4036462b8b49,False,1696550400,0,negatif,0.9431,netral,tanpa_emoji,negatif,hitmaker
d173ahbvzUA,user_c0ecdafd3cc4,False,1696550400,2,netral,0.9873,netral,tanpa_emoji,netral,hitmaker
d173ahbvzUA,user_400a8c881e6c,False,1696550400,2,positif,0.96,netral,netral,positif,hitmaker
d173ahbvzUA,user_e27046dc929a,False,1696550400,0,netral,0.9507,netral,tanpa_emoji,netral,hitmaker
d173ahbvzUA,user_524dbe032f68,False,1696550400,0,positif,0.9881,netral,tanpa_emoji,positif,hitmaker
d173ahbvzUA,user_d04e7079b31a,False,1696550400,0,negatif,0.8745,positif,positif,negatif,hitmaker
d173ahbvzUA,user_cfa3aa60c7d4,False,1696550400,1,negatif,0.9922,netral,tanpa_emoji,negatif,hitmaker
d173ahbvzUA,user_308671c6062b,True,1759708800,0,negatif,0.9318,netral,netral,negatif,hitmaker
d173ahbvzUA,user_5b54b23b89ae,False,1696550400,1,negatif,0.9654,netral,tanpa_emoji,negatif,hitmaker
d173ahbvzUA,user_5a95d1e2bcde,False,1696550400,0,netral,0.574,netral,tanpa_emoji,netral,hitmaker
d173ahbvzUA,user_cc516972f7a6,False,1696550400,0,netral,0.9803,netral,tanpa_emoji,netral,hitmaker
d173ahbvzUA,user_25c38651d663,False,1696550400,0,negatif,0.8338,netral,tanpa_emoji,negatif,hitmaker
d173ahbvzUA,user_fe1f9498b228,False,1696550400,0,netral,0.965,negatif,tanpa_emoji,netral,hitmaker
d173ahbvzUA,user_5ddd7c54250e,False,1696550400,0,negatif,0.9392,netral,tanpa_emoji,negatif,hitmaker
d173ahbvzUA,user_25c38651d663,True,1696550400,0,netral,0.9238,netral,tanpa_emoji,netral,hitmaker
d173ahbvzUA,user_6ad84673a441,False,1696550400,1,negatif,0.9349,netral,tanpa_emoji,negatif,hitmaker
d173ahbvzUA,user_61157dad5faf,False,1665014400,8,negatif,0.9603,netral,tanpa_emoji,negatif,hitmaker
d173ahbvzUA,user_d2c0030cafd2,True,1665014400,0,negatif,0.9249,netral,tanpa_emoji,negatif,hitmaker
d173ahbvzUA,user_1e789a9adc8c,False,1665014400,0,negatif,0.8711,negatif,tanpa_emoji,negatif,hitmaker
d173ahbvzUA,user_9794970106f9,False,1665014400,0,negatif,0.5142,netral,tanpa_emoji,negatif,hitmaker
d173ahbvzUA,user_bbe8ceaf4f74,False,1665014400,1,negatif,0.9967,netral,tanpa_emoji,negatif,hitmaker
d173ahbvzUA,user_a7d87146f68d,False,1665014400,2,netral,0.5376,netral,tanpa_emoji,netral,hitmaker
d173ahbvzUA,user_cd2724fce142,True,1665014400,1,negatif,0.9513,netral,tanpa_emoji,negatif,hitmaker
d173ahbvzUA,user_ffdd3fdfc78c,False,1665014400,51,positif,0.9934,positif,netral,positif,hitmaker
d173ahbvzUA,user_1e789a9adc8c,True,1665014400,1,negatif,0.5764,negatif,tanpa_emoji,negatif,hitmaker
d173ahbvzUA,user_1e789a9adc8c,True,1665014400,1,negatif,0.7249,netral,tanpa_emoji,negatif,hitmaker
d173ahbvzUA,user_af46dc0507f9,True,1728172800,1,netral,0.941,netral,tanpa_emoji,netral,hitmaker
d173ahbvzUA,user_d48853e4f326,True,1728172800,0,negatif,0.9672,positif,positif,positif,hitmaker
d173ahbvzUA,user_83de8981e8cd,False,1665014400,4,negatif,0.681,positif,positif,negatif,hitmaker
d173ahbvzUA,user_9325722d1ac6,True,1696550400,0,negatif,0.441,netral,tanpa_emoji,negatif,hitmaker
d173ahbvzUA,user_4f749a01b43b,False,1665014400,10,positif,0.9941,positif,positif,positif,hitmaker
d173ahbvzUA,user_7bf98bd9b0b6,False,1665014400,8,negatif,0.9209,positif,tanpa_emoji,negatif,hitmaker
d173ahbvzUA,user_2b3744b447b4,True,1665014400,0,negatif,0.8891,netral,netral,negatif,hitmaker
d173ahbvzUA,user_2babc5e62dda,False,1665014400,0,negatif,0.8481,netral,tanpa_emoji,negatif,hitmaker
d173ahbvzUA,user_49885262f32d,True,1665014400,0,negatif,0.8272,netral,tanpa_emoji,negatif,hitmaker
d173ahbvzUA,user_b1491f474ef6,True,1696550400,0,netral,0.997,netral,tanpa_emoji,netral,hitmaker
d173ahbvzUA,user_96a03b8207d7,False,1665014400,0,negatif,0.6833,netral,tanpa_emoji,negatif,hitmaker
d173ahbvzUA,user_e24b023897b9,True,1665014400,2,positif,0.7565,netral,tanpa_emoji,positif,hitmaker
d173ahbvzUA,user_96a03b8207d7,True,1696550400,0,netral,0.5262,netral,tanpa_emoji,netral,hitmaker
d173ahbvzUA,user_aa0335d0b7cd,True,1696550400,1,negatif,0.6794,netral,tanpa_emoji,negatif,hitmaker
d173ahbvzUA,user_96a03b8207d7,True,1696550400,0,netral,0.974,netral,tanpa_emoji,netral,hitmaker
d173ahbvzUA,user_f0fa9f93e655,False,1665014400,2,negatif,0.9855,netral,tanpa_emoji,negatif,hitmaker
d173ahbvzUA,user_50cd22229dbe,False,1665014400,2,positif,0.9129,positif,tanpa_emoji,positif,hitmaker
d173ahbvzUA,user_50cd22229dbe,True,1665014400,0,positif,0.4578,netral,tanpa_emoji,positif,hitmaker
d173ahbvzUA,user_d6bc161afd4f,False,1665014400,1,netral,0.9512,netral,tanpa_emoji,netral,hitmaker
d173ahbvzUA,user_39ff16d9b010,True,1665014400,0,negatif,0.7523,netral,tanpa_emoji,negatif,hitmaker
d173ahbvzUA,user_329fc4778971,True,1665014400,0,negatif,0.6247,netral,tanpa_emoji,negatif,hitmaker
d173ahbvzUA,user_cd2724fce142,True,1665014400,0,positif,0.5205,positif,tanpa_emoji,positif,hitmaker
d173ahbvzUA,user_6705efecc2d7,False,1665014400,0,negatif,0.8664,netral,netral,netral,hitmaker
d173ahbvzUA,user_191aedbf10ce,False,1665014400,1,negatif,0.9841,netral,tanpa_emoji,negatif,hitmaker
d173ahbvzUA,user_308671c6062b,True,1759708800,0,negatif,0.6963,positif,positif,negatif,hitmaker
d173ahbvzUA,user_a04baa12e570,False,1665014400,1,netral,0.9831,netral,tanpa_emoji,netral,hitmaker
d173ahbvzUA,user_35b2f269fa48,True,1665014400,0,negatif,0.9292,negatif,tanpa_emoji,negatif,hitmaker
d173ahbvzUA,user_1a1742049376,True,1696550400,0,negatif,0.6578,negatif,tanpa_emoji,negatif,hitmaker
d173ahbvzUA,user_c3ec817006e2,False,1665014400,1,positif,0.8149,positif,tanpa_emoji,positif,hitmaker
d173ahbvzUA,user_8c1328a6dac9,True,1665014400,0,negatif,0.8023,negatif,tanpa_emoji,negatif,hitmaker
d173ahbvzUA,user_329fc4778971,True,1665014400,0,netral,0.997,netral,tanpa_emoji,netral,hitmaker
d173ahbvzUA,user_8c1328a6dac9,True,1665014400,0,netral,0.972,netral,tanpa_emoji,netral,hitmaker
d173ahbvzUA,user_bcb9a454956b,False,1665014400,2,negatif,0.9962,positif,tanpa_emoji,negatif,hitmaker
d173ahbvzUA,user_b3f9929dfd24,False,1633478400,2,negatif,0.8667,netral,tanpa_emoji,negatif,hitmaker
d173ahbvzUA,user_6a823fab2b94,False,1633478400,2,negatif,0.6688,netral,tanpa_emoji,negatif,hitmaker
d173ahbvzUA,user_81e50ab55b45,False,1633478400,1,netral,0.726,netral,tanpa_emoji,netral,hitmaker
d173ahbvzUA,user_f684a42bfbf7,False,1633478400,5,negatif,0.9939,netral,tanpa_emoji,negatif,hitmaker
d173ahbvzUA,user_5910b5df1aa5,True,1665014400,1,negatif,0.9946,netral,tanpa_emoji,negatif,hitmaker
d173ahbvzUA,user_4bf084afb585,False,1633478400,1,negatif,0.9943,netral,tanpa_emoji,negatif,hitmaker
d173ahbvzUA,user_afdc63b3b58b,True,1633478400,0,netral,0.9293,netral,tanpa_emoji,netral,hitmaker
d173ahbvzUA,user_54642dff51d6,False,1633478400,5,negatif,0.9885,netral,tanpa_emoji,negatif,hitmaker
d173ahbvzUA,user_0cccb9aa5f1d,True,1665014400,0,negatif,0.9928,netral,tanpa_emoji,negatif,hitmaker
d173ahbvzUA,user_ef4dd88d93d5,True,1665014400,0,negatif,0.9215,netral,tanpa_emoji,negatif,hitmaker
d173ahbvzUA,user_fab056ef86d0,False,1633478400,2,negatif,0.999,netral,tanpa_emoji,negatif,hitmaker
d173ahbvzUA,user_afdc63b3b58b,True,1633478400,0,negatif,0.9458,netral,tanpa_emoji,negatif,hitmaker
d173ahbvzUA,user_187a4566c66b,False,1633478400,2,netral,0.8275,netral,tanpa_emoji,netral,hitmaker
d173ahbvzUA,user_468100d06aa7,False,1633478400,20,positif,0.9843,netral,tanpa_emoji,positif,hitmaker
d173ahbvzUA,user_5d302ca6d94c,True,1633478400,2,positif,0.8579,positif,tanpa_emoji,positif,hitmaker
d173ahbvzUA,user_3db41ab99681,True,1633478400,0,negatif,0.5199,positif,tanpa_emoji,negatif,hitmaker
d173ahbvzUA,user_7a9b315b17e8,True,1633478400,0,negatif,0.9985,netral,tanpa_emoji,negatif,hitmaker
d173ahbvzUA,user_468100d06aa7,True,1633478400,1,netral,0.9926,netral,tanpa_emoji,netral,hitmaker
d173ahbvzUA,user_7a9b315b17e8,True,1633478400,0,netral,0.9479,netral,tanpa_emoji,netral,hitmaker
d173ahbvzUA,user_468100d06aa7,True,1633478400,0,netral,0.9931,netral,netral,netral,hitmaker
d173ahbvzUA,user_7a9b315b17e8,True,1633478400,0,negatif,0.9932,netral,tanpa_emoji,negatif,hitmaker
d173ahbvzUA,user_468100d06aa7,True,1633478400,0,negatif,0.998,netral,tanpa_emoji,negatif,hitmaker
d173ahbvzUA,user_da1b98ea0355,True,1633478400,0,negatif,0.9965,negatif,tanpa_emoji,negatif,hitmaker
d173ahbvzUA,user_df53134b157e,True,1633478400,0,netral,0.958,netral,tanpa_emoji,netral,hitmaker
d173ahbvzUA,user_da1b98ea0355,True,1633478400,0,negatif,0.9967,netral,tanpa_emoji,negatif,hitmaker
d173ahbvzUA,user_50cd22229dbe,True,1665014400,0,negatif,0.9984,netral,tanpa_emoji,negatif,hitmaker
d173ahbvzUA,user_c66af4a81ad0,True,1665014400,0,negatif,0.7967,positif,tanpa_emoji,negatif,hitmaker
d173ahbvzUA,user_39ff16d9b010,True,1665014400,0,negatif,0.6805,netral,tanpa_emoji,negatif,hitmaker
d173ahbvzUA,user_1e86381e4008,False,1633478400,3,negatif,0.9902,netral,tanpa_emoji,negatif,hitmaker
d173ahbvzUA,user_1e86381e4008,False,1633478400,2,negatif,0.9902,netral,tanpa_emoji,negatif,hitmaker
d173ahbvzUA,user_cce8aa304398,False,1601942400,2,negatif,0.6745,negatif,tanpa_emoji,negatif,hitmaker
d173ahbvzUA,user_9442c5a98fee,False,1601942400,1,negatif,0.9622,netral,tanpa_emoji,negatif,hitmaker
d173ahbvzUA,user_17bdde76973d,False,1601942400,3,negatif,0.8052,positif,tanpa_emoji,negatif,hitmaker
jWcuZDN59Gw,user_e65550a3c226,False,1790035200,0,negatif,0.9758,netral,tanpa_emoji,negatif,hitmaker
jWcuZDN59Gw,user_75456a466ea9,False,1790035200,1,negatif,0.5708,netral,netral,negatif,hitmaker
jWcuZDN59Gw,user_f504ad9d7404,False,1788652800,0,negatif,0.9983,positif,tanpa_emoji,negatif,hitmaker
jWcuZDN59Gw,user_fecf8a15663d,False,1785974400,0,negatif,0.9722,netral,tanpa_emoji,negatif,hitmaker
jWcuZDN59Gw,user_38dc5fc22e2b,False,1785974400,0,netral,0.8844,netral,tanpa_emoji,netral,hitmaker
jWcuZDN59Gw,user_807d0df3731b,False,1783296000,0,negatif,0.9969,positif,tanpa_emoji,negatif,hitmaker
jWcuZDN59Gw,user_34a6f0f95128,False,1783296000,0,negatif,0.9965,positif,positif,negatif,hitmaker
jWcuZDN59Gw,user_c175fa560653,False,1783296000,0,positif,0.9973,positif,netral,positif,hitmaker
jWcuZDN59Gw,user_dfe3a3a72d0e,False,1780704000,0,netral,0.9733,netral,tanpa_emoji,netral,hitmaker
jWcuZDN59Gw,user_051106c1ca58,False,1780704000,0,positif,0.9832,positif,tanpa_emoji,positif,hitmaker
jWcuZDN59Gw,user_547274770087,False,1778025600,1,negatif,0.9353,netral,tanpa_emoji,negatif,hitmaker
jWcuZDN59Gw,user_59a6b5c8b556,False,1778025600,0,positif,0.8162,positif,positif,positif,hitmaker
jWcuZDN59Gw,user_38d29ea0c516,False,1772755200,1,negatif,0.9867,negatif,tanpa_emoji,negatif,hitmaker
jWcuZDN59Gw,user_430505ad4583,False,1770336000,0,negatif,0.5071,netral,tanpa_emoji,negatif,hitmaker
jWcuZDN59Gw,user_cdd7b9ef9c95,False,1764979200,0,negatif,0.8991,netral,netral,netral,hitmaker
jWcuZDN59Gw,user_48d7e6bfb814,False,1759708800,0,negatif,0.994,negatif,tanpa_emoji,negatif,hitmaker
jWcuZDN59Gw,user_b97b236a465c,False,1759708800,0,negatif,0.5469,positif,positif,positif,hitmaker
jWcuZDN59Gw,user_98918b54113d,False,1759708800,0,positif,0.7432,netral,tanpa_emoji,positif,hitmaker
jWcuZDN59Gw,user_34c17b432038,False,1759708800,0,negatif,0.9719,netral,tanpa_emoji,negatif,hitmaker
jWcuZDN59Gw,user_5af65bf85e04,False,1759708800,0,negatif,0.9985,netral,tanpa_emoji,negatif,hitmaker
jWcuZDN59Gw,user_d262d6870218,False,1728172800,0,netral,0.8883,netral,tanpa_emoji,netral,hitmaker
jWcuZDN59Gw,user_ea9cd4002bcb,False,1728172800,0,negatif,0.9971,netral,netral,negatif,hitmaker
jWcuZDN59Gw,user_6752f6a8f310,False,1696550400,0,netral,0.7944,netral,tanpa_emoji,netral,hitmaker
jWcuZDN59Gw,user_967b08ee9b4d,False,1696550400,1,negatif,0.8405,positif,positif,positif,hitmaker
jWcuZDN59Gw,user_c5f9ca3671e5,False,1696550400,0,netral,0.9015,netral,tanpa_emoji,netral,hitmaker
jWcuZDN59Gw,user_9e7c62da0ffc,False,1696550400,1,negatif,0.9968,netral,netral,negatif,hitmaker
jWcuZDN59Gw,user_fe9e769e8824,False,1696550400,0,netral,0.6563,netral,tanpa_emoji,netral,hitmaker
jWcuZDN59Gw,user_f3c60a0b8549,False,1665014400,1,netral,0.779,netral,tanpa_emoji,netral,hitmaker
jWcuZDN59Gw,user_0a8e8b5a93eb,True,1665014400,1,negatif,0.8196,netral,tanpa_emoji,negatif,hitmaker
jWcuZDN59Gw,user_12c88e130b1f,False,1665014400,0,negatif,0.9991,netral,tanpa_emoji,negatif,hitmaker
jWcuZDN59Gw,user_bf24086303a2,False,1665014400,1,negatif,0.9947,netral,tanpa_emoji,negatif,hitmaker
jWcuZDN59Gw,user_0693bdbc3e51,False,1665014400,0,negatif,0.9957,netral,tanpa_emoji,negatif,hitmaker
jWcuZDN59Gw,user_38a678ff3855,False,1665014400,1,netral,0.7439,netral,tanpa_emoji,netral,hitmaker
jWcuZDN59Gw,user_f4a00a0a846d,False,1665014400,1,netral,0.829,netral,tanpa_emoji,netral,hitmaker
jWcuZDN59Gw,user_f4a616c1d8ac,False,1665014400,0,netral,0.5957,netral,tanpa_emoji,netral,hitmaker
jWcuZDN59Gw,user_37d516d5749c,False,1665014400,1,negatif,0.8273,netral,netral,negatif,hitmaker
jWcuZDN59Gw,user_4029ec97e1f1,False,1665014400,2,negatif,0.9712,positif,positif,negatif,hitmaker
jWcuZDN59Gw,user_69b0da1149a1,True,1665014400,0,negatif,0.9379,netral,tanpa_emoji,negatif,hitmaker
jWcuZDN59Gw,user_093991151a1f,False,1665014400,1,negatif,0.9964,negatif,positif,negatif,hitmaker
jWcuZDN59Gw,user_341fb238ab85,True,1665014400,0,negatif,0.9791,netral,tanpa_emoji,negatif,hitmaker
jWcuZDN59Gw,user_e61db922195d,True,1665014400,0,positif,0.4637,netral,tanpa_emoji,positif,hitmaker
jWcuZDN59Gw,user_341fb238ab85,True,1665014400,0,negatif,0.5188,netral,tanpa_emoji,negatif,hitmaker
jWcuZDN59Gw,user_e61db922195d,True,1665014400,0,negatif,0.735,negatif,tanpa_emoji,negatif,hitmaker
jWcuZDN59Gw,user_341fb238ab85,True,1665014400,0,negatif,0.9894,netral,tanpa_emoji,negatif,hitmaker
jWcuZDN59Gw,user_341fb238ab85,True,1665014400,0,negatif,0.5844,netral,tanpa_emoji,negatif,hitmaker
jWcuZDN59Gw,user_e61db922195d,True,1665014400,0,negatif,0.6541,negatif,tanpa_emoji,negatif,hitmaker
jWcuZDN59Gw,user_341fb238ab85,True,1665014400,0,negatif,0.5899,netral,tanpa_emoji,negatif,hitmaker
jWcuZDN59Gw,user_e61db922195d,True,1665014400,0,negatif,0.7536,negatif,tanpa_emoji,negatif,hitmaker
jWcuZDN59Gw,user_341fb238ab85,True,1665014400,0,negatif,0.9584,netral,tanpa_emoji,negatif,hitmaker
jWcuZDN59Gw,user_e61db922195d,True,1665014400,0,negatif,0.8624,positif,netral,negatif,hitmaker
jWcuZDN59Gw,user_49885262f32d,True,1665014400,0,netral,0.7024,netral,tanpa_emoji,netral,hitmaker
jWcuZDN59Gw,user_e61db922195d,True,1665014400,0,negatif,0.8014,positif,tanpa_emoji,negatif,hitmaker
jWcuZDN59Gw,user_49885262f32d,True,1665014400,0,negatif,0.9799,negatif,tanpa_emoji,negatif,hitmaker
jWcuZDN59Gw,user_e61db922195d,True,1665014400,0,negatif,0.8257,netral,tanpa_emoji,negatif,hitmaker
jWcuZDN59Gw,user_49885262f32d,True,1665014400,0,negatif,0.9948,negatif,tanpa_emoji,negatif,hitmaker
jWcuZDN59Gw,user_e61db922195d,True,1665014400,0,netral,0.9861,netral,tanpa_emoji,netral,hitmaker
jWcuZDN59Gw,user_49885262f32d,True,1665014400,0,netral,0.69,netral,tanpa_emoji,netral,hitmaker
jWcuZDN59Gw,user_e61db922195d,True,1665014400,0,negatif,0.5444,netral,tanpa_emoji,negatif,hitmaker
jWcuZDN59Gw,user_49885262f32d,True,1665014400,0,netral,0.942,netral,tanpa_emoji,netral,hitmaker
jWcuZDN59Gw,user_49885262f32d,True,1665014400,0,netral,0.7477,netral,tanpa_emoji,netral,hitmaker
jWcuZDN59Gw,user_49885262f32d,True,1665014400,0,positif,0.8368,positif,tanpa_emoji,positif,hitmaker
jWcuZDN59Gw,user_49885262f32d,True,1665014400,1,netral,0.9487,netral,tanpa_emoji,netral,hitmaker
jWcuZDN59Gw,user_37aeda164e64,False,1665014400,3,negatif,0.9792,netral,tanpa_emoji,negatif,hitmaker
jWcuZDN59Gw,user_d9eec5c3c441,False,1665014400,1,negatif,0.993,negatif,tanpa_emoji,negatif,hitmaker
jWcuZDN59Gw,user_188ecb7a8bd8,False,1665014400,1,netral,0.977,netral,netral,netral,hitmaker
jWcuZDN59Gw,user_49885262f32d,True,1665014400,1,negatif,0.7676,netral,tanpa_emoji,negatif,hitmaker
jWcuZDN59Gw,user_0d2280effdf9,False,1665014400,1,negatif,0.7911,negatif,netral,negatif,hitmaker
jWcuZDN59Gw,user_82c587f3587c,False,1665014400,5,positif,0.5731,negatif,tanpa_emoji,positif,hitmaker
jWcuZDN59Gw,user_e61db922195d,True,1665014400,0,negatif,0.9975,netral,tanpa_emoji,negatif,hitmaker
jWcuZDN59Gw,user_c40a5c70146a,True,1665014400,0,netral,0.8424,netral,tanpa_emoji,netral,hitmaker
jWcuZDN59Gw,user_ac7f0d775ead,False,1665014400,1,negatif,0.6788,negatif,netral,negatif,hitmaker
jWcuZDN59Gw,user_ed59285f4bb2,False,1665014400,1,positif,0.6704,netral,tanpa_emoji,positif,hitmaker
jWcuZDN59Gw,user_341fb238ab85,True,1665014400,0,negatif,0.9687,netral,tanpa_emoji,negatif,hitmaker
jWcuZDN59Gw,user_2319cc1b7baf,False,1665014400,6,positif,0.7438,netral,tanpa_emoji,positif,hitmaker
jWcuZDN59Gw,user_6c17536d8db4,False,1665014400,2,positif,0.9951,netral,tanpa_emoji,positif,hitmaker
jWcuZDN59Gw,user_84dee1a4cb24,True,1665014400,2,negatif,0.6708,netral,tanpa_emoji,negatif,hitmaker
jWcuZDN59Gw,user_6c17536d8db4,True,1665014400,1,netral,0.9514,netral,tanpa_emoji,netral,hitmaker
jWcuZDN59Gw,user_49885262f32d,True,1665014400,1,netral,0.9921,netral,tanpa_emoji,netral,hitmaker
jWcuZDN59Gw,user_49885262f32d,True,1665014400,0,netral,0.5813,netral,tanpa_emoji,netral,hitmaker
jWcuZDN59Gw,user_014f386718d1,False,1665014400,3,positif,0.6481,netral,tanpa_emoji,positif,hitmaker
jWcuZDN59Gw,user_06f672368405,False,1665014400,0,negatif,0.9912,negatif,tanpa_emoji,negatif,hitmaker
jWcuZDN59Gw,user_49885262f32d,True,1665014400,0,negatif,0.9857,negatif,tanpa_emoji,negatif,hitmaker
jWcuZDN59Gw,user_b8382a31275a,False,1665014400,50,positif,0.9968,positif,positif,positif,hitmaker
jWcuZDN59Gw,user_1f4939a07673,True,1665014400,1,negatif,0.7243,netral,tanpa_emoji,negatif,hitmaker
jWcuZDN59Gw,user_14f24826fbdd,False,1665014400,0,negatif,0.9961,netral,tanpa_emoji,negatif,hitmaker
jWcuZDN59Gw,user_ad3f26a7e5f6,True,1728172800,2,negatif,0.9946,netral,tanpa_emoji,negatif,hitmaker
jWcuZDN59Gw,user_d42094e73782,False,1665014400,0,netral,0.7948,netral,tanpa_emoji,netral,hitmaker
jWcuZDN59Gw,user_3cf2c1911680,False,1665014400,1,negatif,0.999,netral,tanpa_emoji,negatif,hitmaker
jWcuZDN59Gw,user_65439783aee3,False,1665014400,1,negatif,0.9888,negatif,tanpa_emoji,negatif,hitmaker
jWcuZDN59Gw,user_9eae049577ba,False,1665014400,0,negatif,0.9548,netral,netral,negatif,hitmaker
jWcuZDN59Gw,user_9e94ad1c80f5,True,1665014400,1,negatif,0.9924,negatif,negatif,negatif,hitmaker
jWcuZDN59Gw,user_e24b023897b9,True,1665014400,0,negatif,0.8947,netral,tanpa_emoji,negatif,hitmaker
jWcuZDN59Gw,user_8c5f4cc45abb,False,1665014400,6,positif,0.5862,positif,positif,positif,hitmaker
jWcuZDN59Gw,user_ac7f0d775ead,False,1665014400,2,netral,0.4311,netral,netral,netral,hitmaker
jWcuZDN59Gw,user_1118e0c6f7a0,False,1665014400,0,netral,0.8038,netral,tanpa_emoji,netral,hitmaker
jWcuZDN59Gw,user_790f46a04c81,False,1665014400,45,positif,0.9954,positif,tanpa_emoji,positif,hitmaker
jWcuZDN59Gw,user_c74e043a4bcc,False,1665014400,21,negatif,0.9887,netral,positif,negatif,hitmaker
jWcuZDN59Gw,user_ab262d0034bd,False,1665014400,3,negatif,0.9734,positif,tanpa_emoji,negatif,hitmaker
jWcuZDN59Gw,user_12a50a3eff42,True,1665014400,1,positif,0.9958,netral,tanpa_emoji,positif,hitmaker
jWcuZDN59Gw,user_49885262f32d,True,1665014400,1,positif,0.7315,negatif,tanpa_emoji,positif,hitmaker
jWcuZDN59Gw,user_4aa812c58ba6,True,1665014400,0,negatif,0.4297,netral,tanpa_emoji,negatif,hitmaker
jWcuZDN59Gw,user_6ccb6b9d2a6e,False,1665014400,5,negatif,0.654,positif,positif,negatif,hitmaker
jWcuZDN59Gw,user_c77a9956a77f,True,1665014400,1,netral,0.9333,netral,tanpa_emoji,netral,hitmaker
jWcuZDN59Gw,user_49885262f32d,True,1665014400,1,netral,0.8948,netral,tanpa_emoji,netral,hitmaker
jWcuZDN59Gw,user_082e76c15c09,True,1665014400,0,netral,0.9983,netral,tanpa_emoji,netral,hitmaker
jWcuZDN59Gw,user_49885262f32d,True,1665014400,0,netral,0.9928,netral,tanpa_emoji,netral,hitmaker
jWcuZDN59Gw,user_8b715771e8f2,False,1665014400,1,negatif,0.9838,negatif,negatif,negatif,hitmaker
jWcuZDN59Gw,user_212999179027,False,1665014400,3,negatif,0.8353,negatif,tanpa_emoji,negatif,hitmaker
jWcuZDN59Gw,user_2898aec875d8,True,1665014400,1,negatif,0.6107,netral,tanpa_emoji,negatif,hitmaker
jWcuZDN59Gw,user_341fb238ab85,True,1665014400,0,netral,0.7542,netral,tanpa_emoji,netral,hitmaker
jWcuZDN59Gw,user_341fb238ab85,True,1665014400,0,negatif,0.9489,netral,tanpa_emoji,negatif,hitmaker
jWcuZDN59Gw,user_cffd957c4de1,True,1665014400,0,negatif,0.9817,netral,tanpa_emoji,negatif,hitmaker
jWcuZDN59Gw,user_bd53e708b610,False,1665014400,1,positif,0.9966,positif,tanpa_emoji,positif,hitmaker
jWcuZDN59Gw,user_f99af933fe25,False,1665014400,2,positif,0.9946,positif,tanpa_emoji,positif,hitmaker
jWcuZDN59Gw,user_d618c596781b,True,1665014400,3,positif,0.7768,negatif,tanpa_emoji,positif,hitmaker
jWcuZDN59Gw,user_e962576dd062,False,1665014400,3,negatif,0.7277,negatif,tanpa_emoji,negatif,hitmaker
jWcuZDN59Gw,user_49885262f32d,True,1665014400,0,negatif,0.989,netral,tanpa_emoji,negatif,hitmaker
jWcuZDN59Gw,user_0693bdbc3e51,True,1665014400,0,negatif,0.9154,netral,tanpa_emoji,negatif,hitmaker
jWcuZDN59Gw,user_49885262f32d,True,1665014400,0,netral,0.9766,netral,tanpa_emoji,netral,hitmaker
jWcuZDN59Gw,user_858c384c3beb,False,1665014400,1,negatif,0.9112,netral,tanpa_emoji,negatif,hitmaker
jWcuZDN59Gw,user_8a26ab58e256,False,1665014400,1,negatif,0.5137,netral,tanpa_emoji,negatif,hitmaker
jWcuZDN59Gw,user_e9b2ace1f5ec,False,1665014400,1,negatif,0.9989,negatif,negatif,negatif,hitmaker
jWcuZDN59Gw,user_3c45e6f20ea4,False,1665014400,2,negatif,0.9892,netral,tanpa_emoji,negatif,hitmaker
jWcuZDN59Gw,user_8a26ab58e256,False,1665014400,2,netral,0.7545,netral,tanpa_emoji,netral,hitmaker
jWcuZDN59Gw,user_8e3f95197ec7,False,1665014400,1,negatif,0.9969,netral,netral,negatif,hitmaker
jWcuZDN59Gw,user_b11f02ad1b37,False,1665014400,3,netral,0.8336,netral,tanpa_emoji,netral,hitmaker
jWcuZDN59Gw,user_0a0dccb323eb,False,1665014400,4,positif,0.9081,netral,tanpa_emoji,positif,hitmaker
jWcuZDN59Gw,user_ea728d7acded,False,1665014400,11,positif,0.9942,positif,positif,positif,hitmaker
jWcuZDN59Gw,user_79ea15f6cd63,False,1665014400,2,positif,0.7159,positif,netral,positif,hitmaker
jWcuZDN59Gw,user_8e78915b0711,False,1665014400,1,positif,0.994,positif,tanpa_emoji,positif,hitmaker
jWcuZDN59Gw,user_68e9ca02626d,False,1665014400,3,negatif,0.9956,negatif,netral,negatif,hitmaker
jWcuZDN59Gw,user_ca90776a463f,False,1665014400,2,negatif,0.94,netral,tanpa_emoji,negatif,hitmaker
jWcuZDN59Gw,user_e3c56edc8586,True,1665014400,3,positif,0.89,positif,tanpa_emoji,positif,hitmaker
jWcuZDN59Gw,user_ca90776a463f,True,1665014400,0,negatif,0.5802,netral,tanpa_emoji,negatif,hitmaker
jWcuZDN59Gw,user_45269e3307d0,True,1665014400,0,positif,0.5558,netral,tanpa_emoji,positif,hitmaker
jWcuZDN59Gw,user_ed46f60a5db9,False,1665014400,2,positif,0.9922,positif,tanpa_emoji,positif,hitmaker
jWcuZDN59Gw,user_a7e281bd7a80,False,1665014400,1,negatif,0.5467,netral,tanpa_emoji,negatif,hitmaker
jWcuZDN59Gw,user_1af90a13e012,False,1665014400,8,positif,0.97,positif,positif,positif,hitmaker
jWcuZDN59Gw,user_212ccb20f97e,False,1665014400,5,netral,0.9766,netral,tanpa_emoji,netral,hitmaker
jWcuZDN59Gw,user_34e6ea05978e,True,1665014400,1,positif,0.9975,positif,tanpa_emoji,positif,hitmaker
jWcuZDN59Gw,user_599ddf90d66e,False,1665014400,3,negatif,0.9292,netral,tanpa_emoji,negatif,hitmaker
jWcuZDN59Gw,user_e9b2ace1f5ec,False,1665014400,16,positif,0.5655,positif,tanpa_emoji,positif,hitmaker
jWcuZDN59Gw,user_764f03a8de21,False,1665014400,15,positif,0.7599,netral,tanpa_emoji,positif,hitmaker
jWcuZDN59Gw,user_e9b2ace1f5ec,True,1665014400,0,negatif,0.5716,netral,tanpa_emoji,negatif,hitmaker
jWcuZDN59Gw,user_329fc4778971,True,1665014400,0,positif,0.8164,netral,tanpa_emoji,positif,hitmaker
jWcuZDN59Gw,user_4826758baf1f,False,1665014400,9,negatif,0.9823,netral,tanpa_emoji,negatif,hitmaker
jWcuZDN59Gw,user_0ce16e22bd94,True,1665014400,0,negatif,0.946,netral,tanpa_emoji,negatif,hitmaker
jWcuZDN59Gw,user_0ccb7d506be5,True,1665014400,0,negatif,0.9882,netral,tanpa_emoji,negatif,hitmaker
jWcuZDN59Gw,user_645399020a33,True,1665014400,0,negatif,0.9792,netral,tanpa_emoji,negatif,hitmaker
jWcuZDN59Gw,user_5b472e16cc6c,False,1665014400,1,negatif,0.9548,netral,tanpa_emoji,negatif,hitmaker
jWcuZDN59Gw,user_f6cb73a268d4,False,1665014400,2,negatif,0.9865,positif,tanpa_emoji,negatif,hitmaker
jWcuZDN59Gw,user_c3c93a997d87,False,1665014400,3,negatif,0.8916,netral,tanpa_emoji,negatif,hitmaker
jWcuZDN59Gw,user_37b704bfc37e,False,1665014400,3,negatif,0.4676,positif,tanpa_emoji,negatif,hitmaker
jWcuZDN59Gw,user_208842931a6d,True,1665014400,2,netral,0.9897,netral,tanpa_emoji,netral,hitmaker
jWcuZDN59Gw,user_e24b023897b9,True,1665014400,1,negatif,0.9492,netral,tanpa_emoji,negatif,hitmaker
jWcuZDN59Gw,user_341fb238ab85,True,1665014400,1,negatif,0.8107,netral,tanpa_emoji,negatif,hitmaker
jWcuZDN59Gw,user_ec7fba1e34b4,True,1665014400,0,negatif,0.653,netral,tanpa_emoji,negatif,hitmaker
jWcuZDN59Gw,user_341fb238ab85,True,1665014400,0,netral,0.6061,netral,tanpa_emoji,netral,hitmaker
jWcuZDN59Gw,user_ec7fba1e34b4,True,1665014400,0,negatif,0.7134,netral,tanpa_emoji,negatif,hitmaker
jWcuZDN59Gw,user_341fb238ab85,True,1665014400,0,netral,0.7811,netral,tanpa_emoji,netral,hitmaker
jWcuZDN59Gw,user_37b704bfc37e,True,1665014400,0,negatif,0.8187,netral,tanpa_emoji,negatif,hitmaker
jWcuZDN59Gw,user_341fb238ab85,True,1665014400,0,negatif,0.9935,netral,tanpa_emoji,negatif,hitmaker
jWcuZDN59Gw,user_37b704bfc37e,True,1665014400,0,netral,0.8658,netral,tanpa_emoji,netral,hitmaker
jWcuZDN59Gw,user_341fb238ab85,True,1665014400,0,negatif,0.9973,netral,netral,negatif,hitmaker
jWcuZDN59Gw,user_07b7a6c56919,True,1665014400,0,netral,0.9081,netral,tanpa_emoji,netral,hitmaker
jWcuZDN59Gw,user_4aa812c58ba6,True,1665014400,0,negatif,0.9011,netral,tanpa_emoji,negatif,hitmaker
jWcuZDN59Gw,user_07b7a6c56919,True,1665014400,0,netral,0.983,netral,tanpa_emoji,netral,hitmaker
jWcuZDN59Gw,user_b216ac637b44,False,1665014400,20,negatif,0.9036,netral,netral,negatif,hitmaker
jWcuZDN59Gw,user_209bae116a75,True,1665014400,1,negatif,0.8913,netral,netral,negatif,hitmaker
jWcuZDN59Gw,user_b216ac637b44,True,1665014400,1,netral,0.6093,netral,netral,netral,hitmaker
jWcuZDN59Gw,user_5a806e6267c9,True,1665014400,1,netral,0.6581,netral,tanpa_emoji,netral,hitmaker
jWcuZDN59Gw,user_e2c93ddba2c4,False,1665014400,25,negatif,0.5251,positif,netral,negatif,hitmaker
jWcuZDN59Gw,user_45269e3307d0,False,1665014400,1,netral,0.8801,netral,tanpa_emoji,netral,hitmaker
jWcuZDN59Gw,user_d44912004dc4,False,1665014400,1,negatif,0.6638,netral,tanpa_emoji,negatif,hitmaker
jWcuZDN59Gw,user_0c030759a4de,False,1665014400,68,positif,0.9854,positif,tanpa_emoji,positif,hitmaker
jWcuZDN59Gw,user_84dee1a4cb24,True,1665014400,1,netral,0.8239,netral,tanpa_emoji,netral,hitmaker
jWcuZDN59Gw,user_0c030759a4de,True,1665014400,0,netral,0.9754,netral,tanpa_emoji,netral,hitmaker
jWcuZDN59Gw,user_d9eec5c3c441,True,1665014400,0,negatif,0.7861,netral,tanpa_emoji,negatif,hitmaker
jWcuZDN59Gw,user_ddbaa07d7d27,False,1665014400,5,positif,0.9849,positif,positif,positif,hitmaker
jWcuZDN59Gw,user_d44912004dc4,True,1665014400,3,positif,0.9855,negatif,tanpa_emoji,positif,hitmaker
l3RiBklg6ss,user_ea0067ef9480,False,1790640000,0,positif,0.9794,netral,netral,netral,hitmaker
l3RiBklg6ss,user_d3c796c1d801,False,1790294400,0,negatif,0.9939,positif,positif,negatif,hitmaker
l3RiBklg6ss,user_9ac585699c1b,True,1791219600,0,negatif,0.9994,positif,tanpa_emoji,negatif,hitmaker
l3RiBklg6ss,user_495911317243,False,1790035200,1,positif,0.6209,netral,tanpa_emoji,positif,hitmaker
l3RiBklg6ss,user_9d52cd1505c0,False,1790035200,1,netral,0.7606,netral,tanpa_emoji,netral,hitmaker
l3RiBklg6ss,user_393ba2d502aa,False,1788652800,2,positif,0.8719,positif,positif,positif,hitmaker
l3RiBklg6ss,user_b007b7b05970,False,1788652800,2,negatif,0.5703,positif,positif,positif,hitmaker
l3RiBklg6ss,user_ebd7b281a813,False,1788652800,1,negatif,0.9979,positif,netral,negatif,hitmaker
l3RiBklg6ss,user_f504ad9d7404,False,1788652800,0,negatif,0.9989,positif,tanpa_emoji,negatif,hitmaker
l3RiBklg6ss,user_d3c796c1d801,True,1790294400,0,negatif,0.9982,netral,tanpa_emoji,negatif,hitmaker
l3RiBklg6ss,user_45420ac381e6,False,1788652800,1,negatif,0.9884,netral,netral,netral,hitmaker
l3RiBklg6ss,user_7eacbc6c2079,False,1785974400,1,negatif,0.8349,netral,tanpa_emoji,negatif,hitmaker
l3RiBklg6ss,user_cd873aedb1ed,False,1785974400,1,negatif,0.9833,positif,netral,negatif,hitmaker
l3RiBklg6ss,user_9ca30c523022,False,1785974400,1,negatif,0.844,positif,positif,negatif,hitmaker
l3RiBklg6ss,user_a41721b3f756,False,1785974400,0,negatif,0.4898,netral,netral,negatif,hitmaker
l3RiBklg6ss,user_9f9477fba6ba,False,1785974400,1,negatif,0.8576,netral,tanpa_emoji,negatif,hitmaker
l3RiBklg6ss,user_89ff503c8542,False,1785974400,0,negatif,0.9975,negatif,tanpa_emoji,negatif,hitmaker
l3RiBklg6ss,user_295cf3ccdbb9,False,1783296000,2,netral,0.9904,netral,tanpa_emoji,netral,hitmaker
l3RiBklg6ss,user_ae2f4e4f7a01,True,1785974400,1,negatif,0.9706,positif,tanpa_emoji,negatif,hitmaker
l3RiBklg6ss,user_295cf3ccdbb9,False,1783296000,1,positif,0.892,positif,positif,positif,hitmaker
l3RiBklg6ss,user_09dc58460b9e,True,1788652800,0,negatif,0.9247,netral,tanpa_emoji,negatif,hitmaker
l3RiBklg6ss,user_295cf3ccdbb9,False,1783296000,0,netral,0.4134,negatif,negatif,negatif,hitmaker
l3RiBklg6ss,user_80995f1076f8,False,1783296000,2,netral,0.9701,netral,tanpa_emoji,netral,hitmaker
l3RiBklg6ss,user_89ff503c8542,True,1785974400,1,netral,0.4158,netral,tanpa_emoji,netral,hitmaker
l3RiBklg6ss,user_80995f1076f8,True,1785974400,0,netral,0.8892,netral,tanpa_emoji,netral,hitmaker
l3RiBklg6ss,user_902859efa376,True,1783296000,0,netral,0.9571,netral,tanpa_emoji,netral,hitmaker
l3RiBklg6ss,user_80995f1076f8,True,1783296000,0,netral,0.9758,netral,tanpa_emoji,netral,hitmaker
l3RiBklg6ss,user_ac10c4a0fbed,False,1783296000,2,netral,0.5242,positif,positif,positif,hitmaker
l3RiBklg6ss,user_020b3a02dff5,False,1783296000,1,negatif,0.9886,netral,tanpa_emoji,negatif,hitmaker
l3RiBklg6ss,user_c5006eb1206a,False,1783296000,2,negatif,0.8092,netral,tanpa_emoji,negatif,hitmaker
l3RiBklg6ss,user_d5672c112314,False,1783296000,1,netral,0.6692,netral,tanpa_emoji,netral,hitmaker
l3RiBklg6ss,user_28ebde84b83e,False,1783296000,1,netral,0.7589,netral,tanpa_emoji,netral,hitmaker
l3RiBklg6ss,user_dfe3a3a72d0e,False,1783296000,2,negatif,0.9993,negatif,tanpa_emoji,negatif,hitmaker
l3RiBklg6ss,user_dfe3a3a72d0e,False,1783296000,3,netral,0.9672,netral,tanpa_emoji,netral,hitmaker
l3RiBklg6ss,user_11a66b2e61c2,False,1780704000,2,negatif,0.9086,netral,netral,netral,hitmaker
l3RiBklg6ss,user_b21a1b1c53c1,False,1780704000,2,negatif,0.9951,netral,netral,negatif,hitmaker
l3RiBklg6ss,user_936570e04870,False,1780704000,0,negatif,0.4856,netral,tanpa_emoji,negatif,hitmaker
l3RiBklg6ss,user_526259aa8a5d,False,1780704000,1,positif,0.9749,negatif,negatif,positif,hitmaker
l3RiBklg6ss,user_6d4069755b7c,False,1780704000,0,negatif,0.8196,netral,netral,negatif,hitmaker
l3RiBklg6ss,user_e5d94370cd31,False,1780704000,0,negatif,0.7134,netral,tanpa_emoji,negatif,hitmaker
l3RiBklg6ss,user_aaae18dd365a,False,1780704000,1,positif,0.7489,netral,tanpa_emoji,positif,hitmaker
l3RiBklg6ss,user_1feecbb991fa,True,1780704000,1,netral,0.9242,netral,tanpa_emoji,netral,hitmaker
l3RiBklg6ss,user_6d4069755b7c,False,1780704000,0,negatif,0.6743,netral,netral,negatif,hitmaker
l3RiBklg6ss,user_d56e1834eee4,False,1780704000,0,netral,0.8816,positif,positif,netral,hitmaker
l3RiBklg6ss,user_7f3acdbace89,False,1778025600,0,negatif,0.7092,netral,tanpa_emoji,negatif,hitmaker
l3RiBklg6ss,user_635e137f5536,False,1778025600,0,negatif,0.9606,netral,netral,netral,hitmaker
l3RiBklg6ss,user_002e43409869,False,1778025600,1,negatif,0.9868,netral,netral,netral,hitmaker
l3RiBklg6ss,user_7c16f5d5566b,False,1778025600,0,netral,0.6107,netral,tanpa_emoji,netral,hitmaker
l3RiBklg6ss,user_8385f1800e54,False,1775433600,1,positif,0.5075,negatif,netral,positif,hitmaker
l3RiBklg6ss,user_11a66b2e61c2,True,1780704000,0,positif,0.5236,netral,netral,netral,hitmaker
l3RiBklg6ss,user_11a66b2e61c2,True,1780704000,0,negatif,0.8959,netral,netral,netral,hitmaker
l3RiBklg6ss,user_11a66b2e61c2,True,1780704000,0,netral,0.9123,netral,tanpa_emoji,netral,hitmaker
l3RiBklg6ss,user_79ae65a2948c,False,1775433600,0,negatif,0.9314,netral,tanpa_emoji,negatif,hitmaker
l3RiBklg6ss,user_aaae18dd365a,True,1780704000,0,negatif,0.8135,netral,tanpa_emoji,negatif,hitmaker
l3RiBklg6ss,user_14f171b27630,False,1775433600,0,positif,0.6805,netral,tanpa_emoji,positif,hitmaker
l3RiBklg6ss,user_d8f4016fd314,True,1780704000,0,negatif,0.9976,negatif,tanpa_emoji,negatif,hitmaker
l3RiBklg6ss,user_909d95150054,False,1775433600,1,negatif,0.9934,netral,tanpa_emoji,negatif,hitmaker
l3RiBklg6ss,user_cc62ecf0b567,True,1775433600,0,negatif,0.7045,netral,netral,negatif,hitmaker
l3RiBklg6ss,user_38d29ea0c516,False,1775433600,1,netral,0.9203,netral,tanpa_emoji,netral,hitmaker
l3RiBklg6ss,user_38d29ea0c516,False,1775433600,2,netral,0.5361,netral,tanpa_emoji,netral,hitmaker
l3RiBklg6ss,user_5f03ec6dfd2e,False,1775433600,1,negatif,0.9347,positif,tanpa_emoji,negatif,hitmaker
l3RiBklg6ss,user_5f03ec6dfd2e,False,1775433600,1,positif,0.8482,netral,netral,positif,hitmaker
l3RiBklg6ss,user_857b2260045e,True,1775433600,0,netral,0.9453,netral,tanpa_emoji,netral,hitmaker
l3RiBklg6ss,user_611013eff2e6,False,1772755200,2,negatif,0.9954,netral,netral,negatif,hitmaker
l3RiBklg6ss,user_b303accae356,False,1772755200,1,negatif,0.9875,netral,netral,netral,hitmaker
l3RiBklg6ss,user_b303accae356,True,1772755200,0,negatif,0.9925,positif,positif,positif,hitmaker
l3RiBklg6ss,user_90e1f70df602,False,1770336000,1,negatif,0.985,netral,netral,negatif,hitmaker
l3RiBklg6ss,user_0c7ef5716b46,False,1770336000,0,negatif,0.9957,positif,netral,negatif,hitmaker
l3RiBklg6ss,user_9bf2355ec913,False,1767657600,2,positif,0.83,negatif,tanpa_emoji,positif,hitmaker
l3RiBklg6ss,user_158f43873ccc,False,1767657600,3,negatif,0.6605,negatif,tanpa_emoji,negatif,hitmaker
l3RiBklg6ss,user_6403b07e64ca,False,1764979200,3,netral,0.8461,positif,positif,netral,hitmaker
l3RiBklg6ss,user_b4fe6a59b365,False,1762387200,3,netral,0.7647,netral,tanpa_emoji,netral,hitmaker
l3RiBklg6ss,user_11781b651cbf,False,1759708800,1,positif,0.6716,netral,tanpa_emoji,positif,hitmaker
l3RiBklg6ss,user_01ac3b89c24d,False,1759708800,1,positif,0.4469,netral,tanpa_emoji,positif,hitmaker
l3RiBklg6ss,user_158f43873ccc,True,1767657600,0,positif,0.9745,netral,tanpa_emoji,positif,hitmaker
l3RiBklg6ss,user_39a75c578f00,False,1759708800,2,negatif,0.982,positif,tanpa_emoji,negatif,hitmaker
l3RiBklg6ss,user_28dadf92d262,False,1759708800,0,positif,0.6716,netral,tanpa_emoji,positif,hitmaker
l3RiBklg6ss,user_28dadf92d262,False,1759708800,0,positif,0.6716,netral,tanpa_emoji,positif,hitmaker
l3RiBklg6ss,user_a53e153ec9a9,False,1759708800,0,positif,0.9497,positif,positif,positif,hitmaker
l3RiBklg6ss,user_a53e153ec9a9,False,1759708800,1,netral,0.972,netral,tanpa_emoji,netral,hitmaker
l3RiBklg6ss,user_6286ece455e2,False,1759708800,1,negatif,0.8043,netral,netral,negatif,hitmaker
l3RiBklg6ss,user_6286ece455e2,False,1759708800,1,negatif,0.8043,netral,netral,negatif,hitmaker
l3RiBklg6ss,user_6286ece455e2,False,1759708800,1,negatif,0.9917,negatif,negatif,negatif,hitmaker
l3RiBklg6ss,user_6286ece455e2,False,1759708800,0,negatif,0.6724,netral,tanpa_emoji,negatif,hitmaker
l3RiBklg6ss,user_01f9c0402bf9,False,1759708800,0,negatif,0.569,netral,tanpa_emoji,negatif,hitmaker
l3RiBklg6ss,user_0920b3b7837d,False,1759708800,3,netral,0.7572,netral,tanpa_emoji,netral,hitmaker
l3RiBklg6ss,user_6134f0666ccc,False,1759708800,1,negatif,0.7781,netral,tanpa_emoji,negatif,hitmaker
l3RiBklg6ss,user_d8a812372685,True,1759708800,0,negatif,0.9715,netral,netral,negatif,hitmaker
l3RiBklg6ss,user_107fc7bac0a0,False,1759708800,1,negatif,0.9966,negatif,netral,negatif,hitmaker
l3RiBklg6ss,user_1a0280755866,False,1759708800,0,negatif,0.9954,negatif,tanpa_emoji,negatif,hitmaker
l3RiBklg6ss,user_d844a952a234,False,1759708800,0,positif,0.9748,positif,netral,positif,hitmaker
l3RiBklg6ss,user_0a92dad171df,False,1759708800,0,negatif,0.9957,negatif,tanpa_emoji,negatif,hitmaker
l3RiBklg6ss,user_cd0d604974bd,False,1759708800,1,netral,0.7575,netral,tanpa_emoji,netral,hitmaker
l3RiBklg6ss,user_c8ca06180c93,False,1759708800,2,negatif,0.9049,netral,tanpa_emoji,negatif,hitmaker
l3RiBklg6ss,user_bae4ce6387d4,False,1759708800,1,negatif,0.9908,positif,positif,negatif,hitmaker
l3RiBklg6ss,user_643917fbaa52,False,1759708800,0,positif,0.8775,positif,tanpa_emoji,positif,hitmaker
l3RiBklg6ss,user_16210009c79b,True,1759708800,1,negatif,0.9977,netral,netral,negatif,hitmaker
l3RiBklg6ss,user_582ef589b277,True,1759708800,0,negatif,0.9898,netral,netral,negatif,hitmaker
l3RiBklg6ss,user_aa90cf0f890a,False,1759708800,1,negatif,0.9934,negatif,netral,negatif,hitmaker
l3RiBklg6ss,user_db88281fbbbe,False,1759708800,0,negatif,0.4044,netral,tanpa_emoji,negatif,hitmaker
l3RiBklg6ss,user_38d0d5b729d5,False,1759708800,0,negatif,0.6877,netral,tanpa_emoji,negatif,hitmaker
l3RiBklg6ss,user_5d8893673d2b,False,1759708800,0,netral,0.8352,netral,tanpa_emoji,netral,hitmaker
l3RiBklg6ss,user_9a122c0778f9,False,1759708800,0,negatif,0.9915,netral,tanpa_emoji,negatif,hitmaker
l3RiBklg6ss,user_d07d424ec5a6,False,1759708800,2,netral,0.8949,positif,positif,netral,hitmaker
l3RiBklg6ss,user_9a122c0778f9,True,1759708800,0,negatif,0.9959,netral,tanpa_emoji,negatif,hitmaker
l3RiBklg6ss,user_9d84bcedfd0a,False,1759708800,4,positif,0.5366,positif,positif,positif,hitmaker
l3RiBklg6ss,user_8f04ac43ce95,False,1759708800,1,netral,0.9384,netral,tanpa_emoji,netral,hitmaker
l3RiBklg6ss,user_8f04ac43ce95,False,1759708800,1,positif,0.9436,positif,positif,positif,hitmaker
l3RiBklg6ss,user_3b1b1ab37aad,False,1759708800,1,netral,0.6691,netral,tanpa_emoji,netral,hitmaker
l3RiBklg6ss,user_a553e1047c70,False,1759708800,4,negatif,0.7174,netral,tanpa_emoji,negatif,hitmaker
l3RiBklg6ss,user_2b1a71ea8c06,True,1759708800,1,netral,0.7929,netral,tanpa_emoji,netral,hitmaker
l3RiBklg6ss,user_126010d8b40e,False,1759708800,2,negatif,0.7886,positif,tanpa_emoji,negatif,hitmaker
l3RiBklg6ss,user_d45e3c36d9cd,False,1759708800,2,netral,0.8876,netral,tanpa_emoji,netral,hitmaker
l3RiBklg6ss,user_0a624dd35068,False,1759708800,2,netral,0.572,positif,positif,positif,hitmaker
l3RiBklg6ss,user_d62cc82a8060,True,1759708800,0,negatif,0.9479,netral,netral,negatif,hitmaker
l3RiBklg6ss,user_a36fa284a2ad,False,1759708800,0,negatif,0.7588,netral,tanpa_emoji,negatif,hitmaker
l3RiBklg6ss,user_f196477af2ef,False,1759708800,0,negatif,0.982,netral,netral,negatif,hitmaker
l3RiBklg6ss,user_cc500fe84b90,False,1759708800,1,negatif,0.9991,negatif,tanpa_emoji,negatif,hitmaker
l3RiBklg6ss,user_76f7bb27ac75,False,1759708800,0,negatif,0.5205,netral,tanpa_emoji,negatif,hitmaker
l3RiBklg6ss,user_3e9380d4ca30,False,1759708800,1,negatif,0.9651,netral,netral,negatif,hitmaker
l3RiBklg6ss,user_d62cc82a8060,True,1759708800,1,negatif,0.9208,netral,netral,negatif,hitmaker
l3RiBklg6ss,user_126010d8b40e,True,1759708800,1,negatif,0.9954,positif,tanpa_emoji,negatif,hitmaker
l3RiBklg6ss,user_d62cc82a8060,True,1759708800,0,netral,0.5325,netral,tanpa_emoji,netral,hitmaker
l3RiBklg6ss,user_cc1a3e8d4996,True,1759708800,0,negatif,0.9975,negatif,netral,negatif,hitmaker
l3RiBklg6ss,user_31e63d49974d,True,1759708800,0,negatif,0.9844,netral,tanpa_emoji,negatif,hitmaker
l3RiBklg6ss,user_0ed8b6765c5a,False,1759708800,2,negatif,0.955,netral,tanpa_emoji,negatif,hitmaker
l3RiBklg6ss,user_d62cc82a8060,True,1759708800,0,negatif,0.9962,netral,netral,negatif,hitmaker
l3RiBklg6ss,user_950933d07814,False,1759708800,1,negatif,0.9463,netral,tanpa_emoji,negatif,hitmaker
l3RiBklg6ss,user_22bb3110f29a,False,1759708800,0,netral,0.8755,netral,tanpa_emoji,netral,hitmaker
l3RiBklg6ss,user_1b44f67eab5d,False,1759708800,0,negatif,0.9967,netral,tanpa_emoji,negatif,hitmaker
l3RiBklg6ss,user_039a34a74079,True,1759708800,0,negatif,0.896,negatif,tanpa_emoji,negatif,hitmaker
l3RiBklg6ss,user_9f6cd7882ecc,True,1759708800,0,negatif,0.9208,netral,tanpa_emoji,negatif,hitmaker
l3RiBklg6ss,user_5adc3cfde10d,False,1759708800,0,netral,0.624,netral,tanpa_emoji,netral,hitmaker
l3RiBklg6ss,user_73b59ef37e17,True,1759708800,0,negatif,0.7311,netral,tanpa_emoji,negatif,hitmaker
l3RiBklg6ss,user_e0af447dcdf9,False,1759708800,0,negatif,0.5139,netral,netral,negatif,hitmaker
l3RiBklg6ss,user_57c9fa12c1e8,False,1759708800,2,negatif,0.8249,netral,tanpa_emoji,negatif,hitmaker
l3RiBklg6ss,user_dd26838f9be0,False,1728172800,0,negatif,0.9962,netral,tanpa_emoji,negatif,hitmaker
l3RiBklg6ss,user_f9f6019456b2,False,1728172800,0,negatif,0.9675,netral,tanpa_emoji,negatif,hitmaker
l3RiBklg6ss,user_d30a4561e379,False,1728172800,1,negatif,0.8623,netral,tanpa_emoji,negatif,hitmaker
l3RiBklg6ss,user_ad837eb884b1,False,1728172800,1,positif,0.543,positif,positif,positif,hitmaker
l3RiBklg6ss,user_dabf6c501ad5,False,1728172800,0,negatif,0.7395,netral,tanpa_emoji,negatif,hitmaker
l3RiBklg6ss,user_a543f3edafa8,False,1728172800,1,positif,0.9736,positif,tanpa_emoji,positif,hitmaker
l3RiBklg6ss,user_84133a4638f1,True,1728172800,1,negatif,0.8421,netral,tanpa_emoji,negatif,hitmaker
l3RiBklg6ss,user_4534b92fecda,False,1728172800,1,positif,0.9906,positif,positif,positif,hitmaker
l3RiBklg6ss,user_84133a4638f1,True,1728172800,1,negatif,0.9922,netral,tanpa_emoji,negatif,hitmaker
l3RiBklg6ss,user_d45e3c36d9cd,False,1728172800,3,positif,0.9836,positif,tanpa_emoji,positif,hitmaker
l3RiBklg6ss,user_9f0084c5b88c,False,1728172800,0,positif,0.9877,netral,tanpa_emoji,positif,hitmaker
l3RiBklg6ss,user_899799888d3b,False,1728172800,2,negatif,0.9959,netral,tanpa_emoji,negatif,hitmaker
l3RiBklg6ss,user_568bcc1f9376,False,1728172800,0,negatif,0.8539,netral,netral,netral,hitmaker
l3RiBklg6ss,user_c51ed0f2c110,False,1728172800,6,negatif,0.7488,netral,tanpa_emoji,negatif,hitmaker
l3RiBklg6ss,user_e2a1e71eeb7f,True,1728172800,0,negatif,0.6758,netral,tanpa_emoji,negatif,hitmaker
l3RiBklg6ss,user_c51ed0f2c110,False,1728172800,7,negatif,0.6094,netral,tanpa_emoji,negatif,hitmaker
l3RiBklg6ss,user_5be53ba04bb5,True,1759708800,0,negatif,0.9563,netral,netral,negatif,hitmaker
l3RiBklg6ss,user_5be53ba04bb5,True,1759708800,0,negatif,0.9563,netral,netral,negatif,hitmaker
l3RiBklg6ss,user_52674a08a797,False,1728172800,0,negatif,0.9907,negatif,tanpa_emoji,negatif,hitmaker
l3RiBklg6ss,user_2263693bff80,False,1728172800,1,netral,0.6547,netral,tanpa_emoji,netral,hitmaker
l3RiBklg6ss,user_30ae4046fb77,False,1728172800,0,netral,0.9386,netral,tanpa_emoji,netral,hitmaker
l3RiBklg6ss,user_ea9cd4002bcb,False,1728172800,0,negatif,0.9923,netral,tanpa_emoji,negatif,hitmaker
l3RiBklg6ss,user_ea9cd4002bcb,False,1728172800,0,negatif,0.9973,positif,tanpa_emoji,negatif,hitmaker
l3RiBklg6ss,user_ea9cd4002bcb,False,1728172800,1,negatif,0.9749,netral,netral,negatif,hitmaker
l3RiBklg6ss,user_cf3ca9c83754,False,1728172800,1,positif,0.8892,positif,tanpa_emoji,positif,hitmaker
l3RiBklg6ss,user_ac8ef05337b8,True,1728172800,0,netral,0.975,netral,tanpa_emoji,netral,hitmaker
l3RiBklg6ss,user_05fee7198665,False,1728172800,0,positif,0.541,positif,tanpa_emoji,positif,hitmaker
l3RiBklg6ss,user_5225699f8262,False,1728172800,0,negatif,0.8484,netral,netral,netral,hitmaker
l3RiBklg6ss,user_cc2acaf7f1ac,True,1728172800,0,positif,0.952,netral,tanpa_emoji,positif,hitmaker
l3RiBklg6ss,user_cc2acaf7f1ac,True,1728172800,0,negatif,0.8409,netral,tanpa_emoji,negatif,hitmaker
l3RiBklg6ss,user_cc2acaf7f1ac,True,1728172800,0,negatif,0.6667,netral,tanpa_emoji,negatif,hitmaker
l3RiBklg6ss,user_cc2acaf7f1ac,True,1728172800,0,positif,0.8373,netral,tanpa_emoji,positif,hitmaker
l3RiBklg6ss,user_cc2acaf7f1ac,True,1728172800,0,positif,0.6001,netral,tanpa_emoji,positif,hitmaker
l3RiBklg6ss,user_cc2acaf7f1ac,True,1728172800,0,positif,0.8982,netral,tanpa_emoji,positif,hitmaker
l3RiBklg6ss,user_7e29b7f0b8ec,False,1728172800,0,negatif,0.9884,netral,netral,negatif,hitmaker
l3RiBklg6ss,user_419e1ca77d6d,False,1728172800,2,negatif,0.9518,netral,tanpa_emoji,negatif,hitmaker
l3RiBklg6ss,user_bef49b1f3de1,False,1728172800,0,netral,0.8861,netral,tanpa_emoji,netral,hitmaker
l3RiBklg6ss,user_3ef3a8ec788c,False,1728172800,1,negatif,0.9991,netral,tanpa_emoji,negatif,hitmaker
l3RiBklg6ss,user_f570715a2724,False,1728172800,4,netral,0.7843,netral,tanpa_emoji,netral,hitmaker
l3RiBklg6ss,user_60aa4e6b9375,False,1728172800,0,negatif,0.6411,netral,tanpa_emoji,negatif,hitmaker
l3RiBklg6ss,user_1643fc97749f,False,1728172800,0,negatif,0.9932,netral,netral,negatif,hitmaker
l3RiBklg6ss,user_61b1fed8d770,False,1728172800,4,negatif,0.9984,netral,netral,negatif,hitmaker
l3RiBklg6ss,user_d0a45c89141e,False,1728172800,5,positif,0.9248,netral,tanpa_emoji,positif,hitmaker
l3RiBklg6ss,user_ad3f26a7e5f6,True,1728172800,1,negatif,0.9954,netral,tanpa_emoji,negatif,hitmaker
l3RiBklg6ss,user_d0a45c89141e,True,1728172800,1,negatif,0.9605,positif,tanpa_emoji,negatif,hitmaker
l3RiBklg6ss,user_58632b8a7908,False,1728172800,1,negatif,0.994,positif,tanpa_emoji,negatif,hitmaker
l3RiBklg6ss,user_e092ea4983a3,False,1728172800,3,negatif,0.9993,negatif,netral,negatif,hitmaker
l3RiBklg6ss,user_818b344046ee,True,1728172800,1,negatif,0.9989,negatif,tanpa_emoji,negatif,hitmaker
l3RiBklg6ss,user_ad3f26a7e5f6,True,1728172800,4,positif,0.519,positif,tanpa_emoji,positif,hitmaker
l3RiBklg6ss,user_a0fc3d48c47f,True,1728172800,0,negatif,0.9978,negatif,tanpa_emoji,negatif,hitmaker
l3RiBklg6ss,user_14e4d0d35fab,False,1728172800,0,negatif,0.9919,netral,tanpa_emoji,negatif,hitmaker
l3RiBklg6ss,user_888837e9a9cd,False,1728172800,0,netral,0.5288,netral,tanpa_emoji,netral,hitmaker
l3RiBklg6ss,user_fd1fd6520575,False,1728172800,7,negatif,0.9776,positif,tanpa_emoji,negatif,hitmaker
l3RiBklg6ss,user_ad3f26a7e5f6,True,1728172800,4,negatif,0.9975,negatif,tanpa_emoji,negatif,hitmaker
l3RiBklg6ss,user_ad3f26a7e5f6,True,1728172800,2,negatif,0.9972,netral,tanpa_emoji,negatif,hitmaker
l3RiBklg6ss,user_b87a626a94d4,True,1728172800,1,negatif,0.8836,positif,tanpa_emoji,negatif,hitmaker
l3RiBklg6ss,user_dd3541c4feb7,False,1728172800,2,positif,0.9933,positif,positif,positif,hitmaker
l3RiBklg6ss,user_ad3f26a7e5f6,True,1728172800,0,positif,0.9657,positif,tanpa_emoji,positif,hitmaker
l3RiBklg6ss,user_dd3541c4feb7,True,1728172800,0,netral,0.7216,positif,positif,netral,hitmaker
l3RiBklg6ss,user_7e2180e8c37e,True,1728172800,0,negatif,0.9905,netral,tanpa_emoji,negatif,hitmaker
l3RiBklg6ss,user_dd3541c4feb7,True,1728172800,0,negatif,0.9545,netral,tanpa_emoji,negatif,hitmaker
l3RiBklg6ss,user_7e2180e8c37e,True,1728172800,0,negatif,0.6245,positif,tanpa_emoji,negatif,hitmaker
l3RiBklg6ss,user_dd3541c4feb7,True,1728172800,0,netral,0.8336,negatif,tanpa_emoji,netral,hitmaker
l3RiBklg6ss,user_0996aa887604,False,1728172800,0,netral,0.8047,netral,tanpa_emoji,netral,hitmaker
l3RiBklg6ss,user_e07a725fbc6e,False,1728172800,0,positif,0.608,netral,netral,positif,hitmaker
l3RiBklg6ss,user_e07a725fbc6e,False,1728172800,0,netral,0.48,netral,tanpa_emoji,netral,hitmaker
l3RiBklg6ss,user_0b52e0be2c3c,False,1696550400,1,negatif,0.9675,netral,netral,netral,hitmaker
l3RiBklg6ss,user_0b52e0be2c3c,False,1696550400,1,negatif,0.963,netral,netral,netral,hitmaker
l3RiBklg6ss,user_0b52e0be2c3c,False,1696550400,1,negatif,0.9651,netral,netral,netral,hitmaker
l3RiBklg6ss,user_0b52e0be2c3c,False,1696550400,1,negatif,0.7873,netral,netral,netral,hitmaker
l3RiBklg6ss,user_4f749a01b43b,False,1696550400,0,negatif,0.8373,netral,netral,negatif,hitmaker
l3RiBklg6ss,user_0996aa887604,False,1696550400,0,netral,0.873,netral,tanpa_emoji,netral,hitmaker
l3RiBklg6ss,user_761e9c0ced6d,False,1696550400,0,negatif,0.581,netral,tanpa_emoji,negatif,hitmaker
l3RiBklg6ss,user_19477707ab3f,False,1696550400,0,positif,0.9679,netral,netral,positif,hitmaker
l3RiBklg6ss,user_c499e8a4bd62,False,1696550400,0,positif,0.5318,netral,tanpa_emoji,positif,hitmaker
l3RiBklg6ss,user_3900db1967b3,False,1696550400,1,negatif,0.977,netral,netral,negatif,hitmaker
l3RiBklg6ss,user_19477707ab3f,True,1696550400,0,negatif,0.9776,netral,netral,negatif,hitmaker
l3RiBklg6ss,user_13d75cf4c8cb,True,1728172800,0,negatif,0.9324,netral,netral,negatif,hitmaker
l3RiBklg6ss,user_fc14ac8422f5,True,1728172800,0,negatif,0.962,netral,netral,negatif,hitmaker
l3RiBklg6ss,user_44976383d7dd,False,1696550400,2,positif,0.4634,netral,tanpa_emoji,positif,hitmaker
l3RiBklg6ss,user_1da4080b3059,True,1696550400,0,negatif,0.9295,netral,tanpa_emoji,negatif,hitmaker
l3RiBklg6ss,user_07607ad67f35,True,1728172800,0,negatif,0.9848,netral,tanpa_emoji,negatif,hitmaker
l3RiBklg6ss,user_44976383d7dd,True,1728172800,0,netral,0.822,netral,netral,netral,hitmaker
l3RiBklg6ss,user_07607ad67f35,True,1728172800,0,netral,0.8834,netral,tanpa_emoji,netral,hitmaker
l3RiBklg6ss,user_44976383d7dd,True,1728172800,0,netral,0.9147,netral,tanpa_emoji,netral,hitmaker
l3RiBklg6ss,user_81b1df1f973f,False,1696550400,1,positif,0.8977,positif,netral,positif,hitmaker
l3RiBklg6ss,user_20182774a2f7,False,1696550400,0,positif,0.9766,positif,positif,positif,hitmaker
l3RiBklg6ss,user_779b2c0a5d4a,False,1696550400,1,negatif,0.9879,netral,netral,netral,hitmaker
l3RiBklg6ss,user_466ec0183484,False,1696550400,1,negatif,0.7378,positif,tanpa_emoji,negatif,hitmaker
l3RiBklg6ss,user_4d6242ea3ba2,True,1696550400,1,positif,0.9746,positif,tanpa_emoji,positif,hitmaker
l3RiBklg6ss,user_dc8df985d5b8,True,1696550400,0,positif,0.9316,netral,tanpa_emoji,positif,hitmaker
l3RiBklg6ss,user_466ec0183484,True,1696550400,1,negatif,0.9963,positif,tanpa_emoji,negatif,hitmaker
l3RiBklg6ss,user_9dc7edc6d92c,False,1696550400,0,netral,0.3991,netral,netral,netral,hitmaker
l3RiBklg6ss,user_dc447d8bce33,False,1696550400,2,negatif,0.6729,positif,tanpa_emoji,negatif,hitmaker
l3RiBklg6ss,user_79827b3108e7,False,1696550400,1,negatif,0.9904,positif,tanpa_emoji,negatif,hitmaker
l3RiBklg6ss,user_f5ec89dbebf5,False,1696550400,1,positif,0.8282,positif,positif,positif,hitmaker
l3RiBklg6ss,user_716495c0538e,False,1696550400,0,positif,0.5213,netral,tanpa_emoji,positif,hitmaker
l3RiBklg6ss,user_b2b3698b79f0,False,1696550400,1,netral,0.7756,netral,tanpa_emoji,netral,hitmaker
l3RiBklg6ss,user_2a25731b0362,False,1696550400,1,negatif,0.9606,netral,netral,netral,hitmaker
l3RiBklg6ss,user_6f5ed2dd4eef,False,1696550400,2,positif,0.9966,positif,positif,positif,hitmaker
l3RiBklg6ss,user_f0c4c27ed672,False,1696550400,0,positif,0.9379,netral,tanpa_emoji,positif,hitmaker
l3RiBklg6ss,user_ac812fdb0c39,False,1696550400,0,netral,0.4084,positif,positif,positif,hitmaker
l3RiBklg6ss,user_ac812fdb0c39,False,1696550400,0,positif,0.9937,positif,positif,positif,hitmaker
l3RiBklg6ss,user_38d29ea0c516,False,1696550400,1,negatif,0.5695,netral,netral,negatif,hitmaker
l3RiBklg6ss,user_2d3bbb08ad08,False,1696550400,4,negatif,0.9738,negatif,tanpa_emoji,negatif,hitmaker
l3RiBklg6ss,user_c1597d43d22c,True,1696550400,1,positif,0.4858,positif,positif,positif,hitmaker
l3RiBklg6ss,user_ac812fdb0c39,True,1696550400,0,negatif,0.9371,positif,positif,negatif,hitmaker
l3RiBklg6ss,user_50b00e05861a,False,1696550400,0,negatif,0.9457,positif,positif,negatif,hitmaker
l3RiBklg6ss,user_83217b8fbc7c,False,1696550400,1,negatif,0.7655,netral,netral,negatif,hitmaker
l3RiBklg6ss,user_eb01c4fd7e6f,True,1696550400,0,positif,0.4454,netral,tanpa_emoji,positif,hitmaker
l3RiBklg6ss,user_6fcbe78beb0f,False,1696550400,1,negatif,0.9853,netral,tanpa_emoji,negatif,hitmaker
l3RiBklg6ss,user_ac812fdb0c39,False,1696550400,0,negatif,0.9853,positif,negatif,negatif,hitmaker
l3RiBklg6ss,user_3d137a07dd29,False,1696550400,0,negatif,0.4987,netral,tanpa_emoji,negatif,hitmaker
l3RiBklg6ss,user_660a5fe6c547,False,1696550400,0,netral,0.945,netral,tanpa_emoji,netral,hitmaker
l3RiBklg6ss,user_cf3ca9c83754,True,1696550400,0,netral,0.9528,netral,tanpa_emoji,netral,hitmaker
l3RiBklg6ss,user_1f71dd7f251f,False,1696550400,1,negatif,0.9864,netral,tanpa_emoji,negatif,hitmaker
l3RiBklg6ss,user_807efb6a3d9c,True,1696550400,4,negatif,0.9764,negatif,tanpa_emoji,negatif,hitmaker
l3RiBklg6ss,user_e43846899b6e,True,1696550400,1,negatif,0.5399,positif,positif,positif,hitmaker
l3RiBklg6ss,user_1f71dd7f251f,True,1696550400,0,negatif,0.9775,netral,tanpa_emoji,negatif,hitmaker
l3RiBklg6ss,user_c966ae6be423,True,1696550400,0,negatif,0.9736,netral,tanpa_emoji,negatif,hitmaker
l3RiBklg6ss,user_e43846899b6e,True,1696550400,2,negatif,0.9259,negatif,positif,negatif,hitmaker
l3RiBklg6ss,user_c966ae6be423,True,1696550400,0,negatif,0.973,netral,tanpa_emoji,negatif,hitmaker
l3RiBklg6ss,user_9f9e420b2bc1,False,1696550400,0,netral,0.5574,netral,tanpa_emoji,netral,hitmaker
l3RiBklg6ss,user_b211acaf76b0,False,1696550400,0,negatif,0.8179,netral,tanpa_emoji,negatif,hitmaker
l3RiBklg6ss,user_4f3bf22a1259,False,1696550400,2,positif,0.9965,positif,tanpa_emoji,positif,hitmaker
l3RiBklg6ss,user_fb38a7170270,True,1696550400,0,positif,0.975,positif,tanpa_emoji,positif,hitmaker
l3RiBklg6ss,user_b6fed6c5efe0,False,1696550400,5,negatif,0.9802,positif,positif,negatif,hitmaker
l3RiBklg6ss,user_36ce2a192340,True,1696550400,1,negatif,0.9748,netral,tanpa_emoji,negatif,hitmaker
l3RiBklg6ss,user_bd839a8d572b,True,1696550400,0,negatif,0.4142,netral,tanpa_emoji,negatif,hitmaker
l3RiBklg6ss,user_82a882096f62,False,1696550400,2,netral,0.4714,netral,tanpa_emoji,netral,hitmaker
l3RiBklg6ss,user_2e0d948b3ebc,False,1696550400,3,negatif,0.9972,negatif,tanpa_emoji,negatif,hitmaker
l3RiBklg6ss,user_47114476d849,True,1696550400,2,negatif,0.9364,netral,tanpa_emoji,negatif,hitmaker
l3RiBklg6ss,user_7f3d91f3bda2,True,1696550400,0,negatif,0.6969,netral,tanpa_emoji,negatif,hitmaker
l3RiBklg6ss,user_fb38a7170270,True,1696550400,0,negatif,0.6109,netral,tanpa_emoji,negatif,hitmaker
l3RiBklg6ss,user_246dfa817456,False,1696550400,1,negatif,0.7972,netral,netral,negatif,hitmaker
l3RiBklg6ss,user_541c04a0f441,True,1696550400,0,negatif,0.983,netral,tanpa_emoji,negatif,hitmaker
l3RiBklg6ss,user_e45aa1216cd9,False,1696550400,3,negatif,0.8225,netral,netral,negatif,hitmaker
l3RiBklg6ss,user_38d29ea0c516,False,1696550400,2,negatif,0.5548,netral,tanpa_emoji,negatif,hitmaker
l3RiBklg6ss,user_4fd6a22dcc00,False,1696550400,2,negatif,0.963,positif,positif,negatif,hitmaker
l3RiBklg6ss,user_2b4fae6eb75c,False,1696550400,1,netral,0.6556,netral,netral,netral,hitmaker
l3RiBklg6ss,user_41ade2fd6eff,True,1696550400,1,netral,0.413,netral,tanpa_emoji,netral,hitmaker
l3RiBklg6ss,user_cade6fcebe1b,False,1696550400,2,netral,0.5588,netral,tanpa_emoji,netral,hitmaker
l3RiBklg6ss,user_341fb238ab85,True,1696550400,0,negatif,0.896,netral,tanpa_emoji,negatif,hitmaker
l3RiBklg6ss,user_cdc0397a7f39,False,1696550400,4,positif,0.9864,positif,positif,positif,hitmaker
l3RiBklg6ss,user_8140cd432623,False,1696550400,2,positif,0.8582,netral,tanpa_emoji,positif,hitmaker
l3RiBklg6ss,user_c6ae77a3ce1c,False,1696550400,0,negatif,0.6733,netral,tanpa_emoji,negatif,hitmaker
l3RiBklg6ss,user_3950d0f3575d,False,1696550400,0,positif,0.8644,positif,tanpa_emoji,positif,hitmaker
l3RiBklg6ss,user_e6d7f0412150,False,1696550400,0,negatif,0.8823,netral,tanpa_emoji,negatif,hitmaker
l3RiBklg6ss,user_3a426c391e99,False,1696550400,0,negatif,0.881,netral,tanpa_emoji,negatif,hitmaker
l3RiBklg6ss,user_54f8a1a81528,False,1696550400,1,netral,0.4651,netral,tanpa_emoji,netral,hitmaker
l3RiBklg6ss,user_935ee530d606,True,1696550400,0,negatif,0.6222,netral,tanpa_emoji,negatif,hitmaker
l3RiBklg6ss,user_b63f77311ca0,False,1696550400,4,negatif,0.4934,netral,tanpa_emoji,negatif,hitmaker
l3RiBklg6ss,user_10b8aacf1f84,False,1696550400,0,negatif,0.9915,negatif,negatif,negatif,hitmaker
l3RiBklg6ss,user_cade6fcebe1b,True,1696550400,2,netral,0.4324,netral,tanpa_emoji,netral,hitmaker
l3RiBklg6ss,user_4ce4312561bf,False,1696550400,2,positif,0.8547,netral,netral,positif,hitmaker
l3RiBklg6ss,user_26bf9f67a01f,False,1696550400,0,negatif,0.9968,netral,tanpa_emoji,negatif,hitmaker
l3RiBklg6ss,user_1a212de54e70,False,1696550400,0,netral,0.3758,netral,tanpa_emoji,netral,hitmaker
l3RiBklg6ss,user_61597d3a15a6,False,1696550400,1,negatif,0.8986,netral,tanpa_emoji,negatif,hitmaker
l3RiBklg6ss,user_953eace15b69,False,1696550400,9,negatif,0.9517,negatif,tanpa_emoji,negatif,hitmaker
l3RiBklg6ss,user_4c67d1bcb2ff,True,1696550400,0,negatif,0.9755,negatif,tanpa_emoji,negatif,hitmaker
l3RiBklg6ss,user_12b9c086e76a,True,1696550400,0,negatif,0.95,negatif,tanpa_emoji,negatif,hitmaker
l3RiBklg6ss,user_619de0aa3c54,False,1696550400,2,negatif,0.9917,netral,tanpa_emoji,negatif,hitmaker
l3RiBklg6ss,user_234d66522c07,False,1696550400,2,positif,0.9605,positif,tanpa_emoji,positif,hitmaker
l3RiBklg6ss,user_0d4cb1411e9e,False,1696550400,3,negatif,0.9968,negatif,tanpa_emoji,negatif,hitmaker
l3RiBklg6ss,user_47114476d849,True,1696550400,1,negatif,0.9976,netral,tanpa_emoji,negatif,hitmaker
l3RiBklg6ss,user_40d2586f9c81,True,1696550400,0,negatif,0.946,negatif,netral,negatif,hitmaker
l3RiBklg6ss,user_8140cd432623,True,1696550400,0,negatif,0.8498,netral,tanpa_emoji,negatif,hitmaker
l3RiBklg6ss,user_0d4cb1411e9e,False,1696550400,2,negatif,0.8582,positif,tanpa_emoji,negatif,hitmaker
l3RiBklg6ss,user_b8fc3e3d26ac,True,1696550400,1,positif,0.9458,negatif,tanpa_emoji,positif,hitmaker
l3RiBklg6ss,user_3ee6924b16d6,True,1696550400,1,negatif,0.9981,negatif,tanpa_emoji,negatif,hitmaker
l3RiBklg6ss,user_f4133a956152,True,1696550400,0,negatif,0.9993,negatif,netral,negatif,hitmaker
l3RiBklg6ss,user_2f142d771395,True,1696550400,0,negatif,0.7072,netral,tanpa_emoji,negatif,hitmaker
l3RiBklg6ss,user_6fc8bdb307c0,False,1696550400,3,negatif,0.9958,negatif,tanpa_emoji,negatif,hitmaker
l3RiBklg6ss,user_d92b9310f6d1,False,1696550400,0,netral,0.4827,netral,tanpa_emoji,netral,hitmaker
l3RiBklg6ss,user_c2151cf7978c,False,1696550400,1,negatif,0.955,netral,netral,negatif,hitmaker
l3RiBklg6ss,user_46f9ebd846ea,False,1696550400,3,negatif,0.9794,negatif,tanpa_emoji,negatif,hitmaker
l3RiBklg6ss,user_3ac0cc4b54b5,False,1696550400,5,negatif,0.8838,netral,tanpa_emoji,negatif,hitmaker
l3RiBklg6ss,user_f253b66f9542,False,1696550400,2,negatif,0.5605,netral,tanpa_emoji,negatif,hitmaker
l3RiBklg6ss,user_abdedafda6b4,False,1696550400,0,negatif,0.9981,netral,netral,negatif,hitmaker
l3RiBklg6ss,user_1841e1159740,False,1696550400,0,positif,0.9756,positif,positif,positif,hitmaker
l3RiBklg6ss,user_238235ce6b51,False,1696550400,2,negatif,0.9238,netral,tanpa_emoji,negatif,hitmaker
l3RiBklg6ss,user_238235ce6b51,False,1696550400,0,netral,0.6628,netral,tanpa_emoji,netral,hitmaker
l3RiBklg6ss,user_0120de682b0e,False,1696550400,2,negatif,0.9789,negatif,tanpa_emoji,negatif,hitmaker
l3RiBklg6ss,user_57c790f3a544,False,1696550400,1,negatif,0.9911,netral,tanpa_emoji,negatif,hitmaker
l3RiBklg6ss,user_c877e5d48acf,False,1696550400,0,netral,0.4657,netral,tanpa_emoji,netral,hitmaker
l3RiBklg6ss,user_7f8e6890cf34,False,1696550400,2,positif,0.9461,negatif,tanpa_emoji,positif,hitmaker
l3RiBklg6ss,user_ad048d5586ca,False,1696550400,1,negatif,0.9134,netral,tanpa_emoji,negatif,hitmaker
l3RiBklg6ss,user_d33a55745087,False,1696550400,1,negatif,0.998,netral,tanpa_emoji,negatif,hitmaker
l3RiBklg6ss,user_3c6f8b5598df,False,1696550400,0,netral,0.9745,netral,tanpa_emoji,netral,hitmaker
l3RiBklg6ss,user_aaae18dd365a,False,1696550400,1,netral,0.4805,netral,tanpa_emoji,netral,hitmaker
l3RiBklg6ss,user_6ad84673a441,False,1696550400,1,negatif,0.9977,negatif,tanpa_emoji,negatif,hitmaker
l3RiBklg6ss,user_3ae45ef99ad3,False,1696550400,1,negatif,0.999,negatif,tanpa_emoji,negatif,hitmaker
l3RiBklg6ss,user_3ae45ef99ad3,False,1696550400,0,positif,0.7211,negatif,tanpa_emoji,positif,hitmaker
l3RiBklg6ss,user_77fcad723ef8,False,1696550400,9,positif,0.9517,netral,tanpa_emoji,positif,hitmaker
l3RiBklg6ss,user_678a06a4a272,False,1696550400,0,positif,0.5101,netral,tanpa_emoji,positif,hitmaker
l3RiBklg6ss,user_8e20dddbc96a,False,1696550400,0,negatif,0.9599,netral,netral,netral,hitmaker
l3RiBklg6ss,user_27454c1fcc5c,False,1696550400,3,negatif,0.9973,netral,tanpa_emoji,negatif,hitmaker
l3RiBklg6ss,user_5a69ccd6f481,False,1696550400,0,negatif,0.8623,netral,tanpa_emoji,negatif,hitmaker
l3RiBklg6ss,user_2107b67262b9,False,1696550400,5,negatif,0.9367,netral,netral,negatif,hitmaker
l3RiBklg6ss,user_e55c48d76f9d,False,1696550400,4,negatif,0.8291,netral,tanpa_emoji,negatif,hitmaker
l3RiBklg6ss,user_3d5aa8f129e4,False,1696550400,0,positif,0.9264,positif,positif,positif,hitmaker
l3RiBklg6ss,user_b13f63632bc5,False,1696550400,5,netral,0.8533,positif,tanpa_emoji,netral,hitmaker
l3RiBklg6ss,user_2c5e1c4d981b,False,1696550400,1,netral,0.7216,netral,tanpa_emoji,netral,hitmaker
l3RiBklg6ss,user_61390cc4b587,False,1696550400,1,positif,0.6014,negatif,negatif,positif,hitmaker
l3RiBklg6ss,user_fa6cf5aeab5a,False,1696550400,2,netral,0.9935,netral,tanpa_emoji,netral,hitmaker
l3RiBklg6ss,user_1ed6b88893a4,False,1696550400,1,negatif,0.9844,negatif,tanpa_emoji,negatif,hitmaker
l3RiBklg6ss,user_4fed4f934952,False,1696550400,0,negatif,0.8878,netral,netral,negatif,hitmaker
l3RiBklg6ss,user_b3cfb74e5961,False,1696550400,2,negatif,0.9941,netral,tanpa_emoji,negatif,hitmaker
l3RiBklg6ss,user_1db19c41edb7,False,1696550400,6,negatif,0.9989,negatif,tanpa_emoji,negatif,hitmaker
l3RiBklg6ss,user_35876000453b,False,1696550400,3,negatif,0.8872,negatif,netral,negatif,hitmaker
l3RiBklg6ss,user_f76ed3538ad7,False,1696550400,3,negatif,0.9994,negatif,tanpa_emoji,negatif,hitmaker
l3RiBklg6ss,user_2f12933aa6a1,False,1696550400,5,negatif,0.8802,negatif,negatif,negatif,hitmaker
l3RiBklg6ss,user_8879b9831abe,False,1696550400,1,negatif,0.9682,negatif,tanpa_emoji,negatif,hitmaker
l3RiBklg6ss,user_78ac2894787d,False,1696550400,1,negatif,0.8815,netral,tanpa_emoji,negatif,hitmaker
l3RiBklg6ss,user_8c673a4ca686,False,1696550400,2,negatif,0.5608,netral,netral,negatif,hitmaker
l3RiBklg6ss,user_10448e7d5db7,False,1696550400,8,positif,0.7515,positif,positif,positif,hitmaker
l3RiBklg6ss,user_70f829f8bc25,False,1696550400,0,positif,0.9547,positif,tanpa_emoji,positif,hitmaker
l3RiBklg6ss,user_71848c323b22,False,1665014400,7,negatif,0.9983,netral,tanpa_emoji,negatif,hitmaker
l3RiBklg6ss,user_120af43a4f65,False,1665014400,2,negatif,0.9033,positif,netral,negatif,hitmaker
l3RiBklg6ss,user_573ee384c1b1,False,1665014400,1,negatif,0.8977,netral,tanpa_emoji,negatif,hitmaker
l3RiBklg6ss,user_fb302781b5be,False,1665014400,0,negatif,0.5201,netral,tanpa_emoji,negatif,hitmaker
l3RiBklg6ss,user_d5b2854141fb,False,1665014400,4,negatif,0.972,netral,tanpa_emoji,negatif,hitmaker
l3RiBklg6ss,user_b177dff3cf1e,False,1665014400,1,negatif,0.6224,netral,tanpa_emoji,negatif,hitmaker
l3RiBklg6ss,user_b999f3c465d3,False,1665014400,2,positif,0.9793,netral,tanpa_emoji,positif,hitmaker
l3RiBklg6ss,user_9a2c5f44448d,False,1665014400,1,negatif,0.8186,netral,tanpa_emoji,negatif,hitmaker
l3RiBklg6ss,user_7bd86a691298,False,1665014400,1,negatif,0.998,netral,netral,negatif,hitmaker
l3RiBklg6ss,user_dc6aece31656,False,1665014400,2,positif,0.9672,netral,tanpa_emoji,positif,hitmaker
l3RiBklg6ss,user_0267ffb97450,False,1665014400,0,negatif,0.9874,netral,tanpa_emoji,negatif,hitmaker
l3RiBklg6ss,user_9fd01468bd13,False,1665014400,2,negatif,0.4158,netral,tanpa_emoji,negatif,hitmaker
l3RiBklg6ss,user_74bb007400d0,False,1665014400,2,negatif,0.9882,positif,tanpa_emoji,negatif,hitmaker
l3RiBklg6ss,user_3e2a17ee8192,False,1665014400,3,negatif,0.797,netral,tanpa_emoji,negatif,hitmaker
l3RiBklg6ss,user_ffc6e4837279,False,1665014400,2,negatif,0.7557,netral,netral,negatif,hitmaker
l3RiBklg6ss,user_f7df3163a07d,False,1665014400,0,negatif,0.6075,netral,tanpa_emoji,negatif,hitmaker
l3RiBklg6ss,user_d5fddef17814,False,1665014400,0,negatif,0.9554,netral,tanpa_emoji,negatif,hitmaker
l3RiBklg6ss,user_74119f672af1,False,1665014400,1,negatif,0.9814,netral,netral,negatif,hitmaker
l3RiBklg6ss,user_44d8ade46514,False,1665014400,0,positif,0.8366,netral,netral,netral,hitmaker
l3RiBklg6ss,user_1b71f5c92794,False,1665014400,0,negatif,0.8685,netral,tanpa_emoji,negatif,hitmaker
l3RiBklg6ss,user_82ea91382ab1,False,1665014400,1,negatif,0.8554,positif,tanpa_emoji,negatif,hitmaker
l3RiBklg6ss,user_ec9fda22ca54,False,1665014400,0,negatif,0.9914,netral,tanpa_emoji,negatif,hitmaker
l3RiBklg6ss,user_7df70d97ebae,False,1665014400,4,negatif,0.9427,netral,tanpa_emoji,negatif,hitmaker
l3RiBklg6ss,user_a4075afb8384,False,1665014400,2,positif,0.9984,positif,positif,positif,hitmaker
l3RiBklg6ss,user_155fc4c7fbd1,False,1665014400,3,negatif,0.5007,negatif,tanpa_emoji,negatif,hitmaker
l3RiBklg6ss,user_2af96fd237b7,False,1665014400,0,negatif,0.9993,netral,tanpa_emoji,negatif,hitmaker
l3RiBklg6ss,user_dae0fe554237,False,1665014400,3,negatif,0.6106,netral,tanpa_emoji,negatif,hitmaker
l3RiBklg6ss,user_81b72b708ddd,False,1665014400,7,positif,0.9934,positif,tanpa_emoji,positif,hitmaker
l3RiBklg6ss,user_60d0a5071cfa,False,1665014400,6,negatif,0.58,netral,netral,negatif,hitmaker
l3RiBklg6ss,user_6fcd0928913e,False,1665014400,5,negatif,0.8425,netral,tanpa_emoji,negatif,hitmaker
l3RiBklg6ss,user_15a194e646ad,False,1665014400,1,negatif,0.8969,netral,netral,netral,hitmaker
l3RiBklg6ss,user_81ae8d222806,False,1665014400,0,negatif,0.9633,netral,tanpa_emoji,negatif,hitmaker
l3RiBklg6ss,user_17bad08c7710,False,1665014400,5,negatif,0.9979,negatif,negatif,negatif,hitmaker
l3RiBklg6ss,user_8eb466437a2e,False,1665014400,1,negatif,0.5272,netral,tanpa_emoji,negatif,hitmaker
l3RiBklg6ss,user_8559267ca20c,False,1665014400,1,negatif,0.9899,netral,tanpa_emoji,negatif,hitmaker
l3RiBklg6ss,user_a65efb4d49d1,False,1665014400,1,positif,0.97,netral,tanpa_emoji,positif,hitmaker
l3RiBklg6ss,user_e3cd3f1c615a,False,1665014400,1,negatif,0.9404,positif,positif,negatif,hitmaker
l3RiBklg6ss,user_5cb10f1fb7db,False,1665014400,4,negatif,0.9991,netral,tanpa_emoji,negatif,hitmaker
l3RiBklg6ss,user_cf38db64a92c,False,1665014400,0,negatif,0.992,netral,tanpa_emoji,negatif,hitmaker
l3RiBklg6ss,user_4021d9cca438,False,1665014400,3,positif,0.9969,positif,positif,positif,hitmaker
l3RiBklg6ss,user_00c330376d4a,False,1665014400,0,negatif,0.5778,netral,tanpa_emoji,negatif,hitmaker
l3RiBklg6ss,user_faebc37e1da1,False,1665014400,0,negatif,0.6589,netral,tanpa_emoji,negatif,hitmaker
l3RiBklg6ss,user_faebc37e1da1,False,1665014400,1,netral,0.7984,netral,tanpa_emoji,netral,hitmaker
l3RiBklg6ss,user_faebc37e1da1,False,1665014400,1,netral,0.8417,netral,tanpa_emoji,netral,hitmaker
l3RiBklg6ss,user_faebc37e1da1,False,1665014400,0,negatif,0.4705,netral,tanpa_emoji,negatif,hitmaker
l3RiBklg6ss,user_4d445d5a1e76,False,1665014400,0,positif,0.4155,netral,netral,positif,hitmaker
l3RiBklg6ss,user_c6b05a66b9a4,False,1665014400,1,negatif,0.9443,netral,tanpa_emoji,negatif,hitmaker
l3RiBklg6ss,user_c6b05a66b9a4,False,1665014400,0,negatif,0.9992,negatif,tanpa_emoji,negatif,hitmaker
l3RiBklg6ss,user_c6b05a66b9a4,False,1665014400,1,positif,0.5827,positif,tanpa_emoji,positif,hitmaker
l3RiBklg6ss,user_f3d301519f8a,False,1665014400,0,netral,0.9433,netral,tanpa_emoji,netral,hitmaker
l3RiBklg6ss,user_97166b5e1a54,False,1665014400,0,negatif,0.6673,netral,tanpa_emoji,negatif,hitmaker
l3RiBklg6ss,user_b8cf43960ced,False,1665014400,2,netral,0.8318,netral,tanpa_emoji,netral,hitmaker
l3RiBklg6ss,user_2433826ea00b,False,1665014400,0,negatif,0.9931,netral,tanpa_emoji,negatif,hitmaker
l3RiBklg6ss,user_e848e38c08c2,False,1665014400,2,negatif,0.7684,positif,tanpa_emoji,negatif,hitmaker
l3RiBklg6ss,user_cb018f56ed34,False,1665014400,5,netral,0.9119,netral,tanpa_emoji,netral,hitmaker
l3RiBklg6ss,user_f8c40e1f6954,False,1665014400,2,positif,0.9676,positif,positif,positif,hitmaker
l3RiBklg6ss,user_c74a4cfd6dd2,False,1665014400,2,negatif,0.9817,negatif,negatif,negatif,hitmaker
l3RiBklg6ss,user_8cfdeb1df3f4,False,1665014400,1,negatif,0.5864,negatif,negatif,negatif,hitmaker
l3RiBklg6ss,user_00f56a72d67f,False,1665014400,3,positif,0.5871,netral,tanpa_emoji,positif,hitmaker
l3RiBklg6ss,user_4d781c592c45,False,1665014400,2,positif,0.3686,netral,tanpa_emoji,positif,hitmaker
l3RiBklg6ss,user_6df226637de6,False,1665014400,2,positif,0.7749,negatif,tanpa_emoji,positif,hitmaker
l3RiBklg6ss,user_40b8acfd5040,False,1665014400,1,negatif,0.9325,netral,tanpa_emoji,negatif,hitmaker
l3RiBklg6ss,user_4ea03003c1a6,False,1665014400,2,negatif,0.4788,negatif,tanpa_emoji,negatif,hitmaker
l3RiBklg6ss,user_db3d0010bdc7,False,1665014400,3,negatif,0.9034,netral,tanpa_emoji,negatif,hitmaker
l3RiBklg6ss,user_fd9fbfa0e942,False,1665014400,0,negatif,0.9156,positif,positif,positif,hitmaker
l3RiBklg6ss,user_518e9f32f464,False,1665014400,2,negatif,0.9983,negatif,tanpa_emoji,negatif,hitmaker
l3RiBklg6ss,user_a101a1113a36,False,1665014400,1,negatif,0.9967,positif,tanpa_emoji,negatif,hitmaker
l3RiBklg6ss,user_477b597bc7ba,False,1665014400,4,negatif,0.905,netral,tanpa_emoji,negatif,hitmaker
l3RiBklg6ss,user_d18ce559f166,False,1665014400,0,netral,0.9211,netral,tanpa_emoji,netral,hitmaker
l3RiBklg6ss,user_d2c62c4b5922,False,1665014400,7,negatif,0.9805,netral,tanpa_emoji,negatif,hitmaker
l3RiBklg6ss,user_e9a49debb9f7,False,1665014400,0,positif,0.868,positif,positif,positif,hitmaker
l3RiBklg6ss,user_b2088624ee76,False,1665014400,2,negatif,0.9969,netral,netral,negatif,hitmaker
l3RiBklg6ss,user_6f11d0e150d2,False,1665014400,1,negatif,0.9869,netral,tanpa_emoji,negatif,hitmaker
l3RiBklg6ss,user_9b146956d7c5,False,1665014400,0,netral,0.6449,netral,tanpa_emoji,netral,hitmaker
l3RiBklg6ss,user_b6c3f74dcf0f,False,1665014400,9,negatif,0.4946,netral,tanpa_emoji,negatif,hitmaker
l3RiBklg6ss,user_090ea9295066,False,1665014400,2,negatif,0.8451,netral,tanpa_emoji,negatif,hitmaker
l3RiBklg6ss,user_31fe7534e2d0,False,1665014400,2,negatif,0.9926,negatif,tanpa_emoji,negatif,hitmaker
l3RiBklg6ss,user_3deb0b5f8a42,False,1665014400,2,negatif,0.9969,netral,tanpa_emoji,negatif,hitmaker
l3RiBklg6ss,user_10a5ff6b1cc2,False,1665014400,1,negatif,0.8872,positif,tanpa_emoji,negatif,hitmaker
l3RiBklg6ss,user_ca1e1ce2474b,False,1665014400,2,positif,0.7435,netral,tanpa_emoji,positif,hitmaker
l3RiBklg6ss,user_2019a8040400,False,1665014400,0,negatif,0.5632,netral,tanpa_emoji,negatif,hitmaker
l3RiBklg6ss,user_3cdf7064915c,False,1665014400,0,negatif,0.8778,netral,tanpa_emoji,negatif,hitmaker
l3RiBklg6ss,user_6a2ec7dc45eb,False,1665014400,4,positif,0.7561,positif,netral,positif,hitmaker
l3RiBklg6ss,user_fc110a0f3ea2,False,1665014400,4,positif,0.9461,netral,tanpa_emoji,positif,hitmaker
l3RiBklg6ss,user_ce2681d246e2,False,1665014400,1,negatif,0.612,positif,positif,negatif,hitmaker
l3RiBklg6ss,user_43908ca1e5d7,False,1665014400,3,negatif,0.9749,netral,tanpa_emoji,negatif,hitmaker
l3RiBklg6ss,user_aeba8bf7fb65,False,1665014400,2,negatif,0.9942,netral,tanpa_emoji,negatif,hitmaker
l3RiBklg6ss,user_52567ff7b80b,False,1665014400,0,negatif,0.9364,netral,netral,netral,hitmaker
l3RiBklg6ss,user_9f9d72a94aa2,False,1665014400,8,positif,0.9781,negatif,tanpa_emoji,positif,hitmaker
l3RiBklg6ss,user_f088c4bd256b,False,1665014400,7,negatif,0.9305,negatif,tanpa_emoji,negatif,hitmaker
l3RiBklg6ss,user_cd0093a41d7e,False,1665014400,5,negatif,0.6735,netral,tanpa_emoji,negatif,hitmaker
l3RiBklg6ss,user_3baad4e271b3,False,1665014400,0,negatif,0.977,negatif,negatif,negatif,hitmaker
l3RiBklg6ss,user_af328b270ea6,False,1665014400,5,negatif,0.9985,positif,tanpa_emoji,negatif,hitmaker
l3RiBklg6ss,user_e9ac7ac0f78c,False,1665014400,0,positif,0.8291,positif,tanpa_emoji,positif,hitmaker
l3RiBklg6ss,user_e9ac7ac0f78c,False,1665014400,3,positif,0.8986,positif,tanpa_emoji,positif,hitmaker
l3RiBklg6ss,user_ecb7c0cce1e8,False,1665014400,2,positif,0.9971,positif,tanpa_emoji,positif,hitmaker
l3RiBklg6ss,user_21b56447d2b9,False,1665014400,0,netral,0.9707,netral,tanpa_emoji,netral,hitmaker
l3RiBklg6ss,user_bfd7ac2faf0e,False,1665014400,1,positif,0.9964,positif,tanpa_emoji,positif,hitmaker
l3RiBklg6ss,user_eb9b98e35dc1,False,1665014400,5,negatif,0.7884,netral,tanpa_emoji,negatif,hitmaker
l3RiBklg6ss,user_bbd6621ccb97,False,1665014400,2,netral,0.9127,positif,tanpa_emoji,netral,hitmaker
l3RiBklg6ss,user_6d29aea988b2,False,1665014400,2,negatif,0.8802,negatif,tanpa_emoji,negatif,hitmaker
l3RiBklg6ss,user_e8e60d2308e8,False,1665014400,3,negatif,0.6597,positif,tanpa_emoji,negatif,hitmaker
l3RiBklg6ss,user_e8e60d2308e8,False,1665014400,0,negatif,0.6597,positif,tanpa_emoji,negatif,hitmaker
l3RiBklg6ss,user_17c2460ea41a,False,1665014400,4,negatif,0.9865,netral,netral,negatif,hitmaker
l3RiBklg6ss,user_bf09184bb21d,False,1665014400,4,netral,0.8614,netral,tanpa_emoji,netral,hitmaker
l3RiBklg6ss,user_f6b882583b9b,False,1665014400,1,negatif,0.9943,netral,netral,negatif,hitmaker
l3RiBklg6ss,user_14d079b6dabb,False,1665014400,2,negatif,0.8145,netral,tanpa_emoji,negatif,hitmaker
l3RiBklg6ss,user_0c4ffa5778c8,False,1665014400,0,negatif,0.9755,netral,tanpa_emoji,negatif,hitmaker
l3RiBklg6ss,user_f2ddd6db37ab,False,1665014400,2,positif,0.8337,positif,tanpa_emoji,positif,hitmaker
l3RiBklg6ss,user_03bb7c932c84,False,1665014400,2,positif,0.767,positif,tanpa_emoji,positif,hitmaker
l3RiBklg6ss,user_d6c941f0346c,False,1665014400,4,negatif,0.6375,positif,tanpa_emoji,negatif,hitmaker
l3RiBklg6ss,user_8b85bf7ec940,False,1665014400,4,negatif,0.9976,positif,tanpa_emoji,negatif,hitmaker
l3RiBklg6ss,user_9ae9188cdf49,False,1665014400,2,positif,0.8573,netral,tanpa_emoji,positif,hitmaker
l3RiBklg6ss,user_ba3d65631daf,False,1665014400,5,negatif,0.9941,positif,positif,negatif,hitmaker
l3RiBklg6ss,user_e222e085b513,False,1665014400,0,negatif,0.999,negatif,tanpa_emoji,negatif,hitmaker
l3RiBklg6ss,user_f33407f4f252,False,1665014400,1,positif,0.9335,netral,tanpa_emoji,positif,hitmaker
l3RiBklg6ss,user_e1a11047a4b7,False,1665014400,1,negatif,0.9929,positif,tanpa_emoji,negatif,hitmaker
l3RiBklg6ss,user_e10cc7fbfc83,False,1665014400,1,positif,0.9925,positif,tanpa_emoji,positif,hitmaker
l3RiBklg6ss,user_bd827c69594b,False,1665014400,0,negatif,0.4762,netral,tanpa_emoji,negatif,hitmaker
l3RiBklg6ss,user_668f8de186b1,False,1665014400,0,positif,0.978,positif,netral,positif,hitmaker
l3RiBklg6ss,user_03edf854341f,False,1665014400,0,netral,0.8541,netral,tanpa_emoji,netral,hitmaker
l3RiBklg6ss,user_fdab5771fc37,False,1665014400,1,negatif,0.9949,positif,tanpa_emoji,negatif,hitmaker
l3RiBklg6ss,user_9f968bdf7646,False,1665014400,0,netral,0.9243,netral,tanpa_emoji,netral,hitmaker
l3RiBklg6ss,user_68a747b8b74a,False,1665014400,0,positif,0.9237,positif,tanpa_emoji,positif,hitmaker
l3RiBklg6ss,user_7e8972108e68,False,1665014400,0,positif,0.9984,positif,tanpa_emoji,positif,hitmaker
l3RiBklg6ss,user_4a9ab26f4fad,False,1665014400,1,negatif,0.9985,netral,netral,negatif,hitmaker
l3RiBklg6ss,user_7e5ca314c03f,False,1665014400,2,negatif,0.5217,positif,tanpa_emoji,negatif,hitmaker
l3RiBklg6ss,user_7da3aed3b9b8,False,1665014400,2,negatif,0.9112,negatif,tanpa_emoji,negatif,hitmaker
l3RiBklg6ss,user_e7bd044cb1b5,False,1665014400,4,netral,0.9415,netral,tanpa_emoji,netral,hitmaker
l3RiBklg6ss,user_b940b7049d5f,False,1665014400,0,negatif,0.9093,netral,netral,negatif,hitmaker
l3RiBklg6ss,user_5c4a00ce4278,False,1665014400,0,negatif,0.7027,netral,tanpa_emoji,negatif,hitmaker
l3RiBklg6ss,user_8dda33c1803a,False,1665014400,3,negatif,0.9983,negatif,tanpa_emoji,negatif,hitmaker
l3RiBklg6ss,user_b7791477658e,False,1665014400,0,positif,0.9921,netral,tanpa_emoji,positif,hitmaker
l3RiBklg6ss,user_f7e641e21733,False,1665014400,1,negatif,0.5256,positif,tanpa_emoji,negatif,hitmaker
l3RiBklg6ss,user_dfbb00746e14,False,1665014400,0,negatif,0.5897,netral,tanpa_emoji,negatif,hitmaker
l3RiBklg6ss,user_d9285828bd19,False,1665014400,5,netral,0.5008,netral,tanpa_emoji,netral,hitmaker
l3RiBklg6ss,user_d9285828bd19,False,1665014400,3,positif,0.998,positif,tanpa_emoji,positif,hitmaker
l3RiBklg6ss,user_c4b2140d71c9,False,1665014400,3,negatif,0.9831,netral,tanpa_emoji,negatif,hitmaker
l3RiBklg6ss,user_e9e606b6a961,False,1665014400,3,negatif,0.6417,positif,tanpa_emoji,negatif,hitmaker
l3RiBklg6ss,user_77222a9a22d7,False,1665014400,1,negatif,0.9469,netral,tanpa_emoji,negatif,hitmaker
l3RiBklg6ss,user_ca396be348d5,False,1665014400,6,netral,0.9199,netral,tanpa_emoji,netral,hitmaker
l3RiBklg6ss,user_19ad34a97166,False,1665014400,1,netral,0.9877,netral,tanpa_emoji,netral,hitmaker
l3RiBklg6ss,user_334f0b0fa718,False,1665014400,4,netral,0.735,netral,tanpa_emoji,netral,hitmaker
l3RiBklg6ss,user_31e4ad0c4f53,False,1665014400,8,positif,0.9946,positif,positif,positif,hitmaker
l3RiBklg6ss,user_8fa1b616a239,False,1665014400,9,positif,0.9964,positif,tanpa_emoji,positif,hitmaker
l3RiBklg6ss,user_e0b38a387b0d,False,1665014400,3,positif,0.7004,positif,positif,positif,hitmaker
l3RiBklg6ss,user_76f8435e3918,False,1665014400,4,negatif,0.8243,netral,netral,negatif,hitmaker
mBxFc3uPKCg,user_36543114bfdb,False,1785974400,0,netral,0.8214,netral,tanpa_emoji,netral,hitmaker
mBxFc3uPKCg,user_f0146b91d44a,False,1759708800,0,netral,0.9678,netral,tanpa_emoji,netral,hitmaker
mBxFc3uPKCg,user_f0146b91d44a,False,1759708800,0,netral,0.991,netral,tanpa_emoji,netral,hitmaker
mBxFc3uPKCg,user_e2d1cbbb0a1c,False,1728172800,0,netral,0.5472,netral,tanpa_emoji,netral,hitmaker
mBxFc3uPKCg,user_e2d1cbbb0a1c,False,1728172800,0,netral,0.8569,netral,tanpa_emoji,netral,hitmaker
mBxFc3uPKCg,user_cc8bb34687b2,False,1728172800,0,netral,0.7219,netral,tanpa_emoji,netral,hitmaker
mBxFc3uPKCg,user_ac8ef05337b8,False,1728172800,2,negatif,0.8523,negatif,tanpa_emoji,negatif,hitmaker
mBxFc3uPKCg,user_ac8ef05337b8,True,1728172800,1,negatif,0.8761,netral,tanpa_emoji,negatif,hitmaker
mBxFc3uPKCg,user_30b83a91b810,True,1728172800,1,negatif,0.6139,netral,tanpa_emoji,negatif,hitmaker
mBxFc3uPKCg,user_ac8ef05337b8,True,1728172800,1,netral,0.6558,netral,tanpa_emoji,netral,hitmaker
mBxFc3uPKCg,user_ac8ef05337b8,True,1728172800,1,negatif,0.9567,netral,tanpa_emoji,negatif,hitmaker
mBxFc3uPKCg,user_ac8ef05337b8,True,1728172800,0,netral,0.9422,netral,tanpa_emoji,netral,hitmaker
mBxFc3uPKCg,user_c5ba99efc4aa,True,1759708800,0,negatif,0.9915,netral,tanpa_emoji,negatif,hitmaker
mBxFc3uPKCg,user_f72898ca223e,False,1728172800,0,netral,0.5239,netral,tanpa_emoji,netral,hitmaker
mBxFc3uPKCg,user_d1c176f66dc8,False,1728172800,0,negatif,0.9906,negatif,tanpa_emoji,negatif,hitmaker
mBxFc3uPKCg,user_080831724a3b,False,1728172800,0,positif,0.8686,netral,tanpa_emoji,positif,hitmaker
mBxFc3uPKCg,user_283fea6798ea,False,1728172800,0,netral,0.9833,positif,positif,netral,hitmaker
mBxFc3uPKCg,user_1dd11a112d6b,False,1728172800,0,negatif,0.9991,negatif,tanpa_emoji,negatif,hitmaker
mBxFc3uPKCg,user_0627a5876a30,False,1728172800,0,positif,0.9903,positif,tanpa_emoji,positif,hitmaker
mBxFc3uPKCg,user_c2c425131502,False,1728172800,1,positif,0.4589,positif,positif,positif,hitmaker
mBxFc3uPKCg,user_3bdb5cb81255,False,1728172800,1,positif,0.9892,positif,tanpa_emoji,positif,hitmaker
mBxFc3uPKCg,user_b959d3fe7cc0,False,1728172800,2,positif,0.9965,positif,tanpa_emoji,positif,hitmaker
mBxFc3uPKCg,user_85c4905d6fb1,True,1728172800,1,positif,0.5592,positif,tanpa_emoji,positif,hitmaker
mBxFc3uPKCg,user_c2c425131502,True,1728172800,1,negatif,0.6709,netral,netral,negatif,hitmaker
mBxFc3uPKCg,user_b959d3fe7cc0,True,1728172800,0,negatif,0.6608,positif,tanpa_emoji,negatif,hitmaker
mBxFc3uPKCg,user_2591a1769607,False,1728172800,1,negatif,0.9515,netral,netral,negatif,hitmaker
mBxFc3uPKCg,user_4b29b0ffe97f,False,1728172800,1,negatif,0.5296,positif,netral,negatif,hitmaker
mBxFc3uPKCg,user_80bed49dfed2,False,1728172800,0,negatif,0.9939,netral,tanpa_emoji,negatif,hitmaker
mBxFc3uPKCg,user_e32b6371e876,False,1728172800,0,negatif,0.986,netral,tanpa_emoji,negatif,hitmaker
mBxFc3uPKCg,user_53accdaf628c,False,1728172800,0,negatif,0.7262,netral,tanpa_emoji,negatif,hitmaker
mBxFc3uPKCg,user_8c5e8219d950,False,1728172800,0,positif,0.9859,netral,tanpa_emoji,positif,hitmaker
mBxFc3uPKCg,user_e76ae7b0e0b6,False,1728172800,0,negatif,0.9889,positif,netral,negatif,hitmaker
mBxFc3uPKCg,user_6f1d8bac8854,False,1728172800,0,positif,0.8949,positif,tanpa_emoji,positif,hitmaker
mBxFc3uPKCg,user_a3685d876300,False,1696550400,1,positif,0.9981,positif,tanpa_emoji,positif,hitmaker
mBxFc3uPKCg,user_5b247b0725e4,False,1696550400,0,positif,0.4864,positif,positif,positif,hitmaker
mBxFc3uPKCg,user_23fd23285152,False,1696550400,4,positif,0.9922,positif,tanpa_emoji,positif,hitmaker
mBxFc3uPKCg,user_0b85a4976a37,False,1696550400,4,positif,0.672,positif,positif,positif,hitmaker
mBxFc3uPKCg,user_a556291943b1,False,1696550400,0,negatif,0.8945,netral,netral,negatif,hitmaker
mBxFc3uPKCg,user_8de085a660ba,False,1696550400,1,negatif,0.5429,negatif,netral,negatif,hitmaker
mBxFc3uPKCg,user_11b4c5e62fdb,True,1696550400,0,negatif,0.8302,netral,tanpa_emoji,negatif,hitmaker
mBxFc3uPKCg,user_69af7ef73dfd,False,1696550400,0,negatif,0.9517,negatif,tanpa_emoji,negatif,hitmaker
mBxFc3uPKCg,user_d44c2bb1c699,False,1696550400,0,negatif,0.9812,netral,tanpa_emoji,negatif,hitmaker
mBxFc3uPKCg,user_b4de00ca67f7,False,1696550400,2,positif,0.999,positif,positif,positif,hitmaker
mBxFc3uPKCg,user_b4de00ca67f7,True,1696550400,0,positif,0.9971,positif,tanpa_emoji,positif,hitmaker
mBxFc3uPKCg,user_b4de00ca67f7,False,1696550400,2,positif,0.988,positif,tanpa_emoji,positif,hitmaker
mBxFc3uPKCg,user_a124387d699e,False,1696550400,1,positif,0.7396,positif,tanpa_emoji,positif,hitmaker
mBxFc3uPKCg,user_a124387d699e,True,1696550400,0,positif,0.9926,positif,tanpa_emoji,positif,hitmaker
mBxFc3uPKCg,user_b4de00ca67f7,True,1696550400,0,positif,0.7371,netral,tanpa_emoji,positif,hitmaker
mBxFc3uPKCg,user_3af775d33335,False,1696550400,1,positif,0.991,positif,netral,positif,hitmaker
mBxFc3uPKCg,user_49361715c14f,False,1696550400,2,netral,0.8592,netral,tanpa_emoji,netral,hitmaker
mBxFc3uPKCg,user_e1106b1bead6,False,1696550400,0,negatif,0.9419,netral,tanpa_emoji,negatif,hitmaker
mBxFc3uPKCg,user_6b88f850ee7f,False,1696550400,0,positif,0.8262,netral,tanpa_emoji,positif,hitmaker
mBxFc3uPKCg,user_98a14fd41cf8,False,1696550400,0,positif,0.9929,positif,positif,positif,hitmaker
mBxFc3uPKCg,user_f58898e772ae,False,1696550400,2,negatif,0.7691,positif,netral,negatif,hitmaker
mBxFc3uPKCg,user_3696308df042,False,1696550400,0,negatif,0.8191,negatif,tanpa_emoji,negatif,hitmaker
mBxFc3uPKCg,user_e2087e7c22ba,False,1696550400,4,positif,0.8871,positif,netral,positif,hitmaker
mBxFc3uPKCg,user_f5a23eb3e48b,False,1696550400,0,positif,0.8379,positif,positif,positif,hitmaker
mBxFc3uPKCg,user_70b89b7d4a45,False,1696550400,0,negatif,0.7096,positif,tanpa_emoji,negatif,hitmaker
mBxFc3uPKCg,user_d119544a9615,False,1696550400,0,positif,0.8291,positif,tanpa_emoji,positif,hitmaker
mBxFc3uPKCg,user_5bc59501aa73,False,1696550400,0,positif,0.9931,positif,positif,positif,hitmaker
mBxFc3uPKCg,user_e5f6af4c1190,False,1696550400,2,positif,0.9739,positif,tanpa_emoji,positif,hitmaker
mBxFc3uPKCg,user_d618c596781b,False,1696550400,0,positif,0.7892,netral,tanpa_emoji,positif,hitmaker
mBxFc3uPKCg,user_c4f69105a1ac,False,1696550400,2,netral,0.9536,netral,tanpa_emoji,netral,hitmaker
mBxFc3uPKCg,user_f5e6685becb5,False,1696550400,0,negatif,0.8849,netral,netral,negatif,hitmaker
mBxFc3uPKCg,user_ae4e2f19e655,False,1696550400,2,negatif,0.7114,netral,netral,negatif,hitmaker
mBxFc3uPKCg,user_b8fc3e3d26ac,False,1696550400,2,negatif,0.9882,netral,netral,negatif,hitmaker
mBxFc3uPKCg,user_4d7e0eb8fe9c,False,1696550400,1,positif,0.8213,positif,positif,positif,hitmaker
mBxFc3uPKCg,user_d690e75f1cdd,False,1696550400,4,negatif,0.9616,netral,tanpa_emoji,negatif,hitmaker
mBxFc3uPKCg,user_ad3f26a7e5f6,True,1728172800,1,positif,0.9579,negatif,tanpa_emoji,positif,hitmaker
mBxFc3uPKCg,user_aca3a447213f,False,1696550400,0,negatif,0.4878,netral,tanpa_emoji,negatif,hitmaker
mBxFc3uPKCg,user_5bba39f8f9a0,False,1696550400,0,positif,0.9943,positif,tanpa_emoji,positif,hitmaker
mBxFc3uPKCg,user_20ea23a43ae2,False,1696550400,2,positif,0.9211,positif,tanpa_emoji,positif,hitmaker
mBxFc3uPKCg,user_f45894b9be30,False,1696550400,2,negatif,0.9814,positif,tanpa_emoji,negatif,hitmaker
mBxFc3uPKCg,user_d700cf829949,False,1696550400,0,netral,0.9865,netral,tanpa_emoji,netral,hitmaker
mBxFc3uPKCg,user_b4de00ca67f7,True,1696550400,0,netral,0.9891,netral,tanpa_emoji,netral,hitmaker
mBxFc3uPKCg,user_9ade6128b5e5,False,1696550400,1,netral,0.6554,netral,tanpa_emoji,netral,hitmaker
mBxFc3uPKCg,user_10388fa34d7e,False,1696550400,0,positif,0.9818,netral,tanpa_emoji,positif,hitmaker
mBxFc3uPKCg,user_14284041aa63,False,1696550400,0,netral,0.6072,netral,tanpa_emoji,netral,hitmaker
mBxFc3uPKCg,user_364f6c7a058d,False,1696550400,0,negatif,0.6686,netral,tanpa_emoji,negatif,hitmaker
mBxFc3uPKCg,user_b4de00ca67f7,True,1696550400,0,netral,0.7466,netral,tanpa_emoji,netral,hitmaker
mBxFc3uPKCg,user_ddfbb3c5bc7a,False,1696550400,0,positif,0.9711,positif,netral,positif,hitmaker
mBxFc3uPKCg,user_20c7cb58bcb9,False,1696550400,0,positif,0.8007,positif,tanpa_emoji,positif,hitmaker
mBxFc3uPKCg,user_df0cb34b48f5,False,1696550400,0,negatif,0.6064,negatif,tanpa_emoji,negatif,hitmaker
mBxFc3uPKCg,user_9d917acc40d8,False,1696550400,0,netral,0.8306,netral,tanpa_emoji,netral,hitmaker
mBxFc3uPKCg,user_895c227fcafc,False,1696550400,0,netral,0.8807,netral,tanpa_emoji,netral,hitmaker
mBxFc3uPKCg,user_f20996eaed53,False,1696550400,0,netral,0.9765,netral,tanpa_emoji,netral,hitmaker
mBxFc3uPKCg,user_3fdab143642f,False,1696550400,2,positif,0.9913,positif,tanpa_emoji,positif,hitmaker
mBxFc3uPKCg,user_7b9ff7d79b5c,False,1696550400,0,positif,0.8931,positif,tanpa_emoji,positif,hitmaker
mBxFc3uPKCg,user_191bf2736930,False,1696550400,0,positif,0.7698,positif,tanpa_emoji,positif,hitmaker
mBxFc3uPKCg,user_9abe86e4b1bb,False,1696550400,0,negatif,0.9458,netral,tanpa_emoji,negatif,hitmaker
mBxFc3uPKCg,user_b4de00ca67f7,True,1696550400,0,netral,0.4934,netral,tanpa_emoji,netral,hitmaker
mBxFc3uPKCg,user_52646077eaed,False,1696550400,2,positif,0.965,positif,tanpa_emoji,positif,hitmaker
mBxFc3uPKCg,user_52646077eaed,False,1696550400,0,positif,0.8901,positif,tanpa_emoji,positif,hitmaker
mBxFc3uPKCg,user_b4de00ca67f7,False,1696550400,2,positif,0.9894,positif,positif,positif,hitmaker
mBxFc3uPKCg,user_b4de00ca67f7,False,1696550400,1,positif,0.9926,positif,positif,positif,hitmaker
mBxFc3uPKCg,user_117ec9d131a9,False,1696550400,0,positif,0.9986,positif,tanpa_emoji,positif,hitmaker
mBxFc3uPKCg,user_ecb5610a949e,False,1696550400,0,positif,0.9792,positif,positif,positif,hitmaker
mBxFc3uPKCg,user_b4de00ca67f7,True,1696550400,0,positif,0.9928,positif,positif,positif,hitmaker
mBxFc3uPKCg,user_31134a270e50,False,1696550400,0,netral,0.9595,netral,tanpa_emoji,netral,hitmaker
mBxFc3uPKCg,user_c544d9ac9998,False,1696550400,0,negatif,0.8577,negatif,tanpa_emoji,negatif,hitmaker
mBxFc3uPKCg,user_033944d22d97,False,1696550400,0,negatif,0.9776,netral,tanpa_emoji,negatif,hitmaker
mBxFc3uPKCg,user_3a54f25f0bdb,False,1696550400,3,negatif,0.8301,positif,positif,negatif,hitmaker
mBxFc3uPKCg,user_3a54f25f0bdb,False,1696550400,8,positif,0.9512,positif,positif,positif,hitmaker
mBxFc3uPKCg,user_09a3bd38ce19,False,1696550400,0,positif,0.58,netral,tanpa_emoji,positif,hitmaker
mBxFc3uPKCg,user_b4de00ca67f7,False,1696550400,5,positif,0.9981,positif,positif,positif,hitmaker
mBxFc3uPKCg,user_2a9b2b0f6cc5,False,1696550400,0,positif,0.9169,positif,tanpa_emoji,positif,hitmaker
mBxFc3uPKCg,user_b4de00ca67f7,False,1696550400,12,positif,0.988,positif,positif,positif,hitmaker
mBxFc3uPKCg,user_d4c19042c95e,False,1696550400,0,positif,0.8125,positif,positif,positif,hitmaker
mBxFc3uPKCg,user_8d863075a78a,False,1696550400,0,netral,0.9898,netral,tanpa_emoji,netral,hitmaker
mBxFc3uPKCg,user_b628a4ccf7d6,False,1696550400,0,positif,0.9644,positif,tanpa_emoji,positif,hitmaker
mBxFc3uPKCg,user_b4de00ca67f7,True,1696550400,0,positif,0.9823,positif,tanpa_emoji,positif,hitmaker
mBxFc3uPKCg,user_2b9ce79db5ae,False,1696550400,0,negatif,0.9957,netral,tanpa_emoji,negatif,hitmaker
mBxFc3uPKCg,user_9a2a02655cee,False,1696550400,0,negatif,0.9787,positif,positif,negatif,hitmaker
mBxFc3uPKCg,user_8d9ac7ac4a24,False,1696550400,0,negatif,0.8768,netral,netral,netral,hitmaker
mBxFc3uPKCg,user_7bf98bd9b0b6,False,1696550400,5,positif,0.9865,positif,positif,positif,hitmaker
mBxFc3uPKCg,user_b4de00ca67f7,True,1696550400,0,positif,0.9987,positif,positif,positif,hitmaker
mBxFc3uPKCg,user_a553c22c38bf,False,1696550400,0,netral,0.6286,negatif,tanpa_emoji,netral,hitmaker
mBxFc3uPKCg,user_7eae4febd4cf,False,1696550400,0,negatif,0.9734,netral,netral,netral,hitmaker
mBxFc3uPKCg,user_76d4db3e1931,False,1696550400,0,positif,0.9393,positif,tanpa_emoji,positif,hitmaker
mBxFc3uPKCg,user_12c00f7d41d7,False,1696550400,1,positif,0.999,positif,tanpa_emoji,positif,hitmaker
mBxFc3uPKCg,user_884ffed10b4e,False,1696550400,0,negatif,0.9987,netral,netral,negatif,hitmaker
mBxFc3uPKCg,user_a124387d699e,False,1696550400,3,positif,0.9898,positif,positif,positif,hitmaker
mBxFc3uPKCg,user_4c086d6675d3,False,1696550400,0,positif,0.9937,positif,tanpa_emoji,positif,hitmaker
mBxFc3uPKCg,user_b4de00ca67f7,True,1696550400,2,positif,0.9984,positif,positif,positif,hitmaker
mBxFc3uPKCg,user_4c086d6675d3,True,1696550400,0,netral,0.9871,netral,tanpa_emoji,netral,hitmaker
mBxFc3uPKCg,user_91cf260ffa36,False,1696550400,0,negatif,0.8808,positif,tanpa_emoji,negatif,hitmaker
mBxFc3uPKCg,user_cdbbd92beb2e,False,1696550400,0,negatif,0.9976,netral,tanpa_emoji,negatif,hitmaker
mBxFc3uPKCg,user_6d400621ef51,False,1696550400,1,positif,0.9739,netral,tanpa_emoji,positif,hitmaker
mBxFc3uPKCg,user_8d9ac7ac4a24,True,1696550400,0,negatif,0.7945,netral,tanpa_emoji,negatif,hitmaker
mBxFc3uPKCg,user_96e8c02c93fc,False,1696550400,1,negatif,0.9684,netral,tanpa_emoji,negatif,hitmaker
mBxFc3uPKCg,user_e8879a04491e,False,1696550400,4,negatif,0.7419,positif,positif,negatif,hitmaker
mBxFc3uPKCg,user_b4de00ca67f7,True,1696550400,0,positif,0.9836,positif,tanpa_emoji,positif,hitmaker
mBxFc3uPKCg,user_76f783733433,False,1696550400,3,positif,0.9935,positif,positif,positif,hitmaker
mBxFc3uPKCg,user_50f450ab5d53,False,1696550400,0,negatif,0.6201,netral,tanpa_emoji,negatif,hitmaker
mBxFc3uPKCg,user_583d55c59ff9,False,1696550400,0,negatif,0.9687,positif,netral,negatif,hitmaker
mBxFc3uPKCg,user_4a2d2a7d0f14,False,1696550400,0,negatif,0.5259,netral,tanpa_emoji,negatif,hitmaker
mBxFc3uPKCg,user_b4de00ca67f7,True,1696550400,0,netral,0.9854,netral,tanpa_emoji,netral,hitmaker
mBxFc3uPKCg,user_80c054c4c251,False,1696550400,1,positif,0.9913,netral,tanpa_emoji,positif,hitmaker
mBxFc3uPKCg,user_16966ac0b054,False,1696550400,1,positif,0.9963,positif,tanpa_emoji,positif,hitmaker
mBxFc3uPKCg,user_16966ac0b054,True,1696550400,0,negatif,0.6909,netral,netral,negatif,hitmaker
mBxFc3uPKCg,user_b4de00ca67f7,False,1696550400,53,positif,0.9745,positif,positif,positif,hitmaker
mBxFc3uPKCg,user_77763712af58,True,1696550400,0,netral,0.4573,netral,tanpa_emoji,netral,hitmaker
mBxFc3uPKCg,user_9f0c1409c5f7,True,1696550400,0,negatif,0.9889,netral,tanpa_emoji,negatif,hitmaker
mBxFc3uPKCg,user_b7543c42ef56,False,1696550400,0,positif,0.72,positif,tanpa_emoji,positif,hitmaker
mBxFc3uPKCg,user_b4de00ca67f7,True,1696550400,0,netral,0.8684,netral,tanpa_emoji,netral,hitmaker
mBxFc3uPKCg,user_b7543c42ef56,True,1696550400,0,netral,0.9724,netral,netral,netral,hitmaker
mBxFc3uPKCg,user_b4de00ca67f7,True,1696550400,0,netral,0.5941,netral,tanpa_emoji,netral,hitmaker
mBxFc3uPKCg,user_b7543c42ef56,True,1696550400,0,negatif,0.5441,netral,tanpa_emoji,negatif,hitmaker
mBxFc3uPKCg,user_aa0eb95f6408,True,1696550400,0,netral,0.8765,netral,netral,netral,hitmaker
mBxFc3uPKCg,user_b7543c42ef56,True,1696550400,0,negatif,0.5188,netral,tanpa_emoji,negatif,hitmaker
mBxFc3uPKCg,user_b4de00ca67f7,True,1696550400,0,positif,0.7924,netral,tanpa_emoji,positif,hitmaker
mBxFc3uPKCg,user_b4de00ca67f7,True,1696550400,0,negatif,0.7835,positif,positif,negatif,hitmaker
mBxFc3uPKCg,user_b7543c42ef56,True,1696550400,0,negatif,0.9869,netral,tanpa_emoji,negatif,hitmaker
mBxFc3uPKCg,user_96f01fe9863a,True,1696550400,0,netral,0.9195,netral,tanpa_emoji,netral,hitmaker
mBxFc3uPKCg,user_b4de00ca67f7,True,1696550400,0,positif,0.9897,positif,positif,positif,hitmaker
mBxFc3uPKCg,user_80c054c4c251,True,1696550400,0,negatif,0.9379,positif,netral,negatif,hitmaker
mBxFc3uPKCg,user_b4de00ca67f7,False,1696550400,11,positif,0.9983,positif,positif,positif,hitmaker
mBxFc3uPKCg,user_d74882b05283,False,1696550400,4,negatif,0.9958,netral,tanpa_emoji,negatif,hitmaker
mBxFc3uPKCg,user_2c17c9d4cbe7,True,1696550400,0,negatif,0.9308,netral,tanpa_emoji,negatif,hitmaker
mBxFc3uPKCg,user_96f01fe9863a,True,1696550400,0,negatif,0.9934,netral,tanpa_emoji,negatif,hitmaker
mBxFc3uPKCg,user_22ea7f41a726,False,1696550400,1,negatif,0.9879,netral,tanpa_emoji,negatif,hitmaker
mBxFc3uPKCg,user_80c054c4c251,True,1696550400,0,negatif,0.9945,netral,tanpa_emoji,negatif,hitmaker
mBxFc3uPKCg,user_96f01fe9863a,True,1696550400,0,negatif,0.9934,netral,tanpa_emoji,negatif,hitmaker
mBxFc3uPKCg,user_d99bf9a5cf8d,False,1696550400,3,positif,0.9163,positif,tanpa_emoji,positif,hitmaker
mBxFc3uPKCg,user_96f01fe9863a,True,1696550400,1,negatif,0.9907,netral,tanpa_emoji,negatif,hitmaker
mBxFc3uPKCg,user_45c6d3559a7d,False,1696550400,1,negatif,0.5044,positif,tanpa_emoji,negatif,hitmaker
mBxFc3uPKCg,user_f1d421bb4744,False,1696550400,2,negatif,0.8011,netral,tanpa_emoji,negatif,hitmaker
mBxFc3uPKCg,user_96f01fe9863a,True,1696550400,0,negatif,0.9907,netral,tanpa_emoji,negatif,hitmaker
mBxFc3uPKCg,user_b4de00ca67f7,False,1696550400,25,positif,0.9979,positif,tanpa_emoji,positif,hitmaker
mBxFc3uPKCg,user_b4de00ca67f7,False,1696550400,12,positif,0.9962,positif,tanpa_emoji,positif,hitmaker
mBxFc3uPKCg,user_539e7647ddfb,False,1696550400,1,netral,0.904,netral,tanpa_emoji,netral,hitmaker
mBxFc3uPKCg,user_84ac697d0d91,False,1696550400,0,negatif,0.9594,positif,tanpa_emoji,negatif,hitmaker
mBxFc3uPKCg,user_98d6dd150e58,False,1696550400,0,negatif,0.9445,negatif,tanpa_emoji,negatif,hitmaker
mBxFc3uPKCg,user_96f01fe9863a,True,1696550400,0,negatif,0.9934,netral,tanpa_emoji,negatif,hitmaker
mBxFc3uPKCg,user_98d6dd150e58,True,1696550400,0,netral,0.7972,netral,tanpa_emoji,netral,hitmaker
mBxFc3uPKCg,user_b4de00ca67f7,False,1696550400,40,positif,0.998,positif,positif,positif,hitmaker
mBxFc3uPKCg,user_8de085a660ba,True,1696550400,0,negatif,0.8728,netral,tanpa_emoji,negatif,hitmaker
mBxFc3uPKCg,user_07de1ed23a85,True,1696550400,0,negatif,0.5955,netral,tanpa_emoji,negatif,hitmaker
mBxFc3uPKCg,user_b4de00ca67f7,False,1696550400,12,positif,0.9442,positif,positif,positif,hitmaker
mBxFc3uPKCg,user_b4de00ca67f7,False,1696550400,7,netral,0.9212,positif,positif,netral,hitmaker
mBxFc3uPKCg,user_b4de00ca67f7,True,1696550400,0,positif,0.9856,positif,positif,positif,hitmaker
mBxFc3uPKCg,user_b4de00ca67f7,False,1696550400,9,positif,0.9986,positif,positif,positif,hitmaker
mBxFc3uPKCg,user_b5bb92ec2884,True,1696550400,1,negatif,0.9515,positif,netral,negatif,hitmaker
mBxFc3uPKCg,user_96f01fe9863a,True,1696550400,1,negatif,0.9678,positif,positif,negatif,hitmaker
mBxFc3uPKCg,user_eb79fb79b441,True,1696550400,1,positif,0.518,positif,netral,positif,hitmaker
mBxFc3uPKCg,user_96f01fe9863a,True,1696550400,0,negatif,0.5667,positif,positif,positif,hitmaker
mBxFc3uPKCg,user_eb79fb79b441,True,1696550400,1,positif,0.6963,positif,tanpa_emoji,positif,hitmaker
mBxFc3uPKCg,user_e9b5ef6bd344,False,1696550400,2,negatif,0.9965,netral,tanpa_emoji,negatif,hitmaker
mBxFc3uPKCg,user_a927bee73df8,False,1696550400,0,negatif,0.993,positif,tanpa_emoji,negatif,hitmaker
mBxFc3uPKCg,user_96f01fe9863a,True,1696550400,0,negatif,0.6848,positif,tanpa_emoji,negatif,hitmaker
mBxFc3uPKCg,user_a927bee73df8,True,1696550400,0,negatif,0.9037,netral,netral,negatif,hitmaker
mBxFc3uPKCg,user_b5f10c3a3b74,False,1696550400,0,netral,0.8289,netral,tanpa_emoji,netral,hitmaker
mBxFc3uPKCg,user_af89d8432fad,False,1696550400,0,negatif,0.9305,netral,tanpa_emoji,negatif,hitmaker
mBxFc3uPKCg,user_daafe933bc1f,False,1696550400,0,negatif,0.6947,netral,tanpa_emoji,negatif,hitmaker
mBxFc3uPKCg,user_9a095fc1743a,False,1696550400,2,positif,0.9152,positif,tanpa_emoji,positif,hitmaker
mBxFc3uPKCg,user_9a095fc1743a,False,1696550400,1,positif,0.5139,positif,tanpa_emoji,positif,hitmaker
mBxFc3uPKCg,user_b4de00ca67f7,True,1696550400,0,positif,0.9963,positif,positif,positif,hitmaker
mBxFc3uPKCg,user_c7aea0ae8f2f,False,1696550400,0,negatif,0.9904,netral,tanpa_emoji,negatif,hitmaker
mBxFc3uPKCg,user_29c17772d0e4,False,1696550400,6,positif,0.9833,positif,positif,positif,hitmaker
mBxFc3uPKCg,user_d79f3740ec88,False,1696550400,0,positif,0.7637,netral,tanpa_emoji,positif,hitmaker
mBxFc3uPKCg,user_c5ba99efc4aa,False,1696550400,1,positif,0.9891,positif,positif,positif,hitmaker
mBxFc3uPKCg,user_b1e5787ee24c,False,1696550400,1,negatif,0.998,positif,tanpa_emoji,negatif,hitmaker
mBxFc3uPKCg,user_177ffdc90f10,False,1696550400,0,negatif,0.9974,netral,tanpa_emoji,negatif,hitmaker
mBxFc3uPKCg,user_23c0abe75447,False,1696550400,4,positif,0.8906,positif,positif,positif,hitmaker
mBxFc3uPKCg,user_96f01fe9863a,True,1696550400,0,negatif,0.9944,netral,tanpa_emoji,negatif,hitmaker
mBxFc3uPKCg,user_8d9ac7ac4a24,True,1696550400,0,negatif,0.5264,netral,tanpa_emoji,negatif,hitmaker
mBxFc3uPKCg,user_d618c596781b,True,1696550400,0,negatif,0.983,netral,netral,netral,hitmaker
mBxFc3uPKCg,user_642b0b26218c,False,1696550400,1,netral,0.7831,netral,tanpa_emoji,netral,hitmaker
mBxFc3uPKCg,user_5e4451e50615,True,1696550400,1,negatif,0.6696,netral,netral,negatif,hitmaker
mBxFc3uPKCg,user_96f01fe9863a,True,1696550400,0,negatif,0.9934,netral,tanpa_emoji,negatif,hitmaker
mBxFc3uPKCg,user_523f75684a4a,False,1696550400,12,positif,0.7156,positif,tanpa_emoji,positif,hitmaker
mBxFc3uPKCg,user_eb79fb79b441,True,1696550400,1,positif,0.9899,netral,tanpa_emoji,positif,hitmaker
mBxFc3uPKCg,user_e76dbd425e39,True,1696550400,0,negatif,0.4567,negatif,netral,negatif,hitmaker
mBxFc3uPKCg,user_f1b125c40d48,True,1696550400,0,positif,0.4503,negatif,netral,positif,hitmaker
mBxFc3uPKCg,user_8d9ac7ac4a24,True,1696550400,0,positif,0.9899,positif,tanpa_emoji,positif,hitmaker
mBxFc3uPKCg,user_7c2472ef308a,False,1696550400,1,positif,0.6144,netral,tanpa_emoji,positif,hitmaker
mBxFc3uPKCg,user_23c0abe75447,True,1696550400,4,negatif,0.9298,netral,tanpa_emoji,negatif,hitmaker
mBxFc3uPKCg,user_96f01fe9863a,True,1696550400,0,negatif,0.842,netral,tanpa_emoji,negatif,hitmaker
mBxFc3uPKCg,user_9980405735bd,False,1696550400,2,positif,0.9167,positif,tanpa_emoji,positif,hitmaker
mBxFc3uPKCg,user_d618c596781b,False,1696550400,153,negatif,0.8723,positif,positif,negatif,hitmaker
mBxFc3uPKCg,user_92f9988d46cf,True,1696550400,29,positif,0.9771,positif,tanpa_emoji,positif,hitmaker
mBxFc3uPKCg,user_23c0abe75447,True,1696550400,1,negatif,0.8047,netral,tanpa_emoji,negatif,hitmaker
mBxFc3uPKCg,user_96f01fe9863a,True,1696550400,10,negatif,0.9907,netral,tanpa_emoji,negatif,hitmaker
mBxFc3uPKCg,user_884ffed10b4e,True,1696550400,2,negatif,0.651,netral,netral,negatif,hitmaker
mBxFc3uPKCg,user_e42d46b91a7d,True,1696550400,2,negatif,0.9718,netral,tanpa_emoji,negatif,hitmaker
mBxFc3uPKCg,user_8edf312102e1,True,1696550400,0,negatif,0.9669,netral,netral,negatif,hitmaker
mBxFc3uPKCg,user_23c0abe75447,True,1696550400,0,negatif,0.6884,netral,tanpa_emoji,negatif,hitmaker
mBxFc3uPKCg,user_30d16fc5bcb3,True,1696550400,0,negatif,0.9969,netral,tanpa_emoji,negatif,hitmaker
mBxFc3uPKCg,user_b8aa3c0cbb1c,True,1696550400,0,negatif,0.9928,positif,tanpa_emoji,negatif,hitmaker
mBxFc3uPKCg,user_a9cdb4dfd266,True,1696550400,0,negatif,0.8047,netral,tanpa_emoji,negatif,hitmaker
mBxFc3uPKCg,user_f0146b91d44a,True,1759708800,0,netral,0.9913,netral,tanpa_emoji,netral,hitmaker
mBxFc3uPKCg,user_ead8b8dc5f8b,True,1696550400,0,negatif,0.9886,netral,tanpa_emoji,negatif,hitmaker
mBxFc3uPKCg,user_68e9ca02626d,False,1696550400,6,positif,0.7422,positif,tanpa_emoji,positif,hitmaker
mBxFc3uPKCg,user_6d0fec6d1455,False,1696550400,1,negatif,0.9976,netral,tanpa_emoji,negatif,hitmaker
mBxFc3uPKCg,user_10f6435dcbfd,False,1696550400,5,netral,0.6276,netral,tanpa_emoji,netral,hitmaker
mBxFc3uPKCg,user_41ade2fd6eff,True,1696550400,2,netral,0.9275,netral,tanpa_emoji,netral,hitmaker
mBxFc3uPKCg,user_10f6435dcbfd,True,1696550400,1,netral,0.9024,netral,tanpa_emoji,netral,hitmaker
wPNX2K0XUzg,user_29bb71744d2b,False,1790467200,0,netral,0.8036,positif,positif,netral,hitmaker
wPNX2K0XUzg,user_6d4069755b7c,False,1780704000,0,negatif,0.8236,netral,netral,negatif,hitmaker
wPNX2K0XUzg,user_ef772a60195a,False,1772755200,0,netral,0.6874,netral,tanpa_emoji,netral,hitmaker
wPNX2K0XUzg,user_9a7632b63d96,False,1764979200,0,netral,0.9209,netral,tanpa_emoji,netral,hitmaker
wPNX2K0XUzg,user_b93b0ac294b3,False,1762387200,1,negatif,0.9674,netral,tanpa_emoji,negatif,hitmaker
wPNX2K0XUzg,user_09744c037f80,False,1759708800,2,negatif,0.7231,netral,tanpa_emoji,negatif,hitmaker
wPNX2K0XUzg,user_d5638aaefd5c,False,1759708800,0,negatif,0.9416,netral,tanpa_emoji,negatif,hitmaker
wPNX2K0XUzg,user_ce636e36e39d,False,1759708800,0,negatif,0.9926,positif,netral,negatif,hitmaker
wPNX2K0XUzg,user_87d809ab3e7f,False,1759708800,0,positif,0.8993,positif,tanpa_emoji,positif,hitmaker
wPNX2K0XUzg,user_a92f9ea15aa4,False,1759708800,1,positif,0.9825,negatif,tanpa_emoji,positif,hitmaker
wPNX2K0XUzg,user_a795a80ac42f,False,1759708800,0,positif,0.9558,positif,positif,positif,hitmaker
wPNX2K0XUzg,user_f695c6b00302,False,1759708800,0,netral,0.5703,netral,tanpa_emoji,netral,hitmaker
wPNX2K0XUzg,user_1209ec766513,False,1759708800,1,negatif,0.7276,netral,tanpa_emoji,negatif,hitmaker
wPNX2K0XUzg,user_20006ce1a5c8,False,1759708800,0,positif,0.9435,positif,tanpa_emoji,positif,hitmaker
wPNX2K0XUzg,user_77509ac10cd0,False,1759708800,0,netral,0.7301,negatif,tanpa_emoji,netral,hitmaker
wPNX2K0XUzg,user_00448f32c332,False,1759708800,3,negatif,0.9858,positif,tanpa_emoji,negatif,hitmaker
wPNX2K0XUzg,user_a60a8fbcdb73,False,1759708800,0,negatif,0.9903,positif,tanpa_emoji,negatif,hitmaker
wPNX2K0XUzg,user_dd60573d5ed4,False,1759708800,0,negatif,0.9449,netral,tanpa_emoji,negatif,hitmaker
wPNX2K0XUzg,user_8562221446f7,False,1759708800,0,negatif,0.9881,netral,netral,negatif,hitmaker
wPNX2K0XUzg,user_2f56971c3cc2,False,1759708800,0,positif,0.9982,positif,tanpa_emoji,positif,hitmaker
wPNX2K0XUzg,user_8e1e9a1e0d39,False,1759708800,0,positif,0.9713,netral,tanpa_emoji,positif,hitmaker
wPNX2K0XUzg,user_fd8aec8cdb2a,False,1759708800,0,positif,0.6951,positif,tanpa_emoji,positif,hitmaker
wPNX2K0XUzg,user_433d741964e2,False,1759708800,3,positif,0.7646,netral,tanpa_emoji,positif,hitmaker
wPNX2K0XUzg,user_dc6c143a4f82,True,1759708800,0,negatif,0.9982,netral,tanpa_emoji,negatif,hitmaker
wPNX2K0XUzg,user_433d741964e2,True,1759708800,0,negatif,0.9975,netral,tanpa_emoji,negatif,hitmaker
wPNX2K0XUzg,user_b680d5e1e9d2,False,1759708800,0,positif,0.9793,positif,tanpa_emoji,positif,hitmaker
wPNX2K0XUzg,user_8c96d50e8b7e,False,1759708800,4,negatif,0.8662,netral,tanpa_emoji,negatif,hitmaker
wPNX2K0XUzg,user_f9b910676912,True,1759708800,0,negatif,0.9943,positif,netral,negatif,hitmaker
wPNX2K0XUzg,user_4420425eed29,True,1759708800,0,negatif,0.8971,netral,tanpa_emoji,negatif,hitmaker
wPNX2K0XUzg,user_f85c3f27fb19,False,1759708800,1,positif,0.8934,positif,tanpa_emoji,positif,hitmaker
wPNX2K0XUzg,user_4f67df5c3cb8,False,1759708800,12,positif,0.9968,positif,positif,positif,hitmaker
wPNX2K0XUzg,user_dbb75ec12d8b,True,1759708800,0,netral,0.7376,netral,tanpa_emoji,netral,hitmaker
wPNX2K0XUzg,user_e207598cb2fc,True,1759708800,0,positif,0.5778,negatif,tanpa_emoji,positif,hitmaker
wPNX2K0XUzg,user_b9a5f8d39135,False,1759708800,1,positif,0.9877,positif,tanpa_emoji,positif,hitmaker
wPNX2K0XUzg,user_4200253ae95f,False,1759708800,4,negatif,0.9974,netral,tanpa_emoji,negatif,hitmaker
wPNX2K0XUzg,user_045625a6cbc5,False,1759708800,0,negatif,0.9628,netral,tanpa_emoji,negatif,hitmaker
wPNX2K0XUzg,user_0d6fdf69fe89,False,1759708800,1,positif,0.9948,positif,positif,positif,hitmaker
wPNX2K0XUzg,user_b3122169e90a,True,1759708800,0,netral,0.7358,netral,tanpa_emoji,netral,hitmaker
wPNX2K0XUzg,user_c9f233ffce55,False,1759708800,0,netral,0.5989,netral,tanpa_emoji,netral,hitmaker
wPNX2K0XUzg,user_62de28f4bbf7,False,1759708800,0,negatif,0.9706,positif,positif,negatif,hitmaker
wPNX2K0XUzg,user_4d087dd820f1,False,1759708800,36,positif,0.9951,positif,tanpa_emoji,positif,hitmaker
wPNX2K0XUzg,user_dbb75ec12d8b,True,1759708800,3,positif,0.5134,positif,tanpa_emoji,positif,hitmaker
wPNX2K0XUzg,user_619b01d88133,True,1759708800,0,positif,0.9932,positif,tanpa_emoji,positif,hitmaker
wPNX2K0XUzg,user_e207598cb2fc,True,1759708800,0,positif,0.9718,negatif,tanpa_emoji,positif,hitmaker
wPNX2K0XUzg,user_fbfffba90d3d,False,1759708800,0,negatif,0.9741,positif,tanpa_emoji,negatif,hitmaker
wPNX2K0XUzg,user_c644165193f6,False,1759708800,0,positif,0.9822,netral,tanpa_emoji,positif,hitmaker
wPNX2K0XUzg,user_a3448f679f10,False,1759708800,2,positif,0.9822,positif,tanpa_emoji,positif,hitmaker
wPNX2K0XUzg,user_b2f0d2d9fc5d,False,1759708800,0,negatif,0.9985,netral,tanpa_emoji,negatif,hitmaker
wPNX2K0XUzg,user_3fa24f52bf36,True,1759708800,2,negatif,0.9598,negatif,tanpa_emoji,negatif,hitmaker
wPNX2K0XUzg,user_3fa24f52bf36,True,1759708800,0,negatif,0.9988,netral,tanpa_emoji,negatif,hitmaker
wPNX2K0XUzg,user_3a58f8b4c3df,False,1759708800,3,negatif,0.9862,negatif,negatif,negatif,hitmaker
wPNX2K0XUzg,user_670af47aed31,True,1759708800,7,negatif,0.8383,netral,tanpa_emoji,negatif,hitmaker
wPNX2K0XUzg,user_8c354300b4e8,False,1759708800,0,negatif,0.7329,netral,tanpa_emoji,negatif,hitmaker
wPNX2K0XUzg,user_2e0d2d65f4a3,False,1759708800,1,negatif,0.933,netral,tanpa_emoji,negatif,hitmaker
wPNX2K0XUzg,user_96171d5b58c9,False,1759708800,2,negatif,0.5174,netral,tanpa_emoji,negatif,hitmaker
wPNX2K0XUzg,user_192784f8c9f2,False,1759708800,0,negatif,0.9956,negatif,tanpa_emoji,negatif,hitmaker
wPNX2K0XUzg,user_3be7ea4bcbf6,False,1759708800,0,negatif,0.9583,netral,netral,negatif,hitmaker
wPNX2K0XUzg,user_2509e7bac974,False,1759708800,1,positif,0.9167,positif,tanpa_emoji,positif,hitmaker
wPNX2K0XUzg,user_3f8adce1026d,False,1759708800,1,negatif,0.5721,netral,tanpa_emoji,negatif,hitmaker
wPNX2K0XUzg,user_a100db5520e0,False,1759708800,2,netral,0.7639,netral,tanpa_emoji,netral,hitmaker
wPNX2K0XUzg,user_5a66c46e9242,False,1759708800,0,negatif,0.999,netral,tanpa_emoji,negatif,hitmaker
wPNX2K0XUzg,user_4f7d5dca62cf,True,1759708800,0,netral,0.9805,netral,tanpa_emoji,netral,hitmaker
wPNX2K0XUzg,user_7e5c1ba4aa66,False,1759708800,0,negatif,0.6558,netral,tanpa_emoji,negatif,hitmaker
wPNX2K0XUzg,user_8191cc329ec3,False,1759708800,2,negatif,0.9922,negatif,netral,negatif,hitmaker
wPNX2K0XUzg,user_48dd40cc73a0,True,1759708800,0,negatif,0.9541,netral,tanpa_emoji,negatif,hitmaker
wPNX2K0XUzg,user_441dfd08ff1c,True,1759708800,0,negatif,0.8172,netral,tanpa_emoji,negatif,hitmaker
wPNX2K0XUzg,user_91c8fe587fd4,False,1759708800,1,negatif,0.9975,positif,tanpa_emoji,negatif,hitmaker
wPNX2K0XUzg,user_53a15946f92f,False,1759708800,0,negatif,0.9983,netral,tanpa_emoji,negatif,hitmaker
wPNX2K0XUzg,user_10bd904075d0,False,1759708800,0,negatif,0.9794,netral,tanpa_emoji,negatif,hitmaker
wPNX2K0XUzg,user_80cccff115aa,False,1759708800,2,negatif,0.588,netral,tanpa_emoji,negatif,hitmaker
wPNX2K0XUzg,user_b08ec5b2c2e7,True,1759708800,0,negatif,0.6658,netral,tanpa_emoji,negatif,hitmaker
wPNX2K0XUzg,user_e034b659eb16,False,1759708800,1,negatif,0.9961,netral,tanpa_emoji,negatif,hitmaker
wPNX2K0XUzg,user_b2227f4d4c8f,True,1759708800,0,netral,0.9028,netral,tanpa_emoji,netral,hitmaker
wPNX2K0XUzg,user_327d7cb00bc0,False,1759708800,2,negatif,0.9897,netral,netral,negatif,hitmaker
wPNX2K0XUzg,user_44c79c670f1d,True,1759708800,2,negatif,0.9544,netral,netral,netral,hitmaker
wPNX2K0XUzg,user_49cef71e53dc,True,1759708800,1,netral,0.85,netral,tanpa_emoji,netral,hitmaker
wPNX2K0XUzg,user_b08ec5b2c2e7,True,1759708800,0,negatif,0.9773,negatif,tanpa_emoji,negatif,hitmaker
wPNX2K0XUzg,user_327d7cb00bc0,True,1759708800,0,negatif,0.9893,negatif,netral,negatif,hitmaker
wPNX2K0XUzg,user_562535968d63,False,1759708800,9,negatif,0.5814,positif,positif,positif,hitmaker
wPNX2K0XUzg,user_10bd904075d0,False,1759708800,40,positif,0.8284,netral,tanpa_emoji,positif,hitmaker
O29hLG_37qI,user_bd6839856bfc,False,1665014400,5000,positif,0.997,positif,tanpa_emoji,positif,ivanna
O29hLG_37qI,user_92cbb5f0c3a9,True,1665014400,109,positif,0.9922,negatif,tanpa_emoji,positif,ivanna
O29hLG_37qI,user_20603f74fe44,True,1665014400,6,negatif,0.9977,netral,netral,negatif,ivanna
O29hLG_37qI,user_123791ef4785,True,1665014400,4,negatif,0.7772,positif,tanpa_emoji,negatif,ivanna
O29hLG_37qI,user_698ef30d5353,True,1665014400,1,negatif,0.9524,negatif,tanpa_emoji,negatif,ivanna
O29hLG_37qI,user_5c1989e6ed31,True,1665014400,0,negatif,0.5621,netral,tanpa_emoji,negatif,ivanna
O29hLG_37qI,user_9c2821046403,True,1696550400,0,netral,0.8643,netral,tanpa_emoji,netral,ivanna
O29hLG_37qI,user_efc0e35f3c34,True,1665014400,3,positif,0.9414,netral,tanpa_emoji,positif,ivanna
O29hLG_37qI,user_71578273056a,True,1665014400,3,positif,0.9971,positif,tanpa_emoji,positif,ivanna
O29hLG_37qI,user_22dd3eecb5c0,True,1665014400,3,negatif,0.9566,negatif,tanpa_emoji,negatif,ivanna
O29hLG_37qI,user_8c81a79633f5,True,1665014400,3,positif,0.6587,negatif,tanpa_emoji,positif,ivanna
O29hLG_37qI,user_fde552ea45d1,True,1665014400,2,positif,0.9855,positif,positif,positif,ivanna
O29hLG_37qI,user_ccf2fe709928,True,1665014400,1,negatif,0.9502,netral,tanpa_emoji,negatif,ivanna
O29hLG_37qI,user_08187ec20090,True,1665014400,1,negatif,0.9981,netral,tanpa_emoji,negatif,ivanna
O29hLG_37qI,user_e625fdd1f826,True,1665014400,7,negatif,0.9948,negatif,tanpa_emoji,negatif,ivanna
O29hLG_37qI,user_2ffbf8212a1b,True,1665014400,0,negatif,0.7043,negatif,negatif,negatif,ivanna
O29hLG_37qI,user_55c8639a739c,True,1665014400,1,negatif,0.8895,positif,tanpa_emoji,negatif,ivanna
O29hLG_37qI,user_270d0c9260a5,True,1665014400,1,positif,0.9834,positif,tanpa_emoji,positif,ivanna
O29hLG_37qI,user_b3712b334dc4,True,1665014400,1,negatif,0.9936,netral,tanpa_emoji,negatif,ivanna
O29hLG_37qI,user_8959d43f6ac3,True,1665014400,1,positif,0.8639,positif,tanpa_emoji,positif,ivanna
O29hLG_37qI,user_e604fd08f154,True,1665014400,1,positif,0.9976,positif,positif,positif,ivanna
O29hLG_37qI,user_3e710b84fdb1,True,1665014400,0,negatif,0.6504,netral,tanpa_emoji,negatif,ivanna
O29hLG_37qI,user_189287031d6c,True,1665014400,0,negatif,0.7599,netral,tanpa_emoji,negatif,ivanna
O29hLG_37qI,user_6a48bf383c10,True,1665014400,0,positif,0.997,positif,tanpa_emoji,positif,ivanna
O29hLG_37qI,user_dad87c6a53d8,True,1665014400,0,positif,0.9969,positif,tanpa_emoji,positif,ivanna
O29hLG_37qI,user_5b48bc61d5b1,True,1665014400,0,positif,0.9973,positif,tanpa_emoji,positif,ivanna
O29hLG_37qI,user_c3fedf2cbf06,True,1665014400,0,netral,0.8234,netral,tanpa_emoji,netral,ivanna
O29hLG_37qI,user_317ab933bbe8,True,1665014400,0,netral,0.8023,netral,tanpa_emoji,netral,ivanna
O29hLG_37qI,user_2ffbf8212a1b,True,1665014400,0,negatif,0.9337,netral,tanpa_emoji,negatif,ivanna
O29hLG_37qI,user_2ffbf8212a1b,True,1665014400,0,positif,0.5116,positif,positif,positif,ivanna
O29hLG_37qI,user_1672d542cddc,True,1665014400,0,netral,0.616,netral,tanpa_emoji,netral,ivanna
O29hLG_37qI,user_ce2d58317e85,True,1665014400,0,negatif,0.8221,netral,tanpa_emoji,negatif,ivanna
O29hLG_37qI,user_1e836aec0faa,True,1665014400,0,negatif,0.7447,positif,tanpa_emoji,negatif,ivanna
O29hLG_37qI,user_4b396e2c580d,True,1665014400,0,positif,0.9867,netral,tanpa_emoji,positif,ivanna
O29hLG_37qI,user_32f5db860e36,True,1665014400,0,negatif,0.4779,netral,tanpa_emoji,negatif,ivanna
O29hLG_37qI,user_d8a7522aa655,True,1665014400,0,negatif,0.9992,positif,tanpa_emoji,negatif,ivanna
O29hLG_37qI,user_b56e20e52156,True,1665014400,0,negatif,0.9982,negatif,netral,negatif,ivanna
O29hLG_37qI,user_d8a7522aa655,True,1665014400,0,negatif,0.9915,negatif,netral,negatif,ivanna
O29hLG_37qI,user_b56e20e52156,True,1665014400,0,positif,0.7089,positif,tanpa_emoji,positif,ivanna
O29hLG_37qI,user_d8a7522aa655,True,1665014400,0,negatif,0.8932,positif,positif,negatif,ivanna
O29hLG_37qI,user_3ac8a690a889,True,1665014400,0,positif,0.9779,positif,tanpa_emoji,positif,ivanna
O29hLG_37qI,user_b7bf2d610024,True,1665014400,0,positif,0.9694,positif,tanpa_emoji,positif,ivanna
O29hLG_37qI,user_0b4b7cbd2b76,True,1665014400,0,positif,0.9132,netral,tanpa_emoji,positif,ivanna
O29hLG_37qI,user_55414472091d,True,1665014400,0,positif,0.9973,netral,tanpa_emoji,positif,ivanna
O29hLG_37qI,user_d5c207337fa2,True,1665014400,0,negatif,0.6648,positif,tanpa_emoji,negatif,ivanna
O29hLG_37qI,user_f2ebb9c773e1,True,1665014400,0,negatif,0.8947,netral,tanpa_emoji,negatif,ivanna
O29hLG_37qI,user_02dd06f37e63,True,1665014400,0,negatif,0.9951,netral,netral,negatif,ivanna
O29hLG_37qI,user_608c1c8d9c36,True,1665014400,0,positif,0.8332,positif,positif,positif,ivanna
O29hLG_37qI,user_750a79064418,True,1665014400,0,negatif,0.7463,positif,netral,negatif,ivanna
O29hLG_37qI,user_dbc00079a326,True,1665014400,0,positif,0.8252,positif,tanpa_emoji,positif,ivanna
O29hLG_37qI,user_4cdfaa7511d2,True,1665014400,0,negatif,0.9771,negatif,tanpa_emoji,negatif,ivanna
O29hLG_37qI,user_dbc00079a326,True,1665014400,1,positif,0.5544,netral,tanpa_emoji,positif,ivanna
O29hLG_37qI,user_d36a29606995,True,1665014400,1,negatif,0.995,positif,tanpa_emoji,negatif,ivanna
O29hLG_37qI,user_1e3a7f5c089c,True,1665014400,0,positif,0.4613,positif,positif,positif,ivanna
O29hLG_37qI,user_824e07282ac6,True,1665014400,0,negatif,0.9982,netral,tanpa_emoji,negatif,ivanna
O29hLG_37qI,user_acdb9f48ae34,True,1665014400,0,netral,0.9882,netral,tanpa_emoji,netral,ivanna
O29hLG_37qI,user_6dc4f6e61286,True,1696550400,0,negatif,0.6697,netral,tanpa_emoji,negatif,ivanna
O29hLG_37qI,user_09bbd32648c4,True,1759708800,0,positif,0.9942,netral,tanpa_emoji,positif,ivanna
O29hLG_37qI,user_1a404900976b,True,1665014400,14,positif,0.6399,netral,tanpa_emoji,positif,ivanna
O29hLG_37qI,user_00dd57cf98d6,True,1665014400,13,positif,0.9977,positif,positif,positif,ivanna
O29hLG_37qI,user_20f3fb245433,True,1665014400,19,negatif,0.9774,negatif,tanpa_emoji,negatif,ivanna
O29hLG_37qI,user_5cfd4dbd6c43,True,1665014400,0,netral,0.6197,netral,tanpa_emoji,netral,ivanna
O29hLG_37qI,user_0ea9e5926c53,True,1665014400,0,positif,0.5196,netral,tanpa_emoji,positif,ivanna
O29hLG_37qI,user_dbc00079a326,True,1665014400,1,positif,0.996,negatif,tanpa_emoji,positif,ivanna
O29hLG_37qI,user_5c1989e6ed31,True,1665014400,5,negatif,0.753,positif,tanpa_emoji,negatif,ivanna
O29hLG_37qI,user_00dd57cf98d6,True,1665014400,1,negatif,0.6924,netral,tanpa_emoji,negatif,ivanna
O29hLG_37qI,user_14b448501c11,True,1665014400,1,negatif,0.9721,positif,tanpa_emoji,negatif,ivanna
O29hLG_37qI,user_d708db2ad3c0,True,1665014400,0,positif,0.4867,positif,tanpa_emoji,positif,ivanna
O29hLG_37qI,user_824e07282ac6,True,1665014400,0,negatif,0.9986,negatif,tanpa_emoji,negatif,ivanna
O29hLG_37qI,user_ec160782266b,True,1665014400,7,positif,0.7807,positif,netral,positif,ivanna
O29hLG_37qI,user_5cfd4dbd6c43,True,1665014400,0,negatif,0.7016,netral,tanpa_emoji,negatif,ivanna
O29hLG_37qI,user_d708db2ad3c0,True,1665014400,0,negatif,0.659,positif,tanpa_emoji,negatif,ivanna
O29hLG_37qI,user_086a38ce8230,True,1665014400,0,negatif,0.937,netral,tanpa_emoji,negatif,ivanna
O29hLG_37qI,user_c8fcc3bf07d2,True,1665014400,4,positif,0.9928,netral,tanpa_emoji,positif,ivanna
O29hLG_37qI,user_0ca7284f2393,True,1665014400,3,negatif,0.9975,netral,tanpa_emoji,negatif,ivanna
O29hLG_37qI,user_20ac296b87b7,True,1665014400,0,positif,0.9399,netral,tanpa_emoji,positif,ivanna
O29hLG_37qI,user_714ce3ae63f5,False,1665014400,1400,positif,0.8925,positif,positif,positif,ivanna
O29hLG_37qI,user_f132413565c8,True,1665014400,28,positif,0.9711,positif,positif,positif,ivanna
O29hLG_37qI,user_5cf4b3a5f0f9,True,1665014400,3,positif,0.9776,positif,tanpa_emoji,positif,ivanna
O29hLG_37qI,user_6f36ea578b02,True,1665014400,0,netral,0.589,positif,tanpa_emoji,netral,ivanna
O29hLG_37qI,user_45059778e924,True,1665014400,2,negatif,0.499,positif,positif,positif,ivanna
O29hLG_37qI,user_1610e773c41e,True,1665014400,1,negatif,0.8442,positif,tanpa_emoji,negatif,ivanna
O29hLG_37qI,user_0042e5a0912e,True,1665014400,1,netral,0.7968,netral,tanpa_emoji,netral,ivanna
O29hLG_37qI,user_0d286d1d1151,True,1665014400,1,positif,0.8594,positif,tanpa_emoji,positif,ivanna
O29hLG_37qI,user_26623bce8cb5,True,1665014400,0,netral,0.9676,netral,tanpa_emoji,netral,ivanna
O29hLG_37qI,user_1672d542cddc,True,1665014400,1,netral,0.7188,netral,tanpa_emoji,netral,ivanna
O29hLG_37qI,user_358caf6b1ae0,True,1665014400,0,positif,0.9523,positif,positif,positif,ivanna
O29hLG_37qI,user_ba11807d2f97,True,1665014400,0,positif,0.9892,positif,tanpa_emoji,positif,ivanna
O29hLG_37qI,user_8359e043f0b2,True,1665014400,0,negatif,0.9187,positif,tanpa_emoji,negatif,ivanna
O29hLG_37qI,user_adb7e12d6a5c,True,1665014400,0,netral,0.5512,positif,positif,positif,ivanna
O29hLG_37qI,user_a28f35dfa4dc,True,1665014400,0,positif,0.988,positif,positif,positif,ivanna
O29hLG_37qI,user_4438d8bf5bbe,True,1665014400,0,netral,0.6301,netral,netral,netral,ivanna
O29hLG_37qI,user_864a39909692,True,1665014400,0,positif,0.5893,netral,netral,positif,ivanna
O29hLG_37qI,user_d3a2909631e2,True,1665014400,0,netral,0.8766,netral,tanpa_emoji,netral,ivanna
O29hLG_37qI,user_192e7fbc7193,True,1665014400,0,positif,0.5715,positif,positif,positif,ivanna
O29hLG_37qI,user_987f179010a8,True,1665014400,0,positif,0.9379,positif,positif,positif,ivanna
O29hLG_37qI,user_09bbd32648c4,True,1759708800,0,netral,0.5843,netral,tanpa_emoji,netral,ivanna
O29hLG_37qI,user_e795f2939102,True,1783296000,0,negatif,0.5794,positif,positif,positif,ivanna
O29hLG_37qI,user_9e711fc7bb0a,False,1665014400,2300,positif,0.9348,positif,tanpa_emoji,positif,ivanna
O29hLG_37qI,user_78e61fd9940d,True,1665014400,36,negatif,0.9788,netral,tanpa_emoji,negatif,ivanna
O29hLG_37qI,user_0d2280effdf9,True,1665014400,22,positif,0.9913,positif,netral,positif,ivanna
O29hLG_37qI,user_9e711fc7bb0a,True,1665014400,18,positif,0.4439,positif,tanpa_emoji,positif,ivanna
O29hLG_37qI,user_04b70c7f6b5b,True,1665014400,14,positif,0.6829,positif,tanpa_emoji,positif,ivanna
O29hLG_37qI,user_91835f514d94,False,1665014400,28,positif,0.9989,positif,tanpa_emoji,positif,ivanna
O29hLG_37qI,user_e8b17fc8f552,False,1696550400,9,positif,0.8736,positif,tanpa_emoji,positif,ivanna
O29hLG_37qI,user_542249629584,False,1665014400,28,positif,0.8054,netral,tanpa_emoji,positif,ivanna
O29hLG_37qI,user_4f1047ee53a7,False,1665014400,339,positif,0.6958,positif,tanpa_emoji,positif,ivanna
O29hLG_37qI,user_9ab01fb22a17,False,1665014400,990,negatif,0.9944,negatif,tanpa_emoji,negatif,ivanna
O29hLG_37qI,user_c5098d29ffbf,False,1665014400,11,positif,0.8767,netral,tanpa_emoji,positif,ivanna
O29hLG_37qI,user_c9eebf6350da,False,1665014400,15,positif,0.9854,netral,tanpa_emoji,positif,ivanna
O29hLG_37qI,user_33ab577153de,False,1665014400,1600,positif,0.9516,negatif,tanpa_emoji,positif,ivanna
O29hLG_37qI,user_f050d7ff36a5,False,1665014400,182,positif,0.9349,positif,netral,positif,ivanna
O29hLG_37qI,user_cb00910dab6a,False,1665014400,243,positif,0.9713,positif,tanpa_emoji,positif,ivanna
O29hLG_37qI,user_f1ba723b3a46,False,1696550400,19,netral,0.908,netral,tanpa_emoji,netral,ivanna
O29hLG_37qI,user_3d18d04dbebd,False,1665014400,99,positif,0.9977,positif,positif,positif,ivanna
O29hLG_37qI,user_6a720898c89e,False,1665014400,314,negatif,0.5788,netral,tanpa_emoji,negatif,ivanna
O29hLG_37qI,user_72b9531fd6f7,False,1665014400,8,positif,0.8621,netral,tanpa_emoji,positif,ivanna
O29hLG_37qI,user_58e265dbdf92,False,1665014400,12,positif,0.6119,positif,positif,positif,ivanna
O29hLG_37qI,user_057179b5a9e7,False,1665014400,7,negatif,0.9988,positif,positif,negatif,ivanna
O29hLG_37qI,user_cc23561ef195,False,1665014400,7,positif,0.971,netral,tanpa_emoji,positif,ivanna
O29hLG_37qI,user_f6ecbfd58b74,False,1665014400,566,positif,0.8375,positif,positif,positif,ivanna
O29hLG_37qI,user_4472e42b277b,False,1665014400,516,negatif,0.764,netral,tanpa_emoji,negatif,ivanna
O29hLG_37qI,user_f3cf57f3f6ed,False,1665014400,18,positif,0.8939,negatif,tanpa_emoji,positif,ivanna
O29hLG_37qI,user_7c950eb7ac84,False,1665014400,7,positif,0.8064,positif,tanpa_emoji,positif,ivanna
O29hLG_37qI,user_5d2e014d837c,False,1665014400,6,negatif,0.9855,netral,tanpa_emoji,negatif,ivanna
O29hLG_37qI,user_5b01d3b19bdd,False,1665014400,35,positif,0.9978,positif,positif,positif,ivanna
O29hLG_37qI,user_40f2bdf14054,False,1665014400,5,negatif,0.5732,netral,tanpa_emoji,negatif,ivanna
O29hLG_37qI,user_ab939d6aa004,False,1665014400,345,positif,0.997,positif,tanpa_emoji,positif,ivanna
O29hLG_37qI,user_ad2297ddde68,False,1665014400,7,negatif,0.7544,netral,tanpa_emoji,negatif,ivanna
O29hLG_37qI,user_86fb0ccdc52c,False,1665014400,13,positif,0.9877,positif,positif,positif,ivanna
O29hLG_37qI,user_50f450ab5d53,False,1665014400,43,positif,0.9849,positif,tanpa_emoji,positif,ivanna
O29hLG_37qI,user_32d076ef5c4d,False,1665014400,10,positif,0.998,positif,positif,positif,ivanna
O29hLG_37qI,user_68806e26f9de,False,1665014400,72,positif,0.9967,positif,positif,positif,ivanna
O29hLG_37qI,user_9a850da2d3ae,False,1665014400,6,positif,0.9791,positif,positif,positif,ivanna
O29hLG_37qI,user_b440134d48dc,False,1665014400,7,positif,0.9975,positif,tanpa_emoji,positif,ivanna
O29hLG_37qI,user_6b6e59d5c842,False,1665014400,36,positif,0.9671,positif,tanpa_emoji,positif,ivanna
O29hLG_37qI,user_a37a003621e9,False,1665014400,22,positif,0.9964,positif,positif,positif,ivanna
O29hLG_37qI,user_180abeec8354,False,1665014400,42,positif,0.8329,netral,netral,positif,ivanna
O29hLG_37qI,user_ea1ed0f5ad04,False,1665014400,11,positif,0.9931,netral,tanpa_emoji,positif,ivanna
O29hLG_37qI,user_285a53dd949e,False,1665014400,7,negatif,0.8385,netral,netral,negatif,ivanna
O29hLG_37qI,user_759df1f4a387,False,1665014400,21,positif,0.9829,positif,positif,positif,ivanna
O29hLG_37qI,user_3a1ff541eb26,False,1665014400,43,positif,0.967,positif,positif,positif,ivanna
O29hLG_37qI,user_189287031d6c,False,1665014400,61,positif,0.9933,positif,tanpa_emoji,positif,ivanna
O29hLG_37qI,user_93445eca72dd,False,1665014400,9,positif,0.4502,positif,positif,positif,ivanna
O29hLG_37qI,user_4cb778a4c9b8,False,1665014400,4,positif,0.9594,netral,tanpa_emoji,positif,ivanna
O29hLG_37qI,user_fde51bca7e30,False,1665014400,7,positif,0.8632,positif,positif,positif,ivanna
O29hLG_37qI,user_b861026eb756,False,1665014400,13,positif,0.9954,positif,tanpa_emoji,positif,ivanna
O29hLG_37qI,user_232d860ae257,False,1665014400,5,positif,0.9748,positif,tanpa_emoji,positif,ivanna
O29hLG_37qI,user_f6da9b88e1a1,False,1665014400,4,negatif,0.9446,netral,tanpa_emoji,negatif,ivanna
O29hLG_37qI,user_e2a5d4d822cd,False,1665014400,3,positif,0.9364,positif,tanpa_emoji,positif,ivanna
O29hLG_37qI,user_c8c03e14882a,False,1665014400,21,positif,0.9347,positif,positif,positif,ivanna
O29hLG_37qI,user_0246f21e6cb6,False,1665014400,226,positif,0.998,negatif,tanpa_emoji,positif,ivanna
O29hLG_37qI,user_06c53eab5d4d,False,1665014400,19,positif,0.627,netral,tanpa_emoji,positif,ivanna
O29hLG_37qI,user_6d92f7d41022,False,1665014400,3,positif,0.9946,netral,netral,positif,ivanna
O29hLG_37qI,user_12620bc6279c,False,1665014400,4,positif,0.5463,positif,tanpa_emoji,positif,ivanna
O29hLG_37qI,user_b49d41c84a13,False,1665014400,8,positif,0.9762,positif,tanpa_emoji,positif,ivanna
O29hLG_37qI,user_367581f1cabe,False,1665014400,6,positif,0.6641,netral,tanpa_emoji,positif,ivanna
O29hLG_37qI,user_582ef589b277,False,1665014400,10,positif,0.9951,negatif,tanpa_emoji,positif,ivanna
O29hLG_37qI,user_923f62152725,False,1665014400,8,negatif,0.792,positif,positif,negatif,ivanna
O29hLG_37qI,user_a28f35dfa4dc,False,1665014400,7,positif,0.972,positif,positif,positif,ivanna
O29hLG_37qI,user_6dab4ae1f3e5,False,1665014400,4,positif,0.9968,positif,tanpa_emoji,positif,ivanna
O29hLG_37qI,user_572e8b461925,False,1665014400,17,negatif,0.9766,netral,tanpa_emoji,negatif,ivanna
O29hLG_37qI,user_d18b3817b03b,False,1665014400,85,positif,0.9968,negatif,tanpa_emoji,positif,ivanna
O29hLG_37qI,user_676e425e952e,False,1696550400,3,positif,0.902,netral,netral,positif,ivanna
O29hLG_37qI,user_d74f22e646b4,False,1665014400,6,negatif,0.984,netral,positif,negatif,ivanna
O29hLG_37qI,user_cd3e712cb27d,False,1665014400,8,negatif,0.997,positif,positif,negatif,ivanna
O29hLG_37qI,user_2dcae96b96b5,False,1665014400,7,negatif,0.9582,positif,positif,negatif,ivanna
O29hLG_37qI,user_0b087c558917,False,1728172800,3,positif,0.993,positif,positif,positif,ivanna
O29hLG_37qI,user_1e9f1c168b20,False,1665014400,4,positif,0.9164,positif,positif,positif,ivanna
O29hLG_37qI,user_20603f74fe44,False,1665014400,3,negatif,0.6214,positif,positif,negatif,ivanna
O29hLG_37qI,user_3f8da0e317c0,False,1665014400,33,positif,0.9906,positif,positif,positif,ivanna
O29hLG_37qI,user_0716f351ea8c,False,1665014400,6,positif,0.982,positif,tanpa_emoji,positif,ivanna
O29hLG_37qI,user_836b838b33c6,False,1665014400,6,positif,0.9568,positif,positif,positif,ivanna
O29hLG_37qI,user_9e5a82d1918d,False,1665014400,6,positif,0.9952,positif,positif,positif,ivanna
O29hLG_37qI,user_6a8eed892d30,False,1665014400,3,negatif,0.7592,netral,tanpa_emoji,negatif,ivanna
O29hLG_37qI,user_0d53c61ff159,False,1665014400,4,positif,0.9309,positif,tanpa_emoji,positif,ivanna
O29hLG_37qI,user_f7ba47edac71,False,1665014400,3,positif,0.9899,netral,netral,positif,ivanna
O29hLG_37qI,user_79af2dcc95d1,False,1665014400,184,negatif,0.6417,netral,tanpa_emoji,negatif,ivanna
O29hLG_37qI,user_1e3a3e77138c,False,1665014400,2,positif,0.8991,netral,tanpa_emoji,positif,ivanna
O29hLG_37qI,user_fce1a6cb22b6,False,1665014400,3,positif,0.7936,negatif,tanpa_emoji,positif,ivanna
O29hLG_37qI,user_80a31171ac4b,False,1665014400,6,negatif,0.9928,netral,tanpa_emoji,negatif,ivanna
O29hLG_37qI,user_e0fd86df5c3b,False,1665014400,3,positif,0.9865,positif,positif,positif,ivanna
O29hLG_37qI,user_38b218bea46f,False,1665014400,2,positif,0.9864,positif,tanpa_emoji,positif,ivanna
O29hLG_37qI,user_8e25dcfaa47a,False,1665014400,2,negatif,0.7887,netral,tanpa_emoji,negatif,ivanna
O29hLG_37qI,user_4624d44476d5,False,1665014400,2,positif,0.9736,positif,positif,positif,ivanna
O29hLG_37qI,user_c37b40affc7d,False,1665014400,74,positif,0.9919,positif,positif,positif,ivanna
O29hLG_37qI,user_c824f00c61dc,False,1665014400,28,positif,0.9938,netral,tanpa_emoji,positif,ivanna
O29hLG_37qI,user_701d82735a85,False,1696550400,5,netral,0.5278,netral,netral,netral,ivanna
O29hLG_37qI,user_ce72f3cd051f,False,1665014400,2,positif,0.9586,netral,tanpa_emoji,positif,ivanna
O29hLG_37qI,user_e6a4231ff661,False,1665014400,2,negatif,0.999,netral,tanpa_emoji,negatif,ivanna
O29hLG_37qI,user_9bdf39009444,False,1665014400,12,negatif,0.7453,positif,netral,negatif,ivanna
O29hLG_37qI,user_c5ba99efc4aa,False,1728172800,2,positif,0.7959,netral,tanpa_emoji,positif,ivanna
O29hLG_37qI,user_02ef0a5087c3,False,1665014400,3,positif,0.9699,positif,netral,positif,ivanna
O29hLG_37qI,user_71194e211d3c,False,1665014400,2,positif,0.9974,positif,positif,positif,ivanna
O29hLG_37qI,user_ede1b9013603,False,1665014400,2,positif,0.9974,positif,positif,positif,ivanna
O29hLG_37qI,user_f08a3bdfa39a,False,1665014400,6,positif,0.9861,positif,netral,positif,ivanna
O29hLG_37qI,user_fb198f11b424,False,1665014400,10,negatif,0.9385,positif,tanpa_emoji,negatif,ivanna
O29hLG_37qI,user_a10d2a7a3489,False,1696550400,4,negatif,0.8246,netral,tanpa_emoji,negatif,ivanna
O29hLG_37qI,user_31660507b388,False,1665014400,2,negatif,0.9845,netral,tanpa_emoji,negatif,ivanna
O29hLG_37qI,user_1b1e98e032f0,False,1665014400,2,netral,0.829,netral,tanpa_emoji,netral,ivanna
O29hLG_37qI,user_4d5035129bb7,False,1665014400,16,positif,0.996,netral,positif,positif,ivanna
O29hLG_37qI,user_8ed592c524dd,False,1665014400,2,positif,0.9978,positif,tanpa_emoji,positif,ivanna
O29hLG_37qI,user_b7c936b70836,False,1665014400,10,negatif,0.756,negatif,netral,negatif,ivanna
O29hLG_37qI,user_d25c1bcc003b,False,1665014400,2,positif,0.985,positif,netral,positif,ivanna
O29hLG_37qI,user_ac7f0d775ead,False,1665014400,2,positif,0.9625,netral,netral,positif,ivanna
O29hLG_37qI,user_93088acee5b0,False,1665014400,9,negatif,0.9955,netral,tanpa_emoji,negatif,ivanna
O29hLG_37qI,user_70c441525b31,False,1665014400,10,positif,0.996,positif,positif,positif,ivanna
O29hLG_37qI,user_51e1e032f509,False,1665014400,3,positif,0.8144,netral,tanpa_emoji,positif,ivanna
O29hLG_37qI,user_f16dea7626c1,False,1665014400,2,positif,0.9965,positif,positif,positif,ivanna
O29hLG_37qI,user_d7be20f6e465,False,1665014400,1,positif,0.3906,negatif,tanpa_emoji,positif,ivanna
O29hLG_37qI,user_6d616bc183cf,False,1665014400,4,positif,0.9884,positif,tanpa_emoji,positif,ivanna
O29hLG_37qI,user_31e4ad0c4f53,False,1665014400,5,positif,0.9309,positif,netral,positif,ivanna
O29hLG_37qI,user_dbaca13a78e2,False,1665014400,28,positif,0.9966,positif,positif,positif,ivanna
O29hLG_37qI,user_cfa05ff5fcdc,False,1665014400,2,negatif,0.998,netral,tanpa_emoji,negatif,ivanna
O29hLG_37qI,user_af224d99e097,False,1762387200,2,negatif,0.6014,positif,tanpa_emoji,negatif,ivanna
O29hLG_37qI,user_bbdb4cbc3ae5,False,1665014400,12,positif,0.9842,positif,netral,positif,ivanna
O29hLG_37qI,user_f8af622cd8e5,False,1665014400,82,positif,0.6931,positif,tanpa_emoji,positif,ivanna
O29hLG_37qI,user_0a07a2badb3e,False,1665014400,100,positif,0.998,positif,positif,positif,ivanna
O29hLG_37qI,user_82dbc8a408f2,False,1665014400,2,positif,0.9792,positif,tanpa_emoji,positif,ivanna
O29hLG_37qI,user_fdad2896f054,False,1728172800,2,netral,0.971,netral,tanpa_emoji,netral,ivanna
O29hLG_37qI,user_2d6cede7a69d,False,1665014400,10,positif,0.989,positif,positif,positif,ivanna
O29hLG_37qI,user_5f084ee2e3ef,False,1665014400,20,negatif,0.9468,positif,tanpa_emoji,negatif,ivanna
O29hLG_37qI,user_b3d844ab5a7d,False,1665014400,3,negatif,0.8163,netral,positif,negatif,ivanna
O29hLG_37qI,user_87ecb7ec87da,False,1665014400,1,positif,0.9936,positif,tanpa_emoji,positif,ivanna
O29hLG_37qI,user_3e0e959620b6,False,1696550400,2,negatif,0.9429,negatif,tanpa_emoji,negatif,ivanna
O29hLG_37qI,user_f7cbde45f390,False,1665014400,3,positif,0.9978,positif,positif,positif,ivanna
O29hLG_37qI,user_2e5819110b49,False,1665014400,76,positif,0.9934,positif,positif,positif,ivanna
O29hLG_37qI,user_3e726140a8f1,False,1665014400,4,positif,0.9945,positif,tanpa_emoji,positif,ivanna
O29hLG_37qI,user_0125c9cef699,False,1665014400,1,positif,0.9907,positif,tanpa_emoji,positif,ivanna
O29hLG_37qI,user_f35127b5a102,False,1665014400,1,positif,0.9812,positif,positif,positif,ivanna
O29hLG_37qI,user_0f11aea25d6b,False,1665014400,3,positif,0.9745,positif,tanpa_emoji,positif,ivanna
O29hLG_37qI,user_86c8c53511f4,False,1665014400,77,positif,0.9927,positif,positif,positif,ivanna
O29hLG_37qI,user_9661529759f6,False,1665014400,8,negatif,0.5133,positif,tanpa_emoji,negatif,ivanna
O29hLG_37qI,user_4b96db8194b5,False,1665014400,1,positif,0.9963,positif,tanpa_emoji,positif,ivanna
O29hLG_37qI,user_6a99ba9a9582,False,1665014400,2,negatif,0.5382,netral,tanpa_emoji,negatif,ivanna
O29hLG_37qI,user_26591197f697,False,1665014400,24,negatif,0.8225,positif,netral,negatif,ivanna
O29hLG_37qI,user_f8263b20962e,False,1665014400,6,positif,0.9912,positif,tanpa_emoji,positif,ivanna
O29hLG_37qI,user_fe31ddc2e5d7,False,1665014400,4,positif,0.9589,positif,tanpa_emoji,positif,ivanna
O29hLG_37qI,user_3c37e43c3b40,False,1665014400,1,positif,0.9778,positif,tanpa_emoji,positif,ivanna
O29hLG_37qI,user_5ffb8473bb81,False,1665014400,1,positif,0.9933,netral,tanpa_emoji,positif,ivanna
O29hLG_37qI,user_d9478093a5ce,False,1665014400,7,positif,0.9938,positif,netral,positif,ivanna
O29hLG_37qI,user_917545a3529d,False,1665014400,3,positif,0.9535,positif,tanpa_emoji,positif,ivanna
O29hLG_37qI,user_15bc4141e941,False,1665014400,2,negatif,0.9737,netral,tanpa_emoji,negatif,ivanna
O29hLG_37qI,user_8d934e887ccd,False,1665014400,1,positif,0.9964,positif,tanpa_emoji,positif,ivanna
O29hLG_37qI,user_a69345d7b3a9,False,1665014400,1,positif,0.9952,netral,tanpa_emoji,positif,ivanna
O29hLG_37qI,user_ddafa06a56d9,False,1665014400,3,positif,0.9979,positif,tanpa_emoji,positif,ivanna
O29hLG_37qI,user_360e6ea1cee3,False,1696550400,2,negatif,0.7359,netral,tanpa_emoji,negatif,ivanna
O29hLG_37qI,user_c51221550900,False,1696550400,2,netral,0.726,positif,tanpa_emoji,netral,ivanna
O29hLG_37qI,user_a1c46f69285c,False,1665014400,2,netral,0.9541,netral,tanpa_emoji,netral,ivanna
O29hLG_37qI,user_42935c82a861,False,1665014400,2,negatif,0.629,positif,tanpa_emoji,negatif,ivanna
O29hLG_37qI,user_034d8b692a00,False,1665014400,3,positif,0.9447,positif,tanpa_emoji,positif,ivanna
O29hLG_37qI,user_90da85c6c100,False,1665014400,3,positif,0.9974,positif,tanpa_emoji,positif,ivanna
O29hLG_37qI,user_5bc4f745d132,False,1696550400,5,positif,0.9761,positif,positif,positif,ivanna
O29hLG_37qI,user_fd06fa760934,False,1665014400,1,positif,0.8731,netral,tanpa_emoji,positif,ivanna
O29hLG_37qI,user_d4c19042c95e,False,1665014400,2,positif,0.9936,positif,tanpa_emoji,positif,ivanna
O29hLG_37qI,user_8520f386aa4b,False,1665014400,11,positif,0.9964,positif,tanpa_emoji,positif,ivanna
O29hLG_37qI,user_d5480af33098,False,1665014400,10,positif,0.9844,positif,tanpa_emoji,positif,ivanna
O29hLG_37qI,user_e9036775c7bd,False,1665014400,7,positif,0.6515,negatif,tanpa_emoji,positif,ivanna
O29hLG_37qI,user_77669bf061c8,False,1665014400,1,positif,0.9892,positif,positif,positif,ivanna
O29hLG_37qI,user_3bc0932fadbc,False,1665014400,1,positif,0.9952,positif,positif,positif,ivanna
O29hLG_37qI,user_d3c0950f6d74,False,1665014400,3,negatif,0.5339,netral,tanpa_emoji,negatif,ivanna
O29hLG_37qI,user_1d9947f5d5cd,False,1665014400,4,negatif,0.997,negatif,tanpa_emoji,negatif,ivanna
O29hLG_37qI,user_473950f7d817,False,1665014400,3,netral,0.5907,netral,tanpa_emoji,netral,ivanna
O29hLG_37qI,user_92df867ddacd,False,1665014400,1,negatif,0.9944,positif,tanpa_emoji,negatif,ivanna
O29hLG_37qI,user_1fee840354e3,False,1665014400,2,negatif,0.9958,netral,tanpa_emoji,negatif,ivanna
O29hLG_37qI,user_2c8b6e6751f0,False,1665014400,3,netral,0.8327,netral,tanpa_emoji,netral,ivanna
O29hLG_37qI,user_77e4c0fc15cb,False,1665014400,13,positif,0.9969,positif,tanpa_emoji,positif,ivanna
O29hLG_37qI,user_c1b1d32ec246,False,1665014400,3,negatif,0.9993,netral,tanpa_emoji,negatif,ivanna
O29hLG_37qI,user_446258facd5c,False,1665014400,1,negatif,0.999,negatif,tanpa_emoji,negatif,ivanna
O29hLG_37qI,user_b4455acd81ba,False,1665014400,1,positif,0.9956,netral,tanpa_emoji,positif,ivanna
O29hLG_37qI,user_973b41397791,False,1665014400,3,negatif,0.9866,netral,netral,negatif,ivanna
O29hLG_37qI,user_582ef589b277,False,1665014400,3,positif,0.8997,positif,tanpa_emoji,positif,ivanna
O29hLG_37qI,user_0e156858f61f,False,1665014400,3,positif,0.8115,negatif,netral,positif,ivanna
O29hLG_37qI,user_8485ced12539,False,1665014400,1,positif,0.9819,positif,tanpa_emoji,positif,ivanna
O29hLG_37qI,user_8f6ac8ac4224,False,1665014400,1,positif,0.9833,positif,tanpa_emoji,positif,ivanna
O29hLG_37qI,user_b41d15bccdcb,False,1665014400,2,positif,0.9926,netral,tanpa_emoji,positif,ivanna
O29hLG_37qI,user_beb148da9ca1,False,1665014400,3,negatif,0.9972,positif,tanpa_emoji,negatif,ivanna
O29hLG_37qI,user_8012ca607a7e,False,1665014400,1,positif,0.9767,netral,tanpa_emoji,positif,ivanna
O29hLG_37qI,user_f86805baf8cd,False,1665014400,1,positif,0.9835,positif,tanpa_emoji,positif,ivanna
O29hLG_37qI,user_2f33765badfb,False,1665014400,1,positif,0.9953,positif,tanpa_emoji,positif,ivanna
O29hLG_37qI,user_2d87f9c1aa19,False,1665014400,1,positif,0.8553,positif,positif,positif,ivanna
O29hLG_37qI,user_d2e927eae793,False,1665014400,2,netral,0.96,netral,tanpa_emoji,netral,ivanna
O29hLG_37qI,user_76c214990651,False,1665014400,1,negatif,0.9028,netral,tanpa_emoji,negatif,ivanna
O29hLG_37qI,user_9ecc2230301a,False,1665014400,1,positif,0.9792,positif,tanpa_emoji,positif,ivanna
O29hLG_37qI,user_51521d6eaf95,False,1665014400,1,negatif,0.8395,netral,tanpa_emoji,negatif,ivanna
O29hLG_37qI,user_39e594a5d2bf,False,1665014400,1,positif,0.9946,positif,netral,positif,ivanna
O29hLG_37qI,user_76925eff8131,False,1665014400,1,positif,0.9943,negatif,tanpa_emoji,positif,ivanna
O29hLG_37qI,user_fe7c5e11048a,False,1665014400,1,negatif,0.7989,negatif,tanpa_emoji,negatif,ivanna
O29hLG_37qI,user_dad87c6a53d8,False,1665014400,1,positif,0.9756,positif,tanpa_emoji,positif,ivanna
O29hLG_37qI,user_1788f910a6c7,False,1665014400,1,negatif,0.9791,positif,tanpa_emoji,negatif,ivanna
O29hLG_37qI,user_b6b7f8e9eac7,False,1665014400,1,positif,0.9899,netral,tanpa_emoji,positif,ivanna
O29hLG_37qI,user_c881dfa36ff6,False,1665014400,1,positif,0.7154,positif,positif,positif,ivanna
O29hLG_37qI,user_a02897d4c38d,False,1665014400,1,positif,0.9474,netral,tanpa_emoji,positif,ivanna
O29hLG_37qI,user_6149c24ec206,False,1665014400,1,negatif,0.9985,negatif,tanpa_emoji,negatif,ivanna
O29hLG_37qI,user_895efa44ce5b,False,1665014400,1,positif,0.9764,positif,tanpa_emoji,positif,ivanna
O29hLG_37qI,user_4f749a01b43b,False,1696550400,1,positif,0.9151,netral,netral,positif,ivanna
O29hLG_37qI,user_e6716170ff46,False,1665014400,1,negatif,0.9814,netral,positif,negatif,ivanna
O29hLG_37qI,user_a3290056e418,False,1665014400,2,negatif,0.9739,positif,positif,negatif,ivanna
O29hLG_37qI,user_023a033959b4,False,1696550400,1,negatif,0.8607,netral,netral,negatif,ivanna
O29hLG_37qI,user_0cf88e8e8519,False,1665014400,1,negatif,0.7725,negatif,tanpa_emoji,negatif,ivanna
O29hLG_37qI,user_8c052849c596,False,1665014400,1,negatif,0.752,netral,tanpa_emoji,negatif,ivanna
O29hLG_37qI,user_f10cad24e556,False,1665014400,1,negatif,0.9921,netral,netral,negatif,ivanna
O29hLG_37qI,user_7efde749cb62,False,1665014400,0,negatif,0.482,netral,tanpa_emoji,negatif,ivanna
O29hLG_37qI,user_fc979cffbfb2,False,1665014400,1,positif,0.9871,positif,positif,positif,ivanna
O29hLG_37qI,user_8d8dd6605a94,False,1665014400,0,positif,0.9878,netral,tanpa_emoji,positif,ivanna
O29hLG_37qI,user_641059feff12,False,1665014400,2,netral,0.5378,positif,tanpa_emoji,netral,ivanna
O29hLG_37qI,user_ce1505d4cab3,False,1665014400,1,negatif,0.9371,netral,tanpa_emoji,negatif,ivanna
O29hLG_37qI,user_a1a797502b4f,False,1665014400,1,positif,0.9811,positif,tanpa_emoji,positif,ivanna
O29hLG_37qI,user_35c71cbbd0db,False,1665014400,1,positif,0.99,netral,tanpa_emoji,positif,ivanna
O29hLG_37qI,user_5e2310e2256f,False,1665014400,1,positif,0.9919,positif,tanpa_emoji,positif,ivanna
O29hLG_37qI,user_fa181df47874,False,1665014400,1,negatif,0.8394,netral,tanpa_emoji,negatif,ivanna
O29hLG_37qI,user_ef883272e1f4,False,1665014400,1,positif,0.9856,positif,tanpa_emoji,positif,ivanna
O29hLG_37qI,user_26d4e26bc273,False,1665014400,0,negatif,0.6476,netral,tanpa_emoji,negatif,ivanna
O29hLG_37qI,user_1fa7210610d4,False,1665014400,2,netral,0.474,netral,tanpa_emoji,netral,ivanna
O29hLG_37qI,user_c5e67c2e3dbc,False,1665014400,2,positif,0.9942,netral,tanpa_emoji,positif,ivanna
O29hLG_37qI,user_b6f0de618d41,False,1665014400,1,positif,0.642,positif,tanpa_emoji,positif,ivanna
O29hLG_37qI,user_6ba9df9bd7b6,False,1665014400,1,positif,0.997,netral,tanpa_emoji,positif,ivanna
O29hLG_37qI,user_b5b773acaa6c,False,1759708800,2,positif,0.6413,netral,tanpa_emoji,positif,ivanna
O29hLG_37qI,user_cee739d85c89,False,1665014400,1,positif,0.9726,positif,tanpa_emoji,positif,ivanna
O29hLG_37qI,user_6eb070a55796,False,1665014400,1,positif,0.9809,positif,tanpa_emoji,positif,ivanna
O29hLG_37qI,user_7969d1d03cd8,False,1665014400,1,positif,0.3859,negatif,tanpa_emoji,positif,ivanna
O29hLG_37qI,user_8159e1b9a386,False,1759708800,1,positif,0.995,positif,positif,positif,ivanna
O29hLG_37qI,user_c708aa11b80a,False,1665014400,0,negatif,0.9716,netral,netral,negatif,ivanna
O29hLG_37qI,user_6b19a9a83d02,False,1665014400,1,negatif,0.9985,negatif,netral,negatif,ivanna
O29hLG_37qI,user_5bc4f745d132,False,1696550400,2,netral,0.9729,netral,tanpa_emoji,netral,ivanna
O29hLG_37qI,user_eb82fd6a9328,False,1665014400,0,positif,0.9802,netral,netral,positif,ivanna
O29hLG_37qI,user_4f824832d421,False,1665014400,1,positif,0.9667,positif,positif,positif,ivanna
O29hLG_37qI,user_d46a793128f4,False,1665014400,1,positif,0.99,netral,tanpa_emoji,positif,ivanna
O29hLG_37qI,user_6c4364d0cee0,False,1665014400,1,positif,0.9474,netral,tanpa_emoji,positif,ivanna
O29hLG_37qI,user_5f622103adc1,False,1665014400,0,positif,0.9864,positif,positif,positif,ivanna
O29hLG_37qI,user_592c79c8a087,False,1696550400,1,netral,0.9206,netral,tanpa_emoji,netral,ivanna
O29hLG_37qI,user_95fe9b8b86c5,False,1665014400,1,positif,0.9937,positif,netral,positif,ivanna
O29hLG_37qI,user_b27a34d19397,False,1665014400,1,negatif,0.9603,netral,tanpa_emoji,negatif,ivanna
O29hLG_37qI,user_1715def55540,False,1665014400,1,positif,0.9863,positif,tanpa_emoji,positif,ivanna
O29hLG_37qI,user_76c4a4d9c939,False,1665014400,1,positif,0.9941,positif,tanpa_emoji,positif,ivanna
O29hLG_37qI,user_cabe42858669,False,1665014400,0,positif,0.9938,positif,positif,positif,ivanna
O29hLG_37qI,user_5f82acf8e464,False,1665014400,1,negatif,0.6246,negatif,tanpa_emoji,negatif,ivanna
O29hLG_37qI,user_645089f3a80a,False,1665014400,2,positif,0.9786,positif,netral,positif,ivanna
O29hLG_37qI,user_c68074f23155,False,1665014400,1,negatif,0.9906,positif,netral,negatif,ivanna
O29hLG_37qI,user_8d6c767e1967,False,1665014400,0,positif,0.9654,positif,tanpa_emoji,positif,ivanna
O29hLG_37qI,user_9a1e7f7bd9d9,False,1728172800,1,positif,0.9902,positif,tanpa_emoji,positif,ivanna
O29hLG_37qI,user_e90d962ad80d,False,1665014400,1,netral,0.8947,netral,tanpa_emoji,netral,ivanna
O29hLG_37qI,user_cb378835646a,False,1665014400,0,positif,0.9936,positif,tanpa_emoji,positif,ivanna
O29hLG_37qI,user_1672d542cddc,False,1665014400,0,negatif,0.9785,netral,positif,negatif,ivanna
O29hLG_37qI,user_82515f84f8e3,False,1665014400,1,positif,0.9926,positif,positif,positif,ivanna
O29hLG_37qI,user_0400b2ed943d,False,1665014400,0,negatif,0.5054,positif,netral,negatif,ivanna
O29hLG_37qI,user_0db10f8e102c,False,1665014400,0,positif,0.9926,positif,tanpa_emoji,positif,ivanna
O29hLG_37qI,user_8ccd449f49c2,False,1665014400,1,positif,0.9122,positif,tanpa_emoji,positif,ivanna
O29hLG_37qI,user_5bc4f745d132,False,1759708800,2,negatif,0.9944,positif,tanpa_emoji,negatif,ivanna
O29hLG_37qI,user_bd046d7ed598,False,1665014400,0,netral,0.9129,netral,tanpa_emoji,netral,ivanna
O29hLG_37qI,user_9e2546ce00cc,False,1665014400,2,negatif,0.514,positif,tanpa_emoji,negatif,ivanna
O29hLG_37qI,user_4ae019b7d82e,False,1665014400,0,positif,0.9947,positif,tanpa_emoji,positif,ivanna
O29hLG_37qI,user_01f153c9a6dd,False,1665014400,0,negatif,0.9916,positif,positif,negatif,ivanna
O29hLG_37qI,user_0a9702a1699a,False,1665014400,0,positif,0.9948,positif,tanpa_emoji,positif,ivanna
O29hLG_37qI,user_23c5b1dc12b2,False,1665014400,1,positif,0.9974,netral,tanpa_emoji,positif,ivanna
O29hLG_37qI,user_73a3069f10e6,False,1665014400,0,negatif,0.5308,positif,tanpa_emoji,negatif,ivanna
O29hLG_37qI,user_8012ca607a7e,False,1665014400,0,positif,0.9767,netral,tanpa_emoji,positif,ivanna
O29hLG_37qI,user_01e7faee3bc8,False,1665014400,0,positif,0.9764,positif,tanpa_emoji,positif,ivanna
O29hLG_37qI,user_315e77c80fc0,False,1665014400,0,positif,0.7765,netral,tanpa_emoji,positif,ivanna
O29hLG_37qI,user_962e2453f194,False,1665014400,0,positif,0.9673,positif,tanpa_emoji,positif,ivanna
O29hLG_37qI,user_c7766de2c791,False,1665014400,1,negatif,0.5019,positif,tanpa_emoji,negatif,ivanna
O29hLG_37qI,user_143d7c16eec4,False,1665014400,0,positif,0.9766,positif,netral,positif,ivanna
O29hLG_37qI,user_a4b6eee2e10a,False,1665014400,1,positif,0.9976,negatif,tanpa_emoji,positif,ivanna
O29hLG_37qI,user_dadbc735299a,False,1665014400,0,positif,0.9947,positif,positif,positif,ivanna
O29hLG_37qI,user_51b013814ce2,False,1665014400,0,positif,0.6604,netral,tanpa_emoji,positif,ivanna
O29hLG_37qI,user_23c5b1dc12b2,False,1665014400,1,positif,0.657,positif,tanpa_emoji,positif,ivanna
O29hLG_37qI,user_ebaf23757ff7,False,1665014400,2,negatif,0.9893,netral,netral,negatif,ivanna
O29hLG_37qI,user_bf7c3e23537d,False,1665014400,1,positif,0.9331,positif,netral,positif,ivanna
O29hLG_37qI,user_4744733fb08d,False,1665014400,0,negatif,0.9965,positif,positif,negatif,ivanna
O29hLG_37qI,user_a312845b1275,False,1665014400,0,negatif,0.5265,netral,tanpa_emoji,negatif,ivanna
O29hLG_37qI,user_bb7b966e7207,False,1665014400,0,positif,0.9951,positif,positif,positif,ivanna
O29hLG_37qI,user_4424a3ab93ad,False,1665014400,0,positif,0.9975,positif,tanpa_emoji,positif,ivanna
O29hLG_37qI,user_c4bce5e5a1a3,False,1665014400,0,positif,0.9947,positif,tanpa_emoji,positif,ivanna
O29hLG_37qI,user_e1ac06a25138,False,1665014400,0,positif,0.9929,netral,tanpa_emoji,positif,ivanna
O29hLG_37qI,user_2afd6657479e,False,1665014400,1,netral,0.9243,positif,positif,netral,ivanna
O29hLG_37qI,user_79a488db329a,False,1665014400,0,negatif,0.9817,netral,tanpa_emoji,negatif,ivanna
O29hLG_37qI,user_831352f134f8,False,1665014400,1,netral,0.9923,netral,tanpa_emoji,netral,ivanna
O29hLG_37qI,user_f11c15c185b7,False,1665014400,0,positif,0.9946,positif,tanpa_emoji,positif,ivanna
O29hLG_37qI,user_b7c936b70836,False,1665014400,0,positif,0.9922,positif,positif,positif,ivanna
O29hLG_37qI,user_34a1266199e6,False,1665014400,0,positif,0.9886,netral,tanpa_emoji,positif,ivanna
O29hLG_37qI,user_e014b5caad2b,False,1665014400,0,positif,0.9804,positif,positif,positif,ivanna
O29hLG_37qI,user_22ac2f2239c6,False,1665014400,0,positif,0.9974,positif,positif,positif,ivanna
O29hLG_37qI,user_1f0fa2e78e27,False,1665014400,0,negatif,0.5554,positif,positif,positif,ivanna
O29hLG_37qI,user_8c3ab0b5f1f4,False,1665014400,0,negatif,0.9988,negatif,tanpa_emoji,negatif,ivanna
O29hLG_37qI,user_e1d253e8f1df,False,1665014400,1,positif,0.9839,netral,tanpa_emoji,positif,ivanna
O29hLG_37qI,user_2f536c29b3cc,False,1665014400,1,positif,0.9276,positif,tanpa_emoji,positif,ivanna
O29hLG_37qI,user_f8dbd85fc7bf,False,1665014400,0,positif,0.9327,positif,positif,positif,ivanna
O29hLG_37qI,user_1f0fa2e78e27,False,1665014400,0,negatif,0.5554,positif,positif,positif,ivanna
O29hLG_37qI,user_337fbef4214b,False,1665014400,0,negatif,0.8912,positif,netral,negatif,ivanna
O29hLG_37qI,user_bf44c42112a8,False,1696550400,0,positif,0.9954,positif,tanpa_emoji,positif,ivanna
O29hLG_37qI,user_bc68a2ff2a8d,False,1665014400,0,positif,0.4599,netral,tanpa_emoji,positif,ivanna
O29hLG_37qI,user_4e5298180b74,False,1665014400,1,positif,0.7198,netral,tanpa_emoji,positif,ivanna
O29hLG_37qI,user_c11fd779187b,False,1665014400,1,positif,0.7687,positif,tanpa_emoji,positif,ivanna
O29hLG_37qI,user_f0bdc9a17d31,False,1665014400,0,negatif,0.6903,netral,tanpa_emoji,negatif,ivanna
O29hLG_37qI,user_4921242655e9,False,1665014400,0,negatif,0.9914,netral,netral,negatif,ivanna
O29hLG_37qI,user_6c17536d8db4,False,1665014400,1,negatif,0.7479,netral,tanpa_emoji,negatif,ivanna
O29hLG_37qI,user_8c623360d1f1,False,1665014400,0,positif,0.9717,positif,positif,positif,ivanna
O29hLG_37qI,user_81bf38194e9b,False,1665014400,0,positif,0.9967,positif,tanpa_emoji,positif,ivanna
O29hLG_37qI,user_5fbd614adbba,False,1665014400,0,positif,0.9978,netral,tanpa_emoji,positif,ivanna
O29hLG_37qI,user_150af8244797,False,1665014400,1,negatif,0.5986,positif,tanpa_emoji,negatif,ivanna
O29hLG_37qI,user_50778d991e55,False,1665014400,0,positif,0.9978,positif,positif,positif,ivanna
O29hLG_37qI,user_99b854993470,False,1770336000,0,positif,0.996,positif,tanpa_emoji,positif,ivanna
O29hLG_37qI,user_dad87c6a53d8,False,1665014400,0,positif,0.9537,positif,tanpa_emoji,positif,ivanna
O29hLG_37qI,user_4cb4d9fe4925,False,1665014400,0,positif,0.9902,positif,tanpa_emoji,positif,ivanna
O29hLG_37qI,user_4aafd276e29d,False,1665014400,0,positif,0.7391,netral,tanpa_emoji,positif,ivanna
O29hLG_37qI,user_3cc1aa4e3c35,False,1665014400,0,negatif,0.999,positif,tanpa_emoji,negatif,ivanna
O29hLG_37qI,user_607158dfb13f,False,1665014400,0,positif,0.7906,negatif,tanpa_emoji,positif,ivanna
O29hLG_37qI,user_0635cd3366d6,False,1665014400,0,negatif,0.7214,netral,tanpa_emoji,negatif,ivanna
O29hLG_37qI,user_0b6e593c49fb,False,1665014400,0,negatif,0.8629,netral,tanpa_emoji,negatif,ivanna
O29hLG_37qI,user_21bae03279c2,False,1665014400,0,positif,0.9989,negatif,netral,positif,ivanna
O29hLG_37qI,user_88fe17c35d9f,False,1665014400,0,positif,0.7902,netral,tanpa_emoji,positif,ivanna
O29hLG_37qI,user_60c8067151be,False,1665014400,0,positif,0.9646,positif,tanpa_emoji,positif,ivanna
O29hLG_37qI,user_c5795cc7c751,False,1665014400,0,positif,0.9368,netral,tanpa_emoji,positif,ivanna
O29hLG_37qI,user_75239395234b,False,1665014400,0,negatif,0.977,netral,tanpa_emoji,negatif,ivanna
O29hLG_37qI,user_4857ecd0220d,False,1696550400,0,positif,0.9961,positif,tanpa_emoji,positif,ivanna
O29hLG_37qI,user_5b48bc61d5b1,False,1665014400,0,positif,0.9973,positif,tanpa_emoji,positif,ivanna
O29hLG_37qI,user_051ffeb43ea3,False,1665014400,0,negatif,0.5484,positif,tanpa_emoji,negatif,ivanna
O29hLG_37qI,user_01359284e198,False,1665014400,0,negatif,0.9884,netral,tanpa_emoji,negatif,ivanna
O29hLG_37qI,user_525c662fb93b,False,1665014400,0,positif,0.9814,netral,tanpa_emoji,positif,ivanna
O29hLG_37qI,user_662ed54b79a3,False,1665014400,1,positif,0.9965,positif,positif,positif,ivanna
O29hLG_37qI,user_307d2e2a7cd9,False,1665014400,0,negatif,0.4419,netral,netral,negatif,ivanna
O29hLG_37qI,user_895052acf9b2,False,1665014400,0,positif,0.9804,positif,positif,positif,ivanna
O29hLG_37qI,user_700d56210921,False,1665014400,0,negatif,0.7188,netral,netral,negatif,ivanna
O29hLG_37qI,user_df7a7df23664,False,1665014400,1,positif,0.9955,netral,tanpa_emoji,positif,ivanna
O29hLG_37qI,user_ed78387b04b5,False,1665014400,0,positif,0.9984,positif,tanpa_emoji,positif,ivanna
O29hLG_37qI,user_77ff2d004161,False,1665014400,0,positif,0.9957,positif,tanpa_emoji,positif,ivanna
O29hLG_37qI,user_5b01f76c80fb,False,1665014400,0,negatif,0.745,negatif,tanpa_emoji,negatif,ivanna
O29hLG_37qI,user_887d0c22d848,False,1665014400,0,positif,0.9918,positif,positif,positif,ivanna
O29hLG_37qI,user_2c25ce0a3872,False,1665014400,0,positif,0.9597,positif,tanpa_emoji,positif,ivanna
O29hLG_37qI,user_d98be8f0c334,False,1665014400,0,positif,0.8251,positif,netral,positif,ivanna
O29hLG_37qI,user_ff9f44a5be1b,False,1665014400,0,netral,0.9013,netral,tanpa_emoji,netral,ivanna
O29hLG_37qI,user_36da5cd1ef6e,False,1696550400,0,positif,0.9939,positif,tanpa_emoji,positif,ivanna
O29hLG_37qI,user_e77bb846e635,False,1665014400,0,negatif,0.9757,netral,netral,negatif,ivanna
O29hLG_37qI,user_ff9f44a5be1b,False,1665014400,0,netral,0.9013,netral,tanpa_emoji,netral,ivanna
O29hLG_37qI,user_9d3a97e81326,False,1665014400,1,positif,0.6472,positif,tanpa_emoji,positif,ivanna
O29hLG_37qI,user_18898328f849,False,1665014400,0,positif,0.7417,positif,tanpa_emoji,positif,ivanna
O29hLG_37qI,user_969f7f9d9d4a,False,1665014400,0,positif,0.9982,positif,tanpa_emoji,positif,ivanna
O29hLG_37qI,user_45cfba337e62,False,1665014400,0,netral,0.9764,netral,tanpa_emoji,netral,ivanna
O29hLG_37qI,user_ed5b02736751,False,1665014400,1,negatif,0.7345,negatif,tanpa_emoji,negatif,ivanna
O29hLG_37qI,user_ce2535a1ad90,False,1665014400,0,positif,0.9974,positif,tanpa_emoji,positif,ivanna
O29hLG_37qI,user_a308e370e767,False,1665014400,0,positif,0.992,negatif,tanpa_emoji,positif,ivanna
O29hLG_37qI,user_65e0b43b5f80,False,1665014400,1,positif,0.9872,netral,tanpa_emoji,positif,ivanna
O29hLG_37qI,user_f1df5cc51725,False,1665014400,0,negatif,0.9463,netral,tanpa_emoji,negatif,ivanna
O29hLG_37qI,user_cce09bf2ec03,False,1665014400,0,negatif,0.8479,netral,tanpa_emoji,negatif,ivanna
O29hLG_37qI,user_23dc382d7f81,False,1665014400,1,negatif,0.9781,netral,tanpa_emoji,negatif,ivanna
O29hLG_37qI,user_baafe4009d9a,False,1665014400,0,positif,0.6834,netral,netral,positif,ivanna
O29hLG_37qI,user_1559793fc255,False,1665014400,0,negatif,0.7184,negatif,tanpa_emoji,negatif,ivanna
O29hLG_37qI,user_47121edb4be8,False,1665014400,0,negatif,0.9864,netral,tanpa_emoji,negatif,ivanna
O29hLG_37qI,user_37c697166eb1,False,1665014400,0,negatif,0.8005,netral,tanpa_emoji,negatif,ivanna
O29hLG_37qI,user_12a48796944d,False,1665014400,2,negatif,0.9898,netral,tanpa_emoji,negatif,ivanna
O29hLG_37qI,user_c7f2d7e941c0,False,1696550400,0,positif,0.9843,netral,tanpa_emoji,positif,ivanna
O29hLG_37qI,user_98011df2b319,False,1665014400,0,negatif,0.9971,negatif,netral,negatif,ivanna
O29hLG_37qI,user_c1804a4fe280,False,1665014400,0,positif,0.8844,positif,positif,positif,ivanna
O29hLG_37qI,user_24d0b517d962,False,1665014400,0,positif,0.9887,positif,tanpa_emoji,positif,ivanna
O29hLG_37qI,user_a312845b1275,False,1665014400,0,positif,0.9949,positif,tanpa_emoji,positif,ivanna
O29hLG_37qI,user_8cbc5f90974b,False,1665014400,1,negatif,0.9944,netral,netral,negatif,ivanna
O29hLG_37qI,user_4947fc03f6a8,False,1665014400,0,negatif,0.6978,netral,tanpa_emoji,negatif,ivanna
O29hLG_37qI,user_1ce45f806025,False,1665014400,0,negatif,0.7944,positif,positif,negatif,ivanna
O29hLG_37qI,user_e41874be4ab4,False,1665014400,0,positif,0.5685,netral,tanpa_emoji,positif,ivanna
O29hLG_37qI,user_fc80e4662ee7,False,1665014400,0,positif,0.866,netral,tanpa_emoji,positif,ivanna
O29hLG_37qI,user_5639236fec8c,False,1665014400,1,negatif,0.9858,positif,positif,positif,ivanna
O29hLG_37qI,user_e0e0df1739d6,False,1665014400,0,negatif,0.7563,negatif,netral,negatif,ivanna
O29hLG_37qI,user_344482a5a513,False,1665014400,0,positif,0.868,netral,tanpa_emoji,positif,ivanna
O29hLG_37qI,user_a5a2e34ae606,False,1665014400,0,negatif,0.6233,netral,netral,negatif,ivanna
O29hLG_37qI,user_6b61cd930c41,False,1665014400,1,positif,0.9978,positif,positif,positif,ivanna
O29hLG_37qI,user_db1968431d1f,False,1665014400,0,negatif,0.9911,positif,netral,negatif,ivanna
O29hLG_37qI,user_96a6774c82c5,False,1665014400,2,negatif,0.9683,netral,tanpa_emoji,negatif,ivanna
O29hLG_37qI,user_2b2183df0ff7,False,1665014400,0,negatif,0.5337,netral,tanpa_emoji,negatif,ivanna
O29hLG_37qI,user_594cc4b11188,False,1665014400,0,negatif,0.9704,positif,netral,negatif,ivanna
O29hLG_37qI,user_409feb88722b,False,1665014400,1,negatif,0.8439,netral,tanpa_emoji,negatif,ivanna
O29hLG_37qI,user_a1dbbdc3bc57,False,1696550400,0,positif,0.9921,positif,positif,positif,ivanna
O29hLG_37qI,user_5c7c03518d7e,False,1665014400,0,positif,0.9937,positif,tanpa_emoji,positif,ivanna
O29hLG_37qI,user_95d33a4ca101,False,1665014400,0,negatif,0.6309,positif,positif,negatif,ivanna
O29hLG_37qI,user_6312c8055dfe,False,1665014400,0,positif,0.9907,netral,tanpa_emoji,positif,ivanna
O29hLG_37qI,user_75054078d817,False,1665014400,0,positif,0.9943,negatif,tanpa_emoji,positif,ivanna
O29hLG_37qI,user_86e542a24000,False,1665014400,0,positif,0.9961,negatif,tanpa_emoji,positif,ivanna
O29hLG_37qI,user_4267b1ed4193,False,1665014400,0,positif,0.7164,positif,tanpa_emoji,positif,ivanna
O29hLG_37qI,user_e58c5dd87880,False,1665014400,0,positif,0.9023,positif,tanpa_emoji,positif,ivanna
O29hLG_37qI,user_135fa779ee74,False,1665014400,0,positif,0.9909,positif,tanpa_emoji,positif,ivanna
O29hLG_37qI,user_a3290056e418,False,1665014400,0,positif,0.6741,positif,tanpa_emoji,positif,ivanna
O29hLG_37qI,user_56268b3a4dcd,False,1665014400,0,positif,0.9982,positif,tanpa_emoji,positif,ivanna
O29hLG_37qI,user_787ee04307cd,False,1665014400,0,netral,0.9911,netral,tanpa_emoji,netral,ivanna
O29hLG_37qI,user_e6b8b811396b,False,1665014400,0,positif,0.9955,positif,tanpa_emoji,positif,ivanna
O29hLG_37qI,user_62d6910a8feb,False,1696550400,0,positif,0.9939,positif,tanpa_emoji,positif,ivanna
O29hLG_37qI,user_e48dffc1fce1,False,1665014400,0,positif,0.5685,netral,tanpa_emoji,positif,ivanna
O29hLG_37qI,user_a06fb0e714e2,False,1665014400,1,negatif,0.9965,netral,positif,negatif,ivanna
O29hLG_37qI,user_93d15d402957,False,1665014400,1,positif,0.5262,netral,tanpa_emoji,positif,ivanna
O29hLG_37qI,user_b1e3badc3712,False,1665014400,0,negatif,0.7101,netral,tanpa_emoji,negatif,ivanna
O29hLG_37qI,user_e4a5ae3648ff,False,1665014400,1,netral,0.4626,netral,tanpa_emoji,netral,ivanna
O29hLG_37qI,user_10a434f7856e,False,1665014400,1,negatif,0.9888,netral,tanpa_emoji,negatif,ivanna
O29hLG_37qI,user_8c89d7b62dae,False,1665014400,0,netral,0.5529,netral,tanpa_emoji,netral,ivanna
O29hLG_37qI,user_197c39ebb153,False,1665014400,0,negatif,0.9471,netral,tanpa_emoji,negatif,ivanna
O29hLG_37qI,user_f77a1bedb664,False,1665014400,1,netral,0.7806,netral,tanpa_emoji,netral,ivanna
O29hLG_37qI,user_5feaf9c6077b,False,1696550400,0,positif,0.4565,positif,tanpa_emoji,positif,ivanna
O29hLG_37qI,user_488c943b7d45,False,1665014400,1,negatif,0.8847,positif,tanpa_emoji,negatif,ivanna
O29hLG_37qI,user_d6a14252faee,False,1665014400,0,negatif,0.4116,netral,tanpa_emoji,negatif,ivanna
O29hLG_37qI,user_c5c2b153f11b,False,1665014400,0,negatif,0.9707,positif,positif,negatif,ivanna
O29hLG_37qI,user_ccbf9a8b315b,False,1665014400,1,positif,0.971,positif,positif,positif,ivanna
O29hLG_37qI,user_1a2bbde06217,False,1665014400,1,positif,0.9646,positif,tanpa_emoji,positif,ivanna
O29hLG_37qI,user_a6ffb893f8c2,False,1665014400,0,positif,0.992,positif,tanpa_emoji,positif,ivanna
16A1f7cAoOQ,user_380b669030e3,False,1759708800,10,negatif,0.9948,netral,netral,negatif,soraya
16A1f7cAoOQ,user_34a3fb01c679,False,1778025600,1,negatif,0.9664,netral,netral,negatif,soraya
16A1f7cAoOQ,user_9035a1393c92,False,1759708800,0,negatif,0.6016,positif,tanpa_emoji,negatif,soraya
16A1f7cAoOQ,user_2c3a06babfc9,False,1759708800,3,positif,0.6754,positif,tanpa_emoji,positif,soraya
16A1f7cAoOQ,user_ad8402106f51,False,1764979200,0,positif,0.993,positif,positif,positif,soraya
16A1f7cAoOQ,user_ad8402106f51,False,1764979200,0,positif,0.998,positif,positif,positif,soraya
16A1f7cAoOQ,user_faa3adcc6c1d,False,1759708800,1,negatif,0.9975,positif,netral,negatif,soraya
16A1f7cAoOQ,user_8d863075a78a,False,1759708800,3,negatif,0.9738,netral,tanpa_emoji,negatif,soraya
16A1f7cAoOQ,user_fb198f11b424,False,1759708800,7,positif,0.8936,positif,tanpa_emoji,positif,soraya
16A1f7cAoOQ,user_6ff6b4a3efa7,True,1759708800,2,netral,0.5486,netral,tanpa_emoji,netral,soraya
16A1f7cAoOQ,user_f1a725f55982,False,1759708800,0,negatif,0.8771,netral,tanpa_emoji,negatif,soraya
16A1f7cAoOQ,user_72c8240ec2b7,False,1759708800,1,negatif,0.6175,netral,tanpa_emoji,negatif,soraya
16A1f7cAoOQ,user_0a0dd0ca4a7f,False,1759708800,1,netral,0.891,netral,tanpa_emoji,netral,soraya
16A1f7cAoOQ,user_bb8320cf7960,True,1759708800,1,netral,0.6956,netral,tanpa_emoji,netral,soraya
16A1f7cAoOQ,user_a93a7594a3ac,False,1759708800,1,negatif,0.9898,netral,tanpa_emoji,negatif,soraya
16A1f7cAoOQ,user_7246470f6590,False,1759708800,8,positif,0.9979,positif,tanpa_emoji,positif,soraya
16A1f7cAoOQ,user_08283125a9a9,False,1759708800,1,negatif,0.99,netral,netral,negatif,soraya
16A1f7cAoOQ,user_a823a28c2575,True,1759708800,1,positif,0.8353,positif,tanpa_emoji,positif,soraya
16A1f7cAoOQ,user_3c095d5b207d,False,1759708800,9,negatif,0.8836,negatif,tanpa_emoji,negatif,soraya
16A1f7cAoOQ,user_3fa24f52bf36,True,1759708800,2,negatif,0.9207,positif,tanpa_emoji,negatif,soraya
16A1f7cAoOQ,user_163b112f7aee,True,1759708800,1,negatif,0.9884,netral,tanpa_emoji,negatif,soraya
16A1f7cAoOQ,user_2ff5b4e6194b,False,1759708800,2,positif,0.8316,positif,tanpa_emoji,positif,soraya
16A1f7cAoOQ,user_ad8402106f51,False,1764979200,0,positif,0.9776,positif,positif,positif,soraya
16A1f7cAoOQ,user_e926fea00a1f,False,1759708800,1,positif,0.9003,negatif,netral,positif,soraya
4m5yC1BPNpw,user_92cc0cacccb3,False,1785974400,0,negatif,0.9989,netral,tanpa_emoji,negatif,soraya
4m5yC1BPNpw,user_5f8e13f65735,False,1785974400,0,positif,0.9661,netral,tanpa_emoji,positif,soraya
4m5yC1BPNpw,user_5f8e13f65735,False,1785974400,0,positif,0.998,positif,tanpa_emoji,positif,soraya
4m5yC1BPNpw,user_2cfbceba286d,False,1783296000,0,positif,0.9896,positif,tanpa_emoji,positif,soraya
4m5yC1BPNpw,user_7d800ab61d31,False,1775433600,3,negatif,0.989,netral,tanpa_emoji,negatif,soraya
4m5yC1BPNpw,user_86879ba65af5,True,1775433600,1,negatif,0.969,netral,netral,negatif,soraya
4m5yC1BPNpw,user_79679bc33c81,True,1778025600,0,negatif,0.9453,netral,tanpa_emoji,negatif,soraya
4m5yC1BPNpw,user_7981b0c3d0de,False,1770336000,1,positif,0.9755,positif,netral,positif,soraya
4m5yC1BPNpw,user_6054a328cb27,False,1762387200,1,netral,0.9247,positif,tanpa_emoji,netral,soraya
4m5yC1BPNpw,user_77b4f250a563,False,1762387200,1,positif,0.9824,positif,tanpa_emoji,positif,soraya
4m5yC1BPNpw,user_6054a328cb27,False,1762387200,1,positif,0.974,positif,tanpa_emoji,positif,soraya
4m5yC1BPNpw,user_c77e62f739b7,False,1759708800,1,negatif,0.9949,netral,tanpa_emoji,negatif,soraya
4m5yC1BPNpw,user_e3f0aed4295e,False,1759708800,1,positif,0.8647,negatif,negatif,positif,soraya
4m5yC1BPNpw,user_cc103df32fc5,False,1759708800,1,negatif,0.725,positif,tanpa_emoji,negatif,soraya
4m5yC1BPNpw,user_0baf3d8c28d8,False,1759708800,0,positif,0.7542,positif,tanpa_emoji,positif,soraya
4m5yC1BPNpw,user_077ac774d758,False,1759708800,0,negatif,0.9875,netral,netral,negatif,soraya
4m5yC1BPNpw,user_48efa894c08b,False,1759708800,0,positif,0.8996,netral,tanpa_emoji,positif,soraya
4m5yC1BPNpw,user_547c5f6e363a,True,1775433600,1,positif,0.7723,positif,tanpa_emoji,positif,soraya
4m5yC1BPNpw,user_d5406236dace,False,1759708800,0,netral,0.5966,netral,tanpa_emoji,netral,soraya
4m5yC1BPNpw,user_f1236cb8f43c,False,1759708800,1,positif,0.7657,positif,tanpa_emoji,positif,soraya
4m5yC1BPNpw,user_082e3c163c63,False,1728172800,1,netral,0.97,netral,tanpa_emoji,netral,soraya
4m5yC1BPNpw,user_5606f631d87a,False,1728172800,1,negatif,0.9865,netral,tanpa_emoji,negatif,soraya
4m5yC1BPNpw,user_424ee8bdf20d,False,1728172800,0,netral,0.6078,netral,tanpa_emoji,netral,soraya
4m5yC1BPNpw,user_fac60c426ba3,False,1728172800,0,netral,0.5987,netral,tanpa_emoji,netral,soraya
4m5yC1BPNpw,user_fac60c426ba3,True,1728172800,0,netral,0.5063,netral,tanpa_emoji,netral,soraya
4m5yC1BPNpw,user_009b3c67cd7d,False,1728172800,0,positif,0.9907,positif,tanpa_emoji,positif,soraya
4m5yC1BPNpw,user_9d191816132c,False,1728172800,1,negatif,0.9537,netral,netral,negatif,soraya
4m5yC1BPNpw,user_1e2863ebbeed,False,1728172800,1,negatif,0.6192,netral,tanpa_emoji,negatif,soraya
4m5yC1BPNpw,user_eaa1dca1cd89,False,1728172800,0,negatif,0.8688,netral,netral,negatif,soraya
4m5yC1BPNpw,user_a0fc3d48c47f,True,1728172800,0,negatif,0.6399,netral,tanpa_emoji,negatif,soraya
4m5yC1BPNpw,user_19149ead6c71,False,1728172800,0,negatif,0.9991,netral,tanpa_emoji,negatif,soraya
4m5yC1BPNpw,user_57459980e5d8,False,1728172800,0,negatif,0.9698,positif,netral,negatif,soraya
4m5yC1BPNpw,user_fff91621c612,False,1728172800,0,negatif,0.6159,positif,positif,negatif,soraya
4m5yC1BPNpw,user_f55b07288e45,False,1728172800,2,positif,0.9976,positif,tanpa_emoji,positif,soraya
4m5yC1BPNpw,user_48cdd21a27cc,False,1696550400,0,negatif,0.9915,negatif,tanpa_emoji,negatif,soraya
4m5yC1BPNpw,user_ecf0e77565e2,True,1696550400,2,positif,0.5115,netral,tanpa_emoji,positif,soraya
4m5yC1BPNpw,user_f562b85130b8,False,1696550400,0,positif,0.9497,positif,positif,positif,soraya
4m5yC1BPNpw,user_ecf0e77565e2,True,1696550400,0,negatif,0.9574,negatif,tanpa_emoji,negatif,soraya
4m5yC1BPNpw,user_e4ff7f37d7cf,False,1696550400,0,negatif,0.753,positif,tanpa_emoji,negatif,soraya
4m5yC1BPNpw,user_43e41598f8a1,False,1696550400,1,negatif,0.5012,netral,tanpa_emoji,negatif,soraya
4m5yC1BPNpw,user_341128e78fdc,True,1696550400,1,negatif,0.765,netral,tanpa_emoji,negatif,soraya
4m5yC1BPNpw,user_19d9e0c9ec9c,False,1696550400,1,negatif,0.9953,netral,tanpa_emoji,negatif,soraya
4m5yC1BPNpw,user_2c90d177ad5e,False,1696550400,1,netral,0.4826,netral,tanpa_emoji,netral,soraya
4m5yC1BPNpw,user_7eeb1aaabd69,True,1696550400,2,positif,0.925,positif,tanpa_emoji,positif,soraya
4m5yC1BPNpw,user_6e06b10989b1,True,1696550400,0,negatif,0.9671,negatif,tanpa_emoji,negatif,soraya
4m5yC1BPNpw,user_f1b125c40d48,True,1696550400,5,positif,0.8595,netral,tanpa_emoji,positif,soraya
4m5yC1BPNpw,user_d950a1138663,False,1696550400,0,positif,0.9919,netral,tanpa_emoji,positif,soraya
4m5yC1BPNpw,user_49d4245f233c,False,1696550400,1,netral,0.6215,netral,tanpa_emoji,netral,soraya
4m5yC1BPNpw,user_04695eaec323,False,1696550400,1,positif,0.8366,netral,tanpa_emoji,positif,soraya
4m5yC1BPNpw,user_bf78f9042887,True,1696550400,0,negatif,0.6583,netral,tanpa_emoji,negatif,soraya
4m5yC1BPNpw,user_7685e8706b22,False,1696550400,0,negatif,0.9373,netral,netral,negatif,soraya
4m5yC1BPNpw,user_bf78f9042887,True,1696550400,0,negatif,0.9949,netral,tanpa_emoji,negatif,soraya
4m5yC1BPNpw,user_4ef9ba7712e4,False,1696550400,2,positif,0.9707,netral,tanpa_emoji,positif,soraya
4m5yC1BPNpw,user_bf78f9042887,True,1696550400,0,positif,0.9904,positif,tanpa_emoji,positif,soraya
4m5yC1BPNpw,user_82df062d9503,False,1696550400,1,netral,0.7222,netral,tanpa_emoji,netral,soraya
4m5yC1BPNpw,user_864a39909692,True,1696550400,0,negatif,0.9844,netral,tanpa_emoji,negatif,soraya
4m5yC1BPNpw,user_4d8afca62e95,False,1696550400,1,positif,0.9882,positif,tanpa_emoji,positif,soraya
4m5yC1BPNpw,user_aaef0fed6054,False,1696550400,1,negatif,0.67,netral,tanpa_emoji,negatif,soraya
4m5yC1BPNpw,user_a8828f1326d5,False,1696550400,2,negatif,0.9988,netral,netral,negatif,soraya
4m5yC1BPNpw,user_2a25b61cd7dd,False,1696550400,1,positif,0.9675,positif,positif,positif,soraya
4m5yC1BPNpw,user_98b59db5c8f2,False,1696550400,1,netral,0.9971,netral,tanpa_emoji,netral,soraya
4m5yC1BPNpw,user_43998c03e700,False,1696550400,3,positif,0.8237,netral,netral,positif,soraya
4m5yC1BPNpw,user_bf78f9042887,True,1696550400,0,negatif,0.8248,netral,tanpa_emoji,negatif,soraya
4m5yC1BPNpw,user_c665262c835c,False,1696550400,3,positif,0.837,netral,tanpa_emoji,positif,soraya
4m5yC1BPNpw,user_0c15c8c39ff1,False,1696550400,3,negatif,0.9941,positif,netral,negatif,soraya
4m5yC1BPNpw,user_5149877cb372,False,1696550400,2,netral,0.8872,netral,tanpa_emoji,netral,soraya
4m5yC1BPNpw,user_fa012f3c7403,False,1696550400,1,negatif,0.6124,netral,netral,netral,soraya
4m5yC1BPNpw,user_b6bc62635d7d,False,1696550400,1,positif,0.8911,positif,positif,positif,soraya
4m5yC1BPNpw,user_ccbf9a8b315b,False,1665014400,1,negatif,0.8979,netral,tanpa_emoji,negatif,soraya
4m5yC1BPNpw,user_659b16ff97d9,False,1665014400,1,negatif,0.4685,netral,tanpa_emoji,negatif,soraya
4m5yC1BPNpw,user_6782269269cb,False,1665014400,3,negatif,0.8342,negatif,tanpa_emoji,negatif,soraya
4m5yC1BPNpw,user_c5e172df84e6,True,1696550400,1,netral,0.8099,netral,tanpa_emoji,netral,soraya
4m5yC1BPNpw,user_f9bd53b805b3,False,1665014400,1,positif,0.9939,positif,netral,positif,soraya
4m5yC1BPNpw,user_e1b16f6439cd,False,1665014400,1,negatif,0.9953,positif,tanpa_emoji,negatif,soraya
4m5yC1BPNpw,user_fdc1b04b56fb,False,1665014400,2,positif,0.9358,positif,tanpa_emoji,positif,soraya
4m5yC1BPNpw,user_287c2f73b851,False,1665014400,2,negatif,0.9938,netral,netral,negatif,soraya
4m5yC1BPNpw,user_eb7bd821552e,False,1665014400,1,netral,0.8748,netral,tanpa_emoji,netral,soraya
4m5yC1BPNpw,user_1d7778bb113b,False,1665014400,5,negatif,0.9813,netral,netral,negatif,soraya
4m5yC1BPNpw,user_4f749a01b43b,False,1665014400,4,positif,0.9978,positif,positif,positif,soraya
4m5yC1BPNpw,user_e527e43771d1,False,1665014400,3,negatif,0.9529,netral,tanpa_emoji,negatif,soraya
4m5yC1BPNpw,user_22432ed90f62,False,1665014400,1,negatif,0.9089,netral,tanpa_emoji,negatif,soraya
4m5yC1BPNpw,user_ee944ec94df6,False,1665014400,0,negatif,0.9845,netral,tanpa_emoji,negatif,soraya
4m5yC1BPNpw,user_c52bf52c17c0,False,1665014400,1,positif,0.6903,positif,tanpa_emoji,positif,soraya
4m5yC1BPNpw,user_bd53e708b610,False,1665014400,0,positif,0.9966,positif,tanpa_emoji,positif,soraya
4m5yC1BPNpw,user_6fac30fc981f,False,1665014400,0,negatif,0.9379,netral,tanpa_emoji,negatif,soraya
4m5yC1BPNpw,user_2bbbf36da641,False,1665014400,4,negatif,0.9992,negatif,tanpa_emoji,negatif,soraya
4m5yC1BPNpw,user_d56ffe828076,False,1665014400,0,positif,0.6385,netral,netral,positif,soraya
4m5yC1BPNpw,user_98401a7b0bd3,False,1665014400,0,negatif,0.7323,netral,tanpa_emoji,negatif,soraya
4m5yC1BPNpw,user_22477fd7636e,False,1665014400,0,negatif,0.9595,positif,tanpa_emoji,negatif,soraya
4m5yC1BPNpw,user_2432e8cfdfac,False,1665014400,1,positif,0.9961,positif,positif,positif,soraya
4m5yC1BPNpw,user_617715fdb668,False,1665014400,3,positif,0.9989,positif,positif,positif,soraya
4m5yC1BPNpw,user_fbf3f2d26b7c,False,1665014400,1,positif,0.9885,positif,tanpa_emoji,positif,soraya
4m5yC1BPNpw,user_986364e9729e,False,1665014400,11,positif,0.995,positif,tanpa_emoji,positif,soraya
4m5yC1BPNpw,user_4712951e8583,False,1665014400,0,negatif,0.9955,positif,positif,negatif,soraya
4m5yC1BPNpw,user_04baef7ea03f,False,1665014400,0,positif,0.9259,netral,tanpa_emoji,positif,soraya
4m5yC1BPNpw,user_a6037f7a4c54,False,1665014400,0,negatif,0.9881,netral,tanpa_emoji,negatif,soraya
4m5yC1BPNpw,user_8d943dc7c82a,False,1665014400,0,negatif,0.9127,netral,tanpa_emoji,negatif,soraya
4m5yC1BPNpw,user_b4a41ec68f1d,False,1633478400,0,netral,0.8306,netral,tanpa_emoji,netral,soraya
4m5yC1BPNpw,user_930982a27fe0,False,1633478400,0,positif,0.9959,positif,positif,positif,soraya
4m5yC1BPNpw,user_18bab85cfea9,False,1633478400,0,negatif,0.714,netral,netral,negatif,soraya
4m5yC1BPNpw,user_40c5ba2a12c4,False,1633478400,0,positif,0.8952,negatif,tanpa_emoji,positif,soraya
4m5yC1BPNpw,user_5ccce1561927,False,1633478400,0,positif,0.6358,positif,positif,positif,soraya
4m5yC1BPNpw,user_4d580bce004c,False,1633478400,1,netral,0.9834,netral,tanpa_emoji,netral,soraya
4m5yC1BPNpw,user_65737d522428,False,1633478400,1,negatif,0.976,negatif,tanpa_emoji,negatif,soraya
4m5yC1BPNpw,user_0cd61f6f2bd7,True,1665014400,1,positif,0.8406,netral,tanpa_emoji,positif,soraya
4m5yC1BPNpw,user_3efcdc0a0759,False,1633478400,0,negatif,0.9143,netral,tanpa_emoji,negatif,soraya
4m5yC1BPNpw,user_866500278322,False,1633478400,0,positif,0.9968,positif,tanpa_emoji,positif,soraya
4m5yC1BPNpw,user_1efb39a495f5,False,1633478400,0,negatif,0.9871,negatif,tanpa_emoji,negatif,soraya
4m5yC1BPNpw,user_2d6f47212be6,False,1633478400,0,negatif,0.9153,netral,tanpa_emoji,negatif,soraya
4m5yC1BPNpw,user_c5ae8dcf46c5,False,1633478400,0,negatif,0.9259,netral,tanpa_emoji,negatif,soraya
4m5yC1BPNpw,user_49c36668337c,False,1633478400,0,positif,0.8241,positif,netral,positif,soraya
4m5yC1BPNpw,user_7fc97ce16665,False,1633478400,0,netral,0.5301,netral,tanpa_emoji,netral,soraya
4m5yC1BPNpw,user_e8ac409b882d,False,1633478400,0,negatif,0.9991,netral,tanpa_emoji,negatif,soraya
4m5yC1BPNpw,user_e33629f9ef06,False,1633478400,0,positif,0.8896,netral,tanpa_emoji,positif,soraya
4m5yC1BPNpw,user_71c8d706ef01,False,1633478400,0,netral,0.523,netral,tanpa_emoji,netral,soraya
4m5yC1BPNpw,user_ddf48ff80cea,False,1633478400,1,positif,0.9782,positif,netral,positif,soraya
4m5yC1BPNpw,user_17559106d895,False,1633478400,1,negatif,0.998,negatif,tanpa_emoji,negatif,soraya
4m5yC1BPNpw,user_bc4bab7930a0,False,1633478400,0,negatif,0.9921,positif,tanpa_emoji,negatif,soraya
4m5yC1BPNpw,user_b8fc3e3d26ac,True,1696550400,1,negatif,0.5625,netral,tanpa_emoji,negatif,soraya
4m5yC1BPNpw,user_bc4bab7930a0,True,1696550400,0,negatif,0.8691,netral,tanpa_emoji,negatif,soraya
4m5yC1BPNpw,user_b8fc3e3d26ac,True,1696550400,0,netral,0.9692,netral,tanpa_emoji,netral,soraya
4m5yC1BPNpw,user_b24d596c3883,False,1633478400,0,negatif,0.9795,positif,tanpa_emoji,negatif,soraya
4m5yC1BPNpw,user_e35aae4a388e,False,1633478400,3,positif,0.9137,positif,tanpa_emoji,positif,soraya
4m5yC1BPNpw,user_91da42e6be53,False,1633478400,0,netral,0.98,netral,tanpa_emoji,netral,soraya
4m5yC1BPNpw,user_6403b07e64ca,False,1633478400,0,negatif,0.9963,netral,tanpa_emoji,negatif,soraya
4m5yC1BPNpw,user_6e5f1a96d5fc,False,1633478400,0,negatif,0.9984,netral,tanpa_emoji,negatif,soraya
4m5yC1BPNpw,user_5844596bc90c,True,1633478400,3,negatif,0.9694,netral,netral,negatif,soraya
4m5yC1BPNpw,user_a97f1dbbe24c,False,1633478400,0,negatif,0.9322,netral,tanpa_emoji,negatif,soraya
4m5yC1BPNpw,user_a97f1dbbe24c,False,1633478400,0,positif,0.9079,netral,tanpa_emoji,positif,soraya
4m5yC1BPNpw,user_5844596bc90c,True,1633478400,0,negatif,0.7893,netral,tanpa_emoji,negatif,soraya
4m5yC1BPNpw,user_481990b3da73,False,1633478400,8,positif,0.5593,positif,tanpa_emoji,positif,soraya
4m5yC1BPNpw,user_4efad7fb89d5,False,1633478400,0,netral,0.9768,netral,tanpa_emoji,netral,soraya
4m5yC1BPNpw,user_c6f6c7c1092d,False,1633478400,0,negatif,0.9641,negatif,tanpa_emoji,negatif,soraya
4m5yC1BPNpw,user_3eb0e951f29a,False,1633478400,0,positif,0.6295,positif,positif,positif,soraya
4m5yC1BPNpw,user_bc9a24c7dffd,False,1633478400,0,positif,0.6042,netral,tanpa_emoji,positif,soraya
4m5yC1BPNpw,user_bc9a24c7dffd,False,1633478400,0,negatif,0.886,positif,tanpa_emoji,negatif,soraya
4m5yC1BPNpw,user_bc9a24c7dffd,False,1633478400,0,negatif,0.9868,netral,tanpa_emoji,negatif,soraya
4m5yC1BPNpw,user_bc9a24c7dffd,False,1633478400,0,negatif,0.8184,netral,tanpa_emoji,negatif,soraya
4m5yC1BPNpw,user_bf4b0177497e,False,1633478400,0,netral,0.6042,netral,tanpa_emoji,netral,soraya
4m5yC1BPNpw,user_ff2a2100dd31,False,1633478400,1,negatif,0.8962,netral,netral,netral,soraya
4m5yC1BPNpw,user_ac8edd99a4a6,False,1633478400,0,negatif,0.7185,netral,tanpa_emoji,negatif,soraya
4m5yC1BPNpw,user_fc7a5eea3bd3,False,1601942400,0,netral,0.9955,netral,tanpa_emoji,netral,soraya
4m5yC1BPNpw,user_49fb182c0653,False,1601942400,0,netral,0.9663,netral,tanpa_emoji,netral,soraya
4m5yC1BPNpw,user_cae9048ef8a4,False,1601942400,0,negatif,0.9296,netral,netral,negatif,soraya
4m5yC1BPNpw,user_897e7020f65a,False,1601942400,1,positif,0.7458,netral,tanpa_emoji,positif,soraya
4m5yC1BPNpw,user_a1b737429331,False,1601942400,0,positif,0.7993,netral,tanpa_emoji,positif,soraya
4m5yC1BPNpw,user_e632b543ec3c,False,1601942400,0,negatif,0.8264,netral,tanpa_emoji,negatif,soraya
4m5yC1BPNpw,user_72b8ce5f0b1c,False,1601942400,1,positif,0.799,netral,tanpa_emoji,positif,soraya
4m5yC1BPNpw,user_b7546c8409bb,False,1601942400,0,netral,0.8164,netral,tanpa_emoji,netral,soraya
4m5yC1BPNpw,user_20ab3353c912,False,1601942400,0,netral,0.7876,netral,tanpa_emoji,netral,soraya
4m5yC1BPNpw,user_e6c7db85c833,False,1601942400,2,negatif,0.9985,negatif,tanpa_emoji,negatif,soraya
4m5yC1BPNpw,user_67c602790a49,False,1601942400,2,positif,0.9468,negatif,tanpa_emoji,positif,soraya
4m5yC1BPNpw,user_d08c3b4709f8,False,1601942400,0,negatif,0.7298,positif,positif,negatif,soraya
4m5yC1BPNpw,user_ca65882997b0,False,1601942400,2,positif,0.6368,netral,tanpa_emoji,positif,soraya
4m5yC1BPNpw,user_5bf5adee8335,True,1601942400,0,negatif,0.8391,netral,tanpa_emoji,negatif,soraya
4m5yC1BPNpw,user_aa0335d0b7cd,True,1696550400,0,negatif,0.6417,netral,tanpa_emoji,negatif,soraya
4m5yC1BPNpw,user_81d53c96e92b,False,1601942400,0,netral,0.9236,netral,tanpa_emoji,netral,soraya
4m5yC1BPNpw,user_eacbdef51d7d,False,1601942400,1,positif,0.992,positif,tanpa_emoji,positif,soraya
4m5yC1BPNpw,user_a113d5347cff,False,1601942400,2,negatif,0.9936,netral,tanpa_emoji,negatif,soraya
4m5yC1BPNpw,user_aa0335d0b7cd,True,1696550400,0,negatif,0.6417,netral,tanpa_emoji,negatif,soraya
4m5yC1BPNpw,user_e8e9b4b9e6ad,False,1601942400,1,positif,0.8102,positif,tanpa_emoji,positif,soraya
4m5yC1BPNpw,user_efe37e3f39d6,False,1601942400,0,netral,0.5398,netral,tanpa_emoji,netral,soraya
4m5yC1BPNpw,user_5b1955d71550,False,1601942400,0,negatif,0.7486,netral,tanpa_emoji,negatif,soraya
4m5yC1BPNpw,user_a8de6002aff3,False,1601942400,2,positif,0.9975,positif,tanpa_emoji,positif,soraya
4m5yC1BPNpw,user_a2b245ec5e03,False,1601942400,0,positif,0.9963,negatif,tanpa_emoji,positif,soraya
4m5yC1BPNpw,user_ad59b1bd7398,False,1601942400,0,negatif,0.883,netral,tanpa_emoji,negatif,soraya
4m5yC1BPNpw,user_973024bbe8f2,False,1601942400,7,positif,0.9849,netral,netral,positif,soraya
4m5yC1BPNpw,user_b272d1631071,False,1601942400,2,negatif,0.6166,netral,netral,negatif,soraya
4m5yC1BPNpw,user_1965f9b2978e,True,1601942400,0,netral,0.5613,netral,tanpa_emoji,netral,soraya
4m5yC1BPNpw,user_ed88578fbfc2,False,1601942400,0,negatif,0.9277,netral,tanpa_emoji,negatif,soraya
4m5yC1BPNpw,user_bbff7524fcbb,False,1601942400,0,negatif,0.8412,netral,tanpa_emoji,negatif,soraya
4m5yC1BPNpw,user_8b6d8414655a,False,1601942400,0,positif,0.9957,positif,tanpa_emoji,positif,soraya
4m5yC1BPNpw,user_bb2820a2e629,False,1601942400,1,positif,0.6334,netral,tanpa_emoji,positif,soraya
4m5yC1BPNpw,user_bb2820a2e629,True,1601942400,0,netral,0.9014,netral,tanpa_emoji,netral,soraya
4m5yC1BPNpw,user_38d0d9335730,False,1601942400,5,positif,0.9784,netral,netral,positif,soraya
4m5yC1BPNpw,user_87a3a7fbbe0b,True,1601942400,0,negatif,0.9948,netral,netral,negatif,soraya
4m5yC1BPNpw,user_139bebcb72b0,False,1601942400,1,positif,0.6287,positif,tanpa_emoji,positif,soraya
4m5yC1BPNpw,user_ec3009f1d650,True,1601942400,2,negatif,0.993,negatif,tanpa_emoji,negatif,soraya
4m5yC1BPNpw,user_ebe1cac83ca6,False,1601942400,0,negatif,0.694,netral,tanpa_emoji,negatif,soraya
4m5yC1BPNpw,user_4a84ce13c59f,False,1601942400,2,negatif,0.9833,positif,positif,negatif,soraya
4m5yC1BPNpw,user_b0f761e4a671,False,1601942400,0,negatif,0.7558,netral,tanpa_emoji,negatif,soraya
4m5yC1BPNpw,user_d8a33556a05e,False,1601942400,0,netral,0.7707,netral,tanpa_emoji,netral,soraya
4m5yC1BPNpw,user_bdc1366c3e00,False,1601942400,89,negatif,0.9029,netral,tanpa_emoji,negatif,soraya
4m5yC1BPNpw,user_76e4dd9d6cb1,True,1601942400,0,negatif,0.9955,netral,tanpa_emoji,negatif,soraya
4m5yC1BPNpw,user_bd39f6a4d374,False,1601942400,32,negatif,0.9002,netral,tanpa_emoji,negatif,soraya
4m5yC1BPNpw,user_e4d831e52ff8,True,1601942400,2,positif,0.7402,netral,tanpa_emoji,positif,soraya
4m5yC1BPNpw,user_7359689d5623,True,1601942400,1,negatif,0.8058,netral,tanpa_emoji,negatif,soraya
4m5yC1BPNpw,user_e35aae4a388e,True,1633478400,1,negatif,0.4644,netral,tanpa_emoji,negatif,soraya
4m5yC1BPNpw,user_e857ab7bd285,False,1601942400,0,negatif,0.9944,netral,netral,negatif,soraya
4m5yC1BPNpw,user_d654e4b7e571,False,1601942400,3,positif,0.995,netral,tanpa_emoji,positif,soraya
4m5yC1BPNpw,user_cfa9c8698a91,False,1601942400,1,netral,0.9708,netral,tanpa_emoji,netral,soraya
4m5yC1BPNpw,user_481990b3da73,False,1601942400,3,netral,0.5897,netral,tanpa_emoji,netral,soraya
4m5yC1BPNpw,user_ec3009f1d650,True,1601942400,0,negatif,0.994,netral,tanpa_emoji,negatif,soraya
4m5yC1BPNpw,user_481990b3da73,True,1601942400,0,netral,0.6755,netral,tanpa_emoji,netral,soraya
4m5yC1BPNpw,user_ec3009f1d650,True,1601942400,0,positif,0.9264,netral,tanpa_emoji,positif,soraya
4m5yC1BPNpw,user_481990b3da73,True,1601942400,0,positif,0.7362,netral,tanpa_emoji,positif,soraya
4m5yC1BPNpw,user_ec3009f1d650,True,1601942400,0,negatif,0.5911,netral,tanpa_emoji,negatif,soraya
4m5yC1BPNpw,user_481990b3da73,True,1601942400,0,negatif,0.9924,negatif,tanpa_emoji,negatif,soraya
4m5yC1BPNpw,user_aed5de8a600b,True,1601942400,0,negatif,0.7538,negatif,negatif,negatif,soraya
4m5yC1BPNpw,user_559bfe2443ae,False,1601942400,1,netral,0.4419,netral,tanpa_emoji,netral,soraya
4m5yC1BPNpw,user_29acbda49a6b,False,1601942400,0,netral,0.9544,netral,tanpa_emoji,netral,soraya
4m5yC1BPNpw,user_14cd95efbf27,True,1601942400,1,netral,0.9,netral,tanpa_emoji,netral,soraya
4m5yC1BPNpw,user_eeb7e46567bf,False,1601942400,22,positif,0.621,positif,positif,positif,soraya
4m5yC1BPNpw,user_9f5f25988b88,True,1633478400,1,netral,0.8401,netral,tanpa_emoji,netral,soraya
4m5yC1BPNpw,user_e1aa01791566,False,1601942400,0,positif,0.9522,positif,positif,positif,soraya
4m5yC1BPNpw,user_f52da4ccf1e1,False,1601942400,1,positif,0.9166,positif,tanpa_emoji,positif,soraya
4m5yC1BPNpw,user_2d1fdf48fda8,False,1601942400,3,negatif,0.9275,negatif,tanpa_emoji,negatif,soraya
4m5yC1BPNpw,user_80e34840d0a8,False,1601942400,0,positif,0.9851,positif,tanpa_emoji,positif,soraya
4m5yC1BPNpw,user_ba675af069fc,False,1601942400,0,netral,0.7142,netral,tanpa_emoji,netral,soraya
4m5yC1BPNpw,user_c03ba1649668,False,1601942400,0,netral,0.609,netral,tanpa_emoji,netral,soraya
4m5yC1BPNpw,user_3b459ecdb8bc,False,1601942400,0,negatif,0.9557,netral,tanpa_emoji,negatif,soraya
4m5yC1BPNpw,user_cd1210c8f4c6,False,1601942400,0,positif,0.9772,positif,tanpa_emoji,positif,soraya
4m5yC1BPNpw,user_f6874cb29ed7,False,1601942400,0,positif,0.9176,netral,tanpa_emoji,positif,soraya
4m5yC1BPNpw,user_ec3009f1d650,False,1601942400,1,negatif,0.5011,netral,tanpa_emoji,negatif,soraya
4m5yC1BPNpw,user_ed88578fbfc2,False,1601942400,0,netral,0.7071,netral,tanpa_emoji,netral,soraya
4m5yC1BPNpw,user_794ad2335ee1,False,1601942400,1,positif,0.7161,positif,tanpa_emoji,positif,soraya
4m5yC1BPNpw,user_e843fce4a8e4,False,1601942400,0,negatif,0.8052,positif,tanpa_emoji,negatif,soraya
4m5yC1BPNpw,user_279943be7ba0,False,1601942400,0,negatif,0.8286,netral,tanpa_emoji,negatif,soraya
4m5yC1BPNpw,user_14cd95efbf27,True,1601942400,0,netral,0.9,netral,tanpa_emoji,netral,soraya
4m5yC1BPNpw,user_599dd485aef9,False,1601942400,0,netral,0.543,netral,tanpa_emoji,netral,soraya
4m5yC1BPNpw,user_4859b207321a,True,1601942400,0,netral,0.8002,netral,tanpa_emoji,netral,soraya
4m5yC1BPNpw,user_599dd485aef9,False,1601942400,0,netral,0.543,netral,tanpa_emoji,netral,soraya
4m5yC1BPNpw,user_77bac9aaf245,False,1601942400,0,positif,0.9635,netral,tanpa_emoji,positif,soraya
4m5yC1BPNpw,user_e49f3ac778a8,False,1601942400,0,positif,0.9938,positif,tanpa_emoji,positif,soraya
4m5yC1BPNpw,user_fd10823984aa,False,1570320000,0,negatif,0.9553,netral,tanpa_emoji,negatif,soraya
4m5yC1BPNpw,user_14cd95efbf27,True,1601942400,0,netral,0.9,netral,tanpa_emoji,netral,soraya
4m5yC1BPNpw,user_5576324698ed,False,1570320000,0,positif,0.9975,positif,positif,positif,soraya
4m5yC1BPNpw,user_64489d1d4444,False,1570320000,0,negatif,0.995,netral,tanpa_emoji,negatif,soraya
4m5yC1BPNpw,user_e8b761c12c65,False,1570320000,0,positif,0.9844,netral,tanpa_emoji,positif,soraya
4m5yC1BPNpw,user_0682684e95e8,False,1570320000,0,netral,0.975,netral,tanpa_emoji,netral,soraya
4m5yC1BPNpw,user_04ecd6323fd7,False,1570320000,2,negatif,0.7282,positif,netral,negatif,soraya
4m5yC1BPNpw,user_e6d5dde8496d,True,1601942400,0,positif,0.9313,netral,netral,positif,soraya
4m5yC1BPNpw,user_2a1105a00d04,False,1570320000,1,negatif,0.7067,positif,tanpa_emoji,negatif,soraya
4m5yC1BPNpw,user_26113079b390,False,1570320000,0,netral,0.9824,netral,tanpa_emoji,netral,soraya
4m5yC1BPNpw,user_fad987b1e6a9,False,1570320000,1,negatif,0.9956,netral,tanpa_emoji,negatif,soraya
4m5yC1BPNpw,user_ec3009f1d650,True,1601942400,0,negatif,0.9887,netral,tanpa_emoji,negatif,soraya
4m5yC1BPNpw,user_68cd921b7fb0,False,1570320000,1,negatif,0.7505,netral,tanpa_emoji,negatif,soraya
4m5yC1BPNpw,user_627eb10a9d71,False,1570320000,1,netral,0.8925,netral,tanpa_emoji,netral,soraya
4m5yC1BPNpw,user_eacc56bca644,False,1570320000,2,negatif,0.9974,netral,tanpa_emoji,negatif,soraya
4m5yC1BPNpw,user_6dca86cbddd2,False,1570320000,1,negatif,0.967,netral,tanpa_emoji,negatif,soraya
4m5yC1BPNpw,user_1492887dd2aa,False,1570320000,0,positif,0.9865,positif,tanpa_emoji,positif,soraya
4m5yC1BPNpw,user_48d21179fda6,False,1570320000,0,negatif,0.9954,positif,tanpa_emoji,negatif,soraya
4m5yC1BPNpw,user_ee80b818b443,False,1570320000,2,positif,0.9507,positif,tanpa_emoji,positif,soraya
4m5yC1BPNpw,user_6bb103d398e6,False,1570320000,0,netral,0.5367,netral,tanpa_emoji,netral,soraya
4m5yC1BPNpw,user_6b579f0afbb4,False,1570320000,1,positif,0.9838,netral,tanpa_emoji,positif,soraya
4m5yC1BPNpw,user_813e82b40ce5,False,1570320000,0,netral,0.9216,netral,tanpa_emoji,netral,soraya
4m5yC1BPNpw,user_863fde18860f,False,1570320000,8,positif,0.9431,positif,tanpa_emoji,positif,soraya
4m5yC1BPNpw,user_5966c562c722,False,1570320000,0,positif,0.9925,netral,tanpa_emoji,positif,soraya
4m5yC1BPNpw,user_69434f523791,False,1570320000,1,positif,0.9755,positif,tanpa_emoji,positif,soraya
4m5yC1BPNpw,user_069f7826b3e7,False,1570320000,0,negatif,0.7929,positif,tanpa_emoji,negatif,soraya
4m5yC1BPNpw,user_2039dafb94da,False,1570320000,0,netral,0.8648,netral,tanpa_emoji,netral,soraya
4m5yC1BPNpw,user_33900334623e,False,1570320000,0,negatif,0.7053,netral,tanpa_emoji,negatif,soraya
4m5yC1BPNpw,user_a5d2d266e932,False,1570320000,0,negatif,0.8309,netral,tanpa_emoji,negatif,soraya
4m5yC1BPNpw,user_f812055b4a26,False,1570320000,2,netral,0.9818,netral,tanpa_emoji,netral,soraya
4m5yC1BPNpw,user_f812055b4a26,True,1570320000,0,negatif,0.5912,netral,tanpa_emoji,negatif,soraya
4m5yC1BPNpw,user_481990b3da73,False,1570320000,6,positif,0.772,positif,tanpa_emoji,positif,soraya
4m5yC1BPNpw,user_d6c053b0e765,False,1570320000,1,positif,0.9952,positif,positif,positif,soraya
4m5yC1BPNpw,user_e6d5dde8496d,True,1601942400,0,positif,0.9949,positif,positif,positif,soraya
4m5yC1BPNpw,user_fd10823984aa,False,1570320000,0,negatif,0.6382,negatif,tanpa_emoji,negatif,soraya
4m5yC1BPNpw,user_853d5460f2a8,False,1570320000,0,negatif,0.8501,netral,tanpa_emoji,negatif,soraya
4m5yC1BPNpw,user_9e4972ee379a,False,1570320000,0,negatif,0.82,negatif,tanpa_emoji,negatif,soraya
4m5yC1BPNpw,user_481990b3da73,True,1570320000,0,negatif,0.5639,netral,tanpa_emoji,negatif,soraya
4m5yC1BPNpw,user_481990b3da73,True,1570320000,0,negatif,0.9442,netral,tanpa_emoji,negatif,soraya
4m5yC1BPNpw,user_f7f30f2ca41b,False,1570320000,4,positif,0.8232,positif,netral,positif,soraya
4m5yC1BPNpw,user_7f609f55c9a8,False,1570320000,1,negatif,0.6365,netral,tanpa_emoji,negatif,soraya
4m5yC1BPNpw,user_fd67cef3a7b2,False,1570320000,0,positif,0.9686,positif,tanpa_emoji,positif,soraya
4m5yC1BPNpw,user_36d7fb196f81,False,1570320000,1,positif,0.9923,positif,netral,positif,soraya
4m5yC1BPNpw,user_96cb41b1f9ba,False,1570320000,0,positif,0.8987,positif,tanpa_emoji,positif,soraya
4m5yC1BPNpw,user_88bf19395846,False,1570320000,0,negatif,0.9811,positif,tanpa_emoji,negatif,soraya
4m5yC1BPNpw,user_d9e3b3dc0674,False,1570320000,0,negatif,0.9392,netral,tanpa_emoji,negatif,soraya
4m5yC1BPNpw,user_ec3009f1d650,True,1601942400,0,negatif,0.9724,netral,tanpa_emoji,negatif,soraya
4m5yC1BPNpw,user_76ce5a032591,False,1570320000,0,negatif,0.7457,netral,tanpa_emoji,negatif,soraya
4m5yC1BPNpw,user_8bbffc4458ab,False,1570320000,0,negatif,0.9948,netral,netral,negatif,soraya
4m5yC1BPNpw,user_c66dd0a66c32,False,1570320000,0,netral,0.7681,netral,tanpa_emoji,netral,soraya
4m5yC1BPNpw,user_a792f6346be2,False,1570320000,1,positif,0.8093,positif,netral,positif,soraya
4m5yC1BPNpw,user_38fec01a7f09,False,1570320000,1,negatif,0.9755,positif,tanpa_emoji,negatif,soraya
4m5yC1BPNpw,user_a9f63e048a40,False,1570320000,1,netral,0.9112,positif,tanpa_emoji,netral,soraya
4m5yC1BPNpw,user_b81ada39dba6,False,1570320000,1,positif,0.995,positif,tanpa_emoji,positif,soraya
4m5yC1BPNpw,user_bded340c6cc6,False,1570320000,0,positif,0.9936,positif,tanpa_emoji,positif,soraya
4m5yC1BPNpw,user_1584c10f9754,False,1570320000,1,positif,0.9965,positif,tanpa_emoji,positif,soraya
4m5yC1BPNpw,user_c4d1ab5e156e,False,1570320000,0,positif,0.5714,positif,tanpa_emoji,positif,soraya
4m5yC1BPNpw,user_091e3fe42236,False,1570320000,0,negatif,0.539,positif,positif,positif,soraya
4m5yC1BPNpw,user_55ec6c65bcc0,False,1570320000,0,negatif,0.9153,netral,tanpa_emoji,negatif,soraya
4m5yC1BPNpw,user_7ebc5e60b845,False,1570320000,0,negatif,0.9948,negatif,tanpa_emoji,negatif,soraya
4m5yC1BPNpw,user_4f1b01c490d0,False,1570320000,5,positif,0.9634,positif,positif,positif,soraya
4m5yC1BPNpw,user_30f0896ae4bf,True,1570320000,2,negatif,0.9892,netral,tanpa_emoji,negatif,soraya
4m5yC1BPNpw,user_330bbc10c4c3,False,1570320000,1,negatif,0.9566,netral,negatif,negatif,soraya
4m5yC1BPNpw,user_72607d2e5b4b,True,1570320000,0,negatif,0.9918,netral,tanpa_emoji,negatif,soraya
4m5yC1BPNpw,user_330bbc10c4c3,True,1570320000,0,negatif,0.9976,negatif,tanpa_emoji,negatif,soraya
4m5yC1BPNpw,user_330bbc10c4c3,True,1570320000,0,netral,0.9891,netral,tanpa_emoji,netral,soraya
4m5yC1BPNpw,user_406f5624a482,False,1570320000,0,positif,0.5556,netral,tanpa_emoji,positif,soraya
4m5yC1BPNpw,user_5cbbaa4f7aee,False,1570320000,0,netral,0.8883,netral,tanpa_emoji,netral,soraya
4m5yC1BPNpw,user_7e8972108e68,True,1570320000,1,netral,0.6859,netral,tanpa_emoji,netral,soraya
4m5yC1BPNpw,user_e0eadfe1d68a,False,1570320000,0,netral,0.8392,netral,tanpa_emoji,netral,soraya
4m5yC1BPNpw,user_9570ee514fca,False,1570320000,0,negatif,0.9377,positif,netral,negatif,soraya
4m5yC1BPNpw,user_06ab0065d2c4,False,1570320000,0,positif,0.9781,netral,tanpa_emoji,positif,soraya
4m5yC1BPNpw,user_a1769d55ae61,False,1570320000,1,positif,0.9888,positif,tanpa_emoji,positif,soraya
4m5yC1BPNpw,user_9f4887ed2cab,False,1570320000,0,netral,0.6844,netral,tanpa_emoji,netral,soraya
4m5yC1BPNpw,user_286448e95334,True,1570320000,0,netral,0.9498,netral,tanpa_emoji,netral,soraya
4m5yC1BPNpw,user_9f4887ed2cab,True,1570320000,0,negatif,0.7916,netral,tanpa_emoji,negatif,soraya
4m5yC1BPNpw,user_286448e95334,True,1570320000,0,netral,0.9698,netral,tanpa_emoji,netral,soraya
4m5yC1BPNpw,user_93b6efbb9396,False,1570320000,0,negatif,0.9928,netral,tanpa_emoji,negatif,soraya
4m5yC1BPNpw,user_4af1bd219b4d,False,1570320000,0,negatif,0.9253,netral,tanpa_emoji,negatif,soraya
4m5yC1BPNpw,user_56d92d44d658,False,1570320000,0,negatif,0.7972,netral,tanpa_emoji,negatif,soraya
4m5yC1BPNpw,user_1acc455b5385,False,1570320000,2,positif,0.8951,positif,tanpa_emoji,positif,soraya
4m5yC1BPNpw,user_bbb45f58d27b,True,1570320000,0,negatif,0.5004,negatif,tanpa_emoji,negatif,soraya
4m5yC1BPNpw,user_907083da681e,False,1570320000,1,positif,0.9765,netral,tanpa_emoji,positif,soraya
4m5yC1BPNpw,user_81b290f7b855,False,1570320000,0,netral,0.5732,netral,tanpa_emoji,netral,soraya
4m5yC1BPNpw,user_2002b9f57a3f,False,1570320000,0,positif,0.959,positif,tanpa_emoji,positif,soraya
4m5yC1BPNpw,user_d89c5d034728,False,1570320000,0,positif,0.9822,positif,tanpa_emoji,positif,soraya
4m5yC1BPNpw,user_3ab62150a0ed,False,1570320000,3,negatif,0.7234,netral,netral,negatif,soraya
4m5yC1BPNpw,user_0e204dec7450,False,1570320000,1,netral,0.5489,netral,tanpa_emoji,netral,soraya
4m5yC1BPNpw,user_2715505808cd,False,1570320000,0,netral,0.7278,netral,tanpa_emoji,netral,soraya
4m5yC1BPNpw,user_6d82276720d7,False,1570320000,0,positif,0.8902,netral,tanpa_emoji,positif,soraya
4m5yC1BPNpw,user_6d82276720d7,False,1570320000,0,negatif,0.9214,netral,tanpa_emoji,negatif,soraya
4m5yC1BPNpw,user_e01ed9c855bd,False,1570320000,0,negatif,0.9959,netral,tanpa_emoji,negatif,soraya
4m5yC1BPNpw,user_50f3168dd5f9,False,1570320000,0,negatif,0.8783,netral,tanpa_emoji,negatif,soraya
4m5yC1BPNpw,user_a05e9f62cbf5,False,1570320000,0,negatif,0.9922,netral,netral,negatif,soraya
4m5yC1BPNpw,user_d9f2f022def1,False,1570320000,0,negatif,0.9936,netral,netral,negatif,soraya
4m5yC1BPNpw,user_c9b655536554,False,1570320000,1,positif,0.9962,positif,tanpa_emoji,positif,soraya
4m5yC1BPNpw,user_fc2343e050ea,False,1570320000,0,positif,0.9953,positif,netral,positif,soraya
4m5yC1BPNpw,user_2725227b8519,False,1570320000,0,positif,0.789,netral,tanpa_emoji,positif,soraya
4m5yC1BPNpw,user_9b615c879922,False,1570320000,0,netral,0.9249,netral,tanpa_emoji,netral,soraya
4m5yC1BPNpw,user_c975a9fd5727,False,1570320000,0,positif,0.9209,netral,netral,positif,soraya
4m5yC1BPNpw,user_de7bca5ee808,False,1570320000,0,positif,0.5544,positif,netral,positif,soraya
4m5yC1BPNpw,user_6a75b585c874,False,1570320000,0,netral,0.9904,netral,tanpa_emoji,netral,soraya
4m5yC1BPNpw,user_d52f5d39d079,False,1570320000,3,positif,0.9893,positif,tanpa_emoji,positif,soraya
4m5yC1BPNpw,user_d52f5d39d079,False,1570320000,0,negatif,0.6374,netral,tanpa_emoji,negatif,soraya
4m5yC1BPNpw,user_b0b9a77d711c,False,1570320000,1,negatif,0.9677,netral,tanpa_emoji,negatif,soraya
4m5yC1BPNpw,user_a85877ad92c9,False,1570320000,1,positif,0.9958,netral,tanpa_emoji,positif,soraya
4m5yC1BPNpw,user_97015bcff2eb,False,1570320000,2,positif,0.9898,positif,tanpa_emoji,positif,soraya
4m5yC1BPNpw,user_9bd59ae21e34,False,1570320000,1,positif,0.9807,positif,tanpa_emoji,positif,soraya
4m5yC1BPNpw,user_ac0cdceb7fe7,False,1570320000,0,negatif,0.5931,negatif,tanpa_emoji,negatif,soraya
4m5yC1BPNpw,user_74ac1c0569e1,True,1570320000,1,positif,0.9837,netral,tanpa_emoji,positif,soraya
4m5yC1BPNpw,user_fe4469d1212c,False,1570320000,0,netral,0.6498,netral,tanpa_emoji,netral,soraya
4m5yC1BPNpw,user_3ab62150a0ed,False,1570320000,1,positif,0.9179,negatif,tanpa_emoji,positif,soraya
4m5yC1BPNpw,user_12583d9fecfc,False,1570320000,0,negatif,0.9461,negatif,tanpa_emoji,negatif,soraya
4m5yC1BPNpw,user_74827bb4d25f,False,1570320000,1,positif,0.9604,netral,tanpa_emoji,positif,soraya
4m5yC1BPNpw,user_6b49f2a908c5,False,1570320000,0,positif,0.8545,netral,tanpa_emoji,positif,soraya
4m5yC1BPNpw,user_ffea4d97535f,False,1570320000,0,negatif,0.7904,netral,tanpa_emoji,negatif,soraya
4m5yC1BPNpw,user_b972e07c1444,False,1570320000,59,positif,0.972,netral,tanpa_emoji,positif,soraya
4m5yC1BPNpw,user_3035c1221323,True,1601942400,1,netral,0.8081,netral,tanpa_emoji,netral,soraya
4m5yC1BPNpw,user_db72eb2dcded,True,1570320000,0,netral,0.5677,netral,tanpa_emoji,netral,soraya
4m5yC1BPNpw,user_6e5f1a96d5fc,True,1633478400,0,netral,0.5677,netral,tanpa_emoji,netral,soraya
4m5yC1BPNpw,user_8ebf8a67a184,True,1633478400,0,netral,0.5677,netral,tanpa_emoji,netral,soraya
4m5yC1BPNpw,user_1c28f191697d,False,1570320000,4,negatif,0.9979,negatif,negatif,negatif,soraya
4m5yC1BPNpw,user_bd7e4f4108c6,True,1570320000,0,netral,0.9637,netral,tanpa_emoji,netral,soraya
4m5yC1BPNpw,user_f7c4fba8e3b5,False,1570320000,0,netral,0.5789,netral,tanpa_emoji,netral,soraya
4m5yC1BPNpw,user_e88903ce1f95,False,1570320000,0,negatif,0.9412,positif,positif,negatif,soraya
4m5yC1BPNpw,user_28c785759933,False,1570320000,0,positif,0.9949,positif,positif,positif,soraya
4m5yC1BPNpw,user_849f6c61c791,False,1570320000,0,negatif,0.8993,negatif,tanpa_emoji,negatif,soraya
4m5yC1BPNpw,user_5c813d9a1045,False,1570320000,0,netral,0.5066,netral,tanpa_emoji,netral,soraya
4m5yC1BPNpw,user_65d146872f17,False,1570320000,0,positif,0.5198,netral,tanpa_emoji,positif,soraya
4m5yC1BPNpw,user_7e8972108e68,True,1570320000,0,negatif,0.9816,netral,tanpa_emoji,negatif,soraya
4m5yC1BPNpw,user_7df67827cbdd,False,1570320000,1,positif,0.969,positif,tanpa_emoji,positif,soraya
4m5yC1BPNpw,user_b337c02d9a67,False,1570320000,0,negatif,0.7279,netral,tanpa_emoji,negatif,soraya
4m5yC1BPNpw,user_054f2171217c,True,1570320000,0,negatif,0.6875,netral,tanpa_emoji,negatif,soraya
4m5yC1BPNpw,user_918605c7f0e2,False,1570320000,6,negatif,0.8421,netral,tanpa_emoji,negatif,soraya
4m5yC1BPNpw,user_fd67cef3a7b2,True,1570320000,0,negatif,0.9961,netral,tanpa_emoji,negatif,soraya
4m5yC1BPNpw,user_be5932c0c9d0,False,1570320000,4,netral,0.6303,netral,netral,netral,soraya
4m5yC1BPNpw,user_ac757d6f8961,False,1570320000,0,negatif,0.9902,netral,tanpa_emoji,negatif,soraya
4m5yC1BPNpw,user_d8132767a7bf,False,1570320000,0,negatif,0.9899,netral,tanpa_emoji,negatif,soraya
4m5yC1BPNpw,user_f55aef93a053,False,1570320000,0,negatif,0.6429,negatif,tanpa_emoji,negatif,soraya
4m5yC1BPNpw,user_7e8972108e68,True,1570320000,0,negatif,0.858,negatif,tanpa_emoji,negatif,soraya
4m5yC1BPNpw,user_24d22864a4b4,False,1570320000,0,netral,0.5581,netral,tanpa_emoji,netral,soraya
4m5yC1BPNpw,user_81a1a2904d09,False,1570320000,0,negatif,0.9885,netral,tanpa_emoji,negatif,soraya
4m5yC1BPNpw,user_9d8f06f2a686,False,1570320000,0,netral,0.9973,netral,tanpa_emoji,netral,soraya
4m5yC1BPNpw,user_8506891df640,False,1570320000,0,negatif,0.5621,netral,tanpa_emoji,negatif,soraya
4m5yC1BPNpw,user_856800ff875c,False,1570320000,1,positif,0.7776,positif,netral,positif,soraya
4m5yC1BPNpw,user_c3697503c308,False,1570320000,1,negatif,0.9926,negatif,tanpa_emoji,negatif,soraya
4m5yC1BPNpw,user_bd00f84880dd,False,1570320000,22,positif,0.9943,positif,tanpa_emoji,positif,soraya
4m5yC1BPNpw,user_c9de5944fd46,False,1570320000,8,positif,0.9941,positif,positif,positif,soraya
4m5yC1BPNpw,user_e66864864ba2,False,1570320000,6,positif,0.9269,positif,tanpa_emoji,positif,soraya
4m5yC1BPNpw,user_11c8d49a1818,False,1570320000,0,negatif,0.985,netral,tanpa_emoji,negatif,soraya
4m5yC1BPNpw,user_8d52104445c0,False,1570320000,0,positif,0.8555,netral,tanpa_emoji,positif,soraya
4m5yC1BPNpw,user_b8fbdedfff26,False,1570320000,0,netral,0.991,netral,tanpa_emoji,netral,soraya
4m5yC1BPNpw,user_caa6bbb77cdb,False,1570320000,1,positif,0.9888,positif,tanpa_emoji,positif,soraya
4m5yC1BPNpw,user_4ab864632583,False,1570320000,1,netral,0.6453,netral,tanpa_emoji,netral,soraya
4m5yC1BPNpw,user_35dfd3914945,False,1570320000,2,positif,0.9768,positif,netral,positif,soraya
4m5yC1BPNpw,user_95ffc84f4ca3,False,1570320000,0,positif,0.7782,positif,tanpa_emoji,positif,soraya
4m5yC1BPNpw,user_e54992cde631,False,1570320000,2,positif,0.9921,positif,tanpa_emoji,positif,soraya
4m5yC1BPNpw,user_799b9da22516,False,1570320000,50,positif,0.9732,positif,tanpa_emoji,positif,soraya
4m5yC1BPNpw,user_0fad7ea10419,True,1570320000,3,negatif,0.9936,netral,tanpa_emoji,negatif,soraya
4m5yC1BPNpw,user_559a0a87ba3d,True,1570320000,2,netral,0.5109,netral,tanpa_emoji,netral,soraya
4m5yC1BPNpw,user_ec3009f1d650,True,1570320000,1,negatif,0.9897,netral,tanpa_emoji,negatif,soraya
4m5yC1BPNpw,user_2ec199851361,False,1570320000,0,positif,0.9941,positif,tanpa_emoji,positif,soraya
4m5yC1BPNpw,user_e1692a2acf63,False,1570320000,0,negatif,0.8643,netral,tanpa_emoji,negatif,soraya
4m5yC1BPNpw,user_b4278ccc6e88,False,1570320000,1,negatif,0.7194,netral,tanpa_emoji,negatif,soraya
4m5yC1BPNpw,user_879013dfdd47,False,1570320000,1,negatif,0.759,netral,netral,negatif,soraya
4m5yC1BPNpw,user_ba21577ff258,False,1570320000,0,negatif,0.9842,positif,tanpa_emoji,negatif,soraya
4m5yC1BPNpw,user_5cd872174a81,False,1570320000,0,negatif,0.8717,netral,tanpa_emoji,negatif,soraya
4m5yC1BPNpw,user_c3e202b0f729,True,1570320000,0,negatif,0.7689,netral,tanpa_emoji,negatif,soraya
4m5yC1BPNpw,user_a06097b4c27f,False,1570320000,0,negatif,0.4626,positif,tanpa_emoji,negatif,soraya
4m5yC1BPNpw,user_b8507e5ca02f,False,1570320000,1,positif,0.9807,positif,tanpa_emoji,positif,soraya
4m5yC1BPNpw,user_4a249fdb18ba,False,1570320000,0,netral,0.7449,netral,tanpa_emoji,netral,soraya
4m5yC1BPNpw,user_e98021427b1b,False,1570320000,0,positif,0.6941,netral,tanpa_emoji,positif,soraya
4m5yC1BPNpw,user_e3cfddd57aa3,False,1570320000,0,negatif,0.9646,positif,tanpa_emoji,negatif,soraya
4m5yC1BPNpw,user_6b2b0d2339c4,False,1570320000,0,negatif,0.875,positif,tanpa_emoji,negatif,soraya
4m5yC1BPNpw,user_e47c11432f3a,False,1570320000,0,positif,0.8089,netral,tanpa_emoji,positif,soraya
4m5yC1BPNpw,user_135568cedc3d,False,1570320000,0,positif,0.9434,positif,tanpa_emoji,positif,soraya
4m5yC1BPNpw,user_f56fd48e192b,False,1570320000,0,positif,0.9852,positif,positif,positif,soraya
4m5yC1BPNpw,user_19365f77cb7f,False,1570320000,0,netral,0.7081,netral,tanpa_emoji,netral,soraya
4m5yC1BPNpw,user_01fdcd5a9836,False,1570320000,3,positif,0.9944,positif,tanpa_emoji,positif,soraya
4m5yC1BPNpw,user_576b5508ace7,False,1570320000,2,positif,0.9918,positif,tanpa_emoji,positif,soraya
4m5yC1BPNpw,user_9af0f992f4b2,False,1570320000,1,positif,0.9897,positif,tanpa_emoji,positif,soraya
4m5yC1BPNpw,user_8749f2710320,False,1570320000,0,negatif,0.6582,netral,tanpa_emoji,negatif,soraya
4m5yC1BPNpw,user_203f2a59044e,False,1570320000,0,positif,0.969,netral,tanpa_emoji,positif,soraya
4m5yC1BPNpw,user_4754ffe077e9,False,1570320000,0,netral,0.9048,netral,tanpa_emoji,netral,soraya
4m5yC1BPNpw,user_46c83a7b06ff,False,1570320000,0,positif,0.8423,negatif,tanpa_emoji,positif,soraya
4m5yC1BPNpw,user_054f2171217c,True,1570320000,0,positif,0.7049,netral,tanpa_emoji,positif,soraya
4m5yC1BPNpw,user_46c83a7b06ff,True,1570320000,0,netral,0.637,negatif,netral,netral,soraya
4m5yC1BPNpw,user_054f2171217c,True,1570320000,1,netral,0.7922,netral,tanpa_emoji,netral,soraya
4m5yC1BPNpw,user_39130b88e833,False,1570320000,0,negatif,0.9636,netral,tanpa_emoji,negatif,soraya
4m5yC1BPNpw,user_917237368078,False,1570320000,0,positif,0.9977,positif,tanpa_emoji,positif,soraya
4m5yC1BPNpw,user_092f02d12e29,False,1570320000,0,negatif,0.9354,netral,tanpa_emoji,negatif,soraya
4m5yC1BPNpw,user_00d26eb2a8ab,False,1570320000,0,positif,0.9564,netral,tanpa_emoji,positif,soraya
4m5yC1BPNpw,user_59a524ae45be,False,1570320000,5,positif,0.9904,positif,positif,positif,soraya
4m5yC1BPNpw,user_42c6d071b045,True,1570320000,1,positif,0.5155,positif,tanpa_emoji,positif,soraya
4m5yC1BPNpw,user_5686501d7b48,False,1570320000,0,positif,0.9636,positif,tanpa_emoji,positif,soraya
4m5yC1BPNpw,user_eeecf5db1b36,False,1570320000,0,negatif,0.901,netral,tanpa_emoji,negatif,soraya
4m5yC1BPNpw,user_bafd3feb2a2c,False,1570320000,0,negatif,0.9829,negatif,netral,negatif,soraya
4m5yC1BPNpw,user_50c23b1ae0b4,False,1570320000,0,negatif,0.9782,netral,tanpa_emoji,negatif,soraya
4m5yC1BPNpw,user_515acb2ff0f3,False,1570320000,2,positif,0.918,netral,tanpa_emoji,positif,soraya
4m5yC1BPNpw,user_c8359b86779e,False,1570320000,0,negatif,0.9064,netral,tanpa_emoji,negatif,soraya
4m5yC1BPNpw,user_29352bea2182,False,1570320000,0,positif,0.6271,netral,tanpa_emoji,positif,soraya
4m5yC1BPNpw,user_130d6bc4d645,False,1570320000,0,negatif,0.5045,positif,tanpa_emoji,negatif,soraya
4m5yC1BPNpw,user_82f06d3f50d3,False,1570320000,0,netral,0.5776,netral,tanpa_emoji,netral,soraya
4m5yC1BPNpw,user_7db696327de4,False,1570320000,0,positif,0.8965,netral,tanpa_emoji,positif,soraya
4m5yC1BPNpw,user_2dcae96b96b5,False,1570320000,0,netral,0.9935,netral,tanpa_emoji,netral,soraya
4m5yC1BPNpw,user_ec3009f1d650,True,1570320000,0,negatif,0.5447,negatif,tanpa_emoji,negatif,soraya
4m5yC1BPNpw,user_7e6daca004a7,False,1570320000,1,positif,0.996,positif,tanpa_emoji,positif,soraya
4m5yC1BPNpw,user_2fc6d797595d,False,1570320000,0,negatif,0.9985,negatif,netral,negatif,soraya
4m5yC1BPNpw,user_11b065369cc5,False,1570320000,0,negatif,0.9994,netral,tanpa_emoji,negatif,soraya
4m5yC1BPNpw,user_83533fcfc067,False,1570320000,0,negatif,0.6627,netral,tanpa_emoji,negatif,soraya
4m5yC1BPNpw,user_88be6b614145,False,1570320000,0,negatif,0.9919,netral,tanpa_emoji,negatif,soraya
4m5yC1BPNpw,user_ddd08cd3578a,False,1570320000,6,negatif,0.5856,netral,tanpa_emoji,negatif,soraya
4m5yC1BPNpw,user_2c5030a7ddd6,False,1570320000,0,netral,0.7246,netral,tanpa_emoji,netral,soraya
4m5yC1BPNpw,user_ec3009f1d650,True,1570320000,0,negatif,0.9929,negatif,tanpa_emoji,negatif,soraya
4m5yC1BPNpw,user_71c85f569101,False,1570320000,0,positif,0.6813,positif,positif,positif,soraya
4m5yC1BPNpw,user_7cfa6d6b46d2,False,1570320000,0,negatif,0.9286,netral,netral,negatif,soraya
4m5yC1BPNpw,user_a23052ba4248,False,1570320000,0,negatif,0.4835,positif,tanpa_emoji,negatif,soraya
4m5yC1BPNpw,user_b7beb99d2035,False,1570320000,0,positif,0.664,netral,netral,positif,soraya
4m5yC1BPNpw,user_dc0cf2da1d91,False,1570320000,0,negatif,0.7735,netral,tanpa_emoji,negatif,soraya
4m5yC1BPNpw,user_f1bd7e4456a6,False,1570320000,1,positif,0.9987,positif,positif,positif,soraya
4m5yC1BPNpw,user_b10af853ef6b,False,1570320000,1,positif,0.9976,netral,tanpa_emoji,positif,soraya
4m5yC1BPNpw,user_5bbec1bdcb09,False,1570320000,0,netral,0.7296,netral,tanpa_emoji,netral,soraya
4m5yC1BPNpw,user_4218964b41cf,False,1570320000,0,negatif,0.9663,positif,tanpa_emoji,negatif,soraya
4m5yC1BPNpw,user_dac2fbccbdd4,False,1570320000,0,negatif,0.9828,netral,tanpa_emoji,negatif,soraya
4m5yC1BPNpw,user_a219188896da,False,1570320000,3,positif,0.9992,positif,positif,positif,soraya
4m5yC1BPNpw,user_785418d5e557,False,1570320000,3,negatif,0.9953,negatif,netral,negatif,soraya
4m5yC1BPNpw,user_1728f95fb501,False,1570320000,2,negatif,0.9981,negatif,tanpa_emoji,negatif,soraya
4m5yC1BPNpw,user_6bb792185140,False,1570320000,3,negatif,0.9958,positif,tanpa_emoji,negatif,soraya
4m5yC1BPNpw,user_d198047dd244,False,1570320000,2,positif,0.9386,positif,tanpa_emoji,positif,soraya
4m5yC1BPNpw,user_26591197f697,False,1570320000,4,positif,0.7821,positif,positif,positif,soraya
4m5yC1BPNpw,user_10c6f640f8a1,False,1570320000,2,negatif,0.8349,negatif,tanpa_emoji,negatif,soraya
4m5yC1BPNpw,user_2efad5bdf776,False,1570320000,0,positif,0.6885,netral,tanpa_emoji,positif,soraya
4m5yC1BPNpw,user_6ef15f02f00c,False,1570320000,0,positif,0.6307,positif,tanpa_emoji,positif,soraya
4m5yC1BPNpw,user_6ffaf3ae0c6a,False,1570320000,1,positif,0.89,positif,netral,positif,soraya
4m5yC1BPNpw,user_abab8985b7b1,False,1570320000,1,negatif,0.7548,netral,tanpa_emoji,negatif,soraya
4m5yC1BPNpw,user_27593687932c,True,1570320000,0,negatif,0.9977,netral,tanpa_emoji,negatif,soraya
4m5yC1BPNpw,user_3b85c7c070c0,False,1570320000,0,negatif,0.9022,netral,tanpa_emoji,negatif,soraya
4m5yC1BPNpw,user_8ad1e057e3ee,False,1570320000,1,netral,0.9834,netral,tanpa_emoji,netral,soraya
4m5yC1BPNpw,user_bf846e0f45b4,False,1570320000,0,negatif,0.9884,positif,tanpa_emoji,negatif,soraya
4m5yC1BPNpw,user_6966300e8647,False,1570320000,0,negatif,0.5175,positif,tanpa_emoji,negatif,soraya
4m5yC1BPNpw,user_233be7ac8f0b,False,1570320000,0,netral,0.836,netral,tanpa_emoji,netral,soraya
4m5yC1BPNpw,user_0b9519b88d02,False,1570320000,0,positif,0.9755,positif,tanpa_emoji,positif,soraya
4m5yC1BPNpw,user_a89bffbe5448,False,1570320000,1,positif,0.9542,positif,tanpa_emoji,positif,soraya
4m5yC1BPNpw,user_4ad3faac6a03,False,1570320000,2,negatif,0.9011,positif,tanpa_emoji,negatif,soraya
4m5yC1BPNpw,user_f3fa2a966972,False,1570320000,0,netral,0.7346,netral,tanpa_emoji,netral,soraya
4m5yC1BPNpw,user_b0b9a77d711c,False,1570320000,0,negatif,0.6787,netral,tanpa_emoji,negatif,soraya
4m5yC1BPNpw,user_928f351647ce,False,1570320000,1,positif,0.9811,netral,tanpa_emoji,positif,soraya
4m5yC1BPNpw,user_da1997707ebd,False,1570320000,0,negatif,0.5118,netral,tanpa_emoji,negatif,soraya
4m5yC1BPNpw,user_91c9b9c5ca0f,False,1570320000,0,negatif,0.8172,netral,tanpa_emoji,negatif,soraya
4m5yC1BPNpw,user_5dc632e09065,False,1570320000,0,negatif,0.9813,negatif,tanpa_emoji,negatif,soraya
4m5yC1BPNpw,user_a1d40d1eeffe,False,1570320000,0,negatif,0.9977,positif,tanpa_emoji,negatif,soraya
4m5yC1BPNpw,user_7e8972108e68,True,1570320000,0,positif,0.8905,positif,tanpa_emoji,positif,soraya
4m5yC1BPNpw,user_a1d40d1eeffe,True,1570320000,1,positif,0.4809,netral,tanpa_emoji,positif,soraya
4m5yC1BPNpw,user_149b36bd77bc,False,1570320000,1,positif,0.5119,netral,netral,positif,soraya
4m5yC1BPNpw,user_2cacc095a7c1,False,1570320000,2,positif,0.9761,positif,tanpa_emoji,positif,soraya
4m5yC1BPNpw,user_5a1f330e7485,False,1570320000,0,negatif,0.9942,negatif,tanpa_emoji,negatif,soraya
4m5yC1BPNpw,user_7e8972108e68,True,1570320000,0,negatif,0.9951,netral,tanpa_emoji,negatif,soraya
4m5yC1BPNpw,user_2f7a5a9f2c5c,False,1570320000,2,negatif,0.8334,netral,tanpa_emoji,negatif,soraya
4m5yC1BPNpw,user_51d991736330,False,1570320000,0,negatif,0.99,negatif,tanpa_emoji,negatif,soraya
4m5yC1BPNpw,user_30d9e964ccc2,False,1570320000,0,negatif,0.8976,netral,tanpa_emoji,negatif,soraya
4m5yC1BPNpw,user_c3f98e6ec23f,False,1570320000,1,netral,0.5628,positif,tanpa_emoji,netral,soraya
4m5yC1BPNpw,user_24a2380683c1,False,1570320000,1,positif,0.9859,positif,tanpa_emoji,positif,soraya
4m5yC1BPNpw,user_3c9e112b5946,False,1570320000,0,positif,0.415,positif,tanpa_emoji,positif,soraya
4m5yC1BPNpw,user_8d1fb703a7e7,False,1570320000,1,negatif,0.9911,negatif,tanpa_emoji,negatif,soraya
4m5yC1BPNpw,user_292c6f2f15c8,False,1570320000,3,positif,0.9971,positif,tanpa_emoji,positif,soraya
4m5yC1BPNpw,user_824eb1b9d4b1,False,1570320000,1,positif,0.9639,positif,tanpa_emoji,positif,soraya
4m5yC1BPNpw,user_75a3e2c6cecb,False,1570320000,1,negatif,0.9987,netral,tanpa_emoji,negatif,soraya
4m5yC1BPNpw,user_27f136a3e2d0,False,1570320000,1,netral,0.4316,positif,positif,positif,soraya
4m5yC1BPNpw,user_e7c17c87cd43,False,1570320000,1,negatif,0.9682,positif,tanpa_emoji,negatif,soraya
4m5yC1BPNpw,user_7e8972108e68,True,1570320000,0,negatif,0.9875,netral,tanpa_emoji,negatif,soraya
4m5yC1BPNpw,user_2259fce5b70e,False,1570320000,1,positif,0.7843,negatif,tanpa_emoji,positif,soraya
4m5yC1BPNpw,user_404fb8e6483c,False,1570320000,1,netral,0.5046,netral,tanpa_emoji,netral,soraya
4m5yC1BPNpw,user_9463ca8c72af,True,1570320000,1,positif,0.9761,netral,tanpa_emoji,positif,soraya
4m5yC1BPNpw,user_404fb8e6483c,True,1570320000,0,netral,0.9842,netral,tanpa_emoji,netral,soraya
4m5yC1BPNpw,user_7e8972108e68,True,1570320000,0,netral,0.6295,netral,tanpa_emoji,netral,soraya
4m5yC1BPNpw,user_7e8972108e68,True,1570320000,0,netral,0.8571,netral,tanpa_emoji,netral,soraya
7HpkNw-eYh0,user_3fb223ebb167,False,1696550400,41,positif,0.9922,positif,positif,positif,soraya
7HpkNw-eYh0,user_d2044bc59d4d,False,1696550400,63,negatif,0.6733,positif,positif,negatif,soraya
7HpkNw-eYh0,user_0fdc3807a24d,True,1696550400,3,netral,0.8989,netral,tanpa_emoji,netral,soraya
7HpkNw-eYh0,user_990223f60edd,True,1696550400,1,negatif,0.6131,netral,tanpa_emoji,negatif,soraya
7HpkNw-eYh0,user_61c8df333a2c,False,1696550400,15,positif,0.9535,positif,tanpa_emoji,positif,soraya
7HpkNw-eYh0,user_e726e5b4c783,False,1696550400,14,positif,0.9823,positif,tanpa_emoji,positif,soraya
7HpkNw-eYh0,user_8c4a4fee8077,False,1696550400,12,positif,0.9936,positif,positif,positif,soraya
7HpkNw-eYh0,user_6b4bb3170aa1,False,1696550400,14,positif,0.5806,positif,tanpa_emoji,positif,soraya
7HpkNw-eYh0,user_3bfa874cbfbb,False,1696550400,10,positif,0.9722,positif,positif,positif,soraya
7HpkNw-eYh0,user_af767a1b548f,False,1696550400,4,netral,0.7501,netral,tanpa_emoji,netral,soraya
7HpkNw-eYh0,user_3943e81cdc8e,False,1696550400,3,positif,0.8802,negatif,tanpa_emoji,positif,soraya
7HpkNw-eYh0,user_5c8692817c62,False,1696550400,4,positif,0.9954,positif,positif,positif,soraya
7HpkNw-eYh0,user_94ebd00b1993,False,1696550400,5,positif,0.9956,positif,tanpa_emoji,positif,soraya
7HpkNw-eYh0,user_14576756f4e1,False,1696550400,4,positif,0.9967,netral,tanpa_emoji,positif,soraya
7HpkNw-eYh0,user_379d5eb1a36a,False,1696550400,4,positif,0.9547,positif,tanpa_emoji,positif,soraya
7HpkNw-eYh0,user_3acae48b8f15,False,1696550400,2,negatif,0.4599,netral,netral,negatif,soraya
7HpkNw-eYh0,user_6b5fe89829b3,False,1696550400,3,negatif,0.9811,netral,tanpa_emoji,negatif,soraya
7HpkNw-eYh0,user_bb37c24cda7f,False,1696550400,1,netral,0.586,positif,tanpa_emoji,netral,soraya
7HpkNw-eYh0,user_ccb1188d644d,False,1696550400,2,positif,0.994,netral,tanpa_emoji,positif,soraya
7HpkNw-eYh0,user_63a4c593a9dd,False,1696550400,1,positif,0.7751,positif,positif,positif,soraya
7HpkNw-eYh0,user_6b1fd1d81e70,False,1696550400,1,positif,0.6068,positif,tanpa_emoji,positif,soraya
7HpkNw-eYh0,user_8b25d792aefa,False,1696550400,9,positif,0.9971,positif,positif,positif,soraya
7HpkNw-eYh0,user_cb128f563bb8,True,1696550400,1,negatif,0.6035,positif,tanpa_emoji,negatif,soraya
7HpkNw-eYh0,user_04be50569675,False,1696550400,2,negatif,0.9489,positif,positif,negatif,soraya
7HpkNw-eYh0,user_cebe113937f3,False,1696550400,1,positif,0.9692,positif,tanpa_emoji,positif,soraya
7HpkNw-eYh0,user_be09ffb3551c,False,1696550400,1,positif,0.6283,positif,tanpa_emoji,positif,soraya
7HpkNw-eYh0,user_02d53443186e,False,1696550400,2,positif,0.9796,positif,positif,positif,soraya
7HpkNw-eYh0,user_895630400d36,False,1696550400,2,negatif,0.6464,netral,netral,negatif,soraya
7HpkNw-eYh0,user_d2044bc59d4d,False,1696550400,2,negatif,0.9813,negatif,netral,negatif,soraya
7HpkNw-eYh0,user_474238e283e5,False,1696550400,1,positif,0.5229,negatif,netral,positif,soraya
7HpkNw-eYh0,user_a23937dcb458,False,1759708800,0,negatif,0.997,netral,tanpa_emoji,negatif,soraya
7HpkNw-eYh0,user_0dfb72df7581,False,1696550400,1,positif,0.5626,netral,tanpa_emoji,positif,soraya
7HpkNw-eYh0,user_ce77792823d9,False,1696550400,1,negatif,0.9553,positif,netral,negatif,soraya
7HpkNw-eYh0,user_845a60cafb33,False,1696550400,1,positif,0.7944,netral,tanpa_emoji,positif,soraya
7HpkNw-eYh0,user_f9e21e3472e4,False,1696550400,0,netral,0.9754,netral,tanpa_emoji,netral,soraya
7HpkNw-eYh0,user_f349fa8a3475,False,1696550400,1,positif,0.8998,positif,positif,positif,soraya
7HpkNw-eYh0,user_02bd9a8983a3,False,1696550400,0,positif,0.83,positif,positif,positif,soraya
7HpkNw-eYh0,user_9f6d588260a0,False,1696550400,1,negatif,0.7086,netral,tanpa_emoji,negatif,soraya
7HpkNw-eYh0,user_862d79b2b8ff,False,1696550400,0,positif,0.8504,positif,tanpa_emoji,positif,soraya
7HpkNw-eYh0,user_8a300d03a6b8,False,1696550400,0,positif,0.9755,positif,tanpa_emoji,positif,soraya
7HpkNw-eYh0,user_e1a782f9bb65,False,1696550400,0,negatif,0.9976,netral,tanpa_emoji,negatif,soraya
7HpkNw-eYh0,user_adcd7d2b4ba7,False,1696550400,0,negatif,0.6484,positif,positif,negatif,soraya
7HpkNw-eYh0,user_54591e148fb9,False,1696550400,0,positif,0.9689,positif,positif,positif,soraya
7HpkNw-eYh0,user_616fe0452378,False,1696550400,0,positif,0.963,netral,tanpa_emoji,positif,soraya
7HpkNw-eYh0,user_19d87d024915,False,1696550400,1,positif,0.9944,positif,tanpa_emoji,positif,soraya
7HpkNw-eYh0,user_19071a60dc74,False,1696550400,1,positif,0.6411,positif,positif,positif,soraya
7HpkNw-eYh0,user_e6a3282ff40d,False,1696550400,0,positif,0.9176,positif,positif,positif,soraya
7HpkNw-eYh0,user_67c69ba63489,False,1696550400,1,negatif,0.9987,negatif,tanpa_emoji,negatif,soraya
7HpkNw-eYh0,user_8d863075a78a,False,1696550400,1,negatif,0.8548,netral,tanpa_emoji,negatif,soraya
7HpkNw-eYh0,user_b3ee791d21d9,False,1696550400,0,positif,0.9845,positif,positif,positif,soraya
7HpkNw-eYh0,user_a5a8903e777c,False,1696550400,0,negatif,0.9974,positif,tanpa_emoji,negatif,soraya
7HpkNw-eYh0,user_1ad74945eacf,False,1696550400,0,netral,0.673,netral,tanpa_emoji,netral,soraya
7HpkNw-eYh0,user_a56e3823ff44,False,1696550400,0,negatif,0.9985,netral,positif,negatif,soraya
7HpkNw-eYh0,user_f7100a45c7aa,False,1696550400,0,positif,0.9679,positif,positif,positif,soraya
7HpkNw-eYh0,user_89307ca9d980,False,1696550400,0,positif,0.536,positif,tanpa_emoji,positif,soraya
7HpkNw-eYh0,user_00efa3168330,False,1696550400,0,positif,0.9584,positif,netral,positif,soraya
7HpkNw-eYh0,user_e6d5169fa60d,False,1696550400,0,positif,0.9981,netral,netral,positif,soraya
7HpkNw-eYh0,user_47868ba47af7,False,1696550400,0,netral,0.4845,netral,tanpa_emoji,netral,soraya
7HpkNw-eYh0,user_83405e97abd9,False,1696550400,1,positif,0.9961,positif,tanpa_emoji,positif,soraya
7HpkNw-eYh0,user_bc78e5ad993a,False,1696550400,0,netral,0.8732,netral,netral,netral,soraya
7HpkNw-eYh0,user_bf46421c68f3,False,1696550400,0,negatif,0.9985,netral,tanpa_emoji,negatif,soraya
7HpkNw-eYh0,user_c049589f502d,False,1696550400,0,negatif,0.8519,netral,netral,negatif,soraya
7HpkNw-eYh0,user_a28e5ea04e99,False,1696550400,0,positif,0.81,netral,tanpa_emoji,positif,soraya
7HpkNw-eYh0,user_abf55a303a5e,False,1696550400,0,positif,0.5466,netral,tanpa_emoji,positif,soraya
7HpkNw-eYh0,user_de16c80de9a0,False,1696550400,3,positif,0.9591,netral,tanpa_emoji,positif,soraya
7HpkNw-eYh0,user_e74d37300f41,True,1696550400,0,negatif,0.997,positif,positif,negatif,soraya
7HpkNw-eYh0,user_e298a6d645de,False,1696550400,0,negatif,0.6664,netral,tanpa_emoji,negatif,soraya
7HpkNw-eYh0,user_2a25b61cd7dd,False,1696550400,1,negatif,0.5779,netral,tanpa_emoji,negatif,soraya
7HpkNw-eYh0,user_641da076b6fa,False,1696550400,1,positif,0.9532,positif,positif,positif,soraya
7HpkNw-eYh0,user_d37439cd760d,False,1696550400,0,positif,0.9581,positif,tanpa_emoji,positif,soraya
7HpkNw-eYh0,user_67a4430e5ed0,False,1696550400,0,positif,0.4052,netral,tanpa_emoji,positif,soraya
7HpkNw-eYh0,user_d452e2ae0013,False,1696550400,0,negatif,0.8356,netral,tanpa_emoji,negatif,soraya
7HpkNw-eYh0,user_b4bcab67c23d,False,1696550400,0,negatif,0.8201,positif,tanpa_emoji,negatif,soraya
7HpkNw-eYh0,user_8839062f40ce,False,1696550400,0,negatif,0.9839,netral,tanpa_emoji,negatif,soraya
7HpkNw-eYh0,user_e873c7f346e7,False,1696550400,0,positif,0.997,positif,positif,positif,soraya
7HpkNw-eYh0,user_2a2d7a8b8d3e,False,1696550400,0,netral,0.9874,netral,netral,netral,soraya
7HpkNw-eYh0,user_5fded5352e1a,False,1696550400,0,positif,0.9636,positif,tanpa_emoji,positif,soraya
7HpkNw-eYh0,user_c0c64561e8a3,False,1696550400,0,positif,0.988,positif,positif,positif,soraya
7HpkNw-eYh0,user_3b6a5e3fd7be,False,1696550400,0,negatif,0.9761,positif,tanpa_emoji,negatif,soraya
7HpkNw-eYh0,user_2221609ad9a2,False,1728172800,0,positif,0.8414,netral,tanpa_emoji,positif,soraya
7HpkNw-eYh0,user_667e12ec061e,False,1696550400,0,negatif,0.9567,positif,positif,negatif,soraya
7HpkNw-eYh0,user_8ca0f616b964,False,1696550400,0,positif,0.9399,positif,positif,positif,soraya
7HpkNw-eYh0,user_884ffed10b4e,False,1696550400,0,positif,0.6504,positif,tanpa_emoji,positif,soraya
7HpkNw-eYh0,user_3a25c36505ef,False,1696550400,0,positif,0.9918,positif,tanpa_emoji,positif,soraya
7HpkNw-eYh0,user_5b12834b790d,False,1696550400,0,positif,0.9948,positif,tanpa_emoji,positif,soraya
7HpkNw-eYh0,user_109046a97f13,False,1696550400,0,positif,0.9817,positif,tanpa_emoji,positif,soraya
7HpkNw-eYh0,user_d950a1138663,False,1696550400,0,positif,0.9567,positif,positif,positif,soraya
7HpkNw-eYh0,user_377c87e41556,False,1696550400,0,negatif,0.964,positif,tanpa_emoji,negatif,soraya
7HpkNw-eYh0,user_83279bb4b22b,False,1696550400,0,positif,0.9984,positif,tanpa_emoji,positif,soraya
7HpkNw-eYh0,user_1d2173ac99d6,False,1696550400,0,positif,0.9561,positif,tanpa_emoji,positif,soraya
7HpkNw-eYh0,user_ecf7274c1620,False,1696550400,0,netral,0.9179,positif,positif,netral,soraya
7HpkNw-eYh0,user_d8148bf7b570,False,1696550400,0,negatif,0.9488,positif,positif,negatif,soraya
7HpkNw-eYh0,user_3e6b57e3c1dd,False,1696550400,0,positif,0.7166,netral,tanpa_emoji,positif,soraya
7HpkNw-eYh0,user_0298c6baf039,False,1696550400,0,positif,0.9768,positif,tanpa_emoji,positif,soraya
7HpkNw-eYh0,user_03de73ce8d53,False,1696550400,10,positif,0.9972,positif,positif,positif,soraya
7HpkNw-eYh0,user_6318e9180c13,True,1696550400,0,negatif,0.7618,positif,tanpa_emoji,negatif,soraya
7HpkNw-eYh0,user_ab24d8521fea,True,1696550400,1,negatif,0.6861,negatif,tanpa_emoji,negatif,soraya
7HpkNw-eYh0,user_0d2280effdf9,True,1696550400,0,negatif,0.5516,netral,netral,negatif,soraya
7HpkNw-eYh0,user_6bc31b1d06fc,True,1696550400,0,negatif,0.9258,positif,tanpa_emoji,negatif,soraya
7HpkNw-eYh0,user_f5822d9653e3,False,1696550400,0,negatif,0.9539,netral,tanpa_emoji,negatif,soraya
7HpkNw-eYh0,user_d4d3c7a0b250,False,1696550400,0,positif,0.9979,positif,positif,positif,soraya
7HpkNw-eYh0,user_a5289473048d,False,1696550400,0,positif,0.933,netral,tanpa_emoji,positif,soraya
7HpkNw-eYh0,user_6bc31b1d06fc,False,1696550400,0,positif,0.3826,netral,tanpa_emoji,positif,soraya
7HpkNw-eYh0,user_f906ba170f88,False,1696550400,0,negatif,0.9484,netral,tanpa_emoji,negatif,soraya
7HpkNw-eYh0,user_40702d57fa15,False,1696550400,1,negatif,0.9239,netral,tanpa_emoji,negatif,soraya
7HpkNw-eYh0,user_d9e402525c40,False,1696550400,0,positif,0.728,netral,netral,positif,soraya
7HpkNw-eYh0,user_fa6fac9787f7,False,1696550400,0,positif,0.9969,netral,tanpa_emoji,positif,soraya
7HpkNw-eYh0,user_5923d303c8b8,False,1696550400,0,negatif,0.9988,netral,tanpa_emoji,negatif,soraya
7HpkNw-eYh0,user_91f1ffca7a9b,False,1696550400,0,negatif,0.9222,positif,positif,negatif,soraya
7HpkNw-eYh0,user_af6f11f2375d,False,1759708800,0,positif,0.6016,positif,positif,positif,soraya
7HpkNw-eYh0,user_82ead7727398,False,1696550400,1,positif,0.7902,netral,tanpa_emoji,positif,soraya
7HpkNw-eYh0,user_4899b0d68c89,False,1696550400,0,negatif,0.9803,netral,tanpa_emoji,negatif,soraya
7HpkNw-eYh0,user_4de1c0fb9407,False,1696550400,0,netral,0.7781,positif,tanpa_emoji,netral,soraya
7HpkNw-eYh0,user_5a1e3ab5c42e,False,1696550400,34,positif,0.6431,positif,positif,positif,soraya
7HpkNw-eYh0,user_014f386718d1,True,1696550400,2,negatif,0.8979,netral,tanpa_emoji,negatif,soraya
7HpkNw-eYh0,user_5a1e3ab5c42e,True,1696550400,3,netral,0.9051,netral,netral,netral,soraya
7HpkNw-eYh0,user_5a17313ee5ee,False,1696550400,0,negatif,0.8942,netral,netral,negatif,soraya
7HpkNw-eYh0,user_76708e8105bd,False,1696550400,0,negatif,0.9223,positif,tanpa_emoji,negatif,soraya
7HpkNw-eYh0,user_9cc75bcbeabd,False,1696550400,0,negatif,0.9735,netral,netral,negatif,soraya
7HpkNw-eYh0,user_71620b2b17c8,False,1728172800,0,negatif,0.949,netral,netral,negatif,soraya
7HpkNw-eYh0,user_737f17b92d36,False,1696550400,1,positif,0.9924,positif,positif,positif,soraya
7HpkNw-eYh0,user_83279bb4b22b,True,1696550400,0,positif,0.8185,netral,netral,positif,soraya
7HpkNw-eYh0,user_398e7686e651,False,1696550400,2,negatif,0.9961,netral,netral,negatif,soraya
7HpkNw-eYh0,user_e726e5b4c783,True,1696550400,0,netral,0.8001,netral,tanpa_emoji,netral,soraya
7HpkNw-eYh0,user_b9bdd1552cb5,False,1696550400,0,netral,0.8503,netral,tanpa_emoji,netral,soraya
7HpkNw-eYh0,user_96040bb9a6bc,False,1696550400,0,positif,0.8731,netral,tanpa_emoji,positif,soraya
7HpkNw-eYh0,user_ed789634db28,False,1696550400,0,negatif,0.9203,positif,positif,negatif,soraya
7HpkNw-eYh0,user_ada3d806e98a,False,1696550400,0,positif,0.546,netral,tanpa_emoji,positif,soraya
7HpkNw-eYh0,user_a74275179b3b,False,1696550400,0,negatif,0.6506,netral,tanpa_emoji,negatif,soraya
7HpkNw-eYh0,user_34a0bd75b8c9,False,1696550400,0,positif,0.8496,netral,tanpa_emoji,positif,soraya
7HpkNw-eYh0,user_316fdacd96e4,False,1696550400,0,negatif,0.5046,netral,tanpa_emoji,negatif,soraya
7HpkNw-eYh0,user_0cc307e2dd9e,False,1696550400,1,positif,0.8948,positif,tanpa_emoji,positif,soraya
7HpkNw-eYh0,user_e726e5b4c783,True,1696550400,0,negatif,0.9947,netral,netral,negatif,soraya
7HpkNw-eYh0,user_57eed987e8ed,False,1696550400,0,positif,0.6768,netral,tanpa_emoji,positif,soraya
7HpkNw-eYh0,user_89d53efe915b,False,1696550400,0,positif,0.9255,positif,positif,positif,soraya
7HpkNw-eYh0,user_42a57654f3e2,False,1696550400,0,negatif,0.9605,netral,netral,negatif,soraya
7HpkNw-eYh0,user_147bacd4f4ed,False,1759708800,0,negatif,0.4838,netral,tanpa_emoji,negatif,soraya
7HpkNw-eYh0,user_a0ea41f4a045,False,1696550400,0,netral,0.8883,netral,tanpa_emoji,netral,soraya
7HpkNw-eYh0,user_8f2a77e02d0b,False,1696550400,0,negatif,0.7649,netral,tanpa_emoji,negatif,soraya
7HpkNw-eYh0,user_141a30f85ccb,False,1696550400,0,negatif,0.997,netral,netral,negatif,soraya
7HpkNw-eYh0,user_c6c607c71c83,False,1696550400,1,positif,0.8047,netral,tanpa_emoji,positif,soraya
7HpkNw-eYh0,user_544ff9d5a069,False,1696550400,0,negatif,0.9366,netral,tanpa_emoji,negatif,soraya
7HpkNw-eYh0,user_33fcb7d43b4a,False,1696550400,0,positif,0.5405,netral,tanpa_emoji,positif,soraya
7HpkNw-eYh0,user_20776dff4169,False,1696550400,0,negatif,0.9819,positif,netral,negatif,soraya
7HpkNw-eYh0,user_953734bfca58,False,1696550400,0,positif,0.9873,positif,tanpa_emoji,positif,soraya
7HpkNw-eYh0,user_049b2fb27469,False,1696550400,0,positif,0.9712,netral,tanpa_emoji,positif,soraya
7HpkNw-eYh0,user_5d7449fd4c6c,False,1696550400,0,positif,0.9874,positif,tanpa_emoji,positif,soraya
7HpkNw-eYh0,user_3683e813c8d9,False,1728172800,0,positif,0.5891,netral,tanpa_emoji,positif,soraya
7HpkNw-eYh0,user_b8382a31275a,False,1696550400,0,negatif,0.9765,netral,tanpa_emoji,negatif,soraya
7HpkNw-eYh0,user_44140a1d6f56,False,1696550400,0,negatif,0.4536,positif,tanpa_emoji,negatif,soraya
7HpkNw-eYh0,user_9f44d45a53c3,False,1696550400,1,positif,0.9941,netral,tanpa_emoji,positif,soraya
7HpkNw-eYh0,user_ff3ae473b690,False,1696550400,0,negatif,0.6147,positif,tanpa_emoji,negatif,soraya
7HpkNw-eYh0,user_668477a4aada,False,1696550400,0,negatif,0.9583,netral,tanpa_emoji,negatif,soraya
7HpkNw-eYh0,user_2e92cb374bc2,False,1696550400,1,negatif,0.7077,positif,netral,negatif,soraya
7HpkNw-eYh0,user_f4c56a51325b,True,1696550400,0,negatif,0.8289,netral,tanpa_emoji,negatif,soraya
7HpkNw-eYh0,user_2e92cb374bc2,True,1696550400,0,negatif,0.5552,netral,netral,negatif,soraya
7HpkNw-eYh0,user_1cd969b95c13,False,1696550400,0,positif,0.9405,netral,netral,positif,soraya
7HpkNw-eYh0,user_a39836721927,False,1696550400,0,negatif,0.7556,netral,tanpa_emoji,negatif,soraya
7HpkNw-eYh0,user_9bd59ae21e34,False,1696550400,9,positif,0.9887,positif,tanpa_emoji,positif,soraya
7HpkNw-eYh0,user_5728ca7417b3,False,1696550400,1,positif,0.6747,netral,tanpa_emoji,positif,soraya
7HpkNw-eYh0,user_cd51fa214a19,False,1696550400,0,positif,0.5725,positif,positif,positif,soraya
7HpkNw-eYh0,user_d9e402525c40,True,1696550400,0,negatif,0.53,netral,tanpa_emoji,negatif,soraya
7HpkNw-eYh0,user_83279bb4b22b,True,1696550400,0,negatif,0.3916,netral,netral,negatif,soraya
7HpkNw-eYh0,user_a5bcd4cb0e4c,False,1696550400,0,positif,0.9822,positif,tanpa_emoji,positif,soraya
7HpkNw-eYh0,user_a0ea41f4a045,False,1696550400,0,negatif,0.9021,positif,positif,negatif,soraya
7HpkNw-eYh0,user_484fa9c4b3c1,False,1696550400,0,netral,0.9125,netral,tanpa_emoji,netral,soraya
7HpkNw-eYh0,user_bb9fba01bce8,False,1696550400,0,negatif,0.9621,netral,tanpa_emoji,negatif,soraya
7HpkNw-eYh0,user_e86a5c55f29c,False,1696550400,0,negatif,0.9861,positif,tanpa_emoji,negatif,soraya
7HpkNw-eYh0,user_9efa2f4ef0f6,False,1696550400,0,negatif,0.9724,netral,tanpa_emoji,negatif,soraya
7HpkNw-eYh0,user_c3c64236fd22,False,1696550400,1,negatif,0.5831,netral,tanpa_emoji,negatif,soraya
7HpkNw-eYh0,user_3a25c36505ef,True,1696550400,1,netral,0.64,positif,tanpa_emoji,netral,soraya
7HpkNw-eYh0,user_4119b26a6324,True,1696550400,0,netral,0.6399,netral,netral,netral,soraya
7HpkNw-eYh0,user_f65c4e57ed16,False,1696550400,0,negatif,0.9974,positif,tanpa_emoji,negatif,soraya
7HpkNw-eYh0,user_b32cdf491eff,False,1696550400,0,netral,0.8879,netral,tanpa_emoji,netral,soraya
7HpkNw-eYh0,user_cc55dc80d2bc,False,1696550400,0,positif,0.6433,netral,tanpa_emoji,positif,soraya
7HpkNw-eYh0,user_8af0ff145245,True,1696550400,0,negatif,0.986,netral,tanpa_emoji,negatif,soraya
7HpkNw-eYh0,user_38a5a9ad010e,False,1696550400,0,negatif,0.5325,netral,tanpa_emoji,negatif,soraya
7HpkNw-eYh0,user_207846c17afe,False,1696550400,0,netral,0.9783,netral,tanpa_emoji,netral,soraya
7HpkNw-eYh0,user_9b842cbb3cb3,False,1696550400,0,negatif,0.9718,netral,netral,negatif,soraya
7HpkNw-eYh0,user_cd889b6e236f,False,1696550400,0,negatif,0.8536,positif,tanpa_emoji,negatif,soraya
7HpkNw-eYh0,user_bf35d35de749,False,1696550400,0,negatif,0.9798,negatif,tanpa_emoji,negatif,soraya
7HpkNw-eYh0,user_44e704043a16,False,1696550400,0,negatif,0.9812,netral,netral,negatif,soraya
7HpkNw-eYh0,user_c950ac40c152,True,1696550400,0,negatif,0.8113,netral,tanpa_emoji,negatif,soraya
7HpkNw-eYh0,user_e4ff7f37d7cf,False,1696550400,0,negatif,0.9985,netral,tanpa_emoji,negatif,soraya
7HpkNw-eYh0,user_9af4038e0231,False,1696550400,0,netral,0.7891,netral,tanpa_emoji,netral,soraya
7HpkNw-eYh0,user_2eba3f00de19,False,1696550400,0,netral,0.9929,netral,tanpa_emoji,netral,soraya
7HpkNw-eYh0,user_af767a1b548f,True,1696550400,0,netral,0.9918,netral,tanpa_emoji,netral,soraya
7HpkNw-eYh0,user_2eba3f00de19,True,1696550400,0,netral,0.3902,netral,tanpa_emoji,netral,soraya
7HpkNw-eYh0,user_af767a1b548f,True,1696550400,1,netral,0.8686,positif,tanpa_emoji,netral,soraya
7HpkNw-eYh0,user_ecdf70b9a489,False,1696550400,0,negatif,0.4934,netral,tanpa_emoji,negatif,soraya
7HpkNw-eYh0,user_dd8775b8a0a2,False,1696550400,1,netral,0.6528,netral,tanpa_emoji,netral,soraya
7HpkNw-eYh0,user_b8fc3e3d26ac,True,1696550400,0,negatif,0.9919,netral,tanpa_emoji,negatif,soraya
7HpkNw-eYh0,user_5a1e3ab5c42e,True,1696550400,0,netral,0.9765,netral,tanpa_emoji,netral,soraya
7HpkNw-eYh0,user_d07b72637b04,False,1696550400,6,positif,0.4918,netral,netral,positif,soraya
7HpkNw-eYh0,user_aad592bab1b6,True,1696550400,3,negatif,0.9927,netral,netral,netral,soraya
7HpkNw-eYh0,user_5066beb6f3a3,True,1696550400,1,negatif,0.847,positif,netral,negatif,soraya
7HpkNw-eYh0,user_e9513e2477d1,False,1696550400,0,negatif,0.987,positif,tanpa_emoji,negatif,soraya
7HpkNw-eYh0,user_eda34898d28c,False,1696550400,0,positif,0.9014,positif,tanpa_emoji,positif,soraya
7HpkNw-eYh0,user_fdf2c89e1254,True,1696550400,0,negatif,0.9942,netral,tanpa_emoji,negatif,soraya
7HpkNw-eYh0,user_fecb2cd36a35,False,1696550400,0,negatif,0.9978,positif,tanpa_emoji,negatif,soraya
7HpkNw-eYh0,user_60bf7e62ed7f,False,1696550400,0,netral,0.6582,netral,tanpa_emoji,netral,soraya
7HpkNw-eYh0,user_09fbdef46c6b,False,1696550400,0,negatif,0.9892,netral,tanpa_emoji,negatif,soraya
7HpkNw-eYh0,user_0dffaea4cda2,False,1696550400,0,negatif,0.998,netral,tanpa_emoji,negatif,soraya
7HpkNw-eYh0,user_483026af7e6a,False,1696550400,0,negatif,0.679,netral,tanpa_emoji,negatif,soraya
7HpkNw-eYh0,user_5a1e3ab5c42e,True,1696550400,0,netral,0.6781,netral,tanpa_emoji,netral,soraya
7HpkNw-eYh0,user_0e5d407cebd1,False,1696550400,0,negatif,0.9954,negatif,tanpa_emoji,negatif,soraya
7HpkNw-eYh0,user_880f2d800f2f,False,1696550400,0,negatif,0.7319,positif,tanpa_emoji,negatif,soraya
7HpkNw-eYh0,user_be30778b8184,False,1696550400,0,negatif,0.9839,netral,netral,negatif,soraya
7HpkNw-eYh0,user_c99a917d656c,False,1775433600,0,negatif,0.8579,negatif,tanpa_emoji,negatif,soraya
7HpkNw-eYh0,user_ce59fbe7833c,True,1785974400,0,negatif,0.8726,netral,tanpa_emoji,negatif,soraya
7HpkNw-eYh0,user_3c87b5acb5b0,False,1696550400,3,positif,0.9168,positif,tanpa_emoji,positif,soraya
7HpkNw-eYh0,user_1b508bc5341b,True,1696550400,3,positif,0.9924,positif,tanpa_emoji,positif,soraya
7HpkNw-eYh0,user_24021405f2cd,True,1696550400,1,negatif,0.9669,netral,tanpa_emoji,negatif,soraya
7HpkNw-eYh0,user_af767a1b548f,True,1696550400,0,positif,0.5497,negatif,tanpa_emoji,positif,soraya
7HpkNw-eYh0,user_24021405f2cd,True,1696550400,0,negatif,0.9689,positif,netral,negatif,soraya
7HpkNw-eYh0,user_af767a1b548f,True,1696550400,0,negatif,0.5162,positif,tanpa_emoji,negatif,soraya
7HpkNw-eYh0,user_b6241cd207c5,True,1696550400,0,negatif,0.9974,netral,tanpa_emoji,negatif,soraya
7HpkNw-eYh0,user_25b106edf429,False,1696550400,0,negatif,0.5169,negatif,netral,negatif,soraya
7HpkNw-eYh0,user_83279bb4b22b,True,1696550400,0,netral,0.4359,netral,tanpa_emoji,netral,soraya
7HpkNw-eYh0,user_73c90095c331,False,1696550400,0,negatif,0.999,positif,tanpa_emoji,negatif,soraya
7HpkNw-eYh0,user_9b9c554b7e37,False,1696550400,4,positif,0.5971,positif,positif,positif,soraya
7HpkNw-eYh0,user_ecf0e77565e2,True,1696550400,2,positif,0.9764,positif,tanpa_emoji,positif,soraya
7HpkNw-eYh0,user_9a0921086e98,True,1696550400,2,positif,0.9725,positif,positif,positif,soraya
7HpkNw-eYh0,user_44a1595f09dc,True,1696550400,2,negatif,0.8613,negatif,tanpa_emoji,negatif,soraya
7HpkNw-eYh0,user_5a1e3ab5c42e,True,1696550400,1,negatif,0.8591,netral,tanpa_emoji,negatif,soraya
7HpkNw-eYh0,user_723d47d6bfef,True,1696550400,0,negatif,0.9921,negatif,tanpa_emoji,negatif,soraya
7HpkNw-eYh0,user_b73b66aab0f0,True,1696550400,0,positif,0.5998,netral,tanpa_emoji,positif,soraya
7HpkNw-eYh0,user_77b8a8a227fe,True,1696550400,0,positif,0.4165,negatif,tanpa_emoji,positif,soraya
7HpkNw-eYh0,user_723d47d6bfef,True,1696550400,0,positif,0.9723,netral,tanpa_emoji,positif,soraya
7HpkNw-eYh0,user_04e268179e24,True,1728172800,0,positif,0.886,netral,tanpa_emoji,positif,soraya
7HpkNw-eYh0,user_6b0de0b92027,False,1696550400,6,positif,0.9946,netral,positif,positif,soraya
7HpkNw-eYh0,user_ab24d8521fea,True,1696550400,10,negatif,0.8026,netral,tanpa_emoji,negatif,soraya
7HpkNw-eYh0,user_ab8f0c414928,True,1696550400,2,positif,0.8531,netral,tanpa_emoji,positif,soraya
7HpkNw-eYh0,user_fa97ee95eaea,True,1696550400,0,negatif,0.9529,negatif,tanpa_emoji,negatif,soraya
7HpkNw-eYh0,user_ab8f0c414928,True,1696550400,0,negatif,0.4467,netral,tanpa_emoji,negatif,soraya
7HpkNw-eYh0,user_83405e97abd9,True,1696550400,3,positif,0.9962,positif,positif,positif,soraya
7HpkNw-eYh0,user_379d5eb1a36a,True,1696550400,2,negatif,0.9887,positif,tanpa_emoji,negatif,soraya
7HpkNw-eYh0,user_fb6524df23b5,True,1696550400,1,negatif,0.9756,netral,netral,negatif,soraya
7HpkNw-eYh0,user_7685e8706b22,True,1696550400,0,negatif,0.9162,negatif,tanpa_emoji,negatif,soraya
7HpkNw-eYh0,user_510a3cbdfdce,True,1696550400,0,negatif,0.7636,negatif,tanpa_emoji,negatif,soraya
7HpkNw-eYh0,user_510a3cbdfdce,True,1696550400,0,positif,0.958,netral,tanpa_emoji,positif,soraya
7HpkNw-eYh0,user_fa97ee95eaea,True,1696550400,0,negatif,0.9979,negatif,tanpa_emoji,negatif,soraya
7HpkNw-eYh0,user_3b6b75b5e677,False,1696550400,0,negatif,0.9971,negatif,tanpa_emoji,negatif,soraya
7HpkNw-eYh0,user_873f222aa634,False,1696550400,0,negatif,0.9978,netral,tanpa_emoji,negatif,soraya
7HpkNw-eYh0,user_1b9b4faff9d4,False,1696550400,0,positif,0.9779,netral,tanpa_emoji,positif,soraya
7HpkNw-eYh0,user_39cdf0a6a227,False,1696550400,0,negatif,0.4815,netral,tanpa_emoji,negatif,soraya
7HpkNw-eYh0,user_ddf3c2c6c5fb,False,1696550400,0,negatif,0.9914,negatif,tanpa_emoji,negatif,soraya
BMIQqHLTyzY,user_955995c6eb10,False,1728172800,19,positif,0.9914,positif,tanpa_emoji,positif,soraya
BMIQqHLTyzY,user_ed57a6202b6f,False,1728172800,0,positif,0.989,positif,tanpa_emoji,positif,soraya
BMIQqHLTyzY,user_085e4750d0ae,False,1728172800,2,positif,0.7848,netral,netral,positif,soraya
BMIQqHLTyzY,user_b3c52ee01851,False,1728172800,4,negatif,0.9622,netral,tanpa_emoji,negatif,soraya
BMIQqHLTyzY,user_516dea2d3673,False,1759708800,1,negatif,0.915,netral,tanpa_emoji,negatif,soraya
BMIQqHLTyzY,user_c96804a4eaab,False,1728172800,8,negatif,0.9971,negatif,netral,negatif,soraya
BMIQqHLTyzY,user_fcd82bb547b9,True,1728172800,1,negatif,0.966,netral,netral,negatif,soraya
BMIQqHLTyzY,user_1579b6beb88a,False,1728172800,2,negatif,0.9587,negatif,tanpa_emoji,negatif,soraya
BMIQqHLTyzY,user_6d2832c7020f,False,1728172800,1,netral,0.7483,positif,positif,netral,soraya
BMIQqHLTyzY,user_174c0b501fa8,False,1728172800,1,netral,0.5018,negatif,tanpa_emoji,netral,soraya
BMIQqHLTyzY,user_27377aef7831,True,1728172800,0,netral,0.7813,netral,tanpa_emoji,netral,soraya
BMIQqHLTyzY,user_2c8b6e6751f0,False,1728172800,17,negatif,0.9904,netral,tanpa_emoji,negatif,soraya
BMIQqHLTyzY,user_6051d1fbd20a,True,1759708800,0,negatif,0.5499,netral,tanpa_emoji,negatif,soraya
BMIQqHLTyzY,user_5fe5b644cdf7,False,1728172800,9,netral,0.9611,netral,tanpa_emoji,netral,soraya
BMIQqHLTyzY,user_ad3f26a7e5f6,True,1728172800,1,positif,0.9188,netral,tanpa_emoji,positif,soraya
BMIQqHLTyzY,user_899085c2e2f6,False,1728172800,5,negatif,0.6975,netral,netral,negatif,soraya
BMIQqHLTyzY,user_9dbc4f496787,True,1728172800,2,positif,0.9893,positif,tanpa_emoji,positif,soraya
BMIQqHLTyzY,user_2f6b0463ce2d,False,1728172800,32,negatif,0.9816,netral,tanpa_emoji,negatif,soraya
BMIQqHLTyzY,user_78dc31ec2eb2,True,1728172800,3,negatif,0.9737,netral,tanpa_emoji,negatif,soraya
BMIQqHLTyzY,user_77260babc084,False,1728172800,0,negatif,0.8256,netral,netral,negatif,soraya
BMIQqHLTyzY,user_035154f24bd3,False,1728172800,2,negatif,0.5093,netral,netral,negatif,soraya
BMIQqHLTyzY,user_ad3f26a7e5f6,True,1728172800,0,negatif,0.6658,netral,tanpa_emoji,negatif,soraya
BMIQqHLTyzY,user_147e90a16af5,False,1728172800,1,negatif,0.9803,netral,tanpa_emoji,negatif,soraya
BMIQqHLTyzY,user_e730062ce25c,False,1728172800,0,negatif,0.9915,netral,tanpa_emoji,negatif,soraya
BMIQqHLTyzY,user_5b6478cbfe83,False,1728172800,4,negatif,0.7268,netral,netral,negatif,soraya
BMIQqHLTyzY,user_085e4750d0ae,True,1728172800,1,negatif,0.4968,netral,netral,negatif,soraya
BMIQqHLTyzY,user_9953e1cecdf1,True,1728172800,1,netral,0.9732,netral,tanpa_emoji,netral,soraya
BMIQqHLTyzY,user_147e90a16af5,False,1728172800,2,negatif,0.7788,netral,tanpa_emoji,negatif,soraya
BMIQqHLTyzY,user_a0a16e26d3a8,False,1767657600,1,negatif,0.5173,netral,tanpa_emoji,negatif,soraya
D5i5XHUArr4,user_2e4e20668e20,False,1775433600,27,positif,0.9971,netral,tanpa_emoji,positif,soraya
D5i5XHUArr4,user_7a8289c20b9b,False,1775433600,114,positif,0.9957,positif,tanpa_emoji,positif,soraya
D5i5XHUArr4,user_f8f23c34174a,True,1775433600,1,negatif,0.8936,netral,tanpa_emoji,negatif,soraya
D5i5XHUArr4,user_e148d2b87cad,True,1778025600,0,netral,0.5725,positif,positif,positif,soraya
D5i5XHUArr4,user_e2b50a001b4b,True,1780704000,0,negatif,0.4966,netral,tanpa_emoji,negatif,soraya
D5i5XHUArr4,user_5a2c0f796be5,False,1775433600,110,positif,0.98,positif,positif,positif,soraya
D5i5XHUArr4,user_824c38428d66,True,1775433600,0,negatif,0.8814,netral,tanpa_emoji,negatif,soraya
D5i5XHUArr4,user_c6167cfbe2d8,True,1775433600,1,netral,0.4506,netral,tanpa_emoji,netral,soraya
D5i5XHUArr4,user_88bd145f21b0,True,1775433600,1,positif,0.8037,netral,tanpa_emoji,positif,soraya
D5i5XHUArr4,user_e2b50a001b4b,True,1780704000,0,negatif,0.4966,netral,tanpa_emoji,negatif,soraya
D5i5XHUArr4,user_3406e2507ba6,False,1775433600,25,positif,0.8451,netral,netral,positif,soraya
D5i5XHUArr4,user_2c376a527f2c,False,1775433600,24,positif,0.9951,positif,tanpa_emoji,positif,soraya
D5i5XHUArr4,user_f02df593f8ea,False,1775433600,12,positif,0.9774,netral,tanpa_emoji,positif,soraya
D5i5XHUArr4,user_7b87529574e7,False,1775433600,13,positif,0.955,positif,positif,positif,soraya
D5i5XHUArr4,user_d8ec99237d9c,False,1775433600,22,positif,0.996,positif,tanpa_emoji,positif,soraya
D5i5XHUArr4,user_d3c57408d206,False,1775433600,140,positif,0.8168,netral,tanpa_emoji,positif,soraya
D5i5XHUArr4,user_c7c58a012eb5,True,1775433600,4,negatif,0.8436,netral,tanpa_emoji,negatif,soraya
D5i5XHUArr4,user_7615df808308,True,1775433600,1,negatif,0.7001,netral,tanpa_emoji,negatif,soraya
D5i5XHUArr4,user_d3c57408d206,True,1775433600,1,netral,0.9825,negatif,netral,netral,soraya
D5i5XHUArr4,user_4b5a4d804530,True,1775433600,1,netral,0.9932,netral,tanpa_emoji,netral,soraya
D5i5XHUArr4,user_3d34648c2b38,True,1775433600,1,positif,0.9753,positif,tanpa_emoji,positif,soraya
D5i5XHUArr4,user_d3c57408d206,True,1775433600,1,negatif,0.8022,netral,tanpa_emoji,negatif,soraya
D5i5XHUArr4,user_3d34648c2b38,True,1775433600,0,positif,0.9033,positif,tanpa_emoji,positif,soraya
D5i5XHUArr4,user_3d34648c2b38,True,1775433600,0,positif,0.9821,positif,tanpa_emoji,positif,soraya
D5i5XHUArr4,user_d3c57408d206,True,1775433600,2,positif,0.7579,netral,tanpa_emoji,positif,soraya
D5i5XHUArr4,user_3d34648c2b38,True,1775433600,0,positif,0.6161,positif,netral,positif,soraya
D5i5XHUArr4,user_d3c57408d206,True,1778025600,0,negatif,0.8822,positif,tanpa_emoji,negatif,soraya
D5i5XHUArr4,user_e2b50a001b4b,True,1780704000,0,negatif,0.4966,netral,tanpa_emoji,negatif,soraya
D5i5XHUArr4,user_70700d887b58,False,1775433600,11,positif,0.974,positif,tanpa_emoji,positif,soraya
D5i5XHUArr4,user_2e1ecc66c9cb,False,1775433600,54,positif,0.977,positif,positif,positif,soraya
D5i5XHUArr4,user_a614a9248395,True,1775433600,0,positif,0.9966,positif,tanpa_emoji,positif,soraya
D5i5XHUArr4,user_2e1ecc66c9cb,True,1778025600,0,negatif,0.6386,netral,tanpa_emoji,negatif,soraya
D5i5XHUArr4,user_62f898d3c073,True,1775433600,0,positif,0.9923,positif,tanpa_emoji,positif,soraya
D5i5XHUArr4,user_2e1ecc66c9cb,True,1778025600,0,positif,0.6482,positif,positif,positif,soraya
D5i5XHUArr4,user_e2b50a001b4b,True,1780704000,0,negatif,0.4966,netral,tanpa_emoji,negatif,soraya
D5i5XHUArr4,user_68d3c03d056a,False,1775433600,64,negatif,0.7295,netral,tanpa_emoji,negatif,soraya
D5i5XHUArr4,user_e9b5e9f8fcac,True,1775433600,6,negatif,0.9983,positif,tanpa_emoji,negatif,soraya
D5i5XHUArr4,user_c6167cfbe2d8,True,1775433600,7,negatif,0.9622,netral,tanpa_emoji,negatif,soraya
D5i5XHUArr4,user_e6f523132749,True,1775433600,0,netral,0.903,netral,tanpa_emoji,netral,soraya
D5i5XHUArr4,user_88bd145f21b0,True,1775433600,0,negatif,0.9799,netral,tanpa_emoji,negatif,soraya
D5i5XHUArr4,user_082e76c15c09,True,1775433600,5,negatif,0.968,netral,tanpa_emoji,negatif,soraya
D5i5XHUArr4,user_c6167cfbe2d8,True,1775433600,4,positif,0.9953,positif,tanpa_emoji,positif,soraya
D5i5XHUArr4,user_66a89e654f06,True,1775433600,0,negatif,0.9985,netral,tanpa_emoji,negatif,soraya
D5i5XHUArr4,user_e2b50a001b4b,True,1780704000,0,negatif,0.4966,netral,tanpa_emoji,negatif,soraya
D5i5XHUArr4,user_68d3c03d056a,True,1780704000,0,negatif,0.7033,netral,tanpa_emoji,negatif,soraya
D5i5XHUArr4,user_763c485ebbc0,False,1775433600,6,positif,0.4923,netral,tanpa_emoji,positif,soraya
D5i5XHUArr4,user_9c902f3dd1e2,False,1775433600,12,negatif,0.995,netral,netral,negatif,soraya
D5i5XHUArr4,user_dc540168e8b9,False,1775433600,8,positif,0.9873,positif,tanpa_emoji,positif,soraya
D5i5XHUArr4,user_e977542e7f45,False,1775433600,10,positif,0.9826,positif,netral,positif,soraya
D5i5XHUArr4,user_c7e3b166541d,False,1775433600,6,positif,0.9975,netral,tanpa_emoji,positif,soraya
D5i5XHUArr4,user_35caa14aa2e7,False,1775433600,2,positif,0.9417,positif,positif,positif,soraya
D5i5XHUArr4,user_df999e6e9763,False,1775433600,2,negatif,0.5033,netral,negatif,negatif,soraya
D5i5XHUArr4,user_4815cdb58dca,False,1775433600,3,positif,0.9852,positif,positif,positif,soraya
D5i5XHUArr4,user_24dd50926455,False,1775433600,1,positif,0.9959,positif,positif,positif,soraya
D5i5XHUArr4,user_a83b21b37a21,False,1775433600,3,netral,0.4494,positif,positif,positif,soraya
D5i5XHUArr4,user_3af8d8b8b7f5,False,1775433600,1,positif,0.9842,netral,tanpa_emoji,positif,soraya
D5i5XHUArr4,user_576b5508ace7,False,1775433600,1,positif,0.9948,positif,tanpa_emoji,positif,soraya
D5i5XHUArr4,user_84dfd0dd9391,False,1775433600,1,positif,0.9426,positif,tanpa_emoji,positif,soraya
D5i5XHUArr4,user_7f5ba1a93821,False,1775433600,5,positif,0.9938,positif,positif,positif,soraya
D5i5XHUArr4,user_46c3957bc5b4,False,1775433600,2,negatif,0.9546,netral,tanpa_emoji,negatif,soraya
D5i5XHUArr4,user_429bc54d723e,False,1775433600,1,positif,0.9536,positif,positif,positif,soraya
D5i5XHUArr4,user_b4338633b5e1,False,1775433600,10,positif,0.5711,netral,tanpa_emoji,positif,soraya
D5i5XHUArr4,user_e2b50a001b4b,True,1780704000,0,negatif,0.4966,netral,tanpa_emoji,negatif,soraya
D5i5XHUArr4,user_d054bc554a02,False,1775433600,1,positif,0.996,positif,tanpa_emoji,positif,soraya
D5i5XHUArr4,user_3c82fe8ac877,False,1775433600,1,positif,0.9972,positif,tanpa_emoji,positif,soraya
D5i5XHUArr4,user_c123f7677b1b,False,1775433600,1,positif,0.9866,positif,positif,positif,soraya
D5i5XHUArr4,user_e9b48d6ba727,False,1775433600,5,netral,0.871,netral,tanpa_emoji,netral,soraya
D5i5XHUArr4,user_bbfbf18badc7,False,1775433600,0,positif,0.9425,negatif,tanpa_emoji,positif,soraya
D5i5XHUArr4,user_1154a7416be4,False,1775433600,1,positif,0.9875,positif,tanpa_emoji,positif,soraya
D5i5XHUArr4,user_3978e84c4910,False,1775433600,1,positif,0.998,positif,positif,positif,soraya
D5i5XHUArr4,user_ea747d0ecf5b,False,1775433600,1,positif,0.9884,positif,tanpa_emoji,positif,soraya
D5i5XHUArr4,user_355564fc40b9,False,1785974400,0,positif,0.986,positif,tanpa_emoji,positif,soraya
D5i5XHUArr4,user_5d76042cf236,False,1775433600,1,positif,0.5996,positif,positif,positif,soraya
D5i5XHUArr4,user_90d14d7a7fee,False,1775433600,1,positif,0.5594,positif,tanpa_emoji,positif,soraya
D5i5XHUArr4,user_a314a6330fa8,False,1775433600,10,negatif,0.7598,netral,tanpa_emoji,negatif,soraya
D5i5XHUArr4,user_e36f246ad15e,False,1785974400,0,positif,0.9947,positif,positif,positif,soraya
D5i5XHUArr4,user_6e479891c137,False,1775433600,1,positif,0.9458,positif,tanpa_emoji,positif,soraya
D5i5XHUArr4,user_f29864705067,False,1775433600,0,positif,0.9838,positif,positif,positif,soraya
D5i5XHUArr4,user_ca5d5698d138,False,1785974400,0,positif,0.9865,positif,netral,positif,soraya
D5i5XHUArr4,user_b9f6d3fc3d3d,False,1775433600,0,positif,0.6013,netral,tanpa_emoji,positif,soraya
D5i5XHUArr4,user_9a6c90b57506,False,1775433600,1,netral,0.8414,netral,tanpa_emoji,netral,soraya
D5i5XHUArr4,user_723d47d6bfef,False,1775433600,0,negatif,0.8397,positif,positif,negatif,soraya
D5i5XHUArr4,user_9ff668967109,False,1775433600,4,negatif,0.7042,positif,positif,negatif,soraya
D5i5XHUArr4,user_12124b84356d,False,1775433600,1,negatif,0.7669,negatif,netral,negatif,soraya
D5i5XHUArr4,user_40459c23f021,False,1775433600,0,netral,0.6792,netral,tanpa_emoji,netral,soraya
D5i5XHUArr4,user_5747ad659077,False,1775433600,0,positif,0.9111,positif,positif,positif,soraya
D5i5XHUArr4,user_3a2efc730ba3,False,1775433600,0,negatif,0.5287,netral,tanpa_emoji,negatif,soraya
D5i5XHUArr4,user_eaa14580c497,False,1775433600,1,positif,0.9562,positif,tanpa_emoji,positif,soraya
D5i5XHUArr4,user_7433186ccc90,False,1775433600,0,positif,0.9818,positif,tanpa_emoji,positif,soraya
D5i5XHUArr4,user_c7ca58076514,False,1775433600,2,positif,0.9158,positif,positif,positif,soraya
D5i5XHUArr4,user_ea7b54fd9a92,False,1775433600,2,positif,0.9504,netral,tanpa_emoji,positif,soraya
D5i5XHUArr4,user_0f80b9840dea,False,1775433600,0,netral,0.5495,positif,tanpa_emoji,netral,soraya
D5i5XHUArr4,user_2d486648d8f4,False,1775433600,1,negatif,0.7231,netral,tanpa_emoji,negatif,soraya
D5i5XHUArr4,user_ede8d6d92f1b,False,1775433600,15,netral,0.8699,netral,netral,netral,soraya
D5i5XHUArr4,user_1e26a52020eb,True,1775433600,2,negatif,0.9931,netral,netral,netral,soraya
D5i5XHUArr4,user_a86f2cca6ce7,True,1775433600,1,netral,0.6605,netral,netral,netral,soraya
D5i5XHUArr4,user_9e0ea89003dc,False,1775433600,9,negatif,0.494,netral,positif,positif,soraya
D5i5XHUArr4,user_c6167cfbe2d8,True,1775433600,0,negatif,0.9639,netral,tanpa_emoji,negatif,soraya
D5i5XHUArr4,user_9e0ea89003dc,True,1778025600,0,netral,0.9309,positif,positif,netral,soraya
D5i5XHUArr4,user_74f66596772f,False,1775433600,0,positif,0.8474,positif,tanpa_emoji,positif,soraya
D5i5XHUArr4,user_ec553c0d1c02,False,1775433600,0,positif,0.4905,positif,tanpa_emoji,positif,soraya
D5i5XHUArr4,user_bf7de56c2bea,False,1775433600,0,negatif,0.5667,netral,tanpa_emoji,negatif,soraya
D5i5XHUArr4,user_117f22f06b18,False,1775433600,0,positif,0.5933,positif,positif,positif,soraya
D5i5XHUArr4,user_e14a6c193c49,False,1775433600,0,positif,0.47,positif,tanpa_emoji,positif,soraya
D5i5XHUArr4,user_e9304235c679,False,1775433600,0,positif,0.9987,positif,tanpa_emoji,positif,soraya
D5i5XHUArr4,user_ba819a51880c,False,1785974400,0,positif,0.9554,positif,tanpa_emoji,positif,soraya
D5i5XHUArr4,user_cc6c61d68f25,False,1775433600,0,negatif,0.7475,netral,netral,negatif,soraya
D5i5XHUArr4,user_cabee19a7c74,False,1775433600,2,positif,0.965,positif,tanpa_emoji,positif,soraya
D5i5XHUArr4,user_c4609fffd9f9,False,1775433600,0,negatif,0.55,netral,tanpa_emoji,negatif,soraya
D5i5XHUArr4,user_2109ccc9ace6,False,1775433600,2,negatif,0.9801,netral,netral,negatif,soraya
D5i5XHUArr4,user_50e4b917da5d,False,1775433600,0,positif,0.993,positif,positif,positif,soraya
D5i5XHUArr4,user_ae011a1aab88,False,1788652800,0,positif,0.9975,positif,tanpa_emoji,positif,soraya
D5i5XHUArr4,user_902bed5cea60,False,1775433600,0,negatif,0.8797,netral,tanpa_emoji,negatif,soraya
D5i5XHUArr4,user_cd4738b0c214,False,1775433600,2,positif,0.8678,positif,positif,positif,soraya
D5i5XHUArr4,user_3d73ab747469,False,1775433600,0,positif,0.9963,positif,positif,positif,soraya
D5i5XHUArr4,user_a802b31623aa,False,1775433600,9,positif,0.9918,positif,tanpa_emoji,positif,soraya
D5i5XHUArr4,user_014f386718d1,True,1775433600,3,positif,0.9144,netral,tanpa_emoji,positif,soraya
D5i5XHUArr4,user_723d47d6bfef,True,1775433600,0,netral,0.9683,netral,tanpa_emoji,netral,soraya
D5i5XHUArr4,user_1b8e40f0c055,False,1775433600,1,positif,0.9592,positif,positif,positif,soraya
D5i5XHUArr4,user_f240d9b5713f,False,1775433600,2,netral,0.9839,positif,positif,netral,soraya
D5i5XHUArr4,user_30c344cbfe13,False,1789430400,0,negatif,0.9956,netral,tanpa_emoji,negatif,soraya
D5i5XHUArr4,user_d53b36a3e3f0,False,1775433600,0,positif,0.5531,positif,tanpa_emoji,positif,soraya
D5i5XHUArr4,user_c68e791fc360,False,1775433600,1,negatif,0.945,netral,netral,negatif,soraya
D5i5XHUArr4,user_ef0316af8af1,False,1775433600,0,negatif,0.997,positif,tanpa_emoji,negatif,soraya
D5i5XHUArr4,user_d180a9cf9183,False,1775433600,0,positif,0.974,positif,tanpa_emoji,positif,soraya
D5i5XHUArr4,user_1a869b65dc8e,False,1775433600,0,negatif,0.9061,netral,tanpa_emoji,negatif,soraya
D5i5XHUArr4,user_eb0192e1cf82,False,1775433600,1,negatif,0.6645,netral,tanpa_emoji,negatif,soraya
D5i5XHUArr4,user_5fc683ce3746,False,1778025600,1,negatif,0.9872,negatif,tanpa_emoji,negatif,soraya
D5i5XHUArr4,user_a4556f420f7c,False,1775433600,0,netral,0.9403,netral,tanpa_emoji,netral,soraya
D5i5XHUArr4,user_6f6779db0d3c,False,1775433600,4,negatif,0.8082,netral,netral,negatif,soraya
D5i5XHUArr4,user_2d58e67845ed,False,1775433600,0,netral,0.9038,netral,netral,netral,soraya
D5i5XHUArr4,user_67c0851af6df,False,1775433600,0,negatif,0.8796,netral,netral,negatif,soraya
D5i5XHUArr4,user_ba819a51880c,False,1785974400,0,positif,0.9985,positif,positif,positif,soraya
D5i5XHUArr4,user_09b63c6601ae,False,1775433600,0,negatif,0.667,positif,tanpa_emoji,negatif,soraya
D5i5XHUArr4,user_8d9ac7ac4a24,False,1785974400,0,positif,0.4982,netral,tanpa_emoji,positif,soraya
D5i5XHUArr4,user_3896035c2b56,False,1775433600,0,negatif,0.6988,positif,tanpa_emoji,negatif,soraya
D5i5XHUArr4,user_7e8972108e68,False,1775433600,1,positif,0.9459,positif,positif,positif,soraya
D5i5XHUArr4,user_4b5a4d804530,True,1775433600,1,negatif,0.9928,netral,tanpa_emoji,negatif,soraya
D5i5XHUArr4,user_a86f2cca6ce7,False,1775433600,2,netral,0.6364,netral,tanpa_emoji,netral,soraya
D5i5XHUArr4,user_8b76052acfec,False,1775433600,0,positif,0.9893,positif,tanpa_emoji,positif,soraya
D5i5XHUArr4,user_312caa1f5226,False,1775433600,0,positif,0.9079,positif,tanpa_emoji,positif,soraya
D5i5XHUArr4,user_a2266df46aae,False,1775433600,1,negatif,0.8333,positif,positif,positif,soraya
D5i5XHUArr4,user_e248206b734d,False,1775433600,8,negatif,0.9673,positif,netral,negatif,soraya
D5i5XHUArr4,user_68a8342db326,True,1775433600,1,positif,0.9459,negatif,tanpa_emoji,positif,soraya
D5i5XHUArr4,user_5b247b0725e4,False,1775433600,0,negatif,0.9259,positif,positif,positif,soraya
D5i5XHUArr4,user_d6fe4db54895,False,1775433600,0,netral,0.9687,netral,tanpa_emoji,netral,soraya
D5i5XHUArr4,user_4c7a8dcd9191,False,1778025600,0,positif,0.9935,positif,netral,positif,soraya
D5i5XHUArr4,user_e2b50a001b4b,True,1780704000,0,negatif,0.4966,netral,tanpa_emoji,negatif,soraya
D5i5XHUArr4,user_2aedde9b8d0c,False,1775433600,0,negatif,0.9497,netral,tanpa_emoji,negatif,soraya
D5i5XHUArr4,user_b1d17d5d1e7f,False,1775433600,0,negatif,0.8387,netral,tanpa_emoji,negatif,soraya
D5i5XHUArr4,user_53fd6e5ce39e,False,1775433600,0,negatif,0.7588,positif,tanpa_emoji,negatif,soraya
D5i5XHUArr4,user_4d2b6098f12c,False,1775433600,0,positif,0.4946,negatif,tanpa_emoji,positif,soraya
D5i5XHUArr4,user_fbeb54f3c212,False,1789430400,1,positif,0.8738,positif,tanpa_emoji,positif,soraya
D5i5XHUArr4,user_f9b93afc010b,False,1775433600,0,negatif,0.5105,positif,tanpa_emoji,negatif,soraya
D5i5XHUArr4,user_135877934a92,False,1775433600,1,positif,0.8812,positif,tanpa_emoji,positif,soraya
D5i5XHUArr4,user_4a2c60d2a161,False,1775433600,6,negatif,0.8711,netral,tanpa_emoji,negatif,soraya
D5i5XHUArr4,user_a802b31623aa,True,1775433600,2,negatif,0.373,netral,tanpa_emoji,negatif,soraya
D5i5XHUArr4,user_1eaa8aec91da,False,1775433600,0,positif,0.8816,netral,netral,positif,soraya
D5i5XHUArr4,user_ad9658926ba7,False,1775433600,1,negatif,0.8493,positif,tanpa_emoji,negatif,soraya
D5i5XHUArr4,user_ddd46b7b6c81,True,1775433600,1,positif,0.9672,positif,tanpa_emoji,positif,soraya
D5i5XHUArr4,user_94d0ea576b02,False,1775433600,5,netral,0.9907,netral,tanpa_emoji,netral,soraya
D5i5XHUArr4,user_94d0ea576b02,False,1775433600,1,netral,0.9592,netral,tanpa_emoji,netral,soraya
D5i5XHUArr4,user_cb7a6ade45bd,False,1775433600,0,negatif,0.9285,netral,tanpa_emoji,negatif,soraya
D5i5XHUArr4,user_fb1de4aa4636,False,1775433600,0,negatif,0.9816,netral,netral,negatif,soraya
D5i5XHUArr4,user_28c3542b4caf,False,1783296000,0,negatif,0.7864,positif,positif,negatif,soraya
D5i5XHUArr4,user_e7bad0193643,False,1775433600,0,netral,0.9726,negatif,tanpa_emoji,netral,soraya
D5i5XHUArr4,user_4bcc9f1c77cb,False,1775433600,1,negatif,0.9904,netral,tanpa_emoji,negatif,soraya
D5i5XHUArr4,user_c4609fffd9f9,False,1775433600,0,negatif,0.5631,netral,tanpa_emoji,negatif,soraya
D5i5XHUArr4,user_5e83a78b6be5,False,1775433600,0,negatif,0.7964,netral,tanpa_emoji,negatif,soraya
D5i5XHUArr4,user_63f00b43348e,False,1775433600,0,negatif,0.5341,netral,tanpa_emoji,negatif,soraya
D5i5XHUArr4,user_099545bf23b5,False,1778025600,0,positif,0.9826,positif,tanpa_emoji,positif,soraya
D5i5XHUArr4,user_e2b50a001b4b,True,1780704000,0,negatif,0.4966,netral,tanpa_emoji,negatif,soraya
D5i5XHUArr4,user_f12d486a458c,False,1775433600,0,negatif,0.9404,netral,tanpa_emoji,negatif,soraya
D5i5XHUArr4,user_de69fb6bdf89,False,1775433600,1,negatif,0.6395,netral,tanpa_emoji,negatif,soraya
D5i5XHUArr4,user_e41d7c0a6e76,False,1775433600,1,negatif,0.9671,netral,tanpa_emoji,negatif,soraya
D5i5XHUArr4,user_7d4b89c9b925,False,1775433600,0,positif,0.9355,positif,tanpa_emoji,positif,soraya
D5i5XHUArr4,user_fe209cd9e689,False,1775433600,0,positif,0.8036,netral,tanpa_emoji,positif,soraya
D5i5XHUArr4,user_756cfffd7475,False,1785974400,0,negatif,0.9575,netral,tanpa_emoji,negatif,soraya
D5i5XHUArr4,user_097335b7f85c,False,1775433600,0,positif,0.9933,positif,tanpa_emoji,positif,soraya
D5i5XHUArr4,user_980a1c784e8e,False,1775433600,3,negatif,0.7257,netral,tanpa_emoji,negatif,soraya
D5i5XHUArr4,user_887522c6ae82,True,1775433600,0,negatif,0.855,positif,tanpa_emoji,negatif,soraya
D5i5XHUArr4,user_a9f7acde51e7,False,1775433600,0,negatif,0.9498,positif,positif,negatif,soraya
D5i5XHUArr4,user_61a454e21252,False,1775433600,2,positif,0.7469,positif,positif,positif,soraya
D5i5XHUArr4,user_5a2c0f796be5,True,1775433600,2,positif,0.9931,positif,positif,positif,soraya
D5i5XHUArr4,user_a86f2cca6ce7,True,1775433600,1,netral,0.6605,netral,netral,netral,soraya
D5i5XHUArr4,user_aec70d54b0b4,False,1775433600,0,negatif,0.48,netral,tanpa_emoji,negatif,soraya
D5i5XHUArr4,user_01db2deb3d4b,False,1775433600,0,netral,0.6532,positif,positif,netral,soraya
D5i5XHUArr4,user_d5eaba3fd702,False,1775433600,0,positif,0.9659,netral,tanpa_emoji,positif,soraya
D5i5XHUArr4,user_c6167cfbe2d8,True,1775433600,0,negatif,0.9634,netral,tanpa_emoji,negatif,soraya
D5i5XHUArr4,user_71f586725ec1,False,1775433600,0,netral,0.75,netral,tanpa_emoji,netral,soraya
D5i5XHUArr4,user_ba70c1fa2fcc,False,1775433600,1,negatif,0.9672,netral,tanpa_emoji,negatif,soraya
D5i5XHUArr4,user_7dece2765dc7,False,1775433600,1,negatif,0.9723,netral,netral,netral,soraya
D5i5XHUArr4,user_857283737de5,False,1775433600,0,negatif,0.7529,netral,tanpa_emoji,negatif,soraya
D5i5XHUArr4,user_e03365a0bbf5,False,1775433600,0,negatif,0.9445,netral,tanpa_emoji,negatif,soraya
D5i5XHUArr4,user_e25968070de7,False,1775433600,2,negatif,0.7385,netral,tanpa_emoji,negatif,soraya
D5i5XHUArr4,user_979ed2f92724,True,1775433600,1,negatif,0.9724,negatif,netral,negatif,soraya
D5i5XHUArr4,user_a86f2cca6ce7,True,1775433600,1,netral,0.6364,netral,tanpa_emoji,netral,soraya
D5i5XHUArr4,user_5f62b1ae2d89,True,1775433600,1,negatif,0.5044,negatif,tanpa_emoji,negatif,soraya
D5i5XHUArr4,user_2b29f749fb9d,False,1791198000,0,negatif,0.9314,positif,tanpa_emoji,negatif,soraya
D5i5XHUArr4,user_391cf5bbedf9,False,1775433600,0,netral,0.9607,netral,tanpa_emoji,netral,soraya
D5i5XHUArr4,user_9a8366d51298,False,1775433600,0,positif,0.7931,netral,tanpa_emoji,positif,soraya
D5i5XHUArr4,user_848e8d0afb7e,False,1780704000,0,negatif,0.8435,netral,tanpa_emoji,negatif,soraya
D5i5XHUArr4,user_e2b50a001b4b,True,1780704000,0,negatif,0.4966,netral,tanpa_emoji,negatif,soraya
D5i5XHUArr4,user_61224bd1fb94,False,1775433600,0,negatif,0.8878,netral,tanpa_emoji,negatif,soraya
D5i5XHUArr4,user_c78a927ba880,True,1775433600,0,netral,0.5258,netral,tanpa_emoji,netral,soraya
D5i5XHUArr4,user_f495f6385b0d,False,1775433600,0,negatif,0.7566,netral,tanpa_emoji,negatif,soraya
D5i5XHUArr4,user_d4b37808c915,False,1778025600,1,netral,0.9896,netral,tanpa_emoji,netral,soraya
D5i5XHUArr4,user_e2b50a001b4b,True,1780704000,0,negatif,0.4966,netral,tanpa_emoji,negatif,soraya
D5i5XHUArr4,user_468196b3fbf6,False,1775433600,0,positif,0.9972,positif,positif,positif,soraya
D5i5XHUArr4,user_21a963aaaf7b,True,1775433600,0,negatif,0.882,netral,netral,negatif,soraya
D5i5XHUArr4,user_468196b3fbf6,True,1778025600,0,negatif,0.6556,netral,tanpa_emoji,negatif,soraya
D5i5XHUArr4,user_1ed281f5933f,False,1775433600,3,positif,0.9924,positif,positif,positif,soraya
D5i5XHUArr4,user_5d2380ad4e39,True,1783296000,0,negatif,0.9827,netral,tanpa_emoji,negatif,soraya
D5i5XHUArr4,user_0a0884c14f3c,False,1775433600,0,positif,0.9849,positif,tanpa_emoji,positif,soraya
D5i5XHUArr4,user_18dc19895cad,False,1775433600,1,positif,0.5416,netral,tanpa_emoji,positif,soraya
D5i5XHUArr4,user_a99dcbaf12df,True,1775433600,0,negatif,0.8972,netral,tanpa_emoji,negatif,soraya
D5i5XHUArr4,user_537086b2c868,False,1775433600,1,negatif,0.6853,netral,netral,netral,soraya
D5i5XHUArr4,user_7bcb9cdfc479,False,1775433600,0,negatif,0.9856,netral,tanpa_emoji,negatif,soraya
D5i5XHUArr4,user_471ef676afd9,False,1775433600,0,negatif,0.7085,netral,tanpa_emoji,negatif,soraya
D5i5XHUArr4,user_ed288377b472,False,1775433600,2,positif,0.4884,netral,tanpa_emoji,positif,soraya
D5i5XHUArr4,user_b7120a6c1225,True,1775433600,1,positif,0.9635,positif,tanpa_emoji,positif,soraya
D5i5XHUArr4,user_1e51b02f2cc6,False,1775433600,0,positif,0.9972,positif,tanpa_emoji,positif,soraya
D5i5XHUArr4,user_1168304fbf24,False,1775433600,0,negatif,0.9548,netral,tanpa_emoji,negatif,soraya
D5i5XHUArr4,user_f57404eb1226,False,1775433600,1,negatif,0.9233,netral,netral,negatif,soraya
D5i5XHUArr4,user_d93d3fb2a819,False,1783296000,0,negatif,0.9847,netral,tanpa_emoji,negatif,soraya
D5i5XHUArr4,user_d062e931d58c,False,1775433600,0,negatif,0.9811,netral,tanpa_emoji,negatif,soraya
D5i5XHUArr4,user_538f09072139,False,1775433600,0,negatif,0.6169,negatif,tanpa_emoji,negatif,soraya
D5i5XHUArr4,user_85018d139674,False,1775433600,2,negatif,0.7743,positif,positif,negatif,soraya
D5i5XHUArr4,user_2831ba870ed6,False,1775433600,0,negatif,0.9607,netral,tanpa_emoji,negatif,soraya
D5i5XHUArr4,user_be79c333d753,False,1775433600,0,positif,0.9807,netral,tanpa_emoji,positif,soraya
D5i5XHUArr4,user_b1e40b1f1e0f,True,1775433600,0,netral,0.4803,netral,tanpa_emoji,netral,soraya
D5i5XHUArr4,user_c7bab77c0b82,False,1775433600,0,positif,0.9885,positif,tanpa_emoji,positif,soraya
D5i5XHUArr4,user_5ec8663220a2,False,1775433600,0,negatif,0.7839,positif,tanpa_emoji,negatif,soraya
D5i5XHUArr4,user_ddd46b7b6c81,False,1775433600,1,negatif,0.9904,negatif,tanpa_emoji,negatif,soraya
D5i5XHUArr4,user_979ed2f92724,False,1775433600,2,negatif,0.9967,negatif,tanpa_emoji,negatif,soraya
D5i5XHUArr4,user_e9b5e9f8fcac,True,1775433600,1,negatif,0.9975,positif,tanpa_emoji,negatif,soraya
D5i5XHUArr4,user_b7120a6c1225,True,1775433600,1,negatif,0.923,netral,tanpa_emoji,negatif,soraya
D5i5XHUArr4,user_097335b7f85c,False,1775433600,0,positif,0.887,positif,tanpa_emoji,positif,soraya
D5i5XHUArr4,user_b84158fc1ef0,False,1775433600,1,negatif,0.9715,netral,tanpa_emoji,negatif,soraya
D5i5XHUArr4,user_a83b21b37a21,True,1775433600,1,positif,0.7103,positif,positif,positif,soraya
D5i5XHUArr4,user_5f1edab6cfa0,True,1775433600,1,netral,0.6172,netral,tanpa_emoji,netral,soraya
D5i5XHUArr4,user_a86f2cca6ce7,True,1775433600,1,netral,0.6605,netral,netral,netral,soraya
D5i5XHUArr4,user_9279b3f2a9f8,True,1775433600,1,positif,0.9883,netral,tanpa_emoji,positif,soraya
D5i5XHUArr4,user_d3fa94a3e86d,False,1775433600,0,netral,0.5677,netral,tanpa_emoji,netral,soraya
D5i5XHUArr4,user_4a28424eadfd,False,1775433600,0,negatif,0.8375,netral,tanpa_emoji,negatif,soraya
D5i5XHUArr4,user_7ed5c10fa483,False,1775433600,0,negatif,0.9964,netral,tanpa_emoji,negatif,soraya
D5i5XHUArr4,user_2322b1fdb7af,False,1775433600,0,negatif,0.9958,netral,netral,negatif,soraya
D5i5XHUArr4,user_f7da0d85b348,False,1775433600,0,netral,0.8239,netral,tanpa_emoji,netral,soraya
D5i5XHUArr4,user_3faf2487f383,False,1775433600,0,negatif,0.9936,positif,tanpa_emoji,negatif,soraya
D5i5XHUArr4,user_5f1edab6cfa0,False,1775433600,1,positif,0.5062,negatif,netral,positif,soraya
D5i5XHUArr4,user_b7120a6c1225,True,1775433600,1,positif,0.9724,negatif,tanpa_emoji,positif,soraya
D5i5XHUArr4,user_5f1edab6cfa0,True,1775433600,1,negatif,0.8436,negatif,netral,negatif,soraya
D5i5XHUArr4,user_a86f2cca6ce7,True,1775433600,1,netral,0.6605,netral,netral,netral,soraya
D5i5XHUArr4,user_d3c57408d206,False,1775433600,40,positif,0.5672,netral,tanpa_emoji,positif,soraya
D5i5XHUArr4,user_641e64e2ab80,True,1775433600,4,netral,0.5545,netral,tanpa_emoji,netral,soraya
D5i5XHUArr4,user_e9b5e9f8fcac,True,1775433600,2,negatif,0.9945,positif,tanpa_emoji,negatif,soraya
D5i5XHUArr4,user_0ad7cb108504,True,1775433600,1,negatif,0.9957,netral,tanpa_emoji,negatif,soraya
D5i5XHUArr4,user_77f8f9a7fcda,True,1775433600,1,negatif,0.7718,positif,netral,negatif,soraya
D5i5XHUArr4,user_a802b31623aa,True,1775433600,1,negatif,0.9225,netral,tanpa_emoji,negatif,soraya
D5i5XHUArr4,user_ce9c19120275,True,1775433600,1,netral,0.4287,netral,tanpa_emoji,netral,soraya
D5i5XHUArr4,user_c796437b4273,True,1775433600,1,negatif,0.9901,netral,netral,negatif,soraya
D5i5XHUArr4,user_d3c57408d206,True,1775433600,1,negatif,0.8191,netral,tanpa_emoji,negatif,soraya
D5i5XHUArr4,user_a86f2cca6ce7,True,1775433600,1,netral,0.6364,netral,tanpa_emoji,netral,soraya
D5i5XHUArr4,user_583eda6f855a,True,1775433600,1,negatif,0.9986,netral,tanpa_emoji,negatif,soraya
D5i5XHUArr4,user_358643495131,False,1775433600,0,positif,0.9886,negatif,negatif,positif,soraya
D5i5XHUArr4,user_e4496d55e3ee,False,1775433600,0,negatif,0.9877,netral,tanpa_emoji,negatif,soraya
D5i5XHUArr4,user_daac34c0acfe,False,1775433600,1,negatif,0.9768,netral,tanpa_emoji,negatif,soraya
D5i5XHUArr4,user_7da5dc0ce74e,False,1775433600,0,positif,0.7053,positif,tanpa_emoji,positif,soraya
D5i5XHUArr4,user_d3c57408d206,False,1775433600,8,negatif,0.9914,netral,netral,negatif,soraya
D5i5XHUArr4,user_e9b5e9f8fcac,True,1775433600,3,positif,0.997,positif,tanpa_emoji,positif,soraya
D5i5XHUArr4,user_5f1edab6cfa0,True,1775433600,3,positif,0.5337,netral,netral,positif,soraya
D5i5XHUArr4,user_a86f2cca6ce7,True,1775433600,1,netral,0.6364,netral,tanpa_emoji,netral,soraya
D5i5XHUArr4,user_cb608f5d6b0f,True,1775433600,1,negatif,0.821,netral,tanpa_emoji,negatif,soraya
D5i5XHUArr4,user_5f1edab6cfa0,True,1775433600,3,negatif,0.9916,positif,tanpa_emoji,negatif,soraya
D5i5XHUArr4,user_d3c57408d206,True,1775433600,0,netral,0.8805,netral,tanpa_emoji,netral,soraya
D5i5XHUArr4,user_7c6437b6e77c,True,1778025600,0,negatif,0.9986,negatif,tanpa_emoji,negatif,soraya
D5i5XHUArr4,user_6e1c4fb08ef5,False,1775433600,0,negatif,0.986,positif,tanpa_emoji,negatif,soraya
D5i5XHUArr4,user_038afa49d684,False,1778025600,0,negatif,0.9968,negatif,netral,negatif,soraya
D5i5XHUArr4,user_e2b50a001b4b,True,1780704000,0,negatif,0.4966,netral,tanpa_emoji,negatif,soraya
D5i5XHUArr4,user_278ca717121c,False,1778025600,0,negatif,0.9842,positif,netral,negatif,soraya
D5i5XHUArr4,user_e2b50a001b4b,True,1780704000,0,negatif,0.4966,netral,tanpa_emoji,negatif,soraya
D5i5XHUArr4,user_660c2cf8a431,False,1775433600,0,negatif,0.5942,netral,tanpa_emoji,negatif,soraya
D5i5XHUArr4,user_7759e39405be,False,1775433600,0,negatif,0.9973,positif,tanpa_emoji,negatif,soraya
D5i5XHUArr4,user_53c6bb0acc80,False,1775433600,0,negatif,0.9917,netral,tanpa_emoji,negatif,soraya
D5i5XHUArr4,user_f84b97159c7b,False,1775433600,0,negatif,0.9035,netral,tanpa_emoji,negatif,soraya
D5i5XHUArr4,user_cc7ecdcab3aa,False,1775433600,0,negatif,0.9989,negatif,tanpa_emoji,negatif,soraya
D5i5XHUArr4,user_1c13370e3624,False,1775433600,0,negatif,0.8469,negatif,tanpa_emoji,negatif,soraya
D5i5XHUArr4,user_2acc5184f1d5,False,1775433600,0,negatif,0.875,negatif,negatif,negatif,soraya
D5i5XHUArr4,user_997789e686ec,False,1785974400,0,negatif,0.9095,negatif,negatif,negatif,soraya
D5i5XHUArr4,user_e977542e7f45,False,1775433600,1,negatif,0.6645,netral,tanpa_emoji,negatif,soraya
D5i5XHUArr4,user_52d007c977f1,False,1775433600,0,negatif,0.8191,negatif,negatif,negatif,soraya
D5i5XHUArr4,user_27df8bfe38d2,True,1775433600,0,negatif,0.6749,negatif,tanpa_emoji,negatif,soraya
D5i5XHUArr4,user_52d007c977f1,True,1775433600,0,netral,0.723,positif,tanpa_emoji,netral,soraya
D5i5XHUArr4,user_da8e05836c16,False,1775433600,0,negatif,0.8115,negatif,netral,negatif,soraya
IKm7yQLorPo,user_d618c596781b,False,1759708800,12,positif,0.9716,netral,tanpa_emoji,positif,soraya
IKm7yQLorPo,user_53c39a788967,False,1759708800,5,positif,0.9872,netral,tanpa_emoji,positif,soraya
IKm7yQLorPo,user_da8e6379024a,False,1759708800,0,positif,0.6847,netral,tanpa_emoji,positif,soraya
IKm7yQLorPo,user_f7beaf852d04,False,1759708800,0,negatif,0.9734,negatif,tanpa_emoji,negatif,soraya
IKm7yQLorPo,user_55a1a4bddf09,False,1759708800,0,negatif,0.913,netral,tanpa_emoji,negatif,soraya
IKm7yQLorPo,user_750a79064418,False,1759708800,3,negatif,0.9987,netral,tanpa_emoji,negatif,soraya
IKm7yQLorPo,user_b8aa3c0cbb1c,False,1759708800,0,negatif,0.5458,positif,tanpa_emoji,negatif,soraya
IKm7yQLorPo,user_72b2bf246e70,True,1759708800,1,negatif,0.9428,netral,tanpa_emoji,negatif,soraya
IKm7yQLorPo,user_0d2280effdf9,False,1759708800,5,netral,0.4965,netral,netral,netral,soraya
IKm7yQLorPo,user_9109ba16e287,True,1759708800,2,positif,0.8888,positif,tanpa_emoji,positif,soraya
IKm7yQLorPo,user_0d2280effdf9,True,1759708800,5,netral,0.8542,netral,tanpa_emoji,netral,soraya
IKm7yQLorPo,user_9109ba16e287,True,1759708800,0,netral,0.9502,netral,tanpa_emoji,netral,soraya
IKm7yQLorPo,user_d77685adfb51,True,1759708800,0,netral,0.9919,netral,netral,netral,soraya
IKm7yQLorPo,user_0d2280effdf9,True,1759708800,0,netral,0.4616,netral,netral,netral,soraya
LWdoRl6Lt-g,user_452624367979,False,1759708800,11,positif,0.5021,positif,positif,positif,soraya
LWdoRl6Lt-g,user_7246470f6590,False,1759708800,177,positif,0.788,netral,netral,positif,soraya
LWdoRl6Lt-g,user_d7e4bf93168e,True,1759708800,7,negatif,0.9625,netral,tanpa_emoji,negatif,soraya
LWdoRl6Lt-g,user_e37affe931ff,True,1759708800,3,negatif,0.8639,netral,tanpa_emoji,negatif,soraya
LWdoRl6Lt-g,user_4e1ee49c1698,True,1759708800,2,positif,0.9258,netral,tanpa_emoji,positif,soraya
LWdoRl6Lt-g,user_655931b38192,True,1759708800,1,netral,0.8428,netral,tanpa_emoji,netral,soraya
LWdoRl6Lt-g,user_5f55297fb1b6,True,1759708800,1,positif,0.9815,netral,tanpa_emoji,positif,soraya
LWdoRl6Lt-g,user_6f29ad48a2fb,True,1759708800,1,positif,0.9956,positif,tanpa_emoji,positif,soraya
LWdoRl6Lt-g,user_333a65ce0a54,True,1759708800,1,positif,0.9913,positif,tanpa_emoji,positif,soraya
LWdoRl6Lt-g,user_cf08351be6b3,True,1759708800,0,negatif,0.9882,negatif,tanpa_emoji,negatif,soraya
LWdoRl6Lt-g,user_6f019e92e98f,True,1759708800,0,negatif,0.9931,negatif,tanpa_emoji,negatif,soraya
LWdoRl6Lt-g,user_d83f2a22f650,True,1759708800,0,netral,0.9148,netral,tanpa_emoji,netral,soraya
LWdoRl6Lt-g,user_11517d3e5f5c,True,1759708800,0,positif,0.6741,netral,tanpa_emoji,positif,soraya
LWdoRl6Lt-g,user_ac2cf0ea0f2a,True,1759708800,0,negatif,0.7845,negatif,tanpa_emoji,negatif,soraya
LWdoRl6Lt-g,user_5bc8ccbc7ce1,True,1759708800,0,negatif,0.5428,netral,tanpa_emoji,negatif,soraya
LWdoRl6Lt-g,user_f8c29e727af1,True,1759708800,0,positif,0.9668,positif,tanpa_emoji,positif,soraya
LWdoRl6Lt-g,user_d6831f0bcb3f,True,1759708800,7,negatif,0.4744,positif,tanpa_emoji,negatif,soraya
LWdoRl6Lt-g,user_93778f712bf4,False,1759708800,32,positif,0.9941,positif,tanpa_emoji,positif,soraya
LWdoRl6Lt-g,user_db908f1efef8,False,1759708800,31,positif,0.9793,positif,tanpa_emoji,positif,soraya
LWdoRl6Lt-g,user_d9eb6dfcb576,False,1759708800,10,positif,0.9955,positif,positif,positif,soraya
LWdoRl6Lt-g,user_7c10700e9487,False,1759708800,2,positif,0.9827,netral,tanpa_emoji,positif,soraya
LWdoRl6Lt-g,user_83f10a32cc5c,False,1759708800,0,positif,0.9827,positif,positif,positif,soraya
LWdoRl6Lt-g,user_96bca1595c09,False,1759708800,61,positif,0.9591,negatif,netral,positif,soraya
LWdoRl6Lt-g,user_eca13cdcba8c,True,1759708800,2,positif,0.5219,netral,tanpa_emoji,positif,soraya
LWdoRl6Lt-g,user_d9675968fdfc,True,1759708800,2,negatif,0.9857,netral,tanpa_emoji,negatif,soraya
LWdoRl6Lt-g,user_9b73761bb890,False,1759708800,3,positif,0.5214,positif,tanpa_emoji,positif,soraya
LWdoRl6Lt-g,user_378b86ffbd4b,False,1759708800,0,positif,0.8758,positif,tanpa_emoji,positif,soraya
LWdoRl6Lt-g,user_4145b6c8afcc,False,1759708800,4,positif,0.9931,positif,positif,positif,soraya
LWdoRl6Lt-g,user_aae1ab012b3d,False,1759708800,0,positif,0.9167,netral,tanpa_emoji,positif,soraya
LWdoRl6Lt-g,user_ac5c2d36f5db,False,1759708800,4,positif,0.9746,positif,positif,positif,soraya
LWdoRl6Lt-g,user_97e4aec3d48a,False,1759708800,5,netral,0.9106,netral,tanpa_emoji,netral,soraya
LWdoRl6Lt-g,user_60e058b1e5e9,False,1759708800,1,positif,0.9293,netral,tanpa_emoji,positif,soraya
LWdoRl6Lt-g,user_51103ab1864c,False,1759708800,0,positif,0.9981,positif,positif,positif,soraya
LWdoRl6Lt-g,user_2235e9958b7e,False,1759708800,3,negatif,0.5008,positif,positif,positif,soraya
LWdoRl6Lt-g,user_b959d3fe7cc0,False,1759708800,10,positif,0.999,positif,tanpa_emoji,positif,soraya
LWdoRl6Lt-g,user_771aa5ea88e4,False,1759708800,3,positif,0.4156,positif,positif,positif,soraya
LWdoRl6Lt-g,user_5cca75e17d13,False,1759708800,0,positif,0.9964,positif,tanpa_emoji,positif,soraya
LWdoRl6Lt-g,user_e16de29c3211,False,1759708800,1,positif,0.4921,positif,tanpa_emoji,positif,soraya
LWdoRl6Lt-g,user_ddbb35270a62,False,1759708800,1,positif,0.9819,positif,tanpa_emoji,positif,soraya
LWdoRl6Lt-g,user_c566d2540bc7,False,1759708800,1,positif,0.9972,positif,positif,positif,soraya
LWdoRl6Lt-g,user_ca766988fbaf,False,1775433600,0,positif,0.998,positif,tanpa_emoji,positif,soraya
LWdoRl6Lt-g,user_688175b1f8f1,False,1759708800,0,positif,0.9913,positif,tanpa_emoji,positif,soraya
LWdoRl6Lt-g,user_7b4e83976664,False,1759708800,1,negatif,0.9821,positif,positif,negatif,soraya
LWdoRl6Lt-g,user_1beb2bb866fd,False,1759708800,0,netral,0.6357,positif,positif,netral,soraya
LWdoRl6Lt-g,user_32a3eeafc822,False,1759708800,0,positif,0.8187,positif,positif,positif,soraya
LWdoRl6Lt-g,user_5cf5ff287790,False,1759708800,0,positif,0.7328,positif,positif,positif,soraya
LWdoRl6Lt-g,user_b514a789a3d0,False,1759708800,1,positif,0.9934,positif,positif,positif,soraya
LWdoRl6Lt-g,user_e135b47eae13,False,1759708800,0,negatif,0.9969,positif,tanpa_emoji,negatif,soraya
LWdoRl6Lt-g,user_bb77b52720bd,False,1759708800,0,positif,0.8948,netral,tanpa_emoji,positif,soraya
LWdoRl6Lt-g,user_9035a1393c92,False,1759708800,0,positif,0.6462,positif,tanpa_emoji,positif,soraya
LWdoRl6Lt-g,user_0719fb6d787a,False,1759708800,0,negatif,0.5711,netral,tanpa_emoji,negatif,soraya
LWdoRl6Lt-g,user_cad4a2f954e6,False,1759708800,0,positif,0.9929,positif,tanpa_emoji,positif,soraya
LWdoRl6Lt-g,user_fc845af20aa0,False,1759708800,0,positif,0.9817,positif,positif,positif,soraya
LWdoRl6Lt-g,user_19f14fe1dbf5,False,1759708800,3,negatif,0.9964,netral,tanpa_emoji,negatif,soraya
LWdoRl6Lt-g,user_35a6732c7993,False,1759708800,0,positif,0.8715,netral,tanpa_emoji,positif,soraya
LWdoRl6Lt-g,user_f5ef5dfa63a7,False,1759708800,0,negatif,0.6098,netral,tanpa_emoji,negatif,soraya
LWdoRl6Lt-g,user_248f418f9818,False,1759708800,2,positif,0.9907,positif,tanpa_emoji,positif,soraya
LWdoRl6Lt-g,user_56268b3a4dcd,False,1759708800,0,negatif,0.9881,positif,tanpa_emoji,negatif,soraya
LWdoRl6Lt-g,user_44d8dc15d828,False,1759708800,0,positif,0.9505,netral,tanpa_emoji,positif,soraya
LWdoRl6Lt-g,user_46d22540b3fc,False,1759708800,0,negatif,0.8801,positif,positif,negatif,soraya
LWdoRl6Lt-g,user_240ef069896b,False,1759708800,0,negatif,0.8286,netral,tanpa_emoji,negatif,soraya
LWdoRl6Lt-g,user_292d7acd8b40,False,1759708800,0,netral,0.9874,netral,tanpa_emoji,netral,soraya
LWdoRl6Lt-g,user_8e00a74e4dbd,False,1759708800,0,positif,0.9732,positif,tanpa_emoji,positif,soraya
LWdoRl6Lt-g,user_14c9b9ca3a80,False,1770336000,0,negatif,0.9693,positif,tanpa_emoji,negatif,soraya
LWdoRl6Lt-g,user_a61694370617,False,1759708800,0,negatif,0.99,netral,tanpa_emoji,negatif,soraya
LWdoRl6Lt-g,user_fd93cd6cd069,False,1759708800,0,positif,0.988,positif,positif,positif,soraya
LWdoRl6Lt-g,user_885b00d4227f,False,1759708800,0,negatif,0.9692,netral,tanpa_emoji,negatif,soraya
LWdoRl6Lt-g,user_c2f30d4b5101,False,1759708800,0,negatif,0.4401,positif,positif,positif,soraya
LWdoRl6Lt-g,user_9a5f825e4395,False,1759708800,0,negatif,0.9783,netral,tanpa_emoji,negatif,soraya
LWdoRl6Lt-g,user_858778f3e82a,False,1759708800,0,netral,0.3919,netral,tanpa_emoji,netral,soraya
LWdoRl6Lt-g,user_6d9c1b5f9001,False,1759708800,3,negatif,0.5312,netral,netral,negatif,soraya
LWdoRl6Lt-g,user_b4d7e01e9f52,False,1759708800,1,negatif,0.6791,positif,positif,negatif,soraya
LWdoRl6Lt-g,user_0105f9962b76,False,1759708800,2,positif,0.9914,netral,tanpa_emoji,positif,soraya
LWdoRl6Lt-g,user_ffb5d8dfe851,True,1759708800,0,netral,0.6102,netral,tanpa_emoji,netral,soraya
LWdoRl6Lt-g,user_e135b47eae13,False,1759708800,0,negatif,0.9038,positif,tanpa_emoji,negatif,soraya
LWdoRl6Lt-g,user_2a0a7ec2c7e0,False,1759708800,7,positif,0.6562,positif,tanpa_emoji,positif,soraya
LWdoRl6Lt-g,user_eca13cdcba8c,True,1759708800,1,negatif,0.9931,netral,tanpa_emoji,negatif,soraya
LWdoRl6Lt-g,user_89d90e58fa8e,False,1759708800,0,negatif,0.9652,netral,tanpa_emoji,negatif,soraya
LWdoRl6Lt-g,user_9cf0bdc0a196,False,1759708800,0,netral,0.8963,netral,netral,netral,soraya
LWdoRl6Lt-g,user_53997ecc3cec,False,1759708800,1,negatif,0.949,netral,tanpa_emoji,negatif,soraya
LWdoRl6Lt-g,user_136139b1befb,False,1759708800,0,negatif,0.8105,netral,netral,negatif,soraya
LWdoRl6Lt-g,user_3a75b4fc30d7,False,1759708800,0,positif,0.423,netral,tanpa_emoji,positif,soraya
LWdoRl6Lt-g,user_3873b45dbaef,False,1759708800,30,positif,0.9978,positif,positif,positif,soraya
LWdoRl6Lt-g,user_b53be1ca82a7,True,1759708800,0,positif,0.9897,positif,tanpa_emoji,positif,soraya
LWdoRl6Lt-g,user_84e19a3a663a,False,1759708800,0,negatif,0.5705,positif,tanpa_emoji,negatif,soraya
LWdoRl6Lt-g,user_52c96143894c,False,1759708800,0,negatif,0.9984,negatif,tanpa_emoji,negatif,soraya
LWdoRl6Lt-g,user_1e3d340611f2,False,1759708800,5,positif,0.9977,positif,tanpa_emoji,positif,soraya
LWdoRl6Lt-g,user_cded0681f4f9,True,1759708800,0,negatif,0.9921,netral,tanpa_emoji,negatif,soraya
LWdoRl6Lt-g,user_eca13cdcba8c,True,1759708800,0,positif,0.7564,netral,tanpa_emoji,positif,soraya
LWdoRl6Lt-g,user_50dd9f792189,False,1759708800,0,negatif,0.557,netral,tanpa_emoji,negatif,soraya
LWdoRl6Lt-g,user_41b44ebe799a,True,1759708800,0,netral,0.7929,netral,tanpa_emoji,netral,soraya
LWdoRl6Lt-g,user_1730676d6bb5,False,1759708800,0,negatif,0.9873,netral,tanpa_emoji,negatif,soraya
LWdoRl6Lt-g,user_3fa24f52bf36,False,1759708800,46,positif,0.8998,positif,tanpa_emoji,positif,soraya
LWdoRl6Lt-g,user_7ef99a5b6a23,True,1759708800,0,negatif,0.6675,positif,tanpa_emoji,negatif,soraya
LWdoRl6Lt-g,user_a7609fb9ba19,True,1759708800,0,positif,0.5343,positif,tanpa_emoji,positif,soraya
LWdoRl6Lt-g,user_3fa24f52bf36,True,1759708800,1,positif,0.9962,positif,tanpa_emoji,positif,soraya
LWdoRl6Lt-g,user_5fef5818da34,True,1759708800,0,positif,0.7097,netral,tanpa_emoji,positif,soraya
LWdoRl6Lt-g,user_8786fa4241a5,False,1759708800,0,negatif,0.9894,netral,netral,negatif,soraya
LWdoRl6Lt-g,user_7759e39405be,False,1759708800,1,positif,0.9943,positif,positif,positif,soraya
LWdoRl6Lt-g,user_043413046292,True,1759708800,0,negatif,0.9716,netral,tanpa_emoji,negatif,soraya
LWdoRl6Lt-g,user_568c9c1c7f47,False,1759708800,1,positif,0.9959,positif,tanpa_emoji,positif,soraya
LWdoRl6Lt-g,user_e8169ee98cdf,False,1759708800,2,negatif,0.5794,netral,netral,negatif,soraya
LWdoRl6Lt-g,user_a87400d418de,False,1759708800,1,positif,0.5856,positif,tanpa_emoji,positif,soraya
LWdoRl6Lt-g,user_bb5863765b97,True,1759708800,0,positif,0.9974,netral,tanpa_emoji,positif,soraya
LWdoRl6Lt-g,user_5bd1f72e3add,False,1759708800,3,negatif,0.9377,negatif,netral,negatif,soraya
LWdoRl6Lt-g,user_22c8ab698ec0,True,1759708800,3,positif,0.5922,netral,tanpa_emoji,positif,soraya
LWdoRl6Lt-g,user_bb5863765b97,True,1759708800,1,netral,0.9566,netral,tanpa_emoji,netral,soraya
LWdoRl6Lt-g,user_5d52fd1be423,True,1759708800,1,negatif,0.9707,positif,positif,negatif,soraya
LWdoRl6Lt-g,user_485259ea92ff,True,1759708800,0,negatif,0.9448,netral,tanpa_emoji,negatif,soraya
LWdoRl6Lt-g,user_750a79064418,False,1759708800,0,negatif,0.9975,positif,netral,negatif,soraya
LWdoRl6Lt-g,user_a93a7594a3ac,False,1759708800,0,negatif,0.892,netral,tanpa_emoji,negatif,soraya
LWdoRl6Lt-g,user_e45e2bfab8d9,True,1759708800,1,negatif,0.8602,netral,tanpa_emoji,negatif,soraya
LWdoRl6Lt-g,user_b6675c531ece,True,1759708800,1,negatif,0.9899,netral,tanpa_emoji,negatif,soraya
LWdoRl6Lt-g,user_1e52febff09b,True,1759708800,0,negatif,0.9582,netral,tanpa_emoji,negatif,soraya
LWdoRl6Lt-g,user_f958028e8ee5,True,1759708800,0,negatif,0.966,positif,tanpa_emoji,negatif,soraya
LWdoRl6Lt-g,user_96bca1595c09,True,1759708800,0,negatif,0.8569,netral,tanpa_emoji,negatif,soraya
LWdoRl6Lt-g,user_bb5863765b97,True,1759708800,0,negatif,0.8665,netral,tanpa_emoji,negatif,soraya
LWdoRl6Lt-g,user_885b00d4227f,True,1759708800,0,negatif,0.9339,negatif,netral,negatif,soraya
LWdoRl6Lt-g,user_f9024f4f876a,False,1759708800,0,negatif,0.9674,negatif,positif,negatif,soraya
LWdoRl6Lt-g,user_1e1987e44935,True,1759708800,0,negatif,0.9846,netral,tanpa_emoji,negatif,soraya
LWdoRl6Lt-g,user_f9024f4f876a,True,1759708800,0,positif,0.7681,negatif,netral,positif,soraya
LWdoRl6Lt-g,user_41b44ebe799a,True,1759708800,0,negatif,0.8386,netral,tanpa_emoji,negatif,soraya
LWdoRl6Lt-g,user_005bba484cce,False,1759708800,6,positif,0.995,positif,tanpa_emoji,positif,soraya
LWdoRl6Lt-g,user_eca13cdcba8c,True,1759708800,1,positif,0.909,positif,tanpa_emoji,positif,soraya
LWdoRl6Lt-g,user_5f55297fb1b6,True,1759708800,0,netral,0.9268,netral,tanpa_emoji,netral,soraya
NnryGVjzuso,user_9df0e8902e99,False,1762387200,95,positif,0.987,positif,positif,positif,soraya
NnryGVjzuso,user_265130413584,True,1764979200,0,positif,0.9987,positif,tanpa_emoji,positif,soraya
NnryGVjzuso,user_2a3d2f33d2df,False,1762387200,34,netral,0.5343,positif,positif,positif,soraya
NnryGVjzuso,user_bbbe587e9125,False,1762387200,48,positif,0.9774,positif,positif,positif,soraya
NnryGVjzuso,user_4b396e2c580d,True,1762387200,4,negatif,0.999,netral,tanpa_emoji,negatif,soraya
NnryGVjzuso,user_be62850363c6,True,1762387200,1,netral,0.7042,netral,tanpa_emoji,netral,soraya
NnryGVjzuso,user_9a0921086e98,True,1770336000,0,netral,0.9785,netral,tanpa_emoji,netral,soraya
NnryGVjzuso,user_986676c75390,False,1762387200,53,negatif,0.6486,netral,tanpa_emoji,negatif,soraya
NnryGVjzuso,user_d59abe22bc62,False,1762387200,43,netral,0.7729,netral,netral,netral,soraya
NnryGVjzuso,user_3e7c1a467922,True,1762387200,5,negatif,0.9586,netral,tanpa_emoji,negatif,soraya
NnryGVjzuso,user_23bb0a9ee445,True,1772755200,0,negatif,0.4503,netral,tanpa_emoji,negatif,soraya
NnryGVjzuso,user_5fe5b644cdf7,False,1762387200,26,positif,0.9954,negatif,tanpa_emoji,positif,soraya
NnryGVjzuso,user_20751978b8a9,True,1762387200,4,positif,0.7178,positif,tanpa_emoji,positif,soraya
NnryGVjzuso,user_e6282a363cc7,True,1762387200,1,netral,0.5123,positif,tanpa_emoji,netral,soraya
NnryGVjzuso,user_59e083a4a8ff,False,1762387200,13,negatif,0.9235,positif,positif,negatif,soraya
NnryGVjzuso,user_ed09ba180fd4,False,1762387200,5,positif,0.5689,positif,tanpa_emoji,positif,soraya
NnryGVjzuso,user_4b396e2c580d,False,1762387200,3,netral,0.9364,netral,tanpa_emoji,netral,soraya
NnryGVjzuso,user_5fe5b644cdf7,False,1762387200,2,negatif,0.6398,negatif,netral,negatif,soraya
NnryGVjzuso,user_c0b5f0273104,False,1762387200,6,negatif,0.9939,positif,positif,negatif,soraya
NnryGVjzuso,user_d42b577e94b3,False,1762387200,4,negatif,0.901,netral,tanpa_emoji,negatif,soraya
NnryGVjzuso,user_057b41974c64,False,1762387200,6,positif,0.993,positif,positif,positif,soraya
NnryGVjzuso,user_639172f51dea,False,1762387200,6,positif,0.8507,positif,tanpa_emoji,positif,soraya
NnryGVjzuso,user_aa5a134d38a5,False,1762387200,4,positif,0.9298,netral,tanpa_emoji,positif,soraya
NnryGVjzuso,user_9604b6f37a8f,False,1762387200,6,netral,0.8849,netral,tanpa_emoji,netral,soraya
NnryGVjzuso,user_e9366e813827,False,1762387200,6,negatif,0.9961,positif,positif,negatif,soraya
NnryGVjzuso,user_fbd970d62224,False,1762387200,30,netral,0.803,netral,netral,netral,soraya
NnryGVjzuso,user_4b396e2c580d,True,1762387200,2,negatif,0.9906,netral,tanpa_emoji,negatif,soraya
NnryGVjzuso,user_e98456f9e45f,False,1762387200,2,positif,0.5845,netral,tanpa_emoji,positif,soraya
NnryGVjzuso,user_b2227f4d4c8f,False,1762387200,2,positif,0.9911,positif,positif,positif,soraya
NnryGVjzuso,user_ddfbb3c5bc7a,False,1762387200,2,positif,0.9988,positif,netral,positif,soraya
NnryGVjzuso,user_34fb8c151ca9,False,1762387200,1,negatif,0.4632,positif,positif,positif,soraya
NnryGVjzuso,user_93358a42d0ee,False,1762387200,3,negatif,0.9987,negatif,tanpa_emoji,negatif,soraya
NnryGVjzuso,user_3e8873afd807,False,1762387200,2,negatif,0.9939,positif,positif,negatif,soraya
NnryGVjzuso,user_73f74fb80640,False,1762387200,1,negatif,0.9282,netral,tanpa_emoji,negatif,soraya
NnryGVjzuso,user_b8957d78f317,False,1764979200,1,positif,0.9949,positif,tanpa_emoji,positif,soraya
NnryGVjzuso,user_294791505d0f,False,1762387200,2,negatif,0.7984,netral,tanpa_emoji,negatif,soraya
NnryGVjzuso,user_014f386718d1,False,1762387200,1,netral,0.9557,netral,tanpa_emoji,netral,soraya
NnryGVjzuso,user_585fa97ccf9a,False,1762387200,1,negatif,0.989,positif,positif,negatif,soraya
NnryGVjzuso,user_ceb495eb90fb,False,1762387200,0,positif,0.996,netral,positif,positif,soraya
NnryGVjzuso,user_27309750fe20,False,1764979200,1,negatif,0.8888,netral,tanpa_emoji,negatif,soraya
NnryGVjzuso,user_64e04a759e82,False,1762387200,2,positif,0.9253,positif,tanpa_emoji,positif,soraya
NnryGVjzuso,user_3d2095127a24,False,1762387200,0,positif,0.9971,netral,tanpa_emoji,positif,soraya
NnryGVjzuso,user_c80733b7c1e9,False,1764979200,0,netral,0.6322,netral,tanpa_emoji,netral,soraya
NnryGVjzuso,user_fbc2587f4da5,False,1764979200,0,positif,0.9838,netral,tanpa_emoji,positif,soraya
NnryGVjzuso,user_f920da0c1377,False,1762387200,1,negatif,0.5577,netral,tanpa_emoji,negatif,soraya
NnryGVjzuso,user_f92b0c26c853,False,1764979200,0,negatif,0.9988,netral,tanpa_emoji,negatif,soraya
NnryGVjzuso,user_61003d3f42e4,False,1762387200,2,netral,0.4409,positif,positif,positif,soraya
NnryGVjzuso,user_b2146a8b9f71,False,1762387200,2,positif,0.479,netral,tanpa_emoji,positif,soraya
NnryGVjzuso,user_1cd35753ab14,False,1767657600,0,positif,0.9754,negatif,tanpa_emoji,positif,soraya
NnryGVjzuso,user_b2b992968696,False,1762387200,1,negatif,0.9946,netral,positif,negatif,soraya
NnryGVjzuso,user_23046e0dbae2,False,1762387200,0,positif,0.95,negatif,tanpa_emoji,positif,soraya
NnryGVjzuso,user_84099a003d2d,False,1764979200,0,positif,0.9343,positif,tanpa_emoji,positif,soraya
NnryGVjzuso,user_812434eddabb,False,1762387200,1,positif,0.9961,positif,positif,positif,soraya
NnryGVjzuso,user_e12e4527baa4,False,1762387200,1,positif,0.4926,netral,tanpa_emoji,positif,soraya
NnryGVjzuso,user_1b9680007ca2,False,1762387200,1,negatif,0.5633,netral,tanpa_emoji,negatif,soraya
NnryGVjzuso,user_572ae5831214,False,1762387200,6,positif,0.9031,positif,tanpa_emoji,positif,soraya
NnryGVjzuso,user_265130413584,True,1764979200,0,positif,0.9359,netral,tanpa_emoji,positif,soraya
NnryGVjzuso,user_e9e614fa1abf,False,1764979200,0,netral,0.922,positif,positif,netral,soraya
NnryGVjzuso,user_678892180fc2,False,1764979200,0,negatif,0.6761,netral,tanpa_emoji,negatif,soraya
NnryGVjzuso,user_a83b21b37a21,False,1762387200,1,negatif,0.612,positif,positif,negatif,soraya
NnryGVjzuso,user_b79e2e963297,False,1762387200,1,positif,0.9733,positif,positif,positif,soraya
NnryGVjzuso,user_620b40a0bc17,False,1762387200,2,netral,0.9691,positif,positif,netral,soraya
NnryGVjzuso,user_2f3f3bed907c,False,1764979200,0,netral,0.4987,positif,positif,positif,soraya
NnryGVjzuso,user_f88a77e90877,False,1762387200,0,netral,0.8903,netral,tanpa_emoji,netral,soraya
NnryGVjzuso,user_d288a1bc9abd,False,1762387200,0,positif,0.9929,positif,tanpa_emoji,positif,soraya
NnryGVjzuso,user_e03bb0b9ec12,False,1762387200,0,positif,0.9958,positif,positif,positif,soraya
NnryGVjzuso,user_127e4fc39414,False,1764979200,0,positif,0.9896,positif,positif,positif,soraya
NnryGVjzuso,user_1cbb9ba778aa,False,1762387200,1,negatif,0.9965,positif,netral,negatif,soraya
NnryGVjzuso,user_051d4452eb12,False,1762387200,0,positif,0.9217,positif,tanpa_emoji,positif,soraya
NnryGVjzuso,user_3c9c9d2b9ba4,False,1762387200,0,positif,0.9973,netral,netral,positif,soraya
NnryGVjzuso,user_c963f9691aaf,False,1764979200,0,positif,0.9932,netral,netral,positif,soraya
NnryGVjzuso,user_a802b31623aa,False,1762387200,1,negatif,0.9977,netral,tanpa_emoji,negatif,soraya
NnryGVjzuso,user_55e91c088b75,False,1762387200,5,positif,0.9882,positif,tanpa_emoji,positif,soraya
NnryGVjzuso,user_0a4e38e65000,True,1762387200,3,positif,0.6374,netral,tanpa_emoji,positif,soraya
NnryGVjzuso,user_622416da15e7,False,1762387200,0,positif,0.9819,positif,tanpa_emoji,positif,soraya
NnryGVjzuso,user_926f4ee96ce3,False,1762387200,0,positif,0.4526,netral,tanpa_emoji,positif,soraya
NnryGVjzuso,user_67f597a70cc6,False,1770336000,0,negatif,0.985,netral,tanpa_emoji,negatif,soraya
NnryGVjzuso,user_9b7d62aa7c15,False,1764979200,0,negatif,0.9977,netral,tanpa_emoji,negatif,soraya
NnryGVjzuso,user_599ddf90d66e,False,1762387200,3,negatif,0.8741,netral,tanpa_emoji,negatif,soraya
NnryGVjzuso,user_38c95835b1d1,False,1762387200,1,negatif,0.9582,netral,tanpa_emoji,negatif,soraya
NnryGVjzuso,user_d8ec99237d9c,False,1762387200,0,positif,0.9405,positif,tanpa_emoji,positif,soraya
NnryGVjzuso,user_70f25d6eebb1,False,1764979200,0,positif,0.9898,positif,tanpa_emoji,positif,soraya
NnryGVjzuso,user_27f7563a2b76,False,1762387200,6,positif,0.9964,netral,tanpa_emoji,positif,soraya
NnryGVjzuso,user_65a91ea9580b,True,1762387200,1,negatif,0.9949,netral,tanpa_emoji,negatif,soraya
NnryGVjzuso,user_a43bcab8a393,False,1762387200,1,negatif,0.8146,positif,positif,negatif,soraya
NnryGVjzuso,user_6c9caadf5548,False,1762387200,1,negatif,0.9957,netral,netral,negatif,soraya
NnryGVjzuso,user_f5c4171856e5,False,1764979200,0,negatif,0.9924,netral,netral,negatif,soraya
NnryGVjzuso,user_b641d41991e6,False,1764979200,0,positif,0.5844,positif,positif,positif,soraya
NnryGVjzuso,user_bcfd98995de8,False,1762387200,1,negatif,0.7837,positif,positif,negatif,soraya
NnryGVjzuso,user_6652db8a3f87,False,1762387200,1,negatif,0.9419,netral,tanpa_emoji,negatif,soraya
NnryGVjzuso,user_fe2c3ded79ca,False,1762387200,0,netral,0.7519,netral,tanpa_emoji,netral,soraya
NnryGVjzuso,user_805dc963de71,False,1764979200,0,positif,0.9377,netral,tanpa_emoji,positif,soraya
NnryGVjzuso,user_26f6b516f8d3,False,1762387200,1,positif,0.994,positif,tanpa_emoji,positif,soraya
NnryGVjzuso,user_1b8b28cd3892,False,1762387200,0,negatif,0.9739,netral,tanpa_emoji,negatif,soraya
NnryGVjzuso,user_a92ada6b1610,False,1762387200,9,positif,0.7735,netral,tanpa_emoji,positif,soraya
NnryGVjzuso,user_24021405f2cd,True,1762387200,0,negatif,0.5079,netral,tanpa_emoji,negatif,soraya
NnryGVjzuso,user_decdc41f8f24,False,1762387200,0,negatif,0.9984,netral,tanpa_emoji,negatif,soraya
NnryGVjzuso,user_0dcd144b8813,False,1764979200,0,positif,0.9879,positif,tanpa_emoji,positif,soraya
NnryGVjzuso,user_a74275179b3b,False,1764979200,0,positif,0.8389,netral,tanpa_emoji,positif,soraya
NnryGVjzuso,user_8a0619b26b17,False,1764979200,1,positif,0.6726,netral,tanpa_emoji,positif,soraya
NnryGVjzuso,user_005bba484cce,False,1764979200,0,positif,0.4588,netral,tanpa_emoji,positif,soraya
NnryGVjzuso,user_c1f5fc113e7a,False,1762387200,1,positif,0.8587,netral,tanpa_emoji,positif,soraya
NnryGVjzuso,user_8df849ef76c7,False,1762387200,1,negatif,0.8055,netral,tanpa_emoji,negatif,soraya
NnryGVjzuso,user_e3e96defc1eb,False,1762387200,1,positif,0.7228,netral,netral,positif,soraya
NnryGVjzuso,user_17c39407b702,False,1764979200,0,negatif,0.9966,positif,tanpa_emoji,negatif,soraya
NnryGVjzuso,user_4cde91ad71f3,False,1764979200,0,positif,0.975,positif,positif,positif,soraya
NnryGVjzuso,user_22c5b04f1f99,False,1762387200,0,positif,0.9956,positif,positif,positif,soraya
NnryGVjzuso,user_920395b52603,False,1764979200,0,positif,0.9956,positif,tanpa_emoji,positif,soraya
NnryGVjzuso,user_6403b07e64ca,False,1762387200,1,netral,0.7833,netral,tanpa_emoji,netral,soraya
NnryGVjzuso,user_d493086c44f3,False,1762387200,0,negatif,0.6842,netral,tanpa_emoji,negatif,soraya
NnryGVjzuso,user_e21ec802bab0,False,1762387200,1,negatif,0.5867,positif,tanpa_emoji,negatif,soraya
NnryGVjzuso,user_b735f642b75b,False,1764979200,0,netral,0.6441,positif,positif,netral,soraya
NnryGVjzuso,user_8f986a2e1fc3,False,1762387200,0,negatif,0.9849,positif,tanpa_emoji,negatif,soraya
NnryGVjzuso,user_93591b607384,False,1762387200,3,positif,0.7827,netral,tanpa_emoji,positif,soraya
NnryGVjzuso,user_f35cde427071,True,1764979200,0,positif,0.5587,netral,tanpa_emoji,positif,soraya
NnryGVjzuso,user_06f0827ef241,False,1767657600,0,positif,0.452,netral,tanpa_emoji,positif,soraya
NnryGVjzuso,user_cd619225cc49,False,1762387200,1,positif,0.9722,positif,tanpa_emoji,positif,soraya
NnryGVjzuso,user_8d863075a78a,False,1762387200,1,negatif,0.8548,netral,tanpa_emoji,negatif,soraya
NnryGVjzuso,user_5d76042cf236,False,1762387200,1,negatif,0.9984,netral,tanpa_emoji,negatif,soraya
NnryGVjzuso,user_02d10b01c9f6,False,1762387200,0,positif,0.8149,netral,tanpa_emoji,positif,soraya
NnryGVjzuso,user_94b76d299f8a,False,1770336000,0,positif,0.9902,positif,tanpa_emoji,positif,soraya
NnryGVjzuso,user_3e9045a65f6d,False,1762387200,2,negatif,0.8488,negatif,tanpa_emoji,negatif,soraya
NnryGVjzuso,user_5fe5b644cdf7,True,1762387200,1,negatif,0.9138,netral,tanpa_emoji,negatif,soraya
NnryGVjzuso,user_a7dbeec28ec8,False,1764979200,0,netral,0.8656,netral,tanpa_emoji,netral,soraya
NnryGVjzuso,user_af3197cf7a86,False,1762387200,0,negatif,0.574,positif,tanpa_emoji,negatif,soraya
NnryGVjzuso,user_a52d6c0e8926,False,1762387200,0,positif,0.9174,netral,tanpa_emoji,positif,soraya
NnryGVjzuso,user_abf1b0cdcee4,False,1762387200,0,positif,0.9647,netral,tanpa_emoji,positif,soraya
NnryGVjzuso,user_9207288e891b,False,1762387200,1,negatif,0.8885,netral,tanpa_emoji,negatif,soraya
NnryGVjzuso,user_69e933df520b,False,1764979200,0,negatif,0.811,positif,positif,negatif,soraya
NnryGVjzuso,user_8845069b9ced,False,1762387200,0,positif,0.9837,positif,tanpa_emoji,positif,soraya
NnryGVjzuso,user_b2251ed2bb68,False,1764979200,0,netral,0.6621,positif,tanpa_emoji,netral,soraya
NnryGVjzuso,user_6fb1312e3848,False,1764979200,0,negatif,0.9909,positif,tanpa_emoji,negatif,soraya
NnryGVjzuso,user_20751978b8a9,False,1762387200,1,positif,0.9964,positif,tanpa_emoji,positif,soraya
NnryGVjzuso,user_e6282a363cc7,True,1762387200,0,negatif,0.6625,netral,tanpa_emoji,negatif,soraya
NnryGVjzuso,user_936570e04870,False,1772755200,0,positif,0.8812,positif,tanpa_emoji,positif,soraya
NnryGVjzuso,user_7a1c09cbcebe,False,1764979200,0,negatif,0.5206,netral,tanpa_emoji,negatif,soraya
NnryGVjzuso,user_a86f2cca6ce7,False,1762387200,1,netral,0.6364,netral,tanpa_emoji,netral,soraya
NnryGVjzuso,user_58eab6de1c4c,False,1762387200,0,negatif,0.8624,netral,tanpa_emoji,negatif,soraya
NnryGVjzuso,user_dc072ac89d0b,False,1764979200,0,negatif,0.8372,netral,tanpa_emoji,negatif,soraya
NnryGVjzuso,user_306daaf86774,False,1762387200,0,negatif,0.6233,positif,positif,negatif,soraya
NnryGVjzuso,user_e18bf42af7ef,False,1762387200,0,netral,0.6195,netral,tanpa_emoji,netral,soraya
NnryGVjzuso,user_19187cf085b1,False,1770336000,0,negatif,0.9592,netral,tanpa_emoji,negatif,soraya
NnryGVjzuso,user_83ca8480c97d,False,1762387200,1,negatif,0.984,netral,tanpa_emoji,negatif,soraya
NnryGVjzuso,user_e9b5e9f8fcac,True,1762387200,1,netral,0.5467,netral,tanpa_emoji,netral,soraya
NnryGVjzuso,user_8bf10c99d3cc,False,1762387200,3,positif,0.9138,positif,positif,positif,soraya
NnryGVjzuso,user_69a0e4476a5b,True,1762387200,1,negatif,0.9869,netral,tanpa_emoji,negatif,soraya
NnryGVjzuso,user_202c1f290b91,False,1762387200,1,negatif,0.9383,netral,tanpa_emoji,negatif,soraya
NnryGVjzuso,user_cd619225cc49,False,1762387200,1,netral,0.8352,netral,tanpa_emoji,netral,soraya
NnryGVjzuso,user_24f30b466b91,False,1762387200,1,negatif,0.9265,netral,tanpa_emoji,negatif,soraya
NnryGVjzuso,user_4b396e2c580d,True,1762387200,2,positif,0.5035,negatif,tanpa_emoji,positif,soraya
NnryGVjzuso,user_a8b08cfc5a4d,False,1762387200,1,negatif,0.9969,netral,tanpa_emoji,negatif,soraya
NnryGVjzuso,user_6674a5d360fe,False,1762387200,0,netral,0.8241,netral,tanpa_emoji,netral,soraya
NnryGVjzuso,user_1478430a1ab5,False,1764979200,0,netral,0.8563,negatif,tanpa_emoji,netral,soraya
NnryGVjzuso,user_f1d8ae946530,False,1762387200,1,positif,0.87,netral,tanpa_emoji,positif,soraya
NnryGVjzuso,user_27f7563a2b76,True,1762387200,2,positif,0.8382,netral,tanpa_emoji,positif,soraya
NnryGVjzuso,user_45dc440b2689,False,1762387200,0,negatif,0.9125,netral,tanpa_emoji,negatif,soraya
NnryGVjzuso,user_9efffe14e5e4,False,1762387200,0,positif,0.9815,positif,positif,positif,soraya
NnryGVjzuso,user_ebde2491ee58,False,1762387200,1,negatif,0.6179,positif,tanpa_emoji,negatif,soraya
NnryGVjzuso,user_4b396e2c580d,True,1762387200,0,negatif,0.9969,negatif,tanpa_emoji,negatif,soraya
NnryGVjzuso,user_d66f01d8021c,False,1764979200,0,negatif,0.9853,netral,tanpa_emoji,negatif,soraya
NnryGVjzuso,user_f48a39627a63,False,1762387200,7,positif,0.9829,positif,tanpa_emoji,positif,soraya
NnryGVjzuso,user_4b396e2c580d,True,1762387200,2,negatif,0.9963,negatif,netral,negatif,soraya
NnryGVjzuso,user_e6282a363cc7,True,1762387200,4,positif,0.7519,netral,tanpa_emoji,positif,soraya
NnryGVjzuso,user_26591197f697,True,1762387200,1,negatif,0.998,negatif,tanpa_emoji,negatif,soraya
NnryGVjzuso,user_e6282a363cc7,True,1762387200,1,positif,0.8407,positif,tanpa_emoji,positif,soraya
NnryGVjzuso,user_a86f2cca6ce7,True,1762387200,2,negatif,0.7163,netral,tanpa_emoji,negatif,soraya
NnryGVjzuso,user_4c7e759bee89,False,1762387200,2,negatif,0.6211,netral,tanpa_emoji,negatif,soraya
NnryGVjzuso,user_0741d15acfc6,False,1764979200,0,negatif,0.9896,netral,tanpa_emoji,negatif,soraya
NnryGVjzuso,user_5b151e54bd55,False,1764979200,0,negatif,0.948,netral,tanpa_emoji,negatif,soraya
NnryGVjzuso,user_e3f0aed4295e,False,1762387200,0,negatif,0.9975,netral,netral,negatif,soraya
NnryGVjzuso,user_32c88cabe685,False,1762387200,0,negatif,0.9879,positif,netral,negatif,soraya
NnryGVjzuso,user_4a5d04a57d1e,False,1762387200,0,negatif,0.9661,netral,tanpa_emoji,negatif,soraya
NnryGVjzuso,user_d618c596781b,False,1762387200,4,negatif,0.7078,netral,tanpa_emoji,negatif,soraya
NnryGVjzuso,user_014f386718d1,True,1762387200,1,netral,0.8384,netral,tanpa_emoji,netral,soraya
NnryGVjzuso,user_4b396e2c580d,True,1762387200,0,negatif,0.9961,negatif,tanpa_emoji,negatif,soraya
NnryGVjzuso,user_83d267a4932f,False,1762387200,1,negatif,0.5931,positif,tanpa_emoji,negatif,soraya
NnryGVjzuso,user_cd48e90bcd90,True,1762387200,0,netral,0.9903,netral,netral,netral,soraya
NnryGVjzuso,user_a86f2cca6ce7,True,1762387200,0,netral,0.6364,netral,tanpa_emoji,netral,soraya
NnryGVjzuso,user_a01b3dcb1765,False,1762387200,1,negatif,0.9158,netral,tanpa_emoji,negatif,soraya
NnryGVjzuso,user_4b396e2c580d,True,1762387200,0,negatif,0.9968,negatif,tanpa_emoji,negatif,soraya
NnryGVjzuso,user_2dd7b3f2c182,False,1762387200,0,negatif,0.9993,positif,netral,negatif,soraya
NnryGVjzuso,user_4c7f6a9a4827,False,1764979200,0,negatif,0.9856,netral,tanpa_emoji,negatif,soraya
NnryGVjzuso,user_7214f0dca472,False,1762387200,2,positif,0.9936,positif,positif,positif,soraya
NnryGVjzuso,user_3b939ee5aefd,False,1762387200,5,negatif,0.9925,negatif,tanpa_emoji,negatif,soraya
NnryGVjzuso,user_0e037ce56339,True,1762387200,1,positif,0.9958,positif,positif,positif,soraya
NnryGVjzuso,user_a86f2cca6ce7,True,1762387200,1,netral,0.6364,netral,tanpa_emoji,netral,soraya
NnryGVjzuso,user_ce78090792cd,True,1762387200,0,negatif,0.4689,netral,tanpa_emoji,negatif,soraya
NnryGVjzuso,user_8c25bc9cb363,False,1762387200,0,negatif,0.5434,netral,tanpa_emoji,negatif,soraya
NnryGVjzuso,user_3aad5be41dbc,False,1762387200,0,negatif,0.6639,netral,tanpa_emoji,negatif,soraya
NnryGVjzuso,user_4b396e2c580d,True,1762387200,0,positif,0.8537,positif,netral,positif,soraya
NnryGVjzuso,user_d7ae77ed8d8a,False,1762387200,3,positif,0.5029,netral,tanpa_emoji,positif,soraya
NnryGVjzuso,user_a802b31623aa,True,1762387200,1,negatif,0.9657,netral,tanpa_emoji,negatif,soraya
NnryGVjzuso,user_af8cced3bc11,True,1762387200,0,negatif,0.7849,netral,netral,negatif,soraya
NnryGVjzuso,user_a86f2cca6ce7,True,1762387200,0,negatif,0.7163,netral,tanpa_emoji,negatif,soraya
NnryGVjzuso,user_bf1ca2f4feb5,False,1764979200,1,negatif,0.7378,netral,tanpa_emoji,negatif,soraya
NnryGVjzuso,user_4ed75df2d4db,True,1764979200,0,negatif,0.4712,netral,tanpa_emoji,negatif,soraya
NnryGVjzuso,user_d56ffe828076,False,1764979200,0,negatif,0.9982,netral,tanpa_emoji,negatif,soraya
NnryGVjzuso,user_dbacac5bf6c3,False,1767657600,0,positif,0.7958,netral,netral,positif,soraya
NnryGVjzuso,user_4b396e2c580d,False,1762387200,4,negatif,0.9855,negatif,tanpa_emoji,negatif,soraya
NnryGVjzuso,user_a802b31623aa,True,1762387200,2,negatif,0.9932,netral,tanpa_emoji,negatif,soraya
NnryGVjzuso,user_c054463c9d42,False,1764979200,1,netral,0.5048,netral,tanpa_emoji,netral,soraya
NnryGVjzuso,user_3b3595d9ab91,False,1764979200,1,negatif,0.9966,negatif,tanpa_emoji,negatif,soraya
NnryGVjzuso,user_89bd3a766c20,False,1764979200,0,negatif,0.7901,positif,tanpa_emoji,negatif,soraya
NnryGVjzuso,user_7ac9174a3c05,False,1762387200,2,negatif,0.9567,negatif,tanpa_emoji,negatif,soraya
NnryGVjzuso,user_6db2c8ed8dd5,True,1762387200,1,negatif,0.9897,negatif,netral,negatif,soraya
NnryGVjzuso,user_a86f2cca6ce7,True,1762387200,1,negatif,0.7163,netral,tanpa_emoji,negatif,soraya
NnryGVjzuso,user_aa0c3120cb21,False,1764979200,0,negatif,0.9901,negatif,tanpa_emoji,negatif,soraya
NnryGVjzuso,user_c2830754fd8e,True,1767657600,0,negatif,0.8911,netral,netral,negatif,soraya
NnryGVjzuso,user_8095d3cf3f75,False,1762387200,0,negatif,0.6219,negatif,netral,negatif,soraya
NnryGVjzuso,user_e1ba0ad662a2,False,1764979200,0,negatif,0.9993,netral,positif,negatif,soraya
NnryGVjzuso,user_0449e27a34de,False,1762387200,1,negatif,0.8661,netral,tanpa_emoji,negatif,soraya
NnryGVjzuso,user_a802b31623aa,True,1762387200,1,positif,0.5067,positif,tanpa_emoji,positif,soraya
NnryGVjzuso,user_4b396e2c580d,True,1762387200,0,negatif,0.8922,netral,tanpa_emoji,negatif,soraya
NnryGVjzuso,user_f70fe133f82c,False,1762387200,2,negatif,0.9109,netral,tanpa_emoji,negatif,soraya
NnryGVjzuso,user_202c1f290b91,True,1762387200,1,netral,0.6695,netral,tanpa_emoji,netral,soraya
NnryGVjzuso,user_e9b5e9f8fcac,True,1762387200,1,netral,0.925,netral,tanpa_emoji,netral,soraya
NnryGVjzuso,user_4b396e2c580d,True,1762387200,1,negatif,0.6969,netral,tanpa_emoji,negatif,soraya
NnryGVjzuso,user_2aea535ba53b,False,1762387200,1,negatif,0.8541,netral,tanpa_emoji,negatif,soraya
NnryGVjzuso,user_ddfbb3c5bc7a,True,1762387200,0,netral,0.8967,netral,tanpa_emoji,netral,soraya
NnryGVjzuso,user_a978b74bb04a,False,1762387200,1,negatif,0.9948,netral,tanpa_emoji,negatif,soraya
NnryGVjzuso,user_8501d77535ac,False,1762387200,1,netral,0.9781,netral,tanpa_emoji,netral,soraya
NnryGVjzuso,user_f5641977b5d3,True,1762387200,1,negatif,0.9079,netral,tanpa_emoji,negatif,soraya
NnryGVjzuso,user_12382abb7627,True,1762387200,1,negatif,0.9983,netral,netral,negatif,soraya
NnryGVjzuso,user_bd7e4f4108c6,True,1762387200,1,netral,0.9901,netral,tanpa_emoji,netral,soraya
NnryGVjzuso,user_a86f2cca6ce7,True,1762387200,1,netral,0.6364,netral,tanpa_emoji,netral,soraya
NnryGVjzuso,user_bb8c3be63c5e,False,1762387200,0,negatif,0.9858,negatif,tanpa_emoji,negatif,soraya
NnryGVjzuso,user_4b396e2c580d,True,1762387200,0,negatif,0.434,netral,tanpa_emoji,negatif,soraya
NnryGVjzuso,user_dfe3a3a72d0e,False,1775433600,0,negatif,0.9989,netral,tanpa_emoji,negatif,soraya
NnryGVjzuso,user_6d4339cd6661,False,1762387200,0,negatif,0.641,netral,tanpa_emoji,negatif,soraya
NnryGVjzuso,user_98a4e8584419,False,1762387200,1,negatif,0.4612,netral,tanpa_emoji,negatif,soraya
NnryGVjzuso,user_94b544c9a12f,False,1785974400,0,negatif,0.9826,netral,tanpa_emoji,negatif,soraya
NnryGVjzuso,user_dfe3a3a72d0e,False,1775433600,0,netral,0.6336,netral,tanpa_emoji,netral,soraya
NnryGVjzuso,user_1676b63f00e1,False,1762387200,0,negatif,0.8959,netral,tanpa_emoji,negatif,soraya
NnryGVjzuso,user_dfe3a3a72d0e,False,1775433600,0,negatif,0.9878,netral,tanpa_emoji,negatif,soraya
NnryGVjzuso,user_341d23e71428,False,1762387200,1,netral,0.8949,netral,tanpa_emoji,netral,soraya
NnryGVjzuso,user_77403aec69ef,False,1764979200,0,netral,0.8903,netral,tanpa_emoji,netral,soraya
W3OiJi8UyUk,user_0718dc99401a,False,1696550400,30,positif,0.9841,positif,positif,positif,soraya
W3OiJi8UyUk,user_2330d638dc97,False,1696550400,112,positif,0.9964,positif,positif,positif,soraya
W3OiJi8UyUk,user_636b4d1d9285,False,1696550400,34,positif,0.9776,positif,positif,positif,soraya
W3OiJi8UyUk,user_c7356e89ff63,False,1696550400,8,negatif,0.9988,netral,netral,negatif,soraya
W3OiJi8UyUk,user_5150ccca2fb4,False,1696550400,8,negatif,0.9959,netral,tanpa_emoji,negatif,soraya
W3OiJi8UyUk,user_f5368207b30d,False,1696550400,11,positif,0.9928,netral,tanpa_emoji,positif,soraya
W3OiJi8UyUk,user_022a95c043da,False,1696550400,6,negatif,0.9658,netral,netral,negatif,soraya
W3OiJi8UyUk,user_5a1e3ab5c42e,False,1696550400,19,positif,0.8735,positif,positif,positif,soraya
W3OiJi8UyUk,user_7e8972108e68,False,1696550400,8,positif,0.9977,positif,tanpa_emoji,positif,soraya
W3OiJi8UyUk,user_ddfbb3c5bc7a,False,1696550400,60,positif,0.9968,positif,positif,positif,soraya
W3OiJi8UyUk,user_bf78f9042887,True,1696550400,2,netral,0.8802,netral,tanpa_emoji,netral,soraya
W3OiJi8UyUk,user_8845069b9ced,False,1696550400,22,positif,0.9903,positif,tanpa_emoji,positif,soraya
W3OiJi8UyUk,user_f38e8abd4a80,True,1696550400,0,negatif,0.6763,netral,tanpa_emoji,negatif,soraya
W3OiJi8UyUk,user_bdd42dd7e864,False,1696550400,19,negatif,0.9984,netral,tanpa_emoji,negatif,soraya
W3OiJi8UyUk,user_3d18d04dbebd,False,1696550400,390,positif,0.9961,positif,positif,positif,soraya
W3OiJi8UyUk,user_ff684b530109,True,1696550400,4,negatif,0.9903,negatif,negatif,negatif,soraya
W3OiJi8UyUk,user_5f48abd41036,True,1696550400,1,netral,0.9354,netral,tanpa_emoji,netral,soraya
W3OiJi8UyUk,user_d51e5aca02f8,True,1696550400,1,positif,0.9936,positif,tanpa_emoji,positif,soraya
W3OiJi8UyUk,user_c62fff943755,True,1696550400,1,negatif,0.8991,netral,netral,netral,soraya
W3OiJi8UyUk,user_31a3cade7c84,True,1696550400,0,negatif,0.983,netral,netral,netral,soraya
W3OiJi8UyUk,user_bf78f9042887,True,1696550400,2,negatif,0.5671,netral,tanpa_emoji,negatif,soraya
W3OiJi8UyUk,user_895975b9446c,True,1696550400,2,negatif,0.6182,positif,tanpa_emoji,negatif,soraya
W3OiJi8UyUk,user_3d18d04dbebd,True,1696550400,0,negatif,0.7618,netral,netral,negatif,soraya
W3OiJi8UyUk,user_3517c943fe08,False,1696550400,35,positif,0.9945,positif,tanpa_emoji,positif,soraya
W3OiJi8UyUk,user_723d47d6bfef,True,1696550400,0,negatif,0.7738,netral,tanpa_emoji,negatif,soraya
W3OiJi8UyUk,user_bf78f9042887,True,1696550400,0,netral,0.9288,netral,tanpa_emoji,netral,soraya
W3OiJi8UyUk,user_91e21eb14124,False,1696550400,21,positif,0.9976,positif,positif,positif,soraya
W3OiJi8UyUk,user_0c89c1f7feb0,False,1696550400,11,positif,0.9569,netral,tanpa_emoji,positif,soraya
W3OiJi8UyUk,user_b9e6641c897a,False,1696550400,6,negatif,0.7715,positif,tanpa_emoji,negatif,soraya
W3OiJi8UyUk,user_4fa1eadbe9c2,False,1696550400,5,negatif,0.4808,netral,tanpa_emoji,negatif,soraya
W3OiJi8UyUk,user_64dacc1dbf09,False,1696550400,7,positif,0.8084,positif,positif,positif,soraya
W3OiJi8UyUk,user_feeccdd61d1c,False,1696550400,17,netral,0.882,positif,netral,netral,soraya
W3OiJi8UyUk,user_723d47d6bfef,True,1696550400,2,negatif,0.9201,positif,tanpa_emoji,negatif,soraya
W3OiJi8UyUk,user_34a1266199e6,False,1696550400,185,positif,0.7581,positif,positif,positif,soraya
W3OiJi8UyUk,user_2bf24de565be,True,1696550400,1,negatif,0.7677,negatif,tanpa_emoji,negatif,soraya
W3OiJi8UyUk,user_34a1266199e6,True,1696550400,2,negatif,0.7094,netral,tanpa_emoji,negatif,soraya
W3OiJi8UyUk,user_9cdd7678661c,False,1696550400,5,netral,0.4672,positif,positif,positif,soraya
W3OiJi8UyUk,user_df0d57f92833,False,1696550400,3,positif,0.4395,positif,tanpa_emoji,positif,soraya
W3OiJi8UyUk,user_5682edf3dff6,False,1696550400,13,positif,0.8467,negatif,netral,positif,soraya
W3OiJi8UyUk,user_268f7bec5690,False,1696550400,7,positif,0.9055,positif,positif,positif,soraya
W3OiJi8UyUk,user_16d3fc804525,False,1696550400,6,positif,0.8105,positif,tanpa_emoji,positif,soraya
W3OiJi8UyUk,user_ad9aa58e8b9a,False,1696550400,278,positif,0.9827,positif,tanpa_emoji,positif,soraya
W3OiJi8UyUk,user_b3355bfe5710,True,1696550400,6,positif,0.8256,positif,netral,positif,soraya
W3OiJi8UyUk,user_73b2b4fff612,True,1696550400,1,positif,0.9474,netral,tanpa_emoji,positif,soraya
W3OiJi8UyUk,user_bf78f9042887,True,1696550400,5,netral,0.8802,netral,tanpa_emoji,netral,soraya
W3OiJi8UyUk,user_a48f9b562600,True,1696550400,0,netral,0.9812,netral,tanpa_emoji,netral,soraya
W3OiJi8UyUk,user_7a525611c683,False,1696550400,4,positif,0.7781,positif,positif,positif,soraya
W3OiJi8UyUk,user_14a080434e19,False,1696550400,5,positif,0.9475,positif,positif,positif,soraya
W3OiJi8UyUk,user_52b62521ea37,False,1696550400,5,positif,0.9979,positif,tanpa_emoji,positif,soraya
W3OiJi8UyUk,user_170512102d3e,False,1696550400,4,netral,0.7081,netral,tanpa_emoji,netral,soraya
W3OiJi8UyUk,user_2ef23cc8cd57,False,1696550400,3,positif,0.9162,netral,tanpa_emoji,positif,soraya
W3OiJi8UyUk,user_9ad4a6783c82,False,1696550400,5,positif,0.9978,positif,positif,positif,soraya
W3OiJi8UyUk,user_668f34333a55,False,1696550400,55,positif,0.9545,positif,netral,positif,soraya
W3OiJi8UyUk,user_990cce0b5daf,True,1696550400,1,negatif,0.9771,netral,tanpa_emoji,negatif,soraya
W3OiJi8UyUk,user_990cce0b5daf,True,1696550400,1,negatif,0.9949,netral,tanpa_emoji,negatif,soraya
W3OiJi8UyUk,user_09e918a8b16f,True,1696550400,2,netral,0.9809,netral,tanpa_emoji,netral,soraya
W3OiJi8UyUk,user_2d053c32069a,False,1696550400,5,negatif,0.9741,negatif,tanpa_emoji,negatif,soraya
W3OiJi8UyUk,user_5c3792c04931,False,1728172800,2,positif,0.9017,netral,netral,positif,soraya
W3OiJi8UyUk,user_d268afef41d7,False,1696550400,2,positif,0.3471,netral,tanpa_emoji,positif,soraya
W3OiJi8UyUk,user_7dc1bc16fc9b,False,1696550400,152,positif,0.9531,positif,positif,positif,soraya
W3OiJi8UyUk,user_bf78f9042887,True,1696550400,3,netral,0.8802,netral,tanpa_emoji,netral,soraya
W3OiJi8UyUk,user_7dc1bc16fc9b,True,1696550400,1,netral,0.9706,netral,tanpa_emoji,netral,soraya
W3OiJi8UyUk,user_c4e5c7b7139e,True,1696550400,0,negatif,0.704,positif,positif,positif,soraya
W3OiJi8UyUk,user_c4e5c7b7139e,True,1696550400,0,positif,0.6716,netral,tanpa_emoji,positif,soraya
W3OiJi8UyUk,user_c4e5c7b7139e,True,1696550400,0,positif,0.6716,netral,tanpa_emoji,positif,soraya
W3OiJi8UyUk,user_c4e5c7b7139e,True,1696550400,0,negatif,0.9005,positif,positif,positif,soraya
W3OiJi8UyUk,user_c4e5c7b7139e,True,1696550400,0,negatif,0.5351,positif,positif,positif,soraya
W3OiJi8UyUk,user_c4e5c7b7139e,True,1696550400,0,negatif,0.9005,positif,positif,positif,soraya
W3OiJi8UyUk,user_c4e5c7b7139e,True,1696550400,0,negatif,0.7615,positif,positif,positif,soraya
W3OiJi8UyUk,user_c4e5c7b7139e,True,1696550400,0,negatif,0.9005,positif,positif,positif,soraya
W3OiJi8UyUk,user_c4e5c7b7139e,True,1696550400,0,negatif,0.941,positif,positif,positif,soraya
W3OiJi8UyUk,user_19d9e0c9ec9c,True,1696550400,1,negatif,0.8892,netral,tanpa_emoji,negatif,soraya
W3OiJi8UyUk,user_c4e5c7b7139e,True,1696550400,0,netral,0.9604,netral,tanpa_emoji,netral,soraya
W3OiJi8UyUk,user_c4e5c7b7139e,True,1696550400,0,positif,0.6716,netral,tanpa_emoji,positif,soraya
W3OiJi8UyUk,user_97257df3ced4,True,1696550400,1,negatif,0.986,netral,tanpa_emoji,negatif,soraya
W3OiJi8UyUk,user_877503b6f5f6,False,1696550400,4,positif,0.9748,positif,tanpa_emoji,positif,soraya
W3OiJi8UyUk,user_ee90333f8a1e,False,1696550400,19,positif,0.996,netral,tanpa_emoji,positif,soraya
W3OiJi8UyUk,user_7ba885711b13,False,1696550400,3,negatif,0.9977,netral,netral,negatif,soraya
W3OiJi8UyUk,user_3b5c8789c2bf,False,1696550400,15,positif,0.9963,positif,tanpa_emoji,positif,soraya
W3OiJi8UyUk,user_13b80ba61b36,False,1696550400,2,positif,0.9304,positif,netral,positif,soraya
W3OiJi8UyUk,user_d0197384db25,False,1696550400,2,positif,0.9942,positif,positif,positif,soraya
W3OiJi8UyUk,user_27309750fe20,False,1696550400,3,negatif,0.7076,netral,tanpa_emoji,negatif,soraya
W3OiJi8UyUk,user_47c51702cf99,False,1696550400,2,negatif,0.9852,positif,tanpa_emoji,negatif,soraya
W3OiJi8UyUk,user_ff8c2cdafa70,False,1696550400,2,positif,0.994,positif,positif,positif,soraya
W3OiJi8UyUk,user_02507c6576a3,False,1696550400,2,positif,0.8297,netral,tanpa_emoji,positif,soraya
W3OiJi8UyUk,user_06d98c7b91a0,False,1696550400,2,positif,0.7095,positif,netral,positif,soraya
W3OiJi8UyUk,user_79cc80a8f107,False,1696550400,3,positif,0.9956,positif,tanpa_emoji,positif,soraya
W3OiJi8UyUk,user_5a278646cb11,False,1696550400,2,positif,0.9719,netral,tanpa_emoji,positif,soraya
W3OiJi8UyUk,user_b19d68980c5c,False,1696550400,2,negatif,0.9739,netral,tanpa_emoji,negatif,soraya
W3OiJi8UyUk,user_fee807ee9f44,False,1696550400,2,positif,0.9973,positif,positif,positif,soraya
W3OiJi8UyUk,user_68c5657911d8,False,1696550400,2,positif,0.9811,positif,tanpa_emoji,positif,soraya
W3OiJi8UyUk,user_03b8f63bb944,False,1696550400,2,negatif,0.9963,negatif,tanpa_emoji,negatif,soraya
W3OiJi8UyUk,user_3464a1e5c1c9,False,1696550400,2,netral,0.685,positif,positif,netral,soraya
W3OiJi8UyUk,user_bde8952629e0,False,1696550400,2,positif,0.9772,netral,tanpa_emoji,positif,soraya
W3OiJi8UyUk,user_1f1f195571a8,False,1696550400,2,negatif,0.9908,positif,positif,negatif,soraya
W3OiJi8UyUk,user_991ff1e53061,False,1696550400,2,positif,0.9394,negatif,netral,positif,soraya
W3OiJi8UyUk,user_373067674a72,False,1696550400,1,positif,0.6991,netral,tanpa_emoji,positif,soraya
W3OiJi8UyUk,user_30cb174f40a4,False,1696550400,3,negatif,0.5098,netral,netral,negatif,soraya
W3OiJi8UyUk,user_b742907b9604,False,1696550400,1,negatif,0.7786,netral,tanpa_emoji,negatif,soraya
W3OiJi8UyUk,user_45781b472d05,False,1696550400,2,negatif,0.9989,netral,positif,negatif,soraya
W3OiJi8UyUk,user_397769214263,False,1696550400,2,positif,0.9957,positif,netral,positif,soraya
W3OiJi8UyUk,user_1a49949ec058,False,1696550400,2,positif,0.9934,positif,positif,positif,soraya
W3OiJi8UyUk,user_9c6f70fe5be1,False,1696550400,1,positif,0.9029,netral,tanpa_emoji,positif,soraya
W3OiJi8UyUk,user_1f34e5bd77f2,False,1696550400,7,positif,0.9593,positif,positif,positif,soraya
W3OiJi8UyUk,user_723d47d6bfef,True,1696550400,0,negatif,0.9963,netral,tanpa_emoji,negatif,soraya
W3OiJi8UyUk,user_d385f78bdec9,False,1696550400,2,positif,0.9424,positif,tanpa_emoji,positif,soraya
W3OiJi8UyUk,user_aefdb54ded9c,False,1696550400,3,negatif,0.9925,positif,netral,negatif,soraya
W3OiJi8UyUk,user_9d90343a612c,False,1696550400,2,positif,0.6478,positif,tanpa_emoji,positif,soraya
W3OiJi8UyUk,user_6d98b42cb7fd,False,1696550400,26,positif,0.994,positif,tanpa_emoji,positif,soraya
W3OiJi8UyUk,user_e61c95f37e77,False,1696550400,1,positif,0.9563,positif,tanpa_emoji,positif,soraya
W3OiJi8UyUk,user_c7fcf2510e85,False,1696550400,2,negatif,0.7311,positif,positif,negatif,soraya
W3OiJi8UyUk,user_7cd34bdcd647,False,1696550400,2,positif,0.9709,positif,tanpa_emoji,positif,soraya
W3OiJi8UyUk,user_7e9b5cf62757,False,1696550400,17,negatif,0.9945,positif,tanpa_emoji,negatif,soraya
W3OiJi8UyUk,user_bf78f9042887,True,1696550400,0,netral,0.9288,netral,tanpa_emoji,netral,soraya
W3OiJi8UyUk,user_0ef9f3c9e367,True,1696550400,0,negatif,0.8796,netral,tanpa_emoji,negatif,soraya
W3OiJi8UyUk,user_a9e4cbaab2df,False,1696550400,2,negatif,0.489,netral,positif,positif,soraya
W3OiJi8UyUk,user_9f6392fbeb09,False,1696550400,2,negatif,0.9955,negatif,netral,negatif,soraya
W3OiJi8UyUk,user_d3bb3cc36da9,False,1696550400,2,positif,0.9792,positif,tanpa_emoji,positif,soraya
W3OiJi8UyUk,user_c6455b2549de,False,1696550400,2,positif,0.9847,netral,tanpa_emoji,positif,soraya
W3OiJi8UyUk,user_e85b57bd47de,False,1696550400,1,positif,0.6779,netral,tanpa_emoji,positif,soraya
W3OiJi8UyUk,user_f86bc57f726d,False,1696550400,2,positif,0.9817,netral,tanpa_emoji,positif,soraya
W3OiJi8UyUk,user_18e692cbed3b,False,1696550400,2,positif,0.9951,positif,tanpa_emoji,positif,soraya
W3OiJi8UyUk,user_1ce3961dfa45,False,1696550400,37,positif,0.964,positif,netral,positif,soraya
W3OiJi8UyUk,user_bf78f9042887,True,1696550400,1,netral,0.8802,netral,tanpa_emoji,netral,soraya
W3OiJi8UyUk,user_0ae06afe829e,False,1696550400,1,positif,0.9691,positif,tanpa_emoji,positif,soraya
W3OiJi8UyUk,user_d9c8388ddcb6,False,1696550400,5,positif,0.9681,netral,netral,positif,soraya
W3OiJi8UyUk,user_bccbc38765bf,True,1696550400,0,positif,0.6412,positif,tanpa_emoji,positif,soraya
W3OiJi8UyUk,user_d740864255e4,False,1696550400,2,negatif,0.999,negatif,tanpa_emoji,negatif,soraya
W3OiJi8UyUk,user_d0f3087da6fb,False,1696550400,3,positif,0.9974,positif,positif,positif,soraya
W3OiJi8UyUk,user_135877934a92,False,1696550400,2,negatif,0.6404,positif,tanpa_emoji,negatif,soraya
W3OiJi8UyUk,user_67c69ba63489,False,1696550400,12,negatif,0.9679,netral,tanpa_emoji,negatif,soraya
W3OiJi8UyUk,user_b69afc29909b,False,1696550400,1,positif,0.9949,netral,tanpa_emoji,positif,soraya
W3OiJi8UyUk,user_aeecd48873ac,False,1696550400,6,negatif,0.9522,positif,positif,negatif,soraya
W3OiJi8UyUk,user_9666f25e7685,True,1696550400,0,positif,0.8613,netral,tanpa_emoji,positif,soraya
W3OiJi8UyUk,user_afb0f51dcd79,False,1696550400,1,positif,0.9447,positif,positif,positif,soraya
W3OiJi8UyUk,user_e9366e813827,False,1696550400,9,negatif,0.6023,netral,positif,negatif,soraya
W3OiJi8UyUk,user_1e9f1c168b20,False,1696550400,2,negatif,0.7566,netral,netral,negatif,soraya
W3OiJi8UyUk,user_170512102d3e,False,1696550400,12,negatif,0.5152,netral,tanpa_emoji,negatif,soraya
W3OiJi8UyUk,user_d85091d07416,True,1696550400,1,positif,0.7197,positif,netral,positif,soraya
W3OiJi8UyUk,user_170512102d3e,True,1696550400,0,netral,0.9798,positif,positif,netral,soraya
W3OiJi8UyUk,user_c4ef99cf20a2,False,1696550400,2,positif,0.9913,positif,tanpa_emoji,positif,soraya
W3OiJi8UyUk,user_3c87b5acb5b0,False,1696550400,3,negatif,0.7728,netral,tanpa_emoji,negatif,soraya
W3OiJi8UyUk,user_0600c1244f49,False,1696550400,1,positif,0.619,positif,tanpa_emoji,positif,soraya
W3OiJi8UyUk,user_fa953ef9dc8f,False,1759708800,3,negatif,0.6281,netral,tanpa_emoji,negatif,soraya
W3OiJi8UyUk,user_e0b38a387b0d,False,1696550400,1,negatif,0.6564,netral,tanpa_emoji,negatif,soraya
W3OiJi8UyUk,user_f10af3469ab4,False,1696550400,6,positif,0.9967,positif,netral,positif,soraya
W3OiJi8UyUk,user_b6b47f9311c0,False,1696550400,2,positif,0.9845,positif,tanpa_emoji,positif,soraya
W3OiJi8UyUk,user_30075404a9a9,False,1696550400,3,positif,0.9845,positif,tanpa_emoji,positif,soraya
W3OiJi8UyUk,user_723d47d6bfef,True,1696550400,0,positif,0.7101,netral,tanpa_emoji,positif,soraya
W3OiJi8UyUk,user_ecdb66f91714,False,1696550400,1,positif,0.6653,positif,positif,positif,soraya
W3OiJi8UyUk,user_e817edba6e94,False,1696550400,4,positif,0.9968,positif,positif,positif,soraya
W3OiJi8UyUk,user_723d47d6bfef,True,1696550400,0,negatif,0.4413,netral,tanpa_emoji,negatif,soraya
W3OiJi8UyUk,user_be8d245ffec4,False,1696550400,1,positif,0.9582,netral,tanpa_emoji,positif,soraya
W3OiJi8UyUk,user_014f386718d1,False,1696550400,54,positif,0.9509,positif,tanpa_emoji,positif,soraya
W3OiJi8UyUk,user_58c7d4dc1fef,True,1696550400,6,negatif,0.9945,netral,tanpa_emoji,negatif,soraya
W3OiJi8UyUk,user_f5368207b30d,True,1696550400,0,negatif,0.5571,positif,netral,negatif,soraya
W3OiJi8UyUk,user_7e8972108e68,True,1696550400,2,positif,0.9804,positif,tanpa_emoji,positif,soraya
W3OiJi8UyUk,user_723d47d6bfef,True,1696550400,0,positif,0.7762,netral,tanpa_emoji,positif,soraya
W3OiJi8UyUk,user_bf78f9042887,True,1696550400,0,netral,0.8802,netral,tanpa_emoji,netral,soraya
W3OiJi8UyUk,user_71f5b62422c9,False,1696550400,1,negatif,0.9483,netral,tanpa_emoji,negatif,soraya
W3OiJi8UyUk,user_75a206e66fac,False,1696550400,4,negatif,0.9363,netral,netral,negatif,soraya
W3OiJi8UyUk,user_723d47d6bfef,True,1696550400,2,netral,0.8389,netral,tanpa_emoji,netral,soraya
W3OiJi8UyUk,user_73b2b4fff612,False,1696550400,1,negatif,0.8777,positif,tanpa_emoji,negatif,soraya
W3OiJi8UyUk,user_731461325f99,False,1696550400,150,positif,0.9974,positif,positif,positif,soraya
W3OiJi8UyUk,user_8d863075a78a,True,1696550400,4,negatif,0.718,positif,tanpa_emoji,negatif,soraya
W3OiJi8UyUk,user_f119a901782a,True,1696550400,1,negatif,0.9843,positif,tanpa_emoji,negatif,soraya
W3OiJi8UyUk,user_8d863075a78a,True,1696550400,3,positif,0.5607,netral,tanpa_emoji,positif,soraya
W3OiJi8UyUk,user_9ca6801be299,True,1696550400,2,positif,0.896,positif,netral,positif,soraya
W3OiJi8UyUk,user_35ab48d5937e,True,1696550400,2,positif,0.5675,netral,tanpa_emoji,positif,soraya
W3OiJi8UyUk,user_731461325f99,True,1696550400,0,netral,0.7145,positif,positif,netral,soraya
W3OiJi8UyUk,user_bf78f9042887,True,1696550400,0,netral,0.8802,netral,tanpa_emoji,netral,soraya
W3OiJi8UyUk,user_09e918a8b16f,True,1696550400,0,negatif,0.6266,positif,tanpa_emoji,negatif,soraya
W3OiJi8UyUk,user_864a39909692,True,1696550400,0,negatif,0.9586,netral,tanpa_emoji,negatif,soraya
W3OiJi8UyUk,user_864a39909692,True,1696550400,0,negatif,0.9586,netral,tanpa_emoji,negatif,soraya
W3OiJi8UyUk,user_1e497a44ecb9,True,1696550400,0,negatif,0.9988,positif,tanpa_emoji,negatif,soraya
W3OiJi8UyUk,user_b077d785dccc,True,1696550400,0,positif,0.4914,negatif,tanpa_emoji,positif,soraya
W3OiJi8UyUk,user_83b5c53b615f,True,1696550400,0,positif,0.862,positif,tanpa_emoji,positif,soraya
W3OiJi8UyUk,user_723d47d6bfef,True,1696550400,10,positif,0.9965,positif,tanpa_emoji,positif,soraya
W3OiJi8UyUk,user_990dad3368d9,True,1696550400,3,positif,0.7033,netral,tanpa_emoji,positif,soraya
W3OiJi8UyUk,user_da4e84b5e5f8,True,1696550400,2,netral,0.989,netral,tanpa_emoji,netral,soraya
W3OiJi8UyUk,user_3348a3e6c26b,False,1696550400,1,negatif,0.9985,negatif,tanpa_emoji,negatif,soraya
W3OiJi8UyUk,user_a1c85673f48c,False,1696550400,9,positif,0.7496,netral,tanpa_emoji,positif,soraya
W3OiJi8UyUk,user_044f98ffffab,True,1696550400,0,positif,0.6278,netral,tanpa_emoji,positif,soraya
W3OiJi8UyUk,user_7dc1bc16fc9b,True,1696550400,0,netral,0.9815,netral,tanpa_emoji,netral,soraya
W3OiJi8UyUk,user_3e3ab2db6866,False,1696550400,1,netral,0.4201,positif,positif,positif,soraya
W3OiJi8UyUk,user_0040497083ed,False,1696550400,3,positif,0.9846,netral,tanpa_emoji,positif,soraya
W3OiJi8UyUk,user_60007721194b,True,1696550400,0,positif,0.3543,netral,tanpa_emoji,positif,soraya
W3OiJi8UyUk,user_2065969214a4,True,1696550400,0,netral,0.5121,netral,netral,netral,soraya
W3OiJi8UyUk,user_20390ec94cd5,False,1696550400,1,positif,0.9855,positif,tanpa_emoji,positif,soraya
W3OiJi8UyUk,user_a95c33043b02,False,1696550400,3,positif,0.7607,positif,tanpa_emoji,positif,soraya
W3OiJi8UyUk,user_07e52fa6191b,True,1696550400,0,netral,0.9328,positif,tanpa_emoji,netral,soraya
W3OiJi8UyUk,user_6b0fb85aba79,False,1696550400,1,negatif,0.9639,netral,positif,negatif,soraya
W3OiJi8UyUk,user_bcfd98995de8,False,1696550400,7,negatif,0.9911,netral,netral,negatif,soraya
W3OiJi8UyUk,user_af8cced3bc11,True,1696550400,1,negatif,0.9974,positif,tanpa_emoji,negatif,soraya
W3OiJi8UyUk,user_bcfd98995de8,True,1696550400,2,netral,0.888,netral,tanpa_emoji,netral,soraya
W3OiJi8UyUk,user_f5368207b30d,True,1696550400,1,negatif,0.3764,netral,tanpa_emoji,negatif,soraya
W3OiJi8UyUk,user_bcfd98995de8,True,1696550400,0,positif,0.954,positif,tanpa_emoji,positif,soraya
W3OiJi8UyUk,user_5e3c697f432a,True,1696550400,0,negatif,0.9978,netral,tanpa_emoji,negatif,soraya
W3OiJi8UyUk,user_1d9d786e224b,False,1696550400,1,negatif,0.9359,netral,netral,negatif,soraya
W3OiJi8UyUk,user_19071a60dc74,False,1696550400,5,positif,0.9859,positif,positif,positif,soraya
W3OiJi8UyUk,user_c8c0c7ea152f,True,1696550400,0,negatif,0.8843,netral,tanpa_emoji,negatif,soraya
W3OiJi8UyUk,user_19071a60dc74,True,1696550400,0,netral,0.5414,positif,positif,positif,soraya
W3OiJi8UyUk,user_c8c0c7ea152f,True,1696550400,0,negatif,0.4935,netral,netral,negatif,soraya
W3OiJi8UyUk,user_19071a60dc74,True,1696550400,0,negatif,0.9221,netral,tanpa_emoji,negatif,soraya
W3OiJi8UyUk,user_723d47d6bfef,True,1696550400,0,negatif,0.8417,netral,tanpa_emoji,negatif,soraya
W3OiJi8UyUk,user_c8c0c7ea152f,True,1696550400,0,negatif,0.5315,netral,tanpa_emoji,negatif,soraya
W3OiJi8UyUk,user_fa7b2be074a2,False,1696550400,1,positif,0.9791,positif,tanpa_emoji,positif,soraya
W3OiJi8UyUk,user_4048a7e45c9d,False,1696550400,14,positif,0.998,positif,tanpa_emoji,positif,soraya
W3OiJi8UyUk,user_00a030e4f6b3,False,1696550400,1,positif,0.9746,positif,positif,positif,soraya
W3OiJi8UyUk,user_aa48834f68c0,False,1696550400,5,positif,0.9666,positif,positif,positif,soraya
W3OiJi8UyUk,user_723d47d6bfef,True,1696550400,0,positif,0.9311,netral,tanpa_emoji,positif,soraya
W3OiJi8UyUk,user_8f58e50eef0e,False,1696550400,1,negatif,0.8922,positif,tanpa_emoji,negatif,soraya
W3OiJi8UyUk,user_6afc8f323f66,False,1696550400,5,negatif,0.9948,positif,positif,negatif,soraya
W3OiJi8UyUk,user_28365f31d405,True,1696550400,0,negatif,0.6098,netral,tanpa_emoji,negatif,soraya
W3OiJi8UyUk,user_cc4c0b7a71ac,True,1696550400,0,netral,0.9887,netral,tanpa_emoji,netral,soraya
W3OiJi8UyUk,user_723d47d6bfef,True,1696550400,0,positif,0.9352,negatif,netral,positif,soraya
W3OiJi8UyUk,user_6afc8f323f66,True,1696550400,1,negatif,0.9551,netral,positif,negatif,soraya
W3OiJi8UyUk,user_659454718623,False,1696550400,0,positif,0.9531,netral,tanpa_emoji,positif,soraya
W3OiJi8UyUk,user_db00cd8983c1,False,1696550400,3,positif,0.9493,positif,tanpa_emoji,positif,soraya
W3OiJi8UyUk,user_87972736137e,True,1696550400,0,negatif,0.9809,positif,tanpa_emoji,negatif,soraya
W3OiJi8UyUk,user_ff8ae851cc4f,True,1696550400,0,positif,0.6784,netral,tanpa_emoji,positif,soraya
W3OiJi8UyUk,user_f5368207b30d,True,1696550400,0,positif,0.6104,positif,positif,positif,soraya
W3OiJi8UyUk,user_96c84846530c,False,1696550400,0,negatif,0.8585,netral,tanpa_emoji,negatif,soraya
W3OiJi8UyUk,user_23f4a0ac560b,False,1696550400,3,netral,0.5452,netral,tanpa_emoji,netral,soraya
W3OiJi8UyUk,user_5637cb516738,True,1696550400,1,negatif,0.8963,netral,netral,negatif,soraya
W3OiJi8UyUk,user_4ef9ba7712e4,True,1696550400,0,netral,0.656,netral,tanpa_emoji,netral,soraya
W3OiJi8UyUk,user_c08e8e85c0a5,True,1696550400,0,negatif,0.8026,netral,tanpa_emoji,negatif,soraya
W3OiJi8UyUk,user_3aac10b774e0,False,1696550400,1,netral,0.7105,netral,tanpa_emoji,netral,soraya
W3OiJi8UyUk,user_a3774416002a,False,1696550400,4,negatif,0.968,netral,tanpa_emoji,negatif,soraya
W3OiJi8UyUk,user_afec81ffb63e,True,1728172800,0,negatif,0.9971,negatif,tanpa_emoji,negatif,soraya
W3OiJi8UyUk,user_a3774416002a,True,1728172800,0,negatif,0.9952,netral,netral,negatif,soraya
W3OiJi8UyUk,user_afec81ffb63e,True,1728172800,0,negatif,0.9819,netral,tanpa_emoji,negatif,soraya
W3OiJi8UyUk,user_1f5293540802,False,1696550400,0,negatif,0.9971,netral,tanpa_emoji,negatif,soraya
W3OiJi8UyUk,user_fcc96f77610f,False,1696550400,5,positif,0.9747,positif,tanpa_emoji,positif,soraya
W3OiJi8UyUk,user_723d47d6bfef,True,1696550400,1,positif,0.586,positif,tanpa_emoji,positif,soraya
W3OiJi8UyUk,user_673463dd0f84,False,1696550400,2,positif,0.9979,positif,tanpa_emoji,positif,soraya
W3OiJi8UyUk,user_f30090a16bd8,False,1696550400,4,negatif,0.66,netral,tanpa_emoji,negatif,soraya
W3OiJi8UyUk,user_8ffc5120a647,False,1696550400,1,positif,0.9727,positif,tanpa_emoji,positif,soraya
W3OiJi8UyUk,user_e638ecfc1cdb,False,1696550400,1,negatif,0.6314,positif,negatif,negatif,soraya
W3OiJi8UyUk,user_657aff633215,False,1696550400,2,negatif,0.8578,netral,tanpa_emoji,negatif,soraya
W3OiJi8UyUk,user_abe01dcd9fee,False,1696550400,1,positif,0.9833,netral,tanpa_emoji,positif,soraya
W3OiJi8UyUk,user_b19ce54702a8,False,1696550400,2,positif,0.9726,netral,tanpa_emoji,positif,soraya
W3OiJi8UyUk,user_fa7d0dc5ed72,False,1696550400,2,negatif,0.9444,netral,tanpa_emoji,negatif,soraya
W3OiJi8UyUk,user_3be4abd4b924,False,1696550400,1,netral,0.7203,netral,tanpa_emoji,netral,soraya
W3OiJi8UyUk,user_4054bace9456,False,1696550400,0,netral,0.9765,positif,positif,netral,soraya
W3OiJi8UyUk,user_a5f6d32117ae,False,1696550400,1,positif,0.9786,positif,tanpa_emoji,positif,soraya
W3OiJi8UyUk,user_7789061ec3af,False,1696550400,0,negatif,0.8433,positif,positif,negatif,soraya
W3OiJi8UyUk,user_79de64e77179,False,1696550400,1,positif,0.5676,positif,netral,positif,soraya
W3OiJi8UyUk,user_4b35546e5748,False,1696550400,0,positif,0.998,positif,positif,positif,soraya
W3OiJi8UyUk,user_df564bcda16f,False,1696550400,1,positif,0.6491,netral,tanpa_emoji,positif,soraya
W3OiJi8UyUk,user_987abe4dabf9,False,1696550400,0,negatif,0.6184,positif,positif,negatif,soraya
W3OiJi8UyUk,user_af4a238ad87c,False,1696550400,0,negatif,0.8995,positif,positif,negatif,soraya
W3OiJi8UyUk,user_343c67b544ce,False,1696550400,0,netral,0.8903,netral,tanpa_emoji,netral,soraya
W3OiJi8UyUk,user_035dfb41293c,False,1696550400,2,positif,0.9897,positif,positif,positif,soraya
W3OiJi8UyUk,user_c280f47e6967,False,1696550400,0,negatif,0.8458,negatif,tanpa_emoji,negatif,soraya
W3OiJi8UyUk,user_8cbc5f90974b,False,1696550400,0,negatif,0.9908,negatif,tanpa_emoji,negatif,soraya
W3OiJi8UyUk,user_add074b98501,False,1696550400,1,positif,0.7592,positif,tanpa_emoji,positif,soraya
W3OiJi8UyUk,user_01a28cf03d5d,False,1696550400,1,positif,0.981,positif,positif,positif,soraya
W3OiJi8UyUk,user_df76a0553c02,False,1696550400,0,netral,0.958,netral,tanpa_emoji,netral,soraya
W3OiJi8UyUk,user_5ebae83671ac,False,1696550400,0,positif,0.9798,positif,tanpa_emoji,positif,soraya
W3OiJi8UyUk,user_41d04db59603,False,1696550400,2,positif,0.9936,positif,tanpa_emoji,positif,soraya
W3OiJi8UyUk,user_63331fc03ef5,False,1696550400,0,positif,0.646,positif,positif,positif,soraya
W3OiJi8UyUk,user_9dceb4e04ed4,False,1696550400,1,positif,0.9948,positif,positif,positif,soraya
W3OiJi8UyUk,user_7e1ec9b0642e,False,1696550400,0,negatif,0.9155,positif,tanpa_emoji,negatif,soraya
W3OiJi8UyUk,user_b65519c74429,False,1728172800,1,netral,0.9415,positif,tanpa_emoji,netral,soraya
W3OiJi8UyUk,user_94ce8f8b5251,False,1696550400,0,negatif,0.7859,netral,tanpa_emoji,negatif,soraya
W3OiJi8UyUk,user_358c25af7546,False,1696550400,1,positif,0.9175,positif,tanpa_emoji,positif,soraya
W3OiJi8UyUk,user_542249629584,False,1696550400,1,negatif,0.9944,netral,tanpa_emoji,negatif,soraya
W3OiJi8UyUk,user_781bf216a6cc,False,1696550400,2,netral,0.8769,positif,tanpa_emoji,netral,soraya
W3OiJi8UyUk,user_16b0512d6f71,False,1696550400,0,negatif,0.7081,netral,tanpa_emoji,negatif,soraya
W3OiJi8UyUk,user_8e7978c3ca76,False,1696550400,0,positif,0.9411,netral,netral,positif,soraya
W3OiJi8UyUk,user_2f78b287a257,False,1696550400,0,positif,0.9644,netral,tanpa_emoji,positif,soraya
W3OiJi8UyUk,user_b5d13c1ee5ce,False,1696550400,0,negatif,0.9402,netral,tanpa_emoji,negatif,soraya
W3OiJi8UyUk,user_b6892ba44c8b,False,1696550400,0,netral,0.6336,netral,netral,netral,soraya
W3OiJi8UyUk,user_b024b2b3353c,False,1696550400,0,negatif,0.683,netral,tanpa_emoji,negatif,soraya
W3OiJi8UyUk,user_1d9d786e224b,False,1696550400,0,negatif,0.9267,negatif,tanpa_emoji,negatif,soraya
W3OiJi8UyUk,user_dc83c8e2cf63,False,1696550400,0,negatif,0.871,netral,tanpa_emoji,negatif,soraya
W3OiJi8UyUk,user_b671c7bc83c8,False,1696550400,0,netral,0.7825,netral,tanpa_emoji,netral,soraya
W3OiJi8UyUk,user_075944437eff,False,1696550400,0,negatif,0.5924,positif,tanpa_emoji,negatif,soraya
W3OiJi8UyUk,user_902154ad89fe,False,1696550400,1,negatif,0.8765,netral,tanpa_emoji,negatif,soraya
W3OiJi8UyUk,user_2b767734fde2,False,1696550400,0,negatif,0.9264,netral,tanpa_emoji,negatif,soraya
W3OiJi8UyUk,user_bda36d496c25,False,1696550400,1,negatif,0.9951,positif,netral,negatif,soraya
W3OiJi8UyUk,user_c0543a606168,False,1696550400,0,netral,0.8762,netral,tanpa_emoji,netral,soraya
W3OiJi8UyUk,user_8b0827865c42,False,1696550400,0,positif,0.7762,netral,tanpa_emoji,positif,soraya
W3OiJi8UyUk,user_35ab48d5937e,False,1696550400,0,negatif,0.9943,negatif,tanpa_emoji,negatif,soraya
W3OiJi8UyUk,user_77ba7b306d23,False,1696550400,0,positif,0.9611,positif,tanpa_emoji,positif,soraya
W3OiJi8UyUk,user_72ffc296fe0c,False,1696550400,0,negatif,0.9795,positif,positif,negatif,soraya
W3OiJi8UyUk,user_03d9b2478589,False,1696550400,1,positif,0.8827,netral,tanpa_emoji,positif,soraya
W3OiJi8UyUk,user_c30d4d146204,False,1696550400,0,positif,0.9568,netral,tanpa_emoji,positif,soraya
W3OiJi8UyUk,user_6c17536d8db4,False,1696550400,0,positif,0.9799,positif,tanpa_emoji,positif,soraya
W3OiJi8UyUk,user_ef58797ac414,False,1728172800,0,netral,0.9854,netral,tanpa_emoji,netral,soraya
W3OiJi8UyUk,user_ae43e7e06427,False,1696550400,1,positif,0.9831,positif,positif,positif,soraya
W3OiJi8UyUk,user_c86e55171139,False,1696550400,1,positif,0.9907,positif,tanpa_emoji,positif,soraya
W3OiJi8UyUk,user_4031e0045fb6,False,1696550400,1,positif,0.5005,netral,tanpa_emoji,positif,soraya
W3OiJi8UyUk,user_f9f0efe0e0c5,False,1696550400,1,netral,0.9713,positif,positif,netral,soraya
W3OiJi8UyUk,user_b0a9b43cd2a3,False,1696550400,1,positif,0.9891,positif,tanpa_emoji,positif,soraya
W3OiJi8UyUk,user_aff25e8582f1,False,1696550400,1,positif,0.9964,positif,positif,positif,soraya
W3OiJi8UyUk,user_ca8ffe21cc6b,False,1696550400,0,negatif,0.8302,positif,positif,negatif,soraya
W3OiJi8UyUk,user_5b1a9e7d1d95,False,1696550400,0,negatif,0.6643,positif,positif,negatif,soraya
W3OiJi8UyUk,user_318a291e1ec8,False,1696550400,0,negatif,0.8875,netral,tanpa_emoji,negatif,soraya
W3OiJi8UyUk,user_6902ec3ec76a,False,1696550400,0,negatif,0.8867,negatif,tanpa_emoji,negatif,soraya
W3OiJi8UyUk,user_5593fe3c89f2,False,1696550400,0,positif,0.7139,netral,tanpa_emoji,positif,soraya
W3OiJi8UyUk,user_cd5855d27353,False,1696550400,1,negatif,0.9964,netral,tanpa_emoji,negatif,soraya
W3OiJi8UyUk,user_bcdb4e8befb7,False,1767657600,2,netral,0.6007,positif,tanpa_emoji,netral,soraya
W3OiJi8UyUk,user_108c8d79ec60,False,1696550400,0,positif,0.9686,positif,positif,positif,soraya
W3OiJi8UyUk,user_9bd59ae21e34,False,1696550400,0,negatif,0.9893,netral,tanpa_emoji,negatif,soraya
W3OiJi8UyUk,user_efc60c698eb1,False,1696550400,0,positif,0.9588,positif,positif,positif,soraya
W3OiJi8UyUk,user_59c7bc876697,False,1696550400,0,positif,0.8016,negatif,tanpa_emoji,positif,soraya
W3OiJi8UyUk,user_d79a9f1d2a57,False,1696550400,0,positif,0.894,positif,tanpa_emoji,positif,soraya
W3OiJi8UyUk,user_56aa3507402e,False,1696550400,0,negatif,0.5963,positif,tanpa_emoji,negatif,soraya
W3OiJi8UyUk,user_5b1a4282321f,False,1696550400,0,positif,0.5052,netral,tanpa_emoji,positif,soraya
W3OiJi8UyUk,user_2d7c82c67426,False,1696550400,0,negatif,0.9838,negatif,tanpa_emoji,negatif,soraya
W3OiJi8UyUk,user_75b82aa84c47,False,1696550400,1,positif,0.4489,positif,tanpa_emoji,positif,soraya
W3OiJi8UyUk,user_020ecad0759b,False,1696550400,0,negatif,0.6218,netral,tanpa_emoji,negatif,soraya
W3OiJi8UyUk,user_0cf49b94c3cd,False,1696550400,0,positif,0.9903,positif,tanpa_emoji,positif,soraya
W3OiJi8UyUk,user_4f853007fcf1,False,1696550400,1,positif,0.9388,netral,tanpa_emoji,positif,soraya
W3OiJi8UyUk,user_9e5d46b4b49b,False,1696550400,1,negatif,0.9972,negatif,tanpa_emoji,negatif,soraya
W3OiJi8UyUk,user_effff87a1c13,False,1696550400,0,positif,0.9755,positif,tanpa_emoji,positif,soraya
W3OiJi8UyUk,user_aa4d3300134f,False,1696550400,0,negatif,0.9097,negatif,tanpa_emoji,negatif,soraya
W3OiJi8UyUk,user_139db5d10572,False,1696550400,0,negatif,0.4543,netral,tanpa_emoji,negatif,soraya
W3OiJi8UyUk,user_ade8c0e802af,False,1696550400,1,netral,0.892,netral,tanpa_emoji,netral,soraya
W3OiJi8UyUk,user_bd5dd9d2838f,False,1696550400,0,positif,0.979,positif,tanpa_emoji,positif,soraya
W3OiJi8UyUk,user_44f9dd9c5955,False,1696550400,0,negatif,0.9483,netral,tanpa_emoji,negatif,soraya
W3OiJi8UyUk,user_8fc235b33e24,False,1696550400,0,positif,0.9197,netral,tanpa_emoji,positif,soraya
W3OiJi8UyUk,user_8655f6a5facf,False,1696550400,0,negatif,0.9988,negatif,tanpa_emoji,negatif,soraya
W3OiJi8UyUk,user_e9964302467d,False,1696550400,0,positif,0.9962,positif,tanpa_emoji,positif,soraya
W3OiJi8UyUk,user_a9a576a5af3f,False,1696550400,0,negatif,0.5091,negatif,tanpa_emoji,negatif,soraya
W3OiJi8UyUk,user_521cd673a68d,False,1696550400,0,negatif,0.9589,netral,tanpa_emoji,negatif,soraya
W3OiJi8UyUk,user_da5ea5d80aea,False,1696550400,0,positif,0.6858,positif,tanpa_emoji,positif,soraya
W3OiJi8UyUk,user_cc599b85ca28,False,1696550400,0,negatif,0.8705,positif,tanpa_emoji,negatif,soraya
W3OiJi8UyUk,user_6025afa5271d,False,1696550400,2,negatif,0.579,positif,tanpa_emoji,negatif,soraya
W3OiJi8UyUk,user_c314f1110c2a,False,1696550400,0,netral,0.9782,netral,netral,netral,soraya
W3OiJi8UyUk,user_915dc1e89458,False,1696550400,0,negatif,0.8004,netral,tanpa_emoji,negatif,soraya
W3OiJi8UyUk,user_7c03f905a122,False,1696550400,0,netral,0.4836,netral,tanpa_emoji,netral,soraya
W3OiJi8UyUk,user_9e885895244d,False,1759708800,2,netral,0.7978,netral,tanpa_emoji,netral,soraya
W3OiJi8UyUk,user_08f4e76cc319,False,1696550400,0,positif,0.9903,positif,tanpa_emoji,positif,soraya
W3OiJi8UyUk,user_82147d7c621e,False,1696550400,1,negatif,0.7968,positif,tanpa_emoji,negatif,soraya
W3OiJi8UyUk,user_af8480790e50,False,1696550400,0,netral,0.5913,netral,tanpa_emoji,netral,soraya
W3OiJi8UyUk,user_e5fc2cf24585,False,1696550400,0,positif,0.9962,positif,tanpa_emoji,positif,soraya
W3OiJi8UyUk,user_6049e1bbea0e,False,1696550400,0,positif,0.4418,netral,tanpa_emoji,positif,soraya
W3OiJi8UyUk,user_4facbd650114,False,1696550400,1,positif,0.921,positif,tanpa_emoji,positif,soraya
W3OiJi8UyUk,user_1b9680007ca2,False,1696550400,0,positif,0.7689,netral,netral,positif,soraya
W3OiJi8UyUk,user_2c53e0dcec21,False,1696550400,0,negatif,0.9823,netral,tanpa_emoji,negatif,soraya
W3OiJi8UyUk,user_3eb64f9c2be7,False,1696550400,1,positif,0.9889,positif,positif,positif,soraya
W3OiJi8UyUk,user_834493282e3d,False,1696550400,0,negatif,0.4152,netral,tanpa_emoji,negatif,soraya
W3OiJi8UyUk,user_2f3f6a328232,False,1696550400,0,positif,0.9628,positif,tanpa_emoji,positif,soraya
W3OiJi8UyUk,user_7e63137568fc,False,1696550400,0,negatif,0.4863,netral,tanpa_emoji,negatif,soraya
W3OiJi8UyUk,user_b8382a31275a,False,1696550400,1,positif,0.9779,positif,netral,positif,soraya
W3OiJi8UyUk,user_8c40fb16cdcc,False,1696550400,0,negatif,0.38,positif,positif,positif,soraya
W3OiJi8UyUk,user_ec8e8811190b,False,1696550400,1,positif,0.9919,netral,tanpa_emoji,positif,soraya
W3OiJi8UyUk,user_f20996eaed53,False,1696550400,1,positif,0.6188,negatif,negatif,positif,soraya
W3OiJi8UyUk,user_4bdb212201f7,False,1696550400,0,positif,0.9608,positif,tanpa_emoji,positif,soraya
W3OiJi8UyUk,user_82ec0d892684,False,1696550400,1,positif,0.9949,positif,tanpa_emoji,positif,soraya
W3OiJi8UyUk,user_8486d089aa78,False,1696550400,2,positif,0.9974,netral,tanpa_emoji,positif,soraya
W3OiJi8UyUk,user_15fd0bb07d7c,False,1696550400,0,negatif,0.7481,netral,tanpa_emoji,negatif,soraya
W3OiJi8UyUk,user_3b696ff0c78c,False,1696550400,0,negatif,0.7453,netral,tanpa_emoji,negatif,soraya
W3OiJi8UyUk,user_7a2bbc7c922b,False,1696550400,0,positif,0.9861,positif,tanpa_emoji,positif,soraya
W3OiJi8UyUk,user_057a352262ef,False,1696550400,0,negatif,0.9675,netral,tanpa_emoji,negatif,soraya
W3OiJi8UyUk,user_baf9b88297a0,False,1696550400,0,positif,0.9792,positif,tanpa_emoji,positif,soraya
W3OiJi8UyUk,user_9b12ff9fb4fd,False,1696550400,0,positif,0.3804,netral,tanpa_emoji,positif,soraya
W3OiJi8UyUk,user_da55513e4eef,False,1696550400,0,netral,0.8352,netral,tanpa_emoji,netral,soraya
W3OiJi8UyUk,user_5558a1cdfdca,False,1696550400,0,positif,0.9937,positif,tanpa_emoji,positif,soraya
W3OiJi8UyUk,user_88c0fc3f22e5,False,1696550400,0,negatif,0.9912,positif,tanpa_emoji,negatif,soraya
W3OiJi8UyUk,user_5c0095289b6d,False,1696550400,0,negatif,0.9115,positif,tanpa_emoji,negatif,soraya
W3OiJi8UyUk,user_89f7e45f90a3,False,1696550400,0,positif,0.6746,netral,netral,positif,soraya
W3OiJi8UyUk,user_4e8ff268cea1,False,1696550400,0,negatif,0.9898,negatif,tanpa_emoji,negatif,soraya
W3OiJi8UyUk,user_2dbb16877861,False,1696550400,0,negatif,0.9886,netral,tanpa_emoji,negatif,soraya
W3OiJi8UyUk,user_00b621657f6b,False,1696550400,0,positif,0.9462,positif,tanpa_emoji,positif,soraya
W3OiJi8UyUk,user_f918ea995061,False,1696550400,1,positif,0.996,positif,tanpa_emoji,positif,soraya
W3OiJi8UyUk,user_ab05b58015b1,False,1696550400,0,positif,0.9607,netral,tanpa_emoji,positif,soraya
W3OiJi8UyUk,user_ca0fa9500d56,False,1696550400,0,positif,0.995,positif,tanpa_emoji,positif,soraya
W3OiJi8UyUk,user_c855d5a6b8f7,False,1696550400,0,positif,0.998,positif,positif,positif,soraya
W3OiJi8UyUk,user_68c02bc1ca15,False,1696550400,0,netral,0.7316,netral,tanpa_emoji,netral,soraya
W3OiJi8UyUk,user_ed589d89f166,False,1696550400,0,positif,0.9155,netral,tanpa_emoji,positif,soraya
W3OiJi8UyUk,user_c280f47e6967,False,1696550400,0,negatif,0.9955,negatif,tanpa_emoji,negatif,soraya
W3OiJi8UyUk,user_340cd7e92197,False,1696550400,2,positif,0.9972,netral,tanpa_emoji,positif,soraya
W3OiJi8UyUk,user_e84c09c8ef60,False,1759708800,0,positif,0.6615,positif,tanpa_emoji,positif,soraya
W3OiJi8UyUk,user_634d287c798e,False,1696550400,1,positif,0.5563,netral,tanpa_emoji,positif,soraya
W3OiJi8UyUk,user_7e8972108e68,False,1696550400,0,positif,0.9948,positif,tanpa_emoji,positif,soraya
W3OiJi8UyUk,user_c368b88a89ca,False,1696550400,0,negatif,0.9968,netral,tanpa_emoji,negatif,soraya
W3OiJi8UyUk,user_5f90ba007357,False,1696550400,1,negatif,0.9963,netral,tanpa_emoji,negatif,soraya
W3OiJi8UyUk,user_c0f99f3a00b1,False,1696550400,0,negatif,0.8918,netral,tanpa_emoji,negatif,soraya
W3OiJi8UyUk,user_4b8613a99ced,False,1696550400,1,positif,0.9917,positif,tanpa_emoji,positif,soraya
W3OiJi8UyUk,user_c242a489f99e,False,1696550400,0,positif,0.7924,netral,netral,positif,soraya
W3OiJi8UyUk,user_842673c21ff7,False,1696550400,0,positif,0.7127,positif,positif,positif,soraya
W3OiJi8UyUk,user_c206bc8709a3,False,1696550400,0,positif,0.9919,positif,positif,positif,soraya
W3OiJi8UyUk,user_3774ebbb4be5,False,1696550400,0,negatif,0.9992,netral,netral,negatif,soraya
W3OiJi8UyUk,user_3b6c81d33e48,False,1696550400,0,positif,0.9969,netral,tanpa_emoji,positif,soraya
W3OiJi8UyUk,user_92cac058f3f2,False,1696550400,0,positif,0.9906,positif,tanpa_emoji,positif,soraya
W3OiJi8UyUk,user_2ca9d1e62070,False,1696550400,0,negatif,0.9308,netral,tanpa_emoji,negatif,soraya
W3OiJi8UyUk,user_653907c35ef0,False,1696550400,0,positif,0.9865,positif,tanpa_emoji,positif,soraya
W3OiJi8UyUk,user_709bd25fe5be,False,1696550400,0,negatif,0.9985,negatif,tanpa_emoji,negatif,soraya
W3OiJi8UyUk,user_525510f86dae,False,1696550400,1,positif,0.9966,positif,tanpa_emoji,positif,soraya
W3OiJi8UyUk,user_24db6736511b,False,1696550400,0,negatif,0.972,netral,netral,negatif,soraya
W3OiJi8UyUk,user_cf8ed4935741,False,1696550400,1,negatif,0.4258,netral,tanpa_emoji,negatif,soraya
W3OiJi8UyUk,user_c8ec96107bca,False,1728172800,0,negatif,0.9807,netral,tanpa_emoji,negatif,soraya
W3OiJi8UyUk,user_bb04773c9987,False,1696550400,0,positif,0.9963,positif,tanpa_emoji,positif,soraya
W3OiJi8UyUk,user_ddb320e43bd3,False,1696550400,0,negatif,0.928,netral,tanpa_emoji,negatif,soraya
W3OiJi8UyUk,user_80e4b10c0aef,False,1696550400,0,positif,0.9404,positif,tanpa_emoji,positif,soraya
W3OiJi8UyUk,user_6cadb40285af,False,1696550400,0,negatif,0.4209,positif,positif,positif,soraya
W3OiJi8UyUk,user_26396812f871,False,1696550400,0,netral,0.4614,netral,tanpa_emoji,netral,soraya
W3OiJi8UyUk,user_346c414a99b1,False,1759708800,1,netral,0.4621,netral,netral,netral,soraya
W3OiJi8UyUk,user_b082b1795326,False,1696550400,0,negatif,0.9929,netral,tanpa_emoji,negatif,soraya
W3OiJi8UyUk,user_a0a25e4514fd,False,1696550400,0,negatif,0.5626,netral,tanpa_emoji,negatif,soraya
W3OiJi8UyUk,user_343c67b544ce,False,1696550400,0,negatif,0.7892,positif,tanpa_emoji,negatif,soraya
W3OiJi8UyUk,user_d56ffe828076,False,1696550400,0,negatif,0.7742,netral,tanpa_emoji,negatif,soraya
W3OiJi8UyUk,user_157be9c8148c,False,1696550400,0,negatif,0.9955,positif,netral,negatif,soraya
W3OiJi8UyUk,user_81d3042b7469,False,1696550400,0,negatif,0.6401,positif,tanpa_emoji,negatif,soraya
W3OiJi8UyUk,user_35c8071fde34,False,1696550400,1,negatif,0.7589,netral,tanpa_emoji,negatif,soraya
W3OiJi8UyUk,user_d22e3be340a2,False,1696550400,0,negatif,0.6119,netral,tanpa_emoji,negatif,soraya
W3OiJi8UyUk,user_48819c4558b2,False,1696550400,2,negatif,0.9831,positif,netral,negatif,soraya
W3OiJi8UyUk,user_5ff427d65a91,False,1696550400,0,negatif,0.6761,netral,tanpa_emoji,negatif,soraya
W3OiJi8UyUk,user_ec45527dcbbe,False,1696550400,0,negatif,0.982,netral,tanpa_emoji,negatif,soraya
W3OiJi8UyUk,user_d63e4b242f42,False,1696550400,0,negatif,0.4735,netral,tanpa_emoji,negatif,soraya
W3OiJi8UyUk,user_76a59341541d,False,1696550400,0,positif,0.9773,netral,tanpa_emoji,positif,soraya
W3OiJi8UyUk,user_93ed60ca232b,False,1696550400,0,positif,0.8868,netral,tanpa_emoji,positif,soraya
W3OiJi8UyUk,user_c32bd1d4a1dd,False,1696550400,1,negatif,0.8215,positif,tanpa_emoji,negatif,soraya
W3OiJi8UyUk,user_92cac058f3f2,False,1696550400,0,positif,0.9985,positif,tanpa_emoji,positif,soraya
W3OiJi8UyUk,user_0b5b1d42b4f9,False,1696550400,0,negatif,0.773,negatif,netral,negatif,soraya
W3OiJi8UyUk,user_2a25b61cd7dd,False,1696550400,0,negatif,0.7391,positif,positif,negatif,soraya
W3OiJi8UyUk,user_39fe23d65d87,False,1696550400,0,positif,0.9931,positif,tanpa_emoji,positif,soraya
W3OiJi8UyUk,user_cf1eb00c6184,False,1696550400,0,negatif,0.7235,netral,netral,negatif,soraya
W3OiJi8UyUk,user_63fbe579dd03,False,1696550400,0,negatif,0.9877,positif,tanpa_emoji,negatif,soraya
W3OiJi8UyUk,user_4e84db2b5b73,False,1696550400,1,negatif,0.9063,positif,positif,negatif,soraya
W3OiJi8UyUk,user_7e6f2b5cc6d4,False,1696550400,0,negatif,0.9607,netral,tanpa_emoji,negatif,soraya
W3OiJi8UyUk,user_12f69a6efa1a,False,1696550400,0,positif,0.847,netral,tanpa_emoji,positif,soraya
W3OiJi8UyUk,user_e52803a4309b,False,1696550400,0,positif,0.9244,netral,tanpa_emoji,positif,soraya
W3OiJi8UyUk,user_2595ac3f2ca8,False,1696550400,0,positif,0.9916,positif,tanpa_emoji,positif,soraya
W3OiJi8UyUk,user_264df76bccd4,False,1696550400,0,negatif,0.9216,negatif,netral,negatif,soraya
W3OiJi8UyUk,user_3e1c4a8a953d,False,1696550400,0,negatif,0.6404,positif,tanpa_emoji,negatif,soraya
W3OiJi8UyUk,user_b3355bfe5710,False,1696550400,0,negatif,0.9531,netral,netral,negatif,soraya
W3OiJi8UyUk,user_da1c0d0fbe49,False,1696550400,0,positif,0.9683,positif,positif,positif,soraya
W3OiJi8UyUk,user_013bdda643df,False,1696550400,0,negatif,0.7615,positif,positif,negatif,soraya
W3OiJi8UyUk,user_8ffa0f41a434,False,1696550400,1,positif,0.9649,positif,tanpa_emoji,positif,soraya
W3OiJi8UyUk,user_4c74d4a6213a,False,1696550400,0,positif,0.4971,positif,tanpa_emoji,positif,soraya
W3OiJi8UyUk,user_01b7cde81273,False,1696550400,0,positif,0.9931,positif,positif,positif,soraya
W3OiJi8UyUk,user_fd11d5a01035,False,1696550400,0,netral,0.8159,netral,tanpa_emoji,netral,soraya
W3OiJi8UyUk,user_f1d24fac94a2,False,1696550400,2,positif,0.8742,netral,tanpa_emoji,positif,soraya
W3OiJi8UyUk,user_1cc6e2abcccc,False,1696550400,0,positif,0.5952,netral,netral,positif,soraya
W3OiJi8UyUk,user_4ef9ba7712e4,False,1696550400,2,positif,0.9382,netral,tanpa_emoji,positif,soraya
W3OiJi8UyUk,user_0eaa29b76e2b,False,1696550400,1,negatif,0.9972,positif,tanpa_emoji,negatif,soraya
W3OiJi8UyUk,user_c4bc75000a7e,False,1696550400,0,positif,0.9978,positif,tanpa_emoji,positif,soraya
W3OiJi8UyUk,user_4d55e0e6ec57,False,1696550400,0,positif,0.9618,netral,tanpa_emoji,positif,soraya
W3OiJi8UyUk,user_4f2b77c03661,False,1696550400,0,positif,0.9037,netral,tanpa_emoji,positif,soraya
W3OiJi8UyUk,user_6f0ab3c8a780,False,1696550400,1,negatif,0.9722,positif,tanpa_emoji,negatif,soraya
W3OiJi8UyUk,user_617e382fe484,False,1696550400,0,positif,0.681,positif,tanpa_emoji,positif,soraya
W3OiJi8UyUk,user_2e69027d519b,False,1696550400,0,positif,0.5271,positif,positif,positif,soraya
W3OiJi8UyUk,user_66cf97d5c9c7,False,1696550400,0,positif,0.9913,positif,tanpa_emoji,positif,soraya
W3OiJi8UyUk,user_233adcfad03a,False,1696550400,0,positif,0.7335,positif,tanpa_emoji,positif,soraya
W3OiJi8UyUk,user_38c95835b1d1,False,1696550400,0,negatif,0.8043,netral,tanpa_emoji,negatif,soraya
W3OiJi8UyUk,user_1d7c7880f611,False,1696550400,0,positif,0.9916,positif,tanpa_emoji,positif,soraya
W3OiJi8UyUk,user_ec3151df5670,False,1696550400,0,negatif,0.9244,netral,netral,negatif,soraya
W3OiJi8UyUk,user_82b143efda1b,False,1696550400,1,positif,0.9778,positif,netral,positif,soraya
W3OiJi8UyUk,user_26f688939d7c,False,1696550400,1,positif,0.9199,positif,positif,positif,soraya
W3OiJi8UyUk,user_8083ab0ef7de,False,1728172800,0,positif,0.9957,netral,tanpa_emoji,positif,soraya
W3OiJi8UyUk,user_b4ae10757013,False,1696550400,0,netral,0.9849,netral,tanpa_emoji,netral,soraya
W3OiJi8UyUk,user_91f72b155d75,False,1696550400,0,negatif,0.9953,netral,netral,negatif,soraya
W3OiJi8UyUk,user_76691f657599,False,1696550400,0,netral,0.7877,netral,tanpa_emoji,netral,soraya
W3OiJi8UyUk,user_23843681d723,False,1696550400,0,negatif,0.9822,netral,netral,negatif,soraya
W3OiJi8UyUk,user_d950a1138663,False,1696550400,0,positif,0.9925,positif,positif,positif,soraya
W3OiJi8UyUk,user_419e07deb6d9,False,1696550400,0,positif,0.9939,positif,tanpa_emoji,positif,soraya
W3OiJi8UyUk,user_e4ca9d0624e7,False,1728172800,0,netral,0.7828,netral,tanpa_emoji,netral,soraya
W3OiJi8UyUk,user_fb95473327f0,False,1696550400,0,negatif,0.9167,netral,netral,negatif,soraya
W3OiJi8UyUk,user_0e039544224d,False,1696550400,0,negatif,0.6301,netral,tanpa_emoji,negatif,soraya
W3OiJi8UyUk,user_5f005785681b,False,1696550400,0,positif,0.9962,positif,positif,positif,soraya
W3OiJi8UyUk,user_cee36de6fd5b,False,1696550400,0,negatif,0.9844,netral,netral,negatif,soraya
W3OiJi8UyUk,user_c556f6a1603e,False,1696550400,0,positif,0.9754,positif,tanpa_emoji,positif,soraya
W3OiJi8UyUk,user_97cf6170c18b,False,1728172800,0,positif,0.9875,positif,netral,positif,soraya
W3OiJi8UyUk,user_72434577c377,False,1696550400,0,negatif,0.9883,netral,netral,negatif,soraya
W3OiJi8UyUk,user_6f5703cb1da4,False,1696550400,0,negatif,0.9817,positif,tanpa_emoji,negatif,soraya
W3OiJi8UyUk,user_d1cfd040593d,False,1696550400,0,netral,0.5295,netral,tanpa_emoji,netral,soraya
W3OiJi8UyUk,user_c6e137f2208e,False,1696550400,1,positif,0.5508,netral,tanpa_emoji,positif,soraya
W3OiJi8UyUk,user_3c7d63dc9c21,False,1696550400,1,positif,0.9219,positif,tanpa_emoji,positif,soraya
W3OiJi8UyUk,user_7046b5113322,False,1696550400,0,negatif,0.7176,netral,tanpa_emoji,negatif,soraya
W3OiJi8UyUk,user_dc51ad5c6f31,False,1696550400,0,negatif,0.9666,netral,netral,negatif,soraya
W3OiJi8UyUk,user_7902d053a238,False,1696550400,1,negatif,0.9346,positif,tanpa_emoji,negatif,soraya
W3OiJi8UyUk,user_5925e9e90966,False,1696550400,1,negatif,0.9712,netral,netral,negatif,soraya
W3OiJi8UyUk,user_0f7e432c2e23,False,1696550400,0,negatif,0.9536,netral,netral,negatif,soraya
W3OiJi8UyUk,user_c3060c8e1d1b,False,1696550400,0,positif,0.8728,netral,netral,positif,soraya
W3OiJi8UyUk,user_c393080748df,False,1696550400,0,netral,0.9249,netral,tanpa_emoji,netral,soraya
W3OiJi8UyUk,user_1b3d707a2665,False,1696550400,0,negatif,0.5372,positif,positif,positif,soraya
W3OiJi8UyUk,user_6072dc128f90,False,1696550400,0,positif,0.9942,positif,positif,positif,soraya
W3OiJi8UyUk,user_930ea92438bf,False,1696550400,0,positif,0.9956,positif,tanpa_emoji,positif,soraya
W3OiJi8UyUk,user_a40225d06a3d,False,1696550400,1,positif,0.9379,netral,tanpa_emoji,positif,soraya
W3OiJi8UyUk,user_10ff668e4cc4,False,1696550400,0,negatif,0.6297,positif,tanpa_emoji,negatif,soraya
W3OiJi8UyUk,user_bccbc38765bf,False,1696550400,1,positif,0.9981,netral,tanpa_emoji,positif,soraya
W3OiJi8UyUk,user_3bfbdd334e40,False,1696550400,0,positif,0.8924,positif,tanpa_emoji,positif,soraya
W3OiJi8UyUk,user_2cd81ab427c4,False,1759708800,0,negatif,0.7846,positif,positif,positif,soraya
W3OiJi8UyUk,user_034f654c3b2d,False,1728172800,0,negatif,0.8917,netral,tanpa_emoji,negatif,soraya
W3OiJi8UyUk,user_e5679d8124d2,False,1696550400,0,negatif,0.9921,netral,tanpa_emoji,negatif,soraya
W3OiJi8UyUk,user_f562b85130b8,False,1696550400,0,positif,0.9497,positif,positif,positif,soraya
W3OiJi8UyUk,user_eea003a3e6ed,False,1696550400,1,negatif,0.9215,netral,tanpa_emoji,negatif,soraya
W3OiJi8UyUk,user_51ff3c0713a7,False,1696550400,0,positif,0.9853,netral,tanpa_emoji,positif,soraya
W3OiJi8UyUk,user_764274a06f0e,False,1696550400,0,negatif,0.9674,positif,positif,positif,soraya
W3OiJi8UyUk,user_4833030bba5e,False,1696550400,0,negatif,0.6863,positif,netral,negatif,soraya
W3OiJi8UyUk,user_c4aa8a44cba9,False,1696550400,0,positif,0.9896,positif,positif,positif,soraya
W3OiJi8UyUk,user_c4f73805e579,False,1728172800,0,netral,0.9717,netral,tanpa_emoji,netral,soraya
W3OiJi8UyUk,user_ab2781aba256,False,1696550400,0,negatif,0.862,netral,tanpa_emoji,negatif,soraya
W3OiJi8UyUk,user_c8157e21ce69,False,1696550400,1,negatif,0.7119,negatif,tanpa_emoji,negatif,soraya
W3OiJi8UyUk,user_1d438cc8a197,False,1696550400,0,negatif,0.6935,netral,tanpa_emoji,negatif,soraya
WPljV8uKnYk,user_4f860f857817,False,1759708800,0,positif,0.7967,netral,tanpa_emoji,positif,soraya
WPljV8uKnYk,user_d6bde053d87d,False,1759708800,3,negatif,0.9953,netral,tanpa_emoji,negatif,soraya
WPljV8uKnYk,user_638c713e7902,False,1759708800,1,negatif,0.9967,netral,tanpa_emoji,negatif,soraya
WPljV8uKnYk,user_3ed0674522b6,False,1759708800,1,positif,0.7079,netral,tanpa_emoji,positif,soraya
WPljV8uKnYk,user_a542631284de,False,1759708800,2,positif,0.9049,positif,positif,positif,soraya
WPljV8uKnYk,user_a86f2cca6ce7,False,1759708800,1,netral,0.6364,netral,tanpa_emoji,netral,soraya
WPljV8uKnYk,user_41d718cb3e57,False,1759708800,2,negatif,0.9399,netral,tanpa_emoji,negatif,soraya
WPljV8uKnYk,user_36506f48cb9e,False,1772755200,0,negatif,0.7771,netral,tanpa_emoji,negatif,soraya
WPljV8uKnYk,user_fc0b46cb742f,False,1759708800,9,negatif,0.9507,positif,tanpa_emoji,negatif,soraya
WPljV8uKnYk,user_21b87b642264,True,1759708800,1,negatif,0.6914,netral,netral,negatif,soraya
WPljV8uKnYk,user_9a584277d9cd,True,1764979200,0,negatif,0.5046,netral,tanpa_emoji,negatif,soraya
WPljV8uKnYk,user_959e64b6160f,False,1759708800,0,negatif,0.9217,negatif,tanpa_emoji,negatif,soraya
WPljV8uKnYk,user_a9c76afe6708,False,1759708800,0,negatif,0.8114,netral,tanpa_emoji,negatif,soraya
WPljV8uKnYk,user_31572ed29e10,False,1764979200,0,negatif,0.9673,negatif,netral,negatif,soraya
WPljV8uKnYk,user_3756589792df,False,1759708800,1,positif,0.9912,netral,netral,positif,soraya
WPljV8uKnYk,user_f6c5bfc60e4a,True,1759708800,0,positif,0.9329,netral,netral,positif,soraya
WPljV8uKnYk,user_1492887dd2aa,False,1759708800,0,netral,0.5332,negatif,tanpa_emoji,netral,soraya
WPljV8uKnYk,user_0f9a7ccc7ad7,True,1759708800,0,negatif,0.9771,netral,tanpa_emoji,negatif,soraya
WPljV8uKnYk,user_64062036bdeb,False,1759708800,0,negatif,0.9983,negatif,netral,negatif,soraya
WPljV8uKnYk,user_19521c1f2b52,True,1759708800,0,netral,0.9525,netral,tanpa_emoji,netral,soraya
WPljV8uKnYk,user_1cdcb778572d,False,1759708800,0,negatif,0.9983,netral,tanpa_emoji,negatif,soraya
_vHlSlQ5QOY,user_52e6e4bb28c0,False,1696550400,39,positif,0.8843,negatif,tanpa_emoji,positif,soraya
_vHlSlQ5QOY,user_09c368cda703,True,1696550400,1,positif,0.968,positif,tanpa_emoji,positif,soraya
_vHlSlQ5QOY,user_9cdd7678661c,False,1696550400,13,positif,0.7558,netral,tanpa_emoji,positif,soraya
_vHlSlQ5QOY,user_649dc1600384,False,1696550400,17,positif,0.848,positif,positif,positif,soraya
_vHlSlQ5QOY,user_776d66fc15b7,False,1696550400,22,positif,0.9984,netral,positif,positif,soraya
_vHlSlQ5QOY,user_aeecd48873ac,False,1696550400,13,positif,0.9662,positif,positif,positif,soraya
_vHlSlQ5QOY,user_718dc82e707b,False,1696550400,9,positif,0.9953,positif,positif,positif,soraya
_vHlSlQ5QOY,user_7dc1bc16fc9b,False,1696550400,61,positif,0.7631,positif,positif,positif,soraya
_vHlSlQ5QOY,user_774c61dda7e2,True,1696550400,0,negatif,0.7187,netral,tanpa_emoji,negatif,soraya
_vHlSlQ5QOY,user_aa0310dd94a0,False,1696550400,9,positif,0.7905,positif,tanpa_emoji,positif,soraya
_vHlSlQ5QOY,user_9a35a3ad446b,False,1696550400,10,positif,0.9941,positif,tanpa_emoji,positif,soraya
_vHlSlQ5QOY,user_f5c1513e0719,False,1696550400,5,positif,0.9463,positif,tanpa_emoji,positif,soraya
_vHlSlQ5QOY,user_19c400c8b2da,False,1696550400,5,positif,0.9507,positif,positif,positif,soraya
_vHlSlQ5QOY,user_2e1ecc66c9cb,False,1696550400,7,negatif,0.997,positif,positif,negatif,soraya
_vHlSlQ5QOY,user_5f0f2e60d539,False,1696550400,4,negatif,0.7037,positif,tanpa_emoji,negatif,soraya
_vHlSlQ5QOY,user_ebc20e453dff,False,1696550400,4,negatif,0.9051,negatif,positif,negatif,soraya
_vHlSlQ5QOY,user_542332b263f9,False,1696550400,10,positif,0.996,positif,positif,positif,soraya
_vHlSlQ5QOY,user_317f8f81b6fb,False,1696550400,4,negatif,0.9416,netral,tanpa_emoji,negatif,soraya
_vHlSlQ5QOY,user_723d47d6bfef,False,1696550400,8,positif,0.9945,positif,tanpa_emoji,positif,soraya
_vHlSlQ5QOY,user_bcfd98995de8,False,1696550400,5,positif,0.9963,positif,tanpa_emoji,positif,soraya
_vHlSlQ5QOY,user_a8069b4362d8,False,1696550400,5,positif,0.9875,netral,netral,positif,soraya
_vHlSlQ5QOY,user_7af1919c34ef,False,1696550400,19,positif,0.9328,positif,tanpa_emoji,positif,soraya
_vHlSlQ5QOY,user_667abafab4df,False,1696550400,6,positif,0.9885,positif,tanpa_emoji,positif,soraya
_vHlSlQ5QOY,user_1e7a99d3d769,False,1696550400,5,positif,0.9967,positif,tanpa_emoji,positif,soraya
_vHlSlQ5QOY,user_bc7586666dc3,False,1696550400,7,negatif,0.9959,positif,positif,negatif,soraya
_vHlSlQ5QOY,user_1bf8a35db0cf,False,1696550400,2,negatif,0.9537,negatif,tanpa_emoji,negatif,soraya
_vHlSlQ5QOY,user_2dbb16877861,False,1696550400,3,negatif,0.5706,positif,tanpa_emoji,negatif,soraya
_vHlSlQ5QOY,user_a5f5843d0a96,False,1696550400,4,positif,0.9858,negatif,tanpa_emoji,positif,soraya
_vHlSlQ5QOY,user_3273ccafa61c,False,1696550400,3,negatif,0.9797,netral,tanpa_emoji,negatif,soraya
_vHlSlQ5QOY,user_ceaf65dfb9b0,False,1696550400,3,negatif,0.8564,netral,tanpa_emoji,negatif,soraya
_vHlSlQ5QOY,user_23fd23285152,False,1696550400,2,negatif,0.9271,positif,tanpa_emoji,negatif,soraya
_vHlSlQ5QOY,user_cad4a7bbbd02,False,1696550400,4,positif,0.9189,positif,positif,positif,soraya
_vHlSlQ5QOY,user_24021405f2cd,False,1696550400,4,positif,0.9984,positif,positif,positif,soraya
_vHlSlQ5QOY,user_d268afef41d7,False,1696550400,165,positif,0.9915,positif,positif,positif,soraya
_vHlSlQ5QOY,user_723d47d6bfef,True,1696550400,4,negatif,0.9395,netral,tanpa_emoji,negatif,soraya
_vHlSlQ5QOY,user_96f01fe9863a,True,1696550400,1,negatif,0.9947,netral,tanpa_emoji,negatif,soraya
_vHlSlQ5QOY,user_d268afef41d7,True,1696550400,1,negatif,0.995,negatif,tanpa_emoji,negatif,soraya
_vHlSlQ5QOY,user_b5cc9230019c,True,1696550400,1,netral,0.9256,netral,tanpa_emoji,netral,soraya
_vHlSlQ5QOY,user_d268afef41d7,True,1696550400,1,negatif,0.9894,netral,tanpa_emoji,negatif,soraya
_vHlSlQ5QOY,user_96f01fe9863a,True,1696550400,1,negatif,0.9715,positif,tanpa_emoji,negatif,soraya
_vHlSlQ5QOY,user_ecf0e77565e2,True,1696550400,0,negatif,0.9126,netral,tanpa_emoji,negatif,soraya
_vHlSlQ5QOY,user_4779b1c77424,True,1696550400,0,negatif,0.9981,positif,tanpa_emoji,negatif,soraya
_vHlSlQ5QOY,user_64dacc1dbf09,True,1696550400,5,positif,0.9576,positif,positif,positif,soraya
_vHlSlQ5QOY,user_d268afef41d7,True,1696550400,3,negatif,0.9539,netral,tanpa_emoji,negatif,soraya
_vHlSlQ5QOY,user_9c7af72479dd,False,1696550400,28,positif,0.9786,positif,positif,positif,soraya
_vHlSlQ5QOY,user_ef2ef6a3f7a4,False,1696550400,4,positif,0.995,netral,tanpa_emoji,positif,soraya
_vHlSlQ5QOY,user_5ff48899f6ad,False,1696550400,3,positif,0.997,positif,tanpa_emoji,positif,soraya
_vHlSlQ5QOY,user_0458d6fd15fb,False,1696550400,3,positif,0.9331,netral,netral,positif,soraya
_vHlSlQ5QOY,user_35fe73536da0,False,1696550400,3,negatif,0.7464,netral,netral,negatif,soraya
_vHlSlQ5QOY,user_d04d6543906d,False,1696550400,3,negatif,0.9702,positif,tanpa_emoji,negatif,soraya
_vHlSlQ5QOY,user_0b204ecb66d3,False,1696550400,3,positif,0.9518,positif,positif,positif,soraya
_vHlSlQ5QOY,user_118888c050c2,False,1696550400,3,positif,0.994,negatif,tanpa_emoji,positif,soraya
_vHlSlQ5QOY,user_a92ee9c5c5d2,False,1696550400,3,positif,0.922,netral,tanpa_emoji,positif,soraya
_vHlSlQ5QOY,user_c7a7e08c6f85,False,1696550400,2,negatif,0.994,negatif,tanpa_emoji,negatif,soraya
_vHlSlQ5QOY,user_26010cce2eff,False,1696550400,2,positif,0.9981,negatif,tanpa_emoji,positif,soraya
_vHlSlQ5QOY,user_ba35aab46628,False,1696550400,37,positif,0.9974,negatif,tanpa_emoji,positif,soraya
_vHlSlQ5QOY,user_27309750fe20,False,1696550400,2,negatif,0.8472,netral,tanpa_emoji,negatif,soraya
_vHlSlQ5QOY,user_2ca9d1e62070,False,1696550400,1,negatif,0.9705,netral,tanpa_emoji,negatif,soraya
_vHlSlQ5QOY,user_5d26a54f36b5,False,1696550400,2,positif,0.9817,positif,tanpa_emoji,positif,soraya
_vHlSlQ5QOY,user_300e41c601ef,False,1696550400,2,positif,0.9962,positif,positif,positif,soraya
_vHlSlQ5QOY,user_b88a74317eda,False,1696550400,3,positif,0.9854,netral,netral,positif,soraya
_vHlSlQ5QOY,user_6a9e9922dcdd,False,1696550400,5,negatif,0.9317,positif,positif,negatif,soraya
_vHlSlQ5QOY,user_3b2898fca0af,False,1696550400,0,netral,0.8196,netral,tanpa_emoji,netral,soraya
_vHlSlQ5QOY,user_a01dabcb2ef7,False,1696550400,3,positif,0.5312,positif,positif,positif,soraya
_vHlSlQ5QOY,user_aa4d3300134f,False,1696550400,1,negatif,0.9833,negatif,tanpa_emoji,negatif,soraya
_vHlSlQ5QOY,user_c6ff7e74e44f,False,1696550400,258,positif,0.554,netral,tanpa_emoji,positif,soraya
_vHlSlQ5QOY,user_a2b36a79d8b1,True,1696550400,2,negatif,0.8969,netral,netral,negatif,soraya
_vHlSlQ5QOY,user_09212de9fecd,True,1696550400,1,negatif,0.9976,negatif,tanpa_emoji,negatif,soraya
_vHlSlQ5QOY,user_0bdc3363ad45,True,1696550400,1,negatif,0.9936,netral,tanpa_emoji,negatif,soraya
_vHlSlQ5QOY,user_ecf0e77565e2,True,1696550400,0,netral,0.5959,netral,tanpa_emoji,netral,soraya
_vHlSlQ5QOY,user_4e38240de2df,True,1696550400,1,negatif,0.8511,negatif,netral,negatif,soraya
_vHlSlQ5QOY,user_7d5bb5ae2bc2,True,1696550400,1,positif,0.8838,positif,netral,positif,soraya
_vHlSlQ5QOY,user_96f01fe9863a,True,1696550400,0,negatif,0.5525,netral,tanpa_emoji,negatif,soraya
_vHlSlQ5QOY,user_c08e8e85c0a5,True,1696550400,0,negatif,0.9966,positif,netral,negatif,soraya
_vHlSlQ5QOY,user_1fe415b86f7c,True,1696550400,0,positif,0.9023,netral,tanpa_emoji,positif,soraya
_vHlSlQ5QOY,user_8fea35e934b3,True,1696550400,0,positif,0.6873,netral,tanpa_emoji,positif,soraya
_vHlSlQ5QOY,user_5d2c3deb8b93,True,1696550400,0,positif,0.9672,positif,netral,positif,soraya
_vHlSlQ5QOY,user_ff6174ca4aa4,True,1696550400,0,negatif,0.7019,negatif,tanpa_emoji,negatif,soraya
_vHlSlQ5QOY,user_363609ca9640,True,1696550400,0,negatif,0.9974,netral,netral,negatif,soraya
_vHlSlQ5QOY,user_cffe82be23be,True,1696550400,0,negatif,0.9856,netral,tanpa_emoji,negatif,soraya
_vHlSlQ5QOY,user_3bb96ff70cd4,True,1696550400,0,negatif,0.9978,netral,tanpa_emoji,negatif,soraya
_vHlSlQ5QOY,user_96f01fe9863a,True,1696550400,0,negatif,0.7702,positif,tanpa_emoji,negatif,soraya
_vHlSlQ5QOY,user_1f6cbce030cf,True,1696550400,0,positif,0.6213,positif,netral,positif,soraya
_vHlSlQ5QOY,user_b5cc9230019c,True,1696550400,0,negatif,0.6943,netral,tanpa_emoji,negatif,soraya
_vHlSlQ5QOY,user_259c89b333a7,True,1696550400,0,positif,0.5945,positif,tanpa_emoji,positif,soraya
_vHlSlQ5QOY,user_c8b44e056be4,True,1696550400,0,netral,0.9109,netral,tanpa_emoji,netral,soraya
_vHlSlQ5QOY,user_d3b20b0bdd73,True,1696550400,0,negatif,0.7189,netral,netral,negatif,soraya
_vHlSlQ5QOY,user_a27e87522212,True,1696550400,0,negatif,0.769,netral,tanpa_emoji,negatif,soraya
_vHlSlQ5QOY,user_28555b595d1c,True,1696550400,0,negatif,0.9943,positif,tanpa_emoji,negatif,soraya
_vHlSlQ5QOY,user_9756bf01d707,True,1696550400,0,negatif,0.9731,netral,tanpa_emoji,negatif,soraya
_vHlSlQ5QOY,user_07bdfe72244a,True,1696550400,0,negatif,0.9948,netral,tanpa_emoji,negatif,soraya
_vHlSlQ5QOY,user_b3f601b744d1,True,1696550400,0,negatif,0.9909,negatif,tanpa_emoji,negatif,soraya
_vHlSlQ5QOY,user_28d60927d5ac,True,1696550400,0,negatif,0.9467,netral,tanpa_emoji,negatif,soraya
_vHlSlQ5QOY,user_6b015af16ad9,True,1696550400,0,negatif,0.9911,netral,tanpa_emoji,negatif,soraya
_vHlSlQ5QOY,user_ee72c1148a82,True,1696550400,0,negatif,0.9963,netral,tanpa_emoji,negatif,soraya
_vHlSlQ5QOY,user_b9a9e1b1fa8a,True,1696550400,17,negatif,0.9842,netral,netral,negatif,soraya
_vHlSlQ5QOY,user_b93eb0bc9ef7,True,1696550400,2,netral,0.5805,positif,tanpa_emoji,netral,soraya
_vHlSlQ5QOY,user_f43e0e610309,True,1696550400,0,netral,0.9075,netral,tanpa_emoji,netral,soraya
_vHlSlQ5QOY,user_75ae94100c67,True,1696550400,1,netral,0.8181,netral,tanpa_emoji,netral,soraya
_vHlSlQ5QOY,user_a27e87522212,True,1696550400,0,positif,0.5478,positif,tanpa_emoji,positif,soraya
_vHlSlQ5QOY,user_1543baf0ced1,True,1696550400,0,negatif,0.9916,netral,tanpa_emoji,negatif,soraya
_vHlSlQ5QOY,user_28d60927d5ac,True,1696550400,0,netral,0.9929,netral,tanpa_emoji,netral,soraya
_vHlSlQ5QOY,user_94511448280f,True,1696550400,13,netral,0.981,netral,tanpa_emoji,netral,soraya
_vHlSlQ5QOY,user_b9a9e1b1fa8a,True,1696550400,4,negatif,0.6708,negatif,netral,negatif,soraya
_vHlSlQ5QOY,user_43582993085b,True,1696550400,1,negatif,0.9706,netral,tanpa_emoji,negatif,soraya
_vHlSlQ5QOY,user_723d47d6bfef,True,1696550400,2,netral,0.8545,netral,tanpa_emoji,netral,soraya
_vHlSlQ5QOY,user_43582993085b,True,1696550400,1,negatif,0.9087,positif,tanpa_emoji,negatif,soraya
_vHlSlQ5QOY,user_723d47d6bfef,True,1696550400,1,negatif,0.3693,positif,tanpa_emoji,negatif,soraya
_vHlSlQ5QOY,user_1fe415b86f7c,True,1696550400,2,negatif,0.9875,positif,tanpa_emoji,negatif,soraya
_vHlSlQ5QOY,user_105e727934f8,True,1696550400,0,netral,0.9107,negatif,tanpa_emoji,netral,soraya
_vHlSlQ5QOY,user_864a39909692,True,1696550400,0,negatif,0.7704,positif,tanpa_emoji,negatif,soraya
_vHlSlQ5QOY,user_7dc1bc16fc9b,True,1696550400,0,positif,0.9632,positif,tanpa_emoji,positif,soraya
_vHlSlQ5QOY,user_96f01fe9863a,True,1696550400,0,negatif,0.8776,netral,tanpa_emoji,negatif,soraya
_vHlSlQ5QOY,user_020ecad0759b,False,1696550400,2,positif,0.9887,positif,tanpa_emoji,positif,soraya
_vHlSlQ5QOY,user_43e48b65e500,False,1696550400,1,positif,0.9987,positif,positif,positif,soraya
_vHlSlQ5QOY,user_c7a6fa9cf90b,False,1696550400,3,positif,0.9966,positif,positif,positif,soraya
_vHlSlQ5QOY,user_77c9e62340a1,False,1696550400,0,positif,0.9858,positif,tanpa_emoji,positif,soraya
_vHlSlQ5QOY,user_15bf95b20908,False,1696550400,81,positif,0.963,positif,tanpa_emoji,positif,soraya
_vHlSlQ5QOY,user_723d47d6bfef,True,1696550400,1,negatif,0.8133,positif,tanpa_emoji,negatif,soraya
_vHlSlQ5QOY,user_96f01fe9863a,True,1696550400,0,negatif,0.9973,positif,tanpa_emoji,negatif,soraya
_vHlSlQ5QOY,user_15bf95b20908,True,1696550400,1,netral,0.9033,netral,tanpa_emoji,netral,soraya
_vHlSlQ5QOY,user_9364aef8d429,False,1696550400,1,positif,0.9976,negatif,tanpa_emoji,positif,soraya
_vHlSlQ5QOY,user_7ce0ffd700b3,False,1696550400,1,positif,0.9978,positif,tanpa_emoji,positif,soraya
_vHlSlQ5QOY,user_797add4dac0a,False,1696550400,2,negatif,0.9776,netral,tanpa_emoji,negatif,soraya
_vHlSlQ5QOY,user_28b221ce5b56,False,1696550400,1,positif,0.9965,positif,positif,positif,soraya
_vHlSlQ5QOY,user_10be010b5186,False,1696550400,0,positif,0.9884,positif,tanpa_emoji,positif,soraya
_vHlSlQ5QOY,user_23f2333688c6,False,1696550400,1,positif,0.8651,positif,tanpa_emoji,positif,soraya
_vHlSlQ5QOY,user_fec042de0d7b,False,1696550400,3,negatif,0.5273,positif,positif,positif,soraya
_vHlSlQ5QOY,user_79cc80a8f107,False,1696550400,0,positif,0.9931,positif,tanpa_emoji,positif,soraya
_vHlSlQ5QOY,user_a7ea9011af3f,False,1696550400,0,negatif,0.6577,netral,tanpa_emoji,negatif,soraya
_vHlSlQ5QOY,user_95416fcdb4d5,False,1696550400,1,positif,0.8909,netral,tanpa_emoji,positif,soraya
_vHlSlQ5QOY,user_57a25c5cf09d,False,1696550400,0,positif,0.9325,positif,positif,positif,soraya
_vHlSlQ5QOY,user_7d198b646b78,False,1696550400,0,positif,0.9969,negatif,tanpa_emoji,positif,soraya
_vHlSlQ5QOY,user_33fdef25e3e1,False,1696550400,0,netral,0.6651,netral,tanpa_emoji,netral,soraya
_vHlSlQ5QOY,user_5167c14005c3,False,1696550400,2,positif,0.994,positif,tanpa_emoji,positif,soraya
_vHlSlQ5QOY,user_61c94d4a757d,False,1696550400,2,positif,0.5711,positif,netral,positif,soraya
_vHlSlQ5QOY,user_118888c050c2,False,1696550400,0,negatif,0.9424,positif,tanpa_emoji,negatif,soraya
_vHlSlQ5QOY,user_df1764150d08,False,1696550400,1,positif,0.9921,positif,tanpa_emoji,positif,soraya
_vHlSlQ5QOY,user_4447d57bfc64,False,1696550400,1,positif,0.3746,netral,netral,positif,soraya
_vHlSlQ5QOY,user_14744c76be59,False,1696550400,0,negatif,0.9648,netral,tanpa_emoji,negatif,soraya
_vHlSlQ5QOY,user_e74d37300f41,False,1696550400,0,negatif,0.475,positif,positif,positif,soraya
_vHlSlQ5QOY,user_31a4175a734d,False,1696550400,1,negatif,0.9842,positif,tanpa_emoji,negatif,soraya
_vHlSlQ5QOY,user_0808ef77b8ab,False,1696550400,0,positif,0.967,negatif,tanpa_emoji,positif,soraya
_vHlSlQ5QOY,user_b03b53638a97,False,1696550400,1,negatif,0.8852,positif,tanpa_emoji,negatif,soraya
_vHlSlQ5QOY,user_ad9f19432bc5,False,1696550400,1,positif,0.6267,positif,tanpa_emoji,positif,soraya
_vHlSlQ5QOY,user_89fda2fa5355,False,1696550400,1,positif,0.9928,positif,tanpa_emoji,positif,soraya
_vHlSlQ5QOY,user_2d981c4e59e0,False,1696550400,0,positif,0.9945,positif,tanpa_emoji,positif,soraya
_vHlSlQ5QOY,user_873f222aa634,False,1696550400,3,netral,0.4492,positif,positif,positif,soraya
_vHlSlQ5QOY,user_429f0d5b595c,False,1696550400,2,negatif,0.9189,positif,tanpa_emoji,negatif,soraya
_vHlSlQ5QOY,user_b2146a8b9f71,False,1696550400,2,negatif,0.9915,positif,netral,negatif,soraya
_vHlSlQ5QOY,user_213edeabb52f,False,1696550400,0,positif,0.9939,positif,tanpa_emoji,positif,soraya
_vHlSlQ5QOY,user_8edf312102e1,False,1696550400,0,positif,0.9795,positif,netral,positif,soraya
_vHlSlQ5QOY,user_20626e3cb1de,False,1696550400,0,negatif,0.627,netral,tanpa_emoji,negatif,soraya
_vHlSlQ5QOY,user_16d3fc804525,False,1696550400,2,negatif,0.8966,netral,tanpa_emoji,negatif,soraya
_vHlSlQ5QOY,user_8c5512c4d96a,False,1696550400,1,positif,0.9849,positif,tanpa_emoji,positif,soraya
_vHlSlQ5QOY,user_853199df5f26,False,1696550400,0,positif,0.9908,positif,tanpa_emoji,positif,soraya
_vHlSlQ5QOY,user_4053d991ecec,False,1696550400,0,negatif,0.9924,negatif,tanpa_emoji,negatif,soraya
_vHlSlQ5QOY,user_8f93e487e2d5,False,1696550400,0,negatif,0.9876,netral,tanpa_emoji,negatif,soraya
_vHlSlQ5QOY,user_6460d2ba73c1,False,1696550400,1,positif,0.994,positif,tanpa_emoji,positif,soraya
_vHlSlQ5QOY,user_73dd8f21fd9b,False,1696550400,0,positif,0.9706,positif,tanpa_emoji,positif,soraya
_vHlSlQ5QOY,user_86becadeb9c1,False,1696550400,1,positif,0.8336,negatif,tanpa_emoji,positif,soraya
_vHlSlQ5QOY,user_2babe133c78d,False,1696550400,0,negatif,0.7077,positif,positif,negatif,soraya
_vHlSlQ5QOY,user_e580f6fd2796,False,1696550400,0,positif,0.9979,positif,tanpa_emoji,positif,soraya
_vHlSlQ5QOY,user_7b29f5a86ec7,False,1696550400,0,negatif,0.7865,netral,tanpa_emoji,negatif,soraya
_vHlSlQ5QOY,user_fd27258d017c,False,1696550400,0,positif,0.9927,positif,positif,positif,soraya
_vHlSlQ5QOY,user_b96696478a7d,False,1696550400,0,positif,0.9978,positif,positif,positif,soraya
_vHlSlQ5QOY,user_f27cb7a13afa,False,1696550400,0,positif,0.9704,positif,positif,positif,soraya
_vHlSlQ5QOY,user_e4c7c57eb5ea,False,1696550400,0,positif,0.985,positif,positif,positif,soraya
_vHlSlQ5QOY,user_48c2c9fa96ec,False,1696550400,0,positif,0.9416,netral,tanpa_emoji,positif,soraya
_vHlSlQ5QOY,user_0146410d3dfc,False,1696550400,0,positif,0.5668,netral,tanpa_emoji,positif,soraya
_vHlSlQ5QOY,user_e0c5c0f15302,False,1696550400,0,positif,0.9736,positif,tanpa_emoji,positif,soraya
_vHlSlQ5QOY,user_8b3bdfa4966f,False,1696550400,0,positif,0.9702,positif,tanpa_emoji,positif,soraya
_vHlSlQ5QOY,user_50341838f189,False,1696550400,0,positif,0.6709,positif,netral,positif,soraya
_vHlSlQ5QOY,user_567e3e9a3f2e,False,1696550400,0,positif,0.997,positif,tanpa_emoji,positif,soraya
_vHlSlQ5QOY,user_541238655d25,False,1696550400,8,positif,0.9899,netral,tanpa_emoji,positif,soraya
_vHlSlQ5QOY,user_6da02c456dfc,True,1696550400,0,negatif,0.659,netral,tanpa_emoji,negatif,soraya
_vHlSlQ5QOY,user_e7faf0f7ca0c,False,1696550400,0,negatif,0.7459,positif,netral,negatif,soraya
_vHlSlQ5QOY,user_98bdb48521a1,False,1728172800,0,positif,0.9816,positif,positif,positif,soraya
_vHlSlQ5QOY,user_1e2e4cc83d0a,False,1696550400,0,positif,0.9872,positif,tanpa_emoji,positif,soraya
_vHlSlQ5QOY,user_63a5ff487a73,False,1696550400,0,positif,0.9862,positif,tanpa_emoji,positif,soraya
_vHlSlQ5QOY,user_be0182810d89,False,1696550400,0,netral,0.5351,positif,positif,positif,soraya
_vHlSlQ5QOY,user_a41fb990ce0f,False,1696550400,0,positif,0.988,positif,tanpa_emoji,positif,soraya
_vHlSlQ5QOY,user_bc804d163c41,False,1696550400,0,positif,0.9968,positif,tanpa_emoji,positif,soraya
_vHlSlQ5QOY,user_b5948d55b2f0,False,1696550400,0,negatif,0.7843,netral,tanpa_emoji,negatif,soraya
_vHlSlQ5QOY,user_b8eeeaaaea13,False,1696550400,0,negatif,0.9384,netral,netral,negatif,soraya
_vHlSlQ5QOY,user_7c90d735e7e8,False,1696550400,1,positif,0.7099,netral,tanpa_emoji,positif,soraya
_vHlSlQ5QOY,user_7b250d1ac7a2,False,1759708800,0,positif,0.9852,positif,positif,positif,soraya
_vHlSlQ5QOY,user_cf0b95231fb8,False,1696550400,0,negatif,0.7982,netral,tanpa_emoji,negatif,soraya
_vHlSlQ5QOY,user_29a3658f6e9f,False,1696550400,0,positif,0.9951,positif,positif,positif,soraya
_vHlSlQ5QOY,user_4ab0599d4297,False,1696550400,0,negatif,0.4993,netral,tanpa_emoji,negatif,soraya
_vHlSlQ5QOY,user_4fd1b7d7c848,False,1696550400,0,negatif,0.7279,netral,tanpa_emoji,negatif,soraya
_vHlSlQ5QOY,user_23cd319aa461,False,1696550400,21,positif,0.9969,positif,positif,positif,soraya
_vHlSlQ5QOY,user_12ef9e3ffc9f,True,1696550400,1,negatif,0.6501,netral,tanpa_emoji,negatif,soraya
_vHlSlQ5QOY,user_23cd319aa461,True,1696550400,1,netral,0.8921,netral,netral,netral,soraya
_vHlSlQ5QOY,user_4b1c1115415d,False,1696550400,0,positif,0.9827,positif,tanpa_emoji,positif,soraya
_vHlSlQ5QOY,user_6d0e30145203,False,1696550400,0,positif,0.989,positif,positif,positif,soraya
_vHlSlQ5QOY,user_b51edb4979d6,False,1696550400,0,negatif,0.9639,netral,tanpa_emoji,negatif,soraya
_vHlSlQ5QOY,user_cdc1ee1c106b,False,1696550400,0,positif,0.9968,positif,tanpa_emoji,positif,soraya
_vHlSlQ5QOY,user_4193fc0f5079,False,1696550400,0,positif,0.9747,positif,tanpa_emoji,positif,soraya
_vHlSlQ5QOY,user_9b694e8a33fa,False,1696550400,0,positif,0.9893,positif,tanpa_emoji,positif,soraya
_vHlSlQ5QOY,user_0c3465b51410,False,1696550400,0,positif,0.9938,positif,tanpa_emoji,positif,soraya
_vHlSlQ5QOY,user_1d9ced6392f2,False,1696550400,0,positif,0.596,positif,tanpa_emoji,positif,soraya
_vHlSlQ5QOY,user_9c6f70fe5be1,False,1696550400,0,positif,0.9033,positif,tanpa_emoji,positif,soraya
_vHlSlQ5QOY,user_2b3ffbd91b49,False,1696550400,0,netral,0.9578,netral,tanpa_emoji,netral,soraya
_vHlSlQ5QOY,user_a256507c8cd3,False,1696550400,0,negatif,0.5575,netral,tanpa_emoji,negatif,soraya
_vHlSlQ5QOY,user_6bc31b1d06fc,False,1696550400,0,positif,0.9614,netral,tanpa_emoji,positif,soraya
_vHlSlQ5QOY,user_e0b7ce99a981,False,1696550400,1,negatif,0.9286,positif,tanpa_emoji,negatif,soraya
_vHlSlQ5QOY,user_90743babc8f1,False,1696550400,1,netral,0.8352,netral,tanpa_emoji,netral,soraya
_vHlSlQ5QOY,user_5a1e3ab5c42e,False,1696550400,15,negatif,0.7806,positif,positif,negatif,soraya
_vHlSlQ5QOY,user_723d47d6bfef,True,1696550400,0,positif,0.5639,netral,tanpa_emoji,positif,soraya
_vHlSlQ5QOY,user_24099aec8e9c,True,1696550400,0,netral,0.9957,netral,tanpa_emoji,netral,soraya
_vHlSlQ5QOY,user_a07494d59c75,False,1696550400,0,positif,0.9903,positif,netral,positif,soraya
_vHlSlQ5QOY,user_7319a29a5abe,False,1696550400,5,positif,0.7442,positif,tanpa_emoji,positif,soraya
_vHlSlQ5QOY,user_723d47d6bfef,True,1696550400,0,negatif,0.9976,netral,tanpa_emoji,negatif,soraya
_vHlSlQ5QOY,user_ea60ad502908,False,1696550400,0,positif,0.5273,positif,positif,positif,soraya
_vHlSlQ5QOY,user_1fcdee8a57fd,False,1696550400,1,positif,0.9578,positif,positif,positif,soraya
_vHlSlQ5QOY,user_e6f7ec505c86,False,1696550400,1,positif,0.6014,netral,tanpa_emoji,positif,soraya
_vHlSlQ5QOY,user_d8ec99237d9c,False,1696550400,0,negatif,0.9974,positif,tanpa_emoji,negatif,soraya
_vHlSlQ5QOY,user_906a9e60e1dc,False,1696550400,0,netral,0.5725,netral,tanpa_emoji,netral,soraya
_vHlSlQ5QOY,user_b8009ac06f39,False,1696550400,0,positif,0.9629,netral,tanpa_emoji,positif,soraya
_vHlSlQ5QOY,user_b959d3fe7cc0,False,1696550400,0,positif,0.9957,positif,tanpa_emoji,positif,soraya
_vHlSlQ5QOY,user_657899c68d7a,False,1696550400,1,negatif,0.9918,netral,tanpa_emoji,negatif,soraya
_vHlSlQ5QOY,user_ddeeaf4bc01c,False,1696550400,0,negatif,0.9771,netral,tanpa_emoji,negatif,soraya
_vHlSlQ5QOY,user_be1558047826,False,1696550400,0,negatif,0.9986,positif,tanpa_emoji,negatif,soraya
_vHlSlQ5QOY,user_2d05edaf5a43,False,1696550400,0,negatif,0.6983,positif,tanpa_emoji,negatif,soraya
_vHlSlQ5QOY,user_e9d7ac7918db,False,1696550400,0,positif,0.935,positif,positif,positif,soraya
_vHlSlQ5QOY,user_c267a0107b78,False,1696550400,0,negatif,0.5068,positif,tanpa_emoji,negatif,soraya
_vHlSlQ5QOY,user_3383dda54625,False,1696550400,0,positif,0.9314,netral,tanpa_emoji,positif,soraya
_vHlSlQ5QOY,user_9e54bc1cb70d,False,1696550400,0,positif,0.9654,positif,positif,positif,soraya
_vHlSlQ5QOY,user_5c924c5605ea,False,1696550400,0,positif,0.9967,positif,tanpa_emoji,positif,soraya
_vHlSlQ5QOY,user_145781573fbd,False,1696550400,0,positif,0.5496,netral,tanpa_emoji,positif,soraya
_vHlSlQ5QOY,user_21174f32b390,False,1696550400,0,positif,0.7809,positif,tanpa_emoji,positif,soraya
_vHlSlQ5QOY,user_f484bb1fe997,False,1696550400,0,positif,0.93,positif,tanpa_emoji,positif,soraya
_vHlSlQ5QOY,user_9ee0ba5b9933,False,1696550400,0,negatif,0.5907,netral,netral,negatif,soraya
_vHlSlQ5QOY,user_8f2acfeaa40d,False,1696550400,0,positif,0.7901,netral,tanpa_emoji,positif,soraya
_vHlSlQ5QOY,user_14a080434e19,False,1696550400,0,positif,0.9815,positif,netral,positif,soraya
_vHlSlQ5QOY,user_1a49949ec058,False,1696550400,0,positif,0.9918,positif,tanpa_emoji,positif,soraya
_vHlSlQ5QOY,user_b93eb0bc9ef7,False,1696550400,0,negatif,0.5376,netral,tanpa_emoji,negatif,soraya
_vHlSlQ5QOY,user_bf35d35de749,False,1696550400,0,negatif,0.9926,netral,tanpa_emoji,negatif,soraya
_vHlSlQ5QOY,user_014f386718d1,False,1696550400,36,positif,0.9957,positif,tanpa_emoji,positif,soraya
_vHlSlQ5QOY,user_ba3053f506f5,True,1696550400,1,positif,0.5112,positif,tanpa_emoji,positif,soraya
_vHlSlQ5QOY,user_adb7e12d6a5c,True,1696550400,0,negatif,0.9957,positif,tanpa_emoji,negatif,soraya
_vHlSlQ5QOY,user_014f386718d1,True,1696550400,0,negatif,0.9907,netral,tanpa_emoji,negatif,soraya
_vHlSlQ5QOY,user_96f01fe9863a,True,1696550400,0,positif,0.8872,positif,tanpa_emoji,positif,soraya
_vHlSlQ5QOY,user_8d6f3b0e55b5,False,1696550400,0,positif,0.8501,netral,tanpa_emoji,positif,soraya
_vHlSlQ5QOY,user_f872f0e2b1ba,False,1696550400,0,negatif,0.7601,netral,netral,negatif,soraya
_vHlSlQ5QOY,user_36eed515c6d5,False,1696550400,0,positif,0.9913,positif,tanpa_emoji,positif,soraya
_vHlSlQ5QOY,user_f576026015f9,False,1696550400,1,negatif,0.9711,positif,tanpa_emoji,negatif,soraya
_vHlSlQ5QOY,user_4a3d58be8d30,False,1728172800,0,negatif,0.9454,positif,tanpa_emoji,negatif,soraya
_vHlSlQ5QOY,user_83405e97abd9,False,1696550400,0,positif,0.9895,positif,tanpa_emoji,positif,soraya
_vHlSlQ5QOY,user_b508519142b2,False,1696550400,0,negatif,0.6334,positif,tanpa_emoji,negatif,soraya
_vHlSlQ5QOY,user_877b36e197b6,False,1696550400,0,negatif,0.9442,netral,tanpa_emoji,negatif,soraya
_vHlSlQ5QOY,user_5a5707693961,False,1696550400,0,negatif,0.999,negatif,tanpa_emoji,negatif,soraya
_vHlSlQ5QOY,user_139db5d10572,False,1696550400,0,negatif,0.6677,netral,tanpa_emoji,negatif,soraya
_vHlSlQ5QOY,user_67c69ba63489,False,1696550400,0,negatif,0.7378,netral,tanpa_emoji,negatif,soraya
_vHlSlQ5QOY,user_1fa6630e9d94,False,1728172800,0,negatif,0.9005,positif,positif,positif,soraya
_vHlSlQ5QOY,user_1fa6630e9d94,False,1728172800,0,negatif,0.9293,positif,positif,positif,soraya
_vHlSlQ5QOY,user_05c97bad19a0,False,1696550400,1,negatif,0.9934,negatif,netral,negatif,soraya
_vHlSlQ5QOY,user_651b110ca9b6,True,1696550400,0,netral,0.6439,netral,tanpa_emoji,netral,soraya
_vHlSlQ5QOY,user_4445bdb76c51,False,1696550400,0,negatif,0.9343,positif,positif,positif,soraya
_vHlSlQ5QOY,user_e6604df15adc,False,1696550400,0,netral,0.8277,netral,tanpa_emoji,netral,soraya
_vHlSlQ5QOY,user_3774ebbb4be5,False,1696550400,0,negatif,0.8512,netral,tanpa_emoji,negatif,soraya
_vHlSlQ5QOY,user_b8cf43960ced,False,1696550400,0,netral,0.7659,positif,positif,netral,soraya
_vHlSlQ5QOY,user_651b110ca9b6,False,1696550400,0,negatif,0.7475,netral,tanpa_emoji,negatif,soraya
_vHlSlQ5QOY,user_8d3c45b12528,False,1696550400,0,negatif,0.9901,positif,positif,negatif,soraya
_vHlSlQ5QOY,user_2595ac3f2ca8,False,1696550400,0,negatif,0.9273,positif,positif,positif,soraya
_vHlSlQ5QOY,user_98754b991d4a,False,1696550400,0,positif,0.9773,netral,tanpa_emoji,positif,soraya
_vHlSlQ5QOY,user_138d1e8f1eee,False,1696550400,0,positif,0.9632,positif,tanpa_emoji,positif,soraya
_vHlSlQ5QOY,user_bf68d387dde9,False,1696550400,0,negatif,0.9976,positif,netral,negatif,soraya
_vHlSlQ5QOY,user_de111defccf6,False,1696550400,0,negatif,0.9957,netral,tanpa_emoji,negatif,soraya
_vHlSlQ5QOY,user_33fdef25e3e1,False,1696550400,0,netral,0.6651,netral,tanpa_emoji,netral,soraya
_vHlSlQ5QOY,user_1fa6630e9d94,False,1728172800,0,negatif,0.9005,positif,positif,positif,soraya
_vHlSlQ5QOY,user_33fdef25e3e1,False,1696550400,1,netral,0.6651,netral,tanpa_emoji,netral,soraya
_vHlSlQ5QOY,user_df3f0e325bc0,False,1696550400,1,negatif,0.8942,netral,tanpa_emoji,negatif,soraya
_vHlSlQ5QOY,user_c7deca4149ad,False,1696550400,0,positif,0.987,positif,tanpa_emoji,positif,soraya
_vHlSlQ5QOY,user_3e5515f782c4,False,1696550400,0,positif,0.8983,positif,tanpa_emoji,positif,soraya
_vHlSlQ5QOY,user_28555b595d1c,False,1696550400,0,positif,0.968,netral,tanpa_emoji,positif,soraya
_vHlSlQ5QOY,user_4448d2ef954a,False,1696550400,0,negatif,0.9913,netral,tanpa_emoji,negatif,soraya
_vHlSlQ5QOY,user_942af2c4a5be,False,1728172800,0,netral,0.8761,positif,positif,netral,soraya
_vHlSlQ5QOY,user_3c4b85f1f38e,False,1696550400,0,positif,0.9531,positif,tanpa_emoji,positif,soraya
_vHlSlQ5QOY,user_e5c5515dc12f,False,1696550400,1,negatif,0.9284,netral,tanpa_emoji,negatif,soraya
_vHlSlQ5QOY,user_4bba6bac2aa6,False,1696550400,0,positif,0.8555,netral,tanpa_emoji,positif,soraya
_vHlSlQ5QOY,user_24099aec8e9c,False,1696550400,0,positif,0.9165,netral,tanpa_emoji,positif,soraya
_vHlSlQ5QOY,user_e5f6af4c1190,False,1696550400,10,positif,0.9868,positif,netral,positif,soraya
_vHlSlQ5QOY,user_9a0921086e98,True,1696550400,1,negatif,0.9981,positif,positif,negatif,soraya
_vHlSlQ5QOY,user_4b38eec222af,True,1696550400,0,negatif,0.7409,positif,positif,negatif,soraya
_vHlSlQ5QOY,user_e5f6af4c1190,True,1696550400,0,negatif,0.9637,netral,netral,negatif,soraya
_vHlSlQ5QOY,user_698bfcf4f14c,False,1696550400,0,netral,0.6364,netral,tanpa_emoji,netral,soraya
_vHlSlQ5QOY,user_980a1c784e8e,False,1696550400,0,negatif,0.8209,negatif,tanpa_emoji,negatif,soraya
_vHlSlQ5QOY,user_68b670a6c9f6,False,1696550400,0,positif,0.9746,positif,tanpa_emoji,positif,soraya
_vHlSlQ5QOY,user_e6a580e5155d,False,1696550400,0,negatif,0.9967,netral,netral,negatif,soraya
_vHlSlQ5QOY,user_ab05b58015b1,False,1696550400,0,negatif,0.9588,netral,tanpa_emoji,negatif,soraya
_vHlSlQ5QOY,user_10a6c9d4a422,False,1696550400,0,negatif,0.9729,positif,positif,negatif,soraya
_vHlSlQ5QOY,user_2009b2d04d1a,False,1696550400,0,positif,0.8061,positif,netral,positif,soraya
_vHlSlQ5QOY,user_28bf433ec6d7,False,1696550400,0,positif,0.9962,positif,positif,positif,soraya
_vHlSlQ5QOY,user_c54a6b3b95db,True,1696550400,0,negatif,0.6167,netral,tanpa_emoji,negatif,soraya
_vHlSlQ5QOY,user_53325e1da46c,False,1696550400,0,positif,0.9166,positif,positif,positif,soraya
_vHlSlQ5QOY,user_e150bb5dd3ca,False,1696550400,1,positif,0.8973,positif,tanpa_emoji,positif,soraya
_vHlSlQ5QOY,user_d56ffe828076,False,1696550400,0,negatif,0.9972,netral,tanpa_emoji,negatif,soraya
_vHlSlQ5QOY,user_fbdaf74aaa04,False,1696550400,0,negatif,0.9962,negatif,negatif,negatif,soraya
_vHlSlQ5QOY,user_f4a6ca455024,False,1696550400,0,negatif,0.5337,netral,tanpa_emoji,negatif,soraya
_vHlSlQ5QOY,user_a9e0d9aff3a3,False,1696550400,0,negatif,0.9641,positif,tanpa_emoji,negatif,soraya
_vHlSlQ5QOY,user_4768dd950dbe,False,1696550400,0,positif,0.9765,netral,netral,positif,soraya
_vHlSlQ5QOY,user_f1f8bc86a683,False,1696550400,0,positif,0.9245,positif,tanpa_emoji,positif,soraya
_vHlSlQ5QOY,user_5d3debf2fbd5,False,1696550400,0,negatif,0.9977,negatif,netral,negatif,soraya
_vHlSlQ5QOY,user_c7a8b4e14546,False,1696550400,0,netral,0.5879,netral,tanpa_emoji,netral,soraya
_vHlSlQ5QOY,user_118888c050c2,True,1696550400,0,negatif,0.8418,negatif,negatif,negatif,soraya
_vHlSlQ5QOY,user_04c3b01c7d72,False,1696550400,0,positif,0.5742,netral,tanpa_emoji,positif,soraya
_vHlSlQ5QOY,user_b56ef3dd9f70,False,1696550400,0,positif,0.9817,positif,tanpa_emoji,positif,soraya
_vHlSlQ5QOY,user_982935cf2a19,False,1696550400,0,negatif,0.8811,positif,tanpa_emoji,negatif,soraya
_vHlSlQ5QOY,user_4d53e111ce76,False,1696550400,0,positif,0.9984,positif,positif,positif,soraya
_vHlSlQ5QOY,user_ea1208405046,False,1696550400,1,negatif,0.9051,netral,tanpa_emoji,negatif,soraya
_vHlSlQ5QOY,user_70cdb0d99834,False,1696550400,0,negatif,0.8282,netral,tanpa_emoji,negatif,soraya
_vHlSlQ5QOY,user_5ca817c1fd37,False,1728172800,0,negatif,0.9919,positif,tanpa_emoji,negatif,soraya
_vHlSlQ5QOY,user_b8156ff4ad43,False,1696550400,0,positif,0.7396,positif,netral,positif,soraya
_vHlSlQ5QOY,user_38032323ea5e,False,1696550400,0,negatif,0.997,positif,tanpa_emoji,negatif,soraya
_vHlSlQ5QOY,user_f8228d3e7f3c,False,1696550400,1,positif,0.9915,positif,positif,positif,soraya
_vHlSlQ5QOY,user_76dbf1a9dfe5,False,1696550400,1,netral,0.6863,netral,tanpa_emoji,netral,soraya
_vHlSlQ5QOY,user_0d4e53535bff,False,1775433600,0,negatif,0.9686,positif,positif,positif,soraya
_vHlSlQ5QOY,user_831ca25bd6fa,False,1696550400,0,positif,0.7746,positif,positif,positif,soraya
_vHlSlQ5QOY,user_3c9c68c9f8ce,False,1696550400,1,negatif,0.7172,netral,tanpa_emoji,negatif,soraya
_vHlSlQ5QOY,user_28531b7c0c0b,False,1696550400,0,negatif,0.6351,positif,tanpa_emoji,negatif,soraya
_vHlSlQ5QOY,user_24c3155c9677,False,1696550400,0,positif,0.947,positif,tanpa_emoji,positif,soraya
_vHlSlQ5QOY,user_c259b6636fcf,False,1696550400,0,negatif,0.9826,netral,netral,negatif,soraya
_vHlSlQ5QOY,user_b873bfd69e58,False,1696550400,0,positif,0.9689,positif,positif,positif,soraya
_vHlSlQ5QOY,user_bde2cfb3c7c0,False,1696550400,1,negatif,0.996,netral,tanpa_emoji,negatif,soraya
_vHlSlQ5QOY,user_079873d4d119,False,1696550400,0,positif,0.9803,positif,positif,positif,soraya
_vHlSlQ5QOY,user_d1895e36437d,False,1696550400,0,negatif,0.4946,netral,tanpa_emoji,negatif,soraya
_vHlSlQ5QOY,user_db15195dae97,False,1696550400,0,positif,0.8974,netral,tanpa_emoji,positif,soraya
_vHlSlQ5QOY,user_d47c4fd83155,False,1696550400,0,negatif,0.9907,positif,tanpa_emoji,negatif,soraya
_vHlSlQ5QOY,user_ebbff2c2c3c1,False,1696550400,0,netral,0.8013,netral,tanpa_emoji,netral,soraya
_vHlSlQ5QOY,user_a4d7bdbf00f5,False,1696550400,0,negatif,0.9969,positif,tanpa_emoji,negatif,soraya
_vHlSlQ5QOY,user_9a2da580adf0,False,1696550400,0,positif,0.8417,positif,netral,positif,soraya
_vHlSlQ5QOY,user_7dc1bc16fc9b,True,1696550400,0,negatif,0.918,negatif,positif,negatif,soraya
_vHlSlQ5QOY,user_03b70d4d0611,False,1696550400,0,positif,0.9954,positif,positif,positif,soraya
_vHlSlQ5QOY,user_e99c705f044c,False,1696550400,0,negatif,0.9829,netral,netral,negatif,soraya
_vHlSlQ5QOY,user_62de5eaa862e,False,1696550400,0,positif,0.9903,positif,tanpa_emoji,positif,soraya
_vHlSlQ5QOY,user_d8ff2627f035,False,1696550400,0,negatif,0.9089,negatif,tanpa_emoji,negatif,soraya
_vHlSlQ5QOY,user_a5e13c53b347,False,1696550400,0,negatif,0.9984,negatif,tanpa_emoji,negatif,soraya
_vHlSlQ5QOY,user_0c15c8c39ff1,False,1728172800,0,negatif,0.4328,positif,tanpa_emoji,negatif,soraya
_vHlSlQ5QOY,user_1d28e9fb07f9,False,1696550400,0,netral,0.8836,negatif,tanpa_emoji,netral,soraya
_vHlSlQ5QOY,user_0e334580deab,False,1696550400,0,positif,0.965,netral,tanpa_emoji,positif,soraya
_vHlSlQ5QOY,user_dfcb0fa28a29,False,1696550400,1,negatif,0.9949,netral,netral,negatif,soraya
_vHlSlQ5QOY,user_3d84198d590a,False,1728172800,0,negatif,0.7396,netral,tanpa_emoji,negatif,soraya
_vHlSlQ5QOY,user_16ceb9818ead,False,1696550400,0,negatif,0.9934,netral,netral,negatif,soraya
_vHlSlQ5QOY,user_f27cb7a13afa,False,1696550400,0,positif,0.3948,positif,positif,positif,soraya
_vHlSlQ5QOY,user_40b19ffef3e5,False,1696550400,0,positif,0.9734,positif,tanpa_emoji,positif,soraya
_vHlSlQ5QOY,user_72f6721f69f3,False,1696550400,2,negatif,0.9897,netral,tanpa_emoji,negatif,soraya
_vHlSlQ5QOY,user_5d26a54f36b5,True,1696550400,1,negatif,0.9988,positif,tanpa_emoji,negatif,soraya
_vHlSlQ5QOY,user_f263ca3180c4,False,1696550400,0,negatif,0.9846,positif,netral,negatif,soraya
_vHlSlQ5QOY,user_57c477fda95e,False,1696550400,0,negatif,0.9739,netral,tanpa_emoji,negatif,soraya
_vHlSlQ5QOY,user_014f386718d1,True,1696550400,0,negatif,0.9676,netral,netral,negatif,soraya
_vHlSlQ5QOY,user_72eb95e2acba,False,1696550400,0,positif,0.8924,positif,tanpa_emoji,positif,soraya
_vHlSlQ5QOY,user_ce35e1cd3cdb,False,1696550400,0,negatif,0.9484,positif,netral,negatif,soraya
_vHlSlQ5QOY,user_fce4900b3eae,False,1696550400,0,positif,0.9025,positif,positif,positif,soraya
_vHlSlQ5QOY,user_7d5bb5ae2bc2,False,1696550400,1,negatif,0.9927,netral,netral,negatif,soraya
_vHlSlQ5QOY,user_fcf7a3c3ffcf,False,1696550400,0,negatif,0.9455,netral,tanpa_emoji,negatif,soraya
_vHlSlQ5QOY,user_44e247cd65e9,False,1696550400,0,negatif,0.9939,positif,tanpa_emoji,negatif,soraya
_vHlSlQ5QOY,user_be3b2a164f83,False,1696550400,9,negatif,0.4957,netral,positif,positif,soraya
_vHlSlQ5QOY,user_c15448b2718f,True,1696550400,1,negatif,0.9379,netral,tanpa_emoji,negatif,soraya
_vHlSlQ5QOY,user_723d47d6bfef,True,1696550400,1,netral,0.8203,netral,tanpa_emoji,netral,soraya
_vHlSlQ5QOY,user_d21a7a2f62bf,True,1696550400,0,netral,0.5676,netral,tanpa_emoji,netral,soraya
_vHlSlQ5QOY,user_be3b2a164f83,True,1696550400,0,negatif,0.4981,netral,tanpa_emoji,negatif,soraya
_vHlSlQ5QOY,user_431ac93483a1,False,1696550400,0,positif,0.8455,positif,netral,positif,soraya
_vHlSlQ5QOY,user_8d863075a78a,False,1696550400,0,positif,0.9734,positif,tanpa_emoji,positif,soraya
_vHlSlQ5QOY,user_dc438329a8f9,False,1696550400,0,netral,0.9938,netral,tanpa_emoji,netral,soraya
_vHlSlQ5QOY,user_45abc45a520a,False,1696550400,9,positif,0.8582,positif,positif,positif,soraya
_vHlSlQ5QOY,user_79af2dcc95d1,False,1696550400,1,positif,0.5005,netral,tanpa_emoji,positif,soraya
_vHlSlQ5QOY,user_d7b42714a8bc,False,1696550400,1,netral,0.921,netral,tanpa_emoji,netral,soraya
_vHlSlQ5QOY,user_0443c237b763,False,1696550400,0,negatif,0.9937,netral,tanpa_emoji,negatif,soraya
_vHlSlQ5QOY,user_014f386718d1,True,1696550400,0,negatif,0.8396,netral,tanpa_emoji,negatif,soraya
_vHlSlQ5QOY,user_fa8fdc4e322e,False,1696550400,0,positif,0.6847,netral,tanpa_emoji,positif,soraya
_vHlSlQ5QOY,user_fea13179c826,False,1696550400,0,negatif,0.9938,netral,netral,negatif,soraya
_vHlSlQ5QOY,user_addbebcec98c,False,1696550400,0,netral,0.6404,netral,tanpa_emoji,netral,soraya
_vHlSlQ5QOY,user_bbca0b6c945c,False,1696550400,0,positif,0.9976,positif,tanpa_emoji,positif,soraya
_vHlSlQ5QOY,user_f7bc7c7e9f30,True,1696550400,0,negatif,0.6478,netral,tanpa_emoji,negatif,soraya
_vHlSlQ5QOY,user_c30419477c41,False,1696550400,0,netral,0.986,netral,tanpa_emoji,netral,soraya
_vHlSlQ5QOY,user_912d98e89265,False,1696550400,0,negatif,0.5419,netral,tanpa_emoji,negatif,soraya
_vHlSlQ5QOY,user_123474845fe4,False,1728172800,0,negatif,0.8427,positif,tanpa_emoji,negatif,soraya
_vHlSlQ5QOY,user_1685f4e59ca3,False,1696550400,1,positif,0.9952,positif,tanpa_emoji,positif,soraya
_vHlSlQ5QOY,user_e83bad526b47,True,1696550400,0,negatif,0.9598,netral,tanpa_emoji,negatif,soraya
_vHlSlQ5QOY,user_38328b03a6cc,False,1696550400,0,negatif,0.4963,netral,tanpa_emoji,negatif,soraya
_vHlSlQ5QOY,user_b5cc9230019c,False,1696550400,0,negatif,0.9232,netral,tanpa_emoji,negatif,soraya
_vHlSlQ5QOY,user_0eabe2937b70,False,1696550400,0,netral,0.5344,netral,tanpa_emoji,netral,soraya
_vHlSlQ5QOY,user_f7f7e704d7d3,True,1696550400,0,netral,0.9287,netral,tanpa_emoji,netral,soraya
_vHlSlQ5QOY,user_c6a4e847f472,False,1696550400,1,positif,0.8811,positif,positif,positif,soraya
_vHlSlQ5QOY,user_47d51e4f1433,False,1696550400,0,positif,0.9747,positif,tanpa_emoji,positif,soraya
_vHlSlQ5QOY,user_2a68f60e9dd8,False,1696550400,0,negatif,0.5043,positif,tanpa_emoji,negatif,soraya
_vHlSlQ5QOY,user_9a0921086e98,False,1696550400,0,negatif,0.794,netral,netral,negatif,soraya
_vHlSlQ5QOY,user_81093b8c617d,False,1696550400,0,positif,0.6371,positif,tanpa_emoji,positif,soraya
_vHlSlQ5QOY,user_862b1b3c31a8,False,1696550400,0,positif,0.8429,netral,tanpa_emoji,positif,soraya
_vHlSlQ5QOY,user_640fe42616f6,False,1696550400,0,positif,0.9904,negatif,tanpa_emoji,positif,soraya
_vHlSlQ5QOY,user_60145e17eb72,False,1696550400,0,negatif,0.9505,netral,tanpa_emoji,negatif,soraya
_vHlSlQ5QOY,user_3e9792128bf6,False,1696550400,0,netral,0.9719,netral,tanpa_emoji,netral,soraya
_vHlSlQ5QOY,user_b69afc29909b,False,1696550400,0,negatif,0.987,netral,netral,negatif,soraya
_vHlSlQ5QOY,user_267adc5c603a,False,1696550400,0,positif,0.6274,positif,tanpa_emoji,positif,soraya
_vHlSlQ5QOY,user_074bd68785eb,False,1696550400,0,negatif,0.9831,netral,netral,negatif,soraya
_vHlSlQ5QOY,user_3a965e3b8595,False,1696550400,0,positif,0.9862,positif,positif,positif,soraya
_vHlSlQ5QOY,user_9a0921086e98,False,1696550400,1,negatif,0.9977,netral,netral,negatif,soraya
_vHlSlQ5QOY,user_ecf0e77565e2,True,1696550400,0,positif,0.6391,netral,tanpa_emoji,positif,soraya
_vHlSlQ5QOY,user_9a0921086e98,True,1696550400,0,negatif,0.9454,positif,netral,negatif,soraya
_vHlSlQ5QOY,user_68b5289bb4e9,False,1696550400,1,negatif,0.8273,negatif,tanpa_emoji,negatif,soraya
_vHlSlQ5QOY,user_84a114708e06,False,1696550400,0,negatif,0.9984,positif,tanpa_emoji,negatif,soraya
_vHlSlQ5QOY,user_9311e64c0059,False,1696550400,0,netral,0.5971,netral,tanpa_emoji,netral,soraya
_vHlSlQ5QOY,user_046109e673e7,False,1696550400,0,negatif,0.9984,netral,tanpa_emoji,negatif,soraya
_vHlSlQ5QOY,user_4ccd93475215,False,1696550400,0,negatif,0.9945,positif,tanpa_emoji,negatif,soraya
_vHlSlQ5QOY,user_df05a7e18f9e,False,1696550400,0,netral,0.5928,netral,tanpa_emoji,netral,soraya
_vHlSlQ5QOY,user_98a14fd41cf8,False,1696550400,0,negatif,0.9986,netral,netral,negatif,soraya
_vHlSlQ5QOY,user_725c75deeae3,False,1728172800,0,positif,0.4805,netral,tanpa_emoji,positif,soraya
_vHlSlQ5QOY,user_8267e1cf19be,False,1696550400,0,negatif,0.5597,netral,tanpa_emoji,negatif,soraya
_vHlSlQ5QOY,user_88b9efade0a0,False,1728172800,0,positif,0.9404,positif,tanpa_emoji,positif,soraya
_vHlSlQ5QOY,user_3bf4a7ce76e3,False,1696550400,0,negatif,0.5514,negatif,tanpa_emoji,negatif,soraya
_vHlSlQ5QOY,user_57380cb60598,False,1696550400,0,positif,0.9847,netral,tanpa_emoji,positif,soraya
_vHlSlQ5QOY,user_1c28f191697d,False,1696550400,2,positif,0.9921,positif,netral,positif,soraya
_vHlSlQ5QOY,user_b8009ac06f39,True,1696550400,1,negatif,0.6223,positif,tanpa_emoji,negatif,soraya
_vHlSlQ5QOY,user_1c28f191697d,True,1696550400,0,netral,0.9835,netral,tanpa_emoji,netral,soraya
_vHlSlQ5QOY,user_5d6f355df743,False,1696550400,0,positif,0.572,netral,tanpa_emoji,positif,soraya
_vHlSlQ5QOY,user_91ac56e6b84a,False,1696550400,0,negatif,0.9519,netral,tanpa_emoji,negatif,soraya
_vHlSlQ5QOY,user_812ffd74fe3b,False,1767657600,0,positif,0.6885,negatif,tanpa_emoji,positif,soraya
_vHlSlQ5QOY,user_6ae837f74c09,False,1696550400,0,positif,0.8061,positif,tanpa_emoji,positif,soraya
_vHlSlQ5QOY,user_c795bc711704,False,1696550400,0,negatif,0.8703,negatif,tanpa_emoji,negatif,soraya
_vHlSlQ5QOY,user_df1764150d08,True,1696550400,1,negatif,0.9946,netral,netral,negatif,soraya
_vHlSlQ5QOY,user_c795bc711704,True,1696550400,0,negatif,0.9933,netral,netral,negatif,soraya
_vHlSlQ5QOY,user_6f27d6cbe020,False,1696550400,0,negatif,0.9853,positif,tanpa_emoji,negatif,soraya
_vHlSlQ5QOY,user_f0fde25d9ecd,False,1696550400,0,negatif,0.7708,netral,tanpa_emoji,negatif,soraya
_vHlSlQ5QOY,user_bc6817f6f8b0,True,1696550400,0,negatif,0.9206,positif,tanpa_emoji,negatif,soraya
_vHlSlQ5QOY,user_d2f78f7197a2,False,1696550400,5,positif,0.8586,netral,tanpa_emoji,positif,soraya
_vHlSlQ5QOY,user_28531b7c0c0b,True,1696550400,0,netral,0.9083,netral,tanpa_emoji,netral,soraya
_vHlSlQ5QOY,user_4aa98cc1a4f6,False,1696550400,0,positif,0.9658,positif,tanpa_emoji,positif,soraya
_vHlSlQ5QOY,user_28555b595d1c,False,1696550400,0,negatif,0.9884,positif,tanpa_emoji,negatif,soraya
_vHlSlQ5QOY,user_24b9fea55b37,False,1696550400,0,negatif,0.7685,netral,tanpa_emoji,negatif,soraya
_vHlSlQ5QOY,user_8f956f5144de,False,1696550400,0,positif,0.5942,positif,tanpa_emoji,positif,soraya
_vHlSlQ5QOY,user_c08e8e85c0a5,True,1696550400,0,negatif,0.787,netral,tanpa_emoji,negatif,soraya
_vHlSlQ5QOY,user_add074b98501,False,1696550400,0,negatif,0.5182,netral,tanpa_emoji,negatif,soraya
_vHlSlQ5QOY,user_ed041469f1ed,False,1696550400,0,negatif,0.9962,negatif,tanpa_emoji,negatif,soraya
_vHlSlQ5QOY,user_286408683754,False,1696550400,0,negatif,0.6303,netral,netral,negatif,soraya
_vHlSlQ5QOY,user_b18cf111ae85,False,1696550400,0,positif,0.9827,positif,tanpa_emoji,positif,soraya
_vHlSlQ5QOY,user_c08e8e85c0a5,True,1696550400,0,positif,0.5661,netral,tanpa_emoji,positif,soraya
_vHlSlQ5QOY,user_b41ffddf6b35,False,1696550400,0,negatif,0.9985,netral,tanpa_emoji,negatif,soraya
_vHlSlQ5QOY,user_92da36edad5f,False,1696550400,0,positif,0.6281,netral,tanpa_emoji,positif,soraya
_vHlSlQ5QOY,user_2e1f43c5c27f,False,1696550400,0,negatif,0.9972,positif,tanpa_emoji,negatif,soraya
_vHlSlQ5QOY,user_3c87b5acb5b0,False,1696550400,1,negatif,0.4738,netral,tanpa_emoji,negatif,soraya
_vHlSlQ5QOY,user_9a0921086e98,True,1696550400,0,netral,0.9321,negatif,tanpa_emoji,netral,soraya
_vHlSlQ5QOY,user_1447ec40a350,False,1696550400,0,negatif,0.991,netral,tanpa_emoji,negatif,soraya
_vHlSlQ5QOY,user_6b65857dd90e,False,1696550400,0,netral,0.5942,negatif,tanpa_emoji,netral,soraya
_vHlSlQ5QOY,user_c19d8186f69e,False,1696550400,0,positif,0.9951,netral,tanpa_emoji,positif,soraya
_vHlSlQ5QOY,user_edbefc2202ea,False,1696550400,1,negatif,0.9964,positif,tanpa_emoji,negatif,soraya
_vHlSlQ5QOY,user_90d5b1b34363,False,1696550400,0,negatif,0.9952,netral,tanpa_emoji,negatif,soraya
_vHlSlQ5QOY,user_75cfaf16c2b5,False,1696550400,0,netral,0.8596,netral,tanpa_emoji,netral,soraya
_vHlSlQ5QOY,user_d980087c68ce,False,1728172800,0,negatif,0.9717,netral,tanpa_emoji,negatif,soraya
_vHlSlQ5QOY,user_d980087c68ce,False,1728172800,0,negatif,0.9717,netral,tanpa_emoji,negatif,soraya
_vHlSlQ5QOY,user_a312845b1275,False,1696550400,1,negatif,0.9989,netral,tanpa_emoji,negatif,soraya
_vHlSlQ5QOY,user_0f449021798a,False,1696550400,0,negatif,0.9103,netral,tanpa_emoji,negatif,soraya
_vHlSlQ5QOY,user_3273ccafa61c,False,1696550400,0,negatif,0.8863,netral,tanpa_emoji,negatif,soraya
_vHlSlQ5QOY,user_c15448b2718f,False,1696550400,0,negatif,0.9984,netral,tanpa_emoji,negatif,soraya
_vHlSlQ5QOY,user_f3524d32784e,False,1696550400,0,negatif,0.6786,netral,tanpa_emoji,negatif,soraya
_vHlSlQ5QOY,user_12bb49783fe2,False,1696550400,0,negatif,0.9913,netral,netral,negatif,soraya
_vHlSlQ5QOY,user_0d4e53535bff,False,1775433600,0,negatif,0.9032,netral,tanpa_emoji,negatif,soraya
_vHlSlQ5QOY,user_f3120c76714e,False,1696550400,0,positif,0.9984,netral,netral,netral,soraya
_vHlSlQ5QOY,user_ee6ecda9951e,False,1696550400,0,negatif,0.8085,netral,tanpa_emoji,negatif,soraya
_vHlSlQ5QOY,user_d398dff24b2c,False,1696550400,0,negatif,0.7822,netral,tanpa_emoji,negatif,soraya
_vHlSlQ5QOY,user_3d995a700936,False,1696550400,0,negatif,0.8278,negatif,tanpa_emoji,negatif,soraya
_vHlSlQ5QOY,user_c6027a6afcf7,False,1696550400,0,negatif,0.9953,netral,netral,negatif,soraya
_vHlSlQ5QOY,user_5c84560db54a,False,1696550400,0,negatif,0.9991,netral,netral,negatif,soraya
_vHlSlQ5QOY,user_b3f601b744d1,False,1696550400,0,negatif,0.9406,netral,tanpa_emoji,negatif,soraya
_vHlSlQ5QOY,user_de5ab9b5f141,False,1696550400,1,positif,0.923,positif,tanpa_emoji,positif,soraya
_vHlSlQ5QOY,user_29ed51816661,False,1696550400,0,netral,0.4257,netral,tanpa_emoji,netral,soraya
_vHlSlQ5QOY,user_0ae3255b3b19,False,1696550400,0,negatif,0.995,negatif,tanpa_emoji,negatif,soraya
_vHlSlQ5QOY,user_1df19f24c4e7,False,1696550400,0,positif,0.7997,positif,positif,positif,soraya
_vHlSlQ5QOY,user_fecb2cd36a35,False,1696550400,0,negatif,0.9197,netral,tanpa_emoji,negatif,soraya
_vHlSlQ5QOY,user_de7fe57a9bf7,False,1728172800,0,negatif,0.9989,netral,netral,negatif,soraya
_vHlSlQ5QOY,user_18e6b1769a45,False,1696550400,0,negatif,0.87,netral,tanpa_emoji,negatif,soraya
_vHlSlQ5QOY,user_30a1dc603986,False,1696550400,0,negatif,0.9566,negatif,tanpa_emoji,negatif,soraya
_vHlSlQ5QOY,user_bc705d001086,False,1696550400,0,negatif,0.9953,negatif,tanpa_emoji,negatif,soraya
_vHlSlQ5QOY,user_68ab7f9c206c,False,1696550400,0,negatif,0.9951,negatif,tanpa_emoji,negatif,soraya
_vHlSlQ5QOY,user_bb2f1aac2fb2,False,1696550400,0,positif,0.7843,negatif,tanpa_emoji,positif,soraya
_vHlSlQ5QOY,user_cc89a1c9684c,False,1696550400,0,negatif,0.9636,netral,tanpa_emoji,negatif,soraya
_vHlSlQ5QOY,user_24d7a07b086d,False,1696550400,0,negatif,0.9988,negatif,negatif,negatif,soraya
_vHlSlQ5QOY,user_ea13f063c818,False,1696550400,0,negatif,0.9818,positif,tanpa_emoji,negatif,soraya
_vHlSlQ5QOY,user_9bd59ae21e34,False,1696550400,0,negatif,0.9942,positif,tanpa_emoji,negatif,soraya
_vHlSlQ5QOY,user_646025ccf084,False,1696550400,0,negatif,0.9988,netral,tanpa_emoji,negatif,soraya
arzxhCdn4PM,user_483026af7e6a,False,1696550400,90,positif,0.9977,netral,positif,positif,soraya
arzxhCdn4PM,user_3024639e3199,False,1696550400,13,positif,0.9908,positif,netral,positif,soraya
arzxhCdn4PM,user_f6a147169828,False,1696550400,67,positif,0.9862,positif,positif,positif,soraya
arzxhCdn4PM,user_fd0405522258,False,1696550400,356,positif,0.997,positif,tanpa_emoji,positif,soraya
arzxhCdn4PM,user_741d3b8ff636,True,1696550400,4,positif,0.9965,negatif,tanpa_emoji,positif,soraya
arzxhCdn4PM,user_23c0abe75447,True,1696550400,0,netral,0.4958,netral,tanpa_emoji,netral,soraya
arzxhCdn4PM,user_ecf0e77565e2,True,1696550400,1,negatif,0.9672,negatif,tanpa_emoji,negatif,soraya
arzxhCdn4PM,user_ad3f26a7e5f6,True,1728172800,0,negatif,0.8224,positif,tanpa_emoji,negatif,soraya
arzxhCdn4PM,user_ecf0e77565e2,True,1728172800,0,netral,0.944,netral,tanpa_emoji,netral,soraya
arzxhCdn4PM,user_5a7be0e2b51d,True,1696550400,0,positif,0.9956,netral,tanpa_emoji,positif,soraya
arzxhCdn4PM,user_d0d1276f511d,True,1696550400,0,negatif,0.9574,netral,tanpa_emoji,negatif,soraya
arzxhCdn4PM,user_ecf0e77565e2,True,1696550400,0,negatif,0.7362,netral,tanpa_emoji,negatif,soraya
arzxhCdn4PM,user_e31bf2b7fac2,False,1696550400,14,netral,0.5625,positif,positif,positif,soraya
arzxhCdn4PM,user_c6a4e847f472,False,1696550400,13,netral,0.6229,positif,positif,netral,soraya
arzxhCdn4PM,user_542249629584,False,1696550400,486,positif,0.9965,positif,tanpa_emoji,positif,soraya
arzxhCdn4PM,user_112bed8dc5a9,True,1696550400,17,negatif,0.9861,netral,tanpa_emoji,negatif,soraya
arzxhCdn4PM,user_05ab64f7b655,True,1696550400,1,netral,0.7253,negatif,tanpa_emoji,netral,soraya
arzxhCdn4PM,user_930cb8820523,True,1696550400,14,negatif,0.984,netral,netral,negatif,soraya
arzxhCdn4PM,user_88dc8a11a1a9,True,1696550400,3,negatif,0.9465,netral,tanpa_emoji,negatif,soraya
arzxhCdn4PM,user_2d85ff1f9d3f,True,1696550400,22,negatif,0.9024,netral,tanpa_emoji,negatif,soraya
arzxhCdn4PM,user_43cd2109e9a5,True,1696550400,4,negatif,0.9589,netral,tanpa_emoji,negatif,soraya
arzxhCdn4PM,user_9a0758f6624e,True,1696550400,0,netral,0.8038,positif,tanpa_emoji,netral,soraya
arzxhCdn4PM,user_ba5887ba6634,True,1696550400,1,negatif,0.9561,netral,tanpa_emoji,negatif,soraya
arzxhCdn4PM,user_d08007c3a8ba,True,1696550400,1,netral,0.8967,netral,tanpa_emoji,netral,soraya
arzxhCdn4PM,user_ba5887ba6634,True,1696550400,0,negatif,0.9523,negatif,tanpa_emoji,negatif,soraya
arzxhCdn4PM,user_ad3f26a7e5f6,True,1728172800,0,netral,0.6033,netral,tanpa_emoji,netral,soraya
arzxhCdn4PM,user_3ad22bba5361,True,1696550400,0,negatif,0.6193,netral,tanpa_emoji,negatif,soraya
arzxhCdn4PM,user_a5d71bee47d7,True,1696550400,0,positif,0.6194,positif,tanpa_emoji,positif,soraya
arzxhCdn4PM,user_23c0abe75447,True,1696550400,2,positif,0.739,netral,tanpa_emoji,positif,soraya
arzxhCdn4PM,user_dcbe563973df,True,1696550400,0,negatif,0.9465,netral,netral,negatif,soraya
arzxhCdn4PM,user_67281c607db6,True,1696550400,1,negatif,0.8272,positif,tanpa_emoji,negatif,soraya
arzxhCdn4PM,user_a0aa138e8774,True,1696550400,0,netral,0.9283,netral,tanpa_emoji,netral,soraya
arzxhCdn4PM,user_c7646cdbf3fd,True,1696550400,1,negatif,0.6308,netral,tanpa_emoji,negatif,soraya
arzxhCdn4PM,user_b94edf318e34,True,1696550400,1,positif,0.7941,positif,tanpa_emoji,positif,soraya
arzxhCdn4PM,user_cb3a65b0923d,True,1696550400,0,netral,0.5166,netral,tanpa_emoji,netral,soraya
arzxhCdn4PM,user_3beeea29d8c3,True,1696550400,0,negatif,0.998,positif,tanpa_emoji,negatif,soraya
arzxhCdn4PM,user_f28eb8ba17d6,True,1696550400,0,negatif,0.517,netral,tanpa_emoji,negatif,soraya
arzxhCdn4PM,user_1ffceff6e30a,True,1696550400,0,negatif,0.958,netral,tanpa_emoji,negatif,soraya
arzxhCdn4PM,user_0718dc99401a,False,1696550400,12,positif,0.998,positif,positif,positif,soraya
arzxhCdn4PM,user_51c41a9d1465,False,1696550400,52,positif,0.8726,positif,positif,positif,soraya
arzxhCdn4PM,user_d268afef41d7,False,1696550400,9,positif,0.9753,netral,tanpa_emoji,positif,soraya
arzxhCdn4PM,user_523f75684a4a,False,1696550400,13,negatif,0.5038,positif,tanpa_emoji,negatif,soraya
arzxhCdn4PM,user_5d00e81450f0,False,1696550400,5,netral,0.8882,positif,positif,netral,soraya
arzxhCdn4PM,user_ec15ee12c2f9,False,1696550400,111,positif,0.9948,positif,positif,positif,soraya
arzxhCdn4PM,user_e8736390cd31,True,1696550400,2,negatif,0.7603,netral,tanpa_emoji,negatif,soraya
arzxhCdn4PM,user_7bf98bd9b0b6,False,1696550400,62,positif,0.9966,positif,positif,positif,soraya
arzxhCdn4PM,user_a5d10c7c330e,True,1696550400,0,negatif,0.7846,positif,positif,positif,soraya
arzxhCdn4PM,user_f69208ad4ab1,False,1696550400,11,negatif,0.9979,negatif,tanpa_emoji,negatif,soraya
arzxhCdn4PM,user_3d23b4a4a1e9,False,1696550400,10,negatif,0.923,positif,positif,negatif,soraya
arzxhCdn4PM,user_323aaac9a5a6,False,1696550400,5,netral,0.9036,positif,positif,netral,soraya
arzxhCdn4PM,user_02507c6576a3,False,1696550400,8,positif,0.9483,netral,tanpa_emoji,positif,soraya
arzxhCdn4PM,user_6d0e30145203,False,1696550400,15,positif,0.9987,positif,positif,positif,soraya
arzxhCdn4PM,user_4599a2eb102e,False,1696550400,55,positif,0.985,positif,positif,positif,soraya
arzxhCdn4PM,user_4e99f9a58c66,False,1696550400,7,positif,0.9693,positif,positif,positif,soraya
arzxhCdn4PM,user_452c29ddd43e,False,1696550400,67,positif,0.9876,positif,tanpa_emoji,positif,soraya
arzxhCdn4PM,user_67e06c032c3b,True,1696550400,1,negatif,0.9328,netral,tanpa_emoji,negatif,soraya
arzxhCdn4PM,user_4b396e2c580d,True,1696550400,0,positif,0.7169,netral,tanpa_emoji,positif,soraya
arzxhCdn4PM,user_23c0abe75447,True,1696550400,1,negatif,0.8572,negatif,tanpa_emoji,negatif,soraya
arzxhCdn4PM,user_09bc7e4e45e8,True,1696550400,0,negatif,0.8373,netral,tanpa_emoji,negatif,soraya
arzxhCdn4PM,user_c9557a104e32,True,1696550400,0,negatif,0.8615,netral,tanpa_emoji,negatif,soraya
arzxhCdn4PM,user_28365f31d405,True,1696550400,0,negatif,0.8953,netral,tanpa_emoji,negatif,soraya
arzxhCdn4PM,user_fb2a1ea6d15b,False,1696550400,11,positif,0.9844,positif,tanpa_emoji,positif,soraya
arzxhCdn4PM,user_69583b073774,False,1696550400,10,negatif,0.9423,positif,netral,negatif,soraya
arzxhCdn4PM,user_e4d215e43e6a,False,1696550400,17,positif,0.6802,positif,positif,positif,soraya
arzxhCdn4PM,user_33fa0e44dce7,True,1696550400,2,negatif,0.5375,positif,tanpa_emoji,negatif,soraya
arzxhCdn4PM,user_81ec249a2e0a,False,1696550400,8,positif,0.9936,positif,positif,positif,soraya
arzxhCdn4PM,user_014f386718d1,False,1696550400,5,positif,0.9859,positif,tanpa_emoji,positif,soraya
arzxhCdn4PM,user_e66beaaa1582,False,1696550400,34,netral,0.7165,positif,positif,netral,soraya
arzxhCdn4PM,user_723d47d6bfef,True,1696550400,3,netral,0.6716,netral,tanpa_emoji,netral,soraya
arzxhCdn4PM,user_e66beaaa1582,True,1696550400,0,netral,0.9901,netral,tanpa_emoji,netral,soraya
arzxhCdn4PM,user_59eed5d88261,True,1696550400,3,netral,0.9891,netral,tanpa_emoji,netral,soraya
arzxhCdn4PM,user_e66beaaa1582,True,1696550400,0,negatif,0.845,netral,tanpa_emoji,negatif,soraya
arzxhCdn4PM,user_7ad6856dd33e,False,1696550400,5,positif,0.8934,positif,positif,positif,soraya
arzxhCdn4PM,user_3ffd5152834d,False,1696550400,12,positif,0.9221,positif,positif,positif,soraya
arzxhCdn4PM,user_7b09fba418ee,False,1696550400,5,positif,0.9514,positif,tanpa_emoji,positif,soraya
arzxhCdn4PM,user_ba3623c6a2a0,False,1696550400,3,positif,0.8159,netral,tanpa_emoji,positif,soraya
arzxhCdn4PM,user_113a944c5df2,False,1696550400,5,positif,0.8107,positif,positif,positif,soraya
arzxhCdn4PM,user_7945e71e5553,False,1696550400,12,positif,0.962,positif,positif,positif,soraya
arzxhCdn4PM,user_926ac2786e6e,False,1696550400,3,positif,0.7688,positif,positif,positif,soraya
arzxhCdn4PM,user_f88fe6da0743,False,1696550400,6,positif,0.9926,positif,positif,positif,soraya
arzxhCdn4PM,user_60d3aa1f8e13,False,1696550400,5,positif,0.783,positif,positif,positif,soraya
arzxhCdn4PM,user_5cf3914a4ea1,False,1696550400,4,negatif,0.9092,negatif,netral,negatif,soraya
arzxhCdn4PM,user_33624a8b061e,False,1696550400,7,negatif,0.9947,positif,positif,negatif,soraya
arzxhCdn4PM,user_e9366e813827,False,1696550400,6,negatif,0.9981,netral,positif,negatif,soraya
arzxhCdn4PM,user_a82bf2965761,False,1696550400,3,positif,0.9856,positif,positif,positif,soraya
arzxhCdn4PM,user_74c16464e6b4,False,1696550400,4,netral,0.4076,positif,positif,positif,soraya
arzxhCdn4PM,user_df40c859b6ba,False,1696550400,81,positif,0.9924,positif,tanpa_emoji,positif,soraya
arzxhCdn4PM,user_a7cb50ad42d3,True,1696550400,3,negatif,0.9751,netral,tanpa_emoji,negatif,soraya
arzxhCdn4PM,user_a9cdb4dfd266,True,1696550400,1,positif,0.9147,positif,tanpa_emoji,positif,soraya
arzxhCdn4PM,user_23c0abe75447,True,1696550400,1,negatif,0.8998,netral,tanpa_emoji,negatif,soraya
arzxhCdn4PM,user_a9cdb4dfd266,True,1696550400,0,netral,0.9604,netral,tanpa_emoji,netral,soraya
arzxhCdn4PM,user_6691ea9f2a8e,False,1728172800,2,positif,0.9774,positif,positif,positif,soraya
arzxhCdn4PM,user_40704efa447b,False,1696550400,4,positif,0.9961,positif,positif,positif,soraya
arzxhCdn4PM,user_994ccda671ab,False,1696550400,4,positif,0.9977,netral,tanpa_emoji,positif,soraya
arzxhCdn4PM,user_aa43db65ea47,False,1696550400,3,positif,0.988,negatif,tanpa_emoji,positif,soraya
arzxhCdn4PM,user_3afc1ce34ec6,False,1696550400,5,positif,0.9271,positif,positif,positif,soraya
arzxhCdn4PM,user_3e3d125fefa1,False,1696550400,3,positif,0.9974,positif,positif,positif,soraya
arzxhCdn4PM,user_8b6f090e307d,False,1696550400,3,positif,0.9052,positif,tanpa_emoji,positif,soraya
arzxhCdn4PM,user_4f7249863c27,False,1696550400,3,positif,0.5528,netral,tanpa_emoji,positif,soraya
arzxhCdn4PM,user_feeccdd61d1c,False,1696550400,11,positif,0.9962,netral,tanpa_emoji,positif,soraya
arzxhCdn4PM,user_59dab9af5abb,False,1696550400,4,netral,0.9496,positif,tanpa_emoji,netral,soraya
arzxhCdn4PM,user_0c542c7c4621,False,1696550400,3,positif,0.9862,positif,positif,positif,soraya
arzxhCdn4PM,user_e0b38a387b0d,False,1696550400,13,positif,0.7876,netral,netral,positif,soraya
arzxhCdn4PM,user_90565e8ad784,False,1696550400,2,positif,0.931,netral,tanpa_emoji,positif,soraya
arzxhCdn4PM,user_2f6846a4e56f,False,1696550400,2,positif,0.8159,positif,positif,positif,soraya
arzxhCdn4PM,user_60618e859d4a,False,1696550400,3,positif,0.996,positif,tanpa_emoji,positif,soraya
arzxhCdn4PM,user_0306b0ce2ab7,False,1696550400,2,negatif,0.9994,negatif,tanpa_emoji,negatif,soraya
arzxhCdn4PM,user_daf48a99e58f,False,1696550400,2,positif,0.903,positif,positif,positif,soraya
arzxhCdn4PM,user_52574fda57c8,False,1696550400,2,positif,0.9228,positif,positif,positif,soraya
arzxhCdn4PM,user_4cb3b764d03c,False,1696550400,40,positif,0.9756,positif,netral,positif,soraya
arzxhCdn4PM,user_483026af7e6a,True,1696550400,7,positif,0.9755,positif,tanpa_emoji,positif,soraya
arzxhCdn4PM,user_65f8327c8f62,True,1696550400,0,netral,0.8991,negatif,tanpa_emoji,netral,soraya
arzxhCdn4PM,user_65f8327c8f62,True,1696550400,5,netral,0.4248,netral,tanpa_emoji,netral,soraya
arzxhCdn4PM,user_519245fe9e9f,False,1696550400,2,negatif,0.7544,positif,tanpa_emoji,negatif,soraya
arzxhCdn4PM,user_a3bd1c2c2bf7,False,1696550400,2,negatif,0.9989,netral,tanpa_emoji,negatif,soraya
arzxhCdn4PM,user_a7e281bd7a80,False,1696550400,2,positif,0.9867,positif,tanpa_emoji,positif,soraya
arzxhCdn4PM,user_5309d02744bf,False,1696550400,6,positif,0.7347,positif,netral,positif,soraya
arzxhCdn4PM,user_723d47d6bfef,True,1696550400,0,netral,0.8477,netral,tanpa_emoji,netral,soraya
arzxhCdn4PM,user_323aaac9a5a6,False,1696550400,2,positif,0.9475,positif,positif,positif,soraya
arzxhCdn4PM,user_27309750fe20,False,1696550400,12,positif,0.9797,positif,positif,positif,soraya
arzxhCdn4PM,user_a3119c6c69f3,True,1696550400,0,positif,0.6022,netral,tanpa_emoji,positif,soraya
arzxhCdn4PM,user_9e133bb3baf1,False,1696550400,2,positif,0.4453,netral,tanpa_emoji,positif,soraya
arzxhCdn4PM,user_aa48834f68c0,False,1696550400,12,positif,0.9943,positif,positif,positif,soraya
arzxhCdn4PM,user_615faca752e9,False,1696550400,2,positif,0.989,positif,positif,positif,soraya
arzxhCdn4PM,user_2e1ecc66c9cb,False,1696550400,8,netral,0.5446,positif,positif,positif,soraya
arzxhCdn4PM,user_d498dbb35370,False,1696550400,2,positif,0.984,positif,tanpa_emoji,positif,soraya
arzxhCdn4PM,user_df1764150d08,False,1696550400,11,positif,0.8853,positif,positif,positif,soraya
arzxhCdn4PM,user_4b396e2c580d,True,1696550400,0,negatif,0.7468,positif,tanpa_emoji,negatif,soraya
arzxhCdn4PM,user_b0b57dcf399e,False,1696550400,2,positif,0.9946,positif,positif,positif,soraya
arzxhCdn4PM,user_41a2cf6f8fcc,False,1696550400,5,positif,0.9957,positif,tanpa_emoji,positif,soraya
arzxhCdn4PM,user_8fe5aa2b0c19,True,1696550400,0,negatif,0.8388,netral,tanpa_emoji,negatif,soraya
arzxhCdn4PM,user_1fcdee8a57fd,False,1696550400,2,positif,0.9792,positif,tanpa_emoji,positif,soraya
arzxhCdn4PM,user_170512102d3e,False,1696550400,6,positif,0.8826,netral,tanpa_emoji,positif,soraya
arzxhCdn4PM,user_189d2e6de563,True,1696550400,1,netral,0.9846,netral,tanpa_emoji,netral,soraya
arzxhCdn4PM,user_bcfd98995de8,False,1696550400,2,negatif,0.5345,positif,tanpa_emoji,negatif,soraya
arzxhCdn4PM,user_4e8a50fc83f6,False,1696550400,1,positif,0.4469,positif,positif,positif,soraya
arzxhCdn4PM,user_4c1e8683b3c9,False,1696550400,5,netral,0.8446,positif,positif,netral,soraya
arzxhCdn4PM,user_068f5c47dec4,True,1696550400,0,positif,0.6477,positif,tanpa_emoji,positif,soraya
arzxhCdn4PM,user_d7210fe774ca,False,1696550400,1,positif,0.9886,netral,tanpa_emoji,positif,soraya
arzxhCdn4PM,user_2f6846a4e56f,False,1696550400,3,positif,0.8311,positif,tanpa_emoji,positif,soraya
arzxhCdn4PM,user_c8f3ae14fa0c,False,1696550400,1,positif,0.6709,netral,tanpa_emoji,positif,soraya
arzxhCdn4PM,user_e81edab954cd,False,1696550400,4,positif,0.8504,positif,positif,positif,soraya
arzxhCdn4PM,user_dd9c7ab3aa44,False,1696550400,1,negatif,0.9629,netral,tanpa_emoji,negatif,soraya
arzxhCdn4PM,user_42428cd35147,False,1696550400,24,negatif,0.9968,negatif,netral,negatif,soraya
arzxhCdn4PM,user_2e1ecc66c9cb,True,1696550400,0,netral,0.6359,netral,netral,netral,soraya
arzxhCdn4PM,user_c5c17beaefec,True,1696550400,0,positif,0.893,netral,tanpa_emoji,positif,soraya
arzxhCdn4PM,user_4b396e2c580d,True,1696550400,0,negatif,0.9978,netral,tanpa_emoji,negatif,soraya
arzxhCdn4PM,user_82c8c810fd26,False,1696550400,1,negatif,0.7603,positif,positif,negatif,soraya
arzxhCdn4PM,user_8adf531c179b,False,1696550400,3,positif,0.9922,positif,netral,positif,soraya
arzxhCdn4PM,user_cafb40e9ef6e,True,1696550400,1,negatif,0.7632,netral,tanpa_emoji,negatif,soraya
arzxhCdn4PM,user_d9db18e300a9,False,1696550400,2,positif,0.8985,positif,positif,positif,soraya
arzxhCdn4PM,user_c6b8ef06ff07,False,1696550400,4,positif,0.9082,positif,tanpa_emoji,positif,soraya
arzxhCdn4PM,user_c10e28b43c28,True,1696550400,0,negatif,0.7371,netral,tanpa_emoji,negatif,soraya
arzxhCdn4PM,user_8cfa29f54b86,False,1696550400,1,positif,0.9674,positif,positif,positif,soraya
arzxhCdn4PM,user_87971b5d0f37,False,1696550400,2,positif,0.9945,netral,tanpa_emoji,positif,soraya
arzxhCdn4PM,user_634d287c798e,True,1696550400,0,negatif,0.5094,positif,tanpa_emoji,negatif,soraya
arzxhCdn4PM,user_e8810724c444,True,1696550400,0,netral,0.984,netral,tanpa_emoji,netral,soraya
arzxhCdn4PM,user_1f562e19066e,False,1696550400,2,positif,0.7475,positif,positif,positif,soraya
arzxhCdn4PM,user_9cdd7678661c,False,1696550400,3,positif,0.8924,positif,positif,positif,soraya
arzxhCdn4PM,user_5aa99ba18226,True,1696550400,0,negatif,0.5846,netral,tanpa_emoji,negatif,soraya
arzxhCdn4PM,user_3247a8ce1c90,False,1696550400,1,netral,0.5824,netral,tanpa_emoji,netral,soraya
arzxhCdn4PM,user_026c2bfc051f,False,1696550400,20,netral,0.5635,positif,positif,positif,soraya
arzxhCdn4PM,user_7cb58002421b,True,1696550400,0,negatif,0.8576,netral,tanpa_emoji,negatif,soraya
arzxhCdn4PM,user_3ebf950c5e3a,True,1696550400,0,negatif,0.8885,netral,netral,negatif,soraya
arzxhCdn4PM,user_b25e03f0aaec,True,1696550400,0,negatif,0.8778,netral,tanpa_emoji,negatif,soraya
arzxhCdn4PM,user_5a278646cb11,False,1696550400,1,positif,0.9927,positif,tanpa_emoji,positif,soraya
arzxhCdn4PM,user_9bf422993d9a,False,1696550400,3,positif,0.9874,positif,tanpa_emoji,positif,soraya
arzxhCdn4PM,user_ead626351815,True,1696550400,0,netral,0.878,netral,tanpa_emoji,netral,soraya
arzxhCdn4PM,user_4fc618327611,True,1696550400,0,negatif,0.7608,netral,tanpa_emoji,negatif,soraya
arzxhCdn4PM,user_9bf422993d9a,True,1696550400,0,netral,0.9878,netral,tanpa_emoji,netral,soraya
arzxhCdn4PM,user_99c502f822a7,False,1696550400,1,positif,0.9732,positif,tanpa_emoji,positif,soraya
arzxhCdn4PM,user_8464c7d11342,False,1696550400,6,netral,0.6252,positif,positif,netral,soraya
arzxhCdn4PM,user_235b48167c70,True,1696550400,2,negatif,0.7016,netral,tanpa_emoji,negatif,soraya
arzxhCdn4PM,user_b44f3419c8bc,False,1696550400,1,positif,0.9967,positif,tanpa_emoji,positif,soraya
arzxhCdn4PM,user_eac61f4b49d0,False,1696550400,6,positif,0.9977,positif,tanpa_emoji,positif,soraya
arzxhCdn4PM,user_9465d110f9bd,True,1696550400,1,negatif,0.9985,positif,tanpa_emoji,negatif,soraya
arzxhCdn4PM,user_2df8f4155339,True,1696550400,0,negatif,0.8269,netral,tanpa_emoji,negatif,soraya
arzxhCdn4PM,user_4b396e2c580d,True,1696550400,0,negatif,0.9918,positif,tanpa_emoji,negatif,soraya
arzxhCdn4PM,user_eac61f4b49d0,True,1696550400,1,netral,0.9094,positif,tanpa_emoji,netral,soraya
arzxhCdn4PM,user_f681384749e5,True,1696550400,0,negatif,0.9958,netral,tanpa_emoji,negatif,soraya
arzxhCdn4PM,user_f681384749e5,True,1696550400,0,negatif,0.9961,positif,positif,negatif,soraya
arzxhCdn4PM,user_9c825ccfee9d,False,1696550400,1,positif,0.9974,netral,tanpa_emoji,positif,soraya
arzxhCdn4PM,user_7dc1bc16fc9b,False,1696550400,3,positif,0.9479,positif,netral,positif,soraya
arzxhCdn4PM,user_d498dbb35370,True,1696550400,0,negatif,0.9391,netral,tanpa_emoji,negatif,soraya
arzxhCdn4PM,user_f681384749e5,True,1696550400,0,netral,0.8984,netral,tanpa_emoji,netral,soraya
arzxhCdn4PM,user_d498dbb35370,True,1696550400,0,netral,0.506,netral,tanpa_emoji,netral,soraya
arzxhCdn4PM,user_d498dbb35370,True,1696550400,0,netral,0.8494,netral,tanpa_emoji,netral,soraya
arzxhCdn4PM,user_f681384749e5,True,1696550400,0,netral,0.5495,negatif,tanpa_emoji,netral,soraya
arzxhCdn4PM,user_7dc1bc16fc9b,True,1696550400,0,netral,0.7716,netral,tanpa_emoji,netral,soraya
arzxhCdn4PM,user_2dcae96b96b5,False,1696550400,1,positif,0.8539,positif,tanpa_emoji,positif,soraya
arzxhCdn4PM,user_6db0864071f3,False,1696550400,6,positif,0.9775,positif,positif,positif,soraya
arzxhCdn4PM,user_cafb40e9ef6e,True,1696550400,0,negatif,0.9772,netral,netral,negatif,soraya
arzxhCdn4PM,user_0f2b3fe6390d,True,1696550400,0,positif,0.9885,positif,tanpa_emoji,positif,soraya
arzxhCdn4PM,user_3ba777c69735,False,1696550400,1,positif,0.7865,positif,tanpa_emoji,positif,soraya
arzxhCdn4PM,user_af8cced3bc11,False,1696550400,3,positif,0.8138,netral,positif,positif,soraya
arzxhCdn4PM,user_27091bc4ed60,False,1696550400,1,negatif,0.5735,positif,positif,positif,soraya
arzxhCdn4PM,user_ac346cb7776f,False,1696550400,3,negatif,0.9673,negatif,tanpa_emoji,negatif,soraya
arzxhCdn4PM,user_f681384749e5,True,1696550400,0,negatif,0.9981,netral,tanpa_emoji,negatif,soraya
arzxhCdn4PM,user_979ed2f92724,True,1696550400,0,negatif,0.9982,negatif,tanpa_emoji,negatif,soraya
arzxhCdn4PM,user_f681384749e5,True,1696550400,0,negatif,0.8897,netral,tanpa_emoji,negatif,soraya
arzxhCdn4PM,user_979ed2f92724,True,1696550400,0,negatif,0.9262,negatif,tanpa_emoji,negatif,soraya
arzxhCdn4PM,user_f681384749e5,True,1696550400,0,negatif,0.5742,negatif,tanpa_emoji,negatif,soraya
arzxhCdn4PM,user_f681384749e5,True,1696550400,0,negatif,0.5713,netral,tanpa_emoji,negatif,soraya
arzxhCdn4PM,user_e3245004159b,False,1696550400,1,negatif,0.9911,netral,netral,negatif,soraya
arzxhCdn4PM,user_255e017b42f0,False,1696550400,1,positif,0.6953,positif,positif,positif,soraya
arzxhCdn4PM,user_97eb3a563e91,False,1696550400,1,netral,0.8903,netral,tanpa_emoji,netral,soraya
arzxhCdn4PM,user_920ba2db66a0,False,1696550400,1,positif,0.775,netral,tanpa_emoji,positif,soraya
arzxhCdn4PM,user_c177b2224195,False,1696550400,1,negatif,0.7126,netral,tanpa_emoji,negatif,soraya
arzxhCdn4PM,user_af767a1b548f,False,1696550400,1,netral,0.7501,netral,tanpa_emoji,netral,soraya
arzxhCdn4PM,user_1ed7b8806620,False,1696550400,1,positif,0.8108,positif,positif,positif,soraya
arzxhCdn4PM,user_4a13fde72f1b,False,1696550400,1,positif,0.7464,netral,tanpa_emoji,positif,soraya
arzxhCdn4PM,user_9a2f64679ecd,False,1696550400,1,negatif,0.5012,netral,tanpa_emoji,negatif,soraya
arzxhCdn4PM,user_55bd45489562,False,1696550400,1,negatif,0.9173,netral,netral,negatif,soraya
arzxhCdn4PM,user_3cf931d2dfca,False,1696550400,1,negatif,0.9273,positif,positif,positif,soraya
arzxhCdn4PM,user_c7646bccaef9,False,1696550400,1,positif,0.998,netral,positif,positif,soraya
arzxhCdn4PM,user_d7770bb6c9d9,False,1696550400,1,positif,0.9761,positif,positif,positif,soraya
arzxhCdn4PM,user_0a556906c0db,False,1696550400,1,negatif,0.9261,netral,netral,negatif,soraya
arzxhCdn4PM,user_381aec091fc1,False,1696550400,1,positif,0.9924,netral,tanpa_emoji,positif,soraya
arzxhCdn4PM,user_4e8ff268cea1,False,1696550400,1,positif,0.9973,positif,tanpa_emoji,positif,soraya
arzxhCdn4PM,user_42a953312cff,False,1696550400,1,positif,0.9562,negatif,netral,positif,soraya
arzxhCdn4PM,user_bf78f9042887,False,1696550400,1,negatif,0.6664,netral,tanpa_emoji,negatif,soraya
arzxhCdn4PM,user_1423b0432a38,False,1696550400,1,negatif,0.8558,negatif,tanpa_emoji,negatif,soraya
arzxhCdn4PM,user_d58295682463,False,1696550400,1,positif,0.9733,netral,tanpa_emoji,positif,soraya
arzxhCdn4PM,user_fe4669423a4b,False,1696550400,1,positif,0.9855,positif,netral,positif,soraya
arzxhCdn4PM,user_e248206b734d,False,1696550400,1,positif,0.9941,positif,tanpa_emoji,positif,soraya
arzxhCdn4PM,user_68806e26f9de,False,1696550400,1,positif,0.9926,positif,tanpa_emoji,positif,soraya
arzxhCdn4PM,user_64dacc1dbf09,False,1696550400,1,positif,0.9978,positif,positif,positif,soraya
arzxhCdn4PM,user_1a8adaf77532,False,1696550400,1,negatif,0.9991,negatif,tanpa_emoji,negatif,soraya
arzxhCdn4PM,user_e399edd6029b,False,1696550400,1,positif,0.9899,positif,tanpa_emoji,positif,soraya
arzxhCdn4PM,user_eea98e8efecf,False,1696550400,0,netral,0.5447,positif,positif,positif,soraya
arzxhCdn4PM,user_5e5957a86dd4,False,1696550400,1,positif,0.9886,positif,tanpa_emoji,positif,soraya
arzxhCdn4PM,user_346c414a99b1,False,1759708800,1,netral,0.4621,netral,netral,netral,soraya
arzxhCdn4PM,user_605f3098be6b,False,1696550400,2,negatif,0.6777,netral,tanpa_emoji,negatif,soraya
arzxhCdn4PM,user_626fea6197e4,False,1759708800,1,positif,0.7447,netral,tanpa_emoji,positif,soraya
arzxhCdn4PM,user_9b2264767ca6,False,1696550400,1,positif,0.9822,positif,tanpa_emoji,positif,soraya
arzxhCdn4PM,user_a6527fa0c53e,False,1696550400,0,positif,0.9712,netral,tanpa_emoji,positif,soraya
arzxhCdn4PM,user_e2c483b3ba8d,False,1696550400,1,negatif,0.996,negatif,netral,negatif,soraya
arzxhCdn4PM,user_6b6288108064,False,1696550400,0,positif,0.9617,positif,positif,positif,soraya
arzxhCdn4PM,user_b2b21ddcecf1,False,1696550400,1,positif,0.5969,netral,netral,positif,soraya
arzxhCdn4PM,user_d6e0dcfd53de,False,1696550400,0,positif,0.9952,netral,tanpa_emoji,positif,soraya
arzxhCdn4PM,user_923c6c764d6c,False,1696550400,1,positif,0.9558,positif,tanpa_emoji,positif,soraya
arzxhCdn4PM,user_01ccf04a5e71,False,1696550400,1,negatif,0.526,positif,tanpa_emoji,negatif,soraya
arzxhCdn4PM,user_e44dd831282e,False,1696550400,1,negatif,0.9951,positif,tanpa_emoji,negatif,soraya
arzxhCdn4PM,user_91f9c27dea9f,False,1696550400,1,positif,0.9642,positif,tanpa_emoji,positif,soraya
arzxhCdn4PM,user_b228f0b77b3b,False,1696550400,0,negatif,0.9979,positif,positif,negatif,soraya
arzxhCdn4PM,user_ff4a8a133935,False,1696550400,0,positif,0.8977,netral,tanpa_emoji,positif,soraya
arzxhCdn4PM,user_ccc6b4c4b7ae,False,1696550400,0,negatif,0.9979,positif,positif,negatif,soraya
arzxhCdn4PM,user_f4e94ad2b84f,False,1696550400,0,negatif,0.9777,netral,positif,negatif,soraya
arzxhCdn4PM,user_2dfdd8fbf745,False,1696550400,0,netral,0.9806,netral,tanpa_emoji,netral,soraya
arzxhCdn4PM,user_ea60d4ccbcba,False,1696550400,0,positif,0.8263,netral,tanpa_emoji,positif,soraya
arzxhCdn4PM,user_5d472f7990c4,False,1696550400,0,negatif,0.8549,netral,tanpa_emoji,negatif,soraya
arzxhCdn4PM,user_2065969214a4,False,1696550400,1,netral,0.4959,netral,tanpa_emoji,netral,soraya
arzxhCdn4PM,user_6c17536d8db4,False,1696550400,0,netral,0.7814,netral,tanpa_emoji,netral,soraya
arzxhCdn4PM,user_02d37359b414,False,1696550400,0,negatif,0.9974,negatif,tanpa_emoji,negatif,soraya
arzxhCdn4PM,user_ec16376ff3db,False,1696550400,0,negatif,0.9983,negatif,netral,negatif,soraya
arzxhCdn4PM,user_7e8972108e68,False,1696550400,1,positif,0.5227,positif,positif,positif,soraya
arzxhCdn4PM,user_2cdd0403d1eb,False,1696550400,0,negatif,0.9483,netral,tanpa_emoji,negatif,soraya
arzxhCdn4PM,user_4a7c0026ae47,False,1696550400,1,negatif,0.9178,netral,tanpa_emoji,negatif,soraya
arzxhCdn4PM,user_833873e70179,False,1696550400,0,negatif,0.8898,positif,positif,negatif,soraya
arzxhCdn4PM,user_083ad789214b,False,1696550400,1,positif,0.9971,positif,tanpa_emoji,positif,soraya
arzxhCdn4PM,user_f0ab73f693ef,False,1696550400,1,positif,0.9907,netral,tanpa_emoji,positif,soraya
arzxhCdn4PM,user_5575673f5bc2,False,1696550400,0,negatif,0.9988,netral,tanpa_emoji,negatif,soraya
arzxhCdn4PM,user_dad87c6a53d8,False,1696550400,0,negatif,0.949,netral,tanpa_emoji,negatif,soraya
arzxhCdn4PM,user_5767461b92ad,False,1696550400,1,positif,0.9882,positif,tanpa_emoji,positif,soraya
arzxhCdn4PM,user_3bb96ff70cd4,False,1696550400,0,negatif,0.9068,netral,tanpa_emoji,negatif,soraya
arzxhCdn4PM,user_207846c17afe,False,1696550400,0,netral,0.6709,netral,tanpa_emoji,netral,soraya
arzxhCdn4PM,user_873f222aa634,False,1696550400,3,positif,0.7935,positif,positif,positif,soraya
arzxhCdn4PM,user_a021212bfcdb,False,1696550400,1,positif,0.605,negatif,tanpa_emoji,positif,soraya
arzxhCdn4PM,user_e62d14584cb5,False,1696550400,0,negatif,0.9981,negatif,tanpa_emoji,negatif,soraya
arzxhCdn4PM,user_275da65214a0,False,1696550400,0,positif,0.9635,positif,tanpa_emoji,positif,soraya
arzxhCdn4PM,user_6694edad867c,False,1696550400,0,positif,0.8586,positif,positif,positif,soraya
arzxhCdn4PM,user_9e5cc1e33179,False,1696550400,0,negatif,0.9339,positif,positif,negatif,soraya
arzxhCdn4PM,user_dff4a866f3e6,False,1696550400,0,negatif,0.9939,netral,tanpa_emoji,negatif,soraya
arzxhCdn4PM,user_20603f74fe44,False,1696550400,0,positif,0.9983,netral,tanpa_emoji,positif,soraya
arzxhCdn4PM,user_759d129b840b,False,1696550400,0,negatif,0.9044,netral,tanpa_emoji,negatif,soraya
arzxhCdn4PM,user_17f2f68fd096,False,1696550400,1,positif,0.5803,netral,tanpa_emoji,positif,soraya
arzxhCdn4PM,user_4f01a9309009,False,1696550400,0,negatif,0.7865,netral,tanpa_emoji,negatif,soraya
arzxhCdn4PM,user_2e74ce3006f0,False,1696550400,0,negatif,0.4855,positif,positif,positif,soraya
arzxhCdn4PM,user_9aecd4296558,False,1696550400,1,positif,0.6637,positif,tanpa_emoji,positif,soraya
arzxhCdn4PM,user_c7cd829464cf,False,1696550400,0,netral,0.567,netral,tanpa_emoji,netral,soraya
arzxhCdn4PM,user_e6f7ec505c86,False,1696550400,1,negatif,0.9954,netral,tanpa_emoji,negatif,soraya
arzxhCdn4PM,user_a23ce246d98b,False,1696550400,0,negatif,0.9845,netral,positif,negatif,soraya
arzxhCdn4PM,user_c7fcf2510e85,False,1696550400,0,positif,0.9481,positif,tanpa_emoji,positif,soraya
arzxhCdn4PM,user_d250087913c7,False,1696550400,0,positif,0.9404,positif,tanpa_emoji,positif,soraya
arzxhCdn4PM,user_bcfd98995de8,False,1696550400,0,negatif,0.9992,netral,tanpa_emoji,negatif,soraya
arzxhCdn4PM,user_eef72c879dd1,False,1696550400,0,negatif,0.9182,negatif,tanpa_emoji,negatif,soraya
arzxhCdn4PM,user_62a51e53c834,False,1696550400,0,netral,0.9516,netral,tanpa_emoji,netral,soraya
arzxhCdn4PM,user_36753c756075,False,1696550400,0,negatif,0.8738,netral,tanpa_emoji,negatif,soraya
arzxhCdn4PM,user_32e455a6ec00,False,1696550400,0,negatif,0.7551,netral,tanpa_emoji,negatif,soraya
arzxhCdn4PM,user_9df0e8902e99,False,1696550400,0,netral,0.6783,positif,positif,netral,soraya
arzxhCdn4PM,user_17a5c298a26b,False,1696550400,0,positif,0.5004,positif,tanpa_emoji,positif,soraya
arzxhCdn4PM,user_5cdd4eeaeec5,False,1696550400,0,negatif,0.7983,netral,tanpa_emoji,negatif,soraya
arzxhCdn4PM,user_aad1bfd8041f,False,1696550400,0,positif,0.9322,positif,tanpa_emoji,positif,soraya
arzxhCdn4PM,user_880de9f9cdd4,False,1696550400,0,negatif,0.9842,netral,tanpa_emoji,negatif,soraya
arzxhCdn4PM,user_6041ce27a714,False,1696550400,0,negatif,0.8421,positif,netral,negatif,soraya
arzxhCdn4PM,user_1b8279ece229,False,1696550400,0,positif,0.9663,positif,tanpa_emoji,positif,soraya
arzxhCdn4PM,user_5dd119c7b46a,False,1696550400,1,positif,0.9588,positif,tanpa_emoji,positif,soraya
arzxhCdn4PM,user_104d4524241f,False,1696550400,0,positif,0.6173,netral,tanpa_emoji,positif,soraya
arzxhCdn4PM,user_55fcd5be70a2,False,1696550400,0,negatif,0.8637,negatif,tanpa_emoji,negatif,soraya
arzxhCdn4PM,user_428f9043d87f,False,1696550400,0,positif,0.8352,positif,positif,positif,soraya
arzxhCdn4PM,user_a628cc780109,False,1696550400,0,negatif,0.5897,netral,tanpa_emoji,negatif,soraya
arzxhCdn4PM,user_eac61f4b49d0,False,1696550400,0,negatif,0.9195,netral,tanpa_emoji,negatif,soraya
arzxhCdn4PM,user_781bf216a6cc,False,1696550400,0,negatif,0.97,netral,tanpa_emoji,negatif,soraya
arzxhCdn4PM,user_318a291e1ec8,False,1696550400,0,negatif,0.9722,netral,tanpa_emoji,negatif,soraya
arzxhCdn4PM,user_ac4eb78056ca,False,1696550400,0,negatif,0.9483,netral,tanpa_emoji,negatif,soraya
arzxhCdn4PM,user_5c8d3ee37938,False,1696550400,0,negatif,0.7865,netral,tanpa_emoji,negatif,soraya
arzxhCdn4PM,user_44f9dd9c5955,False,1696550400,1,negatif,0.7865,netral,tanpa_emoji,negatif,soraya
arzxhCdn4PM,user_b5740af82575,False,1696550400,0,negatif,0.9714,negatif,netral,negatif,soraya
arzxhCdn4PM,user_987631bddf86,False,1696550400,0,negatif,0.5102,netral,netral,negatif,soraya
arzxhCdn4PM,user_678892180fc2,False,1696550400,0,negatif,0.8985,netral,tanpa_emoji,negatif,soraya
arzxhCdn4PM,user_c8612635eaf4,False,1696550400,0,negatif,0.9624,negatif,tanpa_emoji,negatif,soraya
arzxhCdn4PM,user_8ad1c1424f4e,False,1696550400,0,positif,0.9349,netral,tanpa_emoji,positif,soraya
arzxhCdn4PM,user_461c4f70fce7,False,1696550400,0,negatif,0.5581,positif,positif,positif,soraya
arzxhCdn4PM,user_93804d86a69b,False,1696550400,0,positif,0.8496,netral,tanpa_emoji,positif,soraya
arzxhCdn4PM,user_15b7628c5a6b,False,1696550400,0,negatif,0.6341,netral,tanpa_emoji,negatif,soraya
arzxhCdn4PM,user_9647d2c4c61c,False,1696550400,0,negatif,0.9073,netral,tanpa_emoji,negatif,soraya
arzxhCdn4PM,user_7a2bbc7c922b,False,1696550400,1,negatif,0.4278,positif,positif,positif,soraya
arzxhCdn4PM,user_69583b073774,False,1696550400,0,positif,0.9755,positif,tanpa_emoji,positif,soraya
arzxhCdn4PM,user_ff54e658df2e,False,1696550400,1,negatif,0.9864,netral,tanpa_emoji,negatif,soraya
arzxhCdn4PM,user_3f43fd1e3f6c,False,1696550400,1,negatif,0.9989,netral,tanpa_emoji,negatif,soraya
arzxhCdn4PM,user_60e5df13ea10,False,1696550400,0,positif,0.6218,netral,tanpa_emoji,positif,soraya
arzxhCdn4PM,user_ed0d414824c8,False,1728172800,1,negatif,0.9949,positif,tanpa_emoji,negatif,soraya
arzxhCdn4PM,user_2a4563d64ae3,False,1696550400,0,positif,0.9008,positif,tanpa_emoji,positif,soraya
arzxhCdn4PM,user_de5484c58a24,False,1696550400,1,negatif,0.8461,netral,tanpa_emoji,negatif,soraya
arzxhCdn4PM,user_6ab1fab2eedb,False,1696550400,1,negatif,0.9701,netral,netral,negatif,soraya
arzxhCdn4PM,user_b8009ac06f39,False,1696550400,1,negatif,0.6514,netral,tanpa_emoji,negatif,soraya
arzxhCdn4PM,user_8d863075a78a,False,1696550400,1,positif,0.5863,netral,tanpa_emoji,positif,soraya
arzxhCdn4PM,user_ec1343d28844,False,1696550400,0,negatif,0.9713,negatif,tanpa_emoji,negatif,soraya
arzxhCdn4PM,user_1ccb8d91e979,False,1696550400,0,negatif,0.9721,positif,positif,negatif,soraya
arzxhCdn4PM,user_134c54300cc4,False,1696550400,0,positif,0.8902,positif,tanpa_emoji,positif,soraya
arzxhCdn4PM,user_9be16c591c65,False,1696550400,0,positif,0.463,netral,tanpa_emoji,positif,soraya
arzxhCdn4PM,user_6e9519b4dd58,False,1696550400,0,negatif,0.731,netral,tanpa_emoji,negatif,soraya
arzxhCdn4PM,user_04b8487d2bbd,False,1696550400,1,positif,0.9824,positif,tanpa_emoji,positif,soraya
arzxhCdn4PM,user_b3a915eb65f8,False,1696550400,1,negatif,0.9885,netral,tanpa_emoji,negatif,soraya
arzxhCdn4PM,user_c28dc151cbcb,False,1696550400,0,positif,0.883,positif,positif,positif,soraya
arzxhCdn4PM,user_818b344046ee,False,1696550400,0,negatif,0.938,netral,tanpa_emoji,negatif,soraya
arzxhCdn4PM,user_3b8066177326,False,1696550400,0,negatif,0.9957,netral,netral,negatif,soraya
arzxhCdn4PM,user_ec3151df5670,False,1696550400,0,netral,0.8849,netral,tanpa_emoji,netral,soraya
arzxhCdn4PM,user_be0182810d89,False,1696550400,1,netral,0.476,positif,positif,positif,soraya
arzxhCdn4PM,user_03653cca2337,False,1696550400,0,positif,0.9022,positif,positif,positif,soraya
arzxhCdn4PM,user_845a60cafb33,False,1696550400,0,positif,0.9978,netral,tanpa_emoji,positif,soraya
arzxhCdn4PM,user_d1a74d22769d,False,1696550400,0,negatif,0.7182,netral,tanpa_emoji,negatif,soraya
arzxhCdn4PM,user_2924dfb02983,False,1696550400,0,positif,0.9976,positif,positif,positif,soraya
arzxhCdn4PM,user_66e094b8740a,False,1696550400,0,positif,0.9386,positif,tanpa_emoji,positif,soraya
arzxhCdn4PM,user_864a39909692,False,1696550400,0,netral,0.8582,netral,tanpa_emoji,netral,soraya
arzxhCdn4PM,user_1391d2e7fea1,False,1696550400,0,positif,0.72,netral,netral,positif,soraya
arzxhCdn4PM,user_00a038cd0724,False,1696550400,0,netral,0.7664,netral,tanpa_emoji,netral,soraya
arzxhCdn4PM,user_2f6e91976908,False,1696550400,0,positif,0.989,positif,positif,positif,soraya
arzxhCdn4PM,user_6a4d705d8aa0,False,1696550400,0,positif,0.9665,positif,tanpa_emoji,positif,soraya
arzxhCdn4PM,user_a59a67b467de,False,1696550400,0,positif,0.9962,positif,tanpa_emoji,positif,soraya
arzxhCdn4PM,user_545981c593d7,False,1696550400,0,negatif,0.9989,netral,tanpa_emoji,negatif,soraya
arzxhCdn4PM,user_b6b47f9311c0,False,1696550400,0,positif,0.7533,netral,tanpa_emoji,positif,soraya
arzxhCdn4PM,user_46b5229864a2,False,1696550400,0,positif,0.9676,netral,tanpa_emoji,positif,soraya
arzxhCdn4PM,user_62cec84bb247,False,1696550400,0,positif,0.5149,positif,tanpa_emoji,positif,soraya
arzxhCdn4PM,user_2e4d8d24a517,False,1696550400,0,negatif,0.9907,netral,tanpa_emoji,negatif,soraya
arzxhCdn4PM,user_5b1a4282321f,False,1696550400,1,positif,0.8863,positif,tanpa_emoji,positif,soraya
arzxhCdn4PM,user_bc7e4ae8c9b3,False,1696550400,0,positif,0.9638,positif,positif,positif,soraya
arzxhCdn4PM,user_764f03a8de21,False,1696550400,1,netral,0.4946,negatif,tanpa_emoji,netral,soraya
arzxhCdn4PM,user_8110e4af8951,False,1696550400,0,negatif,0.9978,netral,tanpa_emoji,negatif,soraya
arzxhCdn4PM,user_fb79755615c8,False,1696550400,1,negatif,0.5193,netral,tanpa_emoji,negatif,soraya
arzxhCdn4PM,user_540b343265ad,False,1696550400,0,negatif,0.9975,positif,netral,negatif,soraya
arzxhCdn4PM,user_d83f67b9fcf0,False,1696550400,0,positif,0.6062,positif,tanpa_emoji,positif,soraya
arzxhCdn4PM,user_616141094b86,False,1696550400,0,negatif,0.6108,netral,tanpa_emoji,negatif,soraya
arzxhCdn4PM,user_767082766187,False,1696550400,0,netral,0.6641,netral,tanpa_emoji,netral,soraya
arzxhCdn4PM,user_36753c756075,False,1696550400,0,netral,0.6326,netral,tanpa_emoji,netral,soraya
arzxhCdn4PM,user_96b27abfd8ef,False,1696550400,0,positif,0.9748,positif,tanpa_emoji,positif,soraya
arzxhCdn4PM,user_aab53c9dff12,False,1696550400,0,positif,0.9986,positif,tanpa_emoji,positif,soraya
arzxhCdn4PM,user_be62850363c6,False,1696550400,0,positif,0.996,netral,tanpa_emoji,positif,soraya
arzxhCdn4PM,user_69f9728f043d,False,1696550400,0,positif,0.9921,positif,tanpa_emoji,positif,soraya
arzxhCdn4PM,user_34d7eb6c2f69,False,1696550400,0,netral,0.4418,positif,positif,positif,soraya
arzxhCdn4PM,user_b735f642b75b,False,1696550400,1,negatif,0.8587,positif,positif,negatif,soraya
arzxhCdn4PM,user_c09dbc4c1afb,False,1696550400,0,negatif,0.7965,netral,tanpa_emoji,negatif,soraya
arzxhCdn4PM,user_f6b46eb826b0,False,1696550400,0,positif,0.9822,positif,tanpa_emoji,positif,soraya
arzxhCdn4PM,user_3bb5f3923b2c,False,1696550400,0,negatif,0.8687,netral,tanpa_emoji,negatif,soraya
arzxhCdn4PM,user_85ac995c046f,False,1696550400,0,positif,0.9822,positif,tanpa_emoji,positif,soraya
arzxhCdn4PM,user_af1cbd3eac5e,False,1696550400,0,positif,0.9822,positif,tanpa_emoji,positif,soraya
arzxhCdn4PM,user_3cb0a07783b4,False,1696550400,0,positif,0.9963,netral,tanpa_emoji,positif,soraya
arzxhCdn4PM,user_465b1a753627,False,1696550400,0,positif,0.9632,positif,netral,positif,soraya
arzxhCdn4PM,user_1ea7a025ce4e,False,1696550400,1,positif,0.54,positif,tanpa_emoji,positif,soraya
arzxhCdn4PM,user_30596e98add6,False,1696550400,0,positif,0.9971,positif,tanpa_emoji,positif,soraya
arzxhCdn4PM,user_2f9f6199235f,False,1696550400,0,negatif,0.9322,netral,netral,negatif,soraya
arzxhCdn4PM,user_aa4d3300134f,False,1696550400,0,negatif,0.8584,netral,netral,negatif,soraya
arzxhCdn4PM,user_4dce0ddd50b4,False,1696550400,0,positif,0.9961,positif,tanpa_emoji,positif,soraya
arzxhCdn4PM,user_01888546579e,False,1696550400,0,positif,0.8032,positif,tanpa_emoji,positif,soraya
arzxhCdn4PM,user_01a30740b239,False,1696550400,1,positif,0.9936,positif,tanpa_emoji,positif,soraya
arzxhCdn4PM,user_9b12ff9fb4fd,False,1696550400,0,negatif,0.3617,netral,tanpa_emoji,negatif,soraya
arzxhCdn4PM,user_1e1c9e1d7e35,False,1696550400,0,negatif,0.9928,netral,tanpa_emoji,negatif,soraya
arzxhCdn4PM,user_9b450344cb41,False,1696550400,0,positif,0.9975,negatif,tanpa_emoji,positif,soraya
arzxhCdn4PM,user_72a14e22db7b,False,1696550400,0,positif,0.9962,positif,tanpa_emoji,positif,soraya
arzxhCdn4PM,user_9101726dafaf,False,1696550400,1,positif,0.7123,positif,tanpa_emoji,positif,soraya
arzxhCdn4PM,user_609ca1ac0f98,False,1696550400,0,negatif,0.9501,netral,tanpa_emoji,negatif,soraya
arzxhCdn4PM,user_685a3d98db12,False,1696550400,0,negatif,0.827,netral,netral,negatif,soraya
arzxhCdn4PM,user_57474d8506fb,False,1696550400,0,positif,0.867,netral,tanpa_emoji,positif,soraya
arzxhCdn4PM,user_9ff0e96c1159,False,1696550400,0,positif,0.9991,positif,tanpa_emoji,positif,soraya
arzxhCdn4PM,user_ea64d77d2d2d,False,1696550400,0,negatif,0.6413,negatif,tanpa_emoji,negatif,soraya
arzxhCdn4PM,user_d9bdf485147b,False,1696550400,1,positif,0.922,negatif,tanpa_emoji,positif,soraya
arzxhCdn4PM,user_8f1fa2664390,False,1696550400,0,netral,0.69,netral,tanpa_emoji,netral,soraya
arzxhCdn4PM,user_b1090eea825a,False,1696550400,0,negatif,0.978,negatif,tanpa_emoji,negatif,soraya
arzxhCdn4PM,user_cb00910dab6a,False,1696550400,0,positif,0.9982,positif,tanpa_emoji,positif,soraya
arzxhCdn4PM,user_3cc5fab1010e,False,1696550400,0,negatif,0.9929,negatif,tanpa_emoji,negatif,soraya
arzxhCdn4PM,user_3acae48b8f15,False,1696550400,0,negatif,0.7132,positif,positif,negatif,soraya
arzxhCdn4PM,user_251c608ae8b0,False,1696550400,0,negatif,0.5369,netral,tanpa_emoji,negatif,soraya
arzxhCdn4PM,user_835ffbe83aa7,False,1696550400,0,negatif,0.9948,netral,tanpa_emoji,negatif,soraya
arzxhCdn4PM,user_2f5f167575b4,False,1696550400,0,negatif,0.605,netral,tanpa_emoji,negatif,soraya
arzxhCdn4PM,user_1bf75916a11f,False,1696550400,0,netral,0.5051,netral,tanpa_emoji,netral,soraya
arzxhCdn4PM,user_2c90d177ad5e,False,1696550400,1,positif,0.9885,positif,tanpa_emoji,positif,soraya
arzxhCdn4PM,user_53fe04670abe,False,1696550400,0,positif,0.9612,positif,tanpa_emoji,positif,soraya
arzxhCdn4PM,user_5d00179383ef,False,1696550400,0,netral,0.7686,netral,tanpa_emoji,netral,soraya
arzxhCdn4PM,user_18e6b1769a45,False,1696550400,0,negatif,0.9383,netral,tanpa_emoji,negatif,soraya
arzxhCdn4PM,user_84c30f297e62,False,1696550400,0,positif,0.6564,netral,tanpa_emoji,positif,soraya
arzxhCdn4PM,user_0a07413f9a1c,False,1696550400,0,positif,0.9723,positif,tanpa_emoji,positif,soraya
arzxhCdn4PM,user_68bffe6ab303,False,1696550400,0,netral,0.6621,positif,tanpa_emoji,netral,soraya
arzxhCdn4PM,user_8c9db0d5b693,False,1696550400,1,negatif,0.5834,netral,tanpa_emoji,negatif,soraya
arzxhCdn4PM,user_93da4135b696,False,1696550400,0,positif,0.9873,positif,tanpa_emoji,positif,soraya
arzxhCdn4PM,user_356fb12e2479,False,1696550400,0,negatif,0.719,netral,tanpa_emoji,negatif,soraya
arzxhCdn4PM,user_a4b966146887,False,1696550400,0,negatif,0.7805,positif,positif,negatif,soraya
arzxhCdn4PM,user_d0888c54689a,False,1696550400,0,negatif,0.8977,negatif,tanpa_emoji,negatif,soraya
arzxhCdn4PM,user_8f3374ac77cf,False,1696550400,0,negatif,0.9896,netral,tanpa_emoji,negatif,soraya
arzxhCdn4PM,user_13342f8ad127,False,1696550400,1,positif,0.9952,positif,positif,positif,soraya
arzxhCdn4PM,user_ef51cc6e87ef,False,1696550400,0,negatif,0.9299,netral,tanpa_emoji,negatif,soraya
arzxhCdn4PM,user_fa246fb89c87,False,1696550400,0,positif,0.9893,positif,tanpa_emoji,positif,soraya
arzxhCdn4PM,user_dfa86f4bab26,False,1696550400,0,negatif,0.7795,positif,positif,negatif,soraya
arzxhCdn4PM,user_1ad7d08aee06,False,1696550400,0,netral,0.6207,netral,tanpa_emoji,netral,soraya
arzxhCdn4PM,user_26edce141422,False,1696550400,0,positif,0.919,positif,tanpa_emoji,positif,soraya
arzxhCdn4PM,user_58da38c4f2d5,False,1696550400,0,negatif,0.7846,positif,positif,positif,soraya
arzxhCdn4PM,user_0ad38d1fac7b,False,1696550400,0,negatif,0.9273,positif,positif,positif,soraya
arzxhCdn4PM,user_4155609f4f19,False,1696550400,0,negatif,0.9892,netral,netral,negatif,soraya
arzxhCdn4PM,user_6cea61c7db70,False,1696550400,0,netral,0.8292,netral,tanpa_emoji,netral,soraya
arzxhCdn4PM,user_c836918f146b,False,1696550400,0,negatif,0.9808,netral,tanpa_emoji,negatif,soraya
arzxhCdn4PM,user_ee5737bf6622,False,1696550400,0,positif,0.9991,positif,positif,positif,soraya
arzxhCdn4PM,user_5ad76502a78f,False,1696550400,0,positif,0.6989,netral,tanpa_emoji,positif,soraya
arzxhCdn4PM,user_19e8151e426a,False,1696550400,0,negatif,0.7837,positif,tanpa_emoji,negatif,soraya
arzxhCdn4PM,user_74b2cc112fff,False,1696550400,0,positif,0.9755,positif,tanpa_emoji,positif,soraya
arzxhCdn4PM,user_129745571052,False,1696550400,0,positif,0.9929,positif,tanpa_emoji,positif,soraya
arzxhCdn4PM,user_2c6dffcd5260,False,1696550400,0,positif,0.9973,positif,tanpa_emoji,positif,soraya
arzxhCdn4PM,user_458a68fc810b,False,1696550400,0,netral,0.9801,netral,tanpa_emoji,netral,soraya
arzxhCdn4PM,user_ea89bc511337,False,1696550400,0,negatif,0.8173,netral,tanpa_emoji,negatif,soraya
arzxhCdn4PM,user_93f8d65f2d0f,False,1696550400,0,negatif,0.9488,netral,tanpa_emoji,negatif,soraya
arzxhCdn4PM,user_d79210608e78,False,1696550400,0,negatif,0.8893,netral,tanpa_emoji,negatif,soraya
arzxhCdn4PM,user_a2afa8ebbd39,False,1696550400,0,negatif,0.9441,netral,tanpa_emoji,negatif,soraya
arzxhCdn4PM,user_296989ece66d,False,1696550400,0,negatif,0.7405,netral,tanpa_emoji,negatif,soraya
arzxhCdn4PM,user_75f6b0b7d24d,False,1696550400,0,netral,0.9965,netral,tanpa_emoji,netral,soraya
arzxhCdn4PM,user_4dce0d4bab2e,False,1696550400,0,negatif,0.9327,positif,tanpa_emoji,negatif,soraya
arzxhCdn4PM,user_5499ccd224c8,False,1696550400,0,positif,0.9832,netral,netral,positif,soraya
arzxhCdn4PM,user_7ef6d1ad3268,False,1696550400,2,negatif,0.5624,positif,netral,negatif,soraya
arzxhCdn4PM,user_9f6392fbeb09,False,1696550400,0,negatif,0.9654,netral,netral,negatif,soraya
arzxhCdn4PM,user_f4bdad52eac7,False,1696550400,0,negatif,0.5236,negatif,tanpa_emoji,negatif,soraya
arzxhCdn4PM,user_9598a978ec12,False,1696550400,0,positif,0.9066,negatif,netral,positif,soraya
arzxhCdn4PM,user_47c51702cf99,False,1696550400,0,negatif,0.9987,negatif,positif,negatif,soraya
arzxhCdn4PM,user_d01ad3d8a041,False,1696550400,0,positif,0.9829,netral,tanpa_emoji,positif,soraya
arzxhCdn4PM,user_7cff4b6291ff,False,1696550400,0,positif,0.9815,positif,tanpa_emoji,positif,soraya
arzxhCdn4PM,user_762f6ef8a9a7,False,1696550400,0,positif,0.4564,netral,tanpa_emoji,positif,soraya
arzxhCdn4PM,user_e29adad06da3,False,1696550400,1,positif,0.9937,positif,netral,positif,soraya
arzxhCdn4PM,user_6669ce54d7b3,False,1696550400,1,negatif,0.52,netral,tanpa_emoji,negatif,soraya
arzxhCdn4PM,user_685328417ba9,False,1696550400,0,netral,0.9849,netral,tanpa_emoji,netral,soraya
arzxhCdn4PM,user_ab97254a31f7,False,1696550400,0,netral,0.9907,netral,tanpa_emoji,netral,soraya
arzxhCdn4PM,user_78d340cbb28a,False,1696550400,0,netral,0.9849,netral,tanpa_emoji,netral,soraya
arzxhCdn4PM,user_0cc767536a5a,False,1696550400,0,netral,0.9849,netral,tanpa_emoji,netral,soraya
arzxhCdn4PM,user_6a1399ef739c,False,1775433600,0,positif,0.9981,positif,tanpa_emoji,positif,soraya
arzxhCdn4PM,user_6fc3303f4355,False,1696550400,0,negatif,0.8903,netral,tanpa_emoji,negatif,soraya
arzxhCdn4PM,user_d2d686631e69,False,1696550400,0,netral,0.4882,netral,tanpa_emoji,netral,soraya
arzxhCdn4PM,user_204bec30a0b9,False,1696550400,0,negatif,0.8218,netral,tanpa_emoji,negatif,soraya
arzxhCdn4PM,user_14590ebe9b6b,False,1696550400,0,negatif,0.6488,netral,tanpa_emoji,negatif,soraya
arzxhCdn4PM,user_928f8343d684,False,1696550400,0,netral,0.7013,netral,tanpa_emoji,netral,soraya
arzxhCdn4PM,user_36abfaaee30b,False,1696550400,0,positif,0.975,positif,tanpa_emoji,positif,soraya
arzxhCdn4PM,user_398077fee7e0,False,1696550400,0,netral,0.9562,netral,tanpa_emoji,netral,soraya
arzxhCdn4PM,user_51c1a8937590,False,1696550400,1,netral,0.5581,netral,tanpa_emoji,netral,soraya
arzxhCdn4PM,user_4a0fdc66e231,False,1696550400,1,negatif,0.5449,netral,tanpa_emoji,negatif,soraya
arzxhCdn4PM,user_f374d1ddb9ae,False,1696550400,0,negatif,0.6176,netral,tanpa_emoji,negatif,soraya
arzxhCdn4PM,user_73c5186f500b,False,1696550400,0,positif,0.9734,netral,tanpa_emoji,positif,soraya
arzxhCdn4PM,user_2d85ff1f9d3f,True,1696550400,0,negatif,0.9434,netral,tanpa_emoji,negatif,soraya
arzxhCdn4PM,user_ee51dc1d2d3c,False,1696550400,0,positif,0.8401,positif,tanpa_emoji,positif,soraya
arzxhCdn4PM,user_eaecb7fb8e6a,False,1696550400,0,positif,0.9797,positif,tanpa_emoji,positif,soraya
arzxhCdn4PM,user_346c414a99b1,False,1759708800,1,negatif,0.7149,netral,netral,negatif,soraya
arzxhCdn4PM,user_a054dd70097b,False,1696550400,0,netral,0.5932,netral,tanpa_emoji,netral,soraya
arzxhCdn4PM,user_f045de66b761,False,1696550400,0,negatif,0.6486,netral,tanpa_emoji,negatif,soraya
arzxhCdn4PM,user_722d2d9e5abd,False,1696550400,0,positif,0.6264,positif,positif,positif,soraya
arzxhCdn4PM,user_9de014bc278e,False,1696550400,1,positif,0.9838,positif,positif,positif,soraya
arzxhCdn4PM,user_64964b296c65,False,1696550400,0,positif,0.9572,positif,positif,positif,soraya
arzxhCdn4PM,user_c284e26058fd,False,1696550400,0,positif,0.9895,positif,tanpa_emoji,positif,soraya
arzxhCdn4PM,user_b5f7a8e4e17f,False,1696550400,0,netral,0.6195,netral,tanpa_emoji,netral,soraya
arzxhCdn4PM,user_088ad31de7ea,False,1696550400,0,netral,0.9249,netral,tanpa_emoji,netral,soraya
arzxhCdn4PM,user_1088665905fa,False,1696550400,0,netral,0.9249,netral,tanpa_emoji,netral,soraya
arzxhCdn4PM,user_c3beed6aca9c,False,1696550400,0,negatif,0.9843,positif,tanpa_emoji,negatif,soraya
arzxhCdn4PM,user_2c53e0dcec21,False,1696550400,0,negatif,0.7915,netral,tanpa_emoji,negatif,soraya
arzxhCdn4PM,user_3247a8ce1c90,False,1696550400,1,negatif,0.8002,netral,tanpa_emoji,negatif,soraya
arzxhCdn4PM,user_864a39909692,True,1696550400,0,negatif,0.7659,netral,netral,netral,soraya
arzxhCdn4PM,user_c19fc8db9bb4,False,1696550400,0,negatif,0.8991,netral,netral,netral,soraya
arzxhCdn4PM,user_9b45fbb8d0e9,False,1696550400,0,negatif,0.9624,netral,tanpa_emoji,negatif,soraya
arzxhCdn4PM,user_2c862f32c8a9,False,1696550400,1,positif,0.9905,negatif,tanpa_emoji,positif,soraya
arzxhCdn4PM,user_236f0e19a850,False,1696550400,0,netral,0.4949,netral,tanpa_emoji,netral,soraya
arzxhCdn4PM,user_959cba519418,False,1696550400,0,netral,0.6089,netral,tanpa_emoji,netral,soraya
arzxhCdn4PM,user_67e1673d941d,False,1696550400,0,positif,0.9974,positif,positif,positif,soraya
arzxhCdn4PM,user_386c59d66874,False,1696550400,0,positif,0.901,positif,netral,positif,soraya
arzxhCdn4PM,user_7967dd0f80b4,False,1696550400,1,negatif,0.8039,netral,tanpa_emoji,negatif,soraya
arzxhCdn4PM,user_2a11ba043d32,False,1696550400,0,negatif,0.9546,netral,tanpa_emoji,negatif,soraya
arzxhCdn4PM,user_c2155fd7cff4,False,1696550400,0,netral,0.9357,netral,tanpa_emoji,netral,soraya
arzxhCdn4PM,user_da046250f5bf,False,1696550400,0,netral,0.9689,netral,tanpa_emoji,netral,soraya
arzxhCdn4PM,user_2b0ba915aedd,False,1696550400,0,negatif,0.7088,netral,tanpa_emoji,negatif,soraya
arzxhCdn4PM,user_da20001b0eaf,False,1696550400,0,negatif,0.9899,netral,tanpa_emoji,negatif,soraya
cF7Z1RLKlu0,user_76119aba8385,False,1767657600,62,positif,0.5713,positif,netral,positif,soraya
cF7Z1RLKlu0,user_22a868adb693,False,1767657600,23,positif,0.9799,positif,tanpa_emoji,positif,soraya
cF7Z1RLKlu0,user_ec275bec67fa,False,1767657600,18,positif,0.964,positif,tanpa_emoji,positif,soraya
cF7Z1RLKlu0,user_bce62a73c297,False,1767657600,34,netral,0.7643,netral,tanpa_emoji,netral,soraya
cF7Z1RLKlu0,user_0e1612f94e6c,False,1767657600,8,negatif,0.9577,netral,tanpa_emoji,negatif,soraya
cF7Z1RLKlu0,user_728e4051cbbb,False,1767657600,9,positif,0.9129,positif,tanpa_emoji,positif,soraya
cF7Z1RLKlu0,user_89ddb0e3f698,False,1767657600,6,positif,0.8969,positif,netral,positif,soraya
cF7Z1RLKlu0,user_e6f7ec505c86,False,1767657600,25,negatif,0.9496,netral,tanpa_emoji,negatif,soraya
cF7Z1RLKlu0,user_17e2c3d462ec,True,1767657600,1,negatif,0.9967,netral,tanpa_emoji,negatif,soraya
cF7Z1RLKlu0,user_a802b31623aa,True,1767657600,0,netral,0.4755,positif,tanpa_emoji,netral,soraya
cF7Z1RLKlu0,user_748aa3f13370,True,1767657600,0,negatif,0.9981,netral,tanpa_emoji,negatif,soraya
cF7Z1RLKlu0,user_f3cb0dcd3d20,True,1767657600,0,negatif,0.9949,positif,positif,negatif,soraya
cF7Z1RLKlu0,user_25597feac1da,False,1767657600,6,netral,0.9578,netral,tanpa_emoji,netral,soraya
cF7Z1RLKlu0,user_e248206b734d,False,1767657600,8,positif,0.9771,positif,netral,positif,soraya
cF7Z1RLKlu0,user_27f7563a2b76,False,1767657600,13,netral,0.9433,netral,tanpa_emoji,netral,soraya
cF7Z1RLKlu0,user_d0442a711d10,False,1767657600,5,positif,0.9979,positif,positif,positif,soraya
cF7Z1RLKlu0,user_a8f4217ccece,False,1767657600,2,positif,0.8048,positif,positif,positif,soraya
cF7Z1RLKlu0,user_ed6e4cf6b657,False,1767657600,96,positif,0.884,netral,netral,positif,soraya
cF7Z1RLKlu0,user_372bc2bf3d71,True,1767657600,21,negatif,0.5015,netral,tanpa_emoji,negatif,soraya
cF7Z1RLKlu0,user_b0c6b898d9d3,True,1767657600,11,netral,0.9916,netral,tanpa_emoji,netral,soraya
cF7Z1RLKlu0,user_5fa5ca25f306,True,1767657600,1,negatif,0.9063,netral,tanpa_emoji,negatif,soraya
cF7Z1RLKlu0,user_372bc2bf3d71,True,1767657600,1,netral,0.8144,negatif,tanpa_emoji,netral,soraya
cF7Z1RLKlu0,user_b0c6b898d9d3,True,1767657600,5,netral,0.9919,netral,tanpa_emoji,netral,soraya
cF7Z1RLKlu0,user_61b3e28d8d7e,True,1767657600,5,positif,0.7198,positif,tanpa_emoji,positif,soraya
cF7Z1RLKlu0,user_55c3ab198ace,True,1767657600,5,negatif,0.7231,netral,netral,negatif,soraya
cF7Z1RLKlu0,user_1d101341b0b7,True,1767657600,7,negatif,0.908,netral,netral,negatif,soraya
cF7Z1RLKlu0,user_d603967da6ab,True,1767657600,4,positif,0.9819,positif,tanpa_emoji,positif,soraya
cF7Z1RLKlu0,user_afc55455892a,True,1767657600,2,negatif,0.4896,netral,tanpa_emoji,negatif,soraya
cF7Z1RLKlu0,user_265130413584,True,1767657600,1,positif,0.9904,positif,tanpa_emoji,positif,soraya
cF7Z1RLKlu0,user_1692a70bd8e1,True,1767657600,0,netral,0.7225,netral,tanpa_emoji,netral,soraya
cF7Z1RLKlu0,user_fe58029c32b0,True,1767657600,0,negatif,0.5742,netral,tanpa_emoji,negatif,soraya
cF7Z1RLKlu0,user_fe58029c32b0,True,1767657600,0,negatif,0.4062,netral,tanpa_emoji,negatif,soraya
cF7Z1RLKlu0,user_e04eb755e826,True,1770336000,0,negatif,0.9404,positif,netral,negatif,soraya
cF7Z1RLKlu0,user_4092324b7f99,True,1775433600,0,positif,0.9569,netral,tanpa_emoji,positif,soraya
cF7Z1RLKlu0,user_8d863075a78a,False,1767657600,2,positif,0.853,netral,tanpa_emoji,positif,soraya
cF7Z1RLKlu0,user_6afc8f323f66,False,1767657600,2,positif,0.9878,positif,positif,positif,soraya
cF7Z1RLKlu0,user_c242a489f99e,False,1767657600,2,negatif,0.9058,positif,tanpa_emoji,negatif,soraya
cF7Z1RLKlu0,user_0c3b758610b4,False,1767657600,1,positif,0.7896,positif,positif,positif,soraya
cF7Z1RLKlu0,user_e9366e813827,False,1767657600,4,negatif,0.9965,netral,positif,negatif,soraya
cF7Z1RLKlu0,user_32576ccc914c,False,1767657600,2,positif,0.822,netral,tanpa_emoji,positif,soraya
cF7Z1RLKlu0,user_7717bab15162,False,1767657600,28,negatif,0.8954,negatif,netral,negatif,soraya
cF7Z1RLKlu0,user_3e99bcd15e67,True,1767657600,4,positif,0.571,netral,tanpa_emoji,positif,soraya
cF7Z1RLKlu0,user_ad3f26a7e5f6,True,1767657600,2,negatif,0.9979,netral,tanpa_emoji,negatif,soraya
cF7Z1RLKlu0,user_2d10a42c712e,True,1767657600,2,negatif,0.8541,negatif,netral,negatif,soraya
cF7Z1RLKlu0,user_074d83650634,True,1767657600,0,negatif,0.8401,negatif,tanpa_emoji,negatif,soraya
cF7Z1RLKlu0,user_a2244254eb97,True,1767657600,1,negatif,0.976,netral,tanpa_emoji,negatif,soraya
cF7Z1RLKlu0,user_63b9aaf6610b,True,1767657600,1,positif,0.7998,netral,tanpa_emoji,positif,soraya
cF7Z1RLKlu0,user_7853b098f783,True,1767657600,1,negatif,0.9498,netral,tanpa_emoji,negatif,soraya
cF7Z1RLKlu0,user_5e13225a9a79,True,1767657600,0,positif,0.7148,netral,tanpa_emoji,positif,soraya
cF7Z1RLKlu0,user_12382abb7627,True,1767657600,0,negatif,0.7622,negatif,tanpa_emoji,negatif,soraya
cF7Z1RLKlu0,user_460d647a5bed,True,1767657600,0,negatif,0.554,netral,tanpa_emoji,negatif,soraya
cF7Z1RLKlu0,user_d943bb2e8c3c,False,1767657600,3,netral,0.9444,positif,positif,netral,soraya
cF7Z1RLKlu0,user_3f04821de9d2,False,1772755200,0,positif,0.4911,positif,positif,positif,soraya
cF7Z1RLKlu0,user_ff82c4cb13ef,False,1767657600,1,positif,0.3997,netral,tanpa_emoji,positif,soraya
cF7Z1RLKlu0,user_4bc8dcb253a0,False,1767657600,0,negatif,0.4989,positif,tanpa_emoji,negatif,soraya
cF7Z1RLKlu0,user_fa614c02d235,False,1767657600,3,negatif,0.9982,netral,positif,negatif,soraya
cF7Z1RLKlu0,user_29ad3a39ecbb,False,1767657600,1,negatif,0.5596,netral,tanpa_emoji,negatif,soraya
cF7Z1RLKlu0,user_2a25b61cd7dd,False,1767657600,0,positif,0.6743,positif,positif,positif,soraya
cF7Z1RLKlu0,user_3873b45dbaef,False,1767657600,1,positif,0.9908,positif,tanpa_emoji,positif,soraya
cF7Z1RLKlu0,user_646b212a833d,False,1767657600,1,positif,0.7142,netral,tanpa_emoji,positif,soraya
cF7Z1RLKlu0,user_be0b2213c39d,False,1767657600,1,positif,0.9667,netral,tanpa_emoji,positif,soraya
cF7Z1RLKlu0,user_c9c5fbacad8f,False,1767657600,6,negatif,0.9991,netral,tanpa_emoji,negatif,soraya
cF7Z1RLKlu0,user_ff44693dc17b,True,1767657600,1,negatif,0.9831,positif,positif,negatif,soraya
cF7Z1RLKlu0,user_997873fe515f,False,1767657600,2,positif,0.9856,positif,positif,positif,soraya
cF7Z1RLKlu0,user_17c6274b5679,False,1767657600,1,negatif,0.8191,positif,tanpa_emoji,negatif,soraya
cF7Z1RLKlu0,user_465b1a753627,False,1767657600,1,positif,0.9676,positif,positif,positif,soraya
cF7Z1RLKlu0,user_03113c31a3be,False,1767657600,8,positif,0.9982,positif,tanpa_emoji,positif,soraya
cF7Z1RLKlu0,user_f8dcaa1a41fb,False,1767657600,0,negatif,0.8574,positif,tanpa_emoji,negatif,soraya
cF7Z1RLKlu0,user_8b76052acfec,False,1767657600,0,positif,0.9962,positif,tanpa_emoji,positif,soraya
cF7Z1RLKlu0,user_a9cdb4dfd266,False,1767657600,1,negatif,0.849,positif,positif,negatif,soraya
cF7Z1RLKlu0,user_4478a3d09be5,False,1767657600,0,positif,0.9841,positif,tanpa_emoji,positif,soraya
cF7Z1RLKlu0,user_fae7a285c278,False,1767657600,0,positif,0.9613,netral,tanpa_emoji,positif,soraya
cF7Z1RLKlu0,user_585fa97ccf9a,False,1767657600,0,positif,0.9904,positif,positif,positif,soraya
cF7Z1RLKlu0,user_7c6f7c948a4b,False,1767657600,1,negatif,0.8011,positif,tanpa_emoji,negatif,soraya
cF7Z1RLKlu0,user_805e2f946029,False,1767657600,0,positif,0.9817,positif,tanpa_emoji,positif,soraya
cF7Z1RLKlu0,user_3a74f76de2f1,False,1767657600,0,negatif,0.9969,netral,tanpa_emoji,negatif,soraya
cF7Z1RLKlu0,user_e27d31852e6c,False,1767657600,0,positif,0.9047,positif,tanpa_emoji,positif,soraya
cF7Z1RLKlu0,user_c7d142d7b916,False,1767657600,0,negatif,0.8929,netral,tanpa_emoji,negatif,soraya
cF7Z1RLKlu0,user_8d9ac7ac4a24,False,1767657600,0,positif,0.9134,positif,tanpa_emoji,positif,soraya
cF7Z1RLKlu0,user_e8acc3e92e47,False,1767657600,0,netral,0.8903,netral,tanpa_emoji,netral,soraya
cF7Z1RLKlu0,user_8f0c3b499330,False,1767657600,0,positif,0.9883,positif,tanpa_emoji,positif,soraya
cF7Z1RLKlu0,user_7433186ccc90,False,1767657600,0,positif,0.7876,positif,tanpa_emoji,positif,soraya
cF7Z1RLKlu0,user_3143a373bf4c,False,1767657600,1,negatif,0.6659,positif,positif,negatif,soraya
cF7Z1RLKlu0,user_6c7d7a05d88c,False,1767657600,0,positif,0.5884,netral,netral,positif,soraya
cF7Z1RLKlu0,user_9207288e891b,False,1767657600,0,positif,0.5676,positif,positif,positif,soraya
cF7Z1RLKlu0,user_5b849778a530,False,1767657600,1,negatif,0.973,positif,positif,negatif,soraya
cF7Z1RLKlu0,user_4ddf7e93a765,False,1767657600,0,negatif,0.9566,negatif,tanpa_emoji,negatif,soraya
cF7Z1RLKlu0,user_d8ec99237d9c,False,1767657600,0,positif,0.9898,positif,tanpa_emoji,positif,soraya
cF7Z1RLKlu0,user_fc13ed631760,False,1767657600,0,positif,0.9912,positif,tanpa_emoji,positif,soraya
cF7Z1RLKlu0,user_bcfd98995de8,False,1767657600,0,positif,0.8711,positif,positif,positif,soraya
cF7Z1RLKlu0,user_740f481b4f5c,False,1767657600,0,negatif,0.9563,netral,tanpa_emoji,negatif,soraya
cF7Z1RLKlu0,user_9b925f0cd689,False,1767657600,0,negatif,0.957,negatif,tanpa_emoji,negatif,soraya
cF7Z1RLKlu0,user_0ab90cccad5a,False,1767657600,0,positif,0.801,positif,tanpa_emoji,positif,soraya
cF7Z1RLKlu0,user_4a73095d668d,False,1767657600,0,netral,0.4518,positif,positif,positif,soraya
cF7Z1RLKlu0,user_4a2c60d2a161,False,1767657600,19,positif,0.8608,netral,tanpa_emoji,positif,soraya
cF7Z1RLKlu0,user_97b8dbc5fa25,True,1767657600,5,positif,0.9783,positif,tanpa_emoji,positif,soraya
cF7Z1RLKlu0,user_f3f0b26f8508,True,1767657600,2,netral,0.7723,netral,tanpa_emoji,netral,soraya
cF7Z1RLKlu0,user_bd7caed91dbd,False,1767657600,0,negatif,0.9321,netral,netral,negatif,soraya
cF7Z1RLKlu0,user_812434eddabb,False,1767657600,0,positif,0.9962,positif,positif,positif,soraya
cF7Z1RLKlu0,user_0e6d675ec6a0,False,1772755200,0,positif,0.9628,netral,tanpa_emoji,positif,soraya
cF7Z1RLKlu0,user_f01720ffb531,False,1767657600,0,negatif,0.9889,positif,tanpa_emoji,negatif,soraya
cF7Z1RLKlu0,user_7b72b7f1e738,False,1767657600,0,positif,0.8643,positif,tanpa_emoji,positif,soraya
cF7Z1RLKlu0,user_f43bb8dd98b4,False,1767657600,0,netral,0.8644,netral,tanpa_emoji,netral,soraya
cF7Z1RLKlu0,user_289a0b446265,False,1767657600,2,negatif,0.9783,negatif,tanpa_emoji,negatif,soraya
cF7Z1RLKlu0,user_2d486648d8f4,False,1767657600,0,positif,0.9757,positif,tanpa_emoji,positif,soraya
cF7Z1RLKlu0,user_fd494ca7d773,False,1767657600,0,positif,0.5275,positif,tanpa_emoji,positif,soraya
cF7Z1RLKlu0,user_c400ab2d0787,False,1767657600,2,positif,0.9414,netral,tanpa_emoji,positif,soraya
cF7Z1RLKlu0,user_9fd384a246f7,True,1767657600,0,negatif,0.7823,netral,tanpa_emoji,negatif,soraya
cF7Z1RLKlu0,user_6c4a993a4754,False,1770336000,0,positif,0.9983,positif,positif,positif,soraya
cF7Z1RLKlu0,user_1478430a1ab5,False,1767657600,0,netral,0.7484,netral,tanpa_emoji,netral,soraya
cF7Z1RLKlu0,user_c2830754fd8e,False,1767657600,0,negatif,0.7063,netral,netral,negatif,soraya
cF7Z1RLKlu0,user_d722f9e731ee,False,1767657600,0,negatif,0.805,netral,netral,negatif,soraya
cF7Z1RLKlu0,user_dac426823288,False,1767657600,1,negatif,0.8747,netral,tanpa_emoji,negatif,soraya
cF7Z1RLKlu0,user_e6282a363cc7,True,1767657600,0,netral,0.9831,netral,tanpa_emoji,netral,soraya
cF7Z1RLKlu0,user_9c04ac8cdb7c,False,1767657600,0,netral,0.5224,netral,netral,netral,soraya
cF7Z1RLKlu0,user_22f3b0fe67de,False,1770336000,0,netral,0.7583,netral,tanpa_emoji,netral,soraya
cF7Z1RLKlu0,user_88e6113157e3,False,1767657600,0,netral,0.9742,netral,tanpa_emoji,netral,soraya
cF7Z1RLKlu0,user_26591197f697,False,1767657600,0,negatif,0.8609,positif,netral,negatif,soraya
cF7Z1RLKlu0,user_cd953b091a8f,False,1767657600,0,negatif,0.996,netral,tanpa_emoji,negatif,soraya
cF7Z1RLKlu0,user_c00f896b62da,False,1767657600,0,negatif,0.9949,netral,netral,negatif,soraya
cF7Z1RLKlu0,user_1338d1c839a4,False,1767657600,0,negatif,0.8868,netral,netral,netral,soraya
cF7Z1RLKlu0,user_5c22f57b17af,False,1767657600,0,positif,0.5437,positif,netral,positif,soraya
cF7Z1RLKlu0,user_28a57b94be0a,False,1767657600,1,negatif,0.9385,netral,netral,negatif,soraya
cF7Z1RLKlu0,user_3c9c82f16197,False,1767657600,0,negatif,0.4525,netral,netral,negatif,soraya
cF7Z1RLKlu0,user_f576026015f9,False,1767657600,0,positif,0.9975,positif,tanpa_emoji,positif,soraya
cF7Z1RLKlu0,user_96fc093008d5,False,1767657600,0,negatif,0.6278,negatif,tanpa_emoji,negatif,soraya
cF7Z1RLKlu0,user_5df75db2b07a,False,1770336000,0,netral,0.7511,netral,tanpa_emoji,netral,soraya
cF7Z1RLKlu0,user_e0a53aa68675,False,1767657600,0,negatif,0.7659,netral,tanpa_emoji,negatif,soraya
cF7Z1RLKlu0,user_2e1ecc66c9cb,False,1767657600,1,negatif,0.9729,netral,tanpa_emoji,negatif,soraya
cF7Z1RLKlu0,user_05cf286bcbfe,True,1767657600,0,netral,0.7,netral,netral,netral,soraya
cF7Z1RLKlu0,user_9a0921086e98,False,1770336000,0,negatif,0.9949,positif,netral,negatif,soraya
cF7Z1RLKlu0,user_5fde2aa8ad30,False,1767657600,0,negatif,0.5801,netral,tanpa_emoji,negatif,soraya
cF7Z1RLKlu0,user_00efa3168330,True,1767657600,0,negatif,0.8828,negatif,tanpa_emoji,negatif,soraya
cF7Z1RLKlu0,user_c5b1abb52d6b,False,1770336000,0,negatif,0.994,negatif,tanpa_emoji,negatif,soraya
cF7Z1RLKlu0,user_24b9fea55b37,False,1770336000,0,negatif,0.9379,negatif,tanpa_emoji,negatif,soraya
cF7Z1RLKlu0,user_49cd721750ac,False,1767657600,0,negatif,0.9839,negatif,tanpa_emoji,negatif,soraya
cF7Z1RLKlu0,user_3aad5be41dbc,False,1767657600,0,negatif,0.9779,negatif,tanpa_emoji,negatif,soraya
cF7Z1RLKlu0,user_a8bdf9db435b,False,1767657600,0,netral,0.8516,netral,tanpa_emoji,netral,soraya
cF7Z1RLKlu0,user_b1a3d2b8ffc7,False,1767657600,0,positif,0.9502,netral,netral,positif,soraya
cF7Z1RLKlu0,user_bb5495722609,False,1767657600,3,negatif,0.8716,netral,tanpa_emoji,negatif,soraya
cF7Z1RLKlu0,user_d0ea5f23e6e7,True,1767657600,0,positif,0.9752,positif,tanpa_emoji,positif,soraya
cF7Z1RLKlu0,user_bb5495722609,True,1767657600,0,positif,0.7582,netral,tanpa_emoji,positif,soraya
cF7Z1RLKlu0,user_3c095d5b207d,True,1767657600,0,netral,0.5793,netral,tanpa_emoji,netral,soraya
cF7Z1RLKlu0,user_bb5495722609,True,1767657600,0,netral,0.5851,netral,tanpa_emoji,netral,soraya
cF7Z1RLKlu0,user_1b8b28cd3892,False,1767657600,0,negatif,0.9025,netral,tanpa_emoji,negatif,soraya
cF7Z1RLKlu0,user_21272d6f163d,True,1767657600,0,negatif,0.5297,netral,tanpa_emoji,negatif,soraya
cF7Z1RLKlu0,user_1b8b28cd3892,True,1767657600,0,negatif,0.6435,netral,tanpa_emoji,negatif,soraya
cF7Z1RLKlu0,user_21272d6f163d,True,1767657600,0,netral,0.5581,negatif,tanpa_emoji,netral,soraya
cF7Z1RLKlu0,user_98b4d8d7b584,False,1767657600,0,negatif,0.8823,positif,positif,negatif,soraya
cF7Z1RLKlu0,user_749e9be71412,False,1767657600,0,negatif,0.9957,netral,netral,negatif,soraya
cF7Z1RLKlu0,user_263944113e7e,False,1767657600,0,negatif,0.9089,netral,tanpa_emoji,negatif,soraya
cF7Z1RLKlu0,user_9ac585699c1b,True,1767657600,0,negatif,0.9942,netral,tanpa_emoji,negatif,soraya
cF7Z1RLKlu0,user_02d5850de025,False,1767657600,0,negatif,0.9985,netral,netral,negatif,soraya
cF7Z1RLKlu0,user_d382d93d346e,True,1767657600,0,negatif,0.9555,netral,tanpa_emoji,negatif,soraya
cF7Z1RLKlu0,user_fa27875b431c,False,1767657600,0,negatif,0.9966,netral,tanpa_emoji,negatif,soraya
cF7Z1RLKlu0,user_099712f8b911,False,1767657600,0,negatif,0.8685,negatif,tanpa_emoji,negatif,soraya
cF7Z1RLKlu0,user_e4a75b2367f6,True,1767657600,0,negatif,0.9726,netral,netral,negatif,soraya
cF7Z1RLKlu0,user_71d57a75c3d5,False,1767657600,0,netral,0.8898,netral,tanpa_emoji,netral,soraya
cF7Z1RLKlu0,user_6d0e30145203,False,1767657600,0,positif,0.9169,positif,tanpa_emoji,positif,soraya
cF7Z1RLKlu0,user_9d191816132c,False,1767657600,0,negatif,0.8384,netral,netral,netral,soraya
cF7Z1RLKlu0,user_9938e8957e53,False,1767657600,1,positif,0.7488,positif,tanpa_emoji,positif,soraya
cF7Z1RLKlu0,user_a802b31623aa,True,1767657600,0,positif,0.8613,netral,tanpa_emoji,positif,soraya
cF7Z1RLKlu0,user_2c7b2840d35b,True,1767657600,0,negatif,0.8763,netral,tanpa_emoji,negatif,soraya
cF7Z1RLKlu0,user_9ac585699c1b,True,1767657600,0,negatif,0.8739,netral,tanpa_emoji,negatif,soraya
cF7Z1RLKlu0,user_a92a7bbfbc7b,False,1767657600,1,negatif,0.6344,netral,tanpa_emoji,negatif,soraya
cF7Z1RLKlu0,user_1f3b1d9348d6,True,1767657600,0,negatif,0.9449,netral,tanpa_emoji,negatif,soraya
cF7Z1RLKlu0,user_a92a7bbfbc7b,True,1767657600,0,netral,0.9828,netral,tanpa_emoji,netral,soraya
cF7Z1RLKlu0,user_cffde06bd0b6,True,1767657600,0,positif,0.8888,positif,tanpa_emoji,positif,soraya
cF7Z1RLKlu0,user_994034b96496,False,1767657600,0,positif,0.9042,positif,positif,positif,soraya
cF7Z1RLKlu0,user_9a58d777e0d2,False,1770336000,0,positif,0.7849,netral,tanpa_emoji,positif,soraya
cF7Z1RLKlu0,user_759d84c4c1aa,False,1767657600,1,negatif,0.9762,netral,tanpa_emoji,negatif,soraya
cF7Z1RLKlu0,user_ee3a2133d44d,True,1767657600,1,negatif,0.9815,netral,tanpa_emoji,negatif,soraya
cF7Z1RLKlu0,user_759d84c4c1aa,True,1767657600,1,negatif,0.4164,positif,netral,negatif,soraya
cF7Z1RLKlu0,user_de69fb6bdf89,False,1767657600,0,negatif,0.9979,negatif,negatif,negatif,soraya
cF7Z1RLKlu0,user_bd7e4f4108c6,True,1767657600,0,negatif,0.9948,netral,tanpa_emoji,negatif,soraya
cF7Z1RLKlu0,user_8184f3f20b11,False,1767657600,0,negatif,0.9965,positif,netral,negatif,soraya
cF7Z1RLKlu0,user_b1a3d2b8ffc7,False,1767657600,0,negatif,0.4973,positif,tanpa_emoji,negatif,soraya
cF7Z1RLKlu0,user_462c59dc734f,False,1770336000,0,negatif,0.9824,negatif,tanpa_emoji,negatif,soraya
cF7Z1RLKlu0,user_f92d74806089,False,1767657600,0,positif,0.9047,netral,tanpa_emoji,positif,soraya
cF7Z1RLKlu0,user_3bb72da09d83,False,1767657600,0,negatif,0.9985,netral,tanpa_emoji,negatif,soraya
cF7Z1RLKlu0,user_daf39886866b,False,1770336000,0,negatif,0.9964,negatif,tanpa_emoji,negatif,soraya
cF7Z1RLKlu0,user_74f3c6ffccbf,False,1767657600,0,negatif,0.999,netral,tanpa_emoji,negatif,soraya
cF7Z1RLKlu0,user_06f0827ef241,False,1767657600,0,negatif,0.9001,positif,netral,negatif,soraya
cF7Z1RLKlu0,user_af8cced3bc11,True,1767657600,0,negatif,0.4059,netral,tanpa_emoji,negatif,soraya
cF7Z1RLKlu0,user_92e2d67e0d18,False,1767657600,0,negatif,0.9985,negatif,tanpa_emoji,negatif,soraya
gc81ZkY-Kg8,user_0ed6c867d071,False,1728172800,45,negatif,0.9966,negatif,netral,negatif,soraya
gc81ZkY-Kg8,user_c3ed0c46a3b3,False,1728172800,30,netral,0.6607,netral,tanpa_emoji,netral,soraya
gc81ZkY-Kg8,user_4ed65e288155,False,1728172800,26,negatif,0.9826,netral,netral,negatif,soraya
gc81ZkY-Kg8,user_8767cf7cee55,False,1728172800,23,positif,0.7469,positif,tanpa_emoji,positif,soraya
gc81ZkY-Kg8,user_e15ed51999e7,False,1728172800,11,negatif,0.9991,netral,netral,negatif,soraya
gc81ZkY-Kg8,user_635b40d7c5e2,False,1728172800,9,positif,0.7697,positif,netral,positif,soraya
gc81ZkY-Kg8,user_46d1be9f645c,False,1728172800,71,positif,0.7148,netral,tanpa_emoji,positif,soraya
gc81ZkY-Kg8,user_196e987aa638,True,1728172800,8,negatif,0.7443,netral,tanpa_emoji,negatif,soraya
gc81ZkY-Kg8,user_bf63305d5bcb,True,1728172800,4,negatif,0.9923,netral,tanpa_emoji,negatif,soraya
gc81ZkY-Kg8,user_635b40d7c5e2,True,1728172800,4,positif,0.7697,positif,netral,positif,soraya
gc81ZkY-Kg8,user_2fc4913a23e2,True,1728172800,0,negatif,0.8612,netral,tanpa_emoji,negatif,soraya
gc81ZkY-Kg8,user_2fc4913a23e2,True,1728172800,0,negatif,0.9857,netral,tanpa_emoji,negatif,soraya
gc81ZkY-Kg8,user_ff91132eb982,True,1728172800,0,positif,0.4555,netral,tanpa_emoji,positif,soraya
gc81ZkY-Kg8,user_6051ce6abee6,True,1728172800,0,netral,0.803,netral,tanpa_emoji,netral,soraya
gc81ZkY-Kg8,user_2fc4913a23e2,True,1728172800,0,negatif,0.9969,netral,tanpa_emoji,negatif,soraya
gc81ZkY-Kg8,user_6051ce6abee6,True,1728172800,0,negatif,0.9952,netral,tanpa_emoji,negatif,soraya
gc81ZkY-Kg8,user_44328815708b,True,1728172800,0,negatif,0.9938,negatif,netral,negatif,soraya
gc81ZkY-Kg8,user_44328815708b,True,1728172800,0,negatif,0.9616,negatif,netral,negatif,soraya
gc81ZkY-Kg8,user_8a4de31bb601,True,1728172800,0,netral,0.7554,netral,netral,netral,soraya
gc81ZkY-Kg8,user_0271e5a1450f,True,1728172800,0,negatif,0.9752,negatif,netral,negatif,soraya
gc81ZkY-Kg8,user_8460ba2a1bdd,True,1728172800,0,negatif,0.9972,netral,tanpa_emoji,negatif,soraya
gc81ZkY-Kg8,user_684ad2f8f3d9,False,1728172800,3,negatif,0.9469,positif,netral,negatif,soraya
gc81ZkY-Kg8,user_f4b7a810de02,False,1728172800,37,negatif,0.9988,netral,netral,negatif,soraya
gc81ZkY-Kg8,user_c7ba36115b00,True,1728172800,3,negatif,0.8014,netral,netral,negatif,soraya
gc81ZkY-Kg8,user_f29a8e27ed40,True,1728172800,1,negatif,0.9956,netral,netral,negatif,soraya
gc81ZkY-Kg8,user_b0f6ff3800ff,False,1728172800,7,negatif,0.9988,netral,tanpa_emoji,negatif,soraya
gc81ZkY-Kg8,user_1a94bc160167,False,1728172800,6,positif,0.9457,netral,tanpa_emoji,positif,soraya
gc81ZkY-Kg8,user_e75f7c50f2e8,False,1728172800,6,negatif,0.4932,positif,tanpa_emoji,negatif,soraya
gc81ZkY-Kg8,user_71d8609e3b33,False,1728172800,1,negatif,0.9965,negatif,netral,negatif,soraya
gc81ZkY-Kg8,user_7be70f875e90,False,1728172800,3,negatif,0.9973,netral,tanpa_emoji,negatif,soraya
gc81ZkY-Kg8,user_a82a2ac2a930,False,1728172800,11,positif,0.8023,netral,netral,positif,soraya
gc81ZkY-Kg8,user_8e8726f93621,True,1728172800,1,negatif,0.9988,positif,positif,negatif,soraya
gc81ZkY-Kg8,user_32576ccc914c,False,1728172800,3,positif,0.9908,positif,tanpa_emoji,positif,soraya
gc81ZkY-Kg8,user_fd4743f11d1e,False,1728172800,4,negatif,0.9666,netral,netral,negatif,soraya
gc81ZkY-Kg8,user_fe094bf169db,False,1728172800,6,negatif,0.9909,negatif,netral,negatif,soraya
gc81ZkY-Kg8,user_8c6720d38671,True,1728172800,3,negatif,0.9974,netral,tanpa_emoji,negatif,soraya
gc81ZkY-Kg8,user_2940803a71f2,False,1728172800,5,netral,0.6216,netral,netral,netral,soraya
gc81ZkY-Kg8,user_4444db323964,False,1728172800,4,negatif,0.791,netral,tanpa_emoji,negatif,soraya
gc81ZkY-Kg8,user_1fc70eef8373,False,1728172800,2,negatif,0.9885,negatif,netral,negatif,soraya
gc81ZkY-Kg8,user_0d7a9a5b3ef8,False,1728172800,1,negatif,0.599,netral,tanpa_emoji,negatif,soraya
gc81ZkY-Kg8,user_ac8a2428492b,False,1728172800,3,positif,0.992,netral,tanpa_emoji,positif,soraya
gc81ZkY-Kg8,user_dac046cc694d,False,1728172800,0,netral,0.8174,netral,tanpa_emoji,netral,soraya
gc81ZkY-Kg8,user_8ee65ab85ac7,False,1728172800,1,negatif,0.9983,netral,netral,negatif,soraya
gc81ZkY-Kg8,user_4444db323964,False,1728172800,1,positif,0.8346,netral,tanpa_emoji,positif,soraya
gc81ZkY-Kg8,user_931e70f00e55,False,1728172800,0,negatif,0.989,positif,tanpa_emoji,negatif,soraya
gc81ZkY-Kg8,user_af4435e19618,False,1728172800,0,negatif,0.7233,netral,tanpa_emoji,negatif,soraya
gc81ZkY-Kg8,user_3cecee40dc7f,False,1772755200,0,netral,0.7809,netral,tanpa_emoji,netral,soraya
gc81ZkY-Kg8,user_d1224039dfd5,False,1728172800,1,positif,0.7711,netral,netral,positif,soraya
gc81ZkY-Kg8,user_c4b87014ddd8,False,1728172800,0,positif,0.9429,positif,positif,positif,soraya
gc81ZkY-Kg8,user_586a6a43aca9,False,1728172800,1,positif,0.9717,netral,netral,positif,soraya
gc81ZkY-Kg8,user_82a8e9360262,False,1728172800,0,negatif,0.9717,negatif,netral,negatif,soraya
gc81ZkY-Kg8,user_2a83355092b7,False,1728172800,4,positif,0.9944,positif,tanpa_emoji,positif,soraya
gc81ZkY-Kg8,user_65d772e0519c,False,1728172800,0,positif,0.8154,netral,tanpa_emoji,positif,soraya
gc81ZkY-Kg8,user_f793e0f7dd83,False,1728172800,0,negatif,0.7309,netral,netral,negatif,soraya
gc81ZkY-Kg8,user_95ef37e3b535,False,1728172800,0,negatif,0.9888,netral,tanpa_emoji,negatif,soraya
gc81ZkY-Kg8,user_4441aa3ce0e8,False,1728172800,0,negatif,0.5875,positif,tanpa_emoji,negatif,soraya
gc81ZkY-Kg8,user_f39208699ad9,False,1728172800,0,negatif,0.7651,negatif,tanpa_emoji,negatif,soraya
gc81ZkY-Kg8,user_6e591dae8606,False,1728172800,0,negatif,0.9454,netral,netral,negatif,soraya
gc81ZkY-Kg8,user_2fc4913a23e2,False,1728172800,0,negatif,0.4012,netral,tanpa_emoji,negatif,soraya
gc81ZkY-Kg8,user_c3e1ee9c97c1,False,1728172800,0,netral,0.8706,netral,netral,netral,soraya
gc81ZkY-Kg8,user_0a684869710b,False,1728172800,3,negatif,0.9948,positif,tanpa_emoji,negatif,soraya
gc81ZkY-Kg8,user_4c587e8d1b00,False,1728172800,0,negatif,0.9989,positif,netral,negatif,soraya
gc81ZkY-Kg8,user_f29a8e27ed40,False,1728172800,0,negatif,0.9881,netral,tanpa_emoji,negatif,soraya
gc81ZkY-Kg8,user_831ca25bd6fa,False,1728172800,0,positif,0.7877,netral,tanpa_emoji,positif,soraya
gc81ZkY-Kg8,user_2c8b6e6751f0,False,1728172800,6,netral,0.8055,negatif,tanpa_emoji,netral,soraya
gc81ZkY-Kg8,user_77bb69d6a75c,True,1728172800,0,netral,0.5714,netral,tanpa_emoji,netral,soraya
gc81ZkY-Kg8,user_3320bf622303,True,1728172800,0,netral,0.9169,netral,tanpa_emoji,netral,soraya
gc81ZkY-Kg8,user_fc6990632303,False,1728172800,0,negatif,0.997,netral,netral,negatif,soraya
gc81ZkY-Kg8,user_b3158d75f4bb,False,1728172800,2,negatif,0.9993,negatif,tanpa_emoji,negatif,soraya
gc81ZkY-Kg8,user_be96ea02f380,False,1728172800,0,negatif,0.5678,netral,netral,negatif,soraya
gc81ZkY-Kg8,user_d3e628b32412,False,1728172800,0,negatif,0.9958,netral,netral,negatif,soraya
gc81ZkY-Kg8,user_884ffed10b4e,False,1728172800,0,negatif,0.8675,netral,netral,negatif,soraya
gc81ZkY-Kg8,user_c0483817cf89,False,1728172800,0,negatif,0.999,netral,tanpa_emoji,negatif,soraya
gc81ZkY-Kg8,user_6f0519dd1d48,False,1728172800,0,negatif,0.972,netral,tanpa_emoji,negatif,soraya
gc81ZkY-Kg8,user_6d92f7d41022,False,1728172800,0,negatif,0.9991,netral,netral,negatif,soraya
gc81ZkY-Kg8,user_b239747733c4,False,1728172800,0,positif,0.7838,netral,tanpa_emoji,positif,soraya
gc81ZkY-Kg8,user_7abc6f2838eb,False,1728172800,6,negatif,0.996,positif,tanpa_emoji,negatif,soraya
gc81ZkY-Kg8,user_c1afae74a91a,True,1728172800,1,negatif,0.9279,netral,tanpa_emoji,negatif,soraya
gc81ZkY-Kg8,user_cbd0111ebd1c,True,1728172800,0,netral,0.9432,netral,tanpa_emoji,netral,soraya
gc81ZkY-Kg8,user_c1afae74a91a,True,1728172800,1,negatif,0.9455,positif,tanpa_emoji,negatif,soraya
gc81ZkY-Kg8,user_c320a510ac6f,False,1728172800,1,netral,0.699,netral,tanpa_emoji,netral,soraya
ky6MO1r3UVg,user_e9f234f908ab,False,1728172800,74,negatif,0.997,netral,netral,negatif,soraya
ky6MO1r3UVg,user_9f6e233c53b1,False,1728172800,278,negatif,0.9323,netral,tanpa_emoji,negatif,soraya
ky6MO1r3UVg,user_ad21fd13bfa4,True,1728172800,32,negatif,0.5978,netral,netral,negatif,soraya
ky6MO1r3UVg,user_86c45102e1a9,True,1728172800,0,netral,0.8584,netral,netral,netral,soraya
ky6MO1r3UVg,user_aa8919ed6ca7,True,1728172800,8,negatif,0.9549,netral,netral,negatif,soraya
ky6MO1r3UVg,user_f6f58358b423,True,1728172800,4,negatif,0.9989,netral,netral,negatif,soraya
ky6MO1r3UVg,user_dc6f8105beaa,True,1728172800,2,negatif,0.9934,netral,netral,netral,soraya
ky6MO1r3UVg,user_aac6d76bbb16,True,1728172800,0,negatif,0.9089,netral,tanpa_emoji,negatif,soraya
ky6MO1r3UVg,user_fc98dcae6a4a,True,1728172800,0,negatif,0.9378,netral,tanpa_emoji,negatif,soraya
ky6MO1r3UVg,user_a80d79a0e434,False,1728172800,48,negatif,0.6571,netral,tanpa_emoji,negatif,soraya
ky6MO1r3UVg,user_9d1782a161dd,False,1728172800,244,negatif,0.4063,netral,netral,negatif,soraya
ky6MO1r3UVg,user_85128ec844ec,True,1728172800,3,positif,0.9772,netral,tanpa_emoji,positif,soraya
ky6MO1r3UVg,user_3e646604819a,False,1728172800,29,negatif,0.6474,netral,tanpa_emoji,negatif,soraya
ky6MO1r3UVg,user_e7fd42c10904,False,1728172800,162,negatif,0.9933,netral,tanpa_emoji,negatif,soraya
ky6MO1r3UVg,user_e32b31993b58,True,1728172800,12,netral,0.5017,netral,tanpa_emoji,netral,soraya
ky6MO1r3UVg,user_9ea79cc0beb7,False,1728172800,33,negatif,0.988,netral,netral,negatif,soraya
ky6MO1r3UVg,user_4df5bb5c3bd2,False,1728172800,65,positif,0.9368,positif,positif,positif,soraya
ky6MO1r3UVg,user_d0b7cdf98078,False,1728172800,104,negatif,0.9931,netral,netral,negatif,soraya
ky6MO1r3UVg,user_5ffee9c07144,True,1728172800,2,positif,0.9579,netral,tanpa_emoji,positif,soraya
ky6MO1r3UVg,user_55c28e65a3e8,False,1728172800,104,negatif,0.9964,netral,tanpa_emoji,negatif,soraya
ky6MO1r3UVg,user_ddafd4c2d79f,True,1728172800,0,negatif,0.9973,netral,netral,negatif,soraya
ky6MO1r3UVg,user_3230804b8928,False,1728172800,43,positif,0.4694,positif,positif,positif,soraya
ky6MO1r3UVg,user_d643fda3b5ee,True,1728172800,0,negatif,0.6051,negatif,tanpa_emoji,negatif,soraya
ky6MO1r3UVg,user_3df8fc5d5ed4,False,1728172800,26,negatif,0.9429,netral,tanpa_emoji,negatif,soraya
ky6MO1r3UVg,user_9edb0e8b7c2a,False,1728172800,13,positif,0.9955,positif,tanpa_emoji,positif,soraya
ky6MO1r3UVg,user_0db1d6802285,False,1728172800,24,negatif,0.9297,netral,tanpa_emoji,negatif,soraya
ky6MO1r3UVg,user_67f241110903,False,1728172800,5,positif,0.9696,netral,netral,positif,soraya
ky6MO1r3UVg,user_c3352faa1404,False,1728172800,30,negatif,0.6182,netral,netral,negatif,soraya
ky6MO1r3UVg,user_5b6d05f62f50,False,1728172800,8,negatif,0.8947,netral,netral,negatif,soraya
ky6MO1r3UVg,user_c0643e417230,False,1728172800,5,positif,0.8746,netral,tanpa_emoji,positif,soraya
ky6MO1r3UVg,user_ab49d7d94676,False,1728172800,3,positif,0.9872,positif,positif,positif,soraya
ky6MO1r3UVg,user_f6f58358b423,False,1728172800,6,positif,0.7047,netral,tanpa_emoji,positif,soraya
ky6MO1r3UVg,user_26686a06b95b,False,1728172800,2,negatif,0.9016,netral,tanpa_emoji,negatif,soraya
ky6MO1r3UVg,user_e114ca5e5bcb,False,1728172800,3,negatif,0.9969,netral,tanpa_emoji,negatif,soraya
ky6MO1r3UVg,user_864a39909692,False,1728172800,7,negatif,0.9967,negatif,tanpa_emoji,negatif,soraya
ky6MO1r3UVg,user_847a7706607a,False,1728172800,1,negatif,0.979,negatif,tanpa_emoji,negatif,soraya
ky6MO1r3UVg,user_975f33ad0b97,False,1728172800,2,negatif,0.9839,negatif,negatif,negatif,soraya
ky6MO1r3UVg,user_7262bd494333,False,1728172800,2,negatif,0.6656,positif,tanpa_emoji,negatif,soraya
ky6MO1r3UVg,user_ba6d2ef2c0e4,False,1728172800,0,positif,0.9973,positif,tanpa_emoji,positif,soraya
ky6MO1r3UVg,user_54d20ba02ff1,False,1728172800,2,negatif,0.8416,netral,tanpa_emoji,negatif,soraya
ky6MO1r3UVg,user_141c6d48f147,False,1728172800,1,negatif,0.6065,netral,tanpa_emoji,negatif,soraya
ky6MO1r3UVg,user_bb7adb71eb5a,False,1728172800,1,negatif,0.5557,positif,positif,positif,soraya
ky6MO1r3UVg,user_09b0eb7e05e6,False,1728172800,0,positif,0.9423,netral,netral,positif,soraya
ky6MO1r3UVg,user_7e1625ba7911,False,1728172800,0,positif,0.9546,negatif,netral,positif,soraya
ky6MO1r3UVg,user_b6106c4e6274,False,1728172800,0,positif,0.9288,netral,tanpa_emoji,positif,soraya
ky6MO1r3UVg,user_4484c03efabf,False,1728172800,1,negatif,0.9884,netral,tanpa_emoji,negatif,soraya
ky6MO1r3UVg,user_ab684ec26539,False,1728172800,0,positif,0.9825,positif,tanpa_emoji,positif,soraya
ky6MO1r3UVg,user_be96ea02f380,False,1728172800,0,negatif,0.546,netral,tanpa_emoji,negatif,soraya
ky6MO1r3UVg,user_fbf75be02620,False,1728172800,3,negatif,0.6219,netral,netral,negatif,soraya
ky6MO1r3UVg,user_f9b7753c8427,False,1728172800,0,positif,0.9569,positif,tanpa_emoji,positif,soraya
ky6MO1r3UVg,user_b85a7b719568,False,1728172800,0,negatif,0.9978,negatif,tanpa_emoji,negatif,soraya
ky6MO1r3UVg,user_843724427d71,False,1728172800,0,positif,0.582,netral,tanpa_emoji,positif,soraya
ky6MO1r3UVg,user_7f7c14fb2d1f,False,1728172800,0,negatif,0.698,positif,positif,negatif,soraya
ky6MO1r3UVg,user_33c7d407f40b,False,1728172800,1,negatif,0.9989,positif,netral,negatif,soraya
ky6MO1r3UVg,user_c80dc0e52a22,False,1728172800,1,negatif,0.9965,netral,netral,negatif,soraya
ky6MO1r3UVg,user_a4c09ef5e872,False,1728172800,0,negatif,0.481,netral,tanpa_emoji,negatif,soraya
ky6MO1r3UVg,user_542bfced3cd1,False,1728172800,0,positif,0.8919,positif,positif,positif,soraya
ky6MO1r3UVg,user_a6fad7a5e964,False,1728172800,1,negatif,0.9393,netral,tanpa_emoji,negatif,soraya
ky6MO1r3UVg,user_777d8e31d439,False,1728172800,0,negatif,0.5333,netral,netral,negatif,soraya
ky6MO1r3UVg,user_ddafd4c2d79f,False,1728172800,0,negatif,0.9925,positif,netral,negatif,soraya
ky6MO1r3UVg,user_505410de02ba,False,1728172800,0,negatif,0.9973,netral,netral,negatif,soraya
ky6MO1r3UVg,user_75d19effe6cb,False,1728172800,0,negatif,0.5723,netral,netral,negatif,soraya
ky6MO1r3UVg,user_e5a93e3fdd92,False,1728172800,0,negatif,0.9956,netral,tanpa_emoji,negatif,soraya
ky6MO1r3UVg,user_799ab1b772da,False,1728172800,0,negatif,0.9915,netral,tanpa_emoji,negatif,soraya
ky6MO1r3UVg,user_25116e62f201,False,1728172800,0,negatif,0.9969,netral,tanpa_emoji,negatif,soraya
ky6MO1r3UVg,user_9cc16c0f5f38,False,1728172800,0,negatif,0.9682,netral,netral,negatif,soraya
ky6MO1r3UVg,user_4fd12694f347,False,1728172800,0,positif,0.8612,netral,netral,positif,soraya
ky6MO1r3UVg,user_4374dfca59db,False,1728172800,1,negatif,0.8916,netral,tanpa_emoji,negatif,soraya
ky6MO1r3UVg,user_e9ad102cfa5e,False,1728172800,0,negatif,0.505,netral,netral,negatif,soraya
ky6MO1r3UVg,user_9a7ca2f86f2a,False,1728172800,0,negatif,0.9924,netral,tanpa_emoji,negatif,soraya
ky6MO1r3UVg,user_3d2723f386ef,False,1728172800,0,negatif,0.9684,netral,tanpa_emoji,negatif,soraya
ky6MO1r3UVg,user_95686fe1c9f7,False,1728172800,0,negatif,0.9895,netral,netral,negatif,soraya
ky6MO1r3UVg,user_56e22f4ac8bb,False,1728172800,0,negatif,0.9969,netral,netral,negatif,soraya
ky6MO1r3UVg,user_0e2eda0b7f73,False,1728172800,1,negatif,0.7298,netral,netral,negatif,soraya
ky6MO1r3UVg,user_e81e15166de3,False,1728172800,0,negatif,0.5532,netral,netral,negatif,soraya
ky6MO1r3UVg,user_aa0bfca69ea2,False,1728172800,0,negatif,0.964,netral,tanpa_emoji,negatif,soraya
ky6MO1r3UVg,user_2aedde9b8d0c,False,1728172800,0,positif,0.9377,netral,netral,positif,soraya
ky6MO1r3UVg,user_f39c15552b62,False,1728172800,0,netral,0.9412,netral,tanpa_emoji,netral,soraya
ky6MO1r3UVg,user_190ed3d713d9,True,1728172800,0,negatif,0.5447,netral,tanpa_emoji,negatif,soraya
ky6MO1r3UVg,user_e24cadbe4dbe,False,1728172800,0,negatif,0.9683,netral,netral,negatif,soraya
ky6MO1r3UVg,user_ddb0b0de4d5e,False,1728172800,4,negatif,0.9979,netral,netral,negatif,soraya
ky6MO1r3UVg,user_43e46b52c26f,False,1728172800,0,netral,0.9192,netral,tanpa_emoji,netral,soraya
ky6MO1r3UVg,user_d618c596781b,False,1728172800,8,negatif,0.8085,netral,tanpa_emoji,negatif,soraya
ky6MO1r3UVg,user_ad3f26a7e5f6,True,1728172800,0,negatif,0.9203,netral,netral,netral,soraya
ky6MO1r3UVg,user_77e1463935a4,False,1728172800,9,negatif,0.9738,netral,tanpa_emoji,negatif,soraya
ky6MO1r3UVg,user_7262bd494333,True,1728172800,0,negatif,0.8935,netral,netral,negatif,soraya
ky6MO1r3UVg,user_374ea5b730fc,False,1728172800,0,negatif,0.9851,negatif,netral,negatif,soraya
ky6MO1r3UVg,user_820099c7cab7,False,1728172800,0,positif,0.9722,netral,netral,positif,soraya
ky6MO1r3UVg,user_877643ffb990,False,1728172800,0,negatif,0.9853,netral,netral,negatif,soraya
ky6MO1r3UVg,user_41d6f35074be,False,1728172800,0,negatif,0.5485,netral,tanpa_emoji,negatif,soraya
ky6MO1r3UVg,user_b1d48e2020c5,False,1728172800,0,negatif,0.9462,positif,netral,negatif,soraya
ky6MO1r3UVg,user_acf3beca2ea5,False,1728172800,1,netral,0.9752,netral,tanpa_emoji,netral,soraya
ky6MO1r3UVg,user_a1ae9dc98e44,False,1728172800,0,negatif,0.5044,netral,netral,negatif,soraya
ky6MO1r3UVg,user_c6368f40bc78,False,1728172800,0,negatif,0.8238,netral,netral,negatif,soraya
ky6MO1r3UVg,user_f64f1afce35e,False,1728172800,0,negatif,0.9973,netral,tanpa_emoji,negatif,soraya
ky6MO1r3UVg,user_24240337e345,False,1728172800,1,positif,0.4362,netral,tanpa_emoji,positif,soraya
ky6MO1r3UVg,user_0ae1cebcd2bc,False,1728172800,0,netral,0.5734,netral,tanpa_emoji,netral,soraya
ky6MO1r3UVg,user_f39208699ad9,False,1728172800,0,positif,0.598,netral,tanpa_emoji,positif,soraya
ky6MO1r3UVg,user_8c623360d1f1,False,1728172800,0,negatif,0.9759,netral,netral,negatif,soraya
ky6MO1r3UVg,user_2ef6e6a1ed15,False,1728172800,0,negatif,0.9628,positif,tanpa_emoji,negatif,soraya
ky6MO1r3UVg,user_eb1f58a76a65,False,1728172800,0,negatif,0.9983,netral,tanpa_emoji,negatif,soraya
ky6MO1r3UVg,user_698bfcf4f14c,False,1728172800,5,netral,0.6364,netral,tanpa_emoji,netral,soraya
ky6MO1r3UVg,user_27f3f8cb486b,False,1728172800,0,positif,0.9725,netral,netral,positif,soraya
ky6MO1r3UVg,user_5f5e05f840ec,False,1728172800,0,negatif,0.9846,netral,netral,negatif,soraya
ky6MO1r3UVg,user_f1b5c9108960,False,1728172800,0,negatif,0.7796,netral,netral,negatif,soraya
ky6MO1r3UVg,user_4f5d7f3d3611,False,1728172800,0,negatif,0.5776,positif,positif,positif,soraya
ky6MO1r3UVg,user_18d548798213,False,1728172800,2,positif,0.6195,positif,tanpa_emoji,positif,soraya
ky6MO1r3UVg,user_7ff59d3cb4d4,False,1728172800,0,negatif,0.8041,netral,netral,negatif,soraya
ky6MO1r3UVg,user_ac766734fbd4,False,1728172800,0,negatif,0.986,netral,netral,negatif,soraya
ky6MO1r3UVg,user_6633b860ac92,False,1728172800,0,negatif,0.9918,negatif,tanpa_emoji,negatif,soraya
ky6MO1r3UVg,user_dad8699c196e,False,1728172800,0,negatif,0.9895,positif,tanpa_emoji,negatif,soraya
ky6MO1r3UVg,user_da7148e74e71,False,1728172800,0,negatif,0.9921,netral,netral,negatif,soraya
ky6MO1r3UVg,user_6009a41c9f88,False,1728172800,1,negatif,0.9978,netral,netral,negatif,soraya
ky6MO1r3UVg,user_88e0b03744fe,False,1728172800,1,negatif,0.9982,netral,netral,negatif,soraya
ky6MO1r3UVg,user_6aaf9d3a55f2,False,1728172800,0,negatif,0.8066,negatif,tanpa_emoji,negatif,soraya
ky6MO1r3UVg,user_7125e5c40ce1,False,1728172800,0,netral,0.5705,netral,tanpa_emoji,netral,soraya
ky6MO1r3UVg,user_67db34baea12,False,1728172800,0,negatif,0.9767,negatif,tanpa_emoji,negatif,soraya
ky6MO1r3UVg,user_f80f57a2be1c,False,1728172800,0,negatif,0.9915,netral,tanpa_emoji,negatif,soraya
ky6MO1r3UVg,user_d643fda3b5ee,False,1728172800,0,negatif,0.9748,negatif,netral,negatif,soraya
ky6MO1r3UVg,user_60a055bd36be,False,1728172800,0,negatif,0.9873,netral,netral,negatif,soraya
ky6MO1r3UVg,user_5e916a277425,False,1728172800,4,negatif,0.9905,positif,tanpa_emoji,negatif,soraya
ky6MO1r3UVg,user_8658766bc074,False,1728172800,0,negatif,0.8977,positif,tanpa_emoji,negatif,soraya
ky6MO1r3UVg,user_6839dfd9d0f9,False,1728172800,0,negatif,0.9963,netral,tanpa_emoji,negatif,soraya
ky6MO1r3UVg,user_142ef21ec4f5,False,1728172800,0,netral,0.5457,netral,netral,netral,soraya
ky6MO1r3UVg,user_9ab2a7f312d7,False,1728172800,0,negatif,0.9386,netral,netral,negatif,soraya
ky6MO1r3UVg,user_1543407a2317,False,1728172800,0,negatif,0.7981,netral,netral,negatif,soraya
ky6MO1r3UVg,user_692e57cda862,False,1728172800,0,netral,0.6687,netral,tanpa_emoji,netral,soraya
ky6MO1r3UVg,user_d643757baf4f,False,1728172800,0,negatif,0.9575,netral,tanpa_emoji,negatif,soraya
ky6MO1r3UVg,user_d643757baf4f,True,1728172800,0,negatif,0.9987,netral,netral,negatif,soraya
ky6MO1r3UVg,user_f5dafeed5bb8,False,1728172800,0,negatif,0.9951,netral,netral,negatif,soraya
ky6MO1r3UVg,user_1c3eb81655cf,False,1728172800,0,negatif,0.9991,netral,netral,negatif,soraya
ky6MO1r3UVg,user_80e43e8b73d8,False,1728172800,0,negatif,0.9492,negatif,tanpa_emoji,negatif,soraya
ky6MO1r3UVg,user_dbb852b181a2,True,1728172800,0,netral,0.884,netral,tanpa_emoji,netral,soraya
ky6MO1r3UVg,user_80e43e8b73d8,True,1728172800,0,netral,0.9704,netral,tanpa_emoji,netral,soraya
ky6MO1r3UVg,user_87f0fb7a5191,False,1728172800,0,negatif,0.9867,netral,netral,negatif,soraya
ky6MO1r3UVg,user_211b5c03bfe2,False,1728172800,0,negatif,0.998,netral,tanpa_emoji,negatif,soraya
ky6MO1r3UVg,user_d675262779fd,False,1728172800,0,negatif,0.999,negatif,negatif,negatif,soraya
ky6MO1r3UVg,user_0ae9acd63ff1,False,1728172800,0,negatif,0.9913,negatif,tanpa_emoji,negatif,soraya
ky6MO1r3UVg,user_bc4a4e462e38,False,1728172800,0,negatif,0.9979,negatif,tanpa_emoji,negatif,soraya
ky6MO1r3UVg,user_15d2c809b7b1,True,1728172800,0,negatif,0.9934,netral,tanpa_emoji,negatif,soraya
ky6MO1r3UVg,user_8b9b42229de7,False,1728172800,0,negatif,0.9838,netral,tanpa_emoji,negatif,soraya
ky6MO1r3UVg,user_0b09ca5e2986,False,1728172800,0,negatif,0.9888,netral,tanpa_emoji,negatif,soraya
ky6MO1r3UVg,user_88e0b03744fe,True,1728172800,1,negatif,0.9961,netral,tanpa_emoji,negatif,soraya
ky6MO1r3UVg,user_8197465e0d17,True,1728172800,0,negatif,0.8689,netral,tanpa_emoji,negatif,soraya
ky6MO1r3UVg,user_e68fbae56bd5,False,1728172800,0,negatif,0.9337,netral,tanpa_emoji,negatif,soraya
ky6MO1r3UVg,user_3f2178d17af1,False,1728172800,0,negatif,0.9995,negatif,tanpa_emoji,negatif,soraya
ky6MO1r3UVg,user_51d27e1a68f3,True,1728172800,0,negatif,0.618,netral,tanpa_emoji,negatif,soraya
u16-sKOCTUo,user_4a437588bf68,False,1770336000,86,positif,0.993,positif,positif,positif,soraya
u16-sKOCTUo,user_96b53e8b8cb0,False,1770336000,90,positif,0.5323,negatif,tanpa_emoji,positif,soraya
u16-sKOCTUo,user_731461325f99,False,1770336000,252,positif,0.9843,positif,tanpa_emoji,positif,soraya
u16-sKOCTUo,user_efe174a155c1,True,1770336000,9,negatif,0.9431,netral,tanpa_emoji,negatif,soraya
u16-sKOCTUo,user_56db94c28110,True,1770336000,4,negatif,0.9882,negatif,tanpa_emoji,negatif,soraya
u16-sKOCTUo,user_9477dc5b8605,True,1772755200,3,netral,0.8178,positif,tanpa_emoji,netral,soraya
u16-sKOCTUo,user_ea9b87cebea9,True,1775433600,1,netral,0.9852,netral,tanpa_emoji,netral,soraya
u16-sKOCTUo,user_274df474eef2,True,1770336000,4,negatif,0.9881,netral,tanpa_emoji,negatif,soraya
u16-sKOCTUo,user_40afe012c8c5,True,1770336000,3,negatif,0.9918,netral,tanpa_emoji,negatif,soraya
u16-sKOCTUo,user_4f54c094e941,True,1772755200,2,negatif,0.9977,positif,positif,negatif,soraya
u16-sKOCTUo,user_a86f2cca6ce7,True,1775433600,1,netral,0.6364,netral,tanpa_emoji,netral,soraya
u16-sKOCTUo,user_e6f7ec505c86,False,1770336000,351,positif,0.9957,netral,tanpa_emoji,positif,soraya
u16-sKOCTUo,user_3120a5489793,True,1770336000,13,positif,0.818,netral,tanpa_emoji,positif,soraya
u16-sKOCTUo,user_eac9eedb6f83,True,1770336000,2,negatif,0.9346,netral,netral,negatif,soraya
u16-sKOCTUo,user_52d0e3842b8f,True,1770336000,2,negatif,0.8915,positif,netral,negatif,soraya
u16-sKOCTUo,user_fa27875b431c,True,1770336000,6,positif,0.8626,positif,positif,positif,soraya
u16-sKOCTUo,user_50ec8b106f1c,True,1770336000,4,positif,0.6456,netral,tanpa_emoji,positif,soraya
u16-sKOCTUo,user_f96b14d1d834,True,1770336000,4,netral,0.504,netral,netral,netral,soraya
u16-sKOCTUo,user_0e3defc87c8f,True,1770336000,3,negatif,0.997,netral,tanpa_emoji,negatif,soraya
u16-sKOCTUo,user_dfa19097c774,True,1770336000,3,negatif,0.8442,netral,tanpa_emoji,negatif,soraya
u16-sKOCTUo,user_0282d2efacc9,True,1770336000,3,negatif,0.8775,netral,tanpa_emoji,negatif,soraya
u16-sKOCTUo,user_4092324b7f99,True,1770336000,2,negatif,0.9569,netral,tanpa_emoji,negatif,soraya
u16-sKOCTUo,user_63fe85dde909,True,1770336000,1,negatif,0.9301,netral,tanpa_emoji,negatif,soraya
u16-sKOCTUo,user_f7e18eea1255,True,1770336000,1,negatif,0.9982,negatif,tanpa_emoji,negatif,soraya
u16-sKOCTUo,user_f96b14d1d834,True,1770336000,1,negatif,0.9802,negatif,tanpa_emoji,negatif,soraya
u16-sKOCTUo,user_3289ae41b28a,True,1770336000,1,negatif,0.9991,negatif,tanpa_emoji,negatif,soraya
u16-sKOCTUo,user_88fdc7b0a436,True,1772755200,1,negatif,0.9293,positif,positif,positif,soraya
u16-sKOCTUo,user_058918dd1471,True,1772755200,1,negatif,0.7486,positif,positif,positif,soraya
u16-sKOCTUo,user_4f54c094e941,True,1772755200,1,negatif,0.6945,netral,tanpa_emoji,negatif,soraya
u16-sKOCTUo,user_a86f2cca6ce7,True,1775433600,1,netral,0.6364,netral,tanpa_emoji,netral,soraya
u16-sKOCTUo,user_e3c6e12095db,True,1775433600,1,negatif,0.9938,negatif,tanpa_emoji,negatif,soraya
u16-sKOCTUo,user_ee5aeda2e0b0,True,1778025600,1,negatif,0.995,netral,tanpa_emoji,negatif,soraya
u16-sKOCTUo,user_cd48e90bcd90,True,1770336000,4,negatif,0.6911,negatif,tanpa_emoji,negatif,soraya
u16-sKOCTUo,user_afdf09b12f52,True,1770336000,3,negatif,0.7907,positif,tanpa_emoji,negatif,soraya
u16-sKOCTUo,user_4121711f64bc,True,1770336000,1,negatif,0.9126,positif,positif,negatif,soraya
u16-sKOCTUo,user_b70571b622cc,True,1772755200,1,positif,0.6284,positif,tanpa_emoji,positif,soraya
u16-sKOCTUo,user_230984b93062,False,1770336000,22,negatif,0.9409,positif,tanpa_emoji,negatif,soraya
u16-sKOCTUo,user_4c7f6a9a4827,False,1770336000,26,netral,0.7984,netral,tanpa_emoji,netral,soraya
u16-sKOCTUo,user_e248206b734d,False,1770336000,177,positif,0.9804,positif,positif,positif,soraya
u16-sKOCTUo,user_7bd81deff8ed,True,1772755200,3,negatif,0.8843,negatif,tanpa_emoji,negatif,soraya
u16-sKOCTUo,user_a86f2cca6ce7,True,1775433600,1,netral,0.6364,netral,tanpa_emoji,netral,soraya
u16-sKOCTUo,user_768e0c302690,False,1770336000,16,positif,0.5184,netral,tanpa_emoji,positif,soraya
u16-sKOCTUo,user_2dd7b3f2c182,False,1770336000,11,positif,0.6934,netral,tanpa_emoji,positif,soraya
u16-sKOCTUo,user_382072f2acf8,False,1770336000,59,positif,0.9525,netral,tanpa_emoji,positif,soraya
u16-sKOCTUo,user_635532b89799,True,1770336000,3,negatif,0.9899,negatif,tanpa_emoji,negatif,soraya
u16-sKOCTUo,user_5b009862ee12,True,1770336000,10,positif,0.6086,positif,tanpa_emoji,positif,soraya
u16-sKOCTUo,user_635532b89799,True,1770336000,2,negatif,0.66,netral,tanpa_emoji,negatif,soraya
u16-sKOCTUo,user_5b009862ee12,True,1770336000,4,positif,0.4757,positif,tanpa_emoji,positif,soraya
u16-sKOCTUo,user_dc5675d8de79,True,1772755200,1,negatif,0.5586,negatif,tanpa_emoji,negatif,soraya
u16-sKOCTUo,user_635532b89799,True,1772755200,1,negatif,0.5945,netral,tanpa_emoji,negatif,soraya
u16-sKOCTUo,user_37929d7eb859,False,1775433600,2,positif,0.9746,positif,tanpa_emoji,positif,soraya
u16-sKOCTUo,user_96b53e8b8cb0,False,1770336000,43,negatif,0.9938,positif,tanpa_emoji,negatif,soraya
u16-sKOCTUo,user_ae75f2cbab3d,True,1770336000,5,negatif,0.604,netral,tanpa_emoji,negatif,soraya
u16-sKOCTUo,user_a342a37f96f6,False,1775433600,2,negatif,0.8984,netral,tanpa_emoji,negatif,soraya
u16-sKOCTUo,user_75b9219f50c4,False,1770336000,8,positif,0.993,netral,netral,positif,soraya
u16-sKOCTUo,user_613f31e58333,False,1770336000,36,positif,0.8184,positif,positif,positif,soraya
u16-sKOCTUo,user_95f9f4cc486f,True,1770336000,0,negatif,0.6547,netral,tanpa_emoji,negatif,soraya
u16-sKOCTUo,user_7a79ef749e55,False,1775433600,3,positif,0.9963,positif,positif,positif,soraya
u16-sKOCTUo,user_3f0ffe022ce3,False,1770336000,5,positif,0.9985,positif,positif,positif,soraya
u16-sKOCTUo,user_a122c1ab32e2,False,1770336000,3,positif,0.9833,positif,positif,positif,soraya
u16-sKOCTUo,user_2e1ecc66c9cb,False,1770336000,3,negatif,0.9937,positif,positif,negatif,soraya
u16-sKOCTUo,user_5d76042cf236,False,1770336000,6,positif,0.7828,positif,positif,positif,soraya
u16-sKOCTUo,user_e9366e813827,False,1770336000,7,negatif,0.9923,positif,positif,negatif,soraya
u16-sKOCTUo,user_d38dbf198243,False,1775433600,2,positif,0.9963,positif,positif,positif,soraya
u16-sKOCTUo,user_e4496d55e3ee,False,1775433600,1,netral,0.6947,positif,positif,netral,soraya
u16-sKOCTUo,user_a82c2da81204,False,1770336000,2,positif,0.9843,positif,tanpa_emoji,positif,soraya
u16-sKOCTUo,user_941bdb90ae2f,False,1770336000,3,positif,0.9987,positif,tanpa_emoji,positif,soraya
u16-sKOCTUo,user_4b36c193e0e3,False,1775433600,1,positif,0.9964,positif,positif,positif,soraya
u16-sKOCTUo,user_5d76042cf236,False,1770336000,15,positif,0.9706,positif,positif,positif,soraya
u16-sKOCTUo,user_5747ad659077,False,1772755200,2,positif,0.9974,positif,positif,positif,soraya
u16-sKOCTUo,user_cf736b57a1d8,False,1775433600,1,positif,0.4858,positif,tanpa_emoji,positif,soraya
u16-sKOCTUo,user_afc1f634ff04,False,1772755200,3,positif,0.9984,positif,tanpa_emoji,positif,soraya
u16-sKOCTUo,user_cb492885bf0f,False,1770336000,2,positif,0.9581,positif,tanpa_emoji,positif,soraya
u16-sKOCTUo,user_a3ed94a1b3e6,False,1770336000,89,positif,0.9657,positif,tanpa_emoji,positif,soraya
u16-sKOCTUo,user_82ab53eb1877,True,1770336000,6,netral,0.4375,positif,tanpa_emoji,netral,soraya
u16-sKOCTUo,user_c05832f40fa2,True,1770336000,6,netral,0.9934,netral,tanpa_emoji,netral,soraya
u16-sKOCTUo,user_3c235960a22e,True,1770336000,5,positif,0.4389,negatif,tanpa_emoji,positif,soraya
u16-sKOCTUo,user_8cadf6b0cde1,True,1772755200,5,netral,0.5667,netral,tanpa_emoji,netral,soraya
u16-sKOCTUo,user_e11eadace8a0,True,1772755200,7,negatif,0.8499,netral,tanpa_emoji,negatif,soraya
u16-sKOCTUo,user_a8acdf6f858f,True,1775433600,2,negatif,0.6095,netral,tanpa_emoji,negatif,soraya
u16-sKOCTUo,user_ea9b87cebea9,True,1775433600,1,negatif,0.9401,negatif,tanpa_emoji,negatif,soraya
u16-sKOCTUo,user_9be4fb42b0dc,False,1770336000,2,positif,0.986,positif,tanpa_emoji,positif,soraya
u16-sKOCTUo,user_364f3b3006a3,False,1775433600,1,positif,0.9817,netral,tanpa_emoji,positif,soraya
u16-sKOCTUo,user_4a11b0ad883a,False,1770336000,2,positif,0.9522,positif,positif,positif,soraya
u16-sKOCTUo,user_2b4d0dd443b0,False,1778025600,1,negatif,0.6338,positif,tanpa_emoji,negatif,soraya
u16-sKOCTUo,user_1b01fa8c7c81,False,1775433600,1,positif,0.8379,positif,tanpa_emoji,positif,soraya
u16-sKOCTUo,user_5e2310e2256f,False,1770336000,2,positif,0.994,positif,tanpa_emoji,positif,soraya
u16-sKOCTUo,user_5d2747201485,False,1770336000,2,positif,0.9799,positif,positif,positif,soraya
u16-sKOCTUo,user_e772334b2987,False,1770336000,15,positif,0.9845,positif,positif,positif,soraya
u16-sKOCTUo,user_97f494acc5f6,True,1772755200,0,negatif,0.9461,netral,tanpa_emoji,negatif,soraya
u16-sKOCTUo,user_e772334b2987,True,1772755200,0,negatif,0.8592,netral,tanpa_emoji,negatif,soraya
u16-sKOCTUo,user_6c17536d8db4,False,1770336000,2,positif,0.9696,netral,netral,positif,soraya
u16-sKOCTUo,user_6e479891c137,False,1775433600,1,positif,0.9872,positif,tanpa_emoji,positif,soraya
u16-sKOCTUo,user_5a8f02ea92d9,False,1770336000,1,negatif,0.9663,positif,tanpa_emoji,negatif,soraya
u16-sKOCTUo,user_240a72428aec,False,1770336000,1,positif,0.9974,positif,tanpa_emoji,positif,soraya
u16-sKOCTUo,user_12c164f65f08,False,1770336000,1,netral,0.8654,positif,positif,netral,soraya
u16-sKOCTUo,user_2027f5e4c650,False,1770336000,1,positif,0.9931,positif,tanpa_emoji,positif,soraya
u16-sKOCTUo,user_788817f74262,False,1770336000,2,negatif,0.9102,netral,tanpa_emoji,negatif,soraya
u16-sKOCTUo,user_8fa99eb6bf0e,False,1770336000,1,positif,0.5372,netral,tanpa_emoji,positif,soraya
u16-sKOCTUo,user_ec7e151a728e,False,1770336000,1,positif,0.9938,positif,tanpa_emoji,positif,soraya
u16-sKOCTUo,user_00effaffa79a,False,1770336000,1,netral,0.9726,netral,tanpa_emoji,netral,soraya
u16-sKOCTUo,user_cf736b57a1d8,False,1775433600,1,netral,0.6406,netral,tanpa_emoji,netral,soraya
u16-sKOCTUo,user_fc7dadfcb2e2,False,1770336000,1,positif,0.9001,positif,netral,positif,soraya
u16-sKOCTUo,user_288c8fc87588,False,1770336000,7,negatif,0.9988,netral,netral,negatif,soraya
u16-sKOCTUo,user_6cf9aaf6158e,False,1770336000,1,positif,0.862,positif,positif,positif,soraya
u16-sKOCTUo,user_04be50569675,False,1770336000,1,positif,0.8127,netral,tanpa_emoji,positif,soraya
u16-sKOCTUo,user_b8dfe91c7a74,False,1775433600,1,positif,0.9971,positif,tanpa_emoji,positif,soraya
u16-sKOCTUo,user_71c4dc1d194b,False,1775433600,0,positif,0.5722,positif,positif,positif,soraya
u16-sKOCTUo,user_24efec8a2e26,False,1770336000,1,positif,0.8799,netral,tanpa_emoji,positif,soraya
u16-sKOCTUo,user_538f8c840739,False,1770336000,1,positif,0.9618,netral,tanpa_emoji,positif,soraya
u16-sKOCTUo,user_860c0745f267,False,1770336000,0,positif,0.9876,positif,tanpa_emoji,positif,soraya
u16-sKOCTUo,user_3d92f3f339a0,False,1772755200,0,positif,0.9954,positif,tanpa_emoji,positif,soraya
u16-sKOCTUo,user_9eba6ee37f75,False,1770336000,18,positif,0.9916,positif,positif,positif,soraya
u16-sKOCTUo,user_fe2b7548a48b,True,1772755200,0,negatif,0.8084,positif,netral,negatif,soraya
u16-sKOCTUo,user_a86f2cca6ce7,True,1775433600,0,netral,0.6364,netral,tanpa_emoji,netral,soraya
u16-sKOCTUo,user_79ef92ddea13,False,1770336000,0,positif,0.6071,positif,positif,positif,soraya
u16-sKOCTUo,user_60f5b13d3cec,False,1775433600,1,negatif,0.8321,netral,tanpa_emoji,negatif,soraya
u16-sKOCTUo,user_9ec21a4c7139,False,1770336000,1,positif,0.9635,positif,positif,positif,soraya
u16-sKOCTUo,user_e8defab16112,False,1770336000,0,negatif,0.5096,positif,positif,positif,soraya
u16-sKOCTUo,user_e64d0e6238ba,False,1770336000,0,negatif,0.5564,netral,netral,negatif,soraya
u16-sKOCTUo,user_ea56157a4d2d,False,1785974400,0,positif,0.9968,positif,tanpa_emoji,positif,soraya
u16-sKOCTUo,user_cc856fda905b,False,1772755200,0,positif,0.977,positif,positif,positif,soraya
u16-sKOCTUo,user_a12025f4b783,False,1770336000,1,positif,0.9814,positif,tanpa_emoji,positif,soraya
u16-sKOCTUo,user_380d5d1c45a6,False,1770336000,1,negatif,0.8252,positif,positif,negatif,soraya
u16-sKOCTUo,user_cd7ef31cd398,False,1770336000,0,positif,0.9016,positif,positif,positif,soraya
u16-sKOCTUo,user_3b939ee5aefd,False,1770336000,5,positif,0.9878,positif,positif,positif,soraya
u16-sKOCTUo,user_bf5e330c9633,True,1770336000,0,netral,0.8768,negatif,tanpa_emoji,netral,soraya
u16-sKOCTUo,user_6441fbcc3e92,False,1770336000,1,netral,0.6484,positif,positif,netral,soraya
u16-sKOCTUo,user_c15cb704a906,False,1770336000,1,positif,0.9974,netral,tanpa_emoji,positif,soraya
u16-sKOCTUo,user_b838f6fd99e1,False,1772755200,0,positif,0.9931,positif,positif,positif,soraya
u16-sKOCTUo,user_bf47a8ace445,False,1770336000,0,positif,0.8755,netral,tanpa_emoji,positif,soraya
u16-sKOCTUo,user_7eeff976ac40,False,1772755200,0,positif,0.8292,positif,positif,positif,soraya
u16-sKOCTUo,user_ad73b4ad1462,False,1770336000,1,positif,0.9835,positif,positif,positif,soraya
u16-sKOCTUo,user_b653f376f4d7,False,1770336000,0,negatif,0.999,negatif,tanpa_emoji,negatif,soraya
u16-sKOCTUo,user_77ed5f2b0006,False,1770336000,1,netral,0.717,netral,tanpa_emoji,netral,soraya
u16-sKOCTUo,user_67fdfb6da5d1,False,1770336000,0,positif,0.9609,positif,tanpa_emoji,positif,soraya
u16-sKOCTUo,user_8f0fcd89d081,False,1770336000,0,positif,0.994,positif,tanpa_emoji,positif,soraya
u16-sKOCTUo,user_e8516b2c9f75,False,1770336000,0,positif,0.9891,positif,tanpa_emoji,positif,soraya
u16-sKOCTUo,user_bbe8d4ffe910,False,1770336000,4,negatif,0.8515,netral,netral,negatif,soraya
u16-sKOCTUo,user_f9b8612c60b4,False,1770336000,0,positif,0.9008,positif,tanpa_emoji,positif,soraya
u16-sKOCTUo,user_f465f4791e85,False,1772755200,0,positif,0.9943,positif,positif,positif,soraya
u16-sKOCTUo,user_159bab2562de,False,1770336000,0,positif,0.9044,positif,tanpa_emoji,positif,soraya
u16-sKOCTUo,user_f9bad6bbdf72,False,1772755200,0,negatif,0.9907,netral,tanpa_emoji,negatif,soraya
u16-sKOCTUo,user_a3cd33bb941f,False,1770336000,1,netral,0.4526,positif,positif,positif,soraya
u16-sKOCTUo,user_8469d8799655,False,1772755200,0,negatif,0.9687,netral,tanpa_emoji,negatif,soraya
u16-sKOCTUo,user_3cb44d256a2c,False,1770336000,0,positif,0.9844,positif,positif,positif,soraya
u16-sKOCTUo,user_a7f786f70792,False,1770336000,0,positif,0.9645,positif,tanpa_emoji,positif,soraya
u16-sKOCTUo,user_d6e03baace0f,False,1770336000,0,positif,0.9987,positif,positif,positif,soraya
u16-sKOCTUo,user_a79d80543788,False,1772755200,0,positif,0.8751,positif,tanpa_emoji,positif,soraya
u16-sKOCTUo,user_87b72a6a1241,False,1770336000,0,netral,0.8864,positif,tanpa_emoji,netral,soraya
u16-sKOCTUo,user_f43de6e73481,False,1770336000,0,positif,0.5942,netral,netral,positif,soraya
u16-sKOCTUo,user_8bcc1b729fa4,False,1775433600,0,positif,0.9,positif,tanpa_emoji,positif,soraya
u16-sKOCTUo,user_f15592f30920,False,1770336000,1,positif,0.9677,positif,netral,positif,soraya
u16-sKOCTUo,user_c78fa7b7af4e,False,1772755200,0,negatif,0.8469,netral,tanpa_emoji,negatif,soraya
u16-sKOCTUo,user_f6f3feadf657,False,1772755200,0,positif,0.8541,positif,positif,positif,soraya
u16-sKOCTUo,user_1eaa8aec91da,False,1770336000,1,positif,0.5981,netral,netral,positif,soraya
u16-sKOCTUo,user_45a1b5aa62df,False,1770336000,0,netral,0.463,positif,positif,positif,soraya
u16-sKOCTUo,user_d314aa3b5027,False,1772755200,0,positif,0.7731,positif,tanpa_emoji,positif,soraya
u16-sKOCTUo,user_d6724a132b5c,False,1770336000,0,netral,0.8903,netral,tanpa_emoji,netral,soraya
u16-sKOCTUo,user_31c4c2583574,False,1772755200,0,netral,0.9445,positif,positif,netral,soraya
u16-sKOCTUo,user_82b6cbf529e6,False,1772755200,0,negatif,0.9986,netral,tanpa_emoji,negatif,soraya
u16-sKOCTUo,user_50ec8b106f1c,False,1770336000,0,positif,0.8768,netral,tanpa_emoji,positif,soraya
u16-sKOCTUo,user_f45b715eb83d,False,1770336000,0,positif,0.853,positif,tanpa_emoji,positif,soraya
u16-sKOCTUo,user_7b2868bd2504,False,1770336000,1,netral,0.4178,netral,tanpa_emoji,netral,soraya
u16-sKOCTUo,user_06139c38c367,False,1770336000,0,positif,0.9845,positif,positif,positif,soraya
u16-sKOCTUo,user_5c243742a5e5,False,1772755200,0,negatif,0.5307,netral,tanpa_emoji,negatif,soraya
u16-sKOCTUo,user_decdc41f8f24,False,1770336000,0,positif,0.8415,positif,tanpa_emoji,positif,soraya
u16-sKOCTUo,user_ce9d553d76c0,False,1770336000,0,negatif,0.9603,positif,tanpa_emoji,negatif,soraya
u16-sKOCTUo,user_8708fa72c16a,False,1770336000,0,netral,0.9833,netral,tanpa_emoji,netral,soraya
u16-sKOCTUo,user_4f54c094e941,False,1772755200,0,netral,0.7175,positif,positif,netral,soraya
u16-sKOCTUo,user_b6ad1804ebe1,False,1772755200,0,positif,0.9936,positif,positif,positif,soraya
u16-sKOCTUo,user_3b644a1235af,False,1770336000,0,negatif,0.683,netral,tanpa_emoji,negatif,soraya
u16-sKOCTUo,user_5170fd342404,False,1770336000,0,positif,0.985,positif,tanpa_emoji,positif,soraya
u16-sKOCTUo,user_461c4f70fce7,False,1770336000,0,netral,0.5099,positif,positif,positif,soraya
u16-sKOCTUo,user_f3aa0df389cb,False,1772755200,0,positif,0.9805,positif,tanpa_emoji,positif,soraya
u16-sKOCTUo,user_7429034f5c72,False,1770336000,0,positif,0.9782,positif,positif,positif,soraya
u16-sKOCTUo,user_a5d62d229d2e,False,1770336000,0,positif,0.9929,positif,tanpa_emoji,positif,soraya
u16-sKOCTUo,user_3363a43eb8fa,False,1770336000,0,positif,0.9619,netral,tanpa_emoji,positif,soraya
u16-sKOCTUo,user_6df3dd360476,False,1770336000,0,negatif,0.9982,netral,tanpa_emoji,negatif,soraya
u16-sKOCTUo,user_674f9c5298d8,False,1770336000,1,positif,0.4726,positif,tanpa_emoji,positif,soraya
u16-sKOCTUo,user_5c8ec8610038,False,1772755200,0,positif,0.9972,positif,tanpa_emoji,positif,soraya
u16-sKOCTUo,user_36376e5a3c8e,False,1770336000,0,positif,0.9263,positif,positif,positif,soraya
u16-sKOCTUo,user_23123a1b1696,False,1770336000,0,positif,0.9822,positif,tanpa_emoji,positif,soraya
u16-sKOCTUo,user_17b2bd005d4b,False,1770336000,1,negatif,0.8443,netral,tanpa_emoji,negatif,soraya
u16-sKOCTUo,user_3a647e224994,False,1770336000,0,negatif,0.848,netral,tanpa_emoji,negatif,soraya
u16-sKOCTUo,user_926f4ee96ce3,False,1770336000,4,netral,0.4737,positif,positif,positif,soraya
u16-sKOCTUo,user_b883d3abf4dc,True,1770336000,0,negatif,0.7171,positif,tanpa_emoji,negatif,soraya
u16-sKOCTUo,user_0f17931e5a11,False,1770336000,0,negatif,0.9717,positif,positif,negatif,soraya
u16-sKOCTUo,user_d47abfa9a186,False,1770336000,0,positif,0.9962,positif,tanpa_emoji,positif,soraya
u16-sKOCTUo,user_3dd30415ccfb,False,1770336000,0,positif,0.5354,positif,positif,positif,soraya
u16-sKOCTUo,user_3896035c2b56,False,1775433600,1,negatif,0.9649,netral,tanpa_emoji,negatif,soraya
u16-sKOCTUo,user_7944ed23d06a,False,1772755200,0,positif,0.9915,positif,tanpa_emoji,positif,soraya
u16-sKOCTUo,user_b130e1298f70,False,1775433600,0,negatif,0.9977,netral,tanpa_emoji,negatif,soraya
u16-sKOCTUo,user_26f6b516f8d3,False,1770336000,0,netral,0.5416,netral,tanpa_emoji,netral,soraya
u16-sKOCTUo,user_6694edad867c,False,1770336000,0,positif,0.9937,positif,tanpa_emoji,positif,soraya
u16-sKOCTUo,user_4d55e0e6ec57,False,1770336000,0,positif,0.9816,positif,positif,positif,soraya
u16-sKOCTUo,user_3d6eae257643,False,1772755200,0,negatif,0.7019,netral,tanpa_emoji,negatif,soraya
u16-sKOCTUo,user_7981b0c3d0de,False,1770336000,0,positif,0.9936,positif,netral,positif,soraya
u16-sKOCTUo,user_5bd1f72e3add,False,1772755200,0,positif,0.9942,positif,netral,positif,soraya
u16-sKOCTUo,user_0d89bfb14a4a,False,1770336000,0,negatif,0.4815,positif,tanpa_emoji,negatif,soraya
u16-sKOCTUo,user_a5a3269e237d,False,1770336000,0,netral,0.9789,netral,tanpa_emoji,netral,soraya
u16-sKOCTUo,user_09d9d1f7ae72,False,1770336000,0,positif,0.9923,positif,positif,positif,soraya
u16-sKOCTUo,user_3c49d2103d33,False,1770336000,0,positif,0.8496,positif,tanpa_emoji,positif,soraya
u16-sKOCTUo,user_a1b4393b6d96,False,1770336000,23,negatif,0.8804,netral,netral,negatif,soraya
u16-sKOCTUo,user_4d55e0e6ec57,True,1770336000,3,negatif,0.761,netral,tanpa_emoji,negatif,soraya
u16-sKOCTUo,user_a1b4393b6d96,True,1770336000,2,netral,0.7252,netral,tanpa_emoji,netral,soraya
u16-sKOCTUo,user_4a2c60d2a161,True,1772755200,0,negatif,0.6691,netral,tanpa_emoji,negatif,soraya
u16-sKOCTUo,user_a1b4393b6d96,True,1772755200,0,netral,0.8039,netral,netral,netral,soraya
u16-sKOCTUo,user_a86f2cca6ce7,True,1775433600,0,netral,0.6605,netral,netral,netral,soraya
u16-sKOCTUo,user_505a558c70a7,False,1770336000,0,negatif,0.8813,positif,positif,negatif,soraya
u16-sKOCTUo,user_e92231761d14,False,1770336000,1,negatif,0.6151,netral,tanpa_emoji,negatif,soraya
u16-sKOCTUo,user_c9073d63e1a0,False,1770336000,0,negatif,0.9851,negatif,tanpa_emoji,negatif,soraya
u16-sKOCTUo,user_213edeabb52f,False,1770336000,0,positif,0.9821,positif,tanpa_emoji,positif,soraya
u16-sKOCTUo,user_250879b6bb76,False,1770336000,0,positif,0.9792,positif,tanpa_emoji,positif,soraya
u16-sKOCTUo,user_e1647a9fe558,False,1770336000,0,negatif,0.9705,positif,tanpa_emoji,negatif,soraya
u16-sKOCTUo,user_b2c3ee235817,False,1770336000,0,positif,0.9393,positif,positif,positif,soraya
u16-sKOCTUo,user_7c5568e00ab7,False,1770336000,0,negatif,0.9079,netral,tanpa_emoji,negatif,soraya
u16-sKOCTUo,user_1ec6d295746e,False,1770336000,0,negatif,0.5832,positif,tanpa_emoji,negatif,soraya
u16-sKOCTUo,user_18ee2e27f54a,False,1770336000,0,positif,0.9779,netral,tanpa_emoji,positif,soraya
u16-sKOCTUo,user_a76f2a4acf27,False,1770336000,0,positif,0.886,netral,tanpa_emoji,positif,soraya
u16-sKOCTUo,user_00e6abe0353d,False,1770336000,17,positif,0.9437,netral,tanpa_emoji,positif,soraya
u16-sKOCTUo,user_700f1b97df31,True,1770336000,0,positif,0.8679,positif,positif,positif,soraya
u16-sKOCTUo,user_00e6abe0353d,True,1770336000,2,positif,0.9312,positif,tanpa_emoji,positif,soraya
u16-sKOCTUo,user_87efbc9308fa,True,1770336000,0,negatif,0.8625,netral,tanpa_emoji,negatif,soraya
u16-sKOCTUo,user_00e6abe0353d,True,1770336000,1,positif,0.9391,netral,tanpa_emoji,positif,soraya
u16-sKOCTUo,user_a86f2cca6ce7,True,1775433600,0,netral,0.6364,netral,tanpa_emoji,netral,soraya
u16-sKOCTUo,user_5d397042a6f5,False,1772755200,0,positif,0.9501,positif,tanpa_emoji,positif,soraya
u16-sKOCTUo,user_89f6016b7c28,False,1772755200,0,positif,0.9955,negatif,tanpa_emoji,positif,soraya
u16-sKOCTUo,user_fa1db973cfec,False,1770336000,0,negatif,0.961,netral,netral,negatif,soraya
u16-sKOCTUo,user_4ce892c3d68b,False,1770336000,0,positif,0.9568,positif,tanpa_emoji,positif,soraya
u16-sKOCTUo,user_473b030f3b37,False,1770336000,1,negatif,0.8926,netral,tanpa_emoji,negatif,soraya
u16-sKOCTUo,user_7c7e2385a28c,False,1785974400,0,negatif,0.922,positif,tanpa_emoji,negatif,soraya
u16-sKOCTUo,user_13da3fb64f83,False,1772755200,1,netral,0.4875,negatif,negatif,negatif,soraya
u16-sKOCTUo,user_bd1fa7323ffe,False,1770336000,6,positif,0.9485,netral,tanpa_emoji,positif,soraya
u16-sKOCTUo,user_ae75f2cbab3d,True,1770336000,1,positif,0.9858,positif,tanpa_emoji,positif,soraya
u16-sKOCTUo,user_3f441482bf8e,False,1770336000,0,negatif,0.9529,netral,netral,negatif,soraya
u16-sKOCTUo,user_7d25c00762c4,False,1775433600,0,negatif,0.5394,positif,netral,negatif,soraya
u16-sKOCTUo,user_6e7cab0250a5,False,1770336000,0,positif,0.9945,positif,tanpa_emoji,positif,soraya
u16-sKOCTUo,user_b2b992968696,False,1772755200,2,negatif,0.9797,netral,tanpa_emoji,negatif,soraya
u16-sKOCTUo,user_ab65d950547d,True,1772755200,0,netral,0.99,netral,tanpa_emoji,netral,soraya
u16-sKOCTUo,user_0ab90cccad5a,False,1770336000,6,positif,0.9592,positif,tanpa_emoji,positif,soraya
u16-sKOCTUo,user_b00a871d94ea,False,1770336000,0,positif,0.9942,positif,tanpa_emoji,positif,soraya
u16-sKOCTUo,user_37d2e01242c3,False,1770336000,0,positif,0.9937,positif,tanpa_emoji,positif,soraya
u16-sKOCTUo,user_e482045a54b4,False,1770336000,0,negatif,0.9941,netral,netral,negatif,soraya
u16-sKOCTUo,user_40081a662c89,False,1772755200,0,positif,0.5926,positif,tanpa_emoji,positif,soraya
u16-sKOCTUo,user_777e1a3e6d1e,False,1770336000,0,positif,0.9914,positif,tanpa_emoji,positif,soraya
u16-sKOCTUo,user_1a811042c963,False,1770336000,0,positif,0.8362,positif,tanpa_emoji,positif,soraya
u16-sKOCTUo,user_1e4596c94da7,False,1772755200,0,negatif,0.9839,positif,netral,negatif,soraya
u16-sKOCTUo,user_2a04f5a5c41d,False,1770336000,0,negatif,0.5474,positif,tanpa_emoji,negatif,soraya
u16-sKOCTUo,user_b735f642b75b,False,1770336000,1,netral,0.8115,netral,tanpa_emoji,netral,soraya
u16-sKOCTUo,user_ac5f7cc4b2a2,False,1770336000,0,negatif,0.9521,netral,tanpa_emoji,negatif,soraya
u16-sKOCTUo,user_172a50307185,False,1770336000,1,negatif,0.9401,positif,tanpa_emoji,negatif,soraya
u16-sKOCTUo,user_a0f0afc6d7a6,False,1770336000,0,negatif,0.9977,positif,tanpa_emoji,negatif,soraya
u16-sKOCTUo,user_5c0a188d279e,False,1770336000,0,negatif,0.5115,positif,netral,negatif,soraya
u16-sKOCTUo,user_15db9b24fcd2,False,1770336000,0,positif,0.9872,netral,tanpa_emoji,positif,soraya
u16-sKOCTUo,user_7d788988c477,False,1770336000,1,netral,0.9043,netral,netral,netral,soraya
u16-sKOCTUo,user_6df21e6ed10a,False,1770336000,0,negatif,0.7625,positif,positif,negatif,soraya
u16-sKOCTUo,user_1e704a2625f8,False,1775433600,0,positif,0.9894,netral,tanpa_emoji,positif,soraya
u16-sKOCTUo,user_d3525138b81a,False,1772755200,0,negatif,0.6548,positif,positif,negatif,soraya
u16-sKOCTUo,user_7e8972108e68,False,1775433600,3,positif,0.7924,positif,tanpa_emoji,positif,soraya
u16-sKOCTUo,user_b2e57ac717ed,True,1775433600,1,positif,0.489,positif,tanpa_emoji,positif,soraya
u16-sKOCTUo,user_08db2ff429c0,False,1770336000,0,negatif,0.9816,positif,tanpa_emoji,negatif,soraya
u16-sKOCTUo,user_b2acfb189bd0,False,1770336000,0,positif,0.9963,netral,tanpa_emoji,positif,soraya
u16-sKOCTUo,user_c6113d5b70a6,False,1770336000,0,positif,0.9959,positif,tanpa_emoji,positif,soraya
u16-sKOCTUo,user_edfab647a7e9,False,1770336000,1,positif,0.9269,positif,tanpa_emoji,positif,soraya
u16-sKOCTUo,user_f465f4791e85,False,1772755200,0,positif,0.9943,positif,positif,positif,soraya
u16-sKOCTUo,user_d019a68b1a97,False,1770336000,0,positif,0.9659,netral,tanpa_emoji,positif,soraya
u16-sKOCTUo,user_4f54c094e941,False,1772755200,0,positif,0.9919,netral,tanpa_emoji,positif,soraya
u16-sKOCTUo,user_89ddb0e3f698,False,1770336000,0,negatif,0.8542,positif,tanpa_emoji,negatif,soraya
u16-sKOCTUo,user_c9d2a5233ab8,False,1770336000,0,positif,0.9286,positif,tanpa_emoji,positif,soraya
u16-sKOCTUo,user_0cf99c0bc2e1,False,1772755200,0,positif,0.9868,positif,tanpa_emoji,positif,soraya
u16-sKOCTUo,user_b20e821582e2,False,1770336000,0,negatif,0.9923,negatif,netral,negatif,soraya
u16-sKOCTUo,user_b12fc7474ce3,False,1772755200,0,positif,0.9964,positif,positif,positif,soraya
u16-sKOCTUo,user_22427e934912,False,1770336000,0,positif,0.9136,positif,tanpa_emoji,positif,soraya
u16-sKOCTUo,user_83f40343c2cf,False,1770336000,0,positif,0.9884,positif,positif,positif,soraya
u16-sKOCTUo,user_17c6274b5679,False,1770336000,1,negatif,0.7986,positif,tanpa_emoji,negatif,soraya
u16-sKOCTUo,user_d04ca91c16e2,False,1775433600,0,netral,0.7925,netral,tanpa_emoji,netral,soraya
u16-sKOCTUo,user_b3ad9f956f86,False,1772755200,0,positif,0.9425,positif,tanpa_emoji,positif,soraya
u16-sKOCTUo,user_4903bb19f4fb,False,1772755200,0,negatif,0.77,netral,tanpa_emoji,negatif,soraya
u16-sKOCTUo,user_4f54c094e941,False,1772755200,0,negatif,0.9581,netral,tanpa_emoji,negatif,soraya
u16-sKOCTUo,user_d6b762caeb02,False,1772755200,0,positif,0.7529,positif,netral,positif,soraya
u16-sKOCTUo,user_560cb2574a1e,False,1770336000,0,positif,0.9944,positif,positif,positif,soraya
u16-sKOCTUo,user_94590ca661ba,False,1770336000,0,netral,0.6913,netral,tanpa_emoji,netral,soraya
u16-sKOCTUo,user_73277eceee8d,False,1770336000,0,negatif,0.9345,netral,tanpa_emoji,negatif,soraya
u16-sKOCTUo,user_96b6c994c532,False,1770336000,0,negatif,0.9176,netral,tanpa_emoji,negatif,soraya
u16-sKOCTUo,user_19f14fe1dbf5,False,1770336000,0,positif,0.9211,netral,tanpa_emoji,positif,soraya
u16-sKOCTUo,user_b22cebaec714,False,1770336000,0,positif,0.7971,positif,netral,positif,soraya
u16-sKOCTUo,user_a029df0fd7e4,False,1770336000,0,netral,0.7286,netral,tanpa_emoji,netral,soraya
u16-sKOCTUo,user_9711c3260f62,False,1770336000,0,negatif,0.564,positif,tanpa_emoji,negatif,soraya
u16-sKOCTUo,user_f6ff8c1158d2,False,1770336000,0,netral,0.5283,negatif,tanpa_emoji,netral,soraya
u16-sKOCTUo,user_a7867eb2c620,False,1772755200,0,negatif,0.7641,positif,positif,positif,soraya
u16-sKOCTUo,user_0827c611cee1,False,1778025600,0,negatif,0.9803,positif,tanpa_emoji,negatif,soraya
u16-sKOCTUo,user_4516e634b915,False,1770336000,0,positif,0.9181,positif,tanpa_emoji,positif,soraya
u16-sKOCTUo,user_1cc6f7e9b6a2,False,1775433600,1,negatif,0.5679,positif,netral,negatif,soraya
u16-sKOCTUo,user_8c71c37f6b3d,False,1770336000,0,positif,0.8892,positif,tanpa_emoji,positif,soraya
u16-sKOCTUo,user_97caa88f401f,False,1770336000,0,negatif,0.6626,netral,tanpa_emoji,negatif,soraya
u16-sKOCTUo,user_a86f2cca6ce7,False,1775433600,2,netral,0.6605,netral,netral,netral,soraya
u16-sKOCTUo,user_6af129e27aef,False,1770336000,2,positif,0.9705,netral,tanpa_emoji,positif,soraya
u16-sKOCTUo,user_3cdf9fc25118,False,1772755200,0,positif,0.9802,positif,positif,positif,soraya
u16-sKOCTUo,user_65e0b43b5f80,False,1770336000,0,positif,0.7984,netral,tanpa_emoji,positif,soraya
u16-sKOCTUo,user_f3122aa21ee2,False,1770336000,0,negatif,0.7507,netral,tanpa_emoji,negatif,soraya
u16-sKOCTUo,user_b6dc8345c301,False,1770336000,0,negatif,0.6024,netral,tanpa_emoji,negatif,soraya
u16-sKOCTUo,user_018bccf897b5,False,1770336000,0,positif,0.9294,positif,tanpa_emoji,positif,soraya
u16-sKOCTUo,user_1e611d82bd43,False,1772755200,0,negatif,0.6927,positif,positif,negatif,soraya
u16-sKOCTUo,user_f894ac24afa4,False,1770336000,0,negatif,0.9538,netral,tanpa_emoji,negatif,soraya
u16-sKOCTUo,user_18221a151071,False,1772755200,0,negatif,0.921,netral,tanpa_emoji,negatif,soraya
u16-sKOCTUo,user_a365739b738b,False,1770336000,0,negatif,0.9856,positif,positif,positif,soraya
u16-sKOCTUo,user_3a27a86821bf,False,1770336000,1,negatif,0.811,netral,tanpa_emoji,negatif,soraya
u16-sKOCTUo,user_e8481f0a8091,False,1770336000,0,netral,0.725,netral,tanpa_emoji,netral,soraya
u16-sKOCTUo,user_2e5ac83bf911,False,1770336000,0,positif,0.6054,positif,tanpa_emoji,positif,soraya
u16-sKOCTUo,user_930080aa0912,False,1770336000,0,positif,0.9789,positif,positif,positif,soraya
u16-sKOCTUo,user_a1f9a461b491,False,1772755200,0,negatif,0.9093,positif,positif,positif,soraya
u16-sKOCTUo,user_27d89e631ddd,False,1770336000,0,positif,0.6918,netral,tanpa_emoji,positif,soraya
u16-sKOCTUo,user_37cf45b1d5f2,False,1770336000,0,positif,0.6796,positif,tanpa_emoji,positif,soraya
u16-sKOCTUo,user_28e06d55b3b4,False,1775433600,0,positif,0.9964,positif,positif,positif,soraya
u16-sKOCTUo,user_5ff427d65a91,False,1770336000,0,negatif,0.9916,positif,positif,negatif,soraya
u16-sKOCTUo,user_a040264e5f7d,False,1770336000,0,positif,0.7123,positif,tanpa_emoji,positif,soraya
u16-sKOCTUo,user_e3f519f4114b,False,1770336000,0,positif,0.6715,netral,tanpa_emoji,positif,soraya
u16-sKOCTUo,user_048064a59c82,False,1772755200,0,negatif,0.785,positif,tanpa_emoji,negatif,soraya
u16-sKOCTUo,user_c9164be0d067,False,1772755200,0,negatif,0.9271,netral,tanpa_emoji,negatif,soraya
u16-sKOCTUo,user_0d797acade88,False,1770336000,0,positif,0.8567,positif,netral,positif,soraya
u16-sKOCTUo,user_761057c55c52,False,1772755200,0,positif,0.7669,positif,positif,positif,soraya
u16-sKOCTUo,user_321630e434ca,False,1770336000,8,negatif,0.6356,positif,netral,negatif,soraya
u16-sKOCTUo,user_2440e6570bd6,True,1770336000,0,negatif,0.9787,positif,positif,negatif,soraya
u16-sKOCTUo,user_8579afb11760,True,1770336000,0,negatif,0.5589,negatif,tanpa_emoji,negatif,soraya
u16-sKOCTUo,user_a86f2cca6ce7,True,1775433600,0,netral,0.6605,netral,netral,netral,soraya
u16-sKOCTUo,user_9ec21a4c7139,False,1770336000,2,positif,0.7646,positif,positif,positif,soraya
u16-sKOCTUo,user_2d798921efcf,False,1770336000,0,negatif,0.9926,netral,netral,negatif,soraya
u16-sKOCTUo,user_daf39886866b,False,1770336000,0,positif,0.9832,positif,tanpa_emoji,positif,soraya
u16-sKOCTUo,user_915c4f1f63f9,False,1772755200,0,positif,0.9394,positif,tanpa_emoji,positif,soraya
u16-sKOCTUo,user_f0d312594f7a,False,1778025600,0,netral,0.8643,netral,tanpa_emoji,netral,soraya
u16-sKOCTUo,user_0b28e3dfa6de,False,1770336000,1,netral,0.5854,positif,positif,positif,soraya
u16-sKOCTUo,user_cef5307804f0,False,1772755200,0,negatif,0.7179,netral,tanpa_emoji,negatif,soraya
u16-sKOCTUo,user_0dc2387969cb,False,1770336000,0,negatif,0.4789,netral,netral,negatif,soraya
u16-sKOCTUo,user_4e09f2379564,False,1770336000,0,negatif,0.826,positif,tanpa_emoji,negatif,soraya
u16-sKOCTUo,user_aced19235fdc,False,1775433600,0,positif,0.5197,positif,tanpa_emoji,positif,soraya
u16-sKOCTUo,user_235a663fcf80,False,1770336000,1,positif,0.4794,netral,tanpa_emoji,positif,soraya
u16-sKOCTUo,user_b4a5e3dcac93,False,1775433600,1,negatif,0.6071,netral,tanpa_emoji,negatif,soraya
u16-sKOCTUo,user_0008ce559752,False,1772755200,0,negatif,0.7864,netral,tanpa_emoji,negatif,soraya
u16-sKOCTUo,user_31c78e60d2c1,False,1770336000,1,positif,0.7915,netral,tanpa_emoji,positif,soraya
u16-sKOCTUo,user_f43de6e73481,True,1770336000,0,netral,0.9286,netral,tanpa_emoji,netral,soraya
u16-sKOCTUo,user_5bc473769844,False,1770336000,0,positif,0.9086,netral,tanpa_emoji,positif,soraya
u16-sKOCTUo,user_62bce7ba7e55,False,1772755200,0,negatif,0.9237,netral,tanpa_emoji,negatif,soraya
u16-sKOCTUo,user_72639b79e907,True,1775433600,0,netral,0.9247,netral,tanpa_emoji,netral,soraya
u16-sKOCTUo,user_7b3c8d90f259,False,1770336000,0,negatif,0.7783,netral,tanpa_emoji,negatif,soraya
u16-sKOCTUo,user_ddd5158c4c98,False,1775433600,1,negatif,0.9947,netral,tanpa_emoji,negatif,soraya
u16-sKOCTUo,user_66ec49c17bdc,False,1770336000,0,negatif,0.7641,positif,positif,positif,soraya
u16-sKOCTUo,user_d67c965cfe41,False,1770336000,1,negatif,0.9675,netral,tanpa_emoji,negatif,soraya
u16-sKOCTUo,user_85c48b6d8545,False,1770336000,0,negatif,0.9985,negatif,tanpa_emoji,negatif,soraya
u16-sKOCTUo,user_96fa8bb30235,False,1772755200,0,positif,0.5551,netral,tanpa_emoji,positif,soraya
u16-sKOCTUo,user_2b4e3491e867,False,1770336000,0,negatif,0.9273,positif,positif,positif,soraya
u16-sKOCTUo,user_d95df130f5a8,False,1772755200,0,negatif,0.9969,netral,tanpa_emoji,negatif,soraya
u16-sKOCTUo,user_8622a3ff612c,False,1770336000,0,positif,0.6797,positif,positif,positif,soraya
u16-sKOCTUo,user_745e39acc9f4,False,1770336000,0,negatif,0.9978,netral,tanpa_emoji,negatif,soraya
u16-sKOCTUo,user_ab2dc96a5838,False,1770336000,0,negatif,0.9965,netral,tanpa_emoji,negatif,soraya
u16-sKOCTUo,user_67883455b003,False,1772755200,0,negatif,0.9026,netral,tanpa_emoji,negatif,soraya
u16-sKOCTUo,user_956d2d44d0c1,False,1785974400,0,positif,0.9861,positif,positif,positif,soraya
u16-sKOCTUo,user_57f4a668c552,False,1772755200,0,negatif,0.931,positif,positif,negatif,soraya
u16-sKOCTUo,user_57f4a668c552,True,1772755200,1,netral,0.9866,netral,tanpa_emoji,netral,soraya
u16-sKOCTUo,user_659711eb0654,False,1775433600,1,negatif,0.9438,netral,tanpa_emoji,negatif,soraya
u16-sKOCTUo,user_74c3848e7493,False,1772755200,0,negatif,0.6673,netral,tanpa_emoji,negatif,soraya
u16-sKOCTUo,user_d6398d1733c6,False,1772755200,0,positif,0.5784,positif,netral,positif,soraya
u16-sKOCTUo,user_b580c714b3d5,False,1772755200,0,netral,0.5226,netral,netral,netral,soraya
u16-sKOCTUo,user_9b8603badec6,False,1772755200,0,netral,0.4642,netral,tanpa_emoji,netral,soraya
u16-sKOCTUo,user_bf066cf12972,False,1770336000,0,positif,0.9777,netral,tanpa_emoji,positif,soraya
u16-sKOCTUo,user_517789759b7f,False,1770336000,3,positif,0.9229,netral,tanpa_emoji,positif,soraya
u16-sKOCTUo,user_e6f7ec505c86,True,1770336000,0,positif,0.989,negatif,tanpa_emoji,positif,soraya
u16-sKOCTUo,user_f1d8ae946530,True,1770336000,0,positif,0.9422,netral,tanpa_emoji,positif,soraya
u16-sKOCTUo,user_f46200b999cf,False,1775433600,0,netral,0.8096,netral,tanpa_emoji,netral,soraya
u16-sKOCTUo,user_f3962ba820c2,False,1770336000,0,positif,0.9816,positif,netral,positif,soraya
u16-sKOCTUo,user_02ac52eb7baa,False,1770336000,0,negatif,0.6538,netral,tanpa_emoji,negatif,soraya
u16-sKOCTUo,user_d3df62c0623b,False,1775433600,0,netral,0.5663,positif,tanpa_emoji,netral,soraya
u16-sKOCTUo,user_e777103081e4,False,1770336000,0,negatif,0.9565,netral,netral,negatif,soraya
u16-sKOCTUo,user_4436c915668f,False,1772755200,1,positif,0.955,negatif,netral,positif,soraya
u16-sKOCTUo,user_cb1c3838849f,False,1770336000,0,netral,0.912,netral,tanpa_emoji,netral,soraya
u16-sKOCTUo,user_94b73b22b669,False,1770336000,0,netral,0.3903,netral,tanpa_emoji,netral,soraya
u16-sKOCTUo,user_c4388714a87e,False,1770336000,1,negatif,0.7492,netral,tanpa_emoji,negatif,soraya
u16-sKOCTUo,user_bf216ba49717,False,1770336000,0,negatif,0.8864,negatif,tanpa_emoji,negatif,soraya
u16-sKOCTUo,user_349907bbbb6e,False,1772755200,0,negatif,0.7933,positif,positif,negatif,soraya
u16-sKOCTUo,user_c36dff1fe05b,False,1770336000,1,negatif,0.9963,netral,tanpa_emoji,negatif,soraya
u16-sKOCTUo,user_1d144e6975c9,False,1772755200,0,negatif,0.6304,netral,tanpa_emoji,negatif,soraya
u16-sKOCTUo,user_dc5f9b2583d8,False,1770336000,0,positif,0.6928,netral,tanpa_emoji,positif,soraya
u16-sKOCTUo,user_4f54c094e941,False,1772755200,0,negatif,0.502,positif,positif,positif,soraya
u16-sKOCTUo,user_7a8f6d232cfd,False,1770336000,1,negatif,0.9891,netral,tanpa_emoji,negatif,soraya
u16-sKOCTUo,user_a1cb60d08e42,False,1770336000,0,negatif,0.6812,negatif,tanpa_emoji,negatif,soraya
u16-sKOCTUo,user_dd062114a886,False,1775433600,1,negatif,0.9818,negatif,tanpa_emoji,negatif,soraya
u16-sKOCTUo,user_1024018862a1,False,1770336000,0,negatif,0.6985,netral,tanpa_emoji,negatif,soraya
u16-sKOCTUo,user_4eb478b099e9,False,1775433600,1,negatif,0.7345,netral,tanpa_emoji,negatif,soraya
u16-sKOCTUo,user_40c1bd749991,False,1772755200,2,negatif,0.923,netral,tanpa_emoji,negatif,soraya
u16-sKOCTUo,user_b883d3abf4dc,False,1770336000,0,negatif,0.9978,netral,tanpa_emoji,negatif,soraya
u16-sKOCTUo,user_e3c6e12095db,False,1775433600,2,negatif,0.9869,negatif,tanpa_emoji,negatif,soraya
u16-sKOCTUo,user_c253b994035c,False,1770336000,1,negatif,0.9718,netral,tanpa_emoji,negatif,soraya
u16-sKOCTUo,user_f25ba198be6e,False,1772755200,0,positif,0.6095,negatif,tanpa_emoji,positif,soraya
u16-sKOCTUo,user_d842f51e3a4c,False,1770336000,0,negatif,0.9741,netral,tanpa_emoji,negatif,soraya
u16-sKOCTUo,user_a857f591e63a,False,1775433600,0,negatif,0.756,netral,netral,negatif,soraya
u16-sKOCTUo,user_ea38c01d231e,False,1772755200,0,positif,0.9073,positif,tanpa_emoji,positif,soraya
u16-sKOCTUo,user_44768421abf3,False,1772755200,0,netral,0.5698,netral,netral,netral,soraya
u16-sKOCTUo,user_05cf286bcbfe,False,1770336000,0,negatif,0.9968,netral,tanpa_emoji,negatif,soraya
u16-sKOCTUo,user_86d16f7ba7d1,False,1770336000,0,netral,0.7231,netral,tanpa_emoji,netral,soraya
u16-sKOCTUo,user_71e10b473e78,False,1775433600,1,negatif,0.9879,netral,tanpa_emoji,negatif,soraya
u16-sKOCTUo,user_efb53beb8bb7,False,1770336000,4,negatif,0.8346,netral,netral,negatif,soraya
u16-sKOCTUo,user_a4dc770fd5dd,True,1772755200,0,negatif,0.9875,netral,netral,netral,soraya
u16-sKOCTUo,user_a86f2cca6ce7,True,1775433600,0,netral,0.6364,netral,tanpa_emoji,netral,soraya
u16-sKOCTUo,user_f70fe133f82c,False,1770336000,2,positif,0.6567,positif,positif,positif,soraya
u16-sKOCTUo,user_116f638bbd93,True,1770336000,1,negatif,0.941,positif,positif,positif,soraya
u16-sKOCTUo,user_b62f49f7ef32,True,1770336000,0,positif,0.7559,netral,tanpa_emoji,positif,soraya
u16-sKOCTUo,user_a86f2cca6ce7,True,1775433600,0,netral,0.6364,netral,tanpa_emoji,netral,soraya
u16-sKOCTUo,user_08d174c00414,False,1775433600,0,netral,0.4889,netral,tanpa_emoji,netral,soraya
u16-sKOCTUo,user_3cf1a33c06e0,False,1770336000,0,netral,0.6504,netral,netral,netral,soraya
u16-sKOCTUo,user_6d4ce53ec1db,False,1770336000,0,negatif,0.9893,positif,tanpa_emoji,negatif,soraya
u16-sKOCTUo,user_ae8ea05bec94,False,1770336000,0,negatif,0.8648,netral,netral,negatif,soraya
u16-sKOCTUo,user_f9c6bb1ad321,False,1770336000,0,negatif,0.6586,netral,tanpa_emoji,negatif,soraya
u16-sKOCTUo,user_e5884692dedc,False,1770336000,0,positif,0.996,netral,tanpa_emoji,positif,soraya
u16-sKOCTUo,user_6a7ff87d24a3,False,1770336000,0,positif,0.6451,positif,tanpa_emoji,positif,soraya
u16-sKOCTUo,user_315577b3f23b,False,1770336000,0,negatif,0.9003,positif,tanpa_emoji,negatif,soraya
u16-sKOCTUo,user_d6569f794366,False,1770336000,0,positif,0.6533,positif,tanpa_emoji,positif,soraya
u16-sKOCTUo,user_9da1c36cab38,False,1770336000,1,negatif,0.5913,netral,tanpa_emoji,negatif,soraya
u16-sKOCTUo,user_3c235960a22e,True,1770336000,0,negatif,0.5759,netral,tanpa_emoji,negatif,soraya
u16-sKOCTUo,user_27f7563a2b76,False,1770336000,3,netral,0.9433,netral,tanpa_emoji,netral,soraya
u16-sKOCTUo,user_f1d8ae946530,True,1770336000,0,negatif,0.6575,negatif,tanpa_emoji,negatif,soraya
u16-sKOCTUo,user_79cc80a8f107,False,1770336000,0,negatif,0.6733,netral,tanpa_emoji,negatif,soraya
u16-sKOCTUo,user_1676b63f00e1,False,1770336000,0,positif,0.8475,positif,tanpa_emoji,positif,soraya
u16-sKOCTUo,user_f43ab7a9ad67,False,1772755200,0,positif,0.6619,positif,tanpa_emoji,positif,soraya
u16-sKOCTUo,user_19e76617e650,False,1770336000,0,negatif,0.6924,netral,tanpa_emoji,negatif,soraya
u16-sKOCTUo,user_a1b4393b6d96,False,1770336000,2,negatif,0.6725,positif,tanpa_emoji,negatif,soraya
u16-sKOCTUo,user_0c7a53ee906e,True,1770336000,0,negatif,0.5016,positif,tanpa_emoji,negatif,soraya
u16-sKOCTUo,user_0aa1e7fc4102,False,1770336000,0,negatif,0.9573,netral,tanpa_emoji,negatif,soraya
u16-sKOCTUo,user_372a7737cf13,False,1770336000,0,positif,0.9917,positif,tanpa_emoji,positif,soraya
u16-sKOCTUo,user_b9a685bf78e2,False,1770336000,0,negatif,0.6399,netral,tanpa_emoji,negatif,soraya
u16-sKOCTUo,user_63fe85dde909,False,1770336000,0,negatif,0.9992,netral,tanpa_emoji,negatif,soraya
u16-sKOCTUo,user_d7ae77ed8d8a,False,1770336000,0,negatif,0.9956,netral,tanpa_emoji,negatif,soraya
u16-sKOCTUo,user_26fce85233b6,False,1770336000,0,negatif,0.7684,negatif,tanpa_emoji,negatif,soraya
u16-sKOCTUo,user_f8b751efca45,False,1770336000,7,netral,0.508,netral,netral,netral,soraya
u16-sKOCTUo,user_a86f2cca6ce7,True,1775433600,2,netral,0.6364,netral,tanpa_emoji,netral,soraya
u16-sKOCTUo,user_a243815c5019,True,1770336000,0,netral,0.7489,netral,tanpa_emoji,netral,soraya
u16-sKOCTUo,user_bdea88f879d8,False,1770336000,0,negatif,0.9842,netral,tanpa_emoji,negatif,soraya
u16-sKOCTUo,user_e6fb0bf036a6,False,1770336000,0,positif,0.973,positif,tanpa_emoji,positif,soraya
u16-sKOCTUo,user_5d472f7990c4,False,1772755200,0,negatif,0.6105,negatif,tanpa_emoji,negatif,soraya
u16-sKOCTUo,user_0298c6baf039,False,1770336000,1,negatif,0.9824,netral,tanpa_emoji,negatif,soraya
u16-sKOCTUo,user_f39629fe75ea,False,1770336000,0,positif,0.8926,netral,tanpa_emoji,positif,soraya
u16-sKOCTUo,user_57046dabb0f4,False,1772755200,0,negatif,0.9736,netral,tanpa_emoji,negatif,soraya
u16-sKOCTUo,user_1478430a1ab5,False,1770336000,0,negatif,0.9836,netral,tanpa_emoji,negatif,soraya
u16-sKOCTUo,user_cc0645edb93b,False,1770336000,0,positif,0.904,positif,tanpa_emoji,positif,soraya
u16-sKOCTUo,user_0578b60a8fbb,False,1770336000,0,netral,0.7555,netral,tanpa_emoji,netral,soraya
u16-sKOCTUo,user_be4fd2b360aa,True,1770336000,0,negatif,0.5053,netral,tanpa_emoji,negatif,soraya
u16-sKOCTUo,user_99d010619db7,False,1770336000,0,negatif,0.9968,negatif,tanpa_emoji,negatif,soraya
u16-sKOCTUo,user_04d12ab2ce65,False,1770336000,0,negatif,0.7188,netral,tanpa_emoji,negatif,soraya
u16-sKOCTUo,user_f481330797a0,False,1770336000,3,positif,0.9358,negatif,tanpa_emoji,positif,soraya
u16-sKOCTUo,user_b9f9a0dfce08,True,1770336000,1,positif,0.9883,positif,netral,positif,soraya
u16-sKOCTUo,user_f481330797a0,True,1770336000,1,positif,0.5461,netral,tanpa_emoji,positif,soraya
u16-sKOCTUo,user_b9f9a0dfce08,True,1770336000,0,positif,0.983,positif,tanpa_emoji,positif,soraya
u16-sKOCTUo,user_a86f2cca6ce7,True,1775433600,0,netral,0.6605,netral,netral,netral,soraya
u16-sKOCTUo,user_c5a59f4aa474,False,1770336000,0,positif,0.9877,positif,tanpa_emoji,positif,soraya
u16-sKOCTUo,user_0407656e73f9,False,1770336000,1,positif,0.6373,netral,tanpa_emoji,positif,soraya
u16-sKOCTUo,user_76f02116a894,False,1770336000,5,negatif,0.9954,netral,tanpa_emoji,negatif,soraya
u16-sKOCTUo,user_04468213f8e7,True,1770336000,0,negatif,0.9984,negatif,tanpa_emoji,negatif,soraya
u16-sKOCTUo,user_d070e0bb083b,False,1772755200,0,netral,0.9257,netral,tanpa_emoji,netral,soraya
u16-sKOCTUo,user_a09b5a73a540,False,1770336000,1,negatif,0.9983,negatif,netral,negatif,soraya
u16-sKOCTUo,user_6495077b7e14,False,1775433600,0,negatif,0.4543,netral,tanpa_emoji,negatif,soraya
u16-sKOCTUo,user_6be09e350001,False,1770336000,0,negatif,0.9163,positif,tanpa_emoji,negatif,soraya
u16-sKOCTUo,user_acfa60c293bd,False,1770336000,0,positif,0.7883,positif,netral,positif,soraya
u16-sKOCTUo,user_21a963aaaf7b,True,1770336000,1,negatif,0.8419,netral,tanpa_emoji,negatif,soraya
u16-sKOCTUo,user_acf442e76f61,False,1770336000,0,negatif,0.9301,netral,tanpa_emoji,negatif,soraya
u16-sKOCTUo,user_8934ffa4a794,False,1770336000,0,negatif,0.9743,netral,tanpa_emoji,negatif,soraya
u16-sKOCTUo,user_4a7609a147aa,False,1772755200,0,netral,0.5696,netral,netral,netral,soraya
u16-sKOCTUo,user_7b26b32e4415,False,1770336000,0,netral,0.7486,netral,tanpa_emoji,netral,soraya
u16-sKOCTUo,user_9f8552bbb2b6,False,1770336000,0,netral,0.8006,netral,tanpa_emoji,netral,soraya
u16-sKOCTUo,user_d9b3537346da,False,1770336000,0,negatif,0.9876,netral,tanpa_emoji,negatif,soraya
u16-sKOCTUo,user_be87c161eae6,False,1770336000,0,negatif,0.8118,negatif,tanpa_emoji,negatif,soraya
u16-sKOCTUo,user_8878f531ab2a,False,1770336000,0,negatif,0.9613,netral,tanpa_emoji,negatif,soraya
u16-sKOCTUo,user_d43063cdef3c,False,1770336000,0,negatif,0.9505,netral,netral,negatif,soraya
u16-sKOCTUo,user_faf815812121,False,1770336000,3,positif,0.5624,netral,tanpa_emoji,positif,soraya
u16-sKOCTUo,user_67f597a70cc6,False,1770336000,0,negatif,0.9017,netral,tanpa_emoji,negatif,soraya
u16-sKOCTUo,user_2778226741b4,False,1772755200,0,negatif,0.7413,netral,tanpa_emoji,negatif,soraya
u16-sKOCTUo,user_40787f46d2cf,False,1772755200,0,netral,0.9332,netral,tanpa_emoji,netral,soraya
u16-sKOCTUo,user_555521e7de20,False,1770336000,0,negatif,0.7402,netral,tanpa_emoji,negatif,soraya
u16-sKOCTUo,user_3cea5b4917fe,False,1770336000,0,negatif,0.8798,netral,netral,negatif,soraya
u16-sKOCTUo,user_266f0bb1c66b,False,1770336000,0,negatif,0.9938,negatif,netral,negatif,soraya
u16-sKOCTUo,user_77cbcee5da1f,False,1772755200,1,negatif,0.7103,netral,tanpa_emoji,negatif,soraya
u16-sKOCTUo,user_de69fb6bdf89,False,1772755200,0,negatif,0.9941,netral,tanpa_emoji,negatif,soraya
u16-sKOCTUo,user_08fec6fc9ad0,False,1772755200,0,negatif,0.9408,netral,netral,negatif,soraya
u16-sKOCTUo,user_10bc19b41106,False,1770336000,0,negatif,0.971,netral,tanpa_emoji,negatif,soraya
u16-sKOCTUo,user_da3a113ee6ad,False,1770336000,0,negatif,0.6755,netral,tanpa_emoji,negatif,soraya
u16-sKOCTUo,user_e3d4ce105e1a,False,1770336000,0,negatif,0.4931,netral,tanpa_emoji,negatif,soraya
u16-sKOCTUo,user_cbfc1d1bc61e,False,1770336000,0,negatif,0.9132,netral,tanpa_emoji,negatif,soraya
u16-sKOCTUo,user_90c75e2d9dba,False,1770336000,0,negatif,0.9132,netral,tanpa_emoji,negatif,soraya
u16-sKOCTUo,user_db46a68c194d,False,1772755200,1,negatif,0.9958,negatif,tanpa_emoji,negatif,soraya
u16-sKOCTUo,user_877c152f9fc6,False,1770336000,1,negatif,0.9929,netral,tanpa_emoji,negatif,soraya
u16-sKOCTUo,user_b855050f6527,False,1770336000,0,negatif,0.9907,negatif,netral,negatif,soraya
u16-sKOCTUo,user_84134c832d61,True,1770336000,0,negatif,0.7473,netral,tanpa_emoji,negatif,soraya
u16-sKOCTUo,user_87b902615e8b,False,1770336000,0,netral,0.9383,netral,tanpa_emoji,netral,soraya
u16-sKOCTUo,user_65a9fe1517cb,False,1770336000,0,negatif,0.984,netral,tanpa_emoji,negatif,soraya
u16-sKOCTUo,user_4ee59681fba5,False,1772755200,0,negatif,0.997,netral,tanpa_emoji,negatif,soraya
u16-sKOCTUo,user_5c7c03518d7e,False,1770336000,0,negatif,0.6372,netral,tanpa_emoji,negatif,soraya
u16-sKOCTUo,user_33c042648b63,False,1772755200,0,positif,0.977,positif,tanpa_emoji,positif,soraya
u16-sKOCTUo,user_0dd8ad114995,False,1772755200,0,netral,0.9302,netral,netral,netral,soraya
u16-sKOCTUo,user_0165cf57ff08,False,1772755200,0,negatif,0.465,netral,tanpa_emoji,negatif,soraya
u16-sKOCTUo,user_0165cf57ff08,True,1772755200,0,positif,0.8636,positif,tanpa_emoji,positif,soraya
u16-sKOCTUo,user_8b1a5e15463b,False,1770336000,0,negatif,0.9914,netral,netral,negatif,soraya
u16-sKOCTUo,user_0cc76ff71cc6,False,1770336000,0,negatif,0.7787,netral,tanpa_emoji,negatif,soraya
xSMw6AWHHKY,user_bddd03269f0b,False,1759708800,6,positif,0.6058,netral,tanpa_emoji,positif,soraya
xSMw6AWHHKY,user_3b1ba5800eab,False,1759708800,4,positif,0.9939,positif,tanpa_emoji,positif,soraya
xSMw6AWHHKY,user_cbc9bb9655f2,False,1759708800,2,negatif,0.9925,positif,netral,negatif,soraya
xSMw6AWHHKY,user_385b7ba95ecf,False,1759708800,1,netral,0.4809,positif,positif,positif,soraya
xSMw6AWHHKY,user_6d59fa83910e,False,1759708800,1,negatif,0.8831,netral,tanpa_emoji,negatif,soraya
xSMw6AWHHKY,user_1a3566cf27ac,False,1759708800,1,negatif,0.9915,netral,tanpa_emoji,negatif,soraya
xSMw6AWHHKY,user_f826dab72098,False,1759708800,2,negatif,0.996,netral,tanpa_emoji,negatif,soraya
xSMw6AWHHKY,user_d618c596781b,False,1759708800,3,negatif,0.9699,netral,netral,negatif,soraya
xSMw6AWHHKY,user_149b82caeca2,False,1759708800,2,negatif,0.6318,netral,tanpa_emoji,negatif,soraya
xSMw6AWHHKY,user_5dc5b92722e8,False,1759708800,2,netral,0.6646,netral,tanpa_emoji,netral,soraya
xSMw6AWHHKY,user_b5afbf44cfe6,False,1759708800,2,negatif,0.7287,negatif,tanpa_emoji,negatif,soraya
xSMw6AWHHKY,user_a86f2cca6ce7,False,1759708800,1,netral,0.6364,netral,tanpa_emoji,netral,soraya
xSMw6AWHHKY,user_e6d798b03f04,False,1759708800,2,negatif,0.8805,netral,tanpa_emoji,negatif,soraya
xSMw6AWHHKY,user_307eb81bac66,False,1759708800,1,netral,0.99,netral,tanpa_emoji,netral,soraya
xSMw6AWHHKY,user_c08e8e85c0a5,False,1759708800,2,negatif,0.7235,netral,tanpa_emoji,negatif,soraya
xSMw6AWHHKY,user_92f68e8af6e7,False,1759708800,2,negatif,0.9103,netral,tanpa_emoji,negatif,soraya
xSMw6AWHHKY,user_81daaf4ddd58,False,1759708800,2,positif,0.7075,netral,tanpa_emoji,positif,soraya
xSMw6AWHHKY,user_3861a750fb79,True,1767657600,0,negatif,0.9793,netral,netral,negatif,soraya
xSMw6AWHHKY,user_6a74f6ec32a5,False,1759708800,10,negatif,0.9457,netral,tanpa_emoji,negatif,soraya
xSMw6AWHHKY,user_9109ba16e287,True,1759708800,4,negatif,0.5799,netral,tanpa_emoji,negatif,soraya
xSMw6AWHHKY,user_1875f9406c51,True,1759708800,3,negatif,0.998,positif,tanpa_emoji,negatif,soraya
xSMw6AWHHKY,user_3f2b6542a7d1,False,1759708800,3,negatif,0.7137,negatif,tanpa_emoji,negatif,soraya
xSMw6AWHHKY,user_280eaf868811,True,1759708800,2,netral,0.3711,positif,tanpa_emoji,netral,soraya
xSMw6AWHHKY,user_0719fb6d787a,True,1759708800,2,negatif,0.9975,netral,tanpa_emoji,negatif,soraya
xSMw6AWHHKY,user_a2886dde1bc9,False,1759708800,1,negatif,0.8436,negatif,tanpa_emoji,negatif,soraya
xSMw6AWHHKY,user_a2886dde1bc9,True,1759708800,1,netral,0.4819,netral,netral,netral,soraya
xSMw6AWHHKY,user_a86f2cca6ce7,True,1759708800,1,netral,0.6364,netral,tanpa_emoji,netral,soraya
xSMw6AWHHKY,user_782a45bbbd32,False,1759708800,3,negatif,0.5366,netral,tanpa_emoji,negatif,soraya
xSMw6AWHHKY,user_7b4cf9ab1982,True,1759708800,1,netral,0.8561,netral,netral,netral,soraya
xSMw6AWHHKY,user_a86f2cca6ce7,True,1759708800,1,netral,0.6364,netral,tanpa_emoji,netral,soraya
xSMw6AWHHKY,user_c225653bd118,False,1759708800,2,negatif,0.8803,netral,tanpa_emoji,negatif,soraya
xSMw6AWHHKY,user_3061aa21d56e,True,1759708800,2,negatif,0.9789,negatif,tanpa_emoji,negatif,soraya
xSMw6AWHHKY,user_c225653bd118,True,1759708800,2,netral,0.6646,netral,tanpa_emoji,netral,soraya
xSMw6AWHHKY,user_eca13cdcba8c,True,1759708800,2,netral,0.5644,netral,tanpa_emoji,netral,soraya
xSMw6AWHHKY,user_cd9783cd928f,False,1759708800,2,negatif,0.9982,netral,tanpa_emoji,negatif,soraya
