comment_id,llm_qwen3_8b,llm_gemma2_9b
Ugygfq0T7ksIUY8GhwZ4AaABAg,positif,negatif
Ugy8IIvunUjPR1ZqugN4AaABAg,positif,positif
UgyIPGOdDp5_PYBoRJx4AaABAg,positif,positif
UgxG8bZ8noEIHsraIWN4AaABAg,positif,positif
UgzIU7Ojfqm2ga_3ZZd4AaABAg,netral,positif
UgzwJKqJcayrj1cAet14AaABAg,positif,positif
UgxVksdTbyaiAHGdYaN4AaABAg,positif,negatif
UgwDBjkgb9pGHkKr2ex4AaABAg,netral,positif
UgzbAACotEqiVA916VV4AaABAg,netral,netral
UgwZ8Yn9W7TSDIyhBl54AaABAg,negatif,negatif
Ugzo3z9N8cUPLj7NRmN4AaABAg,netral,negatif
Ugzifqu91tHaeoqO5At4AaABAg,positif,positif
Ugzao1LdDmcCjEGPQm94AaABAg,netral,positif
Ugy-88mgoRX-KUvftqB4AaABAg,netral,negatif
UgwOEJgbZOHXa-Vc6GZ4AaABAg,netral,netral
UgxDxzK-kXbaPOl3f8J4AaABAg,netral,negatif
UgwDsgE57mNy6F5lFxN4AaABAg,netral,netral
UgySG-F0ss9zZ91dT9p4AaABAg,positif,positif
UgxpewXMfpCUP39_yhR4AaABAg,netral,netral
Ugw046qXF5B4_0hVhDN4AaABAg,netral,netral
UgysjqeMAbtc_neeiJ14AaABAg,netral,positif
UgyF6LcDN6VPm3KE-kh4AaABAg,netral,positif
UgzHQQtznJLXcC9jHhV4AaABAg,netral,positif
UgzU5foGXBbUYK1WN1d4AaABAg,positif,negatif
UgzXjrdlVubNaPlWbVN4AaABAg,positif,negatif
UgzxR4XM9wMRXYdmV0t4AaABAg,positif,netral
UgziHl4EtmAa8aGa7bx4AaABAg,positif,positif
UgxboAMuPKvXuTlmIg14AaABAg,netral,positif
Ugwtu1cXufCOD_JzP-Z4AaABAg,netral,netral
Ugwtu1cXufCOD_JzP-Z4AaABAg.AChKovAbQLZADarN7B8vif,netral,positif
UgxruEGz08QVuGtaeN14AaABAg,netral,netral
Ugz2tBe4h1cMTx0GAb54AaABAg,positif,positif
Ugx3OyLMMJgMyBRvZdF4AaABAg,positif,positif
UgyAJdLQilLjFmGPspN4AaABAg,positif,positif
UgyjYwCO4Hfl5e9ChRF4AaABAg,positif,positif
Ugw6ilAmLcXXki1Glel4AaABAg,negatif,negatif
UgyA6ZiSWVjOSFiQZyl4AaABAg,negatif,negatif
UgzMzpdYJcuZCo4yCeh4AaABAg,netral,netral
UgzddF2p51G5dXzeiDx4AaABAg,netral,netral
Ugy6q10cGfEaYGkSOiN4AaABAg,netral,netral
UgyTQvDtrNf5wvS5MSV4AaABAg,positif,positif
UgzthKXz6vYMd6knu6V4AaABAg,positif,positif
UgwY_jWT8WWUnLH19W14AaABAg,netral,netral
Ugxkle4Lhu06ALuZyIZ4AaABAg,positif,positif
UgxVTjiFFu4dU_tN0WV4AaABAg,netral,positif
UgzFfYDsQ9d9N5_Ihm14AaABAg,netral,netral
UgyrnXvK2v-Od9qM72x4AaABAg,netral,netral
UgwRwmZlpYjBay6jrdl4AaABAg,positif,positif
UgyfzEMSxyWZCzBbWZt4AaABAg,positif,positif
Ugw2qDRRQTeEeQbzOMh4AaABAg,positif,positif
UgyHiwRtxgGpVk-JbnJ4AaABAg,netral,negatif
UgyKfdBzqcgGpDrugVZ4AaABAg,netral,netral
UgyKfdBzqcgGpDrugVZ4AaABAg.A6WAfurreryA8vZRdMlgyV,netral,netral
UgxE3GBwrrq1tVt7De94AaABAg,positif,netral
UgzYknfsRf1aci8ZWuV4AaABAg,negatif,negatif
Ugwy-sw8Q1djeHkUzjp4AaABAg,positif,positif
UgyaXPz8oh39b9gxUvV4AaABAg,positif,negatif
Ugx1cxZQw8saN6SyaLZ4AaABAg,positif,positif
Ugyr-ZGbaayiVxjWFA54AaABAg,netral,negatif
UgzbeU4zRqKAf1OkJI94AaABAg,positif,negatif
UgwQ0ZJA58WBHo6XXBN4AaABAg,netral,netral
UgxxTiXnAChPgH5idKR4AaABAg,netral,netral
Ugyq-WR_MPZTexUvKPx4AaABAg,positif,positif
Ugxbm6h4kPLSt9PWT914AaABAg,positif,positif
UgyxE7e_s0fDGJ8Jkz94AaABAg,netral,netral
UgxUSPTpaE6YGrBD-wB4AaABAg,positif,positif
UgwVcpobct7S8NmzbYJ4AaABAg,netral,positif
Ugy3R6qohsX66LJJiUx4AaABAg,positif,positif
UgxS3aOFJ-7BZoLqlcN4AaABAg,netral,negatif
Ugzzvwh4OWywmI2LeJR4AaABAg,positif,positif
UgwOId-FIzP_HGR39N94AaABAg,positif,positif
UgzPf1IC2cl8e1cHfQJ4AaABAg,positif,positif
Ugye6M1Fa68sOtMXxiZ4AaABAg,positif,negatif
UgwWvrPLk_5HPBDRiC94AaABAg,negatif,netral
Ugw3JWmgGZ2XLERPDbN4AaABAg,netral,netral
UgwBPQOiuKcbuVQzygR4AaABAg,positif,positif
UgziGYOKEnV4qNVoz7d4AaABAg,positif,positif
UgziGYOKEnV4qNVoz7d4AaABAg.A0LPZXW4ylNA0LoAqfiWYU,positif,positif
UgziGYOKEnV4qNVoz7d4AaABAg.A0LPZXW4ylNA0OKGkM2AAF,netral,netral
UgziGYOKEnV4qNVoz7d4AaABAg.A0LPZXW4ylNA0OKkdbKWna,netral,netral
Ugw0FbVvN7MYU7ZLQqF4AaABAg,netral,netral
Ugw0FbVvN7MYU7ZLQqF4AaABAg.A0J2ICJLGHBA0LPdFtB2Wg,netral,negatif
Ugw0FbVvN7MYU7ZLQqF4AaABAg.A0J2ICJLGHBA0OXIIBC3I5,positif,positif
Ugw0FbVvN7MYU7ZLQqF4AaABAg.A0J2ICJLGHBA0LHp1LN9Z6,netral,positif
UgxuFEoseSqHSpRvQpZ4AaABAg,netral,netral
UgxHpu4lYQqfJMr0lLd4AaABAg,netral,netral
UgxHpu4lYQqfJMr0lLd4AaABAg.A-G-2MQyvA8A-LLXIfZqrX,netral,netral
UgxHpu4lYQqfJMr0lLd4AaABAg.A-G-2MQyvA8A0LPbG6-niR,positif,positif
UgxHpu4lYQqfJMr0lLd4AaABAg.A-G-2MQyvA8A0LoJnxXf01,positif,negatif
UgyVAGGFff0YXqCoCr94AaABAg,netral,netral
UgzQhM3r_S0zbelc-jl4AaABAg,positif,positif
UgyqRGSaxj9Oh-7D2u94AaABAg,netral,netral
UgyqRGSaxj9Oh-7D2u94AaABAg.9zQK1KjJUU49zQkyNbPCeU,netral,positif
UgxJSJ-HL4RITVRxupt4AaABAg,netral,netral
UgwLO4pS010VTCzzGYV4AaABAg,positif,positif
UgwxEo9NVUyO2_1gZEF4AaABAg,netral,negatif
Ugx1R9vuH69m8WihiEJ4AaABAg,positif,positif
UgwJsEKdN_UCOxzSyKt4AaABAg,positif,positif
UgyfHSbRi6R2SliEOc54AaABAg,positif,positif
Ugx1oxyQjCTL_qRjrGd4AaABAg,netral,netral
Ugx1oxyQjCTL_qRjrGd4AaABAg.9xKnS9L_1dz9xOerNx4R3d,netral,positif
UgxLBRySvFx8GKFSehN4AaABAg,netral,netral
Ugx4LiQ7CbbU9kPkC1Z4AaABAg,netral,netral
UgypTOKPRtxsLuA85hd4AaABAg,positif,negatif
UgypTOKPRtxsLuA85hd4AaABAg.9wwlKf5dPAj9xSt97UZ1IA,positif,positif
Ugxa3xMGgWaJXu8-ZAh4AaABAg,positif,positif
UgwxhFRNVflmEzYe2FB4AaABAg,positif,negatif
UgxDWTffvdi_iAlbLih4AaABAg,positif,positif
UgwYk4Ew6sB2H4VIuHB4AaABAg,positif,positif
UgwiVG_h7K9bh6_kNQx4AaABAg,negatif,negatif
UgwiVG_h7K9bh6_kNQx4AaABAg.9wp-1s1v8pB9x0LdP-ywcJ,positif,positif
UgwX8UrfbSP0RGZ3QuB4AaABAg,netral,netral
UgwX8UrfbSP0RGZ3QuB4AaABAg.9woaqueZuUD9xdblFzGsRs,netral,netral
UgyiV_jZdXj_mefIzgh4AaABAg,positif,positif
Ugz3AHXC6_GwNzhmuqV4AaABAg,positif,positif
Ugz4KVOYqxH6Xy3qqVx4AaABAg,netral,netral
UgytPUkylm4-TnE20FF4AaABAg,positif,negatif
Ugz61am-A286RR8t17V4AaABAg,netral,netral
UgzcZmW3yCxfuS_LFX94AaABAg,positif,positif
Ugyql-tED23DtBE1aFN4AaABAg,positif,positif
UgxYPe-DEvMHy6xQdK54AaABAg,positif,positif
Ugwb8HSqXlJ230ROBJt4AaABAg,positif,positif
Ugyc42BKKb-x9uFw_c94AaABAg,positif,positif
Ugzk3TQsxdMx_EVZlxp4AaABAg,netral,netral
UgzbTelrn3F5yX0dAkF4AaABAg,negatif,negatif
UgzMGY4I8QU15L6K3sd4AaABAg,positif,positif
UgwRdi0Y5nNZpAhOGyV4AaABAg,netral,netral
UgyhfR9RU9Jp2SZY1F94AaABAg,netral,netral
UgwNDTPhdwA-ofVMWzN4AaABAg,positif,positif
Ugw9oqpDvKe-0wnQeK54AaABAg,positif,positif
UgwnaSmIKm5zz5vtL0d4AaABAg,positif,positif
UgyDjDOjw5x6BUjaHMB4AaABAg,negatif,negatif
Ugwf0JKcDKA9o5ByUwh4AaABAg,positif,netral
UgzaItqgcXwwoVlG9OB4AaABAg,positif,positif
Ugx3gmS6XtrnirMlcit4AaABAg,positif,positif
Ugze7Heyl7AX20iR8PJ4AaABAg,positif,netral
Ugw0rTdfceX3hAZz-sB4AaABAg,positif,positif
UgzVI9WAU4CWo-s3Vwp4AaABAg,positif,positif
Ugx5fcSro7_VmzYJhh94AaABAg,netral,positif
UgzxAgK2k__7VYDRMa14AaABAg,positif,positif
UgyG3gqwpwZmqdMW-Ux4AaABAg,negatif,positif
UgwaRCEUzOyQeNwUT0V4AaABAg,positif,positif
UgwnzS4Zn__v7FQYTtF4AaABAg,positif,positif
UgwPS_dv3sQ98JGIArd4AaABAg,netral,positif
UgzWWpVaV6CZYXrQHrp4AaABAg,netral,netral
Ugx81GUV5DGbuzN3tLd4AaABAg,positif,positif
UgxMk5CdNPpcM_HOerV4AaABAg,positif,positif
UgxhYEM4BbaAOx86drh4AaABAg,netral,negatif
UgylbsiHHahsSSUU-l94AaABAg,positif,negatif
UgynQUvHw2nz9GEPiKZ4AaABAg,positif,positif
Ugz1VC8-4Wj6rUO1zfx4AaABAg,positif,positif
UgyZ35Tleb74qjesId54AaABAg,positif,positif
UgxMeQ5u8puF-iJRrmp4AaABAg,positif,positif
Ugzhj09SyOqM7sNPAL94AaABAg,positif,positif
UgzaMEnZ5Us6fvEiyhZ4AaABAg,positif,positif
UgycfLS9DzxKpwcS_VJ4AaABAg,positif,netral
UgyUINR01geFEEtYM_14AaABAg,netral,netral
Ugwhz_XC0VgPtuq1DUN4AaABAg,positif,positif
UgxSMMKa_F9oggYwGyJ4AaABAg,positif,positif
Ugy2nqiOLRl_9r3GTaR4AaABAg,positif,positif
Ugw_4FyoYMyxyH3jDhV4AaABAg,positif,positif
UgyfyqX_qkvVRHR6q1J4AaABAg,positif,positif
UgzdswUzSIt_71-JHeR4AaABAg,negatif,netral
UgwsROyT1gbA0hnWx3F4AaABAg,positif,positif
UgzofuoEzedKTFl49Dd4AaABAg,positif,positif
Ugymzzz6DSBekxNiMkZ4AaABAg,positif,positif
UgxIG1noHNdSQFGrtA14AaABAg,positif,netral
Ugyv5d2_Q3nonUfbjbV4AaABAg,positif,positif
Ugx7L-MAjylAJIGZ7eJ4AaABAg,positif,negatif
UgzDxNaK2BVvY6HTEY54AaABAg,positif,positif
Ugw86c89g_5EkyFsInV4AaABAg,positif,positif
Ugxe-I2vmBM6SMA1cyt4AaABAg,positif,positif
Ugxe-I2vmBM6SMA1cyt4AaABAg.9w80ZVwPcEH9w9v17a9j-h,positif,positif
UgxmkxkMz-eHrKaaBZx4AaABAg,netral,positif
Ugy5E3lxuvm1wVivHOZ4AaABAg,positif,positif
UgzS8cidYrA59kSfYDx4AaABAg,positif,positif
UgyM9qh8UXtaoRftkqd4AaABAg,positif,positif
UgzY55NkTNPyuZNEA414AaABAg,netral,positif
UgwkGfU-WAF8eHWelh54AaABAg,positif,positif
UgwToLDAKNwuAU62L1V4AaABAg,positif,positif
Ugz0flMRUgXvYB5bAu94AaABAg,positif,positif
Ugy9p2j8uYTsK2GG3Jh4AaABAg,positif,positif
Ugys-G3GosD6DKjU96h4AaABAg,positif,positif
UgzKz8iiM-seWvasNTh4AaABAg,positif,positif
UgwfTE-Gs4PCiC9iaeR4AaABAg,netral,netral
UgwycIqdt384tS0c6YR4AaABAg,netral,positif
UgzxBNWnli9tDL0vPY94AaABAg,positif,positif
UgwR3tn6hGyFg1cFHpR4AaABAg,positif,positif
UgyhIm7UFpx7zgUuyXB4AaABAg,netral,negatif
UgyhIm7UFpx7zgUuyXB4AaABAg.9w4iagFgVjU9w81T3nFnnk,positif,negatif
UgyhIm7UFpx7zgUuyXB4AaABAg.9w4iagFgVjU9w90xcGVT_L,netral,netral
UgzSpmvk6DBQTphCKz94AaABAg,positif,positif
UgwoLRNrXklvunmasNB4AaABAg,positif,positif
UgzRrbV15yaWB_bRCk94AaABAg,netral,negatif
Ugw-KxotOo7pJO2dGrV4AaABAg,positif,positif
UgxzWOVUSQ0NktwL2Ex4AaABAg,positif,positif
UgydB4LhWKw0TUSoxaV4AaABAg,negatif,positif
UgxJ7H73P2I50eEdhUN4AaABAg,netral,negatif
UgxgDX9IHxu97DomfnV4AaABAg,positif,positif
UgzIxmuFCf8mhRP4ggd4AaABAg,positif,positif
UgxNfdRm9q97NwWO4_94AaABAg,positif,positif
UgyfYGFNLrTCNMhaMSN4AaABAg,positif,netral
UgyeaRN2I85RQbdyK514AaABAg,positif,positif
UgwUnkyD9f8Kwj8Lvb54AaABAg,positif,positif
UgyirirNHrRRhUBO-bp4AaABAg,positif,positif
UgyWugnltXhjb4HjF6d4AaABAg,netral,netral
UgyWugnltXhjb4HjF6d4AaABAg.9w24p99inZg9w4atAdN2KB,netral,negatif
UgxrgonwtlxckFi9r_h4AaABAg,netral,netral
UgxaHUqi-3fM4NcBcWF4AaABAg,positif,positif
Ugy9G03hH27oX4L8znN4AaABAg,positif,positif
UgzC0v2MiypeDncQQ5d4AaABAg,netral,positif
Ugw2rrSTc9wIeXhbutF4AaABAg,positif,positif
UgxiHLe6vUkdeJBRcpN4AaABAg,positif,positif
Ugxc0b4YJ8qyOLwDZ_F4AaABAg,positif,positif
UgzI9ZGKbgH3TTrCqWh4AaABAg,positif,positif
UgwiSGkufuiIYgYBHTd4AaABAg,positif,positif
UgwRu934UAwrfeGdA8p4AaABAg,positif,positif
Ugz2vriQ3wo3p7IcYmJ4AaABAg,positif,positif
UgwtrbNqvg1QpKpb59J4AaABAg,positif,positif
Ugw4qB7F02PXe-eSVQl4AaABAg,netral,netral
UgxNyvTFEIS9TlzMb2x4AaABAg,positif,positif
UgwB6WILO4QLjuV-8ol4AaABAg,positif,positif
Ugyg2qmf8kIk1B5ZxtF4AaABAg,positif,positif
Ugx5M1svTj_ftl3vQfd4AaABAg,positif,positif
UgwSYnOK7Ua2yV6tFC94AaABAg,negatif,negatif
UgxcMbMRYbBJvRIL7Sp4AaABAg,positif,positif
UgyQMRKpNwM2fOTSGo94AaABAg,positif,positif
Ugz3_kvzj84sFWF-boF4AaABAg,positif,positif
UgyU_y3eawwyCczsnFR4AaABAg,positif,positif
UgyHOU5Q6JExMKd4c-54AaABAg,positif,positif
UgxmQoQYolZjppsWVV14AaABAg,positif,netral
Ugz-MjHL_Wv3s_m1YuN4AaABAg,positif,positif
Ugz-MjHL_Wv3s_m1YuN4AaABAg.9vsfIgGDq4h9w4axEZXU4x,netral,positif
Ugzsm1MBZn0lXTT1PyJ4AaABAg,positif,positif
UgxR8LBgedTvxEQtxdh4AaABAg,positif,positif
Ugw5RyyzbF-8vS5dPhZ4AaABAg,netral,negatif
Ugw5RyyzbF-8vS5dPhZ4AaABAg.9vsKsbxL_fm9vytB0cxn6l,netral,positif
Ugw5RyyzbF-8vS5dPhZ4AaABAg.9vsKsbxL_fmA1fDzn8e23y,netral,netral
UgzkF2F7m6QxZH5I5vN4AaABAg,positif,positif
Ugyr7E-e4AHKS_9S58N4AaABAg,netral,netral
Ugzzr_zGNjcm89q14Ft4AaABAg,positif,positif
UgzNVCaBYLEV_WwVwCl4AaABAg,netral,netral
Ugwo3Vv7jep_IrYAq9F4AaABAg,positif,positif
Ugy0i0qJi2WpLRUSpOB4AaABAg,positif,positif
Ugy0i0qJi2WpLRUSpOB4AaABAg.9vpnS3aBp799w1-tY_5epc,positif,positif
UgyZuFwdiYxk7Sz33-p4AaABAg,positif,positif
Ugz72y7n2mZCExn3Rx14AaABAg,positif,positif
UgwqRDOStRfQFxhLMmR4AaABAg,positif,positif
Ugzmw8BRQu54gaZbSat4AaABAg,positif,positif
Ugzmw8BRQu54gaZbSat4AaABAg.9vnm43_CHxN9vzoyn9fTCw,netral,netral
Ugzmw8BRQu54gaZbSat4AaABAg.9vnm43_CHxN9vzq2ydauCW,positif,positif
UgwrmXeqEY4qG5TfG0F4AaABAg,positif,positif
UgzW2TJzNV_jLgBmUwx4AaABAg,positif,positif
UgyuievwJuNkYfWDoct4AaABAg,positif,positif
Ugy-Rp1pjKYP-044y7p4AaABAg,positif,positif
Ugxo0paqAkcR8hGibBp4AaABAg,positif,positif
UgwJ3y9rnIb6Ag8KubZ4AaABAg,positif,netral
Ugy_CSvYy40B7WnvNtx4AaABAg,positif,negatif
Ugwao3jw4yxTS3O8CeR4AaABAg,netral,netral
Ugw-_vr7bOeN4GmdlYF4AaABAg,positif,positif
UgzceOWNzOro3-kQfsZ4AaABAg,netral,netral
UgzceOWNzOro3-kQfsZ4AaABAg.9vei1lWUXRFAabckKdWOeM,positif,netral
UgyPZy3dzCeLylVCdHZ4AaABAg,positif,positif
UgyPZy3dzCeLylVCdHZ4AaABAg.9vdcU_eSzob9wV8O2d46sF,netral,positif
UgyPZy3dzCeLylVCdHZ4AaABAg.9vdcU_eSzob9wy0QuMAOId,positif,positif
UgyPZy3dzCeLylVCdHZ4AaABAg.9vdcU_eSzob9vo2AgpDyJJ,positif,positif
UgwgZ8xotnNAofr4IAh4AaABAg,netral,positif
Ugx5H88Np6Jz5wo4rrp4AaABAg,positif,positif
UgySWS22rAMOHUn0DXx4AaABAg,positif,positif
Ugw5o_ymGiKh3USQ3q54AaABAg,positif,positif
UgzgQ50l4PV7Ijpig0t4AaABAg,netral,netral
UgzuzDKeq05UinqJJRh4AaABAg,positif,positif
UgzIraxZA1f2w23_WAl4AaABAg,positif,positif
UgwXYynYabVUFy8kyQh4AaABAg,positif,positif
UgyJedauhlSIggNY4ml4AaABAg,positif,positif
UgyC-guqpaUimf6KgDV4AaABAg,netral,positif
Ugzu0R79FzmcaD1Gg4l4AaABAg,netral,negatif
Ugz7RZ3w81oDPmdWXPd4AaABAg,positif,positif
UgwaPONddWputsvEIj14AaABAg,positif,positif
UgwaPONddWputsvEIj14AaABAg.9vV69x072YR9vWcqZhsdlE,netral,netral
Ugxa4SBFGpzyY9raM-R4AaABAg,positif,positif
UgwrONVA3EuQR0eTgwJ4AaABAg,positif,positif
UgyYi3-MbsdBnS9Eqsh4AaABAg,netral,positif
Ugx_XvZA7Ycyj4L38Ah4AaABAg,positif,positif
Ugz0rRIf5bpqX9MWaqd4AaABAg,netral,netral
Ugx-tXv8RHw6yocaw614AaABAg,netral,netral
UgxDOIKQFk-K7sfKoF14AaABAg,positif,positif
Ugy5ldIRDHIVYHMKmWZ4AaABAg,positif,positif
Ugy5ldIRDHIVYHMKmWZ4AaABAg.9vOGSt5dxKa9wE9Y5t_ffp,positif,negatif
UgyFqJDxysqFFapIoj14AaABAg,positif,positif
UgwYFO2EbGRyT2VbM3t4AaABAg,netral,netral
UgwXn_Ipkgm3Ujb0H7N4AaABAg,positif,positif
UgwBfUGC7itj1zg4Tc54AaABAg,netral,negatif
UgwHIbSX6iUoWHC1SjN4AaABAg,positif,negatif
UgyFgTwYB2gOKQsCO2F4AaABAg,positif,positif
UgwZcrWthcpvowcaUR14AaABAg,positif,positif
Ugx6ulbH8CRRr8VS4mB4AaABAg,positif,netral
UgwIy6ikYO_jPF2_F4d4AaABAg,netral,positif
Ugxgo4lGetgMLcBcGT94AaABAg,positif,positif
Ugz6WfJJCXsoGRG0KFB4AaABAg,positif,positif
Ugzxbyt1M3kWqWt1Fdp4AaABAg,positif,positif
UgwZK4mebK-Wqi195CV4AaABAg,positif,positif
Ugx8CzpC-xy-jQrJpHV4AaABAg,netral,netral
UgwFkoGTliRqXjTl9o94AaABAg,positif,positif
UgwZA4lTE9fzFnXN8vV4AaABAg,positif,positif
UgzIe1DPsqGG7DyqBr94AaABAg,netral,positif
UgyRBqT9-cKA2nCsnT14AaABAg,positif,positif
UgwX1mN6I6Bg4HMbtY14AaABAg,positif,positif
UgwSQJJEgBcDiquV3ol4AaABAg,positif,positif
Ugyt_tnou-On9vL3sFl4AaABAg,netral,netral
UgzqkXPLwjGJtAjzLNx4AaABAg,netral,negatif
UgxzJkB3HIToKukJqGJ4AaABAg,positif,positif
UgzG4LhvVpztWufFZRp4AaABAg,positif,positif
UgyVXzGCsumiUNQ1Z7h4AaABAg,netral,netral
Ugxa5FEavqw_gLBtYSF4AaABAg,positif,positif
UgxU9xkImo9aMkTO2FB4AaABAg,positif,positif
Ugxi767ameNJpr1yxhl4AaABAg,netral,positif
UgzRiFagV4iiV37VC2F4AaABAg,netral,netral
UgwEaOIRHzoNtDZNR6F4AaABAg,positif,positif
Ugw0hsluFozcL8mRHgB4AaABAg,positif,positif
UgyGRSj1IvhhFnANONJ4AaABAg,positif,positif
UgwtlIrlITy1bjEkQ9N4AaABAg,positif,positif
UgxNmhkqT3bohVpkrJp4AaABAg,netral,positif
Ugwbx7ikmgaf2iDxd8x4AaABAg,positif,positif
UgyuvdO8B4mm4n6SZId4AaABAg,netral,positif
UgyCgL361JZVASrpQbF4AaABAg,positif,positif
UgxfH89i1c1w2y_aboJ4AaABAg,positif,positif
UgyEzzkfiUgm8DUt81V4AaABAg,positif,positif
UgxNAoalqJ2urNNoG-l4AaABAg,netral,netral
UgwU6Sl0WaeQXVxcRY54AaABAg,positif,positif
UgyxEixufEC5p0-jgE14AaABAg,netral,netral
UgzWx1ZZH4QAvB_Tc8p4AaABAg,positif,netral
UgzK-JswiQFFVOboa1d4AaABAg,positif,positif
Ugza_SQNXEduY1vFOXN4AaABAg,positif,positif
UgyWDqo653hjkOASyVB4AaABAg,netral,netral
UgzSmIid6AjraWjnSZx4AaABAg,positif,positif
UgyhlU1oD7x5M0g2AfV4AaABAg,positif,positif
UgxZvxNiItRY4dmwWNV4AaABAg,positif,positif
UgxMqwtGtWlx29wVGlt4AaABAg,positif,positif
UgwHYCxJg8P1A9Hc7C54AaABAg,positif,positif
UgwjT6kH2fI8AA-9yER4AaABAg,positif,positif
UgxNgviNrPqz9XttudZ4AaABAg,positif,netral
UgwvNiNBRfZCiVsoBIZ4AaABAg,positif,positif
Ugy9ZMFbKkYSQGYCBZ54AaABAg,positif,positif
UgxBlbHTTreVyAn2uXN4AaABAg,positif,positif
UgwkZ1fcm-c0aA4PInd4AaABAg,netral,netral
UgxNOZROAn1vg3HTE1t4AaABAg,positif,positif
UgwrObNZCAuEVUy0utB4AaABAg,positif,netral
UgwrObNZCAuEVUy0utB4AaABAg.9v-jOGSApB89v5wp5wrtbX,positif,positif
Ugx2B1g3ZkD6soRda0F4AaABAg,netral,netral
Ugw4wL6fGoQySml-2qh4AaABAg,positif,positif
Ugy6RBmbnwUHzA3KzQJ4AaABAg,positif,positif
Ugwl60KsZVM7dC-krFJ4AaABAg,positif,positif
UgwFucg-gz0VdnHSXSN4AaABAg,netral,netral
Ugwh5fL5QKiNcgeoebV4AaABAg,positif,positif
UgxNtRtR95Qq9SIQcUB4AaABAg,positif,positif
UgyWqaogYAzUQlOHVzt4AaABAg,netral,netral
UgyLuD2gk-gWz6Fwk8p4AaABAg,positif,positif
UgzJNHhIYLMd7GxxdG14AaABAg,positif,negatif
UgwIhW05LGw1kQLJWRh4AaABAg,positif,positif
Ugxtx6neE-fApcdA5xR4AaABAg,netral,positif
Ugw7YKwDd5sezv_TwWR4AaABAg,positif,positif
Ugxn6LRfZ0c3suNV7cN4AaABAg,positif,positif
UgxZLyetCsB-k27Qzd14AaABAg,positif,positif
UgwZHn0s-EdKfE2jHrJ4AaABAg,netral,netral
UgyL0SjSLXCOlOKFlTl4AaABAg,positif,positif
UgyXwXIXxrDChJNwXxJ4AaABAg,positif,positif
UgyP4YiZET7plmY5V_54AaABAg,positif,positif
Ugwsfo-TWKvPut4IOLp4AaABAg,positif,positif
UgzaaOemNOpt69i4doB4AaABAg,netral,netral
UgyPz6WTuVCFDn2aCZx4AaABAg,positif,positif
UgyPz6WTuVCFDn2aCZx4AaABAg.9us28GR_LYd9us2IcrELJq,positif,positif
Ugz2DdT6K7-GBQh10d94AaABAg,netral,netral
UgyPohrO2LtXUyRm4fl4AaABAg,netral,positif
UgxY3iNXDqKejdvQwcJ4AaABAg,netral,negatif
Ugxj715mcV97AZu9vg54AaABAg,netral,netral
UgxwmB9oCQWQAmxYm5F4AaABAg,netral,positif
UgwvUlZGBBPWQhhMp1d4AaABAg,positif,positif
UgyIvpX0HVvsSCKJDQ94AaABAg,positif,positif
UgyIvpX0HVvsSCKJDQ94AaABAg.9up5m4kms7F9v5x630SFfn,positif,negatif
UgyinOXEe8jNmr-ATUF4AaABAg,netral,netral
UgxkPBgE7WPz5ZTdg_14AaABAg,positif,positif
UgxkPBgE7WPz5ZTdg_14AaABAg.9uoFaaaAYa49v7BPCDBFJT,netral,netral
UgyWAknO4_cil4tDfhV4AaABAg,positif,positif
Ugz4YEzm8l1gKZRjSs14AaABAg,positif,netral
Ugz4YEzm8l1gKZRjSs14AaABAg.9uo4BrJuffE9v5xFN32khT,positif,positif
Ugz4YEzm8l1gKZRjSs14AaABAg.9uo4BrJuffE9vEvQ7gj7qU,netral,netral
UgzC5DKDspftzK0FqFx4AaABAg,netral,positif
UgwPvIsX6edjY7tiDml4AaABAg,positif,negatif
UgwdinTEFfENM4mnxNh4AaABAg,positif,negatif
UgwdinTEFfENM4mnxNh4AaABAg.9unodspZ52f9unxjX4Alu0,netral,negatif
UgyOSuugxk5Wj5Iuokd4AaABAg,netral,netral
UgysLqWXAE8bbFgm4FB4AaABAg,positif,positif
Ugy4qra4LGaAvQX3BHR4AaABAg,negatif,negatif
Ugz0OpAba4kVohB_VU14AaABAg,netral,negatif
UgzRf50aVG5rc-b3zwp4AaABAg,positif,positif
UgwdzO5naLn4EW6BjE14AaABAg,positif,positif
Ugyp3sHwTPd386C2bq54AaABAg,positif,netral
UgysbTUtNR2E9sqiwH94AaABAg,positif,positif
UgxeyzT5yp8q7fN80294AaABAg,netral,netral
UgxeyzT5yp8q7fN80294AaABAg.9ulUvrfzpLX9unMe2X32Ru,positif,positif
UgympfSpB6bXzQzMzRt4AaABAg,positif,positif
UgyZ7NsaJ6gvOboVHCN4AaABAg,negatif,negatif
Ugz2at-Uh7u_5PEmbLJ4AaABAg,negatif,negatif
Ugz2at-Uh7u_5PEmbLJ4AaABAg.9ulDCv9QKuw9unMh-iSr0n,netral,netral
UgyBe-mn_oxnTDlqSbN4AaABAg,positif,positif
UgyKPTcPjPlqeOO_mVp4AaABAg,positif,negatif
UgxnYRkAk0Jla_vbY5R4AaABAg,positif,positif
UgzMUCUVDhBk_5vtRG14AaABAg,positif,positif
UgwdYcBD3v1VDzWwU0Z4AaABAg,positif,positif
Ugw4YvdW_6dneBAkX8Z4AaABAg,positif,positif
UgwuLU7tSn493iu4IiJ4AaABAg,positif,positif
UgxbUY9Bxm6XKb79_1V4AaABAg,positif,positif
UgxFRsaVAXMO4rhkk-F4AaABAg,positif,positif
UgyIQSR14r8rUtLxdrp4AaABAg,positif,positif
UgxsX_CIl-iQlECJ3kd4AaABAg,netral,negatif
UgxsX_CIl-iQlECJ3kd4AaABAg.9ukWjg0Z5F69unMmfXazZp,positif,positif
UgxsX_CIl-iQlECJ3kd4AaABAg.9ukWjg0Z5F69umU1HSl3L7,positif,positif
UgxsX_CIl-iQlECJ3kd4AaABAg.9ukWjg0Z5F69umYyJEez0R,netral,negatif
UgyzGFw7ZoCen_OAoql4AaABAg,positif,positif
Ugx0kGHHSaJvbRlmT-F4AaABAg,positif,positif
Ugz1fGYa1_IjOLEQXY54AaABAg,positif,positif
Ugz2gts39RaiWTDbKfx4AaABAg,positif,positif
Ugyf6m06YdTL2P44phZ4AaABAg,positif,positif
UgzIXwolQEMomBjbGpx4AaABAg,positif,netral
UgzIXwolQEMomBjbGpx4AaABAg.9ukEnbUJudS9vH-bEtKFgV,netral,positif
UgyyuMOhYb9_LG1gD094AaABAg,positif,positif
UgwCeETp0qULjSoZjkt4AaABAg,positif,positif
UgwkOTU5l51MRVXJYuV4AaABAg,netral,netral
UgzWSL9-PpSELsclZu94AaABAg,positif,positif
UgwDmDAIQISEJxpwL0x4AaABAg,positif,positif
UgxhjSqKBcRVKEmI0-d4AaABAg,positif,positif
Ugx0SIo5N-yhRmKZtsx4AaABAg,positif,positif
UgyfcjYKYN6uK092wCl4AaABAg,positif,positif
UgwodGYKgvZ5ysRMrDB4AaABAg,positif,positif
Ugx_TEdlb6EPe3fkrBx4AaABAg,positif,positif
Ugy4gEMBvVbjmmrtGo54AaABAg,positif,positif
UgycYmPQnupOTAsoaBF4AaABAg,positif,positif
UgyDop3SNcHW_fyLsE94AaABAg,netral,netral
UgxlgG5UPlDY5Df6EYN4AaABAg,negatif,negatif
UgxKV8xcG8Td75MzEBZ4AaABAg,netral,negatif
UgzAsu5Q8wZ_GfW6YD94AaABAg,positif,positif
UgxVLM5NdJNsNYVsPYB4AaABAg,positif,positif
Ugxx2__3Qt5Pnimtznl4AaABAg,positif,negatif
UgxhAPhAvYAlStBdSXx4AaABAg,netral,netral
Ugx5dk-CIWyZ67bapcB4AaABAg,positif,positif
Ugx5dk-CIWyZ67bapcB4AaABAg.9ujBUqUvZJh9ujCpZ6t9tK,positif,positif
Ugx5dk-CIWyZ67bapcB4AaABAg.9ujBUqUvZJh9ukAoOkpEWa,positif,positif
Ugzmymadn-ILbjMcaup4AaABAg,negatif,negatif
Ugzmymadn-ILbjMcaup4AaABAg.9uj99sgOd259v7BFMHz3YJ,negatif,negatif
Ugzmymadn-ILbjMcaup4AaABAg.9uj99sgOd259wJIfW4EWPY,positif,netral
UgxWgoMSe73HS9rDvZ54AaABAg,positif,positif
UgytBROXcBYjmN15woR4AaABAg,positif,positif
UgzxjMPFQpGs5FWD2Zl4AaABAg,positif,negatif
UgzxjMPFQpGs5FWD2Zl4AaABAg.9uj29JK6HXd9waeMRlg1hk,positif,positif
UgyeMtFpdhdVIMrS6qZ4AaABAg,negatif,negatif
UgzxsODbKa_AW1klk4d4AaABAg,positif,positif
UgyxIlcTAT6bnJ01ZC94AaABAg,positif,positif
UgwSXDcayHDAkVTWVDx4AaABAg,positif,netral
UgxSpfNzqcuKOlUUJkR4AaABAg,netral,netral
Ugw36hxfpy_UcNKoPQB4AaABAg,netral,netral
UgxmnjJdDVvf1-tw22p4AaABAg,positif,positif
UgyCe0d2DYQhiRIzBgd4AaABAg,netral,positif
Ugz1chelOBGKAs10BBJ4AaABAg,netral,positif
Ugx1MkfdkHssKJ2w-v54AaABAg,positif,positif
UgwT-oFfAitQng-tHhZ4AaABAg,positif,positif
UgwetvjMbuJwD1eyrSp4AaABAg,positif,positif
UgzOutNMghrvT2ObSxl4AaABAg,positif,positif
UgyxFvJd96xI8bz2uNl4AaABAg,positif,positif
UgwH-Qud0cYRkrXcMfh4AaABAg,positif,negatif
Ugw7zTVXZKcyyhtj_u14AaABAg,positif,negatif
Ugxyu4d6jth7qTcvuDF4AaABAg,netral,positif
UgxwIyKMZqHYNfSArAh4AaABAg,positif,positif
UgxwIyKMZqHYNfSArAh4AaABAg.9uijv0o9rST9uipNkyapb4,netral,netral
UgzLU7admxrrQj7UzjR4AaABAg,positif,positif
UgxvpducTdF5VFMDRTV4AaABAg,positif,positif
UgwppZ9qbWIhhxf29JV4AaABAg,positif,positif
Ugx0UQy4e0FgJ9c4M-t4AaABAg,positif,positif
UgzwYDxQ-xtGo-bDfF94AaABAg,positif,negatif
Ugy_E4ERCxJNRL90tLx4AaABAg,netral,positif
Ugy_E4ERCxJNRL90tLx4AaABAg.9uih9VD2xQ89uiv2DoccN1,netral,positif
Ugy_E4ERCxJNRL90tLx4AaABAg.9uih9VD2xQ89uixYzMlkPQ,positif,positif
UgwxLhJGdKNa3uBF69x4AaABAg,positif,negatif
UgyhI9unYP5FUjuc6gd4AaABAg,positif,positif
Ugwr0jHHi3KDLznQh0d4AaABAg,netral,negatif
Ugwr0jHHi3KDLznQh0d4AaABAg.9uif7l4BaM39uka7oqZYgj,netral,negatif
Ugwr0jHHi3KDLznQh0d4AaABAg.9uif7l4BaM39umUM776qoa,negatif,negatif
Ugwr0jHHi3KDLznQh0d4AaABAg.9uif7l4BaM39ungnmhPg01,netral,negatif
Ugwr0jHHi3KDLznQh0d4AaABAg.9uif7l4BaM39uprhRV1mSb,netral,negatif
Ugwr0jHHi3KDLznQh0d4AaABAg.9uif7l4BaM39vBtd923two,positif,negatif
Ugw8NygipT2FR435CFh4AaABAg,positif,positif
UgyYjPhZ3rqHuysnOMF4AaABAg,positif,positif
UgyYjPhZ3rqHuysnOMF4AaABAg.9uieYuufPKu9vcckqhke5f,netral,positif
UgwAd84aERVmD_RE1dV4AaABAg,positif,positif
Ugywl9pgzujQI91mYHx4AaABAg,positif,positif
Ugywl9pgzujQI91mYHx4AaABAg.9uid2PItK0J9uigUukAK7y,positif,positif
Ugywl9pgzujQI91mYHx4AaABAg.9uid2PItK0J9uihS2wRELL,positif,positif
Ugywl9pgzujQI91mYHx4AaABAg.9uid2PItK0J9uipWP2JJUx,positif,positif
Ugywl9pgzujQI91mYHx4AaABAg.9uid2PItK0J9uitWZRyl7G,positif,positif
Ugywl9pgzujQI91mYHx4AaABAg.9uid2PItK0J9v6HlsS-LPR,positif,positif
UgywWIb7JWVAb-OMk8d4AaABAg,positif,positif
UgzaOf2ls81pZ-ldHYt4AaABAg,netral,netral
Ugw5H2ME4Ht9p-tI9lh4AaABAg,positif,positif
Ugwkq393r8i9r7MWNjt4AaABAg,negatif,negatif
Ugw7qrM93m_taB8dUyV4AaABAg,positif,positif
UgxQtgL4XVwQjZ9CEP94AaABAg,netral,netral
UgzNLAOFrngvrMPRM1t4AaABAg,positif,netral
UgwdAt_RisOinrVoaVp4AaABAg,netral,netral
Ugw9gwr7qhHIUZnZO3x4AaABAg,netral,positif
UgyvOfrJuWDb0-c-0ux4AaABAg,positif,positif
Ugz4WTDdK9cvxKuksy14AaABAg,negatif,positif
UgwZAEK57O0bjgzWrmZ4AaABAg,netral,netral
UgwVtQb8q9gkbNpPofp4AaABAg,positif,positif
UgwOUj8m4kXKV1HVlM94AaABAg,positif,positif
UgzvvqP4Fy4LXAU9i554AaABAg,negatif,negatif
UgzWOLPJv5uldPOrEnR4AaABAg,positif,positif
Ugx2jwXdRbh3wb5pmkd4AaABAg,positif,positif
UgwPb0e5oShBAvzDGvZ4AaABAg,netral,netral
UgwB-6DNZQCukNndP5l4AaABAg,netral,negatif
UgxtqBH-iimqbEb2EkF4AaABAg,netral,netral
Ugxa2Zeyga1pe8l8nJ54AaABAg,netral,netral
UgzBh-JmEtTA538M0NN4AaABAg,netral,negatif
UgxLG0AWNMXrS5tFd3h4AaABAg,netral,negatif
UgySwWS4_Z52rWCknCx4AaABAg,positif,positif
UgxzX2dzIeXJbvTwOEV4AaABAg,positif,positif
UgyLIgn_Q0sX-ucuebJ4AaABAg,positif,positif
Ugxm8GhywyzoU4bK2FN4AaABAg,negatif,negatif
UgxUoRSkXLzNwtc8oVV4AaABAg,netral,netral
Ugz7aa3bK86c6nYyQMd4AaABAg,netral,negatif
UgxRJXdYx1IOCnCgail4AaABAg,netral,positif
UgwnOhLrvZFC6ovgAsR4AaABAg,netral,netral
Ugwxjb30GHDB4aYaQ9F4AaABAg,positif,positif
UgyXzFIXNI4CRTyz9n14AaABAg,positif,negatif
UgxwEE-785XiuSdM1TJ4AaABAg,netral,positif
Ugy7QTddoTnxfSjjrh94AaABAg,netral,netral
UgxiwoZvJgsYtdrshIN4AaABAg,positif,positif
Ugz3BZKMaxhSk5foJxN4AaABAg,positif,positif
UgymsXDEd9SzGUclGfB4AaABAg,netral,positif
Ugx_XHF-BT0kNlQe5MR4AaABAg,positif,positif
UgwR0QctEo5XAjLyMOd4AaABAg,netral,positif
UgzzKUoytM2Y3_p7iNd4AaABAg,netral,netral
UgxRhYVOhgWqKhmQXsJ4AaABAg,netral,netral
UgxZ7O5VBSs7q9dXX-Z4AaABAg,netral,positif
Ugw3IItQ4nUWJPPzm8J4AaABAg,positif,positif
UgzE6Wpz5Z-5ym02V0l4AaABAg,positif,positif
UgyX4QZvpAeK0osX1_h4AaABAg,positif,positif
UgwcvSkscbYZNIkpJNF4AaABAg,positif,positif
UgyzdcvnAjjS_Cu10LJ4AaABAg,positif,positif
UgxzsCSfeehe3X3FaWR4AaABAg,netral,netral
UgwPRD9ua-QSvTBhNEN4AaABAg,netral,positif
UgwwDfs2-1XP-3UUyrx4AaABAg,positif,netral
UgwMgfSFq5a2aMafWgh4AaABAg,positif,positif
UgwUeKmeL3ikj_AZqRl4AaABAg,positif,positif
Ugx_ll8Tpiy2YiFgnoh4AaABAg,netral,negatif
UgwcIM2qpJN4bUc1qC54AaABAg,positif,positif
UgzEmwuwUOhWXxLcg-l4AaABAg,positif,positif
UgxA0Pp6WrdMSk7YxyR4AaABAg,positif,positif
UgzFZwkZzGyfID66Rk54AaABAg,positif,positif
Ugx9gfE6f6t5s4bj5ep4AaABAg,netral,netral
UgzSjmBfcvY1KDfzaQ54AaABAg,positif,positif
UgyXfa5Cqzxjj9TqQAJ4AaABAg,positif,positif
Ugx0w8Mvq6NhfOMAC754AaABAg,positif,positif
UgyfDgOcGobVpzQPZAp4AaABAg,positif,positif
UgyfDgOcGobVpzQPZAp4AaABAg.AB2O4QcNe29ABAvFXjJYSn,positif,positif
UgwX8l0Xp8ni3rOk23l4AaABAg,positif,positif
UgwLlj_sOLGtpbt-Rrl4AaABAg,positif,positif
Ugw1ohKaIyB8im7QN454AaABAg,positif,netral
UgwmaLi9ZJ_x_z8_-et4AaABAg,positif,positif
Ugy_JQ5IQDkOkzj5Ix54AaABAg,positif,positif
UgwHn_FX09-UvSPLPZt4AaABAg,positif,positif
UgwBD5zxWxE-pn6C8d54AaABAg,positif,positif
Ugz-Vc4oJYKdtYf4bNB4AaABAg,positif,positif
UgxsmJZFOh-5o_ikCgJ4AaABAg,positif,netral
UgzlSnMYImarG2ICJm54AaABAg,positif,positif
UgwO25NX4U3SJc09sG54AaABAg,positif,positif
UgzPu9HiVExb0IyGZm14AaABAg,netral,netral
UgwgIVq4JDvsHY0xCL14AaABAg,positif,positif
Ugy-T0gpbgyZaxThojN4AaABAg,positif,negatif
Ugy-T0gpbgyZaxThojN4AaABAg.AAmiizVbbBsAAyakVQ5XX0,positif,negatif
UgwdkpUJMu540Ipaevh4AaABAg,positif,positif
UgzMnG1uaQPsMpw2Mdd4AaABAg,netral,netral
Ugykqk7DcXdY6_2NhV94AaABAg,positif,positif
UgwRaAGE1nSSuDwQs8x4AaABAg,positif,positif
UgzvZ2EB-lbwEtTY4kZ4AaABAg,positif,positif
UgznKIDBigbPDcWlcBV4AaABAg,positif,positif
UgwtoezlhdwGRLxPkVJ4AaABAg,positif,positif
UgwtoezlhdwGRLxPkVJ4AaABAg.AAcPmZKQOTnAAgBZr5zIQd,positif,positif
UgyMycbk7gmFF1vhA-Z4AaABAg,netral,negatif
UgzfoVnmmGt4Lu0TxpV4AaABAg,netral,netral
UgwkYY3EfW--SRZysal4AaABAg,positif,positif
UgyMbdveAZpVMstB51p4AaABAg,negatif,negatif
UgzKySoCgNOk8E0uWJB4AaABAg,netral,netral
UgzKySoCgNOk8E0uWJB4AaABAg.AAay7xv7sJUAAbHib1rYXX,netral,negatif
UgzKySoCgNOk8E0uWJB4AaABAg.AAay7xv7sJUAAil0ngvGTn,positif,positif
UgwBEyZpMSuUZgzbjat4AaABAg,positif,positif
Ugz8hIphaxCVZ1Ci4jx4AaABAg,positif,positif
UgwYB2tOULR98E3GhCV4AaABAg,positif,positif
UgxLMi4wMn0QcdAosad4AaABAg,netral,netral
UgydDUDfS75FW9bN2LF4AaABAg,positif,positif
UgyL_T_PcwaGG8CP-eV4AaABAg,positif,netral
Ugz78JIMQ0IIFP6PwIF4AaABAg,positif,positif
UgyzX64irRHNRPfqomd4AaABAg,positif,positif
UgyYEfUkwW_vfb8nOAB4AaABAg,positif,positif
UgzF8NuWhru2xbhzCtB4AaABAg,positif,positif
UgwX71RBO1JmoiUrPeJ4AaABAg,positif,positif
Ugx7Ib_tfcKG5lXcK4N4AaABAg,positif,positif
UgwjvPdrBpnOmTODa4R4AaABAg,netral,netral
UgwnvCMLKLOrLcr0ual4AaABAg,positif,positif
UgwnvCMLKLOrLcr0ual4AaABAg.AAO59KtbENwAAUk39g-Qzq,positif,netral
UgwnvCMLKLOrLcr0ual4AaABAg.AAO59KtbENwAAWJS3_NB2-,netral,netral
UgxHRfvmfKt1Tas9Iwd4AaABAg,positif,positif
UgzocWwA4AwPe5243m94AaABAg,positif,positif
UgykkfkxiFwmy5c-Red4AaABAg,positif,positif
UgzxeDdWqUPLQP7Ssv14AaABAg,netral,netral
UgwiCnwz9mc8MufazuZ4AaABAg,netral,negatif
UgwiCnwz9mc8MufazuZ4AaABAg.AALQjA1JUmgAAQNEj37Yyj,netral,positif
UgwiCnwz9mc8MufazuZ4AaABAg.AALQjA1JUmgAEdDTYZpR8D,netral,netral
UgwB1XCBnvR_DVJVX9F4AaABAg,positif,positif
UgysqHPlYt3C3RwbWZh4AaABAg,netral,negatif
Ugz_WVyExhmDOIEWtHt4AaABAg,netral,netral
UgxEFGtYZ1V-IeOto114AaABAg,positif,netral
UgxdxoRwl1Jj8GllqNZ4AaABAg,positif,positif
UgyN8GDECDcvmYGiH6d4AaABAg,netral,netral
UgxXdAXlrTQHGZM2iuV4AaABAg,netral,netral
UgwXBFAsKJOB95vlQgF4AaABAg,netral,positif
Ugw-NZmfTrm_c3gCL9N4AaABAg,positif,positif
Ugy95BcewEuI54qCE-R4AaABAg,netral,positif
UgzQ_zkRqAtk0sDcU6t4AaABAg,positif,positif
UgyIfBOspqeFBwyn0kp4AaABAg,netral,netral
UgwfbQJ6IMvo4b4AY4x4AaABAg,positif,positif
UgwGHbWXbHY2kL9kqgJ4AaABAg,positif,positif
UgzkL7mimYDU_3ReErV4AaABAg,netral,netral
Ugyr2ZjLcjqX1_o5DmZ4AaABAg,netral,netral
UgzDheBer5jd-iVuUnt4AaABAg,netral,positif
Ugw_7Vhs509MglTZcD14AaABAg,positif,positif
Ugz5YwUcLGE7vRneIZl4AaABAg,positif,positif
UgzgcvZW7A_o2u4DK1F4AaABAg,positif,positif
UgzjGz8GWAw6N72Y-gR4AaABAg,netral,positif
UgzXDCX2sxTVm2OKqd54AaABAg,netral,negatif
UgxAhWQ_OvPbwMF9dpF4AaABAg,netral,netral
Ugy7VHOy8FWORMksOO14AaABAg,positif,positif
UgyvHXsRTJrWS9dOcJN4AaABAg,netral,netral
UgwQvChUUczY8zI2wfh4AaABAg,positif,positif
UgxUzNp0xBAzfDexuIR4AaABAg,positif,positif
Ugy932gHifFrzmECR9l4AaABAg,positif,positif
UgzNjjuAPII7eGx939t4AaABAg,netral,negatif
UgzWBsqHo9vvXNFTjbR4AaABAg,negatif,negatif
Ugwt2iv32mp_Rim_pVF4AaABAg,netral,netral
UgwKEVjTZY34CZQ6Zx94AaABAg,netral,netral
UgxaLyozYP6ApBrUOXp4AaABAg,positif,positif
UgyIIgrNSDWzynW_Ru14AaABAg,positif,positif
UgymkSTzkk_FO6DCKRt4AaABAg,positif,positif
UgxBwFSLwv8DGbOh6qZ4AaABAg,netral,netral
UgxBwFSLwv8DGbOh6qZ4AaABAg.A9t9omNAIqfA9yMFxYiThe,positif,negatif
UgxBwFSLwv8DGbOh6qZ4AaABAg.A9t9omNAIqfAA5QZT6wfuA,negatif,negatif
UgxBwFSLwv8DGbOh6qZ4AaABAg.A9t9omNAIqfAAgOsLjlaNj,positif,positif
UgxXExhCSkpJGaZTw9F4AaABAg,positif,positif
Ugy_kzYUO5ep-ZZyXgh4AaABAg,netral,netral
UgxStQbd1YSoZ7_OJvl4AaABAg,positif,positif
UgxJLYf5uowQAFT_9tJ4AaABAg,netral,netral
UgxoMQfmOXT3dul-qoF4AaABAg,netral,netral
UgyBbTlFki7KF-MnC554AaABAg,netral,netral
UgzJjaqz0iENVJWkl6x4AaABAg,netral,netral
UgxAxsn1oQpAV1aQFBF4AaABAg,netral,netral
UgxZypp1sKa-7avxLyh4AaABAg,netral,negatif
UgyxGXdWOEXLdQXjabR4AaABAg,netral,netral
UgwR9XMGgFugRnG8f4l4AaABAg,positif,positif
Ugx_7Hf7TY5gpOLtFFh4AaABAg,netral,positif
UgyMVIJOiJTqyLX1pfx4AaABAg,positif,positif
Ugx_Fq6XMmXXusRcsrV4AaABAg,negatif,negatif
UgwZxJpOx1fTzeAGCNx4AaABAg,netral,netral
Ugwc8pBtnVeF3pJB0194AaABAg,netral,netral
Ugwi6t0hL8t-EU6vGpB4AaABAg,netral,negatif
Ugwi6t0hL8t-EU6vGpB4AaABAg.A9e0ru9Qj83A9i56srREHB,positif,positif
Ugwi6t0hL8t-EU6vGpB4AaABAg.A9e0ru9Qj83A9iFNW8b_in,positif,positif
Ugyl3ox3IUhc5Fm-SaF4AaABAg,netral,negatif
UgzrbBSi9_oV9OkNCMB4AaABAg,netral,netral
UgyTzLF1qzI57T_xjM14AaABAg,netral,netral
UgzDjDDHAVv4sEu7fkl4AaABAg,positif,positif
UgwmgDlkU9adwfp6TmR4AaABAg,netral,negatif
Ugz7glSCNparw4rvi9p4AaABAg,netral,netral
UgxjP8gIPXcvsp5amoZ4AaABAg,positif,positif
Ugz5cperuvXX8mzRvT94AaABAg,netral,negatif
Ugwk5ipKZcIzaYw5aDZ4AaABAg,netral,negatif
UgwhOCLF1r557-EwsXR4AaABAg,positif,positif
Ugy8fAAsyWEW3OYJ7uR4AaABAg,netral,netral
UgwCMrqizvEu-b0FUmB4AaABAg,netral,negatif
UgyDvCR20050qbZceoh4AaABAg,netral,netral
UgwYy9ExV3OZVJ0HVF94AaABAg,positif,positif
Ugz-BHuumFajX9T6Le54AaABAg,netral,negatif
Ugwqx399CgdsG79gH294AaABAg,netral,netral
UgywjiS2nsi4mgW15N14AaABAg,negatif,positif
Ugz8BZM5l9wy9_L7gw94AaABAg,netral,netral
UgxdJ8mzS1li30maxhh4AaABAg,positif,positif
Ugzo6yUn5NXrJgudg7d4AaABAg,netral,netral
Ugx70BwgtOwp9mgHJtt4AaABAg,positif,positif
Ugw8fjq98o74AzBNkdp4AaABAg,netral,netral
Ugw8fjq98o74AzBNkdp4AaABAg.A9WmabqAziNAAecOFV1ArU,netral,netral
Ugxi3HVLyV7NfVA8exB4AaABAg,netral,negatif
UgwH_ouPqp790wqmAe54AaABAg,netral,positif
Ugyd43MIFPRI9Z1zaht4AaABAg,negatif,negatif
UgxRA1buJSj-O6ILFDl4AaABAg,netral,netral
UgxlI2VkM6TeNC6-z2t4AaABAg,netral,netral
Ugw9PcbWmJA_qSyZgQN4AaABAg,positif,positif
UgzfSGBwlfVtCF4oQDd4AaABAg,netral,negatif
Ugxa3TXDvvgXr2S41nt4AaABAg,netral,netral
UgzNE9y7_yPr2W-OlN54AaABAg,netral,netral
UgwgXgiPuKJuBrzEU754AaABAg,positif,positif
UgwpGu7OYRqbLfsxqWJ4AaABAg,positif,positif
UgysN0jS7rXVBl6XLZZ4AaABAg,netral,netral
UgxiFqQxt2dd2PMJJhN4AaABAg,positif,positif
Ugyrv4q7ycvD7s1BRIV4AaABAg,positif,positif
UgzwivHegk3fR2x1MYN4AaABAg,netral,netral
UgzwivHegk3fR2x1MYN4AaABAg.A9SMzez4f2nA9X0o8CUUaH,netral,positif
UgzwivHegk3fR2x1MYN4AaABAg.A9SMzez4f2nA9vYz77hmnb,netral,netral
UgzwivHegk3fR2x1MYN4AaABAg.A9SMzez4f2nA9ySVNyhpT8,positif,netral
UgzwivHegk3fR2x1MYN4AaABAg.A9SMzez4f2nAAXMPyq4nl6,netral,netral
UgzwivHegk3fR2x1MYN4AaABAg.A9SMzez4f2nAAwnWiDiTdl,netral,netral
UgzwivHegk3fR2x1MYN4AaABAg.A9SMzez4f2nABQNfpgWsnT,netral,netral
UgzwivHegk3fR2x1MYN4AaABAg.A9SMzez4f2nA9auG0An8Kp,netral,negatif
UgzwivHegk3fR2x1MYN4AaABAg.A9SMzez4f2nAAOCqOH0QsP,netral,positif
UgzwivHegk3fR2x1MYN4AaABAg.A9SMzez4f2nAAXMRY4TOK7,netral,negatif
UgzwivHegk3fR2x1MYN4AaABAg.A9SMzez4f2nAA_fzmLhFcr,positif,positif
UgzwivHegk3fR2x1MYN4AaABAg.A9SMzez4f2nAAebxtI7IvM,positif,negatif
UgzwivHegk3fR2x1MYN4AaABAg.A9SMzez4f2nABAsFVAlmT_,negatif,negatif
UgzwivHegk3fR2x1MYN4AaABAg.A9SMzez4f2nAB3y3pvH7JT,netral,negatif
UgzwivHegk3fR2x1MYN4AaABAg.A9SMzez4f2nAJJERgVgDod,netral,positif
UgxFBuQzareGKvw3G-N4AaABAg,netral,netral
UgxFBuQzareGKvw3G-N4AaABAg.A9SHCu_A__hA9X3KaKVGTr,netral,negatif
UgxFBuQzareGKvw3G-N4AaABAg.A9SHCu_A__hAB17j_bl9H9,netral,negatif
UgxthkrQT5hCm32yUOd4AaABAg,netral,negatif
Ugxk_DvNNbMjocFUgcR4AaABAg,negatif,negatif
Ugxk_DvNNbMjocFUgcR4AaABAg.A9SEGDZbv7kA9z0Eav9Qih,netral,negatif
Ugxk_DvNNbMjocFUgcR4AaABAg.A9SEGDZbv7kAM7BHDP5Mr5,netral,netral
UgycvZghFlhy5U2cqqV4AaABAg,netral,negatif
UgybPRkYtXv3Gl0xHQd4AaABAg,positif,positif
UgybPRkYtXv3Gl0xHQd4AaABAg.A9SDZuHa72AAA23_U_ib8U,netral,positif
UgyR6l61X8eq3a4EXdh4AaABAg,netral,netral
UgyR6l61X8eq3a4EXdh4AaABAg.A9SBR9bTAonA9SP0qK_RUZ,negatif,netral
UgyR6l61X8eq3a4EXdh4AaABAg.A9SBR9bTAonA9Ts4R8MGrQ,negatif,negatif
UgwDPdMngCbwmQ18YEl4AaABAg,negatif,negatif
Ugwz0OpytdQq8kw3Yyd4AaABAg,positif,positif
Ugwz0OpytdQq8kw3Yyd4AaABAg.A9S5PvGly9IAFe5F7Oykiy,netral,negatif
Ugy4BwJUJqfJtWkJLxt4AaABAg,positif,positif
UgyTQwpvO0OqTpnN9fV4AaABAg,netral,netral
UgyTQwpvO0OqTpnN9fV4AaABAg.A9RxbQ2lJt4A9SAHEvf6wB,netral,positif
UgyKJPbwpCasVGhYutp4AaABAg,positif,negatif
UgyKJPbwpCasVGhYutp4AaABAg.A9Ruws6NXV8A9X1MB7Y2pM,netral,negatif
UgyKJPbwpCasVGhYutp4AaABAg.A9Ruws6NXV8A9dnwuH4mu6,negatif,negatif
UgyKJPbwpCasVGhYutp4AaABAg.A9Ruws6NXV8A9dip2uwo8I,positif,positif
UgyKJPbwpCasVGhYutp4AaABAg.A9Ruws6NXV8A9dnykmSXCm,positif,netral
Ugw8MVZsfelyFjGnxo94AaABAg,positif,positif
Ugx1NGUFcSJustq-HNt4AaABAg,negatif,negatif
Ugx1NGUFcSJustq-HNt4AaABAg.A9RqFFGofJWA9S9kBm-Y-2,negatif,negatif
UgxAmfy71M3o6rvJuAd4AaABAg,positif,positif
UgzEkcS8F1CNVJ00l-V4AaABAg,positif,positif
UgzEkcS8F1CNVJ00l-V4AaABAg.A9R_OFOV3oMA9X0z7sEHGF,netral,positif
Ugw2QSsai7coJKmxnlt4AaABAg,netral,negatif
UgxSOzXhTjJLyCS4h8B4AaABAg,netral,netral
UgyRc6Nz91AtSjAWlhN4AaABAg,positif,positif
UgxJLjT_O1YYOo-FVlB4AaABAg,positif,positif
UgzbvI0y2-yFbF5jxl54AaABAg,positif,positif
UgxLmM0a5s5f0Vq6Gwh4AaABAg,positif,positif
UgxLmM0a5s5f0Vq6Gwh4AaABAg.A9QvVpZvrGSA9Rv810KFLK,negatif,negatif
Ugz6_TpIxiOpGHGmzTd4AaABAg,netral,netral
Ugz6_TpIxiOpGHGmzTd4AaABAg.A9Q2ujyhYVSA9ULzQCH3DR,netral,netral
Ugz6_TpIxiOpGHGmzTd4AaABAg.A9Q2ujyhYVSA9S9c8EegvT,negatif,negatif
Ugz6_TpIxiOpGHGmzTd4AaABAg.A9Q2ujyhYVSA9SXZ8PLbLk,positif,positif
Ugz5uwoZ6KeYR_jetOl4AaABAg,netral,netral
Ugykgq_O4IV-cMGytLV4AaABAg,positif,positif
Ugykgq_O4IV-cMGytLV4AaABAg.A9PzZBheZHfAA1uhFgZUZT,negatif,negatif
Ugzf0tdKcgcwP6IaRjt4AaABAg,positif,positif
Ugw803RvQ9deGFmd45x4AaABAg,positif,positif
Ugz5l5avzd4oOv-kCUt4AaABAg,positif,positif
Ugyiae0DxRVzwHbO_XJ4AaABAg,netral,netral
UgzVEjG_XFIlz1NndhR4AaABAg,positif,positif
UgzVEjG_XFIlz1NndhR4AaABAg.A9Prp7OullxA9QaYb6pM0U,netral,positif
UgzVEjG_XFIlz1NndhR4AaABAg.A9Prp7OullxA9REn8VhyUp,netral,netral
UgzVEjG_XFIlz1NndhR4AaABAg.A9Prp7OullxA9ReB9zi9Pv,positif,positif
UgzVEjG_XFIlz1NndhR4AaABAg.A9Prp7OullxA9S23FGWGta,netral,netral
UgzVEjG_XFIlz1NndhR4AaABAg.A9Prp7OullxA9SIoCyIpY5,netral,netral
UgzVEjG_XFIlz1NndhR4AaABAg.A9Prp7OullxA9TA0QkpgCG,netral,netral
UgzVEjG_XFIlz1NndhR4AaABAg.A9Prp7OullxA9TA2BHEjco,netral,netral
UgzVEjG_XFIlz1NndhR4AaABAg.A9Prp7OullxA9TxlF83X7R,positif,positif
UgzVEjG_XFIlz1NndhR4AaABAg.A9Prp7OullxA9X0bLs0dH_,netral,netral
UgzVEjG_XFIlz1NndhR4AaABAg.A9Prp7OullxA9Trlc-8wge,negatif,negatif
UgzVEjG_XFIlz1NndhR4AaABAg.A9Prp7OullxA9XSMC_Qso-,netral,netral
UgzVEjG_XFIlz1NndhR4AaABAg.A9Prp7OullxA9d1qFwsY5k,positif,negatif
UgzVEjG_XFIlz1NndhR4AaABAg.A9Prp7OullxA9d9W9lVcqD,netral,negatif
UgzVEjG_XFIlz1NndhR4AaABAg.A9Prp7OullxA9dTe61eLB_,netral,netral
UgzVEjG_XFIlz1NndhR4AaABAg.A9Prp7OullxA9jihsrQ5ls,netral,netral
UgzVEjG_XFIlz1NndhR4AaABAg.A9Prp7OullxAAGPq8t-Lxi,negatif,negatif
UgxOBdStbw6y7CgYhfR4AaABAg,netral,netral
UgxOBdStbw6y7CgYhfR4AaABAg.A9PqupVnmJlA9S9POM2i6T,negatif,negatif
UgwLBgIyMAIPouZ-uch4AaABAg,netral,positif
Ugym2zGWJl6bhgY9mEN4AaABAg,positif,positif
UgzuujcEN-lbNCroftJ4AaABAg,netral,positif
UgzuujcEN-lbNCroftJ4AaABAg.A9PlVawVViNAB5GoFHAff-,netral,negatif
UgxOHGgwwgemQeVCi1h4AaABAg,positif,netral
UgxOHGgwwgemQeVCi1h4AaABAg.A9PkuYbguTFA9X0Xvy1JgH,netral,positif
Ugz6mb1_34Rds-OrArV4AaABAg,positif,positif
Ugz6mb1_34Rds-OrArV4AaABAg.A9PkUo-hCcXA9PszdgqzSm,netral,netral
UgwGjL9fJxRxQB3YsBN4AaABAg,positif,positif
UgyLHQPlXNscr7Yy7Y14AaABAg,positif,negatif
UgyLHQPlXNscr7Yy7Y14AaABAg.A9Pjk2fMQXFA9RCDvu5mlh,netral,negatif
UgyLHQPlXNscr7Yy7Y14AaABAg.A9Pjk2fMQXFAA136H_371N,negatif,negatif
UgyLHQPlXNscr7Yy7Y14AaABAg.A9Pjk2fMQXFA9RCQ12aWms,netral,netral
UgyLHQPlXNscr7Yy7Y14AaABAg.A9Pjk2fMQXFAB2O0rC6s5z,netral,netral
UgyLHQPlXNscr7Yy7Y14AaABAg.A9Pjk2fMQXFA9X4r0Le9qR,positif,positif
UgyLHQPlXNscr7Yy7Y14AaABAg.A9Pjk2fMQXFAAG3wa9omCG,netral,netral
UgyLHQPlXNscr7Yy7Y14AaABAg.A9Pjk2fMQXFAAQMvQag6-J,netral,netral
UgyLHQPlXNscr7Yy7Y14AaABAg.A9Pjk2fMQXFA9X0RjO4GNc,negatif,negatif
UgyLHQPlXNscr7Yy7Y14AaABAg.A9Pjk2fMQXFAHVEN1ep8Sa,netral,positif
UgyLHQPlXNscr7Yy7Y14AaABAg.A9Pjk2fMQXFAADML0H6s4W,positif,positif
UgyLHQPlXNscr7Yy7Y14AaABAg.A9Pjk2fMQXFAA9oCxhze61,positif,positif
UgyLHQPlXNscr7Yy7Y14AaABAg.A9Pjk2fMQXFAAz0Xh-Qo0g,netral,positif
Ugx4xoM1y3xky-OYpZl4AaABAg,negatif,negatif
Ugx4xoM1y3xky-OYpZl4AaABAg.A9Phglyu_MQA9Phs6Kv_yl,netral,netral
Ugx4xoM1y3xky-OYpZl4AaABAg.A9Phglyu_MQA9PjcYmEBjD,netral,negatif
Ugx4xoM1y3xky-OYpZl4AaABAg.A9Phglyu_MQA9PkagyJlR0,netral,netral
Ugx2CHzRy2BWWdVw1LB4AaABAg,positif,positif
Ugyyv2BrHAwy97vJLbp4AaABAg,netral,positif
Ugy3oja65qwc5J3l4IN4AaABAg,positif,positif
UgxccHJCzgXXpzB9E9N4AaABAg,netral,netral
UgzG2EJtl4QEY8bkgVN4AaABAg,positif,positif
UgzUCYkDIjxB1YWMDKB4AaABAg,positif,positif
UgzBDHaoqgQeQxUNy5V4AaABAg,negatif,negatif
UgzBDHaoqgQeQxUNy5V4AaABAg.A9PbpJiIbuvA9Pq2ea1dh4,netral,netral
UgxV3W90wbagcq4p4ax4AaABAg,positif,positif
UgzZZ73dTQqaBJ190Qh4AaABAg,netral,netral
UgzZZ73dTQqaBJ190Qh4AaABAg.A9PbWJQh0_sA9PbtypvMZL,positif,positif
UgzZZ73dTQqaBJ190Qh4AaABAg.A9PbWJQh0_sA9PcMnNXc4_,negatif,positif
UgzZZ73dTQqaBJ190Qh4AaABAg.A9PbWJQh0_sA9QKSGJBSCT,positif,netral
UgzZZ73dTQqaBJ190Qh4AaABAg.A9PbWJQh0_sA9R2qWpScIw,positif,positif
UgzZZ73dTQqaBJ190Qh4AaABAg.A9PbWJQh0_sA9ULnIXucba,netral,negatif
UgzZZ73dTQqaBJ190Qh4AaABAg.A9PbWJQh0_sA9q_ZafaPcm,positif,negatif
Ugy0bAuhYGzTFPcdsat4AaABAg,positif,positif
UgzOO8s1Ab-HdBFjsAV4AaABAg,positif,positif
Ugwq0zMH0QiGEXIVKBR4AaABAg,positif,positif
UgyON0xdA1x-vqXYlL14AaABAg,positif,negatif
UgyfOxZf7PgNREVqVU94AaABAg,netral,netral
Ugy4jMgZhRswfMl5W9x4AaABAg,negatif,negatif
UgyuiG3mpiar2b0frLh4AaABAg,negatif,negatif
Ugxnh1rWZ0RPoPypv4F4AaABAg,netral,netral
UgxwjyGiQR4SxYt2xF54AaABAg,positif,positif
UgxzepZASav4JFJARMN4AaABAg,positif,negatif
UgwPZ8H5mYXtLFhUzEx4AaABAg,positif,positif
UgxSJzgPOCAQpY9OGuN4AaABAg,positif,positif
Ugz3gvspvbDp4ViSfJN4AaABAg,positif,positif
Ugz_RuKwQ2Mka6_B-HV4AaABAg,positif,positif
Ugy_X1Ndgh2tMcAU9qd4AaABAg,positif,netral
UgyDcpIDPHyrhC4HKut4AaABAg,netral,netral
UgxgcOyVQwRv-0dMb0l4AaABAg,positif,positif
Ugxlm7Lywaol3TIccf94AaABAg,positif,positif
UgyDBbCFnx3NfiiXKO94AaABAg,positif,positif
UgypuqrRsQy-34ND4qd4AaABAg,netral,positif
UgyFbDif4rdj_paryol4AaABAg,positif,positif
Ugz5J2e1XPgTHfA37XR4AaABAg,positif,positif
UgzJz-uEVlx_BU3Uqlp4AaABAg,positif,positif
Ugx0VXmNBXgc5vj5jz94AaABAg,positif,positif
Ugypobdy9_PR0Wqd21h4AaABAg,positif,positif
Ugw7Naps0puXbAKSTgl4AaABAg,netral,netral
UgykGvIhgqbKzbplSG54AaABAg,netral,negatif
Ugw-lNnhyK5G-WC7bgR4AaABAg,positif,positif
Ugyj0-8r8dhYvzmt7XN4AaABAg,positif,positif
UgxKGsHMhFpMKFEBdh14AaABAg,positif,positif
UgzsIeXawz9omJd1oXN4AaABAg,positif,positif
UgwuzYnm6R0EZBgEGv14AaABAg,positif,negatif
Ugw4KqdOouEkuqMYpqN4AaABAg,positif,positif
UgzgfvzeAYtq_fvMTuh4AaABAg,positif,positif
UgwmfrLWw80sAcHAXW94AaABAg,positif,positif
UgzzHfh4bNeqdzhq_kd4AaABAg,positif,positif
UgzmLgR2_Esg2ghVA-R4AaABAg,positif,positif
Ugz_nDF9s9g2zLRd4t54AaABAg,positif,positif
UgzuTbZvBqHsOcjd0at4AaABAg,positif,positif
UgyaUac2cxgIBMKe_YZ4AaABAg,positif,positif
UgwkVRdSE_-xJEVOXtZ4AaABAg,positif,negatif
Ugx6Cab32aea8tHmunF4AaABAg,positif,positif
UgxL0E7PI1J-fp6USqF4AaABAg,positif,positif
Ugzf5gVkCoNqdvMnvXl4AaABAg,netral,netral
Ugxp7yaiGg50wOjx5t54AaABAg,positif,positif
UgylTKqGJpeiOErToFN4AaABAg,positif,positif
Ugx3is8RxQBMZA0fT2B4AaABAg,positif,positif
Ugx3is8RxQBMZA0fT2B4AaABAg.9vHcYzW3S2C9vHlZ_Rp9cD,positif,positif
Ugx3is8RxQBMZA0fT2B4AaABAg.9vHcYzW3S2C9vKLWrkvlvu,netral,netral
Ugx3is8RxQBMZA0fT2B4AaABAg.9vHcYzW3S2C9vqQQ0LkuHw,netral,netral
Ugx3is8RxQBMZA0fT2B4AaABAg.9vHcYzW3S2C9vT23zDK5L6,netral,netral
UgyeikySgRHIW9KRW9d4AaABAg,positif,positif
Ugw60GLTDuky30CSzUV4AaABAg,positif,negatif
UgwiPk4drLTEQFcgZit4AaABAg,positif,positif
UgwkBnH44bEMIe5-5YR4AaABAg,netral,netral
UgwkBnH44bEMIe5-5YR4AaABAg.9vHV8Q9Ua1V9vHYDUoW1IY,positif,positif
UgwkBnH44bEMIe5-5YR4AaABAg.9vHV8Q9Ua1V9vLO3JiANIo,positif,positif
Ugxo_W5OEjh_SUeD_Ep4AaABAg,netral,negatif
Ugxo_W5OEjh_SUeD_Ep4AaABAg.9vHUSZgilpU9vHkytbPNB9,netral,netral
UgxpUxUtIQuLc4uylcZ4AaABAg,positif,positif
UgzLLfMvaPYN75pKFWx4AaABAg,netral,netral
Ugwc-5G84OzbXHnYEiB4AaABAg,negatif,negatif
UgyyFw15iTn6v4CLH694AaABAg,netral,netral
UgzEPz1GoApSWFMbCc94AaABAg,positif,positif
UgzpjRIetN4Yu6IbRYN4AaABAg,positif,positif
UgxMtqAgiN90pB3XSxd4AaABAg,positif,positif
UgzUNRsylI2PiAnJF5V4AaABAg,positif,positif
UgzutWZ-o9ickQAnFN14AaABAg,positif,positif
UgyJhPdK0yUQ6kBOn294AaABAg,positif,positif
UgyHCZz491bzpTvrwJd4AaABAg,negatif,negatif
Ugz1fj5i-ji_WMVqEAZ4AaABAg,netral,netral
Ugx3K1B-05jYB-s9kDh4AaABAg,netral,netral
UgzzrP91Vt_7jlHHVfd4AaABAg,positif,positif
UgzsxwSt32dUR5EgNYF4AaABAg,positif,positif
Ugy0lKBn0XqJErg0aId4AaABAg,positif,positif
Ugy0lKBn0XqJErg0aId4AaABAg.9w5sZUHrxCN9wPEZcgYpeB,netral,positif
Ugy0lKBn0XqJErg0aId4AaABAg.9w5sZUHrxCN9wPdeN9nAd7,netral,positif
Ugy0lKBn0XqJErg0aId4AaABAg.9w5sZUHrxCN9wPfFr_SO4t,netral,netral
Ugzd8j5lp5sZY7SYvLN4AaABAg,positif,positif
UgxBffTHVmi_x8J2iV54AaABAg,netral,positif
UgwjOrE-EG4zaccwD5F4AaABAg,positif,positif
Ugy3HQr-bqGzVm2PtyR4AaABAg,netral,netral
UgyXkgBSxQ9s83eYh714AaABAg,positif,positif
UgyEW6EUJyPg5bdNaSt4AaABAg,netral,netral
Ugz30kjiEepUjLtoIKx4AaABAg,negatif,negatif
Ugz30kjiEepUjLtoIKx4AaABAg.9pQERSD_qIkAExQFzzqoy6,positif,positif
Ugzz6ilJ4TnQpImtfAZ4AaABAg,netral,netral
Ugw5iLKRF14MBLQLtNN4AaABAg,positif,positif
UgwWVk9nko60eyXc7k94AaABAg,positif,netral
Ugy-i52YdzXgXfBauMt4AaABAg,netral,netral
Ugx1M9IDbJT8OC6hRud4AaABAg,netral,netral
Ugy9fysuYx_oqbO4gll4AaABAg,netral,netral
Ugy9fysuYx_oqbO4gll4AaABAg.9j5QQupzsn49kr734IwnSv,netral,netral
UgwTYtb6zrapaUmrCw14AaABAg,netral,netral
Ugzmdkfu-P01tR8EOS54AaABAg,netral,netral
Ugzmdkfu-P01tR8EOS54AaABAg.9dxWTJmUnnK9e2LI-PVTYM,netral,netral
Ugxy37QlFfGfLhZLKMt4AaABAg,netral,netral
UgzFnMwYbqVEMUzDr5x4AaABAg,netral,positif
UgxAGeWF3E1ovAMEOip4AaABAg,positif,positif
UgwvulK5FRBsLleRq8x4AaABAg,positif,netral
UgwvulK5FRBsLleRq8x4AaABAg.9bUu4I4u3pN9bVQ-grUMnN,positif,positif
Ugw-CXkH6LvX6n11XNV4AaABAg,positif,positif
Ugw-CXkH6LvX6n11XNV4AaABAg.9b9k8Fqxo9T9dUxswMRpi-,netral,netral
Ugw-CXkH6LvX6n11XNV4AaABAg.9b9k8Fqxo9T9dUxzyBEwN7,netral,positif
Ugw-CXkH6LvX6n11XNV4AaABAg.9b9k8Fqxo9TA4glIoufOVf,netral,negatif
Ugw-CXkH6LvX6n11XNV4AaABAg.9b9k8Fqxo9TA-iBxf2JHMx,netral,positif
Ugyt5C5wEds2f7uV6vh4AaABAg,positif,positif
Ugyt5C5wEds2f7uV6vh4AaABAg.9azOhZd9j7J9o9iCbXZJl0,positif,positif
UgxSqqUn5CaajmRKVZN4AaABAg,positif,positif
UgyVWCKjWezkcg2Qmq54AaABAg,positif,positif
UgyVWCKjWezkcg2Qmq54AaABAg.9YexR6UXiO-9a9pa935tcy,positif,positif
Ugx4tTiAi1DtijnGJWJ4AaABAg,netral,netral
Ugx4tTiAi1DtijnGJWJ4AaABAg.9Y7uKyRyFfb9bCDqf00Ali,netral,positif
Ugx4tTiAi1DtijnGJWJ4AaABAg.9Y7uKyRyFfb9qS3NN34zS3,netral,netral
Ugx6GRuNF8uUdUjfu554AaABAg,negatif,negatif
Ugx6GRuNF8uUdUjfu554AaABAg.9Xf_AYv4NMm9_YgH_C074I,negatif,netral
Ugx6GRuNF8uUdUjfu554AaABAg.9Xf_AYv4NMm9kB_BAZajvk,negatif,negatif
Ugx6GRuNF8uUdUjfu554AaABAg.9Xf_AYv4NMm9kBZ4NyKKpu,netral,negatif
Ugx6GRuNF8uUdUjfu554AaABAg.9Xf_AYv4NMm9kB_IRrT2wE,positif,negatif
UgzudNEZLE4myndnK9p4AaABAg,netral,netral
UgzNVN3__6wsuUwZjPV4AaABAg,positif,positif
UgzNVN3__6wsuUwZjPV4AaABAg.9WSYN87xHGH9WSYsaASzvi,netral,positif
UgzLRwp0YlgoepMPlYR4AaABAg,netral,netral
UgzLRwp0YlgoepMPlYR4AaABAg.9WAN-mDaly59WZs42KDKXF,positif,positif
UgzLRwp0YlgoepMPlYR4AaABAg.9WAN-mDaly59a7V0lM64Ds,netral,positif
UgzLRwp0YlgoepMPlYR4AaABAg.9WAN-mDaly59bVQCV86VYQ,netral,negatif
UgyQiySsOzGtzw7gJTd4AaABAg,netral,netral
UgzaoN67kGy1PhhmRKN4AaABAg,netral,negatif
UgzaoN67kGy1PhhmRKN4AaABAg.9VIAS5ak0LqA9uvm91twlK,netral,negatif
UgxiL2dGNnutTnSdSqN4AaABAg,netral,netral
UgxiL2dGNnutTnSdSqN4AaABAg.9V44fzlA3p09aSzkQs9I7I,netral,negatif
UgxiL2dGNnutTnSdSqN4AaABAg.9V44fzlA3p09maJ1S9s50F,positif,positif
UgwXsZ6bhyzWyPvX1fp4AaABAg,positif,positif
UgwXsZ6bhyzWyPvX1fp4AaABAg.9UqRmoCLsB69VscQnCcStE,netral,netral
UgwXsZ6bhyzWyPvX1fp4AaABAg.9UqRmoCLsB69a7V3pY9PyO,positif,positif
UgwXsZ6bhyzWyPvX1fp4AaABAg.9UqRmoCLsB69a7Yl_sn3yQ,netral,netral
UgwtzEcy47W-lNbn1_x4AaABAg,positif,netral
UgwZj0K7lURLDjP_Apd4AaABAg,positif,netral
UgxV-2NyYU20CpKGO3V4AaABAg,netral,negatif
UgyUa2OVeopyOcZMee14AaABAg,netral,netral
Ugx-kDm9RnVuEa-nqG54AaABAg,netral,negatif
Ugx-kDm9RnVuEa-nqG54AaABAg.9NLOCN_G2Hs9YbsHyHNe-6,negatif,negatif
UgwMcO7yY6bVJykbR5h4AaABAg,netral,positif
UgwMcO7yY6bVJykbR5h4AaABAg.9IJNMShqSxB9Lp7CygjMhD,positif,positif
UgwS0VjViWZKp_YIuZB4AaABAg,netral,netral
UgwS0VjViWZKp_YIuZB4AaABAg.9IBAshUOJ2D9acjgNHnktG,netral,netral
UgwS0VjViWZKp_YIuZB4AaABAg.9IBAshUOJ2D9b3TMKVN5S1,netral,netral
UgxFkVGWqQN2jw7Iusl4AaABAg,netral,netral
UgxFkVGWqQN2jw7Iusl4AaABAg.9H2SmztmrBj9LTqP42QqMK,netral,netral
Ugy3QzV-7G6eKydgvXF4AaABAg,netral,netral
UgwcsZ25Wsgx4uns64t4AaABAg,netral,netral
UgwcsZ25Wsgx4uns64t4AaABAg.9FLOt8iO6CK9H4U348520M,positif,positif
UgwcsZ25Wsgx4uns64t4AaABAg.9FLOt8iO6CK9JK7aJsHQVl,netral,negatif
UgwcsZ25Wsgx4uns64t4AaABAg.9FLOt8iO6CK9K3IPL3HVG6,netral,negatif
UgwcsZ25Wsgx4uns64t4AaABAg.9FLOt8iO6CK9K3knSk3uxT,netral,netral
UgwcsZ25Wsgx4uns64t4AaABAg.9FLOt8iO6CK9K3lI_3AK5d,netral,netral
UgwcsZ25Wsgx4uns64t4AaABAg.9FLOt8iO6CK9K3lm4bbxJ9,netral,netral
UgwcsZ25Wsgx4uns64t4AaABAg.9FLOt8iO6CK9K3ni1-kkNA,negatif,netral
UgwcsZ25Wsgx4uns64t4AaABAg.9FLOt8iO6CK9K52l1-_d7A,negatif,negatif
UgwcsZ25Wsgx4uns64t4AaABAg.9FLOt8iO6CK9PRf7JMK29J,netral,netral
UgwcsZ25Wsgx4uns64t4AaABAg.9FLOt8iO6CK9QXRnE4sFP1,netral,netral
UgwcsZ25Wsgx4uns64t4AaABAg.9FLOt8iO6CK9PRfDjXosS8,netral,netral
UgwcsZ25Wsgx4uns64t4AaABAg.9FLOt8iO6CK9WSYeFvMEEK,positif,negatif
UgwcsZ25Wsgx4uns64t4AaABAg.9FLOt8iO6CK9b06LW4pDMf,netral,negatif
UgwcsZ25Wsgx4uns64t4AaABAg.9FLOt8iO6CK9WZs5vD0vt5,netral,netral
UgxP7X02-pLRrLnIzhh4AaABAg,netral,netral
UgxgwQKERJJ3qiYbZT54AaABAg,netral,netral
UgwnHISMKbYXdwA0_eZ4AaABAg,netral,negatif
Ugx2J5X07vQYVSuHlZ14AaABAg,positif,positif
UgxSHqAHTPMi2KmYvV54AaABAg,positif,negatif
UgwNL2IgYAa1Qj1dZEB4AaABAg,netral,netral
UgxwrCTnqt1uGwS5gMJ4AaABAg,netral,netral
UgwucI5ttA3KmPk8zix4AaABAg,positif,positif
Ugz3tHYmzHdG8EVQY2V4AaABAg,netral,negatif
UgxPnejgPcuCUKlU0254AaABAg,netral,netral
UgyLqq2hA_xoXc5rO_Z4AaABAg,positif,positif
Ugxc3xVDoy2_6uQlDlp4AaABAg,negatif,negatif
Ugzwjsbq70D8FuUG-eV4AaABAg,positif,positif
UgwV3J4WNAz8sr7Oj6R4AaABAg,netral,negatif
UgxQaXAt3C0kINZU4fd4AaABAg,positif,positif
Ugxz1ltYch8HOBVEtgN4AaABAg,netral,netral
UgxJ_-xSLNZ7Q2PvvmR4AaABAg,netral,netral
Ugx9846RjguX0K9q9NF4AaABAg,positif,positif
Ugy1UveLfd6BRuu-c4h4AaABAg,netral,netral
UgzXvLvS0UrW70krg9J4AaABAg,netral,netral
UgyFdAfvSB46UAEOyZR4AaABAg,positif,positif
UgysynGyWTwjqFxAXbR4AaABAg,netral,negatif
Ugz1ZP3GKF5lj26e3Z94AaABAg,netral,netral
Ugx9HdRI7-jd3Oo9WlB4AaABAg,netral,netral
Ugxbp057aKS1OYGFXgF4AaABAg,netral,netral
UgxJCOd1ng3QizmxMLl4AaABAg,negatif,negatif
UgyDwtivUcRJYRZRaVN4AaABAg,positif,positif
UgzxZL7ve0zV0ALJzfx4AaABAg,netral,negatif
UgwxZ209e5L8lPMifSF4AaABAg,netral,netral
UgxA1mtIaQ7nyRlvA4V4AaABAg,negatif,negatif
Ugy9G9HbnbaQPwEOYsd4AaABAg,positif,positif
Ugyov-ixzMpG37PmNN54AaABAg,positif,netral
UgxYs3kTvLU4i0BQPLp4AaABAg,positif,netral
UgxYs3kTvLU4i0BQPLp4AaABAg.9gH9zcKyMnv9gLusrBLVvF,positif,positif
Ugw2F4oWkAcjvNO2T414AaABAg,negatif,negatif
UgxK8aBT4uCh9WfxlNJ4AaABAg,netral,negatif
UgzSbaz1CB_WS2L0DvZ4AaABAg,netral,negatif
UgydKp0jB9lyqG0DGnl4AaABAg,netral,netral
UgyaBtd1KEljvAeVSRp4AaABAg,netral,netral
UgwyVCDRBBq8-pmaqZZ4AaABAg,netral,netral
Ugyg8vUySBnlBwtcOoJ4AaABAg,netral,netral
UgxircUZNcN65CTfP794AaABAg,netral,netral
UgxircUZNcN65CTfP794AaABAg.9aaf_hVm-LH9asWPKFwk1N,netral,negatif
UgwTAvjHKHB0aj-Jbfx4AaABAg,netral,netral
UgwTAvjHKHB0aj-Jbfx4AaABAg.9aWc6ReeVzE9abPfVspc9O,negatif,negatif
UgwTAvjHKHB0aj-Jbfx4AaABAg.9aWc6ReeVzE9aeAXmsecnG,positif,positif
UgwTAvjHKHB0aj-Jbfx4AaABAg.9aWc6ReeVzE9agaUjMhcur,netral,netral
UgwTAvjHKHB0aj-Jbfx4AaABAg.9aWc6ReeVzE9alh0oPWgEj,netral,negatif
UgwTAvjHKHB0aj-Jbfx4AaABAg.9aWc6ReeVzE9alhfnM_DZP,netral,negatif
UgwTAvjHKHB0aj-Jbfx4AaABAg.9aWc6ReeVzE9alhlOyXuMh,netral,netral
UgwTAvjHKHB0aj-Jbfx4AaABAg.9aWc6ReeVzE9aljPKxrMq8,netral,negatif
UgwTAvjHKHB0aj-Jbfx4AaABAg.9aWc6ReeVzE9aljvAY3uUl,netral,negatif
UgwTAvjHKHB0aj-Jbfx4AaABAg.9aWc6ReeVzE9all_tTPV8_,netral,negatif
UgwTAvjHKHB0aj-Jbfx4AaABAg.9aWc6ReeVzE9alme74dFdV,netral,netral
UgwTAvjHKHB0aj-Jbfx4AaABAg.9aWc6ReeVzE9aeAlqoHgay,negatif,negatif
UgwTAvjHKHB0aj-Jbfx4AaABAg.9aWc6ReeVzE9ag76QiI457,netral,positif
UgwTAvjHKHB0aj-Jbfx4AaABAg.9aWc6ReeVzE9alga8-p6AA,netral,netral
UgwTAvjHKHB0aj-Jbfx4AaABAg.9aWc6ReeVzE9algzfn-5xf,positif,positif
UgwTAvjHKHB0aj-Jbfx4AaABAg.9aWc6ReeVzE9aliaPfPFp8,negatif,negatif
UgwTAvjHKHB0aj-Jbfx4AaABAg.9aWc6ReeVzE9alj-B-1mUS,negatif,negatif
UgwTAvjHKHB0aj-Jbfx4AaABAg.9aWc6ReeVzE9allgl_rPz3,netral,netral
UgwTAvjHKHB0aj-Jbfx4AaABAg.9aWc6ReeVzE9alm2qnIGbg,netral,netral
UgwTAvjHKHB0aj-Jbfx4AaABAg.9aWc6ReeVzE9alncuV1Uvr,netral,negatif
UgwTAvjHKHB0aj-Jbfx4AaABAg.9aWc6ReeVzE9amod4-NvTD,netral,netral
UgwTAvjHKHB0aj-Jbfx4AaABAg.9aWc6ReeVzE9amof-H6sL9,netral,negatif
UgwTAvjHKHB0aj-Jbfx4AaABAg.9aWc6ReeVzE9amphlMTDts,netral,netral
UgwTAvjHKHB0aj-Jbfx4AaABAg.9aWc6ReeVzE9ampoJV0jg6,netral,negatif
Ugy31FTOHYdR8wM3_8Z4AaABAg,negatif,negatif
Ugy7wfteH52MfUJ-SwF4AaABAg,netral,negatif
Ugy-aFSOnZqTgtWbcat4AaABAg,netral,negatif
Ugy-aFSOnZqTgtWbcat4AaABAg.9aPY4bo7H7P9agYyo192YU,netral,negatif
UgzDFQhr732I_S8EzDx4AaABAg,netral,netral
UgxONm5bbhdPhg-1Yd54AaABAg,negatif,negatif
UgxONm5bbhdPhg-1Yd54AaABAg.9aK27yX7UNU9aeA9vcWcgA,netral,netral
UgxONm5bbhdPhg-1Yd54AaABAg.9aK27yX7UNU9avqnREePfx,negatif,negatif
Ugy2TblWXD9lTJXla3R4AaABAg,netral,negatif
Ugz9SCSMmvaqIepFu5J4AaABAg,negatif,negatif
Ugz9SCSMmvaqIepFu5J4AaABAg.9aCqzb0ybB19aFKLSA4Mgt,netral,netral
UgyihH0Eq2vabuvHQiV4AaABAg,netral,negatif
UgwmyXU7Dgcsezq2Ket4AaABAg,netral,netral
UgwmyXU7Dgcsezq2Ket4AaABAg.9a9-TAX7OT-9aBXrzEPD01,netral,netral
UgwmyXU7Dgcsezq2Ket4AaABAg.9a9-TAX7OT-9aBzl1k-Nlr,negatif,negatif
UgwmyXU7Dgcsezq2Ket4AaABAg.9a9-TAX7OT-9ag7INB_7fd,netral,negatif
UgwmyXU7Dgcsezq2Ket4AaABAg.9a9-TAX7OT-9ch9w1khMae,netral,netral
Ugxm6EjCDIBbPiL6jdV4AaABAg,negatif,negatif
UgxJxc45pgOYvn_bHLx4AaABAg,negatif,negatif
UgxJxc45pgOYvn_bHLx4AaABAg.9_yYhzNSvGk9bSHlZsX4hS,netral,negatif
UgxN1P9w92YpMVAxlld4AaABAg,negatif,negatif
UgxN1P9w92YpMVAxlld4AaABAg.9_yCFOPltlY9cnqMjZMMZp,positif,positif
UgwjnKhGZMnqhWKBhAF4AaABAg,negatif,negatif
UgwjnKhGZMnqhWKBhAF4AaABAg.9_xm_slNok8A1hyz3Sz0DL,negatif,netral
Ugw5nA1CRopedwS_hKB4AaABAg,netral,netral
UgwEpLh_DPkqvJWDAwV4AaABAg,negatif,negatif
UgxsP2JlEu1NkpsfGZN4AaABAg,positif,negatif
UgxCCDcJOBSzEZ0y31N4AaABAg,positif,netral
UgxCCDcJOBSzEZ0y31N4AaABAg.9_sixncIb2V9_tv22gqpU-,negatif,negatif
UgxCCDcJOBSzEZ0y31N4AaABAg.9_sixncIb2V9aHErLwcJfg,negatif,negatif
Ugxm_rOp7qldqX6iMMd4AaABAg,positif,positif
Ugxh4mPTzhQBrX8--id4AaABAg,netral,negatif
UgzKwRLXrlcUJ3Euk4h4AaABAg,netral,netral
UgzYMshoFy1Cu8e1YeB4AaABAg,positif,positif
Ugw7GZV7nMtiBzLDbM54AaABAg,positif,positif
UgxYJUZnTntUpo6GYG54AaABAg,positif,netral
UgxYJUZnTntUpo6GYG54AaABAg.9_l2FpKchu99_pKw5-nu8u,netral,netral
UgxYJUZnTntUpo6GYG54AaABAg.9_l2FpKchu99_xkoXM1cYJ,netral,netral
UgxYJUZnTntUpo6GYG54AaABAg.9_l2FpKchu99_pVrajJusp,netral,netral
Ugy-TdivxRIkZ0ZdyZt4AaABAg,positif,positif
Ugy-TdivxRIkZ0ZdyZt4AaABAg.9_k9t8D56aO9_l2KL7pvT6,positif,positif
Ugy-TdivxRIkZ0ZdyZt4AaABAg.9_k9t8D56aO9_xkUnlPxNJ,netral,netral
Ugy-TdivxRIkZ0ZdyZt4AaABAg.9_k9t8D56aO9aHpNP7ZhkD,netral,negatif
Ugy-TdivxRIkZ0ZdyZt4AaABAg.9_k9t8D56aO9aJ7iDhxbo6,netral,netral
Ugy8w_3S-ln6OGH2VkV4AaABAg,netral,netral
UgwP9Ge0LeezTZsxNZF4AaABAg,netral,netral
UgwP9Ge0LeezTZsxNZF4AaABAg.9_jUyUpsgqB9_nCwN5D59s,netral,positif
UgwP9Ge0LeezTZsxNZF4AaABAg.9_jUyUpsgqB9_nE3EglgAJ,positif,positif
UgwP9Ge0LeezTZsxNZF4AaABAg.9_jUyUpsgqB9_mAzmsO0pX,positif,positif
UgwP9Ge0LeezTZsxNZF4AaABAg.9_jUyUpsgqB9a7Ey7aywth,netral,negatif
UgyIh840DE2ER3qrs4B4AaABAg,positif,negatif
UgxQlJzH1M0eX_o8Bn54AaABAg,netral,negatif
UgxQlJzH1M0eX_o8Bn54AaABAg.9_il7HueYgJ9_jl7vw1tdT,netral,negatif
UgwtZrav5LfepgpxR6V4AaABAg,netral,netral
UgwtZrav5LfepgpxR6V4AaABAg.9_iZ77dUEJ89aii6O5k7bo,netral,netral
UgwtZrav5LfepgpxR6V4AaABAg.9_iZ77dUEJ89cY9Xgz0seb,netral,negatif
UgwtZrav5LfepgpxR6V4AaABAg.9_iZ77dUEJ89cZ5tAthSMn,netral,netral
UgzT2zueQPGxF_OuaVN4AaABAg,netral,positif
UgyfTTAPMwD8cCGAQ7F4AaABAg,positif,positif
Ugwm1I1LQyJQZmNrbk54AaABAg,positif,positif
Ugw_hw8CeyrA0JF69Y54AaABAg,positif,positif
Ugz1D-HZEFdX15-KsvR4AaABAg,netral,netral
Ugwz8S-JEt_YIFlCMNR4AaABAg,negatif,negatif
UgysUC5FP1N7RTmPu6N4AaABAg,positif,positif
UgwEspNo4A-lZQvs8Sh4AaABAg,netral,negatif
UgwaJivOYJoMKB6S71t4AaABAg,positif,positif
UgzroI_Ax_19th_DFwF4AaABAg,positif,positif
Ugz7z8G9ejH0XM9OSn94AaABAg,positif,positif
UgxQWSTsJZK_a0WilpZ4AaABAg,positif,positif
UgwIIUOKY8gwBa3IMRV4AaABAg,positif,netral
UgwIIUOKY8gwBa3IMRV4AaABAg.9_fF6SarhTN9_g64z0z74Y,netral,netral
UgwIIUOKY8gwBa3IMRV4AaABAg.9_fF6SarhTN9_gBsrLmN69,positif,netral
UgwIIUOKY8gwBa3IMRV4AaABAg.9_fF6SarhTN9_hsXTbecXX,netral,negatif
Ugw07hMKz26s6zKvhht4AaABAg,positif,positif
UgwgbQNeZpP_yRWto7R4AaABAg,positif,positif
UgwHjuKkImevq9nDmNN4AaABAg,positif,positif
UgwtAOPrYbduJgU40Hl4AaABAg,positif,positif
UgwtAOPrYbduJgU40Hl4AaABAg.9_e9wCv2v1X9_fKePNtB1Z,netral,netral
Ugyag2zv7GZw2tAFAwp4AaABAg,positif,positif
UgzWM1n96jiD0O4rsVV4AaABAg,positif,positif
UgzZpwkwyFO6Lt4AXNN4AaABAg,netral,positif
UgzZpwkwyFO6Lt4AXNN4AaABAg.9_dZWkqhX7U9_ddyt5Wfr7,positif,netral
UgzZpwkwyFO6Lt4AXNN4AaABAg.9_dZWkqhX7U9_hlnYWW3Bf,positif,positif
Ugz_w-1MBacxgWkT5aR4AaABAg,netral,positif
Ugz_w-1MBacxgWkT5aR4AaABAg.9_dUd7eF9yT9_q1B0vfBU5,positif,positif
Ugz_w-1MBacxgWkT5aR4AaABAg.9_dUd7eF9yT9_zzqDfpRXK,netral,netral
Ugz_w-1MBacxgWkT5aR4AaABAg.9_dUd7eF9yT9a6ubHKb-KU,positif,positif
UgzXTBiEqsQsfmdRzid4AaABAg,positif,positif
UgybZRHEa51Mko3UWdx4AaABAg,positif,positif
UgwxXPePjZAoRNuYWDt4AaABAg,positif,positif
UgwL1riQ9Zd2jJAM_Bx4AaABAg,positif,positif
UgwL1riQ9Zd2jJAM_Bx4AaABAg.9_dAiRplH6n9_dm62XBfVT,positif,netral
UgwL1riQ9Zd2jJAM_Bx4AaABAg.9_dAiRplH6n9_f2_6VFUPO,netral,negatif
UgwL1riQ9Zd2jJAM_Bx4AaABAg.9_dAiRplH6n9_g0JHpgobc,netral,negatif
UgwL1riQ9Zd2jJAM_Bx4AaABAg.9_dAiRplH6n9_h1JxJztFj,positif,positif
UgwL1riQ9Zd2jJAM_Bx4AaABAg.9_dAiRplH6n9_lDl5PT4mu,netral,netral
UgwL1riQ9Zd2jJAM_Bx4AaABAg.9_dAiRplH6n9_lFsuzdMmR,positif,positif
UgwL1riQ9Zd2jJAM_Bx4AaABAg.9_dAiRplH6n9_m9eRiQlYC,netral,netral
UgwL1riQ9Zd2jJAM_Bx4AaABAg.9_dAiRplH6n9_nTUPQYjsV,netral,positif
UgwL1riQ9Zd2jJAM_Bx4AaABAg.9_dAiRplH6n9_nUyPPGsI2,netral,netral
UgwL1riQ9Zd2jJAM_Bx4AaABAg.9_dAiRplH6n9a-eiWX4u4K,netral,netral
UgwL1riQ9Zd2jJAM_Bx4AaABAg.9_dAiRplH6n9a-krh9mKJH,netral,netral
UgwL1riQ9Zd2jJAM_Bx4AaABAg.9_dAiRplH6n9a6WVxyokL5,positif,positif
UgwL1riQ9Zd2jJAM_Bx4AaABAg.9_dAiRplH6n9_pW0oNGBAG,netral,netral
UgwL1riQ9Zd2jJAM_Bx4AaABAg.9_dAiRplH6n9_swJKQYEzZ,netral,netral
UgwQWiwTXI1FPfEh4Tp4AaABAg,positif,positif
UgwQWiwTXI1FPfEh4Tp4AaABAg.9_dAR0KGY3m9_f5pujBNHz,netral,netral
UgwQWiwTXI1FPfEh4Tp4AaABAg.9_dAR0KGY3m9_fz0omj8io,positif,positif
UgwQWiwTXI1FPfEh4Tp4AaABAg.9_dAR0KGY3m9a2FT5o0S1D,positif,negatif
Ugy3J7u1p7TDRL7exhZ4AaABAg,positif,positif
Ugyt9rfY4XV5QjIgSNl4AaABAg,netral,netral
UgwyzjSnR7iuTcjF9mV4AaABAg,netral,positif
UgwJMtlHyxGsOjnluzh4AaABAg,positif,positif
UgwJMtlHyxGsOjnluzh4AaABAg.9_d6p6EP4y19a7IKMPr6Qb,netral,netral
UgwJMtlHyxGsOjnluzh4AaABAg.9_d6p6EP4y19a7PmsR797e,positif,netral
UgwJMtlHyxGsOjnluzh4AaABAg.9_d6p6EP4y19aR3DvEJE4W,netral,netral
Ugywkw3ftQGPuX8OFct4AaABAg,netral,netral
Ugywkw3ftQGPuX8OFct4AaABAg.9_d5L5rbt8g9_d7JhAMzVE,netral,negatif
Ugw608U-V3a0l55aMHR4AaABAg,netral,netral
UgzUbfJ1kSOrw66HDGF4AaABAg,negatif,negatif
UgzUbfJ1kSOrw66HDGF4AaABAg.Ab9KLaV1RYCAbaDdqZWpXU,negatif,negatif
UgzFd-aa117Rf4TxKvt4AaABAg,negatif,negatif
Ugy5uC7CqvOoNb1lM_14AaABAg,netral,netral
UgyNR1hAgOMJbGgk7U14AaABAg,positif,positif
Ugyh1J0W697C04fe-rx4AaABAg,netral,negatif
UgxV7jzvUOT2FDAMK3h4AaABAg,positif,positif
UgyjEqxtdCdKcw8qiPp4AaABAg,positif,positif
UgyjEqxtdCdKcw8qiPp4AaABAg.A_ppaOOCabRAb9KR23OYE3,negatif,negatif
UgwRbePey4uV26crTuR4AaABAg,positif,positif
Ugx0fEVh3-LGx1zZ75d4AaABAg,netral,netral
UgzOCMOPoriX0VaElSN4AaABAg,positif,positif
Ugwlx4RdGsxz_cHrlwV4AaABAg,netral,netral
UgxMWGIPlHqjGfNpr-14AaABAg,positif,netral
UgxgjtkSPhPrVfYqFyR4AaABAg,netral,netral
UgwHozMwm-O6GaD_8Op4AaABAg,netral,negatif
Ugw3IPNGlsw9bW_HHAl4AaABAg,netral,netral
Ugw3IPNGlsw9bW_HHAl4AaABAg.AYuTsJxkMKhAYvmb65dxkF,netral,netral
UgzBSIl0BSc4XOmnrip4AaABAg,positif,positif
UgzBSIl0BSc4XOmnrip4AaABAg.AYuTqjBBv_LA_Ri6QCyiS9,positif,positif
Ugz5rtZtacFYdOkJ3KF4AaABAg,netral,netral
UgzS4cqgm23bxtcKOAB4AaABAg,positif,positif
UgzS4cqgm23bxtcKOAB4AaABAg.AYq1DH5iFl9AZ1mZP3qvrS,netral,netral
UgzS4cqgm23bxtcKOAB4AaABAg.AYq1DH5iFl9AZ1nidm3Pkr,positif,netral
UgzS4cqgm23bxtcKOAB4AaABAg.AYq1DH5iFl9AYq6yeYKyU1,netral,netral
UgzS4cqgm23bxtcKOAB4AaABAg.AYq1DH5iFl9AYqKVgH9QOC,netral,negatif
UgwJcbzeTt7mGEk4_pN4AaABAg,netral,negatif
Ugy_MuWSOAK-BvSrABd4AaABAg,netral,netral
Ugw9j3DfsbkMNDL_tDR4AaABAg,netral,negatif
UgzfPJDSNjynFHTpw-h4AaABAg,netral,netral
Ugx6G9MiNh9dSofJefV4AaABAg,negatif,negatif
Ugxhc3bLtZzJqs63Srt4AaABAg,netral,negatif
Ugzc1hiXNgaMPu6M3S14AaABAg,netral,negatif
Ugz7gV305Scfde9nsXB4AaABAg,negatif,negatif
Ugx8suTlNgl--G9O11F4AaABAg,netral,netral
UgxYbW0ZxYlvVeGjjQ54AaABAg,positif,netral
UgwDVWRJuQFLxuVHZQ54AaABAg,netral,netral
UgwFSNX8r9wqXPp5mxp4AaABAg,positif,netral
UgzrCECn7oVZVgKodcZ4AaABAg,positif,negatif
UgzTM9G-yEIUl5zmT9Z4AaABAg,negatif,negatif
UgzTM9G-yEIUl5zmT9Z4AaABAg.AWY2F7Gvu00AWqsXBhMF4N,netral,negatif
Ugz-GqjPG4pbfWKAr2x4AaABAg,positif,positif
UgxnZ8afdirVBJQfNtJ4AaABAg,netral,netral
UgxSXgeEYAttGQGJ3994AaABAg,netral,netral
Ugw1bwRm2D0qn2sKSIl4AaABAg,positif,netral
UgzoPdDOohBoEXrLTS94AaABAg,positif,netral
UgyKZp55z1A5wErhhp14AaABAg,positif,positif
UgwVr3itPTj2EAel_614AaABAg,netral,netral
UgwVr3itPTj2EAel_614AaABAg.AVCYkNzK0odAXg2zJw-VCa,positif,positif
UgwVr3itPTj2EAel_614AaABAg.AVCYkNzK0odAXg30lDv5nW,positif,positif
UgwVr3itPTj2EAel_614AaABAg.AVCYkNzK0odAXg33HMp39-,netral,netral
UgxY-Xo49yxI07coiLZ4AaABAg,positif,positif
UgxY-Xo49yxI07coiLZ4AaABAg.AV82TKoD44rAWY2HzCW0EO,netral,netral
UgwRKunFe3mrUNyacfp4AaABAg,positif,negatif
UgwRKunFe3mrUNyacfp4AaABAg.AV3eC-4aGV_AX9hcBkNoTx,netral,negatif
UgygqR2MX8zDj7WfnEB4AaABAg,netral,netral
UgygqR2MX8zDj7WfnEB4AaABAg.AUflNKQ2mJ7AUsFmgDxXiG,negatif,positif
Ugw9vTFwW2UePUAuw7p4AaABAg,netral,positif
UgzC34w78dFoJBC8eo54AaABAg,netral,negatif
UgyoJ-GQiTV0hbykYd94AaABAg,positif,positif
Ugxk_th2CCZSzAkn3NZ4AaABAg,positif,positif
Ugxk_th2CCZSzAkn3NZ4AaABAg.AU4AZAUrd7qAUTuKs9RBpr,positif,negatif
Ugz4QAP2F635Cetb3cZ4AaABAg,negatif,negatif
Ugxc55psv2uUsAj0o9x4AaABAg,positif,positif
Ugxc55psv2uUsAj0o9x4AaABAg.ATLzThGlMp5ATLzX16Kpb8,positif,positif
Ugx1HLsxU_dOf_5BlwZ4AaABAg,positif,netral
UgzY10xiiGm72V9NNZF4AaABAg,positif,positif
Ugwd_XPMeNJsKPUIig14AaABAg,positif,positif
UgzYaSbum2JJOs8ceTJ4AaABAg,positif,netral
UgzCUZFBdNxDLS-6Er54AaABAg,positif,positif
Ugx5Oa_Bl3IJ2ygay894AaABAg,positif,positif
UgxL4d3D602iLieaAbh4AaABAg,positif,positif
Ugznl4-0EqkWzJs1OBB4AaABAg,positif,netral
Ugznl4-0EqkWzJs1OBB4AaABAg.ANMYPxlLoSKAQbkWoEcPb1,negatif,negatif
UgxIiYu2cyo9Xlroz4F4AaABAg,netral,positif
Ugwa_bgNWA1pIEGEpJx4AaABAg,netral,netral
UgzY2ZMS9Sq8p9K1P8N4AaABAg,positif,positif
UgxW9kSgJb2oNZatif54AaABAg,positif,positif
UgyR83BMmi5940TnebR4AaABAg,positif,positif
UgxOgTo6XS1UwkRuiB14AaABAg,netral,netral
Ugxr1H-sNidvS9sKeJx4AaABAg,positif,positif
UgzC-di3tRtcb6OnxUx4AaABAg,positif,positif
Ugx4tQBaLNKWqqGhrll4AaABAg,netral,netral
Ugy8eIg5URoU_WZKJjx4AaABAg,positif,positif
UgzVv1A0MFZzli68SFp4AaABAg,positif,positif
UgwN2hpho_xjMw2EGzB4AaABAg,positif,positif
UgwN2hpho_xjMw2EGzB4AaABAg.AJdR21QAh2yAJjtUGRP_AS,positif,positif
UgxGL4adZB6PZ6EZY5p4AaABAg,negatif,positif
UgyCR1kkNtPPUsTx7q14AaABAg,netral,positif
Ugyai0xE3oQmk1gxiBp4AaABAg,negatif,positif
UgxB5162giPp08bHGmt4AaABAg,negatif,negatif
UgwMi1iVgxtgv4CEIQJ4AaABAg,positif,positif
UgydAeMWMFmiDIbhOvh4AaABAg,negatif,negatif
UgwcBO_4KLgXuNDg5-d4AaABAg,negatif,negatif
UgzGEfdpDBYnCTjV3yF4AaABAg,positif,positif
UgzGEfdpDBYnCTjV3yF4AaABAg.AISB5JQUaq0AJ6-3oJdJKs,netral,positif
UgzGEfdpDBYnCTjV3yF4AaABAg.AISB5JQUaq0AIj55fqe5Fc,positif,positif
UgyySLLuZNpFukM3Igl4AaABAg,negatif,negatif
UgzNgj-tW9eW6_4APDJ4AaABAg,positif,positif
UgyzkGBiZVqpMD1mext4AaABAg,positif,positif
UgyW0fWZbTelMVGnYBZ4AaABAg,positif,positif
UgxCiwRctFPANRpqwZB4AaABAg,positif,positif
UgxwHwy0UiKSDrIA1Bd4AaABAg,positif,positif
UgxwHwy0UiKSDrIA1Bd4AaABAg.AFiSRlomtqgAHIzE9hhlGK,positif,positif
Ugw9zXPv0zbZIBhOkLt4AaABAg,positif,positif
UgzdaiWXLFe87IXcNbN4AaABAg,positif,positif
Ugy4uVUOLwfiCicZpux4AaABAg,positif,positif
Ugy9nSvYNRbl19ZBZLt4AaABAg,netral,netral
UgweDp1ALVaaZ_mVm8B4AaABAg,netral,positif
UgweDp1ALVaaZ_mVm8B4AaABAg.AErLoWv4d_OAKk8AViFar7,positif,positif
UgxNOhyn4OgyXCLKwhp4AaABAg,positif,positif
Ugzz3YgfB18PahQAy_d4AaABAg,positif,positif
UgwVaVA3WQ0mVjeteLZ4AaABAg,positif,netral
UgwVaVA3WQ0mVjeteLZ4AaABAg.ADIU3RKae1HADkKmlwgeH_,positif,positif
Ugx0pg18fmze7xCa-414AaABAg,positif,negatif
UgzsYUsuzcPvrFVXHH54AaABAg,positif,positif
UgzgnWWTBG7Tr-eijNd4AaABAg,negatif,netral
UgxkIooX7Pc4Dh0FzZt4AaABAg,positif,positif
UgyGDKGwYH9o4lTW_V14AaABAg,positif,negatif
UgyGDKGwYH9o4lTW_V14AaABAg.AC4CKlwgB7_ACQ0cLgHyoD,netral,netral
UgyGDKGwYH9o4lTW_V14AaABAg.AC4CKlwgB7_AEJVf_eO8qQ,positif,positif
UgyGDKGwYH9o4lTW_V14AaABAg.AC4CKlwgB7_AEJiG8g_kzg,netral,netral
UgyGDKGwYH9o4lTW_V14AaABAg.AC4CKlwgB7_AFqO7m2C6s3,netral,negatif
UgyGDKGwYH9o4lTW_V14AaABAg.AC4CKlwgB7_AGJYCTHaVjT,positif,positif
UgyIsOMyXfI0XqWEvSt4AaABAg,positif,positif
UgyIsOMyXfI0XqWEvSt4AaABAg.ABpsSE8MvifADkKqi3osdK,positif,positif
UgwQSycy14EULXfukup4AaABAg,netral,netral
UgySZ5XalN-lduiUR0F4AaABAg,positif,positif
UgwxNC0l9huv171dy0h4AaABAg,negatif,negatif
UgwxNC0l9huv171dy0h4AaABAg.AAdRfJtyKbzAAw8R1888OQ,negatif,negatif
UgwxNC0l9huv171dy0h4AaABAg.AAdRfJtyKbzABin62m-l6Y,positif,netral
UgyJ9JEQoYQ2ZiGVYQl4AaABAg,netral,netral
UgyJ9JEQoYQ2ZiGVYQl4AaABAg.AAAgdLBL3ubABVaAHQaRQi,netral,netral
UgzcbfhXuU4H_k-28Kp4AaABAg,netral,netral
Ugzcs2XQPH6F0d_M1oB4AaABAg,positif,negatif
Ugyz1PSYSDMku40Pgz14AaABAg,netral,netral
UgzPfyOSPqBDnlAtKh94AaABAg,netral,netral
UgxqzgJM_3jtwV5DwSN4AaABAg,netral,netral
Ugw0JfYc_TFc23FOVR94AaABAg,positif,positif
Ugw0hhPimOu9cQBHNb14AaABAg,netral,netral
UgwtOhRpBg1lmKmQKfl4AaABAg,positif,positif
UgwtOhRpBg1lmKmQKfl4AaABAg.A6eRb4hUiKHA8TFIj7F3cg,netral,netral
UgxViZ6UwTwTDI8K2Nl4AaABAg,positif,positif
UgxViZ6UwTwTDI8K2Nl4AaABAg.A69-s3BzsHvA8TFXDZGRfv,positif,positif
Ugz9h0O-MPZ-23gYo4p4AaABAg,positif,positif
UgwX0Uw-0Db9d9d8qJZ4AaABAg,netral,negatif
UgyJHumQXqY_fGAHHBJ4AaABAg,positif,netral
Ugz7QW-OfZVoH7tH2kB4AaABAg,negatif,negatif
UgwlTNTUdtmyFdlNX794AaABAg,negatif,negatif
UgwlTNTUdtmyFdlNX794AaABAg.A5H88AZG9yVA6h8SdI9_Sz,negatif,netral
UgwZx0oeiEObE4D_9ht4AaABAg,netral,netral
UgwZx0oeiEObE4D_9ht4AaABAg.A5H85wDidpsA9m4K7upeSC,positif,positif
UgwZx0oeiEObE4D_9ht4AaABAg.A5H85wDidpsA9m4LbTEAah,positif,netral
UgzJDQqJi7j29X26vfl4AaABAg,positif,positif
UgzYY_2MgyZT9Nbdpn94AaABAg,netral,netral
Ugy3wR2oBXyFFeDCb0t4AaABAg,netral,netral
UgzIX2BDVGIsEvQ9GTF4AaABAg,positif,positif
UgySsXBBz62g_vmtpNB4AaABAg,positif,positif
UgzXAboNzW-Ly0TzXcR4AaABAg,positif,positif
UgyA6aAbenX1cfXWHbJ4AaABAg,netral,netral
UgyA6aAbenX1cfXWHbJ4AaABAg.A3Y1MKoS7sdA3obzWBJAV4,netral,netral
UgxzyZ7-8zzk_vuUzJh4AaABAg,positif,positif
UgzL4xRF8WDTe2KeULB4AaABAg,positif,negatif
UgzL4xRF8WDTe2KeULB4AaABAg.A2ReeYW6qK8A37DICZdRu-,positif,positif
UgzL4xRF8WDTe2KeULB4AaABAg.A2ReeYW6qK8A37DMr-c2aT,positif,netral
UgzL4xRF8WDTe2KeULB4AaABAg.A2ReeYW6qK8A37DOZy9FP6,positif,positif
UgzL4xRF8WDTe2KeULB4AaABAg.A2ReeYW6qK8A39Pqiruk9-,netral,netral
UgzL4xRF8WDTe2KeULB4AaABAg.A2ReeYW6qK8A39TmG39pNL,positif,positif
UgzL4xRF8WDTe2KeULB4AaABAg.A2ReeYW6qK8A3Ai9CFAMxl,netral,netral
UgznGt1rCl1tHdTvCZd4AaABAg,netral,positif
UgyrRzagYMRnH2KhneZ4AaABAg,positif,positif
UgzAHmKjKz583uNdpgl4AaABAg,netral,netral
UgySVo7hCuxdqRRi0St4AaABAg,negatif,positif
Ugx3NUv8GXWDhHQBqjd4AaABAg,netral,netral
UgxPDT8oDPCRuMWOxDB4AaABAg,negatif,negatif
UgyPkAGSZiypmrge1-94AaABAg,positif,negatif
Ugy0tXShuU97YnqNwrd4AaABAg,positif,positif
Ugx_-PpQanLmOEtBACZ4AaABAg,negatif,negatif
Ugx_-PpQanLmOEtBACZ4AaABAg.9z-4EJyF0VM9z-owZtPiCx,netral,positif
Ugx_-PpQanLmOEtBACZ4AaABAg.9z-4EJyF0VM9z-tewMeH_L,netral,netral
UgwGi9euSuoi6EgHzwh4AaABAg,positif,positif
Ugz5jyeke1TTSfpJjw14AaABAg,netral,netral
Ugz5jyeke1TTSfpJjw14AaABAg.9ygVlst_p8bA0DssciAiro,negatif,negatif
Ugz5jyeke1TTSfpJjw14AaABAg.9ygVlst_p8bA0arKYqDbjB,netral,netral
Ugz5jyeke1TTSfpJjw14AaABAg.9ygVlst_p8bA064v-qeZyY,negatif,negatif
UgxbXC-5YbUBUmLop6p4AaABAg,positif,positif
UgxebFBSa8ebVCjBGyN4AaABAg,netral,netral
UgwA0dxJoSo1PNJWoSp4AaABAg,netral,negatif
UgwA0dxJoSo1PNJWoSp4AaABAg.9x2rSsrg7Kt9xCr8RGov5_,netral,negatif
UgwA0dxJoSo1PNJWoSp4AaABAg.9x2rSsrg7Kt9xCrbP6no6g,netral,negatif
UgwA0dxJoSo1PNJWoSp4AaABAg.9x2rSsrg7KtA-ILGySYVsq,negatif,negatif
UgxwipWHh4rmtzxb0TF4AaABAg,netral,positif
UgxwipWHh4rmtzxb0TF4AaABAg.9wOg1SREzWO9xCrlbfX2CA,netral,netral
UgxwipWHh4rmtzxb0TF4AaABAg.9wOg1SREzWO9xCtIG7_JtH,netral,netral
UgxwipWHh4rmtzxb0TF4AaABAg.9wOg1SREzWO9y9vudGOCcl,netral,negatif
UgxwipWHh4rmtzxb0TF4AaABAg.9wOg1SREzWO9yhlrVAZLqv,netral,netral
UgxwipWHh4rmtzxb0TF4AaABAg.9wOg1SREzWO9yhmrBUXOUi,positif,netral
UgxwipWHh4rmtzxb0TF4AaABAg.9wOg1SREzWO9yjy6Vr8iNj,netral,netral
UgyZt83JLvf9ez6f5hx4AaABAg,netral,netral
UgwuNRsnRlokxVbbaeZ4AaABAg,netral,netral
Ugw6--18oMyNJKhnQ7x4AaABAg,negatif,negatif
UgwQ9NX_2p1hMNOrVRt4AaABAg,netral,netral
UgwEskhGtrVmg6ssNgF4AaABAg,netral,netral
UgwBXQlomp3BHD2nQ4l4AaABAg,positif,positif
Ugwa2_vGHXBB_5PI3Kx4AaABAg,negatif,negatif
UgzTm7tvkiHMo3gBIk14AaABAg,negatif,negatif
UgxKKA8KsEHRGu_oCXZ4AaABAg,netral,negatif
UgxAJkNxn2wFAmRxr-p4AaABAg,negatif,negatif
UgztrjGqp47_KrkLWxt4AaABAg,positif,positif
UgzcH-giusyDE47rwYF4AaABAg,negatif,positif
UgwzFaIaAGp2Hmqapot4AaABAg,netral,netral
UgwzFaIaAGp2Hmqapot4AaABAg.9tYvQBQAfAi9twTbPxBxsm,netral,negatif
UgwzFaIaAGp2Hmqapot4AaABAg.9tYvQBQAfAi9wN2lpHiddp,netral,netral
UgwzFaIaAGp2Hmqapot4AaABAg.9tYvQBQAfAi9y7rCFY0dga,netral,netral
UgyC5FQ_5jZxrO4972h4AaABAg,netral,netral
UgyC5FQ_5jZxrO4972h4AaABAg.9snQPfyzWf89tJTNV4oY36,positif,netral
UgyC5FQ_5jZxrO4972h4AaABAg.9snQPfyzWf89y5DMivNsbz,netral,netral
UgyC5FQ_5jZxrO4972h4AaABAg.9snQPfyzWf89y5GoH8vB57,netral,negatif
UgyC5FQ_5jZxrO4972h4AaABAg.9snQPfyzWf89y5Ht5b90VQ,netral,netral
UgyC5FQ_5jZxrO4972h4AaABAg.9snQPfyzWf89y5duh7pNvR,netral,negatif
Ugz5d6Q-1CCTDVt__KN4AaABAg,positif,positif
Ugy4xNNs2tD4TvPmTyB4AaABAg,positif,positif
Ugw9lE_0QEtZgB2ZUAt4AaABAg,positif,netral
UgxdF3OVaf7o4yzCrM14AaABAg,positif,positif
UgxdF3OVaf7o4yzCrM14AaABAg.9sARzk_K6Ax9sDhBcF4Toj,positif,positif
UgxdF3OVaf7o4yzCrM14AaABAg.9sARzk_K6Ax9sAg4QtKKwb,positif,positif
UgxdF3OVaf7o4yzCrM14AaABAg.9sARzk_K6Ax9sAgyCETQZa,positif,positif
UgwDqKWcKGKVX2L1fQJ4AaABAg,netral,netral
UgxiX6wZtunD_u5Au9d4AaABAg,positif,positif
UgwTgQTQ5HTp6ofo6WZ4AaABAg,netral,negatif
UgxWj1YGk5JE16LXMmR4AaABAg,positif,positif
UgxDwRUqOUlqPQokJR94AaABAg,netral,netral
UgywbdvioD5BzLJONh94AaABAg,netral,netral
Ugw5TXW7SuA3GeGvgot4AaABAg,netral,negatif
UgxxFeZamOdwlL-ievB4AaABAg,positif,positif
UgyNNAeQ4rWpJc7YXr94AaABAg,netral,negatif
UgyV6QGtgRR5_QXJRCt4AaABAg,netral,positif
UgwKppdubWLvRgB0rAB4AaABAg,positif,positif
UgzIrHtrtWqj9ncur_54AaABAg,netral,negatif
UgxFtkZe8jY6KqYiC5Z4AaABAg,netral,negatif
UgxFtkZe8jY6KqYiC5Z4AaABAg.9q4mFO90A6Q9qHGKsA3rXN,netral,netral
UgxFtkZe8jY6KqYiC5Z4AaABAg.9q4mFO90A6Q9qqrg0dPqKK,netral,netral
UgwfnnVSSfcAHFjNyQh4AaABAg,netral,netral
Ugx9eEGbSUzZ6HF9oCx4AaABAg,positif,positif
Ugx9eEGbSUzZ6HF9oCx4AaABAg.9pqqQIr_Jlh9sL9EQSJw5i,netral,negatif
Ugx4wkhhYlBWYLwTZlJ4AaABAg,netral,netral
UgwvUY0lB61fJt2_aV14AaABAg,netral,positif
UgxsQmQw20n2DtFXPMN4AaABAg,netral,netral
UgxFz8KM8HDC3DcaKJZ4AaABAg,positif,negatif
UgxFz8KM8HDC3DcaKJZ4AaABAg.9pOkmUDNjDP9pX9Bix1Ydk,netral,negatif
UgzCv0GHHJaPwOsgNWp4AaABAg,negatif,negatif
UgzCv0GHHJaPwOsgNWp4AaABAg.9pNvt8hehW89pXDVdoV-kz,netral,netral
UgzCv0GHHJaPwOsgNWp4AaABAg.9pNvt8hehW89pXGBA92215,netral,positif
UgzCv0GHHJaPwOsgNWp4AaABAg.9pNvt8hehW89pXICIvY77Z,netral,netral
UgzCv0GHHJaPwOsgNWp4AaABAg.9pNvt8hehW89qCpvrpFkjH,netral,netral
UgzCv0GHHJaPwOsgNWp4AaABAg.9pNvt8hehW89pRBd9lhdLv,negatif,negatif
UgzCv0GHHJaPwOsgNWp4AaABAg.9pNvt8hehW89qCpkUubnPO,netral,negatif
Ugzy1jExh0O1j_80VD94AaABAg,netral,netral
UgzfjyXyyOgBH5oU79t4AaABAg,netral,netral
UgxKD3vN--ZAXaElGOx4AaABAg,netral,positif
UgxKD3vN--ZAXaElGOx4AaABAg.9pIPmTKWATM9pJS_HqoWYx,netral,netral
UgzR27iC2WyOAymEggR4AaABAg,negatif,negatif
UgzR27iC2WyOAymEggR4AaABAg.9pG5vC-eBU09qUmRbhVgoN,netral,negatif
UgzR27iC2WyOAymEggR4AaABAg.9pG5vC-eBU09pIJevLWDYr,netral,netral
UgxIK0vp8WFr2OYZGu54AaABAg,netral,netral
Ugza290CRtpusZlBKIR4AaABAg,negatif,negatif
Ugza290CRtpusZlBKIR4AaABAg.9oxwzuFJC3I9p3-U-ZX3mN,netral,negatif
Ugza290CRtpusZlBKIR4AaABAg.9oxwzuFJC3I9p459IS4cuj,netral,netral
Ugza290CRtpusZlBKIR4AaABAg.9oxwzuFJC3I9pJSccIomRr,netral,negatif
UgzoQUW6cbCp2L7WLOx4AaABAg,positif,positif
UgzoQUW6cbCp2L7WLOx4AaABAg.9osKb35-alf9p3uNfOkCk5,netral,netral
UgyaiN2oNiH6h65twSd4AaABAg,netral,netral
Ugw8ivCwDaZ58Mxgpw54AaABAg,positif,netral
UgwR6Q4jzC89ZTmQmXF4AaABAg,positif,positif
UgyJopwSYZhyf8woCuh4AaABAg,positif,positif
UgyJopwSYZhyf8woCuh4AaABAg.9noV0tSp64E9o6B7MVirG0,netral,netral
UgyWd_hblB2y75qdyOl4AaABAg,negatif,negatif
UgyWd_hblB2y75qdyOl4AaABAg.9nnwxr7a2X_9onSs6_Tf7l,negatif,negatif
UgzBwiZx3mQQErrYVGp4AaABAg,netral,netral
UgygJsTCQwto720iG-V4AaABAg,negatif,netral
UgwZdI7_7sfO2LI-EIR4AaABAg,netral,negatif
UgwBRDAQiAeSEk16gGZ4AaABAg,positif,positif
UgxKJOIGGpDb4WypTcJ4AaABAg,positif,positif
UgwILliOA_iWnSkOext4AaABAg,netral,netral
Ugxw8E_azRgMYM6jMOB4AaABAg,positif,positif
Ugxw8E_azRgMYM6jMOB4AaABAg.9lRbQSgtHLs9niSGTLp6jN,positif,positif
UgxEP5usMqtN2IUXEgl4AaABAg,positif,positif
Ugx8S-jNQXdGCdH6-ut4AaABAg,positif,negatif
Ugx8S-jNQXdGCdH6-ut4AaABAg.9kkxlA22imI9no0Hnt7axa,positif,netral
UgwyjqfPSwhR8Yg9q-Z4AaABAg,positif,positif
UgzzWsi-W_qiuj2ssYN4AaABAg,positif,positif
UgwyUUQvzLiafHyaau54AaABAg,negatif,negatif
UgxGXSDt82EVvVmaddB4AaABAg,netral,netral
Ugwr35CGpnilg6wRNbh4AaABAg,negatif,negatif
Ugwr35CGpnilg6wRNbh4AaABAg.9kPoq_uK5T69ltisM1kaew,positif,netral
Ugwr35CGpnilg6wRNbh4AaABAg.9kPoq_uK5T69lxThT6GJiZ,positif,positif
Ugy5fNrn7GhwtHghhER4AaABAg,positif,positif
UgxG2NHRW8ORjYFjQZJ4AaABAg,positif,positif
Ugwz9R21bkVR15liEvp4AaABAg,negatif,negatif
Ugwz9R21bkVR15liEvp4AaABAg.9k33jraIU0o9p3-dDKJeTI,positif,positif
Ugwz9R21bkVR15liEvp4AaABAg.9k33jraIU0o9uJCO071IUX,netral,netral
Ugwz9R21bkVR15liEvp4AaABAg.9k33jraIU0o9maw3yoRKKc,netral,netral
UgydLIpRzYMiYWiJhht4AaABAg,netral,negatif
UgydLIpRzYMiYWiJhht4AaABAg.9k32yWrCAfe9kY0pIxjjvY,negatif,negatif
UgydLIpRzYMiYWiJhht4AaABAg.9k32yWrCAfe9kg_clI1XPt,negatif,negatif
UgydLIpRzYMiYWiJhht4AaABAg.9k32yWrCAfe9laNuLVWE0H,negatif,negatif
UgydLIpRzYMiYWiJhht4AaABAg.9k32yWrCAfe9mVoQSfEP5h,positif,positif
UgzucR5rY-vaBCh2Ppp4AaABAg,netral,netral
UgyjWuS1IBk0v3LjD1N4AaABAg,positif,positif
UgxWC-rUI6NBh4efrnB4AaABAg,positif,positif
UgxA8tP--aqiQHzml4t4AaABAg,positif,positif
UgyImmzmhqEp_4f0ZVJ4AaABAg,positif,positif
UgyYAMwmoGs3oL4hUKR4AaABAg,negatif,negatif
UgzMex7vB_knRFAU9VV4AaABAg,positif,positif
UgzHxS5fOvhAQqHb9fF4AaABAg,positif,positif
UgxC-8sk7D1Q1GFA1BV4AaABAg,netral,positif
UgwFKT0O-fdlO4aARI54AaABAg,netral,netral
UgwGcdBmYSbsJjUIBmN4AaABAg,netral,netral
UgzReSzN4WZbJYlTr3R4AaABAg,positif,negatif
UgyvaiPEB4viTaZR4pZ4AaABAg,positif,positif
UgwxJyIeuyOOYq5UnCJ4AaABAg,positif,negatif
UgxEPEI2NPNg4iBJ70R4AaABAg,negatif,negatif
UgzL2kNyL9CHGWUasHR4AaABAg,positif,negatif
UgxDdDbCz2CbrUHugNJ4AaABAg,netral,netral
Ugx5Kt7RO2d3uAeCosl4AaABAg,netral,positif
UgzruKGBfkDaI4hdVT14AaABAg,netral,negatif
Ugz06huQWNA3mNCc9sh4AaABAg,negatif,negatif
UgxRvfbi6-8LLNe-AmV4AaABAg,positif,negatif
UgzhYWS6w7uLxfbMgdl4AaABAg,positif,positif
Ugz9NUb7P_icS-O_rrB4AaABAg,positif,positif
Ugy8rCd4ecgwmCwkftV4AaABAg,positif,positif
Ugywk0THKApZ2fpriLV4AaABAg,netral,negatif
Ugzt3b2qITuXWDd5ogp4AaABAg,positif,positif
UgxgkM2BsNKLYRTQ3rl4AaABAg,netral,netral
Ugwmlq7BaORTeU7wdzZ4AaABAg,negatif,negatif
UgzCoQz-Ao0j8aEv7sV4AaABAg,netral,netral
Ugzbgjh20yL2VnEL3TB4AaABAg,netral,netral
Ugy4FLQJ279aHcr0MMd4AaABAg,netral,netral
UgxO8jhBelU-PW4Udlt4AaABAg,positif,
UgyFu9B5dsJJgM6WSUt4AaABAg,netral,
UgwDYngMS6pxPRV38Hd4AaABAg,netral,
Ugz2PohGXAKS8OeSj0F4AaABAg,negatif,
Ugx3p6j2B3zDVKBqsT54AaABAg,netral,
UgxZNy7iJUa8O9d5b3t4AaABAg,negatif,
Ugzxomof83FqxBJhLIp4AaABAg,netral,
UgycJCM70dpJWOr8r_t4AaABAg,negatif,
UgxROrWFyWd4Ppu-8S94AaABAg,negatif,
UgyeAJG8Fm7Mw9tLjdp4AaABAg,negatif,
Ugyg7Oj0s-1EaIiodQV4AaABAg,negatif,
UgzIpPzP71f9ejIjGK14AaABAg,netral,
UgyMLwqInOxWgkwqU4J4AaABAg,negatif,
UgyQwHWOYwwfk08dOGh4AaABAg,positif,
Ugyu_4aHyRsTzbRAveB4AaABAg,netral,
UgxNfBglVIlPfH9Wbod4AaABAg,netral,
Ugx1dqD2COaY92XHNal4AaABAg,netral,
Ugxis8XAfsox2HikEPJ4AaABAg,negatif,
Ugwhak9PBH-0xlhUwk94AaABAg,negatif,
UgyHyl0iK5kkOcIOmjR4AaABAg,positif,
UgxxgBOH52LS1W0E84V4AaABAg,positif,
UgzjJ0i_OIsXlNxQN9t4AaABAg,positif,
UgzPaOTIWGTZR120iGB4AaABAg,positif,
Ugy_Jn_vIEHwzwg9yAl4AaABAg,positif,
Ugyy3n7Kdix9UBCW4sV4AaABAg,positif,
Ugwr_UoYV5bRiXzPEax4AaABAg,positif,
UgyraWdv0tSEv8rTzKB4AaABAg,negatif,
Ugy77lcykRM2da2kuIZ4AaABAg,positif,
UgxL3_tABZfu692sUwV4AaABAg,positif,
Ugy7YDkB_YKgvq60u1d4AaABAg,positif,
UgyP-dL-lnCkeV0Tvop4AaABAg,negatif,
Ugwxxzca46ylgGfKROV4AaABAg,positif,
Ugyuyrai7r79ZwtKg7h4AaABAg,positif,
UgxWqDh0jAccjGNBdJd4AaABAg,positif,
UgxBCd5vEyA1-jKNTcV4AaABAg,negatif,
UgwqEc1lz4ipQtdhoPF4AaABAg,negatif,
UgzFjrtiSKZjXWL2qqp4AaABAg,positif,
UgzuZHZvAJJNSqKnhTF4AaABAg,positif,
UgwxQCIc3EXCZGKwGGV4AaABAg,positif,
UgznXUNA8UgXbEyGLpF4AaABAg,negatif,
UgxIaeJ5y-BCKE60ril4AaABAg,positif,
Ugyg5ucMTOw7M_OXCwF4AaABAg,positif,
Ugzbsx0_4kMP9auiSEZ4AaABAg,positif,
UgwuEahDJ05xAPX5FJF4AaABAg,negatif,
Ugw9dw-k0b5zbFjrghp4AaABAg,positif,
UgzrRKxgN6WT6EKgDKt4AaABAg,positif,
UgzEVZxRY-8RzjA1BoN4AaABAg,positif,
UgwW95EK_MGD3VXlgZV4AaABAg,positif,
Ugw56aJ--LKmXg-Atll4AaABAg,negatif,
UgxaIeDJVlF6YeQy52l4AaABAg,positif,
Ugz56hI8BX6JThpJclp4AaABAg,positif,
UgzKmN2H04jSBWua_DB4AaABAg,positif,
UgwsW4cWUSSYfB1fRLR4AaABAg,positif,
UgzBNH6GJeJMU8sXvhZ4AaABAg,positif,
UgxgA3s_ZZaB8m0xX6F4AaABAg,positif,
UgyTqoE9dDZMfs-UHdB4AaABAg,positif,
Ugx1yBewgOlhS1CrAwd4AaABAg,positif,
UgzrHe_WXYxkrpgiiEV4AaABAg,netral,
UgzJYtGZWA3W0lokKrF4AaABAg,netral,
Ugw16ZHFsEKmNrP8Osl4AaABAg,positif,
Ugyjot5uDiZAkgfSz5t4AaABAg,positif,
UgxvUViEKFMu9Vu7g0B4AaABAg,positif,
UgzZni5v9eTD_NZhohZ4AaABAg,negatif,
UgwKvwlEZAeO2EzyjfV4AaABAg,netral,
UgwNmO5Zoty4V03xpiZ4AaABAg,netral,
UgzFi-8y9N1C217CYwF4AaABAg,netral,
Ugxgz9-9Vz52feSUY6l4AaABAg,negatif,
UgwBW_1RIbqLIvlHUTF4AaABAg,netral,
UgzZWNs8k0KQHpkYeXh4AaABAg,positif,
Ugzfg0ACEYsmc0qIkbp4AaABAg,positif,
UgzX7pq6K48Ciohc3sF4AaABAg,positif,
Ugz0Nd3ErDG1pW_nR5N4AaABAg,positif,
Ugx2XIFRQuspN7d2BhV4AaABAg,positif,
UgzHXwovllcPkpu6kbx4AaABAg,positif,
UgzbhJMp5t2U8jdaykd4AaABAg,positif,
UgxnrMdwFSSrfvfQ6yt4AaABAg,netral,
Ugz_Hc5BakLueYQRHkV4AaABAg,positif,
UgzULQJBhemSS1gAtqh4AaABAg,netral,
Ugz2Ted0Nq7y7qqj5Ld4AaABAg,positif,
UgyTY3Ve8sYR-WxsqsV4AaABAg,positif,
Ugwv150jQOytnHelbL94AaABAg,netral,
UgxyG86K5Cv76dYJ-954AaABAg,positif,
UgzoclB-_YVI-Iq_VOd4AaABAg,positif,
Ugx9Ogz_rbZfyuNqtSJ4AaABAg,negatif,
UgxnwD2trPtcZ1ifAJl4AaABAg,positif,
UgwiAq9kxS-OQ9--Dfl4AaABAg,positif,
UgxO6h2jvLub8duTvAF4AaABAg,positif,
Ugzi7kDPwvnAsC5_G4x4AaABAg,positif,
Ugz80islGF5_LIUJ-ch4AaABAg,positif,
UgwNXIarzseSYx47ld94AaABAg,positif,
Ugy2AS6k2OMd7vubUZJ4AaABAg,positif,
UgwJaSuz38lN-AIuPa54AaABAg,netral,
Ugxoe-QlLgCvcGZIOJh4AaABAg,positif,
UgzB0Jc5RMD-3Oba2CR4AaABAg,positif,
Ugxydb1VILUECXjNo-B4AaABAg,positif,
Ugx46BxnaqGW5ukGTOh4AaABAg,netral,
UgxJpb29kLACV8c-Yr54AaABAg,netral,
Ugz87HyrIPkk98eJbch4AaABAg,positif,
UgyudTp-a2T61okdX394AaABAg,netral,
UgyUzT9KgGALD4-8Uj94AaABAg,netral,
UgyC2_ImBC-WbNpXnbJ4AaABAg,positif,
Ugy4WWKCLYsscyCxMjB4AaABAg,positif,
Ugxe1zR1njTuDFHa41t4AaABAg,positif,
Ugwj2PqTMe9ebtyWeXR4AaABAg,positif,
Ugx96Dmg-0nz0nw1eQV4AaABAg,netral,
Ugz56-ybtaJWXTn51hh4AaABAg,negatif,
UgxiJ__6A6mGz3x2lcF4AaABAg,positif,
UgyCDooPGnAsBS0xaup4AaABAg,positif,
UgzNbLxMUKOjMfSW6-Z4AaABAg,positif,
Ugz0IVaOm-M2OBR8lWJ4AaABAg,positif,
Ugw-ljMo1OYhrR78WdJ4AaABAg,netral,
UgyBgbrTD_NZTMS-VpR4AaABAg,positif,
Ugxcu2ec8u6ooru3WTt4AaABAg,netral,
UgzoMNvzMniwA6NUkMN4AaABAg,netral,
UgxU__BFP3h-C-iegkh4AaABAg,netral,
UgzZpFBkxqCH1oKBuCh4AaABAg,negatif,
UgxvO2XrxeJAC8eM_Xt4AaABAg,positif,
UgxeCHql7ojz41PyanN4AaABAg,positif,
UgzoK3PDZs9aOjTCPr14AaABAg,positif,
UgzeujPDsgbwIh2KBUF4AaABAg,netral,
UgzZZkHfWWXDHbDR3Wp4AaABAg,positif,
UgwmMWieCYZpNhZWz_N4AaABAg,positif,
Ugzf9ksaTmlOagyT4h94AaABAg,positif,
UgyojAoB_xIJFd6agiJ4AaABAg,negatif,
Ugzu0g_ba2vMuOst2Ap4AaABAg,positif,
UgwQyo3aDEm9gq6iwdh4AaABAg,positif,
Ugw_l_hzJIvdwUH-6_t4AaABAg,positif,
UgwI1d_r6B6Kmrz7fAl4AaABAg,netral,
UgxInrEk8Hf1q65oJ8x4AaABAg,netral,
UgyMrd9hWvtW5oUFbGl4AaABAg,netral,
UgwK1GGM4Bg_5nAXhth4AaABAg,positif,
Ugwx8d8s9mCzEY9MXKN4AaABAg,positif,
Ugz7sw-9nbDXwci2v1p4AaABAg,positif,
UgyTven_V6ilTeK3hDh4AaABAg,netral,
UgzMzaIBBsb3zVbac9R4AaABAg,netral,
UgyDUwvRuFuSzTCyQC94AaABAg,positif,
UgwQF0XfH8MneeOoVSN4AaABAg,positif,
UgwHWF4fGx0bQTqd5Y54AaABAg,netral,
UgxXIG3r9VLaf75qNbR4AaABAg,positif,
UgwQyB7WQO2a1-P_YD14AaABAg,positif,
UgwJTBe7Qq9ewTZaK4N4AaABAg,positif,
UgwM9pmhQFDXopmhj6p4AaABAg,netral,
Ugwkp3WjdhlbjfwbdEN4AaABAg,positif,
UgzbrF-HYj8M6qbspxR4AaABAg,positif,
Ugy0b6uHTzdYRe0N5Ex4AaABAg,netral,
UgzqM6ABzdo6lZPLuVl4AaABAg,negatif,
Ugx1Q8_l8J4iuMcYGeZ4AaABAg,negatif,
UgzUVVQ-oOaxLxUHY8l4AaABAg,positif,
Ugwhu2XqHj1_mqducf14AaABAg,netral,
UgwLOO8FyXlJJ1MNfrp4AaABAg,positif,
Ugws_bSjqBrZsPJmZFN4AaABAg,positif,
UgwXLM01UULutIUZdbp4AaABAg,positif,
UgzQseglvqPWeb26ymx4AaABAg,positif,
Ugwnu07Bd5gaVNRvIOp4AaABAg,positif,
UgxY0TsPSMHAOaddRyN4AaABAg,positif,
Ugw0-A-NUJk6iwmLDvJ4AaABAg,positif,
Ugx11L1KvGJkHlPbW5x4AaABAg,negatif,
UgxkQ9isO5eFg2CMwLV4AaABAg,netral,
UgxZ10VTKF_YnyzUFz54AaABAg,positif,
UgzQv1HkirbXeEMq2WN4AaABAg,netral,
UgxrbsIho8CNjeoPRFR4AaABAg,netral,
UgzVBqxiFwQmJYMY3lV4AaABAg,positif,
UgxoNMNKSnEJvzRejXZ4AaABAg,netral,
Ugx1fYd_SBy-MHdkE6J4AaABAg,positif,
UgxC0s-zVZQT5psIsoF4AaABAg,netral,
UgwLggXyL7uGXy_DWMB4AaABAg,netral,
UgxtA62OoA0R8UhQYxp4AaABAg,positif,
Ugz-F5s8c8PrZV5Tl8R4AaABAg,netral,
Ugz-F5s8c8PrZV5Tl8R4AaABAg.A1wcMUsE5OaA1wcPa-XIv8,netral,
Ugz-F5s8c8PrZV5Tl8R4AaABAg.A1wcMUsE5OaA2URK7I4VmD,netral,
Ugz-F5s8c8PrZV5Tl8R4AaABAg.A1wcMUsE5OaA2_9okfQgbQ,netral,
Ugz-F5s8c8PrZV5Tl8R4AaABAg.A1wcMUsE5OaA2_9q_xtDlh,netral,
Ugz-F5s8c8PrZV5Tl8R4AaABAg.A1wcMUsE5OaA2_A2FeGc48,negatif,
Ugz-F5s8c8PrZV5Tl8R4AaABAg.A1wcMUsE5OaACCmB5z2AcD,netral,
UgzxQHXmas6JWSxcdNl4AaABAg,netral,
UgxkgwFbUH5c6J6iF614AaABAg,netral,
UgzoWxQggJlA0M4UqmJ4AaABAg,positif,
UgzVXMpo7s1TW7BAQrR4AaABAg,positif,
UgyRs8p46aXDP58gbRd4AaABAg,negatif,
UgwtMxiphtCY5jix0gt4AaABAg,netral,
UgyimQz2q4Yl73c88_R4AaABAg,positif,
UgwUhxWAR5Fiz2JJKcB4AaABAg,positif,
Ugz-6lki0J__Sygh-VV4AaABAg,positif,
Ugz-6lki0J__Sygh-VV4AaABAg.9w6pGhumz0r9w7Ks286WEl,netral,
Ugz-6lki0J__Sygh-VV4AaABAg.9w6pGhumz0r9w7MltBmi0Y,positif,
Ugz-6lki0J__Sygh-VV4AaABAg.9w6pGhumz0r9w7MKgjNm2l,positif,
Ugy0Hn_6w_31oWBzzLx4AaABAg,positif,
UgxMC3wu2Q2MFx85Fo54AaABAg,netral,
UgxCdVLhwzpN4FIIdDZ4AaABAg,positif,
UgxUUT_nRrR48GWHGUR4AaABAg,positif,
Ugxr7yCAqRMr7v7p6hR4AaABAg,netral,
Ugyc3ILocSJjGlRTT5V4AaABAg,positif,
Ugyq2flGUMhaaFn6JqZ4AaABAg,netral,
UgylOzVwTS7jLf3kuBZ4AaABAg,netral,
Ugz-ce5hO7Xh6MusC3B4AaABAg,positif,
Ugy1DDeHuTQqyRGy9Rl4AaABAg,positif,
UgwORf7Y7uW8FwzqjnR4AaABAg,positif,
Ugxpui5KNIWR09I28PV4AaABAg,positif,
Ugw6_j18MafMnAvWKZV4AaABAg,positif,
Ugy_L6mfalr37dEDbgR4AaABAg,positif,
Ugy_L6mfalr37dEDbgR4AaABAg.9ue_qYJPnQF9v1gJstYie2,netral,
Ugw4GdnWjMilLjK_myR4AaABAg,netral,
Ugwxne0QDjsF0qjsHIF4AaABAg,positif,
UgxZL-PKYJtu4DVlQ6l4AaABAg,positif,
UgxZL-PKYJtu4DVlQ6l4AaABAg.9uVh82brwSs9uVhOVwiHsv,positif,
Ugw0PSq3UWmW3SGVm314AaABAg,positif,
UgyjbDo2gG7s7NzGx7x4AaABAg,positif,
UgyjbDo2gG7s7NzGx7x4AaABAg.9uUKlXn5hrf9uUKzkGvGXl,positif,
UgyjbDo2gG7s7NzGx7x4AaABAg.9uUKlXn5hrf9uVhWr8XC8K,positif,
UgzKxORIxQCv0AGsyjJ4AaABAg,positif,
UgxWd0Dj29mJTZhhSv94AaABAg,positif,
Ugx0mkyoC5gkc-bZsvV4AaABAg,positif,
UgwOqMQWcZNsN7u7P714AaABAg,netral,
UgziI7AwCTCx7Fc1X5F4AaABAg,positif,
Ugy-ckXoBGDbX9QCIB14AaABAg,netral,
UgyloJ3hPGlPxoMYyUR4AaABAg,positif,
UgyEmHSSAAurSQRnnAZ4AaABAg,positif,
UgzNSmRshKrfOg0tzqd4AaABAg,netral,
UgyiWu5ZLkIHy5Cw2cB4AaABAg,positif,
UgyP8J6vot9oGnQrSll4AaABAg,positif,
UgxqVv_BBtHEMv1DeHN4AaABAg,positif,
Ugz_gphgiQpo8EBwp_94AaABAg,netral,
UgxV4OYRQ9BCzzpEklR4AaABAg,positif,
UgyexjCWnWGPAaCuGTp4AaABAg,positif,
UgyjMwmPoUQuB0wCkt14AaABAg,positif,
Ugw0lqxugOeCBtaQsHd4AaABAg,positif,
UgwsjI-PlarsH5pe8pZ4AaABAg,positif,
UgzbkKpZhKXqeSkuxsh4AaABAg,netral,
UgxZogyp52bMvAPU2h14AaABAg,positif,
UgxZogyp52bMvAPU2h14AaABAg.9uBayfaTQJsA270eXx-vuX,positif,
UgxeAgsWsU6wjvg59sh4AaABAg,positif,
UgzW3LpTugikrxen4Th4AaABAg,positif,
UgxMe6SiQ74GEJbky4t4AaABAg,positif,
UgzkN8Ia_XztUWgKl5F4AaABAg,positif,
UgyRLtU7dpkFdvtohWt4AaABAg,netral,
UgyRLtU7dpkFdvtohWt4AaABAg.9u3fEhDnsQB9u3wFAx2ECz,positif,
UgzArJZIGtUb09Z7hgJ4AaABAg,netral,
UgxDPK_FBQ5nU7jVW314AaABAg,positif,
UgxRX5mWbO4mA2bjUWp4AaABAg,netral,
Ugz17lTNKCRVEf2aLTF4AaABAg,netral,
Ugz17lTNKCRVEf2aLTF4AaABAg.9u1UjniG9w49u1_svW5WUz,positif,
UgwTpGfWqaouP0Nf68t4AaABAg,positif,
Ugzgl7WQYWQ8jeanmm94AaABAg,positif,
Ugxvd5wG7wiFzqiBO0J4AaABAg,netral,
UgxEP7XqKmYbgLhbUaJ4AaABAg,positif,
Ugyszuf1LXNj8UdxqgB4AaABAg,netral,
Ugx6k1O-T2y2_raUqsl4AaABAg,netral,
UgxWEfd0fwyyduXQ3G54AaABAg,positif,
Ugwfm5VrQUGBj_oNhA94AaABAg,positif,
UgxGKTBHVQ8AUBkqBJN4AaABAg,netral,
UgwD8YTHmOQErqr-4uJ4AaABAg,positif,
UgwD8YTHmOQErqr-4uJ4AaABAg.9ts7FhXTSu89tsAEipT8iQ,netral,
UgzYZYb0JfI04BM91JF4AaABAg,positif,
Ugzkxad2jAjC3QBSFZF4AaABAg,positif,
UgzWUqgOXYgA2T7nqj14AaABAg,positif,
Ugy84SqsFmdMED81FU14AaABAg,positif,
UgxFGJd-FhkHcXxVN8x4AaABAg,positif,
UgzEApRSzMBTE-fg8sV4AaABAg,negatif,
UgzEApRSzMBTE-fg8sV4AaABAg.9trGpIWQZgw9trS5ZJ3UyB,positif,
Ugz4rEB_yznS268JURB4AaABAg,netral,
UgwhN5NWyQXD85U_K3N4AaABAg,netral,
Ugw3eyIyEzMbEOhkXOd4AaABAg,positif,
UgxCS1dAdIjGiqL5e_d4AaABAg,positif,
UgzdALTa8jCDgAXEyV94AaABAg,positif,
UgzRYH2hOBPXKoFpLKB4AaABAg,netral,
Ugz_yEup_orbEfAP_PV4AaABAg,positif,
UgySqHsKRd_eruy1Ogx4AaABAg,positif,
Ugy6xlFu0GY1eVYN_Fd4AaABAg,positif,
UgzLSc6ol1Obi8c7JCF4AaABAg,positif,
UgwKrHNwPsCjBR-QSxF4AaABAg,positif,
UgysURr1c7rhxgM8R4l4AaABAg,positif,
UgysURr1c7rhxgM8R4l4AaABAg.9tnYipLCm3K9togqmSbMFe,netral,
UgyDN_m3SQkXDI3oyxt4AaABAg,netral,
UgzCjaBy4FNeHoMYmlB4AaABAg,positif,
UgwSkvqSWrdxGg_F_T94AaABAg,netral,
UgwYeapS6CeIB-fP7vx4AaABAg,positif,
UgwYeapS6CeIB-fP7vx4AaABAg.9tn2zk1Hxuk9tohG31YgGh,positif,
UgzYL1wZUFCNWlgcVel4AaABAg,netral,
UgyUz7CtygRDphLKCXl4AaABAg,netral,
UgywQ3pCBRDy2RdjhJJ4AaABAg,positif,
UgwLd5MJRQ1Bba65Eld4AaABAg,positif,
UgxQomFH1VWU67bAqxR4AaABAg,netral,
UgwZiIW1pWrkB5398zp4AaABAg,positif,
UgxHuc_8QHBDmAWXetx4AaABAg,netral,
UgxHuc_8QHBDmAWXetx4AaABAg.9tk5BZqosQj9tkLGcoVQ90,positif,
UgxHuc_8QHBDmAWXetx4AaABAg.9tk5BZqosQj9tkXixsA8mv,positif,
UgwKw2am3RaJyPMC5nh4AaABAg,positif,
UgyB4H76s_RVfOzruQd4AaABAg,netral,
UgyqLtI8cZiDRgJJguF4AaABAg,netral,
UgyqLtI8cZiDRgJJguF4AaABAg.9tiJhMGgCn69tkujKBZRsI,positif,
UgzG4zqAWYyxxr0Dnqh4AaABAg,positif,
UgxoaUKQRg-K7KgvmJ14AaABAg,positif,
UgxoaUKQRg-K7KgvmJ14AaABAg.9tiF-grU_C99tkF_oiCtZL,positif,
Ugyf2O7gbQUHUXCrc7R4AaABAg,positif,
UgyI_9sTyAY6WO55fAV4AaABAg,negatif,
Ugwnr4XPVk2CA-SAnKZ4AaABAg,positif,
UgxKRK5LohBXU3LtgaV4AaABAg,netral,
UgxKRK5LohBXU3LtgaV4AaABAg.9thkSCv77qy9thy5INt-QE,positif,
UgwkeANVnzf5cKSFdlp4AaABAg,positif,
UgwySdIWkmRHCS_RpSR4AaABAg,positif,
UgwySdIWkmRHCS_RpSR4AaABAg.9thJQ-mYBMv9tooYjjolUI,netral,
UgypFlt2S_6wZ2D2m8Z4AaABAg,positif,
UgypFlt2S_6wZ2D2m8Z4AaABAg.9teiBwzpiMo9uR6n_Ooz5Z,positif,
UgypFlt2S_6wZ2D2m8Z4AaABAg.9teiBwzpiMo9utBBQ8t-GE,positif,
Ugz0Ju2JSg2DZZJq_fV4AaABAg,positif,
Ugz0Ju2JSg2DZZJq_fV4AaABAg.9tea41HoHjf9teh-X27RZ4,netral,
Ugz0Ju2JSg2DZZJq_fV4AaABAg.9tea41HoHjf9tepUOagNpV,positif,
Ugz0Ju2JSg2DZZJq_fV4AaABAg.9tea41HoHjf9terjZV_MxM,positif,
Ugz0Ju2JSg2DZZJq_fV4AaABAg.9tea41HoHjf9tetpyiiK_0,positif,
Ugz0Ju2JSg2DZZJq_fV4AaABAg.9tea41HoHjf9tgsJHXTVCi,positif,
Ugz0Ju2JSg2DZZJq_fV4AaABAg.9tea41HoHjf9thKCbNL2DP,positif,
Ugz0Ju2JSg2DZZJq_fV4AaABAg.9tea41HoHjf9teur2gjZML,positif,
Ugz0Ju2JSg2DZZJq_fV4AaABAg.9tea41HoHjf9th7QH63LGK,positif,
Ugz0Ju2JSg2DZZJq_fV4AaABAg.9tea41HoHjf9thKT1UclTr,positif,
Ugz0Ju2JSg2DZZJq_fV4AaABAg.9tea41HoHjf9tiF6JzsYAg,positif,
Ugz0Ju2JSg2DZZJq_fV4AaABAg.9tea41HoHjf9thPT_VhQoQ,positif,
Ugz0Ju2JSg2DZZJq_fV4AaABAg.9tea41HoHjf9thaGOH1xSq,positif,
UgzAzDFGD_LVAHuWjXB4AaABAg,positif,
UgwZ-aQJbFaysHgi2uV4AaABAg,positif,
UgwZ-aQJbFaysHgi2uV4AaABAg.9teXAFD_YcN9tfa6K1QaiO,positif,
UgwZ-aQJbFaysHgi2uV4AaABAg.9teXAFD_YcN9tiFYW82Rci,positif,
UgwzSUbApjoRfgnE-U94AaABAg,netral,
UgwzSUbApjoRfgnE-U94AaABAg.9tda_WfHN-F9thaJxwREgv,positif,
UgwzSUbApjoRfgnE-U94AaABAg.9tda_WfHN-F9tiFW_AUgL1,positif,
UgxUyFeR-XT5CY85mN54AaABAg,positif,
UgxUyFeR-XT5CY85mN54AaABAg.9td12TxaAGS9tiFs6HiCQW,positif,
UgyOH17esrpX1gtZx6t4AaABAg,positif,
UgzYQBM-fNx_s_yMtwR4AaABAg,netral,
UgzYQBM-fNx_s_yMtwR4AaABAg.9tcunJG7ECK9tiFi7jDDsw,negatif,
Ugx1TyaTRzPoN-TYKkl4AaABAg,netral,
UgyntgEQXzQPnYQEnKJ4AaABAg,positif,
Ugz6eHbHfRJbxsHug9F4AaABAg,positif,
UgwvKeInJrDcwKuo1Pp4AaABAg,positif,
Ugz8IRLnDuQDdqh7ZeN4AaABAg,netral,
Ugz8IRLnDuQDdqh7ZeN4AaABAg.9tc4TpJlkUw9tiF_ef9QZo,positif,
Ugz8IRLnDuQDdqh7ZeN4AaABAg.9tc4TpJlkUw9tk7j6kHLV5,positif,
UgzWSLM94MdOQQGQuC14AaABAg,netral,
UgzWSLM94MdOQQGQuC14AaABAg.9tc2R_XjDTu9ue_ewbZBhD,netral,
UgzWSLM94MdOQQGQuC14AaABAg.9tc2R_XjDTu9uirW_cI2g0,netral,
Ugxb1mVUhk4u-XAp3_R4AaABAg,positif,
UgwVvMVhiGAUSfDVeGx4AaABAg,positif,
UgwVvMVhiGAUSfDVeGx4AaABAg.9tc1I_LNgal9toiQ1c55V0,netral,
UgwucPCrl18wPzUvejx4AaABAg,positif,
UgwucPCrl18wPzUvejx4AaABAg.9tc15iQSxRu9tnspJJK8IQ,netral,
UgwucPCrl18wPzUvejx4AaABAg.9tc15iQSxRu9tiE8PwZ05V,negatif,
UgwucPCrl18wPzUvejx4AaABAg.9tc15iQSxRu9tiRQ-cTsUR,netral,
UgwucPCrl18wPzUvejx4AaABAg.9tc15iQSxRu9tiaDzhwlpx,positif,
UgwucPCrl18wPzUvejx4AaABAg.9tc15iQSxRu9tiav76gFMo,netral,
UgzCDMuawBq_Gkagtzp4AaABAg,netral,
UgwoS5iFLwN9uF3id8B4AaABAg,netral,
UgwoS5iFLwN9uF3id8B4AaABAg.9tbGM_jh-ne9tiISLXa2PY,positif,
UgwoS5iFLwN9uF3id8B4AaABAg.9tbGM_jh-ne9ts3sbsFYE-,positif,
UgytqCOujIAlHWhMgxd4AaABAg,netral,
UgwwoyqCk21eKVC4G5R4AaABAg,positif,
UgyBN5AGc1GqN5WoF2h4AaABAg,netral,
UgxLAbnyNzwm86uzOmt4AaABAg,positif,
UgzMDDPdE9N8hY4TS-B4AaABAg,positif,
UgzMDDPdE9N8hY4TS-B4AaABAg.9taX_Kbuo-y9twqSvWGbiJ,netral,
UgzFkDAX40XvhmRJfDl4AaABAg,positif,
UgxxGJyiUSykcisBxQ14AaABAg,positif,
UgykUBKk16RPBq-I2ed4AaABAg,positif,
Ugy4i1pzfQv_WftpYkJ4AaABAg,positif,
UgxJcWP8sP6-kLMgdi94AaABAg,positif,
UgwUqd5KmFQAy-ZCAS14AaABAg,positif,
Ugz9_mEtQk1NXEDORXJ4AaABAg,negatif,
Ugz9_mEtQk1NXEDORXJ4AaABAg.9taMilqnXEM9tiGLD001Uc,netral,
Ugz9_mEtQk1NXEDORXJ4AaABAg.9taMilqnXEM9uP4bKnl-Ex,positif,
Ugz9_mEtQk1NXEDORXJ4AaABAg.9taMilqnXEM9uQI6QCyMc1,positif,
UgznuAxVxcRa7ARtBCJ4AaABAg,positif,
UgznuAxVxcRa7ARtBCJ4AaABAg.9taMRF1OU739taMkUQDFLz,netral,
UgznuAxVxcRa7ARtBCJ4AaABAg.9taMRF1OU739tiFQuY3HVI,positif,
UgzKQ_ICzjR5h-zKXXx4AaABAg,positif,
UgzKQ_ICzjR5h-zKXXx4AaABAg.9taLU049fS69tiSX1r2sSX,positif,
UgzKQ_ICzjR5h-zKXXx4AaABAg.9taLU049fS69tb12BIEc_f,positif,
UgzKQ_ICzjR5h-zKXXx4AaABAg.9taLU049fS69tbuOnHVnei,netral,
UgzKQ_ICzjR5h-zKXXx4AaABAg.9taLU049fS69tfrKNpJNhT,positif,
Ugw9KLCpTLZuJ3zV3ER4AaABAg,positif,
Ugw9KLCpTLZuJ3zV3ER4AaABAg.9taLSifa7Ar9taMzz848qJ,positif,
Ugw9KLCpTLZuJ3zV3ER4AaABAg.9taLSifa7Ar9tiFFS1nZmj,positif,
Ugyy9MjXGKh-1VUiKfZ4AaABAg,positif,
UgyEST37PQMQYRDUXJJ4AaABAg,netral,
UgyEST37PQMQYRDUXJJ4AaABAg.9taK71G2XOD9tc2RF0IhRo,positif,
UgyEST37PQMQYRDUXJJ4AaABAg.9taK71G2XOD9tc4e5d9ulr,positif,
UgyEST37PQMQYRDUXJJ4AaABAg.9taK71G2XOD9tiFmm2oBLK,negatif,
UgyEST37PQMQYRDUXJJ4AaABAg.9taK71G2XOD9tkSsANZnWy,positif,
UgyEST37PQMQYRDUXJJ4AaABAg.9taK71G2XOD9tph9kDW6ba,positif,
UgyEST37PQMQYRDUXJJ4AaABAg.9taK71G2XOD9tgiFZMwNW5,positif,
UgyEST37PQMQYRDUXJJ4AaABAg.9taK71G2XOD9tgqfhUWw7c,netral,
UgyEST37PQMQYRDUXJJ4AaABAg.9taK71G2XOD9turbg1BdL7,negatif,
UgyEST37PQMQYRDUXJJ4AaABAg.9taK71G2XOD9unoxAxui3L,negatif,
UgyEST37PQMQYRDUXJJ4AaABAg.9taK71G2XOD9v1fjT10dYn,positif,
UgyEST37PQMQYRDUXJJ4AaABAg.9taK71G2XODAFUAPZ7sDJQ,positif,
UgyEST37PQMQYRDUXJJ4AaABAg.9taK71G2XOD9vEKmViJBe8,netral,
UgxeV1_iRjTt9la-htV4AaABAg,positif,
Ugz_sSMcdIrpSxOYFB54AaABAg,positif,
UgwZGyg0eIYKKeCijtN4AaABAg,netral,
UgwZGyg0eIYKKeCijtN4AaABAg.9taJKFoHnAR9taLYkeO7Wi,netral,
UgwZGyg0eIYKKeCijtN4AaABAg.9taJKFoHnAR9tpwurCDBIv,positif,
UgyldukSxcmlO26WMZR4AaABAg,netral,
UgwWr8qdn3WWRxS3hhx4AaABAg,netral,
UgyzHlWcs4ULnzpokCl4AaABAg,positif,
Ugx2nOKMfthROoRmGhV4AaABAg,netral,
UgyquNKgGHbguwXv8rR4AaABAg,positif,
Ugw5wkts2gzonrH144p4AaABAg,positif,
UgwhwN7HG0C3ZYfdtfx4AaABAg,positif,
Ugx0ncTKaHs-UG3FsCN4AaABAg,negatif,
UgyGECEo-adz5cTDbJd4AaABAg,positif,
UgwfmmIsl5F7EHp2GF54AaABAg,netral,
UgzKqVyTnCWUUu6Lb6p4AaABAg,positif,
UgxQEBS4X8RbsRZCqOt4AaABAg,netral,
Ugw0k-eu1FlcHAwD9Bt4AaABAg,netral,
UgzHbzThOi9CWbrgMB54AaABAg,positif,
UgxRa-tvC8jLiwb_vfp4AaABAg,netral,
UgzoFtyT3TPlXyYIB8V4AaABAg,positif,
UgzN1Q8vt1LT9jrC-Z54AaABAg,positif,
UgzbcTJRzgCGOl6jdkF4AaABAg,positif,
UgzffFQ8jDDig0sztRd4AaABAg,netral,
Ugwhsj5lxdAEX7VwwIJ4AaABAg,positif,
UgxpFGcY0ZjHdpPm5Xt4AaABAg,positif,
UgynquF_PrIS7iG-fDl4AaABAg,positif,
UgyPdWQy6uVrnoN9n1F4AaABAg,negatif,
UgyPdWQy6uVrnoN9n1F4AaABAg.AAjFAD_uzI9AAyabva76Db,netral,
UgyPdWQy6uVrnoN9n1F4AaABAg.AAjFAD_uzI9AAyo_aGoSot,netral,
Ugwj_GMmxCO1ZZoY8IJ4AaABAg,netral,
Ugw7lWEEXcjDhob0O8p4AaABAg,positif,
Ugw7lWEEXcjDhob0O8p4AaABAg.AAf1iP9JbHuABPycfiMv3X,positif,
Ugw7lWEEXcjDhob0O8p4AaABAg.AAf1iP9JbHuAFWe-N0hbgO,positif,
UgzNUPdCQzNrtEpqP7F4AaABAg,positif,
UgzvLr_jGk4HoCRheS94AaABAg,positif,
UgzvLr_jGk4HoCRheS94AaABAg.AAeD8GYOvAZAAgK9t80Czz,positif,
UgzvLr_jGk4HoCRheS94AaABAg.AAeD8GYOvAZAAlLGntVpOk,positif,
Ugw44KqITWQqZNJ60Ch4AaABAg,positif,
UgxfhF2GYHkjc5rgqFR4AaABAg,positif,
Ugwe1kdFN73rePZnkLJ4AaABAg,positif,
Ugy2t5w6LObPyDWJISh4AaABAg,positif,
Ugy2t5w6LObPyDWJISh4AaABAg.AAbYJq5rDg6ABSx2bQsJIQ,netral,
UgyLfwXFrqzgq215k5V4AaABAg,positif,
Ugw9C_Oxa9pD3rz9qtN4AaABAg,positif,
Ugwq6wwFwmgNmfd88Ax4AaABAg,positif,
Ugwq6wwFwmgNmfd88Ax4AaABAg.AAasSVeBOzsAAgK8JSCpnE,positif,
Ugwq6wwFwmgNmfd88Ax4AaABAg.AAasSVeBOzsAAkFwKjLBUh,netral,
Ugwq6wwFwmgNmfd88Ax4AaABAg.AAasSVeBOzsAAlLERmh6Nv,positif,
UgywWkwqpyAHqtkR4Kl4AaABAg,positif,
UgwaEYnx27uvVLr4sCF4AaABAg,netral,
UgxaNwhI_mxsSLsg7jB4AaABAg,positif,
UgyufnwRuaM6e11HTTB4AaABAg,positif,
UgyufnwRuaM6e11HTTB4AaABAg.AAZa8rkmXGEAA_-0L5fL_s,positif,
UgyufnwRuaM6e11HTTB4AaABAg.AAZa8rkmXGEAAZzn1flaDa,netral,
Ugxal8MUtOxY2h9yWzJ4AaABAg,positif,
Ugxal8MUtOxY2h9yWzJ4AaABAg.AAYEflhqVrfAAYQXCsU3l0,netral,
UgzrGUUPgBVPeFfUh3x4AaABAg,netral,
Ugx1R1AGfbCb2nXVwdl4AaABAg,netral,
UgwN-9-11CsYzeto0aJ4AaABAg,positif,
UgzBbTt4da9QhSRxZ1x4AaABAg,netral,
UgxG5DfEd1FG1sTANy14AaABAg,netral,
UgxvvLdWBZ8UCzSdfuN4AaABAg,netral,
Ugw1_0qmRF_Md6wqZ6F4AaABAg,positif,
Ugw9PKCWYKDmSgEQThl4AaABAg,netral,
UgzGTxXIEsIfu0-vcXN4AaABAg,netral,
UgzGTxXIEsIfu0-vcXN4AaABAg.AAIA5tRjFZLAAZrvs0SsIX,netral,
UgyR-Fc95VWoVuan51R4AaABAg,netral,
UgysLYHvZp0tSaYrrO94AaABAg,negatif,
UgysLYHvZp0tSaYrrO94AaABAg.AAB4t9cV6Y0AAgIByJ74i8,netral,
UgysLYHvZp0tSaYrrO94AaABAg.AAB4t9cV6Y0AAm9kEho71F,netral,
Ugz6boQ4yIBMY9gjcwh4AaABAg,positif,
UgxPWD-hq4u7NLNx3cx4AaABAg,positif,
Ugw9SBtTXKDZKS9UPBp4AaABAg,netral,
UgzqD-sxEkHKfeNV0-t4AaABAg,netral,
UgzqD-sxEkHKfeNV0-t4AaABAg.AA-IXjUuxNXAA-iOejgPDG,positif,
UgxuVN37BgQTXytYpDV4AaABAg,netral,
UgxuVN37BgQTXytYpDV4AaABAg.A9zT-pbR8gSAAQkkN3Zk9n,positif,
Ugwkf874YDNKF01dT-x4AaABAg,netral,
Ugwkf874YDNKF01dT-x4AaABAg.A9z9uZeMVoYAA0iFjdPi3v,positif,
Ugwkf874YDNKF01dT-x4AaABAg.A9z9uZeMVoYAA0VmJmdu-_,netral,
Ugwkf874YDNKF01dT-x4AaABAg.A9z9uZeMVoYAAVVjo_B9xs,positif,
Ugwkf874YDNKF01dT-x4AaABAg.A9z9uZeMVoYAAVggFqq1dV,netral,
UgyUbe43W9ZuCQ81bnh4AaABAg,positif,
UgxkGhGXR6goVAcN6gR4AaABAg,netral,
UgwIwE23AEtCNTmjQrN4AaABAg,positif,negatif
UgwIwE23AEtCNTmjQrN4AaABAg.9aOs9BxBN9E9aPNr934cbk,positif,positif
UgwIwE23AEtCNTmjQrN4AaABAg.9aOs9BxBN9E9akf4a9dZ0n,positif,positif
UgwIwE23AEtCNTmjQrN4AaABAg.9aOs9BxBN9E9bCijEg7pmL,positif,positif
UgwIwE23AEtCNTmjQrN4AaABAg.9aOs9BxBN9E9dgv_dDPp6I,netral,positif
UgwIwE23AEtCNTmjQrN4AaABAg.9aOs9BxBN9E9cWoyebIs5L,positif,positif
UgwIwE23AEtCNTmjQrN4AaABAg.9aOs9BxBN9E9kJtANsisb5,positif,negatif
UgwIwE23AEtCNTmjQrN4AaABAg.9aOs9BxBN9E9aX6CEU9IRe,netral,positif
UgwIwE23AEtCNTmjQrN4AaABAg.9aOs9BxBN9E9amz1qZJcpa,netral,netral
UgwIwE23AEtCNTmjQrN4AaABAg.9aOs9BxBN9E9bVKty0NlDr,negatif,negatif
UgwIwE23AEtCNTmjQrN4AaABAg.9aOs9BxBN9E9cMXIDjKz_R,netral,negatif
UgwIwE23AEtCNTmjQrN4AaABAg.9aOs9BxBN9E9aYXYk_oVZD,positif,positif
UgwIwE23AEtCNTmjQrN4AaABAg.9aOs9BxBN9E9aTvKskRapf,netral,positif
UgwIwE23AEtCNTmjQrN4AaABAg.9aOs9BxBN9E9atCKh3ir7Y,netral,negatif
UgwIwE23AEtCNTmjQrN4AaABAg.9aOs9BxBN9E9ax-7vOPGBJ,netral,netral
UgwIwE23AEtCNTmjQrN4AaABAg.9aOs9BxBN9E9c0hjCCfSd2,netral,negatif
UgwIwE23AEtCNTmjQrN4AaABAg.9aOs9BxBN9E9c-RSfZuAEH,netral,netral
UgwIwE23AEtCNTmjQrN4AaABAg.9aOs9BxBN9E9cSajuRoBQM,positif,positif
UgwIwE23AEtCNTmjQrN4AaABAg.9aOs9BxBN9E9d9_2netIFZ,netral,netral
UgwIwE23AEtCNTmjQrN4AaABAg.9aOs9BxBN9E9dFGSxZUFne,netral,netral
UgwIwE23AEtCNTmjQrN4AaABAg.9aOs9BxBN9E9dKW78-bF79,netral,positif
UgwIwE23AEtCNTmjQrN4AaABAg.9aOs9BxBN9E9aSGJFjQ6iu,netral,positif
UgwIwE23AEtCNTmjQrN4AaABAg.9aOs9BxBN9E9adWyrmnOlq,netral,positif
UgwIwE23AEtCNTmjQrN4AaABAg.9aOs9BxBN9E9ai6PrDVf0-,positif,negatif
UgwIwE23AEtCNTmjQrN4AaABAg.9aOs9BxBN9E9apOA_rzS-X,positif,negatif
UgwIwE23AEtCNTmjQrN4AaABAg.9aOs9BxBN9E9aySA_SA-m8,positif,netral
UgwIwE23AEtCNTmjQrN4AaABAg.9aOs9BxBN9E9bJbD5rp4W4,positif,positif
UgwIwE23AEtCNTmjQrN4AaABAg.9aOs9BxBN9E9bP59ByIIqi,netral,positif
UgwIwE23AEtCNTmjQrN4AaABAg.9aOs9BxBN9E9bbPWZ5yljH,netral,netral
UgwIwE23AEtCNTmjQrN4AaABAg.9aOs9BxBN9E9c0hoqvSY1x,netral,positif
UgwIwE23AEtCNTmjQrN4AaABAg.9aOs9BxBN9E9cNTXmjnrWm,netral,netral
UgwIwE23AEtCNTmjQrN4AaABAg.9aOs9BxBN9E9cPZG4IJj_y,positif,positif
UgwIwE23AEtCNTmjQrN4AaABAg.9aOs9BxBN9E9cWQGGEmjLp,positif,positif
UgwIwE23AEtCNTmjQrN4AaABAg.9aOs9BxBN9E9cd51kFAIfI,positif,positif
UgwIwE23AEtCNTmjQrN4AaABAg.9aOs9BxBN9E9dXpn7nKk6Q,positif,positif
UgwIwE23AEtCNTmjQrN4AaABAg.9aOs9BxBN9E9dZK8h1A9Zb,negatif,negatif
UgwIwE23AEtCNTmjQrN4AaABAg.9aOs9BxBN9E9dZPS_O0gWT,negatif,negatif
UgwIwE23AEtCNTmjQrN4AaABAg.9aOs9BxBN9E9dZQJVNsppL,netral,netral
UgwIwE23AEtCNTmjQrN4AaABAg.9aOs9BxBN9E9dZR5zxj2Zc,netral,netral
UgwIwE23AEtCNTmjQrN4AaABAg.9aOs9BxBN9E9dZSH5DRPeo,netral,netral
UgwIwE23AEtCNTmjQrN4AaABAg.9aOs9BxBN9E9dZmwRh-maw,positif,positif
UgwIwE23AEtCNTmjQrN4AaABAg.9aOs9BxBN9E9d_FY2lCmBv,positif,positif
UgwIwE23AEtCNTmjQrN4AaABAg.9aOs9BxBN9E9dbP5WOK7vh,netral,netral
UgwIwE23AEtCNTmjQrN4AaABAg.9aOs9BxBN9E9dbzdqjOgov,positif,positif
UgwIwE23AEtCNTmjQrN4AaABAg.9aOs9BxBN9E9deXbrRFmF7,netral,positif
UgwIwE23AEtCNTmjQrN4AaABAg.9aOs9BxBN9E9derhyLH7Vd,netral,netral
UgwIwE23AEtCNTmjQrN4AaABAg.9aOs9BxBN9E9dheSKx2SK5,netral,netral
UgwIwE23AEtCNTmjQrN4AaABAg.9aOs9BxBN9E9djJQbfSW7i,positif,positif
UgwIwE23AEtCNTmjQrN4AaABAg.9aOs9BxBN9E9e4yhjxjb54,positif,positif
UgwIwE23AEtCNTmjQrN4AaABAg.9aOs9BxBN9E9e6EltVpUKp,positif,positif
UgwIwE23AEtCNTmjQrN4AaABAg.9aOs9BxBN9E9e6T8Fvv3V8,netral,negatif
UgwIwE23AEtCNTmjQrN4AaABAg.9aOs9BxBN9E9e8y98phBja,netral,netral
UgwIwE23AEtCNTmjQrN4AaABAg.9aOs9BxBN9E9eLz3cUyBb3,netral,netral
UgwIwE23AEtCNTmjQrN4AaABAg.9aOs9BxBN9E9eDrAJ7Lx_R,positif,netral
UgwIwE23AEtCNTmjQrN4AaABAg.9aOs9BxBN9E9eu0I14u0le,negatif,negatif
UgwIwE23AEtCNTmjQrN4AaABAg.9aOs9BxBN9E9g2lTvjG_wP,positif,positif
UgwIwE23AEtCNTmjQrN4AaABAg.9aOs9BxBN9E9t2wCZol5ea,positif,negatif
UgwIwE23AEtCNTmjQrN4AaABAg.9aOs9BxBN9EABIrYz-MnSS,positif,positif
UgwIwE23AEtCNTmjQrN4AaABAg.9aOs9BxBN9E9aR0j3UEwJL,netral,negatif
UgwIwE23AEtCNTmjQrN4AaABAg.9aOs9BxBN9E9aUo8ZV2Do6,positif,negatif
UgwIwE23AEtCNTmjQrN4AaABAg.9aOs9BxBN9E9aaaDn-ImfF,netral,netral
UgwIwE23AEtCNTmjQrN4AaABAg.9aOs9BxBN9E9dHlDMRQz9Z,netral,netral
UgwIwE23AEtCNTmjQrN4AaABAg.9aOs9BxBN9E9dZQPlpcaw7,positif,positif
UgwIwE23AEtCNTmjQrN4AaABAg.9aOs9BxBN9E9dmONVxFaWI,positif,positif
UgwIwE23AEtCNTmjQrN4AaABAg.9aOs9BxBN9E9cWokrys8u3,netral,netral
UgwIwE23AEtCNTmjQrN4AaABAg.9aOs9BxBN9E9cWseZLxX-W,positif,positif
UgwIwE23AEtCNTmjQrN4AaABAg.9aOs9BxBN9E9dDKZMqqj62,netral,positif
UgwIwE23AEtCNTmjQrN4AaABAg.9aOs9BxBN9E9dQFAo7hYXU,positif,positif
UgwIwE23AEtCNTmjQrN4AaABAg.9aOs9BxBN9E9eu0KPWsXQe,netral,negatif
UgwIwE23AEtCNTmjQrN4AaABAg.9aOs9BxBN9E9aj0hHR9qIv,positif,positif
UgwIwE23AEtCNTmjQrN4AaABAg.9aOs9BxBN9E9dHlG2fVeJd,positif,positif
UgwIwE23AEtCNTmjQrN4AaABAg.9aOs9BxBN9E9dQFog945qC,positif,positif
UgwIwE23AEtCNTmjQrN4AaABAg.9aOs9BxBN9E9dRnpAAGtUm,positif,negatif
UgwIwE23AEtCNTmjQrN4AaABAg.9aOs9BxBN9E9afMHHoEDOy,negatif,netral
UgwIwE23AEtCNTmjQrN4AaABAg.9aOs9BxBN9E9aR2AnO3_q-,netral,netral
UgwIwE23AEtCNTmjQrN4AaABAg.9aOs9BxBN9E9c0hHU75vpD,positif,positif
UgyrCgv88m3UAogXFpp4AaABAg,positif,positif
UgyrCgv88m3UAogXFpp4AaABAg.9aN34OaaOcc9aN8vsLl7dy,positif,positif
UgyrCgv88m3UAogXFpp4AaABAg.9aN34OaaOcc9aO4LeC4YjP,netral,netral
UgyrCgv88m3UAogXFpp4AaABAg.9aN34OaaOcc9aOwzdQQu15,netral,netral
UgyrCgv88m3UAogXFpp4AaABAg.9aN34OaaOcc9aNBXeT_u_w,netral,netral
UgyrCgv88m3UAogXFpp4AaABAg.9aN34OaaOcc9aNnvvUzeYb,netral,negatif
UgyrCgv88m3UAogXFpp4AaABAg.9aN34OaaOcc9aO3ME4e3cx,positif,positif
UgyrCgv88m3UAogXFpp4AaABAg.9aN34OaaOcc9aOgoaS3Ivh,netral,positif
UgyrCgv88m3UAogXFpp4AaABAg.9aN34OaaOcc9d_k6MzwGvy,netral,netral
UgyrCgv88m3UAogXFpp4AaABAg.9aN34OaaOcc9aOwwmjq-jK,netral,netral
UgyrCgv88m3UAogXFpp4AaABAg.9aN34OaaOcc9aR0goM-2-d,netral,netral
UgyrCgv88m3UAogXFpp4AaABAg.9aN34OaaOcc9aUpHuT6ZDr,positif,positif
UgyrCgv88m3UAogXFpp4AaABAg.9aN34OaaOcc9aa6L2uIWaF,positif,negatif
UgyrCgv88m3UAogXFpp4AaABAg.9aN34OaaOcc9ai-UDWpNzT,netral,netral
UgyrCgv88m3UAogXFpp4AaABAg.9aN34OaaOcc9auMbvTjmsg,positif,positif
UgyrCgv88m3UAogXFpp4AaABAg.9aN34OaaOcc9bZDKyeZ46s,netral,netral
UgyrCgv88m3UAogXFpp4AaABAg.9aN34OaaOcc9bgEJZ552as,netral,positif
UgyrCgv88m3UAogXFpp4AaABAg.9aN34OaaOcc9dL8glOLdcd,netral,netral
UgyrCgv88m3UAogXFpp4AaABAg.9aN34OaaOcc9dWsfeX_odn,positif,positif
UgyrCgv88m3UAogXFpp4AaABAg.9aN34OaaOcc9dXsL5e1-Qr,netral,negatif
UgyrCgv88m3UAogXFpp4AaABAg.9aN34OaaOccABIrc-DSBRh,positif,positif
UgyrCgv88m3UAogXFpp4AaABAg.9aN34OaaOccAXruA_YrtW7,positif,positif
Ugx3fGVAn93WTcYLROh4AaABAg,positif,positif
Ugx3fGVAn93WTcYLROh4AaABAg.9aMrkCEzsyx9aONuB5g1f9,netral,netral
Ugx3fGVAn93WTcYLROh4AaABAg.9aMrkCEzsyx9aThobHCXR2,netral,positif
Ugx3fGVAn93WTcYLROh4AaABAg.9aMrkCEzsyx9aTkEdNRQ6Z,netral,netral
Ugx3fGVAn93WTcYLROh4AaABAg.9aMrkCEzsyx9aWl3IYIAIw,netral,netral
Ugxt5r0hEooQk77We2R4AaABAg,positif,negatif
UgzxsfClvHISI7bPoAd4AaABAg,positif,positif
UgxgVFUL11EylXlghu14AaABAg,positif,positif
UgzhOvC94G1D5WdixOZ4AaABAg,positif,negatif
Ugzdr4k49UyySzXhb3Z4AaABAg,positif,positif
UgymIoUjhaORL_00ITB4AaABAg,positif,positif
UgwNQAZrF7aN9fnI2fZ4AaABAg,negatif,negatif
UgzY8lUx6hP0bpFv06l4AaABAg,positif,positif
UgxTcZL_JKEA_mbbW5h4AaABAg,netral,netral
UgzU__dFN_cqavuJ1fZ4AaABAg,netral,netral
UgyJZRUPI4UOHP0co4R4AaABAg,positif,positif
Ugz8OlReGVF-w52nxBN4AaABAg,positif,positif
UgyUUsrFgX8_7LudSm14AaABAg,netral,netral
Ugx3a0aIreeKGDzY4nl4AaABAg,positif,negatif
UgwrFg2JPi9rIkrvt6B4AaABAg,netral,netral
UgzhWDt5vf9QOrfd9Z14AaABAg,positif,positif
Ugzr-t_Hg9QPtDfEywN4AaABAg,positif,positif
Ugx6FgijWqox4HUQvz14AaABAg,positif,positif
Ugz3ht-53WIHioMtnbh4AaABAg,positif,positif
UgwRG6XcGnzOoQTdnV54AaABAg,positif,positif
UgyfxgVaEIDI9hetT_V4AaABAg,netral,netral
Ugzlarc1-QCAduEvpXF4AaABAg,negatif,negatif
Ugw202cAPzgTZ8kMAoZ4AaABAg,positif,positif
UgxgqniuPSmEC5Eqsvh4AaABAg,netral,netral
UgyDiRuQCnnAo6u6Ai14AaABAg,netral,netral
Ugz7cIOolMFTgy0G-Bx4AaABAg,positif,positif
UgyIY7wTDrSDbOTCgFh4AaABAg,positif,positif
UgxmUDEFmO50TPJDMnR4AaABAg,positif,positif
Ugxel-WjzxYbhpyvYOt4AaABAg,negatif,negatif
UgyosChtjBl-KRB1jAN4AaABAg,positif,netral
Ugw4hPR5GEdiIXAYmvR4AaABAg,positif,positif
UgzRv7Wew-bq3ZUsbbt4AaABAg,positif,positif
Ugz5dF_ConUabV3IGql4AaABAg,positif,netral
Ugxk2Ca75dvhP4bQ6C94AaABAg,positif,positif
UgxOBfDKks8bqgkSdRF4AaABAg,positif,positif
UgxxAziTWXehR13SOg54AaABAg,netral,positif
UgwuKkX_U6oJ4OpAdh54AaABAg,positif,positif
UgyA5SYPpOkqt97pguJ4AaABAg,negatif,positif
UgyUfUoL4JK3hlXRA4Z4AaABAg,positif,positif
UgxUo8o7OGHH-wVJSc94AaABAg,positif,positif
UgzYciTxZ1MjUibQpll4AaABAg,netral,positif
UgxVo8kO8ka0ptKvmKZ4AaABAg,netral,netral
Ugz1vL7Ouz-Mj7q4Q2R4AaABAg,positif,positif
UgyUWqto6qdW-RJGdi54AaABAg,positif,positif
UgwDOM8BLSU1qjnzEfx4AaABAg,netral,negatif
UgxXTdKlcue7ULKG4z94AaABAg,positif,negatif
UgzdZmvHpbqJGy5n0tx4AaABAg,positif,positif
UgwhfOHvQny6sZBRZi14AaABAg,positif,positif
UgzlJp68orYDC2xVHPl4AaABAg,positif,positif
UgyexXysOkrZGjX9xYJ4AaABAg,positif,positif
Ugw2hhEh2-blj7ULx214AaABAg,positif,positif
UgyN1KyAZ_tdjzst6mJ4AaABAg,positif,positif
Ugz290VyUJ6z_hAuaFV4AaABAg,positif,netral
Ugx9oyWa4l0Hi-VguaF4AaABAg,netral,netral
UgwzC-AXWZAMngtna8l4AaABAg,positif,positif
UgyMF9ctCD49nvv3hzF4AaABAg,positif,positif
Ugyzvd67P76w-rb7t5h4AaABAg,positif,positif
UgzMvAEH5PoH4kEB5k94AaABAg,positif,positif
UgwXKVCSQ-2DAviZqrh4AaABAg,positif,positif
UgxEkJflWs5FUa-_uxt4AaABAg,negatif,netral
UgyYAomUS2LC3b5NmP94AaABAg,positif,positif
UgzETWspMMNCXVNPs7h4AaABAg,positif,positif
UgxZzkpaqb3GwVOQPVl4AaABAg,positif,positif
UgygyrVHhs-rBF4N6UJ4AaABAg,positif,netral
Ugw7-UETmVWdwGvxb754AaABAg,positif,positif
UgzEmqHvGkYCMIKa6ll4AaABAg,positif,negatif
Ugxc8-MC69wRXH8AvzZ4AaABAg,positif,positif
Ugx6nlGpP0jEAS5c7oJ4AaABAg,positif,positif
Ugy6P582UQQhvNQ2Yhd4AaABAg,positif,positif
Ugw4_-wfRVbgEr2Ghtl4AaABAg,positif,positif
UgycLlHevx5Nqp8-bzJ4AaABAg,netral,positif
Ugx0HuquXTqCMcaq_n54AaABAg,positif,positif
Ugx_lwxo5oFiePDG8gZ4AaABAg,positif,positif
UgyDm38cTe48y2Lt2cN4AaABAg,positif,positif
Ugz3mbrQti6HyiS1mYJ4AaABAg,netral,positif
UgzW5B5Nz5YOfrB0vR54AaABAg,positif,positif
UgyyKepR6zExFXe19BN4AaABAg,positif,positif
UgzIXPWmy0eGbAcLuj54AaABAg,positif,positif
UgxCaX6d9pZvKo2AMaF4AaABAg,positif,positif
UgxW935G07WgVPWPxV94AaABAg,positif,positif
Ugz6MFH2NwURh2kUyKt4AaABAg,positif,positif
Ugz1_IvM6Gq2AuZ8etZ4AaABAg,netral,netral
UgyYZoZ3IpwS2BlvJ9Z4AaABAg,netral,positif
Ugw2BB3ufFWBJcgmR5Z4AaABAg,positif,positif
Ugw8BPILDoty6uRzbH14AaABAg,positif,positif
Ugz9ZyFsG41OL55XfCV4AaABAg,netral,negatif
UgyVpUDL4HIaf_hCV0N4AaABAg,positif,negatif
UgyGlkslxajtRpRBQkR4AaABAg,netral,netral
UgxomL-YScJtak-OJ254AaABAg,positif,positif
UgwCNWNICVgAKIecjGN4AaABAg,positif,positif
UgxoCp4H5qrIva_CF654AaABAg,netral,negatif
UgyAIREkq1MqgLcM-9t4AaABAg,positif,positif
Ugx9j61EfpPIS_zkq714AaABAg,positif,positif
UgyKmddFuOORFNGG4P94AaABAg,negatif,positif
UgwctFD7OgoAyDM5_md4AaABAg,netral,negatif
Ugwp4OMI4Ihh7zQPQLB4AaABAg,positif,positif
Ugyh4wxruQL-EWUloxd4AaABAg,positif,positif
UgzGAol2EIKLjwEYuYt4AaABAg,positif,positif
UgyH56gcvbWK0nH_RU94AaABAg,positif,netral
Ugwp1NNSYUXcF9_fOw94AaABAg,positif,positif
UgykHtvXcgaZe6M3vwl4AaABAg,positif,positif
UgzwcuO5_RB59ximhk94AaABAg,positif,positif
UgzeYl6S9DEEoAZYXnh4AaABAg,netral,netral
UgzAE0sZXMxQGnRPGMJ4AaABAg,netral,negatif
UgwDsPMESTHqIVg9SPR4AaABAg,netral,netral
UgwpC12ZXIkMw2Rz-zh4AaABAg,positif,positif
Ugyl5VhDtkmCfbeUHht4AaABAg,positif,positif
UgzjV3u0ZebJU6pUIdN4AaABAg,netral,positif
Ugw2mejn-TKzj3YRURJ4AaABAg,positif,positif
UgwK-G6JfTC2004Yqa94AaABAg,positif,positif
UgwlExmlVCfgZLgC20p4AaABAg,positif,positif
UgxFAEHarQMfIfy__3h4AaABAg,positif,positif
UgyOtuMdg1ZL6ClgAql4AaABAg,positif,positif
UgyYvNAvz2VjhTppoml4AaABAg,positif,positif
Ugzv32-GbrMvLabvBHh4AaABAg,positif,positif
UgxeeXGQDeA3bNW3zuh4AaABAg,positif,positif
Ugyo0LiCX2YykXv-eYh4AaABAg,netral,netral
Ugy6lsG7QysVLiDGflR4AaABAg,positif,positif
UgxSNNIfCAK93-70c6V4AaABAg,positif,positif
UgxHQZtc91zGnEmkqH14AaABAg,positif,positif
UgzsKuRnOt6a_60UnIt4AaABAg,positif,positif
UgxAXd3dJ8pMWqRgBVF4AaABAg,negatif,negatif
Ugxk0maG5KsDoT3G4YJ4AaABAg,positif,positif
UgzgX1MjMiNvp-Kylg94AaABAg,positif,positif
UgzSFxEiP1_JSeZlxgh4AaABAg,positif,positif
UgwGv7ke8udEEyl2yd14AaABAg,positif,positif
UgwvUgtVYwSFex5Pr394AaABAg,positif,positif
UgzekUhJIllwq2d7UD14AaABAg,positif,netral
Ugyb_KgPow0XtmnMgIt4AaABAg,positif,positif
Ugx-krQ_VdA3tk1YPW54AaABAg,netral,positif
UgyEP6SOijHX7y3s6OZ4AaABAg,positif,positif
UgwKyTYKmJC7Xd7JSQl4AaABAg,positif,positif
UgxUsfqvKCsLtyhSvgl4AaABAg,netral,negatif
UgwH9zp_ceiTbmVIsIZ4AaABAg,netral,positif
UgzCV5gAX4sI6W9h3st4AaABAg,netral,netral
Ugw_fQT-ZWxMmYtvFdN4AaABAg,positif,positif
UgxtaFgSUzGjLOqwRJJ4AaABAg,netral,netral
Ugy_k3jHNKE_UQukkJN4AaABAg,positif,positif
Ugxv1HtLsZ2JgPr23F54AaABAg,netral,netral
Ugyxdo8Ky-O9S6EgVkR4AaABAg,positif,positif
Ugz-IyHBJ0XoSBZ-gI14AaABAg,positif,positif
Ugyp3EmU9HVLBBg1nxN4AaABAg,positif,positif
Ugxr4ICWvcQwGZnx4014AaABAg,positif,positif
UgyCYjSSPq7oirRdtfR4AaABAg,positif,positif
UgzHrHL9wwcFmONjNXB4AaABAg,positif,positif
UgxnS8yVxYxZb0eGmuh4AaABAg,positif,positif
Ugz12vZcmGDYrb4Gm8N4AaABAg,netral,netral
Ugw0gM2-jKI2lDjrxX14AaABAg,positif,positif
Ugw64gZIICMVMs8UVz94AaABAg,positif,positif
Ugx4Yn4lTxRwRJrTvBt4AaABAg,positif,positif
UgxzItuMO2Fr02mFoIt4AaABAg,positif,positif
Ugznms92gyUnhf83Br14AaABAg,positif,positif
UgyVuCYxfJm_Amvj5TB4AaABAg,positif,positif
Ugxgq6uByH1s_KnBBhZ4AaABAg,positif,netral
UgxW6bCdUcSPR101DAt4AaABAg,positif,negatif
UgyqfGzIbUPrEBvk62V4AaABAg,netral,netral
UgxOlwI4q5FKgmSLs8x4AaABAg,positif,positif
Ugzt0kNnfwT_1aQ_rkx4AaABAg,netral,netral
UgyHdEzXZIiM2oK09vt4AaABAg,positif,netral
UgxWLXcwqUO5xysnXzN4AaABAg,positif,positif
UgzE18MkPGxFE4hzPuZ4AaABAg,netral,positif
UgxToYX_ZBojAcLL0md4AaABAg,positif,positif
UgyIwxhNQPmArxDJmkB4AaABAg,positif,positif
Ugy8448Ogig5I51DJkx4AaABAg,netral,positif
UgwvSA3KTjyZb0K1WTx4AaABAg,positif,positif
UgwxpO53Qy3ddFxxuC54AaABAg,positif,positif
UgwypfKe_ubPXuFosZh4AaABAg,positif,positif
Ugy9rqOepAizemrVJYV4AaABAg,netral,netral
UgyAh3nSRYyyr_P7shp4AaABAg,positif,positif
UgzswUxqen6ry1zOm8h4AaABAg,positif,positif
UgydBeBr99ZT-8ZmDCt4AaABAg,positif,positif
UgwnDXqGGjIZteeK1l14AaABAg,positif,positif
Ugz0vYnLZ2qVfbqTPjJ4AaABAg,netral,positif
UgycBEBALI0i2udI1KN4AaABAg,netral,negatif
UgyvKVrQk0e7z1k9rAp4AaABAg,positif,positif
Ugxp-10nVXhdbKnHv8V4AaABAg,positif,positif
UgzXBo0wXd0frScR9IF4AaABAg,netral,netral
UgzQ79kuPOaEM7OI-h54AaABAg,positif,positif
Ugx08KmEcR3oLvnNZLZ4AaABAg,positif,positif
UgxSBL4KI8GDT-lkRQN4AaABAg,netral,positif
UgxjLlteNYwgoSxfcIV4AaABAg,positif,positif
UgyxOPLn--q7zZTHQ494AaABAg,netral,netral
UgybmZpJ_99V_0_kseR4AaABAg,netral,netral
UgxstxLklxszA7Dp6lV4AaABAg,positif,positif
UgyFn8vWXmfKu1GQ7oV4AaABAg,positif,positif
Ugywij-Q9Kr743PksxB4AaABAg,positif,negatif
UgxTPkrbrkPXuI8eZhx4AaABAg,positif,positif
UgzZlhyVBsmiwFAb9sl4AaABAg,netral,netral
UgyoVUaqO5yDHQn2MP14AaABAg,positif,positif
UgzK_cfEyHUC4L9-WuZ4AaABAg,netral,negatif
UgwaNvbCsQyKhW8FYod4AaABAg,positif,negatif
UgzIgU7Rn-eCWsGHk4R4AaABAg,positif,positif
UgxG67ur8mJJSv9KuM14AaABAg,positif,positif
UgxYNvgrZ07SetRN78V4AaABAg,positif,netral
Ugzv9mBAkCoO-BCr2j94AaABAg,netral,positif
Ugy_uBB8_wY1tokjdbF4AaABAg,positif,positif
Ugwes_mo2vN-arDwvIV4AaABAg,positif,positif
UgycH7yWM2xHEmeFyH14AaABAg,positif,positif
Ugx7LQYwbAuCTwvQ95d4AaABAg,positif,positif
Ugw6dh_LgtrIMJ9Pi214AaABAg,netral,netral
Ugx88qkqGQxVJ9Y0nFJ4AaABAg,positif,positif
Ugw1FLqhgwe1_T7FtJh4AaABAg,positif,positif
UgzjfBWe5dNZ6T7NBqd4AaABAg,netral,positif
UgzPKvUjmZRAMk4KO9h4AaABAg,positif,positif
Ugxxmfm7cWM9eYbp-kJ4AaABAg,positif,positif
UgxB34oc_uyGeb0-p7J4AaABAg,positif,positif
UgyeyeLM6z8_cncgnOB4AaABAg,netral,netral
UgzdlAh7RfdtMurObZV4AaABAg,netral,negatif
UgzQESqSbvtCDWhPvYd4AaABAg,positif,positif
UgzjFN1LtaswKIt-HBp4AaABAg,positif,positif
UgxhY8_Igf5c-R090N54AaABAg,netral,netral
UgyvVkN7sd52dkDtOdR4AaABAg,positif,positif
UgxqHTihB_Sp-w92SL94AaABAg,positif,positif
Ugw5qwMdG6C0CoAiKR14AaABAg,netral,positif
Ugw8pNa9m3blBk4ki214AaABAg,netral,netral
Ugy-zcwMH_zLbK24Kk14AaABAg,positif,positif
UgzrbGSDArfQ6p8_chZ4AaABAg,positif,positif
UgyONTFPzXCajsnfRaZ4AaABAg,positif,positif
UgzHeuTAx4UjDyx2-5F4AaABAg,positif,positif
UgwFI1Sz8Pc9_-f6uhp4AaABAg,netral,positif
UgyxDOGQJk10nLsd0T54AaABAg,positif,positif
UgyeSmrLu5jE4AWUCKN4AaABAg,netral,positif
UgwayqXJvmyejrCcuGF4AaABAg,positif,positif
Ugy1SViChy0EpJczko94AaABAg,positif,positif
UgwosIiGRES8oIlnWJV4AaABAg,positif,positif
UgwL2mPLjMxEUavPrWV4AaABAg,netral,netral
UgzczPz_OIbW6sxNC6J4AaABAg,positif,positif
UgxIdkZIsFZeI4hEvoN4AaABAg,netral,netral
UgxR0k-juJ3l0UvKu2J4AaABAg,positif,netral
UgyaU8UY5Lik0MRe6QR4AaABAg,positif,positif
Ugw54mjhtmbSgFFvr4Z4AaABAg,positif,positif
UgynIrF_-9XVcBCTKYd4AaABAg,netral,netral
UgyS1DUCvvB7FVyNS8N4AaABAg,positif,positif
UgybWrdUovwkEIHhr4R4AaABAg,positif,positif
Ugz8YKJvODHVIeJIvvp4AaABAg,positif,positif
UgyutO-686QaIC5llQ14AaABAg,positif,positif
UgwnJ5q-m1eFVNROfxN4AaABAg,positif,positif
Ugyt4AJeTwryJfF9Xbx4AaABAg,positif,positif
UgzKGGFkGiVgNpWG2yd4AaABAg,positif,netral
UgzulYSUShCeF4M-Ddh4AaABAg,positif,positif
Ugzu7Lihc_R1qh9RISh4AaABAg,positif,positif
UgxXPrnzUvEbqvPXV8h4AaABAg,positif,positif
Ugy9lijzDBEwFvllUmp4AaABAg,netral,netral
UgyXiiaUJ15FeqjEtBp4AaABAg,positif,positif
Ugz03SDmaekyH-XBX9B4AaABAg,positif,netral
UgzGtCTOpAGvGF6liDJ4AaABAg,positif,positif
UgyX1RinbkPRpK6QzmN4AaABAg,netral,netral
UgwOrMRfRO88fJQjLSN4AaABAg,positif,positif
UgyTXOtkn0ckJeehhB14AaABAg,positif,positif
Ugz4b--imvcnF0z2flJ4AaABAg,positif,positif
UgzU9WrPL5O9GTuu9O54AaABAg,netral,netral
UgypV9TxGfv_I6L_SHR4AaABAg,positif,positif
UgzCeEm-mu3DGwm9hRB4AaABAg,positif,positif
UgzGEIKngh7_Rh0IuQZ4AaABAg,netral,netral
UgwKk2zhDVpunGwKmk54AaABAg,positif,positif
UgxUIUffYMIe2PpJCh94AaABAg,positif,negatif
Ugz4N0c8IuLy87C_-DZ4AaABAg,positif,positif
UgxcApIiD09b4VvXqCh4AaABAg,netral,positif
UgyC0oWLrcyfhVDeB_F4AaABAg,positif,positif
Ugw1H2ffdIN1E9h4yB54AaABAg,positif,positif
UgzMdI4eePaTY0BSxEd4AaABAg,positif,positif
UgxSvil5nSFBooiBeG54AaABAg,netral,netral
UgwRuXEsYujvQYYNRqV4AaABAg,positif,positif
UgywcU_1rlcB70U3dyZ4AaABAg,positif,positif
UgzOFOiatLpjwtPbSA94AaABAg,positif,positif
Ugw3Va63tbdSgp4jTjZ4AaABAg,positif,positif
Ugxigo69qO3pvTM43SB4AaABAg,netral,netral
UgzSs3V4dW0nMbVkAnF4AaABAg,positif,positif
UgwHpWCKpOyipXHEFfd4AaABAg,positif,positif
UgyZmBme7kTyNtmiFtF4AaABAg,netral,netral
Ugz1sUNHoP18cv5MmNJ4AaABAg,netral,positif
UgwLHFCFJVcugkFlsXt4AaABAg,netral,negatif
UgyTmLV47tUVxqVr_bF4AaABAg,netral,netral
Ugz0t-kTdsbd_uLYRIB4AaABAg,netral,positif
UgzGaFu8EDrOlEqpv3l4AaABAg,positif,positif
Ugw-k-9VDNeQhvtqNXp4AaABAg,positif,positif
UgxiMDvT2r65YiC1iTt4AaABAg,positif,negatif
UgxV-I8NYZ0GKAHOpLV4AaABAg,netral,netral
Ugya-s81IghoEXu4K3x4AaABAg,positif,positif
Ugxu8ZigxCekb-oBPr94AaABAg,netral,netral
UgxDymAMIOe0Mdk1MNF4AaABAg,positif,positif
UgwpLa3UV-o3qhhGg8R4AaABAg,positif,netral
UgwTBLTBro6rz4_nrVp4AaABAg,positif,positif
Ugx5BSwUw_OOtjcq4n54AaABAg,netral,netral
UgwbJMDT87MuwFI9fRh4AaABAg,netral,positif
Ugxx5jbpQFQq3dfLBCt4AaABAg,positif,negatif
Ugz74eR3Zhi-lsiKAKV4AaABAg,positif,negatif
UgwAdG3-gHS1jWJ-DUh4AaABAg,netral,negatif
UgwUrofoDFLjZvLcx9Z4AaABAg,netral,netral
UgyCsclDtFcCTUhko-t4AaABAg,positif,positif
Ugxvy_cvVuX_czf489d4AaABAg,negatif,negatif
UgwICCGnOmEjNLQdVUZ4AaABAg,netral,negatif
UgxqIPfByD7WtiP8b9x4AaABAg,positif,positif
UgwBQB3DppcCqBBKedN4AaABAg,positif,positif
UgyBCEn_Q23WGed_DGl4AaABAg,positif,netral
Ugw14KeJZkX3TkfJHH94AaABAg,positif,positif
UgxeXJ6KICi1k4hhBy14AaABAg,netral,netral
UgxsukrvWPnh2i3QRAB4AaABAg,positif,positif
Ugz7KgXeyXTHzWZm14R4AaABAg,positif,positif
UgyZb4xihRohJD1rspB4AaABAg,negatif,negatif
UgzcJkf3GuOI6nxHnd14AaABAg,negatif,negatif
UgxYT-fhOA84bySwf_B4AaABAg,netral,netral
UgxK9VCHVDv5lCBPJv94AaABAg,positif,positif
UgyY0w9Fb9geDpgug8B4AaABAg,positif,negatif
UgyXImfXFbkaKgdWX7Z4AaABAg,positif,positif
Ugyj9CQ0Sx3A_iICJgN4AaABAg,positif,positif
UgyQ962jPoVxDO5yYfF4AaABAg,positif,positif
UgweT8U34guIdS4rDe14AaABAg,positif,positif
UgyZo_-CW11BxmgksdV4AaABAg,positif,positif
UgxmCFL51Gd-Ti8HgLl4AaABAg,positif,positif
UgyRcM6_WJbeNdx7m4N4AaABAg,positif,positif
UgwnzoJAA3ojHZ7lvn94AaABAg,positif,positif
UgzvMG-uW8aqTb5vDFd4AaABAg,netral,negatif
UgzETXZuKn1gFM-WrdJ4AaABAg,positif,positif
UgzZk0dWhABcILHvEuR4AaABAg,positif,positif
UgyaEfxJlSzGmfJ8-N54AaABAg,netral,negatif
UgwNZc5MI2Sv4jYNk654AaABAg,positif,positif
UgwZG3JxW7oS2cUhY-x4AaABAg,positif,positif
Ugy9wQoqBxrD9COydyd4AaABAg,positif,positif
UgwGdDvsS6gduFV6T_94AaABAg,positif,positif
UgwybFW7gteP-viacGl4AaABAg,positif,positif
UgxH-yZRjFRaccq_ftZ4AaABAg,positif,netral
Ugz5MdTkgCouH1ESxgV4AaABAg,netral,positif
UgwSNAPTwpvSVxjE1Y14AaABAg,positif,positif
UgyK63loYasPvCo9Vat4AaABAg,positif,positif
UgzLf9gWbS1V2S-pBSl4AaABAg,netral,netral
UgwXPXXNX3xM01010fh4AaABAg,positif,positif
UgyV3MxPi8W5T2n4GhZ4AaABAg,positif,positif
UgyrUguSqfzPfh3b5rR4AaABAg,positif,positif
UgySnbITvFL0MJlZBqR4AaABAg,positif,positif
UgyLfGgNPZCeU-h4a8F4AaABAg,positif,positif
Ugx_NfZmPBHs79v0oqh4AaABAg,positif,positif
UgwUOuaeQWMLwzbYtw14AaABAg,positif,positif
UgwmmHhsCYeF6Qvgqs14AaABAg,positif,positif
UgyT8EShqbbYMtPh-LB4AaABAg,positif,positif
UgzWHrG70-5EI_a0WKd4AaABAg,netral,netral
UgxWDm8pTJXylTeCGpV4AaABAg,negatif,negatif
Ugw5AFH-ujeYbnhB0TB4AaABAg,netral,negatif
UgxCGQSf3iomeYGnlLd4AaABAg,positif,positif
UgyfKQSIqJN-Hvpoegt4AaABAg,positif,positif
UgydLCJ0bM7yHevzbAp4AaABAg,positif,negatif
UgycOA14vVvk_P5G61B4AaABAg,netral,netral
Ugwzx_fcm51lQ8tJXoh4AaABAg,positif,positif
Ugz9fgJVglr2AX6k2LZ4AaABAg,positif,positif
UgyuLCt0OfCfhAnaF4N4AaABAg,positif,positif
Ugw132DQOb8__gjL3VR4AaABAg,negatif,negatif
Ugxue3OGgohNQaE_qG54AaABAg,negatif,negatif
UgyTZKTE-JYVkXVjuzd4AaABAg,positif,netral
UgxFyQ_xTPeQQjnar3F4AaABAg,positif,positif
UgwGtjlc79zlwa4JK394AaABAg,positif,positif
UgwsKnwv57-ClrxB3FN4AaABAg,positif,negatif
UgxK-2XGHGXUguk_ghR4AaABAg,positif,positif
UgysP-GukcHLCPCUuwt4AaABAg,negatif,negatif
UgyiSDFlcIvwPHIJ5BB4AaABAg,positif,positif
UgwyZ9sfzzl6-8Hfvzh4AaABAg,positif,positif
Ugz-WoZopJnrpiO4hKl4AaABAg,positif,netral
UgxUYNdDT34xefTRXvp4AaABAg,netral,netral
UgxFvf_rtr91HD9Pte54AaABAg,netral,netral
UgzgyH8CYMz0W3ySeAx4AaABAg,positif,positif
Ugz6ujdtReeIiZ2DGVV4AaABAg,netral,positif
UgznP3_8Xy8CJTw7mbF4AaABAg,netral,positif
UgyM7PsJ-nARVCJunjB4AaABAg,positif,positif
Ugwq7H8VdEUCkDeqTzR4AaABAg,positif,positif
UgxXYeV-Ymu-it4azd54AaABAg,positif,positif
UgybskFf-KUNrwtJ1654AaABAg,positif,positif
UgwmHW4QilY4AIq-bIJ4AaABAg,positif,positif
UgzbVSCXrOwGQJGDpyt4AaABAg,positif,negatif
Ugyrxo45X-onvU5lEAt4AaABAg,positif,negatif
UgzNkSMuBATQmKeXwJh4AaABAg,netral,positif
UgxWax4CKNyNLKzYTkh4AaABAg,positif,positif
UgyuqBCdM88NvA1fHjh4AaABAg,netral,netral
UgyUPZAejNqiiDB9kA54AaABAg,positif,positif
UgyD26xle-cAuI8JNCl4AaABAg,positif,positif
Ugyzj90lOWsDrIBkUaV4AaABAg,positif,positif
Ugx_vwqP5859wYi4BwB4AaABAg,positif,positif
Ugz3cEzNVorJ1pQWGpp4AaABAg,positif,negatif
Ugzr0jtq2OLt2c4q8Yl4AaABAg,netral,positif
Ugx8BUmf-z8Ov2L56rd4AaABAg,netral,positif
Ugwzg5_PvUwi80xpRJ54AaABAg,positif,positif
UgyurdfObfI-9tAWbwF4AaABAg,positif,negatif
Ugzw9A0AE0FhosBBB1h4AaABAg,positif,positif
Ugz3Nyozl8FEg_F59A54AaABAg,netral,negatif
UgwhX3pGWn2lBWG5DlJ4AaABAg,netral,negatif
UgzZ0N_qY0HWTFTCRnd4AaABAg,negatif,negatif
UgxkaAGK3VzyPzdNpcR4AaABAg,netral,negatif
Ugy4JHU1HVspoh7eofR4AaABAg,netral,negatif
UgxS0psMLkIhw7dl7Jh4AaABAg,positif,negatif
Ugyc2XCNIOxO5e3nCZZ4AaABAg,positif,positif
UgxtIBa4HZ6ViQvyFDd4AaABAg,positif,positif
UgzoPZikaaIFFAIOStd4AaABAg,netral,positif
Ugy2Npd3UkIaoWoVnE14AaABAg,positif,positif
UgxfkUxguGkHYhWoo0N4AaABAg,positif,positif
UgyLVR0i4aBffzWP3xF4AaABAg,positif,positif
UgwWshAx5J3kX3-VyZl4AaABAg,positif,positif
Ugx-Ze-0vPvjVph5sat4AaABAg,positif,positif
Ugwin8fCVq-cBOwYkXN4AaABAg,positif,positif
Ugy799LA65JIPnKvebx4AaABAg,positif,positif
UgyMgkmF88PF5QeQ44p4AaABAg,positif,negatif
UgwBdTjQ3pmwh0Nagyl4AaABAg,positif,positif
UgyRFZtoQ8odpm68E2d4AaABAg,positif,positif
UgxN9EnPaSoAOmZRdTl4AaABAg,positif,positif
Ugx1FQcap6Te8ssgyox4AaABAg,netral,positif
Ugz-hnhXaSwm-95Jt9Z4AaABAg,positif,positif
Ugz5rE43TNHdOddNU_F4AaABAg,positif,negatif
UgxOzMBG2zjqp6DoUFZ4AaABAg,netral,positif
UgyYP9oDUzmjcsgX1ql4AaABAg,netral,netral
UgyYP9oDUzmjcsgX1ql4AaABAg.AB8_zUzf-jbAB8r37K6bXa,negatif,negatif
Ugyrf0WYRR268vB18-d4AaABAg,netral,negatif
UgxwB3lZDJR9rmndz014AaABAg,positif,positif
UgwwfZt1HMablocqihV4AaABAg,netral,positif
UgwwfZt1HMablocqihV4AaABAg.ABwMCEJco0PAC5qexqC8OL,netral,negatif
UgyNhyRxhKuKFwnBsrV4AaABAg,netral,netral
UgyGsYpQOMYlur4yRVl4AaABAg,netral,negatif
Ugzs4AFF6YL13Xbh4Vl4AaABAg,netral,netral
Ugzs4AFF6YL13Xbh4Vl4AaABAg.ABBX54Rwsu4ACWa805WOy8,positif,positif
Ugw6h_ULqbMqO02p6_x4AaABAg,netral,netral
Ugw6h_ULqbMqO02p6_x4AaABAg.ABAnneO9E4FABNpBd05SYK,netral,netral
Ugw6h_ULqbMqO02p6_x4AaABAg.ABAnneO9E4FAC8vV2XV02x,netral,positif
UgwKiYamY7WRJXrkzwN4AaABAg,netral,positif
UgzQbOOuWzojk-2wOC14AaABAg,netral,positif
UgzSJklIGsaO3HVvjLd4AaABAg,positif,negatif
UgwooGo1axLREYaNnh54AaABAg,positif,negatif
UgzVsCPKZnbL1ler1cd4AaABAg,positif,netral
UgzEigqPwZCscfLfb6V4AaABAg,positif,positif
UgyXxnmM6biCTN1ylVN4AaABAg,netral,positif
UgytIcwc5j49ldrtvwt4AaABAg,netral,netral
UgytIcwc5j49ldrtvwt4AaABAg.AURSSWz74PPAUgeVq8ilCg,netral,positif
UgytIcwc5j49ldrtvwt4AaABAg.AURSSWz74PPAW0cUHwocZv,netral,netral
Ugy9Zxp8VLuj6LccXBB4AaABAg,positif,positif
Ugy007SYGWYPAWfnArt4AaABAg,positif,positif
UgyH7tT2Q57oV-HquBZ4AaABAg,positif,positif
UgwyEafN5pYImAEWr5N4AaABAg,positif,positif
UgyXFt3BgRK6iLT2EZp4AaABAg,negatif,negatif
UgyNj0M5FGSYs0YgKyx4AaABAg,negatif,negatif
Ugw9v0H1ogk2Igd53Tt4AaABAg,netral,netral
UgyJiLl3E_AG2kefgqd4AaABAg,netral,netral
Ugw-W9Hj0vFuNChiZN14AaABAg,netral,netral
Ugx2omVTD143ThFhu6J4AaABAg,positif,positif
Ugx2omVTD143ThFhu6J4AaABAg.ACTyhefDm1yAUeOaWZIzvD,positif,positif
UgwcAVJu9AbfpscAjV54AaABAg,netral,netral
Ugy7z6OUnbNjxrHkpql4AaABAg,positif,positif
UgxiqX6lmRWyasxJdgF4AaABAg,netral,positif
UgwtOyx0RgmsUQUGHB54AaABAg,netral,netral
UgxvAOtPDR-AV6MjGBJ4AaABAg,netral,netral
UgycecsyYiEU1LdJjIl4AaABAg,positif,positif
UgycecsyYiEU1LdJjIl4AaABAg.A1cmRR9VEkGA1cmTDgcfj0,positif,positif
Ugycn3RVfLN3RJTOCkl4AaABAg,positif,positif
UgwNFoI7wkZ2twCpu4x4AaABAg,netral,negatif
UgxWu9WnqfGL3bfZZbV4AaABAg,netral,netral
UgxQ_IEY94mRcGWHSqB4AaABAg,netral,netral
UgxQ_IEY94mRcGWHSqB4AaABAg.9yYHLSI-AgXA-Bf6TBtb5d,positif,netral
Ugx5GFT2IDFeC8MqzjB4AaABAg,negatif,negatif
UgxrZum1nfHY2jHzudR4AaABAg,positif,positif
UgxnC8dirygNh0opflJ4AaABAg,positif,negatif
Ugwz25yreOkggPZq5_N4AaABAg,positif,positif
Ugw8KX1nRtJLlIJ1B5V4AaABAg,netral,negatif
Ugw8KX1nRtJLlIJ1B5V4AaABAg.9ue3J5xH9nB9umnicQelx6,positif,negatif
UgzbElHhKekp5wbODhd4AaABAg,netral,netral
UgzbElHhKekp5wbODhd4AaABAg.9thj19uABxU9umnm1KnBXt,netral,netral
Ugy7fCrFN9CGybQC8Z94AaABAg,positif,positif
UgwQPEFcIZkj5Wsjj4F4AaABAg,positif,positif
UgwQPEFcIZkj5Wsjj4F4AaABAg.9tVc7_TH9zR9tXrmJ2ggEs,netral,netral
UgwDakMOGOOZMpWcsx14AaABAg,positif,positif
Ugw8HuW5hLO8dp_Gu614AaABAg,netral,positif
Ugw8HuW5hLO8dp_Gu614AaABAg.9sxrws2pKYg9t5aOvqSlz-,positif,positif
Ugw8HuW5hLO8dp_Gu614AaABAg.9sxrws2pKYg9szYTm-JXoO,netral,negatif
Ugw8HuW5hLO8dp_Gu614AaABAg.9sxrws2pKYg9t4Hg40FSDS,positif,positif
UgzUmwmocnqQ4e0vmnB4AaABAg,positif,positif
Ugyd0KhA7PzgQF5P0-d4AaABAg,positif,positif
UgxSym9hGF6ZSCCMDA54AaABAg,positif,negatif
UgxSym9hGF6ZSCCMDA54AaABAg.9rWptlO9Gxe9rY9ddj3PGt,negatif,netral
UgxJpDzqq0yvXnQkbDh4AaABAg,netral,netral
UgxJpDzqq0yvXnQkbDh4AaABAg.9rNO6opj0f69rY9eidkdPi,positif,positif
UgzdrrJJjab0LViILq54AaABAg,positif,positif
UgzdrrJJjab0LViILq54AaABAg.9rGeyVGTOGT9rY9g-XW4s8,positif,positif
UgwYuCtG0FEki1zXx8p4AaABAg,netral,netral
UgwYuCtG0FEki1zXx8p4AaABAg.9qk9ZRNdv6F9tFo55I7aI4,netral,netral
UgwJHwUKKfU9JmvYhVh4AaABAg,netral,netral
Ugy99LNxAwtjTGYkArB4AaABAg,netral,negatif
Ugx-9mhAcQL5SfpEPgx4AaABAg,positif,positif
UgyfgSCkpJJkUvvlAWd4AaABAg,netral,positif
Ugwidwxi2t-QFbrKSed4AaABAg,netral,netral
UgyZN08SVdRiJst8Z_V4AaABAg,netral,netral
UgyZN08SVdRiJst8Z_V4AaABAg.9pxbpf2uCVz9rY9owCzZq5,netral,netral
UgxbpXbvprrl3AnCPX94AaABAg,positif,positif
UgwNPzSYgN61ViL6eW54AaABAg,positif,negatif
Ugx1NU_nwr8aQvypipl4AaABAg,netral,netral
Ugwj952Bq5_-AXrPrqB4AaABAg,positif,positif
UgwjaV8RfbQAn_E8Knp4AaABAg,netral,netral
UgwWUYWXFC9n8sOUErV4AaABAg,netral,positif
UgxC1Kdhhxqt6FObpq14AaABAg,netral,netral
Ugwv0JRjq5uPopbuM8t4AaABAg,positif,positif
Ugwv0JRjq5uPopbuM8t4AaABAg.9gC8vR-Vquk9lFI4cbekHG,netral,negatif
Ugz-UtBxeC_IiyqSfwd4AaABAg,positif,positif
UgzG1DYfIyZz-z4hAjB4AaABAg,positif,positif
UgxImYT6uqdoLqe467t4AaABAg,positif,positif
Ugxee9vejrgTHntqvAl4AaABAg,netral,netral
UgztI5wfT6YlCiwUuU54AaABAg,netral,positif
Ugx5k0lSK5-Tb9hEYVB4AaABAg,netral,netral
UgxIKtOO9SuS6KF--uR4AaABAg,netral,netral
Ugxiv_UVuq4NQW-TqWR4AaABAg,positif,negatif
Ugw6pvkbFG0Go0V9z814AaABAg,positif,positif
UgzYQmuxqltk0-8mBlJ4AaABAg,positif,positif
UgzhtrX6QsvU0j5bQJV4AaABAg,positif,negatif
Ugxzvvnl-uA-K79bsTN4AaABAg,positif,positif
UgyC0Okm8b6Krf-Y7ml4AaABAg,positif,positif
UgzVK0tJcYcFTzSXEsp4AaABAg,negatif,negatif
Ugxm7jDF8excC3-sOml4AaABAg,positif,positif
Ugw73249uRtJft6upst4AaABAg,netral,netral
Ugwr8sD9TsKXinnM08R4AaABAg,netral,netral
Ugy19peYf1ymzre4Jqt4AaABAg,positif,positif
UgxaRPSSkze3IgMdsmN4AaABAg,positif,positif
UgyZWuFBqwlT9he5ZJ54AaABAg,netral,netral
UgyfZkJd_BpEOWc1wx94AaABAg,positif,negatif
UgwS02jvUCUfcXy5akp4AaABAg,netral,netral
Ugz_ehs55s9DwYe4YCB4AaABAg,positif,positif
Ugyaa6YDnoiNcmKlgZJ4AaABAg,positif,positif
UgwNoHPiQPrr4HouiOl4AaABAg,positif,positif
Ugz9AP-8hCfgxwfKQDF4AaABAg,positif,positif
UgzeJ8XH27OG-CDeU5N4AaABAg,positif,positif
UgzP6MqVqXaXttN9Wrl4AaABAg,netral,netral
Ugw6OE8SDMPF_xYi4Ml4AaABAg,negatif,negatif
Ugyd95w4Z9xL9X13vJR4AaABAg,positif,positif
UgyrxRB2g85dGDabBSt4AaABAg,netral,netral
UgwATM8IeSEPruSUTXp4AaABAg,netral,netral
UgwATM8IeSEPruSUTXp4AaABAg.9QcVj-AQYhn9g3OzJLiC2V,positif,positif
UgxSuclqpR1pIH-beKN4AaABAg,positif,positif
UgxjgA71vx-WH2wTrRx4AaABAg,positif,positif
UgxzDLergwIM2uX1xc14AaABAg,negatif,negatif
Ugx4r16FGMUdD0uisb54AaABAg,positif,netral
Ugy39wUFJn2WNDR4Sw54AaABAg,positif,positif
UgwmH-C7tohcYtGZrPB4AaABAg,positif,positif
UgxIN7IpGOr3tjgzx8x4AaABAg,positif,netral
UgxAe8bF6JR3sVPVRzV4AaABAg,positif,positif
UgwoIkulJ6X3RpDeNnx4AaABAg,positif,positif
Ugz3Atv3EmeSG8LbXlp4AaABAg,netral,positif
UgyVdnXSNaMMFhtbOdN4AaABAg,positif,positif
UgwMbqGy7peRSoubpG54AaABAg,negatif,positif
Ugz5PVqhKowe76WWy2F4AaABAg,positif,positif
Ugz5PVqhKowe76WWy2F4AaABAg.9LatSYVRLI79oQNcDl1_36,positif,positif
Ugz5PVqhKowe76WWy2F4AaABAg.9LatSYVRLI79oRxlqQK5DR,netral,positif
Ugz5PVqhKowe76WWy2F4AaABAg.9LatSYVRLI79oRyePtV6PC,netral,netral
Ugx4ZZ7ph04jflG67q14AaABAg,positif,positif
Ugy7wksFvUuxTLqUakx4AaABAg,positif,positif
Ugx4maqmk06LPiB-xmd4AaABAg,netral,negatif
UgzU4eRQtdAzCZoG5Xh4AaABAg,positif,negatif
UgwAZz5V5wjb1PLkp9p4AaABAg,positif,positif
UgwAZz5V5wjb1PLkp9p4AaABAg.9IV8hcKKgmb9IZlpR8PEt3,positif,positif
UgzChn7oQaNP1PaQrGp4AaABAg,positif,positif
UgyAKsm8_GVPzWwk-rZ4AaABAg,positif,positif
UgyAKsm8_GVPzWwk-rZ4AaABAg.9I5khmapYph9IZluVnpj-k,positif,positif
UgwQw491bYwCh11_vn54AaABAg,positif,positif
Ugx5H4rEwWi4pY9eTtJ4AaABAg,positif,netral
Ugyly2ymm-FUfAKNVD14AaABAg,netral,netral
Ugzx2SgIcEU8mp18eth4AaABAg,positif,positif
UgyZ00TAOL2DOlWsga94AaABAg,positif,positif
UgxoCFN79BfPMbMRvdd4AaABAg,positif,positif
UgwDJ9iP0v-R52sXbOV4AaABAg,positif,positif
UgxI6Br_Dc7jKQ5V0Kp4AaABAg,positif,positif
UgydQBqbx4HkFvxHF8p4AaABAg,negatif,netral
Ugy92tyZGEuYzWNG6wV4AaABAg,positif,positif
Ugz2dhR3bFuuyaEQmRR4AaABAg,positif,positif
Ugx0pR7SMJuZXo3Bh4t4AaABAg,positif,positif
UgxQ-xY-4W4uIUya9SR4AaABAg,positif,netral
UgybUvq8pq6L2hk5ugd4AaABAg,positif,positif
UgxIwnaYFKwmLSEWA2h4AaABAg,positif,negatif
UgyyLgK6YXu_VP45rcx4AaABAg,positif,positif
UgyCaOBxpalDRMzRZcp4AaABAg,positif,positif
UgzCazKquBVx3LzXU0l4AaABAg,positif,positif
UgxNk7lCCb3vk74ODsp4AaABAg,positif,positif
UgzRcZOeRgdI7bHsgoh4AaABAg,netral,positif
Ugwi3Z2Uz0CjYjJikv54AaABAg,positif,positif
UgykhF5pIb0iWz4zsSZ4AaABAg,positif,positif
Ugwnjd_4VtoYO2_twS14AaABAg,positif,positif
UgzmSq-8Tkbz50eekrp4AaABAg,netral,positif
UgzmSq-8Tkbz50eekrp4AaABAg.9AHz4pbEqBK9BExgphdjt2,positif,positif
UgzmSq-8Tkbz50eekrp4AaABAg.9AHz4pbEqBK9p-Kxe9GfFY,positif,positif
Ugxwz5TVs2b3hUHJPBF4AaABAg,positif,positif
UgzdPSfaP3eTmCq0dbJ4AaABAg,positif,positif
UgzbrnRRxnM-jJYbdFl4AaABAg,positif,positif
UgzbrnRRxnM-jJYbdFl4AaABAg.9A-NglOEV-L9p-L2W62M6t,positif,positif
UgyymOwUG238PuGpi0J4AaABAg,netral,netral
UgymBO94YpwC2ulPgaN4AaABAg,netral,positif
Ugx5avZDb9IEYp2C__p4AaABAg,positif,positif
Ugw5B-igI3XQd9MDwiN4AaABAg,positif,positif
UgywO2z6xuPRA6PZbq94AaABAg,netral,negatif
Ugx-YVkHkn9YFkm0Xwl4AaABAg,positif,negatif
UgxtbtHvvVSJZwwG_nB4AaABAg,netral,netral
UgzE5qFpXnKlGsF33kN4AaABAg,positif,positif
UgzE5qFpXnKlGsF33kN4AaABAg.97_yOwoSC1Y97hTeJ_V2UD,positif,positif
UgwUnHw6NVJdRlaaLFF4AaABAg,netral,negatif
UgzpWbYdJoxnD2K1sKd4AaABAg,positif,positif
UgxD5Ymql2w90uPMKvx4AaABAg,positif,positif
UgzrN00QMZVnkrM9MkZ4AaABAg,negatif,positif
UgzrN00QMZVnkrM9MkZ4AaABAg.97AMijcNvan985sgKI7ega,netral,negatif
UgyQJttLRW21KosylVF4AaABAg,positif,positif
UgyQJttLRW21KosylVF4AaABAg.970Qq9nW29b97gfsrrq2Sa,positif,positif
Ugyvj4IP8VnbquYOoSh4AaABAg,positif,positif
Ugyvj4IP8VnbquYOoSh4AaABAg.96zGz1LlXB297xuRiqMwt_,positif,netral
Ugz4sIQyjJVz2j3onzV4AaABAg,positif,positif
UgyIqk2p_YA6hP4PCXh4AaABAg,positif,positif
UgykooDV25DZkYx61mF4AaABAg,positif,positif
Ugy1fgnpkF8IW83F-ad4AaABAg,netral,netral
Ugw7Z6o548oS5DfvTZp4AaABAg,netral,negatif
Ugw7Z6o548oS5DfvTZp4AaABAg.95OBlVIq0B898KRjve79Uv,netral,netral
UgxI52AO0_aGtgiqYql4AaABAg,positif,positif
UgxI52AO0_aGtgiqYql4AaABAg.959GsCTnG-F97tC-NBIeSs,positif,positif
UgxI52AO0_aGtgiqYql4AaABAg.959GsCTnG-F98AAr_ERY_H,netral,positif
UgxI52AO0_aGtgiqYql4AaABAg.959GsCTnG-F9JiSVJI7lXg,positif,positif
UgyXefpJOEc9Ltuxg7B4AaABAg,positif,positif
UgxUhS6DIt-J7XnXb3x4AaABAg,positif,positif
UgxyeMze0T8Cs6E0dTt4AaABAg,positif,positif
UgwnwNFVGXVAhmN5GUd4AaABAg,positif,positif
UgwnwNFVGXVAhmN5GUd4AaABAg.94Pai38AVfD94TP17Ym2h6,positif,positif
UgwnwNFVGXVAhmN5GUd4AaABAg.94Pai38AVfD94TPxmcHX54,positif,positif
UgwnwNFVGXVAhmN5GUd4AaABAg.94Pai38AVfD94TQiDqw2Co,positif,positif
UgwnwNFVGXVAhmN5GUd4AaABAg.94Pai38AVfD94TR70VyBOV,netral,netral
UgwnwNFVGXVAhmN5GUd4AaABAg.94Pai38AVfD94TUSPjJOlo,positif,positif
UgwnwNFVGXVAhmN5GUd4AaABAg.94Pai38AVfD94TVelm7MYL,positif,positif
UgwnwNFVGXVAhmN5GUd4AaABAg.94Pai38AVfD9BjOYQIG0Mv,positif,positif
UgyOut-dM-ybeyI0g8d4AaABAg,positif,positif
UgwTQTh8GPhmNywBhCJ4AaABAg,negatif,negatif
UgwTQTh8GPhmNywBhCJ4AaABAg.94-HX0-QFoC94MazOQwLvu,positif,positif
UgyLEit7BrOdiJuJvah4AaABAg,positif,positif
UgyLEit7BrOdiJuJvah4AaABAg.93vxjNNCWil9JHOcvf7PUB,positif,positif
Ugw0UlzWAiENsD6XHhF4AaABAg,positif,positif
UgyTAr6GHtLh3GgwW3l4AaABAg,positif,positif
UgxNzSRnrlDfPmEu0Yt4AaABAg,positif,netral
UgzzkY1iW68ZNrtxl5N4AaABAg,positif,positif
UgwzY3rbX7ex-ZlsIjt4AaABAg,netral,positif
Ugw_HfXCsVPkV4FCBYB4AaABAg,positif,positif
UgzdALJ31tpE1ELrl8J4AaABAg,positif,positif
Ugy6_cYebvv5HC-JnEh4AaABAg,netral,negatif
UgzSClPFKWRpZllxxJZ4AaABAg,netral,positif
UgxT8qZXumDoHn6NTWl4AaABAg,netral,netral
UgwDDijOm9E2bMTtVwR4AaABAg,positif,positif
UgxJUpmX5uTfI1qEO4N4AaABAg,netral,netral
UgxOOnIhQfMBdkOqvJJ4AaABAg,positif,positif
UgyHm6oN5Dhf_VLAQJZ4AaABAg,netral,netral
UgyHm6oN5Dhf_VLAQJZ4AaABAg.90msp1CvSSQ94Mb7zQg26V,positif,positif
UgwmMdaiF5sfcn48mi94AaABAg,positif,positif
UgwmMdaiF5sfcn48mi94AaABAg.90eO_4BlLS094RrW1uM3SU,positif,positif
UgwYCUF1iorw8rxWEbt4AaABAg,positif,positif
Ugxm5uQuwi_Z_clAsjJ4AaABAg,positif,positif
Ugwwf8U2ZXbNeSn7N0x4AaABAg,positif,positif
UgzViU5djTFoOn26fwx4AaABAg,positif,positif
UgzViU5djTFoOn26fwx4AaABAg.9-I9ZhcsFoZ94Mb96tCHVS,netral,netral
UgwnXJcMhy9xgu_UlwJ4AaABAg,positif,positif
Ugz3SQzKRoCUue3o02B4AaABAg,positif,positif
Ugzk_N8NK36Nh354ymh4AaABAg,positif,positif
Ugz9Thh83I20mfZj4kR4AaABAg,positif,positif
UgxhmVlzdgBDQsopyFt4AaABAg,positif,positif
UgxhmVlzdgBDQsopyFt4AaABAg.8yerXJyl1Vq935EjBIA2wc,positif,positif
Ugw_e_xhkI7sBfHLOkN4AaABAg,positif,netral
UgxuHFXWCXuZj6j5ZbB4AaABAg,positif,negatif
Ugztn0YnnTy3RJHuyjl4AaABAg,netral,netral
Ugztn0YnnTy3RJHuyjl4AaABAg.8xssDOa_qDb92EvwSjwkHZ,positif,positif
UgxcFbAUDsTR-eT1eMl4AaABAg,netral,netral
Ugxvrvkgg_NoMCDLwIt4AaABAg,positif,netral
UgwnUBmiKwWEpisy1dJ4AaABAg,positif,positif
Ugy5MFn0HgC_xxD77UN4AaABAg,netral,positif
UgwjJFc9YmjDjCJkUVV4AaABAg,positif,positif
UgyHh_zFmKwWW3khkNR4AaABAg,positif,positif
Ugxvzn62vb86YjZdoid4AaABAg,netral,positif
UgxKf7KYSqXh78aCwwt4AaABAg,positif,positif
UgyxJVsyhNra8mV2Jfh4AaABAg,positif,positif
UgxTmftM_2i3aBp6gix4AaABAg,positif,positif
UgyKzpDccinkXyjkYYJ4AaABAg,netral,netral
Ugx9eQykI6WacK-BU3x4AaABAg,positif,positif
Ugw79bhPwZYXjjn0L4Z4AaABAg,positif,positif
Ugy619LGeYOKiMwoGl14AaABAg,positif,positif
UgxHOvhwQrzUq9l5qfF4AaABAg,positif,positif
UgyX3__y02tKWucfGrl4AaABAg,netral,positif
UgyL_9WBR0Lw_FmSH014AaABAg,netral,negatif
UgybJF0S9vQZnTOTMa54AaABAg,positif,positif
UgybJF0S9vQZnTOTMa54AaABAg.8vdRzNscyiK8vkn3UhBPDB,positif,positif
UgzrYq2x9H0bIZsnEBF4AaABAg,netral,netral
UgyZ5Wfdu10_h9h4_ZB4AaABAg,positif,positif
UgyZ5Wfdu10_h9h4_ZB4AaABAg.8vQhFD0OCmQ935EtpOYVET,positif,positif
UgxUznOWZWl_7hgtUQ54AaABAg,netral,positif
Ugwkoql6HRc6PsRzVo14AaABAg,positif,positif
Ugwi8kO7vTnsxTUWONl4AaABAg,netral,netral
Ugwi8kO7vTnsxTUWONl4AaABAg.8vBv8PEityn8vL4f9HcAQA,netral,netral
Ugwi8kO7vTnsxTUWONl4AaABAg.8vBv8PEityn8xTA1obox_R,positif,positif
UgxECiV2l9Fkdy3wS2d4AaABAg,positif,positif
UgycUONuOPJi-u9mW6d4AaABAg,positif,negatif
Ugy3c_VWRt9_TB7M4ht4AaABAg,positif,positif
Ugy-iQFPvLyenQZDOBt4AaABAg,netral,netral
Ugwy-nGTeZyWBWLm5ep4AaABAg,positif,positif
UgzZC2zbw3rXU0FEZnV4AaABAg,netral,negatif
Ugz-mYXe6xCjLOr8rXV4AaABAg,positif,negatif
Ugz-mYXe6xCjLOr8rXV4AaABAg.8u0U0OMnr9T92EwQzAgghY,positif,positif
Ugz4vO5q26A4UDOAkJV4AaABAg,positif,positif
UgyFXWo_lHb-xIbZDtN4AaABAg,positif,netral
Ugyz-YgPv8uuAL9vYyJ4AaABAg,netral,positif
UgwHrVvovOWHlZevPx94AaABAg,positif,positif
UgykkeBhS2Z5_OYiDSN4AaABAg,positif,positif
UgwicsYxCEoTUApb-PB4AaABAg,positif,positif
Ugyo9vYSJwCW0vgMjyR4AaABAg,positif,positif
Ugy6szzUaRYLT6y1L5Z4AaABAg,netral,netral
UgygNAZJPubHSl1X7Xh4AaABAg,positif,positif
Ugxp2vmkZvchlNUuQDt4AaABAg,positif,positif
Ugx9IfTZej4STOfOns54AaABAg,netral,positif
UgxXdYhpNnPliDewv0x4AaABAg,positif,positif
Ugy_HQ6tuZSdx3mMbUl4AaABAg,positif,positif
UgychRK1_Zc1Ts5P8_14AaABAg,positif,positif
UgychRK1_Zc1Ts5P8_14AaABAg.8tLUAphY7RA8tZHKgIb1n5,netral,netral
UgzaqDXiNX62kpJ8cBd4AaABAg,netral,negatif
UgzaqDXiNX62kpJ8cBd4AaABAg.8tIR51rPJL68tJQxV-8Qvw,positif,positif
UgzaqDXiNX62kpJ8cBd4AaABAg.8tIR51rPJL68tKifwiDOGR,positif,positif
UgzaqDXiNX62kpJ8cBd4AaABAg.8tIR51rPJL68tKkSXydJwG,netral,netral
Ugxnu_NbE3zXotSrux14AaABAg,positif,positif
UgxCXtDgCIi5xjZwJQF4AaABAg,positif,positif
UgxCXtDgCIi5xjZwJQF4AaABAg.8tDtjaqWWlK8tFqAsam8kb,netral,positif
Ugy8XECbBNNAlb3iC9B4AaABAg,netral,netral
UgxtLExSMqLtWIHnTyp4AaABAg,positif,positif
Ugy51y5srIRrM_ssuyl4AaABAg,positif,positif
UgzkVg3_0JJo78T9Fox4AaABAg,positif,positif
UgwpDXUoOMvI3cdCICd4AaABAg,positif,positif
UgwpDXUoOMvI3cdCICd4AaABAg.8t67QxO--dB8tsz_jlXWBC,netral,positif
UgwpDXUoOMvI3cdCICd4AaABAg.8t67QxO--dB8tt7pb3TRXm,positif,positif
UgwpDXUoOMvI3cdCICd4AaABAg.8t67QxO--dB8ttDZUBUmlp,netral,positif
UgwNuLHWJDK2E7JYAmt4AaABAg,positif,positif
UgxtwkQljj_h8jEaZXp4AaABAg,positif,positif
UgxGWtF_v3IQqG40Xbx4AaABAg,positif,positif
UgxJdXM7gj_9cp1edTN4AaABAg,netral,netral
UgxJdXM7gj_9cp1edTN4AaABAg.8svPhy7RcPC8swmgXXxY9r,positif,positif
UgxPPf47rJLfKNJfzJp4AaABAg,netral,netral
UgwUPWlGpyMX3ZUlgIh4AaABAg,positif,netral
Ugz0awgzjSE_dIe4-Id4AaABAg,positif,positif
UgzAKUz0IoxVRmvKU3h4AaABAg,positif,positif
UgyJAv_3rP-PIemQSvF4AaABAg,netral,netral
Ugz8njwwjNr3VZtatDh4AaABAg,positif,positif
UgyuPW-gcqghMtu1l6B4AaABAg,positif,positif
UgyMhh-ybgKdujsi18B4AaABAg,positif,positif
UgwE97eqHpC99gELDMF4AaABAg,positif,positif
UgyCzxlpjU3RDKTC73V4AaABAg,positif,positif
Ugyao2-IktyIJm_KuVJ4AaABAg,positif,positif
UgxP-ei_eOahnLGiWlp4AaABAg,positif,netral
UgwDzExDeghgfHd6M6h4AaABAg,positif,positif
UgyHjChyLgmXa1mhQlR4AaABAg,positif,positif
UgzBQaHyLv73FA7Es8h4AaABAg,positif,positif
UgzwxrcRyhy7aaspdAR4AaABAg,netral,netral
Ugy39xHxb0COvGJge4V4AaABAg,positif,positif
UgzJxQ_Wam_tGqK1--t4AaABAg,positif,netral
UgytRgRE6goEQnztJLB4AaABAg,positif,positif
Ugx4gwx0SMHOhH_F-JV4AaABAg,netral,netral
Ugx8LEyZSByEWnBFdPl4AaABAg,positif,positif
UgyMGs3rjCg3jMmOYCN4AaABAg,positif,positif
UgwXSmQe-mQBJoVym754AaABAg,positif,positif
UgyDLcnUsqTiCFxIYP94AaABAg,netral,netral
Ugynq4SG3NMRnPvgEoV4AaABAg,positif,positif
UgwiPJ_q7OQurKNcKM94AaABAg,positif,positif
Ugx7Iuk3IRqL9CUlNhJ4AaABAg,netral,netral
Ugx7Iuk3IRqL9CUlNhJ4AaABAg.8s2MQPEw9j-8sMVNvFIE0p,positif,positif
UgynoINRwC-xd95mLaN4AaABAg,positif,negatif
Ugz7t7AyeVU2zoJy8Mt4AaABAg,positif,positif
UgyMaVscgJ0iX4VYRyh4AaABAg,netral,positif
UgzXCUXbn-w7fzoXe3N4AaABAg,positif,positif
Ugw1gYvAGu2bgefIW7F4AaABAg,positif,positif
Ugwn0oxM8SLZzsj00Yx4AaABAg,positif,positif
UgxG8_qo32onI7PG1QF4AaABAg,netral,netral
UgxG8_qo32onI7PG1QF4AaABAg.8rboSvJ4HGx94ftGe-CM4a,positif,positif
UgxG8_qo32onI7PG1QF4AaABAg.8rboSvJ4HGx8w9esRQ4IDD,positif,positif
UgxG8_qo32onI7PG1QF4AaABAg.8rboSvJ4HGx9IV8z5m4m4R,positif,positif
UgxG8_qo32onI7PG1QF4AaABAg.8rboSvJ4HGx9McTCWoQ4ng,positif,positif
UgyYM2pbhanFz3jljxx4AaABAg,netral,netral
UgyYM2pbhanFz3jljxx4AaABAg.8rZvfrnmv218w79TPo3VQg,positif,positif
UgwJTmLMEj_INA_-h-t4AaABAg,positif,positif
UgzI6OYuQOlP7zmmkWp4AaABAg,netral,netral
UgxWpfPQ0D0FX15KfqB4AaABAg,netral,positif
Ugzj0EoXrNTfv1jEBhZ4AaABAg,netral,negatif
UgyU1RbbOGw-gkdBtXZ4AaABAg,netral,netral
UgyvuOQ9z4kVg0JHew54AaABAg,netral,positif
UgyvuOQ9z4kVg0JHew54AaABAg.8r4xP1fiz8A8rDjS2Bo4wA,positif,positif
UgyddnAtUJXVMGuR5dl4AaABAg,positif,positif
UgxYc1-RvuQNSmtCII14AaABAg,positif,negatif
UgxYc1-RvuQNSmtCII14AaABAg.8qqUtdk7Gij8sZnWKTC1_4,netral,netral
Ugzf4gpGHWRsoclfS4V4AaABAg,positif,positif
Ugzf4gpGHWRsoclfS4V4AaABAg.8qaraGBONqI8uTRIsEnTDE,netral,netral
Ugz_siJTb0lPivU0fZR4AaABAg,positif,positif
Ugw0Ri90ILZy267NsEV4AaABAg,positif,netral
Ugx4pNP9XgSXFljkCFt4AaABAg,positif,positif
UgwIBJh9LP6BKMKTGjF4AaABAg,netral,netral
UgwIBJh9LP6BKMKTGjF4AaABAg.8qIOoWab5kQ8qPHd2GFuKA,netral,positif
UgxBhGm7RYIaJu7HF694AaABAg,positif,negatif
Ugwrt_JGDe0UdRSP4UJ4AaABAg,positif,negatif
UgwyRKx8VQMvXLwUCuh4AaABAg,netral,negatif
UgwlxlTdUF_qCcq6wy54AaABAg,netral,netral
Ugw7JG0XmgrkUZJ7_Et4AaABAg,positif,positif
UgxatNG0YXWS3ZT5l_h4AaABAg,negatif,negatif
UgweN5zO9L9EV1m4eP14AaABAg,netral,negatif
UgxvJHSEn1FbWuhQLT14AaABAg,positif,positif
Ugzzm1p1jmuFyal9k-B4AaABAg,positif,positif
UgwjtqkBmwWBd9idtsV4AaABAg,positif,netral
UgyyjB5x-eLoKY9oQ0V4AaABAg,positif,positif
Ugz8xZmsXNnWIOeyoxB4AaABAg,netral,netral
UgyihIHSwab45V7Kvuh4AaABAg,positif,positif
UgyTkk4v6M_MOP4JRAF4AaABAg,positif,positif
UgxJvcmKH7TasJUKJAt4AaABAg,negatif,negatif
UgwNNb5Tc-vGf4OV8_t4AaABAg,negatif,negatif
UgyEQR1F8XpufJGTDkp4AaABAg,netral,netral
UgzA_FjGVERVKbl5gVt4AaABAg,positif,positif
UgzA_FjGVERVKbl5gVt4AaABAg.8pgHKtX0mdL8sjyVUqG3CH,positif,negatif
UgzA_FjGVERVKbl5gVt4AaABAg.8pgHKtX0mdL8phemin5ooI,positif,positif
UgzA_FjGVERVKbl5gVt4AaABAg.8pgHKtX0mdL8phZuPJ5fRD,positif,positif
Ugy5DcFM6_Ken3bHKJp4AaABAg,positif,positif
UgywEpHbj8mGkY0WRZ94AaABAg,positif,positif
UgzrBohVhXSWx1eAaeZ4AaABAg,positif,positif
Ugz4004hQQel_q3AJcp4AaABAg,positif,positif
Ugx0YaPqFEWupqsjgO94AaABAg,positif,positif
UgyQqz3DUcQWQECIdZ94AaABAg,positif,positif
UgyQqz3DUcQWQECIdZ94AaABAg.8p_xhqnckCf8sHErD0dNcI,netral,negatif
UgyvTqCLByb2_KznHK94AaABAg,positif,positif
UgwOEtpgAUG3LdJjH714AaABAg,positif,positif
UgwvTvdAqqTUksUFVaR4AaABAg,netral,negatif
UgwwK8KQhK11t1--nlx4AaABAg,positif,positif
Ugxqj-B42TPFb1_C9C14AaABAg,positif,positif
UgzI6DnO0NOf0I4QLRt4AaABAg,positif,positif
UgyvA-6PDriUH8XY9WF4AaABAg,positif,positif
UgwxAldyN4XzitAGxJF4AaABAg,positif,positif
Ugz88h_s1Q4JS1LPg9t4AaABAg,positif,netral
UgyBix0qgI_6wdW886J4AaABAg,netral,positif
Ugye57vUnt7T0y5Jdxp4AaABAg,positif,positif
Ugy5qiv7E0hiF-l2p-14AaABAg,positif,positif
Ugx6xdp-E5AJTfTmkCh4AaABAg,netral,netral
UgybWWENXdsraPrlchZ4AaABAg,positif,positif
UgzlJV22AHDm2aNv4OF4AaABAg,positif,positif
Ugy759m337mRiu7h9C54AaABAg,positif,positif
UgwVd3BtUumk4pmjCZl4AaABAg,positif,positif
UgwVd3BtUumk4pmjCZl4AaABAg.8pPDiKy4MRw8pRdnjhzK2Y,positif,positif
UgwVd3BtUumk4pmjCZl4AaABAg.8pPDiKy4MRw8pRjnkMkTNz,positif,positif
UgwVd3BtUumk4pmjCZl4AaABAg.8pPDiKy4MRw8pS6pujpt-i,positif,positif
UgyrmRcVQeucqHIR-rJ4AaABAg,positif,positif
Ugy4yhSwmk0XKq_M78d4AaABAg,positif,positif
Ugz6zJMg7iNwGMXkc5h4AaABAg,netral,netral
UgxFfqfgESW6VODgG1d4AaABAg,negatif,negatif
UgwK7AoRCZmGrS-7GEh4AaABAg,netral,negatif
UgwK7AoRCZmGrS-7GEh4AaABAg.8pNTc_50vI78rIe49U2wz1,positif,positif
UgxgYBv5N-WED0hVU1V4AaABAg,positif,positif
Ugyu8FsWz-uzioYjghp4AaABAg,positif,negatif
UgytFhQwMAhzIc4Fe-54AaABAg,netral,netral
Ugw6lpTR3jNBLEx4IZd4AaABAg,positif,positif
UgxoGaDYQg4dVEGfCCt4AaABAg,positif,positif
UgyJ81Azy1-5tmTzAm94AaABAg,positif,positif
Ugy8eX8cnTkcQ-9YVi94AaABAg,negatif,negatif
UgxqBrBK3DQ5JgMSsh14AaABAg,negatif,negatif
UgwUbobVur7YlKwnX6N4AaABAg,positif,netral
Ugw1vycjT9ncDWu77V54AaABAg,positif,positif
UgzCagzk_zoCxIxVyuR4AaABAg,positif,positif
UgzCagzk_zoCxIxVyuR4AaABAg.8pCPQPaiY7P8pD3S-iw8wu,positif,negatif
UgzzB6KlrcxFvNjCiBF4AaABAg,positif,positif
Ugz1J5RrqxmHwjIvCZd4AaABAg,negatif,negatif
Ugx-B4lSci8EPP-2h-F4AaABAg,positif,positif
UgyLVAro3ie3EGwPJ0t4AaABAg,positif,positif
UgwXREDOl2POezaHfEt4AaABAg,positif,netral
UgzQ-jSKr3BUIznT6Sp4AaABAg,netral,netral
Ugzt9iCt8LA5sB9PwEh4AaABAg,netral,netral
Ugzt9iCt8LA5sB9PwEh4AaABAg.8ozV5-JEJII8oztm59TQro,positif,positif
Ugw4sh1WwiaK2ZzZQdp4AaABAg,netral,positif
UgwkA-GroJPHEndx6Jl4AaABAg,netral,positif
UgxXpY_uZdk_SRpndFV4AaABAg,positif,positif
Ugy2F_ejO7eNiNR8iz14AaABAg,positif,positif
Ugwg5ITlf8Z2msD1otN4AaABAg,positif,positif
Ugx-XRqcDTMja2OfaTR4AaABAg,positif,positif
UgwUgvJ5MuEVEvz7X_J4AaABAg,positif,positif
UgyxAgHrPVV8bDv45W94AaABAg,positif,negatif
UgzSoVa9SysEeowgxwB4AaABAg,positif,negatif
UgyKOPKsaTauf5FSw9N4AaABAg,netral,positif
Ugz1XoSQQCbwLxi4zGR4AaABAg,positif,positif
UgylcjmwdyVOF9Ts9hl4AaABAg,netral,netral
Ugwznlrt0DW486Vo_yN4AaABAg,positif,positif
UgxI780sF6lMKeMpqjF4AaABAg,positif,positif
UgyC0eYxTk_uvwAQhAV4AaABAg,positif,positif
Ugws0wZL4U8Q_RNxjUd4AaABAg,positif,positif
UgybVGRUsukiWWcPsgh4AaABAg,positif,negatif
UgyOK50n_4p6f7IWAoV4AaABAg,netral,positif
UgyBdTP-jD_EwU-yM7x4AaABAg,netral,positif
UgyMpXnLv6iMyP5cn9Z4AaABAg,positif,positif
UgwSG8pihYi-gM5SFdZ4AaABAg,positif,negatif
UgwSG8pihYi-gM5SFdZ4AaABAg.8ocWBJdrrJ38ony36G84Vq,positif,positif
UgwEF2L8ZFMb_EFn2z54AaABAg,netral,negatif
UgyNB-KSEctZ-FVBMER4AaABAg,netral,negatif
UgzHMhb7e1U-VPKfLr94AaABAg,negatif,negatif
Ugx9iCUgC_ZJeC-z4Jl4AaABAg,netral,negatif
Ugx4YK_Uc4YYr8R8Hq14AaABAg,netral,negatif
UgxPBKLXYAkVUf3kOw94AaABAg,positif,negatif
UgzpYNh8SBpudpnTPdx4AaABAg,positif,positif
UgyvdyED8hLaD1W8Bxd4AaABAg,positif,positif
UgyGtVnIhNm9KSQ5NZp4AaABAg,netral,positif
UgzYn813Go_KKW4LZfh4AaABAg,positif,positif
Ugwm3-l_sbDuv0OuhGp4AaABAg,positif,positif
UgwDz9hUrjZz0W6OW4x4AaABAg,positif,positif
UgwK14RBtKh8KTs_zNh4AaABAg,positif,positif
Ugx1M6bI7KVCSYjFy7d4AaABAg,positif,positif
Ugyv3MsXzQU0iTqXXi54AaABAg,positif,positif
Ugyv3MsXzQU0iTqXXi54AaABAg.8oUnMzGlKRH8oWNHMAM4yD,positif,positif
Ugyv3MsXzQU0iTqXXi54AaABAg.8oUnMzGlKRH8oWNaYV6nsl,positif,positif
UgxFE_OW4s_dtqgS9BR4AaABAg,netral,netral
Ugwv-h17cF84jM-SK094AaABAg,positif,positif
Ugw780XLTHAv6Nf44xR4AaABAg,negatif,negatif
Ugw780XLTHAv6Nf44xR4AaABAg.8oSqqv1SFRG8oTtSU75beR,positif,positif
Ugy6dcFSRzaGFeZ8ApB4AaABAg,netral,netral
UgwrKF5lVWtZR2rLX-94AaABAg,positif,netral
UgyeHtK3TBtKd3LUBYV4AaABAg,netral,netral
UgwxDis7VeZdsZJUxb94AaABAg,netral,positif
UgwD9BI6-ttCzxa5x4R4AaABAg,positif,positif
UgyRSasJeU5DJPgPDVp4AaABAg,negatif,positif
UgzIeu4x_VszomApEpx4AaABAg,netral,netral
UgzMr1kJEZAfzQ03BcB4AaABAg,positif,positif
Ugxltzr5YzM_cEigwE54AaABAg,positif,positif
UgxH0WAtdXR3W1LqyJF4AaABAg,negatif,negatif
UgyElo71ZdpJwGO8C_54AaABAg,positif,positif
Ugw3fAYG8Uo_Kikvk-F4AaABAg,positif,positif
Ugw3fAYG8Uo_Kikvk-F4AaABAg.8oQB5uPoVLi8oR9wCRxinv,netral,netral
UgwgLyYlA-UnAvu-qEV4AaABAg,netral,negatif
Ugzd8l-CFYcm-GBEwSN4AaABAg,netral,netral
Ugzd8l-CFYcm-GBEwSN4AaABAg.8oPBzDO-p9t8oT7Vq_FUP_,netral,netral
Ugzd8l-CFYcm-GBEwSN4AaABAg.8oPBzDO-p9t8oT8VRwEqtu,netral,negatif
Ugzd8l-CFYcm-GBEwSN4AaABAg.8oPBzDO-p9t8oTsZj46WBZ,netral,negatif
Ugzd8l-CFYcm-GBEwSN4AaABAg.8oPBzDO-p9t8oR9x_Gd0r2,positif,positif
Ugzpptj4KPkGQ5XX-3J4AaABAg,positif,positif
UgxrZ1VLfOdM3A-0N3d4AaABAg,positif,positif
UgxrZ1VLfOdM3A-0N3d4AaABAg.9rrGUM4F_wY9sBLMgQHchB,negatif,negatif
UgxrZ1VLfOdM3A-0N3d4AaABAg.9rrGUM4F_wY9sDooqb9OzO,netral,netral
Ugywl8HgmlQQZVeqgKt4AaABAg,netral,negatif
Ugxhcj0wrXHXWGGsVrV4AaABAg,netral,positif
UgzNkN3f6MvclSSvGot4AaABAg,netral,netral
Ugwmx5C-g1W8JNXHvWx4AaABAg,positif,positif
UgzVGntH1-NgQtV8D3t4AaABAg,positif,negatif
UgwnqHP1R7Ch_bvSOAd4AaABAg,netral,positif
UgyyQcQjuNG0faBOkC14AaABAg,netral,netral
UgzPC0vuRl-rhZ_8BNt4AaABAg,positif,positif
UgzN9pVOotsDTfkhrQ54AaABAg,positif,positif
UgxN_GxPSrfSMoG-SL54AaABAg,netral,positif
UgzGjkFZ1c4CCygfpBV4AaABAg,positif,positif
UgxfTfBJi2N3wFOQpyl4AaABAg,netral,positif
UgxuiRCKpJQp9CxN8sB4AaABAg,netral,netral
UgzCn0vSe4I6FSzYw5t4AaABAg,netral,netral
Ugw81LqpsIKv28ESa994AaABAg,netral,positif
UgxU_FdViH3ZbNOz0WN4AaABAg,positif,positif
UgxLlIOKZjrFeemk0z94AaABAg,positif,positif
Ugy1Wvq2GJD2M4MRHaR4AaABAg,positif,positif
Ugy1Wvq2GJD2M4MRHaR4AaABAg.9sk3eu0GBLr9t6sJdWz0jR,positif,positif
UgxM8kE1VZ4YZw0aXCl4AaABAg,positif,positif
UgwxaJPbdUFC93q-atV4AaABAg,netral,netral
UgyESczS8vef90nZheV4AaABAg,netral,positif
UgxM9ui3lfuL2UtIK7x4AaABAg,positif,netral
UgxHb7xaw7NbXdEC0Gp4AaABAg,positif,positif
UgyF07UQWwDlz_E0rUJ4AaABAg,positif,positif
Ugy0MHz-jl40WVBdxIB4AaABAg,netral,negatif
Ugwqpb7OSjwjZGV_Tux4AaABAg,positif,positif
UgyW_tAMKpy6DMPg_fF4AaABAg,positif,positif
UgzuV_5aqZ1vU3wjLNR4AaABAg,positif,positif
Ugx919LPFiVn2AJLIeF4AaABAg,positif,positif
UgxGQG8j6LHa9aSJqkh4AaABAg,netral,netral
UgzWqIKkPUK4CblAgVJ4AaABAg,positif,positif
Ugxm8cglJRaLcgqBj014AaABAg,positif,positif
UgxWhEdu7l1pHYtqnCp4AaABAg,positif,positif
UgySZ2nrcWmQ582v7vt4AaABAg,positif,positif
Ugy1BgmTc-8AWJ8qhS14AaABAg,positif,positif
UgyuLWvtYcB1X7tWAZV4AaABAg,positif,positif
Ugxe2jCr2ViBm9cPAtx4AaABAg,positif,positif
UgxaCZIQ2JrwqDe87414AaABAg,positif,netral
UgyrLbROiV2l6TyCq694AaABAg,positif,positif
UgwoWfliy8K-LrsGK_Z4AaABAg,positif,positif
UgzKMuDYFq1psC3Z90J4AaABAg,positif,positif
Ugwqt-EgqjnBjFJ1NyZ4AaABAg,positif,positif
UgyATwwfCieGfhjzwfd4AaABAg,positif,positif
UgxC-HkbLyEwVjZiyNN4AaABAg,positif,netral
UgyERknKxMjBLwReSAF4AaABAg,positif,positif
UgzsEGJoZ4APx1tYbqx4AaABAg,positif,positif
Ugy5hQPW8pN5VyY5Ae94AaABAg,netral,netral
UgzBxQBvf-7x5FUCIp14AaABAg,positif,positif
UgyYIpkgv9WP-7T36ip4AaABAg,positif,negatif
UgyIEdL0vOeqwPJnDAV4AaABAg,positif,negatif
UgxknPfSbZXqokkNt394AaABAg,positif,positif
UgzFiMBV6JW31YPD6JR4AaABAg,netral,netral
UgwQn52PALlpzQJDG414AaABAg,positif,positif
Ugz7oa4UywNgNpQFYpp4AaABAg,positif,positif
UgzT5mNwo-N3gCGk5FR4AaABAg,positif,positif
UgwsTJor5IZ8WZc8Aol4AaABAg,positif,positif
Ugy9DrMNjpJUpA_qt_N4AaABAg,positif,positif
UgxmUm7xC6sDuotKjHd4AaABAg,positif,positif
UgwH7j0myTLBzQQdnql4AaABAg,netral,negatif
UgyZDhcsdQqk_tXVfCF4AaABAg,netral,netral
UgyZDhcsdQqk_tXVfCF4AaABAg.9sYnYYJMDrD9swnojq5u6p,positif,positif
UgzRg6jbHmww8HQwWLp4AaABAg,negatif,negatif
UgzxyjUYBA1bL5XV1iR4AaABAg,netral,netral
Ugzjzg-zctpAYBBBtSF4AaABAg,netral,negatif
UgxzG-KcdF6C2OXLMaB4AaABAg,positif,positif
UgxJsrt8zmwer1Ci2SF4AaABAg,positif,positif
UgwfTVQeSFEqN69kp914AaABAg,positif,positif
UgxuHy6THSS6GnMswtt4AaABAg,positif,positif
UgwMjtOa-xbpLAgrLO14AaABAg,netral,netral
UgygmDScJOYGfHoaRMV4AaABAg,positif,positif
Ugy0odzgthMz-Q7Ghbd4AaABAg,positif,netral
UgyyeGi5P8tFe6ND_OJ4AaABAg,positif,positif
UgwdnZc-OKPGsHeEwR94AaABAg,positif,positif
Ugwh5qCVwE9RGkJB-614AaABAg,positif,positif
UgxjMeB9PhsO88g9jYd4AaABAg,positif,positif
UgxNl4m_a5fHZudfiDt4AaABAg,positif,positif
UgxKLZBacbOGFFp9lW14AaABAg,positif,positif
UgzCz3tLnIGlonQhVt54AaABAg,netral,netral
UgzB73zmF2Pv6wXf5At4AaABAg,positif,positif
UgxnhmXx2BDkBHXzPt94AaABAg,positif,netral
UgyJJW8YZno4FmrZkkN4AaABAg,netral,netral
UgyIwlcV3pAVxNrxCNJ4AaABAg,positif,positif
Ugx-q_iKEenZCRwo7554AaABAg,positif,positif
Ugx18UeJ7pWHMPdZ4Zh4AaABAg,positif,positif
UgzDmmghtQ3zTd5G6gh4AaABAg,netral,netral
UgxEDcC6vZ_JMIkDnod4AaABAg,netral,negatif
UgyDCem1CcAotyVOHht4AaABAg,netral,positif
Ugw3Kc674lDKu7zFWuJ4AaABAg,netral,netral
UgxKDmM4htz5iA7ZPt54AaABAg,positif,positif
Ugy663UBg6s2RqrgUhN4AaABAg,netral,negatif
Ugy663UBg6s2RqrgUhN4AaABAg.9ruJw5zm7g39rzmMvHVvY5,netral,netral
Ugy663UBg6s2RqrgUhN4AaABAg.9ruJw5zm7g39sLZJAQb9pV,positif,netral
Ugy663UBg6s2RqrgUhN4AaABAg.9ruJw5zm7g39sVpIzqT8W1,positif,positif
Ugy663UBg6s2RqrgUhN4AaABAg.9ruJw5zm7g39sqxwRAFVeA,netral,netral
Ugws0gdHGrfIeMjqY-J4AaABAg,netral,netral
UgyY1ibYQ2X38X3oPYx4AaABAg,netral,positif
UgxEzNE-6z3_KobvRep4AaABAg,positif,positif
UgyguBF7rjNyso5IYZ54AaABAg,netral,positif
Ugzb25cfTjx8l45pQFd4AaABAg,positif,positif
Ugx1M3OT9W_miTaq5OF4AaABAg,netral,netral
Ugxdo8XPGrKq4Y6QNsp4AaABAg,positif,positif
Ugwe1L_lPBwzoHtUJXp4AaABAg,positif,positif
Ugw3E42pe4ixglv6Q_d4AaABAg,netral,netral
Ugw7fSsGDqVXN89d3Vt4AaABAg,netral,netral
UgwjvwRZzvp0jphOpZ94AaABAg,netral,positif
Ugz-zLt0f8VoWsgi-g14AaABAg,positif,positif
UgyGj_0XLe86vRwlZPV4AaABAg,positif,positif
Ugw8Fszy3O7uVqD9XwN4AaABAg,positif,positif
UgwedDeHBQFgnPNIQf54AaABAg,netral,positif
UgwedDeHBQFgnPNIQf54AaABAg.9rqrARNkOY39rxJ09PoE0G,netral,negatif
UgwedDeHBQFgnPNIQf54AaABAg.9rqrARNkOY39s6kJ6nlCrw,netral,netral
UgzkZebTmqyg6erkwiJ4AaABAg,positif,positif
UgxByfAyyVZpCWqB78Z4AaABAg,netral,netral
UgyAFOuKF4wT48Ij95B4AaABAg,positif,positif
UgymuVIsC1DJpN3u82R4AaABAg,positif,positif
UgyT1e9xuK8IQCrTj0t4AaABAg,positif,positif
UgyT1e9xuK8IQCrTj0t4AaABAg.9t1R7p3qWW39t4IuaV1sq5,netral,negatif
Ugz-PFPMDhvMq9otOO94AaABAg,negatif,negatif
Ugz-PFPMDhvMq9otOO94AaABAg.9s5mMZ5dspG9saXQNoZ2Cr,netral,netral
UgyZCFXWZm5XwKO7Il94AaABAg,netral,netral
UgynTXhQ0HtGn-X-HF54AaABAg,positif,positif
UgwnfOg8Jw1ydfTvAMF4AaABAg,positif,positif
UgyI128HCpcRHM3vPsd4AaABAg,positif,positif
Ugy-G4fHGzVGG5k83dd4AaABAg,netral,netral
UgzjqXtkTUFqsU2YH3p4AaABAg,positif,negatif
UgwkVQtboFwW9oxOiGB4AaABAg,negatif,negatif
Ugy73UCSDUd3tNeJN5V4AaABAg,positif,positif
Ugy73UCSDUd3tNeJN5V4AaABAg.9s6GCAweHO_9saXc6baSNy,positif,positif
UgxXIeUTeTuT-1m6jq94AaABAg,netral,netral
Ugw9xcFSUSOr0WrisFd4AaABAg,positif,positif
UgxbWOaDOzo5A35m8Xt4AaABAg,netral,netral
UgwhDxdHI5-B2mLnwNZ4AaABAg,netral,netral
UgwilAQdlkmXaoTW8L54AaABAg,netral,netral
Ugweiv5cS4eMBMZ7Yt94AaABAg,netral,netral
UgzGkPBcAQLcKFQgkXN4AaABAg,netral,netral
Ugx1pb-tLCyaAQY3aIZ4AaABAg,netral,negatif
UgwfZC9VinKWSaSK3gp4AaABAg,netral,netral
UgzM3eOJjZmS5I27kmB4AaABAg,positif,positif
UgxxylSWNoLoUrx5NlV4AaABAg,netral,positif
Ugz7r6Stn9BgHp9Zcq14AaABAg,positif,positif
UgxFPBzCUfdngEkDs1Z4AaABAg,negatif,negatif
Ugz3pn-GJlHSQKI8aVF4AaABAg,netral,netral
UgxSbTHvK3E2Fz8x1p54AaABAg,netral,netral
UgznadViqhRaNL5YNk94AaABAg,netral,negatif
UgxNuz0XCBsajJFseNV4AaABAg,positif,positif
Ugwxr6SYCyNwgT_J2KR4AaABAg,positif,positif
UgwlNu3BYLH2kaV9MNR4AaABAg,netral,negatif
Ugw-PzbWjnJQ44V4VqF4AaABAg,netral,netral
UgytMD-kBnRWkp-nj994AaABAg,netral,netral
UgytMD-kBnRWkp-nj994AaABAg.9svGiM7CXbD9sxSYrLR6Mn,positif,positif
UgytMD-kBnRWkp-nj994AaABAg.9svGiM7CXbD9sxZIQJFrGN,netral,negatif
UgyFbOgwvbJa-1ujPb94AaABAg,netral,netral
UgzXDuK6Udj8MqJWYqh4AaABAg,positif,positif
UgzSKpDqIMHsFMc_LTF4AaABAg,netral,negatif
Ugw02JgguAOhgVd-7hF4AaABAg,netral,negatif
Ugwj6dsFkQ5sX2NlGpR4AaABAg,positif,positif
Ugwj6dsFkQ5sX2NlGpR4AaABAg.9sz0ENB_TEF9t0XfpkXvxK,netral,netral
Ugwj6dsFkQ5sX2NlGpR4AaABAg.9sz0ENB_TEF9t4J59liP08,netral,negatif
UgzOqFQpBFykHW-9-S94AaABAg,netral,netral
UgwABo4pPJ8A7JkJXs14AaABAg,positif,positif
UgyISY9bWchNitl5fw94AaABAg,netral,negatif
Ugze1NtQhsP0TVrTMSJ4AaABAg,netral,netral
UgzaThprgviLo7FYxaZ4AaABAg,negatif,positif
UgzNC7-YcZmZDG-L27J4AaABAg,netral,netral
UgwRK1jZICKnM5q3KxJ4AaABAg,positif,positif
UgwRK1jZICKnM5q3KxJ4AaABAg.9s0EBVjqiev9s1C9SjqkHV,netral,netral
UgwRK1jZICKnM5q3KxJ4AaABAg.9s0EBVjqiev9sNmkXQq4Ni,positif,positif
UgxIrBRt1CMsVom71bN4AaABAg,netral,netral
UgzxIVovC05s03AD6Yh4AaABAg,netral,netral
UgxRJnNCFgnN9op0QrR4AaABAg,netral,negatif
UgxRJnNCFgnN9op0QrR4AaABAg.9ruhLUYBwHW9sAVsAHLUnd,netral,positif
UgyyDhJrBRGoXkCMlvt4AaABAg,negatif,negatif
Ugz95CtNNAVAyuJKJrF4AaABAg,netral,netral
UgxTTiYqowVRyK4EtLV4AaABAg,netral,netral
Ugy4EIZPFQyxQFgTyCZ4AaABAg,positif,positif
Ugyt3limNtYqpJIPDlB4AaABAg,netral,negatif
UgxDN-AI_6FduXTYNCV4AaABAg,netral,netral
UgxDN-AI_6FduXTYNCV4AaABAg.9s32lv_FJy-9sVKE7h14-i,netral,netral
UgxAZiJ1g7u_fMOaksJ4AaABAg,positif,positif
UgwPodQiZ-f-Cklk4al4AaABAg,positif,positif
UgxbyOHmcIwtb7gt8xR4AaABAg,netral,netral
UgxbyOHmcIwtb7gt8xR4AaABAg.9rrg6h72wrw9rt5E1wfogO,positif,positif
UgxbyOHmcIwtb7gt8xR4AaABAg.9rrg6h72wrw9rt6I8IHKqt,positif,positif
UgxbyOHmcIwtb7gt8xR4AaABAg.9rrg6h72wrw9rtVOnQnXlx,netral,netral
UgwCSDb3LngUMnc9qfh4AaABAg,netral,positif
UgxEabs6xiu_DBuJ54J4AaABAg,netral,netral
UgxEabs6xiu_DBuJ54J4AaABAg.9rphDKCvH9w9rqfUvJdoIa,positif,netral
UgxEabs6xiu_DBuJ54J4AaABAg.9rphDKCvH9w9rr6sZID6-D,netral,netral
UgwWVLKdmB9M5vgdnGp4AaABAg,netral,netral
UgwWVLKdmB9M5vgdnGp4AaABAg.9rrDT0AU7LF9rupOkJaTNp,netral,netral
UgwWVLKdmB9M5vgdnGp4AaABAg.9rrDT0AU7LF9rylGL3m__H,netral,negatif
Ugw72mJrwOyRWV9Jm4V4AaABAg,netral,positif
UgyFdD1a-flrKevODk14AaABAg,netral,negatif
UgyFdD1a-flrKevODk14AaABAg.9t0phGbUYp49t0vTSe-iRn,positif,positif
UgzGcQCFwcri_7MponV4AaABAg,positif,negatif
UgyJJHa_Oy0Mrkw2Pox4AaABAg,negatif,negatif
UgzcrCDCVk-A-kYsOkt4AaABAg,netral,negatif
UgzWVeFakqnjrHmSxYV4AaABAg,netral,positif
Ugxy-Nr9vHjR5O5-GXp4AaABAg,netral,netral
Ugxy-Nr9vHjR5O5-GXp4AaABAg.9rqZZ9ZmrNF9rr6qUcbSNE,netral,negatif
UgwCKsKrctuCpATsxE54AaABAg,netral,negatif
Ugx9WwjAlV8t3w5ZL3t4AaABAg,netral,negatif
Ugwyq99HW0ODkfPh8wp4AaABAg,negatif,negatif
UgwWmOPNsVfPVVkVA454AaABAg,netral,negatif
UgwWmOPNsVfPVVkVA454AaABAg.AUzGwHflazXAZf458lIRAt,netral,netral
UgwaIYpYQ1Y6-qifVzF4AaABAg,netral,negatif
UgwaIYpYQ1Y6-qifVzF4AaABAg.9rpveza2EB_9rrDAKOSbPO,positif,positif
UgwaIYpYQ1Y6-qifVzF4AaABAg.9rpveza2EB_9rrGyeXSFCf,netral,positif
UgwaIYpYQ1Y6-qifVzF4AaABAg.9rpveza2EB_9rt5RG3fcPt,netral,netral
UgwaIYpYQ1Y6-qifVzF4AaABAg.9rpveza2EB_9rtcpYLejWf,negatif,netral
UgwaIYpYQ1Y6-qifVzF4AaABAg.9rpveza2EB_9s2iZFdI1Km,negatif,negatif
UgwaIYpYQ1Y6-qifVzF4AaABAg.9rpveza2EB_9s2SHsjT6ee,negatif,negatif
Ugxufzm3fiN7ZgUrLwl4AaABAg,positif,positif
Ugxufzm3fiN7ZgUrLwl4AaABAg.9saONl_PUCf9t4Ji3eEqBl,netral,negatif
UgxDOg1dTcMTDUEktZd4AaABAg,positif,positif
UgxwpipKlUDjDcY6YJZ4AaABAg,netral,netral
UgxwpipKlUDjDcY6YJZ4AaABAg.9rphCan3HwS9rqU2ZF148L,netral,positif
UgxwpipKlUDjDcY6YJZ4AaABAg.9rphCan3HwS9rxKOCnPqAU,positif,negatif
UgxwpipKlUDjDcY6YJZ4AaABAg.9rphCan3HwS9s1Ft8RGzOp,netral,negatif
UgxwpipKlUDjDcY6YJZ4AaABAg.9rphCan3HwS9rqqKHElYm0,negatif,negatif
UgxwpipKlUDjDcY6YJZ4AaABAg.9rphCan3HwS9rqr1J3XmbZ,positif,positif
UgxwpipKlUDjDcY6YJZ4AaABAg.9rphCan3HwS9rpvEcHISkS,positif,netral
UgxwpipKlUDjDcY6YJZ4AaABAg.9rphCan3HwS9rqOIDm0fj5,positif,positif
UgxwpipKlUDjDcY6YJZ4AaABAg.9rphCan3HwS9rqob2jEovO,negatif,negatif
UgxwpipKlUDjDcY6YJZ4AaABAg.9rphCan3HwS9yPeAnDfC0r,negatif,negatif
UgyrV-6jOQDw70PLdBB4AaABAg,positif,positif
UgyrV-6jOQDw70PLdBB4AaABAg.9sIfDrzXHDG9sLZBazX8B4,positif,positif
UgyrV-6jOQDw70PLdBB4AaABAg.9sIfDrzXHDG9sSBMbL_vQV,netral,positif
UgyrV-6jOQDw70PLdBB4AaABAg.9sIfDrzXHDG9steOoyWieF,netral,negatif
UgyrV-6jOQDw70PLdBB4AaABAg.9sIfDrzXHDG9suLR0JfVsT,netral,netral
UgyrV-6jOQDw70PLdBB4AaABAg.9sIfDrzXHDG9sVWB656Iuy,positif,positif
UgyrV-6jOQDw70PLdBB4AaABAg.9sIfDrzXHDG9sWNYsP6FNc,positif,positif
UgyrV-6jOQDw70PLdBB4AaABAg.9sIfDrzXHDG9sXZpCe0eI6,positif,positif
UgyrV-6jOQDw70PLdBB4AaABAg.9sIfDrzXHDG9sXt6cI91Sd,positif,positif
UgyrV-6jOQDw70PLdBB4AaABAg.9sIfDrzXHDG9spSQKnDErM,negatif,negatif
UgyrV-6jOQDw70PLdBB4AaABAg.9sIfDrzXHDG9spSiOhJEVb,netral,netral
UgyrV-6jOQDw70PLdBB4AaABAg.9sIfDrzXHDG9stdq34lF31,netral,netral
UgwPSUASU6Kn9Trxg6V4AaABAg,negatif,negatif
UgzLaS3DsK4lpShXP9Z4AaABAg,positif,positif
UgwFOKgV33iXZm4Tj_h4AaABAg,netral,netral
UgzbMgyogDRYIfns75R4AaABAg,positif,positif
UgyfyKRv51FFoKJHgu54AaABAg,negatif,negatif
UgyWyBKmjWRVrnUVOSZ4AaABAg,positif,positif
UgzvwtdWV270AKK_j0d4AaABAg,positif,positif
UgzzPa7A9t0Nw4glA1J4AaABAg,positif,positif
UgyIPZXmpengTb5WjHd4AaABAg,netral,netral
UgyoKyX7Miom5Ccypv54AaABAg,positif,positif
UgxyULufTGdO2r_gi7x4AaABAg,netral,positif
UgxyULufTGdO2r_gi7x4AaABAg.A5bUCsywdc1A5ezTz0tHjc,netral,netral
Ugy3gO1aXMMk2JSItsd4AaABAg,positif,positif
UgwAKJK0YL2K43Dzqgl4AaABAg,netral,netral
UgzxPJdtExi3o4RfbU54AaABAg,netral,netral
UgzxPJdtExi3o4RfbU54AaABAg.A5aIQuwvTPPA5ehZ8WLwtM,netral,netral
UgwFF85y84xPT3RVbqJ4AaABAg,netral,netral
UgwFF85y84xPT3RVbqJ4AaABAg.A5TDMjg3Q8wALDwpb7_giY,positif,positif
UgzWlQok31ko4bUvgMZ4AaABAg,netral,netral
UgzWlQok31ko4bUvgMZ4AaABAg.A5TXa-_5c9TA63n-84Ipx5,negatif,negatif
UgwTmLNwRPOSiC7ygih4AaABAg,netral,netral
UgwTmLNwRPOSiC7ygih4AaABAg.A5WdydSh3DFA5WeRZsqqJ8,positif,negatif
Ugz-pkd1-2--WSN73YZ4AaABAg,netral,negatif
Ugz-pkd1-2--WSN73YZ4AaABAg.A5WcdMtM_vUA5d1mWpP8At,netral,netral
Ugxk20vGth_fPj6PTJ94AaABAg,netral,netral
UgxX5MDWUNXChyvJnKx4AaABAg,negatif,negatif
UgxX5MDWUNXChyvJnKx4AaABAg.A5b7JtzQgrHA5eEwO3M9M4,netral,netral
UgywNFQGwPqIDPzgIRZ4AaABAg,negatif,negatif
UgxoKZoa7Fcx6ZhZ6jZ4AaABAg,netral,positif
UgyjUJWVtSPEmzEK7NN4AaABAg,positif,positif
UgyjUJWVtSPEmzEK7NN4AaABAg.A5_rbhK5Gz1A5bXUSucK2G,netral,positif
UgyjUJWVtSPEmzEK7NN4AaABAg.A5_rbhK5Gz1A5zdwd0NDOz,netral,negatif
UgxA8m_-HdpLWGLr3QF4AaABAg,positif,netral
Ugx4qnHypQBTTYC7viV4AaABAg,netral,positif
UgyrcISuQfptjD0z3uh4AaABAg,positif,positif
UgzJRB0mL18458cXSJ94AaABAg,netral,netral
UgzJRB0mL18458cXSJ94AaABAg.AUCK8C7Rm0xAUozuRsqo99,positif,positif
UgzJRB0mL18458cXSJ94AaABAg.AUCK8C7Rm0xAVZpE0mmM0t,positif,negatif
UgzJRB0mL18458cXSJ94AaABAg.AUCK8C7Rm0xAXP5ZPvmNEM,netral,negatif
UgwZDtJ4XDE4VllyX5Z4AaABAg,negatif,negatif
UgwZDtJ4XDE4VllyX5Z4AaABAg.AU3-3kdb_CeAUxvshmwAT0,netral,netral
UgwZDtJ4XDE4VllyX5Z4AaABAg.AU3-3kdb_CeAV57TkmY8jn,netral,netral
UgwZDtJ4XDE4VllyX5Z4AaABAg.AU3-3kdb_CeAVAF-UxDMt6,positif,positif
UgwZDtJ4XDE4VllyX5Z4AaABAg.AU3-3kdb_CeAXP5Yl6-RgI,netral,netral
Ugxo4NnmDOuyAGLPBtJ4AaABAg,netral,netral
Ugx7ar6fRsE3bLzzD554AaABAg,negatif,negatif
UgxXHWHmlTraPPOto014AaABAg,netral,positif
Ugzwgqqb-Sph17sjffp4AaABAg,positif,positif
UgyREfl-RbQbZ_0ZwO14AaABAg,positif,positif
UgwhQxjwy6FY7PaW4-14AaABAg,netral,positif
UgwhQxjwy6FY7PaW4-14AaABAg.AU2l2lu8tFcAUXUqRJNU1F,negatif,negatif
UgwhQxjwy6FY7PaW4-14AaABAg.AU2l2lu8tFcAUUG6D8QbFX,netral,netral
UgwhQxjwy6FY7PaW4-14AaABAg.AU2l2lu8tFcAUUGoZJRv47,netral,negatif
UgwhQxjwy6FY7PaW4-14AaABAg.AU2l2lu8tFcAUVw9JbkFlp,netral,netral
UgwhQxjwy6FY7PaW4-14AaABAg.AU2l2lu8tFcAVDD0JKcMPo,positif,positif
UgwhQxjwy6FY7PaW4-14AaABAg.AU2l2lu8tFcAVDDczV9LO_,netral,positif
UgwhQxjwy6FY7PaW4-14AaABAg.AU2l2lu8tFcAVDEejFROyJ,positif,positif
UgwhQxjwy6FY7PaW4-14AaABAg.AU2l2lu8tFcAVDEiGLPmH_,netral,netral
UgwhQxjwy6FY7PaW4-14AaABAg.AU2l2lu8tFcAVDF1Arizwo,positif,positif
UgwhQxjwy6FY7PaW4-14AaABAg.AU2l2lu8tFcAVDHUXhlrEc,positif,positif
UgwhQxjwy6FY7PaW4-14AaABAg.AU2l2lu8tFcAVGFJ_HAPSV,negatif,negatif
UgwhQxjwy6FY7PaW4-14AaABAg.AU2l2lu8tFcAXP5XtRcar_,netral,netral
UgyL929QXKF0QiU1iel4AaABAg,positif,positif
UgxjxjEFy5ZQavLHKEF4AaABAg,netral,netral
UgxjxjEFy5ZQavLHKEF4AaABAg.AU2lw8-8NqwAUoJGuxyDJB,positif,positif
UgxjxjEFy5ZQavLHKEF4AaABAg.AU2lw8-8NqwAVa1SG4gnU6,negatif,positif
UgxjxjEFy5ZQavLHKEF4AaABAg.AU2lw8-8NqwAUxYUtbAwT7,positif,netral
UgxjxjEFy5ZQavLHKEF4AaABAg.AU2lw8-8NqwAVa1Q-34rxv,positif,positif
UgxjxjEFy5ZQavLHKEF4AaABAg.AU2lw8-8NqwAXP5aLkbHoa,netral,negatif
UgwNSfXMXwGaqWBt1PZ4AaABAg,positif,negatif
UgwNSfXMXwGaqWBt1PZ4AaABAg.AU2TsUH9kVVAU2y5WuEFoq,positif,positif
UgwNSfXMXwGaqWBt1PZ4AaABAg.AU2TsUH9kVVAUzimVr0yiq,positif,positif
UgwNSfXMXwGaqWBt1PZ4AaABAg.AU2TsUH9kVVAV4CaUW715n,positif,positif
UgwNSfXMXwGaqWBt1PZ4AaABAg.AU2TsUH9kVVAVAF6ffnICo,positif,negatif
UgwNSfXMXwGaqWBt1PZ4AaABAg.AU2TsUH9kVVAU6Pb02gF99,netral,netral
UgwNSfXMXwGaqWBt1PZ4AaABAg.AU2TsUH9kVVAUzifCperp6,negatif,negatif
UgwNSfXMXwGaqWBt1PZ4AaABAg.AU2TsUH9kVVAVAAh-RTWuS,negatif,negatif
UgwNSfXMXwGaqWBt1PZ4AaABAg.AU2TsUH9kVVAXP5_OuFywP,netral,netral
UgwNSfXMXwGaqWBt1PZ4AaABAg.AU2TsUH9kVVAXQ8EUaDFIk,positif,positif
UgwePzLLKLAdr5-vexR4AaABAg,positif,negatif
Ugx_HTFpZH8yJvRGo4N4AaABAg,positif,positif
UgxLe1LRFEstpR1wrsd4AaABAg,positif,positif
Ugxy7fLxp-KcsXD5uWB4AaABAg,positif,positif
UgyXkTZwNIcPYXel_Zt4AaABAg,positif,positif
Ugzfs4wwnw0OaRbZ6gd4AaABAg,positif,netral
UgwNEa6_gBXsFNlijC54AaABAg,netral,netral
UgyaeRglEv7FZ74Q8gB4AaABAg,positif,positif
Ugykk3s34HHFVAQxxQd4AaABAg,positif,positif
Ugw_rOFmOnYQKDNsghR4AaABAg,positif,positif
UgyH5YQo0AaMbpwSp_F4AaABAg,netral,positif
UgzAoJ_M0owBo_xmB4N4AaABAg,positif,positif
UgywYLpzqRIW9_WHxlJ4AaABAg,positif,positif
Ugz5jD6Ye3bQjmtp2Op4AaABAg,positif,positif
UgyHVqpRD5EHiiCuIaN4AaABAg,positif,positif
UgwyD6AatplwbeAEepF4AaABAg,positif,positif
UgwEtzlc9I3RdJxUwN14AaABAg,netral,netral
UgwEtzlc9I3RdJxUwN14AaABAg.AUW8ciV4oxGAXP5bBAdP1r,netral,negatif
Ugx4MFIHxvlC_deX-qh4AaABAg,positif,positif
Ugyc1zoOjR7RhIF9ccl4AaABAg,positif,positif
UgzLnNizH7zupwAZK5V4AaABAg,positif,positif
UgxFfasHAClCF-1TCad4AaABAg,positif,positif
UgyGxwZEUHWzH5aa5l94AaABAg,positif,negatif
Ugyw-WcykGrEO7ZAhY94AaABAg,positif,positif
UgxTZip2vmM5QNd8SnN4AaABAg,positif,positif
UgxdeCIvWcIOyNI7gz94AaABAg,positif,positif
Ugw3pVcBTUizmu7vSut4AaABAg,positif,positif
UgwA6xa2OoXPp0QhUWB4AaABAg,positif,positif
UgxZpqrhF02F5rI67rJ4AaABAg,positif,positif
UgzLvFTKYQzzwmJIf2p4AaABAg,positif,positif
UgzOJ7PfBlah7fdv7iR4AaABAg,positif,positif
Ugx4OOODI5Bt92rkIOB4AaABAg,positif,negatif
UgxPZaz-MCNW3doTv_N4AaABAg,positif,positif
UgxBS5xbWIcFJ0kzGtZ4AaABAg,positif,positif
Ugy_C_1zLelzP2u_Yhh4AaABAg,netral,netral
UgzJFIGuI0ircfn5y0Z4AaABAg,positif,positif
UgwflWFXYa7WBmocLpx4AaABAg,positif,positif
UgwPkKUGHhjS6ynexwp4AaABAg,positif,positif
Ugw68N5WT6yniONiRWl4AaABAg,positif,positif
Ugzwpsv4lc7NZYM-oCh4AaABAg,netral,netral
UgzxK7z0nJyMfLa7Bzd4AaABAg,netral,netral
UgyU-mIKlbUgKKkm-PN4AaABAg,netral,netral
Ugw-LiEWV6etHno0dG54AaABAg,positif,positif
UgzZWgCfGEc2avcHpQp4AaABAg,positif,negatif
UgzY9bFEepni1R1Iv6d4AaABAg,positif,positif
UgzKX-44k_gXh-Z5Box4AaABAg,netral,netral
Ugw7sB0o4ndYsoHDPV94AaABAg,positif,positif
UgxsFhsRCZcORCIBj-94AaABAg,positif,positif
Ugxoi2HYCD3xzrn_coh4AaABAg,netral,negatif
Ugxoi2HYCD3xzrn_coh4AaABAg.AU2h2jYzb9tAUC6GV6A0fq,netral,netral
Ugxoi2HYCD3xzrn_coh4AaABAg.AU2h2jYzb9tAUEA0x0M2Es,positif,positif
UgyI9eCjzLaaGK_ovWp4AaABAg,netral,netral
UgyI9eCjzLaaGK_ovWp4AaABAg.AUbqgfzupWiAUzj3Q4MGtT,negatif,negatif
UgyI9eCjzLaaGK_ovWp4AaABAg.AUbqgfzupWiAVS9s58A_O3,netral,netral
UgwZ5aTmfcXpsB4iYw54AaABAg,positif,positif
UgzuQbvseDeqoy1mT0h4AaABAg,positif,positif
UgyvJMb6ZAEkTQ7skJJ4AaABAg,positif,positif
UgzkjQadm8qxkZu5ofN4AaABAg,positif,positif
UgyFoeWquC9edJ1xe-p4AaABAg,positif,positif
UgyetsG9mKx7ZVn2E8h4AaABAg,positif,positif
UgyPC1QbTkk4Khb4NA94AaABAg,negatif,negatif
Ugwy8ewqol_F__XPEWR4AaABAg,netral,netral
UgzjegGgm2F7Dbpgz-14AaABAg,netral,netral
UgyYg9BYrCBiZmAduVh4AaABAg,positif,positif
UgzNVEKlBpFrHn_1_jt4AaABAg,positif,positif
UgwMsUKhiQvk7zvT9Et4AaABAg,positif,positif
UgxyvdSxW_X7R7vIVJd4AaABAg,netral,positif
UgyARn0l5ezvMQcit-Z4AaABAg,netral,positif
Ugw-m4Q7B9mGGsepVdZ4AaABAg,netral,netral
UgyYztWp3dPh_O8d2NB4AaABAg,positif,positif
UgxN7jytJTADa5dW6O54AaABAg,netral,positif
UgxN7jytJTADa5dW6O54AaABAg.AU4Z6E26jPvAUTgw9xbU7-,positif,positif
UgxN7jytJTADa5dW6O54AaABAg.AU4Z6E26jPvAUjVZIsH2-Y,netral,netral
UgxLjs_MBLDkhwHVaUR4AaABAg,positif,positif
UgwQRhhJ6yUuxZLTH1F4AaABAg,netral,netral
UgxpGICurwb7ci727sR4AaABAg,negatif,negatif
Ugx_BNC6vdIGZhZ2bnR4AaABAg,positif,positif
UgyVBJjJkf5nmZDL4Pd4AaABAg,netral,netral
UgyCSQ8XGpUq8CEn4fB4AaABAg,positif,positif
Ugy-0h_XumzoA1f4Ad54AaABAg,positif,netral
Ugx4ydFDrk8WawsE2ah4AaABAg,netral,netral
Ugx9nMO2jZZXb_X4bMZ4AaABAg,netral,netral
UgwggH-vUEuynKg2YXJ4AaABAg,netral,netral
UgwFScZqi8B7Z2knveV4AaABAg,netral,netral
Ugxm3I0nuTIkEYu6_td4AaABAg,netral,netral
Ugw7fIwrwA_IKf5NgsN4AaABAg,netral,netral
Ugz5AjiZxtx-MvD6FdN4AaABAg,netral,netral
UgzX9wTRSiVrSIqqwFp4AaABAg,netral,netral
UgzPjXgwXNBTQ1KAG0h4AaABAg,netral,positif
UgyRrHWMeX3_fmvPG6t4AaABAg,positif,positif
UgzGP0D38BRnPY57Wvh4AaABAg,positif,netral
UgyUkwrqVhBuD_7QSyt4AaABAg,positif,positif
UgyUkwrqVhBuD_7QSyt4AaABAg.AUVhM8xlABYAUVwE4XNWHk,positif,positif
UgxepKmYNQq71Hirqit4AaABAg,netral,netral
Ugwl9yTaQygYdTaRaTt4AaABAg,netral,positif
UgzJJZhbmhlJtItmf6h4AaABAg,netral,negatif
UgwRzIXtc_42Y3vvWYB4AaABAg,netral,positif
UgysEqnCgX-ucXtW8YV4AaABAg,positif,positif
UgysEqnCgX-ucXtW8YV4AaABAg.AU7eNjIdUXrAUXZZucEAJc,positif,positif
UgwI3uaXLrdSR-mSiGp4AaABAg,positif,positif
UgxmNkDnGCgtWUC6XWF4AaABAg,positif,positif
Ugw0LM3Cx2iBcC-pxrF4AaABAg,positif,positif
Ugw0LM3Cx2iBcC-pxrF4AaABAg.AVGMdcnD69_AXP5Pmhzx2c,netral,netral
UgwcSuIYLpm07u3gfaV4AaABAg,netral,positif
Ugw_e-ojzeszLQqrcgp4AaABAg,netral,netral
UgxW117dJDpr0vaLiOJ4AaABAg,negatif,negatif
UgzRSBNVGKIfeZVXSxN4AaABAg,negatif,netral
UgzU_VDVQhmcFXzh_314AaABAg,negatif,negatif
Ugzr7huqCSfDfRbXlCp4AaABAg,netral,negatif
Ugy1obAsQz3MR6tF_5J4AaABAg,positif,negatif
Ugw3bAeLxc0-ETkFCwp4AaABAg,netral,netral
Ugw3bAeLxc0-ETkFCwp4AaABAg.AU2e0L9MEVVAU4ZEsNhbdb,positif,positif
UgxFPcmCtIyQ7RC63xR4AaABAg,netral,positif
UgzVWWiOGr4HrZgcLVN4AaABAg,netral,netral
UgzVWWiOGr4HrZgcLVN4AaABAg.AU6XR3fy57EAU6mjyUDnFM,positif,positif
Ugzjag_yKyukMUDXgAR4AaABAg,netral,positif
Ugx2aTUsNdl_hxwCcS14AaABAg,netral,negatif
UgyIe9TSa-2dd5wz-914AaABAg,netral,netral
UgwjM5cO-hDsmGWHODN4AaABAg,netral,negatif
UgwZsyPGXSGiw4NauXd4AaABAg,netral,negatif
Ugy97_BXdhVbGRklLOV4AaABAg,netral,netral
UgwisC1eFgbTqy1IHSt4AaABAg,netral,negatif
UgxxXN9FiG__wMld_Cd4AaABAg,positif,positif
UgzL4ONYGJnZ88gQ5YJ4AaABAg,positif,positif
Ugwtl0eyig3MncrlWdp4AaABAg,netral,netral
UgygM9qL2mCzjKuQFot4AaABAg,positif,positif
UgygM9qL2mCzjKuQFot4AaABAg.AVLNZ85FE9BAXP5W7LxmwS,netral,netral
Ugw24Ii4qWNIcjQCTSB4AaABAg,positif,netral
Ugzntt6okF4tjEmKCDZ4AaABAg,positif,netral
UgzpOCWA_WogNLwq8Lx4AaABAg,netral,negatif
UgwT5CsBMyEwKLSIDHd4AaABAg,netral,netral
UgzrcGkwILY1zfIKiet4AaABAg,netral,negatif
UgwolBLIuN6PvVoq-CN4AaABAg,negatif,negatif
UgwE51m24RCatx_Qusp4AaABAg,netral,positif
UgwzbeJHbLWWsAeTe0t4AaABAg,positif,positif
UgwzbeJHbLWWsAeTe0t4AaABAg.AU3SaZVp9wQAUXUomI5-l6,netral,netral
Ugxm0c3zhkThFUdosIZ4AaABAg,netral,netral
UgyUWqcyMcbJQA5AS894AaABAg,netral,netral
UgyUWqcyMcbJQA5AS894AaABAg.AU2cjpaS8qHAU3-Q-RzKaU,netral,netral
UgyUWqcyMcbJQA5AS894AaABAg.AU2cjpaS8qHAU6I1fFuoDB,netral,netral
UgzezTvGzL-xS_IjeLB4AaABAg,netral,netral
UgwDGYt9-6LByPu_Y3d4AaABAg,netral,netral
UgyJJfY4hn6X4zAHzj54AaABAg,positif,positif
UgyJJfY4hn6X4zAHzj54AaABAg.AUoCspg4BudAUzjZczDVYN,netral,negatif
UgxVez_UdXrC4-b6Dtp4AaABAg,netral,negatif
UgwWuH9kwZNNo92FnMB4AaABAg,netral,netral
UgxDH_4VtBsRofOMcF14AaABAg,netral,netral
UgxKwqtK2M_nOCV5iQV4AaABAg,netral,netral
UgwmiADGCF_aOWWVMRt4AaABAg,negatif,netral
Ugx1OIlGMtH8uQOQLLh4AaABAg,negatif,negatif
Ugx1OIlGMtH8uQOQLLh4AaABAg.AU2lDmh9T7xAU4n51pvpSK,netral,netral
Ugx1OIlGMtH8uQOQLLh4AaABAg.AU2lDmh9T7xAU6HnWTst15,netral,netral
Ugx1OIlGMtH8uQOQLLh4AaABAg.AU2lDmh9T7xAU6bXgVlbZy,netral,netral
Ugxa0F1-JexflIRQuLZ4AaABAg,positif,negatif
Ugzq-mgXAS9ipvKlMb54AaABAg,netral,negatif
UgyH2QIU4fBG-HpYvdB4AaABAg,netral,netral
UgynT_PheHk6uGtOV6V4AaABAg,netral,netral
UgynT_PheHk6uGtOV6V4AaABAg.AXG0w-OERRoAXP5QkkLjwr,netral,netral
Ugw4_waVPxFLKztZam54AaABAg,netral,negatif
Ugw4_waVPxFLKztZam54AaABAg.AUbDkiDKO9cAUbO9zC-jpF,positif,positif
UgxM4SYxKR4g94z2vxF4AaABAg,positif,negatif
UgxAvuBohMXxYYkcL-l4AaABAg,netral,netral
UgxAvuBohMXxYYkcL-l4AaABAg.AVWdIzFKUCeAXP5TWBOULd,netral,netral
UgzW9feBwyBIABcNf0N4AaABAg,positif,positif
UgzW9feBwyBIABcNf0N4AaABAg.AUqLypw4lt0AV-PzEy8bcE,netral,negatif
UgzW9feBwyBIABcNf0N4AaABAg.AUqLypw4lt0AVL683VZeA7,netral,netral
UgzIDydrfTH12dD9xEZ4AaABAg,positif,positif
UgzIDydrfTH12dD9xEZ4AaABAg.AV9JaqZ6kCqAYYYwF0AotH,negatif,negatif
UgynGvXRqJ1PfPn7_Sh4AaABAg,positif,positif
Ugw-dKJM8QLiitRRcI54AaABAg,netral,negatif
Ugw-dKJM8QLiitRRcI54AaABAg.AU73k8HzfwpAULMQwFWplT,positif,positif
UgzS0rSuf7BXquyfn-94AaABAg,netral,netral
Ugwdx8PohrtZp-1pgBl4AaABAg,netral,netral
UgwyCJdOKmf6yKEtLzt4AaABAg,positif,positif
UgxbN8yP9EyRExAHUoh4AaABAg,netral,netral
UgxbN8yP9EyRExAHUoh4AaABAg.AU2ZUUdrSSrAU3MSwfPuGx,netral,netral
UgwwvsiZPoNSosGn8rd4AaABAg,positif,positif
UgyfzriAWUTzBTUcIsx4AaABAg,netral,negatif
UgxS5prSGCEN6_21Gs94AaABAg,netral,netral
UgxCly3JeHTMI2fHRoR4AaABAg,netral,netral
Ugyo4jWaotL61u_lL8J4AaABAg,netral,netral
UgxxBfJlcT_LWsIltoF4AaABAg,negatif,negatif
UgycONiVczls-2Mznqt4AaABAg,positif,positif
UgxvtaAUJUd1O1AaYXN4AaABAg,netral,negatif
Ugx8BaRsC7KIhrM8nsF4AaABAg,netral,netral
Ugx8BaRsC7KIhrM8nsF4AaABAg.AUWhrXPSQOVAUoXOOAN_z6,negatif,negatif
UgxKtexCRXXx5usgaw14AaABAg,positif,positif
UgzUT6XgnTVuzbXJ-4J4AaABAg,positif,netral
UgzUh9QEl0XU0bbkop14AaABAg,positif,netral
Ugzww6Sy4gHjLCBg5q94AaABAg,positif,positif
Ugzww6Sy4gHjLCBg5q94AaABAg.AU2UpBJv6niAU2yatSptbn,negatif,negatif
Ugzww6Sy4gHjLCBg5q94AaABAg.AU2UpBJv6niAU4CPfCTmLY,netral,negatif
UgxigLdI_NJC_GJW1Sx4AaABAg,netral,negatif
UgyPcSbYHgU8jKMLsSR4AaABAg,netral,netral
UgyPcSbYHgU8jKMLsSR4AaABAg.AU2aioZzijKAU2f2it9WFc,netral,netral
UgyPcSbYHgU8jKMLsSR4AaABAg.AU2aioZzijKAU3QFZsjEi7,netral,netral
UgyPcSbYHgU8jKMLsSR4AaABAg.AU2aioZzijKAU6HzxVMvLT,netral,netral
UgyPcSbYHgU8jKMLsSR4AaABAg.AU2aioZzijKAU8xjcI6tbR,netral,netral
UgxcWs-_h3o3jPMbm0h4AaABAg,netral,negatif
Ugyue0YFAW7WTC9Rjzl4AaABAg,netral,netral
UgwzdttBVSynGjdsJ6l4AaABAg,negatif,negatif
Ugz7HUMfR9em1Q9wLTJ4AaABAg,positif,positif
Ugyt7mmYxzuOWqfM4Nl4AaABAg,netral,netral
UgwVQQJiaf3WO8WcQGR4AaABAg,netral,negatif
UgywwFkNKiXRiOvMutx4AaABAg,netral,negatif
UgywwFkNKiXRiOvMutx4AaABAg.AU3PizkLKeQAU4C7n4JOGA,netral,netral
UgywwFkNKiXRiOvMutx4AaABAg.AU3PizkLKeQAU4U7Bl_j1x,netral,negatif
UgywwFkNKiXRiOvMutx4AaABAg.AU3PizkLKeQAU6HvwARpUl,netral,negatif
UgyRvNChdPNbbsPe2Nd4AaABAg,netral,negatif
UgyRvNChdPNbbsPe2Nd4AaABAg.AU2fNgwq8RlAU55nbICkIf,netral,netral
UgyRvNChdPNbbsPe2Nd4AaABAg.AU2fNgwq8RlAU2xy1ZQU0m,negatif,negatif
UgyRvNChdPNbbsPe2Nd4AaABAg.AU2fNgwq8RlAU31bQ6jiM8,netral,positif
UgyRvNChdPNbbsPe2Nd4AaABAg.AU2fNgwq8RlAU44gIv5dpT,netral,netral
UgyRvNChdPNbbsPe2Nd4AaABAg.AU2fNgwq8RlAU4Z-dLCFld,positif,positif
UgyRvNChdPNbbsPe2Nd4AaABAg.AU2fNgwq8RlAU4dfE-2fw-,negatif,negatif
UgyRvNChdPNbbsPe2Nd4AaABAg.AU2fNgwq8RlAU4tmeZuVSP,negatif,negatif
UgyRvNChdPNbbsPe2Nd4AaABAg.AU2fNgwq8RlAU5Gg9ID1rm,netral,netral
UgyRvNChdPNbbsPe2Nd4AaABAg.AU2fNgwq8RlAU6HgOkULSz,netral,netral
UgyRvNChdPNbbsPe2Nd4AaABAg.AU2fNgwq8RlAU9CQn2wmk0,netral,negatif
Ugwn192Bt3FQIusImDx4AaABAg,netral,netral
Ugw8GKS1QIyEwYpu-Mh4AaABAg,netral,negatif
Ugxw1BxOqRPKyX4f8TF4AaABAg,netral,netral
UgzyzQGAXvO1j-b6nh14AaABAg,netral,negatif
Ugz7NH7xNhGybSTlkxh4AaABAg,negatif,negatif
Ugz7NH7xNhGybSTlkxh4AaABAg.AU2oBHKyMR8AU2y1wHN_A6,netral,negatif
Ugz7NH7xNhGybSTlkxh4AaABAg.AU2oBHKyMR8AU3Q73XUfNG,netral,negatif
Ugz7NH7xNhGybSTlkxh4AaABAg.AU2oBHKyMR8AU6HqXNEF76,netral,negatif
Ugz7NH7xNhGybSTlkxh4AaABAg.AU2oBHKyMR8AUEPh8DEQQk,netral,netral
Ugz7NH7xNhGybSTlkxh4AaABAg.AU2oBHKyMR8AUEpmFCX5qe,negatif,negatif
Ugz7NH7xNhGybSTlkxh4AaABAg.AU2oBHKyMR8AUIlLVjMKlI,netral,netral
Ugz7NH7xNhGybSTlkxh4AaABAg.AU2oBHKyMR8AVeYPs48XXQ,negatif,negatif
Ugxg3U_I_Cuxb4JJrg94AaABAg,netral,negatif
UgzQawAJrcCaTVeY8I94AaABAg,negatif,negatif
UgzQawAJrcCaTVeY8I94AaABAg.AVLNisI64RtAXP5VKtEhfm,netral,netral
UgyHUTlxF6v5xD-bo6V4AaABAg,netral,negatif
UgyHUTlxF6v5xD-bo6V4AaABAg.AVhHLJ42SzRAXP5UQ9dsp9,netral,netral
UgyhSLUCVjxXUL7il8h4AaABAg,netral,netral
Ugz57yqV-wIIkg8h8Vt4AaABAg,negatif,negatif
UgyYFK7giFU8z6scI8p4AaABAg,netral,negatif
Ugw8EPJv7Cy1uLxHdwF4AaABAg,netral,netral
UgxKsrH5Kaafg0y9jTV4AaABAg,negatif,negatif
Ugy2t28yTM5ZZ-WqttZ4AaABAg,negatif,negatif
Ugzp1h1tuQ4nQMTwvEF4AaABAg,netral,negatif
UgwcGrUSrwrlupANjUh4AaABAg,negatif,negatif
UgzBrMjFS8O2Ppy27gt4AaABAg,positif,positif
UgwTRH-LQQVqmTOK83x4AaABAg,negatif,negatif
UgwTRH-LQQVqmTOK83x4AaABAg.AUlQ_11hU3qAUmFNUiTawy,negatif,netral
UgwTRH-LQQVqmTOK83x4AaABAg.AUlQ_11hU3qAUmILic4wOA,netral,netral
Ugy0fd8OMVkBkt494hB4AaABAg,negatif,negatif
UgxctSXBP4rj4k8-OZp4AaABAg,positif,negatif
UgwjyflAMHiqULpuirJ4AaABAg,positif,netral
Ugy4IKeRe6wYYYRwXRB4AaABAg,negatif,negatif
Ugw3o21aqqVI99B3bl54AaABAg,negatif,negatif
UgxLGWA6-oE_GMFmarV4AaABAg,positif,positif
UgwbfwnD342Pc-WsLuF4AaABAg,netral,negatif
Ugyo7AR_cGnZyvosth14AaABAg,netral,netral
Ugyo7AR_cGnZyvosth14AaABAg.AAHouG8cXx_AAINqmztO0w,positif,positif
UgxQkv0bAOqk87B7OqV4AaABAg,positif,positif
UgxQkv0bAOqk87B7OqV4AaABAg.AAExn7XABY1AAFNtm_gmX1,positif,netral
UgxQkv0bAOqk87B7OqV4AaABAg.AAExn7XABY1AAGIDXOj0DB,netral,netral
UgxQkv0bAOqk87B7OqV4AaABAg.AAExn7XABY1AAH-t1YVMBK,netral,netral
UgxQkv0bAOqk87B7OqV4AaABAg.AAExn7XABY1AAWrZheBcX4,netral,netral
UgxQkv0bAOqk87B7OqV4AaABAg.AAExn7XABY1AAXwA16lswC,positif,positif
UgxM_xqdDB8JfyvooCB4AaABAg,positif,positif
UgzyrR8OlB2KCzTWbGl4AaABAg,netral,netral
UgzyrR8OlB2KCzTWbGl4AaABAg.AA_X3B8s4EbAAmp606-rKh,netral,negatif
UgzyrR8OlB2KCzTWbGl4AaABAg.AA_X3B8s4EbABwovZ8apZe,netral,netral
UgzyrR8OlB2KCzTWbGl4AaABAg.AA_X3B8s4EbABxNnLb4HG-,netral,netral
UgzyrR8OlB2KCzTWbGl4AaABAg.AA_X3B8s4EbABu6sAb-4QI,netral,netral
UgzyrR8OlB2KCzTWbGl4AaABAg.AA_X3B8s4EbABunODUATvP,netral,positif
UgzyrR8OlB2KCzTWbGl4AaABAg.AA_X3B8s4EbAC2pV0D-Hw3,positif,positif
UgzyrR8OlB2KCzTWbGl4AaABAg.AA_X3B8s4EbACIxwf9gWUH,positif,positif
UgzyrR8OlB2KCzTWbGl4AaABAg.AA_X3B8s4EbAByjHBsYiJT,netral,negatif
UgzyrR8OlB2KCzTWbGl4AaABAg.AA_X3B8s4EbAC1E8UxZMeH,positif,negatif
UgzyrR8OlB2KCzTWbGl4AaABAg.AA_X3B8s4EbAC3rS3GzATU,netral,negatif
UgzyrR8OlB2KCzTWbGl4AaABAg.AA_X3B8s4EbACJ2OSLajMJ,netral,negatif
UgzyrR8OlB2KCzTWbGl4AaABAg.AA_X3B8s4EbACL4QWkohW7,netral,netral
UgzyrR8OlB2KCzTWbGl4AaABAg.AA_X3B8s4EbACW3oxa4_3F,netral,netral
UgzyrR8OlB2KCzTWbGl4AaABAg.AA_X3B8s4EbAHAyoQm4yx1,netral,negatif
UgzyrR8OlB2KCzTWbGl4AaABAg.AA_X3B8s4EbAAc3r0w7-mJ,netral,netral
Ugx7zxEDl1ZRlLID3M14AaABAg,netral,positif
UgxZzUwY0JqBwbf-VmV4AaABAg,positif,positif
Ugwo-RK0HoNhBBBp5qV4AaABAg,positif,positif
UgyStNnAGRm-pD6E8X94AaABAg,positif,positif
UgwY2P8BOz_sFrKxaeF4AaABAg,netral,netral
UgxMPiT9mK3y866421R4AaABAg,negatif,negatif
UgxMPiT9mK3y866421R4AaABAg.AC0XF1ZGW_YAC3nfN-zjyl,positif,positif
UgxMPiT9mK3y866421R4AaABAg.AC0XF1ZGW_YACYzpbncOcb,netral,negatif
UgwB1FAhxiltXyH_CO14AaABAg,positif,positif
Ugw3A7_JsgPkdCV5Ov14AaABAg,positif,positif
Ugy3mkoivoJsHFis-zJ4AaABAg,positif,positif
Ugxg0odcal8-IkGJ4-J4AaABAg,positif,positif
Ugyskw8Ns0EDye0-AKl4AaABAg,positif,netral
UgwJqRpAljyckakSE7t4AaABAg,netral,netral
UgxWhZXZMPDk64VMyG14AaABAg,positif,netral
UgzIEt8JLBuoj7Fe5y54AaABAg,netral,negatif
Ugw3mN-GTpZ8dHIGiB94AaABAg,positif,positif
Ugz5vbK2dti97gBVCTB4AaABAg,positif,positif
UgwLOOkDBqW9km73HLl4AaABAg,positif,positif
UgxsSB21YYG_fJZm3Ah4AaABAg,positif,positif
UgwtXM_wt4Mw9u0u-rF4AaABAg,netral,netral
UgwcwXFT9q0ybED6SfN4AaABAg,positif,positif
UgyPQD7ZGJHLbBqf1DN4AaABAg,positif,positif
UgxxvzMUyXBckie-wQB4AaABAg,netral,positif
UgzGwv9iSd5eHHR_kjF4AaABAg,positif,netral
Ugw3yRpjkbrE58TDn7d4AaABAg,positif,positif
UgyFN20G9K0vjA5u6t54AaABAg,netral,positif
UgxlzMQSoZVNnmEibVl4AaABAg,positif,positif
UgwWZCSJ486YMWHRwsJ4AaABAg,netral,netral
UgyiBhXIhZNwinvNFhp4AaABAg,positif,positif
UgxwW9Y1_H_UkV4g5Up4AaABAg,positif,positif
UgxQm4Xdhy2h5gpJdkl4AaABAg,positif,positif
UgzlzWZcGZ9jBi8-l9l4AaABAg,positif,positif
UgzUsez218yR39rOMJ94AaABAg,positif,positif
UgyavJ8aMMLDi1dg3o94AaABAg,positif,netral
UgyYD9F8SDDv-oIq5px4AaABAg,netral,negatif
UgysRAQbazBkEvtF7P94AaABAg,netral,negatif
UgwT9bRPEfAxO9QsoSV4AaABAg,positif,positif
UgytWulX-gStXRu3RgV4AaABAg,netral,netral
Ugxa3hN7zEJEVLVgXGF4AaABAg,positif,positif
UgzquNPDSb8Jn8uuTQ14AaABAg,netral,netral
UgztF74Jfs18N6eImtN4AaABAg,netral,positif
Ugy4COCzOl5p-PCasi14AaABAg,netral,netral
Ugz8l1oqlHFXpFIspmh4AaABAg,netral,netral
UgyOBjj7TauqokqLqkx4AaABAg,netral,netral
UgxWh3YwEIpbXyX2JlR4AaABAg,positif,positif
UgwhTxcU-1-dFB8OvrJ4AaABAg,netral,netral
UgyGOFM-pevEnopEpMZ4AaABAg,netral,netral
UgyRc_2zXUqXkiCvWHB4AaABAg,positif,positif
UgxFFsc6SE_KcaovCyF4AaABAg,netral,netral
UgwhEWcmRbI9S0cNCFt4AaABAg,positif,positif
Ugx1nTASZK7plJKgdGZ4AaABAg,positif,negatif
UgypHH5Czv_O-gAU9sp4AaABAg,positif,positif
Ugz27VGnPm8SgU_v8j14AaABAg,netral,netral
UgwIHxMKDglnrVIbumh4AaABAg,netral,positif
UgzHv93x505oQTTCgP54AaABAg,positif,positif
UgzHv93x505oQTTCgP54AaABAg.AC6lwBrv1eBAHAkBOYaVNm,netral,netral
Ugx5MkDiacRjKZT2tXl4AaABAg,positif,netral
UgwS5FeaV9jBsbPO3el4AaABAg,netral,netral
UgwS5FeaV9jBsbPO3el4AaABAg.ABxSHLR_GbmAC3nlDWSjmc,netral,netral
Ugw7jVapIH-m1ur66i94AaABAg,netral,negatif
UgwYNZ1ksXP6hw9rSIN4AaABAg,netral,netral
Ugw2r1XgWnQJHhe2rht4AaABAg,negatif,negatif
UgwJCHDnPwWOhLVNHg14AaABAg,negatif,negatif
UgxCYuVWP2jEFpucN1d4AaABAg,negatif,negatif
Ugy7hfSjjtpV3p6H1NV4AaABAg,netral,netral
Ugy7hfSjjtpV3p6H1NV4AaABAg.AA_XcZ9AwkTACDTFInnPUm,positif,positif
UgybV6UzYCvXVNsgTgV4AaABAg,netral,negatif
UgyI9bzBTcBjFs-T2cJ4AaABAg,positif,positif
UgwG7RftZ8xZ-NoyBxF4AaABAg,positif,positif
UgwG7RftZ8xZ-NoyBxF4AaABAg.AC4u3vJKdnqAC5GhC6W2ms,negatif,negatif
UgwG7RftZ8xZ-NoyBxF4AaABAg.AC4u3vJKdnqAC_kHVpu8Av,positif,positif
Ugx58sNPf2FF0QDkYYB4AaABAg,netral,netral
Ugx58sNPf2FF0QDkYYB4AaABAg.AH2DO8z-u27AH2qcw1kNFA,positif,positif
Ugzj5JNErDTvvxCT8TF4AaABAg,netral,netral
Ugw7rRbqhkWkQx0WVi14AaABAg,positif,netral
Ugw7rRbqhkWkQx0WVi14AaABAg.AA_Sw47SviBABVgb8Mwa0B,netral,netral
Ugw7rRbqhkWkQx0WVi14AaABAg.AA_Sw47SviBAC0E6Z2eAkS,netral,negatif
Ugw7rRbqhkWkQx0WVi14AaABAg.AA_Sw47SviBAC0avvdRW57,netral,netral
Ugw7rRbqhkWkQx0WVi14AaABAg.AA_Sw47SviBAC5Xvs1dc7o,netral,netral
UgxEuXL2ntN7FxYfGFl4AaABAg,positif,positif
Ugym-4T-s7dHfZBvN7x4AaABAg,positif,positif
Ugym-4T-s7dHfZBvN7x4AaABAg.ACSR4ar7uD_ACaZXlvcu0I,netral,netral
UgyH-72EbjZGh0Qg2dF4AaABAg,positif,positif
UgzEa0WTWtqtsNsOrqN4AaABAg,netral,netral
Ugz204Bw9uzOmxK3UaV4AaABAg,positif,netral
Ugz204Bw9uzOmxK3UaV4AaABAg.ABykiGwbzwGAC16LpmLeg8,netral,netral
UgzziUPDwAWXErv_XDZ4AaABAg,netral,negatif
UgzziUPDwAWXErv_XDZ4AaABAg.ABeTrx-s_JuAC3VXHHuCtd,netral,negatif
UgzziUPDwAWXErv_XDZ4AaABAg.ABeTrx-s_JuAC3_hPxklY6,netral,netral
UgzziUPDwAWXErv_XDZ4AaABAg.ABeTrx-s_JuABzOLcrIWRX,netral,negatif
UgzziUPDwAWXErv_XDZ4AaABAg.ABeTrx-s_JuABuscMvC4Rb,netral,netral
UgwXz4zTStdi8Aulr_54AaABAg,negatif,negatif
UgzZQG8w4aAiNS173W14AaABAg,netral,negatif
UgzZQG8w4aAiNS173W14AaABAg.AAj-a2Sc66ZABBITiC7Fwe,netral,negatif
UgzZQG8w4aAiNS173W14AaABAg.AAj-a2Sc66ZABwIo2cIo8_,negatif,negatif
UgzZQG8w4aAiNS173W14AaABAg.AAj-a2Sc66ZABc_GRaoCAS,netral,netral
UgzZQG8w4aAiNS173W14AaABAg.AAj-a2Sc66ZAC-1feTOC8s,positif,netral
UgzZQG8w4aAiNS173W14AaABAg.AAj-a2Sc66ZAC0XVrIGAvA,netral,netral
UgzZQG8w4aAiNS173W14AaABAg.AAj-a2Sc66ZAC16Elh_dVB,positif,netral
UgzZQG8w4aAiNS173W14AaABAg.AAj-a2Sc66ZACNkjqn8DUn,positif,negatif
Ugyv9Zjbsb8ZDouVLa94AaABAg,negatif,negatif
Ugyv9Zjbsb8ZDouVLa94AaABAg.ACWshUaWsJgACYca_htJkN,netral,negatif
Ugyv9Zjbsb8ZDouVLa94AaABAg.ACWshUaWsJgACZLq-5xQm0,positif,positif
Ugyv9Zjbsb8ZDouVLa94AaABAg.ACWshUaWsJgAH2qhW4j8c8,netral,netral
Ugz-IJLcCAQhXJvgmep4AaABAg,netral,netral
Ugz-IJLcCAQhXJvgmep4AaABAg.AAlXviLRRXNAC18785f-V2,positif,netral
Ugz-IJLcCAQhXJvgmep4AaABAg.AAlXviLRRXNABunUrgJmEQ,positif,netral
Ugx3N38Eh_zwCSrMc294AaABAg,positif,positif
Ugx3N38Eh_zwCSrMc294AaABAg.AOwpNcbjm3_APhoRJPm8qa,netral,netral
UgxsZpEbUsx3p8uxQlx4AaABAg,positif,positif
UgxtD5UaJiMqcJlGb894AaABAg,positif,positif
UgxtD5UaJiMqcJlGb894AaABAg.AOwr_MoUyDJAOxxMAwU-3W,netral,netral
UgxtD5UaJiMqcJlGb894AaABAg.AOwr_MoUyDJAP616Qkn_nJ,positif,positif
UgxtD5UaJiMqcJlGb894AaABAg.AOwr_MoUyDJASZVyRhNXRD,netral,netral
Ugzc9yERmk0amWPPH0l4AaABAg,positif,negatif
UgwE9q-zfcQZC4Gn-IF4AaABAg,netral,negatif
UgwE9q-zfcQZC4Gn-IF4AaABAg.AOwzxejVLCnAOyVH55rdSR,netral,netral
UgwE9q-zfcQZC4Gn-IF4AaABAg.AOwzxejVLCnATPbhCERUSM,negatif,positif
UgzQ-lbsm7C3lRJldz14AaABAg,netral,positif
UgzQ-lbsm7C3lRJldz14AaABAg.AOwtUHCt4N6AOyRmZtEzS4,netral,negatif
UgzQ-lbsm7C3lRJldz14AaABAg.AOwtUHCt4N6AP2KVmsr7NC,positif,positif
Ugxla_90M4zwkqgL9bt4AaABAg,positif,positif
UgzvX3Q0zECsmrRnbFp4AaABAg,positif,negatif
UgwJiy6p20ql543sxuV4AaABAg,negatif,negatif
Ugyhra4Tk1IpUsTAp2d4AaABAg,positif,positif
Ugw6ofx--NQ9OvI577N4AaABAg,positif,positif
UgyDA86MlfKGDLrRSrZ4AaABAg,positif,netral
UgyeBNSoECQ8usQZbxh4AaABAg,positif,positif
UgynOtrcyF7u08aBvah4AaABAg,positif,positif
Ugz5EIUJUTQlnGVNvyN4AaABAg,positif,netral
Ugz4Djb7hqDqRUZdVPN4AaABAg,positif,positif
UgxhUaOiXPf6Xwvbk7l4AaABAg,positif,positif
UgwMQ43GT_fVf60-qep4AaABAg,positif,positif
UgwMQ43GT_fVf60-qep4AaABAg.AOwtegk4exTAOxxOCocnNs,positif,netral
Ugw0yUJdCDVzdr4IYdF4AaABAg,negatif,negatif
UgxX-7BRRa4rQv2EI_h4AaABAg,netral,positif
UgzXnDBcCcggm4CASCd4AaABAg,netral,netral
Ugz10lm2keXcjNEZ7nd4AaABAg,positif,positif
Ugxf5boSNgZwXSLkcMx4AaABAg,positif,positif
UgzzipMKsJfZrLscyr94AaABAg,positif,positif
UgwuNOmagPWoUBFs6ZN4AaABAg,netral,netral
UgxWpNz3_yEYbCcfO1V4AaABAg,positif,positif
UgyUjNlzk5z9oDEbaRJ4AaABAg,positif,positif
UgylIDaao2uvNWAFZUh4AaABAg,netral,netral
UgxiAlT53e6pS_B1fKJ4AaABAg,positif,positif
Ugzhn2I2ddEjq_1C9Q14AaABAg,positif,positif
UgzxlFGX0Fd9otNidRJ4AaABAg,positif,positif
UgwXD4kWlQBPaEltrHF4AaABAg,positif,positif
Ugxpo4CgwBMCBC5hKA54AaABAg,negatif,positif
Ugy_lz0S56OgtBvtrBZ4AaABAg,netral,positif
UgxUvLp1UQvyay4LBjt4AaABAg,negatif,positif
UgwEyXyQjN8e0JmPYnh4AaABAg,negatif,negatif
UgzI6lb1VrAqCCYQz8B4AaABAg,positif,positif
UgyvszK1buGwTuZhVlZ4AaABAg,negatif,negatif
Ugx6bwBBMrVtrvxOYZ54AaABAg,negatif,negatif
UgyR4XE5HtmceXZ-7Jp4AaABAg,positif,positif
Ugz8kuio2GE6JOuPNbl4AaABAg,netral,positif
Ugwo0b2OyR-IdvDu2jR4AaABAg,positif,positif
UgyhHaFLGUJIQ6-LEYF4AaABAg,negatif,negatif
UgwdOKk32-pwTYeISUR4AaABAg,positif,positif
UgzVEXIl48vH5B8xXSl4AaABAg,positif,positif
UgyWVA0zx8M_lTodh1B4AaABAg,positif,positif
UgyKf__DIp13awohAAx4AaABAg,positif,positif
UgyKf__DIp13awohAAx4AaABAg.AOxlz97-HYRAPhoa51iVVx,positif,positif
UgzoWofJvqpEhjCcGj54AaABAg,positif,positif
UgyL5MDyEAZgu_Z4dwN4AaABAg,positif,positif
UgzE5zSqrcWAXqzxftN4AaABAg,positif,positif
UgzLnivu1VpsGRMRl3B4AaABAg,positif,positif
Ugyymoo5fWlCgbjVe_F4AaABAg,netral,netral
UgxVpNwyKBB7-u7HRWt4AaABAg,netral,positif
UgzrKtUqwyfZvAgjN1h4AaABAg,positif,positif
UgznMJawH2onNHZNvVl4AaABAg,positif,positif
UgyYd888DKyorc6wzQF4AaABAg,positif,positif
UgyhY7DbS1up7PDP6Bd4AaABAg,positif,netral
UgwX-eUeFiNqi72xgdF4AaABAg,positif,positif
UgwXOW6UeXkj6YyegR94AaABAg,positif,negatif
Ugz-yxn5kQE2DKQV39d4AaABAg,positif,positif
UgwatqzMQilAJTZRr-t4AaABAg,negatif,netral
UgxhxKPE0U9xhqyMA-B4AaABAg,positif,positif
Ugx-SfwCQU6_wL7jQYd4AaABAg,positif,negatif
Ugx-SfwCQU6_wL7jQYd4AaABAg.AOwnkicSofAAOwzWkwvuTK,netral,netral
UgxChkppLb5xuPGQzbp4AaABAg,positif,positif
UgyV4jX6boyvPHthaPx4AaABAg,netral,netral
Ugzo_SGZ6CpS493hXzd4AaABAg,netral,negatif
UgzYyilTGCT8fBqoPp14AaABAg,positif,positif
Ugzm1mhPRAttuVMb2VR4AaABAg,positif,positif
UgztUTvA80harO3JwZR4AaABAg,positif,positif
UgzxjskX_WScguYXw7J4AaABAg,netral,netral
UgxgItk4tO9GlT_JraF4AaABAg,positif,positif
UgwpIFP1ZqJbry-X9yp4AaABAg,negatif,negatif
UgwpIFP1ZqJbry-X9yp4AaABAg.AOxfnPOPNQoAOzl9TisMJD,negatif,negatif
UgwhmCwMZfQQ0rWbCPN4AaABAg,positif,netral
Ugz35OFEDr16azvsSRB4AaABAg,netral,netral
UgzcyEgPO9xwEJJTxpZ4AaABAg,netral,netral
UgzeylkQfcBA1j1kGeh4AaABAg,netral,netral
UgxKlTZbfjG34mTAdK94AaABAg,positif,negatif
UgzVB3j6WjtAJr6Tamt4AaABAg,netral,netral
UgxGkOnSN4BsX3PVCPd4AaABAg,netral,netral
Ugz7UptEFNvtkl5xq2R4AaABAg,netral,netral
UgwnWJGzwGJaSVZQ-5F4AaABAg,positif,positif
UgyHcssHfOP2kQorYVN4AaABAg,netral,netral
UgzIQ3lfZumej_JzLyV4AaABAg,positif,positif
UgzIQ3lfZumej_JzLyV4AaABAg.AOwn23QQ8KaAP5mI6qz4Tr,netral,netral
Ugwf7-OCpAbZaVLunAh4AaABAg,positif,positif
UgxUzZGDx_3SrWaMWbV4AaABAg,positif,positif
UgxFmE9g1V1G8SihxBV4AaABAg,positif,positif
UgySzlx-riKAG0UzmFN4AaABAg,netral,negatif
Ugyhuy-Mh9Ady_glq_94AaABAg,positif,netral
Ugy4B2gVenKidovL5zV4AaABAg,negatif,negatif
Ugz45PHqg7-1cNLZcMh4AaABAg,negatif,negatif
UgxmlT7t5b-sMoa0JHZ4AaABAg,negatif,netral
Ugx168h258_yvJUnUB94AaABAg,netral,netral
Ugw9cydMxyQnZ17uNUx4AaABAg,positif,positif
UgzNB39L51_zs1My_uR4AaABAg,positif,netral
UgyfDnOeUwjT_I1FeYp4AaABAg,positif,positif
UgyrmRpyjVqFsxIMqxB4AaABAg,netral,netral
UgwKL0ltZo3S4Arm3xZ4AaABAg,netral,netral
UgyOCaY-QY36jwCysDt4AaABAg,positif,positif
UgxnjR5HiZMrmPL_1ll4AaABAg,positif,positif
UgyR4EQ0c9Tp5nu2alZ4AaABAg,positif,positif
UgxnAeyiTwwuhaSK5QR4AaABAg,netral,netral
UgxnAeyiTwwuhaSK5QR4AaABAg.AOz92eOtH2fAPDbDRgaUeR,netral,netral
UgxQMtSPRQZG8yu5qRB4AaABAg,positif,positif
UgwOfHE1bsEwzxKK-i94AaABAg,positif,negatif
UgxjpeWBWoxJYSeRnuh4AaABAg,positif,positif
UgwMiviboDHP4A2eZJN4AaABAg,positif,netral
Ugw0PRBSjUM77sUJ4Mx4AaABAg,positif,positif
UgyOu2gANxsnvD-GaZR4AaABAg,netral,netral
UgzV4JU6dCekXpBwPqV4AaABAg,positif,positif
UgzV4JU6dCekXpBwPqV4AaABAg.AOwohF0YfCAAOwtfNAHALb,netral,netral
Ugyv1w6f5hcGzwKuNvR4AaABAg,netral,positif
UgzvjemPVsSakvnVOOR4AaABAg,positif,positif
Ugx8vMOw8qUeCVO5Cax4AaABAg,netral,netral
Ugz2u-kjxVNFBaZCaUB4AaABAg,negatif,positif
Ugz7gNqS0WKH5SOqBOF4AaABAg,netral,netral
UgzsrVJOpTJFKhU6BM14AaABAg,negatif,negatif
UgyjFpQG5DExQ0sPtVd4AaABAg,positif,negatif
UgwmkFATRoZlaeL0lDh4AaABAg,positif,positif
Ugyq5egctuIq3Nt9CDJ4AaABAg,negatif,negatif
UgzIAfZrx5ev8sjzUJp4AaABAg,netral,positif
UgzIAfZrx5ev8sjzUJp4AaABAg.AOyRcksMcG3AP3jY7k9EXk,netral,netral
UgypYQzTdlSQggL4a0F4AaABAg,positif,positif
UgyNaz5KUDg7qlSKuHF4AaABAg,netral,netral
UgyZ59haAP6EofZAoCJ4AaABAg,negatif,negatif
Ugwx21UimCoSz6bvo0x4AaABAg,netral,netral
UgzlPiYlq73-fITXjNR4AaABAg,negatif,negatif
UgyXzcRHEhXqGznYp-54AaABAg,positif,positif
UgzMCfrleoO8CYySenF4AaABAg,netral,netral
UgzHA661COZXnekHrC94AaABAg,netral,negatif
UgxGE9VJy6LoatLDADx4AaABAg,netral,negatif
UgxGE9VJy6LoatLDADx4AaABAg.AOwpEtxw_TeAOwqG5hL6vf,netral,negatif
UgwPUOumQjpjmgg-K794AaABAg,negatif,negatif
UgwPUOumQjpjmgg-K794AaABAg.AOxBna-YevKAOyksuBK5K8,netral,positif
UgxrutVBxAM3bkMhxvt4AaABAg,netral,netral
Ugwdo9cCHUjGsrV2t_t4AaABAg,netral,netral
UgyikUq-xyTPptrvzE14AaABAg,netral,negatif
UgyikUq-xyTPptrvzE14AaABAg.AOxdnjOy1JCAOxxbMR04Du,netral,netral
UgxZZpfOxJaNBQONpAh4AaABAg,positif,netral
UgzD_owdvBiylV9R4-t4AaABAg,netral,netral
UgzwCiPLXNsqbhvY87Z4AaABAg,netral,netral
UgyfP3ji0J6UmqFnJTx4AaABAg,netral,netral
UgyfP3ji0J6UmqFnJTx4AaABAg.AOwqbpkftBdAOxffOqbOC7,negatif,negatif
Ugy2sdBtQkxKFeLYDtp4AaABAg,netral,netral
Ugy_QW_cci0By6ZbPkZ4AaABAg,netral,netral
UgwoTko6KatrE9k0_dl4AaABAg,positif,positif
UgwoTko6KatrE9k0_dl4AaABAg.AP3PigSazsYAP4tE5GYHpT,negatif,negatif
Ugy4jqcx7GxkClKasdR4AaABAg,negatif,negatif
UgxjpYbGrAlGLFNTPfF4AaABAg,netral,negatif
UgxjpYbGrAlGLFNTPfF4AaABAg.AOx6zvB8S7iAOxxUNtFNzx,negatif,negatif
UgxjpYbGrAlGLFNTPfF4AaABAg.AOx6zvB8S7iAOyL7xF-2jL,positif,positif
UgxjpYbGrAlGLFNTPfF4AaABAg.AOx6zvB8S7iAOzTP5Ak-rn,negatif,positif
UgxjpYbGrAlGLFNTPfF4AaABAg.AOx6zvB8S7iAOzTvB51ktK,netral,netral
UgxjpYbGrAlGLFNTPfF4AaABAg.AOx6zvB8S7iAOyLVC-1ZtZ,netral,negatif
UgzJo1m9JrMYRFuSTQV4AaABAg,netral,netral
UgzAOIQNaqkk6PX9i8F4AaABAg,netral,netral
UgwMDe1M4l1yjnuRNfp4AaABAg,netral,netral
UgxV2HAND2gliQDSZdl4AaABAg,positif,netral
UgxVtHpNSE5zOFSUarJ4AaABAg,netral,netral
Ugy8wVyqkaHBw_uLazt4AaABAg,netral,negatif
UgwcxD-7HrztA8PhZ0J4AaABAg,netral,netral
UgwcxD-7HrztA8PhZ0J4AaABAg.AOx7NeWyRkvAOz_0_w-PEE,netral,negatif
UgwcxD-7HrztA8PhZ0J4AaABAg.AOx7NeWyRkvAP4tnIVngJ2,positif,positif
UgyK4x5vtmm7vTiY7T94AaABAg,positif,positif
UgyK4x5vtmm7vTiY7T94AaABAg.AOyc-msGeoPAP1NwWEJF3O,positif,netral
UgyK4x5vtmm7vTiY7T94AaABAg.AOyc-msGeoPAP3jMqNB1lu,positif,positif
Ugy9J_nARNzmEBvtCcd4AaABAg,positif,positif
Ugy9J_nARNzmEBvtCcd4AaABAg.AOz4jkTPgL_AP4tXQjIQUz,positif,positif
UgwBkap0-eLmpKU7FWB4AaABAg,positif,positif
UgynI31wjO5AAdFG7gN4AaABAg,netral,netral
UgzlNG-O7PCl1C4wcTV4AaABAg,positif,positif
UgwWQUMNWKyug2qaWDx4AaABAg,netral,negatif
UgwWQUMNWKyug2qaWDx4AaABAg.AOx3EzPim4DAOzAPe0lO_g,positif,positif
UgwWQUMNWKyug2qaWDx4AaABAg.AOx3EzPim4DAOzVUPevlhQ,netral,netral
UgwWQUMNWKyug2qaWDx4AaABAg.AOx3EzPim4DAP3ihslc7KO,netral,netral
UgzpjCGJtmWij0_pOc14AaABAg,netral,negatif
UgyNkZ1CqNFaL3yqRh14AaABAg,positif,positif
UgyNkZ1CqNFaL3yqRh14AaABAg.AP2Uetec8nxAP4tNHRmLZv,netral,negatif
UgzW_SvnOrfhJx38h7F4AaABAg,netral,positif
UgzW_SvnOrfhJx38h7F4AaABAg.AOwuddZPbfEAOyaKeahVXQ,positif,positif
UgzW_SvnOrfhJx38h7F4AaABAg.AOwuddZPbfEAP0jr7dfcRt,netral,negatif
UgzW_SvnOrfhJx38h7F4AaABAg.AOwuddZPbfEAP3jQBqjSLJ,netral,negatif
UgwoDHTd_UCnDEZZqKp4AaABAg,netral,netral
UgwoDHTd_UCnDEZZqKp4AaABAg.APS58OGh8qNAPXsafinlQz,netral,netral
Ugzvalq5iSRRH7GvIa94AaABAg,netral,netral
UgxCZmiolq2GpR93isF4AaABAg,positif,positif
UgyCq0j9eKoQam92WcB4AaABAg,netral,negatif
UgyCq0j9eKoQam92WcB4AaABAg.AOxx_jTpYliAOyaG5e8Mc_,netral,netral
UgxERuETKU2kpn9u4r54AaABAg,netral,positif
Ugy6bKrr5sBK8X5E0md4AaABAg,netral,netral
UgwusQ1EhoKUjADF_WB4AaABAg,positif,negatif
UgyDZDBHCj-uEiRHLYp4AaABAg,netral,negatif
UgyDZDBHCj-uEiRHLYp4AaABAg.AOy89dxXlffAOyewcd29du,negatif,negatif
UgyDZDBHCj-uEiRHLYp4AaABAg.AOy89dxXlffAOzVe7_OvYy,netral,netral
UgzOuxgMPp30bCjx8Wx4AaABAg,netral,positif
UgzOuxgMPp30bCjx8Wx4AaABAg.AQAxnx82au5ARPChznWOEt,netral,netral
Ugz_BB343WG6_s9ZcPd4AaABAg,netral,netral
Ugz7zIRuwTdiE4iSh1N4AaABAg,negatif,negatif
UgxSBWn_uL5uIi20x3p4AaABAg,netral,negatif
UgxSBWn_uL5uIi20x3p4AaABAg.AOy5bAZ_rjBAOyaWGjQxFy,netral,netral
UgxSBWn_uL5uIi20x3p4AaABAg.AOy5bAZ_rjBAP4tgn8qVD6,netral,netral
Ugw9Nv2DXdSDTqhRy214AaABAg,netral,positif
Ugw9Nv2DXdSDTqhRy214AaABAg.AOwlPdG_UvMAOwlowXHKnT,netral,netral
Ugw9Nv2DXdSDTqhRy214AaABAg.AOwlPdG_UvMAOwqLkGtO0Z,negatif,negatif
Ugw9Nv2DXdSDTqhRy214AaABAg.AOwlPdG_UvMAOxxcwSBhd_,netral,negatif
UgzTvYI072c97LPSixB4AaABAg,netral,netral
UgzTvYI072c97LPSixB4AaABAg.AOygvOq-k6gAP7MKekqoT3,netral,netral
UgwE5abiRuJesOzaA9V4AaABAg,negatif,negatif
UgwpCPD6i-Whlt1yURh4AaABAg,netral,negatif
UgwpCPD6i-Whlt1yURh4AaABAg.AOwj1vSGvGsAOwlA6pTseL,netral,netral
UgwpCPD6i-Whlt1yURh4AaABAg.AOwj1vSGvGsAOwtw9vmPb4,netral,negatif
UgwpCPD6i-Whlt1yURh4AaABAg.AOwj1vSGvGsAOx88oln_P6,positif,positif
UgwpCPD6i-Whlt1yURh4AaABAg.AOwj1vSGvGsAOyM1X6lvVR,netral,netral
Ugy4RgQtpKWeeOPupPZ4AaABAg,netral,netral
Ugy4RgQtpKWeeOPupPZ4AaABAg.AP3VMEU3vxcAP4t8ReVzkx,positif,netral
UgzYyOSb5zox1kCpjAN4AaABAg,positif,positif
UgwIXQpc1jJ-1uguUX14AaABAg,positif,positif
UgztyXF4I7ZMwKf9_654AaABAg,netral,netral
UgxoPNhRViI6lfYrwGh4AaABAg,negatif,negatif
Ugzf5XYxD_GEfyKnxip4AaABAg,negatif,negatif
UgyDZSf1f6CRDRlv7B14AaABAg,netral,netral
UgzB8GXQgW-2AwUHcjp4AaABAg,negatif,netral
UgwvLZnHb5dZey9Nwtt4AaABAg,netral,negatif
Ugy4EB19Ouwty5f0oaN4AaABAg,positif,positif
UgzQqkuq7YOu4mcIbPt4AaABAg,positif,positif
UgzVIvhy-FqDdYL5m254AaABAg,netral,netral
UgyfYrOeAXyULAoz7014AaABAg,positif,positif
UgxHO1gcscI0kn3haFF4AaABAg,positif,positif
UgwQrVu5stpPIZkwm-h4AaABAg,positif,positif
UgxIirSzseE1sxE6gSd4AaABAg,positif,negatif
Ugx7ms00bcW_8E9Tix54AaABAg,positif,netral
UgxlaH23p6LV20y_7ON4AaABAg,positif,positif
UgyIXlYrkpCXN3ZP3rl4AaABAg,positif,positif
UgzXsGXI4H4Wajbc_6d4AaABAg,negatif,negatif
UgzXsGXI4H4Wajbc_6d4AaABAg.9rHS_CmkPcz9rMRG10SZnp,netral,netral
Ugwz9LTJl4X9chGyKuZ4AaABAg,negatif,negatif
Ugwz9LTJl4X9chGyKuZ4AaABAg.9rMQS7e238i9rPYx3qxilJ,positif,netral
UgxK5mXnChBLkOT_4KV4AaABAg,positif,positif
Ugy9Syl_KYeLNIh7GeJ4AaABAg,positif,positif
Ugy9Syl_KYeLNIh7GeJ4AaABAg.9rHHiQwUaAe9rLKdDb106w,positif,positif
Ugy9Syl_KYeLNIh7GeJ4AaABAg.9rHHiQwUaAe9rjpwOEAOGZ,negatif,negatif
Ugy9Syl_KYeLNIh7GeJ4AaABAg.9rHHiQwUaAe9rLYhqsV7PQ,positif,positif
Ugy9Syl_KYeLNIh7GeJ4AaABAg.9rHHiQwUaAe9rj0eDPvfF6,netral,netral
Ugy9Syl_KYeLNIh7GeJ4AaABAg.9rHHiQwUaAe9rzBFbi9MGD,netral,netral
Ugy9Syl_KYeLNIh7GeJ4AaABAg.9rHHiQwUaAe9rMRCQExtXW,netral,negatif
Ugy9Syl_KYeLNIh7GeJ4AaABAg.9rHHiQwUaAe9rXsK4NpH4b,negatif,negatif
Ugy9Syl_KYeLNIh7GeJ4AaABAg.9rHHiQwUaAe9sE21OdKvIu,negatif,negatif
UgxmRwQkR6NccbAT4WB4AaABAg,negatif,negatif
UgxmRwQkR6NccbAT4WB4AaABAg.9rGYaNWVFoR9rIAk7LFraz,positif,positif
UgxmRwQkR6NccbAT4WB4AaABAg.9rGYaNWVFoR9rMRMf3d9sk,netral,netral
UgwNK2UTv0gFCw2xJft4AaABAg,positif,positif
UgwUgX0jdT5DWjv4HLx4AaABAg,positif,positif
UgzzLiU-6vbbpTHqBdl4AaABAg,positif,positif
UgwTI34WJIhcQdRExgR4AaABAg,positif,positif
UgykdKZwMPYSFNFd8nV4AaABAg,negatif,negatif
UgyuIgpNOmXaJ-iSWHt4AaABAg,positif,positif
UgyuIgpNOmXaJ-iSWHt4AaABAg.9rGW_zEV_oI9rKc4IuSPJX,positif,positif
UgwpnHXiUAIpweM27u14AaABAg,netral,positif
UgwpnHXiUAIpweM27u14AaABAg.9rHYhZKhvHq9t5MN72gaBy,netral,netral
UgwpnHXiUAIpweM27u14AaABAg.9rHYhZKhvHq9t5YdebUld0,netral,netral
UgwcYNqQDtn_Hp4MLih4AaABAg,positif,negatif
UgxRMpKnxHFZuA6HWut4AaABAg,positif,positif
UgzkQ_BFGEpFfXQmjIZ4AaABAg,positif,negatif
Ugw8pnD4Jim2MjSSLJN4AaABAg,negatif,negatif
Ugy86Dp6xR9p6IdgU_Z4AaABAg,positif,negatif
Ugzmx8NUkUhotJcjIrh4AaABAg,netral,netral
Ugzmx8NUkUhotJcjIrh4AaABAg.9rLHcf1MeH99rNPxJfas-w,netral,positif
Ugzmx8NUkUhotJcjIrh4AaABAg.9rLHcf1MeH99rX_TEkvsN7,netral,negatif
Ugzmx8NUkUhotJcjIrh4AaABAg.9rLHcf1MeH99rMRIJ9EWhm,negatif,negatif
Ugzmx8NUkUhotJcjIrh4AaABAg.9rLHcf1MeH99rmJjeO8bO9,positif,negatif
UgyeGWtUQ_sQxHU_lOJ4AaABAg,positif,positif
UgzzySdL0NTRik-a8op4AaABAg,positif,positif
UgzQl5defdZRlhMWwat4AaABAg,positif,positif
UgzqHOMGgHyIVTFOE2d4AaABAg,netral,negatif
UgzOFp-Hoias3KH60rh4AaABAg,positif,positif
UgykEXG3UyjJAh2gQrh4AaABAg,netral,netral
UgzXMhq1KhhRLuVwp394AaABAg,negatif,negatif
UgzXMhq1KhhRLuVwp394AaABAg.9rL_ILkPx7A9s69qtN5-HG,netral,netral
UgzXMhq1KhhRLuVwp394AaABAg.9rL_ILkPx7A9s8ffWawe9e,netral,netral
UgzXMhq1KhhRLuVwp394AaABAg.9rL_ILkPx7A9s8f9XvdFIW,netral,netral
Ugy8bK8FgWLKCecRDqV4AaABAg,positif,
UgxNhtRyeDx3H7FpyEp4AaABAg,netral,
Ugxalajr65EBHxOAPfh4AaABAg,netral,
UgzhKbAeXg1zMR-ysxx4AaABAg,negatif,
UgzhKbAeXg1zMR-ysxx4AaABAg.9rGXSy9HFv_9rMRErLSZjD,netral,
UgzhKbAeXg1zMR-ysxx4AaABAg.9rGXSy9HFv_9rNYP3hOXOq,negatif,
UgzhKbAeXg1zMR-ysxx4AaABAg.9rGXSy9HFv_9s2cSQTGsOp,netral,
UgzhKbAeXg1zMR-ysxx4AaABAg.9rGXSy9HFv_9s2c_9qqwOA,negatif,
UgzhKbAeXg1zMR-ysxx4AaABAg.9rGXSy9HFv_9s2cl_bqE48,negatif,
UgzhKbAeXg1zMR-ysxx4AaABAg.9rGXSy9HFv_9s2cvQi1454,negatif,
UgzhKbAeXg1zMR-ysxx4AaABAg.9rGXSy9HFv_9s2cwJAproc,negatif,
UgzhKbAeXg1zMR-ysxx4AaABAg.9rGXSy9HFv_9s2d0702JVh,netral,
UgzhKbAeXg1zMR-ysxx4AaABAg.9rGXSy9HFv_9s2d600FMUY,negatif,
UgzhKbAeXg1zMR-ysxx4AaABAg.9rGXSy9HFv_9s2d8PgrBoj,positif,
UgzhKbAeXg1zMR-ysxx4AaABAg.9rGXSy9HFv_9s2daai4BP4,netral,
UgzhKbAeXg1zMR-ysxx4AaABAg.9rGXSy9HFv_9tE2rtNt3AO,netral,
UgzhKbAeXg1zMR-ysxx4AaABAg.9rGXSy9HFv_9s2cRYyMgu6,netral,
UgzhKbAeXg1zMR-ysxx4AaABAg.9rGXSy9HFv_9s2cZEKeHz-,negatif,
UgzhKbAeXg1zMR-ysxx4AaABAg.9rGXSy9HFv_9rQf-bWuwK8,negatif,
Ugywa2WFF9Rz6Vd7D7B4AaABAg,positif,
UgwcJb3rm_xDf0xhG9p4AaABAg,positif,
UgxxwQoIflRHKGE_F7B4AaABAg,positif,
Ugxc4t5sARym8UUT6yh4AaABAg,positif,
UgyBlJegstKLj53y-vZ4AaABAg,positif,
Ugydi-YvaTfouSRBE_t4AaABAg,positif,
Ugy1zzrm15UXSENxSx54AaABAg,positif,
Ugyr6ZekAkhRlogPJnt4AaABAg,negatif,
UgwWJz-6Z6v9MuponuN4AaABAg,positif,
UgyV32n693saO2oi2LZ4AaABAg,positif,
UgyzCKmPyfFSeHpgrmh4AaABAg,positif,
UgwF47M3Nf2ePttu_yJ4AaABAg,negatif,
UgxwhHnh4GrD9eZW0Rt4AaABAg,positif,
UgxHYG5KyfXR-6e4Yml4AaABAg,positif,
UgwktTK0APMfLDvc8sh4AaABAg,positif,
UgySH-S0zI0dFLrat614AaABAg,negatif,
UgwkkrZohgbRxxdAsaF4AaABAg,negatif,
Ugzd92lx0mvzsVgxpXN4AaABAg,positif,
UgyPQDMgxab9WdtlxXR4AaABAg,positif,
Ugz8T8g0vrqQUpR8EXl4AaABAg,positif,
UgynSR-k_83hxDwksvl4AaABAg,negatif,
UgzKTwT90vGp47ZUXWt4AaABAg,positif,
Ugz6YS90xSXpxa4CrqN4AaABAg,positif,
Ugw7xZNc5yM35cokbXh4AaABAg,positif,
UgyLFohM2EOQ7JrdHKZ4AaABAg,negatif,
UgzzGyjZgtXIt8OnrKV4AaABAg,positif,
UgyhIx8fZBSYIBT-vBV4AaABAg,positif,
UgzCo0vMphWSUPpWHlF4AaABAg,positif,
Ugyl3XJKmhfFZ9d2U_p4AaABAg,positif,
Ugyl3XJKmhfFZ9d2U_p4AaABAg.9rHT47bAtaK9rIAxDVXn-z,negatif,
UgwB0T8lgXHWQrZNY0J4AaABAg,positif,
Ugy7G31uctCpP9Cgbcl4AaABAg,positif,
Ugyy_jS_58EPKtBH0dJ4AaABAg,positif,
UgwJ3c1kWvviBDgmSWB4AaABAg,positif,
Ugws6evspF9fXYqvhI14AaABAg,positif,
Ugyw7gHmV1jApON_ztV4AaABAg,positif,
UgzS8qkKSmxFKTNslm54AaABAg,positif,
Ugz6Gdtx7TGhXrJ3Mt94AaABAg,positif,
Ugz6Gdtx7TGhXrJ3Mt94AaABAg.9rG_dC32aUM9rMRJ_irknb,netral,
Ugz6Gdtx7TGhXrJ3Mt94AaABAg.9rG_dC32aUM9s86AEKZz4C,netral,
Ugy0_3mo8xLaetPfl_R4AaABAg,positif,
UgzLiUkOGO843vj_c4t4AaABAg,positif,
UgwCKa9hi2YQrLQ1voF4AaABAg,positif,
Ugy3mqxQtMLutFvmXEV4AaABAg,negatif,
UgymWHLc8LWTbuEIzrB4AaABAg,netral,
Ugw8kK5_Ru6SdtZw0Yd4AaABAg,netral,
Ugxvlkb-pZBpHSR-Gq54AaABAg,netral,
UgzeRlBq93MYdfhXKl94AaABAg,negatif,
UgzeRlBq93MYdfhXKl94AaABAg.9rJwy3M3t2V9rMRL_azD3l,netral,
Ugy9Ql2zbSzHLl964vl4AaABAg,positif,
UgwSM-DFjYjjg7mD9rh4AaABAg,positif,
UgwSM-DFjYjjg7mD9rh4AaABAg.9rSfhKXkbJb9syyXo5A-G3,positif,
UgyGQarLWJoGojJvrtN4AaABAg,positif,
Ugxe9lStlC1ewo-7bGh4AaABAg,positif,
UgyzVJE45cO8HOO_uPR4AaABAg,positif,
UgxQKyhheU3emGDSGRJ4AaABAg,positif,
Ugx2jzO6ERYwqTJxAzV4AaABAg,netral,
Ugzu-bLATph3elBkbkp4AaABAg,positif,
Ugzu-bLATph3elBkbkp4AaABAg.9rKZnVc_FkL9rNsfSr2tG6,netral,
UgwbVqu_C2tlK_0Zzn94AaABAg,positif,
UgwJeAFxsOF2njdzAep4AaABAg,positif,
Ugxd5yEUz18B7VzO-td4AaABAg,netral,
UgzSxea-pdEVm_19FrF4AaABAg,positif,
UgzSxea-pdEVm_19FrF4AaABAg.9rGcroDHKo49rLZ0FmwWSz,positif,
UgzSxea-pdEVm_19FrF4AaABAg.9rGcroDHKo49rLZhxjCbcm,negatif,
UgwFslrN_X_zBWv9nx54AaABAg,positif,
UgyOwUfB2hxFgz7wUqV4AaABAg,positif,
UgyjGI9ZCUyaGKnnSER4AaABAg,positif,
UgwSQ_kfi7SzMAu-wfF4AaABAg,positif,
UgzxFI43YEvUS6inmmN4AaABAg,positif,
Ugyw20bu0R1a8IPYlSx4AaABAg,positif,
UgyPur3UMfsa0NUFC_R4AaABAg,positif,
Ugyt4t9cQreWefKXq3t4AaABAg,netral,
Ugyt4t9cQreWefKXq3t4AaABAg.9rHMffFj-vo9rIB-n09fec,positif,
UgzYNaf9lH-DvyK_TlJ4AaABAg,positif,
Ugwvk--s2G477m7lH6l4AaABAg,positif,
Ugwvk--s2G477m7lH6l4AaABAg.9rHQMMh3JEh9rKc15efmcy,netral,
UgxdU3kGWUCJLzDAmFx4AaABAg,netral,
Ugy63nFLM-LpCz9wOF94AaABAg,positif,
Ugy63nFLM-LpCz9wOF94AaABAg.9rGXA_IFKO59rGXmK0k2NG,netral,
Ugy63nFLM-LpCz9wOF94AaABAg.9rGXA_IFKO59rNUdb0aquA,netral,
Ugy63nFLM-LpCz9wOF94AaABAg.9rGXA_IFKO59rGdLS_Z1VK,positif,
Ugy63nFLM-LpCz9wOF94AaABAg.9rGXA_IFKO59rIAqXeCDtc,positif,
Ugy63nFLM-LpCz9wOF94AaABAg.9rGXA_IFKO59rMRNjfGaWr,positif,
UgwkDRAOeYCFkDum-Ll4AaABAg,positif,
UgxYYlzX-zhQ9KV9FyN4AaABAg,netral,
UgxYYlzX-zhQ9KV9FyN4AaABAg.9rIJH358qpT9rKcWy0_8cq,negatif,
UgxVzOvSAZkqRDxsmdJ4AaABAg,positif,
UgxjWGLKf21U25SbNd54AaABAg,positif,
UgxjWGLKf21U25SbNd54AaABAg.9rGc0aXvvJ89rItPc8lt8D,positif,
UgxjWGLKf21U25SbNd54AaABAg.9rGc0aXvvJ89rO8B1UmB_P,positif,
UgxjWGLKf21U25SbNd54AaABAg.9rGc0aXvvJ89rOC4eCYfuA,netral,
UgxjWGLKf21U25SbNd54AaABAg.9rGc0aXvvJ89rTDqi7QFB1,positif,
UgxjWGLKf21U25SbNd54AaABAg.9rGc0aXvvJ89rNYimk_Js_,netral,
UgxjWGLKf21U25SbNd54AaABAg.9rGc0aXvvJ89rNZ1REpc7R,netral,
UgxjWGLKf21U25SbNd54AaABAg.9rGc0aXvvJ89rMRDZkW63V,netral,
UgxjWGLKf21U25SbNd54AaABAg.9rGc0aXvvJ89s8fky1C7I7,negatif,
UgxjWGLKf21U25SbNd54AaABAg.9rGc0aXvvJ89sjLq6twpST,positif,
UgxjWGLKf21U25SbNd54AaABAg.9rGc0aXvvJ89sjLr2tS60Q,positif,
UgxjWGLKf21U25SbNd54AaABAg.9rGc0aXvvJ89stW5pvamC-,positif,
UgxjWGLKf21U25SbNd54AaABAg.9rGc0aXvvJ89t-YY0wN75p,netral,
UgxjWGLKf21U25SbNd54AaABAg.9rGc0aXvvJ89uK5DreCSA6,positif,
UgxjWGLKf21U25SbNd54AaABAg.9rGc0aXvvJ89rIA_p1SQAX,positif,
UgxjWGLKf21U25SbNd54AaABAg.9rGc0aXvvJ89rICiZ1nYYm,positif,
UgxjWGLKf21U25SbNd54AaABAg.9rGc0aXvvJ89rIofV4mwEw,negatif,
UgycewukgJ_uzdi7x0V4AaABAg,positif,
UgzRzDRxxgX2ypZUcqB4AaABAg,positif,
UgzRzDRxxgX2ypZUcqB4AaABAg.9rKbu_3NXA69rYbOTauQan,positif,
UgzRzDRxxgX2ypZUcqB4AaABAg.9rKbu_3NXA69rYn_iEibr4,netral,
UgwnQTyBNB6vE-RG9XB4AaABAg,netral,
UgyTXbqdHs-o1AOf06V4AaABAg,netral,
UgyTXbqdHs-o1AOf06V4AaABAg.9rMzvmEN1xq9rN_Mey51oP,positif,
UgyTXbqdHs-o1AOf06V4AaABAg.9rMzvmEN1xq9rStfJuF6Ro,positif,
UgzU1_K1pApZ_gbq0eR4AaABAg,positif,
UgzMbqn7H89f2Z8afIl4AaABAg,netral,
UgzMbqn7H89f2Z8afIl4AaABAg.9t66os-OxW49t8odCrsmYE,netral,
UgxMygc0Ho2ugKPPEzZ4AaABAg,positif,
UgzHy_KKjPKdrJegmlZ4AaABAg,positif,
UgzHy_KKjPKdrJegmlZ4AaABAg.9rHvo3Z-Z0e9rKZN4LuzSD,netral,
UgzHy_KKjPKdrJegmlZ4AaABAg.9rHvo3Z-Z0e9rLSXyU206x,positif,
UgzHy_KKjPKdrJegmlZ4AaABAg.9rHvo3Z-Z0e9rNUI16-nj2,positif,
UgzHy_KKjPKdrJegmlZ4AaABAg.9rHvo3Z-Z0e9rNnndOWKCk,positif,
UgzHy_KKjPKdrJegmlZ4AaABAg.9rHvo3Z-Z0e9rIcJ1n8DpQ,netral,
Ugzl_DYBZQnRZikyEPB4AaABAg,positif,
UgwPqRa8x3j-v208VjV4AaABAg,positif,
UgwPqRa8x3j-v208VjV4AaABAg.9rG_YTGn3aZ9rISFK6u-v8,netral,
UgwPqRa8x3j-v208VjV4AaABAg.9rG_YTGn3aZ9rIcqRUXh-i,negatif,
UgwPqRa8x3j-v208VjV4AaABAg.9rG_YTGn3aZ9rQU_iuvj56,negatif,
UgwPqRa8x3j-v208VjV4AaABAg.9rG_YTGn3aZ9rQdS3bj8Y9,positif,
UgwPqRa8x3j-v208VjV4AaABAg.9rG_YTGn3aZ9rKcB_cctWW,netral,
UgwPqRa8x3j-v208VjV4AaABAg.9rG_YTGn3aZ9rQUjMCCBDI,positif,
Ugw4nhRnklhTB9jBRkN4AaABAg,positif,
UgwqSk-HEVhau1-0sEF4AaABAg,positif,
UgzdUTArvwRCJKqyyw54AaABAg,positif,
UgwEV7v3xnQAXYO5HGh4AaABAg,positif,
UgwEV7v3xnQAXYO5HGh4AaABAg.9rHLBzM8Lgk9rIAngqhblp,positif,
UgxlEhOWwlHaHVCd-4R4AaABAg,positif,
Ugz7fCgr3K4YM8hdJRx4AaABAg,negatif,
Ugz7fCgr3K4YM8hdJRx4AaABAg.9rJQVFaIpYp9rkTUGb7T8f,netral,
Ugz7fCgr3K4YM8hdJRx4AaABAg.9rJQVFaIpYp9s1ApMz_iuf,positif,
Ugz7fCgr3K4YM8hdJRx4AaABAg.9rJQVFaIpYp9rKcEXNuJHb,netral,
Ugz7fCgr3K4YM8hdJRx4AaABAg.9rJQVFaIpYp9rLE8pIiyzU,netral,
UgyfvPmex86olQU5fSF4AaABAg,positif,
UgxXbHdRqJGgbP9LAwF4AaABAg,netral,
UgxXbHdRqJGgbP9LAwF4AaABAg.9rIJk3IoKik9rIMrrAoOqz,positif,
UgxXbHdRqJGgbP9LAwF4AaABAg.9rIJk3IoKik9rIvDWQAc6V,netral,
UgxXbHdRqJGgbP9LAwF4AaABAg.9rIJk3IoKik9rNUAuXrDm3,netral,
Ugzef2TuWsEy6wKrJ5h4AaABAg,positif,
Ugy6aclTymTh7ilyUwt4AaABAg,netral,
Ugy6aclTymTh7ilyUwt4AaABAg.9rGZDJ7oTkx9rGcU5gsasA,netral,
Ugy6aclTymTh7ilyUwt4AaABAg.9rGZDJ7oTkx9rGeL2Cxlef,netral,
Ugy6aclTymTh7ilyUwt4AaABAg.9rGZDJ7oTkx9rHD4G7etU8,netral,
Ugyi2zCBMTsgUs486oh4AaABAg,netral,
Ugy7iyDWGfgvQTl48EJ4AaABAg,negatif,
Ugy7iyDWGfgvQTl48EJ4AaABAg.9rNsJ0MxwuFA2F_XwmLW0a,netral,
Ugy7iyDWGfgvQTl48EJ4AaABAg.9rNsJ0MxwuFA2Fa6DiR3Jh,netral,
Ugy7iyDWGfgvQTl48EJ4AaABAg.9rNsJ0MxwuFA2F__UU7X4a,netral,
UgyoGDWx4nDL7f-ujrN4AaABAg,positif,
UgyGn6Y9j-2gwgxkSSZ4AaABAg,positif,
UgyGn6Y9j-2gwgxkSSZ4AaABAg.9rHjfdwJczX9rIAhW8mKEJ,negatif,
UgyYCe3Fhi8QbFZWaHV4AaABAg,netral,
Ugy5eyKa2QuYTsEmBsF4AaABAg,positif,
Ugw28Hj5uHaoRQRCyyt4AaABAg,positif,
UgxEsh7zWr1zujQrvj54AaABAg,positif,
Ugxx61s6_AP6sNgwjwh4AaABAg,netral,
UgyA7JsZG6GGoTXEU4F4AaABAg,positif,
Ugy9OKScfIf7jlxYvA54AaABAg,positif,
UgwF0jG6g1JI3_SHnc14AaABAg,positif,
UgzpZ1tjQD94iIvjwEJ4AaABAg,netral,
UgypcHPJOElGQ4zxnM94AaABAg,positif,
Ugwz4gZJOTfByLexf354AaABAg,positif,
Ugy770EupR2uHsH5oZ14AaABAg,netral,
UgyNqP2B3kWSC3MFLQ14AaABAg,positif,
UgxiJE9T1VH-Zd01Mql4AaABAg,netral,
Ugy4IjA087MGk-y-eD54AaABAg,netral,
UgzS5WGEL5qA63fGrJF4AaABAg,positif,
UgyYQhCOUeyF7-uzGMp4AaABAg,positif,
UgwBQ4fi9tDlAZCx5ql4AaABAg,positif,
UgyZbMx6FzIcfy99Sjl4AaABAg,positif,
Ugxtv5TO9oypnltamRp4AaABAg,positif,
Ugw2-JqwNX1Qlq2u4BV4AaABAg,positif,
UgxKcA1JkwU7APnEGfp4AaABAg,netral,
Ugyc770HvPWS8bv-ikN4AaABAg,netral,
UgwaFVBOK_FCOsZPvtF4AaABAg,positif,
UgwzM05TiERVuZTpYwZ4AaABAg,positif,
UgwIBHrDdygLbL0p1bh4AaABAg,positif,
Ugx4v2wmcEezQUbSDnd4AaABAg,positif,
Ugwm8l70RsS4d0eRPRZ4AaABAg,positif,
UgxAaMFtfUm0EvJaGnd4AaABAg,positif,
Ugy5JxgtyYlOV6Y-rR54AaABAg,positif,
UgyWVhsNaSADoez8NfZ4AaABAg,positif,
UgyNukfPwkG6bFSYtmR4AaABAg,positif,
Ugw5C0C_8_MWFrFuHA54AaABAg,positif,
UgxejAz6m64LePmMu6t4AaABAg,netral,
UgxNob3rXBTGhXjRiB14AaABAg,positif,
Ugw5xfSw6i8R3oPHZ9d4AaABAg,netral,
Ugwmplgx3RQpJQQGxVd4AaABAg,positif,
UgzzjvSUiwwEnBu2rxR4AaABAg,positif,
UgxVFbSis2REL3-s5ht4AaABAg,netral,
Ugxv_65rC_Vc2_wk9vZ4AaABAg,positif,
UgydvzFat9V4gV8Qca94AaABAg,positif,
UgwbL_hYyztje1YqplZ4AaABAg,positif,
UgyWGJenIS_34yJY3bF4AaABAg,netral,
UgyrWT7DtkjJ-61mzSZ4AaABAg,positif,
UgwaygvhInG3Jj28DMx4AaABAg,positif,
UgyPMNvFhj7133uyuEh4AaABAg,positif,
Ugx8ziJ6u2oSYkqotLl4AaABAg,positif,
UgwMdQ9dzTg_YsZ83Td4AaABAg,positif,
UgzAWLsDumMLssJvmWR4AaABAg,netral,
UgwHMZYF2-sKS6KmB6J4AaABAg,positif,
UgzvW7A14-fSXKpR0KJ4AaABAg,positif,
UgxOqAkwuYloIUKDl2p4AaABAg,positif,
Ugz25-NC3ffQrw8ydvF4AaABAg,positif,
UgybBR02Gy2CIpbagkR4AaABAg,positif,
UgxVed5VaV_3nObFnRt4AaABAg,positif,
UgzvLCgB0yPslCH1Ybx4AaABAg,netral,
UgxcENlD-jjOZcAEz7l4AaABAg,positif,
UgwK0YBD2Ifi3UQutCl4AaABAg,netral,
UgyoEmjqgFGQV9vED5J4AaABAg,positif,
Ugzt2EdXEABG1BzpovF4AaABAg,netral,
UgxLUkErwVZ41tgN7LB4AaABAg,netral,
UgzE6vR6eHqCKPE6NiV4AaABAg,positif,
Ugxj3DeVfMd3ESGYSGp4AaABAg,positif,
Ugz09tYUaUtfMMepruV4AaABAg,positif,
Ugyw9pqDnn-GBKycb1N4AaABAg,netral,
UgwrZ1RN1jK9qveLSv54AaABAg,positif,
UgzUewD2LejbEoMCzQB4AaABAg,netral,
UgxisaG6ygBPAO9niqF4AaABAg,netral,
Ugw2vuy8EODSgirtvL14AaABAg,positif,
UgxJeaA42rQ2K5Uvse54AaABAg,positif,
UgyEpDW1eNjYXuZ6red4AaABAg,netral,
UgzilFk4WWEetWI6ElB4AaABAg,positif,
UgxxXpjr9n0k3Ctq8H94AaABAg,netral,
UgwmZyuSl6NF-xBwC_p4AaABAg,positif,
UgycnQSVqRXN3QtGt854AaABAg,positif,
Ugy7IQ_P3LzBBph98dt4AaABAg,positif,
UgyLCAuo8BGp3OU-RvN4AaABAg,positif,
UgxQUeGZU8GLCNniNCx4AaABAg,positif,
Ugw_jrwyBIY4DZlJNHd4AaABAg,negatif,
Ugy4zTvzkw83vgJCV5Z4AaABAg,positif,
UgyiC2KDGAzQm2tMHPt4AaABAg,netral,
UgyBcwnDOqFv--7UmsV4AaABAg,netral,
UgzXZGKXOIiAT2UgjXF4AaABAg,positif,
UgwUUWuWXEGUQ1za9aB4AaABAg,positif,
UgxJbgIJvlOnS3S_yd54AaABAg,positif,
UgwNzQe1pBEXArsZneR4AaABAg,netral,
UgzIKuxrjzPKbOYtcEN4AaABAg,positif,
Ugx5399JlA1rgvrDMTV4AaABAg,positif,
UgyFjBkQP9CDOAsT_DJ4AaABAg,positif,
UgwFTi8r-p0KY8PiCkp4AaABAg,positif,
UgwGORZahu8rKMNG1Sd4AaABAg,positif,
UgwJD2vVV1CnS5LLHRR4AaABAg,positif,
UgxFpjGcjTz87KeOkRl4AaABAg,netral,
UgydO2FEhp7coNkl5Wl4AaABAg,netral,
UgyN-Pw1WrQIS3COl2R4AaABAg,positif,
UgydtWgVdXD3LBJnRpp4AaABAg,netral,
UgxDiWBaeW9nFOFMBC54AaABAg,positif,
UgwGR5bK7YxkTZjSd5B4AaABAg,positif,
UgxJNRqJeHfeWI2s-Sh4AaABAg,netral,
UgybovXOkV7IW2pYx4l4AaABAg,netral,
UgxM9bwwkXZ2wW6tCRh4AaABAg,positif,
Ugwrzp9pvQUMIpL7KxN4AaABAg,positif,
Ugy36hrxqkhlRV29ExN4AaABAg,netral,
Ugwr3BIkEbbyGp5Z-4h4AaABAg,positif,
UgxhqioVthOKiLg06Tl4AaABAg,netral,
UgzoebQSEo9FYBi929x4AaABAg,positif,
UgygwY6NN0apHJrorQd4AaABAg,positif,
UgwWQ910TM4fjy61CZ14AaABAg,positif,
UgzIfbDCNox0nn3mdX14AaABAg,netral,
UgzSSGTlv9_SstsWUzV4AaABAg,netral,
UgzfjrdgeRGkbAAuZAR4AaABAg,positif,
Ugx8tDw3MnTKC4_Lap94AaABAg,positif,
UgzrW18v3S71YNlakOh4AaABAg,positif,
Ugz1rXGUzPLcp3dAtIR4AaABAg,positif,
UgwPNyc6kW3W6WzV_j54AaABAg,positif,
Ugw71WzTCJKHNKaXtEx4AaABAg,negatif,
UgzkcI8g3wCry9zF7KN4AaABAg,positif,
Ugxezrz34bJ5fEfqnKt4AaABAg,netral,
UgyskD4DHg1azh8BZSR4AaABAg,positif,
UgwiPWEsINgDUQ7-IMd4AaABAg,positif,
UgyYVMYx7XmHFOXzHst4AaABAg,positif,
Ugw3vNM4duRJiqv7W7B4AaABAg,netral,
UgzjW10uvFO9gRx5HsB4AaABAg,positif,
UgzKM5VkBy55yW3PuCF4AaABAg,positif,
UgzM7UKjSOVesCmRf_x4AaABAg,positif,
UgzoyofcLxte12ZPUIN4AaABAg,positif,
UgwqUdKmnBSf00jTcYR4AaABAg,netral,
UgxHcu-Wu4cb4jf54EJ4AaABAg,positif,
UgwjHChMXf2lWqxzNa14AaABAg,positif,
Ugy1Yga3uSNTDNepXtd4AaABAg,positif,
UgxOS0xa5P7FF1OiuwZ4AaABAg,positif,
UgzLYNBGL1S-67YDFsp4AaABAg,positif,
UgyglNDMZ4SwS4BHGGJ4AaABAg,positif,
UgxGXVPHB1RUkB-OOIB4AaABAg,positif,
UgyIsyMOKZpbd0J3Xyt4AaABAg,positif,
UgyEwelgF8GigUqPVqx4AaABAg,positif,
UgwjHRzAtYKtQOAsob94AaABAg,positif,
Ugwz8pYyXLHIJtYvWzh4AaABAg,positif,
Ugy_4HdRAlaSTQCxlzN4AaABAg,positif,
UgzcfGoUww3rh8J0dIJ4AaABAg,positif,
UgzHo7-LMH5t3R76Tnh4AaABAg,positif,
Ugyy-T28zO256wVp2jh4AaABAg,positif,
Ugxs0ts6kyMvxaLQIA94AaABAg,netral,
UgwZ8hfEq0kYDPruPDx4AaABAg,positif,
Ugzn1fuyKmq_Gnss_5p4AaABAg,positif,
UgyjuyXLJcopvTn65kt4AaABAg,positif,
Ugw5Zt6xvwzVaFNEsk54AaABAg,positif,
Ugye3VrET9wCSfPooA14AaABAg,positif,
UgyaOk6uDLdxGTfafVd4AaABAg,netral,
Ugzb8I2dZtrZ6pFPYoh4AaABAg,negatif,
Ugxt6BDLZ32y0pmYTr54AaABAg,netral,
Ugxveextl3tR-yJZcQt4AaABAg,positif,
UgxgFkCHATqft6JnhEl4AaABAg,positif,
UgxnD4LDfuNDygNizu14AaABAg,positif,
UgyJ-0DbnuNQ8B5ftCx4AaABAg,netral,
UgwR1-iEbSTCEtEwjSJ4AaABAg,positif,
Ugx9PKeod33F3o2cRjF4AaABAg,positif,
UgyJGCfKIsujsNRXnBZ4AaABAg,netral,
Ugw6jqptSZT8JQlnvXR4AaABAg,netral,
UgwlvexR7sz_WE3h52V4AaABAg,netral,
Ugzi4PyOdLHJve0sRCh4AaABAg,positif,
Ugxzt-j4jgLRJY64k_Z4AaABAg,positif,
UgyJtGDlEoP6rUVjoSZ4AaABAg,netral,
UgyUVkmTO0CkBTUbA7Z4AaABAg,positif,
UgwE3CN_MMmsvNTTIIR4AaABAg,netral,
UgxPkKAVNIfIaJs5mfN4AaABAg,negatif,
Ugx_49ISDPFqTTZkUU14AaABAg,netral,
UgwakN7plwYLuJG0YA94AaABAg,positif,
UgzpoMWx5cwKIdOD-jN4AaABAg,netral,
UgwlCjBgJzQINQmpwGt4AaABAg,netral,
UgxO3ZSXOzfnlCNpndh4AaABAg,netral,
UgxC39uPAXDEq1m0P0x4AaABAg,positif,
UgzYPePEr1lzFcmvFiR4AaABAg,positif,
UgxDwkOSvsSvvO60BDl4AaABAg,netral,
UgzdmSP72-AjY70pasF4AaABAg,positif,
UgxVkC7Sh_fLLoRDwiV4AaABAg,netral,
UgzhmqrMzyo-PDh-gwt4AaABAg,positif,
UgyNNk5h7DIwT9SkIDl4AaABAg,positif,
Ugyq0V1PM1DuyzVcHu94AaABAg,netral,
UgyAbFS3uvDKC-Bk2Ld4AaABAg,positif,
Ugx5nfQOkUW7_yFn2P14AaABAg,positif,
UgzqSLMC2famNJl6bcx4AaABAg,positif,
UgxLduDfnmp7qtwdjqN4AaABAg,positif,
Ugzha670qhIjy4tsbrl4AaABAg,positif,
UgyDHdcLo-Ax2qpuijd4AaABAg,positif,
UgziE_9OOMiUZEKgPB94AaABAg,negatif,
Ugxu29WM4525bMQtzOl4AaABAg,netral,
UgyiLQGNQPHgkWVSbph4AaABAg,positif,
Ugzw_lY01vjfP4REGsJ4AaABAg,positif,
UgzC4igzKq8LJmRvUIN4AaABAg,positif,
UgzXakUiS1cpMzS-e5J4AaABAg,netral,
Ugz8cg_q6TmWiXBqL4h4AaABAg,positif,
Ugz8sW61AT9cOt6vtKR4AaABAg,positif,
UgwQTjSON4QumZg0MiJ4AaABAg,positif,
UgwCeBdRyQZWslyXw214AaABAg,positif,
UgynIxKfvwTzDW4xdsx4AaABAg,netral,
UgwqgtVCYZ6S7a3YCPp4AaABAg,positif,
UgweleexZTTfwgxjKwR4AaABAg,positif,
Ugxc3B002ayAnCyYwPp4AaABAg,positif,
UgxfVLVmY_T7NuxDcD94AaABAg,positif,
UgyAbuvFF9fW8_8cx_14AaABAg,positif,
UgwtTdWSfB6CRrTM8HV4AaABAg,netral,
Ugxez0C65-i3NAq6t454AaABAg,positif,
UgzBFUBfOShjAKZ2S8Z4AaABAg,positif,
UgynxbHc8HgCCiMNzo54AaABAg,negatif,
UgzlDIHQssNKQWcnEDp4AaABAg,positif,
UgynpHVVHiyNImdfgtR4AaABAg,positif,
UgwitaBkrgKIl__X00R4AaABAg,positif,
UgwWkwSL8_vpn04Odxd4AaABAg,netral,
UgzM0zN0ZK_K9CFHVjt4AaABAg,negatif,
UgxP_n-VdGkqJLgirAV4AaABAg,negatif,
Ugw29mfsWfN33lFXCyF4AaABAg,positif,
UgzAC70Wwqt-M4_hRQN4AaABAg,positif,
Ugx4HH-HwID66Bvkh_d4AaABAg,netral,
Ugxbkt2XfgkCWJXbSq94AaABAg,positif,
UgyJQBv25yrODItMt7V4AaABAg,positif,
UgwdijyywCpllgjDPW94AaABAg,netral,
Ugz_Q2rxAr0zyoUKpLp4AaABAg,netral,
UgxIsD_UGMKIxHYEEu94AaABAg,positif,
UgxlsFcIJx1oIn_eWZJ4AaABAg,netral,
UgzblG4rjX6DuWMFxWt4AaABAg,netral,
UgxBsnZGAYVNFp2lHzV4AaABAg,positif,
UgwBLROM9RQjQo85s1h4AaABAg,netral,
UgzwGGV1tSyo5E_Luvd4AaABAg,positif,
UgxYhcKaeptexXvVi7l4AaABAg,positif,
UgyVEImJHn-FDbUAY4F4AaABAg,positif,
UgzwXYEYrxyBminHgAt4AaABAg,negatif,
Ugwvx-UwZr1jIY_UCIt4AaABAg,positif,
UgwHuQFfSbfeJASrozp4AaABAg,netral,
UgwNlqLRfNo-l2a2_SJ4AaABAg,positif,
UgxggkB8gPZw9JPR3QJ4AaABAg,netral,
UgwEcidjtgCiHk4lm6p4AaABAg,netral,
UgxgahcYz2kaDinvKI94AaABAg,positif,
UgwuTOncBT32jzimBP14AaABAg,netral,
Ugx08dd9UOUUou_o0O14AaABAg,positif,
Ugy6WJSOxKY8G5jZ_n94AaABAg,positif,
UgwE_sTK-EXXvfXf9JV4AaABAg,positif,
UgyyTayqAbykScdAlzd4AaABAg,netral,
UgzVWurHl5xOdH57W4d4AaABAg,positif,
UgzZgo7l0QvOmJbKCAl4AaABAg,positif,
UgyG9Gdns_QM347-MEF4AaABAg,positif,
UgwWoig17OGVBdMsh_d4AaABAg,negatif,
Ugwg2np-mySgLOYZ8wp4AaABAg,netral,
UgzX-g57lpfslaXIf0B4AaABAg,netral,
UgwsicrcBO9LR78kIVR4AaABAg,netral,
UgxjNWufMGq1ZFUrX7V4AaABAg,positif,
Ugy9WdY8osZK0lQl4HF4AaABAg,positif,
Ugw7UmfwRrm1jYmg0JR4AaABAg,positif,
Ugwap4rYMxQGgWNVTVt4AaABAg,positif,
Ugy7R_Pgtuumfc3kbwJ4AaABAg,positif,
UgzVpoNl45zOOEzlAt14AaABAg,positif,
UgwQbClzV2gjb2fgFz54AaABAg,positif,
UgzYQEOUAzs43lTN1194AaABAg,positif,
UgxEZRLbOLmJ9CTbIpx4AaABAg,positif,
UgxKYxcl0nIWOhVe2jd4AaABAg,positif,
Ugy8Cuzq2IqGKTR1nCV4AaABAg,positif,
UgwQnBPrc3gMQsrej7t4AaABAg,netral,
Ugzw9dSICePSZyyd5iV4AaABAg,positif,
UgwSk5p_x89RZGk84ud4AaABAg,positif,
Ugz0MYlEvDo7QFZsAY54AaABAg,positif,
UgyDabfQpUt5BfbA-rd4AaABAg,positif,
UgxIw85480FSKpi2ai94AaABAg,netral,
UgzeGCFHfdH1XQUbSD94AaABAg,positif,
UgwK_tiWlXT8DD8X2np4AaABAg,positif,
UgzBlU5R6Npi17sH0OF4AaABAg,netral,
Ugw9cWTjPrRqbG80nxN4AaABAg,positif,
Ugx7CqPTrY-ajUMTcFF4AaABAg,positif,
Ugx9liysvb91CKzd6CB4AaABAg,positif,
UgwQ7MZSJQauxy5Cia94AaABAg,netral,
UgxxMAA0p6t16tRVZMB4AaABAg,positif,
Ugz8d_mVyIcOH1zYpuZ4AaABAg,netral,
UgzRHPAEkwnS3IINakR4AaABAg,netral,
UgxMckZC91NkbGdRWVV4AaABAg,netral,
UgwXJRq3YFGzgvj17Rx4AaABAg,positif,
UgwXJRq3YFGzgvj17Rx4AaABAg.AM4IY8eCHT0AMq2yaGYLmJ,netral,
UgwXJRq3YFGzgvj17Rx4AaABAg.AM4IY8eCHT0APRW3ZQVvZQ,netral,
Ugx3PBzzPaZdvjLDm6x4AaABAg,netral,
Ugy3iwSztp1E3AXWnbx4AaABAg,positif,
UgzB-9k24GGY18LSSHR4AaABAg,netral,
UgwiOr2940u1NPD9UYR4AaABAg,netral,
UgwiOr2940u1NPD9UYR4AaABAg.ANB82Tsf5eYANK5KeYtObg,netral,
UgzM3lR5ncEuxeoI1Bh4AaABAg,netral,
UgzM3lR5ncEuxeoI1Bh4AaABAg.AN--OEA5ED_AN7fR-luH14,negatif,
UgzrqTZNjDOrfsEOKkN4AaABAg,netral,
UgzrqTZNjDOrfsEOKkN4AaABAg.AMt142kdc2sAMvf2Qf5_uG,netral,
UgzMT0TQRTOt7tZ64fF4AaABAg,positif,
Ugwqld9q2cMxJVoVEcJ4AaABAg,positif,
Ugwqld9q2cMxJVoVEcJ4AaABAg.9sflngYq88Q9snIUPqm44b,netral,
UgzxSsAsbdLOsna2WWV4AaABAg,netral,
Ugw3-fOgxUQNuPQbMa14AaABAg,positif,
Ugx0JkCQTzzkGO9sbzJ4AaABAg,netral,
UgyclDeC8sVjeD0xjF14AaABAg,positif,
UgynTnCh_juTvcjCvoZ4AaABAg,netral,
UgyaIDl8NZjnPT4J_hV4AaABAg,positif,
UgyaIDl8NZjnPT4J_hV4AaABAg.9sfijGUJ8tO9tAsBd67aIr,netral,
UgwUsCpZ7rnfK6vYtrB4AaABAg,positif,
Ugy8lKomq7F6UImxZWx4AaABAg,netral,
UgxhyqQq3wxbk3wJoqR4AaABAg,positif,
UgyUHmcplPKL71tLCox4AaABAg,netral,
Ugw9ptporJclQSZjEmp4AaABAg,positif,
Ugy6A4aZJ7YsFgU-wJt4AaABAg,positif,
UgyVBGUjc0n6nAZYgSJ4AaABAg,positif,
UgyUhbZ342WuY5DR4194AaABAg,positif,
UgyuQPAwGMtIUqlK0Eh4AaABAg,positif,
UgxXfTm8gKjgpUxUxWR4AaABAg,positif,
UgxuVwobGK6xw05E31l4AaABAg,positif,
UgxCfUv9Ot6WotGrBvJ4AaABAg,positif,
UgzYOdRoDjfE8HeEk694AaABAg,positif,
Ugxoj0jQBEE4sLVH6eh4AaABAg,positif,
UgylzHPrZBiOPAxTziV4AaABAg,positif,
UgyXkwZpun9altNvHt14AaABAg,positif,
UgyWtBIVMijrrOBy7wx4AaABAg,positif,
UgzSH0Ycb-DwxM66YQl4AaABAg,positif,
UgytvIHwaT1ICW5zMeF4AaABAg,positif,
UgyEK7XCj_Pslrihlzh4AaABAg,netral,
UgzhuzyT4xnkbQCTRyJ4AaABAg,positif,
Ugxjb_9smCdxf4aAtjF4AaABAg,positif,
UgzAUtXeHwRjD8S_8VR4AaABAg,positif,
UgwWPS7ow_X82MU0L6F4AaABAg,positif,
UgzNNESCVJeXqHeN4Zx4AaABAg,positif,
UgzNNESCVJeXqHeN4Zx4AaABAg.9sfn2xklCW99sh05bCgEuu,netral,
UgzNNESCVJeXqHeN4Zx4AaABAg.9sfn2xklCW99slPed_X0AW,negatif,
UgzNNESCVJeXqHeN4Zx4AaABAg.9sfn2xklCW99smi-2a1MVq,positif,
UgzNNESCVJeXqHeN4Zx4AaABAg.9sfn2xklCW99su3uGLRI5d,positif,
UgzNNESCVJeXqHeN4Zx4AaABAg.9sfn2xklCW99su4DxN9kA8,negatif,
UgzNNESCVJeXqHeN4Zx4AaABAg.9sfn2xklCW99syCTIciyfn,negatif,
UgzNNESCVJeXqHeN4Zx4AaABAg.9sfn2xklCW99tL8K957Va1,negatif,
UgzNNESCVJeXqHeN4Zx4AaABAg.9sfn2xklCW99tZq6ezrB51,positif,
UgzNNESCVJeXqHeN4Zx4AaABAg.9sfn2xklCW99sh40Z2D1im,positif,
UgzNNESCVJeXqHeN4Zx4AaABAg.9sfn2xklCW99shC9971WYY,netral,
Ugx8NPrbF5gFG_x0rzp4AaABAg,positif,
UgxSS1G4FeA90Gh03T94AaABAg,positif,
UgxLjpnGiNABpofuO6R4AaABAg,positif,
UgwsnVwlNX3lMDVf-3F4AaABAg,positif,
UgxiXkZghFSvpn-gBHh4AaABAg,negatif,
Ugwq-cpMEwVxVlvOO-l4AaABAg,positif,
Ugzx1WpV94Dxbig2iYh4AaABAg,netral,
UgwjOvZYS-C6RJv12WR4AaABAg,positif,
Ugy9RH_M0vvkTzWrjgR4AaABAg,positif,
Ugz99u3WCsPzdTSAGeh4AaABAg,positif,
UgwjF4YlhVGaJTh5iFN4AaABAg,positif,
Ugy9hk3XXAEByVCm3zl4AaABAg,positif,
Ugw8jOSLMJ3vlkMpF714AaABAg,netral,
UgxGTOEfVgc7MLAfeYR4AaABAg,positif,
UgzPP7VO3gbnlUe43dV4AaABAg,positif,
UgxKXr_cqkdtR1dwOAl4AaABAg,positif,
UgxtLBFQpfMd4gYdz414AaABAg,positif,
Ugz2cRo_O1AxysNSB014AaABAg,positif,
Ugyxu4irUS9QibL9w3V4AaABAg,positif,
Ugx0zqn06ieDF_ylfz14AaABAg,positif,
UgxSfuRK-sadtEX94th4AaABAg,positif,
Ugzf_KzEgqRxjVt5SUp4AaABAg,positif,
Ugzf_KzEgqRxjVt5SUp4AaABAg.9sfhYjUygOs9siB5XVKVkq,netral,
Ugzf_KzEgqRxjVt5SUp4AaABAg.9sfhYjUygOs9sjBlaQ7OgO,negatif,
Ugzf_KzEgqRxjVt5SUp4AaABAg.9sfhYjUygOs9sjyq6u3H91,netral,
Ugzf_KzEgqRxjVt5SUp4AaABAg.9sfhYjUygOs9sk-7frkE_u,netral,
Ugzf_KzEgqRxjVt5SUp4AaABAg.9sfhYjUygOs9sn50WfVCTk,negatif,
Ugzf_KzEgqRxjVt5SUp4AaABAg.9sfhYjUygOs9sn_jzoaGDQ,positif,
Ugzf_KzEgqRxjVt5SUp4AaABAg.9sfhYjUygOs9snyI3HlW27,netral,
Ugzf_KzEgqRxjVt5SUp4AaABAg.9sfhYjUygOs9so6gcHEt8d,netral,
Ugzf_KzEgqRxjVt5SUp4AaABAg.9sfhYjUygOs9sh530wEger,positif,
Ugzf_KzEgqRxjVt5SUp4AaABAg.9sfhYjUygOs9shIIRAB36a,netral,
Ugzf_KzEgqRxjVt5SUp4AaABAg.9sfhYjUygOs9siqrhWc-iY,positif,
Ugzf_KzEgqRxjVt5SUp4AaABAg.9sfhYjUygOs9smTF_0xPyx,netral,
Ugzf_KzEgqRxjVt5SUp4AaABAg.9sfhYjUygOs9smb6Svq3hF,netral,
Ugzf_KzEgqRxjVt5SUp4AaABAg.9sfhYjUygOs9sn2yqG4xEn,netral,
Ugzf_KzEgqRxjVt5SUp4AaABAg.9sfhYjUygOs9spXdSwtEF9,negatif,
Ugzf_KzEgqRxjVt5SUp4AaABAg.9sfhYjUygOs9spfwqLXIiJ,netral,
Ugzf_KzEgqRxjVt5SUp4AaABAg.9sfhYjUygOs9srsTiK99ll,netral,
Ugzf_KzEgqRxjVt5SUp4AaABAg.9sfhYjUygOs9su3fC24HWH,netral,
Ugzf_KzEgqRxjVt5SUp4AaABAg.9sfhYjUygOs9sv75XzBCwj,positif,
Ugzf_KzEgqRxjVt5SUp4AaABAg.9sfhYjUygOs9swUIJaIOP1,netral,
Ugzf_KzEgqRxjVt5SUp4AaABAg.9sfhYjUygOs9t-X_hIkhPu,netral,
Ugzf_KzEgqRxjVt5SUp4AaABAg.9sfhYjUygOs9t20JEGLwXq,negatif,
Ugzf_KzEgqRxjVt5SUp4AaABAg.9sfhYjUygOs9t0lMCP-I5D,negatif,
Ugzf_KzEgqRxjVt5SUp4AaABAg.9sfhYjUygOs9t0wbe4a5Dg,netral,
Ugzf_KzEgqRxjVt5SUp4AaABAg.9sfhYjUygOs9tEOEAvBqhr,netral,
Ugzf_KzEgqRxjVt5SUp4AaABAg.9sfhYjUygOs9tULVNFeWR3,negatif,
Ugzf_KzEgqRxjVt5SUp4AaABAg.9sfhYjUygOs9tVDRcbjcbb,netral,
Ugzf_KzEgqRxjVt5SUp4AaABAg.9sfhYjUygOs9tju1JIkj4K,negatif,
Ugzf_KzEgqRxjVt5SUp4AaABAg.9sfhYjUygOs9u0uPh0Y8Ze,netral,
Ugzf_KzEgqRxjVt5SUp4AaABAg.9sfhYjUygOs9sgRZafNky0,netral,
Ugzf_KzEgqRxjVt5SUp4AaABAg.9sfhYjUygOs9sgpVnfHsM0,netral,
Ugzf_KzEgqRxjVt5SUp4AaABAg.9sfhYjUygOs9szn-FOnO2y,negatif,
Ugzf_KzEgqRxjVt5SUp4AaABAg.9sfhYjUygOs9sl51uvZEig,netral,
Ugzf_KzEgqRxjVt5SUp4AaABAg.9sfhYjUygOs9syz21RX2ea,positif,
Ugzf_KzEgqRxjVt5SUp4AaABAg.9sfhYjUygOs9sz5X6MT0xt,negatif,
Ugzf_KzEgqRxjVt5SUp4AaABAg.9sfhYjUygOs9tLfpf3EIVw,netral,
Ugzf_KzEgqRxjVt5SUp4AaABAg.9sfhYjUygOs9sgoDazjLve,netral,
Ugzf_KzEgqRxjVt5SUp4AaABAg.9sfhYjUygOs9sgqIsGr3_a,netral,
Ugzf_KzEgqRxjVt5SUp4AaABAg.9sfhYjUygOs9sh-iANvcFj,netral,
Ugzf_KzEgqRxjVt5SUp4AaABAg.9sfhYjUygOs9sh037AMytG,negatif,
Ugzf_KzEgqRxjVt5SUp4AaABAg.9sfhYjUygOs9sh0elnoJ9H,netral,
Ugzf_KzEgqRxjVt5SUp4AaABAg.9sfhYjUygOs9sh1KXnB5BE,netral,
Ugzf_KzEgqRxjVt5SUp4AaABAg.9sfhYjUygOs9sh57f7Hb_1,netral,
Ugzf_KzEgqRxjVt5SUp4AaABAg.9sfhYjUygOs9sh3eUuIEB_,negatif,
Ugzf_KzEgqRxjVt5SUp4AaABAg.9sfhYjUygOs9skg6YPoy2D,positif,
Ugzf_KzEgqRxjVt5SUp4AaABAg.9sfhYjUygOs9skqjBQGsmT,positif,
Ugzf_KzEgqRxjVt5SUp4AaABAg.9sfhYjUygOs9smgdNHTx6v,positif,
UgxzlUyIVQ7z7Om_PMR4AaABAg,positif,
UgxoFpVzAtEHQIODTT14AaABAg,positif,
UgyHCzs1fYMp41czQx14AaABAg,positif,
UgzTS-IMslTpGJTL3fB4AaABAg,positif,
UgzBwbWxb2VRSu4xf3d4AaABAg,positif,
UgzBwbWxb2VRSu4xf3d4AaABAg.9sgXUNKIYpH9sh0B9y7bkf,positif,
UgzBwbWxb2VRSu4xf3d4AaABAg.9sgXUNKIYpH9snNRK3U49T,negatif,
UgzBwbWxb2VRSu4xf3d4AaABAg.9sgXUNKIYpH9snNsHZNQi_,netral,
UgxCKR847BORS9iCHhZ4AaABAg,positif,
UgxtRW7nSIepfH1hkQh4AaABAg,positif,
UgwjWtZA3ffGais-v5l4AaABAg,positif,
Ugxrma3cXHrCedczMQN4AaABAg,positif,
UgwISgACdzZWIe2b5IB4AaABAg,positif,
UgzMK0ri3EzpFERu9ZB4AaABAg,positif,
UgxYsjsLaSARcJNJPt94AaABAg,positif,
UgyLbHXZbS3CrQtemxt4AaABAg,positif,
UgynAHBSeQvsK12X-zl4AaABAg,netral,
UgzJ7oRPzmP3B-Z8ZkF4AaABAg,positif,
UgxW5_WW62fg8obvxv54AaABAg,netral,
UgzauMC9_h83AOxARDh4AaABAg,positif,
UgyOtvCViX2pLQhOvfx4AaABAg,positif,
Ugz7H0UiCPx0oN-Co1Z4AaABAg,positif,
UgxtK5NblNlcC5943T54AaABAg,positif,
UgyOSO1ai_5n5gmMJ554AaABAg,positif,
Ugw4MewDX_pvMNAjD5N4AaABAg,positif,
UgwhocOc1JYtZ0A6xYd4AaABAg,netral,
Ugz0mG5urKpOKgehH9N4AaABAg,positif,
UgwZqT3AY9k1LP7oXyp4AaABAg,positif,
UgyOFHiaENDYjlrMGmB4AaABAg,positif,
Ugzg0VIu2RGMvn_EGa94AaABAg,positif,
Ugz6DzjzTuQ-WWxoNKp4AaABAg,positif,
UgyueZm7Bo2II4yOwZR4AaABAg,netral,
UgyA-dgxm2UzWdzO0X94AaABAg,netral,
Ugxp4xCujkR5YTSNodB4AaABAg,positif,
UgwLubK3tJHY8QjDPwR4AaABAg,positif,
UgzdF75JoIpz2_R_qVB4AaABAg,netral,
Ugzk39YUkyNS1zBp6at4AaABAg,positif,
UgyDImcKwqFY37YBBzZ4AaABAg,positif,
UgziIbG92KoKhE9R23N4AaABAg,positif,
Ugy4MuDKxEdxSG84Dt14AaABAg,positif,
UgycT2P20XcQb_AO6214AaABAg,positif,
UgxgnDAe8KZbOm7S-L14AaABAg,netral,
UgwyAIF3H8LOdXKXckx4AaABAg,positif,
UgxDD2PNusq3OT3ufhZ4AaABAg,negatif,
UgxLiYGS-YOBqdnB82Z4AaABAg,netral,
Ugw8z9D6dhBf3pj-SdB4AaABAg,positif,
UgyO9RqWqHFMBbixHs94AaABAg,positif,
Ugxj9wcVBBWEMBUXpAd4AaABAg,positif,
UgyBU1MCTt53xonNd4J4AaABAg,positif,
UgwNaq5BqyoXH8hWG2F4AaABAg,positif,
Ugyo89SvDuyPVEOOvNl4AaABAg,positif,
UgyT-zYBijNSh0G03Fx4AaABAg,positif,
UgzRJf_I-X_qvsncWRp4AaABAg,positif,
UgwXoCkMQJuczQNQbrp4AaABAg,netral,
Ugx6Bc5AhtJJqRghWal4AaABAg,positif,
Ugy2pl4Hd7rE6b5mtx94AaABAg,netral,
UgzfnNgpo-ZVOA7oOER4AaABAg,positif,
Ugzp3xdPt7GnB_PaP894AaABAg,positif,
UgwxjKAKl_hNhNZ93p54AaABAg,positif,
UgzC2VZxw0kgZwV5eIV4AaABAg,positif,
Ugz68bzm4hoj1p4SWcV4AaABAg,positif,
UgxFryeKjwqvb6GcPj14AaABAg,positif,
UgxFryeKjwqvb6GcPj14AaABAg.9sz5fTpJmIk9t1cFK9yFlD,netral,
Ugxey0QNN-KgcnMEbJ14AaABAg,positif,
UgzS3JGPoqkhfo0YauN4AaABAg,positif,
UgyfYZcd0vxo5m_nvPp4AaABAg,netral,
UgxLs8SnVgimTc5PojV4AaABAg,positif,
UgygLY4yFXLXNSUYdWJ4AaABAg,positif,
Ugy91jSxR5z18Z_NkO14AaABAg,positif,
Ugw2h6Nx9yYRkng6HDR4AaABAg,positif,
UgwpxnVO6jOq9q0ZLzZ4AaABAg,positif,
UgyXm756oORxApdrAel4AaABAg,netral,
UgxkwtBZpKT0LGjYfoN4AaABAg,netral,
Ugwfor8EzrA6bvElLzN4AaABAg,positif,
UgxvV4SbXUOzaCWgj9d4AaABAg,positif,
UgxqYZ-HC3a1DokjHiB4AaABAg,positif,
UgySUMo8d6FHCkbbcWN4AaABAg,netral,
UgwLkIPvyQM3BVgYsIx4AaABAg,positif,
Ugw_LFNQOHq5V-G6HjR4AaABAg,positif,
Ugw_LFNQOHq5V-G6HjR4AaABAg.9t820hzHHrI9tGrv1NUwMu,netral,
Ugw_LFNQOHq5V-G6HjR4AaABAg.9t820hzHHrI9tGtFVZGF-S,negatif,
Ugw_fuUsSZ1g371oFJR4AaABAg,positif,
UgwIs95ABZIzcNf73y94AaABAg,positif,
Ugyv9Vl8LMReWpiS7yJ4AaABAg,positif,
Ugwn_c69enHPoEnaas54AaABAg,positif,
UgyxLNAXj-sAkmGWyah4AaABAg,positif,
Ugy9eKmy8eG9rwo80Gh4AaABAg,positif,
UgxJST_7mg5YOJQV6ZR4AaABAg,positif,
UgwaZd0mC9EtXLMUbNB4AaABAg,positif,
UgzPYaOwrFZ6GO732ph4AaABAg,positif,
UgwGDLlfBqVYJRIw71t4AaABAg,netral,
UgwdD1qhFur3gvttsJJ4AaABAg,netral,
UgyoCMmQbU5iNWYJbrN4AaABAg,positif,
UgwEZAJ07FRM8ZwD5vF4AaABAg,positif,
UgwBIJNE_mhEvJNeWAF4AaABAg,netral,
UgxQhUqYJ_HGiuwVYXB4AaABAg,positif,
UgxQhUqYJ_HGiuwVYXB4AaABAg.9sfdK2JymLX9sh0CNJks85,netral,
UgxQhUqYJ_HGiuwVYXB4AaABAg.9sfdK2JymLX9t0eVwC1oQt,netral,
Ugyy5CDh8tGT7yjAd1J4AaABAg,positif,
UgyquqKMUrHSVHuu2t94AaABAg,positif,
UgyquqKMUrHSVHuu2t94AaABAg.9sfiib_P_B79sh0Fn4DLmt,netral,
UgwoVOXunc2SYQda5Kp4AaABAg,positif,
Ugx5wswxyME554Sw3Cx4AaABAg,positif,
UgwcEMDUv6ugwIQ-G8N4AaABAg,positif,
Ugz6khwl_Paq9PkBtpd4AaABAg,positif,
UgxK4NiwRkd_glGvZKd4AaABAg,netral,
UgxqwZ5Tyf1gLTGCMMV4AaABAg,positif,
UgwqdLtWvg_U_f0B9NR4AaABAg,positif,
Ugy15wO3Ntu_9tpt4Ol4AaABAg,positif,
UgyfRLGbw4avChqGvIJ4AaABAg,netral,
UgwMNwBmY6IAR23JY3x4AaABAg,positif,
Ugw629_4jt4cFsiTvqN4AaABAg,positif,
UgyvkI1If1SIfTfMWl54AaABAg,netral,
UgwvXCMy7ScOo_wA8JZ4AaABAg,positif,
UgwDKS078o2vlzZRetp4AaABAg,netral,
Ugxg42M3o_Xs6J9DSit4AaABAg,positif,
UgwvI47nge94js6wtT14AaABAg,positif,
UgwPJzSh0bdab_7ucuN4AaABAg,positif,
Ugw6jWQiXid8t5BIpNJ4AaABAg,positif,
UgwetRAVwTjwtcoSioV4AaABAg,positif,
UgzMfYUAJ3VsVqxoBiZ4AaABAg,netral,
UgzXbhYDo8CBLAJozN54AaABAg,positif,
UgycDJc2ng1qXSOC7QZ4AaABAg,positif,
UgwBf8itgdvzZ-k9Rsl4AaABAg,positif,
UgxeJCRx_x2jP4BIuXt4AaABAg,netral,
Ugw0xO-jENkoUMjvLld4AaABAg,netral,
UgwbDGHF5wb0Y-BWqwN4AaABAg,positif,
UgwbDGHF5wb0Y-BWqwN4AaABAg.9sk-gs8Wfz99skaPwypBAj,positif,
UgwbDGHF5wb0Y-BWqwN4AaABAg.9sk-gs8Wfz99tFLunIATqq,positif,
UgwbDGHF5wb0Y-BWqwN4AaABAg.9sk-gs8Wfz99smeTPU8auL,negatif,
UgwbDGHF5wb0Y-BWqwN4AaABAg.9sk-gs8Wfz99smgkpEPBW7,positif,
UgxfwXZ_R0xXqRNzG3t4AaABAg,positif,
UgwovQyb0Q4LrMVoHQN4AaABAg,positif,
Ugw8NSLsqZriVzZ61JV4AaABAg,positif,
UgzQ6q9UEwfmuxtQo1x4AaABAg,positif,
Ugws5Vep2dXTj_CkqrF4AaABAg,positif,
Ugw-GwQtgG0NxFptFRR4AaABAg,positif,
UgyxZPDj0VOg49jek4h4AaABAg,positif,
UgzBcxAXgfu1ZcXbPb14AaABAg,netral,
Ugxkeg5MyUKY9JO9LSl4AaABAg,positif,
UgxbAUypegVEDZ5KxAB4AaABAg,positif,
UgzgxnbBp5jK7jtyKbd4AaABAg,positif,
UgxthEGscpF_vQ18M2B4AaABAg,netral,
UgzIdoCa-AHlj1G7tqB4AaABAg,netral,
UgwVNdJRkP-29uVQVJF4AaABAg,positif,
UgwVNdJRkP-29uVQVJF4AaABAg.9sgM6M1ZBcx9snGfE_aycH,netral,
UgwMkJf0ysmKNsB-0lZ4AaABAg,netral,
UgwDJF9GZphtAaKXWUl4AaABAg,netral,
UgzJW1M2qW6VjyQAXFJ4AaABAg,positif,
Ugw7u174Ol853f0H2Ph4AaABAg,positif,
UgwMZBkBjuyeT_PQLpB4AaABAg,netral,
UgxZMzXED8N0qaNcoqZ4AaABAg,positif,
UgwlTo_yodYk61aarJx4AaABAg,positif,
UgwszsNuQQTBAdzApQF4AaABAg,positif,
UgygCdEWOTEoQ5yLT7R4AaABAg,netral,
Ugws6Fmc_bJjh_HMOo14AaABAg,positif,
UgxoAmUFMngFdi_vHq14AaABAg,positif,
UgxXXZiTL6H1Z9wZ3uJ4AaABAg,positif,
UgydrQ2a_mxnUl1VEMN4AaABAg,netral,
Ugzfyu7MU-gJ1WinG1d4AaABAg,positif,
Ugy6Pvz_CIao41b8d6t4AaABAg,positif,
UgwYMrOGfla8zVM4PAJ4AaABAg,positif,
Ugza_qnd3bwo4CxFSbN4AaABAg,positif,
Ugx8HyKh0erOfubGMrF4AaABAg,negatif,
UgwfmcfrSuv0vZPFAwN4AaABAg,positif,
UgzDlZSoYINvz0bCYeB4AaABAg,positif,
Ugz8z8GSTW-mRJ6ySJx4AaABAg,positif,
UgyW0cZoLf7xe0MoB7p4AaABAg,netral,
UgwO_Js2HwNZZM_2_lZ4AaABAg,positif,
UgykH-x08iUml8ZnDnB4AaABAg,netral,
Ugyy884H-WvT1V0SP6l4AaABAg,positif,
Ugyy884H-WvT1V0SP6l4AaABAg.9sfkXf44JMZ9sgpItQf4tN,netral,
Ugyy884H-WvT1V0SP6l4AaABAg.9sfkXf44JMZ9soUZAyofpp,netral,
Ugyy884H-WvT1V0SP6l4AaABAg.9sfkXf44JMZ9soh1FedQFq,netral,
UgwqxskzqzhEC10imxN4AaABAg,netral,
UgytEOhk6YsUCN9WOgZ4AaABAg,netral,
UgxM9ZgntmHuWngbSoF4AaABAg,positif,
UgyQGR88Nu6_btpNST14AaABAg,positif,
Ugz0eJ5YA5_vvQFOTFl4AaABAg,positif,
UgxW7mkQeK_Fspwr2Xp4AaABAg,positif,
UgzYU3PbMOe4ebI8Jjx4AaABAg,positif,
UgySV7gaNaQcTeu_CWF4AaABAg,positif,
UgySV7gaNaQcTeu_CWF4AaABAg.9szDhJfGTJw9sznQ8oAEY_,netral,
Ugy_JObycBNI275pyKJ4AaABAg,positif,
Ugw4ryJDftfIAZIbU3J4AaABAg,netral,
UgyUTR1gv2aIyz-KyKJ4AaABAg,positif,
Ugwozsw6mi43EwtQad54AaABAg,negatif,
Ugwr_C1_uK92zAcVudJ4AaABAg,netral,
UgzjbJofOlsBnUSQtJB4AaABAg,positif,
UgxgWpP85xZKPhBJxz14AaABAg,netral,
Ugx9eJYHC7AjKFlI6ot4AaABAg,netral,
UgyC0EM9EYj-DjHzVNl4AaABAg,netral,
UgwdXds9Ao8XsR67kb94AaABAg,netral,
UgwdXds9Ao8XsR67kb94AaABAg.9t5ykN0kjGC9t62PoJ2gux,netral,
UgwoENZvyeUuj2W42ax4AaABAg,netral,
Ugwxc12SCuILt6T1-LJ4AaABAg,netral,
Ugy03umYhHP3hIVsIUF4AaABAg,positif,
UgwZcj_OqODkW82iW5h4AaABAg,positif,
UgxRKBOVewssmTxcxMd4AaABAg,netral,
UgwiOxN3zMXDTmmsEIR4AaABAg,positif,
UgyaR43ElbbyQt_3vml4AaABAg,positif,
UgyJZyYB9wfWihWr1E54AaABAg,netral,
Ugz_a9Iii-5-6ZCkPIV4AaABAg,positif,
UgzPx6sB0bel73O-3kJ4AaABAg,positif,
UgxF29aLmMKuS-IdQJ14AaABAg,netral,
UgzB4XfvLe12w_4pXZp4AaABAg,positif,
UgxFU2kN-e1dCTaJgON4AaABAg,positif,
UgzSXR_5A_4ViLw-cH54AaABAg,positif,
Ugz3SfzvLFQhqAUSqm94AaABAg,positif,
UgyE3-aViMmr7ENPhw54AaABAg,positif,
UgztmUbNpW9ExRzArlJ4AaABAg,netral,
UgzvE3YGfggSz2_8P7F4AaABAg,positif,
UgwFT3lzO5b_UyMRmgd4AaABAg,netral,
UgxQTJPvaG-WwUdOfD94AaABAg,positif,
UgwkZMHxmo0qYQ1eEu54AaABAg,netral,
Ugzusa5jolFIOHaU3Pd4AaABAg,positif,
UgysSBHLsyDAd7lt4gp4AaABAg,netral,
Ugzd5CRIrOlCBLDpTwB4AaABAg,netral,
UgwLcug7Oit454-GGQ54AaABAg,positif,
UgzI1TRYdtC36cKUQD94AaABAg,positif,
UgzI1TRYdtC36cKUQD94AaABAg.9sjBdemJ5Qd9skrnopEXjO,netral,
UgyGLV7sT53xTKHnH-Z4AaABAg,netral,
UgzfXPxH6dje1RXZRCF4AaABAg,netral,
UgxQ7dvpQmAx-9PblQN4AaABAg,positif,
UgzmvBEHJ646hFX2lol4AaABAg,netral,
Ugz_Qbrka3qWpa5lHQJ4AaABAg,positif,
UgwhNlQtzUj7-tYJczN4AaABAg,netral,
Ugy7WoOFDUIfsEKozQR4AaABAg,netral,
UgwgK4A1HfWzJANHpyB4AaABAg,positif,
Ugzdg3nK_OfvopuxM_h4AaABAg,netral,
UgyWtCvZm30oqAZMDct4AaABAg,netral,
UgzkrJzBOER_IDXosuB4AaABAg,positif,
UgyPO2UsWV5AJxIubVh4AaABAg,netral,
Ugwo2HDZc6mbO1LN9Pt4AaABAg,netral,
UgxcruhTOoCaDC8lkYV4AaABAg,negatif,
UgxcruhTOoCaDC8lkYV4AaABAg.9skNtxPqZHV9skVoU60YDi,positif,
UgzU2PdgfC5NgFdyqhp4AaABAg,netral,
Ugy6ICM9zv2T8WLhtIZ4AaABAg,negatif,
Ugy6ICM9zv2T8WLhtIZ4AaABAg.9siC1OaT4n49sk01KE1WZO,netral,
UgxHho8wMFt-Dwy5qvl4AaABAg,positif,
UgybIRa-_ZxOmrMr5op4AaABAg,positif,
UgyAwS05ecPDc0P_IGF4AaABAg,positif,
Ugy03f8ug6Kz5mxaOmp4AaABAg,negatif,
UgyZq_UET8gKeJf1CZh4AaABAg,netral,
Ugzewke1JpndUT-atJh4AaABAg,positif,
UgxbNzphT_-seas97VZ4AaABAg,positif,
UgxbNzphT_-seas97VZ4AaABAg.9sfdjzDFhfU9sfmtafPIfE,netral,
UgxbNzphT_-seas97VZ4AaABAg.9sfdjzDFhfU9sh0Js_Gf9W,netral,
UgxbNzphT_-seas97VZ4AaABAg.9sfdjzDFhfU9sfjLIf9qvw,netral,
UgxbNzphT_-seas97VZ4AaABAg.9sfdjzDFhfU9sfjfmKp_Mo,negatif,
UgziKmIb_0ua4Yn7wp94AaABAg,netral,
UgyWB-MkraWKmUYInD94AaABAg,positif,
UgyaiopRAlmSv2aTT2l4AaABAg,netral,
UgxOa8tgk0kCmrndmtR4AaABAg,positif,
Ugx8lR7YIUhEPO5Jy2B4AaABAg,netral,
UgyD45jbL-Q1EI88Px94AaABAg,netral,
Ugzo7C9JJZl3NepJOZl4AaABAg,positif,
Ugzo7C9JJZl3NepJOZl4AaABAg.9sm3vdaeKgc9smeFAzqmRT,netral,
Ugy8nCbyNllTRun0Ro94AaABAg,netral,
Ugy3HVb0cxXHSePilX94AaABAg,positif,
UgyeeWLYtvwESPev-oJ4AaABAg,netral,
UgxTQblOjbZFTLhBKEl4AaABAg,positif,
UgxTQblOjbZFTLhBKEl4AaABAg.9t5IPzXY_VR9t5zeaRtDGJ,netral,
UgzSDOA6yjp7b2rfSkR4AaABAg,netral,
Ugzkja6UeP6LdPZIOcF4AaABAg,netral,
Ugw6C-bdu1l6dbi0WWp4AaABAg,netral,
UgwQJz4tagcGB80bA9x4AaABAg,positif,
UgwQJz4tagcGB80bA9x4AaABAg.9t0gqmCFMkW9t2-3uqpjkG,netral,
Ugxlr6EFzhEM4TuK2-B4AaABAg,netral,
UgxndLv09UGHPTejm6h4AaABAg,negatif,
Ugxkkdy7nHE4ih0wfWZ4AaABAg,netral,
Ugxkkdy7nHE4ih0wfWZ4AaABAg.9sk2QcsfOBS9skGyGLIhzp,netral,
UgzBwzPG86cbagIDGhB4AaABAg,positif,
Ugw-wigF0eJ3W5CJ9yJ4AaABAg,negatif,
UgzkIncA09P_XLJigUt4AaABAg,negatif,
UgyjWbsZEfdjz9ax3D94AaABAg,netral,
Ugxr401psBiTU6IEY654AaABAg,netral,
UgyrDC6t1lYnqirhNu94AaABAg,positif,
UgyrUlXySsCqRpWtUlp4AaABAg,positif,
UgympILB8nG4uN4Ik294AaABAg,netral,
UgxO82k90-jcpgjLpLR4AaABAg,netral,
UgwaCjyE6lBsRtXO3oF4AaABAg,netral,
UgzreNuMdld8O4fwopB4AaABAg,positif,
Ugx3Fp7sG1Jl0WGYyPJ4AaABAg,netral,
UgywWuYV-uXOsLBVVVR4AaABAg,positif,
UgwavnNFcwMPfgMhp_B4AaABAg,positif,
UgwavnNFcwMPfgMhp_B4AaABAg.9sgr-2alwnx9sguvYrhDwk,positif,
UgwavnNFcwMPfgMhp_B4AaABAg.9sgr-2alwnx9shC2F0_SP8,positif,
UgxyfVim28uCExi8qK94AaABAg,negatif,
UgyS2lbf7_uOBc9xukV4AaABAg,netral,
UgyIPqHJHCN_BRtl1TN4AaABAg,netral,
UgzUW1-z-stCPXyngQd4AaABAg,negatif,
UgwTRfZvnfp8zdNh_gN4AaABAg,positif,
UgxR7zqtx89zUhtEd494AaABAg,positif,
UgyPquXTBWJU549XjTV4AaABAg,netral,
Ugwwk2IK8GECL-k8JoZ4AaABAg,positif,
UgxiLM0G-fUathJxwdJ4AaABAg,netral,
UgysJ1W5qwDmNN6Yl-V4AaABAg,positif,
UgyP9ikYQ3AV4MQLilF4AaABAg,netral,
Ugw0u-lNkbQ9d6Iikdx4AaABAg,netral,
UgzP4m-KIfnaNDYoy614AaABAg,positif,
UgzP4m-KIfnaNDYoy614AaABAg.9sxhjEHYOGI9syfRY1FDi9,netral,
UgzP4m-KIfnaNDYoy614AaABAg.9sxhjEHYOGI9szaycyoAJd,netral,
UgxLxPET1FtE5JvYZ0F4AaABAg,netral,
UgyDkQbgWaSUMsGS9ep4AaABAg,netral,
UgyDjpaEwHH3lH30CEh4AaABAg,netral,
UgxwPJd9JJTiaNCQ5Ux4AaABAg,negatif,
UgyzryY2_aYcpwTOkjl4AaABAg,netral,
UgyzryY2_aYcpwTOkjl4AaABAg.9skt7ZMUxw89skyY0dyapJ,netral,
UgyzryY2_aYcpwTOkjl4AaABAg.9skt7ZMUxw89sll1YFThlJ,negatif,
UgzTeAJeVK67E85fQ2B4AaABAg,negatif,
Ugzaswm8TCNLtfcppyt4AaABAg,negatif,
Ugzaswm8TCNLtfcppyt4AaABAg.9skgDBb-L-_9skufhBuynf,positif,
UgyweIWZV5mTjkY5ka14AaABAg,netral,
UgyweIWZV5mTjkY5ka14AaABAg.9shYqxdFohx9sjEU97peUy,netral,
UgzxhzClnhdgIw6O89p4AaABAg,netral,
UgwfGxdR07MgAGfSkzl4AaABAg,negatif,
UgzdfLFML-ObPvIZMmJ4AaABAg,netral,
UgzebEci4fH0Mgsz0394AaABAg,netral,
UgzebEci4fH0Mgsz0394AaABAg.9sgkaKNgxPJ9sgr22K6d54,netral,
UgwnaMZxxxvwvAZvLGN4AaABAg,positif,
UgxRnMAkLI0cN2KoZ354AaABAg,negatif,
Ugyx0dvhXNt17IfLlhN4AaABAg,netral,
UgzsqQFtGETjYWUyIZR4AaABAg,netral,
UgzsqQFtGETjYWUyIZR4AaABAg.9sqG8Z2E5u49sqiKyRm0PA,netral,
Ugzf4aCWdKof3mW2_PN4AaABAg,netral,
UgxnVfM7M00559ah76l4AaABAg,netral,
Ugyeo-SJwOCRgsiz8ph4AaABAg,negatif,
UgxnVOVl7lJu2QKavfJ4AaABAg,netral,
UgxnVOVl7lJu2QKavfJ4AaABAg.9sgfc6eEfeU9sgq9b-R7BY,netral,
UgzjTPQqmYrB38O0zO94AaABAg,netral,
UgxFQEn6fQHDerb9HD94AaABAg,netral,
UgyebvvoW9xTrQjPoQB4AaABAg,positif,
Ugwq372qWDUxuPoOexl4AaABAg,netral,
Ugx8QfgjeZc5pS_Ai_14AaABAg,netral,
Ugy8wvYV1jAeZ9r7meh4AaABAg,netral,
UgxbHRMjxls3bqPDb0V4AaABAg,netral,
UgwziJ1JkW_DKRpPKQ94AaABAg,netral,
UgwsP4GfKg8PyDFEZDF4AaABAg,netral,
UgwnVUIIrhyZbUlk8Bh4AaABAg,netral,
UgxlpOoNDklZH1ycXaB4AaABAg,netral,
UgxgsJ50sUXT7RRov5p4AaABAg,netral,
UgzdLHCWGkWwELj53MJ4AaABAg,netral,
Ugxjh_OViDcWhLwiUdZ4AaABAg,negatif,
Ugzoq63a0p0IZQlV-W94AaABAg,netral,
Ugw6jCkYqAPIcWDEDfF4AaABAg,netral,
UgxzNGxymD0w52hW7Hp4AaABAg,netral,
UgySCFKJhWzRoh5e2Yx4AaABAg,netral,
Ugwovi_Tkkw51tPAuiZ4AaABAg,negatif,
Ugw2Lqs8t0jc6MGgwYF4AaABAg,netral,
Ugy8p9gYgY8UFZjlNB14AaABAg,negatif,
Ugz5-J_s0sAe6NcnocJ4AaABAg,negatif,
Ugw5ry-XO5B8J1lYcB54AaABAg,positif,
Ugyz1SVRM6BoM5WcyN14AaABAg,netral,
UgwWRMlnoStISjkPoIx4AaABAg,negatif,
UgzRXqZzw5MPXEcdRNl4AaABAg,netral,
UgyeUez3sLXhI_xkK114AaABAg,negatif,
UgyiF2XXuUBoBIJ7v1d4AaABAg,negatif,
Ugx3RGVEkwA0EfKFPO94AaABAg,netral,
UgzvRX-VGtJRdMqUI5l4AaABAg,netral,
UgxA--K-GtGSmq17P614AaABAg,negatif,
UgwAKkOLEY-Ezcb98ZV4AaABAg,negatif,
UgyzIWv4_yv2a2yC-JB4AaABAg,negatif,
UgxRMmjjyxTnQoxPlwV4AaABAg,netral,
Ugx3_ftPp8hld1Aijad4AaABAg,negatif,
UgyJ7eyd8hscJsVBENx4AaABAg,netral,
UgxJJdKwD5ZonYqJgdF4AaABAg,negatif,
Ugztx4eAtwJlYvCqjkN4AaABAg,negatif,
UgxodFiO0zVOCBn4szh4AaABAg,positif,
Ugxk6rIsmA_9NIFbxI54AaABAg,positif,
UgxbrGv6Esjky_an2Gp4AaABAg,positif,
UgzxK5w9TZZLDeAaEBd4AaABAg,positif,
UgzxK5w9TZZLDeAaEBd4AaABAg.9ps9drhteld9pxqYcSUrvX,netral,
UgzxK5w9TZZLDeAaEBd4AaABAg.9ps9drhteld9qFhfUWTCUw,positif,
UgzxK5w9TZZLDeAaEBd4AaABAg.9ps9drhteld9q2X4FR1TDQ,negatif,
UgzxK5w9TZZLDeAaEBd4AaABAg.9ps9drhteldA4PD1wvNf3F,netral,
UgzxK5w9TZZLDeAaEBd4AaABAg.9ps9drhteldA4PZ6bKuZwk,netral,
UgzxK5w9TZZLDeAaEBd4AaABAg.9ps9drhteld9q6qseabneM,positif,
UgzxK5w9TZZLDeAaEBd4AaABAg.9ps9drhteld9q7_L4PvHn8,netral,
UgzxK5w9TZZLDeAaEBd4AaABAg.9ps9drhteld9q82bWQ5gxg,netral,
UgyZh4PU82tAdpA1Std4AaABAg,positif,
Ugy0UvuilWHMtFjgjw54AaABAg,positif,
Ugy0-iZNeHbaXyaeOq94AaABAg,positif,
Ugy0-iZNeHbaXyaeOq94AaABAg.9prTTyQESw79pt9B5rKqmD,positif,
Ugy0-iZNeHbaXyaeOq94AaABAg.9prTTyQESw79qZaAsGQri-,netral,
Ugy0-iZNeHbaXyaeOq94AaABAg.9prTTyQESw79psimivPxr-,netral,
Ugy0-iZNeHbaXyaeOq94AaABAg.9prTTyQESw79pv4C6szasE,netral,
Ugy0-iZNeHbaXyaeOq94AaABAg.9prTTyQESw79ptVOWLgXwJ,positif,
Ugy0-iZNeHbaXyaeOq94AaABAg.9prTTyQESw79puB9CxBLQn,negatif,
Ugy0-iZNeHbaXyaeOq94AaABAg.9prTTyQESw79t-z5IONPk8,positif,
Ugy0-iZNeHbaXyaeOq94AaABAg.9prTTyQESw79pyVYijAQRM,positif,
Ugy0-iZNeHbaXyaeOq94AaABAg.9prTTyQESw79q1rijGrZtU,negatif,
Ugy0-iZNeHbaXyaeOq94AaABAg.9prTTyQESw79q29yEzh1Q2,netral,
Ugy0-iZNeHbaXyaeOq94AaABAg.9prTTyQESw79xETQdthNiJ,netral,
Ugy0-iZNeHbaXyaeOq94AaABAg.9prTTyQESw79ptncLtsuLz,netral,
Ugy0-iZNeHbaXyaeOq94AaABAg.9prTTyQESw79q2XeejTVpq,netral,
Ugy0-iZNeHbaXyaeOq94AaABAg.9prTTyQESw79qFhxCTNrlF,negatif,
Ugy0-iZNeHbaXyaeOq94AaABAg.9prTTyQESw79q5RsuwixJ6,netral,
Ugy0-iZNeHbaXyaeOq94AaABAg.9prTTyQESw79pvS8ziizvB,negatif,
Ugy0-iZNeHbaXyaeOq94AaABAg.9prTTyQESw79q2_Kj6Bkq-,netral,
Ugy0-iZNeHbaXyaeOq94AaABAg.9prTTyQESw79qRtHt-ABlC,netral,
Ugy0-iZNeHbaXyaeOq94AaABAg.9prTTyQESw79qV6sGdGB9y,netral,
Ugy0-iZNeHbaXyaeOq94AaABAg.9prTTyQESw79qAKKwXeU_L,netral,
Ugy0-iZNeHbaXyaeOq94AaABAg.9prTTyQESw79qXDwHMXU0u,positif,
Ugy0-iZNeHbaXyaeOq94AaABAg.9prTTyQESw79r-jIZmG4pT,netral,
Ugy0-iZNeHbaXyaeOq94AaABAg.9prTTyQESw79r5aNRLWAo4,netral,
UgxotoXeScFhGVn7ML14AaABAg,positif,
Ugwno1mlP8f8Ro3fo814AaABAg,positif,
UgyVV8gu_Njoe-7b47Z4AaABAg,netral,
UgyMfLvZ0R5rHB0NOlZ4AaABAg,positif,
UgwVIf3Lk1JtLP9-yVt4AaABAg,positif,
Ugz1k6tPrFuCX5YxZ7x4AaABAg,positif,
Ugz1k6tPrFuCX5YxZ7x4AaABAg.9q26HQGO_zO9qAOWBcgslW,netral,
UgxnOZwR9tFbLvO5_CV4AaABAg,positif,
UgxnOZwR9tFbLvO5_CV4AaABAg.9pv9sd7yexf9q07Svhhab9,netral,
UgzocYwxc_sF_j-yDpR4AaABAg,positif,
UgyaZT54-DHilXDkN5d4AaABAg,positif,
UgyFD0QE0FimHrs5Lhx4AaABAg,positif,
UgyCVK2tD1Tn6UFREHh4AaABAg,netral,
UgzIvml5TOmudqJtc4B4AaABAg,positif,
Ugx9-MPO6gscIr-fK0t4AaABAg,positif,
Ugx8xQRz7156xxIPkat4AaABAg,positif,
UgyLI7JPylfet36rnil4AaABAg,positif,
UgyLI7JPylfet36rnil4AaABAg.9ptUIAPk2mf9q-zup_QULJ,netral,
UgyLI7JPylfet36rnil4AaABAg.9ptUIAPk2mf9q-2Y4N0BDW,netral,
UgyLI7JPylfet36rnil4AaABAg.9ptUIAPk2mf9qFiRtLdNnR,negatif,
UgyLI7JPylfet36rnil4AaABAg.9ptUIAPk2mf9q4ePDn2iIc,netral,
UgyLI7JPylfet36rnil4AaABAg.9ptUIAPk2mf9q8AQMr0e_2,netral,
UgyLI7JPylfet36rnil4AaABAg.9ptUIAPk2mf9rkTISJurhc,netral,
UgwGumI60y9zexUAoXl4AaABAg,positif,
UgxrQHh8TdIcytSfoQR4AaABAg,positif,
UgyMtOzoEKhz4xdNdkh4AaABAg,positif,
UgyMtOzoEKhz4xdNdkh4AaABAg.9prWhndV2fz9ptqi209Ige,positif,
UgwLfl612zEw2_WTrWl4AaABAg,positif,
Ugw5GCiG3E5lotGhoMZ4AaABAg,positif,
UgxsBOcj5PN1GFdSqGN4AaABAg,positif,
UgxsBOcj5PN1GFdSqGN4AaABAg.9prcVk2UOu69pskCXgABnh,netral,
UgxsBOcj5PN1GFdSqGN4AaABAg.9prcVk2UOu69pt9K5Jxgct,netral,
UgxsBOcj5PN1GFdSqGN4AaABAg.9prcVk2UOu69pt7Y44Q4Yj,netral,
UgxsBOcj5PN1GFdSqGN4AaABAg.9prcVk2UOu69pt9MAnd8iC,netral,
UgyxUiXN60ufGsidyoZ4AaABAg,positif,
UgyzxUXe6-rDFlbiMC14AaABAg,positif,
UgydRh1sqSO3SnKK5pd4AaABAg,positif,
UgzG6jtsXE2ZCyaME4h4AaABAg,netral,
UgyPe7eUvFlJUhPDzhZ4AaABAg,positif,
Ugwqu8QqbFyNpnXJyvZ4AaABAg,positif,
UgzhqBOFVv5B2JxhFz54AaABAg,positif,
UgzbyJdqqTlN0LHid5x4AaABAg,positif,
Ugz_ptiGGLcQC2vuKWB4AaABAg,positif,
Ugw18FYmNTSJOKsmNfF4AaABAg,positif,
UgxLAuFLCEnDAGIk0AN4AaABAg,positif,
Ugz5rRYNBzmoCz2ZD5J4AaABAg,positif,
UgyRWSy7yQ42sMO78z94AaABAg,positif,
UgwZqmUIa35DmeFQvrR4AaABAg,netral,
UgwyztQQEEFLwbnxYK14AaABAg,positif,
UgwyztQQEEFLwbnxYK14AaABAg.9prYX_rgi0_9pt-Lun8X0x,netral,
UgwyztQQEEFLwbnxYK14AaABAg.9prYX_rgi0_9purDh_l82F,netral,
UgwyztQQEEFLwbnxYK14AaABAg.9prYX_rgi0_9qFiMuhLFV_,negatif,
UgwyztQQEEFLwbnxYK14AaABAg.9prYX_rgi0_9qP0sD_M8vm,positif,
Ugzzr5lvJCpl8CDcRfV4AaABAg,positif,
UgwZIWNralQrTKQ1aEd4AaABAg,positif,
UgyA17t6qWkJ7PjzfEh4AaABAg,positif,
UgzVHNPZZ9dKaR9dL1N4AaABAg,positif,
UgzO1pZ4JsrS28o5qCl4AaABAg,positif,
Ugz1IaM5hDz909FH88J4AaABAg,positif,
UgwQKqGCULZh3Z7aoPB4AaABAg,positif,
UgxEOJhB3xFUdzryvPh4AaABAg,positif,
UgzggUZ2DztS3VGGAe14AaABAg,positif,
Ugxxja7qhjbubAmD8AV4AaABAg,positif,
Ugzx8DTirEA1zp82hzp4AaABAg,positif,
UgwdCXtbBDWbzOiXPZ54AaABAg,positif,
UgyoeIcUoYVVjcr49Ml4AaABAg,netral,
UgwakDOcgCP8Yq5wsb14AaABAg,positif,
UgxY2NY72PVYpSmFJqx4AaABAg,positif,
UgwTnbMibXQdNI6QylN4AaABAg,positif,
Ugyu8iYzu2UyIphxEwR4AaABAg,positif,
Ugx4wuwdBTtVO3XloUd4AaABAg,positif,
UgwT6_CKJpZPye0EJ2l4AaABAg,positif,
UgwT6_CKJpZPye0EJ2l4AaABAg.9prQ2ojXIPh9psVCVNzDmd,positif,
UgwT6_CKJpZPye0EJ2l4AaABAg.9prQ2ojXIPh9pyNYrx7tCu,netral,
UgwT6_CKJpZPye0EJ2l4AaABAg.9prQ2ojXIPh9psMMfO1913,positif,
UgySEsY7VRbT0UAb-3J4AaABAg,positif,
UgwxPzmyQOLjOe7944Z4AaABAg,positif,
UgxrRZM_YcBoKVGnARd4AaABAg,positif,
UgzAnlC5LMthAwkgn7Z4AaABAg,positif,
UgzAnlC5LMthAwkgn7Z4AaABAg.9psNuWECfEb9pskIC13M6S,netral,
Ugzym5WLXbT4O9NnE3l4AaABAg,positif,
UgzWRwVJGEIkGRffQn14AaABAg,positif,
UgzWRwVJGEIkGRffQn14AaABAg.9prRbSGl7Fk9pt8fT71zCW,netral,
UgxzPv7kT58IXkGmJXV4AaABAg,positif,
UgzxHQLozzPCXmUJ1xd4AaABAg,positif,
Ugz04XO9jxRnOQR0Pgl4AaABAg,positif,
UgxHkcuAMSXLeTcxnPt4AaABAg,positif,
Ugy2snStdaSzvqpC7Rt4AaABAg,positif,
UgzQ3B_ieHqUiyku-op4AaABAg,positif,
UgzQ3B_ieHqUiyku-op4AaABAg.9pvdLA013ey9q-2oJmxjBK,netral,
UgytS7UfooHTS9NgAlZ4AaABAg,positif,
Ugxdx-i0JyZLhvgAjfB4AaABAg,positif,
Ugxdx-i0JyZLhvgAjfB4AaABAg.9qFaKsJfrL09rIA25_00XB,netral,
UgxoV2fn0yB0c2T1_VR4AaABAg,positif,
UgzoLHqjpMMduT5zN554AaABAg,positif,
UgzoLHqjpMMduT5zN554AaABAg.9prWimSoKue9r0YM8B09ut,netral,
UgxE06qoaReMGeI3ZiF4AaABAg,positif,
UgycETWVx0fRfp5R1FF4AaABAg,positif,
UgwSdHhcG0uQ7b1jYWB4AaABAg,positif,
UgwSdHhcG0uQ7b1jYWB4AaABAg.9pyVDf2pDXt9qCUS4sk60V,netral,
UgzLC29_gCtPstX5TsR4AaABAg,positif,
Ugy1SGv1dor4DreatvB4AaABAg,positif,
UgzAJV9O18s-lvgFA2Z4AaABAg,positif,
UgwCXN1V8X71wCxP56R4AaABAg,positif,
UgyIwXp0BH7jDc6_cpR4AaABAg,positif,
UgyZsB2kfHbZNUwb9bd4AaABAg,positif,
UgyZsB2kfHbZNUwb9bd4AaABAg.9prPSAOZY669psuYle8N0G,positif,
UgyZsB2kfHbZNUwb9bd4AaABAg.9prPSAOZY669ptTxiNZ9J9,netral,
UgyZsB2kfHbZNUwb9bd4AaABAg.9prPSAOZY669q-2l8N_gEX,positif,
UgyMP4jbBgzo2V80DLJ4AaABAg,positif,
Ugw62AJxBbAGf_mMhwF4AaABAg,positif,
Ugw62AJxBbAGf_mMhwF4AaABAg.9pvskOe9HRK9pyLtfow5nM,netral,
UgyLmbQLaVAQK7YoYYF4AaABAg,positif,
UgzhJvtONdEFqZQbdlt4AaABAg,positif,
UgzhJvtONdEFqZQbdlt4AaABAg.9pri-KVIWYf9qat5UDDgXv,netral,
UgxYBvOoTbyMrLQJdi14AaABAg,positif,
UgxSr1prL6r2EVEwpt14AaABAg,positif,
UgxSr1prL6r2EVEwpt14AaABAg.9pw8oTelbzG9pwEGFGQJIW,positif,
UgxSr1prL6r2EVEwpt14AaABAg.9pw8oTelbzG9pyxgw4AqhF,netral,
Ugw-N0PGrKrwAybsdXp4AaABAg,netral,
Ugx23AA_SKVw3nee3Mt4AaABAg,positif,
Ugx23AA_SKVw3nee3Mt4AaABAg.9q3RX61bU_C9q3aNAsMbRF,netral,
UgzFyidOpu5uhKsIxjZ4AaABAg,positif,
Ugx2zcOHEbhyrBPeAUN4AaABAg,positif,
Ugx2zcOHEbhyrBPeAUN4AaABAg.9psALVf2knh9pyCHzIBnTL,netral,
Ugx2zcOHEbhyrBPeAUN4AaABAg.9psALVf2knh9pyOgrlrAaJ,netral,
Ugx2zcOHEbhyrBPeAUN4AaABAg.9psALVf2knh9pyT-gQf_cG,netral,
UgwIh2MdRMjRoMD3j994AaABAg,positif,
UgxFyzRT94PpU8SVy-d4AaABAg,positif,
UgxFyzRT94PpU8SVy-d4AaABAg.9pxnffS_sB69pyoAif1K1V,netral,
UgxFyzRT94PpU8SVy-d4AaABAg.9pxnffS_sB69q7ujmmMfT1,netral,
UgxFyzRT94PpU8SVy-d4AaABAg.9pxnffS_sB69q7vVKX3BKf,netral,
UgwnuzsmQcW1jZig88x4AaABAg,netral,
UgzjVUclqiVoA5yAt6N4AaABAg,positif,
UgzjVUclqiVoA5yAt6N4AaABAg.9prb9Fv7xRM9ps-lMWQvCa,netral,
UgznSDmh9_jqJ0NTOK54AaABAg,positif,
UgxC440E94lRKYFNi094AaABAg,positif,
UgxC440E94lRKYFNi094AaABAg.9pvaxZqikSd9py18J4FyCO,positif,
UgxC440E94lRKYFNi094AaABAg.9pvaxZqikSd9pyJLQBvbHQ,netral,
UgxC440E94lRKYFNi094AaABAg.9pvaxZqikSd9q-2hYW0POx,negatif,
UgxC440E94lRKYFNi094AaABAg.9pvaxZqikSd9q-8HqANxMd,netral,
UgxC440E94lRKYFNi094AaABAg.9pvaxZqikSd9qAVojBynDt,negatif,
UgxC440E94lRKYFNi094AaABAg.9pvaxZqikSd9qAWjCLBxbw,netral,
Ugz9oMQJAETcvRAEqfl4AaABAg,positif,
Ugxw3ciOPbAfFTPdVf54AaABAg,positif,
Ugxw3ciOPbAfFTPdVf54AaABAg.9prPC7fMaCq9prSW_PdOqv,netral,
Ugxw3ciOPbAfFTPdVf54AaABAg.9prPC7fMaCq9prUSDo1Qm8,netral,
Ugxw3ciOPbAfFTPdVf54AaABAg.9prPC7fMaCq9prYS0t0zmG,netral,
Ugxw3ciOPbAfFTPdVf54AaABAg.9prPC7fMaCq9prYYD-YjW3,netral,
Ugxw3ciOPbAfFTPdVf54AaABAg.9prPC7fMaCq9preCLug0nd,negatif,
Ugxw3ciOPbAfFTPdVf54AaABAg.9prPC7fMaCq9prY6sgmYOk,netral,
UgzpGPI6ofQEAGG5aBh4AaABAg,netral,
UgxXqn9xj4ebYKuYg5V4AaABAg,positif,
UgxXqn9xj4ebYKuYg5V4AaABAg.9ptAKYjASpq9pyLWN0M7tf,netral,
UgxXqn9xj4ebYKuYg5V4AaABAg.9ptAKYjASpq9qduYCR28MP,netral,
UgxPrt0CH9zoS0IKglF4AaABAg,positif,
UgxaiIaOt6cD7QQ6kBx4AaABAg,netral,
UgyAJzB2ID07YGsBBA94AaABAg,netral,
Ugze8Pym2gjBdunpN594AaABAg,netral,
Ugze8Pym2gjBdunpN594AaABAg.9prPcNjIef-9prUXIgnYQL,netral,
Ugze8Pym2gjBdunpN594AaABAg.9prPcNjIef-9prgDt0Wsv3,negatif,
Ugze8Pym2gjBdunpN594AaABAg.9prPcNjIef-9prgaaoaby-,netral,
Ugze8Pym2gjBdunpN594AaABAg.9prPcNjIef-9pricgP2quR,netral,
Ugze8Pym2gjBdunpN594AaABAg.9prPcNjIef-9psgcJ1orXI,netral,
Ugze8Pym2gjBdunpN594AaABAg.9prPcNjIef-9psgeSJq8Jt,netral,
Ugw4csw2bk7rlIr9RR14AaABAg,positif,
UgwXzrCFN8MFtFL9ibZ4AaABAg,netral,
UgyKXWHoc7-2sS8-mDR4AaABAg,positif,
UgyRCuFmFqeU18_TFdN4AaABAg,positif,
UgwtxCxjtXW8H730VoZ4AaABAg,netral,
UgwDAj_fSXonsxq593t4AaABAg,positif,
Ugx-KqKDZO4a4a5JMnV4AaABAg,positif,
Ugx0od2MzIMg1Jtfu1Z4AaABAg,positif,
UgzmScQYU85mtKLS2tZ4AaABAg,positif,
UgwMJ1qO6t-hB9Mtpip4AaABAg,netral,
Ugw1znlwtSI3fiouyct4AaABAg,positif,
UgwEAVMYBa6c03mCzXN4AaABAg,positif,
UgxChrLHIA5Fg7KS8Xl4AaABAg,positif,
Ugw_s0eTE9RqWMhO9mR4AaABAg,netral,
UgyeucQnr5JMQeiahSx4AaABAg,positif,
UgyLydaNmq1oxs_Ez554AaABAg,positif,
UgxLOtXzfa5GstS6OgR4AaABAg,positif,
UgwoNuynKGTxSDbacql4AaABAg,positif,
UgzXysUvLouTQIIWgGR4AaABAg,positif,
Ugz-MhEb10lZy1GBe5N4AaABAg,positif,
UgzDIfR_fuqBY4y7FXB4AaABAg,positif,
Ugz3Hw4PpMfP60KLHu14AaABAg,positif,
UgxRsTVA01uZGO3ViBh4AaABAg,positif,
UgwbMeESFU0SCcttJrR4AaABAg,positif,
Ugy19VOpGg2ljTkCFlZ4AaABAg,positif,
Ugw2dqAJW5n7kqr65oh4AaABAg,positif,
UgyCm7-9G-Rov3ebx6J4AaABAg,positif,
UgzzBIyFWn0d6VCj5lx4AaABAg,positif,
Ugy3cjOdJd8F48VRIUt4AaABAg,netral,
UgwtkXh0CFxEw4BT1p94AaABAg,positif,
UgyycjSR2RDLDwbKpKZ4AaABAg,positif,
Ugzpiz3AFWNYgYRuuyF4AaABAg,positif,
UgxGQcT7YW151DKWKjZ4AaABAg,positif,
UgzM5Zk8AeIpD6xIm1t4AaABAg,positif,
UgxbVhcCfl9zaLPW6zt4AaABAg,positif,
UgyO6cidGiIHslsdno54AaABAg,positif,
UgyN1Fgf93jVbvpm0qF4AaABAg,positif,
UgxTdwYnjt31QcEnO8J4AaABAg,positif,
UgyRqTi6Zy4h6QTUiyd4AaABAg,positif,
UgxK7e6_UVgOOh6LYx94AaABAg,positif,
UgxBDr-1Zn14PHw-bld4AaABAg,positif,
UgznC4ddwgVUxf21flx4AaABAg,positif,
UgzAkB1HaHs-y7KvH7Z4AaABAg,positif,
Ugxtv_gMvdHGHD33Zo54AaABAg,positif,
Ugwes9A_S9rZ2DCD-eN4AaABAg,positif,
UgyBgDNYDKnrnEZpcyx4AaABAg,positif,
Ugxclg_6agvQcEVSn9B4AaABAg,netral,
Ugz1lpNRonMdwtS0b4B4AaABAg,positif,
UgwoXA5HmhiOKVg-yLZ4AaABAg,netral,
Ugy7-sivqs_Y3ZhnyfB4AaABAg,netral,
Ugw77CKtvFoqJcM6Etp4AaABAg,positif,
UgwDvoTVdos-tPc4vYV4AaABAg,positif,
UgyGOa5f9WgkPevJdh94AaABAg,netral,
Ugz5r8wWFan0wj3DrHF4AaABAg,positif,
UgwYQPzyD4xdijgFVG54AaABAg,positif,
UgwvR6x797BldSGGkWt4AaABAg,netral,
Ugw74bB5eY8TQwN_B9h4AaABAg,positif,
UgyayXGNbTDb-yZxdzd4AaABAg,netral,
Ugw43b68ko11HFQct-R4AaABAg,positif,
Ugy237VRpZyrzpPu4Vt4AaABAg,positif,
UgwCjgkK9DW1i8wARYh4AaABAg,positif,
Ugyw357X8BqKq-s2kjJ4AaABAg,positif,
UgyjBu0etbtTbyS5dAh4AaABAg,netral,
UgzA6CG5f8Nplhc3bzh4AaABAg,positif,
UgwwioxdLD__Vtm2yFR4AaABAg,positif,
UgyiWM7KG_xmWVvzpUR4AaABAg,positif,
Ugwp1n7bjbQZKTKZLv14AaABAg,positif,
UgzpqOk48ELHTqHZ9it4AaABAg,positif,
Ugy4zPKC-7yVuWW9iYB4AaABAg,positif,
UgxRKv13urZ86tjX3XJ4AaABAg,positif,
UgwF476-dP_UXUUsM6N4AaABAg,positif,
UgzX0_SKgoyUjGeSvIB4AaABAg,positif,
UgybeT_5vLI4NKdByaJ4AaABAg,netral,
UgxRE1qKgB0sedIQWdV4AaABAg,positif,
UgyeYu225yTp3gZO75Z4AaABAg,positif,
UgzeHme-q1wFKnSmkM94AaABAg,positif,
UgwmWfJDDQSo_sKgy1l4AaABAg,positif,
UgyCXGz670LksY-vwmd4AaABAg,positif,
UgyMQa8q2XFH8wcmvAR4AaABAg,positif,
UgwSiRA66el3BF6O5Hx4AaABAg,positif,
UgwhH0ViMXPYHaYhBxV4AaABAg,positif,
UgykI4eOBBuqf1LvDEF4AaABAg,positif,
Ugz3jYNz_pOqSof5agl4AaABAg,positif,
UgxNnJjkZ0OSNbNmuJR4AaABAg,netral,
UgxJZPT4CtKEmKaMO0x4AaABAg,positif,
UgzuMlNmFLhwCl-c1Wd4AaABAg,positif,
UgyIFeDpr5O3IIl2zEJ4AaABAg,netral,
Ugw78gz4-vQtdzZ-EyJ4AaABAg,positif,
UgypvbSSXy5Ieg4D7mV4AaABAg,positif,
UgypNEFisr6mS-9kV314AaABAg,positif,
Ugz_tdLGS4RzGXZ--2x4AaABAg,positif,
UgzaFvvzLq8VQ8zaQ1N4AaABAg,netral,
UgxfpboUoGJq7oGU-GN4AaABAg,positif,
Ugzsy9kbzTa6VPMa3FZ4AaABAg,positif,
Ugxr83Eo5yatkP89JaZ4AaABAg,netral,
UgxQS-IflZzrfnu_-2p4AaABAg,positif,
UgzcH0FE5lehb2YMGtt4AaABAg,netral,
UgxEXqCSCQUydmlO8-F4AaABAg,positif,
Ugw1MV4PrdH8H-w5spZ4AaABAg,netral,
UgzMSkdiV8Nb8K5G8kx4AaABAg,positif,
UgxTEZMMdUrV1ovbGDZ4AaABAg,positif,
UgyD537M3fxIqGfXQtd4AaABAg,positif,
UgzjRRynFQ2TzzArtHd4AaABAg,positif,
UgxwJr67u-WvHBIKz9N4AaABAg,positif,
UgxmfolK2010TNAO-JB4AaABAg,netral,
Ugx5SV0rYq9i4exMsZx4AaABAg,positif,
UgwYBgGtlGrFyaTbkjB4AaABAg,positif,
UgzbC1Tkli_-Ucb8Sth4AaABAg,positif,
Ugw5vQEgliHTQRmsb5t4AaABAg,positif,
UgxahZQh9YinOpYK7ul4AaABAg,positif,
UgyMoOYtqipPyDu1Iql4AaABAg,netral,
Ugyacpi_Yf5o7IHYVAN4AaABAg,positif,
UgxTqqpL1hNMVA3pWxN4AaABAg,netral,
UgxrUAg9GxI5Zkie5dZ4AaABAg,positif,
UgzfGScGuKNHWI_lltt4AaABAg,positif,
UgwUTD7IE9UG2Z5W-GJ4AaABAg,positif,
UgxgRjc2SIw4NdOdfZN4AaABAg,positif,
UgwAN16RwGyRThnWWBR4AaABAg,positif,
UgzNw-W0kROnhVqb95V4AaABAg,positif,
UgycB2Q395r-cFV1toh4AaABAg,positif,
UgwnA6Cvi_WnIhEVvOl4AaABAg,positif,
UgwW6h5-_9EpxjaTeEh4AaABAg,positif,
Ugz761HzgJ3xohSAA0x4AaABAg,netral,
Ugx4TEPAnSKwBT226p54AaABAg,netral,
UgxN--Q6Gostmfx_2nt4AaABAg,positif,
Ugx3erfTprEBTeif6Al4AaABAg,positif,
UgyCDHyCF734X6RL1eZ4AaABAg,positif,
UgxW2qQvBaCsGZOzTyh4AaABAg,netral,
Ugyxk1Vukz6q8szBZgx4AaABAg,netral,
UgxonX1JF22ELeoNvW54AaABAg,positif,
Ugz61KpBT14RBErODnN4AaABAg,positif,
UgwMOHcK-8Uhp5C7ccZ4AaABAg,positif,
UgyRWXpW5S-BD9lAuJt4AaABAg,netral,
UgzxRxVfOVLzWiiY-q14AaABAg,positif,
UgxSe4efwHn7UyemI5h4AaABAg,netral,
UgwwLQ5eg0Jou8BkX294AaABAg,positif,
UgzFG4ttwRDtROLsjIl4AaABAg,positif,
Ugw37oo9SIxO4XJ9irh4AaABAg,positif,
UgxmJ5ExdlKF4KTVK5Z4AaABAg,positif,
UgzMkFVgn_NSS1hUpnV4AaABAg,positif,
UgzESOLnXQ2cPhXgNKl4AaABAg,netral,
Ugwt-QWzJObx6dK1O7x4AaABAg,positif,
Ugw1IrjT6avDdlin_AN4AaABAg,netral,
UgzM0J73j9xr0xU98GV4AaABAg,positif,
UgyHNFgyGbSc_k9oMNB4AaABAg,positif,
UgyAMQ62WG98yfby4c14AaABAg,netral,
UgzpIbG7SDk5bhqpjUF4AaABAg,positif,
Ugy9-PpqKcEbl2rEx-d4AaABAg,positif,
Ugw4mDugNv-zZSa3RHt4AaABAg,positif,
Ugyt07F4r02hj84SjGx4AaABAg,positif,
Ugy16Z0w61Vbzar-2qt4AaABAg,positif,
Ugw_Ti4aAv8BsdYHBGd4AaABAg,positif,
UgxjUkoL6ix4o_-8vJh4AaABAg,positif,
Ugxy8iyNvIiWjUtdatp4AaABAg,positif,
UgyPTwh48hNCPA9dzb94AaABAg,netral,
UgwTgZXAZ1NlCdOZt_x4AaABAg,positif,
Ugy-BbsLxR1DK-X7ZHt4AaABAg,netral,
UgwoiCD9BRzVWblF7YR4AaABAg,positif,
UgxgPOvkWOSz0OdIomN4AaABAg,positif,
Ugwda90vOT4SlvcAZ_N4AaABAg,netral,
UgzKKSbq7PiJFwCojNp4AaABAg,positif,
UgxKF-mQvm9_DpQ4Ufh4AaABAg,netral,
UgyjGdd9Xt6XxSoUtfV4AaABAg,netral,
UgwmPcm9upze-L_owJh4AaABAg,positif,
UgxHGJgHLTcN0ZKja1J4AaABAg,netral,
Ugy25Z5wOjRqIE_e4ph4AaABAg,positif,
UgzhzDiux35QrNk1S9J4AaABAg,netral,
Ugww0TBaAD5_OGOR1K94AaABAg,positif,
UgwuQnKgbKUtUJafQi14AaABAg,netral,
UgyPBqvJCjvbHw4qhjh4AaABAg,positif,
UgxZk_oAvlQamksFJEt4AaABAg,netral,
UgwAT2fbUKVAGHEeifV4AaABAg,positif,
UgyUMx4_a0Vf2PPRaCJ4AaABAg,positif,
Ugxs1Z7uVmusmeDsZpV4AaABAg,netral,
UgzbD9l62RYqgU6i1QJ4AaABAg,netral,
UgzzFiPc3tTJo0G91cR4AaABAg,netral,
UgwulNKC8XnB8EZ1Urp4AaABAg,positif,
UgyI3OUFUJ4ciU2m0DZ4AaABAg,netral,
Ugx2gE1q5NA5qwZqK4l4AaABAg,positif,
Ugw3l_gpngMZ0Zv60Al4AaABAg,positif,
UgxOSp1NCz1ZBQcHM7d4AaABAg,positif,
UgxRD1ZfVR5uxaIs7dJ4AaABAg,positif,
UgxYJ8V1CYt7BAPiHLx4AaABAg,positif,
UgwAHkJwecJRmeCG6Cl4AaABAg,positif,
UgwzAZY4m9-igC6KpZ94AaABAg,positif,
UgwA3sn4ywTv1Wm2rmR4AaABAg,positif,
UgwX-PswwzhWZ_E9RpR4AaABAg,positif,
UgxwOqBXF-ladOMLrxN4AaABAg,positif,
Ugz06NliN8D8WgFNCpt4AaABAg,positif,
UgzM9lsaVbt7nNGIbVd4AaABAg,netral,
UgzuC8nCCNcYazFzbuB4AaABAg,netral,
UgypI8wodbTMoSjAy_t4AaABAg,positif,
Ugz_mdoVO-e2AWZEW1V4AaABAg,netral,
UgwgOyZikcDSn6xxV2Z4AaABAg,netral,
UgwHaMz3CMeEMfI0NaV4AaABAg,positif,
UgwWyrIQU9fsGUdmu914AaABAg,positif,
UgwslVMM0baak4y8NOB4AaABAg,netral,
Ugzd5bLB38S42VpL23d4AaABAg,positif,
Ugzc5FhGBUg-d_2X-mV4AaABAg,netral,
UgyY_J_iXUj09JfhYu94AaABAg,positif,
Ugyb1s1OXSZ7qNJnmYR4AaABAg,netral,
UgwMlpObKKxaEaTjUlV4AaABAg,positif,
UgwPLKVzQVSqyB_RiRp4AaABAg,positif,
Ugx0FF9by1Igs7RKkL14AaABAg,netral,
UgzjwoWHaHzwcJZHWeB4AaABAg,netral,
UgwWnqSEBDrJh7bmy094AaABAg,netral,
Ugy9Bqkz1fia68lLeBt4AaABAg,positif,
Ugz13C4AtFFalhCq0FJ4AaABAg,positif,
UgxGPT_fyYKjKZd8gmd4AaABAg,positif,
UgxV5QAbe-yOhzfbg_14AaABAg,positif,
Ugw1CWdAGCiaEgv-inN4AaABAg,netral,
Ugyq3R0pSm4Vs2WWFqF4AaABAg,netral,
UgwELtvsPws85jccq9R4AaABAg,positif,
UgxtgPxTU_x7FIUjUrh4AaABAg,positif,
Ugx4ywvfqtUKDnU7iQN4AaABAg,netral,
UgxAX7b5SHQSMqLLoU14AaABAg,positif,
Ugx21yoKsoR56SKEj_N4AaABAg,netral,
Ugz9gmtuJU10GvKUJnx4AaABAg,positif,
UgzLhkOAOt0WOn3xPN14AaABAg,netral,
UgyL6LL2Gb3wPDX1DXt4AaABAg,netral,
UgwckfcBmffuV2wE2Mp4AaABAg,positif,
Ugz6rVyWYyDBoCffEUd4AaABAg,netral,
Ugw9SPOC1afR1Ifl6UR4AaABAg,positif,
Ugy4LlZTpoIE0Lq-iqh4AaABAg,netral,
Ugx-TioKp9RpxjnlGNN4AaABAg,netral,
UgxQ6Ss83rcGgaDOD294AaABAg,positif,
Ugwk1UeWnFKf6oqydXt4AaABAg,positif,
UgxsHp0UtvWvWLW-hn54AaABAg,netral,
UgwiS_FjedevyQDrEFR4AaABAg,positif,
Ugy6DDdWGpJcIukpLlZ4AaABAg,positif,
UgxTjw2HtbjMbCW-Dtl4AaABAg,positif,
UgyZoD-uMQM21Q3BoT54AaABAg,netral,
Ugw8MD8nec1y6urcXVh4AaABAg,netral,
UgxtrRFuu7Tn5iU_ihR4AaABAg,positif,
UgxiYnimgABmHSn1KZp4AaABAg,positif,
UgwW8n2rmnpSMUhZfIx4AaABAg,positif,
Ugxkg89mlGi_7EWVjp94AaABAg,netral,
UgxDT1F22fBVevbtVpV4AaABAg,netral,
Ugw-oVBf8f4m17YgJrN4AaABAg,netral,
UgzkN0WDnI_Ilt6fUKV4AaABAg,netral,
UgwB0e2hoRN-Eu4NHC14AaABAg,positif,
Ugyf6zg9mH1jb4TX9Tt4AaABAg,positif,
UgwfCtfICWb-kTj9KtZ4AaABAg,positif,
UgylBzbSLMIfz5599V54AaABAg,netral,
UgwbL5gaOTRueW_eBcN4AaABAg,netral,
UgymsJDnk-G4AtdFm1J4AaABAg,positif,
UgzeHiWHlfS-TUxUIzB4AaABAg,positif,
Ugy8Hj4qvhbNFkzMnyh4AaABAg,netral,
UgwjZjP9NXAm1zPsayp4AaABAg,positif,
UgzWZIBrTiqjs98AQ5t4AaABAg,positif,
Ugyu_wiwVqsnXonujjp4AaABAg,positif,
UgwaC9X620rnXVdaXSV4AaABAg,netral,
UgwHBSQza9K8mtt-Enh4AaABAg,netral,
UgwBPj_jgA3_Ug2rgfB4AaABAg,netral,
UgyRrVsz1nLOSM49pUB4AaABAg,netral,
Ugx8VfNJn2kWGp7l3XJ4AaABAg,positif,
UgzBHfEu8X9WzYqbr794AaABAg,netral,
UgzA9TXWz4B-8ujDTDF4AaABAg,netral,
UgwVTdF_YxVbhbh3ssF4AaABAg,netral,
UgzMob1IcJC4nDJoNWB4AaABAg,netral,
Ugwjk09GhyKENoxkuxd4AaABAg,netral,
UgzBO96q2CXHLxi9Aqt4AaABAg,positif,
UgxMfr-v8yjNMNizDvF4AaABAg,netral,
UgzSstNcQI5PhIFSAO54AaABAg,netral,
Ugx6s0L872h61FMx9ul4AaABAg,netral,
UgzW2ZV_0rOqGcUhbYZ4AaABAg,netral,
Ugw4Txc68NBERNWwNyx4AaABAg,positif,
Ugw4Txc68NBERNWwNyx4AaABAg.9ptETpJ-EGW9ptV_KdqwvL,netral,
Ugx4-vko4sqeyKkejAZ4AaABAg,positif,
UgxKVQerFetKC0NRx_14AaABAg,positif,
UgzqsDBohe6jV2F-cAV4AaABAg,netral,
UgxEvlHlFjvs_Vk8uYh4AaABAg,netral,
Ugwts7kdzYk1mUo0cr14AaABAg,netral,
Ugz6T3voceG1oftw-3h4AaABAg,positif,
UgwCo_AfuaBPvKRtUx54AaABAg,positif,
UgxlG0HtywZUjGc1AmZ4AaABAg,positif,
UgygMN9msE_RAHzeT554AaABAg,positif,
UgxUEXRo8XbYpf0Uyml4AaABAg,netral,
Ugzqh-eLnIFm_K5u6sp4AaABAg,netral,
UgxlS29WyVy9jvdHmIt4AaABAg,netral,
UgyJazzq3aMNm2q4CR94AaABAg,positif,
Ugwprhcli0IXI1RqljV4AaABAg,positif,
UgybKDM1ZyTe1Wf5uNJ4AaABAg,positif,
UgybKDM1ZyTe1Wf5uNJ4AaABAg.9sht4lUrYg79sm2FK8saMt,netral,
UgxdQc_yyoFm1yo2FPt4AaABAg,positif,
UgzmekNoj5e_YcecsGF4AaABAg,netral,
Ugw3iNzhI5n7a8GUalV4AaABAg,netral,
Ugzc1Kc2ylRvp9c3mb94AaABAg,netral,
UgzTzZAwPgo5N2sHcAV4AaABAg,netral,
UgxUx5a9NxcNxzOHzBd4AaABAg,netral,
UgyZvgjg2Lhb7Py8EtN4AaABAg,positif,
UgxVLteYEQyg_Qhv44l4AaABAg,netral,
UgxBEKlmg9ZKXddgFhd4AaABAg,netral,
UgxXXu5us2qvJEt2_8Z4AaABAg,netral,
UgzEWRU9dWtZJUxG5uJ4AaABAg,netral,
UgwGMbURNod6dmtFHg94AaABAg,netral,
UgwmkyJDFadMu29yU3Z4AaABAg,netral,
Ugy8t5mFsk1cuUgJm6l4AaABAg,positif,
Ugyqljki0qsX4hgqipJ4AaABAg,positif,
UgwHjyo0HqwhCY2JNH94AaABAg,positif,
UgxWyCy1KPqZOKZ87uZ4AaABAg,positif,
UgzSXtDpbQ5axvWt5Zh4AaABAg,negatif,
Ugx5dBvjXzvfFxx5l3p4AaABAg,netral,
Ugy5rX3-G2r2tQfZ3Dh4AaABAg,positif,
Ugwi7gcQrLfU7nBLF6h4AaABAg,negatif,
Ugwi7gcQrLfU7nBLF6h4AaABAg.AQc_C_x23SfAR3rMKe5Ghj,negatif,
Ugwi7gcQrLfU7nBLF6h4AaABAg.AQc_C_x23SfAQhzGOUbQnS,positif,
Ugwi7gcQrLfU7nBLF6h4AaABAg.AQc_C_x23SfAQo8ymhq8X-,netral,
Ugwi7gcQrLfU7nBLF6h4AaABAg.AQc_C_x23SfAQpr0K9ZhbW,netral,
Ugzo6W8NoMYbYP0Y3qt4AaABAg,netral,
UgwRyCLsYSu4UQX_uRt4AaABAg,positif,
Ugz_hMv5yhGf4E3Px5p4AaABAg,netral,
UgzLZ-BRSgIokBf1JoV4AaABAg,positif,
Ugzpdlr3Jw1oq2bucGx4AaABAg,positif,
Ugwv1xq2-wQTR0HCAfp4AaABAg,netral,
Ugwv1xq2-wQTR0HCAfp4AaABAg.AQccxNgmBHPAQcorCGV6Da,netral,
Ugwv1xq2-wQTR0HCAfp4AaABAg.AQccxNgmBHPAQctMBba6Wb,netral,
Ugwv1xq2-wQTR0HCAfp4AaABAg.AQccxNgmBHPAQcv17z2ewh,netral,
Ugwv1xq2-wQTR0HCAfp4AaABAg.AQccxNgmBHPAQcvau6gh_f,netral,
Ugwv1xq2-wQTR0HCAfp4AaABAg.AQccxNgmBHPAQcvfSzvQm8,netral,
Ugwv1xq2-wQTR0HCAfp4AaABAg.AQccxNgmBHPAQeccvRCDK3,netral,
Ugwv1xq2-wQTR0HCAfp4AaABAg.AQccxNgmBHPAR1hGVeE8kU,netral,
Ugwv1xq2-wQTR0HCAfp4AaABAg.AQccxNgmBHPAQcmRjiY56N,netral,
Ugwv1xq2-wQTR0HCAfp4AaABAg.AQccxNgmBHPAQfxPIVlUZp,netral,
Ugwv1xq2-wQTR0HCAfp4AaABAg.AQccxNgmBHPAQiIqKtYXvw,netral,
Ugwv1xq2-wQTR0HCAfp4AaABAg.AQccxNgmBHPAQkpCJMoeQz,positif,
Ugwv1xq2-wQTR0HCAfp4AaABAg.AQccxNgmBHPAR6dsTxEfpf,netral,
Ugwv1xq2-wQTR0HCAfp4AaABAg.AQccxNgmBHPARO4CHIp2-2,netral,
Ugwv1xq2-wQTR0HCAfp4AaABAg.AQccxNgmBHPARO4LS-sV_b,netral,
Ugwv1xq2-wQTR0HCAfp4AaABAg.AQccxNgmBHPASDBDOyVPtb,negatif,
Ugwv1xq2-wQTR0HCAfp4AaABAg.AQccxNgmBHPAUEKXcxtqIF,positif,
Ugyjf0lnD2zbPO4wvmR4AaABAg,positif,
Ugyz_CO47YRhBzQ_qZ14AaABAg,netral,
Ugx1ZKnQV4UfVyoXNBB4AaABAg,positif,
Ugwszv_EsQfwJym-N_F4AaABAg,positif,
UgzaDHyvfCgFyEbyJwl4AaABAg,positif,
UgyTIGCVRUOluCfxEjN4AaABAg,positif,
UgzBtOG5x3MTrk7w0-F4AaABAg,netral,
UgzBtOG5x3MTrk7w0-F4AaABAg.AQct6fL8Yp2AQcwkZ-hSNk,positif,
UgzBtOG5x3MTrk7w0-F4AaABAg.AQct6fL8Yp2AQeLB6w688s,netral,
UgzBtOG5x3MTrk7w0-F4AaABAg.AQct6fL8Yp2AQg2vEAbnpH,netral,
UgzBtOG5x3MTrk7w0-F4AaABAg.AQct6fL8Yp2ARMzxwula_1,netral,
UgzBtOG5x3MTrk7w0-F4AaABAg.AQct6fL8Yp2AQn4HjGf5WS,negatif,
UgzBtOG5x3MTrk7w0-F4AaABAg.AQct6fL8Yp2AQn9CFB7JwS,netral,
UgzBtOG5x3MTrk7w0-F4AaABAg.AQct6fL8Yp2AQo49eFYjXO,negatif,
UgzBtOG5x3MTrk7w0-F4AaABAg.AQct6fL8Yp2AQd1NWcjGd9,netral,
UgzBtOG5x3MTrk7w0-F4AaABAg.AQct6fL8Yp2AQd35YUvOfL,netral,
UgzBtOG5x3MTrk7w0-F4AaABAg.AQct6fL8Yp2AQiDF8O4Kn2,netral,
UgzOrWnKzpTShUsBC_Z4AaABAg,netral,
Ugyaj1Jf-qBtK2kDZlt4AaABAg,positif,
UgzaTUKL6mfAiZh7dVZ4AaABAg,positif,
UgxhXy5aqA4mxPb8Ytd4AaABAg,netral,
Ugw79FflF43OOyrRNml4AaABAg,positif,
UgxGPix5EMTeOLapFUl4AaABAg,netral,
Ugwet-4d0As3GBbRs354AaABAg,positif,
Ugx-sQuiRphiyCM7WcN4AaABAg,positif,
Ugw-NYFSJlUq_dXgDvR4AaABAg,netral,
UgyoB2e3fFiAOo0BmzZ4AaABAg,netral,
UgyLpJzXLrjzy5vQBxZ4AaABAg,netral,
UgyLpJzXLrjzy5vQBxZ4AaABAg.AQckV0Q23LrAQz8Jm_GnKS,negatif,
Ugy2TiywQzaVskpGpFB4AaABAg,positif,
UgwlvMKH60U8zrB2k6J4AaABAg,positif,
UgwgwL8X3Covj9YBtHl4AaABAg,positif,
Ugy2hLx18K-FHF9gTt14AaABAg,positif,
Ugz-7KmwAeg3wVRCneR4AaABAg,positif,
Ugxl27gf53TbaYb92zJ4AaABAg,positif,
UgwZq8kfwZFTM7LKEE54AaABAg,netral,
UgyfwSNCvlgA0C-I8B94AaABAg,positif,
Ugyd82tvl6fhKXumpUR4AaABAg,positif,
UgyRqbiApyTS7uXABhR4AaABAg,positif,
Ugw_Qfqm_pIaJ9vrq4d4AaABAg,positif,
UgxaC3L0Y6LnfnyKOhB4AaABAg,positif,
Ugx2G1AjaLGuGBf29QJ4AaABAg,positif,
Ugw_K_-o2MhU66tkBJV4AaABAg,positif,
UgxF6tvjiXAOGO13PFR4AaABAg,positif,
UgzxdxAIKjq_MCnDDNN4AaABAg,positif,
Ugyn51_HCfVUx1_aiRx4AaABAg,positif,
UgwzpKIoPkeU3Rk3Mwl4AaABAg,positif,
Ugz035dbMtGHFqPg96d4AaABAg,positif,
UgymafY3yPjctr0eXn14AaABAg,netral,
UgxEIDReHIUgS5sSUg94AaABAg,netral,
Ugw0GcysOVPEahVj3_14AaABAg,netral,
Ugz8CPT6E72p-iIZQEh4AaABAg,netral,
Ugzq7k99Fgu57Sk1fZJ4AaABAg,positif,
UgxVvn-jtYRF9EXXl4h4AaABAg,positif,
UgxC6DvkMATh2oEZRWV4AaABAg,positif,
UgzsolAL9ip2ktn56NJ4AaABAg,positif,
UgwNZXTwlXXhA7f7DtB4AaABAg,netral,
UgxrztfPm3gdL9GBopF4AaABAg,positif,
UgwNNr1Te3Wye5y83AF4AaABAg,positif,
UgwDTCQZp9wZKmadjvp4AaABAg,netral,
UgzgB3fx6pVzGTo2UhV4AaABAg,netral,
UgzgB3fx6pVzGTo2UhV4AaABAg.AQcRoSDCkZBAQcn85c_iUJ,positif,
UgzgB3fx6pVzGTo2UhV4AaABAg.AQcRoSDCkZBAQctEeWY2md,netral,
UgzhiMICJ3Gcfqjy5Id4AaABAg,positif,
UgwGynD04wBkjnXHUil4AaABAg,positif,
UgySV8EcqT6Rm7_BqFd4AaABAg,netral,
UgwN7KqLWyC32DVg9314AaABAg,positif,
UgzYv-FhNdLkIr7V1DB4AaABAg,positif,
Ugxz9l4FDR9erwHw__F4AaABAg,netral,
Ugz5wqWF76SDJP7U_NJ4AaABAg,netral,
UgzTMBdi7GYWX6DKsmh4AaABAg,netral,
UgyOdavQ6Y8xIT8IxbB4AaABAg,positif,
UgydjA6MUYl9NBrxn_h4AaABAg,positif,
UgydjA6MUYl9NBrxn_h4AaABAg.AQd5cdV8DIEAQyupWadzN4,netral,
UgzyxCTWYtMSPWBcUfJ4AaABAg,positif,
UgzHX-vOwKmF58iTMj14AaABAg,netral,
Ugy6swoPQtoSQJlhiVN4AaABAg,netral,
UgwI5QB2MJbQSkZw5oF4AaABAg,netral,
UgwrD_3hH6w7NqVKjtl4AaABAg,positif,
UgwrD_3hH6w7NqVKjtl4AaABAg.AQcXKAj8daMAQdLf9o6yba,netral,
Ugz3H_ziqqWUdFbCLV14AaABAg,netral,
Ugz6eHItkcKfITATo9N4AaABAg,netral,
Ugw7Nd0S4vDzdwZiiKB4AaABAg,netral,
Ugw57-AYLKynY6OgvC54AaABAg,netral,
UgxuKoOJc0h7vg9ibCR4AaABAg,netral,
UgyrtD6keL0YYfJ611R4AaABAg,netral,
UgwPiz-5JSeYYT8ykU54AaABAg,netral,
UgxWqRS33sAQN9GaVjR4AaABAg,positif,
UgyugKyufdV51PgL2rN4AaABAg,negatif,
UgwAIvgZ3TKb5mVf1Jp4AaABAg,netral,
Ugz-w-orzwdcijxxQQ94AaABAg,positif,
UgwVHsAM0GsXkiAmYd54AaABAg,positif,
UgyMRdH4n3z2ZRA3mFN4AaABAg,netral,
UgzB2SgMU-Nr-dgNJ5J4AaABAg,negatif,
UgxLRSrNinXC--L1Vdx4AaABAg,netral,
UgxLRSrNinXC--L1Vdx4AaABAg.AQcVNvyt0N0AQcsMhVDIKx,netral,
UgwzXLEE1VowmPDyAVd4AaABAg,positif,
UgwFyNk4ocEJR3iM3Zp4AaABAg,negatif,
UgwFyNk4ocEJR3iM3Zp4AaABAg.AQcjh9abKI4AQczJvEcaRf,netral,
UgxNhKM6JcxlrxqrRm54AaABAg,negatif,
UgyCkgUS4p2dae0k4fN4AaABAg,negatif,
Ugxr00S3Zlj7E2n7GX14AaABAg,netral,
UgxW6rfSOc2j5Bed8MJ4AaABAg,netral,
UgwLJ5z87z3wgWGtUcp4AaABAg,netral,
Ugzb9iu5hz1wKqzPjPV4AaABAg,netral,
UgyyieIbQU6Qc04aU-94AaABAg,netral,
UgyyieIbQU6Qc04aU-94AaABAg.AQcNZD49VlCAQcc-UuITBF,netral,
UgyyieIbQU6Qc04aU-94AaABAg.AQcNZD49VlCAQdHlXDcRy1,netral,
UgyyieIbQU6Qc04aU-94AaABAg.AQcNZD49VlCAQdHJxrZzfE,netral,
UgyyieIbQU6Qc04aU-94AaABAg.AQcNZD49VlCAQdHmTNgDIV,netral,
Ugz-ZWe_v0zA17eJZ5V4AaABAg,positif,
Ugz-ZWe_v0zA17eJZ5V4AaABAg.AQf4CnTKhdoAQfVZAJfaW4,netral,
Ugz-ZWe_v0zA17eJZ5V4AaABAg.AQf4CnTKhdoAQfsbTOglVv,netral,
Ugz-ZWe_v0zA17eJZ5V4AaABAg.AQf4CnTKhdoAQhSObmtgaV,netral,
Ugy9mqpaOGFaKfLw_BZ4AaABAg,negatif,
UgxJKCwV6sFl7I73y2J4AaABAg,netral,
UgxTbdFNuFkcYR65rtl4AaABAg,netral,
UgxTbdFNuFkcYR65rtl4AaABAg.AQet71GippeAQnEpRy6vjx,netral,
UgwRREP1ycZcQRxTxxB4AaABAg,netral,
UgwRREP1ycZcQRxTxxB4AaABAg.AQcjQYUttSXAQgxUxaB16-,netral,
UgwpKSw4IjkH5CN82gJ4AaABAg,negatif,
Ugzc6UG4Xe3ly2ozuQJ4AaABAg,netral,
Ugzc6UG4Xe3ly2ozuQJ4AaABAg.AQcuJ7yofNtAQdCA7uWYPl,netral,
UgzYyGsMY7WFaAGJ1rd4AaABAg,netral,
UgxETfh4PP9bCbMpXlV4AaABAg,netral,
Ugw7WOF-qF1gxmItMQV4AaABAg,netral,
UgxRw5UK6Alka0j5lpN4AaABAg,positif,
UgxRw5UK6Alka0j5lpN4AaABAg.AQfmmzjEuXKAQhzLHcXWFV,netral,
UgxRw5UK6Alka0j5lpN4AaABAg.AQfmmzjEuXKAQjaD95ng80,netral,
UgxRw5UK6Alka0j5lpN4AaABAg.AQfmmzjEuXKAQnEXxuI1z-,netral,
UgzB2Gd0YJuXyTSVNZ94AaABAg,netral,
UgzB2Gd0YJuXyTSVNZ94AaABAg.AQcujPaMqCRAQd9iuT72SG,netral,
UgzB2Gd0YJuXyTSVNZ94AaABAg.AQcujPaMqCRAQdA-jyFthn,netral,
UgzB2Gd0YJuXyTSVNZ94AaABAg.AQcujPaMqCRAQf-v3b5qmm,netral,
Ugw_UvJycT3lVwnGdnd4AaABAg,netral,
Ugyoljy84KoHHAo2bux4AaABAg,netral,
UgymIOAl3Hf_TR3pmsB4AaABAg,netral,
UgymIOAl3Hf_TR3pmsB4AaABAg.AQcj0otVEX3AQdl8un4XcE,netral,
UgymIOAl3Hf_TR3pmsB4AaABAg.AQcj0otVEX3AQf8V_VbRaw,positif,
Ugz1wWd5WmtTgGzbM8J4AaABAg,netral,
Ugz1wWd5WmtTgGzbM8J4AaABAg.AQfHWxxIfT-AQnmWcsvsai,netral,
UgyzKEPTfmNxZJZIy3p4AaABAg,negatif,
UgwdWXmJS0XHObHg_C54AaABAg,negatif,
UgwwaOXDlAMh190d8dx4AaABAg,negatif,
Ugx5PKuAWxxCzagTe6x4AaABAg,negatif,
UgwbyqDAKwAg5tq5spx4AaABAg,netral,
UgyG3mZsnPr6KYzVNwV4AaABAg,negatif,
UgyvpxsFVQ4S02MWo9x4AaABAg,negatif,
UgzsqRS6O8PLuIg890h4AaABAg,netral,
UgzsqRS6O8PLuIg890h4AaABAg.AQf0rr5ibNpAQfNIlF6emz,netral,
Ugwt0c_MI9YLlNjzrZR4AaABAg,negatif,
UgweUSEdfFTfGimaFqx4AaABAg,netral,
Ugw7EpoOv4Gr3LaH_CR4AaABAg,netral,
Ugz48BrNjhrnQ_w8fQt4AaABAg,netral,
UgyOXZciUaKGibkb35t4AaABAg,positif,
UgzqE_w28t98EpWIjDF4AaABAg,negatif,
UgxjLRAAB3jXxHgYNwl4AaABAg,positif,
UgwpjCcnU6MFAYeC2SJ4AaABAg,netral,
UgwpjCcnU6MFAYeC2SJ4AaABAg.A48p43YjUdYA4HEGbA0UXY,negatif,
UgwpjCcnU6MFAYeC2SJ4AaABAg.A48p43YjUdYA4Xte_8m3RP,netral,
UgwpjCcnU6MFAYeC2SJ4AaABAg.A48p43YjUdYA4_vH6oJbJK,positif,
UgwpjCcnU6MFAYeC2SJ4AaABAg.A48p43YjUdYA4_zx8_BLUe,netral,
UgwpjCcnU6MFAYeC2SJ4AaABAg.A48p43YjUdYA4Y-WPJUTMR,netral,
UgwpjCcnU6MFAYeC2SJ4AaABAg.A48p43YjUdYA4aP7n7whyz,netral,
UgwpjCcnU6MFAYeC2SJ4AaABAg.A48p43YjUdYA4g-0BhQ1-n,netral,
UgwpjCcnU6MFAYeC2SJ4AaABAg.A48p43YjUdYA4gbRM7FHNr,negatif,
UgwpjCcnU6MFAYeC2SJ4AaABAg.A48p43YjUdYA4hsg71pNS4,negatif,
UgwpjCcnU6MFAYeC2SJ4AaABAg.A48p43YjUdYA4lclrkN8R1,netral,
UgwpjCcnU6MFAYeC2SJ4AaABAg.A48p43YjUdYA5K2il21BJV,netral,
UgwpjCcnU6MFAYeC2SJ4AaABAg.A48p43YjUdYA5LYALEmwOZ,netral,
UgwpjCcnU6MFAYeC2SJ4AaABAg.A48p43YjUdYA5fPSnscy1L,netral,
UgwpjCcnU6MFAYeC2SJ4AaABAg.A48p43YjUdYA65phwCVAGw,negatif,
Ugwgxfd2CyEUX2xwl7F4AaABAg,netral,
UgwuY8xt7jpzuf2hcw54AaABAg,negatif,
UgwuY8xt7jpzuf2hcw54AaABAg.A3or_Qg_sCKA465t4AlUg-,netral,
UgwuY8xt7jpzuf2hcw54AaABAg.A3or_Qg_sCKA4OHEDnFZ9P,netral,
Ugxazmi5PZ6hSPp_ovx4AaABAg,netral,
UgwLPeEEGLvgjjRSwy14AaABAg,positif,
UgwYocBryNfuSXznKyh4AaABAg,netral,
UgzZ7W53YG58Ta88B-94AaABAg,positif,
Ugy1JOq7OCyS-yO1_hp4AaABAg,netral,
UgwiOl9nnYNdr0HT2hd4AaABAg,netral,
UgwiOl9nnYNdr0HT2hd4AaABAg.A43frBweY72A4GNibC9v3c,negatif,
UgzgwrqttbGC8mKh_dV4AaABAg,positif,
Ugx6ZSv0IfYomraBd0F4AaABAg,netral,
UgyJ4pwuKjIH4Em9Mat4AaABAg,netral,
UgyJ4pwuKjIH4Em9Mat4AaABAg.A3ovMXIfxxkA3pFDxbDRU1,positif,
UgwfMvzeUR8Bw6X0IO94AaABAg,netral,
UgxqBICxo7J7ZBjNCHx4AaABAg,netral,
UgzW46wcpwKcfe_imJd4AaABAg,positif,
UgzfINcnFnsj6EgMPKN4AaABAg,netral,
UgwjZgK7oRLSsCEYsG14AaABAg,positif,
UgwWdiu33Hguo8gS6GB4AaABAg,netral,
UgzyV7GiJEBXYW82WH14AaABAg,netral,
UgwfDeVwdZ4UOhtzfZd4AaABAg,positif,
UgxvZYuV35R2VIXt07B4AaABAg,positif,
UgyFcSMrUbhkNczZDsN4AaABAg,netral,
UgwkBVq4b7ygXkpgQWt4AaABAg,netral,
Ugymnt2OHWJPEen3BZt4AaABAg,netral,
Ugz__B3d9OGO2VExbtt4AaABAg,netral,
UgxUBIdKPDSVPVgNzFp4AaABAg,netral,
UgytRFb7bXHrHpNMuBN4AaABAg,netral,
UgwfABgNYpjNZPvWYDl4AaABAg,positif,
UgxHQCDoXCr_jC-vjEl4AaABAg,positif,
Ugz7c8WXSdt2m7Xwo2p4AaABAg,netral,
Ugwb_mPWWm093khcwA94AaABAg,netral,
UgxHG_EQEnl6bWE93qh4AaABAg,positif,
Ugw1-UbDVjzZ4CAW_BN4AaABAg,negatif,
Ugx2su-TYID3Tp4R0aF4AaABAg,netral,
Ugz35X2XswYYHbULqUx4AaABAg,positif,
Ugw3aGE47L-sVS-7Xed4AaABAg,netral,
Ugw6ltkN8CQ4ZKYOEy54AaABAg,negatif,
Ugxk4EaO7mjnMKvuDyt4AaABAg,positif,
Ugz9JplFktqDI3Z1zXt4AaABAg,netral,
Ugx-2--yW1oQHbTaX014AaABAg,netral,
UgyVr0vKQU7gmJdA46B4AaABAg,netral,
UgyVr0vKQU7gmJdA46B4AaABAg.A3tAEt-8UjRA4h5ORM1Z9C,netral,
UgyVr0vKQU7gmJdA46B4AaABAg.A3tAEt-8UjRA64IvtRnLO0,netral,
UgwybzomcLAVisxvRDh4AaABAg,negatif,
Ugxmlb_ha-mvOpjSzXx4AaABAg,netral,
UgwZRwmnDQjpGZTeaB14AaABAg,netral,
Ugw6qjv5Ts2Ye1bp2jB4AaABAg,netral,
UgxMOlZpp4VCl3Pz2m94AaABAg,netral,
UgzwGkq1802s9FN1xMR4AaABAg,netral,
UgyotA88dVoE8dii1ZN4AaABAg,positif,
Ugyoo6aC0YeViaS-X-94AaABAg,negatif,
Ugx6swLCSAioorms0EZ4AaABAg,positif,
UgxzDlIkcvj6sKR6yrx4AaABAg,negatif,
UgxzDlIkcvj6sKR6yrx4AaABAg.A3tbxRwpd_3A42tVts1Dcy,netral,
UgxzDlIkcvj6sKR6yrx4AaABAg.A3tbxRwpd_3A42tnIfzGR6,netral,
UgxzDlIkcvj6sKR6yrx4AaABAg.A3tbxRwpd_3A4322vXANQo,netral,
Ugygxj56thGWyBrhiyt4AaABAg,negatif,
UgyLIcuEtQh0EBG0lhN4AaABAg,netral,
UgwrkGaqn_gb3NItT2x4AaABAg,netral,
UgwrkGaqn_gb3NItT2x4AaABAg.A4cLJRVhzGmA4cuWqV6R9t,netral,
UgwrkGaqn_gb3NItT2x4AaABAg.A4cLJRVhzGmA5nYNQoghaU,netral,
UgwrkGaqn_gb3NItT2x4AaABAg.A4cLJRVhzGmA4e2gS0Ib3h,netral,
UgwrkGaqn_gb3NItT2x4AaABAg.A4cLJRVhzGmA4eaERzENBf,netral,
UgwrkGaqn_gb3NItT2x4AaABAg.A4cLJRVhzGmA4jyqloWRg4,netral,
UgwrkGaqn_gb3NItT2x4AaABAg.A4cLJRVhzGmA4pRjGj-1Ib,netral,
UgwrkGaqn_gb3NItT2x4AaABAg.A4cLJRVhzGmA4rYMwqxKC2,netral,
UgxfQ_Zk0UvqYZhprH54AaABAg,netral,
UgwiCH1esbHcImxCoTh4AaABAg,netral,
UgwiCH1esbHcImxCoTh4AaABAg.A4cHsin2hx7A4tXvhRgiA2,netral,
UgzdbNzxVUDGKiTv-vJ4AaABAg,netral,
UgyNXFi1olDJIt4AAvp4AaABAg,netral,
UgyNXFi1olDJIt4AAvp4AaABAg.A4cK0F3cgU5A4detqxScQy,negatif,
UgzqNQ4VWoX4He_QnIp4AaABAg,netral,
UgzCklq1QP1DyeCXySd4AaABAg,netral,
UgwQf0V5MpJi4rVnROJ4AaABAg,netral,
UgwQf0V5MpJi4rVnROJ4AaABAg.A4deDL4QkJaA4gLaVycLPO,netral,
Ugz--JQqppzb7S6MXqx4AaABAg,netral,
Ugz--JQqppzb7S6MXqx4AaABAg.A4fJj_TDxJJA63qMOiyxi9,positif,
Ugzrwmug5gdEmNM0_H94AaABAg,positif,
Ugzrwmug5gdEmNM0_H94AaABAg.A4cwmUR0tQUA4dk_Z2pZkN,netral,
UgxV27tkDAiP9bKV2tx4AaABAg,positif,
Ugwxq1vNorB4edLCA0B4AaABAg,netral,
Ugwi37RfEOGyVpfRf9h4AaABAg,negatif,
Ugxbhd0Jn-LQVx-NqDF4AaABAg,positif,
Ugzf1QMSNorSQ0nGQ9l4AaABAg,positif,
UgxGvgAt7WJGuRcnZf14AaABAg,netral,
Ugwr7X2wRBss0z48TB14AaABAg,positif,
Ugy60WX3OdtkPC0j4dl4AaABAg,positif,
UgzGtlTafvC5rzB7Bol4AaABAg,positif,
Ugxkt1oehvaEJYAeQ4F4AaABAg,negatif,
UgxDIJ0KZe6ozko3h054AaABAg,positif,
Ugy-YXpHQPhRaRcclcl4AaABAg,positif,
Ugyv3hzYQRLS1mNqOfN4AaABAg,netral,
UgziPvVzQ0L14OkBCmN4AaABAg,netral,
UgypCcbxTtLn_3-xq-14AaABAg,netral,
UgxYz19ajTo1UgAlsNR4AaABAg,positif,
Ugwdq9K3zlUbJygBiQZ4AaABAg,netral,
UgzbARXH6bi6-y-KO6J4AaABAg,positif,
UgzNuwt_wBv7EFveJFZ4AaABAg,positif,
UgxSLQb7UFTR-UeU2HV4AaABAg,positif,
UgwSMcmugtr3VjmueJZ4AaABAg,positif,
UgyxgIrRWrZZe5OA98p4AaABAg,positif,
UgywhhB2Lu9qFbfSsI94AaABAg,positif,
UgzT57KrfjuB20KZZ7Z4AaABAg,positif,
UgxV3lweE-loMjpWau14AaABAg,positif,
UgwRz4DCbFsEnfDaCCx4AaABAg,netral,
UgxBJN-C329wu_Blevd4AaABAg,positif,
Ugyv3HDi4GmMTpM0ZX14AaABAg,positif,
UgxxVkxWuvVb6C6fTll4AaABAg,netral,
UgzhCOH00otKZRTO2cl4AaABAg,positif,
UgywvFowYr6fOvEc5jR4AaABAg,negatif,
UgzJfuGGH7c16NKat7x4AaABAg,positif,
UgyR6sQ9lcytYrLm-Zl4AaABAg,netral,
UgxWhF3GNlrRLahs31t4AaABAg,positif,
UgwyadBVkbzKcveElIB4AaABAg,netral,
UgzJxizvMMP3uytYu1d4AaABAg,netral,
Ugxi-1n2PmYdObZHsMh4AaABAg,positif,
UgxW-Idj8hcwuPEmLeR4AaABAg,netral,
UgwNIsrcWyMYR80VbDh4AaABAg,positif,
Ugy6c4VSD0OBz2oT1aJ4AaABAg,netral,
Ugx4dr0lhGMBv0wyrDh4AaABAg,netral,
UgwIcq_NlowdOEaCYk94AaABAg,positif,
UgyJdZTO9niijDt4Zvl4AaABAg,netral,
UgzT8ogguW9upYFtkU14AaABAg,positif,
UgzqeBozi5Bpwbnpq6t4AaABAg,positif,
UgwMtQQQbghXRa-61Hp4AaABAg,netral,
UgxGrqoPLTgVB9xqIhV4AaABAg,positif,
Ugz4Wikg23i0okPM7Zx4AaABAg,negatif,
Ugy8sIEH3hoF_6rmnh94AaABAg,positif,
UgxSH0suH6XNzZ3fOF94AaABAg,netral,
UgxazA734UpFTK9fD5F4AaABAg,netral,
Ugyktm9TnCF6wXoWr8R4AaABAg,positif,
UgzVrcr3EYYE4ldoSCJ4AaABAg,netral,
UgyQYbWzc4db29biogR4AaABAg,netral,
UgxxwJoLvq7purGoNIJ4AaABAg,positif,
UgxxwJoLvq7purGoNIJ4AaABAg.A4yq8SHnihVA5wfpdkkc34,netral,
Ugxklrdi2RRu7eVpKeN4AaABAg,netral,
UgzdYm7wl8vhqpyf29t4AaABAg,netral,
UgywWqovHt4Dsg5qCWh4AaABAg,netral,
UgzCgeA9K8cx0RWgiCB4AaABAg,netral,
UgzCgeA9K8cx0RWgiCB4AaABAg.A4cGu2m8JyCA4c_3rjg8v6,netral,
UgzTmXNituXl0FYscvl4AaABAg,netral,
UgzTmXNituXl0FYscvl4AaABAg.A4daXN50_NxA4gGU9rcr5d,netral,
UgwKxwtl1dMi1-Rvv_x4AaABAg,netral,
UgzCwcNceuLKcPZQrnp4AaABAg,netral,
UgzzirN9eIg0198wnDt4AaABAg,netral,
UgyvE4dH6FEz8_696Ud4AaABAg,netral,
Ugw-I_UWXEjMVot1kUZ4AaABAg,positif,
UgzCvKezJDhTW01rK554AaABAg,netral,
Ugxj9iVwon_DvKul_il4AaABAg,netral,
UgwSa7-1flqXC_TVmEJ4AaABAg,netral,
UgwY0PYsCUIJnCW_2Px4AaABAg,netral,
UgxasKWSQ4-4uzYP-dp4AaABAg,netral,
UgyhN0bYFsRljY6eA7d4AaABAg,netral,
UgwiPe8xi83SVTlN0c14AaABAg,netral,
UgzWxvc3pkZJaagYOGJ4AaABAg,netral,
UgzBp1PZltFZbkQsZWl4AaABAg,netral,
UgxhSxws3k7IPw6bSNN4AaABAg,positif,
UgxNGCsAIhIZaY5whJh4AaABAg,netral,
Ugz2Ky3jezy6UDBm1gZ4AaABAg,netral,
UgwzRIXO47zdpjkL47d4AaABAg,netral,
Ugxm93rYvp7JwNULBEJ4AaABAg,netral,
UgzOcw6KvVxF6cJFE6h4AaABAg,netral,
UgyZ_fiZ0VIAHgukCtB4AaABAg,positif,
UgxDvKmGjPoMEnxCmeN4AaABAg,negatif,
Ugyoxhwxk0KstsjQCul4AaABAg,netral,
Ugz_p9G_ewZA63ahFVB4AaABAg,netral,
UgwkhlagUi0n0MwULD54AaABAg,netral,
Ugy0ZA3WLEumd37aA1d4AaABAg,netral,
UgyUICDAWqpJQknal854AaABAg,netral,
UgzBi61MxIHS5cB_WDB4AaABAg,netral,
UgwCFkFWHdJMZxfMCRV4AaABAg,netral,
Ugx9vKoyf3Qu_SUF5rl4AaABAg,netral,
UgwC8B57qYtUAxqHdzt4AaABAg,netral,
UgzV-XZcgBIWOFgy0UJ4AaABAg,netral,
UgwGt40-VyavjIUbAJV4AaABAg,netral,
UgzihpfYNWoL0NGNXm94AaABAg,netral,
UgwJiYCqGyBFQjNqn6Z4AaABAg,netral,
UgwtgB6XJrdqSdzgWCx4AaABAg,negatif,
UgxUoTvogxwtq5pvPr14AaABAg,negatif,
UgzjvyJaIYRhzjwuqA94AaABAg,netral,
Ugy2s3MYxoNmxqiS-Jt4AaABAg,netral,
UgwnTpH-ACsIrKFINnl4AaABAg,netral,
Ugyg1I7XurSsgVGb-8p4AaABAg,netral,
UgwC6XF8wjjWjdoWYB94AaABAg,netral,
UgwC6XF8wjjWjdoWYB94AaABAg.A61_CEpAZgDA61_E61Xhfz,netral,
UgzlES1PotcADjA9ozB4AaABAg,netral,
Ugx9R1LxsTfQWc5VhzZ4AaABAg,negatif,
Ugxu_6lVWeQSRRny3rF4AaABAg,netral,
Ugxu_6lVWeQSRRny3rF4AaABAg.A4iYrai65TpA4oqi-AbR0b,netral,
Ugxu_6lVWeQSRRny3rF4AaABAg.A4iYrai65TpA4pIeF5gu5w,netral,
UgzxWJTwnSE321tm1TB4AaABAg,netral,
UgwwjmmoVnGZ8JwgRBN4AaABAg,netral,
UgwrbepFRet_gdjNvnZ4AaABAg,negatif,
UgylR20XgiBU8zL7kw14AaABAg,negatif,
Ugwb6MkQs28HUm27uRV4AaABAg,negatif,
Ugwb6MkQs28HUm27uRV4AaABAg.A4gGfB13UnFA5Le_L_-67N,netral,
UgwQZoGLJfR68umQueN4AaABAg,netral,
Ugykq3k_dLUXoGN5CeN4AaABAg,netral,
Ugykq3k_dLUXoGN5CeN4AaABAg.A4cuYQHYz6-A4dky8QBg8A,netral,
Ugykq3k_dLUXoGN5CeN4AaABAg.A4cuYQHYz6-A4gK--dAkth,netral,
UgxwPGnnTOho9mMX1694AaABAg,negatif,
Ugzm_BPgvYab9qN97IJ4AaABAg,negatif,
Ugzm_BPgvYab9qN97IJ4AaABAg.A5q229bmzedA5zlV55Jicm,netral,
Ugy3a3FnZZ2ASuXR4qR4AaABAg,positif,
UgxpS4BgCv1Wga1IdaV4AaABAg,netral,
Ugx9_9KQfLNaebhnLlt4AaABAg,positif,
Ugx9_9KQfLNaebhnLlt4AaABAg.ASRPScmMMZwASdsBsq6iH0,netral,
Ugx9_9KQfLNaebhnLlt4AaABAg.ASRPScmMMZwASftoWxcz0H,netral,
Ugx9_9KQfLNaebhnLlt4AaABAg.ASRPScmMMZwATGry--att8,negatif,
Ugx9_9KQfLNaebhnLlt4AaABAg.ASRPScmMMZwAUpB1bOnwpP,netral,
Ugx9_9KQfLNaebhnLlt4AaABAg.ASRPScmMMZwASg7tjjUSb3,netral,
Ugx9_9KQfLNaebhnLlt4AaABAg.ASRPScmMMZwASddSgmVOsh,netral,
Ugx9_9KQfLNaebhnLlt4AaABAg.ASRPScmMMZwAT7ai5GZpu-,positif,
Ugx9_9KQfLNaebhnLlt4AaABAg.ASRPScmMMZwAUOWCezr3cU,netral,
UgydP2IqbYiUleCC_st4AaABAg,positif,
UgydP2IqbYiUleCC_st4AaABAg.ASR8wNIV1I5ASRU3zvOWPJ,netral,
UgydP2IqbYiUleCC_st4AaABAg.ASR8wNIV1I5ASUdVrmtNoL,negatif,
UgydP2IqbYiUleCC_st4AaABAg.ASR8wNIV1I5ASZC3XgQcdF,netral,
UgydP2IqbYiUleCC_st4AaABAg.ASR8wNIV1I5ASRQI8Qoduh,positif,
UgydP2IqbYiUleCC_st4AaABAg.ASR8wNIV1I5ASRpskO7gOu,netral,
UgydP2IqbYiUleCC_st4AaABAg.ASR8wNIV1I5ASVXNlyFIZL,netral,
UgydP2IqbYiUleCC_st4AaABAg.ASR8wNIV1I5ASVw6Yc8ehq,negatif,
UgydP2IqbYiUleCC_st4AaABAg.ASR8wNIV1I5ASarJN7xBXx,positif,
UgydP2IqbYiUleCC_st4AaABAg.ASR8wNIV1I5ASb5oS8X4Bq,netral,
UgydP2IqbYiUleCC_st4AaABAg.ASR8wNIV1I5ASiS723bi-k,netral,
UgydP2IqbYiUleCC_st4AaABAg.ASR8wNIV1I5ASRfoM3zr-o,netral,
UgydP2IqbYiUleCC_st4AaABAg.ASR8wNIV1I5ASRpwrdznGT,negatif,
UgydP2IqbYiUleCC_st4AaABAg.ASR8wNIV1I5ASVXSSrxFSG,netral,
UgydP2IqbYiUleCC_st4AaABAg.ASR8wNIV1I5ASfaQ55tA4P,negatif,
UgydP2IqbYiUleCC_st4AaABAg.ASR8wNIV1I5ASw1KDVBgfc,netral,
UgydP2IqbYiUleCC_st4AaABAg.ASR8wNIV1I5AT777NrzQCJ,positif,
UgydP2IqbYiUleCC_st4AaABAg.ASR8wNIV1I5AT7ab1ZNJXK,netral,
UgydP2IqbYiUleCC_st4AaABAg.ASR8wNIV1I5AUOW8JVW7Fw,netral,
UgydP2IqbYiUleCC_st4AaABAg.ASR8wNIV1I5AV2MAZVY9lG,negatif,
UgydP2IqbYiUleCC_st4AaABAg.ASR8wNIV1I5AVI0P2CeAfD,netral,
UgydP2IqbYiUleCC_st4AaABAg.ASR8wNIV1I5ASRYP9I4275,negatif,
UgydP2IqbYiUleCC_st4AaABAg.ASR8wNIV1I5ASWbKDbd5jj,negatif,
UgydP2IqbYiUleCC_st4AaABAg.ASR8wNIV1I5ASYunysMURl,netral,
UgydP2IqbYiUleCC_st4AaABAg.ASR8wNIV1I5ATNZaNPYGIW,positif,
UgyxcW6ZF-I8grZtNxx4AaABAg,netral,
UgwloHhmIcxgNB6t_M94AaABAg,netral,
UgxWmgDltn4EJK9UQo94AaABAg,positif,
UgxWmgDltn4EJK9UQo94AaABAg.ASRPGo-i1YAATntsCE1F-t,netral,
UgxWmgDltn4EJK9UQo94AaABAg.ASRPGo-i1YAAUOWHCMCNV6,netral,
UgzMYYGT2iMBZzdJCix4AaABAg,positif,
Ugy7E2ZIx4Le6mvZTmR4AaABAg,netral,
UgxjE_lRXpGAe1PLLHN4AaABAg,netral,
UgxjE_lRXpGAe1PLLHN4AaABAg.ASRXdGiy-ObASVhmN5qism,negatif,
UgxjE_lRXpGAe1PLLHN4AaABAg.ASRXdGiy-ObASWrCxvb8IY,positif,
UgxjE_lRXpGAe1PLLHN4AaABAg.ASRXdGiy-ObASXUGXFumQA,netral,
UgxjE_lRXpGAe1PLLHN4AaABAg.ASRXdGiy-ObASapaCwEJvA,netral,
UgxjE_lRXpGAe1PLLHN4AaABAg.ASRXdGiy-ObAT496oyfHam,netral,
UgxjE_lRXpGAe1PLLHN4AaABAg.ASRXdGiy-ObAT4KuwnokXd,netral,
Ugx1FBCKzDxUVsEo2fl4AaABAg,netral,
UgyydHzKqZXdMA5x87x4AaABAg,netral,
UgyydHzKqZXdMA5x87x4AaABAg.ASRabPKh8NLASVvZiKLb-c,netral,
Ugyc1zi_you_tBvaKBl4AaABAg,positif,
UgwNyQtDJnUcG8vucu94AaABAg,netral,
UgyBa1S8koCqMORefWF4AaABAg,positif,
UgyBa1S8koCqMORefWF4AaABAg.ASTMtAxZysyASi02SxHqQ3,netral,
Ugw9skGFTBu0cSf31ZN4AaABAg,netral,
Ugz62dfd_7gvJ4DDgUZ4AaABAg,positif,
Ugy_uXnI08PVCZ7gzbp4AaABAg,positif,
UgwAuizg-BhPYW4RaQZ4AaABAg,positif,
UgzlI2p2ROMcTgleDMp4AaABAg,positif,
UgxA2vwjGhCWWRKoelF4AaABAg,positif,
UgwR_vGaa3F_BAPBywp4AaABAg,positif,
UgyOo-qTqFyLP2EmaOl4AaABAg,netral,
Ugz7FRB0MhO4pUXa2k14AaABAg,positif,
UgzUXsFlNXI96bFI3bh4AaABAg,positif,
UgwHDvgSDC7O1s7umKZ4AaABAg,positif,
UgxNA-GQsVmgVotTjFB4AaABAg,positif,
Ugx_AHKS3p4ceufwLaR4AaABAg,positif,
Ugxa0uX2nec_W1Gsr714AaABAg,positif,
Ugxui8E-kOgan-tdTWR4AaABAg,positif,
UgyeC7rpNMq9Yk4hytJ4AaABAg,positif,
Ugxg7BisI2euYuEhcdV4AaABAg,netral,
Ugxg7BisI2euYuEhcdV4AaABAg.ASRayyKrn__ASfQxv04NGG,netral,
Ugxg7BisI2euYuEhcdV4AaABAg.ASRayyKrn__ASfr63IBQY1,netral,
Ugxg7BisI2euYuEhcdV4AaABAg.ASRayyKrn__ASoIaVqpIo7,netral,
Ugxg7BisI2euYuEhcdV4AaABAg.ASRayyKrn__ATOsDqKZ-E9,netral,
Ugxg7BisI2euYuEhcdV4AaABAg.ASRayyKrn__ATiftu0rZsq,negatif,
Ugxg7BisI2euYuEhcdV4AaABAg.ASRayyKrn__AV-U8qY-mEZ,netral,
Ugxg7BisI2euYuEhcdV4AaABAg.ASRayyKrn__AUpB9oa9HTP,netral,
UgyRKlSIIYREoYOfY_F4AaABAg,positif,
Ugza41-OFCaJSpEeLSx4AaABAg,positif,
Ugw7gLFGhVFsIGv9ThN4AaABAg,positif,
UgyOoY_wi8mGkJoSQJp4AaABAg,positif,
Ugzgyrl3Q5Snl4MieX54AaABAg,positif,
UgwTyuKYutxR160E0m54AaABAg,positif,
Ugy9w6KTCUrWz-ilovp4AaABAg,positif,
Ugz1BiedKD4ArdpXwyd4AaABAg,positif,
Ugz1BiedKD4ArdpXwyd4AaABAg.ASZE_xMHhbzATnLKZABhTt,netral,
Ugz1BiedKD4ArdpXwyd4AaABAg.ASZE_xMHhbzATq199ec93m,netral,
UgybhD5Qsz07xEffrO14AaABAg,netral,
UgxfYwnYvJrcTMFWDwl4AaABAg,positif,
UgxubfNKJLt4CAezIvR4AaABAg,positif,
Ugwq-QSaqNFGoehB-UB4AaABAg,positif,
UgxM1v81XWacTHU2McB4AaABAg,netral,
Ugx7gC7lMXilYybOyRB4AaABAg,positif,
Ugy34k1unTDlmTww9FJ4AaABAg,positif,
Ugxb8h03q2cuKQf7cvt4AaABAg,positif,
Ugw3HRr9hCBZn4OVhcp4AaABAg,positif,
UgybOdA_DfGQ8B-k-wt4AaABAg,netral,
Ugx5C_PIqClQzzX1uLB4AaABAg,netral,
UgwXRqnwZCBO1a8JlEl4AaABAg,positif,
UgxoEq-uV0xC3dQLoG14AaABAg,netral,
Ugx39n-TGa3GVKxvmsV4AaABAg,netral,
Ugzgtui4FN8NPUeb1ul4AaABAg,positif,
UgzuOvJF8_6ELhD2LSN4AaABAg,positif,
Ugw7Lug--E_w-vjS9hR4AaABAg,netral,
UgyX9tTg-R8TfCm_rk54AaABAg,positif,
UgzNf_zsj4nGwE8sHJR4AaABAg,positif,
UgzFhtcSLCyTCKZkgH14AaABAg,positif,
UgzWuuIOt5gzM4-W7_F4AaABAg,positif,
Ugwxizk9_pjGUK4nBq94AaABAg,positif,
Ugwxizk9_pjGUK4nBq94AaABAg.ASRakJQQ902ATnfJ9b-v_J,positif,
Ugwxizk9_pjGUK4nBq94AaABAg.ASRakJQQ902AUOYAPTQ3wp,netral,
UgxkYXW9m0Ng8abAMYd4AaABAg,positif,
UgwDYXgQbBCK2E_Jp2x4AaABAg,netral,
UgyVlWXtNcjLGrMUcDF4AaABAg,netral,
UgzQzxG4kWKiOxHiiwB4AaABAg,positif,
Ugxsrhff8kCkHCvlyml4AaABAg,netral,
UgzJygdsIBdh4iEux_N4AaABAg,positif,
UgypgpoxbTmvtCM-p214AaABAg,positif,
UgxkDiVwVrS98X7XulZ4AaABAg,positif,
UgyB7f2KheTlf2Ac3JZ4AaABAg,positif,
UgzdfRNk6i5uwJt8ZYR4AaABAg,netral,
Ugx8Je6xlotQ15gBIOV4AaABAg,positif,
Ugx8Je6xlotQ15gBIOV4AaABAg.ASRD8uy9G1UASRQoxVPhDt,netral,
UgyPVAyal8STaKQnyJ14AaABAg,netral,
UgxXi8cTfiHgMwhIYq94AaABAg,positif,
UgySz6LRFRazK6mY5nh4AaABAg,positif,
UgylEZKJXqSpBb-S7r14AaABAg,positif,
UgwcHpvcTDfcyY34s7N4AaABAg,positif,
UgxV8Q32-UPhHo2NSxZ4AaABAg,positif,
UgwiL7TwAFoKPUgFmx94AaABAg,positif,
UgxoDU_zf2eSRid4ptp4AaABAg,positif,
Ugy4BF4RCMLEvPSvLdR4AaABAg,positif,
UgyZ_cI-KEKGXpTj9s94AaABAg,positif,
UgwVL1aUPepQ2_kWYed4AaABAg,positif,
UgwtcadPZJBKsKORX2d4AaABAg,positif,
UgyMltRK5ngUG7Y5cPh4AaABAg,positif,
Ugz3VR6Nx2NZdMAHFUt4AaABAg,positif,
UgzYbHmdkn4Ee_6nldd4AaABAg,positif,
UgyJv3gILCuslzhetDN4AaABAg,positif,
Ugz2Vw7Xa1AD7NS_pxF4AaABAg,netral,
UgyLfo7eA1c5yaQIo4l4AaABAg,netral,
UgwM6eMur6oNOULTG0N4AaABAg,positif,
Ugzhsr1xs25jxbuYiXh4AaABAg,positif,
UgzBmvp504C9uVF4m2R4AaABAg,positif,
UgxO0EmNVFamOtmIsJd4AaABAg,positif,
UgwNKFk9_-_ciwSZ2UV4AaABAg,positif,
UgzksNkeYiPinJ_6nv94AaABAg,positif,
Ugxv5mfq4kv2GM0-kdd4AaABAg,positif,
Ugx--WJbljzAuFLqpiJ4AaABAg,netral,
UgzKDhAXBZEaT-35Ng54AaABAg,positif,
Ugz0nW6eKipU5qTG3N54AaABAg,positif,
UgyzIMjsi34Knuk9HuZ4AaABAg,netral,
Ugxlu8Qjs72zR98MhzN4AaABAg,positif,
UgwmgLN_d1hnFYd9_AN4AaABAg,positif,
Ugx4UscnyBS5KBdJR-B4AaABAg,positif,
Ugyj0PhHK61Z0-Rwxpl4AaABAg,positif,
UgyhbrHHVpSMBD1cSI14AaABAg,positif,
UgwxqtKGn8GiMEoJ-bR4AaABAg,netral,
Ugy-4Vda9eIUzEnDDrF4AaABAg,positif,
UgzEarckPvjA5iA76bh4AaABAg,netral,
UgyXOu2grJSkH6Zt8zR4AaABAg,positif,
UgxVOa7klP7qe265k9F4AaABAg,positif,
Ugyjl1iW21I4hS0z8ot4AaABAg,positif,
UgzHW-ktZv0D85DO0WJ4AaABAg,positif,
UgxKxXpTKesycSCJmQh4AaABAg,netral,
UgwHcG942oLxltzVQO14AaABAg,positif,
UgwYcPHuNU2Kd5tC6-h4AaABAg,positif,
UgwbIVuiHwNOIsuEBgh4AaABAg,positif,
Ugw7n-2pQhJitWrtdaV4AaABAg,positif,
Ugy8VQawBvXxzTUd8N94AaABAg,positif,
Ugy8NxJhegUgBMF3iNV4AaABAg,positif,
UgzYhUFhr5OIp1t3_GZ4AaABAg,positif,
UgzJMiclLRgfmEhmWOR4AaABAg,positif,
UgzLo_mcnNP1cGcdmtp4AaABAg,positif,
Ugw9gYOq-iXzUFBtzcl4AaABAg,positif,
UgwuxoRbcPq4kiH7RUV4AaABAg,positif,
Ugw6ojk9R_rmus2BXvJ4AaABAg,positif,
UgyxLn-sdkJnHIluKpB4AaABAg,netral,
Ugzf82suPqkjLNvN0BN4AaABAg,positif,
UgwpJSi-HyA3vtM4P6d4AaABAg,netral,
UgzCbJvov7aAZpuQQR14AaABAg,netral,
Ugyh3blHujZRPvoshol4AaABAg,netral,
Ugyh3blHujZRPvoshol4AaABAg.ASS0Uz1bydGAS_lSCsh6fP,positif,
UgzbBXdq8tEjAT-vfIt4AaABAg,positif,
UgxRIMRNASD9ztyHTat4AaABAg,netral,
UgwKAXhvhPADMkWKsbV4AaABAg,positif,
UgyEQtbr7KN2CM6mW2t4AaABAg,netral,
UgyeZYJEmL6YpE_zOiV4AaABAg,positif,
UgyyQOd9G3wVspR2YQB4AaABAg,netral,
UgyxENi6ztqVtkLSttV4AaABAg,positif,
Ugx4hu25OcEgTTVksKV4AaABAg,positif,
UgxXXAqL1dawEEB2yT94AaABAg,positif,
UgxWHmVO7F-tLdrsss94AaABAg,positif,
UgwNpXfWPldVGQdoRIt4AaABAg,positif,
UgyVisiCcBByF0Qy5g94AaABAg,netral,
UgwQEqgxlutN7R9uFah4AaABAg,positif,
Ugxj6_wLMHyszN5cFpB4AaABAg,netral,
Ugw_Shd14FuOl_ndVEN4AaABAg,positif,
UgxWJJLUGh90Q9Y8b_54AaABAg,positif,
UgzwJ9As2bDkP-FNUHt4AaABAg,netral,
UgzwJ9As2bDkP-FNUHt4AaABAg.ASRjCN9_qL8ASUWPggRx_h,netral,
UgzwJ9As2bDkP-FNUHt4AaABAg.ASRjCN9_qL8ASUnrwQMZq8,netral,
UgzwJ9As2bDkP-FNUHt4AaABAg.ASRjCN9_qL8ATbUed__bYy,netral,
UgzwJ9As2bDkP-FNUHt4AaABAg.ASRjCN9_qL8ATbcorUWvQd,netral,
UgzwJ9As2bDkP-FNUHt4AaABAg.ASRjCN9_qL8AUOY4BmLbDh,netral,
Ugx8XUR35xOTYDdKUDN4AaABAg,positif,
Ugy6EQTS_bLJ2rdCzyN4AaABAg,positif,
Ugw7LXb3VQwDnokQLoB4AaABAg,positif,
UgyW4ImAQnxgKVAbpn94AaABAg,netral,
Ugw67j8iicl5kWIJ8pJ4AaABAg,netral,
UgzPL7LwCLiKKbxQsUJ4AaABAg,positif,
UgzGMBgO2yEOTFHKVzR4AaABAg,positif,
UgxR9zfY5IA8KpH0Mr54AaABAg,positif,
UgzzQaEurl91_TiBY_54AaABAg,positif,
UgxoRIR0Nwdz0bJimvF4AaABAg,positif,
UgyDibeaIYx8mivzuZ14AaABAg,netral,
Ugy2lPfno7HvjugmXPR4AaABAg,positif,
Ugy2lPfno7HvjugmXPR4AaABAg.ASRWdjFgBM6ASWNEo8_STL,netral,
Ugy2lPfno7HvjugmXPR4AaABAg.ASRWdjFgBM6ASWO3ix5C4z,positif,
Ugy2lPfno7HvjugmXPR4AaABAg.ASRWdjFgBM6ASfKkOZzpEs,netral,
Ugy2lPfno7HvjugmXPR4AaABAg.ASRWdjFgBM6ASfOR34NhgE,netral,
Ugy2lPfno7HvjugmXPR4AaABAg.ASRWdjFgBM6AUOYImar46C,netral,
UgwuFcb1kk9LHZHhPZN4AaABAg,positif,
Ugx4QdRpm0W925mh_FJ4AaABAg,positif,
UgwDyuyIIDEDWTEQle94AaABAg,netral,
UgzDWtTzVEynjWj_51t4AaABAg,positif,
UgwYWGZ7CD7gesrR8k54AaABAg,positif,
Ugy36hOg6gHcAsP4AAR4AaABAg,positif,
UgwhL5MpflukR6WxV194AaABAg,netral,
UgxsUdloJWiWYB4a-8p4AaABAg,positif,
UgxsUdloJWiWYB4a-8p4AaABAg.ASTR_4YcnwjASVvuuKSRTW,positif,
UgweFYfwaWHYxmVwIwp4AaABAg,netral,
UgzYBS0U_5ofAgZT4EN4AaABAg,positif,
Ugz5-gVdEFEwqOirrtV4AaABAg,positif,
UgycGRmSSq4yTWLAhZl4AaABAg,netral,
UgycGRmSSq4yTWLAhZl4AaABAg.AT-HkHoQ9AIATRrScCiJ5A,netral,
UgxlajncyUUzop3YBd14AaABAg,positif,
UgwOQyFT3fYnUC3CkIN4AaABAg,positif,
UgxcWgA01a6nEF9Qgkd4AaABAg,positif,
Ugw8V0LTutpeQwjAtaR4AaABAg,netral,
UgydBnOD521u423taPF4AaABAg,positif,
UgwmSro3FX4BWr43gm54AaABAg,positif,
UgxYO4rxNgJ0LFfpBSp4AaABAg,positif,
UgypR9WK3OYdMmjxfw14AaABAg,positif,
Ugy6nyDtzkhx5VHJFvR4AaABAg,positif,
UgyuERRjVndK_kwxTpV4AaABAg,netral,
UgxtPL2R11ZV0nMPGM14AaABAg,positif,
UgzLkan1R192G2M77WV4AaABAg,positif,
UgytWlaAQbnBoI5ywst4AaABAg,negatif,
UgwiJyOVa7n9onXNpxF4AaABAg,positif,
Ugxy_txCQarT9dtno114AaABAg,positif,
Ugxvyuk_ZVTUcVQp8XN4AaABAg,negatif,
UgzctRUmGnW7JuRQkCJ4AaABAg,positif,
Ugx07k7kHkjSCo6F9cd4AaABAg,positif,
UgztVgjhDPmp8rRj6Xt4AaABAg,positif,
UgzYL6cdk_pKuuKFJkx4AaABAg,positif,
UgzYL6cdk_pKuuKFJkx4AaABAg.AUVhqFYzlvXAUXCDuCd9rY,positif,
UgzcCm9aP3Z_jSUpxiJ4AaABAg,netral,
Ugxfl-vC4K-bXUzT2MF4AaABAg,positif,
Ugx_nZmsikL1fe7uBoR4AaABAg,netral,
UgxwEmpR8RkSw_xyCop4AaABAg,netral,
UgyHMhQ1EeoT5U0Kc4l4AaABAg,positif,
UgxVWZ9xudPkCSp9q6J4AaABAg,positif,
UgztWNgfkDaaIY8nc1B4AaABAg,positif,
Ugz92xfg6ozfPbLUZ1t4AaABAg,positif,
Ugz8P4WUz2Oh0JOmyIl4AaABAg,negatif,
UgxTUqpk_HHLDbiEBPB4AaABAg,positif,
UgxO2LhwppTOGvqSyDt4AaABAg,positif,
Ugw-xmDDsx_tdcDCGCh4AaABAg,positif,
UgyndQHx-ee_qJgLCqt4AaABAg,positif,
Ugw70yFAJ7HmQ77Gibt4AaABAg,positif,
UgxrrRhsF7SZDoWIUop4AaABAg,positif,
UgxG3I8zSbAIfNhrkIJ4AaABAg,positif,
UgyKzKZMY4mSWH1qrc54AaABAg,positif,
Ugy3wAW_sX50vLWXNpp4AaABAg,netral,
UgzmSm_Pgg2sqxkfGxp4AaABAg,positif,
UgxQ5uaZIgrhP0pYcUJ4AaABAg,netral,
UgyGBbK8pFpcTdo35fJ4AaABAg,positif,
UgwqKR6Oco_-9RSIFkR4AaABAg,netral,
UgzY6axwesiDa2exMqt4AaABAg,netral,
UgxWG8lOULsVf7OBR6F4AaABAg,positif,
UgzgSpKrFFXItoYJVH14AaABAg,positif,
UgySwZiX_8Usm69n9dN4AaABAg,netral,
UgxXEt5wfG4Y9BwgPjN4AaABAg,netral,
Ugyz5ogOfwx3yo6kjFR4AaABAg,netral,
UgzdZ9bCcILR1M3KNM94AaABAg,netral,
Ugw20amPjoZaN3-IiCt4AaABAg,positif,
UgxlQJNx34s5cvLbApx4AaABAg,negatif,
UgzFDjfrSfzgSH5xy0F4AaABAg,positif,
UgzWLOFh6NF_SobgN6h4AaABAg,netral,
UgyChZuogZuNMJITGZd4AaABAg,positif,
UgyHgAzj77yMc1PzrM54AaABAg,netral,
UgxjOgn4Rss5SSxlol94AaABAg,netral,
UgxijAYFS2PRJX3YT-V4AaABAg,netral,
Ugz2EtfHvz7onzJzKU94AaABAg,positif,
UgwDvzfa5Ed-ddpV0U54AaABAg,positif,
UgwqRHK5obVfc_Tfdkd4AaABAg,netral,
UgzRiGHmtZWDWuWZ1154AaABAg,netral,
Ugy0pnsOgKimaHe8nAV4AaABAg,netral,
UgzWWwoGCJsa-BN9pIx4AaABAg,netral,
Ugwks8pVaApeIKUyl4R4AaABAg,netral,
UgxA7DGH1vy7wuRz2iF4AaABAg,positif,
UgziCX2XSJiHdIfxQWZ4AaABAg,positif,
Ugwa1eHdwBPYet6hwiB4AaABAg,netral,
UgwyxIUWO5tG-IGJZUp4AaABAg,netral,
UgyGVOZ3EGm60Et41wh4AaABAg,netral,
UgybTOLWMC7O-5yRP0d4AaABAg,positif,
UgxVWS_zKWJi2rQVnw94AaABAg,positif,
UgxnSF9fUBsduyu3qwt4AaABAg,positif,
Ugz-2scv6g-Si8gwgmN4AaABAg,positif,
Ugx0P-Wo6_aaPukEyax4AaABAg,positif,
UgyWCPsZXnVbs86zuTx4AaABAg,netral,
UgyWrKjFehC6sM5t4Lh4AaABAg,positif,
UgwHXOEOED2OWRe-X9J4AaABAg,netral,
UgyH2TjYhyT5gKsEsqB4AaABAg,positif,
UgwodvO_Vbjf41KLdwV4AaABAg,netral,
Ugwn1wNf9q4mlJMiJDV4AaABAg,netral,
UgzhGTCwb-m2Kjg6gox4AaABAg,positif,
UgzUigLTkymnVUlD7K54AaABAg,negatif,
UgzUigLTkymnVUlD7K54AaABAg.ASTJk9XDMdqAS_RAkuALbv,netral,
UgzUigLTkymnVUlD7K54AaABAg.ASTJk9XDMdqAScpM0JFe7i,netral,
UgzUigLTkymnVUlD7K54AaABAg.ASTJk9XDMdqAUOZ1Tzh7QX,netral,
UgyIVFOwSO5xge1fAip4AaABAg,netral,
Ugzt00OtCFfnZQhcpa14AaABAg,netral,
UgxjNL09mhxZQx_5pd14AaABAg,positif,
UgxVIVvFgbeXsOogI_94AaABAg,netral,
Ugx1qRwHeaVbf63mOnR4AaABAg,netral,
Ugw7NT9f2gMpz8MobnN4AaABAg,netral,
UgxRYU65WMrj5-vRhlN4AaABAg,netral,
UgwN3vVQkNmjRRAq1rN4AaABAg,netral,
Ugw_vxEMJM3lcL-QwkN4AaABAg,positif,
UgzZUml12n14px6-eaB4AaABAg,netral,
UgzczL4FnGsu5A3Zz_R4AaABAg,positif,
UgxWP3HNSLcyLQFN11V4AaABAg,netral,
Ugz6q0wF-T9TEkhD6NF4AaABAg,netral,
Ugwok9JsmAWVUf48VGp4AaABAg,netral,
Ugwok9JsmAWVUf48VGp4AaABAg.ASTn9HLl_mOASUBzVf3tmd,netral,
Ugxl5ht7hCRhapR4S0B4AaABAg,positif,
UgxJqN2aXesD1krWD2x4AaABAg,netral,
UgxJqN2aXesD1krWD2x4AaABAg.ATs4s3gK7FIAU3A_bdpeEy,netral,
Ugx4d2lx_pPwzRcsdZV4AaABAg,netral,
UgyT7ZE_By8sr49Pa_t4AaABAg,negatif,
Ugzd0ODuCmSwqBYRk0l4AaABAg,positif,
UgxcOOTxnrKbs61Pcbp4AaABAg,netral,
Ugz7SDaQg2X5ZkIF2OB4AaABAg,netral,
UgwmUDRaa-QnHC9X1CB4AaABAg,netral,
UgxxqA6UmfY3I5YNq854AaABAg,positif,
UgyWht5rihh-JV_D4oV4AaABAg,netral,
UgyR6fnzrgeMJhus4Ll4AaABAg,netral,
Ugx-yF_EaQJo_gK8x114AaABAg,netral,
UgwVxK1YJMnxEkQFGHx4AaABAg,positif,
UgwVqPZ2wdrFzc76ivF4AaABAg,positif,
Ugz8UINrkwKnTgrUveh4AaABAg,positif,
UgyReTYGTAMucM2fy7V4AaABAg,positif,
UgyReTYGTAMucM2fy7V4AaABAg.ATMxxUyJ__jATMy7erPIrJ,positif,
UgycAK4PMsK3cqTLWhF4AaABAg,netral,
Ugx7weehlmX96w6BUt14AaABAg,netral,
UgzoZ2Knx2V_KZd3mvF4AaABAg,netral,
Ugw0Zza92UYSL7rwCph4AaABAg,netral,
UgxEn0nyp_0yCQq2LZ94AaABAg,netral,
Ugx2D1Rsi_53LJQZRX54AaABAg,netral,
Ugwg90GLdTO2mKeRC7N4AaABAg,netral,
Ugwg90GLdTO2mKeRC7N4AaABAg.ASRGf6s01X-ASRHEoJ7DBr,positif,
Ugwg90GLdTO2mKeRC7N4AaABAg.ASRGf6s01X-ASRIksUGvP7,netral,
UgwECkhSEGF69B4Nepl4AaABAg,netral,
UgzNuU0QAV2saGG6Qup4AaABAg,netral,
UgyZ0L4h3UKKyrwsAEd4AaABAg,netral,
Ugxbvw4I0XI-fh-vuaN4AaABAg,positif,
UgyBL88RvDmRJO6xywl4AaABAg,netral,
UgzdXa-ntgEkHxIofoB4AaABAg,positif,
Ugzg_mxNsiVE6JEMFQZ4AaABAg,netral,
Ugwo5Y6-VCD4ylA0tcF4AaABAg,netral,
UgzF7BPTpshEP6WuLGN4AaABAg,netral,
UgytXsQY_HAK24cM7vR4AaABAg,netral,
UgyMSYMP0WkKLHyD8yl4AaABAg,netral,
Ugx0FzWL3Jdx4BBHd454AaABAg,negatif,
UgyxcqfiOwCx8BnhFFl4AaABAg,netral,
UgwOeEVpFcMayUv89ON4AaABAg,netral,
Ugzb_l12mnWb_f7mnCZ4AaABAg,positif,
UgxOdUrJg60WJWq0cVJ4AaABAg,netral,
UgwIyWReQFBXQRZXf-F4AaABAg,netral,
Ugz55TsampyDYfXnjGB4AaABAg,netral,
UgzON6rW6Uc7tpQOKcJ4AaABAg,netral,
Ugwrk_6QTtqZqUMYbw94AaABAg,netral,
UgyM3_vgUXFPpGOv3Wd4AaABAg,netral,
UgxoQ-iUjaNiQPed0kB4AaABAg,netral,
UgzvxOQzD2naDNYx23F4AaABAg,negatif,
UgzUhOCPDw-oLyt4Ti94AaABAg,netral,
UgzXdn4lDxWWF1ju9yZ4AaABAg,netral,
UgwMm7i_8X2TCgtFbvV4AaABAg,netral,
UgzkYANF-JYkwUeKn2t4AaABAg,netral,
UgzWGBWlRag_c8PUpf54AaABAg,netral,
UgySXf47lBdIB0oUxb54AaABAg,netral,
UgzE8__9TBU46WcBz-N4AaABAg,netral,
Ugwnzp2Fe1wChQ0ObeF4AaABAg,netral,
UgwsqUbPp7DMW0KyqfV4AaABAg,negatif,
UgzmXu9EDsa16BFGO_Z4AaABAg,netral,
UgzmXu9EDsa16BFGO_Z4AaABAg.ASdfqyIwcP4ASslgJ9j7mn,netral,
UgzmXu9EDsa16BFGO_Z4AaABAg.ASdfqyIwcP4AUOZRoOqXjr,netral,
UgzlFg_lAq5g_QVZudd4AaABAg,positif,
UgzlFg_lAq5g_QVZudd4AaABAg.ASRG9FB89LBASRGoU-Rmd1,netral,
UgzlFg_lAq5g_QVZudd4AaABAg.ASRG9FB89LBASRaaBch_rK,netral,
UgzlFg_lAq5g_QVZudd4AaABAg.ASRG9FB89LBAUOZFmQv0wR,netral,
UgxYptgi3DG6jdh1CQN4AaABAg,positif,
UgyR0TQ7b3db10Vpb594AaABAg,netral,
Ugzmo1AnHLnJjUL7H5h4AaABAg,netral,
Ugy6DeieEP36hnwhVsN4AaABAg,netral,
UgwZA-bpT24KBCPhmSF4AaABAg,netral,
UgzizdPAW-nsohlK5St4AaABAg,netral,
UgwBrY86GnXs9UCxtDR4AaABAg,netral,
Ugy3fwieq6_8kCBB9a14AaABAg,netral,
Ugw3eGlLgY9NgH9Wgk54AaABAg,netral,
UgxlW-ufKTojgWQPwdx4AaABAg,netral,
UgxlW-ufKTojgWQPwdx4AaABAg.ASaG2XK9qJBASoIpyOrgTt,netral,
Ugy_mci1KHNrB0QjHoZ4AaABAg,netral,
Ugy_mci1KHNrB0QjHoZ4AaABAg.ASRGCLFQPXBASRIvXT_J8g,netral,
UgyjNthqleXz7uMOpkp4AaABAg,netral,
Ugx2Kh62e26yQ_NOQ4x4AaABAg,netral,
UgzWrax190wKKgIzUIZ4AaABAg,netral,
UgxsawrlQJ9W9muWAhx4AaABAg,negatif,
Ugxg0cY9WFHOBy5GjWZ4AaABAg,netral,
Ugxg0cY9WFHOBy5GjWZ4AaABAg.ASRjIP8LWQQASRoXcly1PW,netral,
Ugy_MDrRuyeOLPWbmyp4AaABAg,netral,
Ugy8BJLJItZsFlxb_Ip4AaABAg,positif,
UgxlazlojVYl8jB_x0B4AaABAg,netral,
UgxGeg0DwcUv35aWSod4AaABAg,negatif,
UgyTLT9kqT9jvhzye9t4AaABAg,netral,
UgwS4kx4Ao1wjIG6aT54AaABAg,netral,
UgxAKLQUj0CLQAC-b9h4AaABAg,netral,
UgxAKLQUj0CLQAC-b9h4AaABAg.ASRrJPhyCtaAUO_5nHt5pw,netral,
UgxAKLQUj0CLQAC-b9h4AaABAg.ASRrJPhyCtaASTCbknEpKD,netral,
UgzGMAb_V4nekZQabtZ4AaABAg,netral,
UgwxXI4nPWzowmwp2oN4AaABAg,positif,
UgwmvvZYikLAMLMtqot4AaABAg,negatif,
UgxSXbobAJQzTeGzMQl4AaABAg,netral,
Ugy6_o6K6loe53vmTdF4AaABAg,netral,
UgzDIZCCzhuDurTe-nF4AaABAg,netral,
UgzQ42UB0y0YVPD5qxZ4AaABAg,netral,
UgxlDA0roTwj3M1LmB14AaABAg,netral,
UgwwZ_jpYjhEe7vNeXh4AaABAg,netral,
UgwwZ_jpYjhEe7vNeXh4AaABAg.ASWj9wpRDqjASaDIzfAbVy,netral,
UgxH1VU5stFY68ZPHlZ4AaABAg,negatif,
Ugya8wtmVd1Mxlfu-mh4AaABAg,netral,
UgyeqSAmy7yUbazYQGt4AaABAg,netral,
UgyeqSAmy7yUbazYQGt4AaABAg.ASU1NZo1K9aASiVL6RbaAX,positif,
UgyeqSAmy7yUbazYQGt4AaABAg.ASU1NZo1K9aASiVpFOARCK,netral,
UgyeqSAmy7yUbazYQGt4AaABAg.ASU1NZo1K9aASikPvYHjYD,positif,
UgyeqSAmy7yUbazYQGt4AaABAg.ASU1NZo1K9aAUOYpNzYrff,netral,
UgyWLcp2FVB5hdJwU2d4AaABAg,netral,
UgxWtkf81ARnLT1Ja1V4AaABAg,netral,
UgzIH5-SbNrFbvgvRjN4AaABAg,negatif,
UgzIH5-SbNrFbvgvRjN4AaABAg.ASVl179a4YfASk8ONZ30tb,netral,
UgyV5ljFvC8eMwqlvF14AaABAg,netral,
UgyP5ddIsmBwE46CdPF4AaABAg,negatif,
Ugzg-jWwiOZ4vGY_Qtd4AaABAg,netral,
Ugy52SdMirIl-nRWEgV4AaABAg,netral,
UgySoyaPVzLk5RWz3Mp4AaABAg,positif,
UgySoyaPVzLk5RWz3Mp4AaABAg.ASfk8Du6ZTEAShxZDn33gM,positif,
Ugz5C6xuebbet4H5G-Z4AaABAg,netral,
UgypaBct5bX9KfPCuuR4AaABAg,netral,
UgwtTdQCOj8dACWpNwZ4AaABAg,positif,
UgzSApcJ97KWPNbBEup4AaABAg,netral,
Ugw4xmCuDbLci4b_Q9t4AaABAg,negatif,
UgzzSLiBV5wJEfWszvJ4AaABAg,netral,
Ugzgcg4o-g4MKBpxA7Z4AaABAg,netral,
UgxAULer32xuqj-TAvB4AaABAg,netral,
UgxPTElWhk5xJzYtKa54AaABAg,netral,
Ugzbp8Fc8ZLAgQcEXPN4AaABAg,netral,
UgxwEPeixK3CLtlHJTJ4AaABAg,netral,
UgxyIeTX0dwNEZ71srt4AaABAg,negatif,
UgxHUskaDBbnJG4GKGJ4AaABAg,netral,
UgyyWJj-ldhX-lgR5RZ4AaABAg,netral,
UgwBs2gWOeikEeyUIy14AaABAg,netral,
UgyhlE5KZbqOe-rmJwZ4AaABAg,netral,
UgzaLarz3JAmQExwXUh4AaABAg,netral,
UgxpnGXQNKBOUtkdWBx4AaABAg,netral,
UgzoidpGa5d5NnF-LdV4AaABAg,netral,
Ugz4Pywe-7MdXmNMPWJ4AaABAg,netral,
UgwFNN_RSTjekpjMxs94AaABAg,netral,
UgzliADKZH3hl94aH214AaABAg,netral,
UgxhlSv3J5hs6Mktd1V4AaABAg,netral,
UgwF9nJhNuhmICKDLxZ4AaABAg,netral,
Ugy_YL-9OL5DyupKc9Z4AaABAg,netral,
Ugz0PBVCoxe88Ok3eQ14AaABAg,negatif,
UgzibhB5B2P-z6nMKGx4AaABAg,netral,
UgzibhB5B2P-z6nMKGx4AaABAg.ASYWEVpLzWHASfcmKNfeBc,netral,
UgyOQBl7L25RPb3rSYt4AaABAg,netral,
Ugws4HRzDZ3BX59Ul094AaABAg,netral,
UgxuVmag53xhYk_Ki514AaABAg,negatif,
UgyzwUBRepKseZbEvo14AaABAg,netral,
UgwuZUS3Ykg5Td_5HHh4AaABAg,negatif,
UgxhxyWYvLMRkCmHccN4AaABAg,netral,
UgzyFtoOsR1Man-Lmmx4AaABAg,netral,
UgzyFtoOsR1Man-Lmmx4AaABAg.ATZ06ml-8WhATZ0UJvaHBW,netral,
Ugz_0Lh7gljvlL0PHe94AaABAg,netral,
UgxlB7QjOPQKltLSDQp4AaABAg,netral,
UgzBVusvJJgcoriTWYd4AaABAg,positif,
UgxVst6rTWD9Mtf5Vcx4AaABAg,positif,
Ugy0oR3WffNPAMsSrjl4AaABAg,positif,
Ugzd_nHoMlKC77QxaVh4AaABAg,netral,
Ugw509y9VSN8Zy7-tQd4AaABAg,netral,
UgzSYvBghhNwnVQSvgV4AaABAg,netral,
UgzVyFsWQIz9Ra_siJB4AaABAg,netral,
UgxTDMwrp1-Di3qGhNV4AaABAg,netral,
UgwEouj0ZYFuwN7Ly9h4AaABAg,netral,
Ugx7zWszwwMAo-BoBDB4AaABAg,netral,
UgwcCguIG61JDmjLuWN4AaABAg,netral,
Ugwi5DytdbIO1axItPZ4AaABAg,netral,
UgzgRWH-iHPr5ovbyvV4AaABAg,netral,
UgycoO-98aeuzpbIn_x4AaABAg,netral,
UgzP5BA-jiLs3Ohck7R4AaABAg,netral,
Ugy1c5mZCql3S-Eldq14AaABAg,positif,
UgxE8Uj8qkGFarlDdxd4AaABAg,netral,
UgxE8Uj8qkGFarlDdxd4AaABAg.ABs6zN9-jOOAR3NGbJULfd,netral,
Ugx_6wgYJnAdddIjXMJ4AaABAg,netral,
Ugx_6wgYJnAdddIjXMJ4AaABAg.ABpueh_hNueABumcjGRxHS,netral,
Ugx_6wgYJnAdddIjXMJ4AaABAg.ABpueh_hNueABzmFIliPAv,netral,
UgxllGBDnJo9J2mcw1Z4AaABAg,netral,
UgxllGBDnJo9J2mcw1Z4AaABAg.ACB7FZuPHn3ACXbH7s5sQh,positif,
UgxllGBDnJo9J2mcw1Z4AaABAg.ACB7FZuPHn3AD-9vsUFG5F,netral,
UgxxYiGYM9fE2HanWVF4AaABAg,netral,
UgxxYiGYM9fE2HanWVF4AaABAg.AH__NWW3m3jAH__R8_hR3V,netral,
UgxxYiGYM9fE2HanWVF4AaABAg.AH__NWW3m3jAMeOjZA6_cX,netral,
UgwnX0XxBuhEriM6wZV4AaABAg,netral,
UgwnX0XxBuhEriM6wZV4AaABAg.ADn-fJ4RzN0ALGsKONKBb4,netral,
UgwnX0XxBuhEriM6wZV4AaABAg.ADn-fJ4RzN0AMeOmaqyoSy,netral,
UgzDmgL98O4gy6dOr594AaABAg,netral,
UgzDmgL98O4gy6dOr594AaABAg.ABwLzrGAZUwABwNc4TjZ0M,negatif,
UgzDmgL98O4gy6dOr594AaABAg.ABwLzrGAZUwABwS-dun3LD,netral,
UgzDmgL98O4gy6dOr594AaABAg.ABwLzrGAZUwAC3lxwo5XuF,netral,
UgxK9P5Bbl-qzhTCa_l4AaABAg,negatif,
